nosec,snoptsec,sabsc,scoteinf,scotesup
43436,1,0,74605,74800
43436,2,30,74605,
43436,3,150,74597,
43436,4,350,74608,
43436,5,500,74604,
43436,6,700,74593,
43436,7,850,74592,
43436,8,990,74607,
43436,9,1020,74624,74800
43437,1,-1115,74097,74200
43437,2,-1088,74066,74240
43437,3,-1069,74110,74250
43437,4,-1018,74071,74250
43437,5,-1006,74028,74286
43437,6,-984,74045,74318
43437,7,-956,74014,74354
43437,8,-908,74016,74403
43437,9,-842,73994,74454
43437,10,-768,74011,74495
43437,11,-735,73984,74508
43437,12,-651,73983,74530
43437,13,-588,73982,74541
43437,14,-509,73991,74542
43437,15,-470,73991,74538
43437,16,-403,73999,74525
43437,17,-336,73995,74505
43437,18,-283,73994,74477
43437,19,-232,74007,74445
43437,20,-160,73991,74384
43437,21,-86,73990,74293
43437,22,0,73986,74200
43437,23,94,74005,74200
43438,1,0,0,200
43438,2,100,10,200
43438,3,200,18,200
43438,4,300,20,200
43438,5,400,27,200
43438,6,500,22,200
43438,7,600,24,200
43438,8,650,29,200
43438,9,750,80,200
43438,10,950,80,200
43439,1,0,811,1000
43439,2,500,306,
43439,3,595,218,
43439,4,913,98,
43439,5,1031,49,
43439,6,1106,44,
43439,7,1287,92,
43439,8,1489,45,
43439,9,1767,-7,
43439,10,2022,-19,
43439,11,2252,-22,
43439,12,2507,-28,
43439,13,2731,-28,
43439,14,2977,-14,
43439,15,3164,1,
43439,16,3403,11,
43439,17,3595,215,
43439,18,3821,281,
43439,19,4200,681,1000
43440,1,0,40123,40400
43440,2,309,39949,
43440,3,473,39831,
43440,4,559,39758,
43440,5,1007,39571,
43440,6,1174,39432,
43440,7,1726,39401,
43440,8,2265,39401,
43440,9,2830,39421,
43440,10,3113,39498,
43440,11,3528,39449,
43440,12,4155,39786,
43440,13,4484,40040,40400
43441,1,0,0,100
43441,2,30,-2,
43441,3,150,-10,
43441,4,300,-9,
43441,5,450,-16,
43441,6,600,-10,
43441,7,670,-5,
43441,8,740,-2,
43441,9,770,-2,100
43442,1,0,97,500
43442,2,39,97,
43442,3,40,50,
43442,4,120,37,
43442,5,200,23,
43442,6,350,20,
43442,7,500,23,
43442,8,650,5,
43442,9,800,0,
43442,10,900,0,
43442,11,990,0,
43442,12,1000,37,
43442,13,1010,97,
43442,14,1040,97,
43442,15,1050,500,
43442,16,1150,500,
43442,17,1160,97,
43442,18,1200,97,
43442,19,1201,15,
43442,20,1350,0,
43442,21,1500,1,
43442,22,1650,0,
43442,23,1850,10,
43442,24,2050,31,
43442,25,2150,37,
43442,26,2151,97,
43442,27,2190,97,
43442,28,2200,500,500
43443,1,0,240,1000
43443,2,264,188,
43443,3,503,103,
43443,4,603,24,
43443,5,615,15,
43443,6,648,3,
43443,7,686,-2,
43443,8,736,-11,
43443,9,776,-12,
43443,10,824,-11,
43443,11,889,-10,
43443,12,1012,-13,
43443,13,1069,-11,
43443,14,1264,20,
43443,15,1300,-8,
43443,16,1458,-28,
43443,17,1549,-33,
43443,18,1607,-33,
43443,19,1633,-40,
43443,20,1669,-42,
43443,21,1700,-37,
43443,22,1740,-39,
43443,23,1790,-30,
43443,24,1822,-35,
43443,25,1830,-35,
43443,26,1881,-27,
43443,27,1936,-23,
43443,28,1952,-17,
43443,29,1982,-8,
43443,30,2028,6,
43443,31,2058,5,
43443,32,2140,12,
43443,33,2240,107,
43443,34,2814,223,1000
43444,1,0,290,290
43444,2,1000,190,290
43444,3,1600,116,290
43444,4,1600,36,290
43444,5,2330,0,290
43444,6,2330,270,290
43444,7,2480,290,290
43445,1,0,1,11
43445,2,30,1,
43445,3,100,0,
43445,4,200,-8,
43445,5,300,-8,
43445,6,400,-14,
43445,7,500,-7,
43445,8,590,0,
43445,9,640,-19,11
43446,1,0,113,500
43446,2,200,81,
43446,3,300,71,
43446,4,400,81,
43446,5,500,82,
43446,6,620,96,
43446,7,630,98,500
43447,1,0,43,900
43447,2,20,43,
43447,3,50,41,
43447,4,100,31,
43447,5,200,63,
43447,6,220,63,900
43448,1,0,147,500
43448,2,30,147,
43448,3,31,85,
43448,4,180,84,
43448,5,330,88,
43448,6,480,107,
43448,7,630,108,
43448,8,780,121,
43448,9,1010,127,
43448,10,1500,147,
43448,11,1501,167,
43448,12,1520,167,500
43449,1,0,87018,87048
43449,2,30,87018,
43449,3,100,87010,
43449,4,200,87019,
43449,5,300,86998,
43449,6,400,87002,
43449,7,550,87004,
43449,8,650,87004,
43449,9,800,87002,
43449,10,950,87008,
43449,11,1050,87003,
43449,12,1150,86996,
43449,13,1300,87005,
43449,14,1450,87029,
43449,15,1590,87037,
43449,16,1620,87048,87048
43450,1,0,151,200
43450,2,1,102,
43450,3,13,102,
43450,4,46,102,
43450,5,85,102,
43450,6,123,101,
43450,7,162,102,
43450,8,201,100,
43450,9,240,93,
43450,10,278,80,
43450,11,317,67,
43450,12,356,51,
43450,13,394,42,
43450,14,433,30,
43450,15,472,16,
43450,16,511,20,
43450,17,549,13,
43450,18,588,13,
43450,19,627,13,
43450,20,666,13,
43450,21,704,15,
43450,22,743,16,
43450,23,782,19,
43450,24,820,22,
43450,25,859,26,
43450,26,898,29,
43450,27,936,31,
43450,28,975,28,
43450,29,1013,31,
43450,30,1052,36,
43450,31,1091,44,
43450,32,1129,50,
43450,33,1168,64,
43450,34,1207,68,
43450,35,1246,66,
43450,36,1284,79,
43450,37,1323,89,
43450,38,1362,107,
43450,39,1401,112,
43450,40,1439,127,
43450,41,1478,142,
43450,42,1500,151,200
43450,43,1600,161,200
43451,1,0,37079,37261
43451,2,173,37079,
43451,3,304,37080,
43451,4,405,37063,
43451,5,527,37057,
43451,6,633,37049,
43451,7,711,37046,
43451,8,785,37051,
43451,9,937,37048,
43451,10,1024,37048,
43451,11,1123,37052,
43451,12,1213,37060,
43451,13,1312,37104,
43451,14,1351,37104,37261
43452,1,0,308,1000
43452,2,180,308,
43452,3,200,2,
43452,4,360,-17,
43452,5,510,-16,
43452,6,898,5,
43452,7,1293,16,
43452,8,1700,9,
43452,9,2135,35,
43452,10,2398,28,
43452,11,2484,105,
43452,12,2963,268,
43452,13,3512,512,1000
43453,1,0,34755,34800
43453,2,513,34447,34447
43453,3,820,34293,34569
43453,4,923,34242,34584
43453,5,1026,34191,34569
43453,6,1198,34021,34534
43453,7,1437,33961,34320
43453,8,1488,33935,34294
43453,9,1488,33935,33935
43453,10,1713,34800,34800
43453,11,1714,33833,
43453,12,1928,33828,
43453,13,2034,33494,
43453,14,2310,33285,
43453,15,2710,33377,
43453,16,3034,33384,
43453,17,3110,33399,
43453,18,3510,33348,
43453,19,3910,33397,
43453,20,4310,33388,
43453,21,4710,33394,
43453,22,5110,33429,
43453,23,5212,33359,
43453,24,5510,33329,
43453,25,5910,33291,
43453,26,6310,33571,
43453,27,6455,33575,
43453,28,6470,33690,
43453,29,6521,33700,
43453,30,6521,34800,34800
43453,31,6839,33700,33700
43453,32,6840,33700,33978
43453,33,7148,33759,34478
43453,34,7453,33897,34577
43453,35,7757,33923,34478
43453,36,7962,33949,34096
43453,37,7963,33964,33964
43453,38,8213,34000,34000
43453,39,8368,34000,34359
43453,40,8522,34036,34613
43453,41,8676,34072,34649
43453,42,8830,34108,34577
43453,43,8984,34144,34452
43453,44,9138,34180,34437
43453,45,9292,34216,34216
43453,46,9651,34293,34293
43453,47,9805,34329,34432
43453,48,9959,34365,34493
43453,49,10113,34401,34529
43453,50,10267,34437,34488
43453,51,10421,34473,34473
43453,52,11248,34717,34717
43453,53,11249,34717,34800
43453,54,11250,34705,
43453,55,12232,34716,
43453,56,13184,34704,
43453,57,14170,34689,
43453,58,15038,34696,
43453,59,15983,34704,
43453,60,16934,34696,
43453,61,17062,34692,
43453,62,17068,34705,
43453,63,17563,34702,
43453,64,18102,34708,34800
43454,1,0,40989,41000
43454,2,1726,40955,
43454,3,3464,40930,
43454,4,5208,40905,
43454,5,6925,40877,
43454,6,8653,40867,
43454,7,10404,40854,
43454,8,12105,40843,
43454,9,13832,40835,
43454,10,15482,40850,
43454,11,17179,40866,
43454,12,19030,40884,
43454,13,20722,40888,
43454,14,22427,40894,
43454,15,22693,40304,
43454,16,24328,40297,
43454,17,25153,40297,
43454,18,28234,40237,
42832,1,0,22892,23000
42832,2,87,22905,
42832,3,221,22868,
42832,4,478,22751,
42832,5,941,22479,
42832,6,1262,22379,
42832,7,1568,22221,
42832,8,2000,22080,
42832,9,2642,22098,
42832,10,2999,21939,
42832,11,3000,21890,
42832,12,3040,21854,
42832,13,3120,21788,
42832,14,3620,21775,
42832,15,4120,21740,
42832,16,4357,21741,
42832,17,4620,21673,
42832,18,5120,21484,
42832,19,5620,21611,
42832,20,5938,21748,
42832,21,6120,21702,
42832,22,6620,21747,
42832,58,30891,22421,
42832,59,32610,22342,
42832,60,34369,22282,
42832,61,36088,22256,
42832,62,37793,22232,
42832,63,39442,22215,
42832,64,41143,22217,
42832,65,42863,22215,
42832,66,44526,22214,
42832,67,46265,22212,
42832,68,47991,22207,
42832,69,49714,22204,
42832,70,51459,22206,
42832,71,53215,22204,
42832,120,140573,22717,
42832,121,142413,22758,
42832,122,144279,22813,
42832,123,146026,22849,23000
42832,23,7120,21741,
42832,24,7620,21840,
42832,25,8023,21794,
42832,26,8120,21815,
42832,27,8620,21815,
42832,28,9120,21810,
42832,29,9620,21820,
42832,30,9902,21879,
42832,31,10120,21850,
42832,32,10620,21835,
42832,33,11120,21849,
42832,34,11620,21855,
42832,35,12120,21858,
42832,36,12361,21896,
42832,37,12620,21897,
42832,38,14292,21953,
42832,39,16784,21910,
42832,40,16830,21877,
42832,41,17086,21842,
42832,42,17230,21788,
42832,43,17730,21743,
42832,44,17794,21749,
42832,45,18230,21745,
42832,46,18447,21819,
42832,47,18562,21875,
42832,48,19139,22317,
42832,49,19499,22443,
42832,50,20212,22892,
42832,51,20371,22897,
42832,52,20621,22890,
42832,53,22108,22835,
42832,54,23799,22759,
42832,55,25494,22678,
42832,56,27480,22587,
42832,57,29176,22506,
42832,72,54999,22208,
42832,73,56747,22225,
42832,74,58515,22221,
42832,75,60181,22207,
42832,76,61925,22192,
42832,77,63698,22201,
42832,78,65722,22198,
42832,79,67389,22197,
42832,80,69112,22190,
42832,81,70890,22199,
42832,82,70892,22200,
42832,83,72680,22192,
42832,84,74352,22194,
42832,85,76112,22190,
42832,86,77964,22192,
42832,87,79626,22204,
42832,88,81445,22205,
42832,89,83241,22210,
42832,90,84899,22194,
42832,91,88472,22179,
42832,92,90309,22173,
42832,93,92030,22173,
42832,94,93714,22173,
42832,95,95484,22171,
43454,19,29045,39976,
43454,20,29244,39921,
43454,21,29465,39874,
43454,22,29768,39841,
43454,23,30023,39834,
43454,24,30254,39839,
43454,25,30470,39848,
42832,96,97286,22175,
42832,97,99093,22192,
42832,98,100858,22216,
42832,99,102633,22328,
42832,100,104403,22354,
42832,101,106160,22366,
42832,102,107977,22391,
42832,103,109773,22418,
42832,104,111544,22445,
42832,105,113363,22462,
42832,106,115212,22483,
42832,107,116994,22482,
42832,108,118796,22494,
42832,109,120597,22496,
42832,110,122360,22522,
42832,111,124168,22529,
42832,112,125969,22531,
42832,113,127790,22529,
42833,1,0,406,500
42833,2,100,406,
42833,3,200,206,
42833,4,220,131,
42833,5,480,131,
42833,6,530,117,
42833,7,580,85,
42833,8,635,54,
42833,9,688,39,
42833,10,740,7,
42833,11,793,-6,
42833,12,845,-7,
42833,13,897,-7,
42833,14,950,0,
42833,15,1002,8,
42833,16,1054,22,
42833,17,1107,29,
42833,18,1160,50,
42833,19,1212,87,
42833,20,1264,107,
42833,21,1317,123,
42833,22,1369,126,
42833,23,1420,132,
42833,24,1474,131,
42833,25,1526,133,
42833,26,1579,132,
42833,27,1631,134,
42833,28,1684,131,
42833,29,1736,131,
42833,30,1788,131,
42833,31,1890,131,
42833,32,1910,231,
42833,33,2050,231,
42833,34,2250,231,
42833,35,2260,331,
42833,36,2500,331,500
42834,1,0,250,500
42834,2,1000,260,500
42834,3,1180,0,500
42834,4,1250,-36,500
42834,5,1350,-39,500
42834,6,1450,-46,500
42834,7,1550,-50,500
42834,8,1650,-43,500
42834,9,1750,-62,500
42834,10,1850,-52,500
42834,11,1950,-51,500
42834,12,2050,-53,500
42834,13,2150,-48,500
42834,14,2250,-50,500
42834,15,2350,-51,500
42834,16,2450,-42,500
42834,17,2550,-15,500
42834,18,2600,120,500
42834,19,5000,160,500
42834,20,10000,100,500
42834,21,12000,260,500
42834,22,14500,320,500
42834,23,15000,280,500
42834,24,17000,340,500
42835,1,-200,150,500
42835,2,-100,100,
42835,3,0,0,
42835,4,236,-27,
42835,5,336,-99,
42835,6,463,-191,
42835,7,590,-277,
42835,8,720,-321,
42835,9,840,-357,
42835,10,970,-381,
42835,11,1100,-389,
42835,12,1225,-397,
42835,13,1350,-396,
42835,14,1480,-390,
42835,15,1600,-363,
42835,16,1732,-337,
42835,17,1860,-306,
42835,18,1990,-291,
42835,19,2110,-268,
42835,20,2240,-275,
42835,21,2370,-300,
42835,22,2490,-337,
42835,23,2620,-363,
42835,24,2749,-379,
42835,25,2875,-381,
42835,26,3000,-378,
42835,27,3130,-380,
42835,28,3256,-388,
42835,29,3380,-396,
42835,30,3510,-407,
42835,31,3640,-413,
42835,32,3760,-410,
42835,33,3890,-389,
42835,34,4017,-357,
42835,35,4118,-96,
42835,36,4200,0,
42835,37,4300,130,
42835,38,4400,170,500
35169,1,0,18502,18600
35169,2,459,18217,
35169,3,1392,17774,
35169,4,2055,17679,
35169,5,2256,17558,
35169,6,2933,17404,
35169,7,3089,17405,
35169,8,3216,17386,
35169,9,3589,17361,
35169,10,4089,17326,
35169,11,4589,17321,
35169,12,4907,17313,
35169,13,5089,17334,
35169,14,5589,17330,
35169,15,6089,17223,
35169,16,6211,17254,
35169,17,6589,17249,
35169,18,7089,17251,
35169,19,7589,17273,
35169,20,8081,17298,
35169,21,8089,17296,
35169,22,8589,17276,
35169,23,9089,17281,
35169,24,9589,17279,
35169,25,9622,17232,
35169,26,10089,17260,
35169,27,11089,17185,
35169,28,11589,17225,
35169,29,12089,17176,
35169,30,12589,17241,
35169,31,13089,17243,
35169,101,124032,17830,
35169,102,127023,17834,
35169,103,130031,17840,
35169,98,115036,17819,
35169,99,117996,17820,
35169,100,120993,17821,
35169,104,133174,17855,
35169,105,136128,17865,
35169,106,139050,17872,
35169,107,141911,17851,
35169,108,144775,17855,
35169,109,147644,17809,
35169,110,150670,17795,
35169,111,153650,17818,
35169,112,156637,17777,
35169,113,159570,17773,
35169,114,162402,17793,
35169,115,165415,17792,
35169,116,168577,17770,
35169,117,171373,17779,
35169,118,174494,17825,
35169,119,177239,17773,
35169,120,180008,17756,
35169,121,182654,17795,
35169,122,185402,17795,
35169,123,187883,17821,
35169,124,190534,17803,
35169,69,35480,18223,
35169,70,37313,18174,
35169,71,39112,18119,
35169,72,40993,18068,
35169,73,42813,18024,
35169,74,44522,17992,
35169,75,46300,17961,
35169,76,49143,17920,
35169,77,51907,17893,
35169,78,54720,17861,
35169,79,57648,17845,
35169,80,60579,17838,
35169,81,63524,17833,
35169,82,66493,17831,
35169,83,69495,17827,
35169,84,72355,17829,
35169,85,75296,17822,
35169,86,78283,17821,
35169,87,81357,17818,
35169,88,84380,17805,
35169,89,87482,17806,
35169,90,90526,17807,
35169,91,93631,17801,
35169,92,96722,17795,
35169,93,99791,17793,
35169,94,102956,17799,
35169,95,105914,17803,
35169,96,108947,17804,
35117,1,0,1000,1200
35117,2,10,950,
35117,3,200,920,
35117,4,500,920,
35117,5,800,920,
35118,39,9000,6936,7018
35118,40,9170,6930,
35118,41,9350,6938,
35118,42,9600,6940,
35169,97,111994,17811,
35169,52,22634,17400,
35169,53,23039,17492,
35169,54,23336,17634,
35169,55,23376,17648,
35169,56,24340,17660,
35169,57,25306,17682,
35169,58,26081,17690,
35169,59,26306,17700,
35169,60,27391,17709,
35169,61,28739,17721,
35169,62,28770,17728,
35179,1,0,14207,14250
35179,2,900,14207,
35179,3,2900,14196,
35179,4,4900,14174,
35179,5,6900,14175,
35179,6,8900,14169,
35179,7,10900,14175,
35179,8,12900,14175,
35179,9,13900,14157,
35179,10,14300,14154,
35179,11,14800,14154,
35179,12,15000,14159,
35179,13,15200,14165,
35179,14,15400,14177,
35179,15,15600,14176,
35179,16,15601,14059,
35179,17,15650,14059,
35179,18,15651,13982,
35179,19,15723,13982,
35179,20,15823,13950,
35179,21,15923,13952,
35179,22,16023,13954,
35179,23,16123,13972,
35179,24,16223,13982,
35179,25,16323,13982,
35179,26,16373,13994,
35179,27,16374,14084,
35179,28,16433,14084,
35179,29,16443,14000,
35179,30,16523,14012,
35179,31,16623,14028,
35179,32,16723,14029,
35179,33,16823,14043,
35179,34,16923,14054,
35179,35,16943,14064,
35179,36,16993,14072,
35179,37,17064,14099,
35179,38,17065,14199,
35179,39,17334,14174,
35179,40,19334,14158,
35179,41,21334,14158,
35179,42,23334,14158,
35179,43,25334,14158,
35179,44,27334,14158,
35179,45,29334,14158,14250
35180,1,14300,14154,14250
35180,2,14800,14154,
35181,1,0,16649,16750
35181,2,18,,16800
35181,14,700,16626,
35181,15,722,,17000
35181,16,800,16643,
35181,17,865,,16900
35181,18,900,16679,
35181,19,922,,16800
35181,20,930,16679,16750
35181,5,200,16614,
35117,6,1200,936,
35117,7,1440,950,
35117,8,1450,1200,
35117,9,1500,1200,
35117,10,1510,950,
35118,43,9900,6949,
35169,63,29335,17914,
35169,64,29610,18015,
35169,65,29885,18069,
35169,66,30459,18371,
35169,32,13589,17257,
35169,33,14089,17280,
35169,34,14589,17333,
35169,35,14678,17301,
35169,36,15089,17290,
35169,37,15214,17398,
35169,38,15589,17292,
35169,39,16089,17377,
35169,40,16589,17424,
35169,41,17089,17425,
35169,42,17286,17623,
35169,43,18102,17610,
35169,44,18908,17616,
35169,45,19016,17638,
35169,46,19891,17613,
35169,47,20789,17577,
35169,48,21474,17567,
35169,49,21901,17503,
35169,50,22154,17400,
35169,51,22396,17376,
35169,125,193093,17797,
35169,126,195655,17801,
35169,127,198095,17796,
35169,128,200598,17791,
35169,129,203071,17791,
35169,130,203870,17806,
35169,131,204149,17769,
35169,132,204317,17803,
35169,133,206880,17791,
35169,134,209287,17791,
35169,135,211588,17809,
35169,136,211778,17806,
35169,137,211828,17831,
35169,138,211999,17787,
35169,139,212001,17787,
35169,140,212067,17750,
35169,141,212144,17772,
35169,142,212263,17812,
35169,143,212459,17820,
35169,144,212807,18070,
35169,145,213252,18101,
35169,146,213257,17944,18600
35169,67,31869,18322,
35169,68,33578,18277,
35170,10,4089,17326,
35170,11,4589,17321,
35170,12,4907,17313,
35170,13,5089,17334,
35170,14,5589,17330,
35170,15,6089,17223,
35170,16,6211,17254,
35170,17,6589,17249,
35170,18,7089,17251,
35170,19,7589,17273,
35170,20,8081,17298,
35170,21,8089,17296,
35170,22,8589,17276,
35170,23,9089,17281,
35170,24,9589,17279,
35170,25,9622,17232,
35170,26,10089,17260,
35170,27,11089,17185,
35170,28,11589,17225,
35170,29,12089,17176,
35170,30,12589,17241,
35170,31,13089,17243,
35170,1,0,18502,18750
35170,2,459,18217,
35114,1,60,15431,15600
35114,2,260,15459,15600
35114,3,460,15461,15600
35114,4,660,15457,15600
35114,5,860,15442,15600
35114,6,1060,15269,15600
35114,7,1260,15154,15600
35114,8,1460,15127,15600
35114,9,1660,15108,15600
35114,10,1860,15094,15600
35114,11,2060,15081,15600
35114,12,2260,15066,15600
35114,13,2460,15050,15600
35114,14,2660,15034,15600
35114,15,2860,15016,15600
35114,16,3060,14991,15600
35114,17,3260,14966,15600
35114,18,3460,14935,15600
35114,19,3660,14896,15600
35114,20,3860,14871,15600
35114,21,4060,14862,15600
35114,22,4260,14868,15600
35114,23,4460,14882,15600
35114,24,4660,14891,15600
35114,25,4860,14901,15600
35114,26,5060,14906,15600
35114,27,5260,14885,15600
35118,44,10200,6945,
35118,45,10450,6956,
35118,46,10650,6947,
35118,47,10800,6953,7018
35118,1,800,6989,7018
35118,2,850,6989,
35118,3,1000,6933,
35118,4,1200,6932,
35118,5,1400,6942,
35118,6,1700,6943,
35118,7,2000,6941,
35118,8,2200,6924,
35118,9,2400,6924,
35118,10,2750,6954,7018
35118,11,2750,7018,7018
35118,12,2751,7018,7018
35118,13,2751,6954,7018
35118,14,3000,6958,
35118,15,3200,6933,
35118,16,3500,6933,
35118,17,3800,6933,
35118,18,4100,6938,
35118,19,4400,6949,
35118,20,4700,6939,
35118,21,5000,6932,
35118,22,5200,6922,
35118,23,5400,6918,
35118,24,5750,6956,7018
35118,25,5750,7018,7018
35118,26,5751,7018,7018
35118,27,5751,6956,7018
35118,28,5950,6955,
35118,29,6200,6927,
35118,30,6500,6927,
35118,31,6800,6927,
35118,32,7100,6930,
35118,33,7400,6933,
35118,34,7700,6926,
35118,35,8000,6943,
35118,36,8400,6966,7018
35118,37,8400,7018,7018
35118,38,9000,7018,7018
35120,1,0,-152,-48
35120,2,250,-169,
35120,3,550,-354,
35120,4,850,-367,
35120,5,1150,-381,
35120,6,1450,-390,
35120,7,1750,-396,
35120,8,2050,-389,
35120,9,2350,-371,
35114,28,5460,14840,15600
35114,29,5660,14819,15600
35114,30,5860,14828,15600
35114,31,6060,14793,15600
35114,32,6260,14786,15600
35114,33,6460,14816,15600
35114,34,6660,14878,15600
35114,35,6860,14874,15600
35114,36,7060,14822,15600
35114,37,7260,14812,15600
35114,38,7460,14795,15600
35114,39,7660,14810,15600
35114,40,7860,14804,15600
35189,9,690,993,
35189,10,715,993,1100
35189,1,0,1018,1100
35189,2,30,1018,
35189,3,100,1006,
35189,4,200,993,
35189,5,300,991,
35189,6,410,993,
35189,7,510,992,
35189,8,610,986,
35190,1,0,1018,1038
35191,5,540,5023,
35191,6,660,5023,
35191,1,200,5025,5080
35191,2,230,5023,
35191,3,300,5023,
35191,4,420,5022,
35191,7,780,5023,
35191,8,900,5024,
35191,9,980,5025,
35191,10,1005,5026,5080
35192,1,260,5012,5080
35192,2,300,5011,
35192,3,400,5014,
35192,4,520,5015,
35192,5,640,5017,
35192,6,760,5014,
35192,7,880,5008,
35192,8,1000,5011,
35192,9,1060,5013,
35192,10,1100,5024,5080
35193,1,220,5025,5049
35193,2,220,5025,
35193,3,320,5024,
35195,1,0,8457,8500
35195,2,3000,8355,
35195,3,5900,8282,
35195,4,8900,8220,
35195,5,10300,8205,
35195,6,11900,8196,
35195,7,14200,8199,
35195,8,15800,8203,
35195,9,18500,8239,8500
35195,10,18500,8124,8182
35195,11,18800,8124,8182
35195,12,18800,8239,8500
35195,13,21100,8288,8500
35195,14,21100,8037,8221
35195,15,21130,8037,
35195,16,21230,8036,
35195,17,21300,8026,
35195,18,21410,8020,
35195,19,21470,8018,
35195,20,21580,8027,
35195,21,21640,8031,
35195,22,21710,8037,
35195,23,21730,8037,8221
35195,24,21730,8288,8500
35195,25,21900,8262,
35195,26,23100,8255,8500
35195,27,23100,8091,8221
35195,28,23340,8091,8221
35195,29,23340,8255,8500
35195,30,25800,8238,
35195,31,26800,8249,
35116,1,0,423,1500
35116,2,500,432,
35116,3,1751,437,
35116,4,3002,430,
35116,5,3723,415,
35116,6,3943,416,
35116,7,5975,428,
35116,8,6245,408,
35116,9,6514,330,
35116,10,7590,251,
35116,11,8397,243,
35116,12,8935,281,
35116,13,9743,394,
35116,14,10012,431,
35170,3,1392,17774,
35170,4,2055,17679,
35170,5,2256,17558,
35170,6,2933,17404,
35170,7,3089,17405,
35170,8,3216,17386,
35170,9,3589,17361,
35170,32,13589,17257,
35170,33,14089,17280,
35170,34,14589,17333,
35170,35,14678,17301,
35170,36,15089,17290,
35170,37,15214,17398,
35170,38,15589,17292,
35170,39,16089,17377,
35170,40,16589,17424,
35170,41,17089,17425,
35170,42,17286,17623,
35170,43,18102,17610,
35170,44,18908,17616,
35170,45,19016,17638,
35170,46,19891,17613,
35170,47,20789,17577,
35188,1,70,1028,1052
35188,2,100,1022,
35188,3,200,1006,
35188,4,340,998,
35188,5,460,1010,
35188,6,570,1015,
35188,7,680,1024,
35188,8,770,1030,
35190,2,30,1018,
35190,3,100,1006,
35190,4,200,993,
35190,5,300,991,
35190,6,410,993,
35190,7,510,992,
35190,8,610,986,
35202,1,40000,19316,19676
35202,2,40100,19320,
35202,3,40170,19305,
35202,4,40270,19282,
35202,5,40360,19260,
35202,6,40420,19247,
35202,7,40520,19269,
35202,8,40630,19286,
35202,9,40760,19319,
35202,10,40890,19398,
35202,11,41000,19406,19676
35203,1,12460,19461,19511
35203,2,12490,19461,19561
35203,3,12530,19461,19591
35203,4,12580,19461,19601
35203,5,12640,19461,19591
35203,6,12670,19461,19561
35203,7,12700,19461,19511
35204,1,7000,19768,19800
35204,2,9000,19711,
35204,3,12000,19681,
35204,4,12460,19680,19800
35204,5,12460,19461,19511
35204,6,12490,19461,19561
35204,7,12530,19461,19591
35221,1,-1000,7600,8000
35096,1,-2000,8180,8306
35096,2,-100,8174,
35096,3,0,8164,
35096,4,100,8084,
35096,5,300,8011,
35096,6,400,8010,
35096,7,500,8007,
35096,8,580,8007,
35096,9,700,8004,
35096,10,750,8004,
35096,11,820,8007,
35096,12,1180,8012,
35096,13,1340,8000,
35096,14,1600,7979,
35096,15,1770,7973,
35096,16,1840,7975,
35096,17,2000,7978,
35096,18,2120,7985,
35096,19,2380,7990,
35096,20,2500,7995,
35096,21,2530,7995,
35098,11,28000,5839,
35098,12,28500,5881,
35098,13,28800,5884,
35098,14,29500,5834,
35098,15,30000,5770,
35098,16,30500,5778,
35098,17,31000,5775,
35098,18,31500,5754,
35098,19,32000,5737,
35098,20,32500,5749,
35098,21,33000,5735,
35098,22,33500,5753,
35098,23,34000,5765,
35098,24,34500,5785,
35098,25,35000,5784,
35098,26,35500,5823,
35098,27,36000,5807,
35098,28,36500,5814,
35098,29,37000,5873,
35098,30,37500,5852,
35098,31,38000,5829,
35098,32,38500,5717,
35098,33,39000,5680,
35098,34,39500,5679,
35098,35,40000,5717,
35098,36,40500,5722,
35098,37,41000,5725,
35098,38,41500,5738,
35098,39,42000,5738,
35098,40,42500,5778,
35098,41,42900,5905,5925
35098,1,23200,5875,5925
35098,2,23500,5823,
35098,3,24000,5798,
35098,4,24500,5817,
35098,5,25000,5853,
35098,6,25500,5826,
35098,7,26000,5822,
35098,8,26500,5811,
35098,9,27000,5782,
35098,10,27500,5818,
35099,28,36500,5814,
35099,29,37000,5873,
35099,30,37500,5852,
35099,31,38000,5829,
35099,32,38500,5717,
35099,33,39000,5680,
35099,34,39500,5679,
35099,35,40000,5717,
35099,36,40500,5722,
35099,37,41000,5725,
35099,38,41500,5738,
35099,39,42000,5738,
35099,40,42500,5778,
35099,41,42900,5905,5925
35099,1,23200,5875,5925
35099,2,23500,5823,
35099,3,24000,5798,
35099,4,24500,5817,
35099,5,25000,5853,
35099,6,25500,5826,
35099,7,26000,5822,
35099,8,26500,5811,
35099,9,27000,5782,
35099,10,27500,5818,
35099,11,28000,5839,
35099,12,28500,5881,
35099,13,28800,5884,
35099,14,29500,5834,
35099,15,30000,5770,
35099,16,30500,5778,
35099,17,31000,5775,
35099,18,31500,5754,
35099,19,32000,5737,
35099,20,32500,5749,
35099,21,33000,5735,
35099,22,33500,5753,
35099,23,34000,5765,
35099,24,34500,5785,
35099,25,35000,5784,
35099,26,35500,5823,
35099,27,36000,5807,
35100,42,41500,5741,
35100,43,42000,5736,
35100,44,42450,5768,
35100,45,42800,5890,5900
35100,1,23100,5850,5900
35100,2,23450,5824,
35100,3,23800,5803,
35100,4,24000,5799,
35100,5,24500,5814,
35100,6,25000,5840,
35100,7,25500,5825,
43558,1,13980,100,500
43558,2,14000,-60,
35100,8,26000,5824,
35100,9,26500,5820,
35100,10,27000,5781,
35100,11,27700,5827,
35100,12,28100,5840,
35100,13,28600,5880,5900
35100,14,28600,5900,5900
35100,15,29400,5900,5900
35100,16,29400,5890,5900
35100,17,29800,5786,
35100,18,30100,5739,
35100,19,30500,5781,
35100,20,31000,5769,
35100,21,31500,5744,
35100,22,32000,5730,
35100,23,32500,5743,
35100,24,33000,5734,
35100,25,33500,5754,
35100,26,34000,5760,
35100,27,34500,5782,
35100,28,35000,5786,
35100,29,35500,5808,
35100,30,36000,5805,
35100,31,36400,5803,
35100,32,36700,5839,
35100,33,37250,5864,
35100,34,37700,5852,
35100,35,38000,5825,
35100,36,38500,5712,
35100,37,39000,5677,
35100,38,39500,5675,
35100,39,40000,5719,
35100,40,40500,5724,
35100,41,41000,5725,
35101,37,39000,5684,
35101,38,39500,5681,
35101,39,40000,5722,
35101,40,40500,5727,
35101,41,41000,5729,
35101,42,41500,5744,
35101,43,42000,5739,
35101,44,42450,5764,
35096,22,2680,7994,
35096,23,2770,7995,
35096,24,2871,8000,
35096,25,3000,8006,
35096,26,3200,8133,
35096,27,3450,8211,
35096,28,3950,8211,
35096,29,4950,8306,8306
35097,1,-20000,8230,8300
35097,2,-300,8180,
35097,3,-70,8166,
35097,4,0,8023,
35097,5,166,8016,
35097,6,320,8018,
35097,7,490,8009,
35097,8,816,8009,
35097,9,891,8012,
35097,10,1071,8035,
35097,11,1251,8012,
35097,12,1750,7992,
35097,13,1950,7994,
35097,14,2232,8015,
35101,45,42800,5890,5900
35101,1,23100,5850,5900
35101,2,23450,5827,
35101,3,23800,5808,
35101,4,24000,5801,
35101,5,24500,5813,
35101,6,25000,5836,
35101,7,25500,5822,
35101,8,26000,5824,
35101,9,26500,5823,
35101,10,27000,5783,
35101,11,27700,5829,
35101,12,28100,5839,
35101,13,28600,5880,5900
35101,14,28600,5900,5900
35101,15,29400,5900,5900
35101,16,29400,5890,5900
35107,1,-1000,4167,4500
35107,2,-300,4167,
35107,3,-200,4267,
35107,4,0,4267,
35107,5,1500,3683,
35107,6,9500,3683,
35107,7,13500,3544,
35107,8,16000,3562,
35107,9,21000,3827,
35107,10,32000,3901,
35107,11,45000,3780,
35107,12,46000,3606,
35107,13,46500,3285,
35107,14,47000,3280,
35107,15,47500,3280,
35107,16,48100,3290,
35107,17,48700,3285,
35107,18,49100,3295,
35107,19,49500,3305,
35107,20,50200,3295,
35107,21,51300,3315,
35107,22,51800,3325,
35107,23,53900,3365,
35107,24,57300,3365,
35107,25,59500,3355,
35107,26,61500,3285,
35107,27,62800,3185,
35107,28,64500,3123,
35107,29,65800,3145,
35107,30,66000,3165,
35107,31,67100,3183,
35107,32,68000,3168,
35107,33,68700,3176,
35112,1,250,7944,8000
35112,2,300,7942,
35112,3,400,7946,
35112,4,500,7947,
35112,5,600,7947,
35112,6,700,7946,
35097,15,2667,8016,
35097,16,2793,8032,
35101,17,29800,5782,
35101,18,30100,5747,
35101,19,30500,5782,
35101,20,31000,5773,
35101,21,31500,5748,
35101,22,32000,5736,
35101,23,32500,5738,
35101,24,33000,5737,
35101,25,33500,5756,
35101,26,34000,5764,
35101,27,34500,5784,
35101,28,35000,5782,
35101,29,35500,5810,
35101,30,36000,5806,
35101,31,36400,5806,
35101,32,36700,5833,
35101,33,37250,5853,
35101,34,37700,5846,
35101,35,38000,5824,
35101,36,38500,5712,
35102,21,24940,5776,
35102,22,25127,5782,
35102,23,25295,5789,
35102,24,25567,5775,
35102,25,25964,5769,
35102,26,27055,5738,
35102,27,27265,5741,
35102,28,27683,5754,
35102,29,28060,5744,
35102,30,28190,5745,
35102,31,28682,5751,
35102,32,28993,5745,
35102,33,29336,5729,
35102,34,29513,5729,
35102,35,29610,5724,
35102,36,29904,5735,
35102,37,30015,5750,
35102,38,30296,5793,
35102,39,30636,5792,
35102,40,30742,5785,
35102,41,31053,5786,
35102,42,31234,5799,
35102,43,31626,5750,
35102,44,31923,5735,
35102,45,32162,5728,
35102,46,32290,5729,
35102,47,32730,5715,
35102,48,32847,5717,
35102,49,33010,5730,
35107,34,69800,3211,
35107,35,71000,3205,
43558,3,14300,-166,
43558,4,14303,-166,
43558,5,14305,-166,
43558,6,14309,-166,
35107,36,72200,3183,
35107,37,72900,3188,
35107,38,74900,3229,
35097,17,2810,8047,
35097,18,2960,8166,
35097,19,3300,8216,
35097,20,8000,8270,8300
35102,50,33208,5740,
35102,51,33463,5721,
35102,52,33636,5723,
35102,53,33777,5745,
35102,54,33942,5748,
35102,55,34263,5734,
35102,56,34380,5741,
35102,57,34528,5723,
35102,58,34849,5711,
35102,59,35168,5712,
35102,60,35389,5706,
35102,61,35497,5709,
35102,62,35632,5740,
35102,63,35767,5790,
35102,64,35831,5800,
35102,65,36114,5796,
35102,66,36290,5759,
35102,67,36501,5742,
35102,68,36707,5738,
35102,69,37025,5716,
35102,70,37248,5709,
35102,71,37820,5703,6800
35102,72,38309,5686,
35102,73,38430,5689,
35102,74,39234,5694,
35102,75,39578,5707,
35102,76,39911,5716,
35102,77,40256,5748,
35102,78,40386,5747,
35102,79,40620,5741,
35102,80,40812,5743,
35102,81,41602,5734,6800
35102,82,42074,5736,
35102,83,42432,5730,
35102,84,42600,5773,
35102,85,42660,5847,
35102,86,42800,5911,
35102,87,43200,5919,
35102,88,43400,6029,
35102,89,43900,6529,6800
35102,1,2100,6529,6800
35102,2,2101,6260,6800
35102,3,4000,6260,
35102,4,6200,6260,
35102,5,7300,6131,
35102,6,13000,6085,
35102,7,15700,6129,
35102,8,17000,6103,
35102,9,18000,6033,
35102,10,20700,6012,
35102,11,21600,5910,
35102,12,22900,5888,
35102,13,23600,5843,
35102,14,24100,5831,
35102,15,24148,5829,
35102,16,24187,5843,
35102,17,24228,5822,
35102,18,24341,5828,
35102,19,24516,5793,
35102,20,24612,5783,
35107,39,75600,3275,
35107,40,76200,3285,
35107,41,76900,3606,
35107,42,77500,3729,
35107,43,80500,3781,
35107,44,82000,3805,
35107,45,83000,4214,
35107,46,84000,4214,
35107,47,84500,4114,4500
35112,7,800,7950,
35112,8,900,7950,
35112,9,1000,7953,
35112,10,1100,7954,
35112,11,1190,7954,
35112,12,1230,7950,8000
35114,41,8060,14818,15600
35114,42,8260,14810,15600
35114,43,8460,14819,15600
35114,44,8660,14844,15600
35114,45,8860,14834,15600
35114,46,9060,14833,15600
35114,47,9260,14802,15600
35114,48,9460,14823,15600
35114,49,9660,14777,15600
35114,50,9860,14807,15600
35114,51,10060,14838,15600
35114,52,10260,14887,15600
35114,53,10460,14983,15600
35114,54,10660,15086,15600
35114,55,10860,15123,15600
35114,56,11060,15244,15600
35114,57,11260,15375,15600
35114,58,11460,15375,15600
35114,59,11660,15476,15600
35114,60,11860,15493,15600
35114,61,12060,15489,15600
35114,62,12260,15460,15600
35114,63,12460,15386,15600
35114,64,12660,15312,15600
35114,65,12860,15247,15600
35114,66,13060,15238,15600
35114,67,13260,15229,15600
35114,68,13460,15221,15600
35114,69,13660,15212,15600
35115,4,4000,10010,
35115,5,6000,10080,
35115,6,12000,10070,
35115,7,13000,10040,
35115,8,15000,10040,
35115,9,16000,10065,
35115,10,23000,10065,
35115,11,26000,10061,
35115,12,27900,10064,
35115,13,44600,10075,
35115,14,49600,10098,
35115,15,54600,10067,
35115,16,56300,10191,10500
35115,17,56300,10134,10134
35115,18,56510,9892,
35115,19,57260,9892,
35115,20,57270,9872,
35115,21,57370,9873,
35115,22,57380,9892,
35115,23,58100,9892,
35115,24,58110,9873,
35115,25,58210,9873,
35115,26,58220,9892,
35115,27,58980,9893,
35115,28,58990,9873,
35115,29,59090,9872,
35115,30,59100,9893,
35115,31,59920,9894,
35115,32,59930,9875,
35115,33,60030,9873,
35115,34,60040,9895,
35115,35,60680,9895,
35115,36,60900,10134,10134
35115,37,60900,10197,10500
35115,38,61700,10150,
35115,39,62800,10150,
35115,40,64000,10124,
35115,41,69000,10084,
35115,42,77000,10079,
35115,43,87000,10070,
35115,44,95000,10085,
35115,45,150000,10090,
35115,46,160000,10100,
35115,47,170000,10200,
35115,48,171000,10200,10500
35115,1,0,10485,10500
35115,2,2000,10080,
35115,3,3000,9960,
35116,15,10281,461,
35116,16,10819,505,
35116,17,11088,627,
35116,18,11626,641,
35116,19,14048,626,
35116,20,14317,580,
35116,21,14855,648,
35116,22,15124,814,
35116,23,15662,970,
35116,24,16200,916,
35116,25,16469,773,
35116,26,17008,544,
35116,27,17277,477,
35116,28,18622,436,
35116,29,18891,415,
35116,30,19429,429,
35116,31,19698,393,
35116,32,20494,370,
35116,33,20673,329,
35116,34,20860,302,
35116,35,21205,169,
35116,36,21353,173,
35116,37,21379,155,
35116,38,21408,175,
35116,39,21831,169,
35116,40,22353,146,
35116,41,22730,232,
35116,42,23022,365,
35116,43,23196,397,
35116,44,24003,440,
35116,45,25887,407,
35116,46,26156,409,
35116,47,26425,413,
35116,48,26694,407,
35116,49,26963,412,
35116,50,29866,396,
35116,51,30130,402,
35116,52,30657,410,
35116,53,30921,459,
35116,54,31449,412,
35116,55,33032,400,
35116,56,33824,410,
35116,57,34879,407,
35116,58,35143,420,
35116,59,35671,498,
35116,60,36198,478,
35116,61,36462,491,
35116,62,37518,400,
35116,63,38045,416,
35116,64,39365,417,
35116,65,39629,400,
35116,66,39892,406,
35116,67,40156,395,
35116,68,41212,377,
35116,69,41476,391,
35116,70,42795,361,
35116,71,44378,389,
35116,72,44642,357,
35116,73,45434,354,
35116,74,46225,415,
35116,75,47281,389,
35116,76,47544,341,
35116,77,47808,321,
35116,78,49128,479,
35116,79,49655,404,
35116,80,51239,391,
35116,81,53086,368,
35116,82,53349,370,
35116,83,56252,388,
35116,84,56780,392,
35116,85,59154,378,
35116,86,61265,395,
35116,87,61529,405,
35116,88,63640,389,
35116,89,66542,411,
35116,90,67334,407,
35116,91,67598,408,
35116,92,71028,421,
35116,93,71556,399,
35116,94,77625,418,
35116,95,80791,458,
35116,96,81055,452,
35116,97,83693,492,
35116,98,83957,535,1500
35117,11,1700,926,
35117,12,2000,938,
35117,13,2400,930,
35117,14,2800,924,
35117,15,3010,950,
35117,16,3020,1200,
35117,17,3060,1200,
35117,18,3070,950,
35117,19,3240,915,
35117,20,3540,890,
35117,21,3840,878,
35117,22,4240,910,
35117,23,4490,920,
35117,24,4500,1000,1200
35119,44,10200,-71,
35119,45,10450,-58,
35119,46,10650,-70,
35119,47,10800,-65,0
35119,1,800,-29,0
35119,2,850,-31,
35119,3,1000,-86,
35119,4,1200,-87,
35119,5,1400,-78,
35119,6,1700,-76,
35119,7,2000,-81,
35119,8,2200,-94,
35119,9,2400,-97,
35119,10,2750,-64,0
35119,11,2750,0,0
35119,12,2751,0,0
35119,13,2751,-64,0
35119,14,3000,-56,
35119,15,3200,-84,
35119,16,3500,-84,
35119,17,3800,-86,
35119,18,4100,-78,
35119,19,4400,-65,
35119,20,4700,-75,
35119,21,5000,-79,
35119,22,5200,-93,
35119,23,5400,-98,
35119,24,5750,-62,0
35119,25,5750,0,0
35119,26,5751,0,0
35119,27,5751,-62,0
35119,28,5950,-60,
35119,29,6200,-91,
35119,30,6500,-88,
35119,31,6800,-90,
35119,32,7100,-90,
35119,33,7400,-75,
35119,34,7700,-76,
35119,35,8000,-71,
35119,36,8400,-52,0
35119,37,8400,0,0
35119,38,9000,0,0
35119,39,9000,-82,0
35119,40,9170,-88,
35119,41,9350,-75,
35119,42,9600,-72,
35119,43,9900,-68,
35120,10,2650,-365,
35120,11,3090,-385,
35120,12,3190,-270,
35120,13,3440,-133,
35120,14,3660,-126,
35120,15,3810,-126,-48
35170,48,21474,17567,
35170,49,21901,17503,
35170,50,22154,17400,
35170,51,22396,17376,
35170,52,22634,17400,
35170,53,23039,17492,
35170,54,23336,17634,
35170,55,23376,17648,
35170,56,24340,17660,
35170,57,25306,17682,
35170,58,26081,17690,
35170,59,26306,17700,
35170,60,27391,17709,
35170,61,28739,17721,
35170,62,28770,17728,
35170,63,29335,17914,
35170,64,29610,18015,
35170,65,29885,18069,
35170,66,30459,18371,
35170,67,31869,18322,
35170,68,33578,18277,
35170,69,35480,18223,
35170,70,37313,18174,
35170,71,39112,18119,
35170,72,40993,18068,
35170,73,42813,18024,
35170,74,44522,17992,
35170,75,46300,17961,
35170,76,49143,17920,
35170,77,51907,17893,
35170,78,54720,17861,
35170,79,57648,17845,
35170,80,60579,17838,
35170,81,63524,17833,
35170,82,66493,17831,
35170,83,69495,17827,
35170,84,72355,17829,
35170,85,75296,17822,
35170,86,78283,17821,
35170,87,81357,17818,
35170,88,84380,17805,
35170,89,87482,17806,
35170,90,90526,17807,
35170,91,93631,17801,
35170,92,96722,17795,
35170,93,99791,17793,
35170,94,102956,17799,
35170,95,105914,17803,
35170,96,108947,17804,
35170,97,111994,17811,
35170,98,115036,17819,
35170,99,117996,17820,
35170,100,120993,17821,
35170,101,124032,17830,
35170,102,127023,17834,
35170,103,130031,17840,
35170,104,133174,17855,
35170,105,136128,17865,
35170,106,139050,17872,
35170,107,141911,17851,
35170,108,144775,17855,
35170,109,147644,17809,
35170,110,150670,17795,
35170,111,153650,17818,
35170,112,156637,17777,
35170,113,159570,17773,
35170,114,162402,17793,
35170,115,165415,17792,
35170,116,168577,17770,
35170,117,171373,17779,
35170,118,174494,17825,
35170,119,177239,17773,
35170,120,180008,17756,
35170,121,182654,17795,
35170,122,185402,17795,
35170,123,187883,17821,
35170,124,190534,17803,
35170,125,193093,17797,
35170,126,195655,17801,
35170,127,198095,17796,
35170,128,200598,17791,
35170,129,203071,17791,
35170,130,203870,17806,
35170,131,204149,17769,
35170,132,204317,17803,
35170,133,206880,17791,
35170,134,209287,17791,
35170,135,211588,17809,
35170,136,211778,17806,
35170,137,211828,17831,
35170,138,211999,17787,
35170,139,212001,17787,
35170,140,212067,17750,
35170,141,212144,17772,
35170,142,212263,17812,
35170,143,212459,17820,
35170,144,212807,18070,
35170,145,213252,18101,
35170,146,213257,17944,18750
35174,1,250,-116,-116
35174,2,350,-137,
35174,3,550,-143,
35174,4,760,-145,
35174,5,960,-153,
35174,6,1120,-165,
35174,7,1360,-163,
35174,8,1560,-169,
35174,9,1760,-168,
35174,10,1960,-176,
35174,11,2160,-173,
35174,12,2360,-189,
35174,13,2560,-191,
35174,14,2760,-183,
35174,15,2960,-180,
35174,16,3160,-177,
35174,17,3360,-175,
35174,18,3560,-173,
35174,19,3760,-178,
35174,20,3960,-173,
35174,21,4160,-162,
35174,22,4360,-151,
35174,23,4520,-136,-116
35175,1,3100,-464,500
35175,2,4000,-599,
35175,3,4900,-620,
35175,4,5400,-570,
35175,5,6000,-291,
35175,6,6500,-298,
35175,7,7500,-322,
35175,8,8000,-289,
35175,9,8300,-283,
35175,10,8850,-287,
35175,11,9300,-298,
35175,12,10000,-269,
35175,13,11000,-280,
35175,14,11200,-296,
35175,15,11800,-269,
35175,16,12500,-286,
35175,17,13500,-302,
35175,18,14100,-343,
35175,19,14700,-313,
35175,20,15100,-266,
35175,21,16000,-323,
35175,22,16500,-493,
35175,23,16900,-668,
35175,24,17700,-704,
35175,25,18500,-625,
35175,26,19300,-616,
35175,27,19800,-748,
35175,28,20600,-758,
35175,29,21500,-728,
35175,30,22200,-804,
35175,31,22700,-873,
35175,32,23500,-905,
35175,33,24200,-784,
35175,34,25000,-525,
35175,35,25500,-121,500
35180,3,15000,14159,
35180,4,15200,14165,
35180,5,15400,14177,
35180,6,15600,14176,
35180,7,15601,14059,
35180,8,15650,14059,
35180,9,15651,13982,
35180,10,15723,13982,
35180,11,15823,13950,
35180,12,15923,13952,
35180,13,16023,13954,
35180,14,16123,13972,
35180,15,16223,13982,
35180,16,16323,13982,
35180,17,16373,13984,
35180,18,16374,14084,
35180,19,16433,14084,
35180,20,16443,14000,
35180,21,16523,14012,
35180,22,16623,14028,
35180,23,16723,14029,
35180,24,16823,14043,
35180,25,16923,14054,
35180,26,16943,14064,
35180,27,16993,14072,
35180,28,17064,14099,
35180,29,17065,14199,
35180,30,17334,14174,14250
35181,6,208,,17000
35181,7,300,16585,
35181,8,400,16586,
35181,9,405,,17050
35181,10,465,,17050
35181,11,500,16587,
35181,12,520,,17050
35181,13,600,16594,
35181,3,65,,16900
35181,4,100,16649,
35182,1,65,24,34
35182,2,80,24,
35182,3,130,24,
35182,4,200,26,
35182,5,280,26,
35182,6,360,26,
35182,7,440,24,
35182,8,490,22,
35182,9,525,24,
35182,10,545,24,34
35183,1,20,1041,1100
35183,2,60,1041,
35183,3,120,1013,
35183,4,220,1014,
35183,5,320,1009,
35183,6,420,1018,
35183,7,480,1027,
35183,8,520,1027,1100
35184,1,50,1036,1100
35184,2,90,1036,
35184,3,155,1019,
35184,4,260,1020,
35184,5,365,1028,
35184,6,440,1033,
35184,7,470,1033,1100
35185,1,240,1015,1100
35185,2,280,1015,
35185,3,365,1004,
35185,4,490,1007,
35185,5,615,1010,
35185,6,695,1020,
35185,7,740,1020,1100
35186,1,40,1037,1100
35186,2,65,1037,
35186,3,160,1014,
35186,4,270,1017,
35186,5,380,1024,
35186,6,460,1032,
35186,7,500,1032,1100
35188,9,800,1032,1052
35190,9,690,993,
35190,10,715,993,1038
35193,4,440,5024,
35193,5,560,5024,
35193,6,680,5024,
35193,7,800,5025,
35193,8,920,5025,
35193,9,980,5026,
35193,10,1010,5026,5049
35194,1,210,5026,5042
35194,2,240,5025,
35194,3,340,5024,
35194,4,450,5024,
35194,5,570,5024,
35194,6,690,5024,
35194,7,810,5024,
35194,8,900,5024,
35194,9,980,5025,
35194,10,1010,5026,5042
35195,32,28600,8249,8500
35195,33,28600,8091,8160
35195,34,28830,8091,8160
35195,35,28830,8249,8500
35195,36,29600,8249,
35195,37,31600,8292,
35195,38,33600,8450,8500
35196,1,0,8457,8500
35196,2,3000,8355,
35196,3,5900,8282,
35196,4,8900,8220,
35196,5,10300,8205,
35196,6,11900,8196,
35196,7,14200,8199,
35196,8,15800,8203,
35196,9,18500,8239,8500
35196,10,18500,8124,8182
35196,11,18800,8124,8182
35196,12,18800,8239,8500
35196,13,21100,8288,8500
35196,14,21100,8037,8221
35196,15,21130,8037,
35196,16,21230,8036,
35196,17,21300,8026,
35196,18,21410,8020,
35196,19,21470,8018,
35196,20,21580,8027,
35196,21,21640,8031,
35196,22,21710,8037,
35196,23,21730,8037,8221
35196,24,21730,8288,8500
35196,25,22000,8190,
35196,26,23300,8175,
35196,27,24200,8159,
35196,28,24700,8133,
35196,29,25600,8170,
35196,30,26000,8139,
35196,31,26800,8195,
35196,32,27400,8206,
35196,33,28500,8291,
35196,34,29000,8304,
35196,35,30500,8304,
35196,36,32500,8450,8500
35199,13,545,8479,
35199,14,595,8495,
35199,1,0,8582,8700
35199,2,100,8572,
35199,3,105,8477,
35199,4,115,8477,
35199,5,135,8478,
35199,6,155,8478,
35199,7,195,8478,
35199,8,255,8477,
35199,9,305,8475,
35199,10,355,8469,
35199,11,415,8476,
35199,12,485,8478,
35199,15,635,8502,
35199,16,665,8505,
35199,17,675,8507,
35199,18,680,8547,
35199,19,780,8557,8700
35201,1,20,190,200
35201,2,80,60,
35201,3,170,60,
35201,4,270,62,
35201,5,370,57,
35201,6,470,62,
35201,7,570,62,
35201,8,670,56,
35201,9,770,64,
35201,10,840,190,200
35204,8,12580,19461,19601
35204,9,12640,19461,19591
35204,10,12670,19461,19561
35204,11,12700,19461,19511
35204,12,12700,19680,19800
35204,13,15000,19658,
35204,14,17000,19651,
35204,15,19000,19650,
35204,16,22000,19654,
35204,17,25000,19663,
35204,18,28000,19675,
35204,19,31000,19684,
35204,20,34000,19700,
35204,21,37000,19769,
35204,22,40000,19792,19800
35204,23,40000,19316,19676
35204,24,40100,19320,
35204,25,40170,19305,
35204,26,40270,19282,
35204,27,40360,19260,
35204,28,40420,19247,
35204,29,40520,19269,
35204,30,40630,19286,
35204,31,40760,19319,
35204,32,40890,19398,
35204,33,41000,19406,19676
35205,19,45000,19918,19959
35205,1,2000,19959,19959
35205,2,5000,19847,
35205,3,7000,19768,
35205,4,9000,19711,
35205,5,12000,19681,
35205,6,12580,19680,
35205,7,15000,19658,
35205,8,17000,19651,
35205,9,19000,19650,
35205,10,22000,19654,
35205,11,25000,19663,
35205,12,28000,19675,
35205,13,31000,19684,
35205,14,34000,19700,
35205,15,37000,19769,
35205,16,40000,19792,
35205,17,41000,19818,
35205,18,42000,19832,
35220,1,1000,10175,10400
35220,2,1100,10038,
35220,3,1250,10007,
35220,4,1400,9982,
35220,5,1550,9984,
35220,6,1700,9969,
35220,7,1850,9979,
35220,8,2000,9982,
35220,9,2150,9974,
35220,10,2300,9987,
35220,11,2450,9971,
35220,12,2600,9973,
35220,13,2750,9982,
35220,14,2900,9988,
35220,15,3050,9986,
35220,16,3200,9981,
35220,17,3350,9984,
35220,18,3500,10004,
35220,19,3650,10025,
35220,20,3800,10175,
35220,21,4000,10175,10400
35221,2,0,7600,
35221,3,1400,7405,
35221,4,2400,7365,
35221,5,12400,7365,
35221,6,12900,7565,
35221,7,13400,7565,
35221,8,13900,7365,
35221,9,19200,7365,
35221,10,20200,7265,
35221,11,35200,7265,
35221,12,36670,7285,
35221,13,36680,7256,
35221,14,36850,6999,
35221,15,36930,6935,
42260,1,0,8491,8491
42260,2,20,8458,
42260,3,40,8452,
42260,4,80,8448,
42260,5,140,8442,
42260,6,230,8442,
42260,7,320,8442,
42260,8,420,8439,
42260,9,470,8436,
42260,10,520,8440,
42260,11,540,8442,
42260,12,570,8446,
42261,1,0,8488,8488
42261,2,20,8453,
42261,3,60,8448,
42261,4,110,8448,
42261,5,180,8447,
42261,6,260,8441,
42261,7,350,8438,
42261,8,420,8440,
42261,9,480,8438,
42261,10,510,8442,
42261,11,535,8446,
35221,16,37100,6895,
35221,17,37150,6890,
35221,18,37400,6890,
35221,19,37750,6946,
35221,20,37900,6980,
35221,21,38200,7028,
35221,22,38600,7079,
35221,23,38850,7097,
35221,24,39200,7142,
35221,25,39405,7149,
35221,26,39600,7169,
35221,27,40000,7256,
35221,28,40300,7289,
35221,29,43300,7258,
35221,30,50300,7281,
35221,31,56300,7250,
35221,32,64300,7250,
35221,33,66800,7350,
35221,34,68800,7450,
35221,35,70000,7600,
35221,36,71000,7600,8000
35234,1,1100,-15,600
35234,2,1180,-66,
35234,3,1480,-58,
35234,4,1730,-36,
35234,5,2030,-30,
35234,6,2330,-31,
35234,7,2630,-32,
35234,8,2930,-41,
35234,9,3230,-46,
35234,10,3530,-50,
35234,11,3830,-57,
35234,12,3990,-49,
35234,13,4150,-48,
35234,14,4280,-15,600
35235,1,0,13721,13800
35235,2,7000,13599,
35235,3,8000,13556,
35235,4,9900,13559,
35235,5,10700,13525,
35235,6,12700,13530,
35235,7,13700,13478,
35235,8,14140,13532,
35235,9,14840,13518,
35235,10,15640,13409,
35235,11,15920,13370,
35235,12,16100,13366,
35235,13,16380,13385,
35235,14,16840,13386,
35235,15,17240,13377,
35235,16,17600,13379,
35235,17,17780,13393,
35235,18,17830,13428,
35235,19,18100,13482,
35235,20,19600,13539,
35235,21,22100,13518,
35235,22,24000,13499,
35235,23,28200,13539,
35235,24,28500,13560,
35235,25,30000,13560,
35235,26,32500,13591,
35235,27,35000,13641,
35235,28,37000,13691,13800
35236,1,0,10900,11000
35236,2,1000,10900,
35236,3,3500,10800,
35236,4,7000,10738,
35236,5,44000,10738,
35236,6,53000,10678,
35236,7,56000,10664,
35236,8,56200,10579,
35236,9,56300,10526,
35236,10,56400,10505,
35236,11,56640,10494,
35236,12,56740,10477,
35236,13,56860,10467,
35236,14,57340,10468,
35236,15,57580,10473,
35236,16,57880,10470,
35236,17,58400,10466,
35236,18,58580,10465,
35236,19,58630,10469,
35236,20,58770,10479,
35236,21,58820,10490,
35236,22,58920,10590,
35236,23,59300,10859,
35236,24,59500,10859,
35236,25,59600,10924,
35236,26,59700,10924,
35236,27,59800,10859,
35236,28,60500,10859,11000
38149,1,0,224,224
38149,2,80,212,
38149,3,120,163,
38149,4,170,130,
38149,5,180,88,
38149,6,230,62,
38149,7,250,40,
38149,8,290,10,
38149,9,390,0,
38149,10,500,0,
38149,11,600,1,
38149,12,700,2,
38149,13,800,3,
38149,14,900,8,
38149,15,1000,8,
38149,16,1050,16,
38149,17,1100,48,
38149,18,1150,148,
38149,19,1250,214,
38149,20,1350,224,224
38149,21,1400,187,
38149,22,2500,174,
38149,23,5800,164,
38149,24,7500,187,224
38293,1,0,254,300
38293,2,150,124,
38293,3,270,27,
42260,13,575,8491,8491
42261,12,545,8488,8488
38293,4,310,-28,
38293,5,314,-28,
38293,6,336,-28,
38293,7,358,-29,
38293,8,380,-31,
38293,9,402,-31,
38293,10,425,-30,
38293,11,447,-30,
38293,12,469,-29,
38293,13,491,-28,
38293,14,513,-27,
38293,15,535,-26,
38293,16,557,-24,
38293,17,579,-20,
38293,18,601,-16,
38293,19,624,-14,
38293,20,646,-13,
38293,21,668,-15,
38293,22,690,-19,
38293,23,712,-20,
38293,24,734,-21,
38293,25,756,-23,
38293,26,778,-29,
43454,26,30698,39859,
43454,27,30902,39874,
38293,27,800,-35,
38293,28,823,-39,
38293,29,845,-41,
38293,30,867,-39,
38293,31,889,-39,
38293,32,911,-27,
38293,33,932,-27,
38293,34,952,22,
38293,35,1050,44,
38293,36,1150,104,
38293,37,1250,264,300
39712,1,0,20,80
39712,2,100,10,160
39712,3,200,10,260
39712,4,300,0,310
39712,5,400,0,310
39712,6,500,10,260
39712,7,600,10,160
39712,8,700,20,80
39713,1,-310,125,700
39713,2,70,124,
39713,3,220,-88,
39713,4,280,-93,
39713,5,370,-82,
39713,6,520,-80,
39713,7,670,-79,
39713,8,870,-70,
39713,9,1270,-47,
39713,10,1340,-42,
39713,11,1530,-57,
39713,12,1670,-73,
39713,13,1770,-76,
39713,14,1930,-69,
39713,15,2050,-48,
39713,16,2270,-1,
39713,17,2470,63,
39713,18,2670,88,
39713,19,2920,77,
39713,20,2970,114,700
39758,1,0,248,350
39758,2,130,252,
39758,3,370,5,
39758,4,470,8,
39758,5,570,6,
39758,6,670,15,
39758,7,770,32,
39758,8,910,61,
39758,9,980,148,
39758,10,1070,178,
39758,11,1300,193,
39758,12,1640,312,350
39759,1,0,267,350
39759,2,130,258,
39759,3,380,15,
39759,4,440,5,
39759,5,565,5,
39759,6,685,17,
39759,7,735,25,
39759,8,810,35,
39759,9,885,56,
39759,10,965,70,
39759,11,1090,177,
39759,12,1350,196,
39759,13,1540,290,
39759,14,1667,313,350
39760,1,-70,319,500
39760,2,0,307,
39760,3,55,273,
39760,4,145,237,
39760,5,225,212,
39760,6,345,88,
39760,7,470,63,
39760,8,695,33,
39760,9,770,31,
39760,10,860,19,
39760,11,965,19,
39760,12,1135,30,
39760,13,1205,54,
39760,14,1295,103,
39760,15,1385,216,
39760,16,1475,275,
39760,17,1655,324,500
43558,7,14313,-166,
43558,8,14317,-166,
43558,9,14349,-166,
43558,10,14367,-165,
43558,11,14390,-165,
43558,12,14419,-163,
43558,13,14449,-162,
43558,14,14485,-162,
43558,15,14521,-161,
43558,16,14562,-161,
43558,17,14602,-163,
43558,18,14646,-163,
43558,19,14684,-164,
43558,20,14729,-164,
43558,21,14768,-166,
43558,22,14810,-165,
43558,23,14850,-165,
43558,24,14892,-167,
43558,25,14931,-168,
43558,26,14973,-170,
43558,27,15010,-172,
43558,28,15050,-175,
43558,29,15089,-181,
43558,30,15132,-187,
43558,31,15177,-191,
43558,32,15226,-196,
43558,33,15272,-200,
43558,34,15322,-205,
43558,35,15373,-209,
43558,36,15449,-214,
43558,37,15510,-221,
43558,38,15568,-227,
43558,39,15631,-232,
43558,40,15692,-239,
43558,41,15759,-242,
43558,42,15823,-244,
43558,43,15895,-244,
43558,44,15963,-247,
43558,45,16034,-253,
43558,46,16100,-262,
43558,47,16179,-273,
43558,48,16258,-285,
43558,49,16334,-293,
43558,50,16405,-316,
43558,51,16479,-315,
43558,52,16549,-317,
43558,53,16629,-302,
43558,54,16688,-297,
43558,55,16747,-289,
43558,56,16815,-274,
43558,57,16881,-264,
43558,58,16950,-257,
43558,59,17008,-254,
43558,60,17066,-253,
43558,61,17125,-252,
43558,62,17183,-251,
43558,63,17242,-251,
43558,64,17299,-249,
43558,65,17359,-249,
43558,66,17415,-247,
43558,67,17474,-247,
43558,68,17530,-247,
43558,69,17592,-247,
43558,70,17653,-246,
43558,71,17719,-246,
43558,72,17773,-245,
43558,73,17840,-244,
43558,74,17890,-244,
43558,75,17934,-245,
43558,76,17981,-244,
43558,77,18008,-245,
43558,78,18052,-245,
43558,79,18093,-246,
43558,80,18138,-247,
43558,81,18181,-248,
43558,82,18231,-248,
43558,83,18279,-249,
43558,84,18330,-249,
42978,1,-1000,100,500
42978,2,-300,0,
42978,3,0,-50,
42978,4,60,-50,
42978,5,115,-60,
42978,6,140,-80,
42978,7,175,-90,
42978,8,200,-100,
42978,9,250,-70,
42978,10,270,-90,
42978,11,300,-100,
42978,12,360,-120,
42978,13,410,-130,
42978,14,450,-150,
42978,15,480,-200,
42978,16,550,-215,
42978,17,570,-250,
42978,18,600,-260,
42978,19,660,-290,
42978,20,670,-300,
42978,21,700,-320,
42978,22,715,-330,
42978,23,750,-340,
42978,24,780,-350,
42978,25,1120,-350,
42978,26,1200,-340,
42978,27,1310,-340,
42978,28,1360,-330,
42978,29,1400,-320,
42978,30,1420,-310,
42978,31,1445,-300,
42978,32,1460,-290,
42978,33,1530,-255,
42978,34,1580,-200,
42978,35,1610,-190,
42978,36,1635,-160,
42978,37,1680,-128,
42978,38,1720,-110,
42978,39,1750,-115,
42978,40,1790,-110,
42978,41,1875,-100,
42978,42,1915,-80,500
42978,43,1940,-60,500
42978,44,2050,50,500
42978,45,2200,50,500
42686,1,0,0,190
42686,2,400,0,
42686,3,401,10,
42686,4,600,10,190
42832,114,129566,22551,
42832,115,131416,22571,
42832,116,133250,22575,
42832,117,134923,22607,
42832,118,136861,22631,
42832,119,138711,22681,
42829,1,40,8384,8457
42829,2,43,8384,
42829,3,46,8385,
42829,4,47,8384,
42829,5,48,8386,
42829,6,52,8384,
42829,7,58,8383,
42829,8,64,8382,
42829,9,67,8381,
42829,10,75,8381,
42829,11,81,8378,
42829,12,90,8379,
42829,13,99,8377,
42829,14,105,8376,
42829,15,113,8376,
42829,16,127,8375,
42829,17,141,8375,
42829,18,156,8375,
42829,19,166,8376,
42829,20,169,8375,
42829,21,175,8376,
42829,22,184,8375,
42829,23,192,8375,
42829,24,195,8375,
42829,25,197,8375,
42829,26,205,8376,
42829,27,227,8377,
42829,28,240,8376,
42829,29,251,8378,
42829,30,257,8380,
42829,31,263,8378,
42829,32,272,8377,
42829,33,278,8377,
42829,34,289,8377,
42829,35,310,8378,
42829,36,323,8378,
42829,37,338,8378,
42829,38,353,8377,
42829,39,371,8379,
42829,40,396,8378,
42829,41,416,8379,
42829,42,430,8379,
42829,43,444,8378,
42829,44,457,8380,
42829,45,473,8381,
42829,46,490,8383,
42829,47,503,8384,
42829,48,520,8384,
42829,49,534,8385,
42829,50,545,8385,
42829,51,562,8386,
42829,52,585,8386,
42829,53,604,8386,
42829,54,619,8389,
42829,55,634,8389,
42829,56,644,8392,
42829,57,653,8392,
42829,58,663,8393,
42829,59,668,8394,
42829,60,671,8394,
42829,61,678,8395,
42829,62,683,8396,
42829,63,686,8397,
43455,1,0,26578,27200
43455,2,602,26633,
43558,85,18378,-249,
43558,86,18430,-251,
43558,87,18478,-251,
43558,88,18527,-251,
43558,89,18573,-252,
43558,90,18619,-251,
43558,91,18677,-250,
43558,92,18723,-250,
43558,93,18766,-247,
43558,94,18813,-246,
43558,95,18857,-245,
43558,96,18905,-242,
43558,97,18957,-239,
43558,98,19003,-238,
43558,99,19047,-235,
43558,100,19095,-232,
43558,101,19141,-229,
43558,102,19189,-225,
43558,103,19236,-222,
43558,104,19285,-219,
43558,105,19333,-217,
43558,106,19384,-217,
43558,107,19434,-217,
43558,108,19488,-218,
43558,109,19540,-221,
43558,110,19594,-222,
43558,111,19647,-226,
43558,112,19702,-229,
43558,113,19755,-234,
43558,114,19822,-238,
43558,115,19882,-243,
43558,116,19937,-246,
43558,117,19999,-250,
43558,118,20054,-255,
43558,119,20114,-257,
43558,120,20149,-260,
43558,121,20203,-262,
43558,122,20255,-263,
43558,123,20312,-264,
43558,124,20362,-262,
43558,125,20414,-266,
43558,126,20462,-264,
43558,127,20506,-263,
43558,128,20547,-262,
43558,129,20587,-259,
43558,130,20628,-258,
43558,131,20667,-254,
43558,132,20703,-252,
43558,133,20736,-248,
43558,134,20771,-246,
43558,135,20807,-242,
43558,136,20845,-235,
42829,64,688,8397,
42829,65,691,8398,
42829,66,695,8399,
42829,67,700,8400,8457
43454,28,31086,39889,
43454,29,31298,39908,
43454,30,31541,39923,
43454,31,31764,39928,
43454,32,32018,39931,
43454,33,32262,39932,
43454,34,32500,39926,
43454,35,32742,39914,
43454,36,32939,39904,
43454,37,33195,39890,
43454,38,33462,39871,
43454,39,33606,39817,
43454,40,33734,39852,
43454,41,33934,39906,
43454,42,34134,39866,
43454,43,34334,39868,
43454,44,34534,39921,
43454,45,34670,39931,
43454,46,35850,40416,
43454,47,36576,40915,41000
43455,3,2334,26605,
43455,4,2882,26553,
43455,5,5488,26541,
43455,6,8133,26549,
43455,7,11348,26578,
43455,8,13403,26557,
43455,9,15945,26563,
43455,10,18566,26537,
43455,11,21028,26544,
43455,12,23591,26532,
43455,13,26300,26552,
43455,14,28027,26539,
43455,15,29880,26551,
43455,16,31554,26557,
43455,17,33300,26552,
43455,18,35118,26573,
43455,19,36955,26574,
43455,20,38826,26570,
43455,21,40668,26563,
43455,22,42420,26552,
43455,23,44308,26555,
43455,24,46360,26561,
43455,25,48215,26555,
43455,26,50087,26549,
43455,27,51959,26547,
43455,28,53919,26539,
43455,29,55872,26535,
43455,30,57743,26532,
43455,31,59694,26533,
43455,32,61558,26538,
43455,33,63454,26535,
43455,34,65348,26538,
43455,35,67219,26543,
43455,36,70858,26564,
43455,37,72799,26594,
43455,38,74704,26644,
43455,39,76506,26688,
43455,40,78378,26760,
43455,41,80243,26840,
43455,42,81979,26915,
43455,43,82821,26953,
43455,44,83719,26990,
43455,45,85458,27057,
43455,46,87130,27119,
43455,47,87443,27137,
43455,48,88281,26500,
43455,49,88538,26468,
43455,50,89167,26433,
43455,51,89507,26369,
43455,52,90097,26112,
43455,53,90406,26091,
43455,54,90567,26020,
43455,55,90806,26026,
43455,56,91206,26005,
43455,57,91606,26120,
43455,58,91805,26372,
43455,59,91934,26382,
43455,60,91934,27200,27200
43456,47,30222,26099,
43456,48,31988,26104,
43456,49,33688,26106,
43456,50,35484,26109,
43456,51,37231,26109,
43456,52,38911,26111,
43456,53,40590,26110,
43456,54,42286,26105,
43456,55,43962,26102,
43456,56,45668,26097,
43456,57,47414,26098,
43456,58,49000,26104,
43456,59,50733,26105,
43456,60,52437,26105,
43457,1,0,-9,500
43457,2,45,-15,
43457,3,275,-20,
43457,4,450,-25,
43460,1,0,64,250
43460,2,300,66,
43460,3,500,36,
43461,1,0,76,195
43461,2,50,76,221
43461,3,100,76,240
43463,1,-475,290,500
43463,2,-235,175,
43464,1,0,64874,64900
43464,2,616,64843,
43464,3,938,64773,
43464,4,1237,64796,
43464,5,1681,64657,
43464,6,2072,64561,
43467,1,0,320,451
43467,2,800,320,451
43467,3,957,292,451
43467,4,1204,139,451
43467,5,1205,20,451
43467,6,1304,12,451
43467,7,1404,0,451
43467,8,1429,-19,451
43467,9,1504,-27,451
43467,10,1579,-26,451
43467,11,1624,4,451
43467,12,1644,-28,451
43467,13,1744,-6,451
43467,14,1844,10,451
43467,15,1924,16,451
43467,16,2024,28,451
43467,17,2244,176,451
43467,18,2544,239,451
43467,19,2904,257,451
43467,20,3444,294,451
43467,21,3515,341,451
43468,1,0,42620,42700
43468,2,371,42251,
43468,3,499,42314,
43468,4,799,42327,
43468,5,1098,42333,
43468,6,1392,42304,
43468,7,1630,42151,
43468,8,1653,42029,
43468,9,1764,42011,
43468,10,1871,41984,
43468,11,2010,41978,
43468,12,2140,42006,
43468,13,2277,42021,
43468,14,2328,42028,
43468,15,2423,42030,
43468,16,2466,42038,
43468,17,2612,42158,
43468,18,2774,42206,
43468,19,2830,42221,
43468,20,3353,42266,
43469,1,-510,1000,1000
43469,2,-500,228,
43469,3,0,128,
43469,4,300,61,
43469,5,800,32,
43474,1,-350,780,1000
43474,2,-200,674,
43474,3,-100,566,
43474,4,0,447,
43474,5,150,344,
43474,6,300,208,
43474,7,500,82,
43474,8,650,-8,
43474,9,800,-38,
43474,10,900,-110,
43474,11,1100,-156,
43474,12,1150,-180,
43474,13,1250,-200,
43474,14,1350,-217,
43474,15,1550,-204,
43474,16,1950,-196,
43474,17,2000,-186,
43474,18,2550,-190,
43474,19,3000,-198,
43474,20,3500,-216,
43474,21,4000,-231,
43474,22,4500,-244,
43474,23,5000,-256,
43474,24,5200,-260,
43474,25,5500,-258,
43474,26,6000,-252,
43474,27,6500,-238,
43474,28,7000,-236,
43474,29,7500,-217,
43474,30,7700,-206,
43474,31,8000,-178,
43474,32,8200,-168,
43474,33,8350,-154,
43474,34,8600,-132,
43476,1,0,400,500
43476,2,100,200,
43476,3,150,240,
43476,4,950,240,
43476,5,1000,0,
43476,6,2500,0,
43476,7,2600,240,
43476,8,8500,240,
43476,9,8600,310,
43476,10,15500,310,
43476,11,15600,400,
43476,12,16000,400,500
43477,1,0,58778,59000
43477,2,2,58508,
43480,1,0,0,0
43480,2,50,-5,185
43480,3,100,-25,265
43480,4,150,-50,320
43480,5,200,-70,370
43480,6,250,-100,410
43480,7,300,-115,432
43480,8,350,-115,455
43480,9,400,-115,470
43480,10,450,-115,475
43482,1,1150,60410,61000
43482,2,1400,59920,
43482,3,1700,59877,
43482,4,2500,59925,61000
43482,5,2500,61000,61000
43482,6,3200,61000,61000
43482,7,3200,59922,61000
43482,8,4200,59922,
43482,9,4700,59937,
43482,10,5200,60010,
43482,11,5550,60041,
43482,12,5800,60041,61000
43482,13,5800,61000,61000
43482,14,6700,61000,
43482,15,6700,59872,61000
43482,16,6800,59822,61000
43482,17,7200,59874,61000
43482,18,7600,59982,61000
43482,19,7800,59982,61000
43482,20,7800,61000,61000
43482,21,9000,61000,61000
43482,22,9000,59982,61000
43482,23,9150,60366,61000
43482,24,9300,60366,61000
43482,25,9300,60710,60710
43482,26,9600,60710,60710
43482,27,9600,60560,61000
43482,28,10000,60560,
43482,29,10600,60562,
43482,30,11300,60562,61000
43483,1,0,134,134
43486,1,1870,92251,92251
43486,2,1943,92234,92598
43486,3,2071,92313,92815
43486,4,2134,92257,92880
43486,5,2371,92293,93090
43486,6,2671,92304,93231
43486,7,2725,92299,93251
43486,8,2971,92301,93288
43486,9,3271,92307,93286
43486,10,3571,92294,93212
43486,11,3620,92277,93186
43486,12,3871,92314,93041
43486,13,3927,92245,92990
43486,14,4104,92359,92809
43486,15,4277,92479,92479
43487,1,-100,625,800
43487,2,350,325,
43487,3,500,220,
43487,4,750,171,
43487,5,1000,131,
43487,6,1250,98,
43487,7,1420,34,
43487,8,1550,-9,
43487,9,1750,-22,
43487,10,1950,-27,
43487,11,2150,-26,
43487,12,2350,-28,
43487,13,2550,-10,
43487,14,2750,-7,
43487,15,2910,13,
43487,16,2980,31,
43487,17,3090,21,
43487,18,3150,40,
43487,19,3300,112,
43487,20,3500,147,
43487,21,3650,186,
43487,22,3850,252,
43487,23,4050,286,
43488,1,0,92507,92800
43488,2,1137,92446,
43488,3,1611,92357,
43488,4,1611,91990,
43488,5,1705,91998,
43488,6,1887,92007,
43488,7,1994,92001,
43488,8,2138,91993,
43488,9,2165,91995,
43488,10,2272,92008,
43488,11,2405,92006,
43488,12,2488,92021,
43488,13,2636,92059,
43488,14,2636,92354,92800
43488,15,2799,92354,92800
43488,16,2799,92090,
43488,17,2875,92109,
43488,18,3042,92123,
43488,19,3350,92101,
43488,20,3586,92091,
43488,21,3605,92110,
43488,22,3605,92357,
43488,23,4024,92408,
43488,24,4562,92378,
43488,25,4884,92363,
43488,26,5395,92363,
43488,27,6079,92363,
43488,28,6560,92368,
43488,29,7016,92349,
43492,1,-690,889,1000
43492,2,-680,639,
43492,3,-180,572,
43492,4,-50,492,
43492,5,0,-73,
43492,6,30,-66,
43492,7,90,-103,
43492,8,220,-148,
43492,9,350,-162,
43492,10,520,-169,
43492,11,710,-120,
43492,12,1050,-99,
43492,13,1160,-104,
43492,14,1430,-108,
43492,15,1650,-142,
43492,16,1920,-169,
43492,17,1990,-129,
43492,18,2100,-24,
43492,19,2340,52,
43492,20,2390,140,
43492,21,2440,157,
43492,22,2550,187,
43492,23,2670,224,
43492,24,2720,179,
43492,25,2930,229,
43492,26,3350,217,
43492,27,3740,253,
43492,28,3960,273,
43492,29,4040,253,
43492,30,4240,292,
43492,31,4270,391,
43492,32,4600,791,1000
43493,1,574,76315,76929
43493,2,663,76036,
43493,3,712,76012,
43493,4,1112,76017,
43493,5,1266,75979,
43493,6,1332,75988,
43493,7,1545,75886,76929
43493,8,1545,76929,76929
43493,9,2132,76936,76936
43493,10,2132,75720,
43493,11,2532,75585,
43493,12,2889,75551,
43493,13,2932,75566,
43493,14,3332,75633,
43493,15,3332,75633,
43493,16,4132,75819,
43493,17,4396,75877,76936
43494,1,-690,889,1000
43494,2,-680,639,
43494,3,-180,572,
43494,4,-50,492,
43494,5,0,-73,
43494,6,30,-66,
43494,7,90,-103,
43494,8,220,-148,
43494,9,350,-162,
43494,10,520,-169,
43494,11,710,-120,
43494,12,1050,-99,
43494,13,1160,-104,
43494,14,1430,-108,
43494,15,1650,-142,
43494,16,1651,-143,
43494,17,1655,-144,
43494,18,1740,-64,
43494,19,1820,78,
43494,20,1950,74,
43494,21,2000,86,
43494,22,2100,156,
43494,23,2380,231,
43494,24,2460,172,
43494,25,2660,235,
43494,26,2910,210,
43494,27,3210,232,
43494,28,3610,226,
43494,29,3900,268,
43503,1,0,445,600
43503,2,20,445,
43503,3,21,50,
43503,4,60,88,
43503,5,200,68,
43503,6,250,-4,
43503,7,350,-12,
43503,8,450,38,
43503,9,550,-32,
43503,10,670,-30,
43503,11,740,-21,
43503,12,850,-13,
43503,13,890,0,
43503,14,900,-2,
43503,15,910,6,
43503,16,1050,31,
43503,17,1150,43,
43503,18,1200,62,
43503,19,1250,99,
43503,20,1300,121,
43503,21,1600,161,
43503,22,1850,212,
43503,23,1851,600,
43503,24,2129,600,
43503,25,2130,216,
43503,26,2400,191,
43503,27,2600,213,
43503,28,2900,245,
43503,29,3200,383,
43503,30,3400,408,
43503,31,3800,506,600
43504,1,0,-428,-50
43504,2,40,-428,
43504,3,470,-410,
43504,4,530,-414,
43504,5,560,-425,
43504,6,610,-413,
43504,7,650,-522,
43504,8,950,-532,
43504,9,1110,-584,
43504,10,1270,-605,
43505,16,2790,0,0
43506,1,-650,-224,0
43506,2,-550,-231,
43506,3,-250,-241,
43506,4,-100,-257,
43506,5,-50,-372,
43506,6,50,-386,
43506,7,190,-377,
43506,8,350,-380,
43506,9,450,-389,
43506,10,650,-383,
43506,11,750,-353,
43506,12,820,-287,
43506,13,950,-247,
43506,14,1155,-224,0
43507,1,0,1000,1000
43507,2,260,830,
43507,3,960,702,
43507,4,1060,702,
43507,5,1060,894,
43507,6,1140,894,
43507,7,1140,586,
43507,8,1480,583,
43507,9,1770,626,
43507,10,1960,708,
43507,11,2580,790,
43507,12,3070,1000,1000
43508,1,-1050,-92,0
43508,2,-750,-208,
43508,3,-450,-235,
43508,4,-250,-250,
43508,5,-105,-300,
43508,6,-100,-318,
43508,7,-90,-354,
43508,8,0,-380,
43569,12,5130,107023,
43569,13,5180,107023,
43508,9,100,-414,
43508,10,200,-411,
43508,11,300,-422,
43508,12,400,-400,
43508,13,500,-394,
43508,14,600,-380,
43508,15,700,-368,
43510,1,0,40750,41000
43511,1,10000,10105,10185
43512,1,10000,10058,10154
43514,1,0,-151,0
43515,1,0,58098,58100
43515,2,591,57971,
43515,3,1615,57918,
43515,4,1822,57843,
43515,5,1940,57733,
43515,6,2372,57713,
43515,7,3302,57706,
43515,8,4385,57690,
43515,9,5357,57675,
43515,10,6307,57676,
43515,11,7298,57672,
43515,12,8269,57659,
43515,13,9269,57654,
43515,14,10220,57650,
43515,15,11223,57648,
43515,16,12218,57650,
43515,17,13268,57638,
43515,18,14159,57642,
43515,19,14346,57742,
43515,20,14585,57759,
43515,21,15206,57794,
43516,1,0,111,233
43516,2,130,97,304
43516,3,145,-139,310
43516,4,220,-164,336
43516,5,310,-178,367
43516,6,400,-194,386
43516,7,500,-173,401
43516,8,600,-222,416
43516,9,690,-230,421
43516,10,850,-139,412
43516,11,945,-117,399
43516,12,960,-39,394
43516,13,1080,-20,369
43516,14,1170,-35,338
43516,15,1280,-37,304
43516,16,1290,101,291
43516,17,1405,114,233
43517,1,-510,303,600
43517,2,-370,233,
43517,3,-210,223,
43517,4,-140,153,
43517,5,-60,103,
43517,6,0,55,
43517,7,80,29,
43517,8,260,27,
43517,9,440,34,
43517,10,680,35,
43517,11,890,31,
43517,12,1090,41,
43517,13,1300,48,
43517,14,1380,72,
43517,15,1440,67,
43517,16,1540,88,
43517,17,1690,139,
43517,18,1820,192,
43517,19,1920,242,
43517,20,2020,293,600
43518,1,-350,249,532
43518,2,-290,203,
43518,3,-210,153,
43518,4,-120,115,
43518,5,-50,101,
43518,6,0,0,
43518,7,130,-8,
43518,8,210,-42,
43518,9,340,-55,
43525,1,0,-146,0
43525,2,1000,-183,0
43525,3,1785,-153,0
43525,4,1786,-123,0
43525,5,1918,0,0
43525,6,2404,0,0
43525,7,2405,-212,0
43525,8,2650,-262,0
43525,9,2900,-276,0
43525,10,3240,-266,0
43525,11,3400,-291,0
43525,12,3670,-323,0
43525,13,3780,-344,0
43525,14,3990,-352,0
43525,15,4100,-92,0
43525,16,4410,-6,0
43525,17,4650,-6,0
43526,1,0,317,400
43526,2,585,317,
43526,3,655,88,
43526,4,755,67,
43526,5,855,52,
43526,6,945,41,
43526,7,955,17,
43526,8,1025,8,
43526,9,1155,0,
43526,10,1255,10,
43526,11,1285,38,
43526,12,1315,53,
43526,13,1375,75,
43526,14,1575,78,
43526,15,1775,82,
43526,16,1975,84,
43526,17,2155,78,
43526,18,2275,148,
43526,19,2325,168,
43526,20,2655,168,400
43527,1,-7000,250,450
43527,2,0,219,450
43527,3,1000,183,
43527,4,1785,188,
43527,5,1785,243,
43527,6,1950,426,
43527,7,2405,426,
43528,1,0,407,407
43528,2,1,5,407
43528,3,80,-5,407
43528,4,170,-8,407
43528,5,270,12,407
43528,6,310,9,407
43528,7,390,20,407
43528,8,490,26,407
43528,9,590,24,407
43528,10,655,55,407
43528,11,890,36,407
43528,12,970,62,407
43528,13,1060,63,407
43528,14,1070,63,407
43529,15,1100,133,288
43529,16,1200,164,288
43529,1,0,118,288
43529,2,100,105,288
43529,3,101,44,288
43529,4,140,0,288
43529,5,200,-28,288
43529,6,300,-41,288
43529,7,400,-31,288
43529,8,500,-42,288
43529,9,600,-23,288
43529,10,700,-24,288
43529,11,800,-15,288
43529,12,845,0,288
43530,1,-1050,332,565
43530,2,-860,330,565
43530,3,-670,328,565
43530,4,-510,324,565
43530,5,-410,272,565
43530,6,-310,222,565
43539,1,-5000,363,500
43539,2,-2400,267,
43539,3,-1400,247,
43539,4,0,229,
43539,5,100,198,
43539,6,200,127,
43539,7,300,14,
43539,8,500,11,
43539,9,700,31,
43539,10,900,40,
43539,11,1100,30,
43539,12,1300,27,
43539,13,1500,24,
43539,14,1700,28,
43539,15,1900,26,
43539,16,2100,27,
43539,17,2250,10,
43539,18,2400,12,
43539,19,2600,-10,
43539,20,2800,-24,
43539,21,3000,-28,
43539,22,3100,6,
43539,23,3230,57,
43539,24,3300,172,
43539,25,3400,205,
43539,26,3500,255,
43539,27,3600,319,
43539,28,3650,363,500
43542,1,1960,-28,0
43542,2,1975,-23,42
43542,3,2025,-7,122
43542,4,2125,-8,232
43542,5,2225,-2,292
43542,6,2325,-3,337
43542,7,2425,-3,355
43542,8,2525,-5,357
43542,9,2625,-6,337
43542,10,2725,1,292
43542,11,2825,2,222
43542,12,2925,-7,117
43542,13,2970,2,42
43542,14,2985,0,0
43543,1,-600,324,500
43543,2,-450,276,
43543,3,-300,206,
43543,4,-140,136,
43543,5,0,46,
43543,6,220,-14,
43543,7,370,18,
43543,8,520,14,
43543,9,670,14,
43543,10,770,8,
43543,11,870,-2,
43543,12,1020,0,
43546,1,0,1410,1410
43546,2,1,623,1410
43546,3,200,623,1410
43546,4,259,730,1410
43546,5,260,470,590
43546,6,300,470,630
43546,7,435,383,765
43546,8,535,288,
43546,9,635,300,
43546,10,645,212,
43546,11,805,234,
43546,12,835,200,
43546,13,885,196,
43546,14,915,124,
43546,15,1115,100,
43546,16,1150,93,
43546,17,1180,106,
43546,18,1200,60,
43546,19,1230,50,
43546,20,1280,40,
43546,21,1290,23,
43546,22,1350,-2,
43546,23,1400,-12,
43546,24,1425,-13,
43550,1,0,400,600
43550,2,120,400,
43550,3,121,300,
43550,4,340,300,
43550,5,341,200,
43550,6,560,200,
43550,7,561,90,
43550,8,880,90,
43550,9,881,3,
43550,10,1480,3,
43550,11,1481,90,
43550,12,2380,90,
43550,13,2381,30,
43550,14,5380,30,
43550,15,5381,90,
43550,16,6480,90,
43550,17,6481,200,
43550,18,6640,200,
43550,19,6641,300,
43550,20,6800,300,
43550,21,6801,400,
43550,22,6980,400,600
43551,1,-650,346,500
43551,2,-450,201,
43551,3,-350,162,
43551,4,-320,142,
43551,5,-180,100,
43551,6,-100,40,
43551,7,0,-20,
43551,8,260,-97,
43551,9,500,-70,
43551,10,670,-59,
43551,11,1100,-65,
43551,12,1380,-111,
43551,13,1690,-111,
43551,14,2300,-63,
43551,15,2750,-54,
43551,16,3500,-71,
43551,17,4070,-81,
43551,18,4380,-78,
43551,19,4500,-8,
43551,20,4600,-7,
43551,21,4750,-4,
43551,22,4850,35,
43551,23,4860,78,
43552,1,-2430,204,400
43552,2,-2130,190,
43552,3,-1830,174,
43552,4,-1530,158,
43552,5,-1230,154,
43552,6,-930,140,
43552,7,-630,120,
43552,8,-330,90,
43552,9,-30,73,
43552,10,0,50,
43552,11,1,0,
43552,12,70,-2,
43552,13,170,-4,
43552,14,270,-11,
43552,15,370,-16,
43552,16,390,59,
43552,17,470,77,
43552,18,570,77,
43552,19,870,77,
43552,20,1170,89,
43552,21,1470,100,
43552,22,1770,112,
43552,23,2070,115,
43552,24,2370,130,
43553,1,-100,505,600
43553,2,0,365,600
43553,3,100,267,
43553,4,300,148,
43553,5,400,30,
43553,6,450,-34,
43553,7,500,-42,
43553,8,600,-50,
43553,9,700,-55,
43434,1,0,0,0
43434,2,160,-100,
43434,3,260,-141,
43434,4,360,-181,
43434,5,460,-178,
43434,6,580,-172,
43434,7,710,-183,
43434,8,830,-200,
43434,9,950,-200,
43434,10,1110,-152,
43434,11,1300,-17,
43434,12,1350,0,0
43435,1,190,16,56
43435,2,200,12,
43435,3,300,10,
43435,4,400,20,
43435,5,500,26,
43435,6,600,22,
43435,7,700,28,
43435,8,800,28,
43435,9,900,28,
43435,10,1000,30,
43435,11,1100,38,
43435,12,1160,56,56
43553,10,800,-52,
43553,11,900,-60,
43553,12,1000,-56,
43553,13,1100,-56,
43553,14,1200,-80,
43553,15,1300,-96,
43553,16,1400,-108,
43553,17,1500,-96,
43553,18,1600,-78,
43553,19,1700,-56,
43553,20,1800,-28,
43553,21,1900,-16,
43553,22,2000,4,
43553,23,2100,14,
43553,24,2200,12,
43553,25,2280,18,
43553,26,2330,18,
43553,27,2350,22,
43553,28,2380,30,
43553,29,2500,94,
43553,30,2550,118,
43553,31,2700,152,
43553,32,2860,363,
43553,33,3070,515,600
43554,1,-480,481,600
43554,2,-290,366,
43554,3,-200,233,
43554,4,-140,161,
43554,5,0,158,
43557,1,0,332,2000
43557,2,300,332,
43561,1,580,-267,0
43561,2,750,-314,
43562,1,-70,-154,400
43562,2,0,-164,
43562,3,300,-183,
43562,4,500,-196,
43562,5,600,-228,
43562,6,700,-247,
43562,7,800,-257,
43562,8,1300,-238,
43562,9,1400,-218,
43562,10,1500,-199,
43562,11,1800,-217,
43562,12,1900,-269,
43562,13,1950,-269,
43562,14,1980,-333,
43562,15,2010,-378,
43562,16,2100,-385,
43562,17,2200,-379,
43562,18,2280,-373,
43562,19,2400,-356,
43562,20,2600,-388,
43562,21,2900,-394,
43562,22,3100,-378,
43562,23,3250,-363,
43562,24,3300,-262,
43562,25,3365,-223,
43562,26,3380,-120,
43562,27,3580,-90,400
43563,1,-230,-74,400
43563,2,-130,-112,400
43563,3,0,-122,
43563,4,5,-146,
43563,5,580,-233,
43563,6,610,-256,
43563,7,1210,-242,
43563,8,1410,-233,
43563,9,1640,-195,
43563,10,1750,-230,
43563,11,1865,-321,
43563,12,2060,-367,
43563,13,2240,-351,
43563,14,2510,-370,
43563,15,2710,-389,
43563,16,2900,-388,
43563,17,3000,-376,
43563,18,3110,-380,
43455,61,92160,27200,27200
43455,62,92160,26392,
43455,63,93829,26432,
43455,64,94255,26401,
43455,65,95217,26218,
43455,66,95366,26194,
43455,67,95522,26239,
43455,68,95813,26195,
43455,69,96013,26133,
43455,70,96261,26212,
43455,71,96542,26290,
43455,72,96671,26322,
43455,73,96671,27200,27200
43455,74,96897,27200,27200
43455,75,96897,26324,
43455,76,97124,26328,
43455,77,97455,26157,
43455,78,97878,26086,
43455,79,98278,25903,
43455,80,98678,25865,
43455,81,99078,25864,
43455,82,99478,25837,
43455,83,99615,25840,
43455,84,99878,25928,
43455,85,100100,26043,
43455,86,100278,26084,
43455,87,100708,26648,
43455,88,101379,27145,
43455,89,101484,27141,
43455,90,101608,27140,
43455,91,102534,27144,
43455,92,103140,27162,27200
43456,61,54201,26106,
43456,62,55767,26127,
43456,63,56173,26138,
43456,64,56579,26192,26600
43456,1,0,26539,26600
43456,2,1027,25656,
43456,3,1334,25615,
43456,4,1734,25649,
43456,5,2134,25629,
43456,6,2534,25634,
43456,7,2934,25628,
43456,8,3334,25621,
43456,9,3734,25628,
43456,10,4134,25616,
43456,11,4534,25606,
43456,12,4934,25626,
43456,13,5333,25817,
43456,14,5831,25818,
43456,15,5971,25818,
43456,16,5971,25824,
43456,17,6035,25824,
43456,18,6035,26600,26600
43456,19,6228,26600,26600
43456,20,6228,25824,
43456,21,6292,25824,
43456,22,6292,25818,
43456,23,6298,25809,
43456,24,6839,25541,
43456,25,7239,25563,
43456,26,7639,25600,
43456,27,8039,25601,
43456,28,8439,25605,
43456,29,8839,25622,
43456,30,9239,25552,
43456,31,9639,25697,
43456,32,9871,25667,
43456,33,9980,25760,
43456,34,10876,25954,
43456,35,11746,26035,
43456,36,13383,26051,
43456,37,13668,26447,
43456,38,14955,26391,
43456,39,16629,26330,
43456,40,18238,26276,
43456,41,19918,26218,
43456,42,21636,26168,
43456,43,23364,26124,
43456,44,24996,26106,
43456,45,26744,26106,
43456,46,28556,26104,
43457,5,650,-30,
43457,6,800,-25,
43457,7,1050,-20,
43457,8,1250,-20,
43457,9,1260,-20,
43457,10,1450,-18,
43457,11,1650,-20,
43457,12,1850,-10,
43457,13,2050,0,
43457,14,2200,-16,
43457,15,2300,-25,
43457,16,2400,-37,
43457,17,2500,-35,
43457,18,2600,-15,
43457,19,2620,0,500
43458,1,100,163,500
43458,2,240,112,
43458,3,1000,31,
43458,4,1200,47,
43458,5,1800,43,
43458,6,1820,23,
43458,7,1870,31,
43458,8,1900,-19,
43458,9,2400,-22,
43458,10,2410,-37,
43458,11,2960,-7,
43458,12,3200,-22,
43458,13,3500,-15,
43458,14,3800,-27,
43458,15,4200,-42,
43458,16,4450,-42,
43458,17,4580,-25,
43458,18,4680,8,
43458,19,4685,31,
43458,20,4930,96,500
43459,1,0,32450,32500
43459,2,250,32450,32500
43459,3,500,32400,32500
43459,4,800,32400,32500
43459,5,1000,32300,32500
43459,6,1400,32300,32500
43459,7,1500,32230,32500
43459,8,2000,32200,32500
43459,9,2100,32170,32500
43459,10,2250,32100,32500
43459,11,2500,32060,32500
43459,12,3000,32060,32500
43459,13,3400,32060,32500
43459,14,3500,32050,32500
43459,15,3600,32020,32500
43459,16,3900,32020,32500
43459,17,4000,32090,32500
43459,18,4100,32110,32500
43459,19,4300,32110,32500
43459,20,4400,32210,32500
43459,21,4500,32210,32500
43459,22,4700,32210,32500
43459,23,4900,32120,32500
43459,24,5000,32250,32500
43459,25,5400,32250,32500
43459,26,5500,32360,32500
43460,4,600,44,
43460,5,700,70,
43460,6,800,68,
43460,7,1000,70,250
43461,4,120,32,246
43461,5,140,-1,252
43461,6,210,-5,265
43461,7,250,0,270
43461,8,310,0,264
43461,9,370,0,250
43461,10,440,0,230
43461,11,500,0,195
43461,12,501,0,0
43461,13,599,0,0
43461,14,600,1,195
43461,15,660,1,230
43461,16,730,0,250
43461,17,790,0,264
43461,18,850,0,270
43461,19,910,0,264
43461,20,980,0,250
43461,21,1040,0,230
43461,22,1100,0,195
43461,23,1101,0,0
43461,24,1199,0,0
43461,25,1200,1,195
43461,26,1260,0,230
43461,27,1330,-1,255
43461,28,1390,-2,264
43461,29,1450,-4,270
43461,30,1510,-6,264
43461,31,1580,-8,255
43461,32,1640,-9,230
43461,33,1700,-10,195
43461,34,1701,0,0
43462,1,0,33102,33148
43462,2,5,33104,
43462,3,75,33100,
43462,4,145,33102,
43462,5,150,33104,33148
43463,3,-85,111,
43463,4,0,51,
43463,5,90,10,
43463,6,140,1,
43463,7,215,0,
43463,8,325,-1,
43463,9,435,-19,
43463,10,535,-51,
43463,11,615,-62,
43463,12,735,-54,
43463,13,775,26,
43463,14,885,18,
43463,15,995,121,
43463,16,1060,230,
43463,17,1095,258,
43463,18,1200,400,500
43464,7,2468,64537,
43464,8,3114,64488,
43464,9,3490,64310,
43464,10,3608,64292,
43464,11,3761,64302,
43464,12,3896,64303,
43464,13,4002,64285,
43464,14,4127,64290,
43464,15,4234,64294,
43464,16,4347,64314,
43464,17,4476,64305,
43464,18,5009,64595,
43464,19,5928,64662,
43464,20,6754,64698,
43464,21,7016,64701,
43464,22,8028,64749,
43464,23,9064,64790,
43464,24,10048,64804,
43464,25,10978,64820,
43464,26,11787,64815,64900
43465,1,-140,-109,-100
43465,2,-120,-555,
43465,3,-20,-623,
43465,4,80,-701,
43465,5,110,-773,
43465,6,210,-768,
43465,7,310,-748,
43465,8,410,-759,
43465,9,470,-709,
43465,10,520,-770,
43465,11,610,-755,
43465,12,710,-753,
43465,13,810,-717,
43465,14,910,-697,
43465,15,1010,-720,
43465,16,1110,-713,
43465,17,1210,-714,
43465,18,1310,-700,
43465,19,1410,-681,
43465,20,1510,-662,
43465,21,1511,-109,-100
43466,1,200,-190,300
43466,2,450,-307,
43466,3,900,-417,
43466,4,950,-451,
43466,5,1080,-475,
43466,6,1310,-493,
43466,7,1500,-508,
43466,8,1630,-499,
43466,9,1680,-517,
43466,10,1800,-497,
43466,11,1950,-498,
43466,12,2130,-488,
43466,13,2220,-456,
43466,14,2240,-425,
43466,15,2490,-368,
43466,16,2700,-228,
43466,17,2960,-133,300
43468,21,3679,42275,
43468,22,4544,42394,
43468,23,5381,42487,
43468,24,6399,42560,42700
43469,6,1000,-82,
43469,7,1000,-82,
43469,8,1040,-112,
43469,9,1200,-131,
43469,10,1400,-158,
43469,11,1600,-178,
43469,12,2000,-185,
43469,13,2200,-157,
43469,14,2400,-122,
43469,15,2800,-112,
43469,16,3300,-126,
43469,17,3700,-113,
43469,18,4200,-101,
43469,19,4700,-97,
43469,20,5300,-110,
43469,21,5900,-162,
43469,22,6400,-228,
43469,23,6600,-242,
43469,24,7000,-237,
43469,25,7500,-212,
43469,26,8000,-196,
43469,27,8600,-216,
43469,28,9100,-142,
43469,29,9100,-143,
43469,30,9600,12,
43469,31,10600,17,
43469,32,12000,-58,
43469,33,12300,-138,
43469,34,12600,-88,
43469,35,12700,-31,
43469,36,13200,-28,
43469,37,13300,-73,
43469,38,13600,-100,
43469,39,13800,-103,
43469,40,13900,-35,
43469,41,14400,-31,
43469,42,14500,-116,
43469,43,14900,-133,
43469,44,15400,-128,
43469,45,15600,-32,
43469,46,15700,82,
43469,47,16200,29,
43469,48,17200,24,
43469,49,17600,80,
43469,50,17800,122,
43469,51,18500,822,1000
43470,1,-720,1300,1300
43470,2,0,139,
43470,3,400,99,
43470,4,1400,-95,
43470,5,2400,-56,
43470,6,3400,-15,
43470,7,4400,-42,
43470,8,5400,-66,
43470,9,6400,-95,
43470,10,7400,-116,
43470,11,8400,-123,
43470,12,9400,-144,
43470,13,10400,-176,
43470,14,11400,-155,
43470,15,12400,-198,
43470,16,13400,-216,
43470,17,14400,-232,
43470,18,15400,-203,
43470,19,16400,-271,
43470,20,17400,-245,
43470,21,18400,-30,
43470,22,18800,99,
43470,23,19200,130,
43470,24,21200,1030,1300
43471,1,-2610,384,600
43471,2,-2600,302,
43471,3,-1400,336,
43471,4,-650,370,
43471,5,-70,422,
43471,6,0,200,
43471,7,230,163,
43471,8,280,104,
43471,9,550,52,
43471,10,830,48,
43471,11,1070,47,
43471,12,1330,48,
43471,13,1570,53,
43471,14,1740,61,
43471,15,1930,67,
43471,16,2110,85,
43471,17,2150,102,
43471,18,2200,182,
43471,19,2340,227,
43471,20,2600,251,
43471,21,2610,561,600
43472,1,-370,387,470
43472,2,-80,89,
43472,3,-75,41,
43472,4,-5,0,
43472,5,130,-16,
43472,6,300,-11,
43472,7,455,-17,
43472,8,605,-8,
43472,9,750,-13,
43472,10,950,-15,
43472,11,1060,-7,
43472,12,1275,34,
43472,13,1530,92,
43472,14,1780,124,
43472,15,1980,166,
43472,16,2170,359,470
43473,1,-340,432,470
43473,2,-80,134,
43473,3,-50,30,
43473,4,30,4,
43473,5,190,-8,
43473,6,310,-6,
43473,7,410,-10,
43473,8,570,-10,
43473,9,680,-17,
43473,10,790,-10,
43473,11,920,-10,
43473,12,1010,-10,
43473,13,1140,-6,
43473,14,1270,16,
43473,15,1330,72,
43473,16,1790,140,
43473,17,2000,204,
43473,18,2220,424,470
43474,35,9100,-106,
43474,36,9200,-30,
43474,37,9650,-12,
43474,38,10200,2,
43474,39,10400,33,
43474,40,10800,60,
43474,41,10950,105,
43474,42,11200,131,
43474,43,11950,220,
43474,44,12300,265,
43474,45,12750,360,
43474,46,13500,458,
43474,47,13950,499,
43474,48,14500,549,1000
43475,1,0,44736,46300
43475,2,78,45185,
43475,3,780,45204,
43475,4,781,45555,
43475,5,2458,45555,
43475,6,2477,46296,
43475,7,2516,46296,
43475,8,2517,44970,
43475,9,2555,44970,
43475,10,2652,44621,
43475,11,2876,44621,
43475,12,2877,44400,
43475,13,3195,44383,
43475,14,3763,44339,
43475,15,4164,44172,
43475,16,4392,44110,
43475,17,4766,44142,
43475,18,5688,44094,
43475,19,7602,44036,
43475,20,9970,43983,
43475,21,11476,43993,
43475,22,11935,44123,
43475,23,12264,44358,
43475,24,12671,44439,
43475,25,12771,44541,
43475,26,12772,45614,
43475,27,13220,45809,
43475,28,13676,45614,
43475,29,13677,45187,
43475,30,13919,45192,
43475,31,14354,45166,
43475,32,14784,45139,
43475,33,14910,45087,
43475,34,15100,45377,46300
43477,3,2156,58444,
43477,4,2681,58413,
43477,5,3060,58292,
43477,6,3178,58220,
43477,7,3483,58179,
43477,8,3772,58180,
43477,9,4199,58181,
43477,10,4513,58178,
43477,11,4583,58199,
43477,12,4611,58199,
43477,13,4673,58306,
43477,14,4978,58427,
43477,15,5844,58434,
43477,16,7140,58404,
43477,17,8001,58423,
43477,18,8305,58424,
43477,19,9131,58432,
43477,20,10120,58450,
43477,21,10204,58464,
43477,22,10521,58621,
43477,23,11693,58634,59000
43478,1,-1050,243,500
43478,2,-900,244,
43478,3,-600,243,
43478,4,-300,234,
43478,5,-100,142,
43478,6,-40,18,
43478,7,0,0,
43478,8,200,-10,
43478,9,400,-2,
43478,10,700,-17,
43478,11,900,-19,
43478,12,1100,-36,
43478,13,1250,-7,
43478,14,1400,6,
43478,15,1500,90,
43478,16,1600,148,
43478,17,1800,194,
43478,18,2000,230,
43478,19,2070,240,
43478,20,3070,271,500
43479,1,-865,-65,200
43479,2,-600,-330,
43479,3,-500,-463,
43479,4,-400,-522,
43479,5,-300,-526,
43479,6,-100,-495,
43479,7,100,-494,
43479,8,300,-499,
43479,9,500,-527,
43479,10,700,-469,
43479,11,800,-503,
43479,12,1000,-480,
43479,13,1200,-497,
43479,14,1400,-482,
43479,15,1600,-468,
43479,16,1680,-435,
43479,17,1760,-423,
43479,18,2118,-65,200
43480,11,500,-140,480
43480,12,550,-140,475
43480,13,600,-150,470
43480,14,650,-140,455
43480,15,700,-135,432
43480,16,750,-135,410
43480,17,800,-135,370
43480,18,850,-140,320
43480,19,900,-155,270
43480,20,950,-147,195
43480,21,951,-50,194
43480,22,990,-50,90
43480,23,991,-19,89
43480,24,1002,-19,0
43481,1,0,388,600
43481,2,170,224,
43481,3,260,66,
43481,4,320,25,
43481,5,420,6,
43481,6,530,6,
43481,7,650,1,
43481,8,770,14,
43481,9,860,23,
43481,10,910,37,
43481,11,1040,59,
43481,12,1200,113,
43481,13,1320,186,
43481,14,1480,367,600
43483,2,1,134,564
43483,3,100,108,710
43483,4,200,83,730
43483,5,300,85,700
43483,6,400,86,586
43483,7,401,86,86
43483,8,969,80,80
43483,9,970,80,800
43483,10,1010,80,800
43483,11,1020,-50,800
43483,12,1220,-50,800
43483,13,1420,-60,800
43483,14,1720,-50,800
43483,15,2020,-66,800
43483,16,2320,-60,800
43483,17,2620,-10,800
43483,18,2770,10,800
43483,19,2870,10,800
43483,20,2880,80,800
43483,21,2920,80,800
43483,22,2921,80,80
43483,23,3119,80,80
43483,24,3120,80,800
43483,25,3170,80,800
43483,26,3180,30,800
43483,27,3210,30,800
43483,28,3220,-76,800
43483,29,3520,-76,800
43483,30,3820,-60,800
43483,31,4120,-30,800
43483,32,4420,-20,800
43483,33,4720,0,800
43483,34,5020,24,800
43483,35,5320,12,800
43483,36,5620,-30,800
43483,37,5820,-46,800
43483,38,5960,-46,800
43483,39,5970,80,800
43483,40,6020,80,800
43483,41,6021,80,80
43483,42,6219,80,80
43483,43,6220,80,800
43483,44,6270,80,800
43483,45,6280,30,800
43483,46,6320,30,800
43483,47,6330,-110,800
43483,48,6520,-120,800
43483,49,6720,-120,800
43483,50,6920,-40,800
43483,51,7120,58,800
43483,52,7320,118,800
43483,53,7520,194,800
43483,54,7720,233,800
43483,55,8020,294,800
43483,56,8220,355,800
43483,57,8221,355,355
43483,58,8749,395,395
43483,59,8750,395,595
43483,60,8850,396,746
43483,61,8950,398,762
43483,62,9050,403,728
43483,63,9150,408,608
43483,64,9151,408,408
43484,1,-600,752,800
43484,2,-425,577,
43484,3,85,435,
43484,4,300,407,
43484,5,705,392,
43484,6,1000,315,
43484,7,1200,211,
43484,8,1600,142,
43484,9,1810,113,
43484,10,1840,81,
43484,11,2000,-3,
43484,12,2200,-1,
43484,13,2500,-34,
43484,14,3000,-16,
43484,15,3500,-26,
43484,16,4000,-20,
43484,17,4500,-18,
43484,18,5000,-22,
43484,19,5500,-24,
43484,20,6000,-26,
43484,21,6500,-22,
43484,22,6900,-16,
43484,23,7400,-45,
43484,24,7600,112,
43484,25,8000,251,
43484,26,8200,258,
43484,27,8800,431,
43484,28,9000,489,
43484,29,9500,739,800
43485,1,-280,719,800
43485,2,-80,644,
43485,3,320,494,
43485,4,500,431,
43485,5,1000,428,
43485,6,1510,390,
43485,7,1800,290,
43485,8,2080,250,
43485,9,2260,111,
43485,10,2300,68,
43485,11,2500,50,
43485,12,3000,-84,
43485,13,3500,-56,
43485,14,4000,-36,
43485,15,4500,-26,
43485,16,5000,-16,
43485,17,5500,-46,
43485,18,6000,-44,
43485,19,6500,-76,
43485,20,7000,20,
43485,21,7300,36,
43485,22,7500,16,
43485,23,8000,-66,
43485,24,8300,-110,
43485,25,8800,-16,
43485,26,9200,74,
43485,27,9250,111,
43485,28,9400,306,
43485,29,9600,430,
43485,30,9800,700,800
43487,24,4190,309,
43487,25,4200,429,
43487,26,5650,448,
43487,27,5660,598,800
43488,30,7889,92337,
43488,31,8815,92336,
43488,32,9695,92355,
43488,33,10537,92393,
43488,34,11335,92497,
43488,35,11920,92741,92800
43489,1,-505,215,400
43489,2,-290,177,
43489,3,-140,173,
43489,4,0,127,
43489,5,160,70,
43489,6,460,67,
43489,7,830,1,
43489,8,970,-11,
43489,9,1070,-35,
43489,10,1250,-48,
43489,11,1390,-47,
43489,12,1590,-37,
43489,13,1780,-48,
43489,14,1940,-19,
43489,15,2010,8,
43489,16,2150,100,
43489,17,2285,152,
43489,18,2360,218,400
43490,1,0,63536,63600
43490,2,2476,63396,
43490,3,4019,63321,
43490,4,5623,63262,
43490,5,7242,63212,
43490,6,8930,63173,
43490,7,10653,63120,
43490,8,12399,63079,
43490,9,14182,63032,
43490,10,15787,62975,
43490,11,17396,62948,
43490,12,18695,62957,
43490,13,19639,62963,
43490,14,20935,63030,
43490,15,20941,63040,
43490,16,21343,63094,
43490,17,22825,63230,
43490,18,24511,63331,
43490,19,24511,62736,
43490,20,25044,62737,
43490,21,25640,62742,
43490,22,26037,62661,
43490,23,26102,62396,
43490,24,26733,62339,
43490,25,27175,62310,
43490,26,27423,62338,
43490,27,27423,63236,
43490,28,27572,63236,
43490,29,27572,62324,
43490,30,27666,62324,
43490,31,28109,62177,
43490,32,28227,62351,
43490,33,28332,62261,
43490,34,28493,62240,
43490,35,28812,62243,
43490,36,29011,62250,
43490,37,29261,62263,
43490,38,29402,62276,
43490,39,29668,62306,
43490,40,29744,62320,
43490,41,30097,62346,
43490,42,30549,62432,
43490,43,30735,62410,
43490,44,31157,62371,
43490,45,31679,62449,
43490,46,31817,62460,
43490,47,31817,63182,
43490,48,31844,63182,
43490,49,31995,63182,
43490,50,31995,62414,
43490,51,32184,62469,
43490,52,32779,62449,
43490,53,33076,62640,
43490,54,33394,62688,
43490,55,33834,62816,
43490,56,34095,62846,
43490,57,34537,62939,
43490,58,34896,63335,63600
43491,1,0,402,1000
43491,2,1200,402,
43491,3,1399,352,
43491,4,1400,286,
43491,5,1449,286,
43491,6,1450,195,
43491,7,1800,87,
43491,8,1820,27,
43491,9,1850,13,
43491,10,1900,-3,
43491,11,2000,-30,
43491,12,2200,-22,
43491,13,2300,-30,
43491,14,2500,-43,
43491,15,2750,-72,
43491,16,2900,-58,
43491,17,3000,-61,
43491,18,3100,-80,
43491,19,3500,-7,
43491,20,3700,-57,
43491,21,3900,-38,
43491,22,4100,-25,
43491,23,4320,8,
43491,24,4440,-1,
43491,25,4550,11,
43491,26,4650,47,
43491,27,4850,62,
43491,28,5100,83,
43491,29,5300,68,
43491,30,5500,94,
43491,31,5950,150,
43491,32,6100,123,
43491,33,6350,107,
43491,34,6750,132,
43491,35,7000,158,
43491,36,7200,195,
43491,37,7450,186,
43491,38,7700,177,
43491,39,8170,175,
43491,40,8420,277,
43491,41,8420,278,
43491,42,8650,349,
43491,43,9320,600,1000
43494,30,4292,768,1000
43495,1,-701,878,1000
43495,2,-700,658,
43495,3,-600,614,
43495,4,-300,572,
43495,5,-1,482,
43495,6,0,-211,
43495,7,100,-228,
43495,8,200,-234,
43495,9,300,-229,
43495,10,500,-202,
43495,11,810,-105,
43495,12,910,-90,
43495,13,1020,-102,
43495,14,1220,-156,
43495,15,1430,-175,
43495,16,1540,-165,
43495,17,1640,-127,
43495,18,1740,-64,
43495,19,1820,78,
43495,20,1950,74,
43495,21,2000,86,
43495,22,2100,156,
43495,23,2380,231,
43495,24,2460,172,
43495,25,2660,235,
43495,26,2910,210,
43495,27,3210,232,
43495,28,3610,226,
43495,29,3900,268,
43495,30,4292,768,1000
43496,1,-510,900,1000
43496,2,-500,600,
43496,3,50,139,
43496,4,150,39,
43496,5,250,-185,
43496,6,350,-175,
43496,7,650,-195,
43496,8,950,-115,
43496,9,1250,-205,
43496,10,1550,-205,
43496,11,1850,-210,
43496,12,2150,-170,
43496,13,2450,-108,
43496,14,2750,-43,
43496,15,2950,17,
43496,16,3250,88,
43496,17,3450,132,
43496,18,3550,185,
43496,19,3650,212,
43496,20,3750,275,
43496,21,3930,247,
43496,22,4030,371,
43496,23,4200,381,
43496,24,4300,419,
43496,25,4500,505,
43496,26,4510,900,1000
43497,9,1260,217,925
43497,5,910,250,850
43497,6,1010,247,880
43497,7,1110,225,900
43497,8,1210,218,920
43497,1,410,266,266
43497,2,610,256,600
43497,3,710,260,730
43497,4,810,261,800
43497,10,1310,183,930
43497,11,1360,,925
43497,12,1410,183,920
43497,13,1510,170,900
43497,14,1610,184,870
43497,15,1710,,800
43497,16,1810,161,700
43497,17,1910,,600
43497,18,2010,173,440
43497,19,2070,170,170
43498,3,2700,1167,1730
43498,4,2800,,1800
43498,5,2900,,1850
43498,6,3000,1132,1880
43498,7,3100,,1900
43498,8,3200,,1920
43498,9,3300,1051,1930
43498,10,3400,,1920
43498,11,3500,,1900
43498,12,3600,1012,1870
43498,13,3700,,1800
43498,14,3800,,1700
43498,15,3900,977,1600
43498,16,4000,1100,1440
43498,17,4120,1200,1200
43498,1,2450,1170,1170
43498,2,2600,1177,1600
43499,1,4460,1000,1170
43499,2,4600,812,1600
43499,3,4700,,1730
43499,4,4800,,1800
43499,5,4900,880,1850
43499,6,5000,,1880
43499,7,5100,,1900
43499,8,5200,927,1920
43499,9,5300,,1930
43499,10,5400,,1920
43499,11,5500,929,1900
43499,12,5600,,1870
43499,13,5700,956,1800
43499,14,5800,,1700
43499,15,5900,998,1600
43499,16,6000,1012,1440
43499,17,6120,1050,1170
43500,11,1510,,1900
43500,12,1610,,1870
43500,13,1710,,1800
43500,14,1810,1161,1700
43500,15,1910,,1600
43500,16,2010,1170,1440
43500,17,2070,1170,1170
43500,18,2450,1170,1170
43500,19,2600,,1600
43500,20,2700,,1730
43500,21,2800,,1800
43500,22,2900,,1850
43500,23,3000,,1880
43500,24,3100,,1900
43500,25,3200,,1920
43500,26,3300,,1930
43500,27,3400,1034,1920
43500,28,3500,,1900
43500,29,3600,1023,1870
43500,30,3700,,1800
43500,31,3800,1014,1700
43500,32,3900,,1600
43500,33,4000,997,1400
43500,34,4120,1200,1200
43500,35,4460,1200,1200
43500,36,4470,1170,1200
43500,37,4500,932,1250
43500,38,4600,,1600
43500,39,4700,912,1730
43500,40,4800,,1800
43500,41,4900,922,1850
43500,42,5000,,1880
43500,43,5100,932,1900
43500,44,5200,,1920
43500,45,5300,942,1930
43500,46,5400,,1920
43500,47,5500,957,1900
43500,48,5600,,1870
43500,49,5700,977,1800
43500,50,5800,,1700
43500,51,5900,994,1600
43500,52,6000,1002,1440
43500,53,6120,1200,1200
43500,1,410,1266,1266
43500,2,610,1256,1600
43500,3,710,,1730
43500,4,810,,1800
43500,5,910,,1850
43500,6,1010,1247,1880
43500,7,1110,,1900
43500,8,1210,,1920
43500,9,1360,1183,1925
43500,10,1410,,1920
43501,1,410,1266,1266
43501,2,610,1256,1600
43501,3,710,1260,1730
43501,4,810,1261,1800
43501,5,910,1250,1850
43501,6,1010,1247,1880
43501,7,1110,1225,1900
43501,8,1210,1218,1920
43501,9,1260,1217,1925
43501,10,1310,1183,1930
43501,11,1360,,1925
43501,12,1410,1183,1920
43501,13,1510,1170,1900
43501,14,1610,1184,1870
43501,15,1710,,1800
43501,16,1810,1161,1700
43501,17,1910,,1600
43501,18,2010,1173,1440
43501,19,2070,1170,1170
43501,20,2450,1170,1170
43501,21,2600,1177,1600
43501,22,2700,1167,1730
43501,23,2800,,1800
43501,24,2900,,1850
43501,25,3000,1132,1880
43501,26,3100,,1900
43501,27,3200,,1920
43501,28,3300,1051,1930
43501,29,3400,,1920
43501,30,3500,,1900
43501,31,3600,1012,1870
43501,32,3700,,1800
43501,33,3800,,1700
43501,34,3900,977,1600
43501,35,4000,1100,1440
43501,36,4120,1200,1200
43501,37,4460,1170,1170
43501,38,4465,1000,1170
43501,39,4600,812,1600
43501,40,4700,,1730
43501,41,4800,,1800
43501,42,4900,880,1850
43501,43,5000,,1880
43501,44,5100,,1900
43501,45,5200,927,1920
43501,46,5300,,1930
43501,47,5400,,1920
43501,48,5500,929,1900
43501,49,5600,,1870
43501,50,5700,956,1800
43501,51,5800,,1700
43501,52,5900,998,1600
43501,53,6000,1012,1440
43501,54,6120,1050,1170
43502,1,0,1000,1000
43502,2,800,421,
43502,3,1000,362,
43502,4,1200,352,
43502,5,1500,357,
43502,6,1700,331,
43502,7,1900,280,
43502,8,2200,254,
43502,9,2600,232,
43502,10,3000,185,
43502,11,3450,117,
43502,12,3550,103,
43502,13,3570,56,
43502,14,3800,56,
43502,15,4000,41,
43502,16,4200,7,
43502,17,4400,-3,
43502,18,4575,-23,
43502,19,4660,-58,
43502,20,4760,1,
43502,21,4800,-75,
43502,22,5000,-73,
43502,23,5200,-71,
43502,24,5325,-50,
43502,25,5500,-78,
43502,26,5800,-71,
43502,27,5890,-63,
43502,28,5900,117,
43502,29,6000,170,
43502,30,6400,215,
43502,31,6450,510,1000
43504,11,1360,-611,
43504,12,1550,-620,
43504,13,1660,-610,
43504,14,1730,-612,
43504,15,1815,-623,
43504,16,1895,-609,
43504,17,1925,-619,
43504,18,1955,-623,
43504,19,2010,-613,
43504,20,2085,-609,
43504,21,2115,-622,
43504,22,2190,-621,
43504,23,2205,-622,
43504,24,2220,-628,
43504,25,2280,-634,
43504,26,2300,-665,
43504,27,2340,-694,
43504,28,2380,-729,
43504,29,2480,-755,
43504,30,2580,-792,
43504,31,2700,-815,
43504,32,2820,-848,
43504,33,2940,-897,
43504,34,3040,-877,
43504,35,3140,-865,
43504,36,3200,-835,
43504,37,3250,-795,
43504,38,3350,-758,
43504,39,3390,-750,
43504,40,3400,-754,
43504,41,3600,-670,
43504,42,3700,-646,
43504,43,3800,-576,
43504,44,3830,-577,
43504,45,4000,-546,
43504,46,4040,-508,
43504,47,4080,-470,
43504,48,4300,-362,
43504,49,4400,-281,-50
43505,1,0,0,0
43505,2,385,-31,0
43505,3,490,-55,0
43505,4,625,-122,0
43505,5,700,-138,0
43505,6,850,-160,0
43505,7,1010,-213,0
43505,8,1295,-229,0
43505,9,1780,-224,0
43505,10,1835,-218,0
43505,11,1845,-222,0
43505,12,1850,-285,0
43505,13,2190,-320,0
43505,14,2455,-345,0
43505,15,2755,-344,0
43508,16,820,-324,
43508,17,850,-274,
43508,18,1055,-250,
43508,19,1185,-228,
43508,20,1370,-149,0
43509,1,0,1000,1000
43509,2,260,830,
43509,3,960,702,
43509,4,1060,702,
43509,5,1140,702,
43509,6,1140,586,
43509,7,1480,583,
43509,8,1770,626,
43509,9,1960,708,
43509,10,2580,790,
43509,11,3070,1000,1000
43510,2,100,40750,
43510,3,250,40715,
43510,4,400,40699,
43510,5,550,40687,
43510,6,750,40690,
43510,7,850,40692,
43510,8,920,40690,
43510,9,1000,40680,41000
43511,2,10120,10075,10185
43511,3,10140,10070,10185
43511,4,10210,10035,10185
43511,5,10370,10015,10185
43511,6,10470,10010,10185
43511,7,10580,10020,10185
43511,8,10600,10050,10185
43511,9,10600,10050,10050
43511,10,10720,10115,10115
43511,11,10720,10115,10185
43511,12,10870,10115,10185
43511,13,11040,10140,10185
43512,2,10200,10029,
43512,3,10375,,10154
43512,4,10380,,10128
43512,5,10395,10053,10128
43513,1,0,390,400
43513,2,1,37,400
43513,3,80,34,400
43513,4,180,29,400
43513,5,280,30,400
43513,6,390,28,400
43513,7,391,180,400
43513,8,796,180,400
43513,9,797,390,400
43514,2,430,-133,0
43514,3,815,-146,0
43514,4,1070,-124,0
43514,5,1215,-168,0
43514,6,2220,-150,0
43514,7,2420,-184,0
43514,8,2465,-262,0
43514,9,2880,-255,0
43514,10,2950,-181,0
43514,11,4465,-182,0
43514,12,4545,-141,0
43514,13,5005,-132,0
43514,14,5170,-40,0
43515,22,15207,57840,
43515,23,16091,57982,
43515,24,16092,57857,
43515,25,16201,57857,
43515,26,16202,57429,
43515,27,16297,57429,
43515,28,16298,57383,
43515,29,16302,57383,
43515,30,16303,57336,
43515,31,16325,57325,
43515,32,16696,57316,
43515,33,16935,57273,
43515,34,17005,57250,
43515,35,17006,57436,
43515,36,17098,57436,
43515,37,17099,57482,
43515,38,17122,57482,
43515,39,17123,57857,
43515,40,17145,57857,
43515,41,17146,57950,
43515,42,17147,57985,
43515,43,17732,57985,58100
43518,10,420,-68,
43518,11,520,-77,
43518,12,600,-55,
43518,13,730,-59,
43518,14,830,-59,
43518,15,950,-61,
43518,16,1080,-44,
43518,17,1150,-41,
43518,18,1270,-22,
43518,19,1350,-15,
43518,20,1450,1,
43518,21,1510,86,
43518,22,1610,118,
43518,23,1660,143,
43518,24,1710,166,
43518,25,1760,229,532
43519,1,-330,492,500
43519,2,-320,32,
43519,3,-160,-15,
43519,4,-100,-24,
43519,5,-40,16,
43519,6,80,4,
43519,7,230,-4,
43519,8,340,-40,
43519,9,440,-44,
43519,10,590,-64,
43519,11,740,-57,
43519,12,880,-54,
43519,13,1060,-57,
43519,14,1200,-58,
43519,15,1350,-41,
43519,16,1480,-11,
43519,17,1550,-16,
43519,18,1700,23,
43519,19,1701,483,500
43520,1,0,44,1000
43520,2,50,12,
43520,3,100,-1,
43520,4,200,-6,
43520,5,300,-4,
43520,6,400,-1,
43520,7,500,9,
43520,8,600,14,
43520,9,700,19,
43520,10,800,19,
43520,11,850,24,
43520,12,900,0,1000
43521,1,-720,1300,1300
43521,2,0,139,
43521,3,400,99,
43521,4,1400,-95,
43521,5,2400,-56,
43521,6,3400,-15,
43521,7,4400,-42,
43521,8,5400,-66,
43521,9,6400,-95,
43521,10,7400,-116,
43521,11,8400,-123,
43521,12,9400,-144,
43521,13,10400,-176,
43521,14,11400,-155,
43521,15,12400,-198,
43521,16,13400,-216,
43521,17,14400,-232,
43521,18,15400,-203,
43521,19,16400,-271,
43521,20,17400,-245,
43521,21,18400,-30,
43521,22,18800,99,
43521,23,19200,130,
43521,24,21200,1030,1300
43522,1,-18000,-157,0
43522,2,-12000,-172,
43522,3,-9200,-155,
43522,4,0,-245,0
43522,5,480,-265,
43522,6,565,-375,
43522,7,900,-393,
43522,8,1100,-380,
43522,9,1300,-380,
43522,10,1500,-385,
43522,11,1700,-395,
43522,12,1900,-460,
43522,13,2000,-425,
43522,14,2000,0,0
43522,15,2185,0,0
43522,16,2185,-475,
43522,17,2400,-475,
43522,18,2500,-440,
43522,19,2700,-390,
43522,20,2900,-390,
43522,21,3100,-400,
43522,22,3300,-405,
43522,23,3500,-412,
43522,24,3700,-412,
43522,25,3900,-395,
43522,26,4100,-410,
43522,27,4150,-405,0
43522,28,4200,-148,
43522,29,9500,-234,
43522,30,12600,-200,
43522,31,14700,-129,0
43523,1,0,-245,0
43523,2,480,-265,
43523,3,565,-375,
43523,4,900,-393,
43523,5,1100,-380,
43523,6,1300,-380,
43523,7,1500,-385,
43523,8,1700,-395,
43523,9,1900,-460,
43523,10,2000,-425,
43523,11,2000,0,0
43523,12,2185,0,0
43523,13,2185,-475,
43523,14,2400,-475,
43523,15,2500,-440,
43523,16,2700,-390,
43523,17,2900,-390,
43523,18,3100,-400,
43523,19,3300,-405,
43523,20,3500,-412,
43523,21,3700,-412,
43523,22,3900,-395,
43523,23,4100,-410,
43523,24,4150,-405,0
43524,1,0,161,550
43524,2,39,161,550
43524,3,40,72,550
43524,4,210,34,548
43524,5,410,28,546
43524,6,610,23,544
43524,7,710,24,544
43524,8,810,0,542
43524,9,910,0,542
43524,10,1010,8,540
43524,11,1011,183,540
43524,12,1050,183,540
43527,8,2405,151,
43527,9,2650,104,
43527,10,2900,90,
43527,11,3240,100,
43527,12,3400,75,
43527,13,3670,43,
43527,14,3780,22,
43527,15,3990,14,
43527,16,4100,274,
43527,17,4410,372,
43527,18,4650,372,450
43528,15,1100,407,407
43529,13,900,18,288
43529,14,1000,73,288
43530,7,-230,216,565
43530,8,-200,180,565
43530,9,-100,177,565
43530,10,-70,177,565
43530,11,-70,565,565
43530,12,0,565,565
43530,13,0,0,565
43530,14,45,18,565
43530,15,195,9,565
43530,16,345,-16,565
43530,17,495,-12,565
43530,18,695,4,565
43530,19,845,19,565
43530,20,995,32,565
43530,21,1145,43,565
43530,22,1295,73,565
43530,23,1445,83,565
43530,24,1595,107,565
43530,25,1745,118,565
43530,26,1895,107,565
43530,27,1995,106,565
43530,28,1996,565,565
43530,29,2064,565,565
43530,30,2065,140,565
43530,31,2205,134,565
43530,32,2255,144,565
43530,33,2355,184,565
43530,34,2455,222,566
43530,35,2555,268,565
43530,36,2655,307,565
43530,37,2905,312,565
43530,38,3055,313,565
43530,39,3056,565,565
43530,40,3754,565,565
43530,41,3755,339,565
43530,42,3855,320,565
43530,43,4055,318,565
43530,44,4255,319,565
43530,45,4325,323,565
43530,46,4355,331,565
43530,47,4505,337,565
43530,48,4555,345,565
43531,1,-1050,332,565
43531,2,-860,330,565
43531,3,-670,328,565
43531,4,-510,324,565
43531,5,-410,272,565
43531,6,-310,222,565
43531,7,-230,216,565
43531,8,-200,180,565
43531,9,-100,177,565
43531,10,-70,177,565
43531,11,0,0,565
43531,12,45,18,565
43531,13,195,9,565
43531,14,345,-16,565
43531,15,495,-12,565
43531,16,695,4,565
43531,17,845,19,565
43531,18,995,32,565
43531,19,1145,43,565
43531,20,1295,73,565
43531,21,1445,83,565
43531,22,1595,107,565
43531,23,1745,118,565
43531,24,1895,107,565
43531,25,1995,106,565
43531,26,2065,140,565
43531,27,2205,134,565
43531,28,2255,144,565
43531,29,2355,184,565
43531,30,2455,222,566
43531,31,2555,268,565
43531,32,2655,307,565
43531,33,2905,312,565
43531,34,3055,313,565
43531,35,3755,339,565
43531,36,3855,320,565
43531,37,4055,318,565
43531,38,4255,319,565
43531,39,4325,323,565
43531,40,4355,331,565
43531,41,4505,337,565
43531,42,4555,345,565
43532,1,-40,314,500
43532,2,0,283,
43532,3,65,164,
43532,4,200,130,
43532,5,510,139,
43532,6,1000,107,
43532,7,1070,117,
43532,8,1190,102,
43532,9,1280,57,
43532,10,1350,17,
43532,11,1540,0,
43532,12,1620,-13,
43532,13,1700,-24,
43532,14,1780,-30,
43532,15,1880,-38,
43532,16,1980,-41,
43532,17,2040,-45,
43532,18,2110,-53,
43532,19,2130,-63,
43532,20,2210,60,
43532,21,2400,120,
43532,22,2410,372,500
43533,1,0,-174,-174
43533,2,70,-181,79
43533,3,170,-202,208
43533,4,240,-248,262
43533,5,320,-273,334
43533,6,420,-289,389
43533,7,520,-302,454
43533,8,620,-323,474
43533,9,670,-333,490
43533,10,720,-343,474
43533,11,820,-334,454
43533,12,920,-366,389
43533,13,1020,-376,334
43533,14,1130,-381,245
43533,15,1135,-302,238
43533,16,1180,-303,198
43533,17,1270,-267,73
43533,18,1340,-273,-128
43533,19,1350,-242,-242
43534,1,0,125,224
43534,2,85,120,425
43534,3,100,74,441
43534,4,170,45,500
43534,5,270,31,555
43534,6,380,20,598
43534,7,430,34,610
43534,8,490,24,623
43534,9,520,7,627
43534,10,570,-5,631
43534,11,610,-4,630
43534,12,670,-1,628
43534,13,700,41,626
43534,14,810,38,607
43534,15,920,75,570
43534,16,1060,80,470
43534,17,1090,132,437
43534,18,1190,132,232
43535,1,-1250,832,1000
43535,2,-1150,582,
43535,3,-750,332,
43535,4,-720,310,
43535,5,-660,238,
43535,6,-350,138,
43535,7,-220,178,
43535,8,-140,128,
43535,9,0,-52,
43535,10,200,-52,
43535,11,400,-40,
43535,12,600,-28,
43535,13,800,-32,
43535,14,1000,-48,
43535,15,1200,-46,
43535,16,1300,-40,
43535,17,1500,-22,
43535,18,1700,-12,
43535,19,2000,-8,
43535,20,2100,-10,
43535,21,2300,-12,
43535,22,2500,-6,
43535,23,2700,32,
43535,24,2900,176,
43535,25,3100,240,
43535,26,3300,316,
43535,27,3500,320,
43535,28,3750,420,
43535,29,6500,682,1000
43536,1,-568,568,600
43536,2,0,-68,
43536,3,1000,-68,
43536,4,1010,90,
43536,5,2810,90,
43536,6,2820,110,
43536,7,3400,110,
43536,8,3500,568,600
43537,1,-1000,562,600
43537,2,-950,362,
43537,3,-650,262,
43537,4,-400,169,
43537,5,-70,152,
43537,6,30,-68,
43537,7,140,-70,
43537,8,200,-46,
43537,9,560,-54,
43537,10,660,-68,
43537,11,850,-91,
43537,12,970,-93,
43537,13,1150,-101,
43537,14,1270,-88,
43537,15,1450,-88,
43537,16,1610,-71,
43537,17,1770,-50,
43537,18,1850,-15,
43537,19,1990,-38,
43537,20,2230,-30,
43537,21,2430,-32,
43537,22,2540,-17,
43537,23,2756,95,
43537,24,2936,157,
43537,25,3170,240,
43537,26,3670,362,
43537,27,5100,462,600
43538,1,-600,767,800
43538,2,-540,145,
43538,3,-300,145,
43538,4,-200,85,
43538,5,0,91,
43538,6,1680,88,
43538,7,1700,-97,
43538,8,2700,-97,
43538,9,2770,42,
43538,10,2960,92,
43538,11,3300,153,800
43540,1,-1000,295,400
43540,2,0,245,
43540,3,310,211,
43540,4,510,201,
43540,5,710,210,
43540,6,810,177,
43540,7,970,85,
43540,8,1010,18,
43540,9,1140,36,
43540,10,1310,16,
43540,11,1610,16,
43540,12,1910,18,
43540,13,2210,19,
43540,14,2510,35,
43540,15,2810,29,
43540,16,3110,28,
43540,17,3410,39,
43540,18,3710,61,
43540,19,3800,67,
43540,20,3825,140,
43540,21,3890,203,
43540,22,3960,245,400
43541,1,-2200,244,400
43541,2,-1700,237,
43541,3,-1200,225,
43541,4,-800,217,
43541,5,-300,175,
43541,6,0,122,
43541,7,100,83,
43541,8,200,18,
43541,9,250,1,
43541,10,500,6,
43541,11,800,13,
43541,12,1100,26,
43541,13,1400,38,
43541,14,1800,41,
43541,15,2300,38,
43541,16,2600,45,
43541,17,2900,58,
43541,18,3000,205,
43541,19,3400,294,400
43543,13,1075,0,
43543,14,1190,40,
43543,15,1220,120,
43543,16,1500,220,
43543,17,1510,364,500
43544,1,0,0,500
43544,2,205,-130,500
43544,3,955,-160,500
43544,4,965,-101,500
43544,5,1835,-119,500
43544,6,1880,-119,500
43544,7,2045,-117,500
43544,8,3025,-172,500
43544,9,3665,-204,500
43544,10,3675,-262,500
43544,11,4525,-271,500
43544,12,5325,-256,500
43544,13,5605,-260,500
43544,14,5605,50,500
43544,15,5815,50,500
43544,16,5875,-215,500
43544,17,7525,-196,500
43544,18,9955,-100,500
43544,19,10125,0,500
43545,1,-7060,630,630
43545,2,-6890,532,
43545,3,-4460,436,
43545,4,-2540,372,
43545,5,-2260,376,
43545,6,-1460,361,
43545,7,-810,370,
43545,8,-600,324,
43545,9,-450,276,
43545,10,-300,206,
43545,11,-140,136,
43545,12,0,46,
43545,13,220,-14,
43545,14,370,18,
43545,15,520,14,
43545,16,670,14,
43545,17,770,8,
43545,18,870,-2,
43545,19,1020,0,
43545,20,1075,0,
43545,21,1190,40,
43545,22,1220,120,
43545,23,1500,220,
43545,24,2000,500,
43545,25,2400,630,630
43546,25,1450,0,
43546,26,1500,14,
43546,27,1520,20,
43546,28,1660,20,
43546,29,1710,26,
43546,30,1800,35,
43546,31,1860,30,
43546,32,1980,35,
43546,33,2070,57,
43546,34,2210,64,1310
43546,35,2360,54,
43546,36,2450,65,
43546,37,2630,66,
43546,38,2760,81,
43546,39,2810,94,
43546,40,3000,84,
43546,41,3200,53,
43546,42,3300,78,
43546,43,3380,108,
43546,44,3440,128,
43546,45,3480,158,
43546,46,3580,196,
43546,47,3830,302,
43546,48,4030,428,
43546,49,4380,438,
43546,50,4580,541,
43546,51,4680,641,
43546,52,5080,661,
43546,53,5081,861,1400
43547,1,0,625,800
43547,2,300,625,
43547,3,301,426,
43547,4,430,236,
43547,5,530,169,
43547,6,710,151,
43547,7,790,158,
43547,8,860,78,
43547,9,900,83,
43547,10,1005,75,
43547,11,1170,4,
43547,12,1305,15,
43547,13,1500,38,
43547,14,1906,-39,
43547,15,2278,-76,
43547,16,2526,-80,
43547,17,2905,-50,
43547,18,3118,-2,
43547,19,3303,66,
43547,20,3330,74,
43547,21,3480,147,
43547,22,3530,168,
43547,23,3730,245,
43547,24,3830,306,
43547,25,4030,410,
43547,26,4230,460,
43547,27,4640,519,
43547,28,4740,588,
43547,29,4890,698,
43547,30,5130,698,800
43548,1,-740,361,600
43548,2,-200,267,
43548,3,0,224,
43548,4,200,141,
43548,5,600,100,
43548,6,1110,74,
43548,7,1240,43,
43548,8,1400,2,
43548,9,1600,-27,
43548,10,1800,-33,
43548,11,2000,-29,
43548,12,2200,-19,
43548,13,2240,4,
43548,14,2260,97,
43548,15,2470,201,
43548,16,2700,263,
43548,17,2810,274,600
43549,1,10,292,600
43549,2,200,274,600
43549,3,540,184,600
43549,4,650,86,600
43549,5,700,23,600
43549,6,900,-1,600
43549,7,1150,17,600
43549,8,1400,41,600
43549,9,1700,59,600
43549,10,2000,76,600
43549,11,2400,80,600
43549,12,2700,90,600
43549,13,2930,214,600
43549,14,3020,214,600
43551,24,4950,95,
43551,25,5550,192,
43551,26,6050,180,
43551,27,6350,303,500
43552,25,2670,157,
43552,26,2970,187,
43552,27,3370,220,400
43554,6,20,159,
43554,7,21,199,
43554,8,50,199,
43554,9,51,-1,
43554,10,150,-1,
43554,11,151,200,
43554,12,200,200,
43554,13,201,48,
43554,14,1950,48,
43554,15,1951,199,
43554,16,1990,199,
43554,17,1991,159,
43554,18,2180,154,
43554,19,2220,123,
43554,20,2390,381,
43554,21,2500,481,600
43555,1,80,-140,300
43555,2,150,-246,
43555,3,500,-334,
43555,4,650,-407,
43555,5,750,-427,
43555,6,950,-497,
43555,7,1250,-552,
43555,8,1350,-562,
43555,9,1650,-551,
43555,10,1910,-561,
43555,11,2150,-530,
43555,12,2430,-472,
43555,13,2650,-524,
43555,14,2800,-547,
43555,15,3150,-537,
43555,16,3400,-467,
43555,17,3550,-387,
43555,18,3700,-359,
43555,19,3900,-320,
43555,20,4100,-243,
43555,21,4300,-165,
43555,22,4600,-137,
43555,23,5000,-76,
43555,24,5400,0,300
43556,1,-670,169,600
43556,2,-550,169,
43556,3,-200,128,
43556,4,80,74,
43556,5,480,38,
43556,6,780,-35,
43556,7,1080,-46,
43556,8,1280,-63,
43556,9,1480,-64,
43556,10,1680,-66,
43556,11,1880,-77,
43556,12,2090,-77,
43556,13,2280,-64,
43556,14,2480,-68,
43556,15,2680,-69,
43556,16,2880,-49,
43556,17,3230,22,
43556,18,3530,42,
43556,19,3830,43,
43556,20,4130,80,
43556,21,4480,113,
43556,22,4570,151,
43556,23,4830,219,
43556,24,5080,263,
43556,25,5330,270,600
43557,3,1120,330,
43557,4,1470,71,
43557,5,1520,-54,
43557,6,1590,-54,
43557,7,1970,-158,
43557,8,2410,-202,
43557,9,2894,-144,
43557,10,3360,-79,
43557,11,3930,-64,
43557,12,4470,-35,
43557,13,4790,28,
43557,14,5100,27,
43557,15,5220,-4,
43557,16,5270,71,
43557,17,5360,139,
43557,18,5860,188,
43557,19,6260,111,
43557,20,6760,308,
43557,21,7260,374,
43557,22,7760,445,
43557,23,8010,584,
43557,24,8260,724,2000
43558,137,20878,-232,
43558,138,20911,-224,
43558,139,20939,-225,
43558,140,20967,-223,
43558,141,20989,-223,
43558,142,21008,-221,500
43558,143,21024,-217,
43558,144,21039,-217,
43558,145,21051,-214,
43558,146,21067,-213,500
43558,147,21113,-211,
43558,148,21121,-206,
43558,149,21400,-60,
43558,150,21700,100,500
43559,1,-420,317,500
43559,2,-190,152,
43559,3,0,6,
43559,4,100,-58,
43559,5,200,-148,
43559,6,300,-184,
43559,7,400,-213,
43559,8,500,-224,
43559,9,800,-224,
43559,10,1050,-231,
43559,11,1300,-266,
43559,12,1650,-308,
43559,13,2200,-272,
43559,14,2400,-288,
43559,15,2800,-256,
43559,16,3300,-236,
43559,17,3800,-215,
43559,18,4300,-214,
43559,19,4800,-222,
43559,20,5200,-208,
43559,21,5300,-194,
43559,22,5500,-166,
43559,23,5600,-156,
43559,24,5600,-156,
43559,25,5620,-155,
43559,26,5830,-135,
43559,27,6240,-117,
43559,28,6600,-126,
43559,29,6830,-157,
43559,30,7170,-164,
43559,31,7380,-133,
43559,32,7520,-110,
43559,33,7720,-89,
43559,34,7890,-74,
43559,35,7990,-40,
43559,36,8120,11,
43559,37,8230,95,
43559,38,8340,128,
43559,39,8450,189,
43559,40,8540,256,500
43560,1,13700,50,800
43560,2,13850,-30,
43560,3,13904,-90,
43560,4,13912,-82,
43560,5,13913,-81,
43560,6,13917,-86,
43560,7,13922,-101,
43560,8,13927,-99,
43560,9,13928,-89,
43560,10,13933,-91,
43560,11,13946,-92,
43560,12,13975,-97,
43560,13,14001,-103,
43560,14,14032,-110,
43560,15,14067,-117,
43560,16,14103,-131,
43560,17,14141,-142,
43560,18,14184,-149,
43560,19,14221,-157,
43560,20,14254,-172,
43560,21,14286,-177,
43560,22,14314,-178,
43560,23,14348,-185,
43560,24,14387,-189,
43560,25,14436,-193,
43560,26,14487,-195,
43560,27,14533,-197,
43560,28,14582,-200,
43560,29,14630,-202,
43560,30,14675,-204,
43560,31,14720,-205,
43560,32,14776,-203,
43560,33,14836,-205,
43560,34,14897,-205,
43560,35,14953,-207,
43560,36,15007,-206,
43560,37,15060,-208,
43560,38,15113,-209,
43560,39,15153,-213,
43560,40,15200,-208,
43560,41,15239,-214,
43560,42,15292,-215,
43560,43,15339,-219,
43560,44,15393,-220,
43560,45,15445,-221,
43560,46,15495,-223,
43560,47,15548,-225,
43560,48,15607,-224,
43560,49,15664,-230,
43560,50,15715,-226,
43560,51,15755,-236,
43560,52,15785,-236,
43560,53,15815,-234,
43560,54,15864,-237,
43560,55,15933,-236,
43560,56,16001,-234,
43560,57,16066,-231,
43560,58,16132,-229,
43560,59,16195,-226,
43560,60,16262,-222,
43560,61,16324,-221,
43560,62,16384,-215,
43560,63,16450,-216,
43560,64,16519,-216,
43560,65,16582,-214,
43560,66,16633,-213,
43560,67,16699,-212,
43560,68,16753,-217,
43560,69,16826,-204,
43560,70,16894,-222,
43560,71,16967,-226,
43560,72,17028,-222,
43560,73,17090,-230,
43560,74,17152,-232,
43560,75,17218,-235,
43560,76,17288,-233,
43560,77,17370,-238,
43560,78,17450,-237,
43560,79,17524,-237,
43560,80,17603,-238,
43560,81,17697,-232,
43560,82,17783,-236,
43560,83,17861,-238,
43560,84,17947,-238,
43560,85,18034,-240,
43560,86,18119,-242,
43560,87,18200,-244,
43560,88,18288,-246,
43560,89,18372,-246,
43560,90,18464,-250,
43560,91,18559,-250,
43560,92,18659,-248,
43560,93,18764,-251,
43560,94,18870,-252,
43560,95,18977,-248,
43560,96,19093,-249,
43560,97,19211,-245,
43560,98,19318,-240,
43560,99,19419,-238,
43560,100,19510,-234,
43560,101,19597,-225,
43560,102,19646,-216,
43560,103,19671,-214,
43560,104,19676,-206,
43560,105,19681,-196,
43560,106,19749,-201,
43560,107,19823,-210,
43560,108,19898,-219,
43560,109,19961,-224,
43560,110,20022,-232,
43560,111,20110,-237,
43560,112,20197,-243,
43560,113,20270,-248,
43560,114,20331,-250,
43560,115,20383,-251,
43560,116,20432,-239,
43560,117,20480,-227,
43560,118,20532,-246,
43560,119,20584,-240,
43560,120,20638,-237,
43560,121,20687,-238,
43560,122,20743,-235,
43560,123,20800,-232,
43560,124,20853,-233,
43560,125,20909,-228,
43560,126,20966,-223,
43560,127,21024,-220,
43560,128,21083,-216,
43560,129,21136,-216,
43560,130,21189,-210,
43560,131,21218,-199,
43560,132,21277,-199,
43560,133,21327,-186,
43560,134,21375,-174,
43560,135,21422,-160,
43560,136,21464,-136,
43560,137,21480,-127,
43560,138,21503,-120,
43560,139,21520,-117,
43560,140,21544,-112,
43560,141,21563,-98,
43560,142,21575,-95,
43560,143,21578,-95,
43560,144,21675,0,
43560,145,21775,100,800
43561,3,1010,-396,
43561,4,1120,-406,
43561,5,1220,-414,
43561,6,1320,-414,
43561,7,1420,-422,
43561,8,1520,-436,
43561,9,1620,-438,
43561,10,1720,-434,
43561,11,1820,-414,
43561,12,1890,-402,
43561,13,2000,-361,
43561,14,2120,-290,0
43563,19,3190,-374,
43563,20,3290,-365,
43563,21,3360,-114,
43563,22,3510,-102,
43563,23,3590,-100,
43563,24,3660,-93,400
43564,1,0,280,335
43564,2,5,234,
43564,3,130,174,
43564,4,410,65,
43564,5,450,64,
43564,6,530,36,
43564,7,560,31,
43564,8,680,28,
43564,9,830,25,
43564,10,960,16,
43564,11,1070,20,
43564,12,1155,-1,
43564,13,1250,10,
43564,14,1298,30,
43564,15,1360,64,
43564,16,1390,88,
43564,17,1620,286,
43564,18,1630,331,335
43565,1,-300,301,355
43565,2,90,301,
43565,3,95,1,
43565,4,110,1,
43565,5,200,1,
43565,6,350,11,
43565,7,500,11,
43565,8,650,10,
43565,9,800,4,
43565,10,950,5,
43565,11,1100,5,
43565,12,1250,10,
43565,13,1400,21,
43565,14,1500,33,
43565,15,1620,49,
43565,16,1750,71,
43565,17,1900,78,
43565,18,2140,91,
43565,19,2330,107,
43565,20,2460,127,
43565,21,2960,171,
43565,22,3460,244,
43565,23,3960,257,
43565,24,7000,257,355
43566,1,0,90200,90200
43566,2,0,89803,
43566,3,200,89783,
43566,4,470,89773,
43566,5,740,89773,
43566,6,940,89793,
43566,7,940,90200,90200
43567,14,1720,90125,
43567,15,1915,90167,
43567,16,1915,90246,
43567,17,2115,90295,
43567,18,2400,90342,
43567,19,2685,90353,
43567,20,2940,90426,90426
43567,1,0,90426,90426
43567,2,0,90127,
43567,3,255,90120,
43567,4,350,90087,
43567,5,490,90087,
43567,6,700,90055,
43567,7,815,90031,
43567,8,1010,90039,
43567,9,1180,90037,
43567,10,1390,90047,
43567,11,1390,90162,
43567,12,1440,90162,
43567,13,1570,90085,
43568,1,0,111757,111757
43568,2,100,111573,
43568,3,500,111544,
43568,4,1110,111504,
43568,5,1240,111454,
43568,6,1500,111594,
43568,7,1570,111410,
43568,8,1770,111391,
43568,9,1970,111517,
43568,10,2160,111377,
43568,11,2230,111448,
43568,12,2460,111399,
43568,13,2490,111255,
43568,14,2665,111240,
43568,15,2865,111230,
43568,16,3065,111245,
43568,17,3220,111286,
43568,18,3280,111390,
43568,19,3400,111375,
43568,20,3660,111405,
43568,21,3820,111495,
43568,22,3930,111542,
43568,23,4290,111757,111757
43569,14,5180,107032,
43569,15,5380,107033,
43569,16,5380,107139,
43569,17,5500,107122,
43569,18,5650,107148,
43569,19,6230,107149,
43569,20,7160,107140,
43569,21,8540,107125,
43569,22,9840,107128,
43569,23,11280,107115,
43569,24,12240,107153,
43569,25,13560,107236,107236
43569,1,0,107236,107236
43569,2,1020,107177,
43569,3,1780,107100,
43569,4,2310,107103,
43569,5,2730,107120,
43569,6,3270,107144,
43569,7,4410,107150,
43569,8,4750,107112,
43569,9,4930,107143,
43569,10,4930,107032,
43569,11,5130,107032,
43570,1,0,109517,109517
43570,2,200,109473,
43570,3,725,109421,
43570,4,1030,109391,
43570,5,1385,109241,
43570,6,1680,109179,
43570,7,1885,109099,
43570,8,2015,109076,
43570,9,2185,109089,
43570,10,2320,109095,
43570,11,2450,109120,
43570,12,2450,109430,
43570,13,2570,109430,
43570,14,2570,109290,
43570,15,2590,109290,
43570,16,2990,109338,
43570,17,3475,109333,
43570,18,3665,109389,
43570,19,3940,109517,109517
43571,1,-1240,325,500
43571,2,-600,219,
43571,3,-340,191,
43571,4,-280,166,
43571,5,-180,135,
43571,6,0,123,
43571,7,120,105,
43571,8,155,60,
43571,9,170,148,
43571,10,330,143,
43571,11,360,138,
43571,12,420,-27,
43571,13,540,-21,
43571,14,610,-7,
43571,15,670,-9,
43571,16,760,-3,
43571,17,810,-5,
43571,18,850,3,
43571,19,905,35,
43571,20,960,50,
43571,21,1010,28,
43571,22,1020,95,
43571,23,1060,110,
43571,24,1110,89,
43571,25,1185,90,
43571,26,1260,99,
43571,27,1310,128,
43571,28,1410,138,
43571,29,1510,151,
43571,30,1610,159,
43571,31,2010,198,
43571,32,2210,279,
43571,33,2610,439,500
43572,1,0,692,800
43572,2,890,515,
43572,3,900,245,
43572,4,1100,208,
43572,5,1200,74,
43572,6,1295,65,
43572,7,1414,22,
43572,8,1582,5,
43572,9,1750,1,
43572,10,1918,-5,
43572,11,2085,-16,
43572,12,2253,-30,
43572,13,2421,-47,
43572,14,2589,-53,
43572,15,2757,-44,
43572,16,2925,-59,
43572,17,3093,-28,
43572,18,3260,-4,
43572,19,3428,17,
43572,20,3596,20,
43572,21,3710,66,
43572,22,3800,82,
43572,23,3900,142,
43572,24,4000,113,
43572,25,4200,102,
43572,26,4400,124,
43572,27,4600,162,
43572,28,4900,192,
43572,29,5400,202,
43572,30,5700,192,
43572,31,6400,192,
43572,32,7100,233,
43572,33,7900,252,
43572,34,8600,268,
43572,35,9400,250,
43572,36,9900,296,
43572,37,9910,490,
43572,38,10400,490,800
43573,1,0,44300,44300
43573,2,1513,44192,44192
43573,3,1568,44164,44385
43573,4,1678,44109,44550
43573,5,1788,44059,44609
43573,6,1898,44004,44390
43573,7,2008,43949,43949
43573,8,4858,42863,42863
43573,9,4996,42753,43692
43573,10,5616,42692,44625
43573,11,6016,42517,44892
43573,12,6417,42512,45053
43573,13,6817,42546,45142
43573,14,7111,42522,45173
43573,15,7217,42538,45189
43573,16,7617,42525,45121
43573,17,8017,42484,44970
43573,18,8416,42473,44737
43573,19,8816,42495,44373
43573,20,8996,42786,44167
43573,21,9335,42814,42814
43574,1,0,500,500
43574,2,30,496,
43574,3,96,488,
43574,4,170,478,
43574,5,244,468,
43574,6,318,459,
43574,7,392,449,
43574,8,467,440,
43574,9,541,430,
43574,10,615,421,
43574,11,689,411,
43574,12,763,402,
43574,13,837,392,
43574,14,911,384,
43574,15,985,372,
43574,16,1059,366,
43574,17,1133,364,
43574,18,1207,359,
43574,19,1281,347,
43574,20,1355,334,
43574,21,1429,317,
43574,22,1503,308,
43574,23,1577,300,
43574,24,1651,292,
43574,25,1725,283,
43574,26,1800,276,
43574,27,1874,275,
43574,28,1948,277,
43574,29,2022,273,
43574,30,2096,272,
43574,31,2170,268,
43574,32,2244,264,
43574,33,2318,261,
43574,34,2392,254,
43574,35,2466,249,
43574,36,2540,245,
43574,37,2614,237,
43574,38,2689,228,
43574,39,2763,224,
43574,40,2837,213,
43574,41,2911,206,
43574,42,2985,206,
43574,43,3059,214,
43574,44,3133,222,
43574,45,3207,235,
43574,46,3281,250,
43574,47,3355,264,
43574,48,3429,264,
43574,49,3503,272,
43574,50,3577,257,
43574,51,3652,246,
43574,52,3726,238,
43574,53,3800,221,
43574,54,3874,216,
43574,55,3948,202,
43574,56,4022,155,
43574,57,4096,142,
43574,58,4170,125,
43574,59,4244,104,
43574,60,4318,81,
43574,61,4392,77,
43574,62,4466,64,
43574,63,4541,55,
43574,64,4615,60,
43574,65,4689,58,
43574,66,4763,60,
43574,67,4837,60,
43574,68,4911,64,
43574,69,4985,70,
43574,70,5059,75,
43574,71,5133,81,
43574,72,5207,87,
43574,73,5281,86,
43574,74,5355,90,
43574,75,5429,94,
43574,76,5504,91,
43574,77,5578,87,
43574,78,5652,82,
43574,79,5726,61,
43574,80,5800,51,
43574,81,5874,43,
43574,82,5948,38,
43574,83,6022,39,
43574,84,6096,44,
43574,85,6170,46,
43574,86,6244,51,
43574,87,6318,58,
43574,88,6393,69,
43574,89,6467,79,
43574,90,6541,91,
43574,91,6615,104,
43574,92,6689,108,
43574,93,6763,125,
43574,94,6837,109,
43574,95,6911,99,
43574,96,6985,90,
43574,97,7059,74,
43574,98,7133,66,
43574,99,7207,50,
43574,100,7281,39,
43574,101,7356,31,
43574,102,7430,26,
43574,103,7504,27,
43574,104,7578,25,
43574,105,7652,33,
43574,106,7726,45,
43574,107,7800,69,
43574,108,7874,87,
43574,109,7948,113,
43574,110,8022,150,
43574,111,8096,197,
43574,112,8170,227,
43574,113,8245,259,
43574,114,8319,306,
43574,115,8393,331,
43574,116,8467,334,
43574,117,8541,335,
43574,118,8615,337,
43574,119,8689,341,
43574,120,8763,355,
43574,121,8837,365,
43574,122,8911,366,
43574,123,8985,362,
43574,124,9059,363,
43574,125,9133,382,
43574,126,9208,401,
43574,127,9282,420,
43574,128,9356,439,
43574,129,9430,458,
43574,130,9500,500,500
43575,1,0,0,0
43575,2,530,-353,0
43575,3,860,-580,0
43575,4,1210,-780,0
43575,5,1380,-815,0
43575,6,1480,-873,0
43575,7,1655,-922,0
43575,8,1750,-939,0
43575,9,1930,-966,0
43575,10,1990,-965,0
43575,11,2280,-1016,0
43575,12,2480,-1031,0
43575,13,2700,-1040,0
43575,14,2880,-1033,0
43575,15,3080,-1021,0
43575,16,3260,-1015,0
43575,17,3480,-1024,0
43575,18,3780,-1034,0
43575,19,4080,-1013,0
43575,20,4220,-999,0
43575,21,4380,-1009,0
43575,22,4550,-1025,0
43575,23,4750,-1020,0
43575,24,4990,-1021,0
43575,25,5070,-1025,0
43575,26,5240,-1043,0
43575,27,5460,-1044,0
43575,28,5680,-1035,0
43575,29,5830,-992,0
43575,30,5890,-969,0
43575,31,6090,-873,0
43575,32,6110,-829,0
43575,33,6510,-829,0
43575,34,7110,-700,0
43575,35,8410,-629,0
43575,36,10710,-431,0
43575,37,11210,-408,0
43575,38,12070,-357,0
43575,39,12920,-118,0
43575,40,13520,-60,0
43576,1,0,0,0
43576,2,190,-51,
43576,3,450,-140,
43576,4,589,-146,
43576,5,648,-160,
43576,6,707,-177,
43576,7,766,-246,
43576,8,825,-265,
43576,9,884,-279,
43576,10,943,-281,
43576,11,1002,-291,
43576,12,1061,-295,
43576,13,1119,-301,
43576,14,1178,-312,
43576,15,1237,-318,
43576,16,1296,-330,
43576,17,1355,-342,
43576,18,1414,-350,
43576,19,1473,-357,
43576,20,1532,-365,
43576,21,1591,-377,
43576,22,1650,-395,
43576,23,1709,-416,
43576,24,1768,-420,
43576,25,1827,-430,
43576,26,1886,-439,
43576,27,1945,-443,
43576,28,2004,-443,
43576,29,2063,-443,
43576,30,2122,-442,
43576,31,2181,-435,
43576,32,2239,-426,
43576,33,2298,-420,
43576,34,2357,-414,
43576,35,2416,-407,
43576,36,2475,-398,
43576,37,2534,-386,
43576,38,2593,-378,
43576,39,2652,-366,
43576,40,2711,-364,
43576,41,2770,-352,
43576,42,2829,-347,
43576,43,2888,-349,
43576,44,2947,-344,
43576,45,3006,-344,
43576,46,3065,-345,
43576,47,3124,-343,
43576,48,3183,-342,
43576,49,3242,-345,
43576,50,3300,-345,
43576,51,3359,-344,
43576,52,3418,-343,
43576,53,3477,-342,
43576,54,3536,-344,
43576,55,3595,-343,
43576,56,3654,-345,
43576,57,3713,-332,
43576,58,3772,-333,
43576,59,3831,-319,
43576,60,3890,-308,
43576,61,3949,-293,
43576,62,4008,-292,
43576,63,4067,-290,
43576,64,4126,-289,
43576,65,4184,-286,
43576,66,4244,-283,
43576,67,4303,-271,
43576,68,4361,-268,
43576,69,4420,-254,
43576,70,4479,-257,
43576,71,4538,-263,
43576,72,4597,-260,
43576,73,4656,-260,
43576,74,4715,-252,
43576,75,4774,-252,
43576,76,4833,-250,
43576,77,4892,-247,
43576,78,4951,-239,
43576,79,5010,-220,
43576,80,5069,-187,
43576,81,5128,-173,
43576,82,5187,-178,
43576,83,5917,-116,
43576,84,5977,-86,
43576,85,7287,-13,
43576,86,7687,0,0
43577,1,0,50523,50600
43577,2,1001,50392,
43577,3,1936,50282,
43577,4,2866,50181,
43577,5,3277,50135,
43577,6,3766,50054,
43577,7,4722,49988,
43577,8,5650,49887,
43577,9,6507,49811,
43577,10,7396,49771,
43577,11,8183,49691,
43577,12,8469,49600,
43577,13,8667,49492,
43577,14,9074,49405,
43577,15,9507,49366,
43577,16,10167,49361,
43577,17,10719,49361,
43577,18,11306,49325,
43577,19,11852,49353,
43577,20,12266,49381,
43577,21,12658,49385,
43577,22,13018,49378,
43577,23,13493,49451,
43577,24,13881,49596,
43577,25,14026,49617,
43577,26,14525,49911,
43577,27,14749,50062,
43577,28,14951,50216,
43577,29,15209,50408,
43577,30,15342,50441,50600
43578,1,10000,10028,10078
43578,2,10002,,10128
43578,3,10015,,10158
43578,4,10030,,10188
43578,5,10062,,10228
43578,6,10322,,10228
43578,7,10355,,10188
43578,8,10370,,10158
43578,9,10382,,10128
43578,10,10385,10028,10078
