nosec,snoptsec,sabsc,scoteinf,scotesup
1,14,6310,32552,
1,15,6510,32572,
1,16,6520,32772,33000
2,1,0,19467,19500
2,2,400,19017,
2,3,600,18967,
2,4,850,18774,
2,5,1450,18688,
2,6,1850,18677,
2,7,2850,18687,
2,8,3100,18674,
2,9,4050,18704,
2,10,4850,18695,
2,11,5850,18698,
2,12,6450,18713,
2,13,6950,18712,
2,14,7050,18703,
2,15,7300,18703,19500
3,1,0,5456,5500
3,2,1000,5400,
3,3,1100,5400,
3,4,1175,5173,
3,5,1250,5060,
3,6,1350,5043,
3,7,1450,5035,
3,8,1550,5015,
3,9,1850,5040,
3,10,1950,5075,
3,11,2050,5075,
3,12,2150,5173,
3,13,2250,5385,
3,14,2350,5430,
3,15,2450,5430,
3,16,3450,5486,5500
4,1,0,7,450
4,2,120,0,
4,3,800,0,450
4,4,800,450,450
4,5,920,450,450
4,6,920,0,450
4,7,980,0,
4,8,1140,193,
4,9,1940,270,450
4,10,1940,450,450
4,11,2060,450,450
4,12,2060,285,450
4,13,2860,450,450
5,1,640,28990,29170
5,2,790,28990,29380
5,3,990,28985,29510
5,4,1240,28985,29570
5,5,1390,28990,29550
5,6,1590,29011,29460
5,7,1740,29011,29320
5,8,1840,29010,29010
5,9,1960,28960,28960
5,10,1990,28960,29210
5,11,2060,28960,29320
5,12,2210,28970,29460
5,13,2360,28970,29540
5,14,2560,29000,29570
5,15,2760,29010,29540
5,16,2960,29010,29430
5,17,3160,29010,29010
6,1,0,480,480
6,2,100,0,
6,3,1530,0,
6,4,1530,480,480
6,5,1660,480,480
6,6,1660,0,
6,7,2440,0,
6,8,2830,207,
6,9,3190,418,
6,10,3190,480,480
7,1,0,354,354
7,2,300,230,
7,3,400,160,
7,4,500,112,
7,5,650,42,
7,6,800,22,
7,7,950,22,
7,8,1100,30,
7,9,1250,50,
7,10,1400,125,
7,11,1500,224,
7,12,1650,354,354
9,1,0,470,470
9,2,300,320,
9,3,600,204,
9,4,900,112,
9,5,1200,52,
9,6,1500,4,
22,29,6050,550,550
22,30,6150,550,550
22,31,6150,80,550
22,32,6300,75,
22,33,6750,44,
22,34,7150,41,
22,35,7550,77,
22,36,7950,134,
22,37,8100,158,
22,38,8250,160,550
22,39,8250,550,550
22,40,8350,550,550
22,41,8350,260,550
22,42,8550,250,
22,43,8950,162,
22,44,9250,93,
22,45,9550,87,
22,46,9850,153,
22,47,10150,169,
22,48,10400,224,
22,49,10550,240,550
0,1,0,10100,10100
0,2,100,9950,10200
0,3,200,9930,10300
0,4,300,9900,10300
0,5,400,9850,10200
0,6,500,10100,10100
1,1,0,32772,33000
1,2,10,32502,
1,3,260,32367,
1,4,760,32317,
1,5,1960,32302,
1,6,3160,32282,
1,7,4160,32276,
1,8,5160,32276,
181,1,0,120,209
181,2,200,102,
181,3,500,16,
181,4,800,-45,
181,5,1100,-43,
181,6,1300,-23,
181,7,1500,1,
181,8,1650,19,209
181,9,1650,209,209
181,10,1900,209,209
181,11,1900,-19,209
181,12,2050,-37,
181,13,2200,-31,
181,14,2400,-30,
181,15,2700,-43,
181,16,3000,-23,
181,17,3200,-13,
181,18,3350,15,
181,19,3450,33,209
181,20,3450,209,209
181,21,3700,209,209
181,22,3700,7,209
181,23,3850,-11,
181,24,4000,-30,
181,25,4200,-33,
181,26,4500,-36,
181,27,4700,-34,
181,28,4900,-2,
181,29,5050,8,
181,30,5150,26,209
182,1,0,117,210
182,2,200,99,
182,3,500,-20,
182,4,800,-46,
182,5,1100,-47,
182,6,1300,-26,
182,7,1500,1,
182,8,1650,19,210
182,9,1650,210,210
182,10,1900,210,210
182,11,1900,-19,210
182,12,2050,-37,
182,13,2200,-35,
182,14,2400,-34,
182,15,2700,-42,
182,16,3000,-25,
182,17,3200,-9,
182,18,3350,19,
182,19,3450,37,210
182,20,3450,210,210
182,21,3700,210,210
182,22,3700,6,210
1,9,5360,32278,
1,10,5610,32302,
1,11,5760,32352,
1,12,5960,32397,
1,13,6260,32502,
9,7,1700,-14,
9,8,2200,-38,
9,9,2500,-50,
9,10,2800,-90,
9,11,3100,-106,
9,12,3400,-86,
9,13,3700,-34,
9,14,4000,4,
9,15,4300,-6,
9,16,4700,-46,
9,17,5000,-66,
9,18,5500,20,
9,19,5800,4,
9,20,6100,8,
9,21,6400,14,
9,22,6700,36,
9,23,7000,62,
9,24,7300,64,
9,25,7600,106,
9,26,7900,176,
9,27,8000,188,
9,28,8200,412,
9,29,8500,420,470
10,1,0,8100,8300
10,2,100,,8370
10,3,200,8000,8400
10,4,300,,8370
10,5,400,8100,8300
10,6,400,8300,8300
10,7,500,8300,8300
10,8,500,8300,8300
10,9,700,8000,8400
10,10,800,8000,
10,11,900,8100,8300
12,1,0,500,500
12,2,300,37,
12,3,600,37,
12,4,800,55,500
12,5,800,500,500
12,6,1000,500,500
12,7,1000,54,500
12,8,1200,36,
12,9,1400,32,
12,10,1700,51,
12,11,2000,37,
12,12,2250,32,
12,13,2400,50,500
12,14,2400,500,500
12,15,2600,500,500
12,16,2600,-2,500
12,17,2750,-20,
12,18,2850,-57,
12,19,3000,-85,
12,20,3300,-49,
12,21,3600,-31,
211,1,0,365,365
211,2,400,76,
211,3,1000,0,
211,4,1800,14,
211,5,2600,-61,
211,6,3400,27,
211,7,4200,26,
211,8,5000,78,
211,9,5800,69,
211,10,6200,83,
211,11,6400,365,365
211,12,6400,365,365
211,13,6500,365,365
211,14,6500,365,365
211,15,6700,30,
211,16,7100,22,
211,17,7500,34,
211,18,7900,21,
211,19,8300,23,
211,20,8700,24,
211,21,9100,64,
211,22,9300,61,
211,23,9600,365,365
212,1,0,229,319
212,2,100,229,
212,3,250,218,
212,4,500,239,
212,5,600,239,319
212,6,600,319,319
212,7,700,319,319
212,8,700,103,319
212,9,800,103,
212,10,1200,50,
12,22,3800,-46,
12,23,3950,-28,500
12,24,3950,500,500
12,25,4050,500,500
12,26,4050,-60,500
12,27,4250,-78,
12,28,4400,84,
12,29,5600,45,
12,30,5700,63,500
12,31,5700,500,500
12,32,5900,500,500
12,33,5900,81,500
12,34,6000,63,
12,35,7300,500,500
13,1,0,157,500
13,2,900,99,
13,3,1200,99,
13,4,1400,117,500
13,5,1400,500,500
13,6,1600,500,500
13,7,1600,30,500
13,8,2100,30,
13,9,2900,72,
13,10,3000,90,500
13,11,3000,500,500
13,12,3200,500,500
13,13,3200,-25,500
13,14,3400,-43,
13,15,3600,-66,
13,16,3900,-116,
13,17,4200,-219,
13,18,4400,-227,
13,19,4650,-232,
13,20,4650,-214,500
13,21,4650,500,500
13,22,4850,500,500
13,23,4850,-36,500
13,24,5000,-54,
13,25,5200,-98,
13,26,5500,-70,
13,27,5800,51,
13,28,6300,51,500
13,29,6300,500,500
13,30,6500,500,500
13,31,6500,42,500
13,32,6600,42,
13,33,7300,500,500
14,1,0,122,500
14,2,100,119,
14,3,300,122,
14,4,500,120,
14,5,700,113,
14,6,900,107,
14,7,1100,94,
14,8,1200,92,500
14,9,1200,500,500
14,10,1300,500,500
14,11,1300,107,500
14,12,1400,100,
14,13,1550,62,
14,14,1700,36,
14,15,2100,44,
14,16,2250,39,
14,17,2400,57,
14,18,2500,57,500
14,19,2500,500,500
14,20,2600,500,500
14,21,2600,-33,500
14,22,2700,-33,
14,23,2900,-144,
14,24,3100,-158,
14,25,3300,-218,
14,26,3500,-229,
14,27,3700,-224,
14,28,3800,-223,500
14,29,3800,500,500
14,30,3900,500,500
14,31,3900,-43,500
14,32,4000,-46,
14,33,4100,-86,
14,34,4300,-73,
14,35,4500,-33,
14,36,4700,3,
14,37,4900,71,
14,38,5000,88,
14,39,5100,88,500
14,40,5100,500,500
14,41,5200,500,500
14,42,5200,67,500
14,43,5300,64,
14,44,5400,127,
212,11,1450,14,
14,45,5700,107,
14,46,6000,117,
14,47,6200,140,
14,48,6300,153,
14,49,6400,157,500
15,1,0,102,500
15,2,150,85,
15,3,400,81,
15,4,600,62,
15,5,800,64,
15,6,1000,70,
15,7,1200,55,
15,8,1400,75,
15,9,1600,56,
15,10,1750,62,500
15,11,1750,500,500
15,12,1850,500,500
15,13,1850,112,500
15,14,2050,109,
15,15,2350,69,
15,16,2850,31,
15,17,3150,45,
15,18,3650,26,
15,19,4150,47,
15,20,4650,24,
15,21,5250,-33,
15,22,5750,-68,
15,23,6350,-68,
15,24,6950,81,
15,25,7450,120,
15,26,8050,88,
15,27,8550,80,
15,28,8950,77,
15,29,9350,92,
15,30,9650,109,
15,31,9850,500,500
19,1,0,122,500
19,2,100,119,
19,3,300,122,
19,4,500,120,
19,5,700,113,
19,6,900,107,
19,7,1100,94,
19,8,1200,92,500
19,9,1200,500,500
19,10,1300,500,500
19,11,1300,107,500
19,12,1400,100,
19,13,1550,62,
19,14,1700,36,
17,1,0,102,252
17,2,150,85,
17,3,400,81,
17,4,600,62,
17,5,800,64,
17,6,1000,70,
17,7,1200,55,
17,8,1400,75,
17,9,1600,56,
17,10,1750,62,252
17,11,1750,252,252
17,12,1850,252,252
17,13,1850,112,252
17,14,2050,109,
17,15,2350,69,
17,16,2850,31,
17,17,3150,45,
17,18,3650,26,
17,19,4150,47,
17,20,4650,24,
17,21,5250,-33,
17,22,5750,-68,
17,23,6350,-68,
17,24,6950,81,
17,25,7450,120,
17,26,8050,88,
17,27,8550,80,
17,28,8950,77,
17,29,9350,92,
17,30,9650,109,
17,31,9850,252,252
18,1,270,66,200
18,2,285,48,
18,3,330,-23,
18,4,400,-24,
18,5,470,-25,
18,6,540,-22,
18,7,610,-16,
18,8,680,-10,
18,9,750,5,
19,15,2100,44,
19,16,2250,39,
19,17,2400,57,
19,18,2500,57,500
19,19,2500,500,500
19,20,2600,500,500
19,21,2600,-33,500
19,22,2700,-33,
19,23,2900,-144,
19,24,3100,-158,
19,25,3300,-218,
19,26,3500,-229,
19,27,3700,-224,
19,28,3800,-223,500
19,29,3800,500,500
19,30,3900,500,500
19,31,3900,-43,500
19,32,4000,-46,
19,33,4100,-86,
19,34,4300,-73,
19,35,4500,-33,
19,36,4700,3,
19,37,4900,71,
19,38,5000,88,
19,39,5100,87,500
19,40,5100,500,500
19,41,5200,500,500
19,42,5200,67,500
19,43,5300,64,
19,44,5400,127,
19,45,5700,107,
19,46,6000,117,
19,47,6200,140,
19,48,6300,153,
19,49,6400,157,500
19,50,6400,500,500
19,51,6500,500,500
19,52,6500,230,500
19,53,6600,230,
19,54,6700,230,
19,55,6900,230,
19,56,7100,230,
19,57,7250,230,
19,58,7320,230,500
19,59,7320,500,500
19,60,7420,500,500
19,61,7420,230,500
18,10,820,15,
18,11,890,20,
18,12,930,21,
18,13,960,39,200
19,62,7470,230,
19,63,7620,230,
19,64,7820,230,
19,65,8020,230,
19,66,8190,230,
19,67,8240,230,500
20,1,0,70,110
20,2,50,62,
20,3,130,54,
20,4,230,61,
20,5,310,64,
20,6,390,54,
20,7,430,49,
20,8,470,55,110
20,9,470,110,110
20,10,570,110,110
20,11,570,60,110
20,12,610,53,
20,13,660,65,
20,14,730,58,
20,15,810,60,
20,16,890,63,
20,17,970,72,
20,18,1010,71,
20,19,1060,75,110
21,1,0,124,300
21,2,150,81,
21,3,300,91,
21,4,500,66,
21,5,650,70,
21,6,730,70,300
21,7,730,300,300
21,8,830,300,300
21,9,830,70,300
21,10,930,71,
21,11,1130,42,
21,12,1330,17,
21,13,1530,6,
21,14,1730,6,
21,15,1930,15,
21,16,2030,22,
21,17,2050,24,300
21,18,2050,300,300
21,19,2150,300,300
21,20,2150,9,300
21,21,2220,8,
21,22,2420,12,
21,23,2620,11,
21,24,2820,19,
21,25,3020,35,
21,26,3120,61,
21,27,3220,86,
21,28,3350,129,300
22,1,0,240,550
22,2,100,237,
22,3,250,237,
22,4,400,231,
22,5,600,233,
22,6,800,232,
22,7,1000,233,
22,8,1200,232,
22,9,1400,240,
22,10,1600,233,
22,11,1750,255,550
22,12,1750,550,550
22,13,1850,550,550
22,14,1850,440,550
22,15,3750,338,
22,16,3850,350,550
22,17,3850,550,550
22,18,3950,550,550
22,19,3950,340,550
22,20,4050,328,
22,21,4200,181,
22,22,4350,98,
22,23,4750,79,
22,24,5150,59,
22,25,5550,4,
22,26,5850,36,
22,27,5950,344,
22,28,6050,360,550
182,23,3850,-12,
182,24,4000,-22,
182,25,4200,-26,
182,26,4500,-35,
182,27,4700,-27,
182,28,4900,3,
182,29,5050,6,
182,30,5150,24,210
183,1,0,13,212
183,2,200,-5,
183,3,400,-49,
183,4,700,-35,
183,5,1000,-22,
183,6,1300,-5,
183,7,1450,-27,
183,8,1550,-9,212
183,9,1550,212,212
183,10,1800,212,212
183,11,1800,-32,212
183,12,1950,-50,
183,13,2050,-52,
183,14,2200,-43,
183,15,2500,-26,
183,16,2800,-27,
183,17,3100,-34,
183,18,3250,-44,
183,19,3350,-26,212
183,20,3350,212,212
183,21,3600,212,212
183,22,3600,-29,212
183,23,3750,-47,
183,24,3900,-39,
183,25,4100,-31,
183,26,4400,-24,
66,1,0,0,53
66,2,20,0,
66,3,70,0,
66,4,140,-12,
66,5,210,-16,
66,6,280,-16,
66,7,350,-10,
66,8,420,0,
66,9,490,12,
66,10,560,28,
183,27,4800,116,
183,28,5100,212,212
184,1,0,-31,179
184,2,100,-34,
184,3,300,-30,
184,4,500,-34,
184,5,700,-38,
184,6,900,-29,
184,7,1100,-23,
184,8,1300,-28,
184,9,1400,-30,
184,10,1520,-26,179
184,11,1520,179,179
184,12,1620,179,179
184,13,1620,-21,179
184,14,1720,-25,
184,15,2020,-42,
184,16,2320,-32,
184,17,2620,-45,
184,18,2920,-44,
184,19,3120,-61,
184,20,3220,-61,179
184,21,3220,179,179
184,22,3320,179,179
184,23,3320,-71,179
184,24,3420,-75,
184,25,3620,-45,
184,26,3820,-32,
184,27,4020,-22,
184,28,4320,39,179
185,1,0,-2,170
185,2,200,-20,
185,3,400,-40,
185,4,700,-34,
185,5,1000,-26,
185,6,1200,-22,
185,7,1300,-4,
185,8,1450,-36,
185,9,1550,-38,
185,10,1600,-20,170
185,11,1600,170,170
185,12,1800,170,170
185,13,1800,-70,170
185,14,1900,-88,
185,15,1950,-62,
185,16,2100,-50,
185,17,2400,-36,
185,18,2700,-34,
185,19,3000,-38,
185,20,3150,-38,
185,21,3300,-44,
185,22,3400,-26,170
185,23,3400,170,170
185,24,3600,170,170
185,25,3600,-32,170
185,26,3700,-50,
185,27,3750,-32,
185,28,3900,-34,
185,29,4200,-22,
185,30,4450,-14,
185,31,4800,98,
185,32,5100,170,170
186,1,0,-14,186
186,2,150,-18,
186,3,400,-66,
186,4,700,-28,
186,5,1000,-4,
186,6,1200,-10,
186,7,1450,-14,186
186,8,1450,186,186
186,9,1750,186,186
186,10,1750,-14,186
186,11,1900,-42,
186,12,2100,-40,
186,13,2300,-42,
66,11,630,32,
66,12,660,41,53
133,16,1900,252,
133,17,2050,285,
133,18,2150,314,
133,19,2250,352,352
134,1,0,350,350
134,2,200,239,
134,3,400,139,
134,4,700,106,
134,5,1000,167,
134,6,1300,125,
134,7,1600,113,
134,8,1900,75,
134,9,2150,118,
134,10,2400,270,
134,11,2700,350,350
135,1,0,-2,347
135,2,200,-2,
135,3,350,8,
135,4,500,10,
212,12,1650,11,
212,13,2100,-29,
212,14,2400,-4,
212,15,2700,6,
212,16,2950,-41,
135,5,600,10,347
135,6,600,347,347
135,7,700,347,347
135,8,700,252,347
135,9,800,252,
135,10,950,256,
135,11,1050,256,347
136,1,0,193,343
136,2,80,22,
136,3,160,30,
136,4,240,-23,
136,5,320,-7,
136,6,400,7,
136,7,480,-8,
136,8,530,-5,
136,9,600,173,343
136,10,600,343,343
136,11,700,343,343
136,12,700,263,343
136,13,750,255,
136,14,800,251,
136,15,850,254,
136,16,900,252,
136,17,950,253,
136,18,1000,253,
136,19,1050,263,343
137,1,0,56,336
137,2,70,20,
137,3,170,-15,
137,4,270,-21,
137,5,370,3,
137,6,470,5,
137,7,570,12,
137,8,620,16,336
137,9,620,336,336
137,10,720,336,336
137,11,720,250,336
137,12,770,247,
137,13,840,245,
137,14,940,248,
137,15,990,247,
137,16,1040,256,336
138,1,0,92,300
138,2,150,74,
138,3,250,96,
138,4,350,74,
138,5,450,62,
138,6,550,44,
138,7,650,40,
138,8,750,38,
138,9,850,44,
138,10,1000,300,300
139,1,0,274,274
139,2,150,54,
139,3,300,16,
139,4,450,-1,
139,5,600,27,
139,6,750,4,
139,7,900,1,
139,8,1050,11,
139,9,1200,5,
139,10,1400,274,274
140,1,0,30,243
140,2,100,30,
140,3,300,13,
140,4,500,40,
140,5,700,19,
140,6,900,11,
144,1,0,112,112
144,2,200,39,
144,3,400,31,
144,4,600,33,
144,5,1000,19,
140,7,1050,23,
140,8,1200,23,243
141,1,0,229,229
141,2,100,103,
141,3,250,33,
141,4,400,21,
141,5,550,38,
141,6,700,13,
141,7,850,17,
141,8,1000,34,
141,9,1150,42,
141,10,1270,229,229
142,1,0,47,197
142,2,100,29,
142,3,250,9,
142,4,400,31,
142,5,550,9,
142,6,700,15,
142,7,850,36,
142,8,1100,54,197
143,1,0,47,197
143,2,100,29,
143,3,250,9,
143,4,400,31,
143,5,550,9,
143,6,700,15,
143,7,850,36,
143,8,1100,54,197
144,6,1400,17,
144,7,1800,28,
144,8,2200,31,
144,9,2600,3,
144,10,3000,4,
144,11,3400,12,
144,12,3800,16,
144,13,3950,33,
144,14,4100,112,112
145,1,0,115,115
145,2,150,36,
145,3,400,26,
145,4,700,42,
145,5,1000,28,
145,6,1400,27,
145,7,1900,38,
145,8,2200,29,
145,9,2600,38,
145,10,3000,41,
145,11,3400,45,
145,12,3750,52,
145,13,3900,115,115
146,1,0,103,103
146,2,300,45,
146,3,700,23,
146,4,1100,13,
146,5,1600,15,
146,6,2000,35,
146,7,2400,21,
146,8,2800,7,
146,9,3200,13,
146,10,3600,29,
146,11,3900,35,
146,12,4100,103,103
147,1,0,121,121
147,2,500,39,
147,3,800,35,
147,4,1100,27,
147,5,1500,16,
147,6,1900,10,
147,7,2300,36,
147,8,2700,14,
147,9,3100,13,
147,10,3500,21,
147,11,3900,18,
147,12,4100,26,
147,13,4300,121,121
148,1,0,128,128
148,2,100,50,
148,3,500,47,
148,4,900,40,
148,5,1300,10,
148,6,1700,32,
148,7,2100,43,
148,8,2500,5,
148,9,2900,11,
148,10,3300,14,
148,11,3700,22,
132,1,0,271,371
132,2,200,45,
132,3,350,42,
132,4,500,16,
132,5,650,46,
132,6,800,25,
148,12,3900,50,
148,13,4050,128,128
149,1,0,130,130
149,2,250,50,
149,3,500,20,
149,4,1000,22,
149,5,1500,23,
149,6,2000,29,
149,7,2500,16,
149,8,3000,13,
149,9,3500,31,
149,10,3900,36,
149,11,4200,130,130
150,1,0,152,152
150,2,600,26,
150,3,2600,98,
150,4,3000,55,
150,5,3400,23,
150,6,3900,16,
150,7,4400,24,
150,8,4900,39,
150,9,5400,10,
150,10,5900,5,
150,11,6300,27,
150,12,6700,39,
150,13,6900,152,152
151,1,0,41,158
151,2,400,23,
151,3,900,9,
151,4,1400,80,
151,5,1900,40,
151,6,2400,66,
151,7,2900,30,
151,8,3400,10,
151,9,3900,6,
151,10,4400,4,
151,11,4900,36,
151,12,5400,14,
151,13,5900,9,
151,14,6400,21,
151,15,6700,29,
151,16,6900,158,158
152,1,0,165,165
152,2,1100,4,
152,3,1600,87,
152,4,2900,55,
152,5,3300,22,
152,6,3800,-4,
152,7,4300,1,
152,8,4600,8,
152,9,4900,36,
152,10,5300,1,
152,11,5800,-8,
152,12,6300,20,
152,13,6700,27,
152,14,6900,165,165
153,1,0,107,227
153,2,200,87,
153,3,500,37,
153,4,800,23,
153,5,1400,42,
153,6,2000,65,
153,7,2500,96,
153,8,2900,82,
153,9,3300,21,
153,10,3600,33,
153,11,3900,45,
153,12,4300,38,
153,13,4500,20,
153,14,4800,25,
153,15,5100,25,
153,16,5400,19,
153,17,5700,25,
153,18,6000,25,
153,19,6300,31,
153,20,6600,36,
153,21,6800,55,
153,22,7000,27,227
132,7,950,13,
132,8,1100,23,
132,9,1250,271,371
132,10,1250,371,371
132,11,1350,371,371
132,12,1350,321,371
132,13,1450,283,
132,14,1550,256,
132,15,1650,257,
132,16,1750,259,
132,17,1850,291,
132,18,1950,310,
132,19,2050,321,371
133,1,0,60,352
133,2,100,60,
133,3,250,35,
133,4,400,24,
133,5,550,40,
133,6,700,11,
133,7,850,18,
133,8,1000,48,
133,9,1100,32,
133,10,1300,32,352
133,11,1300,352,352
133,12,1400,352,352
133,13,1400,352,352
133,14,1600,275,
133,15,1750,253,
154,1,0,230,230
154,2,300,112,
154,3,700,32,
154,4,1000,25,
154,5,1700,48,
154,6,2500,46,
154,7,3100,86,
154,8,3500,22,
154,9,3800,21,
154,10,4200,42,
154,11,4550,19,
154,12,4900,20,
154,13,5300,46,
154,14,5700,9,
154,15,6100,19,
154,16,6500,30,
154,17,6900,42,
154,18,7250,99,
154,19,7500,230,230
155,60,14150,286,286
155,61,14250,286,286
155,62,14250,141,286
155,63,14350,123,
155,64,14500,94,
155,65,14650,101,
155,66,14750,119,286
155,67,14750,286,286
155,68,14850,286,286
155,69,14850,110,286
155,70,15000,92,
155,71,15200,87,
155,72,15350,105,286
155,1,0,286,286
155,2,100,205,
155,3,300,158,
155,4,500,160,
155,5,650,286,286
155,6,650,286,286
155,7,750,286,286
155,8,750,286,286
155,9,900,125,
155,10,1100,63,
155,11,1250,68,
155,12,1450,64,
155,13,1600,286,286
155,14,1600,286,286
155,15,1700,286,286
155,16,1700,286,286
155,17,1850,151,
155,18,2000,85,
155,19,2150,95,
155,20,2300,159,
155,21,2400,286,286
155,22,2400,286,286
155,23,2500,286,286
155,24,2500,286,286
155,25,2650,146,
155,26,2850,105,
155,27,3050,146,
155,28,3250,286,286
155,29,3250,286,286
155,30,3350,286,286
155,31,3350,111,286
155,32,3550,93,
155,33,3850,21,
155,34,4350,-4,
155,35,4850,59,
155,36,5350,77,
155,37,5850,86,
155,38,6350,42,
155,39,6850,-5,
155,40,7350,-7,
155,41,7850,7,
155,42,8350,21,
155,43,8850,-4,
155,44,9350,-17,
155,45,9850,-4,
155,46,10250,45,
155,47,10450,63,286
155,48,10450,286,286
155,49,10550,286,286
155,50,10550,164,286
155,51,10750,146,
155,52,11050,151,
155,53,11550,173,
155,54,12050,163,
155,55,12550,161,
155,56,13050,162,
155,57,13550,146,
155,58,13950,130,
155,59,14150,148,286
156,1,0,264,264
156,2,300,170,
156,3,600,124,
156,4,1000,67,
156,5,1400,19,
156,6,2300,16,
156,7,2700,46,
156,8,3200,16,
156,9,3800,20,
156,10,4300,28,
156,11,4800,74,
156,12,5300,264,264
157,37,10450,-46,
157,38,11150,7,
157,39,11750,37,
157,40,12150,338,338
157,41,12150,338,338
157,42,12250,338,338
157,43,12250,338,338
157,44,12600,177,
157,45,13050,186,
157,46,13750,183,
157,47,14450,176,
157,48,15150,175,
157,49,15650,148,
157,50,15950,338,338
157,51,15950,338,338
157,52,16050,338,338
157,53,16050,338,338
157,54,16350,152,
157,55,16650,132,
157,56,16950,121,
157,57,17250,142,
157,58,17500,338,338
157,59,17500,338,338
157,60,17600,338,338
157,61,17600,338,338
157,62,17750,233,
157,63,17950,244,
157,64,18100,293,
157,65,18200,338,338
157,1,0,338,338
157,2,200,249,
157,3,500,189,
157,4,800,209,
157,5,1000,338,338
157,6,1000,338,338
157,7,1100,338,338
157,8,1100,338,338
157,9,1400,161,
157,10,1700,88,
157,11,2000,126,
157,12,2300,338,338
157,13,2300,338,338
157,14,2400,338,338
157,15,2400,338,338
157,16,2700,128,
157,17,2950,104,
157,18,3200,209,
157,19,3450,338,338
157,20,3450,338,338
157,21,3550,338,338
157,22,3550,338,338
157,23,3850,156,
157,24,4200,146,
189,15,2500,-26,
189,16,2800,-27,
189,17,3100,-34,
189,18,3250,-44,
189,19,3350,-26,212
189,20,3350,212,212
189,21,3600,212,212
189,22,3600,-29,212
189,23,3750,-47,
189,24,3900,-39,
189,25,4100,-31,
189,26,4400,-24,
189,27,4800,116,
189,28,5100,212,212
189,29,5100,212,212
189,30,5200,212,212
189,31,5200,212,212
189,32,5700,155,
189,33,6000,96,
189,34,6300,90,
189,35,6500,83,
189,36,6850,57,
189,37,7100,75,
189,38,7300,84,
189,39,7700,81,
189,40,7900,88,
189,41,8100,89,
189,42,8500,75,
189,43,8800,87,
189,44,8900,87,
189,45,9300,89,
189,46,9600,96,
189,47,9900,106,
189,48,10400,212,212
189,49,10400,212,212
189,50,10500,212,212
189,51,10500,212,212
189,52,10800,33,
189,53,10900,35,
189,54,11000,37,
189,55,11150,48,
189,56,11250,66,212
189,57,11250,212,212
189,58,11350,212,212
189,59,11350,87,212
189,60,11450,69,
189,61,11600,73,
189,62,11800,72,
189,63,12100,212,212
189,64,12100,212,212
189,65,12200,212,212
189,66,12200,212,212
189,67,12450,76,
189,68,12700,71,
189,69,12900,74,
189,70,13100,70,
189,71,13300,73,
189,72,13500,72,
189,73,13900,212,212
189,74,13900,212,212
189,75,14000,212,212
189,76,14000,212,212
189,77,14200,36,
189,78,14350,47,
189,79,14500,47,
189,80,14600,84,
189,81,14900,212,212
189,82,14900,212,212
189,83,15000,212,212
189,84,15000,212,212
189,85,15200,103,
189,86,15350,106,
189,87,15500,108,
189,88,15650,110,
189,89,15800,212,212
189,90,15800,212,212
189,91,15900,212,212
189,92,15900,212,212
189,93,16050,119,
189,94,16200,80,
189,95,16400,79,
189,96,16500,111,
189,97,16700,212,212
189,98,16700,212,212
189,99,16800,212,212
189,100,16800,212,212
189,101,16930,92,
189,102,17000,80,
189,103,17150,81,
189,104,17300,212,212
189,105,17300,212,212
189,106,17400,212,212
189,107,17400,129,212
189,108,17500,111,
189,109,17600,111,
189,110,17700,110,
189,111,17800,112,
189,112,18100,212,212
190,1,0,-2,170
190,2,200,-20,
190,3,400,-40,
190,4,700,-34,
190,5,1000,-26,
190,6,1200,-22,
190,7,1300,-4,
190,8,1450,-36,
190,9,1550,-38,
190,10,1600,-20,170
190,11,1600,170,170
190,12,1800,170,170
190,13,1800,-70,170
190,14,1900,-88,
190,15,1950,-62,
190,16,2100,-50,
190,17,2400,-36,
190,18,2700,-34,
190,19,3000,-38,
190,20,3150,-38,
190,21,3300,-44,
190,22,3400,-26,170
190,23,3400,170,170
190,24,3600,170,170
190,25,3600,-32,170
190,26,3700,-50,
190,27,3750,-32,
190,28,3900,-34,
190,29,4200,-22,
190,30,4450,-14,
190,31,4800,98,
190,32,5100,170,170
190,33,5100,170,170
190,34,5200,170,170
190,35,5200,170,170
190,36,5600,108,
190,37,5900,108,
190,38,6400,78,
190,39,6700,98,
190,40,7300,101,
190,41,8300,104,
190,42,9100,120,
190,43,9500,170,170
190,44,9500,170,170
190,45,9600,170,170
190,46,9600,125,170
190,47,9680,106,
190,48,9750,96,
190,49,9850,96,
190,50,9950,98,
190,51,10050,116,170
191,1,0,207,207
191,2,400,84,
191,3,800,207,207
191,4,800,207,207
191,5,1000,207,207
191,6,1000,117,207
191,7,1200,112,
191,8,1600,117,
191,9,1900,207,207
191,10,1900,207,207
191,11,2000,207,207
191,12,2000,207,207
191,13,2300,35,
191,14,2700,68,
191,15,3000,207,207
191,16,3000,207,207
191,17,4000,207,207
191,18,4000,117,207
191,19,4300,99,
191,20,4700,61,
191,21,5100,69,
191,22,5550,74,
191,23,5950,207,207
191,24,5950,207,207
191,25,6000,207,207
191,26,6000,207,207
191,27,6400,88,
191,28,6650,88,
191,29,6900,78,
191,30,7400,75,
191,31,7800,60,
191,32,8200,207,207
191,33,8200,207,207
191,34,9000,207,207
191,35,9000,207,207
191,36,9450,143,
191,37,9950,89,
191,38,10750,63,
191,39,11550,84,
191,40,12550,79,
191,41,13450,83,
191,42,14100,207,207
191,43,14100,207,207
191,44,20000,207,207
191,45,20000,207,207
191,46,20150,-20,
191,47,20450,-64,
191,48,20850,-22,
191,49,21300,-18,
191,50,21800,-60,
191,51,21900,-60,207
191,52,21900,207,207
191,53,22100,207,207
191,54,22100,-29,207
191,55,22300,-29,
191,56,22800,-43,
191,57,23400,-38,
191,58,23700,-38,207
191,59,23700,207,207
191,60,23900,207,207
191,61,23900,-44,207
191,62,24000,-44,
191,63,24600,-27,
191,64,25200,71,
191,65,25850,207,207
192,1,0,20,500
192,2,90,2,
192,3,700,-22,
192,4,1270,-8,
192,5,1440,10,500
192,6,1440,500,500
192,7,1690,500,500
192,8,1690,11,500
192,9,1810,-7,
192,10,2390,-43,
192,11,3010,-28,
192,12,3240,-10,500
192,13,3240,500,500
192,14,3490,500,500
192,15,3490,-2,500
192,16,3640,-20,
192,17,4210,-45,
192,18,4450,-38,
192,19,5150,500,500
192,20,5150,500,500
192,21,5250,500,500
192,22,5250,500,500
192,23,5840,68,
192,24,6640,60,
192,25,7450,74,
192,26,8130,84,
192,27,9090,73,
192,28,9610,500,500
192,29,9610,500,500
192,30,9710,500,500
192,31,9710,500,500
192,32,10250,69,
192,33,10500,500,500
192,34,10500,500,500
192,35,10600,500,500
192,36,10600,54,500
192,37,10690,36,
192,38,11030,32,
192,39,11460,500,500
192,40,11460,500,500
192,41,11560,500,500
192,42,11560,500,500
192,43,11980,72,
192,44,12490,125,
192,45,12950,117,
192,46,12950,500,500
192,47,12950,500,500
192,48,13050,500,500
192,49,13050,500,500
192,50,13280,91,
192,51,13540,52,
192,52,13820,85,
192,53,14100,500,500
192,54,14100,500,500
192,55,14200,500,500
192,56,14200,500,500
192,57,14400,111,
192,58,14660,105,
192,59,14910,125,
192,60,15040,500,500
192,61,15040,500,500
192,62,15140,500,500
195,44,10000,40,210
195,45,10090,40,40
196,1,15770,390,390
196,2,15770,50,390
196,3,16350,50,390
196,4,16350,390,390
197,1,17350,110,110
197,2,17450,110,200
197,3,17550,110,250
197,4,17650,110,270
197,5,17750,110,280
197,6,17850,110,270
197,7,17950,110,250
197,8,18050,110,200
197,9,18150,110,110
198,1,0,-25,250
198,2,100,-25,370
198,3,300,-25,530
198,4,500,-25,620
198,5,700,-25,665
198,6,780,-25,670
198,7,820,-25,670
198,8,900,-25,670
198,9,980,-25,665
198,10,1100,-25,630
198,11,1300,-25,550
198,12,1400,-25,485
198,13,1500,-25,410
198,14,1630,-25,250
198,15,1630,250,250
198,16,1930,250,250
198,17,1930,-25,250
198,18,2030,-25,370
198,19,2130,-25,460
198,20,2330,-25,575
198,21,2530,-25,635
198,22,2690,-25,650
198,23,2730,-25,650
198,24,2930,-25,615
198,25,3130,-25,530
198,26,3230,-25,470
198,27,3330,-25,380
198,28,3430,-25,250
198,29,3430,250,250
198,30,3730,250,250
198,31,3730,-25,250
198,32,3830,-25,370
198,33,3930,-25,450
198,34,4130,-25,560
198,35,4330,-25,610
198,36,4450,-25,620
198,37,4530,-25,620
198,38,4730,-25,580
198,39,4930,-25,485
198,40,5030,-25,410
198,41,5130,-25,310
198,42,5170,-25,250
198,43,5170,250,250
199,1,20700,300,300
199,2,20700,80,300
199,3,21190,80,300
199,4,21190,300,300
200,1,19150,120,120
200,2,19200,120,200
200,3,19300,120,270
200,4,19400,120,300
200,5,19425,120,300
200,6,19500,120,290
200,7,19600,120,250
200,8,19650,120,200
200,9,19700,120,120
201,1,0,-14,186
201,2,150,-18,
201,3,400,-66,
201,4,700,-28,
201,5,1000,-4,
201,6,1200,-10,
201,7,1450,-14,186
201,8,1450,186,186
201,9,1750,186,186
201,10,1750,-14,186
201,11,1900,-42,
201,12,2100,-40,
201,13,2300,-42,
201,14,2500,-30,
201,15,2700,-36,
201,16,2900,-36,
201,17,3100,-30,
201,18,3250,-14,186
201,19,3250,186,186
201,20,3550,186,186
201,21,3550,-14,186
203,9,1890,-23,
203,10,2410,-38,
203,11,3090,-38,
203,12,3250,-20,191
203,13,3250,191,191
203,14,3610,191,191
203,15,3610,-19,191
203,16,3660,-37,
203,17,4230,-45,
203,18,4480,-39,
203,19,5000,104,
203,20,5150,191,191
203,21,5150,191,191
203,22,5250,191,191
203,23,5250,191,191
203,24,5800,89,
203,25,6600,61,
203,26,7420,77,
203,27,8190,81,
203,28,9050,74,
203,29,9560,191,191
203,30,9560,191,191
203,31,9660,191,191
203,32,9660,191,191
203,33,10160,78,
203,34,10390,96,191
203,35,10390,191,191
203,36,10490,191,191
203,37,10490,57,191
203,38,10570,39,
203,39,10910,37,
203,40,11290,55,191
203,41,11290,191,191
203,42,11390,191,191
203,43,11390,191,191
203,44,11750,80,
203,45,12260,100,
203,46,12730,90,
203,47,12920,191,191
203,48,12920,191,191
203,49,13020,191,191
203,50,13020,191,191
203,51,13190,103,
203,52,13440,61,
203,53,13730,84,
203,54,13970,191,191
203,55,13970,191,191
203,56,14070,191,191
203,57,14070,143,191
203,58,14310,125,
203,59,14530,113,
203,60,14780,133,
203,61,14910,151,191
203,62,14910,191,191
203,63,15010,191,191
203,64,15010,160,191
203,65,15110,142,
203,66,15350,129,
203,67,15620,152,
203,68,15720,170,191
203,69,15720,191,191
203,70,15820,191,191
203,71,15820,154,191
203,72,15950,136,
203,73,16060,136,
203,74,16180,144,
203,75,16260,162,191
203,76,16260,191,191
203,77,16360,191,191
203,78,16360,191,191
203,79,16440,94,
203,80,16490,88,
203,81,16540,112,
203,82,16590,191,191
203,83,16590,191,191
203,84,16690,191,191
203,85,16690,129,191
203,86,16740,111,
203,87,16940,93,
203,88,17090,99,
203,89,17150,117,191
204,1,0,-25,69
204,2,100,-25,
204,3,300,-26,
204,4,700,-29,
204,5,1100,-29,
204,6,1400,-24,
204,7,1500,-24,69
204,8,1500,69,69
204,9,1600,69,69
204,10,1600,-27,69
204,11,1700,-27,
206,28,4900,80,
206,29,5300,61,
206,30,5600,71,
206,31,5900,75,
206,32,6200,80,
206,33,6600,83,
206,34,7000,67,
206,35,7400,80,
206,36,7800,81,
206,37,8200,91,
206,38,8350,213,213
206,39,8350,213,213
206,40,8450,213,213
206,41,8450,110,213
206,42,8600,92,
206,43,8750,91,
206,44,8900,95,
206,45,9000,113,213
206,46,9000,213,213
206,47,9100,213,213
206,48,9100,109,213
206,49,9250,91,
206,50,9400,81,
206,51,9550,55,
206,52,9650,73,213
206,53,9650,213,213
206,54,9750,213,213
206,55,9750,87,213
206,56,9900,69,
206,57,10100,61,
206,58,10300,65,
206,59,10500,63,
206,60,10700,63,
206,61,10900,65,
206,62,11100,83,213
206,63,11100,213,213
206,64,11200,213,213
206,65,11200,89,213
206,66,11300,71,
206,67,11450,47,
206,68,11600,43,
206,69,11750,65,
206,70,11850,83,213
206,71,11850,213,213
206,72,11950,213,213
206,73,11950,127,213
206,74,12050,109,
206,75,12200,112,
206,76,12350,119,
206,77,12450,122,
206,78,12525,140,213
206,79,12525,213,213
206,80,12625,213,213
206,81,12625,123,213
206,82,12725,105,
206,83,12875,98,
206,84,13025,115,
206,85,13175,133,
206,86,13275,151,213
206,87,13275,213,213
206,88,13375,213,213
206,89,13375,121,213
206,90,13475,103,
206,91,13575,84,
206,92,13675,85,
206,93,13775,95,
206,94,13825,213,213
206,95,13825,213,213
206,96,13925,213,213
206,97,13925,153,213
206,98,14000,135,
206,99,14100,143,
206,100,14175,153,
206,101,14225,171,213
206,102,14225,213,213
206,103,14325,213,213
206,104,14325,165,213
206,105,14365,147,
206,106,14405,152,
206,107,14455,121,
206,108,14505,156,
206,109,14545,174,213
206,110,14545,213,213
206,111,14645,213,213
206,112,14645,130,213
206,113,14720,112,
206,114,14820,101,
206,115,14920,103,
206,116,15020,162,
206,117,15095,180,213
207,1,13500,-28,211
207,2,14000,-28,
208,17,1930,-25,250
208,18,2030,-25,370
208,19,2130,-25,460
208,20,2330,-25,575
208,21,2530,-25,635
208,22,2690,-25,650
208,23,2730,-25,650
208,24,2930,-25,615
208,25,3130,-25,530
208,26,3230,-25,470
208,27,3330,-25,380
208,28,3430,-25,250
208,29,3430,250,250
208,30,3730,250,250
208,31,3730,-25,250
208,32,3830,-25,370
208,33,3930,-25,450
208,34,4130,-25,560
208,35,4330,-25,610
208,36,4450,-25,620
208,37,4530,-25,620
208,38,4730,-25,580
208,39,4930,-25,485
208,40,5030,-25,410
208,41,5130,-25,310
208,42,5170,-25,250
208,43,5170,250,250
208,44,6170,70,70
208,45,6270,70,300
208,46,6370,70,360
208,47,6420,70,375
208,48,6490,70,380
208,49,6520,70,380
208,50,6620,70,350
208,51,6720,70,290
208,52,6810,70,70
208,53,6990,70,70
208,54,7090,70,300
208,55,7190,70,360
208,56,7240,70,375
208,57,7310,70,380
208,58,7340,70,380
208,59,7440,70,350
208,60,7540,70,290
208,61,7630,70,70
208,62,7810,65,65
208,63,7910,65,300
208,64,8010,65,360
208,65,8060,65,375
208,66,8130,65,380
208,67,8160,65,380
208,68,8260,65,350
208,69,8360,65,290
208,70,8450,65,65
208,71,8630,55,55
208,72,8730,55,260
208,73,8830,55,320
208,74,8880,55,335
208,75,8950,55,340
208,76,8980,55,340
208,77,9080,55,320
208,78,9180,55,250
208,79,9270,55,55
208,80,9450,40,40
208,81,9550,40,220
208,82,9650,40,290
208,83,9700,40,300
208,84,9770,40,310
208,85,9800,40,310
208,86,9900,40,290
208,87,10000,40,210
208,88,10090,40,40
208,89,11090,60,60
208,90,11190,60,250
208,91,11290,60,310
208,92,11390,60,330
208,93,11490,60,310
208,94,11590,60,240
208,95,11680,60,60
208,96,11860,30,30
208,97,11960,30,250
208,98,12060,30,310
208,99,12160,30,330
208,100,12260,30,310
208,101,12360,30,250
208,102,12450,30,30
208,103,13450,360,360
208,104,13450,60,360
208,105,14770,60,360
208,106,14770,360,360
208,107,15770,390,390
208,108,15770,50,390
157,25,4550,338,338
157,26,4550,338,338
157,27,4650,338,338
157,28,4650,338,338
157,29,5050,112,
157,30,5350,39,
157,31,5850,21,
157,32,6650,94,
157,33,7650,93,
157,34,8350,31,
157,35,9050,13,
157,36,9750,31,
158,1,0,262,262
158,2,200,163,
158,3,350,168,
158,4,500,262,262
158,5,500,262,262
158,6,1000,262,262
158,7,1000,262,262
158,8,1150,80,
158,9,1350,77,
158,10,1550,81,
158,11,1700,262,262
158,12,1700,262,262
158,13,2000,262,262
158,14,2000,262,262
158,15,2150,138,
158,16,2350,116,
158,17,2450,262,262
158,18,2450,262,262
158,19,3000,262,262
158,20,3000,262,262
158,21,3150,126,
158,22,3250,262,262
158,23,3250,262,262
158,24,10000,262,262
158,25,10000,262,262
158,26,10300,112,
158,27,10700,35,
158,28,11000,19,
158,29,11700,54,
158,30,12400,35,
158,31,13100,80,
158,32,13500,22,
158,33,13900,20,
158,34,14400,11,
158,35,14900,29,
158,36,15400,33,
158,37,15900,16,
158,38,16400,15,
158,39,16900,30,
158,40,17200,103,
158,41,17400,112,262
158,42,17400,262,262
158,43,20000,262,262
158,44,20000,12,262
158,45,20100,11,
158,46,20300,0,
158,47,20600,-4,
158,48,20900,-6,
158,49,21200,-6,
158,50,21500,10,
158,51,21600,22,
158,52,21700,12,262
159,11,5400,21,
159,12,6000,11,
159,13,6600,15,
159,14,7100,38,
159,15,7400,218,218
159,1,0,218,218
159,2,800,33,
159,3,1100,16,
159,4,1600,30,
159,5,2100,71,
159,6,2600,58,
159,7,3200,62,
159,8,3700,20,
159,9,4200,10,
159,10,4800,10,
160,1,0,261,261
160,2,250,127,
160,3,600,132,
160,4,1100,88,
160,5,1700,75,
160,6,2300,47,
160,7,2900,67,
160,8,3500,35,
160,9,4100,28,
160,10,4700,20,
160,11,5300,-101,
160,12,5600,-51,
160,13,5900,85,
192,63,15140,500,500
192,64,15430,85,
192,65,15620,500,500
192,66,15620,500,500
192,67,15720,500,500
192,68,15720,176,500
192,69,15790,158,
192,70,16070,137,
192,71,16410,162,
192,72,16430,180,500
192,73,16430,500,500
192,74,16530,500,500
192,75,16530,159,500
192,76,16660,141,
192,77,16770,136,
192,78,16890,147,
192,79,16970,165,500
192,80,16970,500,500
192,81,17070,500,500
192,82,17070,500,500
192,83,17150,172,
192,84,17240,97,
192,85,17310,171,
192,86,17370,500,500
192,87,17370,500,500
192,88,17470,500,500
192,89,17470,130,500
192,90,17520,112,
192,91,17720,95,
192,92,17870,107,
192,93,17930,125,500
193,1,13450,360,360
193,2,13450,60,360
193,3,14770,60,360
193,4,14770,360,360
194,1,11090,60,60
194,2,11190,60,250
194,3,11290,60,310
194,4,11390,60,330
194,5,11490,60,310
194,6,11590,60,240
194,7,11680,60,60
194,8,11860,30,30
194,9,11960,30,250
194,10,12060,30,310
194,11,12160,30,330
194,12,12260,30,310
194,13,12360,30,250
194,14,12450,30,30
195,1,6170,70,70
195,2,6270,70,300
195,3,6370,70,360
195,4,6420,70,375
195,5,6490,70,380
195,6,6520,70,380
195,7,6620,70,350
195,8,6720,70,290
195,9,6810,70,70
195,10,6990,70,70
195,11,7090,70,300
195,12,7190,70,360
195,13,7240,70,375
195,14,7310,70,380
195,15,7340,70,380
195,16,7440,70,350
195,17,7540,70,290
195,18,7630,70,70
195,19,7810,65,65
195,20,7910,65,300
195,21,8010,65,360
195,22,8060,65,375
195,23,8130,65,380
195,24,8160,65,380
195,25,8260,65,350
195,26,8360,65,290
195,27,8450,65,65
195,28,8630,55,55
195,29,8730,55,260
195,30,8830,55,320
195,31,8880,55,335
195,32,8950,55,340
195,33,8980,55,340
195,34,9080,55,320
195,35,9180,55,250
195,36,9270,55,55
195,37,9450,40,40
195,38,9550,40,220
195,39,9650,40,290
195,40,9700,40,300
195,41,9770,40,310
195,42,9800,40,310
195,43,9900,40,290
201,22,3700,-52,
201,23,3900,-30,
201,24,4100,-32,
201,25,4300,-14,
201,26,4500,-14,186
201,27,4500,186,186
201,28,4600,186,186
201,29,4600,86,186
201,30,4800,70,
201,31,5000,68,
201,32,5200,68,
201,33,5300,86,186
201,34,5300,186,186
201,35,5400,186,186
201,36,5400,86,186
201,37,5500,57,
201,38,5700,78,
201,39,5900,84,
201,40,6000,86,186
201,41,6000,186,186
201,42,6100,186,186
201,43,6100,86,186
201,44,6200,70,
201,45,6400,76,
201,46,6600,72,
201,47,6750,86,186
201,48,6750,186,186
201,49,6850,186,186
201,50,6850,86,186
201,51,7050,112,
201,52,7250,88,
201,53,7450,94,
201,54,7650,88,
201,55,7750,88,186
201,56,7750,186,186
201,57,7850,186,186
201,58,7850,57,186
201,59,7950,57,
201,60,8150,74,
201,61,8350,86,
201,62,8500,86,186
201,63,8500,186,186
201,64,8600,186,186
201,65,8600,186,186
201,66,8750,92,
201,67,8900,86,
201,68,9100,86,
201,69,9300,98,
201,70,9500,80,
201,71,9700,86,
201,72,9800,92,
201,73,9900,186,186
201,74,9900,186,186
201,75,10000,186,186
201,76,10000,86,186
201,77,10050,116,
201,78,10125,98,
201,79,10200,103,
201,80,10275,96,
201,81,10350,102,
201,82,10425,86,186
202,16,2900,5,213
202,17,2900,213,213
202,18,3000,213,213
202,19,3000,-15,213
202,20,3000,-33,
202,21,3300,-35,
202,22,3550,-35,
202,23,3950,213,213
202,1,0,-2,213
202,2,200,-20,
202,3,500,-35,
202,4,800,-23,
202,5,1100,-28,
202,6,1300,-24,
202,7,1450,-6,213
202,8,1450,213,213
202,9,1550,213,213
202,10,1550,0,213
202,11,1550,-18,
202,12,1850,-38,
202,13,2150,-35,
202,14,2450,-35,
202,15,2750,-35,
203,1,0,10,191
203,2,150,-8,
203,3,740,-27,
203,4,1320,7,
203,5,1460,25,191
203,6,1460,191,191
203,7,1710,191,191
203,8,1710,-5,191
204,12,1900,-33,
204,13,2300,-33,
204,14,2700,-17,
204,15,2950,-30,
204,16,3100,-30,69
204,17,3100,69,69
204,18,3200,69,69
204,19,3200,-30,69
204,20,3300,-30,
204,21,3500,-33,
204,22,3800,-35,
204,23,4050,-23,
204,24,4200,69,69
205,1,0,-2,207
205,2,150,-20,
205,3,450,-63,
205,4,850,-21,
205,5,1300,-16,
205,6,1450,2,207
205,7,1450,207,207
205,8,1700,207,207
205,9,1700,-40,207
205,10,1800,-58,
205,11,2300,-27,
205,12,2800,-41,
205,13,3400,-38,
205,14,3550,-20,207
205,15,3550,207,207
205,16,3700,207,207
205,17,3700,-24,207
205,18,4000,-42,
205,19,4600,-26,
205,20,5200,73,
205,21,5350,91,207
205,22,5350,207,207
205,23,5450,207,207
205,24,5450,207,207
205,25,5900,145,
205,26,6400,91,
205,27,7200,64,
205,28,8000,85,
205,29,9000,80,
205,30,9900,83,
205,31,10550,207,207
205,32,10550,207,207
205,33,10650,207,207
205,34,10650,207,207
205,35,11050,88,
205,36,11300,89,
205,37,11550,78,
205,38,11650,96,207
205,39,11650,207,207
205,40,11750,207,207
205,41,11750,93,207
205,42,11900,75,
205,43,12300,52,
205,44,12700,207,207
205,45,12700,207,207
205,46,12800,207,207
205,47,12800,207,207
205,48,13100,102,
205,49,13500,64,
205,50,13900,70,
205,51,14350,64,
205,52,14750,207,207
206,1,0,-2,213
206,2,200,-20,
206,3,500,-35,
206,4,800,-23,
206,5,1100,-28,
206,6,1300,-24,
206,7,1450,-6,213
206,8,1450,213,213
206,9,1550,213,213
206,10,1550,0,213
206,11,1750,-18,
206,12,2050,-38,
206,13,2350,-35,
206,14,2650,-35,
206,15,2950,-35,
206,16,3100,5,213
206,17,3100,213,213
206,18,3200,213,213
206,19,3200,-15,213
206,20,3400,-33,
206,21,3700,-35,
206,22,3950,-35,
206,23,4350,213,213
206,24,4350,213,213
206,25,4450,213,213
206,26,4450,101,213
206,27,4600,83,
207,3,14500,-17,
207,4,14800,-26,
207,5,14950,-26,211
207,6,14950,211,211
207,7,15250,211,211
207,8,15250,-33,211
207,9,15500,-33,
207,10,16000,-34,
207,11,16400,-36,
207,12,16600,-35,
207,13,16750,-35,211
207,14,16750,211,211
207,15,17050,211,211
207,16,17050,-37,211
207,17,17250,-37,
207,18,17550,-40,
207,19,17750,-39,
207,20,18700,211,211
207,21,18700,211,211
207,22,18800,211,211
207,23,18800,211,211
207,24,19600,81,
207,25,19950,79,
207,26,20350,68,
207,27,20800,75,
207,28,21300,84,
207,29,22000,70,
207,30,22800,80,
207,31,23300,89,
207,32,23700,211,211
207,33,23700,211,211
207,34,23800,211,211
207,35,23800,138,211
207,36,23950,138,
207,37,24050,138,211
207,38,24050,211,211
207,39,24150,211,211
207,40,24150,138,211
207,41,24400,138,
207,42,24850,211,211
207,43,24850,211,211
207,44,24950,211,211
207,45,24950,211,211
207,46,25450,68,
207,47,25850,64,
207,48,26250,56,
207,49,26550,61,
207,50,27150,211,211
207,51,27150,211,211
207,52,27250,211,211
207,53,27250,211,211
207,54,27650,85,
207,55,27850,57,
207,56,28050,142,
207,57,28200,211,211
207,58,28200,211,211
207,59,28300,211,211
207,60,28300,211,211
207,61,28500,105,
207,62,28700,102,
207,63,28900,105,
207,64,29150,211,211
207,65,29150,211,211
207,66,29250,211,211
207,67,29250,84,211
207,68,29350,84,
207,69,29550,80,
207,70,29650,86,
207,71,29900,86,211
207,72,29900,211,211
207,73,30000,211,211
207,74,30000,102,211
207,75,30100,102,
207,76,30250,104,
207,77,30400,105,
207,78,30450,105,211
208,1,0,120,250
208,2,100,120,370
208,3,300,110,530
208,4,500,110,620
208,5,700,110,665
208,6,780,100,670
208,7,820,80,670
208,8,900,30,670
208,9,980,-25,665
208,10,1100,-25,630
208,11,1300,-25,550
208,12,1400,-25,485
208,13,1500,-25,410
208,14,1630,-25,250
208,15,1630,250,250
208,16,1930,250,250
208,109,16350,50,390
208,110,16350,390,390
208,111,17350,110,110
208,112,17450,110,200
208,113,17550,110,250
208,114,17650,110,270
208,115,17750,110,280
208,116,17850,110,270
208,117,17950,110,250
208,118,18050,110,200
208,119,18150,110,110
208,120,19150,120,120
208,121,19200,120,200
208,122,19300,120,270
208,123,19400,120,300
208,124,19425,120,300
208,125,19500,120,290
208,126,19600,120,250
208,127,19650,120,200
208,128,19700,120,120
208,129,20700,300,300
208,130,20700,80,300
208,131,21190,80,300
208,132,21190,300,300
209,1,0,120,250
209,2,100,120,370
209,3,300,110,530
209,4,500,110,620
209,5,700,110,665
209,6,780,100,670
209,7,820,80,670
209,8,900,30,670
209,9,980,-25,665
209,10,1100,-25,630
209,11,1300,-25,550
209,12,1400,-25,485
209,13,1500,-25,410
209,14,1630,-25,250
209,15,1630,250,250
209,16,1930,250,250
209,17,1930,-25,250
209,18,2030,-25,370
209,19,2130,-25,460
209,20,2330,-25,575
209,21,2530,-25,635
209,22,2690,-25,650
209,23,2730,-25,650
209,24,2930,-25,615
209,25,3130,-25,530
209,26,3230,-25,470
209,27,3330,-25,380
209,28,3430,-25,250
209,29,3430,250,250
209,30,3730,250,250
209,31,3730,-25,250
209,32,3830,-25,370
209,33,3930,-25,450
209,34,4130,-25,560
209,35,4330,-25,610
209,36,4450,-25,620
209,37,4530,-25,620
209,38,4730,-25,580
209,39,4930,-25,485
209,40,5030,-25,410
209,41,5130,-25,310
209,42,5170,-25,250
209,43,5170,250,250
210,1,0,-31,179
210,2,100,-34,
210,3,300,-30,
210,4,500,-34,
210,5,700,-38,
210,6,900,-29,
210,7,1100,-23,
210,8,1300,-28,
210,9,1400,-30,
210,10,1520,-26,179
210,11,1520,179,179
210,12,1620,179,179
210,13,1620,-21,179
210,14,1720,-25,
210,15,2020,-42,
210,16,2320,-32,
210,17,2620,-45,
210,18,2920,-44,
210,19,3120,-61,
210,20,3220,-61,179
210,21,3220,179,179
210,22,3320,179,179
210,23,3320,-71,179
210,24,3420,-75,
210,25,3620,-45,
160,14,6150,261,261
160,15,6150,261,261
160,16,6250,261,261
160,17,6250,261,261
160,18,6650,116,
160,19,7150,90,
160,20,7800,155,
160,21,8250,140,
160,22,8850,71,
160,23,9150,111,
160,24,9610,261,261
161,1,0,293,293
161,2,800,25,
161,3,1100,18,
161,4,1500,85,
161,5,1900,185,
161,6,2400,52,
161,7,2900,57,
161,8,3400,23,
161,9,3900,15,
161,10,4400,21,
161,11,4900,28,
161,12,5400,9,
161,13,5900,5,
161,14,6400,13,
161,15,6800,38,
161,16,7000,293,293
161,17,7000,293,293
161,18,7100,293,293
161,19,7100,293,293
161,20,7400,165,
161,21,7700,178,
161,22,8100,195,
161,23,8500,183,
161,24,8900,175,
161,25,9300,180,
161,26,9700,183,
161,27,9900,171,
161,28,10300,155,
161,29,10500,293,293
161,30,10500,293,293
161,31,10600,293,293
161,32,10600,293,293
161,33,10675,85,
161,34,10750,89,
161,35,10825,82,
161,36,10900,90,
161,37,10975,293,293
161,38,10975,293,293
161,39,11075,293,293
161,40,11075,293,293
161,41,11125,145,
161,42,11200,150,
161,43,11275,150,
161,44,11325,293,293
161,45,11325,293,293
161,46,11425,293,293
161,47,11425,293,293
161,48,11525,143,
161,49,11675,138,
161,50,11775,119,
161,51,11825,293,293
161,52,11825,293,293
161,53,11925,293,293
161,54,11925,293,293
161,55,12025,139,
161,56,12175,145,
161,57,12275,153,
161,58,12325,293,293
162,7,1200,75,
162,8,1750,295,295
162,9,1750,295,295
162,10,2000,295,295
162,11,2000,295,295
162,12,2380,95,
162,13,2800,295,295
162,14,2800,295,295
162,15,3000,295,295
162,16,3000,295,295
162,17,3450,109,
162,18,3850,295,295
162,19,3850,295,295
162,20,4000,295,295
162,21,4000,295,295
162,22,5000,14,
162,23,6000,48,
162,24,7000,44,
162,25,8000,18,
162,26,9000,26,
162,27,10000,1,
162,28,11000,73,
162,29,11300,295,295
210,26,3820,-32,
210,27,4020,-22,
210,28,4320,39,179
210,29,4320,179,179
210,30,4420,179,179
210,31,4420,179,179
210,32,4620,96,
210,33,4920,92,
210,34,5420,57,
210,35,5820,77,
210,36,6320,87,
210,37,6820,81,
210,38,7120,90,
210,39,7520,99,
210,40,7820,97,
210,41,8320,99,
210,42,8620,111,
210,43,8770,179,179
212,17,3550,-50,
212,18,3800,8,
212,19,4400,13,
212,20,4950,4,
212,21,5400,68,
212,22,5700,90,
212,23,6100,78,
212,24,6500,71,
212,25,6900,88,
212,26,7100,88,319
212,27,7100,319,319
212,28,7200,319,319
212,29,7200,13,319
162,30,11300,295,295
162,31,12000,295,295
162,32,12000,295,295
162,33,12000,167,
162,34,12500,183,
162,35,13000,176,
162,36,13500,175,
162,37,14000,175,
162,38,14500,163,
162,39,15000,146,
162,40,15200,295,295
162,41,15200,295,295
162,42,15500,295,295
162,43,15500,295,295
162,44,15700,137,
162,45,15900,121,
162,46,16250,118,
162,47,16500,141,
162,48,16700,295,295
162,1,0,295,295
162,2,100,153,
162,3,200,295,295
162,4,200,295,295
162,5,700,295,295
162,6,700,295,295
163,1,0,227,227
163,2,1000,33,
163,3,2000,95,
163,4,3000,64,
163,5,4000,19,
163,6,4600,29,
163,7,5600,19,
163,8,6600,23,
163,9,7100,58,
163,10,7460,227,227
164,1,0,222,262
164,2,100,204,
164,3,200,200,
164,4,400,166,
164,5,600,142,
164,6,800,154,
164,7,1000,206,
164,8,1150,224,
164,9,1250,262,262
164,10,1250,262,262
164,11,1350,262,262
164,12,1350,29,262
164,13,1450,11,
212,30,7350,13,
212,31,7800,13,
212,32,8200,14,
212,33,8600,14,
212,34,9200,18,
212,35,9700,65,
212,36,10200,61,
212,37,10350,61,319
213,1,0,288,288
213,2,300,98,
213,3,600,68,
213,4,950,20,
213,5,1450,-17,
213,6,1600,0,
213,7,1900,19,
213,8,2200,26,
213,9,2350,-30,
213,10,2750,-53,
213,11,2900,-30,
213,12,3200,29,
213,13,3500,79,
213,14,3750,28,
213,15,3800,9,
213,16,4150,23,
213,17,4500,52,
213,18,4900,100,
213,19,5500,99,
213,20,6200,100,
213,21,6500,288,288
213,22,6500,288,288
213,23,6600,288,288
213,24,6600,288,288
213,25,6850,47,
213,26,7000,23,
213,27,7250,26,
213,28,7600,35,
213,29,7800,32,
213,30,8050,31,
213,31,8400,30,
213,32,8850,24,
164,14,1550,3,
164,15,1750,-7,
164,16,1950,-13,
164,17,2150,-14,
164,18,2350,-5,
164,19,2550,5,
164,20,2750,15,
164,21,2850,19,
164,22,2950,37,262
164,23,2950,262,262
164,24,3050,262,262
164,25,3050,262,262
164,26,3250,165,
164,27,3750,88,
164,28,3950,51,
164,29,4250,8,
164,30,4550,43,
164,31,4950,46,
164,32,5350,7,
164,33,5750,17,
164,34,6150,-20,
164,35,6350,28,
164,36,6750,29,
164,37,7150,19,
164,38,7450,47,
164,39,7750,57,
164,40,7950,148,
164,41,8250,262,262
165,2,200,159,
165,3,700,84,
165,4,900,38,
165,5,1200,-4,
165,6,1500,38,
165,7,1900,44,
165,8,2300,2,
165,9,2700,8,
165,10,3100,-28,
165,11,3300,30,
165,12,3700,16,
165,13,4100,3,
165,14,4400,38,
165,15,4700,52,
165,16,4900,123,
165,17,5100,232,232
165,18,5100,232,232
165,19,5200,232,232
165,20,5200,28,232
165,21,5300,10,
165,22,5450,-2,
165,23,5700,-10,
165,24,5900,-19,
165,25,6200,-13,
165,26,6500,5,
165,27,6800,14,
165,28,6900,32,232
165,1,0,232,232
166,64,15850,185,
166,65,15950,304,304
166,1,0,204,304
166,2,300,181,
166,3,600,49,
166,4,1000,35,
166,5,1500,38,
166,6,2000,56,
166,7,2500,36,
166,8,3000,-21,
166,9,3500,93,
166,10,4000,11,
166,11,4500,45,
166,12,5000,144,
166,13,5200,304,304
166,14,5200,304,304
166,15,5300,304,304
166,16,5300,204,304
166,17,5450,184,
166,18,5700,189,
166,19,5900,187,
166,20,6100,194,
166,21,6300,193,
166,22,6500,198,
166,23,6700,210,
166,24,6800,224,304
166,25,6800,304,304
166,26,6900,304,304
166,27,6900,254,304
166,28,7050,235,
166,29,7350,208,
166,30,7850,191,
166,31,8350,151,
166,32,8850,93,
166,33,9350,122,
166,34,9850,198,
166,35,10250,217,
166,36,10750,218,
166,37,11250,226,
166,38,11650,220,
166,39,12050,205,
166,40,12150,221,
166,41,12300,304,304
166,42,12300,304,304
166,43,12400,304,304
166,44,12400,304,304
166,45,12550,179,
166,46,12800,183,
166,47,13000,161,
166,48,13200,179,
166,49,13400,195,
166,50,13600,176,
166,51,13800,174,
166,52,14000,188,
166,53,14200,185,
166,54,14400,212,
166,55,14550,304,304
166,56,14550,304,304
166,57,14650,304,304
166,58,14650,304,304
166,59,14800,171,
166,60,15050,131,
166,61,15250,132,
166,62,15450,145,
166,63,15650,151,
167,1,0,216,266
167,2,300,162,
167,3,600,73,
167,4,1000,31,
167,5,1500,39,
167,6,2000,30,
167,7,2500,5,
167,8,3000,-25,
167,9,3500,73,
167,10,4000,0,
167,11,4500,27,
167,12,5000,159,
167,13,5150,266,266
167,14,5150,266,266
167,15,5250,266,266
167,16,5250,216,266
167,17,5400,189,
167,18,5650,183,
167,19,5850,191,
167,20,6050,185,
167,21,6250,183,
167,22,6450,197,
167,23,6650,201,
167,24,6750,226,266
167,25,6750,266,266
167,26,6850,266,266
167,27,6850,266,266
167,28,7150,196,
167,29,7650,213,
167,30,8150,141,
167,31,8650,88,
167,32,9150,154,
167,33,9650,189,
167,34,10150,216,
167,35,11150,209,
167,36,11550,210,
167,37,11850,266,266
168,1,0,273,273
168,2,250,153,
168,3,500,86,
168,4,900,56,
168,5,1300,9,
168,6,1700,71,
168,7,2100,24,
168,8,2500,23,
168,9,3000,-41,
168,10,3500,70,
168,11,4000,-6,
168,12,4500,33,
168,13,4900,133,
168,14,5200,273,273
168,15,5200,273,273
168,16,5300,273,273
168,17,5300,273,273
168,18,5800,198,
168,19,6650,183,
168,20,7500,101,
168,21,8550,188,
168,22,10400,193,
168,23,10800,273,273
169,28,13500,278,278
169,29,13500,278,278
169,30,14000,278,278
169,31,14000,278,278
169,32,14300,178,
169,33,14800,177,
169,34,15400,186,
169,35,16000,210,
169,36,16000,278,278
169,1,0,278,278
169,2,800,112,
169,3,1300,34,
169,4,1800,60,
169,5,2300,50,
169,6,2800,44,
169,7,3300,34,
169,8,3900,64,
169,9,4400,52,
169,10,5000,78,
169,11,5600,278,278
169,12,5600,278,278
169,13,6000,278,278
169,14,6000,210,278
169,15,6150,192,
169,16,6450,186,
169,17,6900,190,
169,18,7350,202,
169,19,7500,220,278
169,20,7500,278,278
169,21,8000,278,278
169,22,8000,278,278
169,23,8350,204,
169,24,9100,202,
169,25,10450,152,
169,26,11700,228,
169,27,12750,208,
170,1,0,272,272
170,2,900,90,
170,3,1400,30,
170,4,1900,56,
170,5,2400,55,
170,6,2900,42,
170,7,3400,38,
170,8,4000,55,
170,9,4500,40,
170,10,5100,72,
170,11,5600,272,272
170,12,5600,272,272
170,13,5700,272,272
170,14,5700,272,272
170,15,5850,198,
170,16,6150,186,
170,17,6600,200,
170,18,7050,212,
170,19,7200,272,272
170,20,7200,272,272
170,21,7300,272,272
170,22,7300,272,272
170,23,7650,206,
170,24,8400,204,
170,25,9600,156,
170,26,11000,235,
170,27,12050,210,
170,28,12700,272,272
170,29,12700,272,272
170,30,12800,272,272
170,31,12800,272,272
170,32,13100,194,
170,33,13600,184,
170,34,14200,190,
170,35,14800,204,
170,36,15050,272,272
171,1,0,261,261
171,2,250,127,
171,3,600,132,
171,4,1100,88,
171,5,1700,75,
171,6,2300,47,
171,7,2900,67,
171,8,3500,35,
171,9,4100,28,
171,10,4700,20,
171,11,5300,-101,
171,12,5600,-51,
171,13,5900,85,
171,14,6150,261,261
171,15,6150,261,261
171,16,6250,261,261
171,17,6250,261,261
171,18,6650,116,
171,19,7150,90,
171,20,7800,155,
171,21,8250,140,
171,22,8850,71,
171,23,9150,111,
171,24,9610,261,261
172,1,0,237,237
172,2,300,151,
172,3,700,137,
172,4,1100,109,
172,5,1500,91,
172,6,1900,87,
172,7,2200,61,
172,8,2700,69,
172,9,3100,67,
172,10,3400,55,
172,11,3800,57,
172,12,4200,39,
172,13,4500,15,
172,14,5000,-51,
172,15,5400,-89,
172,16,5750,107,
172,17,6100,237,237
173,1,0,143,292
173,2,60,143,
173,3,500,140,
173,4,800,107,
173,5,1300,93,
173,6,1800,95,
173,7,2500,98,
173,8,3100,87,
173,9,3700,74,
173,10,4300,40,
173,11,4900,-42,
173,12,5500,99,
173,13,5650,99,292
173,14,5650,292,292
173,15,6000,292,292
173,16,6000,136,292
173,17,6100,136,
173,18,6500,128,
173,19,7000,87,
173,20,7350,150,
173,21,7750,150,
173,22,8100,61,
173,23,8500,70,
173,24,8900,129,
173,25,9100,129,292
173,26,9100,292,292
173,27,10000,292,292
173,28,10000,200,292
173,29,10200,200,
173,30,10600,206,
173,31,11000,162,
173,32,11300,162,
173,33,11800,163,
173,34,12200,160,
173,35,12600,167,
173,36,13000,177,
173,37,13100,177,292
173,38,13100,292,292
173,39,14000,292,292
173,40,14000,80,292
173,41,14100,80,
173,42,14300,69,
173,43,14500,63,
173,44,14600,63,292
174,40,13240,126,
174,41,13760,133,
174,42,13980,147,
174,43,14360,288,288
174,1,0,288,288
174,2,500,138,
174,3,750,84,
174,4,1300,79,
174,5,2250,76,
174,6,2680,76,
174,7,3110,141,
174,8,3590,288,288
174,9,3590,288,288
174,10,3690,288,288
174,11,3690,288,288
174,12,4200,155,
174,13,4720,149,
174,14,5190,150,
174,15,5790,167,
174,16,6270,166,
174,17,6790,163,
174,18,7220,288,288
174,19,7220,288,288
174,20,7320,288,288
174,21,7320,64,288
174,22,7480,64,
174,23,7610,63,
174,24,7790,83,
174,25,8000,84,288
174,26,8000,288,288
174,27,8100,288,288
174,28,8100,288,288
174,29,8530,61,
174,30,9270,4,
174,31,9730,66,
174,32,10160,57,
174,33,10410,73,
174,34,10880,56,
174,35,11300,93,
174,36,11650,105,
174,37,12090,89,
174,38,12470,110,
174,39,12800,113,
175,1,0,163,293
175,2,50,145,
175,3,125,150,
175,4,200,150,
175,5,250,168,293
175,6,250,293,293
175,7,350,293,293
175,8,350,103,293
175,9,425,85,
175,10,500,89,
175,11,575,82,
175,12,650,90,
175,13,725,108,293
175,14,725,293,293
175,15,2000,293,293
175,16,2000,293,293
175,17,2800,25,
175,18,3100,18,
175,19,3500,85,
175,20,3900,185,
175,21,4400,52,
175,22,4900,57,
175,23,5400,23,
175,24,5900,15,
175,25,6400,21,
175,26,6900,28,
175,27,7400,9,
175,28,7900,5,
175,29,8400,13,
175,30,8800,38,
175,31,9000,293,293
175,32,9000,293,293
175,33,9100,293,293
175,34,9100,183,293
175,35,9130,165,
175,36,9700,178,
175,37,10100,195,
175,38,10500,183,
175,39,10900,175,
175,40,11300,180,
175,41,11700,183,
175,42,11900,171,
175,43,12300,155,
175,44,12500,173,293
175,45,12500,293,293
175,46,12600,293,293
175,47,12600,293,293
175,48,12700,143,
175,49,12850,138,
175,50,12950,119,
175,51,13000,137,293
175,52,13000,293,293
175,53,13100,293,293
175,54,13100,157,293
175,55,13200,139,
175,56,13350,145,
175,57,13450,153,
175,58,13500,293,293
176,10,3400,18,
176,11,3600,30,
176,12,3800,98,98
176,1,0,98,98
176,2,200,-3,
176,3,600,14,
176,4,1000,9,
176,5,1400,11,
176,6,1800,25,
176,7,2200,18,
176,8,2600,13,
176,9,3000,7,
177,1,0,111,111
177,2,150,36,
177,3,550,17,
177,4,950,7,
177,5,1350,7,
177,6,1750,22,
177,7,2150,20,
177,8,2550,13,
177,9,2950,2,
177,10,3350,15,
177,11,3650,14,
177,12,3850,33,
177,13,3950,111,111
178,1,0,110,110
178,2,200,38,
178,3,500,22,
178,4,800,18,
178,5,1100,17,
178,6,1400,21,
178,7,1700,24,
178,8,2000,39,
178,9,2300,22,
178,10,2600,6,
178,11,2900,9,
178,12,3200,12,
178,13,3500,14,
178,14,3800,32,
178,15,4000,110,110
179,1,0,125,245
179,2,200,99,
179,3,600,48,
179,4,1100,13,
179,5,1600,86,
179,6,2100,73,
179,7,2600,102,
179,8,3100,40,
179,9,3600,15,
179,10,4100,12,
179,11,4600,2,
179,12,5100,31,
179,13,5600,10,
179,14,6100,12,
179,15,6600,16,
179,16,6900,51,
179,17,7100,75,245
180,1,0,164,164
180,2,2100,34,
180,3,2400,14,
180,4,2900,14,
180,5,3400,6,
180,6,3900,22,
180,7,4400,-4,
180,8,4900,2,
180,9,5400,8,
180,10,5700,36,
180,11,6000,164,164
186,14,2500,-30,
186,15,2700,-36,
186,16,2900,-36,
186,17,3100,-30,
186,18,3250,-14,186
186,19,3250,186,186
186,20,3550,186,186
186,21,3550,-14,186
186,22,3700,-52,
186,23,3900,-30,
186,24,4100,-32,
186,25,4300,-14,
186,26,4500,-14,186
187,1,0,20,212
187,2,90,2,
187,3,700,-22,
187,4,1270,-8,
187,5,1440,10,212
187,6,1440,212,212
187,7,1690,212,212
187,8,1690,11,212
187,9,1810,-7,
187,10,2390,-43,
187,11,3010,-28,
187,12,3240,-10,212
187,13,3240,212,212
187,14,3490,212,212
187,15,3490,-2,212
187,16,3640,-20,
187,17,4210,-45,
187,18,4450,-38,
187,19,5150,212,212
188,1,0,-31,179
188,2,100,-34,
188,3,300,-30,
188,4,500,-34,
188,5,700,-38,
188,6,900,-29,
188,7,1100,-23,
188,8,1300,-28,
188,9,1400,-30,
188,10,1520,-26,179
188,11,1520,179,179
188,12,1620,179,179
188,13,1620,-21,179
188,14,1720,-25,
188,15,2020,-42,
188,16,2320,-32,
188,17,2620,-45,
188,18,2920,-44,
188,19,3120,-61,
188,20,3220,-61,179
188,21,3220,179,179
188,22,3320,179,179
188,23,3320,-71,179
188,24,3420,-75,
188,25,3620,-45,
188,26,3820,-32,
188,27,4020,-22,
188,28,4320,39,179
188,29,4320,179,179
188,30,4420,179,179
188,31,4420,179,179
188,32,4620,96,
188,33,4920,92,
188,34,5420,57,
188,35,5820,77,
188,36,6320,87,
188,37,6820,81,
188,38,7120,90,
188,39,7520,99,
188,40,7820,97,
188,41,8320,99,
188,42,8620,111,
188,43,8770,179,179
189,1,0,13,212
189,2,200,-5,
189,3,400,-49,
189,4,700,-35,
189,5,1000,-22,
189,6,1300,-5,
189,7,1450,-27,
189,8,1550,-9,212
189,9,1550,212,212
189,10,1800,212,212
189,11,1800,-32,212
189,12,1950,-50,
189,13,2050,-52,
189,14,2200,-43,
213,33,9200,80,
213,34,9500,83,
213,35,9600,75,
213,36,9900,288,288
214,1,0,280,280
214,2,300,95,
214,3,600,72,
214,4,950,21,
214,5,1450,-14,
214,6,1600,2,
214,7,1900,13,
214,8,2200,0,
214,9,2350,-28,
214,10,2700,-55,
214,11,2900,-19,
214,12,3200,28,
214,13,3500,90,
214,14,3800,19,
214,15,4150,25,
214,16,4500,63,
214,17,5100,115,
214,18,6000,94,
214,19,6500,280,280
214,20,6500,280,280
214,21,6600,280,280
214,22,6600,280,280
214,23,6800,82,
214,24,7000,27,
214,25,7250,31,
214,26,7600,35,
214,27,7800,31,
214,28,8050,30,
214,29,8400,35,
214,30,8800,33,
214,31,9500,85,
214,32,9600,82,
214,33,9900,280,280
215,1,0,272,272
215,2,400,54,
215,3,600,14,
215,4,1000,-13,
215,5,1400,-50,
215,6,1900,-13,
215,7,2300,-45,
215,8,2750,-80,
215,9,3100,-10,
215,10,3500,49,
215,11,3800,-20,
215,12,4200,8,
215,13,4800,64,
215,14,5500,70,
215,15,6000,57,
215,16,6400,272,272
215,17,6400,272,272
215,18,6500,272,272
215,19,6500,272,272
215,20,6700,24,
215,21,7100,6,
215,22,7500,8,
215,23,7900,6,
215,24,8300,6,
215,25,8750,18,
215,26,9300,61,
215,27,9800,272,272
216,1,0,81,251
216,2,300,63,
216,3,450,59,
216,4,800,-3,
216,5,1300,-44,
216,6,1800,-13,
216,7,2300,-41,
216,8,2800,-72,
216,9,3300,6,
216,10,3800,-40,
216,11,4300,0,
216,12,5000,81,
216,13,5300,70,
216,14,5800,65,
216,15,6100,64,
216,16,6400,82,251
216,17,6400,251,251
216,18,6500,251,251
216,19,6500,55,251
216,20,6600,37,
216,21,6800,7,
216,22,7100,11,
216,23,7400,11,
216,24,7700,8,
216,25,8000,9,
216,26,8300,10,
216,27,8600,10,
216,28,8900,39,
216,29,9200,55,
216,30,9500,55,
216,31,9650,73,251
217,1,0,37,231
217,2,200,35,
217,3,350,34,
217,4,500,39,
217,5,630,27,
217,6,680,31,231
217,7,680,231,231
217,8,780,231,231
217,9,780,41,231
217,10,830,40,
217,11,980,35,
217,12,1130,40,
217,13,1280,41,
217,14,1430,32,
217,15,1470,36,231
217,16,1470,231,231
217,17,1570,231,231
217,18,1570,36,231
217,19,1620,32,
217,20,1720,42,
217,21,1820,34,
217,22,1970,34,
217,23,2120,36,
217,24,2220,41,
217,25,2270,43,231
217,26,2270,231,231
217,27,2370,231,231
217,28,2370,96,231
217,29,2470,87,
217,30,2620,81,
217,31,2770,84,
217,32,2970,121,231
217,33,2970,231,231
217,34,3070,231,231
217,35,3070,96,231
217,36,3470,90,
217,37,3620,87,
217,38,3720,96,231
217,39,3720,231,231
217,40,3820,231,231
217,41,3820,36,231
217,42,3970,32,
217,43,4120,24,
217,44,4320,52,
217,45,4520,77,
217,46,4720,101,
217,47,4920,119,
217,48,5020,151,231
217,49,5020,231,231
217,50,5120,231,231
217,51,5120,51,231
217,52,5320,43,
217,53,5520,11,
217,54,5720,-12,
217,55,5920,-20,
217,56,6120,-30,
217,57,6320,-32,
217,58,6420,-27,231
217,59,6420,231,231
217,60,6520,231,231
217,61,6520,46,231
217,62,6620,37,
217,63,6770,15,
217,64,6920,6,
217,65,7120,10,
217,66,7270,8,
217,67,7420,10,
217,68,7570,25,
217,69,7720,31,231
217,70,7720,231,231
217,71,7820,231,231
217,72,7820,31,231
217,73,7920,27,
217,74,8120,61,
217,75,8320,82,
217,76,8520,84,
217,77,8720,110,
217,78,8920,151,231
218,1,0,228,228
218,2,500,57,
218,3,600,32,
218,4,1000,-32,
218,5,1500,-31,
218,6,1900,1,
218,7,2300,-45,
218,8,2800,-76,
218,9,3100,5,
218,10,3500,44,
218,11,3700,-5,
218,12,4300,8,
218,13,4800,69,
218,14,5500,77,
218,15,6000,57,
218,16,6500,228,228
218,17,6500,228,228
218,18,6600,228,228
218,19,6600,228,228
218,20,6900,11,
218,21,7700,18,
218,22,8100,11,
218,23,8500,17,
218,24,8900,17,
218,25,9400,62,
218,26,9900,228,228
219,1,0,223,223
219,2,300,104,
219,3,600,76,
219,4,950,32,
219,5,1400,-55,
219,6,1500,-2,
219,7,1600,16,
219,8,1900,41,
219,9,2200,17,
219,10,2350,-15,
219,11,2700,-29,
219,12,2900,-13,
219,13,3200,45,
219,14,3500,104,
219,15,4200,42,
219,16,6100,108,
219,17,6500,223,223
219,18,6500,223,223
219,19,6600,223,223
219,20,6600,223,223
219,21,6900,43,
219,22,7200,48,
219,23,7600,49,
219,24,7800,52,
219,25,8100,43,
219,26,8450,51,
219,27,8900,53,
219,28,9700,102,
219,29,9900,223,223
220,1,0,194,194
220,2,200,61,
220,3,450,57,
220,4,640,75,194
220,5,640,194,194
220,6,780,194,194
220,7,780,81,194
220,8,900,63,
220,9,1100,55,
220,10,1350,57,
220,11,1480,75,194
220,12,1480,194,194
220,13,1600,194,194
220,14,1600,74,194
220,15,1700,56,
220,16,1900,49,
220,17,2100,54,
220,18,2300,72,194
220,19,2300,194,194
220,20,2400,194,194
220,21,2400,194,194
220,22,2500,131,
220,23,2800,94,
220,24,3480,112,194
220,25,3480,194,194
220,26,3580,194,194
220,27,3580,65,194
220,28,3840,47,
220,29,4040,79,
220,30,4240,95,
220,31,4590,127,
220,32,4760,145,194
220,33,4760,194,194
220,34,4860,194,194
220,35,4860,66,194
220,36,4950,48,
220,37,5100,50,
220,38,5300,27,
220,39,5600,-3,
220,40,5800,-4,
220,41,6050,6,
220,42,6150,24,194
220,43,6150,194,194
220,44,6250,194,194
220,45,6250,62,194
220,46,6350,44,
220,47,6450,46,
220,48,6750,21,
220,49,7050,14,
220,50,7250,35,
220,51,7440,53,194
220,52,7440,194,194
220,53,7540,194,194
220,54,7540,58,194
220,55,7610,40,
220,56,7710,65,
220,57,7910,76,
220,58,8110,106,
220,59,8360,115,
220,60,8610,194,194
221,1,0,178,178
221,2,300,85,
221,3,700,33,
221,4,1000,-6,
221,5,1400,-1,
221,6,1800,14,
221,7,2200,5,
221,8,2600,-57,
221,9,3000,17,
221,10,3400,46,
221,11,3800,2,
221,12,4200,26,
221,13,4600,45,
221,14,5000,98,
221,15,5400,86,
221,16,5800,83,
221,17,6300,178,178
221,18,6300,178,178
221,19,6400,178,178
221,20,6400,178,178
221,21,6600,31,
221,22,6900,33,
221,23,7300,29,
221,24,7700,33,
221,25,8100,31,
221,26,8500,36,
221,27,8900,178,178
222,1,0,143,143
222,2,450,53,
222,3,700,37,
222,4,950,17,
222,5,1300,-7,
222,6,1800,30,
222,7,2200,16,
222,8,2700,-40,
222,9,3200,40,
222,10,3500,53,
222,11,4100,33,
222,12,4850,98,
222,13,5800,85,
222,14,6300,143,143
222,15,6300,143,143
222,16,6400,143,143
222,17,6400,143,143
222,18,6700,48,
222,19,7000,46,
222,20,7400,52,
222,21,7800,45,
222,22,8200,46,
222,23,8600,50,
222,24,9100,85,
222,25,9550,143,143
223,1,0,149,149
223,2,250,99,
223,3,500,62,
223,4,850,16,
223,5,1300,21,
223,6,1700,38,
223,7,2100,2,
223,8,2500,-48,
223,9,2900,36,
223,10,3200,65,
223,11,3500,45,
223,12,4200,50,
223,13,4750,120,
223,14,5800,108,
223,15,6200,149,149
224,1,0,130,130
224,2,550,64,
224,3,800,45,
224,4,1200,4,
224,5,1600,34,
224,6,2000,37,
224,7,2500,-11,
224,8,2900,40,
224,9,3150,58,
224,10,3450,130,130
225,1,0,133,133
225,2,100,81,
225,3,250,59,
225,4,400,58,
225,5,700,53,
225,6,1000,73,
225,7,1300,77,
225,8,1600,68,
225,9,1800,76,
225,10,2100,80,
225,11,2400,47,
225,12,2600,42,
225,13,2700,53,
225,14,2800,133,133
225,15,2800,133,133
225,16,2900,133,133
225,17,2900,133,133
225,18,3000,109,
225,19,3070,91,
225,20,3170,90,
225,21,3270,78,
225,22,3370,91,
225,23,3470,110,
225,24,3520,133,133
226,1,0,117,117
226,2,200,50,
226,3,400,34,
226,4,600,18,
226,5,900,-6,
226,6,1100,21,
226,7,1300,26,
226,8,1500,40,
226,9,1700,47,
226,10,1900,10,
226,11,2200,-35,
226,12,2400,-13,
226,13,2600,26,
226,14,2800,40,
226,15,3000,117,117
227,1,0,130,130
227,2,350,43,
227,3,600,23,
227,4,800,-8,
227,5,1200,-4,
227,6,1700,21,
227,7,2100,-17,
227,8,2600,-39,
227,9,3100,43,
227,10,3500,28,
227,11,4100,22,
227,12,4900,130,130
228,1,0,230,230
228,2,400,76,
228,3,900,8,
228,4,1500,-8,
228,5,1900,10,
228,6,2300,-2,
228,7,2800,-54,
228,8,3300,16,
228,9,3700,26,
228,10,4200,6,
228,11,4600,20,
228,12,5100,84,
228,13,5900,64,
228,14,6600,230,230
228,15,6600,230,230
228,16,6700,230,230
228,17,6700,230,230
228,18,7000,24,
228,19,7400,30,
228,20,8000,18,
228,21,8800,20,
228,22,9500,60,
228,23,10200,230,230
229,1,0,193,193
229,2,300,115,
229,3,600,71,
229,4,800,44,
229,5,950,15,
229,6,1400,5,
229,7,1600,22,
229,8,1900,34,
229,9,2100,29,
229,10,2200,13,
229,11,2650,-12,
229,12,2750,-20,
229,13,2900,10,
229,14,3100,57,
229,15,3300,62,
229,16,3750,43,
229,17,4100,63,
229,18,4600,88,
229,19,5500,123,
229,20,6400,193,193
229,21,6400,193,193
229,22,6500,193,193
229,23,6500,193,193
229,24,6700,54,
229,25,6900,56,
229,26,7100,53,
229,27,7400,60,
229,28,7600,56,
229,29,7800,53,
229,30,8250,55,
229,31,8500,60,
229,32,8700,58,
229,33,8820,75,193
230,1,0,334,334
230,2,150,216,
230,3,300,221,
230,4,450,236,
230,5,550,334,334
230,6,550,334,334
230,7,650,334,334
230,8,650,334,334
230,9,950,69,
230,10,1250,18,
230,11,1550,-12,
230,12,1950,-17,
230,13,2250,-3,
230,14,2550,8,
230,15,2850,0,
230,16,3250,-59,
230,17,3550,-15,
230,18,3850,11,
230,19,4150,26,
230,20,4450,0,
230,21,4750,-1,
230,22,5050,20,
230,23,5350,41,
230,24,5650,78,
230,25,6050,70,
230,26,6350,88,
230,27,6650,56,
230,28,6950,334,334
230,29,6950,334,334
230,30,7050,334,334
230,31,7050,334,334
230,32,7150,26,
230,33,7350,17,
230,34,7550,16,
230,35,7650,16,
230,36,7750,334,334
230,37,7750,334,334
230,38,7850,334,334
230,39,7850,334,334
230,40,7950,40,
230,41,8150,18,
230,42,8350,11,
230,43,8450,11,
230,44,8550,334,334
230,45,8550,334,334
230,46,8650,334,334
230,47,8650,334,334
230,48,8750,9,
230,49,8950,9,
230,50,9150,8,
230,51,9250,9,
230,52,9350,334,334
230,53,9350,334,334
230,54,9450,334,334
230,55,9450,334,334
230,56,9550,34,
230,57,9750,41,
230,58,9950,40,
230,59,10050,64,
230,60,10150,334,334
231,1,0,194,194
231,2,200,61,
231,3,450,57,
231,4,640,75,194
231,5,640,194,194
231,6,780,194,194
231,7,780,81,194
231,8,900,63,
231,9,1100,55,
231,10,1350,57,
231,11,1480,75,194
231,12,1480,194,194
231,13,1600,194,194
231,14,1600,74,194
231,15,1700,56,
231,16,1900,49,
231,17,2100,54,
231,18,2300,72,194
231,19,2300,194,194
231,20,2400,194,194
231,21,2400,194,194
231,22,2500,131,
231,23,2800,94,
231,24,3480,112,194
231,25,3480,194,194
231,26,3580,194,194
231,27,3580,65,194
231,28,3840,47,
231,29,4040,79,
231,30,4240,95,
231,31,4590,127,
231,32,4760,145,194
231,33,4760,194,194
231,34,4860,194,194
231,35,4860,66,194
231,36,4950,48,
231,37,5100,50,
231,38,5300,27,
231,39,5600,-3,
231,40,5800,-4,
231,41,6050,6,
231,42,6150,24,194
231,43,6150,194,194
231,44,6250,194,194
231,45,6250,62,194
231,46,6350,44,
231,47,6450,46,
231,48,6750,21,
231,49,7050,14,
231,50,7250,35,
231,51,7440,53,194
231,52,7440,194,194
231,53,7540,194,194
231,54,7540,58,194
231,55,7610,40,
231,56,7710,65,
231,57,7910,76,
231,58,8110,106,
231,59,8360,115,
231,60,8610,194,194
232,1,0,147,147
232,2,350,55,
232,3,700,50,
232,4,900,52,
232,5,1200,57,
232,6,1400,34,
232,7,1800,38,
232,8,2000,69,
232,9,2300,89,
232,10,2550,66,
232,11,2900,35,
232,12,3300,59,
232,13,3650,35,
232,14,4000,-1,
232,15,4400,38,
232,16,4600,147,147
232,17,4600,147,147
232,18,4700,147,147
232,19,4700,147,147
232,20,4800,17,
232,21,4950,-85,
232,22,5200,-86,
232,23,5400,-16,
232,24,5600,7,
232,25,5700,147,147
233,1,0,225,338
233,2,150,225,
233,3,250,219,
233,4,350,214,
233,5,450,216,
233,6,550,216,
233,7,650,233,
233,8,750,233,338
233,9,750,338,338
233,10,850,338,338
233,11,850,338,338
233,12,1150,72,
233,13,1450,20,
233,14,1750,-2,
233,15,1900,-3,338
233,16,1900,338,338
233,17,2000,338,338
233,18,2000,-46,338
233,19,2100,-46,
233,20,2400,-17,
233,21,2700,-2,
233,22,3000,-19,
233,23,3200,-19,338
233,24,3200,338,338
233,25,3300,338,338
233,26,3300,-82,338
233,27,3350,-72,
233,28,3650,-46,
233,29,3950,12,
233,30,4250,48,
233,31,4450,48,338
233,32,4450,338,338
233,33,4550,338,338
233,34,4550,-18,338
233,35,4700,-18,
233,36,5100,10,
233,37,5500,68,
233,38,5800,68,338
233,39,5800,338,338
233,40,5900,338,338
233,41,5900,71,338
233,42,6050,71,
233,43,6450,59,
233,44,6750,68,
233,45,6850,338,338
233,46,6850,338,338
233,47,6950,338,338
233,48,6950,338,338
233,49,7150,16,
233,50,7550,7,
233,51,7600,7,338
233,52,7600,338,338
233,53,7700,338,338
233,54,7700,10,338
233,55,7800,10,
233,56,8200,11,
233,57,8350,11,338
233,58,8350,338,338
233,59,8450,338,338
233,60,8450,4,338
233,61,8550,4,
233,62,8950,8,
233,63,9050,8,338
233,64,9050,338,338
233,65,9150,338,338
233,66,9150,56,338
233,67,9300,42,
233,68,9600,56,
233,69,9950,338,338
234,1,0,237,296
234,2,75,237,
234,3,150,231,
234,4,225,238,
234,5,300,231,
234,6,375,231,
234,7,450,236,
234,8,530,236,296
234,9,530,296,296
234,10,630,296,296
234,11,630,296,296
234,12,1130,57,
234,13,1530,-8,
234,14,2030,-20,
234,15,2430,10,
234,16,2830,-38,
234,17,3330,-94,
234,18,3730,6,
234,19,4230,26,
234,20,4730,2,
234,21,5230,64,
234,22,5630,88,
234,23,6030,64,
234,24,6330,58,
234,25,6630,296,296
234,26,6630,296,296
234,27,6730,296,296
234,28,6730,296,296
234,29,6930,26,
234,30,7230,10,
234,31,7630,20,
234,32,8030,10,
234,33,8530,12,
234,34,8830,10,
234,35,9330,60,
234,36,9730,58,
234,37,9930,296,296
235,1,0,118,118
235,2,80,87,
235,3,180,81,
235,4,300,69,
235,5,450,70,
235,6,600,63,
235,7,750,60,
235,8,900,64,
235,9,1050,63,
235,10,1200,59,
235,11,1350,49,
235,12,1500,50,
235,13,1650,56,
235,14,1750,65,
235,15,1820,118,118
235,16,1820,118,118
235,17,1920,118,118
235,18,1920,118,118
235,19,2000,101,
235,20,2050,76,
235,21,2150,68,
235,22,2250,61,
235,23,2350,66,
235,24,2450,73,
235,25,2510,104,
235,26,2550,118,118
236,1,0,329,329
236,2,400,163,
236,3,800,77,
236,4,1200,71,
236,5,1600,70,
236,6,1900,51,
236,7,2300,83,
236,8,2700,106,
236,9,3000,97,
236,10,3300,87,
236,11,3700,87,
236,12,4100,46,
236,13,4400,28,
236,14,4700,35,
236,15,5360,329,329
236,16,5360,329,329
236,17,5500,329,329
236,18,5500,329,329
236,19,5800,-97,
236,20,6100,-112,
236,21,6400,-8,
236,22,6640,329,329
236,23,6640,329,329
236,24,7000,329,329
236,25,7000,329,329
236,26,7400,182,
236,27,7800,162,
236,28,8200,165,
236,29,8700,156,
236,30,9000,166,
236,31,9500,329,329
237,14,4800,78,
237,15,5300,278,278
237,16,5300,278,278
237,17,5400,278,278
237,18,5400,278,278
237,19,5700,-74,
237,20,5900,-74,
237,21,6100,-42,
237,22,6300,-2,
237,23,6500,278,278
237,24,6500,278,278
237,25,6600,278,278
237,26,6600,200,278
237,27,6700,182,
237,28,6850,182,
237,29,7000,184,
237,30,7100,212,
237,31,7180,230,278
237,1,0,278,278
237,2,550,150,
237,3,800,82,
237,4,1150,74,
237,5,1500,68,
237,6,1850,58,
237,7,2300,86,
237,8,2650,136,
237,9,2950,90,
237,10,3350,60,
237,11,3750,86,
237,12,4000,74,
237,13,4450,26,
238,1,0,194,194
238,2,250,115,
238,3,500,106,
238,4,700,76,
238,5,900,65,
238,6,1000,40,
238,7,1400,35,
238,8,1600,-16,
238,9,1900,21,
238,10,2200,46,
238,11,2300,44,
238,12,2650,6,
238,13,2900,-4,
238,14,3100,-3,
238,15,3400,27,
238,16,3600,50,
238,17,3750,48,
238,18,4150,127,
238,19,4500,95,
238,20,4700,79,
238,21,4900,47,
238,22,6000,94,
238,23,6300,131,
238,24,6400,194,194
238,25,6400,194,194
238,26,6500,194,194
238,27,6500,194,194
238,28,6700,54,
238,29,6900,49,
238,30,7100,56,
238,31,7450,57,
238,32,7700,55,
238,33,7900,63,
238,34,8350,57,
238,35,8600,61,
238,36,8800,194,194
239,1,0,232,232
239,2,600,90,
239,3,1100,44,
239,4,1600,38,
239,5,2200,94,
239,6,2600,127,
239,7,2900,114,
239,8,3300,72,
239,9,3600,90,
239,10,3950,38,
239,11,4400,20,
239,12,4800,80,
239,13,5100,232,232
239,14,5100,232,232
239,15,5200,232,232
239,16,5200,232,232
239,17,5400,6,
239,18,5700,-10,
239,19,6100,28,
239,20,6300,232,232
240,12,1500,222,222
240,13,1650,222,222
240,14,1650,49,222
240,15,1800,49,
240,16,2100,42,
240,17,2300,9,
240,18,2400,9,222
240,19,2400,222,222
240,20,2550,222,222
240,21,2550,55,222
240,22,2700,55,
240,23,3000,41,
240,24,3200,52,
240,25,3300,52,222
240,26,3300,222,222
240,27,3450,222,222
240,28,3450,55,222
240,29,3600,80,
240,30,3900,67,
240,31,4200,222,222
240,1,0,222,222
240,2,300,30,
240,3,550,21,
240,4,650,21,222
240,5,650,222,222
240,6,800,222,222
240,7,800,43,222
240,8,900,43,
240,9,1150,29,
240,10,1400,29,
240,11,1500,29,222
241,12,1900,34,
241,13,2100,29,
241,14,2200,13,
241,15,2400,31,193
241,16,2400,193,193
241,17,2540,193,193
241,18,2540,6,193
241,19,2650,-12,
241,20,2750,-20,
241,21,2900,10,
241,22,3100,57,
241,23,3300,62,
241,24,3750,43,
241,25,3830,61,193
241,26,3830,193,193
241,27,3980,193,193
241,28,3980,81,193
241,29,4100,63,
241,30,4600,88,
241,31,5150,106,193
241,32,5150,193,193
241,33,5290,193,193
241,34,5290,111,193
241,35,5500,123,
241,36,6400,193,193
241,37,6400,193,193
241,38,6500,193,193
241,39,6500,72,193
241,40,6700,54,
241,41,6900,56,
241,42,7100,53,
241,43,7170,71,193
241,44,7170,193,193
241,45,7270,193,193
241,46,7270,78,193
241,47,7370,60,
241,48,7570,56,
241,49,7770,53,
241,50,7970,71,193
241,51,7970,193,193
241,52,8070,193,193
241,53,8070,73,193
241,54,8190,55,
241,55,8440,60,
241,56,8640,58,
241,57,8760,76,193
241,1,0,193,193
241,2,300,115,
241,3,600,71,
241,4,800,44,
241,5,950,15,
241,6,1050,33,193
241,7,1050,193,193
241,8,1200,193,193
241,9,1200,23,193
241,10,1400,5,
241,11,1600,22,
242,1,0,334,334
242,2,150,216,
242,3,300,221,
242,4,450,236,
242,5,550,334,334
242,6,550,334,334
242,7,650,334,334
242,8,650,87,334
242,9,950,69,
242,10,1250,18,
242,11,1550,-12,
242,12,1700,6,334
242,13,1700,334,334
242,14,1800,334,334
242,15,1800,1,334
242,16,1900,-17,
242,17,2200,-3,
242,18,2500,8,
242,19,2800,0,
242,20,3000,18,334
242,21,3000,334,334
242,22,3100,334,334
242,23,3100,-41,334
242,24,3150,-59,
242,25,3450,-15,
242,26,3750,11,
242,27,4050,26,
242,28,4350,0,
242,29,4450,18,334
242,30,4450,334,334
242,31,4550,334,334
242,32,4550,17,334
242,33,4600,-1,
242,34,4900,20,
242,35,5200,41,
242,36,5500,78,
242,37,5650,96,334
242,38,5650,334,334
242,39,5750,334,334
242,40,5750,88,334
242,41,5850,70,
242,42,6150,88,
242,43,6450,56,
242,44,6750,334,334
242,45,6750,334,334
242,46,6850,334,334
242,47,6850,44,334
242,48,6950,26,
242,49,7150,17,
242,50,7350,16,
242,51,7450,16,
242,52,7550,34,334
242,53,7550,334,334
242,54,7650,334,334
242,55,7650,58,334
242,56,7750,40,
242,57,7950,18,
242,58,8150,11,
242,59,8250,11,
242,60,8350,29,334
242,61,8350,334,334
242,62,8450,334,334
242,63,8450,27,334
242,64,8550,9,
242,65,8750,9,
242,66,8950,8,
242,67,9050,9,
242,68,9150,27,334
242,69,9150,334,334
242,70,9250,334,334
242,71,9250,52,334
242,72,9350,34,
242,73,9550,41,
242,74,9750,40,
242,75,9850,64,
242,76,9950,82,334
243,1,0,365,365
243,2,400,76,
243,3,1000,0,
243,4,1050,18,365
243,5,1050,365,365
243,6,1200,365,365
243,7,1200,32,365
243,8,1800,14,
243,9,2400,32,365
243,10,2400,365,365
243,11,2590,365,365
243,12,2590,-43,365
243,13,2600,-61,
243,14,3400,27,
243,15,3830,45,365
243,16,3830,365,365
243,17,3980,365,365
243,18,3980,44,365
243,19,4200,26,
243,20,5000,78,
243,21,5150,96,365
243,22,5150,365,365
243,23,5290,365,365
243,24,5290,87,365
243,25,5800,69,
243,26,6200,83,
243,27,6400,365,365
243,28,6400,365,365
243,29,6500,365,365
243,30,6500,48,365
243,31,6700,30,
243,32,7100,22,
243,33,7150,40,365
243,34,7150,365,365
243,35,7250,365,365
243,36,7250,52,365
243,37,7450,34,
243,38,7850,21,
243,39,7950,39,365
243,40,7950,365,365
243,41,8050,365,365
243,42,8050,41,365
243,43,8200,23,
243,44,8600,24,
243,45,8750,42,365
243,46,8750,365,365
243,47,8850,365,365
243,48,8850,82,365
243,49,8950,64,
243,50,9150,61,
243,51,9450,365,365
337,1,0,280,280
337,2,300,95,
337,3,600,72,
337,4,950,21,
337,5,1050,39,280
337,6,1050,280,280
337,7,1200,280,280
337,8,1200,4,280
337,9,1450,-14,
337,10,1600,2,
337,11,1900,13,
337,12,2200,0,
337,13,2350,-28,
337,14,2400,-10,280
337,15,2400,280,280
337,16,2550,280,280
337,17,2550,-37,280
337,18,2700,-55,
337,19,2900,-19,
337,20,3200,28,
337,21,3500,90,
337,22,3800,19,
337,23,3850,37,280
337,24,3850,280,280
337,25,4000,280,280
337,26,4000,43,280
337,27,4150,25,
337,28,4500,63,
337,29,5100,115,
337,30,5150,133,280
337,31,5150,280,280
337,32,5300,280,280
337,33,5300,112,280
337,34,6000,94,
337,35,6500,280,280
337,36,6500,280,280
337,37,6600,280,280
337,38,6600,280,280
337,39,6800,82,
337,40,7000,27,
337,41,7250,31,
337,42,7300,49,280
337,43,7300,280,280
337,44,7400,280,280
337,45,7400,53,280
337,46,7550,35,
337,47,7750,31,
337,48,8000,30,
337,49,8050,48,280
337,50,8050,280,280
337,51,8150,280,280
337,52,8150,53,280
246,1,0,288,288
246,2,300,98,
246,3,600,68,
246,4,950,20,
246,5,1050,38,288
246,6,1050,288,288
246,7,1200,288,288
246,8,1200,6,288
246,9,1450,-17,
246,10,1600,0,
246,11,1900,19,
246,12,2200,26,
246,13,2350,-30,
246,14,2400,-12,288
246,15,2400,288,288
246,16,2550,288,288
246,17,2550,-35,288
246,18,2750,-53,
246,19,2900,-30,
246,20,3200,29,
246,21,3500,79,
246,22,3750,28,
246,23,3800,9,
246,24,3850,27,288
246,25,3850,288,288
246,26,4000,288,288
246,27,4000,41,288
246,28,4150,23,
246,29,4500,52,
246,30,4900,100,
246,31,5150,118,288
246,32,5150,288,288
246,33,5300,288,288
246,34,5300,117,288
246,35,5500,99,
246,36,6200,100,
246,37,6500,288,288
246,38,6500,288,288
246,39,6600,288,288
246,40,6600,288,288
246,41,6850,47,
246,42,7000,23,
246,43,7250,26,
246,44,7300,44,288
246,45,7300,288,288
246,46,7400,288,288
246,47,7400,53,288
246,48,7550,35,
246,49,7750,32,
246,50,8000,31,
246,51,8050,49,288
246,52,8050,288,288
246,53,8150,288,288
246,54,8150,48,288
246,55,8300,30,
246,56,8750,24,
246,57,8800,42,288
246,58,8800,288,288
246,59,8900,288,288
246,60,8900,98,288
246,61,9050,80,
246,62,9350,83,
246,63,9450,75,
246,64,9750,288,288
247,1,0,272,272
247,2,400,54,
247,3,600,14,
247,4,1000,-13,
247,5,1050,5,272
247,6,1050,272,272
247,7,1200,272,272
247,8,1200,-32,272
247,9,1400,-50,
247,10,1900,-13,
247,11,2300,-45,
247,12,2400,-27,272
247,13,2400,272,272
247,14,2550,272,272
247,15,2550,-62,272
247,16,2750,-80,
247,17,3100,-10,
247,18,3500,49,
247,19,3800,-20,
247,20,3850,-2,272
247,21,3850,272,272
247,22,4000,272,272
247,23,4000,26,272
247,24,4200,8,
247,25,4800,64,
247,26,5150,82,272
247,27,5150,272,272
247,28,5300,272,272
247,29,5300,88,272
247,30,5500,70,
247,31,6000,57,
247,32,6400,272,272
247,33,6400,272,272
247,34,6500,272,272
247,35,6500,272,272
247,36,6700,24,
247,37,7100,6,
247,38,7150,24,272
247,39,7150,272,272
247,40,7250,272,272
247,41,7250,26,272
247,42,7450,8,
247,43,7850,6,
247,44,7950,24,272
247,45,7950,272,272
247,46,8050,272,272
247,47,8050,24,272
247,48,8200,6,
247,49,8650,18,
247,50,8700,36,272
247,51,8700,272,272
247,52,8800,272,272
247,53,8800,79,272
247,54,9150,61,
247,55,9650,272,272
248,1,0,251,251
248,2,300,63,
248,3,450,59,
248,4,800,-3,
248,5,1050,15,251
248,6,1050,251,251
248,7,1200,251,251
248,8,1200,-26,251
248,9,1300,-44,
248,10,1800,-13,
248,11,2300,-41,
248,12,2400,-23,251
248,13,2400,251,251
248,14,2550,251,251
248,15,2550,-54,251
248,16,2800,-72,
248,17,3300,6,
248,18,3800,-40,
248,19,3850,-22,251
248,20,3850,251,251
248,21,4000,251,251
248,22,4000,18,251
248,23,4300,0,
248,24,5000,81,
248,25,5100,99,251
248,26,5100,251,251
248,27,5250,251,251
248,28,5250,88,251
248,29,5300,70,
248,30,5800,65,
248,31,6100,64,
248,32,6400,251,251
248,33,6400,251,251
248,34,6500,251,251
248,35,6500,251,251
248,36,6600,37,
248,37,6800,7,
248,38,7100,11,
248,39,7150,29,251
248,40,7150,251,251
248,41,7250,251,251
248,42,7250,29,251
248,43,7350,11,
248,44,7650,8,
248,45,7950,9,
248,46,8050,27,251
248,47,8050,251,251
248,48,8150,251,251
248,49,8150,28,251
248,50,8200,10,
248,51,8500,10,
248,52,8800,39,
248,53,8900,57,251
248,54,8900,251,251
248,55,9000,251,251
248,56,9000,73,251
248,57,9050,55,
248,58,9350,55,
248,59,9500,251,251
249,1,0,230,230
249,2,400,76,
249,3,900,8,
249,4,1050,26,230
249,5,1050,230,230
249,6,1200,230,230
249,7,1200,10,230
249,8,1500,-8,
249,9,1900,10,
249,10,2300,-2,
249,11,2400,16,230
249,12,2400,230,230
249,13,2550,230,230
249,14,2550,-36,230
249,15,2800,-54,
249,16,3300,16,
249,17,3700,26,
249,18,3850,44,230
249,19,3850,230,230
249,20,4000,230,230
249,21,4000,24,230
249,22,4200,6,
249,23,4600,20,
249,24,5100,84,
249,25,5150,102,230
249,26,5150,230,230
249,27,5300,230,230
249,28,5300,82,230
249,29,5900,64,
249,30,6600,230,230
249,31,6600,230,230
249,32,6700,230,230
249,33,6700,230,230
249,34,7000,24,
249,35,7400,30,
249,36,7450,42,230
249,37,7450,230,230
249,38,7550,230,230
249,39,7550,48,230
249,40,7950,18,
249,41,8150,36,230
249,42,8150,230,230
249,43,8250,230,230
249,44,8250,38,230
249,45,8700,20,
249,46,8900,38,230
249,47,8900,230,230
249,48,9000,230,230
249,49,9000,78,230
249,50,9350,60,
249,51,10050,230,230
250,1,0,228,228
250,2,500,57,
250,3,600,32,
250,4,1000,-32,
250,5,1050,-14,228
250,6,1050,228,228
250,7,1200,228,228
250,8,1200,-13,228
250,9,1500,-31,
250,10,1900,1,
250,11,2300,-45,
250,12,2400,-27,228
250,13,2400,228,228
250,14,2550,228,228
250,15,2550,-58,228
250,16,2800,-76,
250,17,3100,5,
250,18,3500,44,
250,19,3700,-5,
250,20,3850,13,228
250,21,3850,228,228
250,22,4000,228,228
250,23,4000,26,228
250,24,4300,8,
250,25,4800,69,
250,26,5150,87,228
250,27,5150,228,228
250,28,5300,228,228
250,29,5300,95,228
250,30,5500,77,
250,31,6000,57,
250,32,6500,228,228
250,33,6500,228,228
250,34,6600,228,228
250,35,6600,228,228
250,36,6900,11,
250,37,7250,29,228
250,38,7250,228,228
250,39,7350,228,228
250,40,7350,36,228
250,41,7650,18,
250,42,8050,11,
250,43,8100,29,228
250,44,8100,228,228
250,45,8200,228,228
250,46,8200,35,228
250,47,8400,17,
250,48,8800,17,
250,49,8850,80,228
250,50,8850,228,228
250,51,8950,228,228
250,52,8950,80,228
250,53,9300,62,
250,54,9800,228,228
251,1,0,223,223
251,2,300,104,
251,3,600,76,
251,4,950,32,
251,5,1050,50,223
251,6,1050,223,223
251,7,1200,223,223
251,8,1200,-37,223
251,9,1400,-55,
251,10,1500,-2,
251,11,1600,16,
251,12,1900,41,
251,13,2200,17,
251,14,2350,-15,
251,15,2400,3,223
251,16,2400,223,223
251,17,2550,223,223
251,18,2550,-11,223
251,19,2700,-29,
251,20,2900,-13,
251,21,3200,45,
251,22,3500,104,
251,23,3850,122,223
251,24,3850,223,223
251,25,4000,223,223
251,26,4000,60,223
251,27,4200,42,
251,28,5150,60,223
251,29,5150,223,223
251,30,5300,223,223
251,31,5300,126,223
251,32,6100,108,
251,33,6500,223,223
251,34,6500,223,223
251,35,6600,223,223
251,36,6600,223,223
251,37,6900,43,
251,38,7200,48,
251,39,7250,66,223
251,40,7250,223,223
251,41,7350,223,223
251,42,7350,67,223
251,43,7550,49,
251,44,7750,52,
251,45,8050,43,
251,46,8100,61,223
251,47,8100,223,223
251,48,8200,223,223
251,49,8200,69,223
251,50,8350,51,
251,51,8800,53,
251,52,8850,71,223
251,53,8850,223,223
251,54,8950,223,223
251,55,8950,120,223
251,56,9550,102,
251,57,9750,223,223
252,1,0,229,319
252,2,100,229,
252,3,250,218,
252,4,500,239,
252,5,600,239,319
252,6,600,319,319
252,7,700,319,319
252,8,700,103,319
252,9,800,103,
252,10,1200,50,
252,11,1450,14,
252,12,1650,11,
252,13,1750,11,319
252,14,1750,319,319
252,15,1850,319,319
252,16,1850,-29,319
252,17,2050,-29,
252,18,2350,-4,
252,19,2650,6,
252,20,2900,-41,
252,21,3050,-41,319
252,22,3050,319,319
252,23,3150,319,319
252,24,3150,-50,319
252,25,3450,-50,
252,26,3700,8,
252,27,4300,13,
252,28,4450,13,319
252,29,4450,319,319
252,30,4550,319,319
252,31,4550,4,319
252,32,4800,4,
252,33,5250,68,
252,34,5550,90,
252,35,5700,90,319
252,36,5700,319,319
252,37,5800,319,319
252,38,5800,78,319
252,39,5900,78,
252,40,6300,71,
252,41,6700,88,
252,42,6900,88,319
252,43,6900,319,319
252,44,7000,319,319
252,45,7000,13,319
252,46,7150,13,
252,47,7600,13,
252,48,7650,13,319
252,49,7650,319,319
252,50,7750,319,319
252,51,7750,14,319
252,52,7950,14,
252,53,8350,14,
252,54,8450,14,319
252,55,8450,319,319
252,56,8550,319,319
252,57,8550,18,319
252,58,8900,18,
252,59,9200,18,319
252,60,9200,319,319
252,61,9300,319,319
252,62,9300,65,319
252,63,9350,65,
252,64,10000,61,319
253,1,0,178,178
253,2,300,85,
253,3,700,33,
253,4,1000,-6,
253,5,1050,12,178
253,6,1050,178,178
253,7,1200,178,178
253,8,1200,17,178
253,9,1400,-1,
253,10,1800,14,
253,11,2200,5,
253,12,2400,23,178
253,13,2400,178,178
253,14,2550,178,178
253,15,2550,-39,178
253,16,2600,-57,
253,17,3000,17,
253,18,3400,46,
253,19,3800,2,
253,20,3850,20,178
253,21,3850,178,178
253,22,4000,178,178
253,23,4000,44,178
253,24,4200,26,
253,25,4600,45,
253,26,5000,98,
253,27,5150,116,178
253,28,5150,178,178
253,29,5300,178,178
253,30,5300,104,178
253,31,5400,86,
253,32,5800,83,
253,33,6300,178,178
253,34,6300,178,178
253,35,6400,178,178
253,36,6400,178,178
253,37,6600,31,
253,38,6900,33,
253,39,7050,51,178
253,40,7050,178,178
253,41,7150,178,178
253,42,7150,47,178
253,43,7250,29,
253,44,7650,33,
253,45,7850,51,178
253,46,7850,178,178
253,47,7950,178,178
253,48,7950,49,178
253,49,8000,31,
253,50,8400,36,
253,51,8800,178,178
254,1,0,130,130
254,2,550,64,
254,3,800,45,
254,4,950,45,130
254,5,950,130,130
254,6,1100,130,130
254,7,1100,4,130
254,8,1200,4,
254,9,1600,34,
254,10,2000,37,
254,11,2200,37,130
254,12,2200,130,130
254,13,2350,130,130
254,14,2350,-11,130
254,15,2500,-11,
254,16,2900,40,
254,17,3150,58,
254,18,3450,130,130
255,1,0,143,143
255,2,450,53,
255,3,700,37,
255,4,950,17,
255,5,1050,35,143
255,6,1050,143,143
255,7,1200,143,143
255,8,1200,11,143
255,9,1300,-7,
255,10,1800,30,
255,11,2200,16,
255,12,2400,34,143
255,13,2400,143,143
255,14,2550,143,143
255,15,2550,-22,143
255,16,2700,-40,
255,17,3200,40,
255,18,3500,53,
255,19,3850,71,143
255,20,3850,143,143
255,21,4000,143,143
255,22,4000,51,143
255,23,4100,33,
255,24,4850,98,
255,25,5150,116,143
255,26,5150,143,143
255,27,5300,143,143
255,28,5300,103,143
255,29,5800,85,
255,30,6300,143,143
255,31,6300,143,143
255,32,6400,143,143
255,33,6400,143,143
255,34,6700,48,
255,35,7000,46,
255,36,7050,64,143
255,37,7050,143,143
255,38,7150,143,143
255,39,7150,70,143
255,40,7350,52,
255,41,7750,45,
255,42,7850,63,143
255,43,7850,143,143
255,44,7950,143,143
255,45,7950,64,143
255,46,8100,46,
255,47,8500,50,
255,48,8600,68,143
255,49,8600,143,143
255,50,8700,143,143
255,51,8700,103,143
255,52,8950,85,
255,53,9400,143,143
256,1,0,117,117
256,2,200,50,
256,3,400,34,
256,4,600,18,
256,5,700,36,117
256,6,700,117,117
256,7,850,117,117
256,8,850,12,117
256,9,900,-6,
256,10,1100,21,
256,11,1300,26,
256,12,1500,40,
256,13,1700,47,
256,14,1900,10,
256,15,1950,28,117
256,16,1950,117,117
256,17,2100,117,117
256,18,2100,-17,117
256,19,2200,-35,
256,20,2400,-13,
256,21,2600,26,
256,22,2800,40,
256,23,3000,117,117
257,1,0,149,149
257,2,250,99,
257,3,500,62,
257,4,850,16,
257,5,1050,16,149
257,6,1050,149,149
257,7,1200,149,149
257,8,1200,21,149
257,9,1300,21,
257,10,1700,38,
257,11,2100,2,
257,12,2250,2,149
257,13,2250,149,149
257,14,2400,149,149
257,15,2400,-48,149
257,16,2500,-48,
257,17,2900,36,
257,18,3200,65,
257,19,3500,45,
257,20,3700,45,149
257,21,3700,149,149
257,22,3850,149,149
257,23,3850,50,149
257,24,4200,50,
257,25,4750,120,
257,26,5150,120,149
257,27,5150,149,149
257,28,5300,149,149
257,29,5300,108,149
257,30,5800,108,
257,31,6200,149,149
258,1,0,130,130
258,2,350,43,
258,3,600,23,
258,4,800,-8,
258,5,850,10,130
258,6,850,130,130
258,7,1000,130,130
258,8,1000,14,130
258,9,1200,-4,
258,10,1700,21,
258,11,2100,-17,
258,12,2200,1,130
258,13,2200,130,130
258,14,2350,130,130
258,15,2350,-21,130
258,16,2600,-39,
258,17,3100,43,
258,18,3500,28,
258,19,4900,130,130
259,1,0,237,296
259,2,75,237,
259,3,150,231,
259,4,225,238,
259,5,300,231,
259,6,375,231,
259,7,450,236,
259,8,530,236,296
259,9,530,296,296
259,10,630,296,296
259,11,630,296,296
259,12,1130,57,
259,13,1530,-8,
259,14,1680,-8,296
259,15,1680,296,296
259,16,1780,296,296
259,17,1780,-20,296
259,18,1980,-20,
259,19,2380,10,
259,20,2780,-38,
259,21,2980,-38,296
259,22,2980,296,296
259,23,3080,296,296
259,24,3080,-94,296
259,25,3230,-94,
259,26,3630,6,
259,27,4130,26,
259,28,4330,26,296
259,29,4330,296,296
259,30,4430,296,296
259,31,4430,2,296
259,32,4580,2,
259,33,5080,64,
259,34,5480,88,
259,35,5630,88,296
259,36,5630,296,296
259,37,5730,296,296
259,38,5730,64,296
259,39,5830,64,
259,40,6130,58,
259,41,6430,296,296
259,42,6430,296,296
259,43,6530,296,296
259,44,6530,296,296
259,45,6730,26,
259,46,7030,10,
259,47,7180,8,296
259,48,7180,296,296
259,49,7280,296,296
259,50,7280,20,296
259,51,7380,20,
259,52,7780,10,
259,53,7980,10,296
259,54,7980,296,296
259,55,8080,296,296
259,56,8080,12,296
259,57,8230,12,
259,58,8530,10,
259,59,8730,10,296
259,60,8730,296,296
259,61,8830,296,296
259,62,8830,60,296
259,63,8980,60,
259,64,9380,58,
259,65,9580,296,296
260,1,0,225,338
260,2,150,225,
260,3,250,219,
260,4,350,214,
260,5,450,216,
260,6,550,216,
260,7,650,233,
260,8,750,233,338
260,9,750,338,338
260,10,850,338,338
260,11,850,338,338
260,12,1150,72,
260,13,1450,20,
260,14,1750,-2,
260,15,2150,-46,
260,16,2450,-17,
260,17,2750,-2,
260,18,3050,-19,
260,19,3450,-72,
260,20,3750,-46,
260,21,4050,12,
260,22,4350,48,
260,23,4850,-18,
260,24,5250,10,
260,25,5650,68,
260,26,6250,71,
260,27,6650,59,
260,28,6950,68,
260,29,7050,338,338
260,30,7050,338,338
260,31,7150,338,338
260,32,7150,338,338
260,33,7350,16,
260,34,7750,7,
260,35,8050,10,
260,36,8450,11,
260,37,8850,4,
260,38,9250,8,
260,39,9650,42,
260,40,9950,56,
260,41,10300,338,338
261,1,0,229,319
261,2,100,229,
261,3,250,218,
261,4,500,239,
261,5,600,239,319
261,6,600,319,319
261,7,700,319,319
261,8,700,319,319
261,9,800,103,
261,10,1200,50,
261,11,1450,14,
261,12,1650,11,
261,13,2100,-29,
261,14,2400,-4,
261,15,2700,6,
261,16,2950,-41,
261,17,3550,-50,
261,18,3800,8,
261,19,4400,13,
261,20,4950,4,
261,21,5400,68,
261,22,5700,90,
261,23,6100,78,
261,24,6500,71,
261,25,6900,88,
261,26,7100,319,319
261,27,7100,319,319
261,28,7200,319,319
261,29,7200,319,319
261,30,7350,13,
261,31,7800,13,
261,32,8200,14,
261,33,8600,14,
261,34,9200,18,
261,35,9700,65,
261,36,10350,319,319
262,1,0,500,500
262,2,150,500,500
262,3,250,219,
262,4,350,214,
262,5,450,216,
262,6,550,216,
262,7,650,233,
262,8,750,500,500
262,9,750,500,500
262,10,850,500,500
262,11,850,500,500
262,12,1150,72,
262,13,1450,20,
262,14,1750,-2,
262,15,2150,-46,
262,16,2450,-17,
262,17,2750,-2,
262,18,3050,-19,
262,19,3450,-72,
262,20,3750,-46,
262,21,4050,12,
262,22,4350,48,
262,23,4850,-18,
262,24,5250,10,
262,25,5650,68,
262,26,6250,71,
262,27,6650,59,
262,28,6950,68,
262,29,7050,500,500
262,30,7050,500,500
262,31,7150,500,500
262,32,7150,500,500
262,33,7350,16,
262,34,7750,7,
262,35,8050,10,
262,36,8450,11,
262,37,8850,4,
262,38,9250,8,
262,39,9650,42,
262,40,9950,56,
262,41,10300,500,500
293,1,-80,17568,17568
293,2,0,17468,
293,3,200,17368,
293,4,220,17314,
293,5,400,17238,
293,6,600,17181,
293,7,610,17171,
293,8,630,17157,
266,1,0,21691,21831
266,2,200,21493,
266,3,600,21372,
266,4,1000,21241,
266,5,1500,21225,
266,6,2000,21191,
266,7,2400,21134,
266,8,2800,21198,
266,9,3000,21311,
266,10,3400,21454,
266,11,3700,21376,
266,12,4000,21225,
266,13,4300,21203,
266,14,4600,21234,
283,1,-300,22200,22200
283,2,0,21966,
283,3,90,21947,
283,4,140,21938,
283,5,240,21927,
283,6,340,21915,
283,7,490,21916,
283,8,640,21906,
283,9,790,21884,
283,10,890,21901,
283,11,990,21887,
283,12,1090,21897,
266,15,4900,21265,
266,16,5200,21373,
266,17,5700,21510,
266,18,6200,21539,
266,19,6400,21761,21831
267,1,0,21801,21801
267,2,400,21577,
267,3,800,21431,
267,4,1600,21269,
267,5,2200,21252,
267,6,2800,21455,
267,7,3000,21455,21801
267,8,3000,21801,21801
267,9,3100,21801,21801
267,10,3100,21446,21801
267,11,3300,21446,
267,12,3900,21196,
267,13,4500,21257,
267,14,5100,21292,
267,15,5600,21464,
267,16,6100,21801,21801
282,1,0,22001,22390
282,2,70,22001,
282,3,70,21970,
282,4,170,21961,
282,5,320,21956,
282,6,490,21931,
282,7,650,21921,
282,8,780,21936,
293,9,700,17055,
293,10,930,16918,
293,11,1230,16793,
293,12,1330,16723,
293,13,1730,16618,
293,14,2230,16533,
293,15,4175,16528,
293,16,5880,16488,
293,17,9130,16528,
293,18,10130,16533,
293,19,10430,16618,
293,20,10830,16723,
293,21,11330,16793,
293,22,11830,16918,
293,23,12100,17055,
293,24,12340,17157,
293,25,14800,17171,
293,26,14902,17181,
293,27,15210,17238,
293,28,15370,17314,
293,29,15830,17368,
293,30,23880,17468,
293,31,24780,17568,17568
294,1,0,26441,26681
294,2,405,26429,26850
282,9,820,21946,22390
282,10,820,22390,22390
282,11,940,22390,22390
282,12,940,21970,22390
282,13,1070,21948,
282,14,1250,21944,
282,15,1340,21928,
282,16,1450,21924,
282,17,1550,21986,
282,18,1680,22096,
282,19,1760,22125,22390
283,13,1190,21917,
283,14,1290,21935,
283,15,1340,21943,
283,16,1390,21947,
283,17,1390,21980,
283,18,1490,22200,22200
284,1,0,22001,22390
284,2,60,22001,
284,3,60,21951,
284,4,200,21956,
284,5,420,21931,
284,6,520,21901,
284,7,670,21884,
284,8,820,21866,22390
284,9,820,21866,21866
284,10,940,21961,21961
284,11,940,21961,22390
284,12,1140,21966,
284,13,1190,21976,
284,14,1240,21941,
284,15,1460,21936,
284,16,1560,21968,
284,17,1660,21986,
284,18,1660,22036,
284,19,1760,22116,
284,20,1760,22390,22390
285,1,0,29026,29300
285,2,40,29006,
285,3,100,28998,
285,4,180,28998,
285,5,260,28998,
285,6,340,29002,
285,7,420,29000,
285,8,500,29018,
285,9,580,29020,
285,10,660,29036,
285,11,730,29044,
285,12,770,29076,
285,13,870,29156,
285,14,970,29260,
285,15,1070,29300,29300
290,1,0,22070,22070
290,2,60,21990,
290,3,100,21983,
290,4,160,21922,
292,1,0,22041,22041
292,2,90,21977,
292,3,250,21969,
292,4,470,21949,
292,5,580,22040,22041
292,6,580,22041,22041
292,7,860,22041,22041
292,8,860,22041,22041
292,9,1060,21954,
292,10,1390,21955,
292,11,1720,22004,
292,12,2020,21976,
292,13,2350,21975,
292,14,2890,22041,22041
290,5,220,21902,
290,6,420,21892,
290,7,660,21878,
290,8,920,21877,
290,9,1150,21873,
290,10,1330,21874,
290,11,1620,21864,
290,12,1730,21902,
290,13,1960,21897,
290,14,2100,21881,
290,15,2250,21903,
290,16,2470,21888,
290,17,2820,21875,
290,18,3080,21883,
290,19,3370,21895,
290,20,3575,21902,
290,21,3686,21917,
290,22,3820,21972,22070
333,1,0,22222,22222
333,2,270,22177,
333,3,520,21997,
333,4,650,21926,
333,5,880,21889,
333,6,1230,21878,
333,7,1530,21861,
333,8,2030,21843,
333,9,2430,21848,
333,10,2730,21871,
333,11,3250,21905,
333,12,3650,21895,
333,13,3930,21886,
333,14,4140,21925,
333,15,4160,21975,
333,16,4230,22012,
294,3,735,26426,26900
294,4,1095,26401,26840
294,5,1265,26308,26800
294,6,1485,26297,26680
294,7,1486,26297,26297
294,8,1725,26280,26280
294,9,1725,26287,26680
294,10,1925,26270,26800
294,11,2325,26259,26900
294,12,2825,26268,26840
294,13,3205,26270,26680
294,14,3206,26270,26270
294,15,3444,26251,26251
294,16,3445,26275,26681
294,17,3625,26256,26750
294,18,3825,26248,26816
294,19,4075,26255,26890
294,20,4105,26278,26900
294,21,4195,26320,26880
294,22,4425,26362,26843
294,23,4935,26420,26681
295,1,0,18713,19153
295,2,130,18683,
295,3,240,18563,
295,4,1750,18513,
295,5,2060,18703,
295,6,2650,18723,19143
299,1,0,18280,18490
299,2,350,18250,
299,3,620,18088,
299,4,1550,18068,
299,5,2280,18069,
299,6,2480,18071,
299,7,2481,18171,
299,8,2565,18171,18491
326,1,0,51210,51460
326,2,50,51210,51460
326,3,51,51150,51460
326,4,800,51150,51460
326,5,1250,51220,51460
331,1,0,172,300
331,2,190,32,
331,3,430,13,
331,4,645,-39,
331,5,1375,-49,
331,6,1505,-25,
331,7,1720,-78,
331,8,1800,-67,
331,9,2640,-57,
331,10,2930,0,
331,11,3670,47,
331,12,3825,164,300
332,1,0,40901,41029
332,2,190,40761,
332,3,430,40742,
332,4,645,40690,
332,5,1375,40680,
332,6,1505,40704,
332,7,1720,40651,
332,8,1800,40662,
332,9,2640,40672,
332,10,2930,40729,
332,11,3670,40776,
332,12,3825,40893,41029
333,17,4330,22062,
333,18,4560,22082,
333,19,4560,22182,
333,20,4590,22182,22222
334,1,0,9870,10000
334,2,260,9866,
334,3,390,9799,
334,4,530,9775,
334,5,640,9747,
334,6,940,9717,
334,7,1360,9682,
334,8,1565,9661,
334,9,2100,9606,
334,10,2190,9705,
334,11,2370,9721,
334,12,2480,9881,
334,13,2500,9947,10000
319,1,-200,51300,51300
319,2,0,51198,
319,3,50,51174,
319,4,150,51150,
319,5,250,51120,
319,6,400,51120,
319,7,500,51118,
319,8,650,51122,
319,9,800,51128,
319,10,950,51136,
319,11,1050,51136,
319,12,1130,51162,
319,13,1190,51198,
319,14,1400,51300,51300
320,1,0,51210,51460
320,2,50,51210,51460
320,3,51,51150,51460
320,4,800,51150,51460
320,5,1400,51220,51460
345,1,0,367,367
345,2,200,266,
345,3,209,263,
345,4,218,257,
345,5,233,256,
345,6,254,255,
345,7,266,250,
345,8,284,248,
345,9,305,238,
345,10,328,243,
345,11,354,229,
345,12,381,226,
345,13,407,227,
345,14,433,225,
345,15,459,223,
345,16,482,220,
345,17,514,218,
345,18,540,206,
345,19,571,213,
345,20,603,216,
345,21,629,207,
345,22,660,204,
345,23,691,193,
345,24,724,192,
345,25,756,190,
345,26,789,189,
345,27,826,187,
345,28,863,187,
345,29,896,191,
345,30,926,189,
345,31,965,212,
345,32,1011,205,
345,33,1057,193,
345,34,1098,185,
345,35,1140,162,
345,36,1184,171,
345,37,1231,159,
345,38,1272,157,
345,39,1312,140,
345,40,1362,122,
345,41,1403,98,
345,42,1488,30,
345,43,1541,34,
345,44,1585,38,
345,45,1630,36,
345,46,1670,31,
345,47,1702,25,
345,48,1746,27,
345,49,1791,29,
345,50,1834,27,
345,51,1871,25,
345,52,1903,22,
345,53,1942,20,
345,54,1982,19,
345,55,2032,19,
345,56,2074,21,
345,57,2110,19,
346,1,0,367,367
346,2,212,282,
346,3,220,277,
346,4,228,277,
346,5,232,273,
346,6,234,273,
346,7,242,267,
346,8,261,262,
346,9,288,251,
346,10,317,251,
346,11,343,251,
346,12,366,250,
346,13,387,250,
346,14,406,250,
346,15,427,250,
346,16,451,249,
346,17,474,249,
346,18,503,248,
346,19,537,248,
346,20,567,249,
346,21,601,247,
346,22,633,242,
346,23,658,237,
346,24,677,237,
346,25,703,230,
346,26,721,223,
346,27,744,182,
345,95,3449,230,
345,96,3475,237,
345,97,3494,237,
345,98,3519,242,
345,99,3551,247,
345,100,3585,249,
345,101,3615,248,
345,102,3649,248,
345,103,3678,249,
345,104,3701,249,
345,105,3725,250,
345,106,3746,250,
345,107,3765,250,
345,108,3786,250,
345,109,3809,251,
345,110,3835,251,
345,111,3864,251,
345,112,3891,262,
345,113,3910,267,
345,114,3918,273,
345,115,3920,273,
345,116,3924,277,
345,117,3932,277,
345,118,3940,282,
345,119,4152,367,367
346,28,770,176,
346,29,801,177,
346,30,835,160,
346,31,872,139,
346,32,907,117,
346,33,937,54,
346,34,966,54,
346,35,993,45,
346,36,1017,38,
346,37,1040,25,
346,38,1069,19,
346,39,1097,17,
346,40,1129,9,
346,41,1168,4,
346,42,1208,0,
346,43,1246,-4,
346,44,1285,-8,
346,45,1320,-10,
346,46,1353,-13,
346,47,1385,-11,
346,48,1414,-21,
346,49,1435,-23,
346,50,1469,-24,
346,51,1509,-24,
346,52,1551,-24,
346,53,1589,-24,
346,54,1640,-21,
346,55,1686,-24,
346,56,1720,-25,
346,57,1750,-25,
346,58,1776,-23,
346,59,1811,-20,
346,60,1861,-16,
346,61,1964,-1,
346,62,2001,5,
346,63,2042,19,
346,64,2078,21,
346,65,2120,19,
346,66,2170,19,
346,67,2210,20,
346,68,2249,22,
346,69,2281,25,
346,70,2318,27,
346,71,2361,29,
346,72,2406,27,
346,73,2450,25,
346,74,2482,31,
346,75,2522,36,
346,76,2567,38,
346,77,2611,34,
346,78,2664,30,
346,79,2749,98,
346,80,2790,122,
346,81,2840,140,
346,82,2880,157,
346,83,2921,159,
346,84,2968,171,
346,85,3012,162,
346,86,3054,185,
346,87,3095,193,
346,88,3141,205,
346,89,3187,212,
346,90,3226,189,
346,91,3256,191,
346,92,3289,187,
346,93,3326,187,
346,94,3363,189,
347,18,3290,18251,18567
347,19,4000,18295,18567
348,1,-300,18700,18700
348,2,0,18400,
348,3,80,18300,
348,4,1860,18270,
348,5,2140,18054,
348,6,2890,17993,
348,7,3370,18021,
348,8,3670,18066,
348,9,4050,18199,
348,10,5220,18316,
348,11,5221,18400,
348,12,5222,18450,
348,13,5280,18460,
348,14,5281,18700,18700
349,1,0,29998,30100
349,2,1170,29950,
349,3,1440,29923,
349,4,1710,29755,
349,5,1950,29732,
349,6,2060,29738,
349,7,2120,29765,
349,8,2210,29779,
349,9,2260,29832,
349,10,2450,29866,
349,11,2650,29971,
349,12,2650,30016,
349,13,2665,30016,
349,14,2665,29971,
349,15,2700,29975,30100
345,58,2151,5,
345,59,2188,-1,
345,60,2291,-16,
345,61,2341,-20,
345,62,2376,-23,
345,63,2402,-25,
345,64,2432,-25,
345,65,2466,-24,
345,66,2512,-21,
345,67,2563,-24,
345,68,2601,-24,
345,69,2643,-24,
345,70,2683,-24,
345,71,2717,-23,
345,72,2738,-21,
345,73,2767,-11,
345,74,2799,-13,
345,75,2832,-10,
345,76,2867,-8,
345,77,2906,-4,
345,78,2944,0,
345,79,2984,4,
345,80,3023,9,
345,81,3055,17,
345,82,3083,19,
345,83,3112,25,
345,84,3135,38,
345,85,3159,45,
345,86,3186,54,
345,87,3215,54,
345,88,3245,117,
345,89,3280,139,
345,90,3317,160,
345,91,3351,177,
345,92,3382,176,
345,93,3408,182,
345,94,3431,223,
346,95,3396,190,
346,96,3428,192,
346,97,3461,193,
346,98,3492,204,
346,99,3523,207,
346,100,3549,216,
346,101,3581,213,
346,102,3612,206,
346,103,3638,218,
346,104,3670,220,
346,105,3693,223,
346,106,3719,225,
346,107,3745,227,
346,108,3771,226,
346,109,3798,229,
346,110,3824,243,
346,111,3847,238,
346,112,3868,248,
346,113,3886,250,
346,114,3898,255,
346,115,3919,256,
346,116,3934,257,
346,117,3943,263,
346,118,3952,266,
346,119,4152,367,367
347,1,-1550,18257,18567
347,2,-500,18257,18567
347,3,-150,18257,18537
347,4,-150,18537,18537
347,5,0,18490,18490
347,6,0,18267,18537
347,7,350,18250,18567
347,8,620,18088,
347,9,1550,18068,
347,10,2265,18068,18567
347,11,2280,18069,
347,12,2480,18071,
347,13,2481,18171,
347,14,2565,18171,18537
347,15,2565,18491,18491
347,16,2715,18491,18491
347,17,2715,18200,18537
337,53,8300,35,
337,54,8700,33,
337,55,8800,51,280
337,56,8800,280,280
337,57,8900,280,280
337,58,8900,103,280
337,59,9350,85,
337,60,9450,82,
337,61,9750,280,280
350,1,0,156,500
350,2,40,109,
350,3,100,100,
350,4,180,77,
350,5,250,64,
350,6,300,61,
350,7,350,59,
350,8,400,55,
350,9,450,48,
350,10,500,55,
350,11,550,36,
350,12,600,28,
350,13,650,22,
350,14,700,19,
350,15,750,9,
350,16,800,0,
350,17,850,4,
350,18,900,20,
350,19,950,27,
350,20,1000,33,
350,21,1050,30,
350,22,1100,30,
350,23,1150,31,
350,24,1200,50,
350,25,1250,56,
350,26,1300,57,
350,27,1350,62,
350,28,1400,74,
350,29,1470,102,
350,30,1550,197,
350,31,1650,274,
350,32,1650,353,
350,33,1660,349,
350,34,1850,359,
350,35,2050,356,
350,36,2150,355,
350,37,2350,355,
350,38,2550,362,
350,39,2730,372,500
351,1,0,346,346
351,2,412,234,
351,3,492,220,
351,4,518,214,
351,5,556,211,
351,6,578,213,
351,7,649,210,
351,8,670,211,
351,9,714,210,
351,10,735,210,
351,11,802,202,
351,12,825,198,
351,13,895,190,
351,14,918,191,
351,15,972,187,
351,16,1057,176,
351,17,1115,163,
351,18,1179,151,
351,19,1290,135,
351,20,1336,132,
351,21,1486,115,
351,22,1515,112,
351,23,1625,104,
351,24,1694,100,
351,25,1797,92,
351,26,1821,89,
351,27,1937,73,
351,28,2006,67,
351,29,2092,56,
351,30,2113,53,
351,31,2207,40,
351,32,2283,33,
351,33,2328,30,
351,34,2376,27,
351,35,2454,24,
351,36,2482,24,
351,37,2558,21,
351,38,2607,23,
351,39,2690,26,
351,40,2717,29,
351,41,2816,37,
351,42,2874,41,
351,43,2934,48,
351,44,3008,53,
351,45,3122,63,
351,46,3169,64,
351,47,3310,70,
351,48,3402,70,
351,49,3518,65,
351,50,3576,62,
351,51,3636,56,
351,52,3648,56,
351,53,3701,51,
351,54,3710,50,
351,55,3758,47,
351,56,3800,45,
351,57,3873,40,
351,58,3930,36,
351,59,4057,28,
351,60,4108,25,
351,61,4214,19,
351,62,4303,15,
351,63,4444,13,
351,64,4532,12,
351,65,4668,14,
351,66,4719,15,
351,67,4911,25,
351,68,4999,27,
351,69,5125,32,
351,70,5217,33,
351,71,5385,44,
351,72,5433,44,
351,73,5578,47,
351,74,5673,46,
351,75,5803,39,
351,76,5998,27,
351,77,6041,25,
351,78,6162,13,
351,79,6237,7,
351,80,6340,1,
351,81,6373,0,
351,82,6500,0,
351,83,6591,1,
351,84,6736,5,
351,85,6787,9,
351,86,6934,26,
351,87,7037,46,
351,88,7194,65,
351,89,7243,69,
351,90,7443,72,
351,91,7494,72,
351,92,7624,76,
351,93,7716,80,
351,94,7849,88,
351,95,7886,89,
351,96,7988,88,
351,97,8041,88,
351,98,8098,84,
351,99,8114,84,
351,100,8128,85,
351,101,8137,85,
351,102,8163,85,
351,103,8171,85,
351,104,8216,83,
351,105,8259,82,
351,106,8339,85,
351,107,8373,85,
351,108,8470,90,
351,109,8531,92,
351,110,8621,102,
351,111,8648,103,
351,112,8739,115,
351,113,8810,121,
351,114,8936,124,
351,115,8979,129,
351,116,9114,141,
351,117,9164,150,
351,118,9478,171,
351,119,9588,172,
351,120,9752,180,
351,121,9803,183,
351,122,9892,183,
351,123,9976,185,
351,124,10016,192,
351,125,10216,346,346
