nosta,codehydro,nom,courdo,xlambert,ylambert,pk,bv,type,nogest,module,qrefetiage,qix2,qix5,qix10,mnemo,comment,datemaj,typemes,nomcommune,inseecommune,ngfechelle,dateenregistrement,datecreation,cotedebordement,coteseuil,codehydro3,codesitehydro3,synchronisation
1,"K1173210","MONTCEAUX L'ETOILE","Arconce",731860,2152310,,598.70001,"S","430450",5.61,0.348,68.2,104,128,"K1173210"," Mise à jour Débits caractéristiques le 16/04/2025","10/16/20 09:53:00","00",,,,"04/16/25 16:36:00",,,,"K117321001","K1173210",1
4,"K1391810","LE VERDIER","Arroux",726690,2167690,,3166,"S","430450",34.2,2.35,295,372,423,"K1391810"," Mise à jour Débits caractéristiques le 16/04/2025","12/26/00 00:00:00","00",,,,"04/16/25 16:12:00",,,,"K139181001","K1391810",1
7,"K4793010","CHAILLES","Cosson",572.841,6717.275,,740,"S","430450",2.94,0.138,21.7,38.3,49.3,"K4793010","Cette station est située sur la commune de Chailles (41) au pont de la départementale D751, en direction de Blois.
Type de contrôle: seuil en béton en aval de la station
Equipement: PLQ 2000 2400BD Téléphone: 02.54.79.49.41 nivellement  01/09/1990 

Mise à jour débits caractéristiques le 23/04/2025.
","02/03/98 00:00:00","00",,,6407,"04/23/25 09:29:00","02/03/98 00:00:00",,34,"K479301001","K4793010",1
13,"K1341810","RIGNY/ARROUX","Arroux",730160,2171860,,2277,"S","430450",27.2,1.22,248,338,398,"K1341810","Mise à jour Débits caractéristiques le 15/04/2025","12/26/00 00:00:00","00",,,,"04/15/25 16:01:00",,,,"K134181001","K1341810",1
14,"K1773010","VERNEUIL","Aron",694500,2206520,,1465,"S","430450",17.5,1.13,186,236,269,"K1773010"," Mise à jour Débits caractéristiques le 16/04/2025","12/26/00 00:00:00","00",,,,"04/16/25 11:34:00",,,,"K177301001","K1773010",1
15,"K3650810","CUFFY (LE GUÉTIN)","Allier",655850,2216600,,14310,"S","430450",138,22.9,554,796,956,"K3650810"," Mise à jour Débits caractéristiques le 16/04/2025","02/03/98 00:00:00","00","CUFFY",,,"04/16/25 16:21:00",,,,"K365081001","K3650810",1
16,"K3400810","CHATEL-DE-NEUVRE","ALLIER",675390,2156330,,12430,"S","430450",113,23.1,578,812,967,"K3400810","Mise à jour des débits caractéristiques le 02/05/2025","02/03/98 00:00:00","00","CHATEL-DE-NEUVRE",,,"05/02/25 15:18:00",,,,"K340081001","K3400810",1
17,"K3450810","MOULINS","Allier",675630,2173900,,12980,"S","430450",130,24.3,581,799,943,"K3450810","Mise à jour des débits caractéristiques le 02/05/2025","02/03/98 00:00:00","00",,,,"05/02/25 15:22:00",,,,"K345081001","K3450810",1
20,"K1563020","SAINT-POURCAIN-SUR-BESBRE","La Besbre",701030,2164930,,710,"S","430450",7.75,0.656,58.4,86.7,105,"K1563020"," Mise à jour Débits caractéristiques le 16/04/2025","02/03/98 00:00:00","00","SAINT-POURCAIN-SUR-BESBRE",,,"04/16/25 16:46:00",,,,"K156302001","K1563020",1
21,"K1321810","ETANG SUR ARROUX","Arroux",741330,2207550,,1798,"S","430450",22.2,1.06,229,316,374,"K1321810"," Mise à jour Débits caractéristiques le 15/04/2025","10/16/20 09:52:00","00",,,,"04/15/25 15:53:00",,,,"K132181010","K1321810",1
24,"K5383020","HERISSON","Aumance",628890,2167600,,920,"S","430450",5.38,0.108,94.09999999999999,154,194,"K5383020","Mise à jour des débits caractéristiques le 17/04/2025","02/03/98 00:00:00","00","HERISSON","03127",19197,"04/18/25 15:12:00",,,,"K538302001","K5383020",1
26,"K5400920","ST AMAND MONTROND","Le Cher",611810,2192170,,3492,"S","430450",27.2,2.6,240,366,449,"K5400920","MISE A JOUR DEBITS CARACTERISTIQUES LE 02/05/2025.","01/04/16 16:27:00","00","STAMAND MONROND","18197",14986,"05/02/25 09:57:00",,,,"K540092001","K5400920",1
29,"K6192420","MÉREAU [ALNAY]","Arnon",626.739,6675.975,,2164,"S","430450",11.7,1.66,87.2,133,164,"K6192420","Contrôle: Seuil Béton à l'amont, au pied du Pont.  Equipement: PLQ 2000 2400BD Téléphone: 02.48.52.83.67
Mesures de crues faites au pont de Méreau, 2 km en amont de la station 
mars 2017: Interlocuteur du conseil départemental pour les travaux sur le pont de Méreau(mesure en crue): Fabrice Bruneau tél 0682917242

Mise à jour Débit caractéristiques le 24/04/2025","12/23/15 11:40:00","00",,,9794,"04/24/25 11:19:00","09/01/96 00:00:00",,,"K619242001","K6192420",1
30,"K5712310","FOECY","Yevre",637.081,6676.655,,1970,"S","430450",14,1.37,64.59999999999999,91,108,"K5712310","MISE A JOUR DEBITS CARACTERISTIQUES LE 02/05/2025.","12/14/00 00:00:00","00",,,,"05/02/25 10:02:00",,,,"K571231001","K5712310",1
31,"K6220910","SELLES-SUR-CHER - LA TIZARDIERE [HS]","Le Cher",589.11,6686.886,,9252,"S","430450",61.8,7,360,510,610,"K6220910","Cette station est située sur la commune de Selles sur Cher (41) au lieu dit la Thizardière
Contrôle: Seuil Naturel Equipement: PLQ 2000 2400BD Téléphone: 02.54.97.71.06
Les mesures sont faites essentiellement au pont de Selles sur Cher sur la D956A soit à 3km en amont de la station","12/23/15 11:40:00","00","SELLES-SUR-CHER","41242",6965,"04/02/25 17:40:00","01/01/32 00:00:00",,,"K622091001","K6220910",1
32,"K6492510","SELLES ST ANDRE [HS]","La Sauldre",539180,2254880,,2254,"S","430450",14.8,1.69,87.5,121,143,"K6492510","Station influencée par les crues du Cher à partir de 350 m3/s

Débits caractéristiques mis à jour le 16/04/2025","03/10/00 00:00:00","00",,,,"04/16/25 17:03:00",,,,"K649251001","K6492510",1
33,"K6500910","CHÂTILLON-SUR-CHER","Le Cher",585.686,6686.625,,11540,"S","430450",71.90000000000001,7.49,398,555,658,"K6500910","Cette station est située sur la commune de Châtillon sur Cher (41) dans le bâtiment attenant à l'ancienne maison éclusière en aval de l'écluse direction Meusnes.
Contrôle: seuil naturel-Equipement : PLQ 2000- 9600BD Téléphone: 02.54.71.54.40
Temps de propagation moyen entre Selles-Thizardière et Chatillon -> 2h 

Mise à jour débits caractéristiques le 23/04/2025.
","12/23/15 11:41:00","00",,,6947,"04/23/25 09:51:00","01/01/93 00:00:00",,,"K650091001","K6500910",1
39,"K7022620","MONTGIVRAY","Indre",621.8579999999999,6611.684,,227,"S","430450",1.4,0.1,20.5,29.7,35.7,"K7022620","station utilisée de 1992 à 1995 puis reprise en 2008

Mise à jour débits caractéristiques le 17/04/2025
","02/06/98 00:00:00","00",,,19218,"04/18/25 07:34:00","09/01/92 00:00:00",,,"K702262001","K7022620",1
40,"K7202610","ARDENTES (HAUTEURS)","Indre",610.732,6627.512,,697,"S","430450",5.08,0.351,58,89,110,"K7202610","Mise à jour débits caractéristiques le 17/04/2025","02/06/98 00:00:00","00","ARDENTES","36005",15517,"04/18/25 07:39:00",,,,"K720261001","K7202610",1
41,"K7312610","SAINT-CYRAN-DU-JAMBOT","Indre",557.72,6659.115,,1712,"S","430450",12.8,1.53,95,150,190,"K7312610","Mise à jour des débits caractéristiques le 17/04/2025","02/06/98 00:00:00","00",,,8002,"04/18/25 07:47:00",,,,"K731261001","K7312610",1
44,"K1930010","NEVERS","La Loire",663160,2220960,,17570,"S","430450",174,23.2,1010,1380,1620,"K1930010"," Mise à jour Débits caractéristiques le 16/04/2025","03/10/00 00:00:00","00",,,,"04/16/25 16:19:00",,,,"K193001010","K1930010",1
45,"K4350010","ORLEANS PONT ROYAL","La Loire",567710,2322210,,36970,"S","430450",330,48.4,1400,1970,2340,"K4350010","Mise à jour débits caractéristiques le 23/04/2025.
","03/10/00 00:00:00","00",,,,"04/23/25 08:02:00",,20,60,"K435001010","K4350010",1
46,"K4350020","ORLEANS QUAI","La Loire",,,,36970,"S","430450",330,48.4,1400,1970,2340,"K4350020","Mise à jour débits caractéristiques le 23/04/2025.
","08/05/03 00:00:00","00",,,,"04/23/25 08:05:00",,,,"K435001020","K4350010",1
48,"K4470010","BLOIS","La Loire",574.96,6721.749,,38320,"S","430450",355,56.9,1440,1940,2280,"K4470010","Cette station est située sur la commune de Blois(41) dans le centre ville, à 50m en aval RD du pont historique. Les instruments sont dans un local situé dans le parking ""Valin de la Vaissière"" au niveau de la barrière d'entrée
Type de contrôle: naturel Les mesures d'étiage sont effectuées à la station de Onzain (Pt de Chaumont) à 17km en aval
Equipement: Station LNS et LPN8, alimentation secteur
01/09/2009 : Nivellement géomètre IGN 69

Mise à jour des débites caractéristiques le 17/04/2025","02/02/12 14:17:00","00","BLOIS","41018",6597,"04/18/25 14:42:00","01/00/00 00:00:00",,,"K447001001","K4470010",1
49,"K4800010","ONZAIN [PONT DE CHAUMONT]","La Loire",563.67,6711.028,,40500,"S","430450",335,66.3,1500,2030,2380,"K4800010","Cette station est située sur la commune de Onzain(41), à 50m en aval RD  du pont de Chaumont. 
Type de contrôle: naturel - Equipement: Station CPL et capteur LPN8.  secteur. Echelle inclinée sur sa partie haute
01/09/2009  Nivellement géomètre(IGN 69)

Mise à jour des débits caractéristiques le 17/04/2025","02/17/12 14:15:00","00","ONZAIN","41167",5964,"04/18/25 14:44:00","09/01/93 12:00:00",,,"K480001001","K4800010",1
50,"K4843010","COULANGES [HS]","La Cisse",567.2809999999999,6717.723,,490,"S","430450",,,,,,"K4843010",,"12/23/15 11:39:00","00",,,,"04/02/25 14:52:00",,,,"K484000101","K4840001",1
53,"K1383010","VITRY EN CHAROLAIS","La Bourbince",733620,2165490,,819,"S","430450",7.62,0.964,74.90000000000001,101,119,"K1383010","Mise à jour Débits caractéristiques le 15/04/2025","12/26/00 00:00:00","00",,,,"04/15/25 16:22:00",,,,"K138301001","K1383010",1
55,"K4000010","GIVRY","La Loire",655780,2224460,,32610,"S","430450",305,52.1,1460,2020,2390,"K4000010"," Mise à jour Débits caractéristiques le 16/04/2025","03/10/00 00:00:00","00",,,,"04/16/25 16:28:00",,,,"K400001010","K4000010",1
59,"K0030020","ISSARLES (PONT DE LA BORIE","LOIRE",782883,6413947,,226,"S","430450",1.49,0.42,100,220,290,"K0030020",,,,,,88134,"12/17/15 15:34:00","08/30/13 16:00:00",,,"K003002010","K0030020",
74,"K4900030","TOURS [PONT MIRABEAU]","La Loire",526.55,6702.409,,42130,"S","430450",330,67.09999999999999,1520,2030,2380,"K4900030","K4900010 Wilson amont Rive Gauche a été remplacée par K4900020 station aval Wilson Rive Droite qui a été  remplacée par K4900030 Mirabeau
Cette station est située sur la commune de Tours(37) dans le centre ville, à l'aplomb aval RG  du pont Mirabeau. On accède à la station par l'entrée du parking sur berge situé au même endroit
Contrôle: naturel - Les mesures d'étiage sont effectuées à 4km en aval de la station, au lieu-dit "" la Guignière "" sur la commune de Fondettes
Equipement: Station CPL équipée de capteurs LPN8 et radar radio-télétransmis. Alimentation secteur
01/09/2009 : Nivellement géomètre (IGN 69)
08/03/2011 : Mise en service du capteur radar télétransmis sur la partie centrale du lit mineur - Dorénavant c'est la voie officielle des données hauteurs à traiter.

Mise à jour des débits caractéristiques le 17/04/2025
","02/14/12 17:34:00","00","TOURS","37261",4295,"04/18/25 14:46:00","01/01/95 00:00:00",,,"K490003010","K4900030",1
75,"K6710910","TOURS [PONT SAINT SAUVEUR]","Le Cher",524.8,6699.493,,13615,"S","430450",81.5,9.19,421,591,704,"K6710910","Cette station est située sur la ville de Tours (31) au Pont St Sauveur, boulevard Louis XI,  qui relie Tours à Joué les Tours. 
Contrôle: Radier naturel.- Equipement : PLQ 2000- 2400 BD Téléphone: 02.47.37.97.04
La station peut être influençée par un ouvrage en aval. Au grands moulins de Ballan, une vanne régule la lame d'eau sur le déversoir. Mr Piaumier tél 02 47 53 00 15, employé du moulin, manoeuvre cette vanne deux par an. Il existe donc deux positions une, estivale et l'autre hivernale.
L'observation de l'environnement proche de la station laisse penser qu'une influence de la végétaion aquatique dans le lit sur les hauteurs enregistrées est possible.

Mise à jour débits caractéristiques le 23/04/2025.

","12/23/15 11:41:00","00",,,4254,"04/23/25 09:53:00",,,,"K671091001","K6710910",1
76,"K4080010","ST SATUR-ST THIBAULT","Loire",,,,,"S","430450",285,52.5,1460,2070,2470,"K4080010","Mise à jour débits caractéristiques le 22/04/2025.","08/28/00 00:00:00","10",,,,"04/23/25 07:40:00",,,,"K408001001","K4080010",1
77,"K6830020","LANGEAIS","Loire",503.95,6694.266,,56480,"S","430450",415,79.2,1720,2330,2740,"K6830020","Cette station est située sur la commune de Langeais(37), implanté dans un abri en contrebas du pont, coté aval RD. On accède à la station par l'accès au chemin de berge coté aval RD.
Objectif connu: Hydrologie générale et prévision des crues
Equipement: Station CPL équipée de capteur LPN8. Alimentation secteur
Evénements marquants:
01/01/1987: Départ des données hauteurs disponibles sur Hydro
01/01/1985: Départ des données débits disponibles sur Hydro
01/09/2009 : Nivellement de l'altitude du "" 0 "" de l'échelle historique de la 1ère pile coté RD du pont par un cabinet de géomètre - Echelle utilisée par l'hydrométrie
01/09/2009 : Nivellement de l'altitude du "" 0 "" de l'échelle inclinée 50m en amont du pont coté RD par un cabinet de géomètre-Cote (IGN 69): 36.463m
16/09/2011 : Remise en état des rappels d'échelle étiage et replacée à l'aplomb aval du pont, là où il y a la prise de pression du LPN8. Auparavant, ils étaient plutôt dans l'axe du pont. Photos

Mise à jour des débits caractéristiques le 17/04/2025","03/16/12 14:21:00","10","LANGEAIS","37123",3451,"04/18/25 14:48:00","09/01/85 12:00:00",,,"K683002001","K6830020",1
78,"K5090910","CHAMBONCHARD 2 [HS]","CHER",,,,517,"S","430450",,,,,,"K5090910","remplace la K5090905, période du 3 juin 1966 au 12 juillet 2000
K509 0900 02 - Le Cher à Chambonchard - Rive droite aval pont vieille échelle","11/17/97 00:00:00","00",,,,"04/02/25 15:57:00","06/03/66 00:00:00",,,"K509090002","K5090900",
79,"K5090900","CHAMBONCHARD (LA CABORNE)","Cher",616400,2130760,,,"S","430450",5.65,0.16,59,90,110,"K5090900","station cristal sur la pèriode du 16 janvier 2001 à nos jours","01/04/16 16:20:00","00","CHAMBONCHARD","23046",31751,"04/16/25 15:42:00","01/01/12 00:00:00",,,"K509090001","K5090900",1
81,"K5143110","GOUZON","VOUEIZE",594108,2132947,,144,"S","430450",1.48,0.044,13,17,20,"K5143110",,"01/04/16 16:11:00","00","GOUZON","23093",,"01/04/16 16:11:00",,,,"K514311001","K5143110",1
82,"K5183010","EVAUX LES BAINS","TARDES",,,,854,"S","430450",,,,,,"K5183010","K518 3020 02 - La Tardes à Évaux-les-Bains","01/08/01 00:00:00","00",,,,"04/02/25 15:59:00",,,,"K518302002","K5183020",
84,"K1833010","SAINT-GERMAIN-CHASSENAY","Acolin",683600,2198940,,389,"S","430450",2.42,0.646,26.3,44,55.8,"K1833010"," Mise à jour Débits caractéristiques le 16/04/2025","03/10/00 00:00:00","00","SAINT-GERMAIN-CHASSENAY",,,"04/16/25 11:42:00",,,,"K183301001","K1833010",1
88,"K2010820","LAVEYRUNE (ROGLETON 2","ALLIER",771235,6390850,,48.799999,"S","430450",1.74,0.065,48,84,110,"K2010820",,"09/10/97 00:00:00","00",,,98365,"12/17/15 13:49:00",,,,"K201082001","K2010820",
92,"K0214010","ST GERMAIN LAPRADE (PANDRAUX)","GAGNE",777010,6435297,,109,"S","430450",1.42,0.091,37,60,75,"K0214010","Echelle station positionnée en aval immédiat de la pile RG du pont station.

Mise en charge hydraulique due l'arche du pont à partir 2.50-2.60m échelle  qui explique la 1ère inflexion du tracé de la courbe de tarage.
La deuxième inflexion correspondant au débordement sur le lit majeur situé en RD pour une gamme de hauteur au-delà de 3.50m.","12/17/15 15:44:00","00",,,65712,"04/08/22 14:13:00",,350,,"K021401001","K0214010",
93,"K0253020","ESPALY [HS]","BORNE",,,,375,"S","430870",3.6,0.5600000000000001,59,94,120,"K0253020",,"11/13/97 00:00:00","00",,,,"03/14/25 12:13:00",,,,"K025302001","K0253020",
96,"K0567520","ST DIDIER VELAY (LE CROUZET","SEMENE",797911,6469124,,128,"S","430450",1.87,0.2,31,51,64,"K0567520",,"11/13/97 00:00:00","00",,,64324,"12/17/15 16:33:00",,,,"K056752001","K0567520",
98,"K0643110","ST MARCELLIN EN FOREZ (VÉRINES)","MARE",788338,6488480,,96,"S","430450",0.865,0.11,13,23,29,"K0643110",,"12/17/15 15:54:00","00",,,42132,"12/17/15 15:54:00",,,,"K064311001","K0643110",
99,"K0690010","MONTROND LES BAINS","LOIRE",795562,6505614,,4832,"S","430450",45.6,6,580,970,1200,"K0690010","Débordements importants au delà de la côte echelle 600cm.
Incertitude importante courbe de tarage au delà de 3000m3 par seconde (cassure possible sur le tracé de la CT).
A vérifier sur modélisation hydraulique (Baratin -Mascaret).","12/17/15 15:59:00","00",,,33911,"03/02/18 13:35:00",,600,,"K069001001","K0690010",
100,"K0700010","FEURS AVAL [HS]","LOIRE",,,,4978,"S","430450",44.3,5.7,600,1000,1300,"K0700010",,"11/13/97 00:00:00","00",,,32422,"03/14/25 12:26:00",,,,"K070001010","K0700010",
101,"K0753210","BOEN","LIGNON du FOREZ",777980,6516467,,371,"S","430450",5.4,0.65,59,86,100,"K0753210",,"12/17/15 15:33:00","00",,,38254,"12/30/21 15:39:00",,300,,"K075321001","K0753210",
102,"K0773220","PONCINS","LIGNON du FOREZ",,,,664,"S","430450",7.93,1.1,68,98,120,"K0773220","Nivellement 1992: le zero echelle se trouve à la cote 332.08 NGF.

En crue les premiers débordements interviennent pour une haut echelle de l'ordre de 220cm déjà 500m en amont RG générant dans un  premier temps une zone de stockage sur la zone du terrain de foot et tennis.
Une partie de cette masse d'eau revient s 'écouler sous le pont et l'autre va rejoindre le ruisseau RD qui passe sous la route entre poncins et Bruliole. que l'on jauge sur un ponceau .Débitance max de cet ouvrage 4.5 m3/s environ.

Pour les plus hautes eaux et sur la base du profil altimetrique, le débordement depuis l'amont  RG  au dessus de la route de Poncins  intervient à partir du niveau alti voisin de 334.9 m soit une côte échelle d'environ 2.80-2.90m .
Zone de cassure sur le tracé de la CT au voisinage de 2.80m- 2.90m.  

Pour les statistiques d'étiage sachant que le débit du Vizey à précivet est ""enthropisé"" par l'influence du canal du Forez lors des périodes estivales d'irriguation des culutures, elles ne sont pas pertinentes pour juger de la criticité de l'étiage.
Sur le secteur il faudra plutôt se baser sur la statistique d'étiage de la station de Boen sur lignon pour évaluer les périodes de retour pour les très bas débits.","11/14/97 00:00:00","00",,,33225,"04/18/24 15:22:00","10/15/92 17:55:00",280,,"K077322001","K0773220",
103,"K0910010","VILLEREST","LOIRE",780645,6545250,,6603,"S","430450",65.5,12.9,593,940,1170,"K0910010","Mise à jour des débits caractéristiques le 02/05/2025","11/14/97 00:00:00","00",,,26851,"05/02/25 15:31:00",,,,"K091001010","K0910010",
105,"K2075020","NAUSSAC (AVAL","DONOZAU",,,,55.200001,"S","430450",,,,,,"K2075020",,"11/19/01 00:00:00","00",,,88754,"04/18/24 15:35:00",,,,"K207502001","K2075020",
106,"K2090810","SAINT HAON ( NOUVEAU MONDE","ALLIER",758741,6415789,,517,"S","430450",11.6,3.2,200,350,440,"K2090810",,"11/14/97 00:00:00","00",,,73332,"12/17/15 14:11:00",,,,"K209081001","K2090810",
111,"K2330810","VIEILLE-BRIOUDE","ALLIER",732054,6462478,,2269,"S","430450",28.4,2.9,360,580,720,"K2330810",,"11/14/97 00:00:00","00",,,,"12/17/15 14:23:00",,,,"K233081001","K2330810",
117,"K2680810","VIC LE COMTE","ALLIER",715719,6506872,,5382,"S","430450",60.5,13.2,433,700,876,"K2680810","mis à jour le 08/03/2025","11/17/97 00:00:00","00",,,,"04/08/25 10:18:00",,,,"K268081001","K2680810",1
118,"K2680820","COUDES","ALLIER",716466,6501746,,5327,"S","430450",50.7,13.7,420,658,816,"K2680820","mis à jour le 08/04/2025","11/17/97 00:00:00","00",,,34754,"04/08/25 10:10:00",,,,"K268082001","K2680820",1
123,"K3030810","ST YORRE","ALLIER",735488,6551475,,8940,"S","430450",92.3,18,533,793,965,"K3030810","mis à jour le 08/03/2025","11/17/97 00:00:00","00",,,,"04/08/25 10:29:00",,,,"K303081001","K3030810",1
129,"K2790810","LIMONS (PONT DE LIMONS)","ALLIER",734695,6541176,,7027,"S","430450",68.40000000000001,12.1,398,605,741,"K2790810","La côte de début de débordement  sur la RD entre Pont de Limons et Puy Guillaume été estimée lors de l'astreinte de jaugeage du 14 juin 2020 aux environ de 305cm à l'issue du 2ème jaugeage réalisé ce jour.
Pour la côte 310 cm lors du  troisième jaugeage une zone de débordement sur la RD apparait sur 50m avec une lame d'eau moyenne de 10cm.
mis à jour le 08/03/2025","11/21/97 00:00:00","00",,,,"04/08/25 10:24:00",,305,,"K279081001","K2790810",1
141,"K0813020","ST GERMAIN LAVAL","AIX",776618,6526540,,190,"S","430450",2.91,0.23,33,47,57,"K0813020",,"12/17/15 15:49:00",,,,37692,"12/17/15 15:50:00",,,,"K081302001","K0813020",
145,"K0550010","BAS EN BASSET","LOIRE",787596,6466797,,3257,"S","430450",37.9,5.2,580,940,1200,"K0550010",,"09/26/97 00:00:00","00",,,44200,"04/18/24 15:09:00",,,,"K055001010","K0550010",
149,"K0454010","SAINTE-SIGOLENE [VAUBARLET]","DUNIERES",795.362,6458.0112,,228,"S","430450",3.12,0.4,36,58,72,"K0454010","Coordonnées en lambert 93","12/21/15 10:10:00","00",,,58200,"12/21/15 10:11:00",,240,,"K045401001","K0454010",
150,"K4180010","GIEN VIEUX PONT","La Loire",622180,2298160,,35500,"S","430450",323,58,1510,2050,2410,"K4180010","Mise à jour débits caractéristiques le 23/04/2025.
","06/23/03 00:00:00","00",,,,"04/23/25 07:59:00",,,,"K418001010","K4180010",1
151,"K4180020","GIEN AMONT [HS]","La Loire",,,,35500,"S","430450",330,45,1700,2300,2700,"K4180020",,"06/23/03 00:00:00","00",,,,"04/02/25 14:51:00",,,,"K418001020","K4180010",1
161,"K0258010","VALS-PRES-LE-PUY [LES VIGNEAUX]","Dolaizon",767.932,6436.481,,43,"S","430450",0.264,0.1,9.800000000000001,18,24,"K0258010","Coordonnées en lambert 93","12/21/15 09:36:00","00",,,68000,"01/13/22 08:28:00",,,,"K025801001","K0258010",
162,"K2080825","LAVALETTE2","ALLIER",,,,396,"S",,,,,,,"LAVALETTE2",,"06/20/01 00:00:00","00",,,,,,,,,,
164,"K0260020","CHADRAC (PONT DU MONTEIL)","LOIRE",771120,6441372,,1327,"S","430450",17.3,3,320,530,670,"K0260020","remplace Chadrac","07/22/02 00:00:00","00",,,58842,"12/17/15 16:14:00",,,,"K026001002","K0260010",
165,"K2300810","LANGEAC","ALLIER",738572,6446510,,1804,"S","430450",22.1,7.2,280,460,590,"K2300810",,"11/14/97 00:00:00","00",,,48682,"12/17/15 14:19:00",,,,"K230081001","K2300810",
166,"K0403010","CHAMBON-SUR-LIGNON","LIGNON",802.412,6440.673,,138,"S","430450",3.06,0.22,83,140,180,"K0403010","Coordonnées en lambert 93","12/21/15 09:58:00","00",,,92379,"11/18/24 12:08:00",,,,"K040301001","K0403010",
167,"K0114020","MTIER/GAZEILLE (BESSEYRE HTE) [HS]","GAZEILLE",782013,6425971,,51,"S","430450",1.42,0.17,30,53,69,"K0114020",,"11/13/97 00:00:00","00",,,,"03/14/25 12:10:00",,,,"K011402001","K0114020",
168,"K0120020","COUBON [HS]","LOIRE",772280,6433629,,700,"S","430450",7.29,2.1,230,450,600,"K0120020",,"11/25/98 00:00:00","00",,,,"03/14/25 12:11:00",,,,"K012002010","K0120020",
169,"K0100020","GOUDET","LOIRE",772820,6421537,,442,"S","430450",5.54,1.2,190,340,430,"K0100020",,"11/13/97 00:00:00","00",,,75915,"04/18/24 14:44:00",,,,"K010002010","K0100020",
170,"K2070810","LANGOGNE","ALLIER",767892,6404342,,324,"S","430450",8.34,0.8100000000000001,180,320,410,"K2070810",,"11/14/97 00:00:00","00",,,89521,"04/18/24 15:33:00",,,,"K207081010","K2070810",
171,"K1900010","IMPHY","La Loire",719234.29,6648554.34,,17500,"S","430450",159,24.9,924,1230,1440,"K1900010"," Mise à jour Débits caractéristiques le 16/04/2025","12/24/01 00:00:00","00",,,17248,"04/16/25 16:15:00",,,,"K190001001","K1900010",1
174,"K2173020","SAINT-BONNET-DE-MONTAUROUX","CHAPEAUROUX",756.309,6413.43,,386,"S","430450",3.24,0.28,43,73,93,"K2173020","Coordonnées en lambert 93","12/21/15 10:25:00","00",,,82000,"12/21/15 10:27:00",,,,"K217302001","K2173020",
175,"K2080820","NAUSSAC (LA VALETTE","ALLIER",765865,6406760,,396,"S","430450",,,,,,"K2080820",,"11/19/01 00:00:00","00",,,88191,"12/17/15 14:03:00",,,,"K208082001","K2080820",
176,"K2430810","PONT D'AUZON","ALLIER",727904,6476327,,2947,"S","430450",29,8.48,307,537,689,"K2430810","mis à jour le 08/04/2025","11/14/97 00:00:00","00",,,,"04/08/25 10:05:00",,,,"K243081001","K2430810",1
178,"K5490900","VIERZON","LE CHER",577570,2246480,,4550,"S","430450",28.1,3.05,204,316,390,"K5490900","MISE A JOUR DEBITS CARACTERISTIQUES LE 02/05/2025.","01/15/03 00:00:00","00","VIERZON","18279",9655,"05/02/25 09:55:00",,,,"K549090001","K5490900",1
179,"K1180010","DIGOIN","La Loire",726420,2165390,,9315,"S","430450",86.3,11,650,971,1180,"K1180010"," Mise à jour Débits caractéristiques le 16/04/2025","03/10/00 00:00:00","00",,,,"04/16/25 15:10:00",,,,"K118001010","K1180010",1
180,"K1440010","GILLY/LOIRE","La Loire",709240,2172060,,13037,"S","430450",129,17.8,875,1230,1470,"K1440010"," Mise à jour Débits caractéristiques le 16/04/2025","03/10/00 00:00:00","00",,,,"04/16/25 16:04:00",,,,"K144001010","K1440010",1
181,"K7522620","MONTS (DÉBITS) [HS]","INDRE",520.706,6689.13,,,"S","430450",,,,,,"K7522620",,"05/07/02 00:00:00","10",,,4426,"04/02/25 17:57:00",,,,"K752262010","K7522620",1
182,"K2240820","PRADES [PONT]","Allier",746.836,6436.863,,1345,"S","430450",20,3.6,310,540,690,"K2240820","Coordonnées en Lambert 93","12/21/15 10:30:00","00",,,53700,"03/14/25 12:44:00",,,,"K224082001","K2240820",
183,"K4350000","ORLEANS","LOIRE",,,,,"S","430450",,,,,,"ECLUSE",,"10/16/02 00:00:00","00",,,,,,,,,,
184,"K0700020","FEURS AMONT","Loire",,,,4978,"S","430450",,,,,,"FEURS AMON","ne fonctionne qu'à partir de 500 m3/s minimum car dans le remous plan d'eau","11/26/02 00:00:00","00",,,,"12/11/19 17:28:00",,,,"K070001020","K0700010",
185,"K0243010","SAINT-PAULIEN [LAROCHELAMBERT]","BORNE",762.427,6447.149,,149,"S","430450",1.14,0.1,17,28,35,"K0243010","Coordonnées en lambert 93","12/21/15 09:31:00","00",,,75600,"12/21/15 09:32:00",,,,"K024301001","K0243010",
189,"K1063020","CHARLIEU","Sornin",788850,6561807,,457,"S","430450",6.41,0.388,90,150,190,"K1063020","reprise de l'ancienne station SEMA R A

Mise à jour débits caractéristiques le 02/05/2025",,,,,26482,"05/02/25 15:10:00",,,,"K106301002","K1063010",1
190,"K6402520","SALBRIS","Sauldre",577054,2269391,,1200,"S","430450",8.960000000000001,1.3,64.40000000000001,95.40000000000001,116,"K6402520","En remplacement de la station du SEMA (K6402510)
MISE A JOUR DEBITS CARACTERISTIQUES LE 02/05/2025.","04/24/06 13:29:00","00",,,9800,"05/02/25 09:59:00","04/27/05 09:19:00",,,"K640252001","K6402520",1
191,"K5552300","SAVIGNY-EN-SEPTAINE","L'YEVRE",616900,2227000,,531,"S","430450",3.26,0,23.5,35.2,43,"K5552300","MISE A JOUR DEBITS CARACTERISTIQUE LE 02/05/2025.","07/22/98 00:00:00","00",,,,"05/02/25 10:15:00",,,,"K555230001","K5552300",1
192,"K6332520","BRINON-SUR-SAULDRE","LA GRANDE SAULDRE",594160,2284960,,594,"S","430450",4.32,0.55,43,64.90000000000001,111,"K6332520","MISE A JOUR DEBITS CARACTERISTIQUES LE 02/05/2025.","07/22/98 00:00:00","00","BRINON-SUR-SAULDRE",,,"05/02/25 10:01:00",,,,"K633252001","K6332520",1
194,"K5574100","ASNIERES","LE MOULON",606400,2235920,,138,"S","430450",1.01,0.066,15.6,21.9,26,"K5574100","MISE A JOUR DEBITS CARACTERISTIQUES LE 02/05/2025.","07/22/98 00:00:00","00",,,,"05/02/25 10:07:00",,,,"K557410001","K5574100",1
195,"K5623010","PONDY","L'AURON",624080,2200470,,199,"S","430450",1.03,0.046,15.9,21.4,25.1,"K5623010","MISE A JOUR DEBITS CARACTERISTIQUES LE 02/05/2025.","07/22/98 00:00:00","00",,,,"05/02/25 10:05:00",,,,"K562301001","K5623010",1
196,"K5220900","MONTLUCON","LE CHER",620416,2151429,,1808,"S","430450",15.9,1.2,130,200,250,"K5220900",,"07/22/98 00:00:00","00","MONTLUCON","03185",19913,"12/18/15 09:46:00",,,,"K522090003","K5220900",1
198,"K5183020","CHAMBON SUR VOUEIZE","TARDES",607659,2131845,,854,"S","430450",8.960000000000001,0.16,100,150,180,"K5183020",,"01/04/16 16:17:00","00","CHAMBON SUR VOUEIZE","23045",32490,"01/04/16 16:17:00",,,,"K518302001","K5183020",1
199,"K5200900","THEILLET-ARGENTY","LE CHER",,,,,"V","430450",,,,,,"K5200900",,"02/17/05 00:00:00","00",,,,"03/02/06 10:04:00",,,,,,
211,"K0910050","VILLEREST (PONT DE VILLEREST","Loire",780973,6544550,,6598,"S","430450",,,,,,"K0910050"," A partir du 13-08-2024,un intervalle de publication a été mise en place sur  la courbe de tarage de Villerest Pont.
Seuls les débits de Villerest Pont supérieur à 100 m3/s sont visualisables dans Hydroportail et Vigicrue.

Cette date coincide avec la création de la station de Villerest Pont dans le référentiel Hydroportail ainsi que sur la base barème avec un tout premier Jaugeage le 13 aout 2024.",,"00",,,26751,"05/02/25 15:33:00",,,,"K091001011","K0910010",
213,"K5433020","BREBEURRE","MARMANDE",621.928,2191.913,,206,"S","430450",1.15,0.082,12,17.5,21.2,"K5433020","BREBEURRE        LA MARMANDE
============================
mise en service : 13/03/1992 15:50

13/03/1992 : Installation de la station

04/10/1994 : Barrage aval retiré

06/11/1994 : Modification du lit par crue

23/09/1999 : nettoyage sonde USI

27/05/1999 : mise en place d'un panneau solaire, changement de la centrale

15/02/2000 : nettoyage sonde USI (pompe)

11/09/2000 : nettoyage sonde USI (pompe)

11/10/2000 : démontage et nettoyage de la sonde USI

26/01/2010 Changement de code hydro K5433011 devient K5433020

Mise à jour Débits caractéristiques le 17/04/2025
","01/04/16 16:25:00","10","SAINT-PIERRE-LES-ETIEUX","18231",17056,"04/17/25 09:50:00",,,,"K543302001","K5433020",1
219,"H3203310","ST-HILAIRE","PUISEAUX",627.234,2324.836,,94,"S","430450",0.457,0.002,4.53,7.68,9.77,"H3203310","ST HILAIRE          Le Puiseaux               MISE A JOUR DEBITS CARACTERISTIQUES LE 02/05/2025.
===============================
mise en service : 19/08/1972 16:30

GENERALITES

courbes de tarage instables du fait de l'absence de seuil naturel ou construit
pousse d'herbes aquatiques en été => CORTH
à-sec certains étés.
Jaugeages sans difficultés à l'aval du pont


HISTORIQUE

18/08/1972 : Installation de la station.

10/02/1976 : Rives amont nettoyées.

16/11/1976 : Recalibrage amont.

07/02/1977 : Travaux de curage : station H.S. . Nouvelle échelle.

24/06/1987 : Nouvelle échelle.

17/07/1991 : 0.18 => limite talonnage

07/07/1992 : 0.16- => limite exacte de l'écoulement

24/10/1995 => 20/11/1995 : curage rivière et nettoyage des rives, C.T. modifiée.

04/09/ et 05/09/1996 : démontage de la station limni et mise en place d'une saisie/site

16/03/1998 au 20/03/1998 travaux de construction seuil

20/03/1998 mise en service du seuil

17/08/1998 mise en service du panneau solaire

depuis Avril 1999 influence générale du lit aval rendant le seuil inefficace (sauf pour les très faibles débits)

A la suite des vents violents de fin Décembre 1999, un arbre est tombé dans la section aval du seuil augmentant l'influence sur les hauteurs.


27/02/2007 A.M. nivellement du zéro de l'échelle ( D. RONCERAY & Vincent LELUAN )
                   zéro échelle : 95.63 m



","02/27/06 00:00:00","10","ST-HILAIRE-SUR-PUISEAUX","45283",9563,"05/02/25 10:14:00",,,,"H320331001","H3203310",1
220,"H3322010","PANNES","BEZONDE",625.308,2333.786,,339,"S","430450",1.45,0.046,19.5,32.8,41.5,"H3322010","PANNES           La Bezonde                           MISE A JOUR DEBITS CARACTERISTIQUES LE 02/05/2025.
===========================
mise en service : 28/10/1980 16:25

GENERALITES

contrôle=radier du pont, plus creux en R.G. qu'en R.D. ,parfois rendu inefficace par infuences aval
nombreux encombrements à l'amont des piles ou sur radier => correction des hauteurs 
le contrôle en basses eaux se fait sur le bord amont du radier puis, ensuite, en aval.
herbes abondantes en été, modifiant parfois le contrôle.
Jaugeages parfois difficiles en basses eaux (herbes) => Jaugeages sous le pont.
L'importance du bief amont rend parfois délicate la détermination d'une influence d'encombrement,
laquelle se confond -du fait de l'inertie- avec la variation naturelle du plan d'eau 
Pont en limite de mise en charge à la cote de 2450 mm.



HISTORIQUE

28/10/1980 : installation de la station

18/08/1981 : retrait d'un arbre passe rive gauche

09/11/1982 : curage en amont et en aval

27/01/1984 : retrait d'un arbre

28/01/1985 : retrait de deux arbres en travers en amont du pont

25/03/1986 : retrait d'un arbre passe rive gauche

21/08/1986 : changement d'échelle

17/05/1988 : nettoyage des herbes

21/03/1989 : curage des rives

17/05/1989 : nettoyage des herbes

12/06/1990 : mise en service saisie/site puis téléphone

28/10/1991 : vidange après retrait de branches

25/08/1995 : changement d'échelle ( calage +/- 0.5 cm )

1997  et 1998 : influence éventuelle du chantier de l'autoroute A 77 sur les crues ?

04/06/1997 : travaux pour passage en souterrain d'une ligne H.T.

depuis fin du chantier et mise en service de l'autoroute A 77 possible modification de la C.T. en crue.

20/01/2000 : mise en place d'un panneau solaire, changement de centrale.

02/08/2001 : fin des travaux du seuil et escalier par REVIL S.A.



23/07/2007 : Détarage important suite à influence avale non expliquée (travaux sur canal ?)","02/19/02 00:00:00","00","PANNES","45247",,"05/02/25 10:12:00",,,,"H332201001","H3322010",1
230,"K4383110","GOBSON [HS]","DHUY",570.614,2316.722,,216,"S","430450",0.671,0.003,8.9,12,15,"K4383110","GOBSON            Le Dhuy
=========================
mise en service : 09/09/1966 00:00 par le Service Hydrologique Centralisaleur du bassin de la Loire
calcul en local des QMJ par le S.H.C. de 09/1966 à 12/1976 
(ces débits journaliers ont été entrés dans HYDRO par le SEMA en 2002 mais il n'y a pas de hauteurs disponibles)

curage du bief fin 1971
absence de données du 15/10/1971 au 19/05/1974 et du 01/01/1977 au 31/12/1978

calcul en local des QMJ par le SRAE du 01/01/1979 au 31/12/1984 à partir de hauteurs journalières 
(ces débits journaliers ont été entrés dans HYDRO par le SEMA en 2002 , il existe des hauteurs journalières disponibles en local sur papier)

04/01/1985 : reprise de la station par le SEMA.
à partir de cette date les hauteurs instantanées sont disponibles dans HYDRO et le calcul des débits se fait sur HYDRO à partir des hauteurs et des courbes de tarage.

04/09/1986 : Nouvelle échelle nouvelle courbe.

30/03/1992 => 10/04/1992 : Nouveau seuil (consolidation et brêche d'étiage calibrée 'en V').

07/01/1998 : mise en place d'une centrale saisie/site avec sonde Pression

06/08/1998 : consolidation de l'échelle

09/11/1999 : mise en place d'une sonde U.S.I. en remplacement de la sonde Pression

28/03/2000 : nettoyage contacts fils et pile

29/03/2000 : nettoyage sonde USI par pompe

18/07/2000 : nettoyage sonde USI (démontage)

29/08/2000 : nettoyage sonde USI par pompe

     09/2000 : construction d'une vanne en R.G. du seuil

du 18/09 au 16/10/2002 : retrait de la pelle de la petite vanne en R.G. du seuil (vandalisme) baisse du niveau de 40 cm environ, débits journaliers reconstitués pour cette période.

11/04/2007 : nivellement du zéro d'échelle (D. RONCERAY) zéro échelle = 91.68 m +  prise d'un repère (sommet du regard  en RG du déversoir : 93.86 m)","10/22/02 00:00:00","00","SAINT-CYR-EN-VAL","45272",9168,"04/02/25 15:45:00",,,,"K438311001","K4383110",
231,"K4443010","LAILLY-EN-VAL","ARDOUX",599.28,6739.41,,155,"S","430450",0.518,0.022,4,6.68,8.460000000000001,"K4443010","Cette station est située sur la commune de Lailly en Val (45),  à 3km en aval du bourg au lieu-dit""la rue Hallée""
Type de contrôle: Radier bétonné du pont
Equipement: Centrale CPL avec capteur bulle à bulle OTT, modem RTC, alimentation batterie 12V et panneau solaire
Téléphone: 02 38 46 71 22
07/04/1992 : Curage aval.  09/03/1994 : Changement d'échelle. 07/03/2007 : nivellement
12/12/2013: Remplacement de l'échelle

Mise à jour Débit caractéristiques le 24/04/2025","12/23/15 11:39:00","00","LAILLY-EN-VAL","45179",7870,"04/24/25 10:34:00","01/16/67 15:00:00",,,"K444301001","K4443010",1
233,"K5543010","CROSSES [HS]","AIRAIN",618.497,2223.426,,300,"S","430450",1.62,0.001,14,22,28,"K5543010","CROSSES           L'Airain
==========================
mise en service : 14/11/1985 16:00

 -Influence d'herbes systématique en été.
 -Seuil béton depuis le 26/11/1997 mais parfois inluence d'herbes en aval et en amont
 -Souvent période d'à sec en été.




16/01/1986 : Création de la station

19/09/1986 : Travaux de colmatage

26/02/1990 : Retrait de branches

12 et 13/09/1996 : démontage de la station limni et mise en place d'une saisie/site.

15/04/1997 : léger vandalisme (gaines des fils de sonde descellées)

du 16/11/1997 au 26/11/1997 travaux de construction du seuil aval pont (Entrepr. PETRISSANS)

26/11/1997 : mise en service du seuil

30/09/1998 : détérioration du tube

10/05/1999 : remise en place d'un bouchon de visite, (celui qui était en place ayant été volé)

16/06/2000 : reprise de la connectique d'alimentation et du blister piles

02/08/2000 : remplacement du modem défectueux (surtension orage ?) et parafoudre

28/08/2000 : consolidation de la petite plate-forme devant la cabine


","08/31/00 00:00:00","00","CROSSES","18081",,"04/02/25 17:33:00",,,,"K554301001","K5543010",
234,"K5653010","ORMEDIOT","AURON",608.476,2226.352,,585,"S","430450",3.63,0.198,29.8,42.7,51.3,"K5653010","ORMEDIOT           L'Auron                 MISE A JOUR DEBITS CARACTERISTIQUES LE 02/05/2025.
==========================
mise en service : 19/12/1966 11:40


01/09/1971 : installation de la station

14/10/1977 : nettoyage section amont ( pierres )

04/11/1980 : nettoyage 

10/08/1982 : tornade -> branches cassées et arbres couchés remontant le
             niveau

03/11/1982 : nettoyage en aval

05/09/1983 : arbre dans le lit en amont et en aval

17/10/1983 : nouvel emplacement , nouvelle échelle

09/01/1984 : nettoyage du lit en amont du pont

02/02/1988 : début de curage

11/04/1990 : mise en service saisie sur site

du 30/09/1997 au 07/10/1997 travaux de construction du seuil
                                                         
07/10/1997 : mise en service du seuil construit en aval du pont

09/12/1998 : remplacement de la batterie du panneau solaire et connectique

22/11/1999 : remplacement du bidim de la prise d'eau

28/08/2000 : démontage et nettoyage de la sonde USI, collage du fond de la boite de sonde

","07/18/02 00:00:00","00","BOURGES","18033",,"05/02/25 10:18:00",,,,"K565301001","K5653010",1
235,"K6334010","AUBIGNY-SUR-NERE","NERE",607.479,2276.888,,79,"S","430450",0.628,0.091,6.74,10.8,13.4,"K6334010","AUBIGNY SUR NERE         LA NERE
================================
mise en service : 19/11/1969 15:30

18/11/1969 : Création de la station.

06/12/1972 : Consolidation échelle

20/05/1975 : Station vandalisée-Echelle enlevée  Nouveau calage

Mise à jour débits caractéristiques le 23/04/2025.


23/05/1975 : Nouvelle échelle

06/12/1977 : Lit aval nettoyé

30/08/1978 : Brèche rive droite dans seuil, crépine presque au-dessus de l'eau.

07/11/1978 : Seuil colmaté.

21/05/1979 : Lit amont nettoyé et recalibré.

     07/1983 : construction et mise en service du seuil

16/01/1990 : Pierres sur seuil.

01/08/1990 : Barrage 3 m aval cote 0,40- -> 0,39+ ?

06/01/1998 : mise en place d'une centrale saisie/site avec sonde Pression

14/09/1998 : pose blister 12v

19/08/1999 : mise en place d'une sonde U.S.I. à coté de l'échelle, remplacement de l'échelle > 1 m

14/09/1999 : dispositif vandalisé 

13/10/1999 : re-fixation plus solide

08/11/1999 : à nouveau léger vandalisme (bouchon et crépine)

24/11/1999 : consolidation du dispositif de mesure

16/08/2000 : remise en place bouchon (qui avait été retiré)

10/10/2000 : non-fonctionnement de la centrale du 11/09 au 10/10/2000 (pb d'alimentation : pile oxydée)","10/13/00 00:00:00","00","AUBIGNY-SUR-NERE","18015",,"04/23/25 09:55:00",,,,"K633401001","K6334010",1
242,"K6373020","MENETREOL-SUR-SAULDRE [HS]","Petite Sauldre",597.62,2271.89,,318,"S","430450",3.18,0.57,40,57,68,"K6373020","MENETREOL            La Petite Sauldre
======================================
mise en service : 12/10/1970 17:40


15/09/1970 : installation de la station

27/04/1976 : nettoyage du lit par bulldozer

09/11/1976 : extraction de pierres en aval du pont

15/03/1978 : fond du lit fortement décapé sous le pont

??/??/???? : arrêt de la station

********************************************************************************************************************************************
une échelle a été mise en place au gué de l'église
des jaugeages ponctuels ont été réalisés assez régulièrement à la demande de la DDAF du Cher cf. DBASE EAU et J.T. 
********************************************************************************************************************************************

11/06/1996 : Mise en place d'une station saisie sur site au gué amont.

21/11/1996 : mise en place d'une échelle de 2 m en R.D. pres de la sonde U.S.I. mise en service liaison téléphonique

14/05/1998 : installation du panneau solaire

été 1999 : construction d'un nouveau pont à une seule pile centrale en remplacement du précédent travaux terminés le 08/09/1999

28/12/1999 : A la suite des vents violents, l'arbre supportant la sonde s'est cassé à 1.5 m du sol faisant tomber la cabine ; la centrale et le modem ont baigné dans l'eau (H.S. ) Les appareils ont été changés le 30/12/1999

30/12/1999 : Les laisses de crue à 1.07 + 0.75  indiquent que la crue du 28/12/1999 était environ de 1.82 m.

22/05/2000 : Arbre tombé le 28/12/1999 en travers de la riviére retiré entre le 20/04/2000 et ce jour.

16/08/2000 : démantèlement d'un petit barrage de pierre sur le gué en R.D.
","08/31/00 00:00:00","00","MENETREOL","18147",,"04/02/25 17:44:00",,,,"K637302001","K6373020",
244,"K4013010","GROSSOUVRE [TRÉZY]","Aubois",645.41,2210.7,,140,"S","430450",0.762,0.079,11.8,19.1,23.9,"K4013010","TREZY (l'Aubois)
================
mise en service : 01/09/1996 00:00

08/08/1996 et 09/08/1996 : installation de la station en amont du pont
mise en place d'une saisie sur site et sonde U.S.I. ALCYR

13/08/1996 : branchement de la sonde U.S. rectifié

26/09/1996 : Changé centrale

29/10/1996 : changement de la sonde

16/02/1999 : changement de la centrale

17/03/1999 : mise en place du panneau solaire

10/05/1999 : pose d'une goulotte de protection des fils d'alimentation

hiver 1999/2000 : 2 voitures ont défoncé le parapet amont du pont (passage du fil de sonde intact)

28/08/2000 : le parapet amont du pont a été refait; gaine de passage du fil de sonde renforcée

29/08/2001 : changement echelle, décalage probable + 5 mm.

27/01/2010 changement code hydro

 Mise à jour Débits caractéristiques le 16/04/2025","08/30/01 00:00:00","10","GROSSOUVRE","18106",,"04/16/25 16:31:00",,,,"K401301001","K4013010",1
247,"K4073110","SAINT-BOUIZE [LA GRANGE]","Vauvise",642.37,2252.48,,392,"S","430450",2.97,0.221,15,21.2,25.3,"K4073110","La Vauvise à Saint-Bouize [La Grange] 
======================
pour les reconstitutions : corrélation possible avec station K4094010 le Nohain à Saint-Martin-sur-Nohain (Diren Bourgogne)
***************************

mise en service : 03/12/1997 00:00

08/1997 aménagement d'un seuil rustique et remontée du fond de rivière
        sous le pont (Entrepr. BRUNET 18140 La Chapelle Montlinard)

03/12/1997 mise en place de la station sonde USI

25/06/1998 mise en service du modem

28/04/1999 mise en place du panneau solaire

08/11/1999 travaux de consolidation berge amont R.D. et berge aval R.G.(comblement du creusement au niveau du seuil) construction d'un escalier de descente en rivière 


27/01/2010 changement code hydro

Mise à jour Débits caractéristiques le 17/04/2025","03/30/01 00:00:00","10","SAINT-BOUIZE","18200",,"04/17/25 10:35:00",,,,"K407311001","K4073110",1
248,"X9999999","CHAILLES","Cosson",,,,,"S","104450",,,,,,"X9999999",,"03/30/99 00:00:00",,,,,,,,,,,
250,"K4873110","VILLEDOMER [HS]","LA BRENNE",491.79,2286.36,,263,"S","430450",1.24,0.28,26,42,52,"K4873110","Mise en service le 12/11/1968

Cette station est située sur la commune de VILLEDOMER (37) au lieu-dit ""Le Bas Villaumay"".
Carte IGN série bleue: 1921 Est

Objectif:
Connaissance générale de l'hydrologie de la région

Equipement:
Centrale CR2M avec capteur Ultra-Son, alimentation solaire
Télétransmission: 02 47 55 02 26 code VILLEDOMER

Type de contrôle:
Radier de pont en brique en mauvais état.
Les mesures de débit sont effectuées 30m en amont du pont sauf celles de crues qui sont, elles, effectuées 2,3km en amont au Pont de la D246 à Chateau-Renault.

Courbe de tarage en vigueur:
Bonne en basses et moyennes eaux, reste à confirmer en htes eaux
 
Evénements marquants:

30/10/1975 : Constaté recalibrage de la Brenne sur 25m en amont de la station. Egalement suppression ilot à 50m aval de la station.

01/03/1977 : Echelle détériorée (Changement)

09/05/1983 : Remplacement de l'échelle

23/11/1984 : Série de photos de la crue du jour (1,82m)

08/06/1988 : Pollution de la Brenne par l'usine Protex, située 1km en amont de la station, mise en place d'un boudin absorbant sous le pont, surélévation du plan d'eau de 3,5cm.

04/11/1996 : Démontage de la colonne pour modernisation, consolidation de la pile RD par une protection d'enrochement sur 20m de long. Série de photos des travaux finis

08/11/1996 : Mise en place d'une centrale CR2M alimentée en solaire avec une sonde Ultra-Son.

26/02/1997 : Envasement de la sonde, repérage du maxi de la crue du 26/02 par les laissés de crue (1,77m)

14/12/2000 : La lecture de l'échelle est très difficile en crue (rupture de pente au niveau de l'échelle associé aux turbulences du tube de la sonde USi). Il faut envisager un déplacement quelques mètres en amont.

24/01/2001 : Confirmation de la difficulté de lecture de l'échelle en crue et de la nécessité de son déplacement.

14/03/2001 : Changement de courbe de tarage (crue)

22/03/2001 : Photo de l'aménagement d'un accès à l'échelle dans un enrochement. Installation provisoire du sonde pression en 3ème voie quelques mètres en amont pour voir la différence d'enregistrement des crues.

09/10/2001 : Mise en place de l'échelle en amont du pont afin de mieux lire les cotes en hautes eaux, sera installé sur cette même section un nouveau système de mesure des hauteurs ""le nilomètre"".
Nivellement entre les 2 échelles: le zéro de l'échelle amont est 37mm plus bas que celui de l'échelle au pont.
Photos

12/11/2001 : Mise en service du Nilomêtre par la société SEROSI.
Les hauteurs traités sont toujours celles de la sonde U.S.(CRM2) tant que la courbe de tarage, correspondant à la section de l'échelle amont, n'a pas était établie de façon satisfaisante.

21/04/2004 : Photos

23/02/2005 : Changement de courbe de tarage, la section de l'échelle amont a été adoptée pour acquisition des données. Remplacement de la centrale SEROSI et du nilomètre situé sur l'échelle amont par une  CR2M avec un  capteur USi.

23/08/2005 : Photos

05/09/2005 : Changement de courbe de tarage (petite crue où intervention sur le contrôle)

08/11/2005 : Photos
","08/28/06 00:00:00","00","VILLEDOMER","37276",,"04/18/25 14:14:00",,,,"K487312002","K4873120",
251,"K7217510","VINEUIL [PONT DE PIERRE]","LA TREGONCE",596.181,6648.254,,19.5,"S","430450",0.147,0.013,0.525,0.846,1.06,"K7217510","################","08/28/06 00:00:00","00","VINEUIL","36247",15196,"04/18/25 07:43:00","01/15/92 14:18:00",,,"K721751001","K7217510",1
252,"K7414010","VILLELOIN-COULANGÉ [COULANGÉ] [HS]","LA TOURMENTE",516.8630000000001,2237.922,,109,"S","430450",0.632,0.12,19.6,28,33.5,"K7414010","Cette station est située sur la commune de VILLELOIN-COULANGE (37) au lieu-dit ""Le Four à Chaux"" où ""Coulangé"".
Equipement: Centrale CR2M avec capteur Ultra-Son, alimentation piles 9V Télétransmission: 02 47 92 67 01 code COULANGE
Contrôle: Seuil en béton sur le radier pavé du pont à 2 arches. Seuil en V sur une arche et droit sur l'autre. La partie droite commence à couler lorsque le débit est > à 0,355m3/s
L'étiage est généralement soutenu par les lachés de la retenue de Nouans-Les-Fontaines sur le ruisseau de la Jubardière au lieu-dit ""Neuillé"".
20/12/1982 : Photos de la crue (1,95m) par M. GHIO( SEMA Orléans) Cote à l'échelle de Montrésor sur l'Indrois: 2,80m
22/04/1987 : Nettoyage des rives en aval de la station. Modification en basses et moyennes eaux
31/05/1989 : Suite aux travaux de curage de 1987 en aval, changement d'emplacement de l'échelle. Un décalage se produisait entre la cote de l'échelle et celle enregistrée sur le limni.
Fixée avant contre l'appui du pont en RD et sur le radier, l'échelle est maintenant sur la colonne(aval immédiat du radier).
L'échelle a été calée à la même hauteur qu'à son ancien emplacement. Il y avait, ce jour, 2cm d'écart de niveau d'eau entre celui situé sur le radier et celui situé à la colonne.
08/08/1992 : Suite à une tornade, les peupliers cassés à l'aval ont obstrués le lit de la rivière.
13/06/1996 : Changement d'emplacement de la station, elle est située maintenant à l'amont immédiat du pont. Construction d'un seuil de contrôle en béton sur le radier.
20/06/1996 : Correspondance d'échelle entre l'ancien et le nouvel emplacement. Ancien Ht: 0,015m Nouvel Ht: 0,202m
01/10/1996 : A la cote de 0,26m, l'eau passe sous les deux arches du pont.
28/12/1999 : Modification de la courbe de tarage en basses eaux. Les causes de ce détarage sont inconnues, le seuil et l'échelle semble en bon état.
23/03/2000 : Visite à la retenue de Nouans, débit de sortie: 0,018 m3/s. La retenue est pleine mais l'eau ne passe pas par le déversoir. Les apports en amont semblent être de l'ordre du débit de sortie.
01/08/2000 : Début du soutien d'étiage par la retenue de Nouans-Les-Fontaines.
05/09/2000 : Visite à la retenue de NOUANS, débit de sortie mesuré: 0,140 m3/s. La retenue semble être vidée des 2/3.
05/10/2000 : Visite à la retenue de NOUANS, débit de sortie mesuré: 1 l/s. La retenue est vidée et la vanne fermée.
03/08/2001 : Début du soutien d'étiage par la retenue de Nouans-Les-Fontaines.
02/08/2002 au 29/09/2002 : Soutien de l'étiage par la retenue de Nouans les Fontaines
04/01/2016 Mise hors service de la station
Débits caractéristiques mis à jour le 16/04/2025","01/04/17 15:36:00","00","VILLELOIN-COULANGE","37277",,"04/16/25 17:45:00","02/21/96 00:00:00",,,"K741401001","K7414010",1
253,"K7514010","SAINT-BRANCHS","L'ECHANDON",535.026,6685.295,,127,"S","430450",0.611,0.057,10.6,19.1,24.7,"K7514010","################","09/20/06 00:00:00","00","ST BRANCHS","37211",,"04/18/25 07:51:00","12/21/67 15:00:00",120,,"K751401001","K7514010",1
259,"M1073020","CONIE-MOLITARD [PONT DE BLEUET]","LA CONIE",584.84,6781.21,,500,"S","430450",1.78,0.074,1.93,3.3,4.2,"M1073020","Cette station est située sur la commune de Conie-Molitard (28), lieu-dit""Pont de bleuet"" au pont de la D1117 remplace celle de ""Valainville"" à Conie-Molitard (M1073010).
Equipement: Centrale ALCYR avec capteur Ultra-Son, alimentation batterie 12v Télétransmission: 02 37 96 13 99 code BLEUET
24/12/1997 : Nivellement / au repère NGF situé sur le pont en aval R.D.Altitude du NGF: 115,822m - Contrôle: Seuil bétonné, il se retrouve régulièrement noyé pendant la période d'avril à novembre par l'influence de la végétation aquatique du lit en aval. Les mesures de débit sont effectuées à l'aplomb aval du pont.
10/02/1998 au 20/02/1998 : Durée des travaux de construction du seuil.L'altitude du point bas du seuil: 112,20m (à vérifier)Soit un DEBIT NUL à la cote de 0.17m à l'échelle
29/06/1999 : Faucardage de la végétation aquatique par le syndicat de la Conie, non confirmé par celui-ci.
25/09/2000 : Faucardage de la végétation aquatique par le syndicat de la Conie.
04/10/2001 au 06/10/2001 : Faucardage de la végétation aquatique par le syndicat de la Conie. Confirmé par M.Vandromme(Président)
25/06/2003 : Faucardage de la végétation aquatique par le syndicat de la Conie. Confirmé par M.Vandromme(Président) tél.02 37 96 92 18
25/07/2005 : Faucardage de la végétation aquatique par le syndicat de la Conie. Confirmé par M.Vandromme(Président)
27/01/2010 : Changement code hydro pour l'intégration dans le réseau Cristal - Ancien: M1073001  Nouveau: M1073020

Mise à jour Débit caractéristiques le 24/04/2025
","12/23/15 11:41:00","00","CONIE-MOLITARD","28106",11203,"04/24/25 10:43:00","08/01/96 14:05:00",,,"M107302001","M1073020",1
262,"K4414090","MEUNG-SUR-LOIRE","Mauves",602.314,6747.459,,274,"S","430450",1.05,0.422,3.73,5.35,6.42,"K4414090","Cette station est située sur la commune de MEUNG SUR LOIRE(45) à 500m en aval du bourg, au niveau de l'ancienne station d'épuration. 
Type de contrôle: seuil naturel Cette station est soumise annuellement à l'influence de la végétation aquatique mais aussi au remous de la Loire lorsque celle-ci dépasse 1500m3/s
Equipement: Centrale Paratronic CPL GSM avec capteur Ultra-Son et interface Alcomus, alimentation batterie 12V 28/07/2009: Modernisation CRISTAL Téléphone: 06 08 32 76 47
Jaugeages ponctuels mensuels de septembre 1998 à août 2006

Mise à jour Débit caractéristiques le 24/04/2025


","12/23/15 11:38:00","00","MEUNG SUR LOIRE","45203",8317,"04/24/25 10:31:00","08/22/06 16:45:00",,,"K441409001","K4414090",1
265,"K4830000","CONAN (VILLEBERFOL)","Cisse",,,,,"V","430450",,,,,,"K4830000"," ","09/13/02 00:00:00","10",,,,"04/18/08 10:56:00",,,,,,
267,"K4853000","NAZELLES-NÉGRON","La Cisse",546.8,6705.785,,790,"S","430450",2.32,0.417,15.5,21.6,25.6,"K4853000","Cette station est située sur la commune de NAZELLES-NEGRON (37) au lieu-dit ""Perreux"".
Besoin pour l'hydrologie générale de la région, cette station a remplacé celle de VERNOU S/ Brenne (K4893010) gérée par le SBLB et arrêtée le 01/01/1997 pour ces difficultés de gestion. Il n'y a aucune données disponibles dans HYDRO sur la station de Vernou.
Equipement: CPL avec capteur US immergé-Télétransmission: 02 47 57 62 67 
Contrôle: Radier de pont bétonné droit et en très bon état (restauré en 1996)-Seuil régulièrement noyé par l'influence de la végétation aquatique en aval-Les mesures de débit sont effectuées sur le radier du pont sauf celles de crues qui sont, elles, effectuées en amont (1km-1,5km) en cumulant la Cisse au Pont de la D431 et la Ramberge à ""La Mazère"".
27/01/2010 changement code hydro

Mise à jour débits caractéristiques le 23/04/2025.
","08/28/06 00:00:00","00","NAZELLES-NEGRON","37163",,"04/23/25 09:41:00",,,,"K485300001","K4853000",1
268,"K4460002","SUEVRES (PONT DE FLEURY)","Tronne",,,,,"V","430450",,,,,,"K4460002"," ","09/13/02 00:00:00",,,,,"09/16/08 14:00:00",,,,,,
269,"K7207510","DÉOLS","La Ringoire",600.098,6637.993,,97,"S","430450",0.5610000000000001,0,3.16,4.3,5.03,"K7207510","################","09/25/06 00:00:00","00","DEOLS","36063",14109,"04/18/25 07:41:00","10/19/00 15:45:00",,,"K720751001","K7207510",1
270,"M1124810","ROMILLY-SUR-AIGRE [HS]","Aigre",573.535,6766.382,,276,"S","430450",1.48,0.47,3.7,6,7.5,"M1124810","Elle est située sur la commune de Romilly-sur-Aigre (28), lieu-dit""St Calais""
Equipement: Centrale CPL + Alcomus et capteur Ultra-Son, alimentation batterie 12v et PS Télétransmission:02 37 98 58 86
Contrôle: Seuil bétonné. Régulièrement nettoyé lors des passages car la mousse s'installe sur l'arête du seuil et peut influencée de façon significative la ligne d'eau à l'amont.
14/01/1997: Constat de nettoyage des rives en amont et en aval de la station
13/01/1998: Seuil de contrôle en construction, existence d'un batardeau
13/09/2001: Déplacement de l'échelle. Installation de la nouvelle échelle en aval RD du pont, à 2m en amont du seuil béton pour se prémunir de l'influence de la végétation qui s'installe dans le lit en le seuil et le pont.Changement complet d'appareillage d'acquisition, installation d'une centrale CR2M avec capteur USi. Photos
20/08/2019: Nivellement de la cote de débit nul: 0.15m




","12/23/15 11:41:00","00","ROMILLY SUR AIGRE","28318",,"04/02/25 17:58:00","01/01/66 00:00:00",80,,"M112481001","M1124810",1
272,"K5554580","MOULINS-SUR-YEVRE [MAUBRANCHE]","Ouatier",613700,2231940,,112,"S","430450",0.85,0.042,3.04,4.85,6.05,"K5554580","lavoir amont N 151
mesures SEMA ou S.A.C. Cher
MISE A JOUR DEBITS CARACTERISTIQUES LE 02/05/2025.","11/12/02 00:00:00","10","MOULINS-SUR-YEVRE","18158",,"05/02/25 10:16:00",,,,"K555458001","K5554580",1
273,"K6593020","MEUSNES [GUÉ AU LOUP]","Fouzon",585.42,6685.547,,,"S","430450",4.67,0.36,46.3,79.59999999999999,102,"K6593020","Cette station est située sur la commune de MEUSNES (41), lieu-dit""Gué au loup""remplace la station Meusnes ""gué de Meusnes""-K6593010
Contrôle: Radier naturel, ancien gué. Bon contrôle dans l'ensemble mais influencée par la végétation aquatique en été et les hauteurs peuvent aussi être influencées par remous à delà de 300m3/s sur le Cher
Equipement: 15/03/2005 : Passage d'un capteur USi à un capteur bulle à bulle (Nimbus OTT) Télétransmission: 06 79 71 67 55

Mise à jour Débit caractéristiques le 24/04/2025","12/23/15 11:41:00","00","MEUSNES","41139",,"04/24/25 11:23:00",,215,,"K659302001","K6593020",1
274,"F43600","COURTEMPIERRE","FUSAIN",622388,2345747,,389,"S","104450",,,,,,"COURTEMPIE","station Annonce de crue Diren Ile de France","12/03/03 00:00:00","10",,,,,,,,,,
278,"K7433030","GENILLÉ","L'INDROIS",555.861,6677.254,,396,"S","430450",2.18,0.317,54.7,89,112,"K7433030","################","09/07/06 00:00:00","00","GENILLE","37111",,"04/18/25 07:53:00","08/19/77 00:00:00",,,"K743303001","K7433030",1
280,"K4873120","VILLEDOMER [BAS VILLAUMAY AMONT]","La Brenne",541.992,6720.714,,263,"S","430450",1.23,0.26,23.8,39.5,49.9,"K4873120","Mise en service le 09/10/2001 à 15:00 en remplacement de celle au pont
Cette station est située sur la commune de VILLEDOMER (37) au lieu-dit ""Le Bas Villaumay"".
Centrale CR2M avec capteur Ultra-Son, alimentation solaire Télétransmission: 02 47 55 02 26 code VILLEDOMER
Contrôle: Radier de pont en brique en mauvais état. Bonne en basses et moyennes eaux, reste à confirmer en htes eaux
Les mesures de débit sont effectuées 30m en amont du pont sauf celles de crues qui sont, elles, effectuées 2,5km en amont au Pont de la D246 à Chateau-Renault.
15/02/2017: Nivellement du ""0"" de l'échelle - Altitude: 80.243m Système NGF-IGN 1969

Mise à jour débits caractéristiques le 23/04/2025.
","03/23/07 00:00:00","00","VILLEDOMER","37276",8024,"04/23/25 09:44:00","10/09/01 15:00:00",150,,"K487312001","K4873120",1
281,"H4022030","BOULANCOURT","l'ESSONNE",606.75,2362.1,,609,"S","430450",1.39,0.165,5.49,9.33,17.5,"H4022030","-Station installée le                      MISE A JOUR DEBITS CARACTERISTIQUES LE 02/05/2025.
Crue vicennale : 9.5 m3/s

COMMENTAIRES SUR STATION :

- le 21/11/2008 nettoyage du seuil, influence constatée de 13 mm traitée dans HYDRO en CORTH du 24/09/2008 au 21/11/2008.","07/26/02 00:00:00","00","BOULANCOURT","77046",,"05/02/25 10:09:00",,,,"H402203001","H4022030",1
282,"H4033010","MEREVILLE [HS]","LA JUINE",582.61,2370.45,,199,"S","430450",0.967,0.57,1.5,1.9,2.2,"H4033010","Station mise en service le : 01/05/1969

Coordonnées Syndicat de rivière : 01 64 94 58 93 - Monsieur GREFFEUILLE 
Garde pêche Monsieur Multon 06 85 40 12 76","01/15/01 00:00:00","00","MEREVILLE","91390",,"04/09/25 18:07:00",,,,"H403301001","H4033010",1
283,"K5424010","AINAY LE CHATEAU [HS]","SOLOGNE",626769.9,2189920,,88.900002,"S","430450",0.595,0.067,4.32,6.5,9.33,"K5424010","Débits caractéristiques mis à jour le 16/04/2025","06/08/05 00:00:00","00",,,19418,"04/16/25 16:17:00",,,,"K542401001","K5424010",1
285,"K5333110","VIEURE","BANDAIS",643420,2167670,,130,"S","430450",0.773,0.007,22.6,35,43.1,"K5333110","Mise à jour des débits caractéristiques le 17/04/2025","06/08/05 00:00:00",,"VIEURE","03312",,"04/18/25 14:50:00",,,,"K533311001","K5333110",1
287,"K5234010","VAUX","MAGIEURE",618438,2157512,,194,"S","430450",0.878,0.002,21.6,35.9,45.4,"K5234010","Mise à jour Débits caractéristiques le 17/04/2025","09/25/03 00:00:00","10","VAUX","03301",,"04/17/25 09:46:00",,,,"K523401001","K5234010",1
288,"K5343210","MALICORNE [BEAUFRANCON]","OEIL",632210,2145950,,126,"S","430450",0.983,0.057,14.7,23.4,29.1,"K5343210","Mise à jour des débits caractéristiques le 17/04/2025","06/08/05 00:00:00","00","MALICORNE","03159",33100,"04/18/25 15:09:00",,,54,"K534321001","K5343210",1
289,"K5083010","ST PARDOUX [HS]","TARTASSE",618950,2130600,,130,"S","430450",1.1,0.067,16.7,22.9,27,"K5083010","Débits caractéristiques mis à jour le 16/04/2025","12/06/01 00:00:00","00",,,,"04/16/25 12:53:00",,,,"K508301001","K5083010",1
298,"K6022420","LOYE-SUR-ARNON","ARNON",652.303,6617.164,,267.70001,"S","430450",1.33,0.24,17.9,31.7,40.8,"K6022420","Cette station est située sur la commune de Loye sur Arnon (18) au pont sur l' Arnon de la D951
Contrôle: Seuil naturel Equipement: PLQ 2000 9600BD Téléphone: 02.48.60.79.39
Altitude du ""0"" de l'échelle193.32m (nivellement du 01/10/2015).
La première cassure/redressement de la CT à la cote d'environ 215 est lié au débordement dans les champs.
La deuxième cassure/inflechissemnt à la cote d'environ 255 cm est lié au remou aval  (contraction de la vallée et végétation  (bocage  + forêt) qui innonde la route par l'aval (pas de déversement via l'amont sur la route à la cote 252)
CT tracé pour les montée de crue (montée trés rapide, sans influence de remplissage en aval, ce qui est sans doute le cas à la descente et ou en cas de second évènement très proche)

Mise à jour Débit caractéristiques le 24/04/2025
","12/23/15 11:39:00","00","LOYE SUR ARNON","18130",19332,"04/24/25 11:14:00","07/05/07 11:21:00",250,,"K602242001","K6022420",1
302,"K4853010","CHOUZY S/ CISSE (LE VAU) [HS]","Cisse",,,,,"S","430450",,,,,,"K4853010","Cette station est située sur la commune de Chouzy sur Cisse(41) à la hauteur du lieu-dit ""le Vau"", au pont de la VC14.
Hydrologie générale. Point de mesure complémentaire à Chouzy (les vallées) afin de comparer avec la Cisse à Coulanges (recherche du station de remplacement de Coulanges).
Contrôle:Seuil naturel - Equipement: Centrale CYR2/US GSM avec capteur Ultra-Son, alimentation solaire 12V Télétransmission: 06 45 45 99 23  code CHOUZY1
21/08/2008 : Mise en service de la station de mesure. Nivellement du zéro de l'échelle par rapport à un repère : -2,23m
21/05/2012 : Mise hors service ","02/03/12 11:58:00","00","CHOUZY S/ CISSE","41055",,"04/18/25 10:58:00","10/19/07 13:48:00",,,"K485301001","K4853010",
303,"K0248810","VENDOS [HS]","MUSETTE",712900,2011800,999,38.5,"S","118631",0.261,0.03,3.1,6.9,,"K0248810","INSTALLE 12/97","07/05/04 00:00:00","10",,,77000,"03/14/25 12:13:00",,,,"K024881001","K0248810",
305,"K0333010","VOREY [PONT EYTRAVAZET]","ARZON",769.054,6456.772,,153,"S","430450",1.41,0.096,22,34,42,"K0333010","INSTALLE 12/97
Coordonnées en lambert 93","12/21/15 09:56:00","00",,,57300,"12/21/15 09:57:00",,,,"K033301001","K0333010",
306,"K0403030","LES VASTRES [PONT MARIE]","LIGNON",797.876,6433.13,,40,"S","430450",0.873,0.098,19,34,44,"K0403030","Coordonnées en lambert 93","12/21/15 10:03:00","00",,,107476,"04/18/24 15:03:00",,,,"K040302002","K0403020",
307,"K0436510","ARAULES PONT [HS]","AUZE",745200,2011370,979.5,22,"S","118631",0.166,,,,,"K0436510",,"07/05/04 00:00:00","00",,,,"03/14/25 12:25:00",,,,"K043651001","K0436510",
308,"K0454020","DUNIERES","DUNIERES",804.55,6458.742,,140,"S","430450",2.07,0.35,25,41,51,"K0454020","coordonnées en lambert 93","12/21/15 10:13:00","00",,,73800,"05/03/16 16:25:00",,,,"K045402001","K0454020",
309,"K0513010","SAUVESSANGES","ANCE DU NORD",769.7619999999999,6475.986,,192,"S","430450",2.8,0.5,20,27,32,"K0513010","Coordonnées en lambert 93","12/21/15 10:20:00","00",,,78700,"01/13/22 08:43:00",,,,"K051301001","K0513010",
310,"K1414010","SAINT-LEGER-SUR-VOUZANCE","VOUZANCE",,,,131,"S","430450",0.8169999999999999,0.018,24.3,33.7,39.9,"K1414010"," Mise à jour Débits caractéristiques le 16/04/2025
","02/09/04 00:00:00","10","SAINT-LEGER-SUR-VOUZANCE",,,"04/24/25 10:27:00",,,,"K141401001","K1414010",1
312,"K1524010","BREUIL D1","BARBENAN",704539.4,2133539.4,,121,"S","430450",1.85,0.103,16.7,23.5,28.1,"K1524010"," Mise à jour Débits caractéristiques le 16/04/2025","06/01/05 00:00:00",,,,,"04/16/25 16:39:00",,,,"K152401001","K1524010",1
313,"K1533010","SAINT-PRIX","BESBRE",700890,2137090,,360,"S","430450",5.92,0.408,42.5,62,75,"K1533010"," Mise à jour Débits caractéristiques le 16/04/2025","06/08/05 00:00:00","00","SAINT-PRIX",,,"04/16/25 16:43:00",,,,"K153301001","K1533010",1
315,"K1810310","CHAPELLE AUX  CHASSES [HS]","ACOLIN",,,,,"S","430450",1.6,0.31,18,27,34,"K1810310",,"12/11/01 00:00:00","00",,,,"04/02/25 14:45:00",,,,"K181031001","K1810310",
317,"K0733220","CHALMAZEL (CHEVELIERES)","LIGNON du FOREZ",767463,6511174,,60,"S","430450",1.71,0.33,22,33,41,"K0733220",,"12/17/15 15:31:00","00",,,79927,"12/17/15 15:33:00",,,,"K073322001","K0733220",
318,"K0744010","DEBATS RIVIERE D' ORPRA (COTES)","ANZON",774051,6518639,,180,"S","430450",2.47,0.17,23,32,39,"K0744010",,"12/17/15 15:39:00",,,,40714,"12/17/15 15:42:00",,,,"K074401001","K0744010",
319,"K0763310","LA GUILLANCHE [HS]","VIZEZY",731.212,2069.3,,43.299999,"S","119690",0.625,0.056,6.8,10,12,"K0763310",,"03/18/02 00:00:00","00",,,,"03/14/25 12:28:00",,,,"K076331001","K0763310",
321,"K1084010","CHANGY  (NOAILLERIE) [HS]              ","TEYSSONNE",768228,6560146,,23,"S","119690",0.322,0.016,2.72,3.74,4.42,"K1084010","Repris par le syndicat de rivière (matériel retrocédé)
Débits caractéristiques mis à jour le 24/04/2025",,"00",,,34989,"04/24/25 11:59:00",,,,"K108401001","K1084010",
322,"K5313010","COSNES D'ALLIER (AUMANCE) [HS]","AUMANCE",638997,2164443,,158,"S","430450",,,,,,"K5313010",,,"00",,,,"04/02/25 16:04:00","11/30/07 13:42:00",,,"K531301001","K5313010",1
323,"K5363220","COSNES D'ALLIER (OEIL)","L'OEIL",637714,2163923,,398,"S","430450",2.08,0.067,26.1,39.4,48.1,"K5363220","Mise à jour des débits caractéristiques le 17/04/2025","01/04/16 16:24:00","00","COSNE D'ALLIER","03084",,"04/18/25 15:04:00","11/30/07 13:44:00",,,"K536322001","K5363220",1
324,"K5702320","ST DOULCHARD (MOULIN BATARD ROCADE)","YEVRE",,,,1750,"S","430450",11.7,1.41,58.6,84.7,102,"K5702320","MISE A JOUR CARACTERISTIQUES LE 02/05/2025.",,"00",,,,"05/02/25 10:04:00","11/30/07 13:44:00",,,"K570232001","K5702320",1
325,"K4473110","CHOUZY S/ CISSE (LES VALLÉES) [HS]","Cisse (dérivation vers Loire)",,,,,"S","430450",,,,,,"K4473110","Cette station est située sur la commune de Chouzy sur Cisse(41) à la hauteur du lieu-dit ""les Vallées"".
Point de mesure complémentaire à Chouzy (le Vau) afin de comparer avec la Cisse à Coulanges car c'est une partie du débit de la Cisse qui part directement dans la Loire.
Ouvrage aval (vannes) Aucune courbe possible, sous influence de l'ouvrage aval
Equipement: Centrale CYR2/US avec capteur Ultra-Son, alimentation batterie 12V
Télétransmission:   code CHOUZY2


","02/03/12 10:19:00","00","CHOUZY S/ CISSE","41055",,"04/18/25 08:40:00","05/02/08 09:31:00",,,"K447311001","K4473110",
326,"H402203*","BOULANCOURT ESSAI ","Essonne",,,,,"S","430450",,,,,,"H402203*","Jaugeages ponctuels ancienne stations boulancourt ?",,"00",,,,"04/02/25 14:18:00","06/09/08 15:32:00",,,,,
327,"H3522010","COURTEMPIERRE","FUSAIN",622.388,2345.718,,375,"V","430450",,,,,,"H3522010",,,"10","COURTEMPIERRE (LIEU-DIT PASSARD)","45114",,"08/07/23 16:25:00","07/31/08 14:53:00",,,"H352201010","H3522010",
328,"H407****","PRUNAY [JP]","PERRAY",560040,2391910,,,"V","430450",,,,,,"H407****","POINT DE MESURE PONCTUELLE POUR GESTION NAPPE DE BEAUCE",,"10","PRUNAY EN YVELINES","78506",,"04/22/25 17:54:00","09/26/08 10:20:00",,,,,
329,"H4068400","YMERAY","VOISE",553670,2390250,,,"V","430450",,0.054,,,,"H4068400","POINT DE MESURE PONCTUELLE POUR GESTION NAPPE DE BEAUCE
Mise à jour Débit caractéristiques le 24/04/2025",,"10","YMERAY","28425",,"04/24/25 10:23:00","09/26/08 10:23:00",,,"H406840001","H4068400",
332,"K520090","ROCHEBUT DEVERSOIR","Cher",,,,,"S","430450",,,,,,"ROCHEBUT","courbe deversoir EDF penser ajouter  débits turbinés",,,,,,"05/14/09 11:07:00","05/14/09 11:06:00",,,,,
333,"K2680825","COUDES AVAL","ALLIER",,,,5317,"S","430450",,,,,,"AVAL COUDE","échelle aval d'étiage attention décalage avec pente avec échelle amont SAC
Référentiel à créer dans HP et bancariser les données liées à cette échelle","11/17/97 00:00:00","00",,,,"03/24/25 14:59:00",,,,,,
334,"K6453010","THEILLAY","LA RERE",,,,,"S","430450",1.31,0.095,18.8,38,50.7,"K6453010","Mise à jour débits caractéristiques le 23/04/2025.
",,"00","THEILLAY",,,"04/23/25 09:57:00","09/04/09 16:21:00",,,"K645301001","K6453010",1
335,"K73226**","PERRUSSON (AMONT)","INDRE",499.953,2234.526,,,"S","430450",,,,,,"K73226**","Station d'essai pour la prévision à Loches",,"10","PERRUSSON","37183",,"11/20/09 17:36:00","09/11/09 10:46:00",,,,,
336,"K7322610","PERRUSSON","INDRE",549.726,6668.865,,,"S","430450",,,,,,"K7322610",,,"00","PERRUSSON","37183",7067,"05/19/25 16:59:00","09/11/09 10:48:00",218,,"K732261001","K7322610",1
338,"K4900040","TOURS/LOIRE CAPTEUR RADAR","La Loire",475210,2268130,,12130,"S","430450",360,67,1600,2100,2400,"K4900040","Station à l'esai avec capteur hauteur radar complémentaire situé dans le chenal principal du lit contrairement au LPN8 de la K4900030 situé lui sur la RG dans un bras qui s'assèche en étiage.",,"00",,,4295,"03/30/11 09:48:00","09/10/10 09:31:00",,,,,
339,"K0356310","BEAUX   ( MALATAVERNE","RAMEL",784471,6452875,,43,"S","430450",,,,,,"K0356310",,,"00",,,69374,"12/17/15 16:20:00","06/23/11 10:26:00",,,"K035631001","K0356310",
340,"K0274020","BLAVOZY (LE BOURG)","SUMENE",777221,6440092,993,52,"S","430450",0.551,0.03,16,29,37,"K0274020","INSTALLE 28/03/2011
","12/17/15 15:23:00","00",,,67773,"12/21/15 15:31:00","03/28/11 00:00:00",,,"K027401002","K0274010",
342,"K5090905","CHAMBONCHARD 1 [HS]","CHER",,,,517,"S","430450",,,,,,"K5090905","1ère station de jaugeages à chambonchard, période du 14 août 1918 au 21 avril 1966
K509 0900 03 - Le Cher à Chambonchard","09/20/11 08:15:00","00",,,,"04/03/25 11:22:00","08/14/18 00:00:00",,,"K509090003","K5090900",
343,"K5133010","CHAMPAGNAT","La Tardes",598700,2124330,,,"S","430450",,,,,,"K5133010",,"01/04/16 16:12:00","00","CHAMPAGNAT","23048",,"11/08/16 13:07:00","11/10/11 11:32:00",,,"K513301001","K5133010",1
344,"K0624520","ST MARCELLIN EN FOREZ (LE BLED)","Le Bonson",792827,6486469,,104,"S","430450",0.801,0.01,14,23,29,"K0624520",,"12/17/15 15:37:00",,,,41680,"01/22/16 15:23:00","12/14/11 11:40:00",,,"K062451002","K0624510",
345,"K1633010","BOURBON LANCY(MOULIN BAUDRAN)","LA SOMME",,,,,"S","430450",,,,,,"K1633010",,,"00",,,,"01/04/16 15:47:00","01/10/12 16:19:00",,,"K163301001","K1633010",1
346,"K6173130","SAINTE-LIZAIGNE - STATION DEBITMETRIQUE","La Théols",626.086,6656.632,,782,"S","430450",,,,,,"K6173130","Cette station est située sur la commune de STE LIZAIGNE au lieu-dit . Pont RD34
Station de mesure de débit en continu Télétransmission Cristal :02 54 21 73 24  Télétransmission Centrale :02 54 49 15 65

","12/23/15 11:40:00","10",,,,"10/10/23 12:00:00",,,,"K617313001","K6173130",1
347,"K7143010","MONTIPOURET [MOULIN D'ANGIBAULT]","la Vauvre",616.146,6614.571,,197,"S","430450",1.5,0.07000000000000001,16.1,24.6,30.1,"K7143010","mise en service le 19/12/2012

13/08/2019: Nivellement de la cote ""débit nul"": -0.09m 

Mise à jour débits caractéristiques le 17/04/2025
","07/04/13 15:46:00","00","MONTIPOURET","36129",,"04/18/25 07:36:00","12/22/11 11:46:00",240,,"K714301001","K7143010",1
349,"K7043010","NOHANT - VIC","l'Igneraie",,,,77.800003,"S","430450",,,,,,"K704302001",,,"00","NOHANT - VIC","36143",,"05/28/25 10:55:00","12/22/11 11:49:00",,,,,
350,"K4572210","MONTRIEUX-EN-SOLOGNE [BOIS OLYMPE]","BEUVRON",602.775,6715.166,,509.79999,"S","430450",2.72,0.126,20.4,36,51.5,"K4572210","26/06/1994: Début des mesures ponctuelles par la DDT41

17/10/2012: Mise en service d'une station de mesure Ht

Mise à jour débits caractéristiques le 23/04/2025.
","06/27/13 11:15:00","00","MONTRIEUX-EN-SOLOGNE","41152",,"04/23/25 09:02:00",,,,"K457221001","K4572210",1
351,"K4900020","TOURS (AVAL DU PONT WILSON RD) [HS]","La Loire",475210,2268130,,42130,"S","430450",373,64.5,1668,2106,2395,"K4900020","station aval Wilson Rive Droite a remplacé K4900010 Wilson amont Rive Gauche et est remplacée par K4900030 Mirabeau","03/10/00 00:00:00","00",,,4459,"04/18/25 14:36:00",,,,"K490003102","K4900031",
352,"K0924010","RENAISON [HS]","RENAISON",771644,6550155,,,"S","430450",,,,,,"K0924010","Mise en service le 04/07/2012 à 09 h 10 TU 
alimenté dans hydro 1/1/2013",,"00",,,36179500,"03/14/25 12:31:00","07/04/12 16:50:00",,,"K092401001","K0924010",
357,"K1363010","CIRY LE NOBLE","La Bourbince",,,,343,"S","117210",3.28,0.6,42,52,58,"K1363010",,"02/10/03 00:00:00","00",,,,"02/25/16 15:01:00",,,,"K136301001","K1363010",1
361,"K0253030","AIGUILHE","BORNE ",769.904,6439.385,,,"S","430450",2.9,0.51,51,89,110,"K0253030","Coordonnées en labmbert 93","12/21/15 09:34:00","00",,,62306,"04/18/24 14:57:00","02/27/13 09:41:00",,,"K025302002","K0253020",
362,"K0134010","LANTRIAC (PONT DE MOULINES)","la Laussonne",776897,6430044,,33,"S","430450",,,15.6,29.7,39.1,"K0134010",,"12/17/15 15:54:00",,,,74962,"04/19/25 19:37:00","05/31/13 09:46:00",,,"K013401001","K0134010",
363,"K0045510","ST ARCONS  BARGES (MONTBEL","la Mejeanne",774643,6414533,,35,"S","430450",,,,,,"K0045510",,,"00",,,95556,"12/17/15 15:40:00","05/31/13 10:05:00",,,"K004551001","K0045510",
364,"K7222610","BUZANCAIS [HS)","Indre",530.722,2209.148,,1203,"S","430450",9.08,0.93,,147,187,"K7222610",,,"00","BUZANCAIS","36031",,"04/02/25 17:52:00","07/17/13 10:01:00",170,,"K722261010","K7222610",
365,"K6220930","SELLES-SUR-CHER - PONT D956A","Le Cher",590.9930000000001,6687.413,,9264,"S","430450",58.2,5.54,246,361,437,"K6220930","Cette station est située sur la commune de Selles sur Cher (41) au pont de Selles sur Cher sur la D956A
Contrôle: Seuil Naturel  Equipement: CPL PLQ 2000 avec capteur radar déporté par radio Téléphone: 02 54 96 13 56
A l'installation le 22/08/2013, la hauteur à cette station était de -4cm par rapport à celle de la station centre ville(vieux pont). La cote du ""0"" de l'échelle est 71,820 m NGF(nivellement maintenance DHMD). 

Mise à jour débits caractéristiques le 23/04/2025.
","12/23/15 11:40:00","00","SELLES/CHER","41242",7182,"04/23/25 09:48:00","08/22/13 16:00:00",,,"K622091003","K6220910",1
366,"K6482510","PRUNIERS-EN-SOLOGNE","Sauldre",549.736,2258.138,,2099,"S","430450",13.1,1.33,94,155,196,"K6482510","Référence hauteur: Echelle limni sur pile amont rive gauche
Début des mesures de débits en 2013

Mise à jour débits caractéristiques le 23/04/2025.
","10/11/13 17:26:00","00","PRUNIERS-EN-SOLOGNE","41185",,"04/23/25 09:58:00","08/26/13 14:36:00",,,"K648251001","K6482510",1
367,"K6102430","MAREUIL-SUR-ARNON","Arnon",633.704,6642.608,,884,"S","430450",4.05,0.312,41.9,73,93.59999999999999,"K6102430","Début des mesures de débits en 2013-référence hauteur: arète inférieure du bloc de pierre recouvrant le parapet coté RD aval du pont
20/05/2014: Mise en service 
14/02/2017: Nivellement du ""0"" de l'échelle - Altitude: 133.406m Système NGF-IGN 1969

Mise à jour Débit caractéristiques le 24/04/2025","12/23/15 11:40:00","00","MAREUIL SUR ARNON","18137",13341,"04/24/25 11:18:00","08/26/13 14:41:00",190,,"K610243001","K6102430",1
369,"K0920010","IGUERANDE","loire",,,,,"S","430450",,,,,,"IGUERANDE",,,,,,,"09/25/13 11:25:00","09/25/13 11:25:00",,,,,
370,"K7222620","BUZANÇAIS - PONT VOIE FERRÉE","Indre",579.351,6645.529,,1244,"S","430450",8.57,1.15,49.1,77.8,96.90000000000001,"K7222620","################","10/11/13 17:23:00","00","BUZANCAIS","36031",10558,"04/18/25 07:45:00","10/03/13 17:38:00",250,,"K722261011","K7222610",1
371,"K0543010","BEAUZAC [BÉRARD]","ANCE DU NORD",784.77,6464.677,,517,"S","430450",,,,,,"K0543010","Coordonnées en lambert 93","12/21/15 10:23:00","00","BEAUZAC",,,"12/21/15 10:24:00","12/02/13 14:59:00",,,"K054301001","K0543010",
372,"K4427010","TAVERS","Lien",596.2329999999999,6740.299,,41,"S","430450",,,,,,"K4427010"," Janvier 2014: installation d'une échelle limnimétrique à l'aplomb aval RG du pont
23/01/2014: constat d'un nettoyage et élagage de la RG sur 150m

Mise à jour Débit caractéristiques le 24/04/2025 pas de données en Phyc","02/20/20 16:09:00","00","TAVERS","45317",,"04/24/25 11:07:00","01/01/98 00:00:00",,,"K442701001","K4427010",1
374,"K1713010","CHATILLON EN BAZOIS","L'Aron",699.229,2229.929,,193,"S","117210",,,20,22,24,"K1713010",,"02/10/03 00:00:00","00",,,22978,"02/25/16 15:02:00",,,,"K171301001","K1713010",1
375,"K1724210","VANDENESSE","La Dragne",,,,115,"S","430450",1.84,0.14,25,34,40,"K1724210",,"01/29/10 15:31:00","00",,,21046,"06/20/25 15:45:00",,,,"K172421001","K1724210",1
376,"K1764020","ST GRATIEN","La Canne",700.3200000000001,2213.5,,181.8,"S","117210",1.93,0.056,24,28,31,"K1764020",,"02/10/03 00:00:00","00",,,20276,"02/25/16 15:05:00",,,,"K176401002","K1764040",1
377,"K1753110","CERCY LA TOUR","L'Alène",,,,338,"S","117210",4.42,0.34,43,52,57,"K1753110",,"02/10/03 00:00:00","00",,,19980,"02/25/16 15:04:00",,,,"K175311001","K1753110",1
378,"F4560420","SACLAS","LA JUINE",,,,,"S","430450",1.13,0.9350000000000001,2.2,2.64,2.93,"F4560420","MISE A JOUR DEBITS CARACTERISTIQUES LE 02/05/2025.",,"00","SACLAS",,,"05/02/25 10:10:00","03/07/14 11:26:00",,,"F456042001","F4560420",1
379,"K0463010","MONISTROL-SUR-LOIRE [PONT DE LIGNON]","LIGNON DU VELAY",790.223,6462.597,,711,"S","430450",,,,,,"K0463010","Coordonnées en lambert 93","12/21/15 10:17:00","00","MONISTROL SUR LOIRE","43137",33911,"11/08/24 12:32:00","02/05/14 15:30:00",,,"K046301002","K0463010",
380,"K6063010","REZAY","La Sinaize",637.357,6619.5,,157.5,"S","430450",0.671,0.04,8.01,13.3,16.8,"K6063010","Avant la pose de l'échelle, un repère jaune a été marqué sur la rembarde en amont, rive droite.
Installation d'une échelle en novembre 2015 sur la culée, amont rive droite.

Mise à jour Débit caractéristiques le 24/04/2025","12/23/15 11:39:00","00","REZAY","18193",,"04/24/25 11:15:00","02/10/14 16:40:00",,50,"K606301001","K6063010",1
381,"K4373110","SANDILLON (FERME DE LOUY)","le Dhuy",,,,,"S","430450",0.507,0.005,6.73,12.2,15.9,"K4373110","station crée janvier 2014

Mise à jour Débit caractéristiques le 24/04/2025",,"10",,,9397,"04/24/25 11:12:00","04/04/14 11:51:00",,,"K437311001","K4373110",1
382,"K1084020","BENISSON DIEU","la teyssonne",780386,6561712,,,"S","430450",0.843,0.029,14.3,21.3,26,"K1084020","Mise à jour des débits caractéristiques le 02/05/2025",,,,,,"05/02/25 15:14:00","06/05/14 15:46:00",,,"K108402001","K1084020",1
383,"H0000000","CHATEAU LANDON [JP]","fuzain",,,,,"V","430450",,,,,,"H000000","Jaugeages ponctuels",,,,,,"04/02/25 14:16:00","08/14/14 14:14:00",,,,,
384,"K1914510","FERMETE","L'Ixeure",,,,,"S","117210",,,,,,"K1914510",,,"00",,,,"02/25/16 15:07:00","09/11/14 14:21:00",,,"K191451001","K1914510",1
388,"K6373030","MENETREOL-SUR-SAULDRE","La Petite Sauldre",597.62,2271.89,,318,"S","430450",3.2,0.51,40.8,55.7,65.59999999999999,"MENETREOL","MENETREOL SUR SAULDRE:  la petite Sauldre

13/04/2015   Création d'une nouvelle station suite au déplacement de l'échelle.
                    Station située 15m à l'aval de la précédente.

MISE A JOUR DEBITS CARACTERISTIQUE LE 02/05/2025.",,,"MENETREOL-SUR-SAULDRE","18147",,"05/02/25 09:52:00","04/13/15 14:39:00",,,"K637302002","K6373020",1
389,"K0114030","CHADRON (COLEMPCE BAS)","LA GAZEILLE",773821,6428598,,,"S","430450",,,48.5,109,149,"K0114030",,,,,,69705,"04/19/25 10:34:00","06/11/15 14:39:00",,,"K011403001","K0114030",
390,"K2254010","SAUGUES","SEUGE",,,,,"S","430450",,,,,,"K2254010","Fourni par la DREAL auvergne pour corrélation de données",,"00",,,92700,"04/18/24 15:41:00","07/31/15 14:34:00",,,"K225401001","K2254010",
391,"K4466410","MER [HS]","Tronne",588.308,6733.611,,,"S","430450",,,,,,"K4466410","Jaugeages ponctuels
03/12/2013: installation d'une échelle limnimétrique à l'aplomb RG du pont, en projet d'installer une station hydrometrique (projet non abouti).","12/23/15 11:39:00",,,,,"04/18/25 08:33:00",,,,"K446641001","K4466410",1
392,"M1124812","MEE [LA MOTTERAYE]","Aigre",579.893,6765.845,,,"V","430450",,,,,,"M1124812",,"12/23/15 11:38:00",,"LE MEE","28241",,"12/23/15 11:38:00","09/01/11 15:38:00",,,,"M1124812",
395,"K0410310","TENCE [LEVEE MORIN]","LIGNON DU VELAY",800231,6449798,,,"S","430450",,,,,,"K0410310","Coordonnées en Lambert 93",,"00",,,,"03/23/16 15:43:00","03/23/16 15:41:00",,,"K041031001","K0410310",
396,"K4790000","LIGNY LE RIBAULT","Cosson",,,,,"S","430450",,,,,,"K4790000",,,,,,,"06/08/16 11:17:00","06/08/16 11:11:00",,,,,
397,"K6123110","MEUNET PLANCHES (HAUTEURS)","Théols",571.02,2204.139,,213,"S","430450",,,,,,"K6123110","Station hauteur mise en service le 28/11/2001, 1ère mesure de débit en 2016.
Station fortement influencée par un ouvrage en aval, en conséquence les courbes de tarage ne seront exploitables que pendant les périodes où l'ouvrage aval sera effacé",,"00","MEUNET PLANCHES","36121",14170,"05/09/19 16:31:00","12/08/17 16:45:00",10,,"K612311010","K6123110",1
399,"K0010010","RIEUTORD","LA LOIRE ",6408188,791441,,,"S","430450",,,,,,"K0010010",,"08/13/24 13:20:00","00",,,,"08/13/24 13:22:00","07/22/16 15:56:00",,,"K001872301","K0018723",
401,"K0910020","IGUERANDE ","LOIRE",,,,,"V","430450",,,,,,"K0910020",,,,,,,"09/11/17 16:49:00","09/11/17 16:49:00",,,,,
402,"K0980301","ST VINCENT DE BOISSET [J]","Rhins",736417,2114673,,460,"S","117210",,,,,,"K0980301",,,"00",,,,"03/14/25 12:33:00","10/13/17 08:54:00",,,,,
403,"K1353010","BLANZY","Bourbince",757491,2190857,,146,"S","117210",,,,,,"K1353010",,,"00",,,,"10/13/17 16:14:00","10/13/17 16:14:00",,,"K135301001","K1353010",1
404,"K1954010","POISEUX [POISSON]","Nièvre",669520,2237580,,224,"S","117210",,,,,,"K1954010",,,"00",,,,"10/13/17 16:17:00","10/13/17 16:17:00",,,"K195401001","K1954010",1
409,"K6123120","MEUNET-PLANCHES - STATION DEBITMETRIQUE","Théols",571.02,2204.139,,213,"S","430450",,,,,,"K6123120","Station débit mise en service le 03/10/2017, équipée d'un capteur IQ+ (SONTEK)","11/10/17 14:56:00","10","MEUNET PLANCHES","36121",14170,"07/13/23 14:31:00","06/08/16 11:14:00",,,"K612311011","K6123110",1
410,"K4843020","COULANGES(MOULIN JOUAN)","Cisse",517.1180000000001,2283.584,,515,"S","430450",1.51,0.335,,,,"K4843020","Cette station est placée à l'amont du pont au lieu-dit""Moulin Jouan"" en remplacement de celle qui était à l'aval du pont depuis l'aménagement d'un contrôle en IPN le 09/11/2017
le ""0"" de l'échelle est 20cm sous celui de l'ancienne échelle aval
20/08/2019: Nivellement de la cote débit nul : 0.07m

Mise à jour débits caractéristiques le 23/04/2025.
",,"00","COULANGES","41064",,"04/23/25 09:38:00","12/08/17 15:08:00",85,65,"K484000102","K4840001",1
411,"K7202620","ARDENTES (DÉBITS)","Indre",561.341,2193.637,,697,"S","430450",,,,,,"K7202620","Station débit mise en service le 16/11/2017, équipée d'un capteur IQ+ (SONTEK)",,"10","ARDENTES","36005",15517,"05/09/19 16:29:00","12/11/17 11:07:00",,,"K720261002","K7202610",1
412,"K0543020","APINAC","ANDRABLE ",,,,,"S","430450",,,,,,"K0543020",,,"00",,,,"01/13/22 08:42:00","07/22/16 09:47:00",,,"K054301201","K0543012",
413,"K4730000","LA FERTÉ ST AUBIN","le Cosson",569389,2302974,,221,"S","430450",,,,,,"LA CANNE","Mise à jour débits caractéristiques le 23/04/2025.
",,"10",,,,"04/23/25 09:25:00","03/12/18 15:55:00",,,"K473000101","K4730001",1
414,"K0340010","VOREY (CHAMBON DE VOREY)","LA LOIRE",,,,,"S","430450",,,,,,"K0340010",,,,,,51989,"05/15/24 14:30:00","01/06/17 14:40:00",,,"K034000101","K0340001",
415,"K6102420","ST BAUDEL [HS]","Arnon",587219,2205495,,,"S","430450",,,,,,"LES GOURS",,,"00","LOYE SUR ARNON","18130",,"04/02/25 17:36:00","09/07/18 16:12:00",,,"K610242001","K6102420",1
416,"K0760330","PONCINS (PRÉCIVET)","Le Vizezy",740327,2080139,,181,"S","430450",,,,,,"K0760330 ","La station présente les particularités suivantes:

1-Une instabilité hydraulique en raison  d'une capacité de remobilisation importante de son lit mineur très sableux sur tout le tronçon.

2- En cas de crue , le debit à Precivet se fait  d'abord par l' accroissement de la hauteur d'eau en non par la vitesse d'écoulement qui ""plafonne"".Cette observation a été faite lors jaugeage astreinte crue decembre 2021 sur station et pont amont confluence avec le Lignon.La différence altimétrique zéro Echelle Précivet et Poncins est de l'ordre de 11.40m permet exclure effet confluence ou influence aval  avec Poncins.En revanche sur tronçon station on a un fort méandrement et un lit majeur très en combré pouvant faire un frein à l'écoulement.

3-Lors etiage 2022 et ceux dés juin 2022 le vizezy a connu des variations de débits qui ne sont pas compatibles avec pluie de bassin.Influence extérieur probable en particulier canal Forez traversant cette zone humide ou on a des cultures avec irrigation et lacs stockage. La statistique d'étiage sur cette station est sans signification hydrologique.Cela a pour conséquence de comprommettre aussi la statistique d'étiage de Poncins Bourg en particulier sur des années historiquement sèches comme 2022.",,"00","PONCINS","42174",34400,"06/19/24 11:02:00","09/07/18 14:53:00",,,"K076331201","K0763312",
418,"K4190020","AUTRY-LE-CHATEL","LA NOTREURE",669173,6722711,,85,"S","430450",,,,,,"K4190002","1er jaugeage le 27/11/2018",,"00","AUTRY-LE-CHATEL","45016",,"01/25/19 14:53:00","12/17/18 15:29:00",,,"K419000201","K4190002",1
419,"K5730010","VOUZERON","LE BARANGEON",641469,6684348,,,"S","430450",,,,,,"K5730010","1er jaugeage le 08/03/2017","01/23/19 15:24:00","00","VOUZERON","18290",16618,"10/01/20 13:34:00","01/21/19 10:16:00",,,"K573000101","K5730001",1
420,"K1540030","VARENNES SUR TECHE","LA TECHE",747261,6581180,,51,"S","430450",,,,,,"K1540030","1er jaugeage le 04/ 09/ 2018",,"00","VARENNES SUR TECHE","45016",,"01/22/19 16:30:00","01/21/19 10:42:00",,,"K154000301","K1540003",1
422,"K6173120","SAINTE-LIZAIGNE [HAUTEURS]","La Théols",626.086,6656.632,,782,"S","430450",,,,,,"K6173120","Cette station est située sur la commune de STE LIZAIGNE au lieu-dit . Pont RD34


","12/23/15 11:40:00","00",,,,"05/09/19 17:28:00",,,,"K617313002","K6173130",1
423,"K7522630","MONTS (HAUTEURS)","INDRE",520.706,6689.13,,,"S","430450",16.6,2.45,101,160,199,"K7522630","Mise à jour des débits caractéristiques le 17/04/2025","05/07/02 00:00:00","00",,,4426,"04/18/25 07:54:00",,,,"K752262011","K7522620",1
424,"K0580010","UNIEUX [LE PERTUISET]","L'ONDAINE",797940,6479572,,,"S","430450",,,,,,"K0580010","coordonnées en lambert 93",,"00",,,,"07/09/20 18:43:00","08/09/19 12:05:00",,,"K058000101","K0580001",
425,"K1370030","OUDRY","Oudrache",,,,,"S","430450",,,,,,"OUDRY",,,"00",,,,"02/12/21 09:29:00","11/05/19 15:37:00",,,"K137000301","K1370003",1
426,"K1130020","MORNAY","Arconce",,,,,"S","430450",,,,,,"K1130020",,,"00",,,,"02/09/21 07:54:00","11/05/19 15:39:00",,,"K113000201","K1130002",1
427,"K4300010","CHÂTEAUNEUF-SUR-LOIRE [HS]","Loire",,,,36418,"S","430450",,,,,,"K4300010","Station Hauteur seule mais présence de jaugeages ponctuels ou d'estimation de débits en fonction de jaugeage de Giens-Aval",,"00",,,10262,"04/17/25 17:22:00","01/07/20 07:45:00",,,"K430001010","K4300010",1
428,"K4670010","CELLETTES-CLÉNORD","Beuvron",581.173,6715.871,,1102,"S","430450",5.89,0.318,,,,"K4670010","07/01/2020 - 1ère mesure de débit avec repère au tablier du pont
04/03/2020 - Vu avec un riverain la cote maxi observée lors de crue en Juin 2016. La cote maxi observée et notée sur un papier était de 2.90m le 03/06/2016. Des cotes sur les jours précédents et suivants ont été notées sur la carnet de jaugeage du 04/03/2020
09/07/2020 - Nivellement du repère palplanche dans la passe centrale- il est à la cote -0.49m du ""0"" de l'échelle
Le 12/10/2021  Instalation de la station (échelle, lns et IQ+)

Mise à jour débits caractéristiques le 23/04/2025.
",,"00","CELLETTES","41031",,"04/23/25 09:21:00","01/10/20 09:03:00",80,,"K467000101","K4670001",1
429,"K0433030","LA CHAPELETTE","LIGNON DU VELAY",,,,,"S","430450",,,,,,"K0433030","Loi de seuil (déversement du seuil à 1800)",,"00",,,,"01/03/20 16:34:00","01/03/20 16:34:00",,,,,
430,"K7226510","SAINT GENOU (L'AUNEAU)","Cité",527.273,2215.534,,99.080002,"S","430450",,,,,,"K7226510","station crée dans la phyc le 20/01/2020 et dans Hydro II le 20/02/2020",,"00","SAINT GENOU","36194",,"02/20/20 16:06:00","01/20/20 16:34:00",,,"K722261201","K7222612",1
431,"K5440020","FAVERDINES","La Loubiéres",,,,,"S","430450",,,,,,"FAVERDINES","17/04/2025 La mise à jour Débits caractéristiques n'a pu être effectuée. Pas de statistiques sur hydroportail.",,"10",,,,"04/17/25 10:00:00","02/12/20 16:47:00",,,"K544000201","K5440002",1
432,"K6520020","DUN-LE-POËLIER","Fouzon",555.971,2245.135,,257,"S","430450",,,,,,"K6520020","1ère mesure de débit le 19/02/2020
En attente d'être appareillé",,"00","DUN-LE-POËLIER","36068",,"02/20/20 16:17:00","02/20/20 16:17:00",,,"K652000201","K6520002",1
433,"K6580010","POULAINES [BARZELLE]","Nahon",544.2569999999999,2242.245,,285,"S","430450",,,,,,"K6580010","1ère mesure de débit le 19/02/2020
Mise en service le 14/04/2021 12:00",,"00","POULAINES","36162",,"04/15/21 11:32:00","02/20/20 16:20:00",170,,"K658000101","K6580001",1
434,"K4180040","GIEN - NOUVEAU PONT","Loire",,,,35500,"S","430450",323,58,1510,2050,2410,"K4180040","Mise à jour débits caractéristiques le 23/04/2025.
","03/04/21 12:00:00","00",,,,"04/23/25 07:57:00","12/15/20 13:55:00",,,"K418001022","K4180010",1
435,"K5480920","SAINT-FLORENT-SUR-CHER","Cher",,,,,"S","430450",,,,,,"K5480920",,,,,,,"02/05/21 10:17:00","02/05/21 10:16:00",,,"K548092010","K5480920",1
436,"K2316210","AUBAZAT","CRONCE",686632,2016.32,,130,"S","118631",1.21,0.08699999999999999,11.4,17.5,21.6,"K2316210","MISE A JOUR DEBITS CARACTERISTIQUE LE 08/04/2025","07/05/04 00:00:00","00",,,48300,"04/08/25 10:36:00",,,,"K231621001","K2316210",1
437,"K2714010","BEAUREGARD ANCIENNE [HS]","JAURON",673120,2091050,,124,"S","118631",0.741,0.061,16,26,33,"K2714010","K271401001 K271 4010 01 - Le Jauron à Beauregard-l'Évêque [Saint-Aventin] - Ancienne 1967-2024
Mise hors service le 11/07/2024 à 08:00, remplacée par la station K271 4010 02 - Le Jauron à Beauregard-l'Évêque [Saint-Aventin] - Amont pont -","07/05/04 00:00:00","00","BEAUREGARD L EVEQUE","034",30500,"02/28/25 10:15:00",,,,"K271401001","K2714010",1
438,"K2534010","BOUSSELORGUES","ARCUEIL",666550,2027.21,,108,"S","118631",0.966,0.025,10,15.8,19.6,"K2534010","MISE A JOUR DEBITS CARACTERISTIQUE LE 08/04/2025","06/08/05 00:00:00","00",,,54500,"04/08/25 10:42:00",,,,"K253401001","K2534010",1
439,"K2283110","CHANTEUGES","DESGES",694242,2008684,,139,"S","118631",1.66,0.255,12.1,19.5,24.5,"K2283110","Code station Hydro3 (PhyC)
K2283110 01 Station fermée : La Cambuse - Amont Pont SNCF 01/06/1966 -> 14/04/1992
K2283110 02 Station active : Bourg de Chanteuges 14/04/1992 -> 

Changement échelle limni le 11/10/2016 9:30 (zéro échelle +10cm/ à l’ancienne échelle) 
MISE A JOUR DEBITS CARACTERISTIQUE LE 08/04/2025","03/21/17 10:03:00","00",,,,"04/08/25 10:49:00",,,,"K228311002","K2283110",1
440,"K2365510","COUTEUGES [HS]","LIDENNE",691740,2023180,,46.200001,"S","118631",0.227,0.014,6.2,9.9,12,"K2365510","Fermeture station le 08/07/2018 suite à travaux pont scnf. ","07/05/04 00:00:00","00",,,,"02/28/25 11:49:00",,,,"K236551001","K2365510",
441,"K2644010","MANGLIEU","AILLOUX",678500,2068.63,,73.199997,"S","118631",0.595,0.043,10.5,18.2,23.3,"K2644010","mis à jour le 08/03/2025","07/05/04 00:00:00","00",,,43700,"04/08/25 10:48:00",,,,"K264401001","K2644010",1
442,"K2544010","MASSIAC [HS]","ALLAGNONETTE",667590,2028.36,,66.199997,"S","118631",0.5679999999999999,0.008999999999999999,7.2,12,14,"K2544010","Fermeture au 01/01/2020 suite à l'Audit SCHAPI. ","08/29/05 00:00:00","00",,,54900,"02/28/25 09:51:00",,,,"K254401001","K2544010",1
443,"K2266210","VISSAC - PONT CD590 [HS]","FIOULE",,,,,"S","118631",0.207,,,,,"K2266210","Mise hors service le 01/07/2010 00:00","02/17/25 17:33:00","00",,,75000,"02/28/25 11:14:00",,,,"K226621001","K2266210",1
444,"K2383110","DOMEYRAT","DOULON",692230,2028600,,138,"S","118631",1.1,0.107,13.8,22.9,29,"K2383110","INSTALLE 07/2000

MISE A JOUR DEBITS CARACTERISTIQUE LE 08/04/2025","07/05/04 00:00:00","00",,,49100,"04/08/25 10:53:00",,,,"K238311001","K2383110",1
445,"K2623010","MADRIAT","COUZE D ARDES",666.721,2048.214,987.4,117,"S","118631",1.38,0.142,17,29.1,37.1,"K2623010","144466  Hydrosens   26-07-2000
Opale  le 11-02-04
Mise en place nlle echelle 05-01-2004
mis à jour le 08/03/2025","07/05/04 00:00:00","00",,,46600,"04/08/25 10:36:00",,,,"K262301001","K2623010",1
446,"K2514010","JOURSAC - PONT DU VERNET ","ALLANCHE",650980,2015520,,99,"S","118631",2.82,0.508,22.7,33.8,41.2,"K2514010","MISE A JOUR DEBITS CARACTERISTIQUE LE 08/04/2025","08/29/05 00:00:00","00",,,74600,"04/08/25 11:01:00",,,,"K251401001","K2514010",1
447,"K2514020","ALLANCHE","ALLANCHE",646900,2025600,,63.700001,"S","118631",1.35,0.2,13.8,20.3,24.6,"K2514020","03/02/2016 Integration à toutes les CT de l'extrapolation au-delà de 150 cm d'après l'étude du Cerema - Labo de Blois (2014) par modélisation hydraulique (Hec Ras) - JNA/JPF

MISE A JOUR DEBITS CARACTERISTIQUE LE 08/04/2025
","07/05/04 00:00:00","00",,,96000,"04/08/25 10:30:00",,,,"K251402001","K2514020",1
448,"K2674040","CHAMBON AVAL LAC","COUZE CHAMBON",644650,2063390,,36,"S","118631",1.21,0.341,7.25,10.7,13,"K2674040","Code station HYDRO3 (PhyC)
K267404001 Station fermée = Passerelle 01/01/1992->22/09/2009
K267404002 Station active = Pont accès camping 22/09/2009->
mis à jour le 08/03/2025","09/06/16 12:25:00","00",,,,"04/08/25 10:59:00",,,,"K267404002","K2674040",1
449,"P0304010","SEGUR LES VILLAS [LA CARRIERE]","SANTOIRE",638471,2021509,,58,"S","118631",2.22,0.13,30,46,57,"P0304010",,"07/05/04 00:00:00","00",,,102300,"07/16/18 10:25:00",,,,"P030401001","P0304010",1
451,"P1744010","AURILLAC - PASSERELLE RIOTTE","JORDANNE",,,,105,"S","118631",4.35,0.22,52,70,82,"P1744010","P1744010 01 Ladoux = fermée 01/10/1970 00:00 -> 28/11/1985 00:00
P1744010 02 Claire Vivre = fermée :  26/11/1992 00:00 -> 02/04/1999 00:00
P1744010 03 Passerelle Paul Riotte 19/09/2001 10:50 -> ","06/08/05 00:00:00","00",,,62000,"02/28/25 11:00:00",,,,"P174401003","P1744010",1
452,"K2593010","LEMPDES [HS]","ALLAGNON",672570,2043260,,984,"S","118631",11.7,1.3,110,160,190,"K2593010","10/02/2025 13:40 Fermeture au profit de la station Lempdes passerelle + Béal ","03/14/16 14:55:00","00",,,,"02/27/25 16:35:00",,,,"K259301001","K2593010",1
453,"K2654010","ST FLORET","COUZE PAVIN",660140,2061410,,216,"S","118631",4.48,0.847,34,47,55.5,"COUZE PAVI","mis à jour le 08/03/2025",,"00",,,,"04/08/25 10:52:00",,,,"K265401001","K2654010",1
454,"K2871910","ST GERVAIS SOUS MEYMONT [GIROUX-DORE]","DORE",697980,2077880,,800,"S","118631",10.9,1.2,81,110,130,"GIROUXDORE",,,"00","ST GERVAIS SOUS MEYMONT",,,"02/28/25 11:57:00",,,,"K287191001","K2871910",1
455,"K3222010","PONTGIBAUD","SIOULE",639380,2092790,,353,"S","118631",6.03,1.19,47.5,69.40000000000001,84,"K3222010","débits caractéristiques modifiés le 07/04/25","01/24/08 15:05:00","00",,,,"04/07/25 13:36:00",,,,"K322201001","K3222010",1
456,"K3373010","CHAREIL-CINTRAT","BOUBLE",668660,2140650,,555,"S","118631",3.66,0.08500000000000001,69.8,116,146,"K3373010","débits caractéristiques modifiés le 07/04/25","01/29/08 16:02:00","00",,,,"04/07/25 13:44:00",,,,"K337301001","K3373010",1
457,"K3382010","ST POURCAIN","SIOULE",673.9400000000001,2145.91,,2460,"S","118631",21.7,3.05,152,242,301,"K3382010","Mise en service retenue de BESSERVE = novembre 1968
Code hydro3
K3382010 01 Sioule à St Pourçain (station active) 04/07/1985 ->
K3382010 02 Sioule à St Pourçain [La Moutte] fermée (ancienne station hydro2 K3382005) 07/07/1966 -> 05/07/1985
K3382010 03 sioule à St Pourçain [Auberge des Aubrelles] 04/03/2021
débits caractéristiques modifiés le 07/04/25
","01/24/08 15:30:00","00","SAINT POURÇAIN",,23274,"04/07/25 13:47:00",,,,"K338201001","K3382010",1
458,"P0010010","ST SAUVES","DORDOGNE",627294,2067110,,87,"S","118631",3.56,0.96,35,50,60,"P0010010",,"07/05/04 00:00:00","00",,,78000,"02/28/25 10:50:00",,,,"P001001001","P0010010",1
459,"P0115010","LA TOUR  D AUVERGNE","BURANDE",628180,2058880,,20.4,"S","118631",0.9360000000000001,0.22,14,20,23,"P0115010",,"07/05/04 00:00:00","00",,,90500,"02/28/25 11:58:00",,,,"P011501001","P0115010",1
460,"P0272510","CONDAT","RHUE",633380.8,2037683.9,,187,"S","118631",5.61,0.64,75,110,130,"P0272510","P027251001 station Echelle rive droite du   / /   au 31/10/2017 16:40
P027251002 station Echelle rive gauche à partir du 31/10/2017 16:40","07/05/04 00:00:00","00",,,70600,"02/28/25 12:02:00",,,,"P027251002","P0272510",1
461,"P0885010","BASSIGNAC [VENDES]","MARS",604170,2032955,,117,"S","118631",3.7,0.22,52,74,88,"P0885010",,"08/29/05 00:00:00","00",,,36600,"07/16/18 10:57:00",,,,"P088501001","P0885010",1
462,"P1712910","COMBLAT LE CHATEAU","CERE",621950,1996100,,88,"S","118631",4.09,0.3,62,83,96,"P1712910",,"06/08/05 00:00:00","00",,,65000,"09/01/16 15:52:00",,,,"P171291001","P1712910",1
463,"P1422510","ST EULALIE","MARONNE",602880,2012730,,112,"S","118631",4.11,0.26,50,72,87,"P1422510",,"06/08/05 00:00:00","00",,,59500,"10/05/16 10:48:00",,,,"P142251001","P1422510",1
464,"P0212510","EGLISENEUVE D ENTRAIGUES","RHUE",638570,2045521,,40,"S","118631",1.62,0.22,19,26,31,"P0212510",,"07/05/04 00:00:00","00",,,94000,"02/28/25 11:59:00",,,,"P021251001","P0212510",1
465,"P0804010","CHEYRANGE [HS]","SUMENE",619240,2036000,,53,"S","118631",1.72,0.25,19,26,32,"P0804010","P080 4010 01 - La Sumène à Saint-Étienne-de-Chomeil [Cheyrange]
Mise hors service le 04/05/2001 00:00","05/18/00 00:00:00","00",,,,"02/28/25 10:54:00",,,,"P080401001","P0804010",1
466,"K2674030","CHAMBON AMONT LAC [HS]","COUZE CHAMBON",646330,2063590,,31.5,"S","118631",1.17,0.311,13.4,21,26,"K2674030","Mise hors service en 2025
mis à jour le 08/03/2025","08/08/05 00:00:00","00",,,,"04/08/25 11:01:00",,,,"K267403001","K2674030",1
467,"K2724210","CLERMONT - CROUEL","ARTIERE",662750,2086720,,43,"S","118631",0.244,0.068,4.8,5.6,6.2,"K2724010",,"08/25/99 00:00:00","00","CLERMONT-FERRAND",,,"02/28/25 12:00:00",,,,"K272421001","K2724210",1
468,"K2724220","AULNAT [HS]","ARTIERE",665100,2088750,,61,"S","118631",1.18,0.52,26,32,35,"K2724220","Station hauteur seule depuis le 01/01/2014 (impossibilité de ternir une courbe de tarage correcte)
Mise hors service le 01/01/2015 00:00. ","06/08/05 00:00:00","00",,,,"02/28/25 12:04:00",,,,"K272422001","K2724220",1
469,"K2753010","MONTCEL","MORGE",655785,2114057.4,,117,"S","118631",0.975,0.066,8.460000000000001,13.9,17.5,"K2753010","K275301001 station aval pont en service jusqu'au 24/11/2017 14:00
K275301002 station amont pont mise en service le 24/11/2017 14:00
débits caractéristiques modifiés le 07/04/25","06/19/98 00:00:00","00",,,,"04/07/25 11:43:00",,,,"K275301002","K2753010",1
470,"K2756110","ST HILAIRE - MOULIN JOSSE [HS]","SEP",653825.1,2114500,,27,"S","118631",0.165,0.006,2,3.41,4.34,"K2756110","Mise hors service en 2025
débits caractéristiques modifiés le 07/04/25","06/08/05 00:00:00","00",,,,"04/07/25 12:05:00",,,,"K275611001","K2756110",1
471,"K2774010","BEAUNIT [HS]","AMBENE",649500,2100200,,7.5999999,"S","118631",0.082,0.01,0.76,1.1,1.3,"K2774010","COMMUNE DE CHARBONNIERE LES VARENNE
06/11/2018 00:00 Arrêtée suite à audit station Schapi (section devenue instable suite à l’aménagement d'abreuvoir à bovins)","12/11/01 00:00:00","00",,,,"02/28/25 10:28:00",,,,"K277401001","K2774010",
472,"K2778010","ST GENES L ENFANT","Le Saint Genes",656700,2097800,,0,"S","118631",0.124,0.029,0.317,0.51,0.637,"K2778010","débits caractéristiques modifiés le 07/04/25","06/08/05 00:00:00","00",,,,"04/07/25 12:04:00",,,,"K277801002","K2778010",1
473,"K2783010","MARINGUES - COTE ROUGE ","MORGE",675860,2101530,,713,"S","118631",4,1.1,28,38,45,"K2783010",,,"00",,,,"02/28/25 11:10:00",,,,"K278301001","K2783010",1
474,"K2784510","MARINGUES [HS]","ANDOUX",676700,2102900,,60,"S","118631",,,,,,"K2784510","Mise hors service le 01/09/1986 00:00","06/08/05 00:00:00","00",,,,"02/28/25 10:36:00",,,,"K278451001","K2784510",
475,"K3053100","FERRIERES SUR SICHON","SICHON",701350,2114560.1,,27,"S","118631",0.5659999999999999,0.067,7.7,11,13,"K3053100",,"01/28/08 14:48:00","00",,,,"07/04/18 11:01:00",,,,"K305310001","K3053100",1
476,"K3074010","CUSSET","JOLAN",686295.3,2126934.8,,56,"S","118631",0.621,0.008999999999999999,9.5,15,18,"K3074010",,"01/28/08 15:18:00","00",,,,"08/18/17 09:11:00",,,,"K307401001","K3074010",1
477,"K3153010","LORIGES  D1","ANDELOT",677320,2141600,,210,"S","118631",0.918,0.16,8.67,13.1,16.1,"K3153010","débits caractéristiques modifiés le 07/04/25","01/28/08 16:34:00","00",,,,"04/07/25 13:28:00",,,,"K315301001","K3153010",1
478,"K3264010","PONTAUMUR","SAUNADE",626240,2096860,,112,"S","118631",1.17,0.08500000000000001,9.99,13.7,16.2,"K3264010","K326401001: Station ""canal"" sous le pont, en service jusqu'au 20/09/2017 00:00
K326401002: Station en aval du pont rive gauche, sur le mur de soutènement, mise en service le 20/09/2017 00:00
débits caractéristiques modifiés le 07/04/25","01/28/08 17:08:00","00",,,,"04/07/25 13:38:00",,,,"K326401002","K3264010",1
479,"K3533010","VIEUX CHEVAL [HS]","BURGE",661250.1,2181520,,71.800003,"S","118631",0.412,0.023,13,19,23,"K3533010","Mise hors service le 14/11/2018 00:01 ","01/29/08 15:56:00","00",,,,"02/27/25 17:44:00",,,,"K353301001","K3533010",
480,"K3603010","POUZY MESANGY RD1 ANCIENNE [HS]","BIEUDRE",651170,2189910,,143,"S","118631",0.86,0.038,25,37,45,"K3603010",,"01/29/08 15:41:00","00",,,,"02/28/25 09:22:00",,,,"K360301001","K3603010",1
481,"K3206010","CEYSSAT","Le ruisseau de Ceyssat",643359.9,2084716.3,,10.3,"S","118631",0.243,0.149,0.385,0.516,0.602,"K3206010","Code station HYDRO3 (PhyC)
K3206010 01 Moulin = fermée : 01/03/1971 -> 30/05/2012 
K3206010 02 Amont pont = 30/05/2012  ->   
débits caractéristiques modifiés le 07/04/25","01/28/08 16:59:00","00",,,,"04/07/25 13:30:00",,,,"K320601002","K3206010",1
482,"K3374710","FOURILLES [HS]","BOUBLON LAGEES",666500,2138550,,71.400002,"S","118631",0.271,0.012,5.65,10,12.9,"K3374710","07/02/2025 14:00 Fermeture station suite à l'audit SCHAPI.
débits caractéristiques modifiés le 07/04/25","01/28/08 16:40:00","00",,,,"04/07/25 13:45:00",,,,"K337471001","K3374710",1
484,"P1834010","YTRAC - PONT LE VERT","AUTHRE",599170,1990870,993.9299999999999,143,"S","118631",3.05,0.23,36,49,57,"P1834010",,"08/29/05 00:00:00","00",,,54400,"02/28/25 11:03:00",,,,"P183401001","P1834010",1
485,"P0555010","RIOM ES MONTAGNE","VERONNE",625747,2031869,996.0599999999999,44,"S","118631",1.27,0.07099999999999999,17,23,28,"P0555010",,"01/29/16 11:42:00","00",,,83700,"03/28/19 14:52:00",,,,"P055501001","P0555010",1
486,"K2698210","LA ROCHE BLANCHE","AUZON",660.965,2077.63,989.09,85,"S","118631",0.241,0.11,1.8,3,3.8,"K2698210",,"07/05/04 00:00:00","00","LA ROCHE BLANCHE",,41500,"02/28/25 11:55:00",,,,"K269821001","K2698210",1
487,"K2623020","MADRIAT2","COUZE D ARDES DERIV",,,,,"S","118631",0.184,0.026,1.25,1.58,1.8,"K2623820",,"06/08/05 00:00:00","00",,,,"04/08/25 10:40:00",,,,"K262302001","K2623020",1
488,"K3464010","NEUVY MOULINS","QUEUNE",,,,109,"S","118631",0.603,0.027,10.2,15.5,19,"K3464010","Mise à jour des débits caractéristiques le 02/05/2025","01/29/08 15:25:00","00",,,,"05/02/25 15:24:00",,,,"K346401001","K3464010",1
489,"K3060310","ML VIDOT","SICHON",,,,159,"S","118631",2.29,0.17,27,40,48,"K3060310",,"01/28/08 15:13:00","00",,,,"07/07/17 12:05:00",,,,"K306031001","K3060310",1
490,"K2994010","PUY GUILLAUME","CREDOGNE",,,,74.5,"S","118631",1.12,0.09,11,17,21,"K2994010",,"01/28/08 12:55:00","00","PUY GUILLAUME",,,"02/28/25 11:58:00",,,,"K299401001","K2994010",1
491,"K2424010","COHADE RN102 [HS]","VENDAGE",680690,2039680,997.5,51.5,"S","118631",,,,,,"K2424010","INSTALLE 12/97

OTT 132599  07-2000
","09/28/04 00:00:00","00",,,,"02/28/25 09:49:00",,,,"K242401001","K2424010",
492,"P0885020","LE FALGOUX CAMPING","MARS",622410,2017150,,20.5,"S","118631",1.08,0.089,14,20,24,"P0885020",,"06/08/05 00:00:00","00",,,89500,"07/20/16 10:56:00",,,,"P088502001","P0885020",1
493,"K2373110","ST VERT","DOULON",693580,2041930,,38.799999,"S","118631",0.405,0.051,4.28,6.59,8.109999999999999,"K2373110","INSTALLE 10/97
MISE A JOUR DEBITS CARACTERISTIQUE LE 08/04/2025","07/05/04 00:00:00","00",,,76000,"04/08/25 11:20:00",,,,"K237311001","K2373110",1
494,"K2335510","ST JUST PRES BRIOUDE -LE MAS","LE CEROUX",679440,2027570,,82,"S","118631",0.521,0.006,6.1,11,14.2,"K2335510","12/97
132614 ott HYDROSENS
MISE A JOUR DEBITS CARACTERISTIQUE LE 08/04/2025","07/05/04 00:00:00","00",,,53900,"04/08/25 11:16:00",,,,"K233551001","K2335510",1
495,"K2763110","CEBAZAT","BEDAT",660175,2091975,,41,"S","118631",0.356,0.12,5.2,7.2,8.5,"K2763110",,"06/02/05 00:00:00","00",,,,"12/09/20 09:39:00","01/01/00 00:00:00",,,"K276311001","K2763110",1
497,"K2773120","ST LAURE","BEDAT",,,,,"S","118631",1.85,0.68,25,32,36,"K2773120","INSTALLATION  LE  08 MARS  2000","03/13/00 00:00:00","00",,,,"02/28/25 10:27:00",,,,"K277312001","K2773120",1
498,"K2774020","ENNEZAT [HS]","AMBENE",,,,,"S","118631",0.72,0.18,7.6,12,14,"K2774020","INSTALLATION LE 07/03/2000    
FRANCETELECOM   LE 21/03/2000
1er JAUGEAGE LE 21/03/2000
Mise hors service en 2025","03/22/00 00:00:00","10",,,,"02/28/25 10:30:00",,,,"K277402001","K2774020",1
499,"K3553010","AUBIGNY [HS]","BURGE",662050,2187510,,225,"S","118631",0.995,0.054,20,30,37,"K3553010","Station mise hors service le 01/03/2023 00:00","01/29/08 15:49:00","00",,,,"02/27/25 17:42:00",,,,"K355301001","K3553010",1
500,"K2223020","CHAMBONNET [HS]","ANCE du SUD",,,,80,"S","118631",1.19,0.16,9,12,15,"K2223020",,"07/05/04 00:00:00","00",,,,"03/14/25 12:39:00",,,,"K222302001","K2223020",
501,"K2226010","PANIS [HS]","RU du PANIS",,,,70,"S","118631",0.7,0.066,7.5,11,13,"K2226010",,"07/05/04 00:00:00","10",,,85700,"03/14/25 12:39:00",,,,"K222601001","K2226010",
503,"P1034010","BRAGEAC-MAISON FORESTIÉRE [HS]","AUZE",591384,202355,,155,"S","118631",1.31,0.14,45,75,94,"P1034010","BRAGEAC-MAISON FORESTIÉRE MIERS = P103 4010 - L'Auze à Brageac [Le Pestre]
Mise hors service le 03/07/2017 00:00","06/08/05 00:00:00","00",,,49000,"02/28/25 10:57:00",,,,"P103401001","P1034010",1
504,"P0814020","ANTIGNAC","SUMENE",616675,2037825,,71.5,"S","118631",1.89,0.21,22,34,42,"P0814020",,"06/08/05 00:00:00","00",,,50000,"08/24/18 15:18:00",,,,"P081402001","P0814020",1
505,"P1780510","ST MAMET - CD 48","ROANNES",602000,1984725,,45.5,"S","118631",1.36,0.11,18,27,33,"P1780510",,"08/29/05 00:00:00","00",,,56500,"02/28/25 11:04:00",,,,"P178051001","P1780510",1
506,"P1780810","ST MAMET - STATION POMPAGE AEP [HS]","FAUGRAND",601925,1984475,,4.5,"S","118631",0.08400000000000001,,,,,"P1780810",,"06/08/05 00:00:00","00",,,58000,"02/28/25 11:05:00",,,,"P178081001","P1780810",
507,"P0524010","MARCHASTEL","PETITE RHUE",,,,75.5,"S","118631",2.17,0.08699999999999999,39,58,70,"P0524010",,"06/08/05 00:00:00","00",,,81400,"11/26/18 15:45:00",,,,"P052401001","P0524010",1
509,"P1454010","ST ILLIDE","BERTRANDE",,,,,"S","118631",3.5,0.2,41,58,69,"P1454010","P1454010 01 Ancienne échelle = fermée : 01/01/1932 -> 01/01/1970 station gérée par DRIREN Midi-Pyrénées
P1454010 02 Nouvelle échelle = station remise en service par DRIEN Auvergne10/10/2002 ->   ","06/08/05 00:00:00","00",,,45800,"02/28/25 11:00:00",,,,"P145401002","P1454010",1
512,"K2821910","DORE L EGLISE","DORE",,,,105,"S","118631",1.07,0.095,12,18,22,"K2821910",,,"00","DORE L'EGLISE",,,"02/28/25 11:56:00","08/22/06 10:29:00",,,"K282191001","K2821910",1
513,"K2834010","ST BONNET LE CHASTEL [MOULIN NEUF]","DOLORE",,,,70,"S","118631",1.13,0.15,13,19,24,"DOLORE",,"01/25/08 17:06:00","00","ST BONNET LE CHASTEL",,,"02/28/25 11:56:00","08/22/06 10:30:00",,,"K283401001","K2834010",1
514,"K2851910","AMBERT","DORE",,,,,"S","118631",4.87,0.41,44,61,73,"AMBERT",,,"00","AMBERT",,,"02/28/25 12:02:00","08/22/06 10:30:00",,,"K285191001","K2851910",1
515,"K2981910","DORAT","DORE",,,,1523,"S","118631",18.8,2.5,160,220,260,"K2981910",,"11/17/97 00:00:00","00",,,,"08/22/17 16:29:00",,,,"K298191001","K2981910",1
516,"K2944010","COURPIERE [LE SALET]","COUZON",,,,74.5,"S","118631",1.27,0.22,17,27,33,"K2944010",,"03/11/16 10:57:00","00","COURPIERE",,,"02/28/25 11:57:00",,,,"K294401001","K2944010",1
517,"K2884010","OLLIERGUES [GIROUX-FAYE]","FAYE",,,,72,"S","118631",1.6,0.32,15,21,25,"K2884010",,"01/28/08 11:49:00","00","OLLIERGUES",,,"02/28/25 11:57:00",,,,"K288401001","K2884010",1
518,"K2064010","LANGOGNE-PASSERELLE BOIS","LANGOUYROU",720.21,1970.49,,65,"S","118631",1.47,0.17,24,41,52,"K2064010","Code station Hydro3 (PhyC)
K2064010 01 station férmée Pont SNCF 01/01/1954 -> 14/03/2000
K2064010 02 station Passerelle bois 15/03/2000","01/25/08 14:31:00","00",,,90042,"04/18/24 15:32:00",,,,"K206401002","K2064010",
519,"K2134010","CHASTANIER","CLAMOUZE",712.45,1970.32,,50.5,"S","118631",0.721,0.013,10,16,19,"K2134010",,"01/25/08 15:39:00","00",,,107015,"04/18/24 15:37:00",,,,"K213401001","K2134010",
520,"K2163110","GRANDRIEU","GRANDRIEU",703.1,1977.27,,72.5,"S","118631",1.07,0.098,14,21,26,"K2163110",,"01/25/08 15:17:00","00",,,109400,"07/12/24 16:05:00",,140,120,"K216311001","K2163110",
521,"K2123010","PONT DU BAVES","CHAPEAUROUX",707.95,1964.19,,109,"S","118631",1.57,0.094,19,29,36,"K2123010","K2123010 01 Hermet
K2123010 02 Pont de Baves","01/25/08 16:04:00","00","PIERREFICHE",,,"02/08/21 09:21:00",,,,"K212301002","K2123010",
522,"K2523010","JOURSAC","ALAGNON",,,,310,"S","118631",6.32,0.93,60.8,89.40000000000001,108,"K2523010","MISE A JOUR DEBITS CARACTERISTIQUE LE 08/04/2025","11/21/97 00:00:00","00",,,,"04/08/25 10:57:00",,,,"K252301001","K2523010",1
523,"K2674010","CHAMPEIX","COUZE CHAMPEIX",,,,159,"S","118631",2.5,0.592,25.4,38.9,47.9,"K2674010","Gérée par la 4° CE (   - 31/12/1968), EDF (01/01/1970 - ) 
mis à jour le 08/03/2025
","11/17/97 00:00:00","00",,,,"04/08/25 10:56:00",,,,"K267401001","K2674010",1
524,"K2223030","ST PREJET D ALLIER [HS]","ANCE du SUD",,,,181,"S","118631",1.94,0.22,22,35,44,"K2223030","Observation faite après transfert station Saint préjet printemps 2022 après transfert Clermont-Le Puy

Fixation vegetation RD sur contrôle+colmatage ecoult entre pierres jusque centre rivière .En TBE  ecoult préferentiel se fait sur 1er tiers depuis RG ou controle en partie effondree.(cf photos dossier station lecteur reseau S)
Quand la retenue d'eau de Saint Prejet en aval station est pleine en période estivale, l'ecoulement se fait sur le dernier tiers depuis la RG ou le contrôle est en partie effondrée,le seuil finit par être noyé pour des hauteurs echelles inférieures à 35cm. En dessous de 35 cm environ le plan d'eau echelle et celui de la retenue d'eau finisse par coincider et la courbe de tarage ne devrait être plusq être univoque et l'hydrogramme non fiable via le Tarage.","11/21/97 00:00:00","00",,,,"03/14/25 12:40:00",,,,"K222303001","K2223030",
525,"K2234020","FREYCENET","VIRLANGE",,,,48.5,"S","430870",0.73,0.11,6.4,8.9,11,"K2234020",,"11/21/97 00:00:00","00",,,,"03/30/20 11:29:00",,,,"K223402001","K2234020",
526,"K2363020","SALZUIT","Senouire",,,,210,"S","118631",1.4,0.074,22.5,38.3,48.8,"SALZUIT","Code station Hydro3 (PhyC)
K2363020 01 station STEP fermée : 01/01/2001 -> 01/01/2012
K2363020 02 station pont RD641 active : 01/01/2012
MISE A JOUR DEBITS CARACTERISTIQUE LE 08/04/2025","09/08/16 11:18:00","00",,,,"04/08/25 11:10:00",,,,"K236302002","K2363020",1
527,"K2363010","PAULHAGUET [HS]","SENOUIRE",,,,155,"S","118631",1.5,0.13,20,33,42,"K2363010","Mise hors service en 2025","11/21/97 00:00:00","00",,,,"02/28/25 10:25:00",,,,"K236301001","K2363010",1
528,"K3273010","MIREMONT - LA PRUGNE","SIOULET",,,,472,"S","118631",5.67,0.387,48.1,72.8,89.09999999999999,"K3273010","débits caractéristiques modifiés le 07/04/25","01/29/08 16:16:00","00",,,,"04/07/25 13:40:00",,,,"K327301001","K3273010",1
529,"K3302010","CHATEAUNEUF LES BAINS","SIOULE",,,,1415,"S","118631",16.2,3.23,81.5,133,166,"K3302010","débits caractéristiques modifiés le 07/04/25","01/24/08 15:13:00","00",,,,"04/07/25 13:41:00",,,,"K330201001","K3302010",1
530,"K3322010","EBREUIL","SIOULE",,,,1648,"S","118631",19.4,2.87,95.3,152,190,"K3322010","débits caractéristiques modifiés le 07/04/25","01/24/08 15:19:00","00",,,,"04/07/25 13:42:00",,,,"K332201001","K3322010",1
545,"K3220210","GELLES (LA MIOUZE)","LA SIOULE",638.45,2085.16,,279.70001,"S","118631",4.25,0.875,36.3,47.6,55.1,"K3220210","débits caractéristiques modifiés le 07/04/25",,"00",,,,"04/07/25 13:34:00","12/03/09 09:50:00",,,"K322021001","K3220210",1
546,"K2630310","PARENTIGNAT","EAU-MERE",,,,,"S","118631",1.35,0.179,16.7,27,33.8,"EAU-MERE","mis à jour le 08/03/2025",,"00",,,,"04/08/25 10:45:00","12/14/09 14:40:00",,,"K263031001","K2630310",1
548,"K2970310","CELLES/DUROLLE [PONT DE CHAZEAU]","DUROLLE",700577,2097150,,116.5,"S","118631",,,,,,"DUROLLE",,"03/21/17 10:07:00","00","CELLES/DUROLLE",,56443,"02/28/25 11:58:00","02/09/10 10:07:00",,,"K297031001","K2970310",1
549,"K2767010","MARSAT","La Pâle",,,,,"S","118631",0.049,,,,,"K2767010","débits caractéristiques modifiés le 07/04/25",,"00",,,,"04/07/25 11:57:00","06/04/10 11:56:00",,,"K276701001","K2767010",1
550,"K2774710","ST GENES GARGOUILLOUX","Le Gargouilloux",,,,,"S","118631",0.015,0.003,0.031,0.045,0.054,"K2774710","débits caractéristiques modifiés le 07/04/25",,"00",,,,"04/07/25 11:59:00","06/04/10 11:57:00",,,"K277471001","K2774710",1
552,"P0610002","CHASTREIX","Fontaine salée",634513,2055223,,,"S","118631",,,,,,"CHASTREIX",,,"00",,,,"03/30/17 10:27:00","03/30/17 10:27:00",,,"P061000201","P0610002",1
553,"K2534012","MASSIAC RN 122","ALAGNON",,,,,"S","118631",,,,,,"RN",,,"00",,,,"07/19/18 16:27:00","01/10/18 14:59:00",,,"K253401201","K2534012",1
554,"K2593011","LEMPDES SNCF [HS]","ALAGNON",672670,2042839,,,"S","118631",,,,,,"K259301002","12/01/2025 13:40 Fermeture au profit de la station Lempdes passerelle + Béal ",,"00",,,,"02/27/25 15:23:00","07/19/18 15:37:00",,,"K259301002","K2593010",1
556,"K3330001","LOUROUX DE BOUBLE","Bouble",697144,6570313,,129,"S","118631",,,,,,"K3330001","Mise en service le 13/09/2020",,"00",,,,"03/03/21 14:49:00","01/25/19 09:51:00",,,"K333000101","K3330001",1
557,"K2654011","COUZE VALBELEIX","Couze Valbeleix",,,,62,"S","118631",,,,,,"K2654011",,,"00","VALBELEIX","63440",,"02/28/25 12:00:00","04/08/20 10:45:00",,,"K265401101","K2654011",1
558,"K2020001","ST ETIENNE DE LUGDARÈS","Masméjan",,,,,"S","118631",,,,,,"HUÉDOUR",,,,"ST ETIENNE DE LUGDARÈS",,,"04/10/20 17:21:00","04/10/20 17:17:00",,,"K202000101","K2020001",
559,"K2560001","BLESLE","SIANNE",714146,6468152,,111,"S","118631",,,,,,"K2560001","Crée sur site ayant déjà une échelle. ",,"00",,,,"09/22/20 09:57:00","09/22/20 09:36:00",,,"K256000101","K2560001",1
560,"K2064009","LANGOGNE - PONT SNCF (HS)","LANGOUYROU",,,,,"S","118631",,,,,,"K2064009","Code station Hydro3 (PhyC)
K2064010 01 station fermée Pont SNCF 01/01/1954 -> 15/03/2000
K2064010 02 station Passerelle bois 15/03/2000",,"00",,,,"02/28/25 11:52:00","12/09/20 11:33:00",,,"K206401001","K2064010",1
562,"K3603011","POUZY MESANGY RD234 NOUVELLE","Bieudre",,,,144,"S","118631",0.791,0.02,20.8,33.5,42,"K3603011","Mise à jour des débits caractéristiques le 02/05/2025",,"00",,,,"05/02/25 15:31:00","12/16/20 16:28:00",,,"K360301002","K3603010",1
563,"K2123009","HERMET [HS]","CHAPEAUROUX",,,,,"S","118631",,,,,,"K2123009","K2123010 01 Hermet
K2123010 02 Pont de Baves",,"00","CHATEAUNEUF DE RANDON",,,"11/23/21 15:32:00","02/08/21 09:21:00",,,"K212301001","K2123010",1
564,"K2753009","MONTCEL-CANAL [HS]","MORGE",655801,2114069,,418,"S","118631",,,,,,"K2753009","K275301001 station aval pont en service jusqu'au 24/11/2017 14:00
K275301002 station amont pont mise en service le 24/11/2017 14:00",,"00",,,,"02/28/25 10:24:00","02/12/21 12:30:00",,,"K275301001","K2753010",1
565,"K3382011","ST POURÇAIN - AUBRELLES [HS]","Sioule",,,,,"S","118631",,,,,,"K3382011","Mise en service retenue de BESSERVE = novembre 1968
Code hydro3
K3382010 01 Sioule à St Pourçain (station active) 04/07/1985 ->
K3382010 02 Sioule à St Pourçain [La Moutte] fermée (ancienne station hydro2 K3382005) 07/07/1966 -> 05/07/1985
K3382010 03 sioule à St Pourçain [Auberge des Aubrelles] 04/03/2021

Attention code Hydro2 K3382011",,"00","SAINT POURÇAIN",,,"02/28/25 11:07:00","04/12/21 17:54:00",,,"K338201003","K3382010",1
566,"K2674039","CHAMBON AVAL ANCIENNE [HS]","Couze chambon",,,,,"S","118631",,,,,,"K2674039","Code station HYDRO3 (PhyC)
K267404001 Station fermée = Passerelle 01/01/1992->22/09/2009
K267404002 Station active = Pont accès camping 22/09/2009->",,,,,,"02/28/25 10:12:00","10/18/21 10:09:00",,,"K267404001","K2674040",1
567,"K2283109","CHANTEUGES [HS]","DESGES",,,,,"S","118631",,,,,,"K2283109","Code station Hydro3 (PhyC)
K2283110 01 Station fermée : La Cambuse - Amont Pont SNCF 01/06/1966 -> 14/04/1992
K2283110 02 Station active : Bourg de Chanteuges 14/04/1992 -> 

Changement échelle limni le 11/10/2016 9:30 (zéro échelle +10cm/ à l’ancienne échelle) ",,"00",,,,"01/14/22 09:35:00","11/23/21 18:17:00",,,"K228311001","K2283110",1
568,"K2363019","SALZUIT [HS]","SENOUIRE",,,,,"S","118631",,,,,,"K2363019","Code station Hydro3 (PhyC)
K2363020 01 station STEP fermée : 01/01/2001 -> 01/01/2012
K2363020 02 station pont RD641 active : 01/01/2012",,"00",,,,"11/26/21 14:38:00","11/26/21 14:38:00",,,"K236302001","K2363020",1
569,"K1180020","DIGOIN-PONT D979B","Loire",,,,9315,"S","430450",86.3,11,650,971,1180,"K1180020"," Mise à jour Débits caractéristiques le 16/04/2025",,"00",,,,"04/16/25 15:07:00","02/02/22 10:42:00",,,"K118001011","K1180010",1
571,"K4810002","SAINT-RÈGLE","L'Amasse",,,,,"S","430450",,,,,,"K4810002","Mise à jour débits caractéristiques le 23/04/2025.
",,"00",,,,"04/23/25 09:30:00","02/03/22 07:53:00",,,"K481000201","K4810002",1
572,"K6322520","CONCRESSAULT","Sauldre",668446,6710162,,,"S","430450",,,,,,"K6322520",,,"22",,,,"02/04/22 08:02:00","02/04/22 08:02:00",,,"K632251101","K6322511",1
573,"K2778009","ST GENES L ENFANT [HS]","Le St Genes",,,,,"S","118631",,,,,,"K2778009","K277801001 = K2778009 01/02/1972 -> 30/11/2000
K277801002 = K2778010 01/12/2000 ->",,"00",,,,"01/21/22 17:07:00","01/21/22 17:03:00",,,"K277801001","K2778010",1
574,"P0272509","CONDAT ANCIENNE [HS]","RHUE",,,,,"S","118631",,,,,,"P0272509","P027251001 station Echelle rive droite du   / /   au 31/10/2017 16:40
P027251002 station Echelle rive gauche à partir du 31/10/2017 16:40",,"00",,,,"02/28/25 10:51:00","02/17/22 08:45:00",,,"P027251001","P0272510",1
575,"K3206009","CEYSSAT [HS]","Le ruisseau de Ceyssat [Ancienne]",,,,,"S","118631",,,,,,"K3206009","Code station HYDRO3 (PhyC)
K3206010 01 Moulin = fermée : 01/03/1971 -> 30/05/2012 
K3206010 02 Amont pont = 30/05/2012  ->   ",,"00",,,,"04/19/22 11:29:00","04/19/22 10:57:00",,,"K320601001","K3206010",1
576,"K3264009","PONTAUMUR [HS]","SAUNADE",,,,,"S","118631",,,,,,"K3264009","K326401001: Station ""canal"" sous le pont, en service jusqu'au 20/09/2017 00:00
K326401002: Station en aval du pont rive gauche, sur le mur de soutènement, mise en service le 20/09/2017 00:00",,"00",,,,"04/19/22 15:06:00","04/19/22 14:59:00",,,"K326401001","K3264010",1
578,"P1744008","AURILLAC - LADOUX [HS]","JORDANNE",,,,,"S","118631",,,,,,"P1744008","P1744010 01 Ladoux = fermée 01/10/1970 00:00 -> 28/11/1985 00:00
P1744010 02 Claire Vivre = fermée :  26/11/1992 00:00 -> 02/04/1999 00:00
P1744010 03 Passerelle Paul Riotte 19/09/2001 10:50 -> ",,"00",,,,"02/28/25 10:58:00","05/09/22 16:03:00",,,"P174401001","P1744010",1
579,"P1744009","AURILLAC - CLAIRE VIVRE [HS]","JORDANNE",,,,,"S","118631",,,,,,"P1744009","P1744010 01 Ladoux = fermée 01/10/1970 00:00 -> 28/11/1985 00:00
P1744010 02 Claire Vivre = fermée :  26/11/1992 00:00 -> 02/04/1999 00:00
P1744010 03 Passerelle Paul Riotte 19/09/2001 10:50 -> ",,"00",,,,"02/28/25 10:59:00","05/09/22 16:04:00",,,"P174401002","P1744010",1
580,"K2593013","LEMPDES-PASSERELLE","ALLAGNON",,,,,"S","118631",,,,,,,,,"00",,,,"05/26/23 15:36:00","05/26/23 15:36:00",,,"K259301301","K2593013",
581,"K2593014","LEMPDES- BIEF","ALLAGNON-BIEF",,,,,"S","118631",,,,,,,,,"00",,,,"05/26/23 15:39:00","05/26/23 15:38:00",,,"K259301401","K2593014",
582,"M1124820","ROMILLY-SUR-AIGRE [SAINT-CALAIS]","Aigre",573.54,6766.38,,276,"S","430450",1.48,0.47,3.7,6,7.5,"M1124820","Déplacement de l'échelle le 17 janvier 2023.","07/13/23 00:00:00","00","ROMILLY SUR AIGRE","28318",,"07/13/23 11:18:00","01/01/23 00:00:00",80,,"M112481002","M1124810",
583,"K4280013","SAINT-MARTIN-D’ABBAT - DÉBITMÉTRIQUE","La Bonnée",644.431,6750.208,,,"S","430450",,,,,,"K4280013",,,"10","SAINT-MARTIN-D'ABBAT","45290",,"07/13/23 14:18:00","07/13/23 14:17:00",,,"K428000302","K4280003",
584,"K5712320","FOECY - STATION DEBITMETRIQUE","Yèvre",637.081,6676.655,,,"S","430450",,,,,,"K5712320","Station débitmétrique en complément de la station K571231001 (IQ+) mis en service",,"10",,,,"07/13/23 14:40:00","07/13/23 14:40:00",,,"K571231002","K5712310",
585,"K3080001","CUSSET-ALLÉE MESDAMES","SICHON",734232,6559526,,,"S","430450",,,,,,,,,"00",,,,"02/28/25 12:02:00","07/13/23 10:57:00",,,"K308000101","K3080001",
586,"K2714011","BEAUREGARD NOUVELLE","JAURON",,,,124,"S","118631",,,,,,,,,"00","BEAUREGARD L EVEQUE","034",,"01/26/24 09:14:00","11/08/23 12:06:00",200,30,"K271401002","K2714010",
587,"K4280003","SAINT-MARTIN-D'ABBAT","La Bonnée",644.431,6750.208,,,"S","430450",,,,,,"K4280003","Cette station en cours de création est prévue pour être couplée avec une station débitmétrique (code station K428000302)",,"00","SAINT-MARTIN-D'ABBAT","45290",,"07/13/23 14:19:00","02/03/22 07:49:00",,,"K428000301","K4280003",1
588,"K2223040","SAINT PREJET AMONT PONT","ANCE du SUD",,,,181,"S","118631",1.94,0.22,22,35,44,"K2223040","1er mise en service capteur sonde et LNS le 16-11-2023.
Cette station a pour vocation de remplacer la station avec echelle au pont dans le but de s'affranchir de l'influence aval de la retenue de Saint-Préjet qui lorsqu'elle est pleine etait susceptible de contrôler le niveau du plan d'eau échelle en lieu et place du seuil hydraulique.
A terme, les deux stations plus amont  c'est à dire l'Ance à Chambonnet et Le Panis à la Romaine seront fermés dans le cadre de la réorganisation du reseau de stations.",,"00",,,,"12/13/23 16:39:00","12/13/23 16:39:00",,,"K222303002","K2223030",
589,"K3570810","LIVRY - PONT DU VEURDRE","Allier",,,,,"S","430450",,,,,,"K3570810","Station historique en hauteur seule, passage au débit en cours d'étude depuis début 2024 (crue de mars)",,"00","LIVRY",,,"03/26/24 14:40:00","03/26/24 14:39:00",,,"K357081010","K3570810",
590,"K0030030","ISSARLES (PT DE LA BORIE AVAL)","Loire",,,,,"S","430450",,,,,,"K0030030",,,"00",,,,"03/28/24 11:31:00","03/28/24 11:29:00",,,"K003002011","K0030020",
591,"K2075031","LANGOGNE (PONT DE BONJOUR)","DONOZAU",6402092,764035,,,"S","430450",,,,,,"K2075031","Station créée en juin 2024, demande d'EPLoire pour suivre les rentrans dans le barrage de Naussac",,"00","LANGOGNE",,,"06/17/24 10:50:00","06/17/24 10:47:00",,,"K207503101","K2075031",
592,"K0910060","VILLEREST - SORTIE BARRAGE","Loire",781158,6543616,,6598,"S","430450",,,,,,"K0910060","Station créé le 12/08/24 avec import des jaugeages historiques des stations de Villesrest et récupération des hauteurs BRL en pied d'ouvrage.
Report des jaugeages de Villerest Pont depuis janvier 2016 affecté des hauteurs enregistrés sur le capteur de Hauteurs de BRL pour faciliter établissemnt d'une courbe de Tarage. 
Attention pas de distinction possible sur ce jeu de jaugeage ""Virtuels"" entre 01-01-2016 et 01-08-2024 entre les mesures influencés ou non (herbes) s'agissant du Contrôle hydraulique de Villerest Barrage.
Avant le 13-08-2024 les côtes BRL capteur étaient en niveau NGF.","08/12/24 10:49:00","00",,,26900,"05/02/25 15:32:00","08/12/24 10:49:00",,,"K091001012","K0910010",1
593,"K2210843","ALLEYRAS (PONT ALLIER","ALLIER",,,,,"S","430450",,,,,,"K2210843",,,"00",,,,"05/15/25 14:36:00","10/18/24 15:56:00",,,"K221084301","K2210843",
594,"K2210844","ALLEYRAS [PONT GOURLONG]","Goulong",,,,,"S","430450",,,,,,"K2210844",,,"00",,,,"05/15/25 14:36:00","01/14/25 11:15:00",,,"K221084401","K2210844",
595,"K1110003","BOURG-LE-COMTE","Urbise",,,,,"S","430450",,,,,,,"Projet 2025",,,,,,"01/14/25 11:20:00","01/14/25 11:20:00",,,"K111000301","K1110003",
596,"K1140001","VENDENESSE-LES-CHAROLLES","SEMENCE",,,,,"S","430450",,,,,,,"Projet 2025",,,,,,"01/14/25 11:21:00","01/14/25 11:21:00",,,"K114000101","K1140001",
597,"K1943020","SAINT-AUBIN-LES-FORGES","Nièvre",,,,,"S","430450",,,,,,,,,,,,,"01/15/25 14:26:00","01/15/25 14:09:00",,,"K194301002","K1943010",
598,"K2698212","ST SATURNIN","MONNE",706561,6505735,,,"S","430450",,,,,,"K2698212",,,"00",,,,"02/28/25 11:11:00","01/20/25 16:30:00",,,"K269821201","K2698212",
599,"K3120001 ","ST GERMAIN DES F0SSES","MOURGON",733384,6567327,,126,"S","430450",,,,,,"K3120001","Création prévue en 2025",,"00",,,,"02/28/25 11:39:00","02/27/25 11:00:00",,,"K312000101","K3120001",
600,"K3130003","VARENNES SUR ALLIER","VALENCON",732432,6579066,,108,"S","430450",,,,,,"K3130003","Création prévue en 2025",,"00",,,,"02/28/25 12:19:00","02/27/25 11:13:00",,,"K313000301","K3130003",
601,"K3020001","ST DENIS COMBARNAZAT","BURON",728135,6543543,,107.5,"S","430450",,,,,,"K3020001",,,"00",,,,"02/28/25 11:41:00","02/27/25 11:21:00",,,"K302000101","K3020001",
602,"K2143020","AUROUX","CHAPEAUROUX",,,,,"S","430450",,,,,,"K2143020","Jaugeage controle venturi (ne pas envoyer en PHYC)",,,,,,"03/14/25 11:56:00","04/05/19 08:59:00",,,,,
603,"K5054010","PONT RAMEAU [HS]","BORON",,,,,"S","118631",,,,,,"K5054010","Manques jaugeages DREAL CVL 2007-2010","09/12/97 00:00:00","00",,,,"04/18/25 15:00:00",,,,"K505000101","K5050001",
604,"K5383010","PONT DE LA ROCHE [HS]","AUMANCE",625879.6,2169958.3,,928,"S","118631",,,,,,"K5383010",,"06/08/05 00:00:00","00",,,,"04/18/25 15:37:00",,,,"K538302101","K5383021",
606,"K0274010","BLAVOZY ANCIENNE [HS]","SUMENE",728290,2007640,993,55,"S","430450",0.357,0.2,,,,"K0274010","INSTALLE 12/97
VANDALISME PP FIN 01/98","09/20/04 00:00:00","00",,,,"03/20/25 16:37:00",,,,"K027401001","K0274010",
607,"K0624510","LE BLED ANCIENNE [HS]","BONSON",744.72,2053.9,,104,"S","119690",0.854,0.007,14,24,31,"K0624510",,"03/18/02 00:00:00","00",,,,"04/16/25 18:29:00",,,,"K062451001","K0624510",
608,"K2240810","PRADES AMONT ANCIENNE [HS]","ALLIER",,,,1350,"S","430450",,,,,,"K2240810",,"07/22/02 00:00:00","00",,,,"04/17/25 11:13:00",,,,"K224082002","K2240820",
609,"K0260010","CHADRAC ANCIENNE [HS]","LOIRE",,,,1308,"S","430450",,,,,,"K0260010","Station emportée par crue de novembre 1996 remplacée par Pont du Monteil","07/22/02 00:00:00","00",,,,"04/16/25 17:53:00",,,,"K026001001","K0260010",
610,"K0614020","PAS DE RIO [HS]","FURAN",,,,11,"S","430870",,,,,,"K0614020",,"11/17/97 00:00:00","00",,,,"04/16/25 17:56:00",,,,"K061402001","K0614020",
611,"K0783210","PONCINS ANCIENNE [HS]","LIGNON du FOREZ",,,,664,"S","430870",,,,,,"K0783220",,"11/14/97 00:00:00","00",,,,"04/16/25 18:22:00",,,,"K077322101","K0773221",
612,"K0403020","LES VASTRES [ANCIENNE] [HS}","LIGNON",750250,2000900,928,41,"S","118631",0.8129999999999999,,4.5,5.3,,"K0403020",,"08/29/05 00:00:00","00",,,,"04/18/25 16:49:00",,,,"K040302001","K0403020",
613,"K5363210","FOUCTIERE NEUVILLE [HS]","OEIL",637570,2157320,,352,"S","430450",2.19,0.079,27.2,38.3,45.7,"K5363210","Débits caratéristiques mis à jour 24/04/2025","09/25/03 00:00:00",,,,,"04/24/25 14:35:00",,,,"K536322201","K5363222",
614,"H4002010","BONDAROY [HS]","OEUF/ESSONNE",595.735,2352.794,,235,"S","430450",0.509,0.09,3.03,4.91,7.34,"BONDAROY","BONDAROY          L'OEUF => ESSONNE
========================
mise en service : 06/04/1970 16:00
Mise à jour Débits caractéristiques le 25/04/2025

GENERALITES

seuil sensible aux encombrements situation aggravée par la pose d'enrochements en aval
herbes abondantes en été. 
corrélation des débits à la hauteur de la nappe de Beauce
certains étés le débit est nul à l'amont de Pithiviers (DEBIT=rejet de la station d'épuration) 
Jaugeages parfois difficiles : seule section possible sous le pont mais grosses pierres ou dans la section amont du pont. 

HISTORIQUE
      
      1970 : mise en service de la station avec un seuil en palplanches

05/09/1974 : Détarage dû au déversoir descellé env. 2cm

03/04/1975 : Nouveau seuil par suppression des palplanches et enrochements en aval

29/04/1980 : Seuil encombré -> 2 cm

19/08/1980 : Brèche dans le seuil en RG -> baisse de 1.5 cm

19/09/1980 : Avec brèche 1/2 comblée

14/10/1980 : Brèche RG presque totalement comblée par des pierres

12/11/1980 : En cours de stabilisation (seuil désencombré)

08/12/1980 : Brèche comblée

12/11/1981 : Influencé par encombrement sur seuil

14/04/1983 : Encombrement entre échelle et limni

10/10/1983 : 0.38 ->0.37-  après nettoyage du seuil

27/04/1984 : Seuil très encombré -> nettoyage

23/05/1984 : Souche sur seuil retirée

19/06/1985 : Travaux en cours en aval RG (construction d'un étang communal)

10/10/1985 : Retrait d'herbes ayant poussé sur le seuil

05/12/1985 : Retrait morceau de bois 0.33 -> 0.325

10/01/1986 -> 26/02/1986 : Section rétrécie de 1/3 par barrage palplanches
                           travaux consolidation culée RD

06/10/1986 : 0.29 -> 0.28 après déplacement pierres

14/08/1987 : Retrait d'herbes sur seuil, en cours de stabilisation

22/03/1989 : 0.34- -> 0.32- après nettoyage herbes sous pont

19/04/1989 : 0.33 -> 0.31- après nettoyage herbes sous pont

18/05/1989 : Influence d'herbes ? Faucardage

14/06/1989 : Faucardage amont. Jaugeage impossible

05/09/1989 : Influence d'herbes sur seuil

31/10/1989 : En légère vidange après nettoyage du seuil

30/07/1990 : Installation saisie/site CR2M puis liaison téléphone

11/04/1995 : Encombrement seuil

06/07/1995 : Léger encombrement

20/03/1995 : petite crue de 3.5 m3/s ayant amené des pierres sous le pont
             => modification du contrôle du 20/03/95 au 20/12/95

14/09/1995 : démontage de l'installation limni -> la prise de hauteur se fait
             depuis à coté de l'échelle et non plus en amont du seuil comme avant


20/12/1995 : retrait d'un grand nombre de pierres sous le pont
             => retour au contrôle habituel

09/10/1996 : constat de détérioration des serrures de la cabine SAREL changement de celles-ci

11/03/1997 : rénovation constatée de la culée RG du pont, de la partie aval RG
             et du muret amont RG longeant la route.
	La petite brèche (ou renard) qui s'était faite depuis quelques années en amont immédiat du seuil du
	coté R.G. avec végétation aquatique autour a été rebouchée (depuis quand ?) et l'atterrissement en R.G. sur               lequel se développait des herbes a été dégagé.

04/06/1997 : à sec à l'amont de PITHIVIERS

28/02/2007 : nivellement du zéro de l'échelle ( D. RONCERAY &  Vincent LELUAN ) :
                   zéro échelle : 96.61 m

","06/07/00 00:00:00","00","BONDAROY","45038",9661,"04/25/25 15:36:00",,,,"F450000301","F4500003",
615,"K2583010","PONTDE LANAU [HS]","ALAGNON",,,,893,"S","430870",,,,,,"K258301001","1995-2001 : station hydro gerée par la DIREN CVL
2015 - Projet ré-ouverture de l'ancienne station de Lanau : réalisation de jaugeages ponctuels","11/14/97 00:00:00","00",,,,"04/24/25 15:37:00",,,,"K258301001","K2583010",
616,"K5220910","SAINT-VICTOR [HS]","CHER",,,,1836,"S","430450",,,,,,"K5220910",,"01/08/01 00:00:00","00",,,,"04/24/25 15:55:00",,,,"K522090002","K5220900",
617,"K5210910","LAVAULT SAINTE ANNE [HS]","CHER",,,,1716,"S","430450",,,,,,"K5210910",,"11/17/97 00:00:00","00",,,,"04/24/25 15:52:00",,,,"K522090001","K5220900",
618,"K2390002","DOMEYRAT - BLANNAT","SENOUIRE",,,,254,"S","430450",,,,,,"K2390002",,,"00",,,,"04/25/25 11:42:00","04/25/25 10:03:00",,,"K239000201","K2390002",
619,"K0937010","RIORGES [HS]","OUDAN",732.2,2119.6,,26.6,"S","430450",0.115,0.006,5.49,7.97,9.609999999999999,"K0937010","Débits caractéristiques mis à jour le 17/04/2025",,"00",,,,"04/24/25 10:57:00",,,,"K093701001","K0937010",
620,"K0018720","LE GAGE À CROS-DE-GÉORAND","Le Gage",,,,,"S","430450",,,,,,"K0018720","Station SPC pour la gestion des courbes de tarage du Barrage du Peyron sur le Gage",,,,,,"06/11/25 11:34:00","06/11/25 11:34:00",,,"K001872010","K0018720",
