noct,nosta,cdatedeb,cdatefin,cmin,cmax,cnum,cnbpt,ccomment,ctype,cdatemaj,cdateenregistrement,cdatecreation,cminp,cmaxp,cnum3,ctest,ccommentpriv
21,38,"05/01/98 00:00:00","08/18/98 00:00:00",740,2600,"22",18,,"C",,,,,,,,
23,38,"08/15/68 00:00:00","02/09/70 00:00:00",420,3000,"C15879",37,,"C",,,,,,,,
24,38,"02/09/70 00:00:00","01/01/75 00:00:00",380,3400,"C15880",29,,"C",,,,,,,,
25,38,"01/01/75 00:00:00","03/31/78 00:00:00",560,3400,"C15881",28,,"C",,,,,,,,
26,38,"03/31/78 00:00:00","07/29/79 00:00:00",550,3000,"C15882",25,,"C",,,,,,,,
27,38,"07/29/79 00:00:00","11/24/81 00:00:00",600,3000,"C15883",25,,"C",,,,,,,,
28,38,"11/24/81 00:00:00","12/08/81 00:00:00",750,3000,"C15884",15,,"C",,,,,,,,
29,38,"12/08/81 00:00:00","10/08/82 00:00:00",550,3200,"C15885",25,,"C",,,,,,,,
30,38,"10/08/82 00:00:00","01/15/84 00:00:00",750,3200,"C15886",21,,"C",,,,,,,,
31,38,"01/15/84 00:00:00","11/22/84 00:00:00",720,3200,"C15887",21,,"C",,,,,,,,
32,38,"11/22/84 00:00:00","12/31/86 00:00:00",700,3200,"C15888",22,,"C",,,,,,,,
33,38,"12/31/86 00:00:00","06/16/87 00:00:00",800,2500,"C15889",17,,"C",,,,,,,,
34,38,"06/16/87 00:00:00","02/29/88 00:00:00",750,2800,"C15890",16,,"C",,,,,,,,
35,38,"02/29/88 00:00:00","01/23/89 00:00:00",650,3200,"C15891",26,,"C",,,,,,,,
36,38,"01/23/89 00:00:00","06/30/89 00:00:00",550,2000,"C15892",20,,"C",,,,,,,,
37,38,"06/30/89 00:00:00","02/28/90 00:00:00",500,4200,"C15893",23,,"C",,,,,,,,
38,38,"02/28/90 00:00:00","09/21/90 00:00:00",600,2800,"C15894",18,,"C",,,,,,,,
39,38,"09/21/90 00:00:00","04/01/91 00:00:00",800,2800,"C15895",16,,"C",,,,,,,,
40,38,"04/01/91 00:00:00","12/22/91 00:00:00",600,3100,"C15896",16,,"C",,,,,,,,
41,38,"12/22/91 00:00:00","02/01/93 00:00:00",670,3100,"C15897",16,,"C",,,,,,,,
42,38,"02/01/93 00:00:00","06/01/94 00:00:00",640,3200,"C15898",17,,"C",,,,,,,,
43,38,"06/01/94 00:00:00","01/23/95 00:00:00",650,3200,"C15899",16,,"C",,,,,,,,
44,38,"01/23/95 00:00:00","05/08/96 00:00:00",650,3400,"C15900",16,,"C",,,,,,,,
45,38,"05/08/96 00:00:00","07/01/96 00:00:00",600,3400,"C15901",18,,"C",,,,,,,,
46,38,"07/01/96 00:00:00","10/16/96 00:00:00",600,3400,"C15902",17,,"C",,,,,,,,
47,38,"10/16/96 00:00:00","01/20/98 00:00:00",600,3400,"C15903",19,,"C",,,,,,,,
48,38,"01/20/98 00:00:00","05/01/98 00:00:00",740,2600,"21",20,,"C",,,,,,,,
50,45,"01/01/67 00:00:00","04/18/67 00:00:00",9290,3100,"C15904",49,,"C",,,,,,,,
51,45,"04/18/67 00:00:00","05/31/68 00:00:00",200,3000,"C15905",16,,"C",,,,,,,,
52,45,"05/31/68 00:00:00","12/31/69 00:00:00",200,2700,"C15906",15,,"C",,,,,,,,
53,45,"12/31/69 00:00:00","12/31/70 00:00:00",200,3000,"C15907",15,,"C",,,,,,,,
54,45,"12/31/70 00:00:00","06/06/71 00:00:00",200,2200,"C15908",13,,"C",,,,,,,,
55,45,"06/06/71 00:00:00","08/08/71 00:00:00",250,2000,"C15909",11,,"C",,,,,,,,
56,45,"08/08/71 00:00:00","12/31/71 00:00:00",200,2200,"C15910",13,,"C",,,,,,,,
57,45,"12/31/71 00:00:00","12/30/72 00:00:00",200,3200,"C15911",16,,"C",,,,,,,,
58,45,"12/30/72 00:00:00","12/31/73 00:00:00",200,3000,"C15912",18,,"C",,,,,,,,
59,45,"12/31/73 00:00:00","12/31/74 00:00:00",200,3000,"C15913",20,,"C",,,,,,,,
60,45,"12/31/74 00:00:00","12/31/75 00:00:00",290,3100,"C15914",49,,"C",,,,,,,,
61,45,"12/31/75 00:00:00","01/01/77 00:00:00",150,2200,"C15915",14,,"C",,,,,,,,
62,45,"01/01/77 00:00:00","01/01/84 00:00:00",200,3000,"C15916",21,,"C",,,,,,,,
63,45,"01/01/84 00:00:00","01/23/85 00:00:00",200,3000,"C15917",22,,"C",,,,,,,,
64,45,"01/23/85 00:00:00","12/31/85 00:00:00",150,3000,"C15918",24,,"C",,,,,,,,
65,45,"12/31/85 00:00:00","08/04/87 00:00:00",150,3200,"C15919",24,,"C",,,,,,,,
66,45,"08/04/87 00:00:00","04/20/88 00:00:00",150,2900,"C15920",22,,"C",,,,,,,,
67,45,"04/20/88 00:00:00","07/11/89 00:00:00",150,2900,"C15921",19,,"C",,,,,,,,
68,45,"07/11/89 00:00:00","04/30/90 00:00:00",150,3200,"C15922",23,,"C",,,,,,,,
69,45,"04/30/90 00:00:00","04/01/92 00:00:00",150,3200,"C15923",20,,"C",,,,,,,,
70,45,"04/01/92 00:00:00","02/01/93 00:00:00",150,3200,"C15924",20,,"C",,,,,,,,
71,45,"02/01/93 00:00:00","12/09/93 00:00:00",150,2400,"C15925",17,,"C",,,,,,,,
72,45,"12/09/93 00:00:00","09/16/94 00:00:00",150,3000,"C15926",20,,"C",,,,,,,,
73,45,"09/16/94 00:00:00","05/19/95 00:00:00",150,3000,"C15927",19,,"C",,,,,,,,
74,45,"05/19/95 00:00:00","10/04/95 00:00:00",150,3000,"C15928",19,,"C",,,,,,,,
75,45,"10/04/95 00:00:00","06/03/96 00:00:00",150,3000,"C15929",19,,"C",,,,,,,,
99,31,"08/10/76 00:00:00","01/01/77 00:00:00",450,2620,"015",17,,"C",,,,,,,,
100,31,"01/01/79 00:00:00","01/01/81 00:00:00",450,3870,"021",18,,"C",,,,,,,,
101,31,"01/01/70 00:00:00","01/01/71 00:00:00",480,4900,"006",24,,"C",,,,,,,,
102,31,"01/01/71 00:00:00","01/01/72 00:00:00",480,2650,"007",21,,"C",,,,,,,,
103,31,"01/01/72 00:00:00","01/01/74 00:00:00",480,4900,"008",25,,"C",,,,,,,,
104,31,"06/01/74 00:00:00","07/14/74 00:00:00",480,1620,"010",16,,"C",,,,,,,,
105,31,"01/01/74 00:00:00","06/01/74 00:00:00",480,3010,"009",21,,"C",,,,,,,,
106,31,"01/01/75 00:00:00","01/01/76 00:00:00",450,2850,"013",19,,"C",,,,,,,,
107,31,"11/10/78 00:00:00","01/01/79 00:00:00",450,3870,"020",19,,"C",,,,,,,,
108,31,"09/10/78 00:00:00","11/10/78 00:00:00",480,1870,"019",12,,"C",,,,,,,,
109,31,"09/10/74 00:00:00","01/01/75 00:00:00",480,3870,"012",23,,"C",,,,,,,,
110,31,"01/01/76 00:00:00","08/10/76 00:00:00",450,2620,"014",16,,"C",,,,,,,,
111,31,"01/01/78 00:00:00","08/01/78 00:00:00",450,3870,"017",19,,"C",,,,,,,,
112,31,"08/01/78 00:00:00","09/10/78 00:00:00",480,2620,"018",15,,"C",,,,,,,,
113,31,"04/01/66 00:00:00","01/01/67 00:00:00",480,3010,"003",21,,"C",,,,,,,,
114,31,"01/01/65 00:00:00","04/01/66 00:00:00",480,3010,"002",19,,"C",,,,,,,,
115,31,"01/01/67 00:00:00","01/01/68 00:00:00",480,3010,"004",21,,"C",,,,,,,,
116,31,"01/01/68 00:00:00","01/01/70 00:00:00",480,3010,"005",19,,"C",,,,,,,,
117,31,"11/30/61 00:00:00","01/01/65 00:00:00",480,3010,"001",21,,"C",,,,,,,,
118,31,"01/01/83 00:00:00","01/01/84 00:00:00",450,4420,"024",26,,"C",,,,,,,,
119,31,"01/01/77 00:00:00","01/01/78 00:00:00",480,3870,"016",19,,"C",,,,,,,,
120,31,"07/14/74 00:00:00","09/10/74 00:00:00",480,1870,"011",16,,"C",,,,,,,,
121,31,"01/01/81 00:00:00","01/01/82 00:00:00",450,3870,"022",23,,"C",,,,,,,,
122,31,"01/01/82 00:00:00","01/01/83 00:00:00",600,4420,"023",24,,"C",,,,,,,,
123,31,"01/01/84 00:00:00","12/31/85 00:00:00",300,5600,"C15954",27,,"C",,,,,,,,
124,31,"12/31/85 00:00:00","10/13/87 00:00:00",350,5600,"C15955",24,,"C",,,,,,,,
125,31,"10/13/87 00:00:00","04/21/88 00:00:00",500,4100,"C15956",18,,"C",,,,,,,,
126,31,"04/21/88 00:00:00","12/31/89 00:00:00",300,4000,"C15957",16,,"C",,,,,,,,
127,31,"12/31/89 00:00:00","01/08/91 00:00:00",200,6300,"C15958",22,,"C",,,,,,,,
128,31,"01/08/91 00:00:00","12/28/91 00:00:00",200,6300,"C15959",22,,"C",,,,,,,,
129,31,"12/28/91 00:00:00","03/23/93 00:00:00",250,6300,"C15960",17,,"C",,,,,,,,
130,31,"03/23/93 00:00:00","06/20/94 00:00:00",300,6300,"C15961",19,,"C",,,,,,,,
131,31,"06/20/94 00:00:00","09/16/94 00:00:00",250,1700,"C15962",11,,"C",,,,,,,,
132,31,"09/16/94 00:00:00","05/20/95 00:00:00",300,6300,"C15963",19,,"C",,,,,,,,
133,31,"05/20/95 00:00:00","12/23/95 00:00:00",250,2100,"C15964",14,,"C",,,,,,,,
134,31,"12/23/95 00:00:00","03/14/96 00:00:00",300,6300,"C15965",19,,"C",,,,,,,,
135,31,"03/14/96 00:00:00","09/12/96 00:00:00",300,3600,"C15966",16,,"C",,,,,,,,
136,31,"09/12/96 00:00:00","03/04/97 00:00:00",250,4200,"C15967",19,,"C",,,,,,,,
137,31,"03/04/97 00:00:00","04/16/98 05:50:00",200,4200,"C15968",16,,"C",,,,,,,,
139,14,"01/05/71 13:00:00","04/10/71 06:30:00",150,2200,"02a",17,,"C",,,,,,,,
140,14,"10/25/98 00:00:00","02/23/99 00:00:00",50,2800,"17",18,,"C",,,,,,,,
141,14,"05/10/85 01:30:00","10/28/85 00:00:00",0,1150,"11c",17,,"C",,,,,,,,
142,14,"10/28/85 00:00:00","01/01/86 00:00:00",0,1350,"11d",18,,"C",,,,,,,,
143,14,"10/09/97 00:00:00","06/21/98 00:00:00",20,2880,"12",28,,"C",,,,,,,,
145,14,"01/01/64 00:00:00","01/01/70 00:00:00",-100,3100,"C15969",47,,"C",,,,,,,,
146,14,"01/01/86 00:00:00","07/08/86 00:00:00",50,2750,"C15970",23,,"C",,,,,,,,
147,14,"07/08/86 00:00:00","06/04/87 00:00:00",-100,2800,"C15971",22,,"C",,,,,,,,
148,14,"06/04/87 00:00:00","05/31/88 00:00:00",0,2200,"C15972",16,,"C",,,,,,,,
149,14,"05/31/88 00:00:00","09/23/88 00:00:00",0,1600,"C15973",16,,"C",,,,,,,,
150,14,"09/23/88 00:00:00","11/05/88 00:00:00",0,1600,"C15974",13,,"C",,,,,,,,
151,14,"11/05/88 00:00:00","04/26/89 00:00:00",0,2600,"C15975",20,,"C",,,,,,,,
152,14,"04/26/89 00:00:00","05/21/89 00:00:00",0,2000,"C15976",16,,"C",,,,,,,,
153,14,"05/21/89 00:00:00","07/23/89 00:00:00",-100,2600,"C15977",23,,"C",,,,,,,,
154,14,"07/23/89 00:00:00","10/01/89 00:00:00",-100,700,"C15978",10,,"C",,,,,,,,
155,14,"10/01/89 00:00:00","02/16/90 00:00:00",-100,3250,"C15979",21,,"C",,,,,,,,
156,14,"02/16/90 00:00:00","04/13/90 00:00:00",0,2700,"C15980",16,,"C",,,,,,,,
157,14,"04/13/90 00:00:00","06/20/90 00:00:00",0,1100,"C15981",12,,"C",,,,,,,,
158,14,"06/20/90 00:00:00","08/01/90 00:00:00",50,1100,"C15982",14,,"C",,,,,,,,
159,14,"08/01/90 00:00:00","10/01/90 00:00:00",-150,900,"C15983",15,,"C",,,,,,,,
160,14,"10/01/90 00:00:00","11/20/90 00:00:00",-50,2000,"C15984",16,,"C",,,,,,,,
161,14,"11/20/90 00:00:00","07/01/91 00:00:00",50,2500,"C15985",16,,"C",,,,,,,,
162,14,"07/01/91 00:00:00","08/05/91 00:00:00",50,1300,"C15986",16,,"C",,,,,,,,
163,14,"08/05/91 00:00:00","10/01/91 00:00:00",-100,1000,"C15987",18,,"C",,,,,,,,
164,14,"10/01/91 00:00:00","03/01/92 00:00:00",-50,2700,"C15988",22,,"C",,,,,,,,
165,14,"03/01/92 00:00:00","07/01/92 00:00:00",0,2700,"C15989",25,,"C",,,,,,,,
166,14,"07/01/92 00:00:00","10/06/92 00:00:00",-90,1800,"C15990",22,,"C",,,,,,,,
167,14,"10/06/92 00:00:00","12/11/92 00:00:00",-90,3250,"C15991",31,,"C",,,,,,,,
168,14,"12/11/92 00:00:00","03/01/93 00:00:00",50,3100,"C15992",22,,"C",,,,,,,,
169,14,"03/01/93 00:00:00","05/01/93 00:00:00",0,2700,"C15993",24,,"C",,,,,,,,
170,14,"05/01/93 00:00:00","08/11/93 00:00:00",0,1300,"C15994",15,,"C",,,,,,,,
171,14,"08/11/93 00:00:00","09/14/93 00:00:00",0,1300,"C15995",18,,"C",,,,,,,,
172,14,"09/14/93 00:00:00","06/05/94 00:00:00",100,3250,"C15996",29,,"C",,,,,,,,
173,14,"06/05/94 00:00:00","02/17/95 00:00:00",-50,2750,"C15997",25,,"C",,,,,,,,
174,14,"02/17/95 00:00:00","07/17/95 00:00:00",0,2500,"C15998",19,,"C",,,,,,,,
175,14,"07/17/95 00:00:00","10/05/95 00:00:00",0,1800,"C15999",15,,"C",,,,,,,,
176,14,"10/05/95 00:00:00","03/13/96 00:00:00",0,3000,"C16000",23,,"C",,,,,,,,
177,14,"03/13/96 00:00:00","04/01/96 00:00:00",0,3250,"C16001",26,,"C",,,,,,,,
178,14,"04/01/96 00:00:00","05/26/96 00:00:00",0,2200,"C16002",18,,"C",,,,,,,,
179,14,"05/26/96 00:00:00","07/15/96 00:00:00",0,2800,"C16003",22,,"C",,,,,,,,
180,14,"07/15/96 00:00:00","08/01/96 00:00:00",0,2200,"C16004",17,,"C",,,,,,,,
181,14,"08/01/96 00:00:00","09/06/96 00:00:00",0,2200,"C16005",18,,"C",,,,,,,,
182,14,"09/06/96 00:00:00","10/09/97 00:00:00",-100,3250,"C16006",30,,"C",,,,,,,,
183,14,"01/01/70 00:00:00","05/12/70 00:00:00",150,2300,"01a",15,,"C",,,,,,,,
184,14,"05/12/70 00:00:00","01/05/71 13:00:00",150,1400,"01b",15,,"C",,,,,,,,
185,14,"02/23/99 00:00:00","07/25/99 00:00:00",-80,3300,"18",25,,"C",,,,,,,,
186,14,"04/10/71 06:30:00","11/19/71 16:00:00",20,1500,"02b",15,,"C",,,,,,,,
187,14,"11/19/71 16:00:00","05/30/72 06:00:00",70,2500,"03a",20,,"C",,,,,,,,
188,14,"05/30/72 06:00:00","10/20/72 20:00:00",50,1300,"03b",16,,"C",,,,,,,,
189,14,"10/20/72 20:00:00","01/01/74 00:00:00",50,1500,"03c",21,,"C",,,,,,,,
190,14,"01/01/74 00:00:00","07/09/74 00:00:00",60,1500,"04a",14,,"C",,,,,,,,
191,14,"07/09/74 00:00:00","10/09/74 14:00:00",100,1300,"04b",13,,"C",,,,,,,,
192,14,"10/09/74 14:00:00","04/19/75 00:00:00",150,1850,"04c",13,,"C",,,,,,,,
193,14,"04/19/75 00:00:00","09/15/75 06:00:00",80,1000,"05a",11,,"C",,,,,,,,
194,14,"09/15/75 06:00:00","01/26/76 06:00:00",100,1500,"05b",14,,"C",,,,,,,,
195,14,"01/26/76 06:00:00","07/01/76 05:00:00",70,800,"06a",15,,"C",,,,,,,,
196,14,"07/01/76 05:00:00","05/13/77 09:00:00",50,2100,"06b",18,,"C",,,,,,,,
197,14,"05/13/77 09:00:00","05/24/78 08:00:00",50,1850,"07a",19,,"C",,,,,,,,
198,14,"05/24/78 08:00:00","04/26/79 01:00:00",50,2100,"08a",19,,"C",,,,,,,,
199,14,"04/26/79 01:00:00","11/07/79 08:00:00",50,1050,"08b",13,,"C",,,,,,,,
200,14,"11/07/79 08:00:00","03/27/80 18:00:00",80,2120,"08c",13,,"C",,,,,,,,
201,14,"03/27/80 18:00:00","09/01/80 00:00:00",50,1420,"09a",14,,"C",,,,,,,,
204,14,"10/15/81 15:00:00","01/13/82 15:50:00",100,2200,"09e",17,,"C",,,,,,,,
205,14,"01/13/82 15:50:00","04/09/82 06:00:00",150,1000,"10a",9,,"C",,,,,,,,
206,14,"04/09/82 06:00:00","05/27/83 00:00:00",50,2650,"10b",24,,"C",,,,,,,,
207,14,"05/27/83 00:00:00","10/17/83 05:23:00",0,1900,"10c",14,,"C",,,,,,,,
208,14,"10/17/83 05:23:00","02/09/84 11:49:00",100,2400,"10d",18,,"C",,,,,,,,
209,14,"02/09/84 11:49:00","02/03/85 05:00:00",50,1600,"11a",19,,"C",,,,,,,,
210,14,"02/03/85 05:00:00","05/10/85 01:30:00",100,1300,"11b",12,,"C",,,,,,,,
211,14,"06/21/98 00:00:00","07/31/98 08:00:00",-40,1800,"14",24,,"C",,,,,,,,
212,14,"07/31/98 08:00:00","08/01/98 09:30:00",70,310,"15",7,,"C",,,,,,,,
213,14,"08/01/98 09:30:00","10/25/98 00:00:00",-100,1800,"16",25,,"C",,,,,,,,
214,14,"07/25/99 00:00:00","01/01/02 00:00:00",-80,3200,"19",23,,"C",,,,,,,,
216,102,"06/25/86 00:00:00","01/01/89 00:00:00",210,850,"C16008",16,,"C",,,,,,,,
217,102,"01/01/89 00:00:00","12/31/89 00:00:00",240,850,"C16009",15,,"C",,,,,,,,
218,102,"01/01/90 00:00:00","01/01/93 00:00:00",180,850,"C16010",16,,"C",,,,,,,,
219,102,"01/01/93 00:00:00","01/01/94 00:00:00",180,900,"C16011",18,,"C",,,,,,,,
220,102,"01/01/94 00:00:00","01/01/96 00:00:00",180,1050,"C16012",18,,"C",,,,,,,,
221,102,"01/01/96 00:00:00","01/01/98 00:00:00",180,1050,"C16013",18,,"C",,,,,,,,
223,48,"03/24/88 00:00:00","11/02/89 00:00:00",0,2400,"C16022",20,,"C",,,,,,,,
224,48,"11/02/89 00:00:00","01/18/91 00:00:00",0,3000,"C16023",19,,"C",,,,,,,,
225,48,"01/18/91 00:00:00","07/24/91 00:00:00",0,3000,"C16024",20,,"C",,,,,,,,
226,48,"07/24/91 00:00:00","12/25/91 00:00:00",0,3000,"C16025",17,,"C",,,,,,,,
227,48,"12/25/91 00:00:00","03/16/92 00:00:00",0,3000,"C16026",20,,"C",,,,,,,,
228,48,"03/16/92 00:00:00","06/01/92 00:00:00",0,3000,"C16027",17,,"C",,,,,,,,
229,48,"06/01/92 00:00:00","08/31/92 00:00:00",0,3000,"C16028",20,,"C",,,,,,,,
230,48,"08/31/92 00:00:00","02/16/93 00:00:00",0,3000,"C16029",17,,"C",,,,,,,,
231,48,"02/16/93 00:00:00","10/11/93 00:00:00",0,2500,"C16030",15,,"C",,,,,,,,
232,48,"10/11/93 00:00:00","10/19/93 00:00:00",0,3000,"C16031",17,,"C",,,,,,,,
233,48,"10/19/93 00:00:00","12/09/93 00:00:00",0,2500,"C16032",15,,"C",,,,,,,,
234,48,"12/09/93 00:00:00","01/26/94 00:00:00",200,2700,"C16033",12,,"C",,,,,,,,
235,48,"01/26/94 00:00:00","12/05/94 00:00:00",20,2100,"C16034",16,,"C",,,,,,,,
236,48,"12/05/94 00:00:00","10/04/95 00:00:00",0,2700,"C16035",15,,"C",,,,,,,,
237,48,"10/04/95 00:00:00","07/01/96 00:00:00",0,2100,"C16036",14,,"C",,,,,,,,
238,48,"07/01/96 00:00:00","10/12/97 00:00:00",0,2700,"C16037",20,,"C",,,,,,,,
239,48,"10/12/97 00:00:00","01/24/98 00:00:00",50,2700,"C16038",15,,"C",,,,,,,,
240,48,"01/24/98 00:00:00","05/02/98 15:00:00",120,2100,"12",15,,"C",,,,,,,,
241,48,"05/02/98 15:00:00","01/30/99 00:00:00",120,2350,"13",17,,"C",,,,,,,,
242,48,"01/01/72 00:00:00","01/01/73 00:00:00",300,2110,"03",16,,"C",,,,,,,,
243,48,"01/23/70 00:00:00","01/01/71 00:00:00",360,1620,"01",13,,"C",,,,,,,,
244,48,"01/01/71 00:00:00","01/01/72 00:00:00",230,1620,"02",13,,"C",,,,,,,,
245,48,"01/01/74 00:00:00","01/01/75 00:00:00",260,1620,"05",16,,"C",,,,,,,,
246,48,"01/01/75 00:00:00","03/06/76 00:00:00",260,1620,"06",14,,"C",,,,,,,,
247,48,"01/01/77 00:00:00","01/01/78 00:00:00",270,1620,"09",13,,"C",,,,,,,,
248,48,"01/01/79 00:00:00","01/01/80 00:00:00",270,1620,"011",15,,"C",,,,,,,,
249,48,"07/21/80 09:30:00","01/01/84 00:00:00",240,1620,"013",15,,"C",,,,,,,,
250,48,"01/01/78 00:00:00","01/01/79 00:00:00",270,1620,"010",14,,"C",,,,,,,,
251,48,"01/01/73 00:00:00","01/01/74 00:00:00",280,1620,"04",14,,"C",,,,,,,,
252,48,"03/06/76 00:00:00","06/28/76 01:00:00",220,700,"07",12,,"C",,,,,,,,
253,48,"06/28/76 01:00:00","01/01/77 00:00:00",140,1620,"08",17,,"C",,,,,,,,
254,48,"01/01/80 00:00:00","07/21/80 09:30:00",240,1620,"012",13,,"C",,,,,,,,
255,48,"12/31/87 12:00:00","03/12/88 00:00:00",360,1750,"18",14,,"C",,,,,,,,
256,48,"03/12/88 00:00:00","03/24/88 00:00:00",360,1750,"19",10,,"C",,,,,,,,
285,42,"04/15/87 00:00:00","11/27/87 00:00:00",700,3200,"C16083",18,,"C",,,,,,,,
286,42,"11/27/87 00:00:00","06/12/88 00:00:00",500,5000,"C16084",23,,"C",,,,,,,,
287,42,"06/12/88 00:00:00","03/17/89 00:00:00",850,5000,"C16085",22,,"C",,,,,,,,
288,42,"03/17/89 00:00:00","12/29/89 00:00:00",650,4400,"C16086",25,,"C",,,,,,,,
289,42,"12/29/89 00:00:00","03/12/90 00:00:00",900,5200,"C16087",20,,"C",,,,,,,,
290,42,"03/12/90 00:00:00","07/14/90 00:00:00",900,2500,"C16088",12,,"C",,,,,,,,
291,42,"07/14/90 00:00:00","10/03/90 00:00:00",800,2500,"C16089",13,,"C",,,,,,,,
292,42,"10/03/90 00:00:00","12/15/90 00:00:00",800,4000,"C16090",20,,"C",,,,,,,,
293,42,"12/15/90 00:00:00","03/20/91 00:00:00",900,4000,"C16091",17,,"C",,,,,,,,
294,42,"03/20/91 00:00:00","05/05/91 00:00:00",950,2500,"C16092",12,,"C",,,,,,,,
295,42,"05/05/91 00:00:00","06/01/91 00:00:00",800,4000,"C16093",20,,"C",,,,,,,,
296,42,"06/01/91 00:00:00","07/01/91 00:00:00",950,2500,"C16094",12,,"C",,,,,,,,
297,42,"07/01/91 00:00:00","08/06/91 00:00:00",870,2500,"C16095",15,,"C",,,,,,,,
298,42,"08/06/91 00:00:00","09/24/91 00:00:00",750,2200,"C16096",17,,"C",,,,,,,,
299,42,"09/24/91 00:00:00","10/22/91 00:00:00",880,3100,"C16097",16,,"C",,,,,,,,
300,42,"10/22/91 00:00:00","11/04/91 00:00:00",1000,2200,"C16098",12,,"C",,,,,,,,
301,42,"11/04/91 00:00:00","02/21/92 00:00:00",1100,5000,"C16099",18,,"C",,,,,,,,
302,42,"02/21/92 00:00:00","05/07/92 00:00:00",900,5000,"C16100",18,,"C",,,,,,,,
303,42,"05/07/92 00:00:00","07/21/92 00:00:00",900,2900,"C16101",16,,"C",,,,,,,,
304,42,"07/21/92 00:00:00","10/24/92 00:00:00",900,3100,"C16102",19,,"C",,,,,,,,
305,42,"10/24/92 00:00:00","01/13/93 00:00:00",900,3700,"C16103",14,,"C",,,,,,,,
306,42,"01/13/93 00:00:00","03/01/93 00:00:00",900,4100,"C16104",19,,"C",,,,,,,,
307,42,"03/01/93 00:00:00","09/18/93 00:00:00",1000,9990,"C16105",27,,"C",,,,,,,,
308,42,"09/18/93 00:00:00","02/01/94 00:00:00",1000,5000,"C16106",22,,"C",,,,,,,,
309,42,"02/01/94 00:00:00","06/09/94 00:00:00",800,5000,"C16107",21,,"C",,,,,,,,
310,42,"06/09/94 00:00:00","07/21/94 00:00:00",1000,3000,"C16108",18,,"C",,,,,,,,
312,42,"01/11/95 00:00:00","02/27/95 00:00:00",1500,5250,"C16110",15,,"C",,,,,,,,
313,42,"02/27/95 00:00:00","07/18/95 00:00:00",1000,4400,"C16111",18,,"C",,,,,,,,
314,42,"07/18/95 00:00:00","10/04/95 00:00:00",1040,3000,"C16112",15,,"C",,,,,,,,
315,42,"10/04/95 00:00:00","12/01/95 00:00:00",1300,4100,"C16113",16,,"C",,,,,,,,
316,42,"12/01/95 00:00:00","03/14/96 00:00:00",1150,5000,"C16114",18,,"C",,,,,,,,
317,42,"03/14/96 00:00:00","04/01/96 00:00:00",1150,5000,"C16115",18,,"C",,,,,,,,
318,42,"04/01/96 00:00:00","05/19/96 00:00:00",1100,3800,"C16116",16,,"C",,,,,,,,
319,42,"05/19/96 00:00:00","08/01/96 00:00:00",1100,5000,"C16117",18,,"C",,,,,,,,
320,42,"08/01/96 00:00:00","09/02/96 00:00:00",1050,2800,"C16118",14,,"C",,,,,,,,
321,42,"09/02/96 00:00:00","10/16/96 00:00:00",1000,3800,"C16119",17,,"C",,,,,,,,
322,42,"10/16/96 00:00:00","03/06/97 00:00:00",1150,5000,"C16120",20,,"C",,,,,,,,
323,42,"03/06/97 00:00:00","10/11/97 00:00:00",1140,5000,"C16121",23,,"C",,,,,,,,
324,42,"10/11/97 00:00:00","05/03/98 00:00:00",1200,5000,"C16122",19,,"C",,,,,,,,
325,42,"05/03/98 00:00:00","08/01/98 00:00:00",1270,2830,"25",19,,"C",,,,,,,,
327,42,"09/18/98 00:00:00","02/01/99 00:00:00",1300,4370,"27",20,,"C",,,,,,,,
330,73,"01/01/80 00:00:00","01/01/81 00:00:00",250,2100,"C16123",19,,"C",,,,,,,,
331,73,"01/01/81 00:00:00","01/01/82 00:00:00",280,2150,"C16124",20,,"C",,,,,,,,
332,73,"01/01/82 00:00:00","01/01/83 00:00:00",260,2300,"C16125",26,,"C",,,,,,,,
333,73,"01/01/83 00:00:00","01/01/84 00:00:00",320,2300,"C16126",26,,"C",,,,,,,,
334,73,"01/01/84 00:00:00","01/01/85 00:00:00",260,2120,"C16127",26,,"C",,,,,,,,
335,73,"01/01/85 00:00:00","01/01/86 00:00:00",260,2200,"C16128",27,,"C",,,,,,,,
336,73,"01/01/86 00:00:00","01/01/89 00:00:00",260,2450,"C16129",27,,"C",,,,,,,,
337,73,"01/01/89 00:00:00","01/01/90 00:00:00",260,2450,"C16130",28,,"C",,,,,,,,
338,73,"01/01/90 00:00:00","01/01/93 00:00:00",210,2450,"C16131",27,,"C",,,,,,,,
339,73,"01/01/93 00:00:00","01/01/94 00:00:00",210,2450,"C16132",27,,"C",,,,,,,,
340,73,"01/01/94 00:00:00","01/01/96 00:00:00",210,2200,"C16133",23,,"C",,,,,,,,
341,73,"01/01/96 00:00:00","01/01/97 00:00:00",210,2500,"C16134",24,,"C",,,,,,,,
342,73,"01/01/97 00:00:00","01/01/98 00:00:00",210,2500,"13",24,,"C",,,,,,,,
343,73,"01/01/98 00:00:00","03/29/99 00:00:00",220,2500,"14",24,,"C",,,,,,,,
347,51,"01/01/80 00:00:00","01/01/81 00:00:00",800,5200,"C16174",26,,"C",,,,,,,,
348,51,"01/01/81 00:00:00","01/01/82 00:00:00",750,5200,"C16175",26,,"C",,,,,,,,
357,51,"01/01/93 00:00:00","01/01/94 00:00:00",520,4200,"C16184",16,,"C",,,,,,,,
358,51,"01/01/94 00:00:00","01/01/95 00:00:00",500,4400,"C16185",17,,"C",,,,,,,,
366,51,"01/01/71 00:00:00","05/15/71 00:00:00",800,4400,"C16140",17,,"C",,,,,,,,
367,51,"05/15/71 00:00:00","11/15/71 00:00:00",800,4400,"C16141",18,,"C",,,,,,,,
368,51,"11/15/71 00:00:00","02/01/72 00:00:00",800,4400,"C16142",18,,"C",,,,,,,,
369,51,"02/01/72 00:00:00","07/01/72 00:00:00",800,4600,"C16143",19,,"C",,,,,,,,
370,51,"01/01/73 00:00:00","06/01/73 00:00:00",800,4600,"C16145",19,,"C",,,,,,,,
372,51,"11/17/73 00:00:00","03/15/74 00:00:00",800,4400,"C16147",19,,"C",,,,,,,,
376,51,"01/01/75 00:00:00","07/01/75 00:00:00",800,4400,"C16151",20,,"C",,,,,,,,
379,51,"11/17/75 00:00:00","05/16/76 00:00:00",800,4400,"C16154",19,,"C",,,,,,,,
380,51,"05/16/76 00:00:00","06/15/76 00:00:00",800,4400,"C16155",20,,"C",,,,,,,,
382,51,"09/28/76 00:00:00","01/01/77 00:00:00",760,4400,"C16157",20,,"C",,,,,,,,
383,51,"01/01/77 00:00:00","06/22/77 00:00:00",760,4400,"C16158",19,,"C",,,,,,,,
384,51,"06/22/77 00:00:00","01/01/78 00:00:00",760,4400,"C16159",20,,"C",,,,,,,,
386,51,"05/25/78 00:00:00","01/01/79 00:00:00",780,4400,"C16161",21,,"C",,,,,,,,
387,51,"01/01/79 00:00:00","01/01/80 00:00:00",760,4600,"C16162",21,,"C",,,,,,,,
389,72,"11/04/98 00:00:00","09/29/99 13:00:00",180,2400,"C16201",22,,"C",,,,,,,,
391,72,"01/01/96 00:00:00","01/01/97 00:00:00",310,2400,"C16198",21,,"C",,,,,,,,
392,72,"01/01/97 00:00:00","01/01/98 00:00:00",310,2400,"C16199",22,,"C",,,,,,,,
393,72,"01/01/98 00:00:00","11/04/98 00:00:00",310,2400,"C16200",21,,"C",,,,,,,,
394,72,"01/01/80 00:00:00","01/01/81 00:00:00",360,2300,"C16188",20,,"C",,,,,,,,
395,72,"01/01/81 00:00:00","01/01/82 00:00:00",360,2200,"C16189",15,,"C",,,,,,,,
396,72,"01/01/82 00:00:00","01/01/84 00:00:00",410,2600,"C16190",22,,"C",,,,,,,,
397,72,"01/01/84 00:00:00","01/01/85 00:00:00",400,2500,"C16191",29,,"C",,,,,,,,
398,72,"01/01/85 00:00:00","01/01/86 00:00:00",360,2200,"C16192",25,,"C",,,,,,,,
399,72,"01/01/86 00:00:00","01/01/89 00:00:00",310,2300,"C16193",19,,"C",,,,,,,,
400,72,"01/01/89 00:00:00","01/01/90 00:00:00",360,2300,"C16194",18,,"C",,,,,,,,
401,72,"01/01/90 00:00:00","01/01/93 00:00:00",340,2300,"C16195",18,,"C",,,,,,,,
402,72,"01/01/93 00:00:00","01/01/94 00:00:00",340,2300,"C16196",18,,"C",,,,,,,,
403,72,"01/01/94 00:00:00","01/01/96 00:00:00",310,2300,"C16197",17,,"C",,,,,,,,
404,67,"01/01/71 00:00:00","01/01/72 00:00:00",160,2550,"C16200",24,,"C",,,,,,,,
405,67,"01/01/69 00:00:00","01/01/71 00:00:00",160,2800,"C16199",25,,"C",,,,,,,,
406,67,"01/01/72 00:00:00","01/01/75 00:00:00",130,2800,"C16201",25,,"C",,,,,,,,
407,67,"01/01/75 00:00:00","01/01/77 00:00:00",30,2550,"C16202",25,,"C",,,,,,,,
408,67,"01/01/77 00:00:00","01/01/78 00:00:00",150,2550,"C16203",25,,"C",,,,,,,,
409,67,"01/01/78 00:00:00","01/01/80 00:00:00",50,2800,"C16204",23,,"C",,,,,,,,
410,67,"01/01/80 00:00:00","01/01/82 00:00:00",130,2800,"C16205",21,,"C",,,,,,,,
411,67,"01/01/82 00:00:00","01/01/84 00:00:00",130,3100,"C16206",22,,"C",,,,,,,,
412,67,"01/01/85 00:00:00","01/01/87 00:00:00",120,3000,"C16208",19,,"C",,,,,,,,
413,67,"01/01/87 00:00:00","01/01/88 00:00:00",30,3000,"C16209",19,,"C",,,,,,,,
414,67,"01/01/88 00:00:00","01/01/89 00:00:00",30,3050,"C16210",16,,"C",,,,,,,,
415,67,"01/01/89 00:00:00","01/01/90 00:00:00",-40,2500,"C16211",18,,"C",,,,,,,,
416,67,"01/01/90 00:00:00","01/01/91 00:00:00",-40,3100,"C16212",20,,"C",,,,,,,,
417,67,"01/01/91 00:00:00","01/01/92 00:00:00",-40,3100,"C16213",19,,"C",,,,,,,,
418,67,"01/01/92 00:00:00","01/01/94 00:00:00",-50,2900,"C16214",19,,"C",,,,,,,,
419,67,"01/01/94 00:00:00","01/01/96 00:00:00",0,2800,"C16215",19,,"C",,,,,,,,
420,67,"01/01/96 00:00:00","01/01/98 00:00:00",-70,2800,"C16216",20,,"C",,,,,,,,
421,67,"01/01/84 00:00:00","01/01/85 00:00:00",130,2800,"C16207",19,,"C",,,,,,,,
423,34,"01/01/66 00:00:00","01/01/69 00:00:00",420,3750,"C16210",27,,"C",,,,,,,,
424,34,"01/01/69 00:00:00","01/01/73 00:00:00",420,3750,"C16211",27,,"C",,,,,,,,
425,34,"01/01/73 00:00:00","01/01/74 00:00:00",420,3750,"C16212",26,,"C",,,,,,,,
426,34,"01/01/74 00:00:00","09/25/76 00:00:00",420,3750,"C16213",23,,"C",,,,,,,,
427,34,"09/25/76 00:00:00","05/13/77 00:00:00",420,3750,"C16214",17,,"C",,,,,,,,
428,34,"05/13/77 00:00:00","01/01/81 00:00:00",420,3750,"C16215",21,,"C",,,,,,,,
429,34,"01/01/81 00:00:00","01/01/82 00:00:00",270,3750,"C16216",22,,"C",,,,,,,,
430,34,"01/01/82 00:00:00","06/01/83 00:00:00",270,4200,"C16217",24,,"C",,,,,,,,
431,34,"06/01/83 00:00:00","01/01/85 00:00:00",270,3750,"C16218",20,,"C",,,,,,,,
432,34,"01/01/85 00:00:00","01/01/86 00:00:00",270,3750,"C16219",20,,"C",,,,,,,,
433,34,"01/01/86 00:00:00","01/01/87 00:00:00",270,3750,"C16220",21,,"C",,,,,,,,
434,34,"01/20/98 00:00:00","07/01/98 00:00:00",420,3300,"C16251",19,,"C",,,,,,,,
435,34,"07/01/98 00:00:00","05/20/99 10:00:00",320,4000,"C16252",19,,"C",,,,,,,,
436,34,"01/01/87 00:00:00","09/30/87 00:00:00",300,3800,"C16225",20,,"C",,,,,,,,
437,34,"09/30/87 00:00:00","03/31/88 00:00:00",280,3400,"C16226",21,,"C",,,,,,,,
438,34,"03/31/88 00:00:00","02/28/89 00:00:00",300,4300,"C16227",18,,"C",,,,,,,,
439,34,"02/28/89 00:00:00","04/18/89 00:00:00",350,3000,"C16228",14,,"C",,,,,,,,
440,34,"04/18/89 00:00:00","10/08/89 00:00:00",300,2300,"C16229",13,,"C",,,,,,,,
441,34,"10/08/89 00:00:00","07/05/90 00:00:00",250,4300,"C16230",19,,"C",,,,,,,,
442,34,"07/05/90 00:00:00","10/02/90 00:00:00",300,4300,"C16231",20,,"C",,,,,,,,
443,34,"10/02/90 00:00:00","11/22/90 00:00:00",300,3200,"C16232",14,,"C",,,,,,,,
444,34,"11/22/90 00:00:00","03/23/91 00:00:00",300,3700,"C16233",17,,"C",,,,,,,,
445,34,"03/23/91 00:00:00","11/14/91 00:00:00",400,2000,"C16234",13,,"C",,,,,,,,
446,34,"11/14/91 00:00:00","03/15/92 00:00:00",450,3000,"C16235",13,,"C",,,,,,,,
447,34,"03/15/92 00:00:00","10/26/92 00:00:00",400,2300,"C16236",14,,"C",,,,,,,,
448,34,"10/26/92 00:00:00","03/01/93 00:00:00",400,3700,"C16237",16,,"C",,,,,,,,
449,34,"03/01/93 00:00:00","09/10/93 00:00:00",400,2000,"C16238",12,,"C",,,,,,,,
450,34,"09/10/93 00:00:00","06/10/94 00:00:00",400,3700,"C16239",17,,"C",,,,,,,,
451,34,"06/10/94 00:00:00","07/20/94 00:00:00",300,1900,"C16240",12,,"C",,,,,,,,
452,34,"07/20/94 00:00:00","10/26/94 00:00:00",360,3500,"C16241",15,,"C",,,,,,,,
453,34,"10/26/94 00:00:00","03/19/95 00:00:00",400,3700,"C16242",16,,"C",,,,,,,,
454,34,"03/19/95 00:00:00","06/01/95 00:00:00",300,4000,"C16243",18,,"C",,,,,,,,
455,34,"06/01/95 00:00:00","07/05/95 00:00:00",300,2400,"C16244",13,,"C",,,,,,,,
456,34,"07/05/95 00:00:00","10/04/95 00:00:00",380,2400,"C16245",12,,"C",,,,,,,,
457,34,"10/04/95 00:00:00","12/31/95 00:00:00",300,2400,"C16246",13,,"C",,,,,,,,
458,34,"12/31/95 00:00:00","04/01/96 00:00:00",300,3000,"C16247",15,,"C",,,,,,,,
459,34,"04/01/96 00:00:00","07/10/96 00:00:00",300,3000,"C16248",16,,"C",,,,,,,,
460,34,"07/10/96 00:00:00","10/02/96 00:00:00",200,3000,"C16249",20,,"C",,,,,,,,
461,34,"10/02/96 00:00:00","01/20/98 00:00:00",260,4300,"C16250",24,,"C",,,,,,,,
483,104,"01/01/91 00:00:00","01/01/92 00:00:00",120,1000,"C16268",11,,"C",,,,,,,,
484,104,"01/01/92 00:00:00","01/01/93 00:00:00",90,750,"C16269",10,,"C",,,,,,,,
485,104,"01/01/93 00:00:00","01/01/94 00:00:00",130,600,"C16270",11,,"C",,,,,,,,
486,104,"01/01/94 00:00:00","01/01/96 00:00:00",90,1200,"C16271",13,,"C",,,,,,,,
489,43,"09/01/69 00:00:00","03/01/73 00:00:00",550,4800,"C16270",20,,"C",,,,,,,,
490,43,"03/01/73 00:00:00","08/26/73 00:00:00",380,4800,"C16271",22,,"C",,,,,,,,
491,43,"08/26/73 00:00:00","01/01/74 00:00:00",320,4800,"C16272",22,,"C",,,,,,,,
492,43,"01/01/74 00:00:00","11/01/80 00:00:00",120,6000,"C16273",65,,"C",,,,,,,,
494,43,"04/22/86 00:00:00","03/31/87 00:00:00",-550,5000,"C16276",33,,"C",,,,,,,,
495,43,"11/30/83 00:00:00","04/22/86 00:00:00",-750,5800,"C16275",36,,"C",,,,,,,,
496,43,"03/31/87 00:00:00","08/03/87 00:00:00",-600,4800,"C16277",21,,"C",,,,,,,,
497,43,"08/03/87 00:00:00","10/28/87 00:00:00",-800,2800,"C16278",17,,"C",,,,,,,,
498,43,"10/28/87 00:00:00","03/31/88 00:00:00",-600,4800,"C16279",21,,"C",,,,,,,,
499,43,"03/31/88 00:00:00","05/03/89 00:00:00",-800,4800,"C16280",22,,"C",,,,,,,,
500,43,"05/03/89 00:00:00","02/11/90 00:00:00",-900,4800,"C16281",32,,"C",,,,,,,,
501,43,"02/11/90 00:00:00","04/01/90 00:00:00",0,4900,"C16282",25,,"C",,,,,,,,
502,43,"04/01/90 00:00:00","05/01/90 00:00:00",-300,1500,"C16283",12,,"C",,,,,,,,
503,43,"05/01/90 00:00:00","06/09/90 00:00:00",-500,1000,"C16284",10,,"C",,,,,,,,
504,43,"06/09/90 00:00:00","11/05/90 00:00:00",-850,1800,"C16285",14,,"C",,,,,,,,
505,43,"11/05/90 00:00:00","12/22/90 00:00:00",-400,4000,"C16286",19,,"C",,,,,,,,
506,43,"12/22/90 00:00:00","02/24/91 00:00:00",100,4100,"C16287",20,,"C",,,,,,,,
507,43,"02/24/91 00:00:00","04/13/91 00:00:00",0,3500,"C16288",18,,"C",,,,,,,,
508,43,"04/13/91 00:00:00","06/01/91 00:00:00",0,1700,"C16289",16,,"C",,,,,,,,
509,43,"06/01/91 00:00:00","08/01/91 00:00:00",-50,1300,"C16290",14,,"C",,,,,,,,
510,43,"08/01/91 00:00:00","08/09/91 00:00:00",-100,1400,"C16291",14,,"C",,,,,,,,
511,43,"08/09/91 00:00:00","11/03/91 00:00:00",-340,2300,"C16292",24,,"C",,,,,,,,
512,43,"11/03/91 00:00:00","02/21/92 00:00:00",0,4300,"C16293",19,,"C",,,,,,,,
513,43,"02/21/92 00:00:00","03/14/92 00:00:00",-200,4100,"C16294",21,,"C",,,,,,,,
514,43,"03/14/92 00:00:00","10/26/92 00:00:00",-290,3500,"C16295",18,,"C",,,,,,,,
515,43,"10/26/92 00:00:00","03/01/93 00:00:00",0,4500,"C16296",17,,"C",,,,,,,,
516,43,"03/01/93 00:00:00","04/20/93 00:00:00",-200,4500,"C16297",19,,"C",,,,,,,,
517,43,"04/20/93 00:00:00","10/07/93 00:00:00",-200,1700,"C16298",14,,"C",,,,,,,,
518,43,"10/07/93 00:00:00","06/11/94 00:00:00",-100,5200,"C16299",25,,"C",,,,,,,,
519,43,"06/11/94 00:00:00","01/11/95 00:00:00",-400,3200,"C16300",22,,"C",,,,,,,,
520,43,"01/11/95 00:00:00","05/01/95 00:00:00",450,5360,"C16301",20,,"C",,,,,,,,
521,43,"05/01/95 00:00:00","07/29/95 00:00:00",-200,2400,"C16302",15,,"C",,,,,,,,
522,43,"07/29/95 00:00:00","12/31/95 00:00:00",-180,3300,"C16303",16,,"C",,,,,,,,
523,43,"12/31/95 00:00:00","04/01/96 00:00:00",-70,3800,"C16304",19,,"C",,,,,,,,
524,43,"04/01/96 00:00:00","07/18/96 00:00:00",-500,2500,"C16305",20,,"C",,,,,,,,
525,43,"07/18/96 00:00:00","05/10/97 00:00:00",-300,4800,"C16306",28,,"C",,,,,,,,
526,43,"05/10/97 00:00:00","10/12/97 00:00:00",-500,3300,"C16307",20,,"C",,,,,,,,
527,43,"10/12/97 00:00:00","06/19/99 11:47:00",-100,5000,"C16308",26,,"C",,,,,,,,
530,16,"01/01/83 00:00:00","04/08/83 00:00:00",350,900,"C16318",10,,"C",,,,,,,,
531,16,"04/08/83 00:00:00","07/05/83 00:00:00",600,1700,"C16319",10,,"C",,,,,,,,
532,16,"07/05/83 00:00:00","01/01/84 00:00:00",50,600,"C16320",12,,"C",,,,,,,,
533,16,"01/01/84 00:00:00","01/01/85 00:00:00",50,900,"C16321",15,,"C",,,,,,,,
534,16,"01/01/85 00:00:00","12/31/85 00:00:00",100,700,"C16322",15,,"C",,,,,,,,
535,16,"12/31/85 00:00:00","10/21/86 00:00:00",100,1200,"C16323",16,,"C",,,,,,,,
536,16,"10/21/86 00:00:00","12/31/87 00:00:00",200,1200,"C16324",16,,"C",,,,,,,,
537,16,"12/31/87 00:00:00","04/19/88 00:00:00",200,1200,"C16325",16,,"C",,,,,,,,
538,16,"04/19/88 00:00:00","12/31/89 00:00:00",200,1200,"C16326",17,,"C",,,,,,,,
539,16,"12/31/89 00:00:00","05/24/90 00:00:00",0,1600,"C16327",18,,"C",,,,,,,,
540,16,"05/24/90 00:00:00","10/23/90 00:00:00",0,500,"C16328",7,,"C",,,,,,,,
541,16,"10/23/90 00:00:00","12/23/91 00:00:00",0,1000,"C16329",15,,"C",,,,,,,,
542,16,"12/23/91 00:00:00","10/01/92 00:00:00",130,1000,"C16330",14,,"C",,,,,,,,
543,16,"10/01/92 00:00:00","03/01/93 00:00:00",120,1200,"C16331",16,,"C",,,,,,,,
544,16,"03/01/93 00:00:00","12/22/93 00:00:00",120,1200,"C16332",18,,"C",,,,,,,,
545,16,"12/22/93 00:00:00","06/14/94 00:00:00",170,1200,"C16333",15,,"C",,,,,,,,
546,16,"06/14/94 00:00:00","09/07/94 00:00:00",100,800,"C16334",14,,"C",,,,,,,,
547,16,"09/07/94 00:00:00","01/26/95 00:00:00",150,1200,"C16335",19,,"C",,,,,,,,
548,16,"01/26/95 00:00:00","08/01/95 00:00:00",150,1200,"C16336",18,,"C",,,,,,,,
549,16,"08/01/95 00:00:00","02/01/96 00:00:00",250,1200,"C16337",15,,"C",,,,,,,,
550,16,"02/01/96 00:00:00","08/01/96 00:00:00",250,1200,"C16338",17,,"C",,,,,,,,
551,16,"08/01/96 00:00:00","11/12/96 00:00:00",200,1200,"C16339",18,,"C",,,,,,,,
552,16,"11/12/96 00:00:00","03/28/97 00:00:00",250,1200,"C16340",15,,"C",,,,,,,,
553,16,"03/28/97 00:00:00","06/14/97 00:00:00",200,1200,"C16341",18,,"C",,,,,,,,
554,16,"06/14/97 00:00:00","04/26/98 14:00:00",210,1200,"C16342",17,,"C",,,,,,,,
605,36,"09/01/73 00:00:00","04/07/83 00:00:00",520,3050,"C16372",43,,"C",,,,,,,,
606,36,"04/07/83 00:00:00","12/31/85 00:00:00",450,3750,"C16373",22,,"C",,,,,,,,
607,36,"12/31/85 00:00:00","12/30/87 00:00:00",570,3600,"C16374",47,,"C",,,,,,,,
608,36,"12/30/87 00:00:00","12/31/87 00:00:00",500,3750,"C16375",17,,"C",,,,,,,,
609,36,"12/31/87 00:00:00","09/01/90 00:00:00",420,3750,"C16376",18,,"C",,,,,,,,
610,36,"09/01/90 00:00:00","06/01/91 00:00:00",420,3750,"C16377",21,,"C",,,,,,,,
611,36,"06/01/91 00:00:00","11/13/91 00:00:00",420,3750,"C16378",18,,"C",,,,,,,,
612,36,"11/13/91 00:00:00","12/23/91 00:00:00",420,3750,"C16379",21,,"C",,,,,,,,
613,36,"12/23/91 00:00:00","03/24/92 00:00:00",450,3750,"C16380",21,,"C",,,,,,,,
614,36,"03/24/92 00:00:00","02/21/93 00:00:00",420,3750,"C16381",21,,"C",,,,,,,,
615,36,"02/21/93 00:00:00","10/16/96 00:00:00",400,3100,"C16382",19,,"C",,,,,,,,
617,25,"01/01/82 00:00:00","01/01/96 00:00:00",0,3300,"2",21,,"C",,,,,,,,
618,25,"01/01/96 00:00:00","03/31/97 00:00:00",0,3300,"3",20,,"C",,,,,,,,
619,25,"03/31/97 00:00:00","10/01/97 00:00:00",0,3300,"4",18,,"C",,,,,,,,
622,10,"04/15/98 00:00:00","10/25/98 12:00:00",20,2500,"18",20,,"C",,,,,,,,
623,10,"01/01/84 00:00:00","08/10/84 00:00:00",110,1450,"015",21,,"C",,,,,,,,
624,10,"03/10/80 00:00:00","01/01/81 00:00:00",180,1450,"010",13,,"C",,,,,,,,
625,10,"01/01/85 00:00:00","12/31/85 00:00:00",110,1450,"017",20,,"C",,,,,,,,
626,10,"01/01/82 00:00:00","01/01/83 00:00:00",110,1450,"012",21,,"C",,,,,,,,
627,10,"01/01/83 00:00:00","04/10/83 00:00:00",250,1450,"013",22,,"C",,,,,,,,
628,10,"01/01/77 00:00:00","01/01/78 00:00:00",110,1230,"005",12,,"C",,,,,,,,
629,10,"01/01/78 00:00:00","05/15/78 00:00:00",200,1450,"006",16,,"C",,,,,,,,
630,10,"08/10/84 00:00:00","01/01/85 00:00:00",110,1450,"016",21,,"C",,,,,,,,
631,10,"05/15/78 00:00:00","01/01/79 00:00:00",110,1230,"007",14,,"C",,,,,,,,
632,10,"01/01/73 00:00:00","01/01/74 00:00:00",100,1250,"001",13,,"C",,,,,,,,
633,10,"01/01/74 00:00:00","01/01/75 00:00:00",60,1400,"002",16,,"C",,,,,,,,
634,10,"01/01/75 00:00:00","01/01/76 00:00:00",200,1230,"003",14,,"C",,,,,,,,
635,10,"12/31/85 00:00:00","12/31/87 00:00:00",0,2600,"C16390",20,,"C",,,,,,,,
636,10,"12/31/87 00:00:00","08/17/88 00:00:00",0,2200,"C16391",20,,"C",,,,,,,,
637,10,"08/17/88 00:00:00","01/07/89 00:00:00",0,2400,"C16392",20,,"C",,,,,,,,
638,10,"01/07/89 00:00:00","10/29/90 00:00:00",0,2400,"C16393",19,,"C",,,,,,,,
639,10,"10/29/90 00:00:00","06/22/91 00:00:00",0,2600,"C16394",20,,"C",,,,,,,,
640,10,"06/22/91 00:00:00","02/05/92 00:00:00",20,1800,"C16395",16,,"C",,,,,,,,
641,10,"02/05/92 00:00:00","05/03/92 00:00:00",50,2200,"C16396",14,,"C",,,,,,,,
642,10,"05/03/92 00:00:00","03/01/93 00:00:00",50,2400,"C16397",18,,"C",,,,,,,,
643,10,"03/01/93 00:00:00","09/26/93 00:00:00",0,1600,"C16398",16,,"C",,,,,,,,
644,10,"09/26/93 00:00:00","12/09/93 00:00:00",0,2600,"C16399",19,,"C",,,,,,,,
645,10,"12/09/93 00:00:00","07/01/94 00:00:00",0,2600,"C16400",20,,"C",,,,,,,,
646,10,"07/01/94 00:00:00","12/31/95 00:00:00",0,2000,"C16401",20,,"C",,,,,,,,
647,10,"12/31/95 00:00:00","03/31/96 00:00:00",80,2600,"C16402",18,,"C",,,,,,,,
648,10,"03/31/96 00:00:00","08/01/96 00:00:00",0,2600,"C16403",19,,"C",,,,,,,,
649,10,"08/01/96 00:00:00","06/23/97 00:00:00",0,2600,"C16404",20,,"C",,,,,,,,
650,10,"06/23/97 00:00:00","04/15/98 00:00:00",0,2600,"C16405",20,,"C",,,,,,,,
651,10,"01/01/79 00:00:00","01/01/80 00:00:00",110,1450,"008",14,,"C",,,,,,,,
652,10,"01/01/80 00:00:00","03/10/80 00:00:00",180,1450,"009",13,,"C",,,,,,,,
653,10,"01/01/76 00:00:00","01/01/77 00:00:00",200,1230,"004",16,,"C",,,,,,,,
654,10,"01/01/81 00:00:00","01/01/82 00:00:00",160,1450,"011",21,,"C",,,,,,,,
655,10,"04/10/83 00:00:00","01/01/84 00:00:00",110,1450,"014",22,,"C",,,,,,,,
658,24,"01/08/99 13:00:00","07/01/99 16:00:00",200,1720,"23",21,,"C",,,,,,,,
659,24,"01/01/83 00:00:00","01/01/84 00:00:00",300,2300,"C16406",18,,"C",,,,,,,,
660,24,"01/01/84 00:00:00","01/01/85 00:00:00",350,2300,"C16407",20,,"C",,,,,,,,
661,24,"01/01/85 00:00:00","07/01/85 00:00:00",300,2300,"C16408",21,,"C",,,,,,,,
662,24,"07/01/85 00:00:00","12/31/85 00:00:00",280,2300,"C16409",22,,"C",,,,,,,,
663,24,"12/31/85 00:00:00","04/30/87 00:00:00",250,2200,"C16410",21,,"C",,,,,,,,
664,24,"04/30/87 00:00:00","12/30/88 00:00:00",350,2000,"C16411",18,,"C",,,,,,,,
665,24,"12/30/88 00:00:00","06/12/89 00:00:00",300,2200,"C16412",19,,"C",,,,,,,,
666,24,"06/12/89 00:00:00","12/31/89 00:00:00",250,2200,"C16413",23,,"C",,,,,,,,
667,24,"12/31/89 00:00:00","11/11/90 00:00:00",200,1700,"C16414",20,,"C",,,,,,,,
668,24,"11/11/90 00:00:00","06/12/91 00:00:00",200,2000,"C16415",22,,"C",,,,,,,,
669,24,"06/12/91 00:00:00","02/13/92 00:00:00",200,2200,"C16416",23,,"C",,,,,,,,
670,24,"02/13/92 00:00:00","05/31/92 00:00:00",200,2000,"C16417",24,,"C",,,,,,,,
671,24,"05/31/92 00:00:00","07/12/92 00:00:00",200,1350,"C16418",18,,"C",,,,,,,,
672,24,"07/12/92 00:00:00","01/26/93 00:00:00",200,2000,"C16419",22,,"C",,,,,,,,
673,24,"01/26/93 00:00:00","03/04/93 00:00:00",200,1600,"C16420",15,,"C",,,,,,,,
674,24,"03/04/93 00:00:00","06/12/93 00:00:00",200,2000,"C16421",22,,"C",,,,,,,,
675,24,"06/12/93 00:00:00","12/18/93 00:00:00",200,1600,"C16422",15,,"C",,,,,,,,
676,24,"12/18/93 00:00:00","06/09/94 00:00:00",200,2300,"C16423",20,,"C",,,,,,,,
677,24,"06/09/94 00:00:00","03/30/95 00:00:00",200,1600,"C16424",14,,"C",,,,,,,,
678,24,"03/30/95 00:00:00","06/27/95 00:00:00",200,2300,"C16425",20,,"C",,,,,,,,
679,24,"06/27/95 00:00:00","12/01/95 00:00:00",200,1600,"C16426",15,,"C",,,,,,,,
680,24,"12/01/95 00:00:00","07/01/96 00:00:00",200,2300,"C16427",20,,"C",,,,,,,,
681,24,"07/01/96 00:00:00","02/27/97 00:00:00",200,1500,"C16428",15,,"C",,,,,,,,
682,24,"02/27/97 00:00:00","10/01/97 00:00:00",200,1800,"C16429",17,,"C",,,,,,,,
683,24,"10/01/97 00:00:00","12/23/97 00:00:00",350,1880,"20",21,,"C",,,,,,,,
684,24,"12/23/97 00:00:00","04/28/98 00:00:00",350,1880,"21",21,,"C",,,,,,,,
685,24,"04/28/98 00:00:00","01/08/99 13:00:00",230,1880,"22",19,,"C",,,,,,,,
688,66,"05/31/71 00:00:00","01/01/72 00:00:00",680,770,"C16431",7,,"C",,,,,,,,
689,66,"01/01/72 00:00:00","06/01/72 00:00:00",570,2650,"C16432",21,,"C",,,,,,,,
690,66,"06/01/72 00:00:00","09/01/72 00:00:00",680,1200,"C16433",5,,"C",,,,,,,,
691,66,"09/01/72 00:00:00","10/15/72 00:00:00",580,750,"C16434",4,,"C",,,,,,,,
692,66,"10/15/72 00:00:00","01/01/73 00:00:00",570,2650,"C16435",21,,"C",,,,,,,,
693,66,"01/01/73 00:00:00","06/01/73 00:00:00",570,2650,"C16436",21,,"C",,,,,,,,
694,66,"06/01/73 00:00:00","07/02/73 00:00:00",680,970,"C16437",13,,"C",,,,,,,,
695,66,"07/02/73 00:00:00","10/01/73 00:00:00",590,1040,"C16438",15,,"C",,,,,,,,
696,66,"10/01/73 00:00:00","12/01/73 00:00:00",560,1300,"C16439",17,,"C",,,,,,,,
697,66,"12/01/73 00:00:00","06/15/74 00:00:00",570,2650,"C16440",21,,"C",,,,,,,,
698,66,"06/15/74 00:00:00","10/01/74 00:00:00",640,980,"C16441",16,,"C",,,,,,,,
699,66,"10/01/74 00:00:00","01/01/75 00:00:00",680,2500,"C16442",26,,"C",,,,,,,,
700,66,"01/01/75 00:00:00","05/31/75 00:00:00",620,2250,"C16443",28,,"C",,,,,,,,
701,66,"05/31/75 00:00:00","06/30/75 00:00:00",720,900,"C16444",14,,"C",,,,,,,,
702,66,"06/30/75 00:00:00","09/14/75 00:00:00",750,1100,"C16445",9,,"C",,,,,,,,
703,66,"09/14/75 00:00:00","10/31/75 00:00:00",720,900,"C16446",14,,"C",,,,,,,,
704,66,"10/31/75 00:00:00","06/01/76 00:00:00",620,2250,"C16447",29,,"C",,,,,,,,
705,66,"06/01/76 00:00:00","10/01/76 00:00:00",600,900,"C16448",12,,"C",,,,,,,,
706,66,"10/01/76 00:00:00","01/01/77 00:00:00",620,2250,"C16449",29,,"C",,,,,,,,
707,66,"01/01/77 00:00:00","06/02/77 00:00:00",620,2250,"C16450",29,,"C",,,,,,,,
708,66,"06/02/77 00:00:00","07/02/77 00:00:00",600,1000,"C16451",13,,"C",,,,,,,,
709,66,"07/02/77 00:00:00","09/02/77 00:00:00",650,1100,"C16452",10,,"C",,,,,,,,
710,66,"09/02/77 00:00:00","10/16/77 00:00:00",600,1000,"C16453",13,,"C",,,,,,,,
711,66,"10/16/77 00:00:00","01/01/78 00:00:00",620,2250,"C16454",29,,"C",,,,,,,,
712,66,"01/01/78 00:00:00","01/01/79 00:00:00",530,2460,"C16455",31,,"C",,,,,,,,
713,66,"01/01/79 00:00:00","01/01/81 00:00:00",720,2420,"C16456",20,,"C",,,,,,,,
714,66,"01/01/81 00:00:00","01/01/82 00:00:00",690,2530,"C16457",23,,"C",,,,,,,,
715,66,"01/01/82 00:00:00","01/01/83 00:00:00",650,2530,"C16458",32,,"C",,,,,,,,
716,66,"01/01/83 00:00:00","01/01/84 00:00:00",650,2720,"C16459",31,,"C",,,,,,,,
717,66,"01/01/84 00:00:00","04/21/84 00:00:00",650,2690,"C16460",16,,"C",,,,,,,,
718,66,"04/21/84 00:00:00","05/30/84 00:00:00",700,1290,"C16461",10,,"C",,,,,,,,
719,66,"05/30/84 00:00:00","01/01/85 00:00:00",140,2080,"C16462",16,,"C",,,,,,,,
720,66,"01/01/85 00:00:00","01/01/86 00:00:00",200,2080,"C16463",15,,"C",,,,,,,,
721,66,"01/01/86 00:00:00","01/01/87 00:00:00",220,2050,"C16464",20,,"C",,,,,,,,
722,66,"01/01/87 00:00:00","01/01/90 00:00:00",140,2050,"C16465",22,,"C",,,,,,,,
723,66,"01/01/90 00:00:00","01/01/93 00:00:00",50,2050,"C16466",23,,"C",,,,,,,,
724,66,"01/01/93 00:00:00","01/01/94 00:00:00",100,2050,"C16467",22,,"C",,,,,,,,
725,66,"01/01/94 00:00:00","01/01/96 00:00:00",100,2050,"C16468",22,,"C",,,,,,,,
726,66,"01/01/96 00:00:00","01/01/97 00:00:00",120,2050,"C16469",18,,"C",,,,,,,,
727,66,"01/01/97 00:00:00","01/01/98 00:00:00",130,2050,"40",18,,"C",,,,,,,,
729,80,"01/01/89 00:00:00","01/01/92 00:00:00",160,1650,"18",17,,"C",,,,,,,,
730,80,"01/01/98 00:00:00","01/01/00 00:00:00",160,1650,"23",15,,"C",,,,,,,,
731,80,"08/12/69 00:00:00","01/01/71 00:00:00",180,790,"C16472",16,,"C",,,,,,,,
732,80,"01/01/71 00:00:00","01/01/72 00:00:00",190,800,"C16473",7,,"C",,,,,,,,
733,80,"01/01/72 00:00:00","11/15/72 00:00:00",180,500,"C16474",11,,"C",,,,,,,,
734,80,"11/15/72 00:00:00","01/01/74 00:00:00",150,1300,"C16475",10,,"C",,,,,,,,
735,80,"01/01/74 00:00:00","01/01/75 00:00:00",150,840,"C16476",17,,"C",,,,,,,,
736,80,"01/01/75 00:00:00","01/01/76 00:00:00",170,800,"C16477",13,,"C",,,,,,,,
737,80,"01/01/76 00:00:00","01/01/77 00:00:00",130,850,"C16478",19,,"C",,,,,,,,
738,80,"01/01/77 00:00:00","01/01/78 00:00:00",130,850,"C16479",19,,"C",,,,,,,,
739,80,"01/01/78 00:00:00","01/01/79 00:00:00",220,900,"C16480",11,,"C",,,,,,,,
740,80,"01/01/79 00:00:00","01/01/81 00:00:00",200,890,"C16481",19,,"C",,,,,,,,
741,80,"01/01/81 00:00:00","01/01/82 00:00:00",220,900,"C16482",17,,"C",,,,,,,,
742,80,"01/01/82 00:00:00","01/01/83 00:00:00",220,900,"C16483",17,,"C",,,,,,,,
743,80,"01/01/83 00:00:00","01/01/84 00:00:00",210,1650,"C16484",19,,"C",,,,,,,,
744,80,"01/01/84 00:00:00","01/01/85 00:00:00",210,1650,"C16485",19,,"C",,,,,,,,
745,80,"01/01/85 00:00:00","01/01/86 00:00:00",210,1650,"C16486",19,,"C",,,,,,,,
746,80,"01/01/86 00:00:00","01/01/88 00:00:00",210,1650,"C16487",15,,"C",,,,,,,,
747,80,"01/01/88 00:00:00","01/01/89 00:00:00",210,1650,"C16488",17,,"C",,,,,,,,
748,80,"01/01/92 00:00:00","01/01/93 00:00:00",160,1650,"C16489",17,,"C",,,,,,,,
749,80,"01/01/93 00:00:00","01/01/94 00:00:00",160,1650,"C16490",18,,"C",,,,,,,,
750,80,"01/01/94 00:00:00","01/01/96 00:00:00",160,1650,"C16491",14,,"C",,,,,,,,
751,80,"01/01/96 00:00:00","01/01/98 00:00:00",160,1650,"C16492",17,,"C",,,,,,,,
754,105,"01/01/98 00:00:00","03/15/00 00:00:00",280,1000,"5",19,,"C",,,,,,,,
755,105,"01/01/91 00:00:00","01/01/93 00:00:00",280,800,"C16494",13,,"C",,,,,,,,
756,105,"01/01/93 00:00:00","01/01/94 00:00:00",280,800,"C16495",14,,"C",,,,,,,,
757,105,"01/01/94 00:00:00","01/01/97 00:00:00",280,1000,"C16496",14,,"C",,,,,,,,
758,105,"01/01/97 00:00:00","01/01/98 00:00:00",280,1000,"4",18,,"C",,,,,,,,
763,18,"01/01/99 00:00:00","01/01/00 00:00:00",250,2600,"23",18,,"C",,,,,,,,
766,18,"02/02/87 00:00:00","02/03/87 00:00:00",200,3000,"C16499",22,,"C",,,,,,,,
767,18,"02/03/87 00:00:00","07/06/87 00:00:00",300,2300,"C16500",18,,"C",,,,,,,,
768,18,"07/06/87 00:00:00","11/30/88 00:00:00",200,2300,"C16501",18,,"C",,,,,,,,
769,18,"11/30/88 00:00:00","05/01/89 00:00:00",200,3000,"C16502",21,,"C",,,,,,,,
770,18,"05/01/89 00:00:00","07/12/89 00:00:00",200,2600,"C16503",17,,"C",,,,,,,,
771,18,"07/12/89 00:00:00","11/04/89 00:00:00",200,3000,"C16504",21,,"C",,,,,,,,
772,18,"11/04/89 00:00:00","03/01/90 00:00:00",200,2600,"C16505",17,,"C",,,,,,,,
773,18,"03/01/90 00:00:00","08/25/90 00:00:00",200,2500,"C16506",17,,"C",,,,,,,,
774,18,"08/25/90 00:00:00","03/22/91 00:00:00",200,2600,"C16507",17,,"C",,,,,,,,
775,18,"03/22/91 00:00:00","11/12/91 00:00:00",150,1700,"C16508",14,,"C",,,,,,,,
776,18,"11/12/91 00:00:00","01/12/92 00:00:00",200,2500,"C16509",16,,"C",,,,,,,,
777,18,"01/12/92 00:00:00","09/29/92 00:00:00",200,2500,"C16510",17,,"C",,,,,,,,
778,18,"09/29/92 00:00:00","04/01/93 00:00:00",200,2500,"C16511",16,,"C",,,,,,,,
779,18,"04/01/93 00:00:00","05/27/93 00:00:00",200,2500,"C16512",17,,"C",,,,,,,,
780,18,"05/27/93 00:00:00","09/10/93 00:00:00",200,2500,"C16513",16,,"C",,,,,,,,
781,18,"09/10/93 00:00:00","01/26/95 00:00:00",200,2700,"C16514",18,,"C",,,,,,,,
782,18,"01/26/95 00:00:00","02/28/96 00:00:00",200,2700,"C16515",15,,"C",,,,,,,,
783,18,"02/28/96 00:00:00","05/01/96 00:00:00",220,1800,"C16516",13,,"C",,,,,,,,
784,18,"05/01/96 00:00:00","11/21/96 00:00:00",120,2700,"C16517",17,,"C",,,,,,,,
785,18,"11/21/96 00:00:00","07/01/97 00:00:00",100,2700,"C16518",19,,"C",,,,,,,,
786,18,"07/01/97 00:00:00","04/28/98 00:00:00",160,2700,"C16519",20,,"C",,,,,,,,
787,18,"04/28/98 00:00:00","08/01/98 00:00:00",280,2600,"21",17,,"C",,,,,,,,
788,18,"08/01/98 00:00:00","01/01/99 00:00:00",250,2600,"22",18,,"C",,,,,,,,
789,22,"09/01/98 00:00:00","01/01/99 00:00:00",350,1520,"31",18,,"C",,,,,,,,
790,22,"01/01/99 00:00:00","06/07/99 00:00:00",220,2950,"32",18,,"C",,,,,,,,
791,22,"01/01/83 00:00:00","06/03/83 00:00:00",500,2700,"C16520",19,,"C",,,,,,,,
792,22,"06/03/83 00:00:00","01/01/84 00:00:00",450,1200,"C16521",14,,"C",,,,,,,,
793,22,"01/01/84 00:00:00","01/01/85 00:00:00",400,2700,"C16522",21,,"C",,,,,,,,
794,22,"01/01/85 00:00:00","12/31/85 00:00:00",450,2690,"C16523",24,,"C",,,,,,,,
795,22,"12/31/85 00:00:00","02/28/87 00:00:00",300,2850,"C16524",25,,"C",,,,,,,,
796,22,"02/28/87 00:00:00","07/21/87 00:00:00",300,2400,"C16525",23,,"C",,,,,,,,
797,22,"07/21/87 00:00:00","01/07/88 00:00:00",400,2400,"C16526",21,,"C",,,,,,,,
798,22,"01/07/88 00:00:00","12/19/89 00:00:00",300,2850,"C16527",25,,"C",,,,,,,,
799,22,"12/19/89 00:00:00","08/03/90 00:00:00",300,2850,"C16528",24,,"C",,,,,,,,
800,22,"08/03/90 00:00:00","01/12/91 00:00:00",200,2850,"C16529",23,,"C",,,,,,,,
801,22,"01/12/91 00:00:00","05/16/91 00:00:00",200,2850,"C16530",21,,"C",,,,,,,,
802,22,"05/16/91 00:00:00","11/14/91 00:00:00",250,2850,"C16531",20,,"C",,,,,,,,
803,22,"11/14/91 00:00:00","01/11/92 00:00:00",200,2850,"C16532",20,,"C",,,,,,,,
804,22,"01/11/92 00:00:00","05/02/92 00:00:00",200,2200,"C16533",15,,"C",,,,,,,,
805,22,"05/02/92 00:00:00","08/13/92 00:00:00",200,2850,"C16534",20,,"C",,,,,,,,
806,22,"08/13/92 00:00:00","10/26/92 00:00:00",250,2850,"C16535",20,,"C",,,,,,,,
807,22,"10/26/92 00:00:00","05/14/93 00:00:00",200,2850,"C16536",19,,"C",,,,,,,,
808,22,"05/14/93 00:00:00","12/09/93 00:00:00",230,1900,"C16537",15,,"C",,,,,,,,
809,22,"12/09/93 00:00:00","04/04/94 00:00:00",200,2850,"C16538",19,,"C",,,,,,,,
810,22,"04/04/94 00:00:00","06/25/94 00:00:00",320,2200,"C16539",15,,"C",,,,,,,,
811,22,"06/25/94 00:00:00","07/26/94 00:00:00",200,2850,"C16540",19,,"C",,,,,,,,
812,22,"07/26/94 00:00:00","01/11/95 00:00:00",320,2200,"C16541",16,,"C",,,,,,,,
813,22,"01/11/95 00:00:00","04/20/95 00:00:00",200,2850,"C16542",19,,"C",,,,,,,,
814,22,"04/20/95 00:00:00","12/25/95 00:00:00",200,2850,"C16543",18,,"C",,,,,,,,
815,22,"12/25/95 00:00:00","05/19/96 00:00:00",220,2200,"C16544",14,,"C",,,,,,,,
816,22,"05/19/96 00:00:00","06/21/96 00:00:00",220,1500,"C16545",13,,"C",,,,,,,,
817,22,"06/21/96 00:00:00","08/03/96 00:00:00",240,1500,"C16546",13,,"C",,,,,,,,
818,22,"08/03/96 00:00:00","09/08/96 00:00:00",440,2200,"C16547",16,,"C",,,,,,,,
819,22,"09/08/96 00:00:00","11/22/96 00:00:00",630,3200,"C16548",16,,"C",,,,,,,,
820,22,"11/22/96 00:00:00","04/07/97 00:00:00",200,3200,"C16549",15,,"C",,,,,,,,
821,22,"04/07/97 00:00:00","06/06/97 00:00:00",420,3200,"C16550",17,,"C",,,,,,,,
822,22,"06/06/97 00:00:00","10/01/97 00:00:00",780,3000,"C16551",16,,"C",,,,,,,,
823,22,"10/01/97 00:00:00","12/22/97 00:00:00",780,3000,"C16552",14,,"C",,,,,,,,
824,22,"12/22/97 00:00:00","05/04/98 00:00:00",550,1520,"29",15,,"C",,,,,,,,
825,22,"05/04/98 00:00:00","09/01/98 00:00:00",550,1520,"30",18,,"C",,,,,,,,
826,22,"06/07/99 00:00:00","08/05/99 04:00:00",220,2100,"33",16,,"C",,,,,,,,
827,22,"08/05/99 04:00:00","01/01/00 00:00:00",220,3000,"34",19,,"C",,,,,,,,
830,11,"04/01/00 00:00:00","05/04/00 12:00:00",1150,4600,"22",20,,"C",,,,,,,,
831,11,"09/27/98 00:00:00","02/20/99 00:00:00",1280,3180,"19",20,,"C",,,,,,,,
832,11,"12/31/87 00:00:00","04/03/88 00:00:00",1400,3800,"C16554",13,,"C",,,,,,,,
833,11,"04/03/88 00:00:00","06/11/88 00:00:00",1400,3000,"C16555",13,,"C",,,,,,,,
834,11,"06/11/88 00:00:00","01/07/89 00:00:00",1400,3800,"C16556",14,,"C",,,,,,,,
835,11,"01/07/89 00:00:00","04/28/89 00:00:00",1400,3400,"C16557",12,,"C",,,,,,,,
836,11,"04/28/89 00:00:00","07/12/89 00:00:00",1400,3400,"C16558",16,,"C",,,,,,,,
837,11,"07/12/89 00:00:00","12/15/89 00:00:00",1000,2100,"C16559",14,,"C",,,,,,,,
838,11,"12/15/89 00:00:00","03/02/90 00:00:00",1100,3850,"C16560",19,,"C",,,,,,,,
839,11,"03/02/90 00:00:00","07/16/90 00:00:00",1000,2800,"C16561",13,,"C",,,,,,,,
840,11,"07/16/90 00:00:00","09/16/90 00:00:00",1000,2800,"C16562",15,,"C",,,,,,,,
841,11,"09/16/90 00:00:00","12/23/90 00:00:00",1000,2800,"C16563",14,,"C",,,,,,,,
842,11,"12/23/90 00:00:00","01/15/91 00:00:00",1100,3850,"C16564",19,,"C",,,,,,,,
843,11,"01/15/91 00:00:00","07/01/91 00:00:00",1000,4300,"C16565",19,,"C",,,,,,,,
844,11,"07/01/91 00:00:00","05/03/92 00:00:00",1000,4600,"C16566",17,,"C",,,,,,,,
845,11,"05/03/92 00:00:00","10/01/92 00:00:00",1100,4600,"C16567",16,,"C",,,,,,,,
846,11,"10/01/92 00:00:00","10/25/92 00:00:00",1000,4300,"C16568",19,,"C",,,,,,,,
847,11,"10/25/92 00:00:00","01/05/93 00:00:00",1100,4600,"C16569",16,,"C",,,,,,,,
848,11,"01/05/93 00:00:00","04/22/93 00:00:00",1000,2900,"C16570",12,,"C",,,,,,,,
849,11,"04/22/93 00:00:00","06/15/93 00:00:00",1000,4300,"C16571",19,,"C",,,,,,,,
850,11,"06/15/93 00:00:00","09/03/93 00:00:00",1100,4600,"C16572",16,,"C",,,,,,,,
851,11,"09/03/93 00:00:00","12/09/93 00:00:00",1100,2900,"C16573",11,,"C",,,,,,,,
852,11,"12/09/93 00:00:00","05/01/94 00:00:00",1100,4600,"C16574",16,,"C",,,,,,,,
853,11,"05/01/94 00:00:00","10/20/94 00:00:00",1000,2900,"C16575",12,,"C",,,,,,,,
854,11,"10/20/94 00:00:00","12/31/94 00:00:00",1100,2900,"C16576",11,,"C",,,,,,,,
855,11,"12/31/94 00:00:00","02/04/95 00:00:00",1100,4600,"C16577",16,,"C",,,,,,,,
856,11,"02/04/95 00:00:00","03/01/95 00:00:00",1000,4600,"C16578",17,,"C",,,,,,,,
857,11,"03/01/95 00:00:00","09/01/95 00:00:00",1000,4300,"C16579",19,,"C",,,,,,,,
858,11,"09/01/95 00:00:00","11/19/95 00:00:00",1100,2900,"C16580",11,,"C",,,,,,,,
859,11,"11/19/95 00:00:00","02/13/96 00:00:00",1000,4300,"C16581",19,,"C",,,,,,,,
860,11,"02/13/96 00:00:00","04/01/96 00:00:00",1000,2900,"C16582",12,,"C",,,,,,,,
861,11,"04/01/96 00:00:00","05/29/96 00:00:00",1100,2900,"C16583",11,,"C",,,,,,,,
862,11,"05/29/96 00:00:00","11/01/96 00:00:00",1000,4300,"C16584",19,,"C",,,,,,,,
863,11,"11/01/96 00:00:00","01/18/97 00:00:00",1100,4600,"C16585",16,,"C",,,,,,,,
864,11,"01/18/97 00:00:00","06/29/97 00:00:00",1100,4600,"C16586",19,,"C",,,,,,,,
865,11,"06/29/97 00:00:00","10/12/97 00:00:00",1140,2500,"C16587",15,,"C",,,,,,,,
866,11,"10/12/97 00:00:00","04/05/98 00:00:00",1140,4600,"C16588",20,,"C",,,,,,,,
867,11,"04/05/98 00:00:00","09/27/98 00:00:00",1250,3180,"18",18,,"C",,,,,,,,
868,11,"07/07/99 15:00:00","04/01/00 00:00:00",1160,4600,"21",20,,"C",,,,,,,,
869,11,"02/20/99 00:00:00","07/07/99 15:00:00",1160,4550,"20",20,,"C",,,,,,,,
870,23,"01/20/98 15:00:00","02/20/99 00:00:00",50,1900,"19",15,,"C",,,,,,,,
871,23,"12/31/85 00:00:00","01/01/87 00:00:00",100,1600,"C16617",17,,"C",,,,,,,,
872,23,"01/01/87 00:00:00","05/11/87 00:00:00",150,1600,"C16618",15,,"C",,,,,,,,
873,23,"05/11/87 00:00:00","10/12/87 00:00:00",200,1200,"C16619",12,,"C",,,,,,,,
874,23,"10/12/87 00:00:00","04/30/88 00:00:00",200,1800,"C16620",17,,"C",,,,,,,,
875,23,"04/30/88 00:00:00","04/01/89 00:00:00",100,1800,"C16621",17,,"C",,,,,,,,
876,23,"04/01/89 00:00:00","12/31/89 00:00:00",100,1800,"C16622",19,,"C",,,,,,,,
877,23,"12/31/89 00:00:00","08/01/91 00:00:00",100,1900,"C16623",17,,"C",,,,,,,,
878,23,"08/01/91 00:00:00","10/08/91 00:00:00",100,1400,"C16624",16,,"C",,,,,,,,
879,23,"10/08/91 00:00:00","05/04/92 00:00:00",100,1900,"C16625",18,,"C",,,,,,,,
880,23,"05/04/92 00:00:00","07/12/92 00:00:00",100,1900,"C16626",18,,"C",,,,,,,,
881,23,"07/12/92 00:00:00","10/26/92 00:00:00",140,1900,"C16627",18,,"C",,,,,,,,
882,23,"10/26/92 00:00:00","06/01/93 00:00:00",100,1900,"C16628",18,,"C",,,,,,,,
883,23,"06/01/93 00:00:00","10/07/93 00:00:00",100,1050,"C16629",14,,"C",,,,,,,,
884,23,"10/07/93 00:00:00","06/15/94 00:00:00",100,1900,"C16630",17,,"C",,,,,,,,
885,23,"06/15/94 00:00:00","09/17/94 00:00:00",100,1500,"C16631",14,,"C",,,,,,,,
886,23,"09/17/94 00:00:00","07/25/95 00:00:00",100,1900,"C16632",18,,"C",,,,,,,,
887,23,"07/25/95 00:00:00","08/29/95 00:00:00",100,1900,"C16633",17,,"C",,,,,,,,
888,23,"08/29/95 00:00:00","06/10/96 00:00:00",100,1500,"C16634",14,,"C",,,,,,,,
889,23,"06/10/96 00:00:00","08/15/96 00:00:00",80,1500,"C16635",15,,"C",,,,,,,,
890,23,"08/15/96 00:00:00","07/01/97 00:00:00",60,1900,"C16636",17,,"C",,,,,,,,
891,23,"07/01/97 00:00:00","01/20/98 15:00:00",0,1900,"C16637",17,,"C",,,,,,,,
892,23,"02/20/99 00:00:00","06/01/99 00:00:00",150,1900,"20",18,,"C",,,,,,,,
893,23,"06/01/99 00:00:00","04/06/00 21:00:00",20,1950,"21",21,,"C",,,,,,,,
896,30,"06/30/97 00:00:00","10/14/97 00:00:00",660,2000,"C16663",16,,"C",,,,,,,,
897,30,"01/01/94 00:00:00","06/10/94 00:00:00",1220,5000,"C16653",19,,"C",,,,,,,,
898,30,"01/01/91 00:00:00","08/01/91 00:00:00",860,3700,"C16651",17,,"C",,,,,,,,
899,30,"08/01/96 00:00:00","01/27/97 00:00:00",1160,6700,"C16661",18,,"C",,,,,,,,
900,30,"05/21/96 00:00:00","08/01/96 00:00:00",720,4000,"C16660",22,,"C",,,,,,,,
901,30,"06/27/99 05:00:00","04/01/00 00:00:00",600,4600,"16",24,,"C",,,,,,,,
902,30,"06/10/94 00:00:00","09/05/94 00:00:00",1100,3100,"C16654",20,,"C",,,,,,,,
903,30,"09/05/94 00:00:00","12/15/94 00:00:00",1020,3500,"C16655",20,,"C",,,,,,,,
904,30,"12/15/94 00:00:00","03/15/95 00:00:00",1300,3900,"C16656",16,,"C",,,,,,,,
905,30,"03/15/95 00:00:00","10/09/95 00:00:00",1300,6700,"C16657",17,,"C",,,,,,,,
906,30,"01/01/96 00:00:00","05/21/96 00:00:00",1110,6700,"C16659",20,,"C",,,,,,,,
907,30,"06/05/92 00:00:00","10/26/92 00:00:00",700,3700,"C16652a",16,,"C",,,,,,,,
908,30,"10/26/92 00:00:00","11/12/92 00:00:00",850,3700,"C16652B",14,,"C",,,,,,,,
909,30,"11/12/92 00:00:00","01/01/93 00:00:00",500,3700,"C16652C",16,,"C",,,,,,,,
910,30,"01/01/93 00:00:00","03/17/93 00:00:00",480,3700,"C16652D",15,,"C",,,,,,,,
911,30,"08/01/91 00:00:00","06/05/92 00:00:00",700,3700,"C16652",18,,"C",,,,,,,,
912,30,"03/17/93 00:00:00","01/01/94 00:00:00",480,3700,"C16652E",20,,"C",,,,,,,,
913,30,"10/09/95 00:00:00","01/01/96 00:00:00",1230,5100,"C16658",18,,"C",,,,,,,,
914,30,"01/27/97 00:00:00","06/30/97 00:00:00",1140,6540,"C16662",18,,"C",,,,,,,,
915,30,"10/14/97 00:00:00","11/03/97 00:00:00",800,3000,"C16664",13,,"C",,,,,,,,
916,30,"11/03/97 00:00:00","04/08/98 00:00:00",1050,4200,"C16665",16,,"C",,,,,,,,
917,30,"04/08/98 00:00:00","05/13/98 00:00:00",910,4200,"C16666",17,,"C",,,,,,,,
918,30,"10/09/98 00:00:00","06/27/99 05:00:00",1050,4600,"C16667",19,,"C",,,,,,,,
943,7,"02/29/80 00:00:00","06/30/81 00:00:00",95600,6000,"C16686",43,,"C",,,,,,,,
944,7,"06/30/81 00:00:00","04/30/83 00:00:00",800,6000,"C16687",22,,"C",,,,,,,,
945,7,"04/30/83 00:00:00","12/30/85 00:00:00",850,6650,"C16688",26,,"C",,,,,,,,
946,7,"12/30/85 00:00:00","02/01/87 00:00:00",500,4800,"C16689",18,,"C",,,,,,,,
947,7,"02/01/87 00:00:00","02/29/88 00:00:00",500,3700,"C16690",17,,"C",,,,,,,,
948,7,"02/29/88 00:00:00","04/24/88 00:00:00",600,4600,"C16691",20,,"C",,,,,,,,
949,7,"04/24/88 00:00:00","01/08/89 00:00:00",450,4600,"C16692",17,,"C",,,,,,,,
950,7,"01/08/89 00:00:00","05/14/89 00:00:00",450,4600,"C16693",16,,"C",,,,,,,,
951,7,"05/14/89 00:00:00","10/28/89 00:00:00",500,1500,"C16694",10,,"C",,,,,,,,
952,7,"10/28/89 00:00:00","02/12/90 00:00:00",550,3700,"C16695",22,,"C",,,,,,,,
953,7,"02/12/90 00:00:00","03/09/90 00:00:00",900,4700,"C16696",16,,"C",,,,,,,,
954,7,"03/09/90 00:00:00","05/01/90 00:00:00",600,1600,"C16697",10,,"C",,,,,,,,
955,7,"05/01/90 00:00:00","06/20/90 00:00:00",500,1300,"C16698",9,,"C",,,,,,,,
956,7,"06/20/90 00:00:00","09/01/90 00:00:00",480,1800,"C16699",14,,"C",,,,,,,,
957,7,"09/01/90 00:00:00","10/29/90 00:00:00",480,2400,"C16700",16,,"C",,,,,,,,
958,7,"10/29/90 00:00:00","01/28/91 00:00:00",600,3300,"C16701",15,,"C",,,,,,,,
959,7,"01/28/91 00:00:00","08/06/91 00:00:00",500,3300,"C16702",18,,"C",,,,,,,,
960,7,"08/06/91 00:00:00","10/01/91 00:00:00",450,1500,"C16703",13,,"C",,,,,,,,
961,7,"10/01/91 00:00:00","07/01/92 00:00:00",600,3800,"C16704",20,,"C",,,,,,,,
962,7,"07/01/92 00:00:00","10/25/92 00:00:00",550,3100,"C16705",16,,"C",,,,,,,,
963,7,"10/25/92 00:00:00","12/24/92 00:00:00",600,3800,"C16706",20,,"C",,,,,,,,
964,7,"12/24/92 00:00:00","02/01/93 00:00:00",550,3100,"C16707",16,,"C",,,,,,,,
965,7,"02/01/93 00:00:00","09/10/93 00:00:00",500,1900,"C16708",11,,"C",,,,,,,,
966,7,"09/10/93 00:00:00","06/10/94 00:00:00",600,4800,"C16709",18,,"C",,,,,,,,
967,7,"06/10/94 00:00:00","01/11/95 00:00:00",550,3000,"C16710",13,,"C",,,,,,,,
968,7,"01/11/95 00:00:00","03/29/95 00:00:00",600,5960,"C16711",16,,"C",,,,,,,,
969,7,"03/29/95 00:00:00","06/04/96 00:00:00",500,4250,"C16712",16,,"C",,,,,,,,
970,7,"06/04/96 00:00:00","06/08/97 00:00:00",500,4250,"C16713",18,,"C",,,,,,,,
971,7,"06/08/97 00:00:00","01/21/98 00:00:00",500,4250,"C16714",17,,"C",,,,,,,,
975,63,"01/01/71 00:00:00","01/01/72 00:00:00",370,1680,"C16715",31,,"C",,,,,,,,
976,63,"01/01/72 00:00:00","01/01/74 00:00:00",280,1680,"C16716",38,,"C",,,,,,,,
977,63,"01/01/74 00:00:00","01/01/75 00:00:00",300,1620,"C16717",42,,"C",,,,,,,,
978,63,"01/01/75 00:00:00","01/01/76 00:00:00",250,1430,"C16718",26,,"C",,,,,,,,
979,63,"01/01/76 00:00:00","01/01/77 00:00:00",250,1430,"C16719",43,,"C",,,,,,,,
980,63,"01/01/77 00:00:00","01/01/78 00:00:00",250,1400,"C16720",22,,"C",,,,,,,,
981,63,"01/01/78 00:00:00","01/01/79 00:00:00",310,1510,"C16721",27,,"C",,,,,,,,
982,63,"01/01/79 00:00:00","01/01/80 00:00:00",360,1510,"C16722",23,,"C",,,,,,,,
983,63,"01/01/80 00:00:00","01/01/81 00:00:00",440,1510,"C16723",22,,"C",,,,,,,,
984,63,"01/01/81 00:00:00","01/01/82 00:00:00",430,1240,"C16724",22,,"C",,,,,,,,
985,63,"01/01/82 00:00:00","01/01/83 00:00:00",400,1510,"C16725",27,,"C",,,,,,,,
986,63,"01/01/83 00:00:00","01/01/84 00:00:00",440,1660,"C16726",20,,"C",,,,,,,,
987,63,"01/01/84 00:00:00","01/01/86 00:00:00",390,1660,"C16727",19,,"C",,,,,,,,
988,63,"01/01/86 00:00:00","01/01/89 00:00:00",390,1660,"C16728",18,,"C",,,,,,,,
989,63,"01/01/89 00:00:00","01/01/90 00:00:00",360,1660,"C16729",19,,"C",,,,,,,,
990,63,"01/01/90 00:00:00","01/01/92 00:00:00",300,1660,"C16730",21,,"C",,,,,,,,
991,63,"01/01/92 00:00:00","01/01/93 00:00:00",300,1660,"C16731",21,,"C",,,,,,,,
992,63,"01/01/93 00:00:00","01/01/94 00:00:00",300,1660,"C16732",21,,"C",,,,,,,,
993,63,"01/01/94 00:00:00","01/01/95 00:00:00",300,1660,"C16733",21,,"C",,,,,,,,
994,63,"01/01/95 00:00:00","01/01/96 00:00:00",300,1660,"C16734",22,,"C",,,,,,,,
995,63,"01/01/96 00:00:00","01/01/97 00:00:00",340,1660,"C16735",21,,"C",,,,,,,,
998,62,"06/20/80 00:00:00","09/01/80 00:00:00",140,310,"C16738",13,,"C",,,,,,,,
999,62,"09/01/80 00:00:00","01/01/81 00:00:00",160,350,"C16739",10,,"C",,,,,,,,
1000,62,"01/01/81 00:00:00","02/16/81 00:00:00",130,450,"C16740",16,,"C",,,,,,,,
1001,62,"02/16/81 00:00:00","10/15/81 00:00:00",130,450,"C16741",13,,"C",,,,,,,,
1002,62,"10/15/81 00:00:00","01/01/82 00:00:00",130,450,"C16742",16,,"C",,,,,,,,
1003,62,"01/01/82 00:00:00","01/01/83 00:00:00",140,450,"C16743",13,,"C",,,,,,,,
1004,62,"01/01/83 00:00:00","01/01/84 00:00:00",140,450,"C16744",15,,"C",,,,,,,,
1005,62,"01/01/84 00:00:00","01/01/85 00:00:00",120,450,"C16745",11,,"C",,,,,,,,
1006,62,"01/01/85 00:00:00","01/01/86 00:00:00",80,450,"C16746",12,,"C",,,,,,,,
1007,62,"01/01/86 00:00:00","01/01/89 00:00:00",100,700,"C16747",12,,"C",,,,,,,,
1008,62,"01/01/89 00:00:00","01/01/90 00:00:00",100,700,"C16748",12,,"C",,,,,,,,
1009,62,"01/01/90 00:00:00","12/31/90 00:00:00",70,700,"C16749",11,,"C",,,,,,,,
1010,62,"12/31/90 00:00:00","01/01/92 00:00:00",80,450,"C16750",12,,"C",,,,,,,,
1011,62,"01/01/92 00:00:00","01/01/93 00:00:00",70,700,"C16751",11,,"C",,,,,,,,
1012,62,"01/01/93 00:00:00","01/01/94 00:00:00",70,750,"C16752",12,,"C",,,,,,,,
1013,62,"01/01/94 00:00:00","01/01/95 00:00:00",70,950,"C16753",12,,"C",,,,,,,,
1014,62,"01/01/95 00:00:00","01/01/96 00:00:00",70,950,"C16754",12,,"C",,,,,,,,
1015,62,"01/01/96 00:00:00","01/01/97 00:00:00",70,750,"C16755",14,,"C",,,,,,,,
1016,62,"01/01/97 00:00:00","10/01/97 00:00:00",120,1000,"18",14,,"C",,,,,,,,
1017,62,"10/01/97 00:00:00","01/01/98 00:00:00",20,80,"20",8,,"C",,,,,,,,
1018,61,"01/01/70 00:00:00","06/15/70 00:00:00",790,2600,"4",17,,"C",,,,,,,,
1020,61,"01/01/71 00:00:00","04/15/71 00:00:00",700,2570,"C16757",28,,"C",,,,,,,,
1021,61,"04/15/71 00:00:00","07/01/71 00:00:00",670,1680,"C16758",14,,"C",,,,,,,,
1022,61,"07/01/71 00:00:00","10/15/71 00:00:00",690,1600,"C16759",17,,"C",,,,,,,,
1023,61,"10/15/71 00:00:00","02/01/72 00:00:00",670,1680,"C16760",14,,"C",,,,,,,,
1024,61,"02/01/72 00:00:00","04/15/72 00:00:00",700,2570,"C16761",28,,"C",,,,,,,,
1025,61,"04/15/72 00:00:00","05/15/72 00:00:00",670,1680,"C16762",14,,"C",,,,,,,,
1026,61,"05/15/72 00:00:00","09/01/72 00:00:00",690,2570,"C16763",32,,"C",,,,,,,,
1027,61,"09/01/72 00:00:00","11/15/72 00:00:00",670,1680,"C16764",14,,"C",,,,,,,,
1028,61,"11/15/72 00:00:00","04/01/73 00:00:00",700,2570,"C16765",28,,"C",,,,,,,,
1029,61,"04/01/73 00:00:00","05/15/73 00:00:00",670,2200,"C16766",19,,"C",,,,,,,,
1030,61,"05/15/73 00:00:00","10/01/73 00:00:00",650,2570,"C16767",32,,"C",,,,,,,,
1031,61,"10/01/73 00:00:00","11/14/73 00:00:00",670,2200,"C16768",19,,"C",,,,,,,,
1032,61,"11/14/73 00:00:00","04/11/74 00:00:00",700,2570,"C16769",28,,"C",,,,,,,,
1033,61,"04/11/74 00:00:00","05/01/74 00:00:00",670,2200,"C16770",21,,"C",,,,,,,,
1034,61,"05/01/74 00:00:00","10/01/74 00:00:00",650,2570,"C16771",32,,"C",,,,,,,,
1035,61,"10/01/74 00:00:00","01/01/75 00:00:00",670,2200,"C16772",21,,"C",,,,,,,,
1036,61,"01/01/75 00:00:00","03/16/75 00:00:00",700,2570,"C16773",28,,"C",,,,,,,,
1037,61,"03/16/75 00:00:00","04/16/75 00:00:00",670,2200,"C16774",21,,"C",,,,,,,,
1038,61,"04/16/75 00:00:00","08/15/75 00:00:00",650,2570,"C16775",34,,"C",,,,,,,,
1039,61,"08/15/75 00:00:00","10/15/75 00:00:00",670,2200,"C16776",21,,"C",,,,,,,,
1040,61,"10/15/75 00:00:00","01/01/76 00:00:00",700,2570,"C16777",28,,"C",,,,,,,,
1041,61,"01/01/76 00:00:00","03/16/76 00:00:00",700,2570,"C16778",26,,"C",,,,,,,,
1042,61,"03/16/76 00:00:00","05/16/76 00:00:00",670,2200,"C16779",21,,"C",,,,,,,,
1043,61,"05/16/76 00:00:00","11/16/76 00:00:00",650,2570,"C16780",34,,"C",,,,,,,,
1044,61,"11/16/76 00:00:00","01/01/77 00:00:00",700,2570,"C16781",26,,"C",,,,,,,,
1045,61,"01/01/77 00:00:00","01/01/78 00:00:00",700,2570,"C16782",37,,"C",,,,,,,,
1046,61,"01/01/78 00:00:00","01/01/79 00:00:00",760,2570,"C16783",20,,"C",,,,,,,,
1047,61,"01/01/79 00:00:00","02/29/80 00:00:00",760,2570,"C16784",19,,"C",,,,,,,,
1048,61,"02/29/80 00:00:00","01/01/81 00:00:00",800,2570,"C16785",20,,"C",,,,,,,,
1049,61,"01/01/81 00:00:00","01/01/82 00:00:00",950,1700,"C16786",18,,"C",,,,,,,,
1050,61,"01/01/82 00:00:00","01/01/83 00:00:00",730,1700,"C16787",18,,"C",,,,,,,,
1051,61,"01/01/83 00:00:00","01/01/84 00:00:00",740,2570,"C16788",21,,"C",,,,,,,,
1052,61,"01/01/84 00:00:00","01/01/85 00:00:00",740,2570,"C16789",20,,"C",,,,,,,,
1053,61,"01/01/85 00:00:00","01/01/86 00:00:00",800,2570,"C16790",26,,"C",,,,,,,,
1054,61,"01/01/86 00:00:00","01/01/90 00:00:00",800,2570,"C16791",28,,"C",,,,,,,,
1055,61,"01/01/90 00:00:00","01/01/92 00:00:00",800,2570,"C16792",29,,"C",,,,,,,,
1056,61,"01/01/92 00:00:00","01/01/93 00:00:00",750,2570,"C16793",22,,"C",,,,,,,,
1057,61,"01/01/93 00:00:00","01/01/94 00:00:00",750,2570,"C16794",23,,"C",,,,,,,,
1058,61,"01/01/94 00:00:00","01/01/95 00:00:00",750,2600,"C16795",18,,"C",,,,,,,,
1059,61,"01/01/95 00:00:00","01/01/96 00:00:00",750,2600,"C16796",20,,"C",,,,,,,,
1060,61,"01/01/96 00:00:00","01/01/97 00:00:00",710,2450,"C16797",18,,"C",,,,,,,,
1062,56,"01/01/98 00:00:00","01/01/01 00:00:00",750,3100,"11",17,"courbe revalidée jusqu'au 1/1/2001 pour après voir courbe 12","C",,,,,,,,
1067,56,"12/31/91 00:00:00","01/01/92 00:00:00",800,2540,"C16813",14,,"C",,,,,,,,
1073,56,"01/01/97 00:00:00","01/01/98 00:00:00",750,3100,"10",15,,"C",,,,,,,,
1094,60,"01/01/71 00:00:00","09/28/71 00:00:00",470,2500,"C16837",32,,"C",,,,,,,,
1095,60,"09/28/71 00:00:00","01/01/72 00:00:00",380,520,"C16838",6,,"C",,,,,,,,
1096,60,"01/01/72 00:00:00","12/30/72 00:00:00",350,1050,"C16839",23,,"C",,,,,,,,
1097,60,"12/30/72 00:00:00","07/04/73 00:00:00",270,1350,"C16840",24,,"C",,,,,,,,
1098,60,"07/04/73 00:00:00","08/09/73 00:00:00",380,550,"C16841",2,,"C",,,,,,,,
1099,60,"08/09/73 00:00:00","01/01/74 00:00:00",270,1350,"C16842",24,,"C",,,,,,,,
1100,60,"01/01/74 00:00:00","01/01/76 00:00:00",280,1780,"C16843",32,,"C",,,,,,,,
1101,60,"01/01/76 00:00:00","01/01/77 00:00:00",230,2500,"C16844",38,,"C",,,,,,,,
1102,60,"01/01/77 00:00:00","01/01/78 00:00:00",260,2500,"C16845",31,,"C",,,,,,,,
1103,60,"01/01/78 00:00:00","01/01/79 00:00:00",360,2950,"C16846",48,,"C",,,,,,,,
1104,60,"01/01/79 00:00:00","01/01/80 00:00:00",350,2930,"C16847",43,,"C",,,,,,,,
1105,60,"01/01/80 00:00:00","01/01/81 00:00:00",350,2930,"C16848",42,,"C",,,,,,,,
1106,60,"01/01/81 00:00:00","01/01/82 00:00:00",350,2930,"C16849",39,,"C",,,,,,,,
1107,60,"01/01/82 00:00:00","01/01/83 00:00:00",350,2930,"C16850",40,,"C",,,,,,,,
1108,60,"01/01/83 00:00:00","01/01/84 00:00:00",350,2960,"C16851",31,,"C",,,,,,,,
1109,60,"01/01/84 00:00:00","01/01/85 00:00:00",310,2310,"C16852",29,,"C",,,,,,,,
1110,60,"01/01/85 00:00:00","01/01/87 00:00:00",320,2380,"C16853",27,,"C",,,,,,,,
1111,60,"01/01/87 00:00:00","01/01/90 00:00:00",360,2670,"C16854",25,,"C",,,,,,,,
1112,60,"01/01/92 00:00:00","01/01/93 00:00:00",300,2670,"C16855",26,,"C",,,,,,,,
1113,60,"01/01/93 00:00:00","01/01/94 00:00:00",300,3000,"C16856",28,,"C",,,,,,,,
1114,60,"01/01/94 00:00:00","01/01/95 00:00:00",300,3000,"C16857",28,,"C",,,,,,,,
1115,60,"01/01/95 00:00:00","01/01/96 00:00:00",300,2800,"C16858",23,,"C",,,,,,,,
1116,60,"01/01/96 00:00:00","01/01/97 00:00:00",300,3000,"C16859",24,,"C",,,,,,,,
1119,52,"01/01/71 00:00:00","01/01/76 00:00:00",270,2930,"C16869",20,,"C",,,,,,,,
1120,52,"01/01/76 00:00:00","06/16/76 00:00:00",270,3250,"C16870",19,,"C",,,,,,,,
1121,52,"06/16/76 00:00:00","11/16/76 00:00:00",280,3250,"C16871",11,,"C",,,,,,,,
1122,52,"11/16/76 00:00:00","01/01/77 00:00:00",270,3250,"C16872",19,,"C",,,,,,,,
1123,52,"01/01/77 00:00:00","01/01/78 00:00:00",290,3400,"C16873",28,,"C",,,,,,,,
1124,52,"01/01/78 00:00:00","01/01/81 00:00:00",410,4010,"C16874",31,,"C",,,,,,,,
1125,52,"01/01/81 00:00:00","01/01/83 00:00:00",400,4460,"C16875",24,,"C",,,,,,,,
1126,52,"01/01/83 00:00:00","01/01/84 00:00:00",450,3900,"C16876",17,,"C",,,,,,,,
1127,52,"01/01/84 00:00:00","01/01/85 00:00:00",300,3900,"C16877",19,,"C",,,,,,,,
1128,52,"01/01/85 00:00:00","01/01/86 00:00:00",340,3900,"C16878",20,,"C",,,,,,,,
1129,52,"01/01/86 00:00:00","01/01/87 00:00:00",330,3900,"C16879",18,,"C",,,,,,,,
1130,52,"01/01/87 00:00:00","01/01/90 00:00:00",320,3900,"C16880",18,,"C",,,,,,,,
1131,52,"01/01/90 00:00:00","01/01/93 00:00:00",250,3900,"C16881",20,,"C",,,,,,,,
1132,52,"01/01/93 00:00:00","01/01/94 00:00:00",210,4010,"C16882",21,,"C",,,,,,,,
11814,60,"01/01/00 00:00:00","01/01/05 00:00:00",250,3200,"D28a",24,"modifiée en partie haute.","C","02/10/11 12:07:00","02/14/11 14:48:00","04/08/04 15:16:00",,,,,
11815,60,"01/01/05 00:00:00","08/09/06 11:00:00",170,3200,"D29a",22,"modifiée en partie haute.","C","02/10/11 15:59:00","02/14/11 14:49:00","07/12/06 16:00:00",,,,,
11821,130,"01/01/96 00:00:00","01/01/50 00:00:00",1200,5600,"BCEOM 2010",24,"CT Moise modélisé","C",,"02/18/11 12:35:00","11/03/03 00:00:00",,,,,
11823,138,"01/01/03 00:00:00","01/01/50 00:00:00",3600,5010,"BCEOM 2010",9,"CT Moise modélisé","C",,"02/18/11 14:46:00","02/16/04 14:14:00",,,,,
11846,184,"03/20/02 21:45:00","10/15/02 05:00:00",150,1600,"D02",21,,"C",,"02/18/11 18:05:00",,,,,,
11847,184,"03/11/02 16:45:00","03/20/02 21:45:00",150,1600,"D01",44,,"C",,"02/18/11 18:05:00",,,,,,
11848,184,"01/13/04 23:15:00","07/02/04 20:30:00",200,1150,"D03",19,,"C",,"02/18/11 18:05:00",,,,,,
11849,184,"11/16/04 17:15:00","01/01/07 00:00:00",150,1150,"D06",27,,"C",,"02/18/11 18:05:00",,,,,,
11850,184,"01/01/07 00:00:00","12/31/07 00:00:00",365,1500,"D05",35,,"C",,"02/18/11 18:06:00",,,,,,
11851,184,"07/02/04 20:30:00","11/16/04 17:15:00",200,600,"D04",11,,"C",,"02/18/11 18:06:00",,,,,,
11857,151,"01/01/90 00:00:00","01/01/50 00:00:00",100,4000,"BCEOM 2010",18,"CT moise modélisé","C",,"02/22/11 14:30:00",,,,,,
11867,141,"01/01/88 00:00:00","01/01/50 00:00:00",3050,5700,"BCEOM 2010",25,"CT moise modélisé","C",,"02/22/11 17:39:00","07/31/08 16:30:00",,,,,
11869,141,"01/01/88 00:00:00","01/01/50 00:00:00",3050,5700,"BCEOM 2007",12,"Etude BCEOM pour modèle Moise","C",,"02/22/11 17:49:00","07/31/08 16:30:00",,,,,
11888,141,"01/01/88 00:00:00","01/01/50 00:00:00",3050,5700,"BCEOM 2003",19,"Etude BCEOM pour modèle Moise","C",,"02/24/11 12:44:00","03/23/06 14:30:00",,,,,
11889,26,"01/01/90 00:00:00","01/01/50 00:00:00",710,790,"BCEOM 2003",14,"CT moise modélisée","C",,"02/24/11 12:47:00",,,,,,
11892,138,"01/01/03 00:00:00","01/01/50 00:00:00",3600,5010,"BCEOM 2004",16,"CT moise modélisée","C",,"02/24/11 12:50:00","02/16/04 14:14:00",,,,,
11894,151,"01/01/90 00:00:00","01/01/50 00:00:00",100,4000,"BCEOM 2003",18,"CT moise modélisée","C",,"02/24/11 12:52:00",,,,,,
11895,146,"01/01/93 00:00:00","01/01/50 00:00:00",100,2800,"BCEOM 2008",12,"CT moise modélisée","C",,"02/24/11 12:58:00","02/19/08 09:00:00",,,,,
11900,145,"01/01/00 00:00:00","01/01/05 00:00:00",4300,5350,"BCEOM 2004",21,"CT Moise modélisée","C",,"02/24/11 13:31:00","02/23/04 12:24:00",,,,,
11903,304,"01/01/09 00:00:00","01/01/50 00:00:00",400,1000,"D10",9,,"C",,"02/24/11 16:50:00","02/24/10 00:00:00",,,,,
12063,30,"11/02/03 17:51:00","01/01/11 00:00:00",1100,5500,"d19a",12,"En dessous de 130cm la station est sous influence de barrages.
Mise à jour des bornes d'extrapolation le 04/09/2009.","C","09/04/09 16:03:00","05/13/11 11:49:00","11/30/06 15:04:00",,,,,
12085,58,"09/01/04 00:01:00","01/01/11 00:01:00",690,4350,"d21a-hbe",19,,"C","02/10/10 15:18:00","05/19/11 15:43:00","02/10/10 14:20:00",,,,,
12116,31,"01/01/04 00:01:00","08/05/10 12:00:00",380,6100,"D17",18,"Mise à jour des bornes d'extrapolation et reprise de la courbe en basses eaux suite à l'étiage d'octobre 2009.


","C","10/08/09 10:31:00","05/27/11 15:47:00","10/08/09 10:00:00",,,,,
12169,102,"01/01/00 00:00:00","03/03/07 00:00:00",120,1200,"D08C",20,"Mise à jour des bornes d'extrapolation le 04/09/2009.","C","09/04/09 15:36:00","06/16/11 10:35:00","05/29/06 10:51:00",,,,,
12228,23,"10/01/10 00:00:00","01/01/50 00:00:00",160,1900,"d25",16,,"C","11/03/11 16:10:00","11/03/11 16:13:00","11/03/11 11:11:00",,,,,
12229,23,"01/01/06 00:00:00","10/01/10 00:00:00",120,1900,"d24",21,"Courbe recentrée sur les jaugeages à l'étiage.
Mise à jour des bornes d'extrapolation le 04/09/2009.","C","09/04/09 14:45:00","11/03/11 16:35:00","06/30/09 00:00:00",,,,,
12235,48,"12/07/08 00:00:00","01/08/11 00:00:00",90,2500,"D16-hbe",12,"Création d'une courbe à herbe en juillet 2010 suite à prolifération d'herbe au niveau du capteur et de l'échelle.
","C","09/28/09 14:45:00","11/10/11 16:54:00","08/26/05 15:29:00",,,,,
12260,60,"08/09/06 11:00:00","04/24/07 03:35:00",120,3200,"D30d",19,"modifiée en partie haute.","C","02/14/11 14:37:00","11/16/11 13:47:00","02/16/10 00:00:00",,,,,
12264,52,"03/08/03 10:09:00","12/25/10 00:00:00",500,5250,"D20",21,,"C","01/15/09 15:01:00","11/16/11 14:51:00","04/08/04 15:34:00",,,,,
12265,52,"06/25/08 09:10:00","12/25/10 00:00:00",450,5300,"D21a",15,,"C","11/16/11 14:56:00","11/16/11 14:58:00","04/08/04 15:34:00",,,,,
12275,55,"01/01/97 00:00:00","01/01/98 00:00:00",70,1400,"D16",15,,"C",,"11/16/11 16:25:00",,,,,,
12287,55,"01/01/04 00:00:00","10/04/06 00:00:00",50,1600,"D19a",14,,"C","06/16/06 15:23:00","11/16/11 16:44:00",,,,,,
12288,55,"10/04/06 00:00:00","12/07/08 00:00:00",50,1600,"D24",9,,"C",,"11/16/11 16:48:00","11/16/11 16:30:00",,,,,
12328,131,"09/01/06 11:11:00","01/01/50 00:00:00",320,2500,"Atravail",24,,"C","07/09/10 11:28:00","01/06/12 10:19:00","06/08/10 11:11:00",,,,,
12329,1,"02/23/99 00:00:00","06/28/99 01:00:00",460,4150,"C170029",22,,"C",,"01/06/12 10:35:00",,,,,,
12330,60,"01/01/97 00:00:00","01/01/98 00:00:00",300,3000,"D25",15,,"C",,"01/10/12 13:26:00",,,,,,
12331,60,"01/01/98 00:00:00","01/01/00 00:00:00",250,3200,"D26a",15,"modifiée en partie haute.
","C","02/10/11 12:01:00","01/10/12 13:36:00",,,,,,
12332,52,"01/01/97 00:00:00","01/01/98 00:00:00",200,4800,"D17",16,,"C",,"01/10/12 15:28:00",,,,,,
12333,52,"01/01/98 00:00:00","04/01/02 00:00:00",200,4800,"D18",18,,"C",,"01/10/12 15:31:00",,,,,,
12334,55,"01/01/98 00:00:00","01/01/02 00:00:00",60,1400,"D17",13,,"C",,"01/10/12 15:41:00",,,,,,
12335,55,"01/01/02 00:00:00","01/01/04 00:00:00",60,1400,"D18",16,,"C","06/13/06 15:07:00","01/10/12 15:44:00",,,,,,
12336,52,"04/01/02 00:00:00","03/08/03 10:09:00",500,2250,"D19",15,,"C",,"01/11/12 09:23:00",,,,,,
12337,7,"12/31/01 12:11:00","01/01/50 00:00:00",600,5500,"aD27btrav",19,,"C","10/16/06 11:47:00","01/11/12 11:34:00","10/16/06 11:47:00",,,,,
12341,17,"04/01/98 00:00:00","01/01/50 00:00:00",700,5800,"aD53TRAV",17,"courbe de base modifiée en fin 2008
Influence de la végétation, correction des hauteurs par des courbes à chapeau de gendarme sous HYDRO","C","12/15/08 18:26:00","01/11/12 14:04:00","12/05/07 11:28:00",,,,,
12342,63,"01/01/97 00:00:00","01/01/98 00:00:00",380,1660,"D21",20,,"C",,"01/11/12 15:10:00",,,,,,
12344,28,"01/01/11 00:00:00","01/01/50 00:00:00",2800,5800,"aDtrav",22,"COURBE DE HAUTES EAUX UNIQUEMENT, influence végétation sou la cote 250cm","C","05/19/11 10:28:00","01/11/12 15:53:00","05/19/11 10:20:00",,,,,
12345,28,"01/01/85 00:00:00","01/01/50 00:00:00",3300,5800,"D01a",12,"COURBE DE HAUTES et MOYENNES EAUX UNIQUEMENT","C","06/16/06 15:18:00","01/11/12 15:55:00","07/10/07 11:10:00",,,,,
12346,53,"01/01/98 00:00:00","01/01/99 00:00:00",180,800,"D22",15,,"C",,"01/12/12 09:11:00",,,,,,
12347,53,"01/01/97 00:00:00","01/01/98 00:00:00",180,800,"D21",15,,"C",,"01/12/12 09:14:00",,,,,,
12350,61,"01/01/97 00:00:00","01/01/98 00:00:00",780,2500,"D42",18,,"C",,"01/12/12 10:51:00",,,,,,
12367,40,"01/01/78 00:00:00","01/01/79 00:00:00",440,1500,"021",12,,"C",,,,,,,,
12368,40,"01/01/77 00:00:00","01/01/78 00:00:00",440,1500,"020",19,,"C",,,,,,,,
12369,40,"01/01/81 00:00:00","01/01/82 00:00:00",440,1660,"026",19,,"C",,,,,,,,
12370,40,"01/01/82 00:00:00","01/01/83 00:00:00",420,1660,"027",20,,"C",,,,,,,,
12371,40,"08/21/79 00:00:00","01/01/80 00:00:00",440,1660,"024",11,,"C",,,,,,,,
12372,40,"03/13/79 00:00:00","08/21/79 00:00:00",440,1500,"023",9,,"C",,,,,,,,
12373,40,"01/01/80 00:00:00","01/01/81 00:00:00",440,1660,"025",13,,"C",,,,,,,,
12374,40,"07/24/71 00:00:00","08/26/71 00:00:00",400,800,"008",12,,"C",,,,,,,,
12375,40,"06/18/71 00:00:00","07/24/71 00:00:00",400,1260,"007",17,,"C",,,,,,,,
12376,40,"08/26/71 00:00:00","01/01/72 00:00:00",400,1120,"009",16,,"C",,,,,,,,
12377,40,"01/01/72 00:00:00","05/15/72 00:00:00",400,1120,"010",14,,"C",,,,,,,,
12378,40,"05/15/72 00:00:00","05/27/72 00:00:00",740,980,"011",8,,"C",,,,,,,,
12379,40,"01/01/79 00:00:00","03/13/79 00:00:00",620,1500,"022",11,,"C",,,,,,,,
12380,40,"01/01/68 00:00:00","01/01/69 00:00:00",440,1500,"002",23,,"C",,,,,,,,
12381,40,"01/01/69 00:00:00","01/01/70 00:00:00",440,1500,"003",21,,"C",,,,,,,,
12382,40,"08/08/67 00:00:00","01/01/68 00:00:00",440,1260,"001",22,,"C",,,,,,,,
12383,40,"01/01/70 00:00:00","01/01/71 00:00:00",400,1500,"004",19,,"C",,,,,,,,
12384,40,"01/01/71 00:00:00","05/06/71 00:00:00",400,980,"005",13,,"C",,,,,,,,
12385,40,"05/06/71 00:00:00","06/18/71 00:00:00",400,1260,"006",15,,"C",,,,,,,,
12386,40,"01/01/83 00:00:00","01/01/84 00:00:00",400,2700,"C16351",22,,"C",,,,,,,,
12387,40,"01/01/84 00:00:00","06/01/84 00:00:00",400,2700,"C16352",22,,"C",,,,,,,,
12388,40,"06/01/84 00:00:00","01/22/85 00:00:00",350,2700,"C16353",21,,"C",,,,,,,,
12389,40,"01/22/85 00:00:00","11/05/85 00:00:00",350,2700,"C16354",22,,"C",,,,,,,,
12390,40,"11/05/85 00:00:00","12/31/85 00:00:00",350,2700,"C16355",26,,"C",,,,,,,,
12391,40,"12/31/85 00:00:00","04/24/87 00:00:00",350,2700,"C16356",22,,"C",,,,,,,,
12392,40,"04/24/87 00:00:00","03/31/88 00:00:00",350,2200,"C16357",21,,"C",,,,,,,,
17541,44,"03/20/06 17:30:00","01/01/50 00:00:00",100,7000,"A7994",28,"station sous influence d'un barrage amont.Prise en compte des jaugeages de crues de 83-84 ","C","06/29/11 11:26:00","05/30/22 11:15:00","08/04/08 11:25:00",,,"D29g",0,
17543,150,"09/01/12 00:00:00","01/01/14 00:00:00",200,4500,"D03d",10,,"C","04/16/14 10:38:00","05/30/22 14:10:00","06/07/04 14:00:00",,,"D03d",0,
17545,6,"02/23/14 00:00:00","01/01/18 00:00:00",50,3000,"D31f",9,"

	
	
","C","10/02/17 14:21:00","05/30/22 14:58:00","04/07/14 15:00:00",,,"D31f",0,
17547,312,"01/01/13 00:00:00","01/01/50 00:00:00",3400,8000,"D1b-tqe",8,"Courbe crée le 25/11/2015 à partir de la modélisation par CARIMA transmise par le CEREMA et adaptée en partie basse de la zone de validité à  partir des jaugeages. Inflexion au niveau de la zone de débordement du chenal navigable à voir lors de crues avec débordement. Courbe applicable à partir de h=340cm. Seuil à revoir (à la baisse) en fonction des jaugeages à venir dans la gamme 300/400 cm. 
Débordement en lit majeur à env 500 cm à l'échelle. 
Niveau normal d'exploitation: 315 cm env (échelle)
Info VNF: Zplan d'eau à 169,94 en IGN69 pour Q<150m3/s (et égal à 169,53 IGN69 pour Q=700 m3/s). Barrage complétement effacé (clapets + segments) à 2700 m3/s.
Abaissement du barrage aval inconnu (400cm?). Ajustement jaugeages de crue du 06 et 07/01/2018
extrapolation a partir de 600cm avec le modele MASCARET 


","C",,"06/10/22 07:42:00","01/09/18 15:55:00",3400,8000,"D1b-tqe",0,
17548,312,"01/01/13 00:00:00","01/01/50 00:00:00",3000,8000,"D1b",12,"Courbe crée le 25/11/2015 à partir de la modélisation par CARIMA transmise par le CEREMA et adaptée en partie basse de la zone de validité à  partir des jaugeages. Inflexion au niveau de la zone de débordement du chenal navigable à voir lors de crues avec débordement. Courbe applicable à partir de h=340cm. Seuil à revoir (à la baisse) en fonction des jaugeages à venir dans la gamme 300/400 cm. 
Débordement en lit majeur à env 500 cm à l'échelle. 
Niveau normal d'exploitation: 315 cm env (échelle)
Info VNF: Zplan d'eau à 169,94 en IGN69 pour Q<150m3/s (et égal à 169,53 IGN69 pour Q=700 m3/s). Barrage complétement effacé (clapets + segments) à 2700 m3/s.
Abaissement du barrage aval inconnu (400cm?). Ajustement jaugeages de crue du 06 et 07/01/2018
extrapolation a partir de 600cm avec le modele MASCARET 


","C",,"06/17/22 11:39:00","01/09/18 15:55:00",3000,8000,"D1b",0,
17549,44,"03/20/06 17:30:00","01/01/50 00:00:00",-50,7000,"D29g",21,"station sous influence d'un barrage amont.Prise en compte des jaugeages de crues de 83-84 ","C","06/29/11 11:26:00","07/04/22 14:28:00","08/04/08 11:25:00",,,"D29g",0,
17550,44,"03/20/06 17:30:00","01/01/50 00:00:00",-50,7000,"D29h",21,"station sous influence d'un barrage amont.Prise en compte des jaugeages de crues de 83-84 ","C","06/29/11 11:26:00","07/04/22 14:29:00","08/04/08 11:25:00",,,"D29h",0,
17551,331,"05/27/20 00:00:00","01/01/50 00:00:00",110,950,"D1a",19,,"C",,"07/07/22 15:37:00",,,,"D1a",0,
17553,202,"09/12/20 00:00:00","01/01/22 00:00:00",300,2200,"D27d",10,,"C","09/24/21 15:37:00","07/08/22 11:05:00","10/02/20 09:00:00",,,"D27d",0,
17554,202,"01/01/22 00:00:00","01/01/50 00:00:00",300,2200,"D28",11,,"C",,"07/08/22 11:07:00","07/08/22 11:00:00",,,"D28",0,
17555,319,"10/01/20 00:00:00","01/01/50 00:00:00",180,5100,"D03a-hbe",11,"nouvelle ct suite au détarage du07/19","T",,"07/12/22 14:58:00","12/03/15 16:49:00",,,"D03a-hbe",0,
17557,314,"02/02/21 00:00:00","01/01/50 00:00:00",1120,6900,"5",17,,"C","08/13/20 16:20:00","07/18/22 16:32:00","11/14/14 14:35:00",,,,1,
17558,47,"03/01/21 00:00:00","01/01/50 00:00:00",160,2900,"10",16,,"C","10/14/21 15:57:00","07/26/22 16:22:00","02/25/10 10:35:00",,,,1,
17559,16,"04/01/21 00:00:00","01/01/50 00:00:00",200,800,"dxx",19,"
","C","02/27/20 16:07:00","07/26/22 17:25:00","11/05/07 11:45:00",,,,1,
17561,267,"10/01/21 00:00:00","01/01/50 00:00:00",230,3000,"D9",18,,"C","08/05/20 15:44:00","07/28/22 13:50:00","08/04/20 15:30:00",,,"D9",0,
17563,107,"02/01/20 00:00:00","01/01/22 00:00:00",-100,2700,"D21-hbe",13,,"C",,"07/29/22 10:01:00","05/10/22 16:30:00",,,"D21-hbe",0,
17566,107,"01/01/22 00:00:00","01/01/50 00:00:00",-100,2700,"D23-hbe",15,,"C",,"07/29/22 13:55:00","07/29/22 10:00:00",,,"D23-hbe",0,
17567,27,"01/01/22 00:00:00","01/01/50 00:00:00",-30,2600,"D36",9,,"C",,"07/29/22 14:16:00","07/29/22 14:00:00",,,"D36",0,
17568,27,"01/05/18 00:00:00","01/01/22 00:00:00",-30,2600,"D34a",9,"Constat visuel d'une remblaiment du lit sous pont RD.","C","04/09/20 13:07:00","07/29/22 14:17:00","11/12/18 14:00:00",,,"D34a",0,
17569,42,"11/11/20 00:00:00","01/01/50 00:00:00",1540,4800,"dxx",19,"CT tronquée en étiage car capteur ensablé en dessous de 154 cm (en juillet 2017). 
Ajustement partie basse sur jaugeages après crues de janvier 2018 (modification du lit suite crues multiples.



","C","07/13/18 16:06:00","07/29/22 14:46:00","07/06/18 15:00:00",1540,5670,,0,
17571,41,"02/17/14 00:00:00","01/01/22 00:00:00",-200,3800,"D34a-hbe",11,,"C","08/04/22 09:34:00","08/04/22 09:34:00","10/13/11 20:00:00",,,"D34a-hbe",0,
17572,8,"01/01/22 00:00:00","01/01/50 00:00:00",250,2500,"D22a-tqe",13,"Les débits < à 13 m3/s seront calculés à partir de la station Chalaines amont.","C","08/04/22 12:25:00","08/04/22 12:26:00","05/23/22 00:00:00",250,,"D22a-tqe",0,
17573,134,"01/01/20 00:00:00","01/01/50 00:00:00",200,3700,"D21c-hbe",18,"CT en construction suite modification seuil de controle","C",,"08/04/22 12:47:00","05/18/20 21:00:00",,,"D21c-hbe",0,
17574,50,"05/08/21 00:00:00","01/01/50 00:00:00",800,3000,"D30a-hbe",13,"Courbe déclarée à herbes car sous influence d'un seuil encombré par des branches et herbes.
Modification de la section de contrôle par la pose d'enrochements à l'aval des echelles","C","08/05/22 14:39:00","08/05/22 14:39:00","08/05/21 17:00:00",,,"D30a-hbe",0,
17576,59,"01/13/18 00:00:00","01/01/50 00:00:00",200,3300,"D24-hbe",13,"modifié suite aux crues de janvier 2018","C","05/16/11 09:35:00","08/10/22 10:39:00","05/16/11 09:35:00",,,"D24-hbe",0,
17577,59,"01/13/18 00:00:00","01/01/50 00:00:00",120,3300,"D24a-hbe",15,"modifié suite aux crues de janvier 2018","C","05/16/11 09:35:00","08/10/22 10:42:00","05/16/11 09:35:00",,,"D24a-hbe",0,
17578,84,"02/01/18 00:00:00","01/01/50 00:00:00",-300,2500,"d15c-hbe",19,"modification suite aux crue de janvier 2018","C","03/10/17 09:21:00","08/11/22 09:36:00","07/21/08 14:34:00",,,"d15c-hbe",0,
17579,15,"11/17/17 00:00:00","01/01/50 00:00:00",-350,2300,"d23a",21,,"C",,"08/16/22 10:07:00",,,,"d23a",0,
17580,76,"11/01/11 00:01:00","01/01/50 00:00:00",120,1700,"d24a",16,,"C","01/19/12 13:30:00","08/17/22 08:33:00","07/21/09 00:00:00",,,"d24a",0,
17585,53,"01/01/22 00:00:00","01/01/50 00:00:00",250,1700,"D28-hbe",17,,"C","11/13/07 15:16:00","08/23/22 15:06:00",,,,"D28-hbe",0,
17586,150,"01/01/14 00:00:00","01/01/50 00:00:00",100,6000,"D04d",17,"Ajustement partie haute suite jaugeage du 7
 janvier 2018+hauteurs intermédiaires entre 150 et 350 cm
Modelisation Mascaret apres 500cm 

","C","01/25/18 17:19:00","08/31/22 15:42:00","01/25/18 00:00:00",,,"D04e",0,
17602,133,"01/01/19 00:00:00","01/01/50 00:00:00",450,3700,"D41c-hbe",12,"La CT ne prend pas en compte les debits transitant par le canal et la dérivation du Moulin.
En crue le barrage est couché à partir de 80 m3/s","C","08/05/22 14:43:00","09/08/22 14:22:00","07/11/19 00:00:00",,,"D41c-hbe",0,
17608,142,"03/01/21 00:00:00","01/01/50 00:00:00",-2400,4000,"D05-hbe",23,"modification suite aux crues du premier trimestre 2018","C",,"09/28/22 15:59:00",,,,"D05-hbe",0,
17615,41,"01/01/22 00:00:00","01/01/50 00:00:00",-200,3800,"D35b-hbe",9,"CT en construction suite modification du lit mineur par la mise en service du nouveau barrage","C","08/04/22 09:26:00","10/06/22 09:30:00","04/28/22 14:00:00",,,"D35b-hbe",0,
17622,9,"05/01/04 00:00:00","01/01/50 00:00:00",200,6500,"D43d",12,"En deça de 18 m3/s, la station est non univoque par les manoeuvres du barrage aval. Les débits inférieurs à 30 m3/s sont calculés à partir de la station Chooz Trou du Diable.","C","09/04/20 11:35:00","10/07/22 15:37:00","05/06/14 10:00:00",200,,"D43d",0,
1133,52,"01/01/94 00:00:00","01/01/96 00:00:00",190,4100,"C16883",22,,"C",,,,,,,,
1134,52,"01/01/96 00:00:00","01/01/97 00:00:00",180,4800,"C16884",25,,"C",,,,,,,,
1238,81,"01/01/85 00:00:00","01/01/86 00:00:00",130,900,"C16941",12,,"C",,,,,,,,
1239,81,"01/01/86 00:00:00","12/31/89 00:00:00",60,1500,"C16942",16,,"C",,,,,,,,
1240,81,"01/01/90 00:00:00","01/01/92 00:00:00",50,1500,"C16944",15,,"C",,,,,,,,
1241,81,"01/01/92 00:00:00","01/01/93 00:00:00",60,1500,"C16945",14,,"C",,,,,,,,
1242,81,"01/01/93 00:00:00","01/01/94 00:00:00",60,1800,"C16946",14,,"C",,,,,,,,
1244,81,"01/01/94 00:00:00","01/01/96 00:00:00",60,1800,"C16947",14,,"C",,,,,,,,
1245,81,"01/01/96 00:00:00","01/01/97 00:00:00",50,1250,"C16948",14,,"C",,,,,,,,
1246,81,"01/01/97 00:00:00","01/01/98 00:00:00",50,1500,"C16949",14,,"C",,,,,,,,
1247,81,"01/01/98 00:00:00","01/01/99 00:00:00",50,1800,"C16950",17,,"C",,,,,,,,
1248,81,"06/01/84 00:00:00","01/01/85 00:00:00",180,1000,"C16940",12,,"C",,,,,,,,
1249,81,"12/31/89 00:00:00","01/01/90 00:00:00",130,1500,"C16943",15,,"C",,,,,,,,
1251,1,"10/11/67 00:00:00","06/04/68 00:00:00",300,3300,"C16949",14,,"C",,,,,,,,
1252,1,"06/04/68 00:00:00","11/02/68 00:00:00",300,2800,"C16950",12,,"C",,,,,,,,
1253,1,"11/02/68 00:00:00","04/11/69 00:00:00",150,3100,"C16951",14,,"C",,,,,,,,
1254,1,"04/11/69 00:00:00","10/03/69 00:00:00",150,2500,"C16952",14,,"C",,,,,,,,
1255,1,"10/03/69 00:00:00","05/31/70 00:00:00",150,3100,"C16953",14,,"C",,,,,,,,
1256,1,"05/31/70 00:00:00","06/19/70 00:00:00",150,2500,"C16954",14,,"C",,,,,,,,
1257,1,"06/19/70 00:00:00","10/03/70 00:00:00",100,1150,"C16955",9,,"C",,,,,,,,
1258,1,"10/03/70 00:00:00","11/17/70 00:00:00",100,1200,"C16956",9,,"C",,,,,,,,
1259,1,"11/17/70 00:00:00","04/23/71 00:00:00",100,3200,"C16957",14,,"C",,,,,,,,
1260,1,"11/04/73 00:00:00","12/31/73 00:00:00",200,2900,"C16958",16,,"C",,,,,,,,
1261,1,"12/31/73 00:00:00","02/07/74 00:00:00",400,2600,"C16959",10,,"C",,,,,,,,
1262,1,"02/07/74 00:00:00","03/21/74 00:00:00",400,2600,"C16960",13,,"C",,,,,,,,
1263,1,"03/21/74 00:00:00","06/20/74 00:00:00",100,2600,"C16961",15,,"C",,,,,,,,
1264,1,"06/20/74 00:00:00","12/31/74 00:00:00",100,2800,"C16962",21,,"C",,,,,,,,
1265,1,"12/31/74 00:00:00","01/29/75 00:00:00",650,2800,"C16963",12,,"C",,,,,,,,
1266,1,"01/29/75 00:00:00","03/23/75 00:00:00",550,2800,"C16964",10,,"C",,,,,,,,
1267,1,"03/23/75 00:00:00","05/08/75 00:00:00",500,2600,"C16965",11,,"C",,,,,,,,
1268,1,"05/08/75 00:00:00","08/31/75 00:00:00",300,2800,"C16966",15,,"C",,,,,,,,
1269,1,"08/31/75 00:00:00","10/28/75 00:00:00",300,1200,"C16967",9,,"C",,,,,,,,
1270,1,"10/28/75 00:00:00","12/31/75 00:00:00",300,2200,"C16968",12,,"C",,,,,,,,
1271,1,"12/31/75 00:00:00","05/10/76 00:00:00",300,2600,"C16969",16,,"C",,,,,,,,
1272,1,"05/10/76 00:00:00","06/30/76 00:00:00",200,1000,"C16970",10,,"C",,,,,,,,
1273,1,"06/30/76 00:00:00","12/30/76 00:00:00",100,2400,"C16971",16,,"C",,,,,,,,
1274,1,"12/30/76 00:00:00","03/31/77 00:00:00",500,3100,"C16972",17,,"C",,,,,,,,
1275,1,"03/31/77 00:00:00","08/31/77 00:00:00",350,1800,"C16973",17,,"C",,,,,,,,
1276,1,"08/31/77 00:00:00","11/24/77 00:00:00",350,2600,"C16974",19,,"C",,,,,,,,
1277,1,"11/24/77 00:00:00","12/31/77 00:00:00",500,2600,"C16975",14,,"C",,,,,,,,
1278,1,"12/31/77 00:00:00","07/03/78 00:00:00",500,3100,"C16976",17,,"C",,,,,,,,
1279,1,"07/03/78 00:00:00","12/31/78 00:00:00",350,3100,"C16977",17,,"C",,,,,,,,
1280,1,"12/31/78 00:00:00","12/31/79 00:00:00",300,3500,"C16978",16,,"C",,,,,,,,
1281,1,"12/31/79 00:00:00","02/04/80 00:00:00",600,2890,"C16979",11,,"C",,,,,,,,
1282,1,"02/04/80 00:00:00","05/15/80 00:00:00",350,3100,"C16980",14,,"C",,,,,,,,
1283,1,"05/15/80 00:00:00","07/17/80 00:00:00",400,2890,"C16981",12,,"C",,,,,,,,
1284,1,"07/17/80 00:00:00","12/30/80 00:00:00",350,2890,"C16982",11,,"C",,,,,,,,
1285,1,"12/30/80 00:00:00","04/30/81 00:00:00",400,3330,"C16983",18,,"C",,,,,,,,
1286,1,"04/30/81 00:00:00","10/31/81 00:00:00",300,4250,"C16984",23,,"C",,,,,,,,
1287,1,"10/31/81 00:00:00","12/31/81 00:00:00",400,3910,"C16985",19,,"C",,,,,,,,
1288,1,"12/31/81 00:00:00","03/31/82 00:00:00",400,3200,"C16986",16,,"C",,,,,,,,
1289,1,"03/31/82 00:00:00","06/05/82 00:00:00",400,2160,"C16987",13,,"C",,,,,,,,
1290,1,"06/05/82 00:00:00","08/31/82 00:00:00",250,1300,"C16988",14,,"C",,,,,,,,
1291,1,"08/31/82 00:00:00","12/31/82 00:00:00",250,3680,"C16989",22,,"C",,,,,,,,
1292,1,"12/31/82 00:00:00","12/31/83 00:00:00",300,4000,"C16990",25,,"C",,,,,,,,
1293,1,"12/31/83 00:00:00","05/19/84 00:00:00",400,3680,"C16991",23,,"C",,,,,,,,
1294,1,"05/19/84 00:00:00","06/19/84 00:00:00",400,1200,"C16992",7,,"C",,,,,,,,
1295,1,"06/19/84 00:00:00","11/22/84 00:00:00",300,3680,"C16993",24,,"C",,,,,,,,
1296,1,"11/22/84 00:00:00","12/30/84 00:00:00",500,3680,"C16994",18,,"C",,,,,,,,
1297,1,"12/30/84 00:00:00","12/31/85 00:00:00",250,3200,"C16995",17,,"C",,,,,,,,
1298,1,"12/31/85 00:00:00","12/31/86 00:00:00",180,3450,"C16996",23,,"C",,,,,,,,
1299,1,"12/31/86 00:00:00","02/28/87 00:00:00",300,3800,"C16997",19,,"C",,,,,,,,
1300,1,"02/28/87 00:00:00","08/31/87 00:00:00",300,3300,"C16998",17,,"C",,,,,,,,
1301,1,"08/31/87 00:00:00","10/15/87 00:00:00",350,2700,"C16999",14,,"C",,,,,,,,
1302,1,"10/15/87 00:00:00","12/19/87 00:00:00",300,3300,"C17000",17,,"C",,,,,,,,
1303,1,"12/19/87 00:00:00","04/30/88 00:00:00",300,3800,"C17001",19,,"C",,,,,,,,
1304,1,"04/30/88 00:00:00","06/06/88 00:00:00",300,3300,"C17002",17,,"C",,,,,,,,
1305,1,"06/06/88 00:00:00","12/06/88 00:00:00",350,3200,"C17003",16,,"C",,,,,,,,
1306,1,"12/06/88 00:00:00","04/28/89 00:00:00",400,3800,"C17004",15,,"C",,,,,,,,
1307,1,"04/28/89 00:00:00","08/01/89 00:00:00",350,3200,"C17005",16,,"C",,,,,,,,
1308,1,"08/01/89 00:00:00","12/16/89 00:00:00",400,1600,"C17006",16,,"C",,,,,,,,
1309,1,"12/16/89 00:00:00","09/30/90 00:00:00",400,4200,"C17007",22,,"C",,,,,,,,
1310,1,"09/30/90 00:00:00","11/22/90 00:00:00",400,2000,"C17008",15,,"C",,,,,,,,
1311,1,"11/22/90 00:00:00","03/23/91 00:00:00",750,3000,"C17009",13,,"C",,,,,,,,
1312,1,"03/23/91 00:00:00","07/14/91 00:00:00",400,2600,"C17010",15,,"C",,,,,,,,
1313,1,"07/14/91 00:00:00","12/19/91 00:00:00",400,1600,"C17011",14,,"C",,,,,,,,
1314,1,"12/19/91 00:00:00","06/01/92 00:00:00",400,4700,"C17012",23,,"C",,,,,,,,
1315,1,"06/01/92 00:00:00","11/11/92 00:00:00",400,1600,"C17013",15,,"C",,,,,,,,
1316,1,"11/11/92 00:00:00","06/01/93 00:00:00",400,4700,"C17014",23,,"C",,,,,,,,
1317,1,"06/01/93 00:00:00","12/08/93 00:00:00",400,1600,"C17015",15,,"C",,,,,,,,
1318,1,"12/08/93 00:00:00","05/13/94 00:00:00",400,4700,"C17016",23,,"C",,,,,,,,
1319,1,"05/13/94 00:00:00","12/28/94 00:00:00",500,2000,"C17017",13,,"C",,,,,,,,
1320,1,"12/28/94 00:00:00","05/01/95 00:00:00",400,4700,"C17018",23,,"C",,,,,,,,
1321,1,"05/01/95 00:00:00","11/01/95 00:00:00",500,2000,"C17019",14,,"C",,,,,,,,
1322,1,"11/01/95 00:00:00","12/31/95 00:00:00",600,2500,"C17020",14,,"C",,,,,,,,
1323,1,"12/31/95 00:00:00","04/01/96 00:00:00",650,3000,"C17021",15,,"C",,,,,,,,
1324,1,"04/01/96 00:00:00","08/09/96 00:00:00",400,2300,"C17022",17,,"C",,,,,,,,
1325,1,"08/09/96 00:00:00","10/01/96 00:00:00",400,2400,"C17023",20,,"C",,,,,,,,
1326,1,"10/01/96 00:00:00","03/01/97 00:00:00",450,4200,"C17024",24,,"C",,,,,,,,
1327,1,"03/01/97 00:00:00","10/03/97 00:00:00",440,4200,"C17025",21,,"C",,,,,,,,
1328,1,"10/03/97 00:00:00","12/01/97 00:00:00",480,4200,"C17026",21,,"C",,,,,,,,
1329,1,"12/01/97 00:00:00","10/06/98 00:00:00",530,2530,"22",21,,"C",,,,,,,,
1330,1,"10/06/98 00:00:00","02/23/99 00:00:00",480,4100,"23",28,,"C",,,,,,,,
1331,1,"06/28/99 01:00:00","01/01/00 00:00:00",460,4150,"C17030",26,,"C",,,,,,,,
1333,143,"11/01/96 00:00:00","04/10/97 00:00:00",200,2400,"2",16,,"C",,,,,,,,
1334,143,"04/10/97 00:00:00","01/01/98 00:00:00",200,2400,"3",15,,"C",,,,,,,,
1335,143,"01/01/98 00:00:00","05/01/98 00:00:00",200,2400,"4",16,,"C",,,,,,,,
1336,143,"05/01/98 00:00:00","04/01/99 00:00:00",200,2900,"5",18,,"C",,,,,,,,
1337,143,"04/01/99 00:00:00","06/10/99 09:00:00",200,2900,"6",19,,"C",,,,,,,,
1338,143,"06/10/99 09:00:00","11/11/99 00:00:00",200,2000,"7",19,,"C",,,,,,,,
1339,143,"11/11/99 00:00:00","03/23/00 18:00:00",200,2900,"8",19,,"C",,,,,,,,
1341,143,"01/01/96 00:00:00","11/01/96 00:00:00",200,2200,"1",15,,"C",,,,,,,,
1342,20,"08/30/99 12:00:00","11/02/99 00:00:00",170,3400,"C17040",20,,"C",,,,,,,,
1343,20,"10/10/67 00:00:00","06/24/69 00:00:00",320,2800,"C17010",21,,"C",,,,,,,,
1344,20,"06/24/69 00:00:00","01/01/71 00:00:00",320,2900,"C17011",20,,"C",,,,,,,,
1345,20,"01/01/71 00:00:00","04/11/72 00:00:00",320,2900,"C17012",21,,"C",,,,,,,,
1346,20,"04/11/72 00:00:00","03/01/73 00:00:00",320,2400,"C17013",19,,"C",,,,,,,,
1347,20,"03/01/73 00:00:00","01/01/74 00:00:00",320,2200,"C17014",19,,"C",,,,,,,,
1348,20,"01/01/74 00:00:00","11/14/74 00:00:00",320,1200,"C17015",17,,"C",,,,,,,,
1349,20,"11/14/74 00:00:00","08/31/75 00:00:00",320,2400,"C17016",18,,"C",,,,,,,,
1350,20,"08/31/75 00:00:00","01/01/78 00:00:00",320,2600,"C17017",19,,"C",,,,,,,,
1351,20,"01/01/78 00:00:00","01/01/79 00:00:00",320,2400,"C17018",16,,"C",,,,,,,,
1352,20,"01/01/79 00:00:00","02/04/80 11:22:00",320,2800,"C17019",19,,"C",,,,,,,,
1353,20,"02/04/80 11:22:00","01/15/81 00:00:00",320,2600,"C17020",19,,"C",,,,,,,,
1354,20,"01/15/81 00:00:00","01/01/82 00:00:00",320,3700,"C17021",25,,"C",,,,,,,,
1355,20,"01/01/82 00:00:00","01/01/83 00:00:00",320,3100,"C17022",23,,"C",,,,,,,,
1356,20,"01/01/83 00:00:00","01/01/84 00:00:00",320,3100,"C17023",21,,"C",,,,,,,,
1357,20,"01/01/84 00:00:00","07/31/85 00:00:00",320,2800,"C17024",20,,"C",,,,,,,,
1358,20,"07/31/85 00:00:00","01/01/87 00:00:00",320,2800,"C17025",22,,"C",,,,,,,,
1359,20,"01/01/87 00:00:00","03/26/88 01:00:00",320,3100,"C17026",21,,"C",,,,,,,,
1360,20,"03/26/88 01:00:00","02/15/90 18:00:00",320,3400,"C17027",22,,"C",,,,,,,,
1361,20,"02/15/90 18:00:00","03/25/92 05:00:00",320,3400,"C17028",21,,"C",,,,,,,,
1362,20,"03/25/92 05:00:00","01/11/93 00:00:00",320,2100,"C17029",16,,"C",,,,,,,,
1363,20,"01/11/93 00:00:00","05/13/93 00:00:00",320,2800,"C17030",18,,"C",,,,,,,,
1364,20,"05/13/93 00:00:00","12/12/93 00:00:00",320,1900,"C17031",13,,"C",,,,,,,,
1365,20,"12/12/93 00:00:00","09/16/94 00:00:00",320,3700,"C17032",22,,"C",,,,,,,,
1366,20,"09/16/94 00:00:00","01/23/95 08:00:00",320,3400,"C17033",21,,"C",,,,,,,,
1367,20,"01/23/95 08:00:00","02/19/96 13:00:00",320,3400,"C17034",21,,"C",,,,,,,,
1368,20,"02/26/97 09:30:00","06/01/98 00:00:00",320,3400,"C17036",20,,"C",,,,,,,,
1369,20,"06/01/98 00:00:00","10/01/98 00:00:00",320,1950,"C17037",19,,"C",,,,,,,,
1370,20,"10/01/98 00:00:00","06/23/99 10:00:00",420,3050,"C17038",17,,"C",,,,,,,,
1371,20,"06/23/99 10:00:00","08/30/99 12:00:00",180,3050,"C17039",20,,"C",,,,,,,,
1372,20,"02/19/96 13:00:00","02/26/97 09:30:00",320,3400,"C17035",19,,"C",,,,,,,,
1374,20,"11/02/99 00:00:00","01/01/02 00:00:00",160,3400,"C17041",20,,"C",,,,,,,,
1375,3,"01/31/95 00:00:00","04/01/95 00:00:00",400,1800,"C17149",15,,"C",,,,,,,,
1376,3,"04/01/95 00:00:00","05/19/95 00:00:00",400,1600,"C17150",15,,"C",,,,,,,,
1377,3,"05/19/95 00:00:00","12/31/95 00:00:00",400,1200,"C17151",13,,"C",,,,,,,,
1378,3,"12/31/95 00:00:00","04/01/96 00:00:00",400,2400,"C17152",17,,"C",,,,,,,,
1379,3,"04/01/96 00:00:00","08/10/96 00:00:00",400,1200,"C17153",13,,"C",,,,,,,,
1380,3,"08/10/96 00:00:00","10/02/96 00:00:00",400,2400,"C17154",18,,"C",,,,,,,,
1381,3,"10/02/96 00:00:00","01/20/97 00:00:00",400,2400,"C17155",18,,"C",,,,,,,,
1382,3,"01/20/97 00:00:00","03/01/97 00:00:00",400,2400,"C17156",21,,"C",,,,,,,,
1383,3,"03/01/97 00:00:00","04/01/97 00:00:00",400,2400,"C17157",21,,"C",,,,,,,,
1384,3,"04/01/97 00:00:00","01/20/98 00:00:00",400,2400,"C17158",18,,"C",,,,,,,,
1385,3,"06/13/67 00:00:00","12/31/67 00:00:00",310,1690,"C17109",18,,"C",,,,,,,,
1386,3,"12/31/67 00:00:00","12/31/68 00:00:00",310,1880,"C17110",19,,"C",,,,,,,,
1387,3,"12/31/68 00:00:00","12/31/69 00:00:00",380,1290,"C17111",15,,"C",,,,,,,,
1388,3,"12/31/69 00:00:00","12/31/70 00:00:00",310,1680,"C17112",18,,"C",,,,,,,,
1389,3,"12/31/70 00:00:00","12/31/71 00:00:00",260,1190,"C17113",15,,"C",,,,,,,,
1390,3,"12/31/71 00:00:00","12/31/72 00:00:00",260,1390,"C17114",15,,"C",,,,,,,,
1391,3,"12/31/72 00:00:00","12/31/73 00:00:00",260,1390,"C17115",15,,"C",,,,,,,,
1392,3,"12/31/73 00:00:00","12/31/74 00:00:00",310,1490,"C17116",14,,"C",,,,,,,,
1393,3,"12/31/74 00:00:00","12/31/75 00:00:00",310,1490,"C17117",13,,"C",,,,,,,,
1394,3,"12/31/75 00:00:00","12/31/76 00:00:00",260,1090,"C17118",12,,"C",,,,,,,,
1395,3,"12/31/76 00:00:00","12/31/77 00:00:00",260,1700,"C17119",15,,"C",,,,,,,,
1396,3,"12/31/77 00:00:00","12/31/78 00:00:00",270,1980,"C17120",18,,"C",,,,,,,,
1397,3,"12/31/78 00:00:00","06/16/79 00:00:00",270,2780,"C17121",21,,"C",,,,,,,,
1398,3,"06/16/79 00:00:00","12/31/79 00:00:00",420,2780,"C17122",20,,"C",,,,,,,,
1399,3,"12/31/79 00:00:00","12/30/80 00:00:00",410,2780,"C17123",18,,"C",,,,,,,,
1400,3,"12/30/80 00:00:00","12/31/81 00:00:00",410,2300,"C17124",20,,"C",,,,,,,,
1401,3,"12/31/81 00:00:00","12/31/82 00:00:00",410,2300,"C17125",17,,"C",,,,,,,,
1402,3,"12/31/82 00:00:00","12/31/83 00:00:00",360,2050,"C17126",16,,"C",,,,,,,,
1403,3,"12/31/83 00:00:00","12/30/84 00:00:00",410,1900,"C17127",16,,"C",,,,,,,,
1404,3,"12/30/84 00:00:00","12/31/85 00:00:00",370,1380,"C17128",12,,"C",,,,,,,,
1405,3,"12/31/86 00:00:00","04/17/89 00:00:00",410,1780,"C17130",18,,"C",,,,,,,,
1406,3,"12/31/85 00:00:00","12/31/86 00:00:00",410,1980,"C17129",19,,"C",,,,,,,,
1407,3,"04/17/89 00:00:00","08/29/89 00:00:00",450,1230,"C17131",15,,"C",,,,,,,,
1408,3,"08/29/89 00:00:00","10/19/89 00:00:00",220,1080,"C17132",17,,"C",,,,,,,,
1409,3,"10/19/89 00:00:00","04/30/90 00:00:00",220,1780,"C17133",17,,"C",,,,,,,,
1410,3,"04/30/90 00:00:00","09/01/90 00:00:00",220,1180,"C17134",14,,"C",,,,,,,,
1411,3,"09/01/90 00:00:00","05/26/91 00:00:00",220,1780,"C17135",18,,"C",,,,,,,,
1412,3,"05/26/91 00:00:00","08/25/91 00:00:00",220,1380,"C17136",17,,"C",,,,,,,,
1413,3,"08/25/91 00:00:00","11/05/91 00:00:00",220,1780,"C17137",18,,"C",,,,,,,,
1414,3,"11/05/91 00:00:00","12/23/91 00:00:00",220,1780,"C17138",17,,"C",,,,,,,,
1415,3,"12/23/91 00:00:00","05/28/92 00:00:00",210,1780,"C17139",18,,"C",,,,,,,,
1416,3,"05/28/92 00:00:00","10/03/92 00:00:00",310,1180,"C17140",13,,"C",,,,,,,,
1417,3,"10/03/92 00:00:00","06/01/93 00:00:00",220,2600,"C17141",20,,"C",,,,,,,,
1418,3,"06/01/93 00:00:00","09/28/93 00:00:00",310,1180,"C17142",13,,"C",,,,,,,,
1419,3,"09/28/93 00:00:00","01/07/94 00:00:00",310,2600,"C17143",18,,"C",,,,,,,,
1420,3,"01/07/94 00:00:00","06/07/94 00:00:00",410,2400,"C17144",18,,"C",,,,,,,,
1421,3,"06/07/94 00:00:00","08/05/94 00:00:00",400,1180,"C17145",16,,"C",,,,,,,,
1422,3,"08/05/94 00:00:00","11/01/94 00:00:00",450,1180,"C17146",16,,"C",,,,,,,,
1423,3,"11/01/94 00:00:00","01/12/95 00:00:00",450,2080,"C17147",18,,"C",,,,,,,,
1424,3,"01/12/95 00:00:00","01/31/95 00:00:00",410,2300,"C17148",17,,"C",,,,,,,,
1425,3,"01/20/98 00:00:00","04/29/98 00:00:00",410,1590,"C17159",18,,"C",,,,,,,,
1426,3,"04/29/98 00:00:00","08/01/98 00:00:00",410,1590,"C17160",20,,"C",,,,,,,,
1427,3,"08/01/98 00:00:00","10/01/98 00:00:00",430,2100,"C17161",18,,"C",,,,,,,,
1428,3,"10/01/98 00:00:00","03/11/99 00:00:00",460,2100,"C17162",17,,"C",,,,,,,,
1431,37,"09/17/99 00:00:00","03/05/00 10:30:00",30,2800,"C17208",16,,"C",,,,,,,,
1432,37,"12/14/67 00:00:00","12/30/68 00:00:00",150,3400,"C17159",19,,"C",,,,,,,,
1433,37,"12/30/68 00:00:00","12/31/69 00:00:00",190,2260,"C17160",14,,"C",,,,,,,,
1434,37,"12/31/69 00:00:00","12/31/70 00:00:00",250,3000,"C17161",18,,"C",,,,,,,,
1435,37,"12/31/70 00:00:00","12/31/71 00:00:00",200,2000,"C17162",16,,"C",,,,,,,,
1436,37,"12/31/71 00:00:00","12/30/72 00:00:00",200,2100,"C17163",17,,"C",,,,,,,,
1437,37,"12/30/72 00:00:00","12/31/73 00:00:00",200,2100,"C17164",17,,"C",,,,,,,,
1438,37,"12/31/73 00:00:00","12/31/75 00:00:00",200,2400,"C17165",18,,"C",,,,,,,,
1439,37,"12/31/75 00:00:00","05/15/76 00:00:00",250,1600,"C17166",11,,"C",,,,,,,,
1440,37,"05/15/76 00:00:00","10/12/76 00:00:00",250,800,"C17167",7,,"C",,,,,,,,
1441,37,"10/12/76 00:00:00","12/30/76 00:00:00",250,1600,"C17168",11,,"C",,,,,,,,
1442,37,"12/30/76 00:00:00","05/31/77 00:00:00",300,3000,"C17169",12,,"C",,,,,,,,
1443,37,"05/31/77 00:00:00","11/03/77 00:00:00",300,900,"C17170",8,,"C",,,,,,,,
1444,37,"11/03/77 00:00:00","12/31/77 00:00:00",300,2000,"C17171",10,,"C",,,,,,,,
1445,37,"12/31/77 00:00:00","12/31/78 00:00:00",200,2500,"C17172",12,,"C",,,,,,,,
1446,37,"12/31/78 00:00:00","12/31/79 00:00:00",250,3000,"C17173",16,,"C",,,,,,,,
1447,37,"12/31/79 00:00:00","12/30/80 00:00:00",300,3000,"C17174",14,,"C",,,,,,,,
1448,37,"12/30/80 00:00:00","12/31/81 00:00:00",300,3700,"C17175",21,,"C",,,,,,,,
1449,37,"12/31/81 00:00:00","12/31/82 00:00:00",250,3200,"C17176",22,,"C",,,,,,,,
1450,37,"12/31/82 00:00:00","12/31/83 00:00:00",250,3400,"C17177",18,,"C",,,,,,,,
1451,37,"12/31/83 00:00:00","12/30/84 00:00:00",250,3210,"C17178",21,,"C",,,,,,,,
1452,37,"12/30/84 00:00:00","12/31/85 00:00:00",250,2000,"C17179",17,,"C",,,,,,,,
1453,37,"12/31/85 00:00:00","04/23/86 00:00:00",250,3000,"C17180",21,,"C",,,,,,,,
1454,37,"04/23/86 00:00:00","12/31/86 00:00:00",50,3000,"C17181",24,,"C",,,,,,,,
1455,37,"12/31/86 00:00:00","01/03/89 00:00:00",100,3500,"C17182",16,,"C",,,,,,,,
1456,37,"01/03/89 00:00:00","10/31/89 00:00:00",100,3500,"C17183",17,,"C",,,,,,,,
1457,37,"10/31/89 00:00:00","04/21/90 00:00:00",0,4300,"C17184",20,,"C",,,,,,,,
1458,37,"04/21/90 00:00:00","10/22/90 00:00:00",0,700,"C17185",9,,"C",,,,,,,,
1459,37,"10/22/90 00:00:00","03/01/91 00:00:00",0,2940,"C17186",15,,"C",,,,,,,,
1460,37,"03/01/91 00:00:00","12/01/91 00:00:00",0,1800,"C17187",12,,"C",,,,,,,,
1461,37,"12/01/91 00:00:00","04/01/92 00:00:00",0,3200,"C17188",19,,"C",,,,,,,,
1462,37,"04/01/92 00:00:00","11/10/92 00:00:00",0,4400,"C17189",16,,"C",,,,,,,,
1463,37,"11/10/92 00:00:00","01/13/93 00:00:00",0,3200,"C17190",19,,"C",,,,,,,,
1464,37,"01/13/93 00:00:00","05/20/93 00:00:00",0,4400,"C17191",16,,"C",,,,,,,,
1465,37,"05/20/93 00:00:00","10/01/93 00:00:00",0,900,"C17192",12,,"C",,,,,,,,
1466,37,"10/01/93 00:00:00","12/23/93 00:00:00",0,4400,"C17193",18,,"C",,,,,,,,
1467,37,"12/23/93 00:00:00","04/20/94 00:00:00",0,4400,"C17194",16,,"C",,,,,,,,
1468,37,"04/21/94 00:00:00","08/01/94 00:00:00",0,900,"C17195",12,,"C",,,,,,,,
1469,37,"08/01/94 00:00:00","03/21/95 00:00:00",0,4400,"C17196",16,,"C",,,,,,,,
1470,37,"03/21/95 00:00:00","09/18/95 00:00:00",0,1800,"C17197",15,,"C",,,,,,,,
1471,37,"09/18/95 00:00:00","12/31/95 00:00:00",0,1800,"C17198",15,,"C",,,,,,,,
1472,37,"12/31/95 00:00:00","04/23/96 00:00:00",0,3100,"C17199",16,,"C",,,,,,,,
1473,37,"04/23/96 00:00:00","10/01/96 00:00:00",0,2100,"C17200",14,,"C",,,,,,,,
1474,37,"10/01/96 00:00:00","03/01/97 00:00:00",0,4200,"C17201",18,,"C",,,,,,,,
1475,37,"03/01/97 00:00:00","10/01/97 00:00:00",0,4200,"C17202",17,,"C",,,,,,,,
1476,37,"10/01/97 00:00:00","04/11/98 00:00:00",0,4200,"C17203",19,,"C",,,,,,,,
1477,37,"04/11/98 00:00:00","09/01/98 00:00:00",40,2500,"18",15,,"C",,,,,,,,
1478,37,"01/01/99 00:00:00","06/16/99 14:00:00",40,2500,"20",15,,"C",,,,,,,,
1479,37,"09/01/98 00:00:00","01/01/99 00:00:00",40,2500,"19",15,,"C",,,,,,,,
1480,37,"06/16/99 14:00:00","09/17/99 00:00:00",30,2500,"C17207",16,,"C",,,,,,,,
1481,44,"06/18/94 00:00:00","06/16/95 00:00:00",320,5250,"12",22,,"C",,,,,,,,
1487,44,"10/12/93 00:00:00","06/18/94 00:00:00",420,5250,"11",28,,"C",,,,,,,,
1493,44,"10/01/79 00:00:00","01/01/87 00:00:00",320,6800,"C17204",84,,"C",,,,,,,,
1494,44,"01/01/87 00:00:00","07/31/87 00:00:00",600,6000,"C17205",21,,"C",,,,,,,,
1495,44,"07/31/87 00:00:00","04/14/88 00:00:00",550,5100,"C17206",21,,"C",,,,,,,,
1496,44,"04/14/88 00:00:00","10/21/88 00:00:00",350,2300,"C17207",15,,"C",,,,,,,,
1497,44,"10/21/88 00:00:00","04/01/89 00:00:00",550,6200,"C17208",23,,"C",,,,,,,,
1498,44,"04/01/89 00:00:00","11/15/89 00:00:00",350,5500,"C17209",24,,"C",,,,,,,,
1499,44,"11/15/89 00:00:00","01/25/90 00:00:00",350,3700,"C17210",20,,"C",,,,,,,,
1500,44,"01/25/90 00:00:00","04/01/90 00:00:00",350,5500,"C17211",24,,"C",,,,,,,,
1501,44,"04/01/90 00:00:00","05/03/91 00:00:00",240,4000,"C17212",19,,"C",,,,,,,,
1502,44,"05/03/91 00:00:00","11/05/91 00:00:00",100,2000,"C17213",15,,"C",,,,,,,,
1503,44,"11/05/91 00:00:00","06/13/92 00:00:00",500,4000,"C17214",18,,"C",,,,,,,,
1504,44,"06/13/92 00:00:00","10/25/92 00:00:00",200,3200,"C17215",15,,"C",,,,,,,,
1505,44,"10/25/92 00:00:00","03/01/93 00:00:00",200,4600,"C17216",20,,"C",,,,,,,,
1506,44,"03/01/93 00:00:00","10/12/93 00:00:00",200,2500,"C17217",14,,"C",,,,,,,,
1509,29,"12/14/67 00:00:00","01/01/69 00:00:00",220,2350,"C17200",18,,"C",,,,,,,,
1510,29,"01/01/69 00:00:00","02/25/70 00:00:00",220,2350,"C17201",17,,"C",,,,,,,,
1511,29,"02/25/70 00:00:00","01/01/72 00:00:00",220,2350,"C17202",16,,"C",,,,,,,,
1512,29,"01/01/72 00:00:00","01/01/73 00:00:00",220,2350,"C17203",16,,"C",,,,,,,,
1513,29,"01/01/73 00:00:00","01/01/74 00:00:00",220,2350,"C17204",16,,"C",,,,,,,,
1514,29,"01/01/74 00:00:00","02/01/75 00:00:00",220,2350,"C17205",16,,"C",,,,,,,,
1515,29,"02/01/75 00:00:00","01/01/76 00:00:00",220,2350,"C17206",15,,"C",,,,,,,,
1516,29,"01/01/76 00:00:00","11/02/76 00:00:00",220,2350,"C17207",15,,"C",,,,,,,,
1517,29,"11/02/76 00:00:00","05/01/77 00:00:00",220,2350,"C17208",15,,"C",,,,,,,,
1518,29,"05/01/77 00:00:00","05/22/78 00:00:00",220,2350,"C17209",16,,"C",,,,,,,,
1519,29,"05/22/78 00:00:00","06/01/79 00:00:00",220,2350,"C17210",14,,"C",,,,,,,,
1520,29,"06/01/79 00:00:00","02/06/80 00:00:00",220,2350,"C17211",14,,"C",,,,,,,,
1521,29,"02/06/80 00:00:00","04/01/81 00:00:00",220,2350,"C17212",15,,"C",,,,,,,,
1522,29,"04/01/81 00:00:00","01/01/83 00:00:00",220,2800,"C17213",17,,"C",,,,,,,,
1523,29,"01/01/83 00:00:00","06/01/83 00:00:00",220,4000,"C17214",18,,"C",,,,,,,,
1524,29,"06/01/83 00:00:00","01/01/85 00:00:00",160,4000,"C17215",16,,"C",,,,,,,,
1525,29,"01/01/85 00:00:00","12/31/86 00:00:00",160,2000,"C17216",14,,"C",,,,,,,,
1526,29,"12/31/86 00:00:00","04/30/88 00:00:00",160,2350,"C17217",22,,"C",,,,,,,,
1527,29,"04/30/88 00:00:00","04/14/89 00:00:00",160,2100,"C17218",19,,"C",,,,,,,,
1528,29,"04/14/89 00:00:00","12/10/89 00:00:00",220,1700,"C17219",14,,"C",,,,,,,,
1529,29,"12/10/89 00:00:00","03/25/91 00:00:00",220,2700,"C17220",19,,"C",,,,,,,,
1530,29,"03/25/91 00:00:00","06/29/92 00:00:00",220,1900,"C17221",17,,"C",,,,,,,,
1531,29,"06/29/92 00:00:00","03/01/93 00:00:00",220,1900,"C17222",17,,"C",,,,,,,,
1532,29,"03/01/93 00:00:00","04/07/94 00:00:00",220,3000,"C17223",20,,"C",,,,,,,,
1533,29,"04/07/94 00:00:00","02/16/95 00:00:00",220,3000,"C17224",19,,"C",,,,,,,,
1534,29,"02/16/95 00:00:00","02/18/96 00:00:00",220,2100,"C17225",16,,"C",,,,,,,,
1535,29,"02/18/96 00:00:00","02/26/97 00:00:00",220,2100,"C17226",18,,"C",,,,,,,,
1536,29,"02/26/97 00:00:00","11/01/98 00:00:00",220,2300,"C17227",20,,"C",,,,,,,,
1537,29,"11/01/98 00:00:00","08/26/99 18:00:00",180,3000,"C17228",24,,"C",,,,,,,,
1539,53,"01/01/71 00:00:00","11/01/71 00:00:00",140,330,"C17275",9,,"C",,,,,,,,
1540,53,"11/01/71 00:00:00","01/01/72 00:00:00",180,350,"C17276",3,,"C",,,,,,,,
1541,53,"01/01/72 00:00:00","10/09/73 00:00:00",70,440,"C17277",11,,"C",,,,,,,,
1542,53,"10/09/73 00:00:00","01/01/75 00:00:00",340,1700,"C17278",13,,"C",,,,,,,,
1543,53,"01/01/75 00:00:00","01/01/77 00:00:00",320,1180,"C17279",18,,"C",,,,,,,,
1544,53,"01/01/77 00:00:00","01/01/78 00:00:00",320,1180,"C17280",17,,"C",,,,,,,,
1545,53,"01/01/78 00:00:00","01/01/79 00:00:00",420,1180,"C17281",11,,"C",,,,,,,,
1546,53,"01/01/79 00:00:00","01/01/80 00:00:00",540,1680,"C17282",24,,"C",,,,,,,,
1547,53,"01/01/80 00:00:00","01/01/81 00:00:00",540,1700,"C17283",25,,"C",,,,,,,,
1548,53,"01/01/81 00:00:00","01/01/82 00:00:00",640,1700,"C17284",22,,"C",,,,,,,,
1549,53,"01/01/82 00:00:00","01/01/83 00:00:00",660,1700,"C17285",22,,"C",,,,,,,,
1550,53,"01/01/83 00:00:00","01/01/84 00:00:00",820,1700,"C17286",15,,"C",,,,,,,,
1551,53,"01/01/84 00:00:00","09/13/84 00:00:00",750,1700,"C17287",16,,"C",,,,,,,,
1552,53,"09/13/84 00:00:00","01/01/85 00:00:00",280,460,"C17288",10,,"C",,,,,,,,
1553,53,"01/01/85 00:00:00","01/01/86 00:00:00",200,500,"C17289",10,,"C",,,,,,,,
1554,53,"01/01/86 00:00:00","01/01/90 00:00:00",200,750,"C17290",16,,"C",,,,,,,,
1555,53,"01/01/90 00:00:00","01/01/93 00:00:00",180,800,"C17291",18,,"C",,,,,,,,
1556,53,"01/01/93 00:00:00","01/01/94 00:00:00",180,1100,"C17292",19,,"C",,,,,,,,
1557,53,"01/01/94 00:00:00","01/01/95 00:00:00",180,1100,"C17293",19,,"C",,,,,,,,
1558,53,"01/01/95 00:00:00","01/01/96 00:00:00",180,1100,"C17294",20,,"C",,,,,,,,
1559,53,"01/01/96 00:00:00","01/01/97 00:00:00",180,800,"C17295",12,,"C",,,,,,,,
1563,82,"01/01/80 00:00:00","09/26/80 00:00:00",290,500,"C17364",18,,"C",,,,,,,,
1564,82,"09/26/80 00:00:00","01/01/81 00:00:00",510,670,"C17365",12,,"C",,,,,,,,
1565,82,"01/01/81 00:00:00","01/01/82 00:00:00",460,730,"C17366",21,,"C",,,,,,,,
1566,82,"01/01/82 00:00:00","01/01/83 00:00:00",450,730,"C17367",21,,"C",,,,,,,,
1567,82,"01/01/83 00:00:00","01/01/84 00:00:00",450,810,"C17368",17,,"C",,,,,,,,
1568,82,"01/01/84 00:00:00","01/01/86 00:00:00",500,700,"C17369",9,,"C",,,,,,,,
1569,82,"01/01/86 00:00:00","09/26/87 00:00:00",580,700,"C17370",11,,"C",,,,,,,,
1570,82,"09/26/87 00:00:00","01/01/89 00:00:00",860,920,"C17371",9,,"C",,,,,,,,
1571,82,"01/01/89 00:00:00","01/01/90 00:00:00",900,1100,"C17372",11,,"C",,,,,,,,
1572,82,"01/01/90 00:00:00","01/01/93 00:00:00",830,1100,"C17373",11,,"C",,,,,,,,
1573,82,"01/01/93 00:00:00","01/01/94 00:00:00",830,1100,"C17374",10,,"C",,,,,,,,
1574,82,"01/01/94 00:00:00","01/01/95 00:00:00",830,1100,"C17375",10,,"C",,,,,,,,
1575,82,"01/01/95 00:00:00","01/01/96 00:00:00",900,1100,"C17376",9,,"C",,,,,,,,
1576,82,"01/01/96 00:00:00","01/01/97 00:00:00",900,1200,"C17377",10,,"C",,,,,,,,
1577,82,"01/01/97 00:00:00","01/01/98 00:00:00",940,1200,"16",13,,"C",,,,,,,,
1579,59,"01/01/71 00:00:00","02/02/71 00:00:00",400,2500,"C17390",28,,"C",,,,,,,,
1580,59,"02/02/71 00:00:00","01/01/73 00:00:00",400,1130,"C17391",12,,"C",,,,,,,,
1581,59,"01/01/73 00:00:00","01/01/74 00:00:00",360,2050,"C17392",31,,"C",,,,,,,,
1582,59,"01/01/74 00:00:00","01/01/75 00:00:00",340,2450,"C17393",35,,"C",,,,,,,,
1583,59,"01/01/75 00:00:00","01/01/81 00:00:00",350,2640,"C17394",38,,"C",,,,,,,,
1584,59,"01/01/81 00:00:00","01/01/82 00:00:00",380,2800,"C17395",30,,"C",,,,,,,,
1585,59,"01/01/82 00:00:00","01/01/83 00:00:00",380,2800,"C17396",31,,"C",,,,,,,,
1586,59,"01/01/83 00:00:00","01/01/84 00:00:00",380,3300,"C17397",24,,"C",,,,,,,,
1587,59,"01/01/84 00:00:00","01/01/85 00:00:00",380,3300,"C17398",20,,"C",,,,,,,,
1588,59,"01/01/85 00:00:00","01/01/86 00:00:00",370,3300,"C17399",17,,"C",,,,,,,,
1589,59,"01/01/86 00:00:00","01/01/88 00:00:00",380,3300,"C17400",18,,"C",,,,,,,,
1590,59,"01/01/88 00:00:00","01/01/89 00:00:00",380,3300,"C17401",18,,"C",,,,,,,,
1591,59,"01/01/89 00:00:00","01/01/90 00:00:00",370,3300,"C17402",18,,"C",,,,,,,,
1592,59,"01/01/90 00:00:00","01/01/93 00:00:00",340,3300,"C17403",20,,"C",,,,,,,,
1593,59,"01/01/93 00:00:00","01/01/94 00:00:00",340,3300,"C17404",20,,"C",,,,,,,,
1594,59,"01/01/94 00:00:00","01/01/95 00:00:00",350,3300,"C17405",19,,"C",,,,,,,,
1595,59,"01/01/95 00:00:00","01/01/96 00:00:00",350,3300,"C17406",18,,"C",,,,,,,,
1596,59,"01/01/96 00:00:00","01/01/97 00:00:00",350,3300,"C17407",20,,"C",,,,,,,,
1600,84,"01/01/98 00:00:00","01/01/99 00:00:00",100,2400,"10",21,,"C",,,,,,,,
1601,84,"04/27/84 00:00:00","01/01/85 00:00:00",180,1770,"C17410",11,,"C",,,,,,,,
1602,84,"01/01/85 00:00:00","01/01/86 00:00:00",250,2340,"C17411",16,,"C",,,,,,,,
1603,84,"01/01/86 00:00:00","01/01/90 00:00:00",250,2340,"C17412",17,,"C",,,,,,,,
1604,84,"01/01/90 00:00:00","12/31/91 00:00:00",150,1900,"C17413",15,,"C",,,,,,,,
1605,84,"12/31/91 00:00:00","01/01/92 00:00:00",250,2340,"C17414",16,,"C",,,,,,,,
1606,84,"01/01/92 00:00:00","01/01/93 00:00:00",200,2200,"C17415",15,,"C",,,,,,,,
1607,84,"01/01/93 00:00:00","01/01/94 00:00:00",200,2400,"C17416",19,,"C",,,,,,,,
1608,84,"01/01/94 00:00:00","01/01/96 00:00:00",250,2400,"C17417",16,,"C",,,,,,,,
1609,84,"01/01/96 00:00:00","01/01/97 00:00:00",200,2400,"C17418",16,,"C",,,,,,,,
1610,84,"01/01/97 00:00:00","01/01/98 00:00:00",100,2400,"9",24,,"C",,,,,,,,
1612,58,"01/01/98 00:00:00","03/02/00 00:00:00",690,4000,"18",22,,"C",,,,,,,,
1613,58,"01/01/70 00:00:00","01/01/71 00:00:00",650,3990,"C17420",19,,"C",,,,,,,,
1614,58,"01/01/71 00:00:00","01/01/74 00:00:00",650,3500,"C17421",19,,"C",,,,,,,,
1615,58,"01/01/74 00:00:00","01/01/76 00:00:00",640,3380,"C17422",32,,"C",,,,,,,,
1616,58,"01/01/76 00:00:00","01/01/78 00:00:00",640,3900,"C17423",34,,"C",,,,,,,,
1617,58,"01/01/78 00:00:00","01/01/81 00:00:00",770,3900,"C17424",32,,"C",,,,,,,,
1618,58,"01/01/81 00:00:00","01/01/82 00:00:00",760,3900,"C17425",37,,"C",,,,,,,,
1619,58,"01/01/82 00:00:00","01/01/83 00:00:00",840,3900,"C17426",30,,"C",,,,,,,,
1620,58,"01/01/83 00:00:00","01/01/84 00:00:00",750,4230,"C17427",26,,"C",,,,,,,,
1621,58,"01/01/84 00:00:00","01/01/85 00:00:00",800,4230,"C17428",23,,"C",,,,,,,,
1622,58,"01/01/85 00:00:00","01/01/86 00:00:00",690,4230,"C17429",23,,"C",,,,,,,,
1623,58,"01/01/86 00:00:00","01/01/89 00:00:00",800,4230,"C17430",22,,"C",,,,,,,,
1624,58,"01/01/89 00:00:00","01/01/90 00:00:00",740,4230,"C17431",26,,"C",,,,,,,,
1625,58,"01/01/90 00:00:00","01/01/93 00:00:00",690,4230,"C17432",27,,"C",,,,,,,,
1626,58,"01/01/93 00:00:00","01/01/94 00:00:00",690,4230,"C17433",28,,"C",,,,,,,,
1627,58,"01/01/94 00:00:00","01/01/95 00:00:00",690,4230,"C17434",29,,"C",,,,,,,,
1628,58,"01/01/95 00:00:00","01/01/96 00:00:00",690,4000,"15",20,,"C",,,,,,,,
1629,58,"01/01/96 00:00:00","01/01/97 00:00:00",690,4000,"16",18,,"C",,,,,,,,
1630,58,"01/01/97 00:00:00","01/01/98 00:00:00",690,4000,"17",24,,"C",,,,,,,,
1631,58,"03/02/00 00:00:00","09/01/01 00:00:00",690,4000,"19",22,,"C",,,,,,,,
1632,49,"01/01/98 00:00:00","05/01/00 00:00:00",180,4800,"12",19,,"C",,,,,,,,
1633,49,"01/01/64 00:00:00","01/01/70 00:00:00",500,2500,"C17437",16,,"C",,,,,,,,
1634,49,"01/01/70 00:00:00","01/01/71 00:00:00",500,2500,"C17438",16,,"C",,,,,,,,
1635,49,"01/01/71 00:00:00","01/01/75 00:00:00",300,3700,"C17439",12,,"C",,,,,,,,
1636,49,"01/01/75 00:00:00","01/01/79 00:00:00",500,4100,"C17440",16,,"C",,,,,,,,
1637,49,"01/01/79 00:00:00","01/01/86 00:00:00",550,5760,"C17441",23,,"C",,,,,,,,
1638,49,"01/01/86 00:00:00","06/28/88 00:00:00",630,3700,"C17442",11,,"C",,,,,,,,
1639,49,"06/28/88 00:00:00","01/01/89 00:00:00",350,850,"C17443",12,,"C",,,,,,,,
1640,49,"01/01/89 00:00:00","01/01/90 00:00:00",320,2350,"C17444",14,,"C",,,,,,,,
1641,49,"01/01/90 00:00:00","01/01/91 00:00:00",220,2900,"C17445",17,,"C",,,,,,,,
1642,49,"01/01/91 00:00:00","12/31/91 00:00:00",200,2900,"C17446",16,,"C",,,,,,,,
1643,49,"12/31/91 00:00:00","01/01/92 00:00:00",550,5760,"C17447",22,,"C",,,,,,,,
1644,49,"01/01/92 00:00:00","01/01/93 00:00:00",200,3800,"C17448",18,,"C",,,,,,,,
1645,49,"01/01/93 00:00:00","01/01/94 00:00:00",200,4350,"C17449",20,,"C",,,,,,,,
1646,49,"01/01/94 00:00:00","01/01/95 00:00:00",180,4350,"C17450",19,,"C",,,,,,,,
1647,49,"01/01/95 00:00:00","01/01/96 00:00:00",180,4350,"C17451",17,,"C",,,,,,,,
1648,49,"01/01/96 00:00:00","01/01/97 00:00:00",180,4800,"C17452",19,,"C",,,,,,,,
1649,49,"01/01/97 00:00:00","01/01/98 00:00:00",180,4800,"11",20,,"C",,,,,,,,
1746,86,"01/01/71 00:00:00","01/01/72 00:00:00",60,340,"C14255",13,,"C",,,,,,,,
1747,86,"01/01/72 00:00:00","01/01/73 00:00:00",50,600,"C14256",19,,"C",,,,,,,,
1748,86,"01/01/73 00:00:00","01/01/74 00:00:00",40,500,"C14257",16,,"C",,,,,,,,
1749,86,"01/01/74 00:00:00","01/01/75 00:00:00",40,640,"C14258",25,,"C",,,,,,,,
1750,86,"01/01/75 00:00:00","01/01/76 00:00:00",40,600,"C14259",24,,"C",,,,,,,,
1751,86,"01/01/76 00:00:00","01/01/78 00:00:00",40,550,"C14260",25,,"C",,,,,,,,
1752,86,"01/01/78 00:00:00","01/01/79 00:00:00",50,600,"C14261",14,,"C",,,,,,,,
1753,86,"01/01/79 00:00:00","01/01/80 00:00:00",50,600,"C14262",19,,"C",,,,,,,,
1754,86,"01/01/80 00:00:00","01/01/81 00:00:00",180,600,"C14263",17,,"C",,,,,,,,
1755,86,"01/01/81 00:00:00","04/01/81 00:00:00",200,600,"C14264",8,,"C",,,,,,,,
1756,86,"04/01/81 00:00:00","06/01/81 00:00:00",320,580,"C14265",7,,"C",,,,,,,,
1757,86,"06/01/81 00:00:00","01/01/82 00:00:00",130,500,"C14266",13,,"C",,,,,,,,
1758,86,"01/01/82 00:00:00","05/16/82 00:00:00",200,410,"C14267",10,,"C",,,,,,,,
1759,86,"05/16/82 00:00:00","01/01/83 00:00:00",180,580,"C14268",12,,"C",,,,,,,,
1760,86,"01/01/83 00:00:00","12/02/83 00:00:00",100,500,"C14269",26,,"C",,,,,,,,
1761,86,"12/02/83 00:00:00","01/01/84 00:00:00",200,310,"C14270",7,,"C",,,,,,,,
1762,86,"01/01/84 00:00:00","08/15/84 00:00:00",100,590,"C14271",12,,"C",,,,,,,,
1763,86,"08/15/84 00:00:00","10/01/84 00:00:00",120,180,"C14272",4,,"C",,,,,,,,
1764,86,"10/01/84 00:00:00","01/01/85 00:00:00",100,590,"C14273",12,,"C",,,,,,,,
1765,86,"01/01/85 00:00:00","01/01/86 00:00:00",90,590,"C14274",13,,"C",,,,,,,,
1766,86,"01/01/86 00:00:00","03/15/87 00:00:00",90,640,"C14275",11,,"C",,,,,,,,
1767,86,"03/15/87 00:00:00","03/16/87 00:00:00",90,590,"C14276",13,,"C",,,,,,,,
1768,86,"03/16/87 00:00:00","01/01/89 00:00:00",90,640,"C14277",14,,"C",,,,,,,,
1769,86,"01/01/89 00:00:00","01/01/90 00:00:00",40,640,"C14278",10,,"C",,,,,,,,
1770,86,"01/01/90 00:00:00","01/13/03 09:01:00",90,590,"C14279",13,,"C",,,,,,,,
2573,131,"04/01/95 00:00:00","09/01/97 00:00:00",350,900,"01",10,,"C",,,,,,,,
2574,131,"09/01/97 00:00:00","12/31/02 00:00:00",500,1470,"02",15,,"C",,,,,,,,
2575,131,"09/01/97 00:00:00","12/31/05 00:00:00",500,1500,"03",15,,"C",,,,,,,,
2594,136,"12/21/90 00:00:00","01/01/91 00:00:00",620,3200,"C16650",18,,"C",,,,,,,,
2611,124,"01/01/97 00:00:00","01/01/98 00:00:00",200,470,"1",8,,"C",,,,,,,,
2612,124,"01/01/97 00:00:00","01/01/98 00:00:00",200,470,"1",11,,"C",,,,,,,,
2613,123,"01/01/97 00:00:00","01/01/05 00:00:00",900,4040,"1",12,,"C",,,,,,,,
2614,123,"01/01/97 00:00:00","01/01/98 00:00:00",900,1900,"1",24,,"C",,,,,,,,
2710,51,"01/01/98 00:00:00","05/20/99 05:30:00",470,5200,"C16188",24,,"C",,,,,,,,
2713,51,"01/01/82 00:00:00","01/01/83 00:00:00",750,4500,"C16176",25,,"C",,,,,,,,
2714,51,"01/01/83 00:00:00","01/01/84 00:00:00",800,4800,"C16177",21,,"C",,,,,,,,
2715,51,"01/01/84 00:00:00","01/01/86 00:00:00",790,4100,"C16178",20,,"C",,,,,,,,
2716,51,"01/01/86 00:00:00","01/01/90 00:00:00",600,4500,"C16179",18,,"C",,,,,,,,
2717,51,"01/01/90 00:00:00","01/01/91 00:00:00",600,4400,"C16180",17,,"C",,,,,,,,
2718,51,"01/01/91 00:00:00","12/31/91 00:00:00",560,4400,"C16181",17,,"C",,,,,,,,
2719,51,"12/31/91 00:00:00","01/01/92 00:00:00",800,4400,"C16182",21,,"C",,,,,,,,
2720,51,"01/01/92 00:00:00","01/01/93 00:00:00",520,4400,"C16183",17,,"C",,,,,,,,
2723,51,"01/01/95 00:00:00","01/01/96 00:00:00",520,4800,"C16186",19,,"C",,,,,,,,
2725,51,"08/01/65 00:00:00","01/01/68 00:00:00",800,4400,"C16135",18,,"C",,,,,,,,
2726,51,"01/01/68 00:00:00","05/16/68 00:00:00",800,4400,"C16136",17,,"C",,,,,,,,
2727,51,"05/16/68 00:00:00","01/01/69 00:00:00",800,4500,"C16137",16,,"C",,,,,,,,
2728,51,"01/01/69 00:00:00","01/01/70 00:00:00",800,4200,"C16138",17,,"C",,,,,,,,
2729,51,"01/01/70 00:00:00","01/01/71 00:00:00",800,4400,"C16139",17,,"C",,,,,,,,
2735,51,"06/01/73 00:00:00","11/17/73 00:00:00",800,4400,"C16146",17,,"C",,,,,,,,
2737,51,"03/15/74 00:00:00","05/24/74 00:00:00",800,4400,"C16148",19,,"C",,,,,,,,
2738,51,"05/24/74 00:00:00","10/01/74 00:00:00",800,4400,"C16149",18,,"C",,,,,,,,
2739,51,"10/01/74 00:00:00","01/01/75 00:00:00",800,4400,"C16150",18,,"C",,,,,,,,
2741,51,"07/01/75 00:00:00","08/01/75 00:00:00",800,4400,"C16152",21,,"C",,,,,,,,
2742,51,"08/01/75 00:00:00","11/17/75 00:00:00",800,4400,"C16153",20,,"C",,,,,,,,
2745,51,"06/15/76 00:00:00","09/28/76 00:00:00",760,2000,"C16156",22,,"C",,,,,,,,
2749,51,"01/01/78 00:00:00","05/25/78 00:00:00",760,4400,"C16160",19,,"C",,,,,,,,
2752,51,"07/01/72 00:00:00","01/01/73 00:00:00",800,4400,"C16144",19,,"C",,,,,,,,
2754,64,"08/06/70 00:00:00","12/30/72 00:00:00",580,2350,"C16663",22,,"C",,,,,,,,
2755,64,"12/30/72 00:00:00","01/01/75 00:00:00",570,1800,"C16664",19,,"C",,,,,,,,
2756,64,"01/01/75 00:00:00","01/01/76 00:00:00",550,1250,"C16665",25,,"C",,,,,,,,
2757,64,"01/01/76 00:00:00","01/01/78 00:00:00",560,1700,"C16666",25,,"C",,,,,,,,
2758,64,"01/01/78 00:00:00","01/01/79 00:00:00",610,1800,"C16667",27,,"C",,,,,,,,
2759,64,"01/01/79 00:00:00","01/01/80 00:00:00",610,1800,"C16668",20,,"C",,,,,,,,
2760,64,"01/01/80 00:00:00","01/01/81 00:00:00",610,1950,"C16669",20,,"C",,,,,,,,
2761,64,"01/01/81 00:00:00","01/01/82 00:00:00",580,1830,"C16670",19,,"C",,,,,,,,
2762,64,"01/01/82 00:00:00","01/01/83 00:00:00",580,1830,"C16671",15,,"C",,,,,,,,
2763,64,"01/01/83 00:00:00","03/02/83 00:00:00",580,1550,"C16672",13,,"C",,,,,,,,
2764,64,"03/02/83 00:00:00","11/02/83 00:00:00",420,1720,"C16673",29,,"C",,,,,,,,
2765,64,"11/02/83 00:00:00","01/01/84 00:00:00",420,1150,"C16674",10,,"C",,,,,,,,
2766,64,"01/01/84 00:00:00","01/01/85 00:00:00",420,1720,"C16675",26,,"C",,,,,,,,
2767,64,"01/01/85 00:00:00","01/01/86 00:00:00",420,1720,"C16676",26,,"C",,,,,,,,
2768,64,"01/01/86 00:00:00","01/01/90 00:00:00",440,1720,"C16677",13,,"C",,,,,,,,
2769,64,"01/01/90 00:00:00","01/01/92 00:00:00",430,1600,"C16678",15,,"C",,,,,,,,
2770,64,"01/01/92 00:00:00","01/01/94 00:00:00",430,1600,"C16679",15,,"C",,,,,,,,
2771,64,"01/01/94 00:00:00","01/01/95 00:00:00",430,1600,"C16680",15,,"C",,,,,,,,
2772,64,"01/01/95 00:00:00","01/01/96 00:00:00",430,1600,"C16681",14,,"C",,,,,,,,
2773,64,"01/01/96 00:00:00","01/01/97 00:00:00",400,1600,"C16682",13,,"C",,,,,,,,
2774,64,"01/01/97 00:00:00","01/01/98 00:00:00",400,1600,"20",16,,"C",,,,,,,,
2783,18,"01/01/00 00:00:00","01/01/01 00:00:00",480,2600,"24",18,,"C",,,,,,,,
2785,143,"03/23/00 18:00:00","01/01/01 00:00:00",200,2900,"9",19,,"C",,,,,,,,
2791,17,"01/01/81 00:00:00","04/15/81 00:00:00",820,3950,"03a",15," ","C",,,,,,,,
2792,17,"04/15/81 00:00:00","06/11/81 00:00:00",820,2980,"03b",14," ","C",,,,,,,,
2793,17,"06/11/81 00:00:00","10/03/81 12:20:00",800,3050,"03c",15," ","C",,,,,,,,
2794,17,"10/03/81 12:20:00","11/01/81 00:00:00",850,4350,"03d",16," ","C",,,,,,,,
2795,17,"11/01/81 00:00:00","05/25/82 00:00:00",850,4660,"03e",18," ","C",,,,,,,,
2797,17,"08/11/79 00:00:00","01/01/80 00:00:00",650,4250,"01E",14," ","C",,,,,,,,
2798,17,"01/01/80 00:00:00","05/26/80 00:00:00",850,4950,"02a",16," ","C",,,,,,,,
2799,17,"05/26/80 00:00:00","10/07/80 00:00:00",780,3900,"02b",13," ","C",,,,,,,,
2800,17,"10/07/80 00:00:00","01/01/81 00:00:00",820,3900,"02c",15," ","C",,,,,,,,
2807,17,"05/25/82 00:00:00","10/14/82 00:00:00",850,2850,"04a",13," ","C",,,,,,,,
2808,17,"10/14/82 00:00:00","06/17/83 00:00:00",800,5800,"04b",24," ","C",,,,,,,,
2809,17,"06/17/83 00:00:00","09/11/83 00:00:00",520,2250,"05a",13," ","C",,,,,,,,
2811,17,"07/16/84 00:00:00","10/08/84 00:00:00",520,2200,"05d",12," ","C",,,,,,,,
2812,17,"03/31/84 00:00:00","07/16/84 00:00:00",520,3150,"05c",15," ","C",,,,,,,,
2813,17,"10/08/84 00:00:00","06/20/85 00:00:00",520,3750,"05e",16," ","C",,,,,,,,
2814,17,"06/20/85 00:00:00","10/31/85 10:00:00",520,2500,"06a",12," ","C",,,,,,,,
2815,17,"10/31/85 10:00:00","07/08/86 00:00:00",520,4400,"06b",17," ","C",,,,,,,,
2816,17,"07/08/86 00:00:00","12/31/86 00:00:00",520,4600,"06c",16," ","C",,,,,,,,
2820,17,"09/11/83 00:00:00","03/31/84 00:00:00",500,4700,"05b",21," ","C",,,,,,,,
2823,17,"01/01/66 00:00:00","08/11/79 00:00:00",520,6250,"C16886",87," ","C",,,,,,,,
2824,17,"12/31/86 00:00:00","07/31/87 00:00:00",700,5000,"C16887",18," ","C",,,,,,,,
2825,17,"07/31/87 00:00:00","11/30/87 00:00:00",800,3400,"C16888",12," ","C",,,,,,,,
2826,17,"11/30/87 00:00:00","05/31/88 00:00:00",700,5000,"C16889",18," ","C",,,,,,,,
2827,17,"05/31/88 00:00:00","06/13/88 00:00:00",800,2800,"C16890",12," ","C",,,,,,,,
2828,17,"06/13/88 00:00:00","09/30/88 00:00:00",700,2800,"C16891",13," ","C",,,,,,,,
2829,17,"09/30/88 00:00:00","05/31/89 00:00:00",700,5000,"C16892",17," ","C",,,,,,,,
2830,17,"05/31/89 00:00:00","06/27/89 00:00:00",700,2100,"C16893",11," ","C",,,,,,,,
2831,17,"06/27/89 00:00:00","09/23/89 00:00:00",800,2300,"C16894",12," ","C",,,,,,,,
2832,17,"09/23/89 00:00:00","10/26/89 00:00:00",700,2000,"C16895",11," ","C",,,,,,,,
2833,17,"10/26/89 00:00:00","11/30/89 00:00:00",600,2900,"C16896",13," ","C",,,,,,,,
2834,17,"11/30/89 00:00:00","12/31/89 00:00:00",600,4300,"C16897",18," ","C",,,,,,,,
2835,17,"12/31/89 00:00:00","03/09/90 00:00:00",700,5200,"C16898",22," ","C",,,,,,,,
2836,17,"03/09/90 00:00:00","05/14/90 00:00:00",600,1900,"C16899",14," ","C",,,,,,,,
2837,17,"05/14/90 00:00:00","05/23/90 00:00:00",700,1700,"C16900",14," ","C",,,,,,,,
2838,17,"05/23/90 00:00:00","05/27/90 00:00:00",800,1500,"C16901",10," ","C",,,,,,,,
2839,17,"05/27/90 00:00:00","10/01/90 00:00:00",600,3300,"C16902",15," ","C",,,,,,,,
2840,17,"10/01/90 00:00:00","10/28/90 00:00:00",600,3200,"C16903",16," ","C",,,,,,,,
2841,17,"10/28/90 00:00:00","12/27/90 00:00:00",600,4000,"C16904",21," ","C",,,,,,,,
2842,17,"12/27/90 00:00:00","02/11/91 00:00:00",700,4300,"C16905",18," ","C",,,,,,,,
2843,17,"02/11/91 00:00:00","04/07/91 00:00:00",600,4300,"C16906",20," ","C",,,,,,,,
2844,17,"04/07/91 00:00:00","05/04/91 00:00:00",600,1800,"C16907",12," ","C",,,,,,,,
2845,17,"05/04/91 00:00:00","05/18/91 00:00:00",750,2300,"C16908",12," ","C",,,,,,,,
2846,17,"05/18/91 00:00:00","05/24/91 00:00:00",900,2300,"C16909",10," ","C",,,,,,,,
2847,17,"05/24/91 00:00:00","05/28/91 00:00:00",600,3200,"C16910",16," ","C",,,,,,,,
2848,17,"05/28/91 00:00:00","06/01/91 00:00:00",600,1800,"C16911",10," ","C",,,,,,,,
2849,17,"06/01/91 00:00:00","08/01/91 00:00:00",800,2300,"C16912",13," ","C",,,,,,,,
2850,17,"08/01/91 00:00:00","09/18/91 00:00:00",600,2100,"C16913",12," ","C",,,,,,,,
2851,17,"09/18/91 00:00:00","09/23/91 00:00:00",650,2000,"C16914",15," ","C",,,,,,,,
2852,17,"09/23/91 00:00:00","09/30/91 00:00:00",600,1900,"C16915",11," ","C",,,,,,,,
2853,17,"09/30/91 00:00:00","11/18/91 00:00:00",750,4000,"C16916",16," ","C",,,,,,,,
2854,17,"11/18/91 00:00:00","02/19/92 00:00:00",750,4300,"C16917",19," ","C",,,,,,,,
2855,17,"02/19/92 00:00:00","05/06/92 00:00:00",600,4300,"C16918",24," ","C",,,,,,,,
2856,17,"05/06/92 00:00:00","06/01/92 00:00:00",600,4300,"C16919",22," ","C",,,,,,,,
2857,17,"06/01/92 00:00:00","06/09/92 00:00:00",900,2800,"C16920",10," ","C",,,,,,,,
2858,17,"06/09/92 00:00:00","07/06/92 00:00:00",900,2500,"C16921",14," ","C",,,,,,,,
2859,17,"07/06/92 00:00:00","09/01/92 00:00:00",600,2300,"C16922",13," ","C",,,,,,,,
2860,17,"09/01/92 00:00:00","11/01/92 00:00:00",700,3300,"C16923",16," ","C",,,,,,,,
2861,17,"11/01/92 00:00:00","11/24/92 00:00:00",600,4300,"C16924",22," ","C",,,,,,,,
2862,17,"11/24/92 00:00:00","05/01/93 00:00:00",700,4300,"C16925",15," ","C",,,,,,,,
2863,17,"05/01/93 00:00:00","06/25/93 00:00:00",700,3200,"C16926",11," ","C",,,,,,,,
2864,17,"06/25/93 00:00:00","10/13/93 00:00:00",630,3200,"C16927",12," ","C",,,,,,,,
2865,17,"10/13/93 00:00:00","12/09/93 00:00:00",700,5600,"C16928",19," ","C",,,,,,,,
2866,17,"12/09/93 00:00:00","06/22/94 00:00:00",700,6000,"C16929",20," ","C",,,,,,,,
2867,17,"06/22/94 00:00:00","01/11/95 00:00:00",550,3000,"C16930",12," ","C",,,,,,,,
2868,17,"01/11/95 00:00:00","06/03/95 00:00:00",700,6350,"C16931",21," ","C",,,,,,,,
2869,17,"06/03/95 00:00:00","07/11/95 00:00:00",550,4000,"C16932",14," ","C",,,,,,,,
2870,17,"07/11/95 00:00:00","09/02/95 00:00:00",550,3000,"C16933",14," ","C",,,,,,,,
2871,17,"09/02/95 00:00:00","02/22/96 00:00:00",740,5000,"C16934",18," ","C",,,,,,,,
2872,17,"02/22/96 00:00:00","04/01/96 00:00:00",500,5000,"C16935",18," ","C",,,,,,,,
2922,64,"01/01/98 00:00:00","01/01/05 00:00:00",400,1650,"21",23,,"C",,,,,,,,
2953,46,"01/01/94 00:00:00","01/01/96 00:00:00",100,1750,"2",24,,"C",,,,,,,,
2954,46,"01/01/96 00:00:00","01/01/99 00:00:00",100,1750,"3",26,,"C",,,,,,,,
2955,46,"01/01/99 00:00:00","01/01/01 00:00:00",200,1750,"4",23,,"C",,,,,,,,
2957,46,"01/01/91 00:00:00","01/01/94 00:00:00",200,2100,"1",25,,"C",,,,,,,,
2975,82,"01/01/98 00:00:00","01/01/01 00:00:00",870,1300,"17",13,,"C",,,,,,,,
2986,80,"01/01/00 00:00:00","01/01/05 00:00:00",160,1650,"24",23,,"C",,,,,,,,
2995,62,"01/01/98 00:00:00","01/01/00 00:00:00",30,700,"21",35,,"C",,,,,,,,
2996,62,"01/01/00 00:00:00","01/01/05 00:00:00",30,700,"22",32,,"C",,,,,,,,
3119,2,"01/01/96 00:00:00","01/01/97 00:00:00",100,1800,"1",20,,"C",,,,,,,,
3171,67,"01/01/98 00:00:00","01/01/05 00:00:00",-20,1800,"23",26,,"C",,,,,,,,
3180,14,"09/01/80 00:00:00","04/01/81 00:00:00",50,1800,"09b",16,,"C",,,,,,,,
3181,14,"04/01/81 00:00:00","10/15/81 15:00:00",50,1120,"09d",13,,"C",,,,,,,,
3201,73,"03/29/99 00:00:00","01/01/02 00:00:00",220,2500,"15",37,,"C",,,,,,,,
3205,73,"01/01/02 00:00:00","01/01/05 00:00:00",220,2500,"16",39,,"C",,,,,,,,
3232,29,"08/26/99 18:00:00","12/31/05 00:00:00",160,3000,"C21",25,,"C",,,,,,,,
3366,42,"02/01/99 00:00:00","01/01/02 00:00:00",1220,3600,"28",20,,"C",,,,,,,,
3368,42,"08/01/98 00:00:00","09/18/98 00:00:00",1270,1550,"26",15,,"C",,,,,,,,
3372,84,"01/01/99 00:00:00","01/01/04 00:00:00",100,2300,"11",27,"courbe de tarage avec herbes déclaré chapeau de gendarme","C",,,,,,,,
3410,38,"08/18/98 00:00:00","01/01/02 00:00:00",650,3350,"23",19,,"C",,,,,,,,
3426,58,"09/01/01 00:00:00","01/01/05 00:00:00",690,4000,"20",29,,"C",,,,,,,,
3427,72,"09/29/99 13:00:00","12/31/05 00:00:00",180,2400,"C16202",30,,"C",,,,,,,,
3469,24,"07/01/99 16:00:00","01/01/03 00:00:00",200,1750,"24",30,"courbe avec herbes déclaré dans hydro chapeau de gendarme","C",,,,,,,,
3551,49,"05/01/00 00:00:00","01/01/05 00:00:00",300,4800,"13",22,,"C",,,,,,,,
3609,143,"01/01/01 00:00:00","01/01/04 00:00:00",200,2900,"10",19,,"C",,,,,,,,
4026,67,"01/01/98 00:00:00","01/01/05 00:00:00",-150,1800,"23a",28,,"C",,,,,,,,
4045,76,"08/06/70 00:00:00","01/01/71 00:00:00",320,830,"C15931",21,,"C",,,,,,,,
4046,76,"01/01/71 00:00:00","01/01/72 00:00:00",170,1000,"C15932",13,,"C",,,,,,,,
4047,76,"01/01/72 00:00:00","01/01/74 00:00:00",140,1630,"C15933",23,,"C",,,,,,,,
4048,76,"01/01/74 00:00:00","01/01/75 00:00:00",140,1650,"C15934",40,,"C",,,,,,,,
4049,76,"01/01/75 00:00:00","01/01/77 00:00:00",110,1570,"C15935",21,,"C",,,,,,,,
4050,76,"01/01/77 00:00:00","01/01/78 00:00:00",110,1570,"C15936",21,,"C",,,,,,,,
4051,76,"01/01/78 00:00:00","01/01/81 00:00:00",180,1570,"C15937",19,,"C",,,,,,,,
4052,76,"01/01/81 00:00:00","01/01/82 00:00:00",340,1070,"C15938",17,,"C",,,,,,,,
4053,76,"01/01/82 00:00:00","01/01/83 00:00:00",180,1570,"C15939",19,,"C",,,,,,,,
4054,76,"01/01/83 00:00:00","01/01/84 00:00:00",220,1080,"C15940",13,,"C",,,,,,,,
4055,76,"01/01/84 00:00:00","01/01/86 00:00:00",220,1080,"C15941",13,,"C",,,,,,,,
4056,76,"01/01/86 00:00:00","01/01/89 00:00:00",300,1000,"C15942",14,,"C",,,,,,,,
4057,76,"01/01/89 00:00:00","12/31/89 00:00:00",260,1000,"C15943",14,,"C",,,,,,,,
4058,76,"12/31/89 00:00:00","01/01/90 00:00:00",260,1000,"C15944",14,,"C",,,,,,,,
4059,76,"01/01/90 00:00:00","12/31/91 00:00:00",200,1000,"C15945",16,,"C",,,,,,,,
4060,76,"12/31/91 00:00:00","01/01/92 00:00:00",220,1080,"C15946",13,,"C",,,,,,,,
4061,76,"01/01/92 00:00:00","01/01/93 00:00:00",300,700,"C15947",11,,"C",,,,,,,,
4062,76,"01/01/93 00:00:00","01/01/94 00:00:00",300,700,"C15948",11,,"C",,,,,,,,
4063,76,"01/01/94 00:00:00","01/01/95 00:00:00",270,900,"C15949",11,,"C",,,,,,,,
4064,76,"01/01/95 00:00:00","01/01/96 00:00:00",270,1100,"C15950",13,,"C",,,,,,,,
4065,76,"01/01/96 00:00:00","01/01/97 00:00:00",340,1100,"C15951",15,,"C",,,,,,,,
4066,76,"01/01/97 00:00:00","01/01/98 00:00:00",240,1100,"c19",18,,"C",,,,,,,,
4329,104,"01/01/00 00:00:00","01/01/05 00:00:00",90,1500,"C16273",37,,"C","09/17/03 14:53:00","09/17/03 14:53:00",,,,,,
4330,20,"01/01/02 00:00:00","01/01/04 00:00:00",160,3400,"2",20,,"C","09/17/03 14:55:00","09/17/03 14:55:00",,,,,,
4332,3,"03/11/99 00:00:00","01/01/04 00:00:00",420,2200,"C17163",18,,"C","09/17/03 15:13:00","09/17/03 15:13:00",,,,,,
4335,81,"01/01/99 00:00:00","01/01/05 00:00:00",50,1800,"C16951",27,,"C","09/17/03 15:20:00","09/17/03 15:21:00",,,,,,
5427,70,"01/01/90 00:00:00","01/01/93 00:00:00",120,1600,"C14336",17,,"C",,,,,,,,
5428,70,"09/19/79 00:00:00","01/01/80 00:00:00",120,1300,"C14326",17,,"C",,,,,,,,
5429,70,"01/01/86 00:00:00","01/01/87 00:00:00",160,1300,"C14332",12,,"C",,,,,,,,
5430,70,"01/01/87 00:00:00","10/01/87 00:00:00",160,1300,"C14333",12,,"C",,,,,,,,
5431,70,"10/01/87 00:00:00","01/01/89 00:00:00",120,1500,"C14334",13,,"C",,,,,,,,
5432,70,"01/01/89 00:00:00","01/01/90 00:00:00",120,1300,"C14335",13,,"C",,,,,,,,
5433,70,"01/01/80 00:00:00","01/01/83 00:00:00",160,1500,"C14327",21,,"C",,,,,,,,
5434,70,"01/01/83 00:00:00","07/14/83 00:00:00",100,1700,"C14328",17,,"C",,,,,,,,
5435,70,"01/01/84 00:00:00","01/01/85 00:00:00",120,1200,"C14330",15,,"C",,,,,,,,
5436,70,"01/01/85 00:00:00","01/01/86 00:00:00",100,1200,"C14331",11,,"C",,,,,,,,
5437,70,"01/01/93 00:00:00","01/01/95 00:00:00",120,1500,"C14337",16,,"C",,,,,,,,
5438,70,"01/01/95 00:00:00","01/01/96 00:00:00",120,1600,"C14338",17,,"C",,,,,,,,
5439,70,"01/01/96 00:00:00","08/01/96 00:00:00",120,1600,"C14339",16,,"C",,,,,,,,
5440,70,"08/01/96 00:00:00","01/01/98 00:00:00",120,1600,"C14340",18,,"C",,,,,,,,
5441,70,"01/01/98 00:00:00","01/01/02 00:00:00",120,1600,"C14341",19,,"C",,,,,,,,
5442,70,"07/14/83 00:00:00","01/01/84 00:00:00",100,1200,"C14329",16,,"C",,,,,,,,
5446,4,"12/31/69 00:00:00","11/29/79 00:00:00",200,3000,"C14875",15,,"C",,,,,,,,
5447,4,"11/29/79 00:00:00","12/31/85 00:00:00",200,3600,"C14876",17,,"C",,,,,,,,
5448,4,"12/31/85 00:00:00","12/31/87 00:00:00",200,3300,"C14877",18,,"C",,,,,,,,
5449,4,"12/31/87 00:00:00","06/09/89 00:00:00",100,3400,"C14878",19,,"C",,,,,,,,
5450,4,"06/09/89 00:00:00","10/28/89 00:00:00",100,3400,"C14879",21,,"C",,,,,,,,
5451,4,"10/28/89 00:00:00","12/12/90 00:00:00",0,3400,"C14880",23,,"C",,,,,,,,
5452,4,"12/12/90 00:00:00","09/01/91 00:00:00",0,3400,"C14881",24,,"C",,,,,,,,
5535,6,"12/31/63 00:00:00","12/31/85 00:00:00",0,3200,"C14764",17,,"C",,,,,,,,
5536,6,"09/11/86 00:00:00","04/24/87 00:00:00",0,2100,"C14766",13,,"C",,,,,,,,
5537,6,"04/24/87 00:00:00","08/31/87 00:00:00",0,2100,"C14767",15,,"C",,,,,,,,
5538,6,"08/31/87 00:00:00","03/01/88 00:00:00",0,2100,"C14768",13,,"C",,,,,,,,
5539,6,"03/01/88 00:00:00","05/01/88 00:00:00",0,2000,"C14769",16,,"C",,,,,,,,
5540,6,"05/01/88 00:00:00","11/29/88 00:00:00",0,1450,"C14770",10,,"C",,,,,,,,
5541,6,"11/29/88 00:00:00","08/01/89 00:00:00",0,2000,"C14771",16,,"C",,,,,,,,
5558,6,"12/31/85 00:00:00","09/11/86 00:00:00",0,2100,"C14765",14,,"C",,,,,,,,
5876,19,"12/31/65 00:00:00","12/01/79 00:00:00",400,3000,"C14890",17,,"C",,,,,,,,
5877,19,"12/01/79 00:00:00","12/31/85 00:00:00",300,3000,"C14891",19,,"C",,,,,,,,
5878,19,"12/31/85 00:00:00","07/01/86 00:00:00",300,3000,"C14892",17,,"C",,,,,,,,
5879,19,"07/02/86 00:00:00","12/31/86 00:00:00",300,3000,"C14893",19,,"C",,,,,,,,
5880,19,"12/31/86 00:00:00","05/31/87 00:00:00",300,3000,"C14894",17,,"C",,,,,,,,
5881,19,"05/31/87 00:00:00","11/12/87 00:00:00",300,3000,"C14895",18,,"C",,,,,,,,
5882,19,"11/12/87 00:00:00","04/30/88 00:00:00",300,3000,"C14896",18,,"C",,,,,,,,
5883,19,"04/30/88 00:00:00","07/31/88 00:00:00",400,3000,"C14897",18,,"C",,,,,,,,
5884,19,"07/31/88 00:00:00","08/31/88 00:00:00",450,2300,"C14898",16,,"C",,,,,,,,
5885,19,"08/31/88 00:00:00","11/11/88 00:00:00",450,3000,"C14899",20,,"C",,,,,,,,
5886,19,"11/11/88 00:00:00","12/08/88 00:00:00",300,3000,"C14900",19,,"C",,,,,,,,
5887,19,"12/08/88 00:00:00","04/16/89 00:00:00",400,3000,"C14901",15,,"C",,,,,,,,
5888,19,"04/16/89 00:00:00","12/16/89 00:00:00",350,3000,"C14902",20,,"C",,,,,,,,
5949,21,"12/30/64 00:00:00","12/31/69 00:00:00",100,2300,"C14983",18,,"C",,,,,,,,
5950,21,"12/31/69 00:00:00","12/31/70 00:00:00",100,2300,"C14984",18,,"C",,,,,,,,
5951,21,"12/31/70 00:00:00","12/31/74 00:00:00",100,2300,"C14985",18,,"C",,,,,,,,
5952,21,"12/31/74 00:00:00","12/30/80 00:00:00",100,2300,"C14986",18,,"C",,,,,,,,
5953,21,"12/30/80 00:00:00","12/31/82 00:00:00",100,2300,"C14987",18,,"C",,,,,,,,
5954,21,"12/31/82 00:00:00","12/31/85 00:00:00",100,2300,"C14988",18,,"C",,,,,,,,
5955,21,"12/31/85 00:00:00","10/18/86 00:00:00",100,1900,"C14989",16,,"C",,,,,,,,
5956,21,"10/19/86 00:00:00","03/31/88 00:00:00",100,1900,"C14990",17,,"C",,,,,,,,
5957,21,"03/31/88 00:00:00","09/30/88 00:00:00",100,1900,"C14991",20,,"C",,,,,,,,
5958,21,"09/30/88 00:00:00","11/13/88 00:00:00",200,1600,"C14992",16,,"C",,,,,,,,
5959,21,"11/13/88 00:00:00","02/11/89 00:00:00",100,1900,"C14993",20,,"C",,,,,,,,
5960,21,"02/11/89 00:00:00","05/21/89 00:00:00",100,1900,"C14994",20,,"C",,,,,,,,
5961,21,"05/21/89 00:00:00","09/15/89 00:00:00",100,1900,"C14995",20,,"C",,,,,,,,
5962,21,"09/15/89 00:00:00","03/01/90 00:00:00",140,1900,"C14996",16,,"C",,,,,,,,
5963,21,"03/01/90 00:00:00","10/29/90 00:00:00",180,1400,"C14997",12,,"C",,,,,,,,
5964,21,"10/29/90 00:00:00","02/20/91 00:00:00",140,1900,"C14998",16,,"C",,,,,,,,
5965,21,"02/20/91 00:00:00","07/31/91 00:00:00",200,1300,"C14999",15,,"C",,,,,,,,
5966,21,"07/31/91 00:00:00","03/13/92 00:00:00",180,1200,"C15000",13,,"C",,,,,,,,
5967,21,"03/13/92 00:00:00","06/07/92 00:00:00",180,1200,"C15001",14,,"C",,,,,,,,
5968,21,"06/07/92 00:00:00","07/12/92 00:00:00",180,1200,"C15002",13,,"C",,,,,,,,
5969,21,"07/12/92 00:00:00","01/15/93 00:00:00",100,2300,"C15003",17,,"C",,,,,,,,
5970,21,"01/15/93 00:00:00","03/01/93 00:00:00",100,2300,"C15004",18,,"C",,,,,,,,
5971,21,"03/01/93 00:00:00","06/19/94 00:00:00",100,2300,"C15005",16,,"C",,,,,,,,
5972,21,"06/19/94 00:00:00","04/19/95 00:00:00",100,2300,"C15006",19,,"C",,,,,,,,
5973,21,"04/19/95 00:00:00","08/01/95 00:00:00",160,1600,"C15007",15,,"C",,,,,,,,
5974,21,"08/01/95 00:00:00","01/13/96 00:00:00",150,1600,"C15008",15,,"C",,,,,,,,
5975,21,"01/13/96 00:00:00","05/23/97 00:00:00",150,1600,"C15009",16,,"C",,,,,,,,
5976,21,"05/23/97 00:00:00","09/01/97 00:00:00",150,2300,"C15010",18,,"C",,,,,,,,
5977,21,"09/01/97 00:00:00","11/07/97 00:00:00",150,1600,"C15011",16,,"C",,,,,,,,
5978,21,"11/07/97 00:00:00","04/24/98 00:00:00",160,1900,"D18",17,,"C",,,,,,,,
5979,21,"04/24/98 00:00:00","10/01/98 00:00:00",170,1900,"D19",19,,"C",,,,,,,,
5980,21,"10/01/98 00:00:00","01/09/01 00:00:00",220,1320,"D20a",16,,"C",,,,,,,,
6369,77,"01/01/69 00:00:00","01/01/71 00:00:00",360,1300,"C14339",24,,"C",,,,,,,,
6370,77,"01/01/71 00:00:00","01/01/75 00:00:00",360,1300,"C14340",23,,"C",,,,,,,,
6371,77,"01/01/75 00:00:00","03/31/75 00:00:00",300,730,"C14341",15,,"C",,,,,,,,
6372,77,"03/31/75 00:00:00","05/27/75 00:00:00",20,140,"C14342",7,,"C",,,,,,,,
6373,77,"05/27/75 00:00:00","01/01/76 00:00:00",200,600,"C14343",10,,"C",,,,,,,,
6374,77,"01/01/76 00:00:00","01/01/77 00:00:00",190,730,"C14344",14,,"C",,,,,,,,
6375,77,"01/01/77 00:00:00","01/01/78 00:00:00",190,1260,"C14345",20,,"C",,,,,,,,
6376,77,"01/01/78 00:00:00","01/01/80 00:00:00",200,1420,"C14346",36,,"C",,,,,,,,
6377,77,"01/01/80 00:00:00","01/01/82 00:00:00",220,1410,"C14347",29,,"C",,,,,,,,
6378,77,"01/01/82 00:00:00","01/01/83 00:00:00",220,1410,"C14348",29,,"C",,,,,,,,
6379,77,"01/01/83 00:00:00","01/01/84 00:00:00",280,1420,"C14349",18,,"C",,,,,,,,
6380,77,"01/01/84 00:00:00","01/01/85 00:00:00",270,1420,"C14350",23,,"C",,,,,,,,
6381,77,"01/01/85 00:00:00","01/01/86 00:00:00",270,1420,"C14351",21,,"C",,,,,,,,
6382,77,"01/01/86 00:00:00","01/01/88 00:00:00",270,1420,"C14352",15,,"C",,,,,,,,
6383,77,"01/01/88 00:00:00","01/01/89 00:00:00",270,1420,"C14353",15,,"C",,,,,,,,
6384,77,"01/01/89 00:00:00","01/01/90 00:00:00",270,1420,"C14354",21,,"C",,,,,,,,
6396,88,"01/01/82 00:00:00","01/01/83 00:00:00",420,900,"C14405",11,,"C",,,,,,,,
6397,88,"01/01/83 00:00:00","01/01/84 00:00:00",420,1200,"C14406",12,,"C",,,,,,,,
6398,88,"01/01/84 00:00:00","10/01/84 00:00:00",420,1150,"C14407",10,,"C",,,,,,,,
6399,88,"01/01/87 00:00:00","01/01/88 00:00:00",420,1150,"C14410",11,,"C",,,,,,,,
6400,88,"01/01/88 00:00:00","11/14/88 00:00:00",120,1150,"C14411",9,,"C",,,,,,,,
6401,88,"11/14/88 00:00:00","01/01/90 00:00:00",120,950,"C14412",13,,"C",,,,,,,,
6402,88,"01/01/90 00:00:00","01/01/92 00:00:00",120,950,"C14413",13,,"C",,,,,,,,
6403,88,"01/01/92 00:00:00","01/01/93 00:00:00",120,950,"C14414",13,,"C",,,,,,,,
6404,88,"01/01/93 00:00:00","01/01/94 00:00:00",120,950,"C14415",12,,"C",,,,,,,,
6405,88,"01/01/94 00:00:00","08/01/94 00:00:00",120,950,"C14416",11,,"C",,,,,,,,
6406,88,"08/01/94 00:00:00","01/01/95 00:00:00",120,950,"C14417",12,,"C",,,,,,,,
6407,88,"10/01/84 00:00:00","01/01/86 00:00:00",420,1000,"C14408",11,,"C",,,,,,,,
6408,88,"01/01/86 00:00:00","01/01/87 00:00:00",420,1150,"C14409",12,,"C",,,,,,,,
6409,88,"01/01/95 00:00:00","01/01/96 00:00:00",120,950,"C14418",13,,"C",,,,,,,,
6410,88,"01/01/96 00:00:00","01/01/97 00:00:00",100,950,"C14419",14,,"C",,,,,,,,
6411,88,"01/01/97 00:00:00","01/01/99 00:00:00",100,950,"C14420",14,,"C",,,,,,,,
6412,88,"01/01/99 00:00:00","02/16/00 00:00:00",80,950,"C14421",15,,"C",,,,,,,,
6413,88,"02/16/00 00:00:00","07/01/00 00:00:00",80,950,"D11",9,,"C",,,,,,,,
6414,88,"07/01/00 00:00:00","01/01/01 00:00:00",60,940,"D12",13,,"C",,,,,,,,
6415,88,"01/01/01 00:00:00","01/01/03 00:00:00",70,940,"D13",11,,"C",,,,,,,,
6419,88,"02/16/00 20:00:00","12/31/02 00:00:00",80,950,"D10",15,,"C",,,,,,,,
6426,85,"01/01/70 00:00:00","01/01/71 00:00:00",520,2160,"C14192",16,,"C",,,,,,,,
6427,85,"01/01/71 00:00:00","01/01/72 00:00:00",510,2160,"C14193",13,,"C",,,,,,,,
6429,85,"06/01/73 00:00:00","09/01/73 00:00:00",440,880,"C14195",9,,"C",,,,,,,,
6430,85,"09/01/73 00:00:00","03/16/74 00:00:00",490,2450,"C14196",24,,"C",,,,,,,,
6431,85,"03/16/74 00:00:00","05/15/74 00:00:00",660,2100,"C14197",29,,"C",,,,,,,,
6432,85,"05/15/74 00:00:00","09/15/74 00:00:00",440,840,"C14198",16,,"C",,,,,,,,
6433,85,"09/15/74 00:00:00","10/15/74 00:00:00",660,2100,"C14199",29,,"C",,,,,,,,
6434,85,"10/15/74 00:00:00","04/30/75 00:00:00",490,2420,"C14200",24,,"C",,,,,,,,
6435,85,"04/30/75 00:00:00","05/31/75 00:00:00",500,2100,"C14201",32,,"C",,,,,,,,
6436,85,"05/31/75 00:00:00","09/15/75 00:00:00",500,1020,"C14202",25,,"C",,,,,,,,
6437,85,"09/15/75 00:00:00","11/15/75 00:00:00",500,2100,"C14203",32,,"C",,,,,,,,
6438,85,"11/15/75 00:00:00","04/16/76 00:00:00",490,2420,"C14204",24,,"C",,,,,,,,
6439,85,"04/16/76 00:00:00","11/01/76 00:00:00",500,1020,"C14205",25,,"C",,,,,,,,
6440,85,"11/01/76 00:00:00","01/01/77 00:00:00",490,2420,"C14206",24,,"C",,,,,,,,
6441,85,"01/01/77 00:00:00","05/02/77 00:00:00",500,2420,"C14207",17,,"C",,,,,,,,
6442,85,"05/02/77 00:00:00","10/02/77 00:00:00",500,1100,"C14208",27,,"C",,,,,,,,
6443,85,"10/02/77 00:00:00","01/01/78 00:00:00",500,2420,"C14209",17,,"C",,,,,,,,
6445,85,"01/01/80 00:00:00","01/01/81 00:00:00",480,2420,"C14211",25,,"C",,,,,,,,
6446,85,"01/01/81 00:00:00","01/01/83 00:00:00",580,2250,"C14212",21,,"C",,,,,,,,
6448,85,"01/01/84 00:00:00","01/01/85 00:00:00",450,2250,"C14214",22,,"C",,,,,,,,
6449,85,"01/01/85 00:00:00","01/01/86 00:00:00",460,2250,"C14215",19,,"C",,,,,,,,
6450,85,"01/01/86 00:00:00","01/01/90 00:00:00",420,2250,"C14216",17,,"C",,,,,,,,
6538,82,"01/01/01 00:00:00","01/01/05 00:00:00",760,1300,"18",14,,"C",,"10/28/03 16:22:00",,,,,,
6539,82,"01/01/01 00:00:00","01/01/05 00:00:00",760,1300,"18a",15,"courbe provisoire","C","10/28/03 16:40:00","10/28/03 17:02:00","10/28/03 16:40:00",,,,,
6547,26,"01/31/72 00:00:00","11/30/79 00:00:00",600,4900,"C14808",14,,"C",,,,,,,,
6548,26,"11/30/79 00:00:00","12/31/85 00:00:00",600,6200,"C14809",16,,"C",,,,,,,,
6549,26,"12/31/85 00:00:00","03/02/86 00:00:00",400,4200,"C14810",26,,"C",,,,,,,,
6550,26,"03/02/86 00:00:00","09/14/86 00:00:00",600,4200,"C14811",19,,"C",,,,,,,,
6551,26,"09/14/86 00:00:00","04/30/87 00:00:00",400,4200,"C14812",26,,"C",,,,,,,,
6552,26,"04/30/87 00:00:00","10/31/87 00:00:00",200,4200,"C14813",27,,"C",,,,,,,,
6553,26,"10/31/87 00:00:00","09/20/88 00:00:00",600,5000,"C14814",15,,"C",,,,,,,,
6554,26,"09/20/88 00:00:00","11/13/88 00:00:00",500,2400,"C14815",12,,"C",,,,,,,,
6555,26,"11/13/88 00:00:00","08/01/89 00:00:00",600,5000,"C14816",15,,"C",,,,,,,,
6556,26,"08/01/89 00:00:00","09/19/89 00:00:00",550,1600,"C14817",10,,"C",,,,,,,,
6557,26,"09/19/89 00:00:00","10/27/89 00:00:00",550,1600,"C14818",9,,"C",,,,,,,,
6558,26,"10/27/89 00:00:00","12/01/89 00:00:00",550,1600,"C14819",10,,"C",,,,,,,,
6559,26,"12/01/89 00:00:00","05/09/90 00:00:00",550,5000,"C14820",16,,"C",,,,,,,,
6560,26,"05/09/90 00:00:00","05/31/90 00:00:00",550,1600,"C14821",10,,"C",,,,,,,,
6561,26,"05/31/90 00:00:00","07/23/90 00:00:00",550,1600,"C14822",9,,"C",,,,,,,,
6562,26,"07/23/90 00:00:00","09/27/90 00:00:00",550,1600,"C14823",10,,"C",,,,,,,,
6563,26,"09/27/90 00:00:00","10/28/90 00:00:00",550,3600,"C14824",13,,"C",,,,,,,,
6564,26,"10/28/90 00:00:00","03/23/91 00:00:00",700,5800,"C14825",15,,"C",,,,,,,,
6565,26,"03/23/91 00:00:00","05/26/91 00:00:00",600,3000,"C14826",11,,"C",,,,,,,,
6566,26,"05/26/91 00:00:00","10/01/91 00:00:00",550,1800,"C14827",8,,"C",,,,,,,,
6567,26,"10/01/91 00:00:00","12/17/91 00:00:00",550,2200,"C14828",11,,"C",,,,,,,,
6568,26,"12/17/91 00:00:00","06/02/92 00:00:00",540,3700,"C14829",11,,"C",,,,,,,,
6569,26,"06/02/92 00:00:00","09/21/92 00:00:00",550,1800,"C14830",8,,"C",,,,,,,,
6570,26,"09/21/92 00:00:00","10/13/92 00:00:00",220,870,"C14831",10,,"C",,,,,,,,
6571,26,"10/13/92 00:00:00","12/15/92 00:00:00",550,3700,"C14832",13,,"C",,,,,,,,
6572,26,"12/15/92 00:00:00","05/01/93 00:00:00",540,5800,"C14833",15,,"C",,,,,,,,
6573,26,"05/01/93 00:00:00","07/08/93 00:00:00",550,1800,"C14834",8,,"C",,,,,,,,
6574,26,"07/08/93 00:00:00","10/15/93 00:00:00",550,2200,"C14835",11,,"C",,,,,,,,
6575,26,"10/15/93 00:00:00","06/12/94 00:00:00",540,5970,"C14836",17,,"C",,,,,,,,
6576,26,"06/13/94 00:00:00","07/01/94 00:00:00",600,7000,"C14837",18,,"C",,,,,,,,
6605,154,"01/01/71 00:00:00","01/01/74 00:00:00",740,2650,"C16062",16,,"C",,,,,,,,
6606,154,"01/01/74 00:00:00","08/31/75 00:00:00",740,2400,"C16063",24,,"C",,,,,,,,
6607,154,"08/31/75 00:00:00","01/01/76 00:00:00",920,1450,"C16064",16,,"C",,,,,,,,
6608,154,"01/01/76 00:00:00","01/01/78 00:00:00",820,2300,"C16065",22,,"C",,,,,,,,
6609,154,"01/01/78 00:00:00","01/01/79 00:00:00",860,2300,"C16066",24,,"C",,,,,,,,
6610,154,"01/01/79 00:00:00","01/01/81 00:00:00",860,2300,"C16067",25,,"C",,,,,,,,
6611,154,"01/01/81 00:00:00","01/01/82 00:00:00",850,2300,"C16068",29,,"C",,,,,,,,
6612,154,"01/01/82 00:00:00","01/01/83 00:00:00",790,2750,"C16069",24,,"C",,,,,,,,
6613,154,"01/01/83 00:00:00","01/01/84 00:00:00",810,3000,"C16070",14,,"C",,,,,,,,
6614,154,"01/01/84 00:00:00","01/01/85 00:00:00",850,2450,"C16071",16,,"C",,,,,,,,
6615,154,"01/01/85 00:00:00","07/31/85 00:00:00",850,2400,"C16072",16,,"C",,,,,,,,
6616,154,"07/31/85 00:00:00","01/01/86 00:00:00",860,2400,"C16073",17,,"C",,,,,,,,
6617,154,"01/01/86 00:00:00","04/29/88 00:00:00",860,2720,"C16074",17,,"C",,,,,,,,
6618,154,"04/29/88 00:00:00","01/01/89 00:00:00",860,2700,"C16075",17,,"C",,,,,,,,
6619,154,"01/01/89 00:00:00","01/01/90 00:00:00",860,2900,"C16076",18,,"C",,,,,,,,
6620,154,"01/01/90 00:00:00","01/01/93 00:00:00",860,2750,"C16077",18,,"C",,,,,,,,
6621,154,"01/01/93 00:00:00","01/01/94 00:00:00",910,2900,"C16078",21,,"C",,,,,,,,
6622,154,"01/01/94 00:00:00","01/01/96 00:00:00",860,2900,"C16079",20,,"C",,,,,,,,
6623,154,"01/01/97 00:00:00","01/01/98 00:00:00",880,3100,"c20",22,,"C",,,,,,,,
6624,154,"01/01/96 00:00:00","01/01/97 00:00:00",860,3100,"c16080",15,,"C",,,,,,,,
6739,37,"03/05/00 10:30:00","01/01/50 00:00:00",20,2900,"C17209",25,"courbe prolongée en fin de validité","C","12/24/03 10:24:00","12/24/03 10:24:00",,,,,,
6741,84,"01/01/99 00:00:00","01/01/50 00:00:00",100,2300,"11a",18,"courbe de tarage avec herbes déclaré chapeau de gendarme
courbe prolongée en fin de validité","C","12/24/03 10:27:00","12/24/03 10:28:00",,,,,,
6787,21,"01/09/01 00:00:00","01/01/03 00:00:00",170,2200,"D21a",19,,"C",,"01/12/04 14:20:00",,,,,,
6789,26,"07/01/94 00:00:00","03/01/95 00:00:00",560,7000,"C14838a",19,"Cette CT doit être utilisée jusqu'au 01/01/96 car la construction d'un bras de décharge court-circuite la station au delà de 4 m environ.","C",,"01/12/04 14:33:00",,,,,,
6886,154,"01/01/98 00:00:00","10/25/02 18:00:00",950,2940,"D22",16,,"C","02/24/04 10:42:00","02/24/04 10:42:00","11/07/03 14:40:00",,,,,
6906,56,"01/25/01 12:38:00","01/01/50 00:00:00",800,3100,"D13",20,"courbe prolongée en fin de validité","C","03/08/04 12:02:00","03/08/04 12:17:00","03/08/04 12:02:00",,,,,
6907,56,"01/01/01 00:00:00","01/25/01 12:38:00",800,3100,"12",26,"courbe prolongée en fin de validité","C","03/08/04 12:18:00","03/08/04 12:21:00",,,,,,
6916,49,"05/01/00 00:00:00","01/01/50 00:00:00",180,4800,"D14",25,,"C",,"03/15/04 12:05:00",,,,,,
6973,50,"08/01/68 00:00:00","01/01/71 00:00:00",120,1750,"C14297",18,,"C",,,,,,,,
6974,50,"01/01/71 00:00:00","01/01/72 00:00:00",120,1750,"C14298",17,,"C",,,,,,,,
6975,50,"01/01/72 00:00:00","01/01/73 00:00:00",120,1750,"C14299",17,,"C",,,,,,,,
6976,50,"01/01/73 00:00:00","01/01/74 00:00:00",120,1750,"C14300",16,,"C",,,,,,,,
6977,50,"01/01/74 00:00:00","12/01/74 00:00:00",120,1750,"C14301",19,,"C",,,,,,,,
6978,50,"12/01/74 00:00:00","06/15/75 00:00:00",120,1750,"C14302",21,,"C",,,,,,,,
6979,50,"06/15/75 00:00:00","08/31/75 00:00:00",250,1550,"C14303",15,,"C",,,,,,,,
6980,50,"08/31/75 00:00:00","01/01/76 00:00:00",380,1550,"C14304",19,,"C",,,,,,,,
6981,50,"01/01/76 00:00:00","01/01/78 00:00:00",190,1250,"C14305",26,,"C",,,,,,,,
6982,50,"01/01/78 00:00:00","01/01/80 00:00:00",430,1550,"C14306",23,,"C",,,,,,,,
6983,50,"01/01/80 00:00:00","01/01/81 00:00:00",520,1550,"C14307",17,,"C",,,,,,,,
6984,50,"01/01/81 00:00:00","06/10/82 00:00:00",320,1500,"C14308",20,,"C",,,,,,,,
6985,50,"06/10/82 00:00:00","01/01/83 00:00:00",440,1300,"C14309",13,,"C",,,,,,,,
6986,50,"01/01/83 00:00:00","01/01/84 00:00:00",410,1500,"C14310",19,,"C",,,,,,,,
6987,50,"01/01/84 00:00:00","01/01/85 00:00:00",410,1420,"C14311",21,,"C",,,,,,,,
6988,50,"01/01/85 00:00:00","01/01/86 00:00:00",700,1620,"C14312",11,,"C",,,,,,,,
6989,50,"01/01/86 00:00:00","08/31/87 00:00:00",680,1620,"C14313",16,,"C",,,,,,,,
6990,50,"08/31/87 00:00:00","01/01/89 00:00:00",630,1420,"C14314",16,,"C",,,,,,,,
6991,50,"01/01/89 00:00:00","01/01/90 00:00:00",670,1420,"C14315",18,,"C",,,,,,,,
7247,47,"01/01/92 00:00:00","12/25/99 04:30:00",200,2750,"1",22,,"C",,"06/25/04 09:32:00",,,,,,
7258,44,"06/16/95 00:00:00","10/26/02 19:29:00",400,5700,"D25",29,,"C","06/29/04 09:53:00","06/29/04 10:40:00",,,,,,
7265,47,"12/25/99 04:30:00","11/04/02 15:13:00",160,2750,"2",22,,"C","07/02/04 14:21:00","07/02/04 14:21:00","11/18/03 00:00:00",,,,,
7271,131,"08/01/04 00:00:00","01/01/05 00:00:00",380,1500,"2",18,,"C",,,,,,,,
7362,49,"05/01/00 00:00:00","01/01/50 00:00:00",180,4800,"D14a",20,"NON VALIDE!!!!","C",,"11/10/04 14:43:00",,,,,,
7378,88,"01/01/03 00:00:00","01/01/50 00:00:00",80,940,"D14c",12,,"C",,"12/10/04 15:52:00","09/02/04 00:00:00",,,,,
7391,49,"10/01/04 00:00:00","01/01/50 00:00:00",180,4800,"D14a",25,"courbe remontée sur les points bas d'octobre

JLC","C","01/06/05 13:09:00","01/06/05 13:11:00",,,,,,
7403,21,"01/01/03 00:00:00","11/17/03 00:00:00",330,1150,"D22b",15,"la CT n° D22b est arrêtée définitivement le 17/11/2003 à 00:00 suite au recalibrage du lit.","C",,"01/19/05 13:28:00",,,,,,
7421,42,"01/01/02 00:00:00","01/05/03 17:30:00",1220,3600,"D31",19,,"C","01/26/05 16:49:00","01/26/05 16:49:00",,,,,,
7432,104,"02/15/98 12:56:00","01/01/50 00:00:00",90,1500,"D1",18,,"C","02/10/05 16:37:00","02/10/05 16:38:00","02/10/05 16:37:00",,,,,
7433,104,"01/01/96 00:00:00","02/15/98 12:56:00",90,1550,"C16272",13,,"C","02/10/05 16:41:00","02/10/05 16:41:00",,,,,,
7441,45,"06/03/96 00:00:00","12/12/99 15:36:00",200,3000,"C15930",23,,"C","02/28/05 10:45:00","02/28/05 10:46:00",,,,,,
7442,45,"12/12/99 15:36:00","01/01/10 00:00:00",200,2800,"D01",16,,"C","02/28/05 10:33:00","02/28/05 10:49:00","02/28/05 10:33:00",,,,,
7452,131,"11/01/97 00:00:00","01/01/05 00:00:00",360,1500,"D02",26,"courbe provisoire","C","11/07/03 11:17:00","03/11/05 10:16:00","11/07/03 11:17:00",,,,,
7453,131,"11/01/97 00:00:00","01/01/05 00:00:00",360,1500,"D03",22,"courbe provisoire NON VALIDEE","C","11/07/03 11:17:00","03/11/05 10:16:00","11/07/03 11:17:00",,,,,
7457,67,"01/01/98 00:00:00","01/01/00 00:00:00",-150,1800,"D24",23,,"C","10/28/03 14:08:00","03/11/05 11:01:00","10/28/03 14:08:00",,,,,
7458,67,"01/01/00 00:00:00","01/01/10 00:00:00",-150,1800,"D25",22,"
","C","10/28/03 14:08:00","03/11/05 11:06:00","10/28/03 14:08:00",,,,,
7467,80,"01/01/00 00:00:00","01/01/10 00:00:00",160,1650,"D25",16,,"C","04/08/04 14:36:00","03/11/05 12:11:00","04/08/04 14:36:00",,,,,
7471,10,"10/25/98 12:00:00","12/20/99 11:48:00",120,2500,"D19",23,,"C","11/06/03 16:14:00","03/11/05 12:22:00","11/06/03 16:14:00",,,,,
7472,22,"01/01/00 00:00:00","01/01/10 00:00:00",350,2500,"35",21,,"C",,"03/11/05 12:28:00",,,,,,
7475,64,"01/01/98 00:00:00","01/01/10 00:00:00",400,1650,"21b",24,,"C",,"03/11/05 14:22:00",,,,,,
7559,1,"01/01/00 00:00:00","01/19/04 23:35:00",480,3500,"C17031b",32,"courbe prolongée en fin de validité","C","05/27/05 10:07:00","05/27/05 10:07:00","11/06/03 16:43:00",,,,,
7565,51,"05/20/99 05:30:00","01/01/50 00:00:00",650,4000,"C16189",27,"courbe prolongée en date de fin de validité","C","03/11/05 10:51:00","06/01/05 13:53:00",,,,,,
7581,44,"10/26/02 19:29:00","03/01/05 00:00:00",400,5700,"D27a",19,,"C","09/02/04 14:40:00","06/15/05 14:27:00","06/29/04 09:25:00",,,,,
7585,143,"01/01/01 00:00:00","01/01/10 00:00:00",150,2900,"d10a",19,"nouvelle courbe qui prend en compte les dernières mesures d'étiages.","C","03/11/05 15:45:00","06/15/05 16:28:00","11/18/03 09:20:00",,,,,
7594,158,"01/01/01 00:00:00","12/31/02 00:00:00",150,420,"2002",2,,"T",,,,,,,,
7596,159,"01/01/01 00:00:00","12/31/02 00:00:00",200,920,"2002",2,,"T",,,,,,,,
7597,159,"01/01/03 00:00:00","12/31/03 00:00:00",240,600,"2003",6,,"T",,"11/17/03 16:47:00","11/17/03 16:47:00",,,,,
7598,160,"01/01/02 00:00:00","12/31/02 00:00:00",250,605,"2002",5,,"T",,,,,,,,
7599,160,"03/27/02 00:00:00","12/31/03 00:00:00",250,605,"2003",6,"Le jaugeage du 15/10/2003, hors courbe, est non représentatif en raison de problèmes probablement liés à l'obstruction du seuil situé en aval de la station","T",,"11/20/03 14:48:00",,,,,,
7600,161,"01/01/01 00:00:00","12/31/02 00:00:00",540,1080,"2002",2,,"T",,,,,,,,
7601,161,"02/15/02 00:00:00","12/31/03 00:00:00",540,1080,"2003",4,,"T",,"11/20/03 12:12:00",,,,,,
7602,162,"01/01/02 00:00:00","12/31/02 00:00:00",20,140,"2002",3,,"T",,,,,,,,
7603,162,"02/15/02 00:00:00","12/31/03 00:00:00",20,140,"2003",4,,"T",,"11/19/03 16:04:00",,,,,,
7604,163,"01/01/01 00:00:00","12/31/02 00:00:00",160,760,"2002",4,,"T",,,,,,,,
7605,163,"02/15/02 00:00:00","12/31/03 00:00:00",160,760,"2003",6,,"T",,"11/19/03 15:43:00",,,,,,
7606,164,"01/01/01 00:00:00","12/31/02 00:00:00",1020,1450,"2002",4,,"T",,,,,,,,
7607,164,"02/15/02 00:00:00","12/31/03 00:00:00",1020,1450,"2003",8,,"T",,"11/19/03 15:56:00",,,,,,
7608,165,"01/01/01 00:00:00","12/31/02 00:00:00",90,480,"2002",2,,"T",,,,,,,,
7610,166,"01/01/02 00:00:00","12/31/02 00:00:00",480,980,"2002",3,,"T",,,,,,,,
7611,166,"01/01/02 00:00:00","12/31/03 00:00:00",450,980,"2003",2,,"T",,"11/17/03 16:32:00","11/17/03 16:32:00",,,,,
7612,167,"01/01/01 00:00:00","12/31/02 00:00:00",70,380,"2002",3,,"T",,,,,,,,
7613,167,"02/15/02 00:00:00","12/31/03 00:00:00",70,380,"2003",5,,"T",,"11/20/03 11:01:00",,,,,,
7614,168,"01/01/02 00:00:00","12/31/02 00:00:00",50,700,"2002",3,,"T",,,,,,,,
7615,168,"02/15/02 00:00:00","12/31/03 00:00:00",50,700,"2003",5,,"T",,"11/19/03 12:49:00",,,,,,
7616,169,"01/01/01 00:00:00","12/31/02 00:00:00",380,1250,"2002",4,,"T",,,,,,,,
7617,169,"01/01/02 00:00:00","12/31/03 00:00:00",380,1250,"2003",4,,"T",,"11/20/03 11:32:00",,,,,,
7618,170,"01/01/02 00:00:00","12/31/02 00:00:00",80,580,"2002",2,,"T",,,,,,,,
7619,170,"01/01/03 00:00:00","12/31/03 00:00:00",80,580,"2003",5,,"T",,"11/19/03 12:44:00",,,,,,
7620,171,"01/01/02 00:00:00","12/31/02 00:00:00",90,380,"2002",4,,"T",,,,,,,,
7621,171,"01/01/03 00:00:00","12/31/03 00:00:00",90,380,"2003",7,"Station totalement détarée.Pas de relation hauteur-débit fiable.  Il serait nécessaire de rechercher un autre site d'implantation.","T",,"11/20/03 12:51:00",,,,,,
7622,172,"01/01/01 00:00:00","12/31/02 00:00:00",150,550,"2002",4,,"T",,,,,,,,
7623,172,"02/15/02 00:00:00","12/31/03 00:00:00",150,550,"2003",7,,"T",,"11/20/03 11:55:00",,,,,,
7624,173,"01/01/01 00:00:00","12/31/02 00:00:00",120,660,"2002",2,,"T",,,,,,,,
7625,173,"02/14/02 00:00:00","12/31/03 00:00:00",120,660,"2003",4,"Courbe de tarage très instable en raison des rejets d'exhaures.","T",,"11/20/03 14:53:00",,,,,,
7626,174,"01/01/02 00:00:00","12/31/02 00:00:00",150,410,"2002",4,,"T",,,,,,,,
7627,174,"01/01/03 00:00:00","07/16/03 00:00:00",150,410,"2003/1",4,,"T",,"11/20/03 11:11:00",,,,,,
7628,174,"07/17/03 00:00:00","01/01/10 00:00:00",150,410,"2003/2",4,,"T",,"03/08/05 14:16:00",,,,,,
7629,175,"01/01/01 00:00:00","12/31/02 00:00:00",350,1060,"2002",2,,"T",,,,,,,,
7630,175,"03/07/02 00:00:00","12/31/03 00:00:00",350,1060,"2003",7,,"T",,"11/19/03 12:34:00",,,,,,
7631,176,"01/01/01 00:00:00","12/31/02 00:00:00",490,880,"2002",3,,"T",,,,,,,,
7632,176,"02/15/02 00:00:00","12/31/03 00:00:00",490,880,"2003",3,,"T",,"11/19/03 12:22:00",,,,,,
7633,177,"01/01/02 00:00:00","12/31/02 00:00:00",405,1120,"2002",2,,"T",,,,,,,,
7634,177,"02/28/02 00:00:00","12/31/03 00:00:00",405,1120,"2003",4,,"T",,"11/20/03 11:28:00",,,,,,
7635,178,"01/01/01 00:00:00","12/31/02 00:00:00",0,590,"2002",4,,"T",,,,,,,,
7636,178,"01/01/02 00:00:00","12/31/03 00:00:00",0,590,"2003",6,,"T",,"11/17/03 16:20:00","11/17/03 16:20:00",,,,,
7637,179,"01/01/01 00:00:00","12/31/02 00:00:00",285,1080,"2002",4,,"T",,,,,,,,
7638,179,"02/15/02 00:00:00","12/31/03 00:00:00",260,1080,"2003",6,,"T",,"11/19/03 10:07:00","11/17/03 17:01:00",,,,,
7639,180,"01/01/01 00:00:00","12/31/02 00:00:00",30,1300,"2002",5,,"T",,,,,,,,
7640,180,"01/01/03 00:00:00","12/31/03 00:00:00",10,280,"2003",4,,"T",,"11/20/03 11:23:00","11/20/03 11:23:00",,,,,
7641,181,"01/01/01 00:00:00","12/31/02 00:00:00",50,195,"2002",5,,"T",,,,,,,,
7642,181,"01/01/03 00:00:00","12/31/03 00:00:00",120,170,"2003",2,,"T",,"11/19/03 15:31:00","11/19/03 15:31:00",,,,,
7643,182,"01/01/01 00:00:00","12/31/02 00:00:00",260,980,"2002",4,,"T",,,,,,,,
7644,182,"02/14/02 00:00:00","12/31/03 00:00:00",260,980,"2003",6,,"T",,"11/19/03 16:01:00",,,,,,
7645,183,"01/01/01 00:00:00","12/31/02 00:00:00",220,500,"2002",2,,"T",,,,,,,,
7646,183,"01/01/02 00:00:00","12/31/03 00:00:00",220,500,"2003",7,,"T",,"11/17/03 16:13:00","11/17/03 16:08:00",,,,,
7651,186,"01/01/01 00:00:00","06/25/02 00:00:00",150,600,"2002/1",4,,"T",,,,,,,,
7652,186,"05/23/03 00:00:00","12/31/03 00:00:00",150,600,"2003",5,"Les six mesures effectuées entre le 26 février et le 22 mai 2003 sont hors courbe suite à la mise en place par la société de pêche d'un seuil de réhauuse à l'aval de la station ","T",,"11/19/03 16:31:00",,,,,,
7653,186,"05/23/03 00:00:00","12/31/10 00:00:00",150,600,"2005",3,"Les six mesures effectuées entre le 26 février et le 22 mai 2003 sont hors courbe suite à la mise en place par la société de pêche d'un seuil de réhauuse à l'aval de la station 
NON VALIDEE","T",,"03/10/05 10:59:00",,,,,,
7707,38,"01/01/02 10:58:00","05/10/05 13:12:00",650,2000,"D25A",20,,"C","02/10/05 15:46:00","07/28/05 15:03:00","02/10/05 15:46:00",,,,,
7726,18,"01/01/01 00:00:00","08/27/03 00:00:00",205,2600,"D25b",17,,"C","09/17/03 10:58:00","08/05/05 13:43:00",,,,,,
7728,14,"01/01/02 00:00:00","12/16/04 00:00:00",-210,3200,"D22a",20,"NON VALIDEE","C","10/28/03 11:27:00","08/05/05 15:49:00","10/28/03 11:27:00",,,,,
7803,84,"01/01/99 00:00:00","01/01/50 00:00:00",1400,2300,"D11 CAC",8,"NON VALIDEE. CT DE TRAVAIL POUR ETABLIR SEUIL BULQUO","C","10/17/05 16:34:00","10/17/05 16:39:00",,,,,,
7967,72,"09/29/99 13:00:00","12/31/10 00:00:00",250,2400,"D01",30,,"C","08/18/05 16:05:00","04/28/06 10:21:00",,,,,,
7981,112,"06/20/02 12:00:00","01/01/10 00:00:00",110,2250,"D03",14,,"C","03/15/04 17:02:00","05/29/06 10:20:00","03/15/04 17:02:00",,,,,
7988,51,"11/12/97 05:30:00","01/01/10 00:00:00",650,4000,"D01",17,,"C","03/11/05 10:51:00","05/29/06 10:35:00",,,,,,
8021,165,"02/15/02 00:00:00","12/31/03 00:00:00",90,480,"2003",4,,"T",,"06/12/06 09:07:00",,,,,,
8025,63,"01/01/98 00:00:00","01/01/10 00:00:00",300,1660,"D22C",23,,"C","06/12/06 16:32:00","06/12/06 16:43:00","11/19/03 10:20:00",,,,,
8027,28,"01/01/85 00:00:00","01/01/10 00:00:00",2500,5800,"001a",18,,"C","04/25/05 12:14:00","06/13/06 09:53:00",,,,,,
8028,28,"01/01/85 00:00:00","01/01/10 00:00:00",2500,5800,"001",18,,"C",,,,,,,,
8040,28,"01/01/85 00:00:00","01/01/10 00:00:00",2500,5800,"D01",18,"COURBE DE HAUTES EAUX UNIQUEMENT","C","06/16/06 15:18:00","06/16/06 15:18:00",,,,,,
8045,62,"01/01/00 00:00:00","01/01/10 00:00:00",30,700,"TRAVAIL",18,,"C",,"06/22/06 12:17:00",,,,,,
8057,38,"05/10/04 13:12:00","04/16/06 13:54:00",650,2000,"D26A",21,,"C","07/03/06 16:00:00","07/03/06 16:06:00","11/10/05 12:15:00",,,,,
8068,1,"10/19/05 00:00:00","01/02/06 12:06:00",800,2500,"D06",25,"Seuil artificiel (quelques petits blocs bétons) en aval de la station qui semble instable et donc influence variable sur la ct. ","C","07/18/06 12:02:00","07/18/06 12:03:00","05/27/05 10:01:00",,,,,
8072,3,"03/11/99 00:00:00","11/19/04 23:06:00",540,2200,"C17163a",19,"courbe prolongée en fin de validité","C","12/24/03 10:20:00","07/18/06 12:23:00",,,,,,
8075,3,"11/17/04 14:30:00","01/01/06 23:30:00",540,1700,"D01",20,"Nouvelle courbe suite à travaux en cours sur le pont aval de la station","C","06/13/06 14:45:00","07/18/06 12:37:00","05/27/05 10:49:00",,,,,
8076,37,"09/21/98 08:52:00","01/01/10 00:00:00",110,2900,"d21+05",17,,"C","06/13/06 11:51:00","07/18/06 15:12:00","06/13/06 11:51:00",,,,,
8085,45,"12/12/99 15:36:00","01/01/10 00:00:00",200,2800,"D01A",19,,"C","02/28/05 10:33:00","07/24/06 10:41:00","02/28/05 10:33:00",,,,,
8174,58,"09/01/01 00:00:00","09/01/04 00:00:00",690,4000,"20b",30,"nouvelle courbe tenant compte des mesures basses, changé le 15/08/2003","C",,"07/28/06 14:32:00",,,,,,
8199,1,"01/02/06 12:06:00","07/26/06 10:00:00",530,2500,"D07a",19,"seuil à goémétrie varible amène des difficultés dan la gestion des points de mesures en bas de courbe","C","07/18/06 12:06:00","08/24/06 11:12:00","05/04/06 10:00:00",,,,,
8335,28,"01/01/85 00:00:00","01/01/10 00:00:00",2500,5800,"D_Crue0310",10,"COURBE DE HAUTES EAUX UNIQUEMENT","C","10/16/06 11:55:00","10/16/06 11:56:00","10/16/06 11:55:00",,,,,
8521,30,"04/01/00 00:00:00","11/02/03 17:51:00",1300,3750,"D18",13,"sous 130 cm la station est sous influence de barrages","C","11/30/06 15:09:00","11/30/06 15:53:00","04/20/06 17:04:00",,,,,
8524,51,"11/12/97 05:30:00","01/01/10 00:00:00",650,5500,"D02",26,,"C","11/30/06 12:26:00","12/19/06 11:44:00","11/21/06 10:54:00",,,,,
8620,136,"11/01/67 00:00:00","12/30/85 00:00:00",800,7000,"C16638",58,,"C",,,,,,,,
8621,136,"12/30/85 00:00:00","01/01/86 00:00:00",800,7000,"C16639",58,,"C",,,,,,,,
8622,136,"01/01/86 00:00:00","09/30/87 00:00:00",700,4000,"C16640",18,,"C",,,,,,,,
8623,136,"09/30/87 00:00:00","02/29/88 00:00:00",700,3000,"C16641",12,,"C",,,,,,,,
8624,136,"02/29/88 00:00:00","04/04/88 00:00:00",800,4200,"C16642",15,,"C",,,,,,,,
8625,136,"04/04/88 00:00:00","11/30/88 00:00:00",700,3600,"C16643",12,,"C",,,,,,,,
8626,136,"11/30/88 00:00:00","02/22/89 00:00:00",750,5000,"C16644",16,,"C",,,,,,,,
8627,136,"02/22/89 00:00:00","07/09/89 00:00:00",600,3000,"C16645",16,,"C",,,,,,,,
8628,136,"07/09/89 00:00:00","12/31/89 00:00:00",400,3700,"C16646",20,,"C",,,,,,,,
8629,136,"12/31/89 00:00:00","07/30/90 00:00:00",450,3700,"C16647",21,,"C",,,,,,,,
8630,136,"07/30/90 00:00:00","11/16/90 00:00:00",380,1620,"C16648",15,,"C",,,,,,,,
8631,136,"11/16/90 00:00:00","12/21/90 00:00:00",500,3700,"C16649",21,,"C",,,,,,,,
8683,21,"11/17/03 00:00:00","03/07/07 00:00:00",290,1150,"D23e",14,"CT n° D23 suite au recalibrage du lit du 27/10/03","C",,"05/14/07 14:56:00","10/27/05 14:30:00",,,,,
8824,85,"07/19/68 00:00:00","01/01/70 00:00:00",520,2160,"C14191",18,,"C",,"08/06/07 12:50:00",,,,,,
8881,156,"10/01/03 00:00:00","01/01/50 00:00:00",470,2500,"A-EDF",11,"CT avant évaporation par la centrale EDF.","C",,"09/24/07 13:01:00",,,,,,
8900,145,"01/01/96 00:00:00","01/01/50 00:00:00",4000,6000,"Travail",10,"CT en cours d'élaboration : ne pas diffuser.
L'extrapolation haute a été établie avec la CT modélisation EPAMA.","C",,"09/28/07 14:27:00","02/23/04 00:00:00",,,,,
8932,16,"01/01/03 00:00:00","06/22/06 00:00:00",150,800,"D28",19,"
","C","11/05/07 11:47:00","11/09/07 11:20:00","11/05/07 11:45:00",,,,,
8946,53,"01/01/99 00:00:00","01/01/04 00:00:00",150,1500,"D23",20,,"C","11/13/07 14:41:00","11/13/07 15:15:00",,,,,,
8953,0,"01/01/70 00:00:00","12/13/98 00:00:00",500,3000,"4",23,,"C",,"11/14/07 15:32:00",,,,,,
8981,84,"01/01/99 00:00:00","06/01/06 00:00:00",100,2300,"D11bH",19,"courbe de tarage avec herbes déclaré chapeau de gendarme
courbe prolongée en fin de validité","C","12/24/03 10:27:00","12/14/07 11:05:00",,,,,,
9001,141,"01/01/88 00:00:00","01/01/50 00:00:00",3000,6200,"D10-tqe",7,"Attention, cette CT ne prend pas en compte tout le débit de la meuse car court circuitée par 2 dérivations situées en amont de la station et sous influence barrage en deçà de 200 m3/s.","C",,"12/20/07 15:34:00","03/23/06 14:30:00",,,,,
9483,158,"02/15/02 00:00:00","12/31/03 00:00:00",150,420,"2003",4,,"T",,"03/17/08 08:42:00",,,,,,
9561,184,"01/01/01 00:00:00","01/01/50 00:00:00",550,1700,"D10",8,"CT tronquée en basses eaux car la station est non univoque par le barrage ","C",,"04/02/08 11:02:00","04/02/08 10:00:00",,,,,
9564,191,"01/01/06 00:00:00","01/01/07 00:00:00",150,900,"12",11,,"C",,"04/08/08 08:18:00","03/31/08 12:57:00",,,,,
9565,191,"09/01/04 00:00:00","01/01/06 00:00:00",150,900,"11",10,,"C",,"04/08/08 08:18:00","03/31/08 12:57:00",,,,,
9566,191,"04/01/01 00:00:00","09/01/04 00:00:00",150,900,"10",11,,"C",,"04/08/08 08:18:00","03/31/08 12:57:00",,,,,
9719,84,"06/01/06 00:00:00","12/05/07 00:00:00",100,2500,"d12-hbe",19,,"C","12/14/07 11:12:00","07/21/08 15:39:00","12/12/07 12:00:00",,,,,
9750,37,"03/05/04 10:30:00","07/04/07 04:12:00",110,2600,"D22",18,,"C","07/29/08 16:12:00","07/29/08 16:13:00",,,,,,
9752,37,"09/21/98 08:52:00","03/05/04 10:30:00",110,2900,"D21",17,,"C","07/29/08 16:14:00","07/29/08 16:15:00","06/13/06 11:51:00",,,,,
9776,42,"06/01/06 00:00:00","06/01/08 07:30:00",1300,3600,"D33",21,,"C","08/01/08 14:56:00","08/01/08 14:56:00","07/19/06 16:03:00",,,,,
9785,44,"03/01/05 00:00:00","06/27/05 00:00:00",400,5700,"D28",16,,"C","08/04/08 11:43:00","08/04/08 11:43:00","06/15/05 14:23:00",,,,,
9846,154,"10/25/02 18:00:00","10/01/06 00:00:00",950,2940,"D23a",20,"courbe étendue vers les 3.22m maxi de crue d'octobre","C","09/04/08 10:27:00","09/04/08 10:28:00","08/23/04 10:15:00",,,,,
9858,193,"03/01/08 00:00:00","01/01/50 00:00:00",10,2020,"D01",27,,"C","09/29/08 16:25:00","09/29/08 16:25:00","09/29/08 16:25:00",,,,,
9868,194,"01/01/01 00:00:00","12/31/02 00:00:00",150,800,"2002",5,,"T",,,,,,,,
9869,194,"03/25/02 00:00:00","12/31/03 00:00:00",150,800,"2003",5,,"T",,"11/19/03 15:21:00",,,,,,
9870,195,"01/01/03 00:00:00","12/31/08 00:00:00",0,280,"2007",2,,"T",,"08/30/08 19:26:00","06/25/08 10:57:00",,,,,
9871,195,"12/12/04 00:00:00","12/31/08 00:00:00",0,350,"1",15,,"C",,"09/18/08 20:02:00",,,,,,
9872,196,"01/01/99 00:00:00","12/31/03 00:00:00",525,2330,"1",5,,"T",,"11/09/07 11:57:00","11/09/07 10:48:00",,,,,
9874,196,"01/01/04 00:00:00","12/31/04 00:00:00",538,2330,"2",6,,"T",,"11/09/07 11:58:00","11/09/07 11:11:00",,,,,
9875,196,"01/01/05 00:00:00","12/31/05 00:00:00",538,2330,"3",5,,"T",,"11/09/07 11:58:00","11/09/07 11:18:00",,,,,
9876,196,"01/01/06 00:00:00","12/31/06 00:00:00",657,2330,"4",4,,"T",,"11/09/07 11:58:00","11/09/07 11:32:00",,,,,
9882,70,"01/01/06 00:00:00","01/01/50 00:00:00",650,1300,"D15-tqe",9,"CT tronquée car la station n'est plus jaugée en étiage depuis 2006.","C",,"10/02/08 12:56:00","10/01/08 12:00:00",,,,,
9883,70,"01/01/02 00:00:00","01/01/06 00:00:00",120,1300,"D14f",22,,"C",,"10/02/08 13:12:00","06/20/05 00:00:00",,,,,
9888,196,"01/01/07 00:00:00","12/31/10 00:00:00",582,2330,"5",6,,"T",,"10/20/08 12:11:00","11/09/07 11:56:00",,,,,
9898,142,"01/01/00 00:00:00","01/01/10 00:00:00",500,1500,"D01",9,,"C","03/12/07 16:15:00","10/28/08 15:09:00","03/12/07 16:15:00",,,,,
9905,37,"07/04/99 04:12:00","01/01/50 00:00:00",300,2500,"D100",12,,"C","07/29/08 16:07:00","11/05/08 08:56:00","07/29/08 16:07:00",,,,,
9932,199,"01/01/99 00:00:00","01/01/01 00:00:00",60,1600,"2",15,,"C",,,,,,,,
9933,199,"08/04/99 00:00:00","04/14/00 00:00:00",60,1000,"1A",10,,"C",,,,,,,,
9934,199,"05/20/00 00:00:00","08/10/00 00:00:00",60,1000,"2A",13,,"C",,,,,,,,
9935,199,"08/15/00 00:00:00","01/01/02 00:00:00",60,1000,"3A",13,,"C",,,,,,,,
9936,199,"01/01/03 20:00:00","01/01/05 00:00:00",210,1400,"03/04",13,,"C",,"04/29/04 17:15:00",,,,,,
9937,200,"10/28/98 00:00:00","12/31/99 00:00:00",260,710,"1",56,,"C",,,,,,,,
9938,200,"10/28/98 00:00:00","12/31/99 00:00:00",190,680,"2",55,,"C",,,,,,,,
9939,200,"01/01/99 00:00:00","01/01/01 00:00:00",180,725,"3",20,,"C",,,,,,,,
9940,201,"01/01/97 00:00:00","12/21/97 23:59:00",250,2000,"1",14,,"C",,,,,,,,
9941,201,"01/01/02 00:00:00","12/01/04 00:00:00",250,1800,"5",17,,"C",,"06/29/04 11:18:00","06/29/04 00:00:00",,,,,
9944,203,"01/01/98 00:00:00","01/01/99 00:00:00",200,2500,"2",17,,"T",,,,,,,,
9945,203,"01/01/97 00:00:00","01/01/98 00:00:00",200,2500,"3",17,,"T",,,,,,,,
9946,203,"08/03/99 00:00:00","05/11/00 12:00:00",440,2500,"1A",25,,"C",,,,,,,,
9947,203,"08/08/02 11:00:00","12/30/04 12:00:00",410,750,"2GH",18,,"C",,"06/29/04 11:31:00",,,,,,
9948,204,"01/01/97 00:00:00","10/29/98 08:59:00",200,1200,"1",14,,"C",,,,,,,,
9949,204,"01/01/99 00:00:00","01/01/01 00:00:00",151,1680,"2",14,,"C",,,,,,,,
9950,204,"10/29/98 09:00:00","11/22/00 23:59:00",200,1400,"3",22,,"C",,,,,,,,
9951,204,"01/01/02 00:00:00","06/30/05 00:00:00",210,2000,"3",7,,"C",,"05/26/04 13:00:00",,,,,,
9952,205,"01/01/99 00:00:00","01/01/05 00:00:00",51,1000,"1",18,,"C",,"05/26/04 12:31:00",,,,,,
9953,206,"01/01/97 00:00:00","01/01/99 00:00:00",100,2000,"1",9,,"T",,,,,,,,
9954,206,"01/01/99 00:00:00","12/31/02 00:00:00",110,3000,"3",18,,"C",,,,,,,,
9955,206,"01/01/99 00:00:00","01/01/05 00:00:00",100,650,"2",12,,"C",,"08/19/04 12:49:00",,,,,,
9956,207,"01/01/97 00:00:00","01/01/99 00:00:00",121,600,"1",19,,"C",,,,,,,,
9957,207,"01/01/99 00:00:00","01/01/01 00:00:00",110,400,"2",13,,"T",,,,,,,,
9958,210,"01/01/98 00:00:00","01/01/01 00:00:00",1310,1740,"1",10,,"C",,,,,,,,
9959,213,"12/15/00 00:00:00","12/31/02 23:59:00",0,120,"2",9,,"C",,,,,,,,
9961,218,"01/01/07 00:00:00","12/31/08 00:00:00",270,495,"2007-2008",3,,"T","09/14/08 00:00:00","12/08/08 15:47:00","06/21/07 11:31:00",,,,,
9962,219,"01/01/07 00:00:00","12/31/08 00:00:00",-50,805,"2007-2008",7,"Jaugeage à 80.5 cm vérifié par corrélation aux stations DIREN de Nomény et de Metz","T","12/03/07 00:00:00","12/08/08 12:26:00",,,,,,
9963,220,"01/01/07 00:00:00","12/31/09 00:00:00",260,1820,"2007-2008",2,,"T",,"12/10/08 18:09:00","11/22/07 16:00:00",,,,,
9964,220,"01/01/05 00:00:00","12/31/07 00:00:00",180,600,"0507",4,,"T","12/20/06 00:00:00","12/21/07 11:58:00","10/04/06 11:25:00",,,,,
9965,221,"01/01/07 00:00:00","01/01/09 00:00:00",100,420,"2007-2008",3,,"T",,"12/09/08 16:33:00","12/21/07 11:10:00",,,,,
9966,221,"01/01/05 00:00:00","12/31/07 00:00:00",100,420,"0507",2,,"T","12/21/06 00:00:00","12/21/07 11:09:00","10/04/06 17:18:00",,,,,
9967,222,"01/01/06 00:00:00","12/31/09 00:00:00",595,680,"06",4,,"T","12/21/06 00:00:00","06/06/07 11:09:00","09/15/06 11:20:00",,,,,
9968,222,"01/01/07 00:00:00","01/01/09 00:00:00",650,760,"2007-2008",2,,"T",,"12/09/08 16:13:00","12/21/07 11:43:00",,,,,
9969,223,"01/01/05 00:00:00","12/31/07 00:00:00",150,790,"0507",6,,"T","12/21/06 00:00:00","12/21/07 12:07:00","10/04/06 17:46:00",,,,,
9970,223,"01/01/07 00:00:00","01/01/09 00:00:00",220,790,"2007",2,,"T",,"05/19/08 18:00:00","12/21/07 11:56:00",,,,,
9971,224,"01/01/05 00:00:00","12/31/08 00:00:00",580,950,"0507",2,,"T","12/21/06 00:00:00","05/19/08 18:05:00","10/04/06 17:47:00",,,,,
9972,225,"01/01/05 00:00:00","12/31/08 00:00:00",530,1800,"2007-2008",3,,"T",,"12/10/08 17:43:00","10/04/06 17:47:00",,,,,
9973,226,"01/01/05 00:00:00","12/31/07 00:00:00",240,520,"0507",3,,"T","12/21/06 00:00:00","12/21/07 10:55:00","10/04/06 17:13:00",,,,,
9974,226,"01/01/07 00:00:00","01/01/09 00:00:00",230,700,"2007-2008",2,,"T","09/12/08 00:00:00","12/09/08 15:41:00","11/22/07 16:09:00",,,,,
9975,227,"01/01/05 00:00:00","12/31/08 00:00:00",130,490,"2005-2008",2,,"T","12/21/07 00:00:00","12/09/08 16:02:00","10/04/06 17:22:00",,,,,
9976,228,"01/01/05 00:00:00","12/31/08 00:00:00",90,490,"2005-2008",2,,"T","12/21/06 00:00:00","12/09/08 15:47:00","10/04/06 17:14:00",,,,,
9977,229,"01/01/07 00:00:00","12/31/08 00:00:00",280,1280,"2007-2008",2,,"T",,"12/09/08 16:23:00","10/04/06 17:40:00",,,,,
9978,229,"01/01/01 00:00:00","12/31/50 00:00:00",370,800,"2",2,,"T",,"12/21/07 11:47:00","11/22/07 16:23:00",,,,,
9979,230,"01/01/06 00:00:00","01/01/09 00:00:00",340,520,"2007-2008",2,,"T",,"12/09/08 16:45:00","12/21/07 11:08:00",,,,,
9980,230,"01/01/05 00:00:00","12/31/07 00:00:00",310,590,"0507",2,,"T","12/21/06 00:00:00","12/21/07 12:03:00","10/04/06 17:14:00",,,,,
9981,231,"01/01/07 00:00:00","01/01/09 00:00:00",90,480,"2007-2008",2,,"T",,"12/09/08 16:39:00","04/02/07 11:17:00",,,,,
9982,232,"01/01/07 00:00:00","01/01/09 00:00:00",330,1600,"2007-2008",9,,"T",,"12/10/08 18:03:00","04/04/07 17:10:00",,,,,
9983,233,"01/01/07 00:00:00","01/01/09 00:00:00",480,650,"2007-2008",5,,"T",,"12/08/08 13:07:00","04/26/07 10:36:00",,,,,
9984,234,"01/01/07 00:00:00","01/01/09 00:00:00",430,560,"2007-2008",3,,"T","09/04/08 00:00:00","12/09/08 16:10:00","03/28/07 14:29:00",,,,,
9985,235,"01/01/07 00:00:00","01/01/09 00:00:00",180,400,"2007-2008",2,,"T",,"12/09/08 11:39:00","04/26/07 10:42:00",,,,,
9986,236,"01/01/07 00:00:00","01/01/09 00:00:00",370,680,"2007-2008",2,,"T",,"12/09/08 16:18:00","03/28/07 15:11:00",,,,,
9987,237,"01/01/07 00:00:00","01/01/09 00:00:00",500,750,"2007-2008",4,,"T",,"12/09/08 15:34:00","04/26/07 10:39:00",,,,,
9988,238,"01/01/05 00:00:00","12/31/07 00:00:00",705,2330,"2005-2006",2,,"T",,"02/04/07 12:36:00",,,,,,
9989,238,"02/01/05 00:00:00","12/31/07 00:00:00",730,2980,"2007",2,,"T","12/03/07 00:00:00","12/03/07 10:35:00",,,,,,
9990,239,"10/01/05 00:00:00","12/31/07 00:00:00",125,555,"2005-2006",5,,"T","12/09/06 00:00:00","02/07/07 10:15:00","12/07/05 15:14:00",,,,,
9991,239,"01/01/06 00:00:00","12/31/07 00:00:00",115,555,"2007",2,,"T","12/02/07 00:00:00","12/03/07 10:52:00",,,,,,
9992,240,"10/01/05 00:00:00","12/31/07 00:00:00",290,890,"2005-2006",2,,"T","12/09/06 00:00:00","02/27/07 10:58:00","12/12/05 12:44:00",,,,,
9993,240,"10/02/05 00:00:00","12/31/07 00:00:00",280,890,"2007",2,,"T","12/03/07 00:00:00","12/03/07 10:36:00",,,,,,
9994,241,"01/01/05 00:00:00","12/31/07 00:00:00",210,370,"2005-2006",5,,"T","12/08/06 00:00:00","02/04/07 12:48:00","10/28/05 11:50:00",,,,,
9995,241,"10/01/05 00:00:00","12/31/07 00:00:00",190,410,"2007",2,,"T","12/02/07 00:00:00","12/03/07 10:57:00",,,,,,
9996,242,"01/01/00 00:00:00","01/01/03 00:00:00",130,600,"3",12,,"C",,,,,,,,
9997,242,"01/01/97 00:00:00","01/01/98 00:00:00",130,900,"1",8,,"C",,,,,,,,
9998,242,"01/01/98 00:00:00","01/01/05 00:00:00",130,890,"2",12,,"C",,,,,,,,
9999,242,"10/01/05 00:00:00","12/31/07 00:00:00",40,620,"2005-2006",4,,"T","12/08/06 00:00:00","02/27/07 10:40:00","12/09/05 16:37:00",,,,,
10000,242,"10/02/05 00:00:00","12/31/07 00:00:00",80,630,"2007",2,,"T","12/02/07 00:00:00","12/03/07 11:01:00",,,,,,
10001,243,"10/01/05 00:00:00","12/31/07 00:00:00",260,680,"2005-2006",4,,"T","12/10/06 00:00:00","05/22/07 14:21:00",,,,,,
10002,243,"10/02/05 00:00:00","12/31/07 00:00:00",260,680,"2007",4,,"T","12/03/07 00:00:00","12/03/07 11:04:00",,,,,,
10003,244,"10/01/05 00:00:00","12/31/07 00:00:00",1350,2250,"2005-2006",5,,"T","12/10/06 00:00:00","02/27/07 14:12:00","12/12/05 12:24:00",,,,,
10004,244,"10/02/05 00:00:00","12/31/07 00:00:00",1350,2250,"2007",2,,"T","12/03/07 00:00:00","12/03/07 11:05:00",,,,,,
10005,245,"10/01/05 00:00:00","12/31/07 00:00:00",65,250,"2005-2006",6,,"T","12/10/06 00:00:00","02/26/07 16:53:00",,,,,,
10006,245,"10/02/05 00:00:00","12/31/07 00:00:00",30,430,"2007",5,,"T","12/03/07 00:00:00","12/03/07 11:11:00",,,,,,
10007,246,"01/01/07 00:00:00","12/31/07 00:00:00",405,610,"2007",3,,"T","12/02/07 00:00:00","12/03/07 11:03:00","06/21/07 11:39:00",,,,,
10008,247,"01/01/07 00:00:00","12/31/07 00:00:00",425,730,"2007",2,,"T","12/02/07 00:00:00","12/03/07 10:53:00","09/19/07 17:33:00",,,,,
10009,248,"01/01/07 00:00:00","12/31/07 00:00:00",305,450,"2007",2,,"T","12/02/07 00:00:00","12/03/07 11:04:00","06/21/07 13:00:00",,,,,
10010,249,"01/01/07 00:00:00","12/31/07 00:00:00",490,645,"2007 SH",4,,"T","12/02/07 00:00:00","12/03/07 10:51:00","06/21/07 12:36:00",,,,,
10011,249,"01/01/07 00:00:00","12/31/07 00:00:00",490,645,"2007 AH",4,"Courbe avec herbes, valable du 19/06 au 20/09/2007","T","12/02/07 00:00:00","12/03/07 10:51:00","12/03/07 10:50:00",,,,,
10012,250,"01/01/07 00:00:00","12/31/07 00:00:00",660,785,"2007",4,"Gros problèmes de végétation sur le linéaire du cours d'eau du 19/06 au 20/09/2007","T","12/03/07 00:00:00","12/03/07 10:40:00","06/21/07 11:54:00",,,,,
10013,251,"01/01/07 00:00:00","12/31/07 00:00:00",620,890,"207",3,,"T","12/02/07 00:00:00","12/03/07 10:52:00","06/21/07 10:50:00",,,,,
10014,252,"01/01/07 00:00:00","12/31/07 00:00:00",810,920,"2007",4,,"T","12/03/07 00:00:00","12/03/07 10:35:00","06/21/07 12:28:00",,,,,
10015,253,"01/01/07 00:00:00","12/31/07 00:00:00",190,320,"2007",2,,"T","12/03/07 00:00:00","12/03/07 10:34:00","06/21/07 11:17:00",,,,,
10016,254,"01/01/07 00:00:00","12/31/07 00:00:00",600,730,"2007",2,,"T","12/03/07 00:00:00","12/03/07 11:07:00","06/21/07 13:05:00",,,,,
10017,255,"01/01/07 00:00:00","12/31/07 00:00:00",470,650,"2007",2,,"T","12/02/07 00:00:00","12/03/07 10:56:00","06/21/07 11:01:00",,,,,
10018,256,"01/01/07 00:00:00","12/31/07 00:00:00",220,450,"2007",2,,"T","12/02/07 00:00:00","12/02/07 11:30:00","06/21/07 11:13:00",,,,,
10019,257,"01/01/07 00:00:00","12/31/07 00:00:00",430,660,"2007",2,,"T","12/02/07 00:00:00","12/03/07 11:01:00",,,,,,
10024,262,"10/01/05 00:00:00","12/31/06 00:00:00",200,550,"2005-2006",4,,"T","12/10/06 00:00:00","12/10/06 14:46:00",,,,,,
10025,263,"10/01/05 00:00:00","12/31/06 00:00:00",320,2000,"2005-2006",9,"COURBE SANS HERBES VALABLE AUSSI DU 15/09/96 AU 31/12/96","C",,"12/08/06 16:16:00",,,,,,
10026,264,"10/01/05 00:00:00","12/31/06 00:00:00",220,1140,"2005-2006",3,,"T","12/09/06 00:00:00","12/08/06 16:35:00","10/28/05 11:30:00",,,,,
10027,264,"06/01/06 00:00:00","10/30/06 00:00:00",220,1140,"2006 HERBE",3,,"T","12/09/06 00:00:00","12/08/06 16:36:00","12/04/06 16:53:00",,,,,
10028,265,"01/01/05 00:00:00","12/31/06 00:00:00",140,1070,"2005-2006",7,,"T",,"12/08/06 15:35:00",,,,,,
10029,266,"01/01/96 00:00:00","12/31/96 00:00:00",200,550,"1",8,,"C",,,,,,,,
10030,266,"01/01/97 00:00:00","01/01/98 00:00:00",220,650,"2",10,,"C",,,,,,,,
10031,266,"10/01/05 00:00:00","12/31/06 00:00:00",180,440,"20052006",4,,"T",,"12/08/06 15:34:00",,,,,,
10032,266,"08/01/99 00:00:00","12/31/02 00:00:00",180,750,"4",14,,"C",,,,,,,,
10033,266,"01/01/98 00:00:00","08/01/99 00:00:00",240,660,"3",10,,"C",,,,,,,,
10035,267,"01/01/97 00:00:00","01/01/98 00:00:00",270,500,"1",7,,"C",,,,,,,,
10036,267,"01/01/98 00:00:00","01/01/99 00:00:00",270,850,"2",12,,"C",,,,,,,,
10037,267,"01/01/99 00:00:00","01/01/05 00:00:00",270,850,"3",12,,"C",,,,,,,,
10038,267,"10/01/05 00:00:00","12/31/06 00:00:00",265,730,"2005-2006",5,,"T",,"12/08/06 15:44:00",,,,,,
10039,268,"01/01/00 00:00:00","01/01/06 00:00:00",240,460,"4",10,,"C",,"10/14/05 12:06:00",,,,,,
10040,268,"01/01/97 00:00:00","01/01/98 00:00:00",130,450,"1",8,,"C",,,,,,,,
10041,268,"01/01/98 00:00:00","01/01/05 00:00:00",110,420,"2",10,,"C",,,,,,,,
10042,268,"10/01/05 00:00:00","12/31/06 00:00:00",175,570,"2005-2006",5,,"T","12/08/06 00:00:00","12/08/06 16:18:00",,,,,,
10043,269,"01/01/00 00:00:00","01/01/03 00:00:00",870,1450,"3",10,,"C",,,,,,,,
10044,269,"01/01/98 00:00:00","01/01/05 00:00:00",870,1310,"2",9,,"C",,,,,,,,
10045,269,"01/01/97 00:00:00","01/01/98 00:00:00",870,990,"1",11,,"C",,,,,,,,
10046,269,"10/01/05 00:00:00","12/31/06 00:00:00",925,1440,"2005-2006",3,,"T",,"12/08/06 16:11:00",,,,,,
10047,270,"01/01/00 00:00:00","01/01/03 00:00:00",180,740,"3",15,,"C",,,,,,,,
10048,270,"01/01/97 00:00:00","01/01/98 00:00:00",200,300,"1",6,,"C",,,,,,,,
10049,270,"01/01/98 00:00:00","01/01/05 00:00:00",180,740,"2",14,,"C",,,,,,,,
10050,270,"10/01/05 00:00:00","12/31/06 00:00:00",230,680,"2005-2006",4,,"T","12/08/06 00:00:00","12/08/06 16:20:00","12/12/05 16:52:00",,,,,
10051,271,"01/01/00 00:00:00","01/01/06 00:00:00",250,810,"3",14,,"C",,"10/14/05 11:25:00",,,,,,
10052,271,"01/01/97 00:00:00","01/01/98 00:00:00",250,700,"1",9,,"C",,,,,,,,
10053,271,"01/01/98 00:00:00","01/01/05 00:00:00",250,550,"2",11,,"C",,,,,,,,
10054,271,"10/01/05 00:00:00","12/31/06 00:00:00",250,710,"2005-2006",4,,"T","12/09/06 00:00:00","12/08/06 16:26:00",,,,,,
10055,272,"10/01/05 00:00:00","12/31/06 00:00:00",30,265,"20052006",2,,"T",,"12/08/06 15:33:00",,,,,,
10056,273,"10/01/05 00:00:00","12/31/06 00:00:00",330,780,"2005-2006",3,,"T","12/08/06 00:00:00","12/08/06 16:46:00",,,,,,
10057,274,"10/01/05 00:00:00","12/31/06 00:00:00",80,810,"2005-2006",4,,"T","12/08/06 00:00:00","12/08/06 16:15:00",,,,,,
10058,275,"01/01/05 00:00:00","12/31/06 00:00:00",45,610,"2005-2006",8,,"T",,"12/08/06 15:37:00",,,,,,
10059,276,"10/01/05 00:00:00","12/31/06 00:00:00",40,1380,"2005-2006",7,,"T",,"12/08/06 16:19:00",,,,,,
10060,276,"01/01/05 00:00:00","12/31/06 00:00:00",40,1380,"2006",2,,"T",,"12/04/06 16:44:00","12/01/06 16:39:00",,,,,
10061,277,"10/01/00 00:00:00","12/31/06 00:00:00",175,1380,"2005",6,,"T",,"04/11/06 15:39:00","12/07/05 15:35:00",,,,,
10062,277,"01/01/05 00:00:00","12/31/06 00:00:00",175,1380,"2005-2006",4,,"T","12/08/06 00:00:00","12/08/06 16:21:00","12/01/06 16:47:00",,,,,
10063,278,"10/01/05 00:00:00","12/31/06 00:00:00",210,440,"2005-2006",5,,"T","12/10/06 00:00:00","12/10/06 14:37:00","12/12/05 11:27:00",,,,,
10064,279,"10/01/05 00:00:00","12/31/06 00:00:00",270,580,"2005-2006",4,,"T",,"12/08/06 15:30:00","12/12/05 11:34:00",,,,,
10065,280,"10/01/05 00:00:00","12/31/06 00:00:00",180,540,"2005-2006",3,,"T","12/08/06 00:00:00","12/08/06 16:54:00","12/12/05 11:58:00",,,,,
10066,281,"10/01/05 00:00:00","12/31/06 00:00:00",870,2050,"2005-2006",5,,"T","12/10/06 00:00:00","12/10/06 14:39:00",,,,,,
10067,282,"10/01/05 00:00:00","12/31/06 00:00:00",890,1130,"2005-2006",2,,"T","12/10/06 00:00:00","12/10/06 14:49:00","12/12/05 15:46:00",,,,,
10068,283,"01/01/05 00:00:00","12/31/06 00:00:00",180,830,"2005-2006",4,,"T","12/10/06 00:00:00","12/10/06 14:44:00",,,,,,
10069,284,"09/01/05 00:00:00","12/31/06 00:00:00",150,1390,"2005-2006",2,,"T","12/09/06 00:00:00","12/08/06 16:31:00",,,,,,
10070,285,"10/01/05 00:00:00","12/31/06 00:00:00",170,750,"2005-2006",4,,"T","12/10/06 00:00:00","12/10/06 14:42:00","12/12/05 12:18:00",,,,,
10071,286,"10/01/05 00:00:00","12/31/06 00:00:00",120,685,"2005-2006",5,,"T","12/09/06 00:00:00","12/08/06 16:40:00",,,,,,
10072,287,"01/01/05 00:00:00","12/31/06 00:00:00",420,980,"0506",5,,"T","12/21/06 00:00:00","12/21/06 11:34:00","10/04/06 16:36:00",,,,,
10073,288,"01/01/05 00:00:00","12/31/06 00:00:00",140,940,"0506",9,,"T","12/21/06 00:00:00","12/21/06 11:48:00","10/04/06 16:37:00",,,,,
10074,289,"01/01/06 00:00:00","12/31/06 00:00:00",520,890,"06",2,,"T","12/21/06 00:00:00","12/21/06 12:05:00","09/15/06 11:07:00",,,,,
10075,290,"01/01/05 00:00:00","12/31/07 00:00:00",1100,1750,"0506",4,,"T","12/21/06 00:00:00","12/21/06 12:26:00","10/04/06 17:16:00",,,,,
10076,291,"01/01/06 00:00:00","12/31/06 00:00:00",200,1000,"06",4,,"T","12/21/06 00:00:00","12/21/06 12:29:00","09/15/06 11:13:00",,,,,
10077,292,"01/01/06 00:00:00","12/31/06 00:00:00",240,550,"06",7,,"T",,"12/15/06 15:41:00","09/15/06 11:17:00",,,,,
10078,292,"01/01/05 00:00:00","12/31/07 00:00:00",240,550,"0506",7,,"T","12/21/06 00:00:00","12/21/06 14:50:00","10/04/06 17:23:00",,,,,
10079,293,"01/01/05 00:00:00","12/31/07 00:00:00",230,560,"0506",3,,"T","12/21/06 00:00:00","12/21/06 14:53:00","10/04/06 17:24:00",,,,,
10080,294,"01/01/05 00:00:00","12/31/07 00:00:00",1010,1360,"0506",2,,"T","12/21/06 00:00:00","12/21/06 15:35:00","10/04/06 17:41:00",,,,,
10081,295,"01/01/05 00:00:00","12/31/07 00:00:00",300,560,"0506",5,,"T","12/21/06 00:00:00","12/21/06 15:50:00","10/04/06 17:48:00",,,,,
10082,296,"01/01/05 00:00:00","07/01/06 00:00:00",270,580,"06A",5,,"T","12/21/06 00:00:00","12/21/06 15:06:00","12/15/06 15:52:00",,,,,
10083,296,"07/01/06 00:00:00","12/31/06 00:00:00",350,730,"06B",3,,"T","12/21/06 00:00:00","12/21/06 15:07:00","12/15/06 16:01:00",,,,,
10084,297,"01/01/06 00:00:00","12/31/06 00:00:00",180,350,"06",4,,"T","12/21/06 00:00:00","12/21/06 12:46:00","09/15/06 11:15:00",,,,,
10085,298,"01/01/05 00:00:00","01/01/07 00:00:00",170,470,"0506",2,,"T","12/21/06 00:00:00","12/21/06 15:52:00","12/21/06 15:52:00",,,,,
10086,299,"01/01/05 00:00:00","12/31/07 00:00:00",260,2730,"0506",4,,"T","12/21/06 00:00:00","12/21/06 12:45:00","10/04/06 17:19:00",,,,,
10126,85,"01/01/83 00:00:00","01/01/84 00:00:00",470,2250,"C14213",21,,"C",,"03/30/09 09:51:00",,,,,,
10406,25,"12/31/99 15:51:00","03/11/06 07:00:00",100,3000,"D09c",16,"correction de la partie haute de la courbe","C","05/11/09 13:58:00","05/11/09 17:00:00","03/11/05 11:56:00",,,,,
10541,21,"01/01/75 00:00:00","01/01/85 00:00:00",120,1350,"Atrav3",15,"Nouvelle CT n° D24 provisoire car instabilité du lit","C",,"06/18/09 10:05:00","11/27/07 15:00:00",,,,,
10542,21,"01/01/71 00:00:00","01/01/75 00:00:00",120,1350,"Atrav2",15,"Nouvelle CT n° D24 provisoire car instabilité du lit","C",,"06/18/09 10:05:00","11/27/07 15:00:00",,,,,
10543,21,"01/01/93 00:00:00","01/09/01 00:00:00",120,1350,"Atrav12",13,"Nouvelle CT n° D24 provisoire car instabilité du lit","C",,"06/18/09 10:05:00","11/27/07 15:00:00",,,,,
10544,21,"06/01/92 00:00:00","01/01/93 00:00:00",120,1350,"Atrav11",12,"Nouvelle CT n° D24 provisoire car instabilité du lit","C",,"06/18/09 10:05:00","11/27/07 15:00:00",,,,,
10545,21,"11/01/89 00:00:00","01/01/92 00:00:00",120,1350,"Atrav10",12,"Nouvelle CT n° D24 provisoire car instabilité du lit","C",,"06/18/09 10:05:00","11/27/07 15:00:00",,,,,
10546,21,"01/01/63 00:00:00","01/01/71 00:00:00",120,1350,"Atrav1",15,"Nouvelle CT n° D24 provisoire car instabilité du lit","C",,"06/18/09 10:05:00","11/27/07 15:00:00",,,,,
10547,21,"04/01/89 00:00:00","11/01/89 00:00:00",120,1350,"Atrav09",12,"Nouvelle CT n° D24 provisoire car instabilité du lit","C",,"06/18/09 10:06:00","11/27/07 15:00:00",,,,,
10548,21,"01/01/85 00:00:00","01/01/86 00:00:00",120,1350,"Atrav5",13,"Nouvelle CT n° D24 provisoire car instabilité du lit","C",,"06/18/09 10:06:00","11/27/07 15:00:00",,,,,
10549,21,"01/01/86 00:00:00","10/01/86 00:00:00",120,1350,"Atrav6",13,"Nouvelle CT n° D24 provisoire car instabilité du lit","C",,"06/18/09 10:06:00","11/27/07 15:00:00",,,,,
10550,21,"10/01/86 00:00:00","04/01/88 00:00:00",120,1350,"Atrav7",12,"Nouvelle CT n° D24 provisoire car instabilité du lit","C",,"06/18/09 10:06:00","11/27/07 15:00:00",,,,,
10551,21,"04/01/88 00:00:00","04/01/89 00:00:00",120,1350,"Atrav8",12,"Nouvelle CT n° D24 provisoire car instabilité du lit","C",,"06/18/09 10:06:00","11/27/07 15:00:00",,,,,
10567,23,"04/06/00 21:00:00","01/01/06 00:00:00",200,1610,"D23b",21,,"C","03/06/07 16:23:00","07/01/09 10:36:00",,,,,,
10593,17,"04/01/96 00:00:00","12/06/08 15:48:00",700,5800,"D52-hbe",19,"courbe de base.
Influence de la végétation, correction des hauteurs par des courbes à chapeau de gendarme sous HYDRO","C","12/05/07 11:28:00","07/17/09 10:48:00","12/05/07 11:28:00",,,,,
10607,76,"01/01/98 00:00:00","10/01/06 00:00:00",240,1100,"D21",18,,"C","07/21/09 14:17:00","07/21/09 14:17:00",,,,,,
10690,35,"10/13/06 13:36:00","01/01/50 00:00:00",330,4400,"D16",28,"Modifications des limites d'extrapolation le 04/09/2009.","C","03/11/05 11:11:00","09/04/09 11:51:00","03/08/04 11:19:00",,,,,
10721,31,"04/16/98 05:50:00","01/01/50 00:00:00",300,6100,"D16b",23,"Mise à jour des bornes d'extrapolation le 07/09/09.","C","09/07/09 09:28:00","09/07/09 09:57:00","02/28/05 12:16:00",,,,,
10769,43,"06/19/99 11:47:00","01/01/06 03:30:00",-350,5200,"D15b",25,"Nouvelle courbe du 06/11/2007 tenant compte des dernières mesures.
Mise à jour des bornes d'extrapolation le 07/09/09.","C","09/07/09 10:11:00","09/17/09 10:21:00","11/06/07 16:16:00",,,,,
10772,80,"01/01/00 00:00:00","11/03/04 01:23:00",160,1900,"D25a",16,,"C","04/08/04 14:36:00","09/17/09 10:30:00","04/08/04 14:36:00",,,,,
10779,47,"12/01/07 01:00:00","01/01/50 00:00:00",140,3000,"D06a",16,"Reprise de la partie basse de la courbe suite à l'étiage de Septembre 2009, et suite à l'envasement de la station.","C","09/17/09 11:31:00","09/17/09 11:33:00","10/16/06 10:35:00",,,,,
10797,48,"01/30/99 00:00:00","09/19/06 21:54:00",70,2400,"D14B",17,"ATTENTION COURBE A HERBE","C","10/20/08 16:05:00","09/28/09 11:23:00",,,,,,
10800,38,"04/16/06 13:54:00","01/01/07 07:11:00",650,2000,"D27b",19,"suite à travaux , nouvelle courbe de tarage","C","11/29/06 12:34:00","09/28/09 11:32:00","11/29/06 12:34:00",,,,,
10820,66,"01/01/98 00:00:00","09/17/06 00:00:00",100,3510,"D42B",18,,"C","10/06/09 10:47:00","10/06/09 10:48:00","10/16/06 10:52:00",,,,,
10823,66,"09/17/06 00:01:00","08/18/07 00:00:00",100,3700,"D43",15,,"C","10/06/09 11:03:00","10/06/09 11:03:00","08/01/08 15:11:00",,,,,
10826,11,"05/04/00 12:00:00","11/24/07 05:30:00",1250,4500,"D24",20,,"C","10/06/09 12:12:00","10/06/09 12:12:00","11/06/03 16:02:00",,,,,
10831,14,"12/16/04 00:00:00","09/01/09 06:39:00",-150,3200,"D24A-HBE",17,"courbe mère
Mise à jour des bornes d'extrapolation le 04/09/2009.","C","09/04/09 14:23:00","10/08/09 11:41:00","08/05/05 14:30:00",,,,,
10853,16,"06/22/06 00:00:00","09/14/08 00:00:00",150,800,"D29",21,"
","C","10/31/07 14:27:00","11/09/09 11:21:00","11/05/07 00:00:00",,,,,
11024,105,"01/01/04 00:00:00","01/01/50 00:00:00",280,1000,"D07",26,,"C","04/08/04 14:22:00","01/29/10 17:19:00","04/08/04 14:22:00",,,,,
11026,154,"10/01/06 00:00:00","05/01/09 00:00:00",950,3100,"D24",30,"Nouvelle courbe suite à détarage depuis octobre 2006 et étendu au maxi de crue.
Mise à jour des bornes d'extrapolation le 04/09/2009.
Arrêt des données à partir de Mai 2009 jusqu'en Décembre 2009 suite à des travaux sur le pont station.

","C","09/04/09 15:23:00","01/29/10 17:39:00","09/04/08 10:15:00",,,,,
11060,55,"01/01/69 00:00:00","01/01/73 00:00:00",60,1200,"C16820",21,,"C",,,,,,,,
11061,55,"01/01/73 00:00:00","01/01/76 00:00:00",70,1170,"C16821",16,,"C",,,,,,,,
11062,55,"01/01/76 00:00:00","01/01/77 00:00:00",50,1170,"C16822",22,,"C",,,,,,,,
11063,55,"01/01/77 00:00:00","01/01/78 00:00:00",70,1170,"C16823",20,,"C",,,,,,,,
11064,55,"01/01/78 00:00:00","01/01/79 00:00:00",50,1080,"C16824",21,,"C",,,,,,,,
17626,156,"10/01/03 00:00:00","01/22/07 00:00:00",470,2500,"D11e",10," Station mise en service le 21/04/2004. CT avant évaporation par la centrale EDF.","C",,"10/10/22 12:19:00","01/25/07 10:00:00",,,,0,
11065,55,"01/01/79 00:00:00","01/01/81 00:00:00",90,1270,"C16825",22,,"C",,,,,,,,
11066,55,"01/01/81 00:00:00","01/01/82 00:00:00",90,1350,"C16826",24,,"C",,,,,,,,
11067,55,"01/01/82 00:00:00","01/01/83 00:00:00",90,1350,"C16827",26,,"C",,,,,,,,
11068,55,"01/01/83 00:00:00","01/01/85 00:00:00",90,1350,"C16828",26,,"C",,,,,,,,
11069,55,"01/01/85 00:00:00","01/01/86 00:00:00",80,1350,"C16829",26,,"C",,,,,,,,
11070,55,"01/01/86 00:00:00","01/01/90 00:00:00",90,1350,"C16830",14,,"C",,,,,,,,
11071,55,"01/01/90 00:00:00","01/01/92 00:00:00",80,1350,"C16831",26,,"C",,,,,,,,
11072,55,"01/01/92 00:00:00","01/01/94 00:00:00",70,1350,"C16832",17,,"C",,,,,,,,
11073,55,"01/01/94 00:00:00","01/01/95 00:00:00",70,1350,"C16833",15,,"C",,,,,,,,
11074,55,"01/01/95 00:00:00","01/01/96 00:00:00",70,1000,"C16834",13,,"C",,,,,,,,
11075,55,"01/01/96 00:00:00","01/01/97 00:00:00",70,1350,"C16835",14,,"C",,,,,,,,
11167,304,"01/01/09 00:00:00","01/01/50 00:00:00",400,1000,"D10",9,,"C",,"02/24/10 12:45:00","02/24/10 00:00:00",,,,,
11170,80,"11/03/04 01:24:00","12/31/09 00:00:00",120,1900,"D26",11,"Mise à jour de la partie étiage et de de la borne d'extrapolation inférieure en Septembre 2009.","C","09/17/09 10:27:00","02/25/10 08:09:00","04/08/04 14:36:00",,,,,
11171,80,"12/01/09 00:01:00","01/01/50 00:00:00",120,1900,"D27trav",7,"Nouvelle CT suite au déplacement de l'échelle officielle dans Hydro. L'échelle utilisée est celle à l'aval, en rive gauche du pont de la voie communale de Saint-Hélène vers Autrey.
","C","02/11/10 14:59:00","02/26/10 07:50:00","02/11/10 14:36:00",,,,,
11287,42,"12/31/86 00:00:00","04/15/87 00:00:00",500,5000,"C16082",23,,"C",,"03/15/10 16:10:00",,,,,,
11322,307,"01/01/06 00:00:00","10/01/08 00:00:00",70,1800,"D01-amont",14,"Nouvelle CT pour échelle amont.","C","03/17/10 11:40:00","03/17/10 12:11:00","01/11/09 10:00:00",,,,,
11323,2,"01/01/97 00:00:00","11/03/02 14:54:00",100,1750,"2",21,,"C",,"03/17/10 12:16:00",,,,,,
11325,307,"10/01/08 00:01:00","01/01/50 00:00:00",220,1800,"D02a",16,"Nouvelle CT amont prenant en compte le fort curage de la Vezouze réalisé en automne 2008.
Mise à jour des bornes d'extrapolation le 11/09/2009.
","C","03/17/10 11:40:00","03/17/10 12:29:00","09/11/09 10:00:00",,,,,
11327,43,"11/01/80 00:00:00","11/30/83 00:00:00",-140,6000,"C16274",39,,"C",,"03/17/10 15:40:00",,,,,,
11328,43,"11/01/80 00:00:00","11/30/83 00:00:00",-140,5770,"C16274a",23,"Ct16274 revue en mars 2010 pour tenir compte des jaugeages de 1983 et 1988.
","C","03/17/10 14:05:00","03/17/10 15:41:00",,,,,,
11330,43,"11/30/83 00:00:00","04/22/86 00:00:00",-750,5800,"C16275a",16,,"C","03/17/10 16:23:00","03/17/10 16:23:00",,,,,,
11335,42,"01/05/03 17:30:00","01/01/06 00:00:00",1220,3600,"D32",20,,"C","01/26/05 16:14:00","03/23/10 16:29:00","01/26/05 16:14:00",,,,,
11338,42,"08/20/80 00:00:00","10/02/83 12:00:00",750,4100,"1a",14,"Courbes N°1, 2 et 3 retravaillées en 2010 pour tenir compte des jaugeages de crue de 1986 et 1988. Reprise de la partie basse eaux en fonction des jaugeages de la période. Mise à jour des bornes d'extrapolation.







","C","03/15/10 15:19:00","03/23/10 16:37:00","03/04/10 15:00:00",,,,,
11339,42,"10/02/83 12:00:00","01/01/85 00:00:00",650,5100,"4a",14,"Courbe N°4 prolongée d'une année et retravaillée en 2010 pour tenir compte des jaugeages de crue de 1986 et 1988. Reprise de la partie basse eaux en fonction des jaugeages de la période. Mise à jour des bornes d'extrapolation.




","C","03/15/10 15:22:00","03/23/10 16:39:00","03/04/10 15:00:00",,,,,
11340,42,"01/01/85 00:00:00","12/31/86 00:00:00",550,5200,"5a",14,"Courbe réalisée ée en 2010 pour tenir compte des jaugeages de crue de 1986 et 1988. Reprise de la partie basse eaux en fonction des jaugeages de la période. Mise à jour des bornes d'extrapolation.

","C","03/15/10 14:44:00","03/23/10 16:43:00","03/04/10 15:00:00",,,,,
11346,1,"07/26/06 10:00:00","01/25/08 21:00:00",350,2500,"D07c",19,"seuil à géométrie variable amène des difficultés dan la gestion des points de mesures en bas de courbe","C","03/18/10 09:49:00","03/25/10 10:58:00","08/06/06 10:01:00",,,,,
11351,2,"10/01/08 00:01:00","01/01/50 00:00:00",250,1900,"D05",12,"Courbe revue en hautes eaux, prise en compte à l'étiage du curage de la vezouze constaté en automne 2008. 

","C","03/25/10 11:05:00","03/25/10 11:13:00","03/24/10 15:13:00",,,,,
11352,2,"11/03/02 14:54:00","10/01/08 00:00:00",250,1900,"D04",12,"Courbe revue en hautes eaux, valable à l'étiage jusqu'au curage de la vezouze constaté en automne 2008.
","C","07/02/04 14:40:00","03/25/10 11:14:00","06/25/04 15:13:00",,,,,
11373,105,"03/15/00 00:00:00","01/01/04 00:00:00",280,1000,"6",33,"courbe prolongée en fin de validité","C","12/24/03 10:06:00","04/07/10 10:35:00",,,,,,
11409,82,"01/01/05 00:00:00","01/01/50 00:00:00",760,1300,"d19",17,"courbe provisoire","C","10/28/03 16:40:00","05/10/10 12:21:00","10/28/03 16:40:00",,,,,
11410,53,"01/01/04 00:00:00","06/01/06 00:00:00",150,1500,"D24",16,,"C","11/13/07 15:16:00","05/10/10 14:49:00",,,,,,
11493,15,"12/01/91 00:00:00","12/31/93 17:09:00",0,2500,"D08",18,"Courbe créée en Mai 2010.

","C","05/17/10 10:03:00","05/26/10 15:54:00","05/17/10 11:18:00",,,,,
11495,15,"12/30/94 16:44:00","11/07/96 16:45:00",-120,2400,"D10",15,"Courbe créée en Mai 2010.

","C","05/17/10 10:03:00","05/26/10 15:55:00","05/17/10 11:18:00",,,,,
11502,15,"01/01/80 00:00:00","01/11/90 07:00:00",190,2750,"D06",16,"Courbe créée en Mai 2010.
","C","05/17/10 10:03:00","05/26/10 16:27:00","05/17/10 11:18:00",,,,,
11516,15,"01/01/72 05:00:00","01/01/73 00:00:00",300,2400,"D01",14,"Courbe créée en Mai 2010.


","C","05/17/10 10:03:00","05/28/10 11:38:00","05/17/10 11:18:00",,,,,
11517,15,"01/01/73 00:00:00","01/01/74 00:00:00",200,2400,"D02",14,"Courbe créée en Mai 2010.


","C","05/17/10 10:03:00","05/28/10 11:38:00","05/17/10 11:18:00",,,,,
11518,15,"01/01/74 00:00:00","01/01/76 00:00:00",160,2400,"D03",17,"Courbe créée en Mai 2010.

","C","05/17/10 10:03:00","05/28/10 11:38:00","05/17/10 11:18:00",,,,,
11519,15,"01/01/76 00:00:00","01/01/79 00:00:00",150,1500,"D04",18,"Courbe créée en Mai 2010.
","C","05/17/10 10:03:00","05/28/10 11:39:00","05/17/10 11:18:00",,,,,
11520,15,"01/01/79 00:00:00","01/01/80 00:00:00",150,1500,"D05",19,"Courbe créée en Mai 2010.
","C","05/17/10 10:03:00","05/28/10 11:39:00","05/17/10 11:18:00",,,,,
11521,15,"01/11/90 07:00:00","12/01/91 00:00:00",200,2600,"D07",15,"Courbe créée en Mai 2010.
","C","05/17/10 10:03:00","05/28/10 11:40:00","05/17/10 11:18:00",,,,,
11522,15,"12/31/93 17:09:00","12/30/94 16:44:00",-50,2500,"D09",14,"Courbe créée en Mai 2010.","C","05/17/10 10:03:00","05/28/10 11:40:00","05/17/10 11:18:00",,,,,
11523,15,"11/07/96 16:45:00","03/04/98 13:17:00",-90,3000,"D11",17,"Courbe créée en Mai 2010.
","C","07/03/06 11:59:00","05/28/10 11:41:00",,,,,,
11524,15,"03/04/98 13:17:00","01/14/04 04:04:00",-130,3500,"D18",28,,"C","07/03/06 12:05:00","05/28/10 11:41:00","11/07/03 13:57:00",,,,,
11531,64,"04/01/83 00:00:00","01/01/50 00:00:00",-99999,-99999,"travail",26,,"C",,"06/04/10 14:22:00","06/04/10 14:22:00",,,,,
11532,64,"04/01/83 00:00:00","01/01/88 00:00:00",450,1500,"travail2",20,,"C",,"06/04/10 16:12:00","06/04/10 14:43:00",,,,,
11562,10,"12/20/99 11:48:00","01/01/07 20:36:00",100,3000,"D20b",16,"Courbe qui tient compte du jaugeage d'octobre 2006.
Mise à jour des bornes d'extrapolation le 04/09/2009.","C","09/04/09 14:13:00","07/16/10 16:31:00","10/16/06 11:41:00",,,,,
11574,48,"09/19/06 21:54:00","12/07/08 00:00:00",70,2500,"D15a",13,"Mise à jour des bornes d'extrapolation le 04/09/2009.","C","09/28/09 14:45:00","07/21/10 13:44:00","08/26/05 15:29:00",,,,,
11605,42,"07/21/94 00:00:00","01/11/95 00:00:00",1200,3000,"C16109",15,,"C",,"08/04/10 14:42:00",,,,,,
11609,25,"10/01/97 00:00:00","12/31/99 15:51:00",60,3300,"5",23,,"C",,"08/06/10 09:49:00",,,,,,
11611,106,"01/01/90 00:00:00","01/01/50 00:00:00",2110,4000,"D06-tqe",9,"Courbe tronquée sous 2.10m pour ne plus diffuser les débits influencés par l'herbe vers Vigicrue.
Mise à jour des bornes d'extrapolation le 07/09/09.","C","09/07/09 09:49:00","08/06/10 10:49:00","06/30/09 00:00:00",,,,,
11631,191,"01/01/07 00:00:00","01/01/10 00:00:00",150,900,"d13",10,,"C","05/10/10 15:31:00","08/16/10 10:59:00","03/31/08 12:57:00",,,,,
11634,55,"05/12/10 00:00:00","01/01/50 00:00:00",0,1550,"crue1985",13,,"C","07/29/10 11:07:00","08/16/10 14:14:00","07/29/10 11:07:00",,,,,
11650,55,"11/11/91 00:00:00","09/01/09 00:00:00",50,1550,"crue3",11,,"C","08/26/10 10:34:00","08/26/10 11:27:00","07/29/10 11:07:00",,,,,
11651,55,"04/01/70 00:00:00","11/11/91 00:00:00",110,1550,"crue2",15,,"C","08/26/10 10:34:00","08/26/10 11:27:00","07/29/10 11:07:00",,,,,
11652,55,"04/01/65 00:00:00","04/01/70 00:00:00",110,1110,"crue1",11,"
","C","08/26/10 10:29:00","08/26/10 11:27:00","07/29/10 11:07:00",,,,,
11653,56,"11/11/88 00:00:00","11/11/10 00:00:00",660,3170,"crue",19,,"C","04/08/04 15:32:00","08/26/10 11:39:00","03/08/04 12:02:00",,,,,
11654,56,"01/01/86 00:00:00","01/01/88 00:00:00",800,2800,"C16810",14,,"C",,"08/26/10 11:44:00",,,,,,
11655,56,"01/01/88 00:00:00","01/01/90 00:00:00",780,2800,"C16811",14,,"C",,"08/26/10 11:45:00",,,,,,
11656,56,"01/01/90 00:00:00","12/31/91 00:00:00",730,2800,"C16812",15,,"C",,"08/26/10 11:46:00",,,,,,
11657,56,"01/01/92 00:00:00","01/01/93 00:00:00",800,2800,"C16814",18,,"C",,"08/26/10 11:51:00",,,,,,
11658,56,"01/01/93 00:00:00","01/01/94 00:00:00",730,2800,"C16815",15,,"C",,"08/26/10 11:52:00",,,,,,
11659,56,"01/01/94 00:00:00","01/01/95 00:00:00",800,3000,"C16816",16,,"C",,"08/26/10 11:53:00",,,,,,
11660,56,"01/01/95 00:00:00","01/01/96 00:00:00",700,2800,"C16817",14,,"C",,"08/26/10 11:54:00",,,,,,
11661,56,"01/01/96 00:00:00","01/01/97 00:00:00",750,2700,"C16818",15,,"C",,"08/26/10 11:55:00",,,,,,
11687,47,"09/15/06 01:00:00","12/03/07 03:48:00",160,2750,"D05",18,"courbe prenant en compte les atterrissements à la station","C","03/26/09 14:55:00","10/05/10 15:51:00","10/16/06 10:35:00",,,,,
11692,47,"12/03/07 03:48:00","01/01/10 00:00:00",150,3000,"D06b",16,"Courbe créee en Octobre 2010 avec  reprise de la partie basse de la courbe suite à l'envasement régulier de la station.

","C","09/17/09 11:31:00","10/07/10 11:00:00","10/16/06 10:35:00",,,,,
11694,47,"11/04/02 15:13:00","09/15/06 00:59:00",160,2750,"D04A",20,"courbe prenant en compte les derniers jaugeages assez haut.","C","07/31/09 14:25:00","10/07/10 14:13:00","10/16/06 10:35:00",,,,,
11720,18,"08/27/03 19:36:00","10/10/06 00:00:00",160,3200,"D26C",19,"Création suite à la crue du 18/09/2006.
Mise à jour des bornes d'extrapolation le 04/09/2009.
","C","09/04/09 14:35:00","11/04/10 11:24:00","10/16/06 12:10:00",,,,,
11737,73,"01/01/06 00:01:00","10/02/09 08:59:00",180,2400,"D18a",17,"Reprise de la partie basse de la courbe et mise à jour des bornes d'extrapolation en Septembre 2009.","C","09/17/09 09:34:00","11/23/10 09:54:00","07/10/09 09:00:00",,,,,
11741,142,"01/01/90 00:00:00","01/01/50 00:00:00",500,1500,"D01a",19,"nouvelle courbe tenant compte du jaugeage de basses eaux.","C","10/28/08 15:17:00","12/03/10 11:45:00","03/12/07 16:15:00",,,,,
11770,52,"03/08/03 00:00:00","01/01/20 00:00:00",500,2250,"atravail",17,,"C","04/08/04 15:34:00","02/01/11 14:42:00","04/08/04 15:34:00",,,,,
11776,58,"01/01/70 00:00:00","01/01/50 00:00:00",800,3500,"Atrav",21,,"C","06/03/10 16:31:00","02/02/11 16:12:00","06/03/10 16:30:00",,,,,
11788,138,"01/01/03 00:00:00","01/01/50 00:00:00",3600,5010,"BCEOMdébit",18,"CT Moise modélisé","C",,"02/04/11 14:42:00","02/16/04 14:14:00",,,,,
11806,66,"08/18/07 00:00:00","01/01/50 00:00:00",40,3700,"D44",14,"Mise à jour des bornes d'extrapolation le 04/09/2009.
Mise à jour de la partie basse de la courbe suite à l'étiage d'Octobre 2009.
","C","10/06/09 11:05:00","02/14/11 10:49:00","10/06/09 10:11:00",,,,,
12393,40,"03/31/88 00:00:00","09/30/88 00:00:00",320,1800,"C16358",16,,"C",,,,,,,,
12394,40,"09/30/88 00:00:00","12/30/88 00:00:00",350,2450,"C16359",18,,"C",,,,,,,,
12395,40,"12/30/88 00:00:00","08/31/89 00:00:00",320,2300,"C16360",20,,"C",,,,,,,,
12396,40,"08/31/89 00:00:00","05/04/90 00:00:00",300,2500,"C16361",21,,"C",,,,,,,,
12397,40,"05/04/90 00:00:00","03/04/91 00:00:00",300,2500,"C16362",23,,"C",,,,,,,,
12398,40,"03/04/91 00:00:00","11/13/91 00:00:00",320,1000,"13",11,,"C",,,,,,,,
12399,40,"11/13/91 00:00:00","08/10/92 16:30:00",200,2300,"14",24,,"C",,,,,,,,
12400,40,"05/27/72 00:00:00","07/23/72 00:00:00",540,1120,"012",13,,"C",,,,,,,,
12401,40,"08/16/72 00:00:00","01/01/73 00:00:00",440,1500,"014",16,,"C",,,,,,,,
12402,40,"07/23/72 00:00:00","08/16/72 00:00:00",440,980,"013",14,,"C",,,,,,,,
12403,40,"01/01/74 00:00:00","01/01/75 00:00:00",400,1500,"016",19,,"C",,,,,,,,
12404,40,"01/01/75 00:00:00","08/22/75 00:00:00",540,1260,"017",12,,"C",,,,,,,,
12405,40,"08/22/75 00:00:00","01/01/76 00:00:00",540,1260,"018",12,,"C",,,,,,,,
12406,40,"01/01/73 00:00:00","01/01/74 00:00:00",440,1500,"015",16,,"C",,,,,,,,
12407,40,"01/01/76 00:00:00","01/01/77 00:00:00",400,1360,"019",16,,"C",,,,,,,,
12408,40,"08/10/92 16:30:00","08/01/94 00:00:00",130,1950,"1",17,"Départ  courbe  nouvelle  échelle  NOE différence 27 cm.l","C",,,,,,,,
12409,40,"08/01/94 00:00:00","06/01/95 00:00:00",90,2120,"2",19,,"C",,,,,,,,
12410,40,"06/01/95 00:00:00","09/14/97 00:00:00",100,2120,"3",18,,"C",,,,,,,,
12411,40,"09/14/97 00:00:00","06/16/98 00:00:00",100,1600,"4",21,,"C",,,,,,,,
12412,40,"06/16/98 00:00:00","04/22/99 00:00:00",30,2300,"5",19,,"C",,,,,,,,
12413,40,"04/22/99 00:00:00","01/01/50 00:00:00",50,1800,"6",24,"courbe prolongée en fin de validité","C","12/24/03 10:29:00","12/24/03 10:29:00",,,,,,
12415,40,"10/01/06 00:00:00","01/01/10 00:00:00",50,1800,"CT_Sogreah",22,"Courbe issue de l'étude Sogreah en 2009 dont la partie crue a été utilisée pour l'éléboration de la CT D08 et ultérieures
.
","C","07/15/09 15:39:00","08/06/10 09:45:00","07/15/09 15:31:00",,,,,
12427,76,"10/01/06 00:01:00","07/01/10 00:00:00",210,1250,"D22a",17,"Mise à jour des bornes d'extrapolation et reprise de la partie étiage (<60cm) en Octobre 2010.
","C","10/13/10 15:02:00","01/19/12 13:36:00","07/21/09 00:00:00",,,,,
12429,102,"03/03/07 00:00:00","01/01/09 00:00:00",90,1250,"d09-hbe",19,,"C","06/16/11 10:34:00","01/19/12 13:47:00","09/11/09 14:15:00",,,,,
12430,154,"12/01/09 00:00:00","11/01/10 00:00:00",950,3100,"D25",15,"Nouvelle courbe suite aux travaux du pont station.","C","12/15/09 09:31:00","01/19/12 13:57:00","12/14/09 10:15:00",,,,,
12434,42,"06/01/08 07:30:00","11/01/10 00:00:00",1300,5000,"D34",27,"Mise à jour des bornes d'extrapolation le 04/09/2009","C","01/19/12 14:08:00","01/19/12 14:08:00","08/01/08 14:55:00",,,,,
12438,129,"01/01/91 00:00:00","11/15/00 00:00:00",220,1300,"D02a",19,"créée le 06/08/2003","C",,"02/02/12 08:53:00",,,,,,
12444,17,"01/10/11 00:00:00","01/01/50 00:00:00",2000,5800,"D52B-tqe",11,,"C","12/13/11 14:56:00","02/03/12 11:39:00","12/05/07 11:28:00",,,,,
12487,51,"01/01/96 00:00:00","11/12/97 05:30:00",600,5200,"C16187",22,,"C",,"02/21/12 11:39:00",,,,,,
12515,12,"01/01/67 00:00:00","01/01/76 00:00:00",400,3500,"D43b-hbe",14,"Courbe à herbe.","C","03/05/12 15:28:00","03/05/12 15:29:00","10/20/06 10:00:00",,,,,
12524,142,"01/01/90 00:00:00","01/01/50 00:00:00",500,1500,"D01c",15,"nouvelle courbe tenant compte du jaugeage de basses eaux.
","C","10/28/08 15:17:00","03/08/12 09:07:00","03/12/07 16:15:00",,,,,
12526,37,"12/12/07 07:11:00","01/01/50 00:00:00",300,2500,"AD24-lars",18,"décalage de 11cm à l'étiage","C","07/16/09 16:07:00","03/08/12 10:57:00","07/16/09 16:07:00",,,,,
12530,305,"11/11/99 11:11:00","11/11/00 00:00:00",200,1000,"0",11,,"C","02/23/11 10:11:00","03/13/12 08:54:00","03/09/10 12:00:00",,,,,
12532,303,"01/01/00 00:00:00","01/01/50 00:00:00",750,1470,"0",4,,"C","03/15/11 16:19:00","03/13/12 09:19:00","03/15/11 16:19:00",,,,,
12533,303,"07/01/10 00:00:00","01/01/50 00:00:00",660,1600,"d01",22,,"C","03/13/12 09:19:00","03/13/12 09:20:00","03/15/11 16:17:00",,,,,
12541,45,"01/01/05 00:00:00","01/01/50 00:00:00",200,2800,"travail",18,,"C","02/28/05 10:33:00","03/15/12 15:55:00","02/28/05 10:33:00",,,,,
12548,151,"01/01/00 00:00:00","01/01/50 00:00:00",300,2300,"Avt-D10e",10,"A utiliser en interne car trés peu jaugé et débordement > à 2.50 m.","C",,"03/19/12 14:21:00","03/05/12 15:00:00",1500,,,,
12557,17,"12/06/08 15:48:00","01/10/15 00:00:00",700,5800,"D52A-hbe",16,"courbe de base modifiée en fin 2008
Influence de la végétation, correction des hauteurs par des courbes à chapeau de gendarme sous HYDRO","C","12/15/08 18:26:00","03/22/12 09:24:00","12/05/07 11:28:00",,,,,
12577,191,"01/01/10 00:00:00","01/01/50 00:00:00",100,1000,"At1",21,,"C","05/10/10 15:31:00","04/16/12 10:48:00","03/31/08 12:57:00",,,,,
12593,267,"01/01/00 00:00:00","01/01/09 00:00:00",270,850,"4",15,,"C",,"04/19/12 11:05:00",,,,,,
12598,142,"01/01/90 00:00:00","01/01/50 00:00:00",500,1500,"D01d",15,"nouvelle courbe tenant compte du jaugeage de basses eaux.
","C","10/28/08 15:17:00","04/19/12 13:15:00","03/12/07 16:15:00",,,,,
12637,14,"09/01/09 06:40:00","01/03/12 00:00:00",-200,3200,"D25a-HBE",16,"Nouvelle courbe à herbe mère suite au nettoyage du seuil en 09/2009 et mise à jour en très basses eaux suite à l'étiage d'Octobre 2009.
Mise à jour des bornes d'extrapolation.


","C","10/08/09 11:20:00","08/06/12 09:25:00","10/08/09 10:30:00",,,,,
12640,187,"12/17/11 00:00:00","01/01/50 00:00:00",220,1700,"d03",24,"


","C","07/26/12 15:17:00","08/21/12 10:40:00","07/24/06 14:56:00",,,,,
12641,187,"10/01/10 00:00:00","12/17/11 00:00:00",80,1700,"d02",19,"


","C","03/19/12 16:00:00","08/21/12 10:40:00","07/24/06 14:56:00",,,,,
12642,143,"01/01/07 00:00:00","01/01/50 00:00:00",150,2900,"Atrav",18,"nouvelle courbe qui prend en compte les dernières mesures d'étiages.","C","03/11/05 15:45:00","09/03/12 14:51:00","11/18/03 09:20:00",,,,,
12660,107,"01/01/95 00:00:00","02/26/97 00:00:00",650,2900,"D04a",9,,"C",,"02/28/08 07:56:00","02/18/08 14:00:00",,,,,
12662,107,"04/30/01 00:00:00","06/28/01 00:00:00",10,1000,"D12c",7,"Courbe de transition suite aux travaux de curage du lit","C",,"03/11/08 12:47:00","03/11/08 12:30:00",,,,,
12685,147,"04/01/94 00:00:00","11/11/11 00:00:00",-150,4190,"a",12,,"C","07/10/09 09:54:00","11/20/12 14:02:00",,,,,,
12689,0,"07/01/09 00:00:00","01/01/50 00:00:00",1010,3500,"a",15,,"C","09/04/09 12:13:00","11/20/12 14:04:00","11/14/07 15:00:00",,,,,
12695,105,"01/01/04 00:00:00","01/01/10 00:00:00",280,1000,"a",22,"courbe de travail non validée","C","04/08/04 14:22:00","11/20/12 14:07:00","04/08/04 14:22:00",,,,,
12742,306,"12/18/11 00:00:00","09/11/12 00:00:00",500,4100,"d06",18,,"C","03/07/13 14:39:00","03/07/13 14:48:00","07/23/10 16:02:00",,,,,
12765,0,"12/13/98 00:00:00","12/13/06 00:00:00",500,2700,"D05a",22,,"C","11/14/07 15:24:00","04/15/13 14:32:00",,,,,,
12767,26,"03/01/95 00:00:00","01/01/50 00:00:00",1000,3500,"Atrav01",6,"CT tronquée car sous influence barrage et éclusées bateaux.
Ne prend pas en compte tout le débit de la Meuse en crue car court circuitée  par les clapets mis en service en Mars 95.","C",,"04/18/13 12:27:00","12/20/07 15:30:00",,,,,
12776,60,"04/24/07 03:35:00","01/01/12 00:00:00",240,3200,"D31c",20,,"C","02/14/11 14:37:00","04/26/13 13:58:00","07/27/10 09:27:00",,,,,
12778,56,"01/10/09 13:54:00","01/01/11 00:00:00",700,3100,"D15-hbe",20,"Courbe à herbes","C","11/14/12 07:11:00","04/26/13 15:36:00","03/08/04 12:02:00",,,,,
12780,142,"01/01/90 00:00:00","01/01/07 00:00:00",500,1500,"D01d",15,"nouvelle courbe tenant compte du jaugeage de basses eaux.
","C","10/28/08 15:17:00","04/26/13 15:48:00","03/12/07 16:15:00",,,,,
12781,53,"06/01/06 00:00:00","01/01/10 00:00:00",250,1500,"D25",27,,"C","11/13/07 15:16:00","04/26/13 16:02:00",,,,,,
12810,85,"01/01/72 00:00:00","06/01/73 00:00:00",490,2450,"C14194a",26,,"C",,"06/10/13 17:21:00",,,,,,
12822,15,"01/14/04 04:04:00","05/01/11 00:00:00",-160,2400,"D20c",19,"Modifications des limites d'extrapolation le 04/09/2009. Mise à jour de la partie basse de la courbe suite au jaugeage en très basses eaux du 23/09/09.","C",,"06/13/13 15:59:00",,,,,,
12825,38,"01/01/07 07:11:00","08/01/11 00:00:00",300,3100,"D29a",18,"Modifications des limites d'extrapolation le 04/09/2009.
Mise à jour de la partie basse suite au jaugeage en très basses eaux du 23/09/09.","C","09/28/09 14:43:00","06/13/13 16:01:00","11/07/07 11:30:00",,,,,
12828,76,"07/01/10 00:00:00","11/01/11 00:00:00",200,1700,"d23",20,,"C","01/19/12 13:30:00","06/13/13 16:03:00","07/21/09 00:00:00",,,,,
12831,31,"08/05/10 12:00:00","02/01/12 00:00:00",300,6500,"d18",23,"
","C","05/26/11 11:12:00","06/13/13 16:04:00","10/08/09 10:00:00",,,,,
12835,154,"11/01/10 00:00:00","02/01/12 00:00:00",870,3100,"d26",27,,"C","01/19/12 13:57:00","06/13/13 16:05:00","12/14/09 10:15:00",,,,,
12843,15,"05/01/11 00:01:00","01/01/50 00:00:00",-170,2450,"d21",23,,"C","07/02/12 09:51:00","06/13/13 16:32:00","07/03/06 11:18:00",,,,,
12844,38,"08/01/11 00:01:00","01/01/50 00:00:00",300,3100,"d30",20,,"C","09/28/09 14:43:00","06/13/13 16:33:00","11/07/07 11:30:00",,,,,
12845,76,"11/01/11 00:01:00","01/01/50 00:00:00",200,1700,"d24",19,,"C","01/19/12 13:30:00","06/13/13 16:33:00","07/21/09 00:00:00",,,,,
12866,306,"09/11/12 00:00:00","02/24/13 00:00:00",500,4100,"d07",18,,"C","03/07/13 14:48:00","07/18/13 15:28:00","07/23/10 16:02:00",,,,,
12875,143,"01/01/01 00:00:00","01/01/11 00:00:00",150,2900,"D10C",22,"nouvelle courbe qui prend en compte les dernières mesures d'étiages.","C","03/11/05 15:45:00","07/23/13 10:39:00","11/18/03 09:20:00",,,,,
12879,3,"08/01/12 00:00:00","01/01/50 00:00:00",520,2000,"a",23,"Nouvelle courbe refaite sur la partie basse","C","09/29/08 10:49:00","07/31/13 14:20:00","05/27/05 10:49:00",,,,,
12947,50,"01/01/10 00:00:00","01/01/11 00:00:00",800,2700,"Atrav09",17,"Courbe déclarée à herbes car sous influence d'un seuil encombré par des branches et herbes.
Modification de la section de contrôle par la pose d'enrochements.","C","08/11/10 13:34:00","08/13/13 13:29:00","08/20/08 14:30:00",,,,,
12948,50,"01/01/09 00:00:00","01/01/10 00:00:00",800,2700,"Atrav08",17,"Courbe déclarée à herbes car sous influence d'un seuil encombré par des branches et herbes.
Modification de la section de contrôle par la pose d'enrochements.","C","08/11/10 13:34:00","08/13/13 13:29:00","08/20/08 14:30:00",,,,,
12949,50,"08/01/08 00:00:00","01/01/09 00:00:00",800,2700,"Atrav07",15,"Courbe déclarée à herbes car sous influence d'un seuil encombré par des branches et herbes.
Modification de la section de contrôle par la pose d'enrochements.","C","08/11/10 13:34:00","08/13/13 13:29:00","08/20/08 14:30:00",,,,,
12950,50,"10/01/04 00:00:00","08/01/08 00:00:00",800,2700,"Atrav06",15,"Courbe déclarée à herbes car sous influence d'un seuil encombré par des branches et herbes.
Modification de la section de contrôle par la pose d'enrochements.","C","08/11/10 13:34:00","08/13/13 13:29:00","08/20/08 14:30:00",,,,,
13042,48,"01/08/11 00:00:00","01/01/50 00:00:00",80,2400,"d17-hbe",15,,"C","09/28/09 14:45:00","11/18/13 10:11:00","08/26/05 15:29:00",,,,,
13047,47,"10/17/12 00:00:00","01/01/50 00:00:00",180,2900,"d08",12,,"C","12/05/13 10:42:00","12/05/13 11:20:00","02/25/10 10:35:00",,,,,
13049,187,"11/01/05 00:00:00","10/01/10 00:00:00",130,1700,"D01e",16,"Reprise la la partie étiage (<1m) en Octobre 2010.
reprise de la partie haute après prise en compte d'un jaugeage de crue postérieur à la fin de validité



","C","12/05/13 13:51:00","12/05/13 13:52:00","07/24/06 14:56:00",,,,,
13050,40,"01/18/02 09:15:00","08/11/06 00:00:00",50,1800,"d07",19,,"C","06/13/06 15:24:00","12/05/13 14:07:00","07/02/04 15:31:00",,,,,
13051,0,"12/13/06 00:00:00","07/01/09 00:00:00",700,2700,"D06",22,,"C","11/14/07 15:19:00","12/05/13 14:46:00","11/14/07 15:00:00",,,,,
13052,0,"07/01/09 00:00:00","07/01/11 00:00:00",1010,2700,"d07-tqe",12,,"C","11/14/07 15:19:00","12/05/13 15:02:00","11/14/07 15:00:00",,,,,
13056,131,"08/01/04 00:00:00","12/05/05 10:00:00",360,2600,"D04B",23,,"C","02/28/05 11:38:00","12/06/13 10:24:00","02/28/05 11:38:00",,,,,
13058,131,"12/05/05 10:00:00","06/01/09 11:11:00",440,2600,"D05A",22,"courbe retravaillée sur la partie basses eaux","C","10/20/08 17:49:00","12/06/13 10:29:00","07/17/06 15:58:00",,,,,
13060,61,"01/01/98 00:00:00","08/01/03 00:00:00",700,3070,"D43",18,"courbe avec herbe déclaré dans hydro chapeau de gendarme","C",,"12/06/13 10:34:00",,,,,,
13061,61,"08/01/03 00:00:00","09/23/05 11:40:00",700,3070,"D44",20,"
","C","05/19/11 14:10:00","12/06/13 10:35:00",,,,,,
13088,37,"07/04/07 04:12:00","12/12/07 07:12:00",300,2500,"D23",20,,"C","07/29/08 16:07:00","01/13/14 14:08:00","07/29/08 16:07:00",,,,,
13108,36,"10/16/96 00:00:00","11/01/07 00:00:00",420,3300,"D01b",24,"Courbe étendue jusqu'à la cote de crue d'octobre 2006 de 3.53m.
Mise à jour des bornes d'extrapolation le 07/09/09.","C","09/07/09 09:46:00","01/22/14 15:04:00",,,,,,
13112,25,"03/11/06 07:00:00","11/08/12 00:00:00",110,4000,"D10c",13,"Mise à jour de la partie étiage de la courbe suite au jaugeage en très basses eaux du 10/09/09.","C","09/04/09 15:45:00","01/23/14 11:36:00","05/11/09 13:46:00",,,,,
13113,36,"11/01/07 00:00:00","01/01/50 00:00:00",400,2500,"d02",19,,"C","01/22/14 14:37:00","01/27/14 13:47:00",,,,,,
13159,30,"01/01/11 00:00:00","01/01/50 00:00:00",1400,5500,"d19a-trq",8,"en-dessous de 140cm (20m³/s) la relation hauteur/débit n'est plus bi-univoque
utiliser les données de laneuveville","C","05/13/11 11:09:00","01/31/14 11:23:00","11/30/06 15:04:00",,,,,
13166,23,"01/10/04 00:00:00","01/01/50 00:00:00",120,2000,"d26",19,,"C","02/14/14 09:31:00","02/14/14 09:46:00","11/03/11 11:11:00",,,,,
13167,23,"04/06/00 21:00:00","01/10/04 00:00:00",90,1800,"d23c",17,,"C","01/20/14 09:44:00","02/14/14 09:47:00",,,,,,
13186,1,"01/19/04 23:35:00","10/19/05 00:00:00",530,2500,"D05",27,,"C","05/27/05 10:01:00","03/05/14 10:24:00","05/27/05 10:01:00",,,,,
13187,305,"01/01/11 00:00:00","01/01/50 00:00:00",110,990,"A-DL1",7,,"C","03/13/12 08:42:00","03/06/14 16:03:00","03/09/10 12:00:00",,,,,
13192,53,"01/01/10 00:00:00","01/01/13 00:00:00",420,1500,"D26b",14,,"C","11/13/07 15:16:00","03/17/14 10:43:00",,,,,,
13206,16,"05/25/01 13:00:00","01/01/03 00:00:00",150,500,"D27",18,"
","C","11/09/07 11:23:00","03/17/14 15:50:00",,,,,,
13207,16,"09/14/99 13:00:00","05/25/01 00:00:00",150,300,"D26",15,,"C","11/09/07 11:25:00","03/17/14 15:50:00",,,,,,
13208,16,"04/26/98 12:00:00","09/14/99 13:00:00",220,1150,"D25",16,,"C","11/09/07 11:46:00","03/17/14 15:51:00",,,,,,
13210,102,"01/01/98 00:00:00","01/01/00 00:00:00",180,1050,"d07",23,,"C",,"03/19/14 10:01:00",,,,,,
13217,301,"11/11/11 11:11:00","11/11/50 00:00:00",230,2050,"ct",18,,"C","01/01/50 00:00:00","03/20/14 09:25:00","07/28/09 10:21:00",,,,,
13220,305,"01/01/10 00:00:00","01/01/11 00:00:00",200,1000,"A-DL0",10,,"C","02/23/11 10:11:00","03/21/14 10:25:00","03/09/10 12:00:00",,,,,
13271,77,"01/01/96 00:00:00","01/01/97 00:00:00",240,1600,"C14357a",15,,"C",,"04/01/14 11:33:00",,,,,,
13272,77,"01/01/94 00:00:00","01/01/96 00:00:00",320,1600,"C14356a",14,,"C","04/01/14 11:29:00","04/01/14 11:34:00",,,,,,
13273,77,"01/01/92 00:00:00","01/01/94 00:00:00",270,1600,"C14355a",17,,"C","04/01/14 11:31:00","04/01/14 11:34:00",,,,,,
13274,77,"01/01/90 00:00:00","01/01/92 00:00:00",270,1600,"C14354c",16,,"C","04/01/14 11:34:00","04/01/14 11:36:00",,,,,,
13278,51,"05/20/99 05:30:00","01/01/50 00:00:00",650,4000,"C16189",27,"courbe prolongée en date de fin de validité","C","03/11/05 10:51:00","04/03/14 08:52:00",,,,,,
13279,51,"01/01/00 00:00:00","12/31/94 00:00:00",1000,5500,"Cfinale",21,"Courbe destinée à la modélisation des crues période 1965/1994","C","04/03/14 08:00:00","04/03/14 09:25:00","04/03/14 08:00:00",800,,,,
13317,6,"08/01/89 00:00:00","01/27/90 00:00:00",0,2450,"C14772a",13,,"C","04/07/14 15:09:00","04/07/14 15:12:00",,,,,,
13341,146,"01/01/93 00:00:00","10/01/07 00:00:00",100,3800,"D11-tqe",13,"CT tronquée car pas de jaugeage en étiage.
 L'extrapolation haute a été établie avec la CTmodélisation BCEOM (MOISE)","C","10/19/11 12:23:00","04/10/14 09:31:00","02/19/08 09:00:00",700,,,,
13347,85,"01/01/96 00:00:00","12/30/01 00:00:00",400,3800,"D19b-hbe",22,"Courbe à herbes","C",,"04/10/14 11:54:00","06/07/04 15:23:00",,,,,
13349,85,"01/01/94 00:00:00","01/01/95 00:00:00",420,3800,"C14219a",19,,"C",,"04/10/14 11:55:00",,,,,,
13350,85,"01/01/93 00:00:00","01/01/94 00:00:00",460,3800,"C14218a",18,,"C",,"04/10/14 11:55:00",,,,,,
13351,85,"01/01/90 00:00:00","01/01/93 00:00:00",420,3800,"C14217a",18,,"C",,"04/10/14 11:55:00",,,,,,
13352,85,"01/01/95 00:00:00","01/01/96 00:00:00",420,3800,"C14220a",19,"Courbe à herbe","C",,"04/10/14 12:04:00","06/07/04 15:13:00",,,,,
13353,50,"10/09/04 00:00:00","12/20/11 00:00:00",800,3000,"D27c-hbe",16,"Courbe déclarée à herbes car sous influence d'un seuil encombré par des branches et herbes.
Modification de la section de contrôle par la pose d'enrochements.","C","08/11/10 13:34:00","04/10/14 12:46:00","08/20/08 14:30:00",,,,,
13355,50,"01/01/93 00:00:00","02/26/97 00:00:00",600,3000,"D18b-hbe",18,"Courbe déclarée à herbes car sous influence d'un seuil encombré par des branches et herbes.","C",,"04/10/14 12:52:00","08/20/08 11:00:00",,,,,
13356,50,"01/01/92 00:00:00","01/01/93 00:00:00",520,3000,"C14317a",20,,"C",,"04/10/14 12:54:00",,,,,,
13357,50,"01/01/90 00:00:00","01/01/92 00:00:00",520,3000,"C14316a",18,,"C",,"04/10/14 12:58:00",,,,,,
13358,50,"02/26/97 00:00:00","10/09/04 00:00:00",600,3000,"D24c-hbe",17,"Courbe déclarée à herbes car sous influence d'un seuil encombré par des branches et herbes.","C","12/12/08 15:05:00","04/10/14 13:00:00","08/20/08 10:00:00",,,,,
13418,19,"01/19/04 00:00:00","01/25/09 00:00:00",300,3300,"D49a-hbe",13,,"C","04/11/14 13:22:00","04/11/14 15:06:00","03/31/09 00:00:00",,,,,
13419,19,"03/01/97 00:00:00","01/19/04 00:00:00",300,3300,"D48a-hbe",16,,"C","04/11/14 13:55:00","04/11/14 15:06:00","03/31/09 00:00:00",,,,,
13420,19,"02/01/94 00:00:00","03/01/97 00:00:00",300,3300,"D47a-hbe",10,,"C","04/11/14 14:03:00","04/11/14 15:06:00","03/31/09 00:00:00",,,,,
13421,19,"12/16/89 00:00:00","02/01/94 00:00:00",300,3500,"D46-hbe",12,,"C",,"04/11/14 15:06:00","04/11/14 15:00:00",,,,,
13442,59,"01/01/97 00:00:00","01/01/98 00:00:00",340,3300,"D20",17,,"C",,"04/17/14 11:24:00",,,,,,
13443,59,"01/01/98 00:00:00","04/24/00 00:00:00",340,3300,"D21",16,,"C",,"04/17/14 11:25:00",,,,,,
13444,59,"04/24/00 00:00:00","12/27/07 00:00:00",300,3300,"D22e",17,,"C","05/16/11 09:38:00","04/17/14 11:27:00","09/05/05 17:22:00",,,,,
13446,112,"01/01/90 00:00:00","06/20/02 00:00:00",110,2250,"D02",15,"COURBE AVEC HERBES","C",,"04/17/14 11:32:00",,,,,,
13447,112,"06/20/02 12:00:00","01/01/07 00:00:00",550,2250,"D04-hbe",19,"EN DESSOUS DE 55CM LES DEBITS SONT A PRENDRE AVEC PRECAUTION (FORTE INFLUENCE DE LA VEGETATION EN ETIAGE)","C","03/15/04 17:02:00","04/17/14 11:33:00","03/15/04 17:02:00",,,,,
13448,73,"10/27/02 07:15:00","01/01/06 00:00:00",220,2500,"D17b",18,,"C","07/10/09 09:55:00","04/17/14 14:56:00",,,,,,
14073,125,"11/20/86 00:00:00","10/29/90 00:00:00",500,3000,"D25",7,"
","C",,"05/13/14 13:28:00","05/13/14 13:00:00",,,,,
14077,125,"02/09/74 00:00:00","02/04/80 00:00:00",500,3000,"D23-hbe",10,,"C",,"05/13/14 13:46:00","05/13/14 13:00:00",,,,,
14078,125,"01/11/70 00:00:00","02/09/74 00:00:00",500,3000,"D22",11,,"C",,"05/13/14 13:49:00","05/13/14 13:00:00",,,,,
14081,125,"02/04/80 00:00:00","11/20/86 00:00:00",500,3000,"D24",10,,"C",,"05/13/14 14:15:00","05/13/14 13:00:00",,,,,
14093,306,"09/01/05 00:00:00","11/04/09 22:36:00",550,3000,"D02",15,"chelle amont.
Mise à jour de la partie étiage suite au jaugeage en très basses eaux d'octobre 2009.
Extrapolation de la partie hautes eaux à partir de la 
CTaval en janvier 2010.","C","01/14/10 10:48:00","06/19/14 09:48:00","08/08/08 12:02:00",,,,,
14094,306,"11/04/09 22:37:00","11/01/10 00:00:00",600,3000,"d03a",15,,"C","08/31/10 10:15:00","06/19/14 10:00:00","07/23/10 16:02:00",,,,,
14097,313,"01/01/12 00:00:00","12/31/50 00:00:00",245,730,"D02",5,,"T",,"11/12/12 11:06:00","10/02/06 16:23:00",,,,,
14098,313,"01/01/12 00:00:00","12/31/50 00:00:00",245,1300,"D03",5,,"T",,"10/23/13 10:04:00","10/02/06 16:23:00",,,,,
14101,191,"01/01/10 00:01:00","01/01/50 00:00:00",100,1000,"d14",13,,"C","08/16/10 11:02:00","06/26/14 08:00:00","03/31/08 12:57:00",,,,,
14105,306,"11/01/10 00:00:00","12/18/11 00:00:00",500,4100,"d05",18,,"C","01/19/12 14:06:00","06/30/14 10:41:00","07/23/10 16:02:00",,,,,
14108,3,"01/01/06 23:30:00","04/06/14 00:00:00",520,2000,"D02c-hbe",17,"Nouvelle courbe refaite sur la partie basse","C","09/29/08 10:49:00","07/01/14 11:05:00","05/27/05 10:49:00",,,,,
14135,306,"02/24/13 00:00:00","02/17/14 00:00:00",700,4100,"d08",16,,"C","03/07/13 14:48:00","07/15/14 10:10:00","07/23/10 16:02:00",,,,,
14138,42,"11/01/10 00:00:00","02/17/14 00:00:00",1350,4800,"d35",15,,"C","01/19/12 14:09:00","07/15/14 11:01:00","01/19/12 14:09:00",,,,,
14147,102,"01/01/09 00:00:00","11/11/13 00:00:00",100,1200,"d10-hbe",14,,"C","01/19/12 13:44:00","08/13/14 16:51:00","09/11/09 14:15:00",,,,,
14148,102,"11/11/13 00:00:00","01/01/50 00:00:00",120,1200,"d11-hbe",18,,"C","08/13/14 16:17:00","08/13/14 16:55:00","05/29/06 10:51:00",,,,,
14151,34,"05/20/99 10:00:00","01/01/50 00:00:00",350,4000,"D30lars",21,"Courbe à herbe de base décalage 0
","C","10/14/05 14:57:00","08/27/14 08:47:00","10/14/05 14:57:00",,,,,
14213,125,"03/08/98 00:00:00","01/04/03 00:00:00",500,3000,"D28a",7,,"C","11/26/14 08:59:00","11/26/14 09:12:00","05/13/14 13:00:00",,,,,
14214,125,"12/05/92 00:00:00","03/08/98 00:00:00",500,3000,"D27a",9,,"C","11/26/14 09:00:00","11/26/14 09:12:00","05/13/14 13:00:00",,,,,
14215,125,"10/29/90 00:00:00","12/05/92 00:00:00",500,3000,"D26a",8,,"C","11/26/14 09:04:00","11/26/14 09:12:00","05/13/14 13:00:00",,,,,
14216,125,"01/01/68 00:00:00","01/11/70 00:00:00",500,3000,"D21a",11,,"C","11/26/14 09:04:00","11/26/14 09:12:00","05/13/14 13:00:00",,,,,
14240,34,"01/01/66 10:00:00","01/01/76 00:00:00",350,4000,"ct01",11,"Courbe à herbe de base décalage 0
","C","10/14/05 14:57:00","12/05/14 11:52:00","10/14/05 14:57:00",,,,,
14241,34,"01/01/76 10:00:00","01/01/77 00:00:00",350,4000,"ct02",11,"Courbe à herbe de base décalage 0
","C","10/14/05 14:57:00","12/05/14 11:52:00","10/14/05 14:57:00",,,,,
14242,34,"01/01/77 10:00:00","01/01/87 00:00:00",350,4000,"ct03",12,"Courbe à herbe de base décalage 0
","C","10/14/05 14:57:00","12/05/14 11:53:00","10/14/05 14:57:00",,,,,
14256,25,"11/08/12 00:00:00","01/01/50 00:00:00",100,3900,"d11a",8,,"C","12/17/14 10:35:00","12/18/14 09:39:00","05/11/09 13:46:00",,,,,
14258,25,"11/08/12 00:00:00","01/01/50 01:00:00",110,3900,"d11",13,,"C","09/04/09 15:45:00","12/18/14 10:02:00","05/11/09 13:46:00",,,,,
14295,137,"01/04/03 00:00:00","03/02/07 00:00:00",450,4000,"D30c-hbe",14,"La courbe de tarage ne prend pas en compte le débit de la résurgence l'Abreuvoir en étiage","C","02/03/15 13:07:00","02/03/15 13:57:00","04/28/14 14:00:00",,,,,
14296,137,"01/01/95 00:00:00","01/01/99 00:00:00",450,4000,"D28b",14,"La courbe de tarage ne prend pas en compte le débit de la résurgence l'Abreuvoir en étiage","C","02/03/15 13:49:00","02/03/15 13:57:00","04/28/14 14:00:00",,,,,
14318,5,"01/01/64 00:00:00","01/01/70 00:00:00",450,4000,"D05",8,"CT pas dans Hydro car pas de HT pour cette période mais uniquement QMJ","C","02/10/15 14:13:00","02/10/15 14:24:00","02/10/15 14:00:00",,,,,
14321,5,"10/07/93 00:00:00","11/17/97 00:00:00",450,3700,"D16c",11,,"C","02/10/15 14:13:00","02/10/15 14:34:00","10/25/05 15:00:00",,,,,
14323,34,"05/20/99 10:00:00","01/01/50 00:00:00",350,4000,"ADtrav2004",20,"Courbe à herbe de base décalage 0
","C","10/14/05 14:57:00","02/13/15 14:49:00","10/14/05 14:57:00",,,,,
14348,19,"01/25/09 00:00:00","01/01/15 00:00:00",300,3500,"D50d-hbe",12,,"C","04/11/14 14:34:00","03/06/15 12:00:00","03/31/09 00:00:00",,,,,
14360,143,"01/01/11 00:00:00","10/01/14 00:00:00",100,2900,"D11a-hbe",15,"nouvelle courbe qui prend en compte les dernières mesures d'étiages.","C","07/23/13 09:26:00","03/12/15 13:33:00","11/18/03 09:20:00",,,,,
14361,21,"03/07/07 00:00:00","11/01/07 00:00:00",120,1350,"D24b",13,,"C",,"03/16/15 13:07:00","07/24/08 10:30:00",,,,,
14362,21,"11/01/07 00:00:00","07/05/09 00:00:00",120,1350,"D25",12,,"C",,"03/16/15 13:07:00","07/24/08 10:30:00",,,,,
14363,21,"07/05/09 00:00:00","01/01/50 00:00:00",200,1350,"D26a-tqe",12,"CT tronquée à partir de 50 cm car lit tres instable
En crue station court circuitée > à 135 cm ","C","02/24/10 16:01:00","03/16/15 13:20:00","09/01/09 13:00:00",500,,,,
14373,148,"01/01/10 00:01:00","01/01/13 00:00:00",-1000,4500,"D06-hbe",14,,"C","06/21/12 10:53:00","03/31/15 13:55:00","06/20/12 16:00:00",,,,,
14375,148,"01/01/97 00:00:00","01/01/04 00:00:00",-1000,4500,"D03",16,,"C","01/21/04 15:40:00","03/31/15 13:56:00","01/21/04 15:40:00",,,,,
14376,148,"01/01/13 00:00:00","01/01/14 00:00:00",-1000,4500,"D07a-hbe",12,,"C","04/17/14 10:20:00","03/31/15 13:59:00",,,,,,
14379,190,"12/01/03 00:00:00","01/03/10 00:00:00",-600,2500,"D01A",18,,"C","07/28/08 15:22:00","04/01/15 14:21:00","07/28/08 15:22:00",,,,,
14381,125,"01/04/03 00:00:00","11/03/13 00:00:00",500,3000,"D29c-hbe",8,,"C","03/06/15 09:42:00","04/07/15 13:56:00","05/13/14 13:00:00",,,,,
14392,131,"01/01/97 00:00:00","08/01/04 00:00:00",360,2600,"D01",24,,"C","11/07/03 11:17:00","04/15/15 11:19:00","11/07/03 11:17:00",,,,,
14393,148,"01/01/04 00:01:00","01/01/10 00:00:00",-1000,4000,"D05-hbe",18,"Prise en compte des jaugeages 02/10 en partie haute","C","09/17/10 14:20:00","04/15/15 14:34:00","02/09/10 15:40:00",,,,,
14396,34,"01/01/93 10:00:00","01/01/99 00:00:00",350,4000,"d29",13,"Courbe à herbe de base décalage 0
","C","10/14/05 14:57:00","04/20/15 10:28:00","10/14/05 14:57:00",,,,,
14399,34,"01/01/91 00:00:00","01/01/93 00:00:00",350,4000,"d28",11,"Courbe à herbe de base décalage 0
","C","10/14/05 14:57:00","04/20/15 15:52:00","10/14/05 14:57:00",,,,,
14405,34,"01/01/87 10:00:00","01/01/91 00:00:00",350,4000,"ct04",11,"Courbe à herbe de base décalage 0
","C","10/14/05 14:57:00","04/28/15 16:21:00","10/14/05 14:57:00",,,,,
14407,34,"05/20/99 10:00:00","12/10/10 00:00:00",350,4000,"d30a-hbe",19,,"C","10/14/05 14:57:00","04/30/15 10:30:00","10/14/05 14:57:00",,,,,
14412,34,"01/01/77 10:00:00","01/01/87 00:00:00",400,4000,"CT03a",11,"Prise en compte modélisation EGIS EAU de 2014 en partie haute de la courbe","T",,"05/05/15 16:00:00","05/05/15 16:00:00",400,4200,,,
14413,34,"01/01/66 00:00:00","01/01/77 00:00:00",600,3600,"CT01a",20,"Prise en compte modélisation EGIS EAU de 2014 pour la partie haute de la courbe. Remplace la CT01 et la CT02","T",,"05/05/15 16:53:00","05/05/15 00:00:00",600,3600,,,
14429,7,"01/21/98 00:00:00","07/21/99 00:00:00",520,4900,"AD23",14,,"C",,"05/28/15 14:14:00",,,,,,
14430,7,"07/21/99 00:00:00","09/15/00 00:00:00",520,4900,"AD24",16,,"C",,"05/28/15 14:15:00",,,,,,
14431,7,"09/15/00 00:00:00","12/31/01 12:11:00",720,4500,"AD25",14,,"C",,"05/28/15 14:15:00",,,,,,
14487,7,"12/30/72 00:00:00","03/01/80 00:00:00",550,6000,"D21",11,,"C",,"07/03/15 09:34:00",,,,,,
14488,7,"03/01/80 00:00:00","06/01/81 00:00:00",300,5500,"D22",12,"COURBE TENANT COMPTE DES DERNIERS JAUGEAGES EN PARTIE HAUTE","C",,"07/03/15 09:35:00","04/01/15 11:20:00",,,,,
14498,306,"02/17/14 00:00:00","01/18/15 00:00:00",700,4100,"d09",16,,"C","03/07/13 14:48:00","07/09/15 15:34:00","07/23/10 16:02:00",,,,,
14500,187,"12/17/11 00:00:00","01/01/50 00:00:00",220,1700,"d03b",24,"


","C","07/09/15 11:12:00","07/09/15 15:37:00","07/24/06 14:56:00",,,,,
14504,106,"01/01/90 00:01:00","01/01/40 00:00:00",2110,4000,"D06-lars",26,"courbe larsim","C","09/07/09 09:49:00","07/10/15 10:23:00","06/30/09 00:00:00",,,,,
14516,24,"01/01/03 00:00:00","02/01/12 00:00:00",200,1750,"D26b",20,"Extention de la courbe au dessus de 187cm.
Mise à jour de la partie basses eaux en Septembre 2010.
","C","09/04/09 15:15:00","08/10/15 10:33:00","07/03/06 17:23:00",,,,,
14517,24,"02/01/12 00:00:00","01/01/50 00:00:00",200,1750,"d27",12,,"C","08/10/15 09:48:00","08/10/15 10:34:00","08/05/15 17:00:00",,,,,
14538,11,"11/24/07 05:31:00","05/06/13 00:00:00",1300,4000,"D25c",11,"Prise en compte du jaugeage de crue Mars 2007.
Mise à jour des bornes d'extrapolation le 04/09/2009.
Peprise la la partie basse suite à l'étiage d'Octobre 2009.","C","09/03/15 09:59:00","09/03/15 10:06:00","10/06/09 10:02:00",,,,,
14555,267,"01/01/13 00:00:00","01/01/15 00:00:00",300,1800,"D5b",10,"Extrapolation basse suite jaugeage du 27/08/2015","C","09/04/15 16:00:00","09/25/15 11:46:00",,,,,,
14567,58,"09/01/04 00:00:00","01/01/11 00:00:00",690,4000,"d21-hbe",15,,"C",,"10/09/15 09:20:00","07/28/06 14:20:00",,,,,
14568,58,"09/01/04 00:00:00","01/01/11 00:00:00",800,4000,"CT_lars",19,"courbe à herbe décalée à l'étiage

","C","09/17/10 14:39:00","10/09/15 09:43:00","07/28/06 14:20:00",,,,,
14569,53,"01/01/09 00:00:00","01/01/10 00:00:00",150,1500,"Atrav",11,,"C",,"10/09/15 14:43:00","06/22/12 09:28:00",,,,,
14581,51,"11/12/97 05:30:00","09/30/06 00:00:00",650,5500,"D02",24,,"C",,"11/26/15 11:11:00",,,,,,
14603,139,"01/01/88 00:00:00","08/28/04 00:00:00",2400,6700,"D11f",13,"L'extrapolation haute a été établie avec CT modélisation EPAMA.","C","01/27/16 10:26:00","01/27/16 10:26:00","08/23/05 09:00:00",,,,,
14611,8,"05/26/10 00:00:00","12/20/11 00:00:00",-200,2500,"D20h-hbe",12,,"C","01/27/16 13:56:00","01/27/16 13:56:00","07/29/10 10:25:00",,,,,
17584,53,"01/01/13 00:00:00","01/01/22 00:00:00",250,1700,"D27d-hbe",16,,"C","11/13/07 15:16:00","08/23/22 15:04:00",,,,"D27d-hbe",0,
14612,8,"01/03/00 00:00:00","05/26/10 00:00:00",-200,2500,"D19c",14,,"C","01/27/16 13:58:00","01/27/16 13:58:00","07/13/07 08:30:00",,,,,
14613,8,"09/11/85 00:00:00","01/03/00 00:00:00",-100,2500,"D18c",16,,"C","01/27/16 13:59:00","01/27/16 14:01:00","07/13/07 08:30:00",,,,,
14739,19,"01/01/15 00:00:00","12/02/15 00:00:00",300,3500,"D51g-hbe",10,"CT provisoire, attentre fin d'année 2015 pour confirmer.","C","10/08/15 09:04:00","03/11/16 18:12:00","04/07/15 00:00:00",,,,0,
14757,52,"12/25/10 00:00:00","11/01/15 00:00:00",450,5300,"D22a-hbe",17,,"C",,"03/17/16 09:55:00","11/16/11 00:00:00",,,,0,
14759,52,"12/25/10 00:00:00","11/01/15 00:00:00",450,5100,"D22b-hbe",17,"Reconstruction du pont + aménagement du lit. Travausx terminés en octobre. Nouvelle CT probable à partir de l'automne/été 2015.","C",,"03/17/16 10:01:00","11/16/11 00:00:00",,,,0,
14781,130,"01/01/90 00:00:00","01/01/50 00:00:00",-250,7200,"BCEOM 2003",25,"CT moise modélisée","C",,"03/21/16 13:45:00",,,,,1,
14788,70,"01/01/99 00:00:00","01/01/50 00:00:00",650,1300,"Atrav05",21,"CT tronquée car la station n'est plus jaugée en étiage depuis 2006.","C",,"03/21/16 13:47:00","10/01/08 12:00:00",,,,1,
14789,70,"12/01/94 00:00:00","01/01/99 00:00:00",650,1300,"Atrav04",12,"CT tronquée car la station n'est plus jaugée en étiage depuis 2006.","C",,"03/21/16 13:48:00","10/01/08 12:00:00",,,,1,
14790,70,"01/01/90 00:00:00","12/01/94 00:00:00",650,1300,"Atrav03",14,"CT tronquée car la station n'est plus jaugée en étiage depuis 2006.","C",,"03/21/16 13:48:00","10/01/08 12:00:00",,,,1,
14791,70,"01/01/84 00:00:00","01/01/90 00:00:00",650,1300,"Atrav02",13,"CT tronquée car la station n'est plus jaugée en étiage depuis 2006.","C",,"03/21/16 13:48:00","10/01/08 12:00:00",,,,1,
14792,70,"01/01/79 00:00:00","01/01/84 00:00:00",650,1300,"Atrav01",16,"CT tronquée car la station n'est plus jaugée en étiage depuis 2006.","C",,"03/21/16 13:48:00","10/01/08 12:00:00",,,,1,
14793,8,"04/01/10 00:00:00","01/01/12 00:00:00",-200,2500,"Atrav13",18,,"C","09/21/12 16:11:00","03/21/16 13:50:00","07/13/07 08:30:00",,,,1,
14794,8,"01/03/07 00:00:00","04/01/10 00:00:00",-200,2500,"Atrav12",19,,"C","09/21/12 16:11:00","03/21/16 13:50:00","07/13/07 08:30:00",,,,1,
14795,8,"01/03/01 00:00:00","01/01/07 00:00:00",-200,2500,"Atrav11",18,,"C","09/21/12 16:11:00","03/21/16 13:50:00","07/13/07 08:30:00",,,,1,
14796,8,"01/03/94 00:00:00","01/01/01 00:00:00",-200,2500,"Atrav10",21,,"C","09/21/12 16:11:00","03/21/16 13:50:00","07/13/07 08:30:00",,,,1,
14797,8,"01/01/91 00:00:00","01/01/94 00:00:00",-100,2500,"Atrav09",16,,"C","09/21/12 16:40:00","03/21/16 13:51:00","07/13/07 08:30:00",,,,1,
14798,8,"01/01/89 00:00:00","01/01/91 00:00:00",-100,2500,"Atrav08",17,,"C","09/21/12 16:40:00","03/21/16 13:51:00","07/13/07 08:30:00",,,,1,
14799,8,"01/01/87 00:00:00","01/01/89 00:00:00",-100,2500,"Atrav07",17,,"C","09/21/12 16:40:00","03/21/16 13:51:00","07/13/07 08:30:00",,,,1,
14800,8,"01/11/86 00:00:00","01/01/87 00:00:00",-100,2500,"Atrav06",17,,"C","09/21/12 16:40:00","03/21/16 13:51:00","07/13/07 08:30:00",,,,1,
14801,8,"01/01/86 00:00:00","01/01/87 00:00:00",-100,2500,"Atrav05",17,,"C","09/21/12 16:40:00","03/21/16 13:51:00","07/13/07 08:30:00",,,,1,
14802,8,"01/01/81 00:00:00","01/01/86 00:00:00",-100,2500,"Atrav04",17,,"C","09/21/12 16:40:00","03/21/16 13:52:00","07/13/07 08:30:00",,,,1,
14803,8,"01/01/79 00:00:00","01/01/81 00:00:00",-100,2500,"Atrav03",17,,"C","09/21/12 16:40:00","03/21/16 13:52:00","07/13/07 08:30:00",,,,1,
14804,8,"01/01/73 00:00:00","01/03/79 00:00:00",-100,2500,"Atrav02",18,,"C","09/21/12 16:40:00","03/21/16 13:52:00","07/13/07 08:30:00",,,,1,
14821,202,"01/01/99 00:00:00","01/06/01 00:00:00",400,2200,"D20b-hbe",9,,"C","03/21/16 15:59:00","03/21/16 15:59:00","04/28/09 10:00:00",800,,,0,
14822,202,"12/01/90 00:00:00","01/01/99 00:00:00",800,2200,"D19a-tqe",5,"CT tronquée en basse eaux car pas de jaugeage.","C","03/21/16 16:00:00","03/21/16 16:01:00","03/28/14 16:30:00",800,,,0,
14833,202,"03/09/06 00:00:00","01/01/08 00:00:00",400,2200,"D22b-hbe",11,,"C","03/21/16 15:59:00","03/21/16 17:13:00","04/28/09 10:00:00",800,,,0,
14834,202,"01/06/01 00:00:00","03/09/06 00:00:00",400,2200,"D21b-hbe",10,,"C","03/21/16 15:59:00","03/21/16 17:13:00","04/28/09 10:00:00",800,,,0,
14841,35,"04/23/99 00:00:00","01/01/05 00:00:00",250,3800,"14",30,,"C","09/17/03 15:21:00","03/24/16 13:30:00",,,,,1,
14842,35,"09/02/98 22:00:00","04/23/99 00:00:00",310,4000,"12",21,,"C",,"03/24/16 13:30:00",,,,,1,
14843,35,"06/18/98 00:00:00","09/02/98 22:00:00",310,3650,"11",25,,"C",,"03/24/16 13:30:00",,,,,1,
14844,35,"08/30/97 00:00:00","06/18/98 00:00:00",0,4600,"C16266",24,,"C",,"03/24/16 13:35:00",,,,,1,
14845,35,"07/22/97 00:00:00","08/30/97 00:00:00",0,4600,"C16265",24,,"C",,"03/24/16 13:35:00",,,,,1,
14846,35,"01/20/97 00:00:00","07/22/97 00:00:00",0,4600,"C16264",24,,"C",,"03/24/16 13:36:00",,,,,1,
14847,35,"07/16/96 00:00:00","01/20/97 00:00:00",0,4000,"C16263",23,,"C",,"03/24/16 13:36:00",,,,,1,
14848,35,"04/01/96 00:00:00","07/16/96 00:00:00",200,2900,"C16262",14,,"C",,"03/24/16 13:36:00",,,,,1,
14849,35,"11/13/95 00:00:00","04/01/96 00:00:00",50,2900,"C16261",14,,"C",,"03/24/16 13:37:00",,,,,1,
14850,35,"08/22/95 00:00:00","11/13/95 00:00:00",50,2500,"C16260",14,,"C",,"03/24/16 13:37:00",,,,,1,
14851,35,"03/21/95 00:00:00","08/22/95 00:00:00",50,2900,"C16259",14,,"C",,"03/24/16 13:37:00",,,,,1,
14852,35,"01/11/95 00:00:00","03/21/95 00:00:00",100,5250,"C16258",26,,"C",,"03/24/16 13:37:00",,,,,1,
14853,35,"06/22/94 00:00:00","01/11/95 00:00:00",50,2500,"C16257",19,,"C",,"03/24/16 13:38:00",,,,,1,
14854,35,"09/14/93 00:00:00","06/22/94 00:00:00",100,5250,"C16256",26,,"C",,"03/24/16 13:38:00",,,,,1,
14855,35,"03/11/90 00:00:00","09/14/93 00:00:00",50,3600,"C16255",21,,"C",,"03/24/16 13:38:00",,,,,1,
14856,35,"10/04/89 00:00:00","03/11/90 00:00:00",100,4600,"C16254",25,,"C",,"03/24/16 13:38:00",,,,,1,
14857,35,"03/17/89 00:00:00","10/04/89 00:00:00",0,4000,"C16253",26,,"C",,"03/24/16 13:39:00",,,,,1,
14858,35,"12/06/88 00:00:00","03/17/89 00:00:00",100,4000,"C16252",20,,"C",,"03/24/16 13:39:00",,,,,1,
14859,35,"09/15/88 00:00:00","12/06/88 00:00:00",100,4000,"C16251",20,,"C",,"03/24/16 13:39:00",,,,,1,
14860,35,"01/01/86 00:00:00","09/01/88 00:00:00",440,4400,"D12a",18,"Courbe retravaillée en 2016 (regroupement de multiples courbes sur une plus large période)","C","10/08/10 10:06:00","03/24/16 13:41:00","10/07/10 11:19:00",,,,0,
14861,35,"09/01/88 00:00:00","01/01/95 00:00:00",100,4000,"D13a",21,"Courbe retravaillée en 2016 (regroupement de multiples courbes sur une plus large période)","C","03/23/16 14:42:00","03/24/16 13:41:00",,,,,0,
14864,35,"01/01/95 00:00:00","03/12/00 20:45:00",200,4400,"D14a",19,"Courbe retravaillée en 2016 (regroupement de multiples courbes sur une plus large période)","C","03/23/16 14:49:00","03/24/16 13:45:00",,,,,0,
14865,35,"03/12/00 23:45:00","10/13/06 16:36:00",200,4400,"D15",24,,"C","08/01/08 11:30:00","03/24/16 13:45:00","03/08/04 11:19:00",,,,0,
14874,56,"01/25/01 12:38:00","01/10/09 13:54:00",800,3100,"D14-hbe",22,,"C","04/08/04 15:32:00","03/31/16 15:13:00","03/08/04 12:02:00",,,,0,
14875,129,"11/15/00 00:00:00","10/01/10 00:00:00",-1140,1500,"D04",15,,"C","04/08/04 15:03:00","03/31/16 15:21:00","03/08/04 14:54:00",,,,0,
14877,129,"01/01/09 00:00:00","01/01/50 00:00:00",-1270,1450,"Atrav",13,,"C","02/05/09 11:35:00","03/31/16 15:29:00","02/05/09 11:35:00",,,,1,
14878,129,"11/15/00 00:00:00","09/14/05 00:00:00",-1140,1300,"D03",17,"créée le 06/08/2003","C",,"03/31/16 15:30:00",,,,,1,
14879,316,"01/01/15 00:00:00","01/01/50 00:00:00",,,"0",8,,"C","04/01/16 14:14:00","04/01/16 14:14:00","04/01/16 14:14:00",,,,0,
14882,171,"08/01/15 00:00:00","01/01/50 00:00:00",60,460,"D1",11,,"C",,"04/11/16 14:53:00","01/23/15 10:16:00",,,"D1",0,
14887,84,"01/01/15 00:00:00","01/01/50 00:00:00",270,2500,"CT_lars",19,"decalage de 37cm à l'étiage","C","09/17/10 13:52:00","04/13/16 10:12:00","07/16/09 15:47:00",,,,1,
14891,260,"01/01/14 00:00:00","01/01/50 00:00:00",-70,700,"d01a",10,,"T",,"04/22/16 09:11:00","05/04/07 12:19:00",,,"d01a",0,
14894,301,"07/01/09 00:00:00","01/01/12 00:00:00",230,2050,"d01a",10,"Première CT de la station","C","04/26/16 11:43:00","04/26/16 11:45:00","07/28/09 10:21:00",,,,0,
14896,301,"01/01/12 00:00:00","12/31/50 00:00:00",100,2000,"d02",26,,"C","09/19/13 10:25:00","04/28/16 07:41:00","07/28/09 10:21:00",,,,1,
14898,131,"06/01/09 11:11:00","01/01/50 00:00:00",320,2600,"d06d-hbe",22,,"C","03/20/12 14:18:00","04/29/16 11:21:00","06/08/10 11:11:00",,,,1,
14901,56,"01/01/11 00:00:00","01/01/15 00:00:00",500,3100,"D16c-hbe",21,"Courbe à herbes","C","11/14/12 07:11:00","05/04/16 08:08:00","03/08/04 12:02:00",,,"D16c-hbe",0,
14903,47,"10/17/12 00:00:00","01/01/50 00:00:00",180,2900,"d08a",13,"Changement basses eaux le 16/10/2015","C","12/05/13 10:42:00","05/13/16 14:42:00","02/25/10 10:35:00",,,"d08a",0,
14904,47,"01/01/10 00:00:00","10/17/12 00:00:00",180,3000,"D07",14,"Reprise de la partie basse de la courbe suite à l'envasement continu de la station.

","C","10/07/10 10:55:00","05/13/16 14:43:00","10/05/10 10:35:00",,,"D07",0,
14905,301,"07/01/09 00:00:00","01/01/12 00:00:00",230,2050,"D01",13,"Première CT de la station. Tracé adouci le 17/05/2016","C","02/22/10 08:11:00","05/17/16 16:54:00","07/28/09 10:21:00",,,,0,
14906,19,"01/01/90 00:00:00","01/01/49 00:00:00",360,3120,"C10BCEOM",16,"CT moise modélisée. Ex courbe BCEOM2003","C",,"05/19/16 10:15:00",,,,,1,
14909,3,"04/06/14 00:00:00","01/01/50 00:00:00",450,2000,"D03c-hbe",15,"Nouvelle courbe refaite sur la partie basse","C","03/11/16 13:47:00","05/31/16 10:23:00","05/27/05 10:49:00",,,,0,
14915,3,"04/06/14 00:00:00","01/01/50 00:00:00",450,2000,"D03d-hbe",15,"Nouvelle courbe refaite sur la partie basse. Changement en partie haute suite jaugeage du 01/06/2016","C","03/11/16 13:47:00","06/01/16 10:25:00","05/27/05 10:49:00",,,,0,
14934,81,"01/01/05 00:00:00","01/01/49 00:00:00",35,1700,"TD01TraHbe",24,"Modification de la courbe pour jaugeages côte supérieure à 20 cm (>100 l/s)","C","05/03/11 14:11:00","06/03/16 14:33:00",,,,,1,
14938,3,"04/06/14 00:00:00","01/01/50 00:00:00",450,2000,"D03e-hbe",19,"Nouvelle courbe refaite sur la partie basse. Changement en partie haute suite jaugeages du 01/06/2016 et 2/06/2016","C","03/11/16 13:47:00","06/09/16 10:00:00","05/27/05 10:49:00",,,,1,
14939,3,"04/06/14 00:00:00","01/01/50 00:00:00",450,2000,"D03c-hbe",15,"Nouvelle courbe refaite sur la partie basse","C",,,,,,"D03c-hbe",,
14940,3,"04/06/14 00:00:00","01/01/50 00:00:00",450,2000,"D03c-hbe",15,"Nouvelle courbe refaite sur la partie basse","C",,,,,,"D03c-hbe",,
14953,312,"01/01/13 00:00:00","01/01/50 00:00:00",3400,7600,"D1a-tqeCAR",17,"Courbe crée le 25/11/2015 à partir de la modélisation par CARIMA transmise par le CEREMA et adaptée en partie basse de la zone de validité à  partir des jaugeages. Inflexion au niveau de la zone de débordement du chenal navigable à voir lors de crues avec débordement. Courbe applicable à partir de h=340cm. Seuil à revoir (à la baisse) en fonction des jaugeages à venir dans la gamme 300/400 cm. 
Débordement en lit majeur à env 500 cm à l'échelle. 
Niveau normal d'exploitation: 315 cm env (échelle)
Info VNF: Zplan d'eau à 169,94 en IGN69 pour Q<150m3/s (et égal à 169,53 IGN69 pour Q=700 m3/s). Barrage complétement effacé (clapets + segments) à 2700 m3/s.
Abaissement du barrage aval inconnu (400cm?)","C",,"06/20/16 15:06:00","01/20/15 15:55:00",3400,8000,"D1a-tqeCAR",0,
14957,323,"12/05/10 00:00:00","01/01/50 00:00:00",-60,3000,"1",42,,"C",,"07/01/16 09:01:00","07/01/16 09:00:00",-60,3000,,,
14958,324,"10/08/12 00:00:00","01/01/50 00:00:00",50,2080,"1",0,,"C",,"07/01/16 09:13:00","07/01/16 09:13:00",50,2080,,,
14959,324,"10/09/12 00:00:00","01/01/50 00:00:00",50,2080,"1",32,,"C","07/01/16 09:14:00","07/01/16 09:17:00","07/01/16 09:17:00",50,2080,,,
14960,325,"08/01/98 00:00:00","01/01/50 00:00:00",-100,1500,"1",25,,"C","07/01/16 09:25:00","07/01/16 09:26:00","07/01/16 09:26:00",-100,1500,,,
14961,326,"10/09/12 00:00:00","01/01/50 00:00:00",0,3500,"1",25,,"C","07/01/16 15:24:00","07/01/16 15:26:00","07/01/16 15:26:00",0,3500,,,
14963,142,"01/01/07 00:00:00","01/01/50 00:00:00",-2300,2200,"D02c-hbe",27,"nouvelle courbe tenant compte du jaugeage de basses eaux. Extrapolation haute revue compte tenu du jaugeage du 01/06/2016.
","C","10/28/08 15:17:00","07/05/16 14:27:00","03/12/07 16:15:00",,,,1,
14967,25,"01/01/90 00:00:00","01/01/50 00:00:00",200,4000,"Atra201505",11,"Première esquisse d'une courbe mère construite avec des hauteurs d'eau de la Vezouze faibles, sans incidence sur la station Meurthe. Les correctifs de hauteur appliqués aux jaugeages ont été calculés via l'étude CEREMA de 2014. On pourra appliquer un correctif influence aval vezouze sur cette courbe dans hydro2 pour estimer les débits réels (à valider).","T",,"07/18/16 15:54:00","05/11/15 17:00:00",200,4000,,1,
14993,306,"01/18/15 00:00:00","03/18/16 00:00:00",700,4100,"d10",17,,"C","07/09/15 11:26:00","08/16/16 13:39:00","07/23/10 16:02:00",,,,0,
14994,306,"03/18/16 00:00:00","01/01/50 00:00:00",700,4100,"d11",16,"Variation du lit suite crue hiver 2016","C","08/11/16 15:46:00","08/16/16 15:00:00","07/23/10 16:02:00",,,"v",0,
14995,66,"09/17/06 00:01:00","08/18/07 00:00:00",100,3700,"D43",15,,"C","10/06/09 11:03:00","08/16/16 17:39:00","08/01/08 15:11:00",,,,0,
15020,66,"08/18/07 00:01:00","12/03/15 00:00:00",10,2860,"d44a",17,"reprise de la partie hautes eaux suite au jaugeage de crue de décembre 2010, prenant en compte les nouveaux aménagements de berges réalisés en été 2007.","C",,"10/04/16 09:35:00",,,,"44a",0,
15026,73,"10/02/09 09:00:00","01/01/50 00:00:00",210,2400,"D19a",18,"Reprise de la partie basse de la courbe en Mai 2010 pour tenir compte de l'évolution du seuil et reprise de la partie de moyennes eaux <1.80m en Novembre 2010. Mise à jour des bornes d'extrapolation.



.
","C","11/23/10 09:43:00","10/19/16 09:52:00","07/10/09 09:00:00",,,,0,
15027,73,"09/01/15 00:00:00","01/01/50 00:00:00",150,2400,"D20",21,"nouvelle courbe suite au detarage de la station depuis septembre 2015



.
","C","11/23/10 09:43:00","10/19/16 09:57:00","07/10/09 09:00:00",,,"D20",0,
15037,316,"07/01/15 00:00:00","01/01/50 00:00:00",450,2000,"d01",9,"Modidication du bas de courbe suite jaugeage du 22
 septembre 2016 sans changement de nom.","C","08/01/16 11:26:00","11/10/16 10:34:00","08/01/16 11:28:00",400,2000,"d01baca",0,
15039,3,"04/06/14 00:00:00","06/15/16 00:00:00",450,3500,"D03f-hbe",18,"Nouvelle courbe refaite sur la partie basse. Changement en partie haute suite jaugeages du 01/06/2016 et 2/06/2016. Sortie chenal à 185cm et parking inondé à environ 250cm","C","03/11/16 13:47:00","11/14/16 13:45:00","05/27/05 10:49:00",,,"D03f-hbe",0,
15170,131,"06/01/09 11:11:00","07/01/16 00:00:00",320,2600,"d06e-hbe",23,,"C","03/20/12 14:18:00","12/16/16 07:46:00","06/08/10 11:11:00",,,,0,
15175,16,"07/23/14 00:00:00","01/01/50 00:00:00",200,800,"d32",16,"
","C","11/05/07 11:47:00","12/29/16 15:20:00","11/05/07 11:45:00",,,"d32fraize",0,
15177,16,"09/14/08 00:01:00","04/14/12 00:00:00",200,800,"D30",14,"Mise à jour de la partie étiage >0.50m en Novembre 2009 suite aux dépôts continus de galets.
","C","11/09/09 11:03:00","12/29/16 15:21:00","11/09/09 00:00:00",,,"d30fraize",0,
15178,16,"04/14/12 00:00:00","07/23/14 00:00:00",200,800,"d31",17,,"C","11/09/09 11:03:00","12/29/16 15:26:00","11/09/09 00:00:00",,,"d31fraize",0,
15222,41,"01/17/93 00:00:00","10/12/06 00:00:00",-200,3800,"D30a",11,,"C","01/05/17 13:05:00","01/05/17 14:50:00","10/13/11 20:00:00",,,,0,
15223,327,"04/03/13 02:51:00","01/01/50 00:00:00",100,4320,"13",24,,"C",,"01/05/17 15:42:00","01/05/17 15:37:00",,,,0,
15225,41,"01/01/68 00:00:00","01/27/81 00:00:00",-100,3800,"D28a",10,"L'extrapolation haute a ét établie avec CT modélisation EPAMA.","C","01/05/17 14:42:00","01/05/17 16:12:00","08/07/07 10:00:00",,,"D28a",0,
15226,41,"01/01/63 00:00:00","01/01/68 00:00:00",150,3800,"D27a",12,"L'extrapolation haute a ét établie avec CT modélisation EPAMA.","C","01/05/17 14:43:00","01/05/17 16:12:00","08/07/07 17:00:00",,,"D27a",0,
15258,3,"04/06/14 00:00:00","06/15/16 00:00:00",450,3500,"D03f-hbe",18,"Nouvelle courbe refaite sur la partie basse. Changement en partie haute suite jaugeages du 01/06/2016 et 2/06/2016. Sortie chenal à 185cm et parking inondé à environ 250cm","C","03/11/16 13:47:00","01/20/17 15:40:00","05/27/05 10:49:00",,,"D03f-hbe",0,
15259,267,"01/01/15 00:00:00","06/11/16 00:00:00",230,3000,"D6b",22,"nouvelle ct suite jaug 02/03/2016 et jaugeages de crue du 1/06, 2/06 et 3/06/2016 et du 04/06/2016.
","C","03/03/16 08:55:00","01/20/17 15:50:00",,,,"D6b",0,
15260,142,"01/01/07 00:00:00","05/24/16 23:59:00",-2300,4000,"D02-hbe",20,"courbe effective de 2007-2016 ne tenant pas compte de l'influence de la végétation en crue","C","10/28/08 15:17:00","01/20/17 15:52:00","03/12/07 16:15:00",,,"D02-hbe",0,
15261,52,"11/01/15 00:00:00","02/22/17 00:00:00",450,5100,"D23-hbe",15,"Reconstruction du pont + aménagement du lit. Travaux terminés en octobre. Nouvelle CT à partir de novembre 2015.fin 18/10/2016","C","11/29/16 11:22:00","01/25/17 10:01:00","11/16/11 00:00:00",,,"D23-hbe",0,
15287,191,"01/01/10 00:01:00","09/01/16 00:00:00",120,1100,"d14a",18,,"C","08/16/10 11:02:00","02/03/17 09:24:00","03/31/08 12:57:00",,,"d14a",0,
15311,84,"12/05/07 00:00:00","11/20/15 00:00:00",-300,2500,"d13b-hbe",14,,"C","09/17/10 14:19:00","03/10/17 09:25:00","07/21/08 14:34:00",,,"d13b-hbe",0,
15314,260,"01/01/14 00:00:00","07/01/16 00:00:00",-70,2000,"d01b",13,"Modification partie haute de la courbe suite jeugeage du 31/05/2016. Végétation lors du jaugeage. La CT est au dessus du jaugeage. ","T",,"03/20/17 09:12:00","05/04/07 12:19:00",,,"d01b",0,
15319,56,"01/01/15 00:00:00","07/01/16 00:00:00",500,3100,"D17-hbe",11,"Courbe à herbes","C","11/14/12 07:11:00","03/20/17 10:41:00","03/08/04 12:02:00",,,"D17-hbe",0,
15411,4,"01/01/69 00:00:00","01/01/73 00:00:00",100,2100,"Atrav01",5,,"C",,"04/12/17 17:00:00",,,,,0,
15489,18,"10/10/06 00:00:00","12/26/13 12:00:00",220,3400,"d28-hbe",16,"Courbe créée suite à la crue d'Octobre 2006, mise à jour de sa partie basse eaux entre 20 et 60cm en Novembre 2010. Correctifs herbe en 2011 et 2012.



","C","11/04/10 10:47:00","06/08/17 16:42:00","09/15/09 16:20:00",,,,0,
15496,307,"10/01/08 00:00:00","02/03/13 19:59:00",220,1800,"d02b-hbe",21,"Nouvelle  CT suite détarrage crue du 2/02/2013 (érosion du seuil probable)","C",,"06/12/17 11:44:00","06/08/17 00:00:00",,,"d02b-hbe",0,
15502,18,"12/26/13 12:01:00","01/08/16 09:59:00",220,3400,"d29-hbe",16,"Courbe créée suite à détarrage hiver 2013/2014 (embâcle?)
.


","C","06/14/17 10:47:00","06/14/17 11:05:00","09/15/09 16:20:00",,,"d29-hbe",0,
15504,305,"01/01/10 00:00:00","12/31/10 23:59:00",110,990,"D01",15,,"C","09/03/15 11:05:00","06/14/17 15:26:00","03/09/10 12:00:00",,,"D01",0,
15506,318,"01/01/16 00:00:00","01/01/50 00:00:00",300,1110,"d01",9,,"C","04/14/16 14:56:00","06/19/17 10:37:00","04/14/16 14:57:00",,1200,"1",0,
15508,319,"10/01/15 00:00:00","01/01/50 00:00:00",400,5100,"D01-hbe",14,"Courbe expérimentale construite à partir de la station historique et en enlevant 2 cm à la hauteur échelle (différence de côte, 109 aval=107 amont par exemple). A affiner en crue et par des jaugeages multiples.","T",,"06/26/17 13:53:00","12/03/15 16:49:00",,,"D01-hbe",0,
15513,191,"09/01/16 00:00:00","01/01/50 00:00:00",120,1100,"D15",12,"nouvelle CT","C","08/16/10 11:02:00","06/30/17 08:42:00","03/31/08 12:57:00",,,"D15",0,
15514,306,"03/18/16 00:00:00","01/01/50 00:00:00",700,4100,"D11a",18,"Optimisation par rapport aux jaugeages réalisés entre mars 2016 et juillet 2017
","C","08/11/16 15:46:00","07/05/17 16:06:00","07/05/17 16:02:00",,,"D11a",0,
15523,171,"08/01/15 00:00:00","01/01/50 00:00:00",10,1600,"D1a",15,"2vollution partie haute suite jaugeage de crue du 30/05/2016. La CT passe au dessus du jaugeage (végétation)","C",,"07/28/17 13:22:00","01/23/15 10:16:00",,,"D1a",0,
15524,314,"01/01/14 00:00:00","01/01/50 00:00:00",1000,4200,"d01a-hbe",15,"borne haute de validité portée de 330 à 420 cm suite au Jaugeage du 10/02/2016. correctifs herbe pour été 2017.","C","08/02/17 11:00:00","08/02/17 11:17:00","11/14/14 14:35:00",,,"D01a",0,
15526,81,"01/01/05 00:00:00","01/01/49 00:00:00",35,1700,"TD01TraHbe",24,"Modification de la courbe pour jaugeages côte supérieure à 20 cm (>100 l/s)","C","05/03/11 14:11:00","08/07/17 14:48:00",,,,,1,
15532,154,"02/01/12 00:01:00","01/05/14 11:05:00",870,3100,"d27",25,,"C","01/19/12 13:57:00","08/17/17 09:54:00","12/14/09 10:15:00",,,"d27",0,
15533,154,"01/05/14 11:06:00","01/01/50 00:00:00",950,3100,"D28",21,"Nouvelle CT 
suite détarrage possible en octobre ou novembre 2013 (h=2.61 le 10/11/13 et h=2.55 le 15/10/13).
Superposition avec D27 à h entre 184 et 186 cm. date de début retenue: 5/01/2014  (après petites crues hiver 2013). Extrapollation haute fonction puissance 5/3 (contrôle par le tronçon)

","C",,"08/17/17 09:55:00","08/16/17 00:00:00",,,"D28",0,
15540,73,"10/02/09 09:00:00","08/31/15 23:59:00",210,2400,"D19b",18,"Reprise de la partie basse de la courbe en Mai 2010 pour tenir compte de l'évolution du seuil et reprise de la partie de moyennes eaux <1.80m en Novembre 2010. Mise à jour des bornes d'extrapolation.



.
","C","11/23/10 09:43:00","08/24/17 14:38:00","07/10/09 09:00:00",,,"D19b",0,
15543,66,"12/03/15 00:00:00","01/01/50 00:00:00",0,3210,"d45a",14,"Ajustement bas de courbe suite jaugeages été 2017
","C","08/18/17 09:00:00","08/28/17 15:02:00",,,,"d45a",0,
15548,85,"12/30/01 00:00:00","01/01/17 00:00:00",500,3800,"D20d-hbe",17,,"C","03/16/16 16:43:00","09/04/17 14:18:00","10/29/08 15:00:00",,,,0,
15560,4,"01/01/73 00:00:00","01/01/76 00:00:00",100,2100,"Atrav02",5,,"C",,"09/15/17 13:32:00",,,,,0,
15561,4,"01/01/76 00:00:00","01/01/80 00:00:00",100,2100,"Atrav03",5,,"C",,"09/15/17 13:34:00",,,,,0,
15562,4,"01/01/81 00:00:00","01/01/86 00:00:00",300,2100,"Atrav04",7,,"C",,"09/15/17 13:35:00",,,,,0,
15611,191,"09/01/16 00:00:00","01/01/50 00:00:00",120,1100,"D15a",14,"nouvelle CT","C","08/16/10 11:02:00","10/20/17 09:18:00","03/31/08 12:57:00",,,"D15a",0,
15615,10,"01/01/07 20:36:00","01/14/16 00:00:00",130,3000,"D21",15,"Courbe qui tient compte du jaugeage d'octobre 2006.
Mise à jour des bornes d'extrapolation le 04/09/2009.
Reprise de la partie basse >45cm à l'étiage de Juillet 2010.


","C","09/04/09 14:13:00","10/23/17 17:12:00","10/16/06 11:41:00",,,"21",0,
15616,10,"01/14/16 00:00:00","01/01/50 00:00:00",120,3450,"d22",17,,"C","10/23/17 16:50:00","10/24/17 11:43:00","10/16/06 11:41:00",,,"d",0,
15617,306,"03/18/16 00:00:00","01/01/50 00:00:00",700,4100,"D11b",23,"Optimisation par rapport aux jaugeages réalisés entre mars 2016 et septembre 2017
","C","10/26/17 10:10:00","10/26/17 10:30:00","07/05/17 16:02:00",,,"D11b",0,
15625,187,"12/17/11 00:00:00","03/10/17 17:41:00",220,1700,"D03c",22,"Affinage de la D03b. Début de détarrage avant mai 2016 achevé après la crue de novembre 2016

.  0 du débit avec J du 13/08/2015 et du 7/7/2015 + écoulement contrôlé par le tronçon.







","C","10/31/17 16:08:00","11/03/17 16:17:00","07/24/06 14:56:00",,,"D03c",0,
15626,187,"03/10/17 17:42:00","01/01/50 00:00:00",220,1700,"D04",18,"Fin du détarrage débuté au printemps 2016 après la crue de début mars 2017. En attendant l'impact de nouvelles crues sur l'ér
osion du lit.




","C","10/31/17 15:35:00","11/03/17 16:20:00","10/31/17 15:35:00",,,"D04",0,
15637,15,"05/01/11 00:01:00","06/27/16 00:00:00",-170,2450,"D21a",26,"Partie haute de la courbe revue suite jaugeage du 12/11/20117
","C","07/02/12 09:51:00","11/23/17 14:15:00","07/03/06 11:18:00",,,"D21a",0,
15643,187,"10/01/10 00:00:00","12/17/11 00:00:00",80,2000,"D02a",21,"
Modification le 1/12/2017 à partir 95 cm pour intégrer les jaugeages de crue + extrapollation haute et mise en charge du pont





","C","12/01/17 10:55:00","12/01/17 11:00:00","12/01/17 10:55:00",,,"D02a",0,
15644,187,"11/01/05 00:00:00","10/01/10 00:00:00",130,2000,"D01f",19,"Reprise la la partie étiage (<1m) en Octobre 2010.
reprise de la partie haute après prise en compte d'un jaugeage de crue postérieur à la fin de validité
Modification le 1/12/2017 à partir 95 cm pour intégrer les jaugeages de crue + extrapollation haute et mise en charge du pont


","C","12/01/17 10:49:00","12/01/17 11:02:00","12/01/17 10:49:00",,,"D01f",0,
15647,187,"12/17/11 00:00:00","03/10/17 17:42:00",220,2000,"D03d",24,"Affinage de la D03b. Début de détarrage avant mai 2016 achevé après la crue de novembre 2016.
Modification le 1/12/2017 à partir 120
 cm pour intégrer les jaugeages de crue + extrapollation haute et mise en charge du pont



.  0 du débit avec J du 13/08/2015 et du 7/7/2015 + écoulement contrôlé par le tronçon.







","C","12/01/17 11:03:00","12/01/17 14:42:00","07/24/06 14:56:00",,,"D03d",0,
15652,260,"07/01/16 00:00:00","01/01/50 00:00:00",-70,2000,"d02a",16,"Modification partie haute de la courbe suite jeugeage du 31/05/2016. Végétation lors du jaugeage. La CT est au dessus du jaugeage. chgt lit après crue 2016","T",,"01/03/18 14:11:00","05/04/07 12:19:00",,,"d02a",0,
15653,312,"01/01/13 00:00:00","01/01/49 00:00:00",4500,7500,"D_tqeCAR",9,"Courbe crée le 25/11/2015 à partir de la modélisation par CARIMA transmise par le CEREMA. Calage à revoir dès qu'il existera des jaugeages en crue. 
Débordement en lit majeur à env 500 cm à l'échelle. 
Niveau normal d'exploitation: 315 cm env (échelle)
Info VNF: Zplan d'eau à 169,94 en IGN69 pour Q<150m3/s (et égal à 169,53 IGN69 pour Q=700 m3/s). Barrage complétement effacé (clapets + segments) à 2700 m3/s.
Abaissement du barrage aval inconnu (400cm?)","C",,"01/06/18 14:54:00","01/20/15 15:55:00",,,"D1",1,
15686,191,"09/01/16 00:00:00","01/01/50 00:00:00",120,1100,"D15b",16,"nouvelle CTsuite au jaugeage de crue de janvier 2018","C","08/16/10 11:02:00","01/10/18 14:12:00","03/31/08 12:57:00",,,"D15b",0,
15694,320,"01/01/14 00:00:00","01/01/50 00:00:00",500,3000,"A trav1",9,"modification CT suite jaugeage 21","C",,"01/11/18 12:58:00","02/15/17 11:00:00",500,,"D10d-tqe",0,
15705,187,"03/10/17 17:42:00","01/01/50 00:00:00",220,2000,"D04a",21,"Fin du détarrage débuté au printemps 2016 après la crue de début mars 2017. En attendant l'impact de nouvelles crues sur l'érosion du lit. Hypothèse:
 Début de mise en chaerge du pont vers 
220 à l'échelle (à vérifier). Intégration du jaugeage du 12/11/2017 avec écoulement en lit mineur. débordement lit majeur vers 220 échelle (soit 190 côte section mouillée aval pont) qui stabilise la vitesse moyenne sur  la section. La mise en charge tient compte de la hauteut atteinte le 16/12/2011 (286 cm) et de la période de retour probable du débit (< T=50 ans) compte tenu des périodes de retour des débits de pointe aux stations voisines et aussi des caractéristiques des pluies dans le secteur. Voir éléments dans dossier station.








","C","10/31/17 15:35:00","01/18/18 10:09:00","10/31/17 15:35:00",,,"D04a",0,
15713,25,"11/08/12 00:00:00","01/01/50 00:00:00",100,3900,"d11b",8,"Ajustement suite jaugeages de janvier 2018
","C","01/24/18 10:13:00","01/24/18 14:21:00","05/11/09 13:46:00",,,"d11b",0,
15756,35,"10/13/06 16:36:00","01/01/50 00:00:00",330,4400,"D16b",21,"Mise à jour de la partie <150cm en octobre 2010 .

","C","10/08/10 10:06:00","01/31/18 14:02:00","10/07/10 11:19:00",,,"D16b",0,
15766,39,"01/08/88 00:00:00","01/08/15 00:00:00",250,4000,"D17d",11,"Les jaugeages en ""douteux"" ont été efféctués soit au pt Patton dans St Mihiel soit à l'aval du pont  D964.","C","02/06/18 17:28:00","02/06/18 17:28:00",,,,"D17d",0,
15767,39,"02/13/79 00:00:00","01/08/88 00:00:00",500,4000,"D16b",13,"Les jaugeages en ""douteux"" ont été efféctués soit au pt Patton dans St Mihiel soit à l'aval du pont  D964.","C","02/06/18 17:28:00","02/06/18 17:28:00",,,,"D16b",0,
15768,39,"02/25/71 00:00:00","02/13/79 00:00:00",250,4000,"D15b",12,"Les jaugeages en ""douteux"" ont été efféctués soit au pt Patton dans St Mihiel soit à l'aval du pont  D964.","C","02/06/18 17:28:00","02/06/18 17:28:00",,,,"D15b",0,
15769,39,"01/01/67 00:00:00","02/25/71 00:00:00",250,4000,"D14b",9,"Les jaugeages en ""douteux"" ont été efféctués soit au pt Patton dans St Mihiel soit à l'aval du pont  D964.","C","02/06/18 17:28:00","02/06/18 17:28:00",,,,"D14b",0,
15778,42,"02/17/14 00:00:00","01/01/50 00:00:00",1540,4800,"d36a-trq",18,"CT tronquée en étiage car capteur ensablé en dessous de 154 cm (en juillet 2017). Correction en partie haute (jaugeages ADCP< cyclo). Ajustement suite crues de décembre 2017 et janvier 2018. Partie haute de la CT corrélée avec Pulligny et PSV.


","C","01/25/18 11:09:00","02/08/18 15:56:00","01/25/18 11:06:00",1540,5670,"d36a-trq",0,
15781,106,"01/01/05 00:00:00","01/01/50 00:00:00",2200,3600,"TR20150505",8,"Courbe pouvant prendre en compte le débordement du lit mineur vers H=300 et les côtes appareil pour remplacer les lectures échelle sur les jaugeages anciens (côte appareil < côte échelle, jusqu'a 15/20 cm estimés pour le jaugeage du 14/01/2004). ","T",,"02/08/18 16:01:00","05/05/15 10:30:00",2200,3500,,1,
15794,106,"01/01/90 00:01:00","01/01/50 00:00:00",2400,4000,"d06a-tqe",7,,"C","01/25/18 11:00:00","02/20/18 14:47:00","01/25/18 11:00:00",2400,4000,"d06a-tqe",0,
15801,307,"02/03/13 20:00:00","01/01/50 00:00:00",220,1800,"d03a-hbe",21,"Nouvelle CT suite crue du 2/02/2013 et détarrage+ajustement hiver 2017/2018 + tentative de cohérence avec station ancienne en partie haute (à confirmer par des jaugeages)

","C","02/23/18 16:12:00","02/23/18 16:19:00","02/23/18 16:15:00",,,"d03a-hbe",0,
15804,2,"10/01/08 00:00:00","01/01/50 00:00:00",450,1900,"D05_tqe",6,"Courbe revue en hautes eaux, prise en compte à l'étiage du curage de la vezouze constaté en automne 2008. 

","C","03/25/10 11:05:00","02/26/18 14:47:00","03/24/10 15:13:00",,,,0,
15808,23,"01/10/04 00:00:00","01/01/50 00:00:00",120,2000,"D26a",19,"Ajustement en partie basse en sur jaugeages de crue de decembre 2017 et janvier 2018
","C","02/27/18 11:30:00","02/28/18 15:13:00","02/27/18 11:30:00",,,"D26a",0,
15811,42,"02/17/14 00:00:00","01/01/50 00:00:00",1540,4800,"d36_trq",15,"CT tronquée en étiage car capteur ensablé en dessous de 154 cm (en juillet 2017)
","C","01/19/12 14:09:00","03/05/18 15:38:00","01/19/12 14:09:00",1540,5670,"d36_trq",0,
15818,191,"01/01/10 00:01:00","09/01/16 00:00:00",120,1100,"d14b",18,"Ajustement en partie haute pour tenir compte des plus hauts jaugeages et de la topographie du lit qui ne justifie pas un changement de pente de la CT à 70/90 cm à l'échelle

","C","03/21/18 09:07:00","03/21/18 09:12:00","03/21/18 09:07:00",,,"d14b",0,
15862,12,"01/01/85 00:00:00","10/27/92 00:00:00",400,3500,"A 10",11,"Courbe à herbe.","C","03/05/12 15:00:00","05/02/18 11:38:00","10/20/06 10:00:00",,,,1,
15863,12,"01/01/79 00:00:00","01/01/85 00:00:00",400,3500,"A 09",9,"Courbe à herbe.","C","03/05/12 15:00:00","05/02/18 11:38:00","10/20/06 10:00:00",,,,1,
15864,12,"01/01/76 00:00:00","01/01/79 00:00:00",400,3500,"A 08",10,"Courbe à herbe.","C","03/05/12 15:00:00","05/02/18 11:39:00","10/20/06 10:00:00",,,,1,
15865,12,"01/01/70 00:00:00","01/01/76 00:00:00",400,3500,"A 07",9,"Courbe à herbe.","C","03/05/12 15:00:00","05/02/18 11:39:00","10/20/06 10:00:00",,,,1,
15866,12,"01/01/68 00:00:00","01/01/70 00:00:00",400,3500,"A 06",10,"Courbe à herbe.","C","03/05/12 15:00:00","05/02/18 11:39:00","10/20/06 10:00:00",,,,1,
15899,133,"02/10/10 00:00:00","11/08/15 00:00:00",500,3700,"D38",8,"La CT ne prend pas en compte les debits transitant par le canal et la dérivation appelé le Moulin.  Pour info, en crue le barrage est couché à partir de  80 m3/s","C",,"05/04/18 09:11:00","05/02/18 15:00:00",,,"D38",0,
15900,133,"03/12/06 00:00:00","02/10/10 00:00:00",500,3700,"D37",8,"La CT ne prend pas en compte les debits transitant par le canal et la dérivation appelé le Moulin.  Pour info, en crue le barrage est couché à partir de  80 m3/s","C",,"05/04/18 09:13:00","05/02/18 15:00:00",,,"D37",0,
15901,133,"01/09/00 00:00:00","03/12/06 00:00:00",500,3700,"D36",9,"La CT ne prend pas en compte les debits transitant par le canal et la dérivation appelé le Moulin.  Pour info, en crue le barrage est couché à partir de  80 m3/s","C",,"05/04/18 09:15:00","05/02/18 15:00:00",,,"D36",0,
15902,133,"01/01/95 00:00:00","01/09/00 00:00:00",500,3700,"D35-tqe",8,"La CT ne prend pas en compte les debits transitant par le canal et la dérivation appelé le Moulin.  Pour info, en crue le barrage est couché à partir de  80 m3/s","C",,"05/04/18 09:19:00","05/02/18 15:00:00",750,,"D35-tqe",0,
15904,30,"01/01/11 00:00:00","01/01/50 00:00:00",1400,6000,"d20-tqe",7,,"C","09/07/09 15:39:00","05/15/18 16:39:00","11/30/06 15:04:00",1400,6400,"D20-tqe",0,
15920,186,"01/01/18 00:00:00","12/31/50 00:00:00",150,600,"d01",3,"Les six mesures effectuées entre le 26 février et le 22 mai 2003 sont hors courbe suite à la mise en place par la société de pêche d'un seuil de réhauuse à l'aval de la station 
NON VALIDEE","T",,"05/17/18 08:32:00",,,,,1,
15937,46,"12/17/11 00:00:00","04/12/13 12:00:00",300,3000,"d09a",20,"Corrction de la partie haute de CT D09


","C","09/15/09 15:37:00","05/18/18 15:37:00","04/23/08 14:25:00",,,"d09a",0,
15938,46,"06/06/10 15:36:00","12/17/11 00:00:00",470,3200,"d08a",15,"
 Révision de la partie haute de la courbe. NB: CT pour la totalité du débit de la Mortagne.




","C","05/18/18 15:17:00","05/18/18 15:38:00","05/18/18 15:17:00",,,"d08a",0,
15939,46,"09/20/06 00:01:00","06/06/10 15:36:00",350,3200,"D07b",16,"
 Révision de la partie haute.
","C","05/18/18 15:21:00","05/18/18 15:39:00","05/18/18 15:20:00",,,"D07b",0,
15942,46,"04/12/13 12:00:00","04/17/16 20:00:00",300,3000,"d10b-hbe",26,"Evolution suite crues hiver 2017/2018  et anciens 
+ jaugeages printemps 2018. 
","C","05/18/18 08:54:00","05/18/18 16:00:00","05/18/18 08:45:00",,,"d10b-hbe",0,
15945,46,"01/01/01 00:00:00","09/20/06 00:00:00",200,2750,"D06c",19,"Mise à jour en mai 2018 pour étude de modélisation. exploitation et critique de tous les jaugeages de crue.
 ","C","05/22/18 13:52:00","05/22/18 14:24:00","05/22/18 13:30:00",,,"D06c",0,
15948,7,"01/01/90 00:00:00","12/31/01 00:00:00",400,5500,"D26",24,"prise en compte des jaugeages en partie haute","C",,"05/23/18 14:18:00","04/02/15 11:00:00",,,"D26",0,
15949,7,"01/01/87 00:00:00","01/01/90 00:00:00",500,4800,"D25",17,"prise en compte des jaugeages en partie haute","C",,"05/23/18 14:19:00","04/01/15 11:28:00",,,"D25",0,
15950,7,"03/01/83 00:00:00","01/01/87 00:00:00",500,5500,"D24",20,"prise en compte des jaugeages en partie haute","C",,"05/23/18 14:20:00","04/01/15 11:28:00",,,"D24",0,
15951,7,"06/01/81 00:00:00","03/01/83 00:00:00",500,5500,"D23",14,"prise en compte des jaugeages en partie haute","C",,"05/23/18 14:20:00","04/01/15 11:28:00",,,"D23",0,
15957,73,"09/01/15 00:00:00","01/07/18 00:00:00",150,2400,"D20a",20,"nouvelle courbe suite au detarage de la station depuis septembre 2015. Ajustement bas de courbe suite été 2017.




.
","C","08/23/17 16:30:00","06/01/18 14:51:00","07/01/16 09:00:00",,,"D20a",0,
15961,19,"01/01/78 00:00:00","01/01/79 00:00:00",300,3300,"A Trav10",10,,"C",,"06/14/18 13:01:00",,,,,1,
15963,19,"01/01/83 00:00:00","01/01/90 00:00:00",300,3300,"A Trav12",11,,"C",,"06/14/18 13:01:00","03/31/09 00:00:00",,,,1,
15964,19,"01/01/65 00:00:00","01/01/78 00:00:00",300,3300,"A Trav09",13,,"C",,"06/14/18 13:02:00",,,,,1,
15965,19,"01/01/79 00:00:00","01/01/83 00:00:00",300,3000,"A Trav11",11,,"C",,"06/14/18 13:02:00",,,,,1,
15968,171,"05/01/18 00:00:00","01/01/50 00:00:00",10,1600,"D2",11,"Evolution suite aux crues de janvier 2018","C",,"06/22/18 08:03:00","01/23/15 10:16:00",,,"D2",0,
15969,171,"08/01/15 00:00:00","05/01/18 00:00:00",10,1600,"D1b",15,"Evolution suite aux crues de janvier 2018","C",,"06/22/18 08:03:00","01/23/15 10:16:00",,,"D1b",0,
15971,174,"07/17/14 00:00:00","05/01/18 00:00:00",195,820,"D01a",9,"Remise en service en juillet 2014","T",,"06/22/18 08:27:00",,,,"D01a",0,
15972,134,"01/01/69 00:00:00","05/28/83 00:00:00",250,3700,"D17d-hbe",19,,"C","07/02/18 12:58:00","07/02/18 13:04:00","10/11/06 10:00:00",,,,0,
15975,134,"02/15/05 00:00:00","01/03/15 00:00:00",200,3700,"D19g-hbe",19,"
","C","03/16/16 14:37:00","07/02/18 17:05:00","12/02/09 00:00:00",,,,0,
15976,134,"05/28/83 00:00:00","02/15/05 00:00:00",160,3700,"D18e-hbe",23,,"C","04/28/14 13:29:00","07/02/18 17:06:00","12/03/07 00:00:00",,,,0,
16000,140,"12/01/09 00:00:00","01/07/12 00:00:00",600,3800,"D16f-hbe",11,"Station sous influence d'un barrage en pierres créé par des autochtones en étiage.","C","07/05/18 13:59:00","07/05/18 13:59:00","05/27/10 12:30:00",,,,0,
16001,140,"12/31/01 00:00:00","12/01/09 00:00:00",450,3800,"D15g-hbe",10,"Station sous influence d'un barrage en pierres créé par des autochtones en étiage.","C","07/05/18 13:59:00","07/05/18 14:00:00","07/24/06 10:00:00",,,,0,
16002,140,"12/13/97 00:00:00","12/31/01 00:00:00",450,3800,"D12d",14,,"C","07/05/18 14:00:00","07/05/18 14:00:00","04/22/09 15:50:00",,,,0,
16003,140,"12/01/96 00:00:00","12/13/97 00:00:00",450,3800,"D11d",10,,"C","07/05/18 14:00:00","07/05/18 14:00:00","04/22/09 16:00:00",,,,0,
16004,140,"12/25/95 00:00:00","12/01/96 00:00:00",450,3800,"D10d",13,,"C","07/05/18 14:00:00","07/05/18 14:00:00","04/22/09 16:00:00",,,,0,
16005,140,"01/01/95 00:00:00","12/25/95 00:00:00",450,3800,"D09b",12,,"C","07/05/18 14:00:00","07/05/18 14:00:00","04/22/09 16:00:00",,,,0,
16026,306,"03/18/16 00:00:00","01/24/18 12:00:00",700,4100,"D11c",23,"Optimisation par rapport aux jaugeages réalisés entre mars 2016 et septembre 2017. Abaissement de la CT (jaugeages ADCP)+ corrélation Pulligny/PSV/Tonnoy 
 pour crues de decembre 2017 et janvier 2018




","C","01/25/18 11:14:00","07/13/18 15:21:00","01/25/18 11:06:00",,,"D11c",0,
16031,25,"11/08/12 00:00:00","01/01/50 00:00:00",100,3900,"d11c",15,"Ajustement bas de courbe
","C","07/26/18 11:37:00","07/26/18 11:40:00","07/26/18 11:37:00",,,"d11c",0,
16033,318,"01/01/16 00:00:00","01/26/18 00:00:00",300,1110,"D01a",17,"Ajustement suite jaugeages de janvier 2018 + côte de débordement
","C","01/24/18 09:44:00","07/26/18 14:38:00","04/14/16 14:57:00",,1200,"D01a",0,
16036,66,"12/03/15 00:00:00","01/26/18 00:00:00",0,3210,"d45b",14,"Ajustement bas de courbe suite jaugeages été 2017+ crue janvier 2018


","C","01/25/18 11:48:00","07/26/18 15:16:00","01/25/18 00:01:00",,,"d45b",0,
16039,66,"01/26/18 00:00:00","01/01/50 00:00:00",30,3210,"d46a",16,,"C","07/26/18 14:59:00","08/24/18 14:40:00","07/26/18 14:59:00",,,"lv46a",0,
16044,305,"01/01/15 00:00:00","01/01/17 00:00:00",110,990,"cy",10,,"C",,"08/24/18 15:45:00","09/03/15 11:00:00",,,,1,
16077,5,"11/17/97 00:00:00","01/01/16 00:00:00",400,4000,"D17c",10,,"C","02/10/15 14:13:00","09/10/18 09:20:00","10/25/05 15:30:00",,,"D17c",0,
16087,133,"11/08/15 00:00:00","01/01/18 00:00:00",450,3700,"D39",11,"La CT ne prend pas en compte les debits transitant par le canal et la dérivation appelé le Moulin.  Pour info, en crue le barrage est couché à partir de  80 m3/s","C",,"09/11/18 17:04:00",,,,"D39",0,
16100,7,"12/31/01 00:00:00","01/01/10 12:11:00",600,5500,"D27b",17,,"C","10/16/06 11:47:00","10/02/18 11:33:00","10/16/06 11:47:00",,,"D27b",0,
16117,137,"03/02/07 00:00:00","01/05/15 00:00:00",450,4000,"D31e-hbe",13,"La courbe de tarage ne prend pas en compte le débit de la résurgence l'Abreuvoir en étiage","C",,,,,,,,
16131,138,"01/01/88 00:00:00","09/24/01 00:00:00",2550,5400,"D10a.tqe",4,"CT tronquée car sous influence barrage aval.
Barrage à aiguilles couché à 480 m3/s débit à Chooz.","C",,"11/13/18 15:19:00","07/31/08 14:00:00",,,,0,
16135,267,"06/11/16 00:00:00","03/16/18 00:00:00",230,3000,"D7a",29,"Bas de courbe modifié suite jaugeages d'étiage été 2017
","C","08/07/17 11:00:00","11/16/18 09:31:00",,,,"D7a",0,
16138,142,"05/25/16 00:00:00","04/09/18 00:00:00",-2400,4000,"D03-hbe",23,"nouvelle courbe tenant compte du jaugeage de basses eaux. Extrapolation haute revue compte tenu du jaugeage du 01, 03 et 04/06/2016 avec présence de végétation.","C","03/16/18 07:54:00","11/16/18 13:43:00","03/12/07 16:15:00",,,"D03-hbe",0,
16146,125,"11/03/13 00:00:00","01/04/16 00:00:00",500,3000,"D30a",9,"Station sous influence d'un seuil instable","C","03/06/15 09:56:00","11/23/18 16:08:00","11/26/14 09:00:00",,,"D30a",0,
16167,39,"01/08/15 00:00:00","01/01/50 00:00:00",250,4000,"D18c",10,"CT modifiée suite jaugeages ADCP 2017/2018.
Les jaugeages en ""douteux"" ont été efféctués au pt Patton dans St Mihiel .","C","02/06/18 17:28:00","12/03/18 17:50:00","05/06/14 16:00:00",,,"D18c",0,
16189,138,"09/24/01 00:00:00","01/01/50 00:00:00",4600,5600,"D11a",3,"L'extrapolation haute a été établie avec la CT modélisation EPAMA. Selon NNE, le barrage est couché à partir de 600m3/s débit de chooz.","C",,"12/04/18 17:04:00",,,,,0,
16190,139,"08/28/04 00:00:00","01/01/50 00:00:00",2600,7500,"D12e",13,"Ajustement CT suite jaugeages étiage 2017
","C",,"12/04/18 17:05:00","07/19/17 11:00:00",,,"D12e",0,
16191,216,"01/01/01 00:00:00","12/31/04 00:00:00",135,650,"2004",4,,"T",,"12/05/18 15:08:00","05/26/04 12:27:00",,,,0,
16200,61,"09/23/05 11:40:00","01/01/50 00:00:00",400,3070,"D45d-hbe",16,"station influencée par la végétation.","C","03/08/12 11:09:00","12/10/18 08:54:00","05/18/11 09:25:00",,,"D45d-hbe",0,
16201,191,"09/01/16 00:01:00","01/01/50 00:00:00",120,1100,"D15c",16,"nouvelle CTsuite au jaugeage de crue de janvier 2018. Ajustement en partie haute pour tenir compte des plus hauts jaugeages et de la topographie du lit qui ne justifie pas un changement de pente de la CT à 70/90 cm à l'échelle.
","C","03/20/18 17:10:00","12/10/18 08:55:00","03/20/18 17:15:00",,,"D15c",0,
16202,174,"05/01/18 00:00:00","01/01/50 00:00:00",195,820,"D2",6,"modification suite orages avril mai 2018","T",,"12/10/18 08:55:00",,,,"D2",0,
16215,58,"01/01/11 00:01:00","01/01/50 00:00:00",550,4500,"D22d-hbe",22,"Ajustement moyennes eaux sur jaugeages 2016/2017
modification suite aux 
crues 01/2018","C",,"12/12/18 15:38:00",,,,"D22d-hbe",0,
16217,131,"07/01/16 00:00:00","01/01/50 00:00:00",320,2900,"d07-hbe",20,"Mise à jour de la partie basse et haute de la CT après la crue de juin 2016","C","12/16/16 07:39:00","12/12/18 15:39:00","06/08/10 11:11:00",,,"d07-hbe",0,
16233,15,"06/27/16 00:00:00","01/01/50 00:00:00",-170,2450,"D22",33,"Partie basse de la CT revue suite détarrage entre les jaugeages du 1/06/2016 et du 7/09/2016 (tous les jaugeages postérieurs au 7/09/2016 sous la D21a
).
","C","11/23/17 13:43:00","12/14/18 09:16:00","11/23/17 13:43:00",,,"D22",0,
16239,112,"02/01/11 00:01:00","01/01/14 00:00:00",-400,2600,"D06d-hbe",14," NB: Jaugeage du 23/110/2013: Herbe


","C","01/25/18 17:30:00","01/10/19 13:38:00","01/25/18 00:00:00",,,"D06d-hbe",0,
16242,148,"01/01/14 00:00:00","03/01/17 00:00:00",-1200,4500,"D08b-hbe",12,,"C",,"01/10/19 14:03:00","04/17/14 10:30:00",,,"D08b-hbe",0,
16244,59,"12/27/07 00:00:00","01/13/18 00:00:00",200,3300,"D23c-hbe",13,"modifié suite aux crues de janvier 2018","C","12/12/18 15:30:00","01/11/19 15:05:00","05/16/11 09:35:00",,,"D23c-hbe",0,
16246,174,"05/01/18 00:00:00","01/01/50 00:00:00",195,1200,"D2a",6,"modification suite orages avril mai 2018","T",,"01/17/19 13:29:00",,,,"D2a",0,
17587,150,"01/01/14 00:00:00","01/01/50 00:00:00",100,6000,"D04d",17,"Ajustement partie haute suite jaugeage du 7
 janvier 2018+hauteurs intermédiaires entre 150 et 350 cm
Modelisation Mascaret apres 500cm 

","C","01/25/18 17:19:00","08/31/22 16:28:00","01/25/18 00:00:00",,,"D04e",0,
16247,35,"10/13/06 16:36:00","01/01/50 00:00:00",230,4650,"D16c",21,"Revue en partie basse octobre2018

","C","10/08/10 10:06:00","01/17/19 14:56:00","10/07/10 11:19:00",,,"D16c",0,
16254,14,"01/05/18 00:00:00","01/01/50 00:00:00",-300,3250,"d27-hbe",23,,"C","01/24/19 15:52:00","01/24/19 15:53:00","10/08/09 10:30:00",,,"27hbe",0,
16256,147,"09/07/93 00:00:00","10/01/06 00:00:00",-150,4190,"D02",23,,"C",,"01/25/19 10:28:00",,,,"D02",0,
16258,43,"01/01/06 03:31:00","01/01/50 00:00:00",-450,5250,"D16c",17,"mise à jour de la partie haute suite au jaugeage de janvier 2018","C",,"01/25/19 10:40:00",,,,"D16c",0,
16259,31,"02/01/12 00:00:00","01/01/50 00:00:00",250,6660,"d19b",17,,"C","01/25/19 11:11:00","01/25/19 11:15:00","02/28/05 12:16:00",,,"19b",0,
16269,202,"01/01/08 00:00:00","01/01/10 00:00:00",850,2200,"D23b-tqe",5,"CT tronquée car pas de jaugeage pour cette période.","C","03/21/16 15:59:00","02/08/19 12:27:00","11/16/11 11:30:00",800,,,0,
16276,142,"04/09/18 00:00:00","01/01/50 00:00:00",-2400,4000,"D04-hbe",24,"modification suite aux crues du premier trimestre 2018","C","10/28/08 15:17:00","02/08/19 15:22:00","03/12/07 16:15:00",,,"D04-hbe",0,
16279,37,"12/12/07 07:12:00","01/01/50 00:00:00",130,4000,"D24-hbe",19,,"C","05/11/09 16:17:00","02/12/19 08:33:00","05/11/09 16:17:00",,,"D24-hbe",0,
16295,318,"01/26/18 00:00:00","01/01/50 00:00:00",200,3000,"d02b",14,,"C","02/14/19 15:52:00","02/14/19 16:07:00","07/26/18 14:19:00",,,"2b",0,
16298,25,"11/22/17 00:00:00","01/01/50 01:00:00",110,3900,"0",12,,"C","09/04/09 15:45:00","02/19/19 16:29:00","05/11/09 13:46:00",,,,1,
16313,81,"01/01/05 00:00:00","01/01/17 00:00:00",35,2100,"D01a-hbe",22,"Partie haute revue à la baisse suite aux jaugeages du 31/05/2016","C","05/03/11 14:11:00","03/08/19 09:57:00",,,,"D01a-hbe",0,
16477,13,"11/02/98 00:00:00","02/14/05 00:00:00",800,4000,"D32",8,,"C",,"04/30/14 14:00:00","04/30/14 14:00:00",,,,,
16478,13,"02/15/97 00:00:00","11/02/98 00:00:00",800,4000,"D31",6,,"C",,"04/30/14 14:00:00","04/30/14 14:00:00",,,,,
16479,13,"02/01/95 00:00:00","02/15/97 00:00:00",800,4000,"D30",6,,"C",,"04/30/14 14:01:00","04/30/14 14:00:00",,,,,
16480,13,"03/14/92 00:00:00","02/01/95 00:00:00",800,4000,"D29",5,,"C",,"04/30/14 14:01:00","04/30/14 14:00:00",,,,,
16481,13,"01/27/88 00:00:00","03/14/92 00:00:00",800,4000,"D28",6,,"C",,"04/30/14 14:02:00","04/30/14 14:00:00",,,,,
16482,13,"01/14/86 00:00:00","01/27/88 00:00:00",800,4000,"D27",7,,"C",,"04/30/14 14:02:00","04/30/14 14:00:00",,,,,
16483,13,"05/21/85 00:00:00","01/14/86 00:00:00",800,4000,"D26",5,,"C",,"04/30/14 14:02:00","04/30/14 14:00:00",,,,,
16484,13,"02/09/85 00:00:00","05/21/85 00:00:00",1450,1500,"D25",5,,"C",,"04/30/14 14:03:00","04/30/14 14:00:00",,,,,
16485,13,"10/16/81 00:00:00","02/09/85 00:00:00",1100,3900,"D24",7,,"C",,"04/30/14 14:03:00","04/30/14 14:00:00",,,,,
16486,13,"01/01/78 00:00:00","10/16/81 00:00:00",1100,3900,"D23",8,,"C",,"04/30/14 14:04:00","04/30/14 14:00:00",,,,,
16487,13,"09/01/75 00:00:00","01/01/78 00:00:00",1100,3900,"D22",6,,"C",,"04/30/14 14:04:00","04/30/14 14:00:00",,,,,
16488,13,"01/01/73 00:00:00","09/01/75 00:00:00",1100,3900,"D21",7,,"C",,"04/30/14 14:05:00","04/30/14 14:00:00",,,,,
16489,13,"10/11/14 00:00:00","02/02/18 00:00:00",800,4000,"D35c",7,"

","C","07/05/18 08:13:00","07/05/18 08:13:00","04/30/14 14:00:00",,,"D35c",0,
16490,13,"02/14/05 00:00:00","01/08/11 00:00:00",800,4000,"D33b",8,"

","C","07/05/18 08:13:00","07/05/18 08:13:00","04/30/14 14:00:00",,,"D33b",0,
16491,13,"01/08/11 00:00:00","10/11/14 00:00:00",800,4000,"D34c",7,"

","C","07/05/18 08:13:00","07/05/18 08:33:00","04/30/14 14:00:00",,,"D34c",0,
16493,13,"10/11/14 00:00:00","02/02/18 00:00:00",800,4000,"A D35c",8,"

","C","07/05/18 08:13:00","03/22/19 17:15:00","04/30/14 14:00:00",,,"D35c",1,
16494,13,"01/08/11 00:00:00","10/11/14 00:00:00",800,4000,"A D34c",8,"

","C","07/05/18 08:13:00","03/22/19 17:16:00","04/30/14 14:00:00",,,"D34c",1,
16495,13,"10/16/81 00:00:00","02/09/85 00:00:00",1100,3900,"A D24",6,,"C",,"03/22/19 17:26:00","04/30/14 14:00:00",,,,1,
16496,13,"01/01/78 00:00:00","10/16/81 00:00:00",1100,3900,"A D23",7,,"C",,"03/22/19 17:28:00","04/30/14 14:00:00",,,,1,
16497,13,"01/01/73 00:00:00","09/01/75 00:00:00",1100,3900,"A D21",6,,"C",,"03/22/19 17:32:00","04/30/14 14:00:00",,,,1,
16498,13,"09/01/75 00:00:00","01/01/78 00:00:00",1100,3900,"A D22",5,,"C",,"03/22/19 17:34:00","04/30/14 14:00:00",,,,1,
16500,13,"11/02/98 00:00:00","02/14/05 00:00:00",800,4000,"A D32",8,,"C",,"03/22/19 17:41:00","04/30/14 14:00:00",,,,1,
16501,13,"02/01/95 00:00:00","02/15/97 00:00:00",800,4000,"A D30",6,,"C",,"03/22/19 17:42:00","04/30/14 14:00:00",,,,1,
16502,13,"01/14/86 00:00:00","01/27/88 00:00:00",800,4000,"A D27",7,,"C",,"03/22/19 17:44:00","04/30/14 14:00:00",,,,1,
16503,13,"05/21/85 00:00:00","01/14/86 00:00:00",800,4000,"A D26",5,,"C",,"03/22/19 17:45:00","04/30/14 14:00:00",,,,1,
16504,13,"02/14/05 00:00:00","01/08/11 00:00:00",800,4000,"A D33b",8,"

","C","07/05/18 08:13:00","03/22/19 17:46:00","04/30/14 14:00:00",,,"D33b",1,
16505,13,"03/14/92 00:00:00","02/01/95 00:00:00",800,4000,"A D29",5,,"C",,"03/22/19 17:46:00","04/30/14 14:00:00",,,,1,
16506,13,"01/27/88 00:00:00","03/14/92 00:00:00",800,4000,"A D28",6,,"C",,"03/22/19 17:46:00","04/30/14 14:00:00",,,,1,
16507,13,"02/15/97 00:00:00","11/02/98 00:00:00",800,4000,"A D31",6,,"C",,"03/22/19 17:46:00","04/30/14 14:00:00",,,,1,
16508,91,"01/01/69 00:00:00","01/01/70 00:00:00",680,2220,"C14712",16,,"C",,,,,,,,
16509,91,"01/01/70 00:00:00","06/30/70 00:00:00",590,2220,"C14713",18,,"C",,,,,,,,
16510,91,"01/01/71 00:00:00","05/15/71 00:00:00",500,2650,"C14716",22,,"C",,,,,,,,
16511,91,"05/15/71 00:00:00","01/01/72 00:00:00",490,1250,"C14717",17,,"C",,,,,,,,
16512,91,"06/15/72 00:00:00","09/01/72 00:00:00",490,1700,"C14720",16,,"C",,,,,,,,
16513,91,"07/01/73 00:00:00","10/01/73 00:00:00",440,1700,"C14725",17,,"C",,,,,,,,
16514,91,"10/01/73 00:00:00","11/01/73 00:00:00",420,2650,"C14726",24,,"C",,,,,,,,
16515,91,"01/01/74 00:00:00","05/15/74 00:00:00",580,2250,"C14728",29,,"C",,,,,,,,
16516,91,"07/01/74 00:00:00","10/15/74 00:00:00",480,1300,"C14730",26,,"C",,,,,,,,
16517,91,"01/01/75 00:00:00","04/30/75 00:00:00",630,2120,"C14732",29,,"C",,,,,,,,
16518,91,"07/01/76 00:00:00","08/16/76 00:00:00",440,870,"C14737",12,,"C",,,,,,,,
16519,91,"08/16/76 00:00:00","01/01/77 00:00:00",410,2120,"C14738",34,,"C",,,,,,,,
16520,91,"01/01/77 00:00:00","06/02/77 00:00:00",410,2250,"C14739",25,,"C",,,,,,,,
16521,91,"06/02/77 00:00:00","10/16/77 00:00:00",440,960,"C14740",21,,"C",,,,,,,,
16522,91,"10/16/77 00:00:00","01/01/78 00:00:00",410,2250,"C14741",25,,"C",,,,,,,,
16523,91,"01/01/78 00:00:00","01/01/80 00:00:00",600,2250,"C14742",22,,"C",,,,,,,,
16524,91,"01/01/80 00:00:00","01/01/82 00:00:00",640,2250,"C14743",23,,"C",,,,,,,,
16525,91,"01/01/82 00:00:00","01/01/83 00:00:00",500,2250,"C14744",25,,"C",,,,,,,,
16526,91,"12/19/86 00:00:00","01/13/93 00:00:00",200,3000,"D43-hbe",12,"CT déclarée herbe car sous influence d'un barrage en pierres créé par des otochtones + végétations","C",,"04/25/14 11:46:00","02/27/08 14:00:00",,,,,
16527,91,"01/01/02 00:00:00","07/06/07 00:00:00",200,3000,"D51e-hbe",11,"CT déclarée herbe car sous influence d'un barrage en pierres créé par des otochtones + végétations","C","04/25/14 10:30:00","04/25/14 11:47:00","06/09/05 15:00:00",,,,,
16528,91,"07/06/07 00:00:00","03/08/12 00:00:00",200,3000,"D52b-hbe",11,"CT déclarée herbe car sous influence d'un barrage en pierres créé par des otochtones + végétations","C","04/25/14 10:31:00","04/25/14 11:47:00","08/03/11 14:00:00",,,,,
16541,91,"06/30/70 00:00:00","09/15/70 00:00:00",610,1200,"C14714",8,,"C",,,,,,,,
16542,91,"09/15/70 00:00:00","01/01/71 00:00:00",590,2220,"C14715",18,,"C",,,,,,,,
16543,91,"01/01/72 00:00:00","05/01/72 00:00:00",500,2650,"C14718",23,,"C",,,,,,,,
16544,91,"05/01/72 00:00:00","06/15/72 00:00:00",540,1800,"C14719",26,,"C",,,,,,,,
16545,91,"09/01/72 00:00:00","10/01/72 00:00:00",540,1800,"C14721",26,,"C",,,,,,,,
16546,91,"10/01/72 00:00:00","01/01/73 00:00:00",500,2650,"C14722",23,,"C",,,,,,,,
16547,91,"01/01/73 00:00:00","05/15/73 00:00:00",460,2650,"C14723",23,,"C",,,,,,,,
16548,91,"05/15/73 00:00:00","07/01/73 00:00:00",420,2650,"C14724",24,,"C",,,,,,,,
16549,91,"11/01/73 00:00:00","01/01/74 00:00:00",460,2650,"C14727",23,,"C",,,,,,,,
16550,91,"05/15/74 00:00:00","07/01/74 00:00:00",500,2250,"C14729",42,,"C",,,,,,,,
16551,91,"10/15/74 00:00:00","01/01/75 00:00:00",500,2250,"C14731",42,,"C",,,,,,,,
16552,91,"04/30/75 00:00:00","06/15/75 00:00:00",520,1650,"C14733",17,,"C",,,,,,,,
16553,91,"06/15/75 00:00:00","10/15/75 00:00:00",460,870,"C14734",22,,"C",,,,,,,,
16554,91,"10/15/75 00:00:00","01/01/76 00:00:00",520,1650,"C14735",17,,"C",,,,,,,,
16555,91,"01/01/76 00:00:00","07/01/76 00:00:00",410,2120,"C14736",34,,"C",,,,,,,,
16556,91,"01/01/83 00:00:00","01/01/84 00:00:00",500,2250,"C14745",26,,"C",,,,,,,,
16557,91,"01/01/84 00:00:00","01/01/86 00:00:00",640,2250,"C14746",26,,"C",,,,,,,,
16558,91,"01/01/86 00:00:00","12/19/86 00:00:00",200,3000,"D42",13,"CT déclaréé herbe car sous influence d'un barrage en pierres créé par des otochtones + végétations","C",,,,,,,,
16559,91,"01/13/93 00:00:00","12/24/93 00:00:00",200,3000,"D44-hbe",10,"CT déclaréé herbe car sous influence d'un barrage en pierres créé par des otochtones + végétations","C",,,,,,,,
16560,91,"12/24/93 00:00:00","01/21/98 00:00:00",200,3000,"D45-hbe",10,"CT déclaréé herbe car sous influence d'un barrage en pierres créé par des otochtones + végétations","C",,,,,,,,
16561,91,"01/21/98 00:00:00","01/01/02 00:00:00",200,3000,"D46-hbe",9,"CT déclaréé herbe car sous influence d'un barrage en pierres créé par des otochtones + végétations","C",,,,,,,,
16562,91,"03/08/12 00:00:00","01/01/15 00:00:00",200,3000,"D53f-hbe",11,"CT déclarée herbe car sous influence d'un barrage en pierres créé par des otochtones + végétations","C",,,,,,,,
16656,66,"12/03/15 00:00:00","01/01/50 00:00:00",-50,3210,"d47hbe",19,,"C","03/27/19 17:17:00","03/27/19 17:24:00","07/26/18 14:59:00",,,"lv47",0,
16674,84,"11/20/15 00:00:00","02/01/18 00:00:00",-300,2500,"d14a-hbe",17,"modification suite aux crue de janvier 2018","C","03/10/17 09:21:00","04/09/19 08:13:00","07/21/08 14:34:00",,,"d14a-hbe",0,
16675,84,"11/20/15 00:00:00","02/01/18 00:00:00",-300,2500,"d14b-hbe",17,"modification suite aux crue de janvier 2018","C","03/10/17 09:21:00","04/09/19 08:14:00","07/21/08 14:34:00",,,"d14b-hbe",0,
16682,133,"01/01/18 00:00:00","01/01/19 00:00:00",450,3700,"D40a",11,"CT provisoire en attende de nouveaux jaugeages etiage.","C",,"04/24/19 16:18:00",,,,"D40a",0,
16684,56,"07/01/16 00:00:00","04/01/18 00:00:00",500,3100,"D19-hbe",10,"Courbe à herbes pour crues hivernales
","C","11/14/12 07:11:00","04/25/19 08:31:00","03/08/04 12:02:00",,,"D19-hbe",0,
16688,76,"11/01/11 00:00:00","01/01/50 00:00:00",150,1700,"dx",23,,"C","11/26/15 14:28:00","04/30/19 17:16:00","07/21/09 00:00:00",,,,1,
16706,314,"01/01/14 00:00:00","04/01/17 02:00:00",1000,6900,"d01b",19,"borne haute de validité portée de 330 à 420 cm suite au Jaugeage du 10/02/2016. ajustement partie haute avec jaugeage du 05/01/2018


","C","05/16/19 15:27:00","05/16/19 15:30:00","02/27/18 11:09:00",,,"D01b",0,
16707,314,"04/01/17 02:00:00","02/01/18 12:00:00",1000,6900,"d02a",19,"Ajustement en partie haute.

","C","05/16/19 15:00:00","05/16/19 15:30:00","01/25/18 11:06:00",,,"d02a",0,
16709,42,"02/02/18 00:00:00","01/01/50 00:00:00",1540,4800,"d37a-trq",18,"CT tronquée en étiage car capteur ensablé en dessous de 154 cm (en juillet 2017). 
Ajustement partie basse sur jaugeages après crues de janvier 2018 (modification du lit suite crues multiples.



","C","07/13/18 16:06:00","05/16/19 16:45:00","07/06/18 15:00:00",1540,5670,"d37a-trq",0,
16711,91,"01/01/93 00:00:00","01/21/98 00:00:00",200,3000,"AD45-hbe",9,"CT déclarée herbe car sous influence d'un barrage en pierres créé par des otochtones + végétations","C",,"05/17/19 12:32:00","02/27/08 14:00:00",,,,1,
16712,91,"03/08/07 00:00:00","01/01/15 00:00:00",200,3000,"AD53f-hbe",10,"CT déclarée herbe car sous influence d'un barrage en pierres créé par des otochtones + végétations","C","06/05/15 10:52:00","05/17/19 12:47:00","04/20/12 13:30:00",,,,1,
16713,91,"01/21/98 00:00:00","03/08/07 00:00:00",200,3000,"AD51e-hbe",10,"CT déclarée herbe car sous influence d'un barrage en pierres créé par des otochtones + végétations","C","04/25/14 10:30:00","05/17/19 12:48:00","06/09/05 15:00:00",,,,1,
16714,91,"12/19/86 00:00:00","01/01/93 00:00:00",200,3000,"AD43-hbe",9,"CT déclarée herbe car sous influence d'un barrage en pierres créé par des otochtones + végétations","C",,"05/17/19 12:50:00","02/27/08 14:00:00",,,,1,
16715,91,"01/01/86 00:00:00","12/19/86 00:00:00",200,3000,"AD42",11,"CT déclarée herbe car sous influence d'un barrage en pierres créé par des otochtones + végétations","C",,"05/17/19 12:51:00","04/25/14 10:30:00",,,,1,
16716,91,"01/01/80 00:00:00","01/01/86 00:00:00",400,3000,"AD41-hbe",12,,"C",,"05/17/19 12:52:00",,,,,1,
16717,91,"01/01/77 00:00:00","01/01/80 00:00:00",500,3000,"AD40-hbe",11,,"C",,"05/17/19 12:52:00",,,,,1,
16718,91,"01/01/76 00:00:00","01/01/77 00:00:00",400,3000,"AD39-hbe",12,,"C",,"05/17/19 12:53:00",,,,,1,
16719,91,"01/01/75 00:00:00","01/01/76 00:00:00",500,3000,"AD38-hbe",10,,"C",,"05/17/19 12:55:00","02/27/08 14:00:00",,,,1,
16720,91,"01/01/72 00:00:00","01/01/75 00:00:00",400,3000,"AD37-hbe",10,,"C",,"05/17/19 12:56:00",,,,,1,
16721,91,"01/01/69 00:00:00","01/01/72 00:00:00",400,3000,"AD36-hbe",11,"
","C",,"05/17/19 12:57:00",,,,,1,
16724,146,"10/01/07 00:00:00","01/01/50 00:00:00",100,3800,"D13b-hbe",8,"Prolongation de la CT en  basses eaux.
L'extrapolation haute a été établie avec la CTmodélisation BCEOM (MOISE)","C","05/24/19 16:49:00","05/24/19 16:55:00","11/15/11 13:30:00",,,,0,
16735,91,"01/01/08 00:00:00","01/01/50 00:00:00",250,3000," AD54d-hbe",12,,"C",,"07/04/19 10:13:00",,,,,0,
16750,147,"01/01/19 00:00:00","01/01/50 00:00:00",-200,4190,"D04a",18,"haut de courbe modélisée par le CEREMA","C","08/23/19 09:30:00","08/23/19 09:30:00",,,,"D04a",0,
16751,147,"04/19/16 00:00:00","01/01/50 00:00:00",-200,4190,"D04",28,"haut de courbe modélisée par le CEREMA","C",,"08/23/19 10:00:00",,,,"D04",0,
16752,147,"10/01/06 00:00:00","01/01/19 00:00:00",-200,4190,"D03b",22,"haut de courbe modélisée par le CEREMA







","C",,"08/23/19 10:02:00",,,,"D03b",0,
16763,154,"01/20/19 00:00:00","01/01/50 00:00:00",880,3300,"d29",20,,"C","09/04/19 15:33:00","09/04/19 15:35:00","12/14/09 10:15:00",,,"d29",0,
16766,156,"01/22/07 00:00:00","01/01/50 00:00:00",470,4800,"D12a",12," CT avant évaporation par la centrale EDF.","C","08/21/19 15:25:00","09/06/19 11:15:00","08/26/09 10:00:00",,,"D12a",0,
16771,260,"07/01/16 00:00:00","03/18/19 00:00:00",-70,2000,"d02b",4,"Modification partie haute de la courbe suite jeugeage de janvier 2018","T",,"09/13/19 15:35:00","05/04/07 12:19:00",,,"d02b",0,
16773,312,"01/01/13 00:00:00","01/01/50 00:00:00",3400,7600,"D1b-tqe",17,"Courbe crée le 25/11/2015 à partir de la modélisation par CARIMA transmise par le CEREMA et adaptée en partie basse de la zone de validité à  partir des jaugeages. Inflexion au niveau de la zone de débordement du chenal navigable à voir lors de crues avec débordement. Courbe applicable à partir de h=340cm. Seuil à revoir (à la baisse) en fonction des jaugeages à venir dans la gamme 300/400 cm. 
Débordement en lit majeur à env 500 cm à l'échelle. 
Niveau normal d'exploitation: 315 cm env (échelle)
Info VNF: Zplan d'eau à 169,94 en IGN69 pour Q<150m3/s (et égal à 169,53 IGN69 pour Q=700 m3/s). Barrage complétement effacé (clapets + segments) à 2700 m3/s.
Abaissement du barrage aval inconnu (400cm?). Ajustement jaugeages de crue du 06 et 07/01/2018



","C",,"09/16/19 14:21:00","01/09/18 15:55:00",3400,8000,"D1b-tqe",0,
16783,319,"10/01/15 00:00:00","07/01/19 00:00:00",400,5100,"d01b-hbe",14,,"T","08/08/19 11:43:00","10/09/19 14:29:00","12/03/15 16:49:00",,,"d01b-hbe",0,
16785,165,"01/01/10 00:00:00","09/17/19 00:00:00",0,1800,"D01b",26,"CT modifiée suite aux jaugeages du 31/05/2016 et du 02/06/2016.
station en travaux 09/19","C","05/24/11 14:06:00","10/25/19 08:22:00","05/24/11 14:00:00",,,"D01b",0,
16788,260,"03/18/19 00:00:00","01/01/50 00:00:00",600,2000,"d04",4,"détarage apres la crue de mars 2019","T",,"10/25/19 08:38:00","05/04/07 12:19:00",,,"d04",1,
16813,129,"10/01/10 00:00:00","12/01/18 00:00:00",-1400,1550,"d06b-hbe",16,"Courbe de crue hivernale
","C","02/05/09 11:35:00","12/11/19 10:39:00","02/05/12 11:35:00",,,"d06b-hbe",0,
16818,202,"11/05/14 00:00:00","01/01/18 00:00:00",300,2200,"D25b",8,"Le seuil de contrôle situé 15 m à l'aval des échelles est instable soit par l'érosion des berges suite aux crues soit par le rajout de pierres par les autocthones. ","C","02/08/19 13:21:00","12/13/19 17:06:00","03/21/16 16:00:00",,,,0,
16819,202,"01/01/10 00:00:00","11/05/14 00:00:00",300,2200,"D24f",10,,"C","02/08/19 13:21:00","12/13/19 17:07:00","04/28/09 10:00:00",,,,0,
16821,260,"03/18/19 00:00:00","01/01/50 00:00:00",550,2000,"d03-trq",4,"détarage apres la crue de mars 2019","T",,"12/19/19 09:05:00","05/04/07 12:19:00",,,"d03-trq",0,
16845,5,"01/01/16 00:00:00","01/01/50 00:00:00",400,4000,"D18",10,"CT provisoire en attente jaugeage etiage","C",,"02/08/20 14:56:00","09/10/18 09:00:00",,,"D18",0,
16851,184,"01/01/08 00:00:00","01/01/50 00:00:00",150,2000,"D11-tqe",9,"CT tronquée en basses eaux car la station est non univoque par le barrage ","C",,"02/08/20 15:00:00","02/18/11 17:00:00",700,2100,,0,
16852,125,"01/04/16 00:00:00","01/01/50 00:00:00",500,3000,"D31b",7,"Station sous influence d'un seuil instable.","C","11/23/18 16:03:00","02/08/20 15:03:00","01/18/17 12:00:00",,,"D31b",0,
16853,26,"03/01/95 00:00:00","01/01/50 00:00:00",1000,4000,"D18-tqe",4,"La D18 est valable  uniquement entre 0.95 m et 4.00 m car au delà de ces extrémités la station n'est plus univoque car influencée en étiage par le barrage aval et les éclusées et en crue court-circuitée en partie par la dérivation.","C",,"02/08/20 15:03:00","11/03/03 00:00:00",,,,0,
16865,155,"01/01/06 00:00:00","01/01/50 00:00:00",1500,4500,"D10c-tqe",7,"La CT tient compte de la dérivation micro centrale. 
L'extrapolation haute a été établie avec la CT 
modélisation BCEOM.","C","01/11/18 14:17:00","02/13/20 16:49:00","03/24/06 14:30:00",1000,,"D10c-tqe",0,
16867,301,"01/01/12 00:00:00","12/31/50 00:00:00",30,3000,"d02a-hbe",21,,"C","09/19/13 10:25:00","02/14/20 13:33:00","07/28/09 10:21:00",,,"d02a-hbe",0,
16869,301,"01/01/12 00:00:00","12/31/50 00:00:00",30,3000,"d02b-hbe",21,,"C","09/19/13 10:25:00","02/27/20 10:28:00","07/28/09 10:21:00",,,"d02b-hbe",0,
16870,24,"01/01/19 00:00:00","01/01/50 00:00:00",250,1750,"d",20,,"C","09/04/09 15:15:00","02/27/20 15:43:00","07/03/06 17:23:00",,,,1,
16874,106,"01/01/07 00:00:00","01/01/50 00:00:00",2110,4000,"d00",12,,"C","09/07/09 09:49:00","03/04/20 16:23:00","06/30/09 00:00:00",,,,0,
16878,174,"05/01/18 00:00:00","01/01/50 00:00:00",195,1200,"D2b",2,"modification suite orages avril mai 2018","T",,"03/11/20 09:17:00",,,,"D2b",0,
16879,63,"01/01/08 00:00:00","01/01/50 00:00:00",290,1800,"D23c",23,,"C","06/12/06 16:32:00","03/13/20 09:03:00","11/19/03 10:20:00",,,"D23c",0,
16891,144,"02/01/04 00:00:00","01/01/18 00:00:00",300,4300,"D18f-hbe",11,,"C","04/07/20 16:30:00","04/08/20 07:17:00","12/12/12 14:00:00",,,,0,
16892,144,"01/01/89 00:00:00","02/01/04 00:00:00",850,4300,"D17c-tqe",9,"Station tronquée car pas de jaugeage d'étiage","C","04/07/20 15:30:00","04/08/20 07:18:00","12/12/12 14:00:00",,,,0,
16893,152,"01/08/18 00:00:00","01/01/50 00:00:00",2300,3600,"D11-tqe",5,"CT à utiliser uniquement  avec barrage couché","C",,"04/08/20 07:19:00","04/07/20 15:30:00",,,,0,
16894,152,"01/01/93 00:00:00","01/08/18 00:00:00",2300,3600,"D10c-tqe",5,"CT à utiliser uniquement  avec barrage couché.","C","04/07/20 15:30:00","04/08/20 07:20:00","01/12/04 15:44:00",,,,0,
16903,33,"01/01/66 00:00:00","01/01/69 00:00:00",650,3000,"D29a",9,,"C","04/09/20 23:39:00","04/15/20 09:01:00","03/27/08 10:00:00",,,"D29a",0,
16906,33,"01/04/99 00:00:00","03/10/06 00:00:00",650,3000,"D35c-hbe",8,,"C","04/10/20 09:09:00","04/15/20 09:03:00","05/25/11 15:30:00",,,"D35c-hbe",0,
16907,33,"01/10/91 00:00:00","01/04/99 00:00:00",650,3000,"D34b-hbe",8,,"C","04/10/20 09:09:00","04/15/20 09:04:00","05/25/11 15:30:00",,,"D34b-hbe",0,
16908,33,"02/26/78 00:00:00","01/10/91 00:00:00",650,3000,"D33a",8,,"C","04/09/20 23:38:00","04/15/20 09:04:00","03/28/08 10:00:00",,,"D33a",0,
16909,33,"01/01/74 00:00:00","02/26/78 00:00:00",650,3000,"D32a",7,"
","C","04/09/20 23:38:00","04/15/20 09:05:00","03/28/08 10:00:00",,,"D32a",0,
16910,33,"05/01/70 00:00:00","01/01/74 00:00:00",650,3000,"D31a-hbe",9,,"C","04/09/20 23:38:00","04/15/20 09:05:00","03/27/08 10:00:00",,,"D31a-hbe",0,
16911,33,"01/01/69 00:00:00","05/01/70 00:00:00",1000,3000,"D30a",7,,"C","04/09/20 23:39:00","04/15/20 09:05:00","03/27/08 10:00:00",,,"D30a",0,
16912,27,"03/08/89 00:00:00","06/14/89 00:00:00",50,1150,"D30a",7,"CT de liason entre la CT 29 et 31 suite au curage du lit","C","04/09/20 13:08:00","04/15/20 15:14:00","12/21/07 09:00:00",,,"D30a",0,
16913,27,"01/04/98 00:00:00","01/05/18 00:00:00",-30,2600,"D32g",7,,"C","04/09/20 15:39:00","04/15/20 14:51:00","02/21/08 13:00:00",,,"D32g",0,
16914,27,"01/01/68 00:00:00","12/01/76 00:00:00",50,2600,"D27a",16,,"C","04/09/20 15:44:00","04/14/20 10:15:00","12/21/07 12:00:00",,,"D27a",0,
16915,27,"12/01/76 00:00:00","03/24/78 00:00:00",100,2600,"D28a",12,,"C","04/09/20 13:08:00","04/14/20 10:18:00","02/21/08 18:00:00",,,"D28a",0,
16917,27,"03/24/78 00:00:00","03/08/89 00:00:00",0,2600,"D29a",9,,"C","04/09/20 15:40:00","04/15/20 15:12:00","12/21/07 09:00:00",,,"D29a",0,
16918,27,"06/14/89 00:00:00","01/04/98 00:00:00",-30,2600,"D31b",8,"Lit instable après curage du lit. Dispersion des jaugeages de 20%  par rapport à la CT jusque 15 cm.","C","04/09/20 13:08:00","04/15/20 15:19:00","12/21/07 09:00:00",,,"D31b",0,
16923,32,"01/01/92 00:00:00","01/01/99 00:00:00",1200,2600,"D25-tqe",8,"CT tronquée en basses eaux car sous influence d'un barrage en pierres créé par des otochtones + végétations.","C",,"04/20/20 15:45:00","04/20/20 15:00:00",1200,,"D25-tqe",0,
16924,32,"01/01/82 00:00:00","01/01/86 00:00:00",1200,2600,"D23-tqe",8,"CT tronquée en basses eaux car sous influence d'un barrage en pierres créé par des otochtones + végétations.","C",,"04/20/20 15:46:00","04/20/20 15:00:00",1200,,,0,
16925,32,"01/01/99 00:00:00","01/01/05 00:00:00",1200,2600,"D26-tqe",8,"CT tronquée en basses eaux car sous influence d'un barrage en pierres créé par des otochtones + végétations.
","C",,"04/20/20 13:57:00","04/20/20 15:00:00",1200,,"D26-tqe",0,
16926,32,"01/01/86 00:00:00","01/01/92 00:00:00",1200,2600,"D24-tqe",8,"CT tronquée en basses eaux car sous influence d'un barrage en pierres créé par des otochtones + végétations.
","C",,"04/20/20 13:59:00","05/20/20 15:00:00",1200,,"D24-tqe",0,
16927,32,"01/01/74 00:00:00","01/01/82 00:00:00",1200,2600,"D22-tqe",9,,"C",,"04/20/20 14:03:00","04/20/20 15:00:00",1200,,"D22-tqe",0,
16928,32,"01/01/66 00:00:00","01/01/74 00:00:00",1200,2600,"D21-tqe",9,,"C",,"04/20/20 14:04:00","04/20/20 15:00:00",1200,,"D21-tqe",0,
16929,32,"01/01/05 00:00:00","01/01/50 00:00:00",1200,2600,"D27-tqe",7,"CT tronquée en basses eaux car sous influence d'un barrage en pierres créé par des otochtones + végétations.Station plus jaugée en étiage depuis 2010.","C",,"04/20/20 15:59:00","04/20/20 15:00:00",1200,,,0,
16930,303,"01/01/10 00:00:00","01/01/50 00:00:00",1110,1600,"d01a-tqe",11,"Validitée prolongée au 01/01/2010 (initialement au 01/07/2010). Crues début 2010 et pas de raison de ne pas appliquer la CT avec les jaugeages ultérieuers. ","C","03/13/12 09:19:00","04/22/20 16:40:00","03/15/11 16:17:00",,,"d01a-tqe",0,
16931,15,"11/17/17 00:00:00","01/01/50 00:00:00",-230,2300,"d23",19,,"C","07/02/12 09:51:00","04/23/20 13:44:00","07/03/06 11:18:00",,,"d23",0,
16933,187,"09/21/17 11:00:00","01/01/50 00:00:00",220,2000,"d05",25,,"C","10/31/17 15:35:00","04/23/20 13:56:00","10/31/17 15:35:00",,,"d05",0,
16936,60,"01/01/12 00:00:00","01/01/18 00:00:00",240,3200,"D33b-hbe",15,,"C",,"05/14/20 09:38:00",,,,"D33b-hbe",0,
16938,56,"04/01/18 00:00:00","02/10/20 00:00:00",500,3100,"D20-hbe",10,"Courbe à herbes pour crues hivernales","C",,"05/14/20 09:56:00",,,,"D20-hbe",0,
16941,134,"01/03/15 00:00:00","01/01/20 00:00:00",200,3700,"D20c-hbe",14,,"C","10/19/18 00:00:00","05/18/20 21:14:00","03/16/16 00:00:00",,,,0,
16960,131,"07/01/16 00:00:00","01/01/19 00:00:00",320,2900,"d07a-hbe",18,"Mise à jour de la partie basse et haute de la CT après la crue de juin 2016","C","12/16/16 07:39:00","06/18/20 10:36:00","06/08/10 11:11:00",,,"d07a-hbe",0,
16963,186,"01/01/18 00:00:00","01/01/19 00:00:00",350,700,"d01",5,,"T","09/13/18 08:37:00","06/18/20 10:53:00",,,,"d01",0,
16969,138,"09/24/01 00:00:00","01/01/50 00:00:00",4600,5600,"A travD11b",4,"CT en travaux, car pb avec relation débimètre.
L'extrapolation haute a été établie avec la CT modélisation EPAMA.
Selon NNE, le barrage est couché à partir de 600m3/s débit de Chooz Graviat.","C","02/15/11 17:58:00","07/17/20 15:37:00","01/20/04 14:00:00",,,"D11b",0,
16970,137,"01/01/99 00:00:00","01/04/03 00:00:00",450,4000,"D29c-hbe",14,"La courbe de tarage ne prend pas en compte le débit de la résurgence l'Abreuvoir en étiage","C","02/03/15 13:47:00","07/17/20 16:07:00","04/28/14 14:00:00",,,"D29c-hbe",0,
16971,33,"03/10/06 00:00:00","01/04/15 00:00:00",650,3000,"D36c-hbe",8,,"C","04/14/20 12:38:00","07/17/20 16:40:00","05/25/11 15:30:00",,,"D36c-hbe",0,
16978,38,"08/01/11 00:01:00","03/14/17 00:00:00",300,3100,"D30a",21,"Ajustement jaugeage de crue du 1
1/12/2017","C","03/02/18 11:38:00","07/27/20 11:46:00","03/02/18 11:30:00",,,"D30a",0,
16982,18,"01/08/16 10:00:00","06/06/19 00:00:00",220,3400,"D30a",13,"Petit détarrage hiver 2015/2016. 
Pas de correctif herbe en 2016




","C","09/20/18 11:08:00","07/30/20 14:35:00","06/08/17 15:00:00",,,"D30a",0,
16994,306,"03/19/20 00:00:00","01/01/50 00:00:00",700,4100,"d13",15,,"C","08/03/20 17:12:00","08/03/20 17:33:00","07/06/18 15:30:00",,,"d13",0,
16995,306,"01/24/18 12:00:00","03/19/20 00:00:00",700,4100,"D12a",22,,"C","07/06/18 15:43:00","08/03/20 17:35:00","07/06/18 15:30:00",,,"D12a",0,
16999,38,"03/14/17 00:00:00","01/01/50 00:00:00",270,3000,"d31a",23,,"C","02/19/19 10:02:00","08/05/20 16:42:00","11/07/07 11:30:00",,,"d31a",0,
17007,314,"02/01/18 12:00:00","02/04/20 00:00:00",1020,6900,"d03c",19,,"C","08/13/20 17:18:00","08/13/20 17:19:00","11/14/14 14:35:00",,,"3c",0,
17008,314,"02/04/20 00:00:00","01/01/50 00:00:00",1020,6900,"d04",19,,"C","08/13/20 16:20:00","08/13/20 17:19:00","11/14/14 14:35:00",,,"d04",0,
17009,10,"01/14/16 00:00:00","01/01/50 00:00:00",120,3450,"d22a",16,,"C","08/13/20 17:03:00","08/13/20 17:22:00","10/16/06 11:41:00",,,"d22a",0,
17014,61,"09/23/05 11:40:00","01/01/50 00:00:00",400,3070,"TD45e-hbe",20,"station influencée par la végétation. Affinafe suite jaugeage de janvier 2018
","C","01/25/18 16:50:00","08/20/20 10:35:00","01/25/18 00:00:00",,,"D45e-hbe",1,
17016,102,"09/01/19 00:00:00","01/01/50 00:00:00",120,1200,"dxx",19,,"C","08/13/14 16:17:00","08/20/20 14:48:00","05/29/06 10:51:00",,,,0,
17026,47,"06/09/18 00:00:00","01/01/50 00:00:00",180,2900,"d09",10,,"C","09/30/20 11:52:00","09/30/20 12:16:00","02/25/10 10:35:00",,,"d09",0,
17027,307,"01/17/19 00:00:00","01/01/50 00:00:00",180,1800,"d04",17,,"C","09/30/20 14:32:00","09/30/20 14:44:00","02/23/18 16:15:00",,,"d04",0,
17028,307,"02/03/13 20:00:00","01/17/19 00:00:00",220,1800,"d03b-hbe",15,"Nouvelle CT suite crue du 2/02/2013 et détarrage+ajustement hiver 2017/2018 + tentative de cohérence avec station ancienne en partie haute (à confirmer par des jaugeages)

","C","02/23/18 16:12:00","09/30/20 14:45:00","02/23/18 16:15:00",,,,1,
17029,307,"02/03/13 20:00:00","01/17/19 00:00:00",220,1800,"d03_hbe",20,"Nouvelle CT suite crue du 2/02/2013 et détarrage. CT initiale D03 remplacée par la D03a en février 2018
","C",,"09/30/20 14:46:00",,,,"d03_hbe",0,
17030,328,"01/01/19 00:00:00","01/01/50 00:00:00",440,3400,"d01a",16,,"C","02/06/20 17:01:00","09/30/20 15:00:00","04/29/19 16:37:00",,,,0,
17031,328,"12/18/19 00:00:00","01/01/50 00:00:00",440,3400,"d02",17,,"C","09/30/20 15:11:00","09/30/20 15:17:00","04/29/19 16:37:00",,,"d02",0,
17033,202,"01/01/18 00:00:00","09/12/20 00:00:00",300,2200,"D26",8,"Le seuil de contrôle situé 15 m à l'aval des échelles est instable soit par l'érosion des berges suite aux crues soit par le rajout de pierres par les autocthones. ","C",,"10/02/20 08:30:00","02/08/19 13:00:00",,,,0,
17044,140,"01/07/12 00:00:00","01/03/14 00:00:00",600,3800,"D17d-hbe",10,"Station sous influence d'un barrage en pierres créé par des autochtones en étiage.","C","10/03/20 08:25:00","10/03/20 08:25:00","06/19/12 00:00:00",,,,0,
17611,171,"05/01/18 00:00:00","10/01/21 00:00:00",10,1600,"D2b",14,"Evolution suite aux crues de janvier 2018","C",,"09/29/22 11:18:00","01/23/15 10:16:00",,,"D2b",0,
17617,9,"01/01/64 00:00:00","01/19/68 00:00:00",0,6500,"A D38b",11,"En deça de 50 m3/s, la station est non univoque par les manoeuvres du barrage aval.","C",,"10/06/22 17:38:00","05/06/14 10:00:00",,,,0,
17618,9,"01/19/68 00:00:00","04/01/86 00:00:00",0,6500,"A D39b",12,"En deça de 50 m3/s, la station est non univoque par les manoeuvres du barrage aval.","C",,"10/06/22 17:44:00","05/06/14 10:00:00",,,,0,
17619,9,"04/01/86 00:00:00","02/03/95 00:00:00",0,6500,"A D40b",12,"En deça de 50 m3/s, la station est non univoque par les manoeuvres du barrage aval.","C",,"10/06/22 17:45:00","05/06/14 10:00:00",,,,0,
17620,9,"02/03/95 00:00:00","05/01/04 00:00:00",0,6500,"A D41b",12,"En deça de 50 m3/s, la station est non univoque par les manoeuvres du barrage manuel aval.","C",,"10/06/22 17:48:00","05/06/14 10:00:00",,,,0,
17085,77,"01/01/15 00:00:00","01/01/18 00:00:00",180,1600,"A D26-hbe",11,,"C",,"10/03/20 13:28:00","06/03/15 10:30:00",,,"D26-hbe",1,
17086,77,"01/01/10 00:00:00","01/01/15 00:00:00",180,1600,"A D25-hbe",11,,"C",,"10/03/20 13:28:00","10/03/20 10:30:00",,,"D25-hbe",1,
17087,77,"01/01/99 00:00:00","01/01/10 00:00:00",180,1600,"A D24-hbe",12,,"C",,"10/03/20 13:28:00","10/03/20 10:30:00",,,"D24-hbe",1,
17088,77,"01/01/97 00:00:00","01/01/99 00:00:00",200,1700,"A D23-hbe",12,,"C",,"10/03/20 13:29:00","10/03/20 10:00:00",,,"D23-hbe",1,
17089,77,"01/01/01 00:00:00","12/09/07 00:00:00",200,1600,"D20c",23,"jaugeage n° 360 pas pris en compte","C",,,,,,"D20c",,
17090,77,"12/09/07 00:00:00","01/18/15 00:00:00",200,1600,"D21c-hbe",16,,"C",,,,,,"D21c-hbe",,
17092,77,"01/01/97 00:00:00","01/01/98 00:00:00",260,1600,"D17a",15,,"C",,,,,,,,
17093,77,"01/01/98 00:00:00","01/01/01 00:00:00",220,1600,"D18c",18,,"C",,,,,,,,
17095,77,"01/18/15 00:00:00","01/01/18 00:00:00",300,1600,"D22d-hbe",13,,"C",,"10/03/20 13:50:00",,,,"D22d-hbe",0,
17096,77,"01/01/18 00:00:00","01/01/50 00:00:00",180,1600,"D27-hbe",12,,"C",,"10/03/20 13:50:00","10/03/20 10:30:00",,,"D27-hbe",0,
17099,129,"12/01/18 00:00:00","01/01/50 00:00:00",-1400,1550,"d07a-hbe",16,"Courbe de crue hivernale
","C","02/05/09 11:35:00","10/12/20 14:52:00","02/05/12 11:35:00",,,"d07a-hbe",0,
17100,320,"01/01/14 00:00:00","01/01/50 00:00:00",500,3000,"D10f-tqe",10,"CT à confirmer en crue car ponts de decharge pas pris en compte dans jaugeages","C","10/14/20 09:26:00","10/14/20 09:32:00","02/15/17 11:00:00",500,,"D10f-tqe",0,
17106,190,"10/01/20 00:00:00","01/01/50 00:00:00",-850,3750,"D03-hbe",23,"Modification partie haute suite jaugeages du 31/05 et 01/06/2016","C",,"11/13/20 09:17:00",,,,"D03-hbe",0,
17107,190,"01/03/10 00:00:00","10/01/20 00:00:00",-850,3750,"D02j-hbe",23,"Modification partie haute suite jaugeages du 31/05 et 01/06/2016","C",,"11/13/20 09:18:00",,,,"D02j-hbe",0,
17110,81,"07/01/20 00:00:00","01/01/50 00:00:00",35,2100,"D03-hbe",16,"Partie haute revue à la baisse suite aux jaugeages du 31/05/2016","C","05/03/11 14:11:00","11/13/20 11:28:00",,,,"D03-hbe",0,
17111,81,"01/01/17 00:00:00","07/01/20 00:00:00",35,2100,"D02-hbe",19,"Partie haute revue à la baisse suite aux jaugeages du 31/05/2016","C","05/03/11 14:11:00","11/13/20 13:33:00",,,,"D02-hbe",0,
17113,191,"09/01/16 00:01:00","10/01/19 00:00:00",120,1400,"D15e",17,"nouvelle CTsuite au jaugeage de crue de janvier 2018. Ajustement en partie haute pour tenir compte des plus hauts jaugeages et de la topographie du lit qui ne justifie pas un changement de pente de la CT à 70/90 cm à l'échelle.
","C","03/20/18 17:10:00","11/16/20 09:43:00","03/20/18 17:15:00",,,"D15e",0,
17115,14,"01/03/12 00:00:00","01/05/18 00:00:00",-300,3250,"d26-hbe",21,,"C","07/17/12 12:08:00","11/16/20 17:00:00","10/08/09 10:30:00",,,"d26-hbe",0,
17119,85,"12/30/01 00:00:00","01/01/20 00:00:00",500,3800,"AD20e-hbe",16,,"C","03/16/16 16:43:00","11/25/20 22:30:00","10/29/08 15:00:00",,,,1,
17123,50,"12/20/11 00:00:00","08/01/20 00:00:00",800,3000,"D28e-hbe",13,"Courbe déclarée à herbes car sous influence d'un seuil encombré par des branches et herbes.
Modification de la section de contrôle par la pose d'enrochements à l'aval des echelles","C","07/05/18 15:07:00","11/26/20 08:50:00","08/13/13 13:30:00",,,"D28e-hbe",0,
17130,60,"01/01/18 00:00:00","12/30/50 00:00:00",240,3200,"D34-hbe",15,"courbe modifiée suite aux crues de 2018 et 2020","C",,,,,,,,
17135,12,"12/01/09 00:00:00","11/16/14 00:00:00",400,3800,"D49g-hbe",10,"Débordement par la route D164 à partir de 3.50 m","C","12/13/16 15:45:00","12/03/20 09:09:00","12/08/09 16:30:00",,,"D49g-hbe",0,
17136,12,"10/05/06 00:00:00","12/01/09 00:00:00",400,3800,"D48f-hbe",12,"Courbe à herbe mère.","C","12/13/16 15:45:00","12/03/20 09:09:00","12/16/08 00:00:00",,,"D48f-hbe",0,
17137,12,"11/03/98 00:00:00","10/05/06 00:00:00",400,3800,"D47d-hbe",11,"Courbe à herbe mère.","C","12/13/16 11:02:00","12/03/20 09:10:00","12/03/07 00:00:00",,,"D47d-hbe",0,
17138,12,"10/27/92 00:00:00","11/03/98 00:00:00",400,3800,"D46c-hbe",12,"Courbe à herbe.
","C","12/13/16 09:14:00","12/03/20 09:10:00","10/20/06 10:00:00",,,"D46c-hbe",0,
17139,12,"02/11/79 00:00:00","10/27/92 00:00:00",400,3800,"D45b-hbe",14,"Courbe à herbe.","C","03/05/12 15:00:00","12/03/20 09:11:00","10/20/06 10:00:00",,,,0,
17140,12,"01/01/76 00:00:00","02/11/79 00:00:00",400,3800,"D44b-hbe",14,"Courbe à herbe.","C","03/05/12 15:03:00","12/03/20 09:11:00","10/20/06 00:00:00",,,,0,
17141,23,"01/01/20 00:00:00","01/01/50 00:00:00",160,1900,"dxx",14,,"C","11/03/11 16:10:00","12/07/20 12:30:00","11/03/11 11:11:00",,,,1,
17144,143,"10/01/14 00:00:00","01/01/50 00:00:00",0,3500,"D12c-hbe",21,"nouvelle courbe qui prend en compte les dernières mesures apres travaux septembre 2014+ jaugeages des 31/05 et 02/06/2016 + passage lit mineur/lit majeur (à affiner)","C","07/23/13 09:26:00","12/09/20 13:57:00","11/18/03 09:20:00",,,"D12c-hbe",0,
17146,143,"10/01/14 00:00:00","10/01/20 00:00:00",0,3500,"D12c-hbe",21,"nouvelle courbe qui prend en compte les dernières mesures apres travaux septembre 2014+ jaugeages des 31/05 et 02/06/2016 + passage lit mineur/lit majeur (à affiner)","C","07/23/13 09:26:00","12/09/20 14:00:00","11/18/03 09:20:00",,,"D12c-hbe",0,
17148,319,"07/01/19 00:00:00","10/01/20 00:00:00",400,5100,"D02-hbe",7,"nouvelle ct suite au détarage du07/19","T",,"12/09/20 14:06:00","12/03/15 16:49:00",,,"D02-hbe",0,
17150,306,"03/19/20 00:00:00","01/01/50 00:00:00",700,4100,"d13a",17,,"C","08/03/20 17:12:00","12/10/20 15:24:00","07/06/18 15:30:00",,,"d13a",0,
17154,55,"12/07/08 00:00:00","08/01/19 00:00:00",700,1600,"D25b-tqe",6,"CT tronquée suite à destruction du seuil contrôlant la station (provisoire en attendant la remise en état)
","C",,"12/14/20 11:14:00","11/16/11 16:30:00",700,1600,,0,
17588,7,"01/01/10 12:11:00","01/01/50 00:00:00",460,5500,"D28b",14,"Courbe revue suite jaugeage du 6 janvier en crue recalculé 
et comparaison des volumes écoulés avec Corny
","C","05/23/18 14:06:00","08/31/22 16:29:00","05/23/18 14:00:00",,,"D28b",0,
17174,4,"01/01/86 00:00:00","01/01/92 00:00:00",200,2100,"Atrav06",8,,"C",,"12/23/20 08:43:00",,,,,0,
17178,4,"09/01/91 00:00:00","01/01/92 00:00:00",0,3500,"C14882a",21,"
","C","12/23/20 09:06:00","12/23/20 09:06:00",,,,,0,
17180,4,"04/01/00 00:00:00","01/02/13 00:00:00",50,3800,"D45-hbe",9,,"C",,"12/23/20 09:10:00","12/23/20 09:00:00",,,,0,
17181,4,"01/01/92 00:00:00","04/01/00 00:00:00",80,2100,"D44-hbe",9,,"C",,"12/23/20 11:40:00","12/23/20 09:00:00",,,"D44-hbe",0,
17183,19,"01/25/10 00:00:00","01/01/20 00:00:00",300,3500,"A Trav13",11,"CT provisoire, attentre fin d'année 2015 pour confirmer.","C","10/08/19 09:04:00","12/30/20 13:05:00","04/07/15 00:00:00",,,,1,
17184,19,"01/01/04 00:00:00","01/01/10 00:00:00",300,3500,"A Trav12a",11,"CT provisoire, attentre fin d'année 2015 pour confirmer.","C","10/08/19 09:04:00","12/30/20 13:08:00","04/07/15 00:00:00",,,,1,
17214,6,"02/23/14 00:00:00","01/01/18 00:00:00",50,3000,"Atra15",7,"Nouvelle ct suite jaugeage 302

	
	

	
	
","C","10/02/17 14:21:00","01/03/21 11:01:00","04/07/14 15:00:00",,,,1,
17215,6,"01/01/09 00:00:00","02/23/14 00:00:00",200,3200,"Atra14",6,,"C",,"01/03/21 11:01:00",,,,,1,
17217,6,"01/01/95 00:00:00","01/01/01 00:00:00",200,3200,"Atra12",7,,"C",,"01/03/21 11:02:00",,,,,1,
17218,6,"01/01/86 00:00:00","01/01/95 00:00:00",200,3200,"Atra11",6,,"C",,"01/03/21 11:02:00",,,,,1,
17221,6,"01/01/01 00:00:00","01/01/09 00:00:00",200,3200,"Atra13",5,,"C",,"01/03/21 11:06:00",,,,,1,
17222,6,"12/31/63 00:00:00","01/01/86 00:00:00",200,3200,"Atra10",7,,"C",,"01/03/21 11:07:00",,,,,1,
17225,55,"08/01/19 00:00:00","01/01/50 00:00:00",-350,1600,"D26a",18,"Nouvelle CT suite à la destruction du seuil","C",,"01/06/21 09:56:00","11/16/11 16:30:00",-350,1600,"D26a",0,
17227,191,"10/01/19 00:00:00","01/01/50 00:00:00",120,1400,"D16",15,"nouvelle CTsuite au jaugeage de crue de janvier 2018. Ajustement en partie haute pour tenir compte des plus hauts jaugeages et de la topographie du lit qui ne justifie pas un changement de pente de la CT à 70/90 cm à l'échelle.
","C","03/20/18 17:10:00","01/08/21 09:15:00","03/20/18 17:15:00",,,"D16",0,
17229,85,"01/01/17 00:00:00","01/01/20 00:00:00",500,3800,"D21c-hbe",13,,"C","01/08/21 09:47:00","01/08/21 09:57:00","09/04/17 14:30:00",,,"D21c-hbe",0,
17231,112,"01/01/07 00:01:00","02/01/11 00:00:00",0,2300,"D05c-hbe",15,"
","C","04/17/12 15:14:00","01/18/21 11:46:00","04/17/12 15:14:00",,,"D05c-hbe",0,
17235,1,"01/01/18 21:01:00","01/01/50 00:00:00",50,4600,"d09-hbe",31,"modififié suite aux crue de janvier 2018
Prise en compte jaugeage du 01/06/2016 et 02/06/16. végétation sous le pont station, pont en charge vers 350cm. 28/06/2017, prolongation vers le bas sans changement des points existants.","C","02/15/18 09:59:00","01/27/21 10:15:00","06/01/16 10:30:00",,,"d09-hbe",0,
17236,1,"01/25/08 21:01:00","01/01/18 00:00:00",100,4600,"d08f-hbe",31,"modififié suite aux crue de janvier 2018
Prise en compte jaugeage du 01/06/2016 et 02/06/16. végétation sous le pont station, pont en charge vers 350cm. 28/06/2017, prolongation vers le bas sans changement des points existants.","C","02/15/18 09:59:00","01/27/21 10:19:00","06/01/16 10:30:00",,,"d08f-hbe",0,
17238,40,"08/11/06 00:00:00","01/01/50 10:00:00",0,2100,"d08b UPC",21,"CT UPC
","C","01/18/12 16:04:00","01/29/21 14:45:00","07/02/04 15:31:00",,,,0,
17245,42,"02/02/18 00:00:00","01/01/50 00:00:00",1300,4800,"cz",25,,"C","01/16/12 14:21:00","02/11/21 14:55:00","08/01/08 14:55:00",,,,1,
17246,40,"06/12/20 00:00:00","01/01/50 00:00:00",50,2200,"d09",19,,"C","02/12/21 14:56:00","02/12/21 15:49:00","07/02/04 15:31:00",,,"d09",0,
17247,40,"08/11/06 00:00:00","06/12/20 00:00:00",0,2100,"d08b",23,"
","C","01/18/12 16:04:00","02/12/21 15:52:00","07/02/04 15:31:00",,,,0,
17251,192,"01/01/19 00:00:00","12/31/50 00:00:00",-80,1000,"D3",17,,"C",,"02/19/21 10:27:00","01/22/08 10:50:00",,,"D3",0,
17252,192,"01/01/10 00:00:00","01/01/19 00:00:00",-80,1000,"D2a",18,,"C",,"02/19/21 10:28:00","01/22/08 10:50:00",,,"D2a",0,
17253,3,"05/01/19 00:00:00","01/01/50 00:00:00",500,3500,"D06-hbe",29,"courbe réajiuster en tenant compte de l'étude hydratec sur le pic de crue de juin 2016","C","03/11/16 13:47:00","02/19/21 10:59:00","01/01/17 00:00:00",,,"D06-hbe",1,
17256,48,"02/22/21 00:00:00","01/01/50 00:00:00",80,2400,"d18-hbe",15,,"C","09/28/09 14:45:00","03/04/21 16:09:00","08/26/05 15:29:00",,,,1,
17260,156,"01/22/07 00:00:00","01/01/20 00:00:00",470,4800,"AtravD12b",11," CT avant évaporation par la centrale EDF.","C","08/21/19 15:25:00","03/09/21 09:39:00","08/26/09 10:00:00",,,"D12a",0,
17267,60,"01/01/18 00:00:00","12/30/50 00:00:00",60,3200,"D34b-hbe",20,"courbe modifiée suite aux crues de 2018 et 2020","C",,"05/06/21 09:19:00",,,,"D34b-hbe",0,
17270,6,"01/01/18 00:00:00","01/01/50 00:00:00",50,3000,"Atra16",7,"Nouvelle CT provisoire  suite mise en service d'une 2ième centrale hydroelectrique.

	
	

	
	
","C",,"05/15/21 23:30:00","07/05/18 09:00:00",,,,1,
17278,40,"01/01/84 00:00:00","01/01/92 00:00:00",50,2200,"A DL 09",7,,"C","02/12/21 14:56:00","05/17/21 13:54:00","07/02/04 15:31:00",,,"d09",0,
17279,40,"01/01/73 00:00:00","01/01/84 00:00:00",50,2200,"A DL 08",8,,"C","02/12/21 14:56:00","05/17/21 13:54:00","07/02/04 15:31:00",,,"d09",0,
17280,40,"01/01/06 00:00:00","01/01/50 00:00:00",50,2200,"A DL 11",10,,"C","02/12/21 14:56:00","05/17/21 15:04:00","07/02/04 15:31:00",,,"d09",0,
17281,40,"01/01/92 00:00:00","01/01/06 00:00:00",50,2200,"A DL 10",7,,"C","02/12/21 14:56:00","05/17/21 15:06:00","07/02/04 15:31:00",,,"d09",0,
17285,316,"03/21/20 00:00:00","01/01/50 00:00:00",320,3000,"d02",15,,"C","06/03/21 12:25:00","06/03/21 12:55:00","02/20/18 10:06:00",,,"d02",0,
17589,39,"01/08/15 00:00:00","01/01/50 00:00:00",250,4000,"A D18c",10,"CT modifiée suite jaugeages ADCP 2017/2018.
Les jaugeages en ""douteux"" ont été efféctués au pt Patton dans St Mihiel .","C","02/06/18 17:28:00","09/07/22 15:12:00","05/06/14 16:00:00",,,,1,
17607,131,"01/01/19 00:00:00","01/01/50 00:00:00",60,2900,"d08b-hbe",19,,"C",,"09/28/22 15:56:00",,,,"d08b-hbe",0,
17610,260,"03/18/19 00:00:00","01/01/21 00:00:00",220,2000,"d03a",9,"détarage apres la crue de mars 2019","T",,"09/29/22 10:56:00","05/04/07 12:19:00",,,"d03a",0,
17286,316,"01/01/16 00:00:00","03/21/20 00:00:00",320,3000,"d01b",10,,"C","02/14/19 14:58:00","06/03/21 12:57:00","02/20/18 10:06:00",,,"1b",0,
17288,43,"01/01/06 03:31:00","01/01/50 00:00:00",-450,5250,"D16d",17,"mise à jour de la partie haute suite au jaugeage de fevrier 2021","C",,,,,,,,
17289,43,"01/01/06 03:31:00","01/01/50 00:00:00",-450,5250,"D16e",16,"mise à jour de la partie haute suite au jaugeage de fevrier 2021","C",,"06/07/21 10:22:00",,,,"D16e",0,
17291,36,"02/26/18 00:00:00","01/01/50 00:00:00",400,2500,"dxx",26,,"C","01/22/14 14:37:00","06/07/21 21:33:00",,,,,1,
17293,19,"01/01/20 00:00:00","01/01/50 00:00:00",300,3500,"A D53b-hbe",13,,"C","06/20/21 11:30:00","06/20/21 11:30:00","05/21/20 08:00:00",,,,0,
17299,6,"03/24/01 00:00:00","01/25/09 00:00:00",50,3000,"D28",7,"
	
	

	
	
","C",,"06/22/21 08:18:00","04/07/14 15:00:00",,,"D28",0,
17300,6,"02/28/95 00:00:00","03/24/01 00:00:00",50,3000,"D27-hbe",8,"
	
	

	
	
","C",,"06/22/21 08:20:00","04/07/14 15:00:00",,,,0,
17301,6,"01/27/90 00:00:00","02/28/95 00:00:00",50,3000,"D26-hbe",7,"
	
	

	
	
","C",,"06/22/21 08:21:00","04/07/14 00:00:00",,,,0,
17305,6,"01/25/09 00:00:00","02/23/14 00:00:00",50,3000,"D29a-hbe",6,,"C","02/26/16 17:38:00","06/22/21 09:10:00","04/07/14 15:00:00",,,,0,
17308,3,"05/01/19 00:00:00","01/01/50 00:00:00",500,3500,"D06a-hbe",29,"courbe réajiuster en tenant compte de l'étude hydratec sur le pic de crue de juin 2016","C","03/11/16 13:47:00","07/22/21 15:44:00","01/01/17 00:00:00",,,"D06a-hbe",0,
17309,3,"11/16/17 00:00:00","05/01/19 00:00:00",500,3500,"D05-hbe",29,"Nouvelle courbe refaite sur la partie basse. Suite aux crues de novembre 2017","C","03/11/16 13:47:00","07/22/21 15:46:00","01/01/17 00:00:00",,,"D05-hbe",0,
17310,3,"06/15/16 00:00:00","11/16/17 00:00:00",500,3500,"D04-hbe",26,"Nouvelle courbe refaite sur la partie basse. Changement en partie haute suite jaugeages du 01/06/2016 et 2/06/2016. Sortie chenal à 185cm et parking inondé à environ 250cm","C","07/28/17 11:46:00","07/22/21 15:47:00","05/27/05 10:49:00",,,"D04-hbe",0,
17316,50,"08/01/20 00:00:00","05/08/21 00:00:00",800,3000,"D29a-hbe",12,,"C","06/24/21 08:16:00","08/05/21 19:35:00","11/26/20 09:00:00",,,"D29a-hbe",0,
17318,0,"07/01/11 00:01:00","03/21/20 00:00:00",1010,3500,"D08a",10,"
Ajustement jaugeages de hautes eaux 2016/2018 + basses eaux avec Bacccarat amont  + extrapollation haute cohérente avec un delta H de 40 cm entre les deux stations


","C","02/20/18 09:47:00","08/12/21 16:22:00","02/20/18 10:06:00",,,"D08a",0,
17346,11,"08/01/20 00:00:00","01/01/50 00:00:00",1150,4200,"d27",11,,"C","10/14/21 14:42:00","10/14/21 15:05:00","10/06/09 10:02:00",,,"d27",0,
17347,11,"05/06/13 00:00:00","08/01/20 00:00:00",1300,4000,"D26a-hbe",12,"CT étiage en construction car abandonée depuis 2013.
Mise à jour des bornes d'extrapolation le 04/09/2009.
Peprise la la partie basse suite à l'étiage d'Octobre 2009.","C",,"10/14/21 15:07:00","09/03/15 10:00:00",,,,0,
17350,184,"01/01/08 00:00:00","01/01/50 00:00:00",424,426,"D11a-tqe",2,"station non jaugée en hautes eaux car debordement et  en basses eaux sous influence barrage","C","10/17/21 09:07:00","10/17/21 09:28:00","02/18/11 17:00:00",,,"D11a-tqe",0,
17351,140,"01/03/14 00:00:00","01/01/20 00:00:00",600,3800,"D18i-hbe",11,"Station sous influence d'un barrage en pierres créé par des autochtones en étiage.","C","10/20/21 14:38:00","10/20/21 15:08:00","01/30/19 00:00:00",,,"D18i-hbe",0,
17352,140,"01/01/20 00:00:00","01/01/50 00:00:00",750,3800,"D19d-tqe",6,"Station sous influence en étiage de 2 barrages en pierres créés par des autochtones.
Pont en charge à partir de 3.86 m.","C","01/08/21 10:28:00","10/20/21 15:31:00","06/28/19 13:00:00",,,"D19d-tqe",0,
17354,19,"12/02/15 00:00:00","02/06/20 00:00:00",300,3500,"D52d-hbe",12,,"C","10/19/17 11:47:00","10/27/21 09:40:00","03/11/16 18:00:00",,,"D52d-hbe",0,
17355,19,"02/06/20 00:00:00","01/01/50 00:00:00",300,3500,"D53b-hbe",13,"CT  en construction en attente jaugeages hiver 21/22","C","09/22/21 15:24:00","10/27/21 09:53:00","05/21/20 08:00:00",,,"D53b-hbe",0,
17365,130,"01/01/96 00:00:00","01/01/50 00:00:00",1200,5600,"D10c-tqe",5,"La station n'est plus influencée lorsque le  barrage  de Joigny est couché vers 300 m3/s.
L'extrapolation haute a été établie avec la CT modélisation BCEOM.","C",,"11/18/21 14:03:00","11/03/03 00:00:00",,,"D10c-tqe",0,
17369,91,"01/01/15 00:00:00","01/01/21 00:00:00",250,3000,"D54f-hbe",12,"CT en construction : attendre jaugeages hiver 21-22","C","08/01/21 09:20:00","11/25/21 15:25:00","04/10/15 15:00:00",,,"D54f-hbe",0,
17384,126,"01/01/69 00:00:00","03/30/88 00:00:00",70,2750,"D12a-hbe",18,,"C","07/27/09 15:07:00","11/25/21 16:39:00","05/22/07 10:00:00",,,,0,
17385,126,"03/30/88 00:00:00","02/22/95 00:00:00",70,2750,"D13a-hbe",16,,"C","07/27/09 15:07:00","11/25/21 16:39:00","05/22/07 10:00:00",,,,0,
17386,126,"02/22/95 00:00:00","04/12/98 00:00:00",70,2750,"D14a-hbe",18,,"C","07/27/09 15:07:00","11/25/21 16:39:00","05/22/07 10:00:00",,,,0,
17390,126,"04/12/98 00:00:00","01/26/09 00:00:00",70,2800,"D15d-hbe",17,,"C","07/01/11 12:25:00","11/25/21 17:50:00","10/23/08 15:30:00",,,,0,
17392,33,"01/04/15 00:00:00","01/01/50 00:00:00",650,3000,"D37b-hbe",7,,"C","11/26/21 09:42:00","11/26/21 12:19:00","06/01/17 14:00:00",,,"D37b-hbe",0,
17396,18,"06/06/19 00:00:00","06/20/20 00:00:00",220,3400,"D31",20,"




","C","07/30/20 14:29:00","12/01/21 11:44:00","07/30/20 14:32:00",,,"D31",0,
17398,46,"01/16/21 08:00:00","01/01/50 00:00:00",400,3000,"d12-hbe",15,"Intégration étude CEREMA - Extrapolation haute ","C","12/01/21 14:09:00","12/02/21 11:06:00","07/30/20 15:00:00",,,"d12-hbe",0,
17399,46,"04/17/16 20:00:00","01/16/21 08:00:00",300,3000,"d11b-hbe",23,"Intégration étude CEREMA - Extrapolation haute ","C","07/30/20 15:25:00","12/02/21 11:08:00","07/30/20 15:00:00",300,3000,"d11b-hbe",0,
17599,156,"01/01/20 00:00:00","01/01/50 00:00:00",470,4800,"AtravD13",11,"CT avant évaporation par la centrale EDF.","C",,"09/08/22 12:54:00",,,,,0,
17603,12,"11/05/19 00:00:00","01/01/50 00:00:00",400,3500,"D51b-hbe",11,"CT en construction.
Débordement par la route D164 à partir de 3.50 m.","C","05/20/22 11:26:00","09/17/22 05:32:00","12/03/20 09:00:00",,,"D51b-hbe",0,
17627,9,"01/01/09 00:00:00","01/01/22 00:00:00",200,6500,"A D44a",13,"En deça de 20 m3/s, la station est non univoque par les manoeuvres du barrage aval. Les débits inférieurs à 30 m3/s sont calculés à partir de la station Chooz Trou du Diable.","C",,"10/10/22 12:29:00",,,,,0,
17629,9,"01/01/22 00:00:00","01/01/50 00:00:00",200,6500,"A D45",14,"En deça de 20 m3/s, la station est non univoque par les manoeuvres du barrage aval. Les débits inférieurs à 30 m3/s sont calculés à partir de la station Chooz Trou du Diable.","C",,"10/10/22 12:42:00",,,,,0,
17401,305,"12/28/19 00:00:00","01/01/50 00:00:00",110,990,"d03-hbe",14,,"C",,"12/02/21 16:48:00","09/03/15 11:00:00",,,"d03-hbe",0,
17402,305,"01/01/11 00:00:00","12/28/19 00:00:00",110,990,"D02a-hbe",11,"Amélioration suite jaugeages étiage
","C",,"12/02/21 16:58:00","09/03/15 11:47:00",,,"D02a-hbe",0,
17404,129,"12/01/18 00:00:00","01/01/50 00:00:00",-1400,1550,"d07b-hbe",15,"Courbe de crue hivernale
","C","02/05/09 11:35:00","12/07/21 15:31:00","02/05/12 11:35:00",,,"d07b-hbe",0,
17407,44,"06/27/05 00:00:00","03/20/06 17:30:00",400,5700,"D28B",18,,"C","10/16/06 11:59:00","12/09/21 16:03:00","10/16/06 11:59:00",,,"D28B",0,
17408,318,"01/01/19 00:00:00","01/01/50 00:00:00",200,3000,"3",12,,"C","02/14/19 15:52:00","12/09/21 16:12:00","07/26/18 14:19:00",,,,1,
17409,318,"01/26/18 00:00:00","01/01/50 00:00:00",200,3000,"2c",12,,"C","02/14/19 15:52:00","12/09/21 16:14:00","07/26/18 14:19:00",,,,1,
17411,41,"01/27/81 00:00:00","01/17/93 00:00:00",-300,3800,"D29a",9,"L'extrapolation haute a ét établie avec CT modélisation EPAMA.","C","01/05/17 14:16:00","12/17/21 09:46:00","08/07/07 10:00:00",,,"D29a",0,
17412,307,"10/01/20 00:00:00","01/01/50 00:00:00",180,1800,"x",22,,"C","09/30/20 14:32:00","12/21/21 11:46:00","02/23/18 16:15:00",,,,1,
17413,307,"01/01/20 00:00:00","01/01/50 00:00:00",,,"5",22,,"C",,"12/21/21 12:12:00","12/21/21 11:48:00",,,,1,
17418,85,"01/01/78 00:00:00","01/01/80 00:00:00",480,2480,"C14210",23,,"C",,"12/30/21 11:13:00",,,,,0,
17419,9,"02/03/95 00:00:00","05/01/04 00:00:00",400,6500,"D41a",12,"En deça de 50 m3/s, la station est non univoque par les manoeuvres du barrage aval.","C","02/10/16 11:45:00","12/30/21 12:16:00","05/06/14 10:00:00",,,,0,
17421,9,"04/01/86 00:00:00","02/03/95 00:00:00",400,6500,"D40a",12,"En deça de 50 m3/s, la station est non univoque par les manoeuvres du barrage aval.","C","02/10/16 11:45:00","12/30/21 12:19:00","05/01/14 10:00:00",,,,0,
17422,9,"01/19/68 00:00:00","04/01/86 00:00:00",400,6500,"D39a",11,"En deça de 50 m3/s, la station est non univoque par les manoeuvres du barrage aval.","C","02/10/16 11:46:00","12/30/21 12:19:00","05/06/14 10:00:00",,,,0,
17423,9,"01/01/64 00:00:00","01/19/68 00:00:00",400,6500,"D38a",13,"En deça de 50 m3/s, la station est non univoque par les manoeuvres du barrage aval.","C","02/10/16 11:46:00","12/30/21 12:20:00","05/06/14 10:00:00",,,"D38a",0,
17424,5,"01/01/70 00:00:00","10/07/93 00:00:00",450,4000,"D07",12,,"C","02/10/15 14:13:00","12/30/21 12:53:00","10/25/05 15:30:00",,,,0,
17426,91,"01/01/21 00:00:00","01/01/50 00:00:00",250,3000,"D55-hbe",11,,"C",,"01/04/22 13:42:00","09/22/21 16:00:00",,,"D55-hbe",0,
17428,148,"01/05/22 00:00:00","01/01/50 00:00:00",-1200,4500,"D10-hbe",14,,"C",,"01/05/22 15:40:00","04/17/14 10:30:00",,,"D10-hbe",0,
17429,148,"03/01/17 00:00:00","01/05/22 00:00:00",-1200,4500,"D09-hbe",15,,"C",,"01/06/22 11:07:00","04/17/14 10:30:00",,,"D09-hbe",0,
17431,112,"01/01/14 00:00:00","01/05/22 00:00:00",-400,2600,"D07b-hbe",16,"Affinage à 200/220 suite jaugeage du 19
 janvier 2018.","C","01/25/18 17:30:00","01/06/22 11:20:00","01/25/18 00:00:00",,,"D07b-hbe",0,
17434,107,"02/26/97 00:00:00","04/30/01 00:00:00",550,2900,"D05a",13,,"C",,"01/25/22 14:46:00","02/18/08 14:00:00",,,,0,
17435,8,"12/31/72 00:00:00","09/11/85 00:00:00",0,2500,"D17d",19,,"C","01/27/16 14:02:00","01/25/22 16:54:00","07/13/07 08:30:00",,,"D17d",0,
17439,126,"01/26/09 00:00:00","01/01/50 00:00:00",70,3000,"D16b-hbe",14,"CT étiage influencée par des dépots de sediments provenant d'un ruisseau situé 5 m aval station en RD","C","11/23/18 16:54:00","02/03/22 11:47:00","07/01/11 12:30:00",,,"D16b-hbe",0,"Attendre fin hiver pour  2021 pour confirmer CT A D17-hbe"
17450,41,"10/12/06 00:00:00","02/17/14 00:00:00",-200,3800,"D33-hbe",11,,"C","02/03/22 14:46:00","02/03/22 15:34:00","10/13/11 20:00:00",,,"D33-hbe",0,
17452,13,"02/02/18 00:00:00","01/01/50 00:00:00",800,4000,"D36b",10,"CT hautes eaux en construction","C","11/25/21 19:51:00","02/14/22 14:44:00","04/30/14 14:00:00",,,"D36b",0,
17453,330,"08/01/19 00:00:00","01/01/50 00:00:00",40,2500,"A D10f",11,"CT en construction","C","08/01/21 11:00:00","02/18/22 09:33:00","01/07/20 17:00:00",,,"D10f",0,
17454,73,"01/07/18 00:00:00","01/01/50 00:00:00",30,2400,"D21a",14,"modification du seuil suite aux crues de janvier 2018
","C","10/01/18 10:32:00","03/17/22 14:54:00","07/01/16 09:00:00",,,"D21a",0,
17457,73,"01/07/18 00:00:00","01/01/50 00:00:00",50,2400,"D21b",25,"modification du seuil suite aux crues de janvier 2018
","C","10/01/18 10:32:00","03/18/22 10:46:00","07/01/16 09:00:00",,,"D21b",0,
17462,331,"05/27/20 00:00:00","01/01/50 00:00:00",110,950,"D1",23,,"C","03/28/22 08:53:00","03/28/22 09:07:00","03/28/22 08:55:00",,,"D1",0,
17465,46,"01/16/21 08:00:00","01/01/50 00:00:00",400,3000,"d12a-hbe",19,"Extrapolation hautes eaux issues d'une modélisation Mascaret du CEREMA de 2018.","C",,"04/08/22 12:47:00","03/22/22 15:45:00",400,3000,"d12a-hbe",0,
17466,18,"06/20/20 00:00:00","01/01/50 00:00:00",120,3200,"d32",16,"




","C","11/30/21 10:46:00","04/22/22 08:53:00","07/30/20 14:32:00",120,3200,"d32",0,
17467,18,"01/01/70 00:00:00","01/01/78 00:00:00",260,3100,"C16497",50,,"C",,"04/22/22 08:59:00",,,,,0,
17468,18,"01/01/78 00:00:00","02/02/87 00:00:00",260,3100,"C16498",52,,"C",,"04/22/22 09:03:00",,,,,0,
17472,309,"03/18/21 00:00:00","01/01/50 00:00:00",250,3000,"D13-hbe",11,,"C",,"04/22/22 13:00:00","04/22/22 13:00:00",,,"D13-hbe",0,
17473,309,"01/01/10 00:00:00","03/18/21 00:00:00",250,3000,"D12c-hbe",12,,"C","10/22/18 14:31:00","04/22/22 13:18:00","09/05/16 00:00:00",,,"D12c-hbe",0,
17475,4,"01/02/13 00:00:00","01/01/21 00:00:00",50,3800,"D46-hbe",7,,"C",,"04/22/22 14:00:00","12/23/20 09:00:00",,,,0,
17614,4,"01/01/21 00:00:00","01/01/50 00:00:00",50,3800,"D47a-hbe",8,"Sous infllence d'un seuil instable en étiage","C","10/06/22 08:29:00","10/06/22 08:29:00","04/22/22 14:00:00",,,"D47a-hbe",0,
17477,330,"08/01/19 00:00:00","01/01/50 00:00:00",30,2500,"D10e-tqe",10,"CT en construction","C","08/01/21 11:00:00","04/23/22 12:39:00","01/07/20 17:00:00",700,,"D10e-tqe",0,
17479,143,"10/01/20 00:00:00","01/01/50 00:00:00",0,3500,"D13-hbe",19,"nouvelle courbe qui prend en compte les dernières mesures apres travaux septembre 2014+ jaugeages des 31/05 et 02/06/2016 + passage lit mineur/lit majeur (à affiner)","C","07/23/13 09:26:00","04/28/22 10:04:00","11/18/03 09:20:00",,,"D13-hbe",0,
17480,144,"01/01/18 00:00:00","01/01/50 00:00:00",300,4300,"D20c-hbe",7,"CT provisoire car lit instable suite aux travaux du nouveau barrage.","C","04/28/22 13:07:00","04/28/22 13:07:00","12/07/19 13:00:00",,,"D20c-hbe",0,
17484,0,"03/21/20 00:00:00","01/01/50 00:00:00",1010,3500,"d09tqe",7,,"C","02/20/18 09:47:00","05/02/22 13:49:00","02/20/18 10:06:00",,,"d09tqe",0,
17487,142,"04/09/18 00:00:00","03/01/21 00:00:00",-2400,4000,"D04a-hbe",23,"modification suite aux crues du premier trimestre 2018","C","10/28/08 15:17:00","05/03/22 14:48:00","03/12/07 16:15:00",,,"D04a-hbe",0,
17490,151,"01/01/95 00:00:00","01/01/50 00:00:00",300,2500,"D10e-tqe",12,"A utiliser en interne car trés peu jaugé et débordement supérieur à 2.50 m.","C",,"05/04/22 09:29:00","03/05/12 15:00:00",1500,,"D10e-tqe",0,
17491,56,"02/10/20 00:00:00","01/01/50 00:00:00",500,3100,"D21b-hbe",12,"Courbe à herbes pour crues hivernales;
modifié apres la crue de fevrier2020
","C","04/25/19 08:30:00","05/04/22 11:48:00","03/08/04 12:02:00",,,"D21b-hbe",0,
17493,129,"10/01/10 00:00:00","01/01/50 00:00:00",-1400,1550,"CTchambrey",17,"Courbe pour une crue estivale
","C","02/05/09 11:35:00","05/09/22 15:28:00","02/05/12 11:35:00",,,"d06b-hbe",0,
17494,56,"01/01/15 00:00:00","01/01/50 00:00:00",500,3100,"CTmoyenvic",10,"Courbe à herbes pour crues estivales
","C","11/14/12 07:11:00","05/09/22 15:29:00","03/08/04 12:02:00",,,"D17-hbe",1,
17495,60,"01/01/12 00:00:00","12/30/50 00:00:00",240,3200,"CTnomeny",15,"courbe prenant en compte un jaugeage de crue d'été en 20160607 (présence importante d'herbe
) mais non appliquée dans hydroportail car spécifique à cette crue (correctifs herbe appliqués à la D33a)

","C",,"05/09/22 15:30:00",,,,,0,
17497,107,"06/28/01 00:00:00","02/01/20 00:00:00",-100,2700,"D20b-hbe",15,,"C","05/24/19 15:05:00","05/10/22 16:12:00","10/08/15 11:00:00",,,"D20b-hbe",0,
17499,112,"01/05/22 00:00:00","01/01/50 00:00:00",-400,2600,"D08-hbe",29,"Affinage à 200/220 suite jaugeage du 05
 janvier 2022.","C","01/06/22 11:16:00","05/11/22 13:20:00","01/25/18 00:00:00",,,"D08-hbe",0,
17500,6,"01/01/20 00:00:00","01/01/50 00:00:00",50,3000,"D33-hbe",7,"CT en construction","C",,"05/12/22 08:45:00","05/12/22 09:00:00",,,"D33-hbe",0,
17501,6,"01/01/18 00:00:00","01/01/20 00:00:00",50,3000,"D32-hbe",6,"Nouvelle CT provisoire  suite mise en service d'une 2ième centrale hydroelectrique.  	 	  	 	","C",,"05/12/22 08:49:00","07/05/18 09:00:00",,,"D32-hbe",0,
17508,126,"04/12/98 00:00:00","01/26/15 00:00:00",70,2800,"A D15d-hbe",17,,"C","07/01/11 12:25:00","05/12/22 09:40:00","10/23/08 15:30:00",,,,0,
17509,126,"01/26/15 00:00:00","01/01/50 00:00:00",70,3000,"A D16b-hbe",13,"CT étiage influencée par des dépots de sediments provenant d'un ruisseau situé 5 m aval station en RD","C","11/23/18 16:54:00","05/12/22 09:45:00","07/01/11 12:30:00",,,,0,"Attendre fin hiver pour  2021 pour confirmer CT A D17-hbe"
17510,34,"12/10/10 00:00:00","01/01/21 00:00:00",300,4200,"d31a-hbe",15,"extrapolation haute suite à modélisation egis (décembre 2014)","C","04/30/15 10:28:00","05/13/22 08:37:00","10/14/05 14:57:00",,,"d31a-hbe",0,
17511,34,"01/01/21 00:00:00","01/01/50 00:00:00",300,4200,"d32-hbe",14,"extrapolation haute suite à modélisation egis (décembre 2014)","C","04/30/15 10:28:00","05/13/22 08:41:00","10/14/05 14:57:00",,,"d32-hbe",0,
17513,8,"01/01/90 00:00:00","01/01/50 00:00:00",200,3000,"A EPAMA",10,"Crée par J Leplus (EPAMA) en août 2016","C",,"05/13/22 09:07:00","08/30/16 11:37:00",250,3000,,1,
17514,8,"12/20/11 00:00:00","01/01/50 00:00:00",150,2500,"A EPAMA",34,"CT transmise par J LEPLUS (EPAMA) en juillet 2016 suite modélisation Meuse","C","01/27/16 14:29:00","05/13/22 09:07:00","07/11/16 14:00:00",,,,1,
17515,2,"10/01/08 00:00:00","01/01/50 00:00:00",450,1900,"D05a-tqe",12,"Courbe revue en hautes eaux, prise en compte à l'étiage du curage de la vezouze constaté en automne 2008. Ajustement jaugeages 2016/2018. Haut de courbe en dessous jaugeage cyclo de 29/10 1998 (cyclo surestime + végétalisation du lit)



","C","02/23/18 16:09:00","05/16/22 16:27:00","02/23/18 16:00:00",420,,"D05a-tqe",0,
17517,267,"03/16/18 00:00:00","10/01/21 00:00:00",230,3000,"D8c",20,,"C","08/05/20 15:44:00","05/18/22 10:06:00","08/04/20 15:30:00",,,"D8c",0,
17518,165,"06/17/20 00:00:00","01/01/50 00:00:00",-400,1600,"D02",14,"Nouvelle courbe après destruction du seuil en2019","C","06/22/21 08:31:00","05/19/22 07:29:00","06/22/21 08:31:00",,,"D02",0,
17520,186,"01/01/19 00:00:00","03/01/21 00:00:00",350,700,"d03",4,,"T","09/13/18 08:37:00","05/19/22 07:49:00",,,,"d03",0,
17521,186,"03/01/21 00:00:00","12/31/50 00:00:00",350,700,"d04",10,,"T","09/13/18 08:37:00","05/19/22 07:55:00",,,,"d04",0,
17524,12,"11/16/14 00:00:00","11/05/19 00:00:00",400,3800,"D50f-hbe",9,"Débordement par la route D164 à partir de 3.50 m.","C","05/20/22 11:11:00","05/20/22 11:36:00","10/12/15 11:00:00",,,"D50f-hbe",0,
17525,85,"01/01/20 00:00:00","01/01/50 00:00:00",500,3800,"D22f-hbe",17,,"C","05/20/22 13:56:00","05/20/22 13:56:00","05/20/22 14:00:00",,,"D22f-hbe",0,
17531,137,"01/05/15 00:00:00","03/17/21 00:00:00",400,4000,"D32f-hbe",14,"La courbe de tarage ne prend pas en compte le débit de la résurgence l'Abreuvoir en étiage.","C","12/29/21 12:17:00","05/20/22 16:41:00","10/12/15 00:00:00",,,"D32f-hbe",0,
17532,137,"03/17/21 00:00:00","01/01/50 00:00:00",400,4000,"D34a-hbe",13,"La courbe de tarage ne prend pas en compte le débit de la résurgence l'Abreuvoir en étiage.","C","05/20/22 16:16:00","05/20/22 16:46:00","12/28/21 10:00:00",,,"D34a-hbe",0,
17535,133,"05/01/21 00:00:00","01/01/50 00:00:00",450,3700,"A D42-hbe",11,"La CT ne prend pas en compte les debits transitant par le canal et la dérivation du Moulin.
En crue le barrage est couché à partir de 80 m3/s","C","10/02/20 13:32:00","05/21/22 09:53:00","07/11/19 00:00:00",,,"D41b-hbe",0,
17538,8,"12/20/11 00:00:00","01/01/22 00:00:00",-200,2500,"D21f-hbe",15,,"C","10/20/18 00:00:00","05/22/22 09:28:00","08/13/13 00:00:00",,,"D21f-hbe",0,
17604,332,"01/00/00 00:00:00","01/01/50 00:00:00",,,,13,,"C",,"09/22/22 17:35:00","09/22/22 17:35:00",,,,1,
17605,332,"01/00/00 00:00:00","01/01/50 00:00:00",,,,13,,"C",,"09/22/22 17:36:00","09/22/22 17:36:00",,,,0,
17609,260,"01/01/21 10:00:00","01/01/50 00:00:00",220,2000,"d04",9,"détarage apres la crue de mars 2019","T",,"09/29/22 10:55:00","05/04/07 12:19:00",,,"d04",0,
17606,332,"01/01/23 00:00:00","01/01/50 00:00:00",,,,13,,"C",,"09/22/22 17:36:00","09/22/22 17:36:00",,,,1,
17612,171,"10/01/21 00:00:00","01/01/50 00:00:00",10,1600,"D3",14,"Evolution suite aux crues de janvier 2018","C",,"09/29/22 11:21:00","01/23/15 10:16:00",,,"D3",0,
17628,9,"05/01/04 00:00:00","01/01/22 00:00:00",200,6500,"A D44",13,"En deça de 20 m3/s, la station est non univoque par les manoeuvres du barrage aval. Les débits inférieurs à 30 m3/s sont calculés à partir de la station Chooz Trou du Diable.","C",,"10/10/22 12:35:00",,,,,0,
17630,43,"01/01/06 00:00:00","01/12/49 00:00:00",12,5000,"ToulBa_inf",99,"h/q Baratin : Qmin","C",,,,,,,,
17631,43,"01/01/06 00:00:00","01/12/49 00:00:00",12,5000,"ToulBa_sup",99,"h/q Baratin : Qmax","C",,,,,,,,
17632,43,"01/01/06 00:00:00","01/12/49 00:00:00",12,5000,"ToulBa",99,"h/q Baratin : Qmaxpost","C",,,,,,,,
