nosta,ladate,valeur
16,"06/10/21 11:20:00",0
16,"07/07/21 10:37:00",-40
23,"10/02/08 00:00:00",-49
23,"09/18/08 00:00:00",-35
23,"10/12/08 00:00:00",-23
23,"10/28/08 00:00:00",0
23,"09/28/08 00:00:00",-49
23,"09/01/08 00:00:00",0
23,"10/25/15 00:00:00",0
23,"10/31/15 12:00:00",-30
23,"11/20/15 00:00:00",0
23,"10/25/15 09:30:00",-50
23,"08/01/88 11:00:00",0
23,"08/01/88 12:00:00",20
23,"08/22/88 12:00:00",15
23,"02/03/89 12:00:00",40
23,"02/25/89 03:00:00",40
23,"02/25/89 17:00:00",0
27,"04/10/91 00:00:00",0
27,"04/16/91 00:00:00",-36
27,"04/30/91 00:00:00",-37
27,"12/10/13 00:00:00",75
27,"05/16/91 20:00:00",-30
27,"05/17/91 09:00:00",0
27,"05/31/92 23:00:00",0
27,"06/03/92 00:00:00",-30
27,"06/22/92 11:00:00",-30
27,"06/22/92 12:30:00",0
27,"04/20/09 00:00:00",0
27,"05/27/09 00:00:00",-40
27,"06/12/09 00:00:00",-30
27,"06/18/09 00:00:00",-10
27,"07/03/09 00:00:00",0
27,"01/16/12 00:00:00",0
27,"01/27/12 00:00:00",30
27,"03/05/12 00:00:00",35
27,"04/05/12 00:00:00",0
27,"11/24/13 00:00:00",0
27,"12/16/13 00:00:00",85
34,"08/08/12 10:00:00",-35
36,"06/29/01 00:00:00",0
36,"08/23/01 13:00:00",-46
36,"10/29/01 00:00:00",0
36,"07/29/09 00:00:00",0
36,"08/03/09 14:00:00",-24
36,"08/12/09 14:00:00",-18
36,"08/27/09 12:00:00",-16
36,"09/09/09 00:00:00",0
36,"02/28/10 00:00:00",0
36,"03/23/10 12:00:00",-20
36,"04/16/10 12:00:00",-16
36,"05/05/10 00:00:00",0
36,"06/28/10 00:00:00",0
36,"07/23/10 12:00:00",-41
36,"08/06/10 12:00:00",-35
36,"08/27/10 11:00:00",-32
36,"09/14/10 11:00:00",-22
36,"10/09/10 00:00:00",0
36,"02/14/12 00:00:00",0
36,"02/17/12 12:00:00",16
36,"03/06/12 14:00:00",7
36,"03/20/12 00:00:00",0
36,"08/25/14 00:00:00",0
36,"09/26/14 12:00:00",-12
36,"10/21/14 00:00:00",0
36,"11/17/03 10:00:00",200
36,"11/19/03 12:00:00",200
36,"09/26/03 10:00:00",150
36,"09/26/02 15:00:00",30
36,"10/01/03 00:00:00",150
36,"09/16/03 00:00:00",0
36,"09/16/03 14:00:00",170
36,"09/17/03 12:00:00",220
36,"09/23/03 14:00:00",300
36,"10/02/03 15:00:00",110
36,"10/03/03 00:00:00",0
36,"11/06/03 00:00:00",0
36,"11/06/03 19:00:00",200
36,"11/11/03 12:00:00",200
36,"11/11/03 19:00:00",0
36,"10/05/02 18:00:00",0
36,"11/17/03 07:00:00",0
36,"11/24/03 17:00:00",250
36,"11/24/03 22:00:00",0
36,"02/01/11 00:00:00",0
36,"02/09/11 11:00:00",5
36,"02/24/11 12:00:00",20
36,"03/10/11 13:00:00",5
36,"03/27/11 00:00:00",0
36,"09/21/02 00:00:00",0
36,"11/23/03 12:00:00",250
36,"10/05/02 12:00:00",40
37,"10/06/11 05:00:00",0
37,"10/06/11 12:00:00",-10
37,"10/10/11 10:00:00",-30
37,"10/28/11 10:00:00",-10
37,"11/01/11 21:00:00",-50
37,"11/15/11 11:00:00",-50
37,"12/01/11 11:00:00",-50
37,"12/07/11 11:00:00",0
37,"05/31/14 22:00:00",0
37,"06/25/14 08:00:00",-14
37,"07/18/14 08:00:00",-12
37,"07/29/14 09:00:00",-12
37,"08/06/14 22:00:00",-12
37,"08/10/14 13:00:00",0
45,"11/04/11 09:00:00",0
45,"11/06/11 00:00:00",-40
45,"11/09/11 12:00:00",-35
45,"11/29/11 12:00:00",-30
45,"12/04/11 00:00:00",-30
45,"12/05/11 00:00:00",0
45,"08/02/12 05:00:00",0
45,"08/02/12 12:00:00",-40
45,"08/31/12 11:30:00",-140
45,"09/28/12 10:00:00",-110
45,"10/11/12 14:00:00",-125
45,"10/18/12 08:30:00",0
46,"05/06/11 15:00:00",0
46,"05/07/11 03:00:00",-58
46,"05/30/11 07:00:00",-35
46,"06/02/11 22:00:00",0
46,"09/15/13 15:00:00",0
46,"09/24/13 12:00:00",-39
46,"10/18/13 07:00:00",-92
46,"10/18/13 17:00:00",0
46,"07/06/14 19:00:00",0
46,"07/16/14 12:00:00",22
46,"07/28/14 04:00:00",52
46,"07/28/14 11:00:00",0
46,"09/17/15 06:00:00",0
46,"09/17/15 11:00:00",68
46,"09/18/15 08:00:00",56
46,"09/18/15 13:00:00",0
46,"10/07/15 07:00:00",0
46,"10/07/15 14:00:00",65
46,"10/09/15 08:00:00",60
46,"10/09/15 13:00:00",0
46,"11/21/15 16:00:00",0
46,"11/21/15 22:00:00",63
46,"11/23/15 11:00:00",55
46,"11/23/15 17:00:00",0
47,"06/17/11 12:00:00",0
47,"07/06/11 14:00:00",13
47,"07/22/11 11:00:00",12
47,"08/04/11 11:00:00",17
47,"08/24/11 13:00:00",17
47,"08/31/11 15:00:00",20
47,"08/31/11 21:00:00",0
47,"09/30/11 11:00:00",-7
47,"10/20/11 14:00:00",-11
47,"11/09/11 14:00:00",-9
47,"11/29/11 15:00:00",-11
47,"12/04/11 00:00:00",0
47,"07/24/15 00:00:00",0
47,"08/04/15 12:00:00",11
47,"08/25/15 12:00:00",20
47,"08/31/15 18:00:00",20
47,"08/31/15 21:00:00",0
49,"09/12/94 03:00:00",0
49,"10/13/94 17:00:00",-20
49,"01/01/01 12:00:00",70
49,"01/17/95 10:00:00",-10
49,"05/18/94 09:00:00",30
49,"05/18/94 10:00:00",0
49,"01/24/95 17:00:00",0
49,"01/01/01 11:00:00",0
49,"03/09/01 11:00:00",70
49,"03/09/01 12:00:00",0
49,"02/04/94 17:00:00",0
49,"02/04/94 17:01:00",60
49,"02/07/94 09:00:00",60
49,"10/31/07 09:00:00",0
49,"11/12/07 11:00:00",-20
49,"11/28/07 11:00:00",-20
49,"12/04/07 14:00:00",0
49,"08/16/09 15:00:00",0
49,"09/16/09 06:00:00",-15
49,"09/16/09 09:00:00",0
49,"10/07/10 08:00:00",0
49,"10/08/10 11:30:00",20
49,"10/23/10 12:00:00",20
49,"10/28/10 12:00:00",0
49,"08/04/11 18:00:00",0
49,"08/11/11 12:00:00",-10
49,"09/06/11 12:00:00",-10
49,"09/24/11 00:00:00",-10
49,"10/01/11 05:00:00",0
49,"05/30/12 15:00:00",15
49,"06/06/12 12:00:00",10
49,"06/10/12 04:00:00",10
49,"06/11/12 03:15:00",0
49,"05/29/12 15:00:00",0
49,"10/24/15 00:00:00",0
49,"11/17/15 08:00:00",-15
49,"12/15/15 12:00:00",-15
49,"01/05/16 00:00:00",-8
49,"01/06/16 18:00:00",0
49,"09/11/16 17:30:00",0
49,"10/05/16 11:00:00",-15
49,"10/24/16 08:00:00",-15
49,"10/24/16 08:30:00",0
49,"11/18/16 10:00:00",0
49,"11/18/16 11:30:00",20
49,"11/20/16 16:00:00",20
49,"11/20/16 17:30:00",0
16,"07/17/21 05:50:00",0
27,"01/03/14 11:15:00",0
42,"07/21/21 09:22:00",0
34,"08/29/12 09:10:00",-75
34,"09/27/12 10:00:00",-25
34,"10/10/12 10:55:00",-14
49,"02/22/19 13:30:00",0
49,"02/22/19 15:00:00",25
53,"04/03/15 00:00:00",0
53,"04/16/15 13:00:00",-33
53,"04/29/15 10:00:00",-45
53,"05/01/15 00:00:00",0
54,"09/01/08 00:00:00",0
54,"09/24/08 00:00:00",-35
54,"10/13/08 00:00:00",-97
54,"10/29/08 00:00:00",-210
54,"11/30/08 12:00:00",-110
54,"12/01/08 12:00:00",0
54,"11/01/09 00:00:00",0
54,"11/18/09 00:00:00",-46
54,"12/01/09 00:00:00",0
54,"09/14/10 00:00:00",0
54,"09/24/10 00:00:00",-48
54,"10/08/10 00:00:00",-109
54,"10/22/10 00:00:00",-150
54,"11/09/10 00:00:00",-110
54,"11/27/10 00:00:00",0
54,"09/01/11 00:00:00",0
54,"11/07/11 00:00:00",-106
54,"11/17/11 00:00:00",-217
54,"01/04/12 00:00:00",0
54,"10/01/12 00:00:00",0
54,"10/12/12 00:00:00",-104
54,"10/20/12 18:00:00",0
54,"08/02/13 00:00:00",0
54,"09/13/13 00:00:00",-19
54,"10/16/13 00:00:00",0
54,"12/17/14 00:00:00",0
54,"12/24/14 00:00:00",-76
54,"01/12/15 00:00:00",-40
54,"01/16/15 17:00:00",0
54,"09/11/15 00:00:00",0
54,"10/20/15 00:00:00",-144
54,"11/25/15 00:00:00",-120
54,"01/05/16 00:00:00",0
54,"10/23/16 00:00:00",0
54,"10/25/16 00:00:00",-70
54,"11/14/16 00:00:00",-200
54,"11/17/16 00:00:00",0
54,"11/22/16 00:00:00",-150
54,"12/27/16 00:00:00",-180
54,"12/28/16 00:00:00",0
54,"08/22/17 00:00:00",0
54,"09/22/17 00:00:00",-70
54,"10/12/17 00:00:00",-145
54,"12/21/17 00:00:00",-290
54,"01/01/18 00:00:00",0
54,"05/01/21 00:00:00",0
54,"05/05/21 10:29:00",-15
54,"06/10/21 12:25:00",-67
54,"07/21/21 11:32:00",-91
55,"03/25/21 00:00:00",0
55,"04/27/21 10:06:00",-55
55,"05/05/21 12:01:00",-66
55,"06/10/21 13:56:00",-108
55,"07/22/21 08:24:00",-89
57,"09/01/09 10:02:00",0
57,"09/11/09 17:03:00",-38
57,"09/27/09 20:15:00",-87
57,"10/05/09 07:52:00",5
57,"10/16/09 02:03:00",-62
57,"10/22/09 04:01:00",-97
57,"11/10/09 08:20:00",-69
57,"11/20/09 04:07:00",0
60,"04/08/10 00:00:00",0
60,"04/28/10 14:00:00",-18
60,"05/18/10 12:00:00",-30
60,"06/16/10 12:00:00",-60
60,"06/02/10 12:00:00",-40
60,"11/08/10 08:00:00",0
60,"11/09/10 14:00:00",-90
60,"11/11/10 00:00:00",0
60,"07/01/10 00:00:00",0
60,"06/15/10 00:00:00",0
60,"03/01/13 12:00:00",-124
60,"02/13/13 00:00:00",0
60,"03/05/13 10:00:00",0
60,"03/06/13 08:00:00",-77
60,"03/18/13 12:00:00",-113
60,"03/27/13 07:00:00",-110
60,"03/27/13 20:00:00",0
60,"06/18/13 12:00:00",0
60,"06/18/13 16:00:00",-175
60,"06/24/13 14:00:00",-140
60,"06/28/13 14:00:00",-100
60,"07/01/13 14:00:00",-80
60,"07/08/13 12:00:00",-110
60,"07/09/13 14:00:00",-90
60,"07/11/13 05:00:00",0
60,"07/10/13 19:00:00",-60
60,"11/02/13 00:00:00",0
60,"11/06/13 13:00:00",-125
60,"11/30/13 14:00:00",0
60,"03/21/15 02:00:00",-25
60,"03/20/15 17:00:00",0
60,"03/23/15 14:00:00",-22
60,"03/25/15 09:00:00",-22
60,"03/26/15 00:00:00",0
70,"07/01/15 03:00:00",0
70,"07/07/15 22:52:00",-45
70,"07/20/15 19:52:00",-59
70,"08/04/15 20:20:00",-87
70,"08/17/15 17:20:00",-96
70,"09/01/15 13:13:00",-98
70,"09/14/15 10:13:00",-89
70,"09/30/15 05:26:00",-60
70,"10/12/15 07:41:00",-30
70,"10/27/15 03:28:00",-28
74,"05/24/11 10:45:00",-30
74,"05/30/11 13:00:00",-29
74,"05/06/11 06:38:00",0
74,"05/11/11 06:56:00",-10
74,"05/17/11 09:01:00",-25
74,"06/11/11 12:52:00",0
74,"07/19/11 15:17:00",15
74,"07/25/11 11:25:00",41
74,"07/29/11 14:43:00",0
74,"11/30/11 00:00:00",54
74,"12/01/11 00:00:00",65
74,"12/02/11 00:00:00",0
88,"04/26/21 18:00:00",0
88,"05/04/21 10:29:00",-7
88,"06/17/21 10:15:00",-14
88,"07/07/21 11:00:00",-42
88,"07/13/21 06:00:00",-42
88,"07/14/21 06:00:00",-3
88,"08/05/21 11:08:00",-3
138,"04/18/12 01:24:00",-1
138,"04/25/12 06:05:00",5
138,"05/29/12 01:41:00",-1
138,"06/07/12 12:45:00",5
138,"07/04/12 06:50:00",1
138,"07/05/12 04:01:00",-18
138,"07/11/12 05:20:00",-10
143,"03/07/09 12:00:00",0
143,"03/24/09 12:00:00",-35
143,"04/17/09 12:00:00",-28
143,"05/27/09 12:00:00",-30
143,"08/18/09 00:00:00",0
143,"11/03/09 07:00:00",0
143,"11/03/09 15:00:00",-200
143,"11/13/09 00:00:00",-200
143,"11/23/09 00:00:00",0
143,"11/09/10 09:00:00",0
143,"11/09/10 10:00:00",-50
143,"11/15/10 12:00:00",-40
143,"12/01/10 00:00:00",0
147,"09/19/11 10:00:00",30
147,"10/24/11 05:00:00",30
147,"09/19/11 09:00:00",0
147,"10/25/11 02:00:00",0
155,"09/13/15 15:00:00",0
155,"09/13/15 17:00:00",70
155,"09/22/15 13:00:00",70
155,"10/16/15 13:00:00",60
155,"11/04/15 17:00:00",20
155,"11/04/15 20:00:00",0
61,"09/21/09 00:00:00",0
61,"10/07/09 15:00:00",-85
61,"10/16/09 00:00:00",-80
61,"11/01/09 00:00:00",0
61,"11/01/11 00:00:00",0
61,"11/02/11 12:00:00",-40
61,"11/24/11 12:00:00",-40
61,"11/28/11 15:00:00",-40
61,"12/15/11 00:00:00",-40
61,"12/15/11 21:00:00",0
65,"08/01/21 02:40:00",0
65,"08/01/21 04:30:00",-33
65,"08/11/21 10:00:00",-33
65,"10/01/21 20:00:00",0
54,"08/26/21 09:05:00",0
20,"09/08/21 00:00:00",0
20,"09/15/21 11:30:00",-6
58,"08/14/21 15:09:00",0
58,"08/14/21 15:52:00",-88
58,"08/17/21 12:20:00",-99
58,"08/17/21 13:27:00",0
20,"09/23/21 11:29:00",0
55,"08/26/21 11:30:00",-71
55,"09/30/21 11:20:00",-88
54,"09/30/21 08:26:00",-53
156,"09/03/21 13:00:00",0
156,"10/07/21 12:45:00",-48
156,"10/07/21 13:30:00",-7
156,"10/07/21 19:00:00",0
88,"09/01/21 00:00:00",0
20,"10/18/21 11:20:00",0
20,"10/20/21 16:20:00",-38
20,"10/26/21 10:00:00",-33
55,"12/05/21 00:00:00",0
54,"02/26/22 16:00:00",0
53,"06/17/15 23:59:00",-62
53,"06/18/15 00:00:00",0
53,"03/23/17 11:50:00",0
70,"11/16/22 12:34:00",-62
49,"02/23/19 09:00:00",25
49,"02/23/19 16:45:00",45
49,"02/24/19 14:15:00",45
49,"02/24/19 15:00:00",0
49,"08/31/19 13:29:00",0
49,"08/31/19 13:30:00",10
49,"09/10/19 03:15:00",0
49,"10/01/17 00:00:00",0
57,"09/09/07 16:00:00",0
57,"09/09/07 17:00:00",0
57,"09/11/07 11:00:00",42
57,"09/11/07 12:00:00",42
57,"10/10/07 12:00:00",-37
57,"10/10/07 13:00:00",-37
57,"10/22/07 13:30:00",25
48,"09/15/21 11:40:00",-3
48,"10/27/21 09:20:00",-21
48,"10/27/21 12:00:00",0
5,"10/18/21 12:15:00",0
5,"10/28/21 08:10:00",-10
5,"10/28/21 10:34:00",0
87,"10/20/21 20:10:00",0
87,"10/21/21 00:20:00",-57
54,"11/03/21 11:33:00",-119
55,"11/03/21 10:21:00",-72
29,"10/10/21 17:20:00",0
29,"11/03/21 12:26:00",-58
29,"01/01/22 00:00:00",0
7,"07/21/21 02:20:00",0
7,"07/27/21 07:30:00",-12
7,"08/25/21 07:42:00",-36
7,"10/01/21 04:46:00",0
42,"09/21/21 10:00:00",-27
42,"10/26/21 07:57:00",-44
156,"10/25/21 00:00:00",0
156,"11/16/21 10:19:00",-67
156,"11/16/21 10:39:00",-8
156,"11/16/21 12:00:00",0
47,"10/16/21 02:00:00",0
47,"11/17/21 17:00:00",0
47,"11/17/21 12:20:00",-55
34,"11/18/21 11:10:00",-55
34,"11/18/21 12:40:00",-21
99,"10/23/21 14:00:00",0
99,"11/25/21 11:40:00",-57
98,"10/21/21 12:00:00",0
98,"11/25/21 14:10:00",-30
98,"11/25/21 15:00:00",0
42,"11/30/21 11:09:00",-56
66,"11/29/21 12:00:00",0
66,"11/30/21 11:49:00",-11
66,"11/30/21 12:15:00",0
155,"10/23/21 09:00:00",0
155,"11/16/21 10:30:00",-74
55,"09/30/20 23:59:00",0
55,"10/01/20 00:00:00",-55
55,"11/05/20 12:23:00",-28
55,"12/02/20 12:00:00",0
142,"08/01/21 00:00:00",0
142,"08/12/21 08:15:00",-35
142,"08/22/21 09:24:00",-67
142,"11/04/21 12:22:00",-93
142,"12/15/21 10:44:00",-287
142,"12/29/21 15:00:00",0
49,"10/28/21 11:24:00",-17
49,"12/16/21 11:00:00",-23
49,"12/27/21 03:40:00",0
55,"01/28/22 12:15:00",0
55,"02/10/22 12:50:00",-31
48,"06/15/21 09:00:00",0
48,"07/20/21 08:55:00",-41
57,"04/25/21 00:00:00",0
57,"05/04/21 09:20:00",-17
57,"05/10/21 23:40:00",-36
57,"05/11/21 01:00:00",0
57,"09/02/21 09:00:00",0
57,"09/22/21 08:10:00",-21
57,"10/28/21 11:45:00",-23
57,"12/03/21 16:00:00",0
142,"01/26/22 00:00:00",0
142,"01/28/22 08:30:00",-24
142,"03/09/22 12:20:00",-72
55,"03/23/22 12:32:00",-64
54,"12/27/21 12:00:00",0
54,"03/23/22 10:54:00",-44
125,"09/13/08 00:00:00",0
125,"10/14/08 11:15:00",-30
125,"06/05/09 00:00:00",0
125,"06/24/09 09:40:00",0
125,"07/29/09 11:45:00",-36
125,"10/06/09 14:00:00",-48
125,"11/04/09 05:00:00",0
125,"09/07/10 11:00:00",-48
125,"07/12/11 05:00:00",-45
125,"07/20/11 10:30:00",-26
125,"09/21/11 11:30:00",-21
125,"10/26/11 10:15:00",-15
155,"12/27/21 10:00:00",0
55,"03/22/20 23:30:00",0
55,"03/23/20 00:00:00",23
55,"05/19/20 07:55:00",0
42,"02/24/22 18:00:00",0
42,"03/10/22 10:42:00",-7
42,"04/28/22 09:09:00",-72
46,"03/18/22 00:00:00",0
46,"04/21/22 09:30:00",-28
46,"04/27/22 10:50:00",-26
142,"04/27/22 09:55:00",-290
96,"04/28/22 10:55:00",-74
96,"03/23/22 00:00:00",0
55,"05/03/22 11:18:00",-101
54,"05/03/22 09:40:00",-20
130,"05/04/22 10:00:00",-36
123,"02/15/22 00:00:00",0
123,"03/17/22 09:29:00",-59
123,"05/04/22 08:25:00",-195
57,"03/14/22 08:30:00",0
57,"03/16/22 09:15:00",-8
57,"05/03/22 08:10:00",-82
130,"04/30/22 15:40:00",0
125,"09/19/12 13:30:00",-30
125,"10/25/12 10:15:00",-36
125,"05/14/14 11:15:00",-50
125,"06/18/14 13:40:00",-10
125,"07/24/14 10:10:00",0
125,"09/03/14 10:20:00",0
125,"09/30/14 10:30:00",-5
125,"09/19/13 10:40:00",-59
125,"11/04/13 00:00:00",0
90,"07/29/07 00:00:00",0
90,"08/16/07 14:20:00",-42
90,"09/23/07 00:00:00",0
90,"06/17/08 13:30:00",-103
90,"07/17/08 14:00:00",-44
90,"08/19/08 10:30:00",-47
90,"10/16/08 13:25:00",-54
90,"10/31/08 00:00:00",0
90,"07/22/10 10:30:00",-31
90,"09/07/10 12:58:00",-24
90,"07/11/12 10:15:00",-47
90,"08/01/12 10:33:00",-59
90,"08/16/12 12:15:00",-51
90,"08/22/12 10:32:00",-35
90,"09/04/12 10:25:00",-29
90,"09/13/12 10:25:00",-39
90,"07/02/13 13:30:00",-39
90,"08/13/13 14:30:00",-53
90,"08/27/13 10:30:00",-58
89,"08/15/77 00:00:00",0
142,"03/23/22 12:45:00",-133
54,"07/17/22 00:00:00",0
57,"07/20/22 08:01:00",-49
142,"08/18/22 09:51:00",-99
72,"09/29/22 12:50:00",-5
123,"10/20/22 07:57:00",0
130,"10/20/22 10:30:00",-390
49,"10/26/22 11:20:00",-24
35,"10/06/22 12:00:00",0
55,"09/22/22 09:01:00",-1
42,"08/18/21 09:40:00",-21
42,"12/26/21 00:00:00",-40
42,"12/28/21 00:00:00",0
42,"09/21/22 00:00:00",0
134,"12/16/22 10:20:00",-32
155,"05/01/22 00:00:00",0
155,"05/11/22 08:50:00",-27
57,"01/08/23 00:00:00",-14
57,"01/10/23 00:00:00",0
96,"10/14/22 12:00:00",0
134,"01/14/23 07:30:00",0
46,"01/15/23 12:30:00",0
49,"02/14/23 10:46:00",0
16,"08/18/21 08:20:00",-56
16,"09/09/21 08:21:00",-73
16,"10/13/21 11:58:00",-77
16,"03/07/22 00:00:00",0
50,"06/05/21 20:40:00",0
20,"10/26/21 16:19:00",-2
34,"10/12/21 08:57:00",-16
34,"12/03/21 17:00:00",-21
99,"11/27/21 12:50:00",-6
48,"08/12/21 12:10:00",-5
180,"09/06/24 08:20:00",-33
87,"11/02/21 13:00:00",-72
87,"11/02/21 13:50:00",-6
89,"05/01/22 00:00:00",0
125,"10/22/08 00:00:00",0
125,"05/19/10 10:30:00",-40
125,"06/10/10 00:00:00",0
125,"10/17/10 00:00:00",-40
125,"10/30/10 11:32:00",-10
125,"11/24/11 11:06:00",-35
125,"07/01/12 00:00:00",-25
125,"11/30/12 00:00:00",0
125,"07/03/13 00:00:00",-30
125,"05/22/14 00:00:00",-20
125,"11/05/14 10:30:00",0
125,"10/21/15 09:36:00",-10
125,"11/21/15 00:00:00",0
125,"10/11/16 11:22:00",-20
125,"10/17/16 00:00:00",0
125,"07/09/18 00:00:00",0
125,"10/23/18 10:33:00",-48
125,"10/29/18 00:00:00",0
125,"07/12/19 12:00:00",0
90,"09/16/08 10:30:00",-9
90,"10/02/08 10:45:00",-28
90,"06/22/10 12:20:00",0
90,"10/30/10 14:17:00",-10
90,"06/27/11 10:58:00",-23
90,"08/22/11 13:13:00",-11
90,"09/21/11 13:45:00",-7
90,"06/17/12 00:00:00",0
90,"09/13/12 10:36:00",-35
90,"10/18/12 13:45:00",-43
90,"11/20/12 13:30:00",-21
126,"05/17/23 00:00:00",0
89,"05/10/22 12:30:00",-11
90,"09/03/14 13:05:00",-23
90,"09/30/14 11:30:00",-21
90,"06/04/15 10:00:00",-39
90,"07/09/15 13:45:00",-37
110,"04/30/21 00:20:00",0
110,"05/25/21 11:25:00",-43
110,"06/01/21 11:30:00",-59
110,"06/30/21 10:42:00",-135
110,"07/06/21 08:30:00",-119
110,"08/03/21 10:40:00",-74
110,"09/21/21 10:20:00",-26
90,"07/16/15 10:30:00",-33
90,"07/20/15 11:30:00",-32
90,"08/14/15 10:00:00",0
90,"08/17/16 15:00:00",0
90,"09/01/16 16:10:00",-16
90,"09/22/16 10:00:00",0
90,"06/22/17 10:35:00",-32
90,"08/21/18 10:40:00",-4
90,"09/26/18 10:30:00",-13
90,"10/23/18 11:45:00",-5
90,"05/28/19 11:30:00",-92
90,"07/02/19 09:45:00",-58
90,"07/09/19 15:00:00",-40
90,"07/17/19 09:50:00",-20
90,"08/14/19 12:30:00",-14
90,"09/03/19 10:10:00",-7
90,"09/10/19 12:45:00",0
90,"07/09/20 13:00:00",-20
90,"07/20/20 12:40:00",-47
90,"08/11/20 14:00:00",-20
90,"09/01/20 14:15:00",0
90,"09/02/21 11:45:00",-29
90,"10/12/21 12:09:00",-45
142,"05/16/22 11:00:00",-97
94,"04/15/22 00:00:00",0
94,"04/20/22 10:55:00",-81
126,"05/19/15 14:40:00",0
126,"06/18/15 13:50:00",-12
126,"07/30/15 14:30:00",-11
126,"09/02/15 10:20:00",-57
126,"10/08/15 14:10:00",-36
126,"07/28/16 13:15:00",-6
126,"09/13/16 14:15:00",-93
126,"10/19/16 10:30:00",-40
126,"07/26/18 14:20:00",-37
126,"10/17/18 11:00:00",-46
126,"07/24/19 09:40:00",-94
126,"09/04/19 10:30:00",-29
126,"09/10/19 14:40:00",-80
126,"11/05/19 00:00:00",0
126,"06/01/20 00:00:00",0
126,"06/17/20 10:35:00",-35
126,"07/30/20 11:40:00",-28
126,"09/24/20 13:40:00",-75
126,"10/21/20 14:30:00",-10
126,"10/31/20 00:00:00",0
126,"06/01/21 00:00:00",0
126,"06/09/21 11:55:00",-26
108,"04/05/22 00:00:00",0
108,"04/13/22 10:57:00",-117
108,"05/16/22 12:43:00",-171
89,"06/28/72 00:00:00",0
89,"08/08/72 00:00:00",-103
89,"10/03/72 00:00:00",-99
89,"10/31/72 00:00:00",0
89,"06/07/73 00:00:00",0
89,"08/28/73 00:00:00",-67
89,"09/12/73 00:00:00",-63
89,"10/15/73 00:00:00",0
89,"05/22/74 00:00:00",0
89,"08/21/74 00:00:00",-107
89,"10/01/74 00:00:00",0
89,"04/24/75 00:00:00",0
89,"08/13/75 00:00:00",-8
89,"09/15/75 00:00:00",0
89,"06/15/76 00:00:00",0
89,"06/21/76 00:00:00",-10
89,"09/02/76 00:00:00",-48
89,"10/01/76 00:00:00",0
94,"05/25/22 09:51:00",-129
96,"05/25/22 09:00:00",-103
95,"04/25/22 00:00:00",0
95,"05/31/22 12:01:00",-348
42,"05/31/22 09:18:00",-59
81,"04/13/22 12:00:00",0
81,"04/21/22 11:20:00",-134
81,"05/25/22 08:20:00",-207
89,"09/27/77 00:00:00",-48
89,"10/06/77 00:00:00",0
89,"06/16/78 00:00:00",0
89,"08/28/78 00:00:00",-16
89,"11/01/78 00:00:00",0
89,"07/01/79 00:00:00",0
89,"07/05/79 00:00:00",-22
89,"10/24/79 00:00:00",-12
89,"10/25/79 00:00:00",0
89,"06/15/80 00:00:00",0
89,"08/21/80 00:00:00",-14
89,"10/01/80 00:00:00",0
89,"07/08/81 00:00:00",0
89,"08/25/81 00:00:00",-21
89,"09/10/81 00:00:00",-38
89,"10/01/81 00:00:00",0
89,"05/12/82 00:00:00",0
89,"06/23/82 00:00:00",-33
89,"08/05/82 00:00:00",-26
89,"10/01/82 00:00:00",0
89,"06/01/83 00:00:00",0
89,"06/22/83 00:00:00",-7
89,"08/03/83 00:00:00",-32
89,"10/01/83 00:00:00",0
89,"05/17/84 00:00:00",0
89,"08/09/84 00:00:00",-14
89,"08/30/84 00:00:00",0
89,"07/02/85 00:00:00",0
89,"08/07/85 00:00:00",-9
89,"09/25/85 00:00:00",-9
89,"10/16/85 00:00:00",-14
89,"11/08/85 00:00:00",0
89,"08/18/87 00:00:00",0
89,"09/24/87 00:00:00",-9
89,"11/01/87 00:00:00",0
89,"06/13/89 00:00:00",0
89,"07/05/89 00:00:00",-22
89,"08/09/89 00:00:00",-20
89,"09/06/89 00:00:00",-27
89,"09/26/89 00:00:00",-15
89,"10/25/89 00:00:00",-43
89,"11/01/89 00:00:00",0
89,"05/16/90 14:30:00",0
89,"07/12/90 15:30:00",-5
89,"08/14/90 14:30:00",-8
89,"08/29/90 11:10:00",-1
89,"09/11/90 15:20:00",-8
89,"10/01/90 00:00:00",0
89,"06/26/91 00:00:00",0
89,"08/20/91 00:00:00",-18
89,"09/10/91 00:00:00",-10
89,"11/01/91 00:00:00",0
89,"07/21/93 10:45:00",0
89,"08/18/93 15:15:00",-14
89,"09/01/93 00:00:00",0
89,"06/01/95 00:00:00",0
89,"08/09/95 11:30:00",-54
89,"09/10/95 00:00:00",0
88,"04/23/22 00:00:00",0
88,"04/28/22 11:15:00",-9
88,"06/02/22 07:19:00",-14
11,"05/22/22 00:00:00",0
11,"05/25/22 09:00:00",-8
11,"06/02/22 16:00:00",-13
46,"06/01/22 12:05:00",-22
74,"05/16/22 00:00:00",0
74,"06/01/22 08:40:00",-79
74,"06/02/22 07:20:00",-107
81,"06/03/22 10:35:00",-170
108,"06/03/22 09:21:00",-119
142,"06/07/22 10:35:00",-83
160,"02/25/22 00:00:00",0
155,"08/01/22 00:00:00",0
49,"07/21/22 00:00:00",0
55,"06/20/22 19:10:00",-122
96,"09/28/22 08:23:00",-17
75,"09/01/22 00:00:00",0
75,"09/29/22 12:30:00",-13
160,"03/23/22 09:45:00",-45
35,"10/26/22 12:45:00",-12
11,"11/16/22 07:55:00",-26
111,"11/08/22 13:10:00",-27
95,"11/17/22 07:39:00",-534
108,"11/24/22 11:10:00",-145
160,"05/03/22 08:40:00",-52
152,"10/21/21 00:00:00",0
17,"01/15/23 00:00:00",0
81,"02/01/23 08:20:00",-138
152,"10/27/21 08:32:00",-17
16,"10/15/22 00:00:00",0
108,"05/10/23 12:05:00",-302
94,"01/17/23 18:15:00",0
100,"05/30/23 11:40:00",0
90,"11/05/14 11:20:00",0
90,"04/23/15 11:40:00",0
90,"03/09/17 00:00:00",0
90,"03/23/17 11:00:00",-50
90,"04/02/17 17:00:00",-40
90,"04/18/17 11:25:00",-70
90,"06/08/17 14:30:00",-46
90,"07/11/17 11:35:00",-10
90,"06/01/18 00:00:00",0
90,"08/02/18 11:25:00",-9
90,"03/20/19 10:15:00",0
90,"04/16/19 10:00:00",-34
90,"06/13/20 12:00:00",0
90,"07/20/21 00:00:00",0
90,"11/04/21 00:00:00",-30
90,"12/01/21 12:20:00",-47
90,"12/04/21 12:00:00",0
90,"04/05/22 00:00:00",0
90,"04/07/22 08:34:00",-54
90,"05/11/22 09:30:00",-120
90,"07/26/22 11:15:00",-11
90,"08/18/22 00:00:00",0
90,"09/20/22 09:15:00",-10
126,"11/04/15 14:40:00",-20
126,"04/08/17 00:00:00",0
126,"11/11/18 19:00:00",-20
126,"11/17/18 18:00:00",0
126,"09/05/19 12:30:00",17
126,"07/24/21 02:40:00",0
126,"12/30/21 21:20:00",0
126,"12/31/21 12:00:00",39
126,"01/29/22 00:00:00",60
152,"12/01/21 00:00:00",-17
152,"12/04/21 05:40:00",0
58,"04/16/22 23:00:00",0
58,"05/03/22 11:11:00",-11
55,"06/09/22 11:50:00",-122
160,"06/09/22 08:33:00",-24
54,"06/09/22 09:14:00",-17
58,"06/09/22 07:54:00",-51
110,"04/24/22 08:40:00",0
110,"04/26/22 10:40:00",-38
110,"06/01/22 11:35:00",-44
110,"07/05/22 07:18:00",-81
57,"06/09/22 10:42:00",-117
57,"06/09/22 10:00:00",-132
89,"06/14/22 11:30:00",-35
90,"06/15/22 12:30:00",-49
81,"06/16/22 11:20:00",-75
53,"04/29/22 00:00:00",0
53,"05/11/22 11:55:00",-4
53,"06/21/22 12:05:00",-17
53,"05/05/15 13:30:00",0
53,"04/25/17 23:59:00",-40
53,"04/26/17 00:00:00",0
53,"02/08/19 00:00:00",0
53,"02/09/19 00:00:00",-16
53,"02/10/19 23:59:00",-32
53,"02/11/19 00:00:00",0
53,"05/10/19 09:59:00",0
53,"05/10/19 10:00:00",40
53,"06/14/19 13:30:00",0
53,"06/09/20 09:30:00",0
53,"06/23/20 09:15:00",-60
53,"06/23/20 09:30:00",0
156,"06/20/22 19:30:00",0
156,"06/21/22 09:11:00",-23
155,"06/21/22 09:00:00",-49
94,"06/22/22 07:38:00",-36
54,"06/24/22 09:06:00",-74
122,"03/10/22 00:00:00",0
122,"04/28/22 09:22:00",-77
122,"06/02/22 08:35:00",-126
19,"06/13/22 15:47:00",0
19,"06/13/22 16:29:00",-23
19,"06/14/22 16:31:00",-23
19,"06/14/22 23:10:00",-52
19,"06/15/22 17:09:00",-52
19,"06/15/22 17:50:00",-76
19,"06/16/22 08:10:00",-62
19,"06/16/22 11:08:00",0
89,"06/06/94 00:00:00",0
89,"07/19/94 11:45:00",-22
89,"08/17/94 16:00:00",-10
89,"09/15/94 11:40:00",-9
89,"09/20/94 00:00:00",0
89,"06/15/96 00:00:00",0
89,"07/30/96 11:40:00",-40
89,"09/17/96 11:40:00",-34
89,"10/15/96 00:00:00",0
89,"04/22/97 00:00:00",0
89,"05/27/97 11:45:00",-35
89,"07/22/97 16:00:00",-22
89,"09/10/97 11:30:00",-25
89,"10/09/97 15:10:00",-47
89,"11/05/97 00:00:00",0
89,"06/16/98 11:30:00",-31
89,"08/13/98 11:40:00",-41
89,"09/29/98 14:50:00",-51
89,"11/01/98 00:00:00",0
126,"06/15/22 06:36:00",-40
89,"05/31/99 18:00:00",0
89,"06/16/99 11:50:00",-20
89,"08/24/99 10:00:00",-35
89,"09/30/99 00:00:00",0
89,"07/25/05 11:20:00",-44
89,"08/10/05 10:05:00",-20
89,"09/06/05 10:20:00",-23
89,"10/04/05 10:35:00",-36
89,"07/10/06 11:10:00",-40
89,"08/09/06 09:55:00",-27
89,"09/06/06 10:30:00",-31
89,"09/30/09 07:40:00",-42
89,"10/28/09 10:10:00",-44
89,"10/28/10 08:00:00",-41
89,"07/06/11 08:15:00",-21
89,"08/04/11 08:30:00",0
89,"09/28/11 08:25:00",-42
89,"05/25/98 00:00:00",0
89,"08/03/00 00:00:00",0
89,"08/22/00 12:00:00",-28
89,"09/06/00 12:05:00",-7
89,"11/09/00 11:00:00",-69
89,"11/10/00 00:00:00",0
89,"08/19/01 00:00:00",0
89,"09/04/01 11:45:00",-30
89,"10/22/01 00:00:00",0
89,"04/29/02 00:00:00",0
89,"06/04/02 10:50:00",-8
89,"07/17/02 10:30:00",-19
89,"08/22/02 00:00:00",0
89,"06/01/03 00:00:00",0
89,"06/17/03 10:15:00",-21
89,"07/16/03 10:10:00",-34
89,"08/13/03 10:30:00",-27
89,"09/01/03 00:00:00",0
89,"05/05/86 00:00:00",0
89,"07/02/86 00:00:00",-14
89,"08/05/86 00:00:00",-7
89,"08/26/86 00:00:00",-22
89,"10/22/86 00:00:00",0
89,"08/30/12 08:49:00",-1
89,"07/04/13 09:21:00",0
89,"07/31/13 09:25:00",-8
89,"10/20/13 00:00:00",0
89,"07/03/14 08:15:00",-11
89,"08/27/14 09:12:00",0
89,"10/23/14 08:59:00",-20
89,"11/03/14 00:00:00",0
89,"07/30/15 08:59:00",0
89,"09/24/15 08:42:00",-5
89,"10/29/15 00:00:00",0
89,"07/20/16 11:27:00",-10
89,"07/28/16 08:50:00",-14
89,"09/22/16 08:38:00",-23
89,"07/12/17 10:32:00",-30
89,"09/18/17 10:25:00",-28
89,"06/04/19 13:50:00",-28
89,"07/03/19 14:42:00",0
89,"08/14/19 10:28:00",-8
89,"09/10/19 11:48:00",0
89,"10/16/19 11:25:00",-20
89,"11/02/19 00:00:00",0
89,"07/09/20 10:59:00",-11
89,"10/01/20 12:09:00",-8
89,"10/05/20 00:00:00",0
89,"05/25/19 00:00:00",0
74,"06/28/22 16:40:00",-120
74,"06/16/22 09:00:00",-120
96,"06/30/22 08:04:00",-108
70,"04/25/22 00:30:00",0
70,"06/14/22 10:32:00",-64
70,"10/28/15 06:00:00",0
130,"06/30/22 11:28:00",-132
111,"09/05/21 00:00:00",0
111,"09/09/21 07:55:00",-10
111,"10/12/21 13:00:00",-11
111,"11/23/21 09:10:00",-7
111,"11/25/21 00:00:00",0
57,"07/05/22 08:00:00",-86
57,"07/05/22 09:30:00",-45
57,"07/05/22 08:30:00",-50
58,"07/05/22 11:55:00",-16
156,"07/13/22 00:00:00",0
53,"07/15/22 18:00:00",-17
53,"07/16/22 10:10:00",0
160,"07/11/22 13:00:00",0
147,"03/20/22 00:00:00",0
81,"08/09/22 11:41:00",-169
95,"08/10/22 11:25:00",-437
134,"07/07/22 10:48:00",0
58,"09/08/22 08:20:00",-15
58,"09/08/22 10:30:00",0
46,"06/13/22 04:30:00",-26
69,"08/03/22 09:37:00",0
46,"06/13/22 11:30:00",-62
46,"07/06/22 09:11:00",-69
130,"12/23/22 00:00:00",-287
122,"10/25/22 12:00:00",0
11,"06/29/22 06:50:00",-29
70,"01/30/23 10:00:00",0
35,"05/24/20 11:00:00",0
11,"01/09/23 20:00:00",0
75,"12/08/22 00:00:00",0
111,"11/18/22 08:34:00",-4
35,"06/10/20 11:00:00",-11
16,"03/17/22 13:11:00",-68
16,"05/04/22 11:54:00",-231
89,"12/05/05 00:00:00",0
89,"06/15/06 00:00:00",0
89,"10/03/06 10:20:00",0
89,"09/04/07 10:15:00",0
89,"07/25/09 00:00:00",-40
89,"11/24/09 09:25:00",-15
89,"09/02/10 08:47:00",-43
89,"09/02/10 09:27:00",-41
89,"11/23/11 08:49:00",-38
89,"12/15/11 00:00:00",0
89,"07/04/12 00:00:00",0
89,"10/22/12 10:22:00",-13
89,"11/01/12 00:00:00",0
89,"08/23/13 22:18:00",-25
89,"05/01/14 00:00:00",-20
89,"06/10/15 00:00:00",-10
89,"11/17/16 10:49:00",-25
89,"01/18/17 09:37:00",-12
89,"08/16/17 09:30:00",-26
89,"12/11/17 00:00:00",0
89,"06/02/21 00:00:00",0
89,"06/09/21 12:43:00",-8
125,"06/15/22 08:30:00",-45
125,"07/26/22 09:06:00",-36
126,"05/22/22 00:00:00",0
126,"06/28/22 12:33:00",-49
126,"08/08/22 08:30:00",0
35,"06/16/20 10:30:00",-18
35,"07/17/20 11:35:00",-22
35,"08/26/20 13:10:00",-24
35,"10/08/20 13:00:00",-36
35,"11/10/20 11:50:00",-36
35,"12/03/20 12:05:00",-13
35,"12/04/20 15:00:00",0
35,"03/08/21 15:30:00",0
35,"03/17/21 12:47:00",-16
35,"05/25/21 08:05:00",-47
35,"06/30/21 07:54:00",-35
110,"07/05/22 17:50:00",0
89,"05/23/20 06:40:00",0
89,"07/13/21 16:00:00",0
89,"07/26/21 00:00:00",0
35,"08/17/21 08:17:00",-12
35,"09/22/21 08:35:00",-13
35,"12/09/21 10:33:00",-14
35,"12/28/21 18:00:00",0
35,"03/25/22 00:00:00",0
35,"04/12/22 11:12:00",-16
35,"06/02/22 10:18:00",-3
91,"07/27/22 11:00:00",-15
91,"07/27/22 11:10:00",-10
35,"06/22/22 08:00:00",0
95,"07/07/22 08:03:00",-372
42,"06/22/22 05:19:00",-59
42,"06/22/22 07:59:00",-25
42,"07/07/22 09:34:00",-25
88,"07/06/22 11:45:00",0
5,"04/07/22 07:46:00",0
5,"05/19/22 14:00:00",-7
5,"06/17/22 07:25:00",-2
5,"07/13/22 07:10:00",-31
74,"07/13/22 10:40:00",-51
123,"06/22/22 08:50:00",-242
106,"04/26/22 08:32:00",0
106,"06/08/22 08:28:00",-10
106,"06/14/22 08:15:00",-13
106,"07/13/22 07:46:00",-26
155,"07/19/22 10:56:00",-51
58,"07/18/22 14:19:00",-16
58,"07/19/22 03:22:00",-97
58,"07/18/22 18:00:00",-160
55,"07/20/22 10:10:00",-32
147,"04/06/22 07:55:00",-26
147,"05/17/22 09:27:00",-64
147,"06/24/22 10:21:00",-35
13,"07/03/22 23:00:00",0
147,"07/16/22 17:50:00",-35
147,"07/20/22 11:55:00",0
94,"07/21/22 08:58:00",-72
95,"07/22/22 06:18:00",-441
81,"07/22/22 09:45:00",-154
96,"07/25/22 13:09:00",-95
79,"07/25/22 12:00:00",0
126,"07/26/22 12:30:00",-35
11,"07/26/22 10:24:00",-21
70,"07/27/22 12:21:00",-149
1,"07/04/22 03:00:00",0
1,"07/26/22 12:35:00",-14
1,"07/26/22 13:40:00",0
64,"06/20/22 00:00:00",0
64,"06/22/22 08:30:00",-68
64,"07/27/22 07:00:00",-103
72,"07/25/22 12:00:00",0
72,"07/27/22 10:00:00",-20
72,"07/27/22 10:40:00",0
142,"07/05/22 07:53:00",-76
142,"07/28/22 09:27:00",-99
5,"07/29/22 08:40:00",-31
5,"07/29/22 09:10:00",0
57,"08/02/22 08:40:00",-69
58,"08/01/22 08:19:00",-161
58,"08/01/22 13:00:00",-77
58,"08/02/22 07:24:00",-79
94,"08/02/22 14:00:00",-87
83,"07/06/22 00:00:00",0
83,"08/02/22 13:11:00",0
49,"08/02/22 06:31:00",-8
46,"08/04/22 10:36:00",-43
130,"08/02/22 08:25:00",-592
74,"08/02/22 17:12:00",-93
74,"08/08/22 10:07:00",-97
19,"07/06/22 11:10:00",0
19,"07/07/22 08:20:00",-35
19,"07/07/22 12:30:00",-24
108,"06/16/22 16:55:00",-62
108,"07/12/22 11:20:00",-42
108,"08/08/22 13:08:00",-55
96,"08/09/22 07:15:00",-56
19,"08/09/22 07:27:00",-44
134,"07/22/22 08:25:00",-26
134,"08/10/22 08:50:00",-22
42,"08/10/22 09:17:00",-37
49,"08/11/22 07:58:00",-18
122,"07/06/22 10:17:00",-123
122,"08/11/22 07:20:00",-160
123,"08/02/22 11:03:00",-235
123,"08/11/22 12:15:00",-203
55,"06/22/22 05:40:00",-32
74,"08/16/22 08:10:00",-73
94,"08/16/22 09:34:00",-99
81,"08/17/22 08:39:00",-138
147,"08/17/22 04:00:00",0
147,"08/17/22 09:36:00",-47
100,"08/01/22 00:00:00",0
100,"08/02/22 08:18:00",-30
100,"08/18/22 08:50:00",-30
55,"08/18/22 11:20:00",-21
147,"08/23/22 08:31:00",-92
111,"08/08/22 00:00:00",0
111,"08/11/22 09:11:00",-67
111,"08/16/22 09:11:00",-67
31,"08/23/22 09:10:00",-4
106,"08/03/22 11:32:00",-16
106,"08/25/22 07:30:00",-7
72,"08/14/22 01:40:00",0
72,"08/25/22 12:30:00",0
74,"08/30/22 10:00:00",-48
147,"08/30/22 07:55:00",-98
55,"08/30/22 11:02:00",-15
49,"08/31/22 08:00:00",-8
64,"09/01/22 09:49:00",-61
57,"09/01/22 08:55:00",-76
70,"09/06/22 11:43:00",-211
61,"09/06/22 08:40:00",-42
61,"09/06/22 09:50:00",-25
79,"07/25/22 11:30:00",-20
79,"08/02/22 00:00:00",0
147,"09/14/22 11:18:00",-17
123,"09/21/22 11:54:00",-52
81,"09/22/22 08:22:00",-168
61,"08/20/22 00:00:00",0
31,"09/28/22 09:38:00",0
106,"09/20/22 02:50:00",0
58,"10/02/22 15:00:00",0
74,"10/05/22 08:20:00",-82
87,"10/11/22 11:30:00",-22
83,"10/11/22 10:58:00",-23
83,"10/11/22 11:20:00",0
35,"10/26/22 16:20:00",0
44,"09/27/22 08:00:00",-6
44,"10/26/22 09:08:00",-23
147,"10/27/22 09:20:00",-35
86,"09/07/22 10:30:00",-36
126,"11/09/22 12:50:00",-108
134,"11/17/22 09:17:00",-30
64,"10/17/22 00:00:00",0
86,"08/17/22 00:00:00",0
176,"12/02/22 02:50:00",0
176,"12/02/22 09:05:00",-4
176,"12/02/22 09:30:00",0
45,"10/31/22 09:30:00",0
72,"08/25/22 11:00:00",-27
62,"10/11/22 14:50:00",-16
79,"01/21/22 13:00:00",0
79,"01/24/22 08:50:00",-7
79,"01/24/22 10:00:00",0
58,"08/03/22 13:10:00",-79
100,"12/23/22 16:00:00",0
160,"01/12/23 09:16:00",-52
111,"11/30/22 00:00:00",0
70,"01/24/23 11:15:00",0
58,"08/03/22 15:20:00",-55
58,"08/08/22 16:05:00",-70
50,"12/29/22 00:00:00",0
160,"01/17/23 14:12:00",-23
16,"05/25/22 12:22:00",-202
16,"06/22/22 12:25:00",-104
16,"07/21/22 07:15:00",-127
16,"08/09/22 08:37:00",-100
16,"08/16/22 08:00:00",-97
16,"09/21/22 08:08:00",-57
58,"08/09/22 23:30:00",-106
95,"03/07/23 11:18:00",-389
60,"02/18/21 08:00:00",0
60,"03/04/21 11:50:00",-49
60,"05/12/21 09:17:00",-10
60,"06/16/21 09:27:00",-3
60,"07/22/21 11:24:00",-11
60,"07/22/21 11:33:00",-8
60,"08/24/21 08:35:00",-9
60,"10/04/21 09:40:00",-17
60,"11/17/21 09:25:00",-17
60,"01/12/22 09:28:00",-10
60,"02/15/22 10:45:00",0
60,"03/30/22 10:48:00",-5
60,"05/12/22 08:55:00",-7
60,"06/14/22 08:15:00",-13
60,"07/12/22 07:42:00",-11
44,"10/26/22 09:07:00",-24
58,"08/10/22 17:50:00",-103
58,"08/10/22 19:00:00",-139
35,"11/02/21 11:40:00",-40
93,"04/11/24 02:30:00",0
93,"04/24/24 09:00:00",-20
93,"06/06/24 08:47:00",-27
93,"07/10/24 09:36:00",-38
93,"06/15/22 14:00:00",0
93,"06/17/22 00:00:00",40
93,"06/18/22 05:30:00",50
93,"06/19/22 06:00:00",40
58,"08/10/22 22:30:00",-78
123,"04/01/23 00:00:00",0
35,"10/15/24 10:25:00",-22
93,"11/20/24 13:40:00",0
129,"11/20/24 00:00:00",0
90,"09/30/22 12:00:00",0
90,"05/18/23 00:00:00",0
90,"10/24/23 00:00:00",0
58,"08/23/22 11:35:00",-78
58,"08/23/22 12:20:00",-65
58,"08/31/22 14:10:00",-74
58,"08/31/22 16:30:00",-101
58,"09/01/22 07:50:00",-101
58,"09/01/22 10:55:00",-21
79,"03/06/22 16:20:00",0
79,"03/08/22 09:50:00",-9
79,"03/08/22 11:50:00",0
79,"04/19/22 08:00:00",0
13,"07/20/22 11:40:00",0
20,"07/15/25 11:26:00",-10
79,"04/21/22 08:00:00",-7
110,"10/11/23 15:20:00",0
89,"07/20/22 08:19:00",-40
79,"04/21/22 08:20:00",0
79,"07/14/22 06:00:00",0
79,"08/09/22 10:00:00",-6
79,"08/09/22 11:00:00",0
58,"08/06/22 12:40:00",-55
58,"08/06/22 14:20:00",-70
83,"09/06/22 09:27:00",-7
91,"07/21/22 19:00:00",0
91,"07/27/22 10:50:00",-28
91,"07/27/22 11:20:00",-9
91,"07/27/22 11:43:00",-6
91,"09/28/22 10:55:00",-11
87,"05/20/22 00:00:00",0
87,"05/24/22 08:43:00",-4
87,"06/28/22 09:50:00",-21
87,"08/03/22 08:17:00",-7
87,"09/08/22 11:21:00",-22
108,"09/13/22 07:24:00",-40
74,"09/13/22 09:40:00",-80
96,"01/05/22 14:40:00",0
96,"01/06/22 13:10:00",-25
96,"01/06/22 14:10:00",0
72,"06/05/22 04:00:00",0
72,"06/08/22 10:20:00",-8
72,"06/08/22 10:40:00",0
134,"09/14/22 08:11:00",-59
95,"09/14/22 10:30:00",-492
147,"09/19/11 08:00:00",0
17,"08/15/22 00:00:00",0
17,"09/14/22 11:09:00",-19
19,"09/14/22 07:40:00",0
62,"09/06/22 12:21:00",-22
97,"06/30/22 09:21:00",-6
97,"06/30/22 09:50:00",0
97,"06/26/22 14:10:00",0
122,"09/15/22 10:24:00",-102
126,"08/17/22 10:55:00",-20
46,"09/20/22 10:08:00",-47
100,"09/20/22 08:35:00",-37
79,"08/13/22 00:00:00",0
79,"09/22/22 12:15:00",-24
57,"09/28/22 09:30:00",-30
58,"09/12/22 12:00:00",0
58,"09/16/22 12:32:00",-43
58,"09/16/22 20:48:00",-80
58,"09/22/22 13:42:00",-85
58,"09/22/22 16:00:00",-55
58,"09/28/22 11:39:00",-55
58,"09/28/22 13:30:00",0
72,"09/23/22 00:00:00",0
72,"09/29/22 12:30:00",-30
72,"09/29/22 13:15:00",0
147,"10/04/22 09:51:00",-9
147,"10/04/22 10:40:00",-7
111,"09/29/22 07:39:00",-66
111,"09/29/22 07:58:00",-31
49,"10/05/22 08:28:00",-15
126,"10/05/22 12:07:00",-120
58,"10/05/22 11:40:00",-26
58,"10/05/22 13:00:00",0
58,"10/03/22 21:00:00",-20
61,"09/24/22 10:00:00",-15
61,"10/05/22 09:09:00",-16
61,"10/05/22 09:30:00",-5
58,"10/03/22 12:30:00",-8
130,"09/21/22 09:48:00",-532
69,"09/06/22 10:00:00",-8
69,"10/12/22 09:22:00",-21
69,"12/12/22 00:00:00",0
70,"10/12/22 08:25:00",-125
94,"09/06/22 12:13:00",-106
94,"10/12/22 11:38:00",-26
134,"10/13/22 08:39:00",-58
95,"10/13/22 10:05:00",-561
79,"10/13/22 11:15:00",-41
79,"10/13/22 11:45:00",0
46,"10/18/22 08:20:00",-56
104,"09/14/22 11:43:00",0
104,"10/18/22 11:30:00",-47
140,"08/09/22 13:03:00",0
140,"09/15/22 11:18:00",-31
86,"10/18/22 11:00:00",-10
140,"10/18/22 12:03:00",-69
74,"10/19/22 11:45:00",-68
108,"10/19/22 11:00:00",-95
17,"10/19/22 11:30:00",-19
57,"10/20/22 10:00:00",-47
122,"10/20/22 09:37:00",-22
81,"10/25/22 07:53:00",-243
80,"10/25/22 09:19:00",19
80,"10/25/22 09:40:00",0
55,"10/25/22 10:00:00",-21
54,"09/18/22 08:00:00",0
54,"10/25/22 09:57:00",-148
160,"09/21/22 18:00:00",0
160,"09/22/22 08:57:00",-4
160,"10/25/22 08:35:00",-35
100,"10/27/22 09:27:00",-11
142,"10/27/22 07:53:00",-101
75,"10/27/22 09:39:00",-15
147,"10/27/22 09:45:00",0
146,"10/22/22 16:00:00",0
146,"10/27/22 08:10:00",-4
146,"10/27/22 08:20:00",0
79,"10/24/22 19:25:00",0
79,"10/25/22 09:45:00",-10
79,"10/25/22 10:05:00",0
26,"10/23/22 16:25:00",0
26,"11/02/22 09:30:00",-25
26,"11/02/22 10:30:00",0
59,"10/26/22 03:40:00",0
59,"11/02/22 09:30:00",-18
59,"11/02/22 09:40:00",0
57,"11/02/22 11:45:00",-43
58,"10/23/22 22:15:00",0
58,"11/02/22 10:40:00",-6
58,"11/02/22 11:00:00",0
44,"11/03/22 11:00:00",-31
75,"11/08/22 11:00:00",-14
69,"11/16/22 11:10:00",-15
113,"06/02/21 00:00:00",0
74,"11/24/22 09:10:00",-123
104,"11/24/22 10:22:00",-16
87,"11/17/22 00:00:00",-15
142,"11/29/22 09:00:00",-44
79,"11/28/22 00:00:00",0
160,"11/30/22 11:15:00",-19
48,"10/09/22 15:00:00",0
48,"11/03/22 10:05:00",-14
45,"11/22/22 09:20:00",-35
45,"11/22/22 10:00:00",0
35,"11/24/22 09:50:00",0
35,"11/30/22 12:00:00",-11
35,"11/30/22 12:30:00",0
59,"12/13/22 11:30:00",-24
72,"08/25/22 10:30:00",-75
72,"08/25/22 10:40:00",-60
72,"08/25/22 10:50:00",-40
72,"08/25/22 12:10:00",-4
72,"11/03/22 11:00:00",-57
72,"11/03/22 12:20:00",0
87,"12/20/22 10:55:00",-8
140,"01/30/23 00:00:00",0
130,"01/03/23 10:25:00",-86
62,"10/11/22 15:00:00",-11
48,"11/03/22 10:20:00",-7
128,"06/06/22 05:30:00",0
128,"06/08/22 09:30:00",-3
128,"06/08/22 10:00:00",0
128,"06/06/22 12:50:00",-4
128,"07/27/22 10:40:00",0
128,"07/27/22 09:40:00",-3
80,"08/10/22 00:00:00",0
104,"01/05/23 10:30:00",-10
104,"01/07/23 06:25:00",0
55,"01/16/23 00:00:00",-17
94,"01/25/23 13:30:00",-52
74,"02/01/23 12:30:00",0
108,"02/01/23 10:04:00",-94
128,"07/26/22 04:10:00",0
128,"08/25/22 12:20:00",0
128,"08/25/22 18:00:00",-4
160,"01/20/23 10:25:00",-7
58,"10/20/22 09:20:00",-11
58,"10/20/22 09:40:00",0
78,"01/26/23 13:40:00",0
78,"01/26/23 14:10:00",-14
54,"03/01/23 09:25:00",-3
16,"11/16/21 12:00:00",0
108,"03/28/23 07:51:00",-72
128,"08/30/22 00:20:00",-10
128,"08/29/22 15:40:00",-4
128,"09/02/22 12:50:00",-10
128,"09/07/22 10:20:00",0
128,"09/07/22 08:20:00",-23
128,"09/21/22 05:50:00",0
128,"09/28/22 08:40:00",-17
128,"09/28/22 09:00:00",-7
128,"09/28/22 09:50:00",0
129,"12/19/22 09:15:00",-146
54,"05/09/23 09:43:00",-28
108,"06/10/23 10:00:00",-302
60,"08/03/22 06:54:00",-1
60,"10/05/22 08:40:00",0
60,"11/08/22 08:50:00",-3
44,"01/12/23 09:38:00",-6
128,"10/04/22 02:50:00",0
16,"08/29/23 10:44:00",-92
74,"11/06/23 09:18:00",-201
128,"10/06/22 02:10:00",-27
93,"06/22/22 19:00:00",35
93,"06/22/22 19:05:00",0
128,"11/03/22 09:10:00",-27
48,"09/24/22 07:00:00",0
48,"10/05/22 12:45:00",0
48,"11/25/22 00:00:00",0
117,"07/21/24 00:00:00",0
7,"06/17/22 06:59:00",-31
7,"06/17/22 05:20:00",0
89,"08/25/22 07:45:00",-15
175,"04/28/25 18:00:00",0
12,"10/11/22 21:45:00",0
12,"10/12/22 10:20:00",0
128,"11/03/22 10:40:00",0
5,"09/16/22 15:46:00",0
5,"10/06/22 08:27:00",-48
5,"10/06/22 09:50:00",0
5,"10/06/22 12:37:00",0
5,"11/09/22 10:30:00",-22
5,"11/09/22 14:15:00",0
128,"11/03/22 09:50:00",-8
125,"11/09/22 09:20:00",-30
64,"10/04/22 08:26:00",-33
94,"11/15/22 12:37:00",0
140,"11/16/22 12:10:00",-15
110,"10/12/23 07:55:00",-18
135,"10/14/22 00:00:00",0
135,"11/16/22 08:44:00",-83
69,"11/16/22 11:50:00",0
137,"10/16/22 00:00:00",0
137,"11/16/22 09:50:00",-18
83,"11/15/22 11:30:00",-20
91,"09/17/22 16:10:00",0
91,"09/28/22 11:40:00",0
91,"10/26/22 12:30:00",0
91,"11/15/22 11:00:00",-9
11,"09/07/22 08:40:00",-14
11,"10/12/22 08:50:00",-34
111,"11/08/22 13:40:00",-4
134,"12/01/22 00:00:00",-30
81,"11/17/22 12:46:00",-284
46,"11/22/22 10:00:00",-84
17,"10/28/22 03:40:00",-31
17,"11/22/22 10:50:00",-31
130,"11/23/22 10:55:00",-287
113,"06/08/21 07:43:00",-85
113,"06/24/21 11:17:00",-47
113,"06/28/21 08:23:00",-46
113,"08/03/21 10:16:00",-20
113,"08/03/21 10:50:00",0
34,"11/23/22 12:30:00",-42
34,"11/23/22 13:00:00",-12
34,"11/11/22 08:00:00",0
86,"11/24/22 10:55:00",-65
127,"08/20/22 03:50:00",0
127,"08/25/22 12:20:00",-8
127,"08/25/22 13:40:00",0
79,"11/29/22 10:50:00",-10
79,"11/29/22 11:20:00",0
100,"11/29/22 10:10:00",-56
49,"11/29/22 12:14:00",-17
55,"11/30/22 12:13:00",-27
54,"11/30/22 10:14:00",-130
147,"11/27/22 20:00:00",0
147,"12/02/22 09:30:00",-26
147,"12/02/22 09:50:00",0
146,"11/27/22 21:30:00",0
146,"12/02/22 07:35:00",-11
146,"12/02/22 08:40:00",0
48,"11/29/22 14:55:00",-7
48,"11/29/22 16:10:00",0
108,"12/06/22 10:10:00",-103
33,"11/29/22 08:40:00",0
33,"12/06/22 12:20:00",-14
33,"12/06/22 13:00:00",0
75,"12/07/22 12:15:00",-22
92,"11/28/22 06:00:00",0
92,"12/07/22 10:40:00",-7
92,"12/07/22 11:10:00",0
92,"09/02/22 04:30:00",0
92,"09/07/22 09:40:00",-18
92,"09/07/22 10:20:00",0
92,"10/24/22 01:30:00",0
92,"11/03/22 12:20:00",-23
92,"11/03/22 13:00:00",0
76,"11/15/22 14:35:00",0
76,"12/07/22 09:40:00",-11
76,"12/07/22 10:50:00",0
14,"10/03/22 07:45:00",0
14,"10/03/22 08:30:00",-1
14,"10/03/22 11:15:00",-18
14,"10/03/22 14:10:00",-14
14,"10/04/22 10:10:00",-10
14,"10/04/22 11:45:00",-19
14,"10/04/22 12:35:00",-17
14,"10/04/22 13:20:00",-4
14,"10/04/22 14:45:00",0
11,"06/28/22 13:00:00",-19
11,"06/28/22 13:10:00",-21
11,"06/28/22 13:20:00",-29
11,"06/29/22 07:00:00",-19
142,"09/20/22 00:00:00",-113
57,"12/08/22 12:13:00",-14
59,"12/06/22 09:35:00",0
59,"12/13/22 13:00:00",0
11,"12/13/22 09:22:00",-19
126,"12/14/22 13:15:00",-141
36,"10/26/22 13:23:00",0
36,"11/30/22 12:46:00",-120
36,"12/08/22 09:10:00",0
31,"07/19/22 10:14:00",0
72,"10/15/22 23:10:00",0
72,"10/16/22 02:15:00",-15
72,"11/03/22 11:10:00",-50
72,"11/03/22 11:20:00",-27
72,"11/03/22 11:30:00",-14
72,"11/03/22 11:50:00",-4
72,"12/08/22 10:55:00",-7
72,"12/08/22 11:20:00",0
72,"12/08/22 03:50:00",0
70,"12/20/22 11:50:00",-25
69,"12/18/22 16:30:00",0
69,"12/20/22 10:50:00",-6
69,"12/20/22 11:20:00",0
135,"11/17/22 00:00:00",0
17,"12/22/22 11:05:00",-35
19,"11/03/22 00:00:00",0
19,"11/22/22 09:30:00",-30
19,"11/22/22 10:00:00",0
19,"12/18/22 06:40:00",0
19,"12/22/22 09:20:00",-14
19,"12/22/22 09:50:00",0
150,"10/04/22 22:00:00",0
150,"10/06/22 12:10:00",-50
150,"10/06/22 14:00:00",0
150,"10/06/22 12:40:00",-15
34,"01/04/23 12:10:00",-22
86,"08/10/22 00:00:00",0
86,"12/23/22 04:00:00",0
108,"01/10/23 08:18:00",-132
49,"01/10/23 10:21:00",-12
150,"10/06/22 13:20:00",-3
10,"11/05/22 03:50:00",0
10,"11/15/22 15:30:00",6
10,"11/15/22 21:50:00",0
81,"12/28/22 10:28:00",-210
95,"12/28/22 08:29:00",-438
78,"12/13/22 10:45:00",0
78,"01/03/23 09:50:00",-13
78,"01/03/23 10:40:00",0
160,"01/03/23 09:34:00",-45
54,"01/03/23 11:11:00",-47
55,"01/03/23 12:48:00",-17
95,"01/25/23 10:57:00",-249
55,"01/17/23 11:42:00",0
62,"08/16/22 00:00:00",0
160,"02/02/23 13:45:00",-5
137,"11/30/22 00:00:00",-18
137,"12/13/22 11:05:00",0
62,"10/15/22 08:00:00",0
34,"01/04/23 12:50:00",-3
34,"01/04/23 13:30:00",0
140,"01/04/23 12:21:00",-97
74,"01/10/23 10:31:00",-132
55,"01/12/23 12:21:00",-17
54,"01/12/23 10:19:00",-37
101,"03/08/23 11:23:00",0
95,"04/06/23 10:06:00",-265
123,"04/19/23 08:00:00",-182
81,"03/27/23 08:00:00",-133
81,"05/11/23 09:15:00",-315
123,"05/23/23 12:00:00",-181
130,"01/16/23 00:00:00",0
130,"05/06/23 00:00:00",0
60,"12/08/22 09:38:00",-5
60,"01/19/23 08:53:00",-11
27,"01/31/23 12:00:00",0
172,"10/02/21 01:50:00",0
172,"10/28/21 10:00:00",-20
172,"10/28/21 11:10:00",0
172,"08/04/22 18:30:00",0
172,"08/31/22 09:50:00",-36
172,"08/31/22 10:30:00",-4
172,"08/31/22 11:20:00",0
172,"08/31/22 20:30:00",0
172,"10/11/22 12:10:00",-30
172,"10/11/22 12:20:00",-7
172,"10/11/22 13:50:00",0
172,"10/11/22 18:40:00",0
172,"11/15/22 11:00:00",-41
172,"11/15/22 11:10:00",-8
172,"11/15/22 11:30:00",0
172,"12/22/22 13:50:00",0
172,"01/10/23 02:50:00",-69
172,"01/10/23 03:20:00",-60
172,"01/10/23 03:50:00",-41
27,"02/01/23 01:30:00",25
50,"02/14/23 10:10:00",-12
46,"01/03/23 11:40:00",-99
94,"10/30/23 00:00:00",0
34,"09/28/22 00:00:00",0
50,"02/14/23 10:20:00",-6
125,"01/05/23 08:35:00",-20
93,"07/05/22 08:40:00",0
93,"07/12/22 08:00:00",-83
27,"02/15/23 14:00:00",34
48,"11/28/22 14:30:00",0
123,"11/05/23 00:00:00",0
64,"08/22/24 00:00:00",0
64,"09/19/24 08:00:00",-28
64,"10/17/24 10:00:00",0
35,"10/15/24 11:00:00",-8
100,"06/06/23 08:02:00",-26
96,"04/25/24 00:00:00",0
7,"07/13/22 10:36:00",-17
87,"12/25/22 12:00:00",0
125,"11/22/22 00:00:00",-10
175,"05/13/25 09:00:00",-27
126,"01/09/23 00:00:00",0
27,"02/15/23 15:15:00",0
94,"02/21/23 12:00:00",-22
74,"02/23/23 08:45:00",71
108,"02/17/23 09:50:00",-85
108,"02/23/23 12:45:00",-83
78,"02/28/23 10:20:00",-20
78,"02/28/23 10:50:00",0
78,"12/01/22 00:00:00",0
78,"12/07/22 10:30:00",-12
78,"12/08/22 00:00:00",0
96,"02/24/23 10:00:00",0
96,"03/01/23 10:20:00",-15
96,"03/01/23 12:20:00",0
175,"09/19/25 00:00:00",0
18,"09/18/25 07:31:00",-27
39,"09/24/25 09:00:00",-2
55,"01/28/23 09:20:00",0
55,"01/28/23 11:00:00",-26
55,"01/31/23 14:10:00",-26
55,"01/31/23 15:25:00",-41
55,"02/02/23 14:00:00",-41
55,"02/02/23 17:00:00",-35
55,"02/03/23 07:40:00",-35
55,"02/03/23 09:05:00",-52
91,"11/15/22 11:30:00",0
91,"07/27/22 12:00:00",0
91,"11/18/22 09:40:00",0
91,"12/13/22 13:10:00",0
91,"12/13/22 12:25:00",-4
91,"12/13/22 08:50:00",-67
91,"12/13/22 11:25:00",-63
55,"02/05/23 12:15:00",-52
55,"02/05/23 12:40:00",-48
55,"02/06/23 13:20:00",-48
55,"02/06/23 16:30:00",-81
55,"02/10/23 12:25:00",-81
55,"02/10/23 14:08:00",-75
55,"02/11/23 12:05:00",-99
55,"02/14/23 18:05:00",-99
55,"02/14/23 20:20:00",-94
55,"02/15/23 07:50:00",-94
55,"02/15/23 11:35:00",-88
55,"02/15/23 18:25:00",-88
55,"02/15/23 21:10:00",-80
55,"03/01/23 13:14:00",-41
55,"02/11/23 09:10:00",-75
160,"02/02/23 10:30:00",-19
160,"03/01/23 11:52:00",-24
50,"02/23/23 20:00:00",-3
50,"03/09/23 09:40:00",-3
50,"03/09/23 09:30:00",-7
86,"03/10/23 17:30:00",0
86,"03/15/23 10:12:00",-70
160,"03/11/23 14:16:00",-3
160,"03/14/23 10:00:00",0
108,"03/14/23 10:00:00",-28
34,"11/17/20 08:15:00",-34
34,"12/03/20 09:00:00",-33
34,"12/03/20 10:30:00",0
74,"03/12/23 10:00:00",0
101,"03/29/23 10:45:00",-42
101,"03/31/23 09:10:00",-51
96,"03/29/23 11:48:00",-55
96,"03/10/23 21:00:00",-16
96,"03/30/23 11:45:00",-55
96,"03/30/23 13:15:00",-50
54,"04/04/23 10:14:00",-35
160,"03/24/23 00:00:00",0
160,"04/04/23 09:24:00",-68
55,"03/08/23 08:00:00",-41
55,"03/14/23 02:00:00",0
46,"04/03/23 06:00:00",0
46,"04/07/23 08:24:00",-33
46,"04/13/23 10:11:00",-33
53,"03/14/23 10:07:00",0
53,"04/18/23 08:00:00",-99
122,"03/29/23 00:00:00",0
122,"04/19/23 09:03:00",-72
16,"03/17/23 00:00:00",0
16,"04/19/23 11:30:00",-85
42,"02/22/23 11:00:00",0
42,"03/22/23 10:17:00",-15
42,"04/26/23 09:24:00",-36
61,"04/14/23 07:00:00",0
61,"04/27/23 10:20:00",-16
61,"04/27/23 10:30:00",0
26,"03/21/23 09:53:00",0
26,"04/25/23 09:49:00",-44
26,"06/01/23 00:00:00",22
10,"05/02/23 13:50:00",0
129,"03/04/23 11:20:00",0
129,"03/30/23 07:39:00",-27
129,"05/03/23 07:42:00",-23
129,"08/24/22 17:50:00",0
129,"09/06/22 08:47:00",-36
129,"09/28/22 08:00:00",-71
129,"01/15/23 12:30:00",-146
129,"01/16/23 18:40:00",0
94,"03/30/23 09:40:00",-133
94,"05/03/23 10:58:00",-163
101,"05/04/23 11:32:00",-19
96,"05/04/23 11:00:00",-100
160,"05/09/23 08:48:00",-108
57,"03/02/23 13:26:00",0
57,"04/04/23 08:22:00",-53
57,"05/10/23 07:54:00",-25
74,"03/28/23 10:00:00",0
74,"05/10/23 08:30:00",-180
78,"03/30/23 08:00:00",-5
78,"05/11/23 08:39:00",-23
79,"05/07/23 15:00:00",0
79,"05/11/23 08:20:00",-7
79,"05/11/23 08:40:00",0
87,"05/05/23 00:00:00",0
87,"05/09/23 08:59:00",-10
95,"05/15/23 09:32:00",-465
46,"05/16/23 08:08:00",-68
85,"04/19/23 09:43:00",0
85,"05/16/23 08:16:00",-36
101,"05/16/23 09:35:00",-135
18,"05/04/23 00:00:00",0
18,"05/16/23 11:00:00",-49
16,"05/23/23 07:48:00",-232
122,"05/24/23 09:15:00",-8
87,"05/30/23 00:00:00",0
42,"05/30/23 09:15:00",-43
101,"05/25/23 13:30:00",-50
101,"05/25/23 13:40:00",-36
94,"06/08/23 12:45:00",-193
57,"06/14/23 09:50:00",-76
114,"05/13/23 21:45:00",0
114,"05/17/23 09:20:00",-7
114,"05/17/23 15:55:00",0
30,"05/01/23 00:00:00",0
30,"05/17/23 08:54:00",31
101,"05/23/23 08:30:00",-50
90,"05/23/23 09:45:00",-30
130,"05/23/23 09:25:00",-75
126,"05/23/23 11:23:00",-44
27,"04/18/23 08:09:00",0
27,"05/17/23 11:08:00",-6
27,"05/24/23 11:08:00",-10
88,"04/01/23 00:00:00",0
88,"04/19/23 11:08:00",-11
88,"05/24/23 11:16:00",-24
53,"05/24/23 12:00:00",-119
155,"03/13/23 11:42:00",0
155,"04/18/23 09:59:00",-11
155,"05/24/23 09:11:00",-15
156,"04/18/23 09:26:00",0
156,"05/24/23 08:33:00",-17
49,"03/11/21 03:30:00",0
49,"04/21/21 10:00:00",-14
49,"05/04/21 11:37:00",-6
49,"06/15/21 11:25:00",-5
49,"07/20/21 09:30:00",-3
49,"08/12/21 11:08:00",-5
49,"08/15/21 09:40:00",-4
49,"03/21/23 10:10:00",0
7,"04/20/23 07:24:00",0
7,"05/26/23 07:20:00",-21
75,"03/31/23 11:00:00",0
75,"04/13/23 10:56:00",-17
75,"05/26/23 09:35:00",-28
147,"04/24/23 09:38:00",0
147,"06/01/23 09:40:00",-3
147,"06/01/23 09:50:00",0
20,"05/06/23 14:24:00",0
130,"07/07/23 10:08:00",-349
5,"07/07/23 09:27:00",15
76,"07/07/23 11:10:00",10
11,"05/04/23 00:00:00",0
11,"07/12/23 07:51:00",-22
106,"07/12/23 07:33:00",-82
129,"11/15/22 09:48:00",-200
129,"08/02/23 07:56:00",-80
20,"06/01/23 09:15:00",-18
5,"09/07/23 08:11:00",0
6,"09/07/23 09:20:00",-16
38,"08/10/23 06:30:00",0
30,"05/30/23 08:45:00",68
134,"11/06/23 00:00:00",0
74,"01/30/24 09:38:00",0
101,"01/31/24 09:15:00",-86
60,"06/08/23 15:10:00",0
60,"06/08/23 15:20:00",-35
33,"06/14/23 12:00:00",-33
33,"03/09/23 01:31:00",0
30,"05/30/23 09:20:00",62
127,"07/18/23 00:00:00",0
111,"11/02/23 22:50:00",0
111,"11/08/23 13:15:00",-57
34,"11/10/20 09:57:00",-30
27,"06/02/23 12:00:00",0
81,"06/06/23 10:08:00",-354
78,"12/08/23 00:00:00",0
76,"06/19/24 10:01:00",-90
55,"05/29/24 19:20:00",0
93,"07/21/22 10:37:00",-120
93,"08/02/22 12:38:00",-125
93,"08/16/22 11:10:00",-168
93,"09/06/22 09:52:00",-134
93,"10/12/22 09:50:00",-170
93,"11/15/22 10:53:00",-100
93,"11/15/22 10:57:00",-137
80,"06/06/23 11:30:00",-8
76,"07/31/24 16:10:00",0
0,"09/18/24 12:02:00",-21
100,"06/16/23 08:15:00",-45
100,"06/16/23 09:55:00",0
29,"03/17/22 10:00:00",0
29,"04/27/22 12:30:00",-3
29,"04/27/22 12:40:00",0
80,"05/28/23 00:00:00",0
126,"01/08/15 10:40:00",0
126,"01/08/15 11:20:00",11
126,"07/28/23 00:00:00",-80
126,"09/15/23 00:00:00",-70
126,"10/24/23 00:00:00",0
79,"05/21/23 00:00:00",0
79,"06/06/23 12:30:00",-6
79,"06/06/23 13:30:00",0
55,"04/04/23 07:50:00",0
55,"05/09/23 11:44:00",-31
95,"06/07/23 07:42:00",-676
18,"06/07/23 01:30:00",-52
19,"05/21/23 18:40:00",0
19,"06/07/23 08:35:00",-13
19,"06/07/23 09:20:00",0
96,"06/07/23 09:05:00",-159
16,"06/07/23 09:38:00",-209
156,"06/07/23 11:04:00",-23
155,"06/07/23 11:40:00",-21
53,"06/07/23 12:41:00",-136
1,"06/07/23 09:25:00",-50
3,"06/07/23 13:15:00",-14
1,"05/25/23 00:00:00",0
3,"05/25/23 00:00:00",0
76,"04/13/23 09:42:00",-16
76,"05/25/23 08:50:00",-10
76,"06/08/23 09:08:00",-18
76,"03/23/23 10:00:00",0
75,"06/08/23 11:00:00",-38
85,"06/09/23 08:12:00",-14
74,"06/06/23 09:30:00",-371
70,"06/09/23 11:18:00",-144
39,"04/12/23 08:09:00",0
39,"05/15/23 07:57:00",-13
39,"06/09/23 07:53:00",-7
97,"06/07/23 10:40:00",-9
97,"06/07/23 10:50:00",0
97,"05/15/23 02:35:00",0
7,"06/13/23 07:15:00",-24
5,"05/26/23 00:00:00",0
5,"06/13/23 08:10:00",-3
5,"06/13/23 08:50:00",0
8,"06/04/23 04:00:00",0
8,"06/13/23 09:50:00",-6
8,"06/13/23 10:10:00",0
147,"06/13/23 09:11:00",-20
27,"06/02/23 13:00:00",0
27,"06/13/23 15:13:00",6
152,"05/17/23 12:00:00",0
152,"06/14/23 10:48:00",-16
60,"02/22/23 09:54:00",-14
60,"02/22/23 09:55:00",-11
60,"03/11/23 10:00:00",0
60,"03/13/22 15:00:00",0
60,"08/05/22 12:00:00",0
60,"08/05/22 19:20:00",-17
60,"08/06/22 16:30:00",-21
60,"08/06/22 22:30:00",0
60,"08/15/22 03:10:00",0
60,"09/06/22 08:10:00",-14
60,"09/06/22 14:00:00",0
60,"09/22/22 00:00:00",0
60,"10/05/22 08:20:00",-9
60,"04/17/23 00:00:00",0
60,"04/27/23 08:50:00",-6
60,"04/27/23 09:30:00",0
60,"05/29/23 13:20:00",0
60,"05/29/23 13:35:00",-21
60,"05/29/23 14:10:00",-94
60,"05/29/23 14:50:00",-128
60,"05/29/23 15:30:00",-144
60,"05/29/23 17:00:00",-153
60,"05/30/23 08:25:00",-159
60,"05/30/23 08:30:00",-143
60,"05/30/23 08:45:00",-53
60,"05/30/23 08:55:00",-36
60,"05/30/23 09:20:00",-15
60,"05/30/23 10:35:00",0
60,"06/08/23 16:20:00",-58
60,"06/09/23 07:50:00",-56
60,"06/09/23 08:00:00",-14
60,"06/09/23 08:50:00",0
49,"03/21/23 10:35:00",-2
49,"04/27/23 08:44:00",-9
49,"05/24/23 00:00:00",0
50,"06/16/21 09:00:00",-5
50,"06/16/21 09:30:00",0
50,"09/03/21 09:10:00",0
50,"09/15/21 08:50:00",-10
50,"09/15/21 09:00:00",0
50,"10/16/21 23:30:00",0
50,"10/28/21 08:40:00",-11
50,"10/28/21 09:20:00",0
50,"01/13/22 08:30:00",0
50,"01/27/22 09:10:00",-11
50,"01/27/22 09:40:00",-8
50,"03/08/22 09:45:00",-7
50,"04/09/22 02:10:00",-3
50,"04/14/22 09:00:00",-13
50,"04/14/22 09:30:00",-3
50,"05/21/22 20:10:00",-8
50,"05/24/22 08:40:00",-13
50,"05/24/22 09:10:00",-8
50,"06/19/22 21:20:00",0
50,"06/29/22 08:30:00",-10
50,"06/29/22 08:50:00",0
50,"08/29/22 02:10:00",0
50,"08/31/22 08:50:00",-6
50,"08/31/22 09:00:00",0
50,"01/10/23 10:31:00",-12
50,"01/19/23 23:20:00",-6
50,"03/18/23 16:15:00",0
50,"04/11/23 09:10:00",-1
77,"03/29/23 08:55:00",0
77,"05/11/23 10:27:00",-27
77,"06/15/23 09:08:00",-25
78,"06/15/23 08:06:00",-18
106,"05/10/23 08:01:00",0
106,"06/15/23 07:18:00",-30
33,"06/14/23 11:10:00",-50
101,"06/16/23 07:13:00",10
58,"05/21/23 18:20:00",0
58,"05/21/23 22:10:00",-23
58,"05/30/23 20:20:00",-23
58,"05/30/23 21:00:00",-38
58,"06/04/23 16:50:00",-38
58,"06/04/23 19:05:00",-57
58,"06/09/23 10:10:00",-57
58,"06/09/23 13:55:00",-68
58,"06/12/23 14:55:00",-68
58,"06/13/23 00:55:00",-76
58,"06/16/23 07:48:00",-76
18,"06/20/23 08:50:00",-61
16,"06/20/23 10:45:00",-115
53,"06/20/23 07:31:00",-109
55,"06/20/23 11:49:00",-60
55,"06/07/23 09:05:00",-68
94,"06/20/23 12:42:00",-179
155,"06/20/23 00:00:00",-38
156,"06/20/23 08:30:00",-9
101,"06/20/23 12:45:00",-10
97,"06/21/23 11:20:00",-11
95,"06/21/23 07:36:00",-674
96,"06/21/23 09:30:00",-209
160,"06/21/23 08:30:00",-81
54,"06/21/23 09:20:00",-76
64,"05/11/23 09:58:00",0
64,"06/08/23 10:05:00",-19
64,"06/21/23 09:39:00",-66
27,"06/21/23 08:04:00",-40
80,"06/22/23 08:42:00",10
74,"06/22/23 11:33:00",-567
75,"06/22/23 12:56:00",-23
108,"06/22/23 08:08:00",-183
76,"06/22/23 11:08:00",-2
44,"05/03/20 23:45:00",0
44,"06/08/20 10:15:00",-8
44,"07/15/20 10:30:00",-12
44,"07/23/20 11:41:00",-10
46,"06/14/23 09:06:00",-79
7,"07/07/23 08:26:00",-23
6,"06/08/23 20:45:00",0
44,"08/25/20 11:28:00",-7
76,"07/12/23 12:35:00",0
74,"07/19/23 09:26:00",-309
64,"07/19/23 09:40:00",-84
155,"08/01/23 09:40:00",-20
64,"08/01/23 16:09:00",-113
1,"08/01/23 12:58:00",-41
77,"08/10/23 09:11:00",0
44,"10/14/20 13:45:00",-6
44,"12/09/20 11:28:00",-9
38,"08/30/23 09:10:00",-10
38,"08/30/23 09:30:00",0
150,"03/24/23 00:00:00",0
150,"04/26/23 08:50:00",-4
44,"12/29/20 00:00:00",0
44,"04/21/21 08:11:00",0
50,"04/11/23 08:45:00",-16
77,"10/25/23 00:00:00",0
95,"11/06/23 00:00:00",0
72,"08/11/23 21:00:00",0
83,"01/13/24 20:00:00",-26
83,"01/16/24 11:55:00",-41
83,"01/16/24 12:10:00",-31
33,"04/13/23 09:22:00",-15
33,"05/17/23 11:50:00",-33
44,"05/18/21 09:58:00",-12
44,"06/22/21 11:58:00",-25
44,"07/29/21 11:12:00",-14
44,"09/16/21 09:27:00",-2
44,"10/27/21 11:59:00",-10
5,"03/26/24 13:31:00",-128
70,"05/03/23 16:00:00",0
99,"07/21/23 00:55:00",0
99,"07/23/23 10:50:00",0
99,"07/24/23 08:22:00",-15
99,"08/27/23 18:00:00",0
99,"08/30/23 11:00:00",-10
99,"08/30/23 15:35:00",-5
101,"06/15/23 20:27:00",0
18,"11/02/23 12:00:00",0
121,"11/15/23 00:00:00",0
44,"12/09/21 09:05:00",-19
44,"12/28/21 00:00:00",-17
44,"12/29/21 00:00:00",0
93,"12/19/22 10:45:00",-51
44,"04/12/22 07:33:00",0
33,"10/09/24 12:40:00",0
33,"11/20/24 11:55:00",17
44,"06/02/22 08:25:00",-6
75,"07/22/23 02:20:00",0
175,"01/05/22 11:00:00",-977
33,"01/29/25 10:39:00",0
44,"07/05/22 07:58:00",-13
44,"07/28/22 12:30:00",-7
44,"11/29/22 08:59:00",-10
44,"01/17/23 23:45:00",0
78,"06/25/23 15:30:00",-18
78,"06/25/23 16:40:00",-117
57,"06/27/23 11:15:00",-84
85,"06/22/23 09:50:00",-14
85,"06/22/23 13:00:00",0
147,"06/27/23 08:53:00",-27
90,"06/06/23 07:54:00",-44
90,"06/27/23 11:24:00",-59
10,"05/02/23 14:00:00",10
47,"09/22/25 16:30:00",-22
47,"09/24/25 08:00:00",-14
47,"09/24/25 08:30:00",-9
10,"06/06/23 00:00:00",0
70,"06/28/23 11:23:00",-235
39,"06/21/23 23:35:00",-7
39,"06/22/23 22:20:00",0
10,"06/08/23 00:00:00",0
20,"06/29/23 10:42:00",-15
42,"06/21/23 22:40:00",-43
78,"06/29/23 10:00:00",-6
78,"06/26/23 11:20:00",-134
78,"06/26/23 11:40:00",-6
74,"06/30/23 07:35:00",-440
74,"06/23/23 03:00:00",-440
87,"06/24/23 23:50:00",0
87,"06/30/23 08:15:00",-9
30,"06/30/23 09:59:00",29
27,"06/25/23 21:00:00",0
27,"06/20/23 17:00:00",0
30,"06/20/23 10:00:00",0
30,"06/23/23 20:30:00",0
3,"08/13/07 23:00:00",0
3,"08/14/07 00:00:00",0
3,"11/06/07 23:00:00",-27
3,"11/07/07 00:00:00",-27
3,"01/01/08 23:00:00",0
3,"01/02/08 00:00:00",0
3,"06/16/08 23:00:00",0
3,"06/17/08 00:00:00",0
3,"11/03/08 23:00:00",-39
3,"11/04/08 00:00:00",-39
3,"12/02/08 23:00:00",0
3,"12/03/08 00:00:00",0
3,"02/17/09 00:00:00",0
3,"07/15/09 00:00:00",-23
3,"09/10/09 00:00:00",-32
3,"12/02/09 00:00:00",0
3,"04/25/23 13:15:00",0
88,"06/30/23 11:20:00",-36
94,"07/04/23 11:59:00",-150
101,"07/04/23 11:16:00",15
96,"07/03/23 07:50:00",-189
96,"07/04/23 07:38:00",-158
97,"07/03/23 07:50:00",0
97,"07/04/23 09:08:00",-4
95,"07/04/23 12:24:00",-584
1,"07/04/23 13:42:00",-33
81,"07/05/23 08:10:00",-200
3,"07/04/23 10:19:00",0
80,"07/05/23 09:10:00",0
16,"07/05/23 11:33:00",-60
134,"05/17/23 00:00:00",0
134,"07/05/23 09:30:00",-82
17,"06/20/23 09:22:00",0
17,"07/05/23 09:00:00",-19
19,"06/20/23 07:40:00",-12
19,"07/05/23 07:30:00",-34
46,"07/06/23 09:26:00",-102
155,"07/06/23 09:27:00",0
6,"06/13/23 09:08:00",-14
6,"07/07/23 11:30:00",-5
18,"07/05/23 10:33:00",-41
47,"07/06/23 08:45:00",0
156,"06/22/23 11:20:00",0
150,"07/20/23 13:50:00",0
150,"07/20/23 14:00:00",-4
18,"08/01/23 09:30:00",-16
95,"08/02/23 10:13:00",-613
96,"08/02/23 07:38:00",-133
97,"08/02/23 08:26:00",0
81,"08/03/23 08:00:00",-216
147,"08/08/23 09:27:00",0
81,"08/18/23 07:32:00",-201
7,"08/18/23 07:22:00",-33
55,"07/06/23 08:10:00",-52
53,"07/06/23 12:24:00",-75
123,"08/24/23 10:57:00",-155
70,"08/24/23 10:03:00",-231
101,"08/29/23 11:10:00",5
55,"08/30/23 10:45:00",0
81,"08/30/23 12:40:00",-190
53,"07/18/23 00:00:00",0
97,"09/12/23 07:40:00",-12
96,"09/12/23 09:07:00",-93
11,"09/13/23 07:28:00",-27
64,"07/06/23 08:45:00",-86
75,"07/07/23 12:17:00",-15
74,"07/05/23 07:00:00",-386
147,"07/11/23 07:45:00",-41
70,"07/11/23 11:10:00",-252
117,"06/06/23 12:00:00",0
117,"07/11/23 12:17:00",-25
83,"06/06/23 12:00:00",0
11,"06/06/23 08:05:00",-16
74,"07/12/23 07:37:00",-363
108,"07/12/23 11:14:00",-103
30,"07/12/23 09:18:00",13
27,"07/08/23 00:00:00",0
27,"07/12/23 00:00:00",3
75,"07/12/23 11:08:00",-20
122,"07/13/23 09:25:00",-123
111,"07/10/23 21:20:00",0
111,"07/13/23 11:35:00",-2
111,"07/13/23 11:50:00",0
152,"07/13/23 07:38:00",0
57,"07/13/23 08:27:00",-63
58,"07/13/23 10:00:00",-54
78,"07/12/23 08:46:00",9
94,"07/18/23 07:46:00",-136
126,"07/18/23 11:48:00",-140
18,"07/18/23 08:56:00",-26
20,"07/18/23 11:08:00",-10
17,"07/18/23 09:41:00",-20
16,"07/18/23 11:05:00",-91
101,"07/18/23 07:50:00",12
19,"07/18/23 07:36:00",-42
55,"07/18/23 08:35:00",-30
155,"07/06/23 09:28:00",0
155,"07/18/23 10:22:00",-42
81,"07/19/23 07:14:00",-167
26,"10/10/23 08:38:00",0
94,"09/27/23 11:35:00",-56
57,"10/17/23 07:50:00",-38
64,"10/25/23 10:47:00",0
122,"10/26/23 09:12:00",0
108,"10/28/23 21:00:00",0
30,"09/26/23 16:45:00",0
27,"10/18/23 17:25:00",0
95,"07/19/23 08:57:00",-615
96,"07/19/23 08:00:00",-175
150,"10/29/23 00:00:00",0
58,"10/25/23 00:00:00",-18
106,"11/22/23 09:15:00",-68
106,"01/15/24 00:00:00",0
160,"10/13/23 09:00:00",-10
96,"11/28/23 13:25:00",-134
101,"12/05/23 12:42:00",-35
38,"10/21/23 18:30:00",0
55,"11/16/23 12:14:00",-136
97,"07/19/23 07:07:00",-4
90,"07/20/23 10:52:00",-40
42,"07/20/23 10:47:00",-22
150,"07/20/23 14:55:00",-54
150,"07/20/23 16:05:00",-59
150,"07/21/23 01:05:00",-63
75,"07/21/23 08:18:00",-14
26,"07/21/23 09:32:00",-11
144,"07/01/23 00:00:00",0
144,"07/21/23 07:20:00",-3
144,"07/21/23 07:30:00",0
5,"07/24/23 10:03:00",21
6,"07/24/23 11:29:00",-14
7,"07/24/23 10:13:00",-28
78,"07/24/23 11:14:00",17
99,"07/24/23 09:20:00",0
147,"07/25/23 08:31:00",-16
70,"07/25/23 08:12:00",-287
111,"11/08/23 14:00:00",-92
20,"10/05/23 08:25:00",-15
84,"12/12/23 15:40:00",-67
68,"07/11/23 08:06:00",0
68,"07/25/23 11:19:00",-13
142,"11/30/22 03:20:00",0
99,"07/03/23 04:00:00",0
99,"07/20/23 10:10:00",-17
99,"07/21/23 00:50:00",-12
35,"11/02/21 13:00:00",-6
99,"08/30/23 15:40:00",0
175,"12/15/21 22:50:00",-963
10,"10/31/23 00:00:00",0
19,"11/05/23 06:45:00",0
68,"07/10/23 00:00:00",0
27,"07/25/23 10:55:00",-1
27,"07/25/23 13:30:00",10
155,"07/26/23 07:50:00",-21
58,"07/26/23 07:56:00",-64
57,"07/26/23 09:34:00",-62
55,"06/04/24 10:23:00",-16
55,"07/09/24 11:43:00",-63
81,"11/01/23 06:00:00",0
93,"01/25/23 10:18:00",0
93,"05/15/23 00:00:00",0
93,"06/08/23 11:00:00",-89
93,"06/20/23 11:05:00",-283
74,"07/26/23 11:22:00",-322
101,"02/02/24 00:00:00",0
135,"09/20/24 10:20:00",0
46,"10/17/24 09:53:00",34
57,"11/12/24 09:35:00",-13
61,"10/15/24 00:00:00",0
29,"03/28/23 08:28:00",0
29,"04/18/23 11:03:00",-20
29,"05/24/23 07:21:00",-28
29,"06/30/23 07:55:00",2
108,"07/26/23 07:56:00",-68
113,"06/16/24 03:20:00",0
113,"08/17/24 05:30:00",0
46,"01/07/25 22:00:00",0
33,"02/20/25 09:23:00",-214
55,"04/09/25 11:37:00",-52
42,"06/29/23 10:00:00",-12
126,"01/31/15 00:00:00",0
160,"07/26/23 08:50:00",-55
46,"07/26/23 11:19:00",-63
54,"07/26/23 10:20:00",-55
47,"07/26/23 10:20:00",-4
47,"07/26/23 10:30:00",0
150,"07/22/23 13:50:00",-63
150,"07/22/23 14:45:00",-73
150,"07/22/23 16:50:00",-74
150,"07/22/23 23:05:00",-89
150,"07/23/23 09:10:00",-89
150,"07/23/23 10:15:00",-93
150,"07/23/23 17:55:00",-95
150,"07/23/23 19:10:00",-80
110,"10/14/23 11:25:00",0
150,"07/23/23 21:05:00",-86
150,"07/20/23 14:25:00",-37
150,"07/27/23 09:00:00",-104
150,"07/27/23 09:50:00",-10
150,"07/27/23 10:20:00",-2
150,"07/27/23 10:50:00",0
87,"07/27/23 09:48:00",-20
120,"05/09/23 10:37:00",0
120,"06/30/23 09:32:00",-7
120,"07/27/23 08:33:00",-9
16,"07/28/23 07:14:00",-107
111,"03/16/23 13:53:00",0
111,"04/20/23 07:10:00",6
111,"05/26/23 07:03:00",8
111,"05/26/23 20:50:00",0
19,"08/01/23 08:04:00",-24
17,"08/01/23 10:18:00",-16
55,"08/01/23 08:12:00",-22
106,"08/01/23 08:08:00",-32
4,"06/27/23 10:40:00",0
4,"07/05/23 08:23:00",-16
4,"08/02/23 08:11:00",-35
94,"08/02/23 11:41:00",-139
80,"08/02/23 16:00:00",0
80,"08/03/23 09:10:00",-4
79,"08/02/23 11:10:00",0
79,"08/03/23 09:30:00",-18
79,"08/03/23 09:50:00",0
101,"08/03/23 07:40:00",10
20,"08/03/23 10:58:00",-13
90,"08/03/23 08:30:00",-27
74,"08/02/23 13:00:00",-298
77,"07/19/22 00:00:00",0
77,"10/15/22 00:00:00",0
77,"07/12/23 07:30:00",-9
129,"10/12/22 07:56:00",-207
27,"08/08/23 07:56:00",0
58,"08/08/23 10:50:00",-56
58,"08/02/23 09:30:00",-64
58,"08/08/23 10:10:00",-72
58,"08/02/23 09:45:00",-71
57,"08/08/23 11:38:00",-43
70,"08/10/23 10:42:00",-258
42,"08/10/23 10:02:00",-13
33,"06/08/23 17:00:00",-33
74,"08/09/23 07:45:00",-243
172,"01/10/23 12:20:00",-41
172,"01/10/23 12:40:00",0
172,"07/13/23 08:51:00",-12
172,"07/13/23 09:25:00",0
172,"07/09/23 04:30:00",0
172,"07/09/23 05:15:00",-12
10,"08/03/23 15:00:00",0
68,"08/10/23 08:39:00",-7
68,"08/24/23 07:40:00",0
155,"08/30/23 08:35:00",-110
76,"09/05/23 11:04:00",0
134,"09/08/23 08:41:00",-53
117,"09/12/23 12:50:00",0
83,"09/12/23 12:03:00",-6
94,"09/15/23 10:00:00",-102
27,"09/19/23 07:45:00",-16
88,"08/23/23 06:41:00",0
150,"04/26/23 09:00:00",0
150,"07/29/23 13:00:00",0
150,"08/23/23 08:10:00",-17
150,"08/23/23 08:50:00",-3
150,"08/23/23 09:30:00",0
10,"08/08/23 09:50:00",-4
10,"08/08/23 10:20:00",0
11,"08/09/23 06:55:00",-20
117,"08/08/23 12:30:00",-6
84,"08/05/23 03:00:00",0
84,"08/08/23 08:25:00",-12
84,"08/08/23 16:25:00",0
19,"08/16/23 07:59:00",-43
16,"08/16/23 10:52:00",-90
74,"08/16/23 09:05:00",-222
94,"08/16/23 12:35:00",-94
160,"08/16/23 11:37:00",-43
155,"08/16/23 12:45:00",-17
55,"08/16/23 09:26:00",-13
46,"08/17/23 09:49:00",-34
20,"08/17/23 08:23:00",-13
101,"08/17/23 11:49:00",4
96,"08/17/23 09:17:00",-121
45,"08/06/23 21:45:00",0
45,"08/17/23 07:45:00",-7
45,"08/17/23 08:50:00",0
97,"08/03/23 21:40:00",0
97,"08/17/23 10:40:00",-3
97,"08/17/23 11:10:00",0
5,"08/18/23 08:26:00",15
6,"08/18/23 09:25:00",-31
79,"08/03/23 10:00:00",0
79,"08/18/23 09:25:00",-5
79,"08/18/23 09:50:00",0
76,"07/24/23 12:18:00",0
76,"08/18/23 09:05:00",-12
57,"08/22/23 11:37:00",-37
74,"08/23/23 09:10:00",-224
58,"08/20/23 16:15:00",14
58,"08/20/23 16:00:00",-56
108,"08/23/23 06:47:00",-86
87,"08/23/23 10:19:00",-12
64,"08/23/23 09:20:00",-119
120,"08/23/23 08:46:00",-6
58,"08/22/23 10:05:00",14
58,"08/22/23 11:30:00",-6
147,"08/09/23 00:00:00",0
147,"08/22/23 06:58:00",-28
27,"08/22/23 10:43:00",-5
122,"08/24/23 08:40:00",-136
106,"08/24/23 07:45:00",-57
57,"09/22/23 10:23:00",-30
80,"09/20/23 03:50:00",0
72,"08/24/23 12:50:00",0
0,"10/29/23 17:00:00",0
83,"12/30/22 08:00:00",0
35,"10/27/23 18:00:00",0
35,"12/05/23 12:20:00",-11
35,"12/05/23 13:00:00",0
113,"12/07/23 08:20:00",0
120,"01/09/24 09:37:00",0
6,"09/07/23 10:40:00",0
72,"08/24/23 10:30:00",-20
130,"08/25/23 07:32:00",-569
79,"08/21/23 12:50:00",0
79,"08/21/23 15:40:00",-13
79,"08/25/23 06:50:00",-41
79,"08/25/23 07:20:00",0
58,"08/25/23 10:25:00",-5
19,"08/29/23 07:31:00",-36
17,"08/29/23 09:21:00",-17
17,"08/16/23 09:40:00",-11
18,"08/16/23 08:58:00",-8
18,"08/29/23 08:38:00",-3
20,"08/29/23 07:28:00",-12
94,"08/29/23 12:00:00",-110
79,"08/28/23 19:00:00",0
79,"08/30/23 10:30:00",-11
79,"08/30/23 11:00:00",0
90,"08/31/23 10:22:00",-19
96,"08/31/23 07:28:00",-105
97,"08/17/23 11:11:00",0
84,"01/16/24 16:10:00",-18
84,"02/13/24 16:50:00",-27
83,"02/13/24 14:00:00",0
97,"08/31/23 08:40:00",-7
175,"12/24/21 08:10:00",-977
113,"06/19/24 08:02:00",-199
44,"10/26/23 17:00:00",0
44,"11/16/23 11:58:00",-77
44,"12/05/23 09:36:00",-21
44,"01/24/24 09:05:00",-15
84,"07/02/24 08:05:00",-18
95,"08/17/23 08:08:00",-634
95,"08/31/23 09:25:00",-616
74,"08/30/23 12:00:00",-209
86,"04/15/23 00:00:00",0
60,"08/31/23 00:00:00",0
60,"09/05/23 07:30:00",-3
93,"07/04/23 10:40:00",-311
93,"07/18/23 09:10:00",-331
93,"08/02/23 09:39:00",-349
93,"08/16/23 11:16:00",-377
57,"09/05/23 11:26:00",-30
84,"09/05/24 08:39:00",-17
61,"10/30/24 09:51:00",-81
76,"08/29/24 05:10:00",0
49,"11/21/24 08:00:00",-7
83,"08/08/23 13:50:00",-3
40,"08/25/23 04:00:00",0
42,"09/05/23 10:40:00",-45
23,"01/02/25 12:00:00",0
61,"11/14/24 08:25:00",-81
111,"01/23/25 08:20:00",-29
111,"01/23/25 08:30:00",0
96,"05/07/24 10:12:00",-42
89,"09/28/23 10:38:00",-7
89,"10/29/23 00:00:00",0
125,"04/19/10 00:00:00",0
125,"11/02/10 00:00:00",0
126,"02/01/15 00:00:00",100
126,"02/17/15 14:10:00",50
58,"09/05/23 10:15:00",-15
58,"09/05/23 13:50:00",-9
60,"09/05/23 11:35:00",0
1,"09/05/23 14:15:00",-25
0,"08/01/23 12:00:00",0
0,"09/05/23 13:00:00",-12
111,"08/19/23 08:15:00",0
111,"09/06/23 10:28:00",-27
111,"09/06/23 10:49:00",0
64,"09/06/23 09:15:00",-101
4,"09/06/23 07:00:00",0
49,"08/22/23 07:15:00",0
49,"09/06/23 07:54:00",-13
74,"09/07/23 09:21:00",-221
79,"09/10/25 03:20:00",0
79,"09/16/25 10:10:00",-17
79,"09/16/25 10:30:00",0
81,"09/16/25 07:49:00",-52
80,"09/16/25 09:13:00",-9
152,"09/23/25 10:27:00",-32
89,"08/10/23 10:11:00",-7
89,"08/31/23 09:25:00",-23
7,"09/07/23 07:10:00",-27
26,"09/07/23 09:03:00",-15
27,"09/07/23 12:17:00",3
147,"09/08/23 09:55:00",-39
95,"09/12/23 10:21:00",-595
20,"09/12/23 07:51:00",-13
101,"09/12/23 09:15:00",11
46,"09/12/23 09:42:00",-43
30,"09/08/23 08:00:00",-27
30,"09/08/23 17:30:00",8
30,"08/30/23 01:20:00",9
84,"09/12/23 08:47:00",0
108,"09/13/23 10:32:00",-112
74,"09/13/23 07:05:00",-226
155,"09/14/23 08:35:00",-108
147,"09/19/23 08:46:00",0
18,"09/19/23 09:16:00",-8
17,"09/19/23 09:52:00",-20
81,"11/06/25 09:59:00",0
140,"11/06/25 09:31:00",-41
80,"11/06/25 08:37:00",0
79,"10/23/25 06:10:00",0
16,"09/19/23 11:28:00",-85
19,"09/19/23 08:07:00",-26
74,"09/20/23 09:31:00",-249
70,"09/20/23 10:48:00",-224
126,"09/20/23 07:30:00",-180
127,"09/20/23 10:45:00",-36
88,"09/15/23 08:29:00",34
88,"09/20/23 08:56:00",13
88,"01/01/24 00:00:00",0
64,"09/21/23 09:49:00",-73
58,"09/22/23 08:00:00",-22
31,"07/30/20 17:25:00",0
31,"05/12/20 10:40:00",0
31,"06/12/20 11:41:00",-13
31,"06/18/20 11:36:00",2
31,"07/10/20 14:20:00",-5
31,"08/21/20 10:34:00",-12
31,"09/10/20 12:15:00",-12
31,"10/08/20 12:37:00",-3
31,"11/04/20 11:21:00",1
31,"12/01/20 00:00:00",0
30,"09/26/23 08:18:00",17
49,"09/26/23 09:45:00",-13
49,"09/26/23 10:10:00",-9
101,"09/27/23 10:43:00",7
129,"09/27/23 08:02:00",-17
172,"08/24/23 09:40:00",0
172,"09/27/23 09:55:00",-26
172,"09/27/23 11:40:00",0
40,"09/05/23 09:10:00",-4
40,"09/05/23 09:15:00",0
81,"09/19/23 11:17:00",-231
106,"09/27/23 08:05:00",-53
50,"08/23/23 09:00:00",0
50,"09/27/23 08:40:00",-5
50,"09/27/23 09:00:00",0
72,"08/25/23 20:00:00",0
72,"09/27/23 10:40:00",-49
72,"09/27/23 12:20:00",0
122,"09/27/23 07:00:00",-110
123,"09/27/23 11:35:00",-83
22,"07/17/22 19:30:00",0
22,"10/13/22 19:30:00",0
22,"10/17/22 11:20:00",-36
22,"10/18/22 09:25:00",0
120,"09/28/23 10:50:00",-17
87,"09/28/23 08:42:00",-14
160,"09/28/23 10:27:00",-10
54,"09/28/23 11:30:00",0
55,"09/14/23 10:03:00",-11
55,"09/28/23 09:03:00",-13
74,"09/27/23 13:30:00",-185
39,"08/29/23 22:40:00",0
39,"08/30/23 08:20:00",-16
39,"08/30/23 09:00:00",-3
39,"08/30/23 10:00:00",0
46,"12/22/22 13:00:00",-89
46,"01/03/23 13:00:00",-91
121,"07/13/23 00:00:00",0
121,"08/24/23 07:43:00",-16
121,"09/27/23 09:35:00",-64
83,"07/11/23 11:10:00",-2
83,"07/11/23 11:20:00",0
16,"10/03/23 08:45:00",-51
90,"10/03/23 09:19:00",-20
130,"10/03/23 11:00:00",-597
39,"09/13/23 11:00:00",0
39,"10/03/23 08:15:00",-6
39,"10/03/23 09:00:00",0
94,"10/12/23 08:35:00",-60
88,"10/26/23 11:05:00",9
121,"10/26/23 08:15:00",-24
38,"10/18/23 02:09:00",-4
74,"10/31/23 11:52:00",-325
66,"09/23/23 10:30:00",0
66,"10/03/23 08:19:00",-8
54,"10/29/23 21:00:00",0
127,"10/28/23 00:00:00",0
58,"10/31/23 00:00:00",0
49,"11/01/23 00:00:00",0
46,"10/24/23 22:30:00",-13
84,"11/07/23 09:40:00",0
46,"11/07/23 13:52:00",-63
17,"11/02/23 00:00:00",-21
17,"11/02/23 06:35:00",0
87,"11/21/23 09:31:00",0
86,"10/30/23 12:00:00",0
130,"11/22/23 09:50:00",-103
16,"10/27/23 10:00:00",0
66,"11/22/23 09:01:00",0
101,"11/23/23 08:48:00",-127
70,"12/05/23 00:00:00",0
57,"11/11/23 12:00:00",0
38,"09/23/23 00:00:00",0
38,"10/03/23 09:10:00",-8
38,"10/03/23 09:20:00",-4
152,"09/21/23 10:00:00",0
152,"09/21/23 19:30:00",-20
152,"09/27/23 11:14:00",-20
47,"08/02/23 00:00:00",0
47,"08/17/23 09:25:00",-3
47,"08/17/23 09:50:00",0
47,"09/12/23 00:00:00",0
47,"09/12/23 02:30:00",-12
47,"09/12/23 09:20:00",-10
47,"09/12/23 12:30:00",0
150,"10/04/23 08:55:00",-43
42,"10/04/23 09:35:00",-17
127,"10/04/23 08:11:00",-39
84,"10/04/23 09:25:00",-40
84,"10/04/23 12:35:00",0
150,"09/13/23 06:30:00",0
150,"10/04/23 09:20:00",-25
150,"10/04/23 10:20:00",-7
7,"10/05/23 07:18:00",-32
78,"09/05/23 08:05:00",12
78,"10/05/23 07:38:00",14
113,"03/30/23 07:06:00",0
113,"05/11/23 07:17:00",-5
113,"06/15/23 11:36:00",-9
113,"08/18/23 07:52:00",-30
113,"10/05/23 11:37:00",-44
20,"10/05/23 08:13:00",-19
45,"10/10/23 08:15:00",-9
45,"10/10/23 11:40:00",0
46,"10/10/23 09:57:00",-13
128,"09/09/23 00:00:00",0
128,"10/03/23 11:51:00",-60
128,"10/03/23 15:07:00",-7
128,"10/04/23 07:35:00",-7
128,"10/04/23 09:22:00",0
134,"10/10/23 09:50:00",-105
95,"10/10/23 07:55:00",-551
47,"10/01/23 01:45:00",0
47,"10/10/23 09:15:00",-37
47,"10/10/23 16:50:00",0
96,"10/11/23 08:05:00",-78
97,"10/11/23 09:25:00",-5
108,"10/11/23 11:19:00",-91
74,"10/11/23 08:06:00",-164
18,"10/11/23 11:30:00",-8
45,"08/22/23 02:00:00",0
45,"09/12/23 07:47:00",-8
0,"10/10/23 12:08:00",-21
8,"07/24/23 11:44:00",0
8,"09/07/23 11:15:00",-7
8,"10/12/23 08:41:00",-13
1,"10/10/23 14:03:00",-25
111,"11/08/23 14:05:00",0
58,"10/17/23 10:57:00",-18
59,"10/11/23 13:50:00",0
175,"12/24/21 08:50:00",0
175,"12/31/21 10:50:00",0
44,"02/25/24 22:00:00",0
59,"10/17/23 09:40:00",-120
59,"10/17/23 10:00:00",-3
59,"10/17/23 11:30:00",0
60,"09/26/23 07:45:00",0
60,"10/17/23 08:50:00",-14
60,"10/17/23 11:50:00",0
50,"04/11/23 09:00:00",-13
50,"04/11/23 09:20:00",0
93,"08/29/23 10:41:00",-366
93,"09/27/23 09:39:00",-412
93,"10/13/23 07:37:00",-436
93,"10/13/23 08:50:00",-416
93,"11/02/23 13:08:00",0
27,"10/18/23 07:40:00",-6
84,"10/17/23 16:40:00",0
55,"08/06/24 09:59:00",-26
35,"08/29/24 10:00:00",0
127,"08/23/24 19:40:00",0
117,"07/30/24 13:47:00",7
29,"06/30/23 08:20:00",13
82,"10/14/23 18:00:00",0
82,"10/17/23 10:40:00",-15
61,"11/15/24 09:20:00",0
111,"01/05/25 09:00:00",0
175,"12/15/21 17:00:00",0
82,"10/17/23 10:50:00",0
83,"10/15/23 06:00:00",-15
83,"10/17/23 12:10:00",-24
83,"10/17/23 12:40:00",-5
86,"09/14/23 10:51:00",0
86,"10/18/23 10:13:00",-27
10,"08/31/23 00:00:00",0
10,"09/12/23 14:42:00",-13
10,"10/18/23 06:35:00",-16
84,"10/15/23 12:40:00",0
84,"10/17/23 15:25:00",-26
11,"10/18/23 07:50:00",-22
79,"09/21/23 06:10:00",0
79,"10/19/23 09:50:00",-30
79,"10/19/23 10:10:00",0
80,"10/19/23 09:00:00",-24
80,"10/19/23 09:10:00",0
81,"10/19/23 07:22:00",-202
19,"10/19/23 07:40:00",-56
19,"10/15/23 08:15:00",-26
19,"10/19/23 08:30:00",-32
17,"10/19/23 11:00:00",-21
175,"10/13/23 01:40:00",0
175,"10/19/23 09:15:00",-8
175,"10/19/23 10:50:00",0
18,"10/19/23 09:37:00",-25
77,"09/14/23 13:01:00",24
77,"10/20/23 07:41:00",-14
50,"10/17/23 07:55:00",0
50,"10/24/23 08:20:00",-82
50,"10/24/23 10:10:00",0
70,"10/24/23 10:58:00",-123
152,"10/24/23 11:02:00",-26
172,"10/13/23 09:10:00",0
172,"10/24/23 09:40:00",-42
172,"10/24/23 10:10:00",0
54,"10/19/23 16:00:00",0
54,"10/25/23 09:12:00",-52
55,"10/25/23 10:45:00",-32
101,"10/26/23 08:03:00",4
108,"10/27/23 07:38:00",-109
74,"10/27/23 09:51:00",-373
8,"10/12/23 12:00:00",0
81,"10/31/23 10:15:00",-346
134,"10/28/23 00:00:00",-105
134,"10/31/23 09:18:00",-246
96,"10/31/23 11:06:00",-57
95,"10/31/23 12:46:00",-238
155,"11/03/23 10:42:00",-92
129,"10/28/23 12:00:00",0
53,"11/04/23 00:00:00",0
53,"11/07/23 09:06:00",-263
83,"11/07/23 11:04:00",11
101,"11/08/23 09:21:00",-139
152,"10/29/23 00:00:00",0
46,"10/31/23 20:15:00",-63
53,"11/15/23 11:26:00",0
46,"11/16/23 10:12:00",-91
120,"11/21/23 10:20:00",-50
160,"10/13/23 10:25:00",0
57,"11/04/23 18:40:00",-38
57,"11/08/23 10:20:00",-13
97,"11/28/23 11:00:00",-64
97,"11/28/23 11:40:00",-52
96,"11/28/23 18:00:00",-29
42,"10/18/23 05:15:00",-17
42,"11/01/23 22:45:00",0
5,"11/30/23 10:13:00",-216
88,"11/09/23 10:46:00",-49
88,"12/06/23 12:43:00",12
88,"12/25/23 00:00:00",12
78,"12/07/23 13:25:00",-17
11,"11/08/23 08:30:00",0
59,"11/16/23 11:15:00",0
59,"11/30/23 13:00:00",-43
182,"10/24/79 13:19:00",0
182,"11/14/79 13:00:00",-18
182,"11/21/79 09:00:00",-24
182,"12/12/79 09:15:00",-18
182,"01/20/80 00:00:00",0
182,"04/15/80 00:00:00",0
182,"05/28/80 11:45:00",-11
182,"07/04/80 07:30:00",-12
182,"07/24/80 11:45:00",-27
182,"09/16/80 12:00:00",-39
182,"10/02/80 08:15:00",-44
182,"10/09/80 12:15:00",-16
182,"10/31/80 11:45:00",-5
182,"11/27/80 13:30:00",-25
182,"01/04/81 00:00:00",0
182,"08/11/81 07:45:00",0
182,"09/02/81 13:00:00",-29
182,"09/23/81 12:00:00",-9
182,"11/24/81 10:30:00",-10
182,"12/12/81 00:00:00",0
182,"04/03/82 00:00:00",0
182,"04/06/82 09:30:00",-5
182,"05/04/82 13:00:00",-21
182,"05/18/82 10:00:00",-22
182,"06/02/82 08:30:00",-18
182,"06/08/82 10:00:00",-29
182,"07/15/82 09:30:00",-37
182,"08/05/82 09:30:00",-46
182,"08/12/82 09:45:00",-54
182,"09/30/82 09:30:00",-51
182,"10/07/82 08:45:00",-20
182,"10/21/82 09:00:00",-20
182,"11/24/82 10:00:00",-3
182,"12/10/82 09:15:00",-28
182,"12/20/82 10:15:00",-31
182,"01/04/83 10:00:00",0
182,"03/06/83 00:00:00",0
182,"03/15/83 10:00:00",-19
182,"03/29/83 11:00:00",-4
182,"04/19/83 12:00:00",0
182,"05/27/83 00:00:00",0
182,"06/07/83 08:15:00",-14
182,"07/01/83 08:00:00",-17
182,"08/31/83 07:30:00",-38
182,"09/13/83 08:45:00",-42
182,"11/29/83 10:20:00",-2
182,"12/12/83 09:30:00",-26
182,"12/19/83 12:30:00",0
182,"02/09/84 00:00:00",0
182,"02/21/84 08:45:00",-10
182,"03/06/84 08:30:00",-16
182,"05/23/84 08:15:00",-18
182,"06/08/84 08:30:00",-24
182,"06/20/84 07:45:00",-19
182,"07/18/84 07:45:00",-57
182,"09/21/84 08:20:00",-54
182,"10/16/84 10:00:00",-14
182,"11/06/84 10:30:00",-35
182,"11/14/84 09:45:00",-25
182,"12/01/84 00:00:00",0
182,"02/22/85 00:00:00",0
182,"03/14/85 09:30:00",-12
182,"03/21/85 08:30:00",-17
182,"04/09/85 00:00:00",0
182,"06/01/85 00:00:00",0
182,"06/11/85 09:45:00",-4
182,"07/03/85 07:45:00",-4
182,"07/31/85 07:30:00",-15
182,"08/08/85 07:45:00",-16
182,"09/24/85 09:20:00",-59
182,"11/27/85 09:20:00",-46
182,"12/26/85 00:00:00",0
182,"05/01/86 00:00:00",0
182,"06/03/86 08:15:00",-29
182,"07/20/86 08:00:00",-53
182,"08/08/86 07:30:00",-78
182,"09/08/86 23:15:00",-168
182,"09/09/86 12:00:00",12
182,"09/14/86 23:28:00",82
182,"09/15/86 02:00:00",0
182,"10/02/86 08:45:00",-61
182,"11/22/86 00:00:00",0
182,"02/17/87 00:00:00",0
182,"03/24/87 08:50:00",-18
182,"03/28/87 00:00:00",0
76,"05/03/24 08:42:00",-46
175,"01/13/22 12:20:00",-967
182,"04/18/87 00:00:00",0
182,"06/05/87 08:00:00",-24
182,"07/21/87 12:15:00",-9
182,"08/06/87 10:00:00",-31
182,"09/03/87 11:30:00",-32
182,"09/28/87 12:40:00",-56
182,"11/02/87 13:00:00",0
182,"11/16/87 13:00:00",-64
182,"11/23/87 10:15:00",-28
182,"12/07/87 12:45:00",-10
182,"12/21/87 12:45:00",-5
146,"07/10/24 09:45:00",-42
182,"01/01/88 00:00:00",0
182,"08/28/88 00:00:00",0
20,"06/13/24 08:28:00",0
127,"09/06/24 09:00:00",13
182,"09/05/88 12:00:00",-11
20,"09/07/24 00:00:00",0
140,"10/14/24 14:00:00",0
98,"10/14/24 18:00:00",0
10,"10/17/24 15:00:00",-12
74,"07/22/24 12:33:00",-16
182,"09/19/88 12:00:00",-44
182,"10/17/88 09:20:00",-41
49,"12/03/24 10:15:00",-16
49,"12/03/24 10:30:00",-9
178,"10/28/24 10:00:00",0
182,"11/17/88 10:30:00",-67
182,"01/25/89 09:00:00",-31
111,"01/05/25 09:10:00",-10
96,"12/11/24 11:15:00",-63
96,"01/16/25 15:37:00",-49
96,"01/16/25 17:37:00",-12
96,"01/23/25 13:22:00",-12
96,"01/23/25 14:00:00",0
19,"01/15/25 00:00:00",0
5,"02/22/25 08:00:00",-54
179,"02/20/25 13:18:00",56
7,"10/06/23 19:40:00",0
53,"09/30/24 08:30:00",-33
126,"02/21/15 00:00:00",50
126,"02/27/15 10:50:00",0
182,"02/08/89 10:00:00",-36
182,"03/22/89 10:30:00",-14
182,"04/12/89 09:00:00",-44
182,"04/19/89 09:15:00",-6
182,"05/17/89 09:00:00",-16
182,"06/10/89 13:41:00",0
182,"06/12/89 02:00:00",130
182,"06/20/89 11:20:00",130
182,"06/27/89 09:15:00",61
182,"06/27/89 12:00:00",0
182,"11/20/89 16:00:00",0
182,"12/18/89 10:30:00",-61
182,"01/12/90 10:00:00",-50
182,"01/30/90 12:45:00",-14
182,"02/12/90 02:00:00",0
182,"05/05/90 07:28:00",0
155,"11/07/23 10:39:00",-225
5,"08/01/25 09:18:00",-8
182,"05/05/90 10:20:00",70
121,"09/16/25 08:26:00",36
47,"10/14/25 10:20:00",-12
182,"06/03/90 00:20:00",70
182,"06/05/90 10:00:00",0
182,"06/11/90 08:00:00",-17
182,"07/26/90 21:04:00",-17
182,"07/26/90 23:59:00",-117
182,"07/27/90 00:01:00",200
182,"07/27/90 22:22:00",50
182,"07/28/90 04:42:00",0
182,"05/01/91 00:00:00",0
182,"06/21/91 09:10:00",-4
182,"08/09/91 00:00:00",0
182,"08/21/91 00:00:00",0
182,"09/06/91 09:00:00",-7
182,"09/09/91 07:50:00",-11
182,"09/11/91 15:00:00",0
130,"12/14/23 11:15:00",0
46,"12/20/23 10:40:00",-59
49,"12/13/23 18:00:00",-61
49,"12/14/23 09:48:00",-252
49,"12/14/23 23:10:00",-292
49,"12/16/23 03:00:00",-120
49,"12/13/23 02:50:00",0
49,"12/15/23 09:40:00",-252
49,"12/17/23 07:50:00",-18
49,"12/16/23 11:45:00",-61
49,"12/15/23 21:45:00",-180
74,"12/28/23 10:26:00",-43
101,"01/04/24 12:59:00",-85
74,"11/08/23 14:00:00",-121
70,"11/09/23 00:20:00",-110
96,"12/15/23 10:00:00",0
97,"01/09/24 11:00:00",-43
156,"12/15/23 00:00:00",0
156,"01/09/24 10:22:00",108
55,"01/10/24 12:03:00",0
5,"11/14/23 00:00:00",0
59,"12/07/23 12:40:00",-46
59,"12/07/23 13:45:00",0
106,"01/11/24 12:00:00",-19
83,"12/13/23 09:35:00",-26
5,"01/17/24 09:35:00",-127
8,"11/02/23 00:00:00",0
8,"11/08/23 10:17:00",-272
8,"11/08/23 11:10:00",0
70,"11/29/23 11:20:00",-18
33,"06/21/23 12:33:00",0
97,"03/07/24 00:00:00",-16
97,"04/09/24 11:00:00",0
1,"11/15/23 00:00:00",0
1,"11/07/23 15:35:00",-43
135,"08/24/22 09:20:00",0
135,"08/24/22 10:15:00",9
135,"08/24/22 10:20:00",0
46,"01/25/24 09:56:00",0
49,"01/16/24 09:29:00",-18
60,"08/22/23 08:00:00",17
60,"08/16/23 13:10:00",0
60,"08/16/23 13:20:00",10
60,"08/22/23 13:40:00",17
60,"08/22/23 14:05:00",5
60,"08/22/23 15:30:00",-18
60,"08/22/23 18:05:00",-26
60,"08/23/23 09:10:00",-33
60,"08/23/23 09:20:00",-20
60,"08/23/23 10:40:00",-11
60,"08/23/23 17:05:00",-7
60,"08/25/23 08:55:00",-7
60,"08/25/23 10:00:00",0
137,"07/06/23 02:00:00",0
137,"07/06/23 09:25:00",18
137,"08/11/23 11:00:00",11
137,"09/28/23 09:44:00",21
137,"09/29/23 00:00:00",0
20,"09/30/22 06:30:00",0
20,"10/11/22 10:25:00",-35
20,"10/11/22 19:10:00",-6
20,"10/12/22 07:15:00",0
20,"10/26/21 17:00:00",0
44,"08/13/22 21:50:00",-7
44,"08/13/22 22:10:00",0
44,"09/15/22 13:05:00",0
76,"10/20/23 11:00:00",0
76,"10/30/23 14:54:00",-84
76,"11/13/23 13:04:00",-116
76,"12/29/23 10:03:00",-41
76,"02/01/24 09:44:00",-28
156,"02/06/24 09:41:00",17
97,"02/07/24 11:00:00",-16
182,"09/02/86 12:40:00",-80
20,"10/05/23 08:40:00",0
5,"02/15/24 09:38:00",-144
49,"02/14/24 10:10:00",-7
49,"02/14/24 10:20:00",0
34,"04/13/92 11:50:00",0
34,"05/19/92 12:35:00",-38
34,"07/28/92 13:00:00",-10
34,"03/29/93 10:30:00",-10
34,"04/24/93 16:00:00",0
34,"04/16/02 12:30:00",0
34,"11/27/02 10:15:00",-12
34,"01/15/03 10:00:00",0
34,"08/21/03 11:45:00",0
34,"09/23/03 08:30:00",-3
34,"10/02/03 09:00:00",-8
34,"01/11/04 09:00:00",-8
34,"01/13/04 00:00:00",0
34,"04/28/04 10:00:00",0
34,"06/15/04 08:30:00",-4
34,"06/29/04 12:50:00",-18
84,"04/03/24 06:45:00",-42
70,"05/05/22 11:11:00",-27
99,"11/27/21 16:30:00",0
99,"06/27/22 05:09:00",0
99,"07/05/22 12:30:00",-8
99,"07/05/22 13:20:00",0
99,"07/30/22 10:50:00",0
34,"07/17/04 09:00:00",-19
34,"09/30/04 09:00:00",-11
34,"01/12/05 10:00:00",-29
34,"04/14/05 09:00:00",-27
34,"06/08/05 08:45:00",-24
34,"07/06/05 10:00:00",-12
34,"07/18/05 14:15:00",-15
34,"08/09/05 11:00:00",-19
34,"08/17/05 10:00:00",-2
34,"08/31/05 11:00:00",-14
34,"10/17/05 12:30:00",-14
34,"06/15/06 11:45:00",-11
34,"03/03/07 00:00:00",-11
34,"03/22/07 14:20:00",-29
34,"10/08/07 11:00:00",-3
34,"12/26/07 12:00:00",-27
34,"01/05/08 05:00:00",-27
34,"01/15/08 10:20:00",0
34,"02/08/08 10:50:00",-9
34,"02/19/08 10:15:00",-19
34,"02/29/08 12:30:00",-7
34,"03/18/08 11:30:00",-10
34,"03/28/08 11:00:00",-19
34,"04/09/08 11:00:00",0
34,"06/05/08 09:50:00",-22
34,"07/17/08 08:45:00",-22
34,"08/25/08 11:45:00",-29
34,"09/10/08 11:30:00",-32
34,"10/24/08 11:20:00",-22
34,"11/18/08 10:00:00",-28
34,"01/20/09 11:15:00",-10
34,"01/23/09 13:15:00",-10
34,"03/06/09 12:15:00",-21
34,"04/08/09 11:00:00",-13
34,"05/13/09 11:30:00",-21
34,"06/09/09 09:45:00",-22
34,"07/08/09 10:00:00",-29
34,"08/13/09 09:15:00",-24
34,"09/08/09 10:30:00",0
34,"09/30/09 06:40:00",0
125,"12/14/22 09:28:00",-15
147,"07/10/24 11:37:00",-14
5,"07/11/24 09:05:00",0
34,"10/14/09 10:30:00",-7
34,"12/02/09 11:10:00",-4
34,"01/13/10 11:00:00",0
34,"02/18/10 10:00:00",0
20,"07/25/24 10:05:00",-13
147,"08/06/24 09:09:00",5
34,"03/09/10 09:15:00",-15
10,"09/29/24 15:00:00",-12
10,"10/17/24 16:00:00",0
35,"10/15/24 13:00:00",0
146,"10/10/24 10:00:00",0
34,"04/01/10 09:05:00",-10
34,"04/20/10 08:45:00",-14
34,"06/03/10 09:00:00",-12
144,"09/17/24 20:00:00",0
108,"09/20/24 00:00:00",0
34,"08/19/10 09:40:00",-32
34,"10/07/10 09:30:00",-6
179,"01/16/25 08:33:00",68
96,"12/11/24 15:32:00",-30
96,"01/09/25 12:34:00",-168
7,"05/17/24 06:00:00",0
7,"05/17/24 07:35:00",-80
7,"06/26/24 10:44:00",-29
7,"07/11/24 07:36:00",-29
7,"07/11/24 16:25:00",0
7,"07/29/22 10:55:00",-24
179,"03/19/25 08:45:00",30
34,"10/27/10 10:00:00",-4
34,"12/15/10 11:30:00",0
34,"01/18/11 10:30:00",0
34,"02/03/11 09:56:00",-13
34,"02/22/11 10:40:00",-7
34,"03/18/11 09:35:00",-7
34,"05/11/11 10:00:00",-29
34,"06/15/11 09:50:00",-5
34,"07/20/11 08:45:00",-19
34,"08/10/11 09:20:00",-13
34,"08/31/11 08:40:00",-18
34,"09/28/11 12:15:00",-30
34,"11/08/11 09:45:00",-27
34,"12/13/11 10:20:00",-26
34,"01/05/12 10:05:00",0
34,"02/21/12 10:00:00",-4
34,"04/03/12 09:23:00",-28
155,"11/16/23 18:00:00",-225
155,"11/27/23 08:00:00",-90
155,"12/07/23 16:30:00",-90
155,"12/12/23 17:45:00",-90
155,"12/12/23 18:05:00",-148
155,"01/09/24 10:22:00",-148
34,"05/22/12 09:52:00",-23
34,"06/05/12 12:00:00",-10
34,"06/28/12 08:55:00",-25
34,"07/24/12 09:00:00",-9
34,"11/13/12 11:40:00",-21
34,"12/06/12 11:15:00",-12
34,"01/15/13 11:36:00",-13
34,"03/07/13 10:40:00",0
34,"03/28/13 11:00:00",0
34,"05/15/13 08:45:00",-28
34,"05/30/13 09:35:00",-50
34,"06/06/13 08:50:00",-50
34,"07/31/13 09:00:00",-17
34,"08/09/13 05:00:00",0
34,"04/24/16 00:00:00",0
34,"05/02/16 08:06:00",-12
34,"05/21/16 20:30:00",-12
34,"05/22/16 12:45:00",0
34,"06/20/16 09:30:00",0
34,"07/04/16 09:07:00",-4
34,"10/17/16 08:43:00",-9
34,"12/13/16 09:54:00",-6
34,"02/24/17 09:34:00",-19
34,"03/04/17 06:30:00",0
34,"03/14/17 00:00:00",0
34,"04/12/17 10:27:00",-5
47,"12/05/25 00:00:00",-12
47,"01/05/26 00:00:00",0
34,"05/10/17 07:41:00",-20
34,"06/19/17 07:57:00",-5
34,"07/27/17 12:25:00",-4
34,"11/22/17 09:19:00",-41
34,"12/30/17 09:30:00",0
34,"02/11/19 13:30:00",0
34,"03/05/19 09:18:00",-13
34,"04/10/19 07:25:00",-2
34,"05/15/19 08:12:00",-12
34,"06/04/19 19:15:00",-12
34,"06/05/19 15:30:00",0
34,"07/02/19 03:00:00",0
34,"08/01/19 11:00:00",-37
34,"09/10/19 08:25:00",-3
34,"10/24/19 07:54:00",-14
34,"11/03/19 16:00:00",0
34,"12/01/19 14:00:00",0
34,"12/11/19 10:40:00",-7
34,"12/12/19 19:30:00",0
34,"09/22/20 13:30:00",0
34,"10/08/20 07:33:00",-11
34,"07/01/21 12:00:00",0
34,"07/08/21 10:24:00",-6
34,"08/10/21 08:20:00",-9
34,"09/22/21 10:15:00",-10
34,"12/07/21 20:00:00",0
34,"10/19/22 09:50:00",-18
34,"10/19/22 10:10:00",-5
34,"10/19/22 11:10:00",0
35,"05/22/23 00:00:00",0
35,"07/05/23 11:10:00",-30
35,"07/05/23 11:50:00",-7
35,"07/05/23 12:50:00",0
156,"02/10/24 01:30:00",0
156,"03/12/24 12:00:00",-115
84,"03/13/24 07:47:00",-34
8,"03/12/24 14:00:00",0
8,"03/13/24 09:53:00",85
140,"01/14/22 04:20:00",0
140,"01/21/22 09:25:00",-27
140,"01/21/22 10:00:00",0
99,"08/09/22 08:15:00",-15
99,"08/24/22 19:50:00",0
99,"09/04/22 13:50:00",0
99,"09/15/22 08:15:00",-15
99,"09/15/22 08:50:00",0
99,"11/16/22 12:40:00",0
99,"11/23/22 10:15:00",-39
99,"11/23/22 13:50:00",-17
99,"11/23/22 14:35:00",0
156,"04/23/24 09:15:00",-34
53,"04/10/24 12:00:00",0
53,"04/23/24 11:56:00",-21
8,"05/03/24 09:28:00",0
175,"01/13/22 13:00:00",0
175,"07/19/22 00:00:00",0
175,"08/09/22 09:50:00",-11
175,"09/14/22 08:20:00",-10
175,"10/19/22 09:05:00",-9
175,"11/22/22 10:35:00",-11
175,"12/14/22 00:00:00",0
175,"03/23/23 00:00:00",0
175,"04/13/23 09:10:00",-40
175,"05/16/23 08:50:00",-78
175,"07/07/23 07:42:00",-55
175,"07/28/23 09:00:00",-38
175,"08/09/23 00:00:00",0
146,"04/08/24 22:40:00",0
146,"05/06/24 12:02:00",-187
100,"04/23/22 00:00:00",0
100,"04/23/22 16:40:00",0
100,"04/27/22 08:45:00",-65
100,"05/16/22 09:29:00",13
84,"06/04/24 14:13:00",-37
27,"06/11/24 11:45:00",-17
27,"06/03/24 06:00:00",0
44,"04/01/24 00:00:00",0
100,"05/17/22 05:40:00",0
5,"05/17/24 08:35:00",-42
156,"06/05/24 09:16:00",-10
53,"06/05/24 08:13:00",-20
152,"09/26/22 09:00:00",0
152,"11/15/22 12:20:00",-8
152,"12/21/22 12:38:00",-23
152,"12/25/22 20:00:00",0
44,"05/14/24 07:53:00",-19
44,"06/19/24 10:34:00",-51
178,"05/07/24 07:35:00",-35
178,"06/20/24 07:50:00",-143
178,"05/01/24 00:00:00",0
96,"06/25/24 08:09:00",-52
5,"06/26/24 07:43:00",-70
146,"06/26/24 08:58:00",-65
147,"05/06/24 11:11:00",0
147,"06/26/24 11:37:00",-80
125,"01/17/23 00:00:00",0
38,"05/18/21 00:00:00",0
38,"07/01/21 09:00:00",-47
38,"07/01/21 09:40:00",-37
38,"06/02/21 09:35:00",-13
38,"07/14/21 21:00:00",0
38,"08/06/21 00:00:00",0
38,"09/02/21 09:00:00",-3
38,"10/08/21 09:15:00",-8
38,"11/16/21 10:14:00",-5
38,"12/10/21 16:40:00",0
96,"07/16/24 11:16:00",-143
97,"06/26/24 00:00:00",0
125,"07/08/24 00:00:00",0
0,"04/11/24 12:00:00",0
0,"04/29/24 10:20:00",-14
178,"08/02/24 07:43:00",-137
53,"08/06/24 07:33:00",-87
20,"08/08/24 07:16:00",-8
94,"08/20/24 13:19:00",40
44,"08/22/24 10:57:00",-11
46,"06/05/24 09:50:00",0
46,"07/04/24 09:21:00",-25
180,"11/16/23 15:00:00",0
180,"12/07/23 10:40:00",-17
180,"12/07/23 11:00:00",0
27,"07/04/24 08:55:00",-13
27,"07/04/24 09:30:00",0
44,"06/23/24 18:00:00",-51
44,"07/09/24 11:20:00",-30
53,"07/09/24 08:51:00",-75
59,"06/20/24 15:00:00",0
76,"10/10/24 12:05:00",-91
128,"08/09/24 10:15:00",-6
180,"09/06/24 08:30:00",-30
180,"07/22/24 00:00:00",0
180,"08/06/24 07:50:00",-6
180,"08/06/24 08:40:00",0
23,"10/22/24 12:24:00",-25
27,"10/22/24 09:52:00",0
49,"10/23/24 08:26:00",-2
59,"07/09/24 11:37:00",-31
156,"07/09/24 09:56:00",-12
97,"07/16/24 12:47:00",-44
49,"04/03/24 00:00:00",0
49,"05/16/24 09:29:00",-5
108,"10/02/24 11:28:00",-48
108,"11/05/24 12:55:00",-45
108,"11/22/24 13:00:00",-134
152,"12/03/24 11:20:00",0
26,"10/01/24 09:56:00",0
26,"12/02/24 19:45:00",0
26,"12/02/24 21:10:00",-10
108,"12/06/24 09:00:00",0
49,"06/25/24 08:50:00",-19
49,"06/25/24 09:00:00",-13
49,"07/16/24 08:09:00",-9
7,"07/29/22 12:45:00",-19
7,"07/30/22 05:50:00",-19
44,"03/26/25 09:36:00",0
172,"06/19/24 04:30:00",0
172,"07/02/24 09:45:00",-9
125,"07/18/24 09:09:00",-44
39,"07/14/24 12:00:00",0
39,"07/17/24 08:29:00",-15
113,"07/19/24 07:51:00",-89
76,"07/19/24 08:43:00",-55
53,"07/23/24 13:00:00",-91
55,"07/23/24 07:59:00",-44
156,"07/23/24 09:30:00",-85
93,"07/23/24 12:18:00",-95
146,"07/24/24 08:11:00",-41
147,"07/24/24 09:25:00",-14
23,"03/27/24 00:00:00",0
23,"05/15/24 08:08:00",-16
23,"06/26/24 10:10:00",-17
155,"02/06/24 09:53:00",-10
155,"02/15/24 00:00:00",0
179,"06/01/25 20:00:00",0
23,"07/24/24 11:30:00",-16
84,"09/24/25 06:30:00",0
0,"05/28/24 12:10:00",-29
0,"06/25/24 11:50:00",-27
0,"07/23/24 12:15:00",-24
111,"06/12/24 04:20:00",0
111,"06/12/24 11:06:00",-9
111,"07/18/24 12:47:00",-13
94,"07/25/24 11:45:00",47
94,"07/10/24 11:20:00",0
175,"07/14/24 00:00:00",0
175,"07/25/24 08:12:00",-55
46,"07/26/24 09:54:00",-54
10,"07/30/24 08:31:00",-10
95,"07/20/24 10:00:00",0
95,"07/30/24 08:44:00",-161
96,"07/30/24 09:58:00",-124
97,"07/30/24 10:52:00",-33
39,"07/30/24 08:23:00",-4
84,"07/30/24 15:10:00",-13
16,"07/27/24 00:00:00",0
16,"07/30/24 12:15:00",-23
76,"07/31/24 13:37:00",-15
74,"08/01/24 06:33:00",-40
49,"08/01/24 08:27:00",-12
44,"08/01/24 11:24:00",-18
10,"07/02/24 00:00:00",0
35,"06/20/24 12:00:00",0
35,"08/01/24 11:32:00",10
23,"08/06/24 11:22:00",-17
146,"08/06/24 07:57:00",-47
93,"08/06/24 10:08:00",-161
94,"08/06/24 11:44:00",47
156,"08/06/24 08:29:00",-27
59,"08/06/24 12:00:00",-69
106,"07/02/24 07:41:00",0
91,"03/31/24 11:15:00",0
91,"04/22/24 10:06:00",-42
91,"06/11/24 11:44:00",-15
91,"07/10/24 09:30:00",-6
106,"08/07/24 09:16:00",-18
172,"08/07/24 11:15:00",-3
39,"08/07/24 08:13:00",0
88,"08/07/24 15:50:00",0
88,"08/08/24 13:03:00",-13
60,"07/24/24 02:20:00",0
60,"07/24/24 12:26:00",0
26,"05/14/24 09:19:00",0
26,"06/26/24 09:15:00",-8
26,"08/09/24 08:36:00",-11
121,"06/24/24 00:00:00",0
121,"08/08/24 08:37:00",25
128,"07/20/24 00:00:00",0
128,"08/09/24 10:40:00",-3
60,"08/07/24 13:40:00",0
60,"08/07/24 15:00:00",-73
60,"08/07/24 15:20:00",-62
152,"06/23/24 00:00:00",0
152,"07/02/24 12:10:00",-2
152,"08/07/24 12:06:00",-7
16,"08/12/24 09:53:00",-24
60,"08/08/24 11:10:00",-66
60,"08/08/24 11:40:00",-10
60,"08/08/24 11:41:00",0
95,"08/12/24 09:51:00",-219
96,"08/12/24 09:11:00",-145
97,"08/12/24 08:13:00",-27
60,"08/08/24 11:30:00",-10
81,"07/31/24 07:15:00",0
81,"08/14/24 08:27:00",-71
80,"07/31/24 08:20:00",0
80,"08/14/24 09:22:00",-14
46,"08/14/24 09:42:00",-56
27,"07/23/24 08:44:00",0
27,"08/04/24 21:20:00",3
27,"08/14/24 08:00:00",-15
27,"08/14/24 11:00:00",6
74,"08/13/24 13:30:00",-13
106,"08/14/24 09:00:00",0
53,"08/20/24 12:33:00",-57
55,"08/20/24 08:21:00",-15
156,"08/20/24 10:21:00",-81
93,"08/20/24 11:57:00",-124
92,"07/29/24 10:21:00",8
92,"08/20/24 08:51:00",12
92,"07/23/24 07:56:00",0
74,"08/21/24 07:33:00",-17
20,"08/21/24 11:25:00",-6
147,"08/21/24 09:05:00",11
146,"08/21/24 07:46:00",-15
23,"08/21/24 11:13:00",-18
1,"07/24/24 00:00:00",0
1,"08/20/24 15:15:00",-11
1,"08/20/24 15:40:00",-6
1,"08/20/24 19:00:00",0
35,"06/19/24 02:00:00",0
35,"06/19/24 08:22:00",-53
35,"06/19/24 22:40:00",0
88,"08/22/24 11:14:00",14
121,"08/22/24 08:27:00",32
49,"08/22/24 07:56:00",-4
121,"09/06/24 19:38:00",32
121,"09/25/24 08:35:00",0
125,"10/01/24 07:37:00",0
57,"09/22/24 00:00:00",0
96,"10/22/24 12:05:00",-57
135,"07/07/24 15:00:00",0
135,"08/09/24 10:01:00",-15
129,"06/06/24 08:03:00",0
129,"07/10/24 08:16:00",-5
129,"07/23/24 10:48:00",8
129,"08/23/24 07:40:00",30
37,"07/01/24 00:00:00",0
37,"08/07/24 12:45:00",-2
37,"08/07/24 13:20:00",0
175,"08/23/24 09:00:00",-48
130,"07/08/24 00:00:00",0
130,"07/25/24 09:56:00",-13
130,"08/26/24 11:03:00",-143
16,"08/26/24 07:41:00",-19
97,"08/27/24 11:18:00",-18
96,"08/27/24 09:44:00",-121
10,"08/27/24 16:15:00",-23
62,"08/25/24 07:00:00",0
62,"08/27/24 14:43:00",-13
84,"08/27/24 09:30:00",-24
84,"08/27/24 21:30:00",0
117,"08/27/24 11:20:00",15
88,"08/28/24 12:15:00",8
125,"08/29/24 09:39:00",-49
125,"08/30/24 11:00:00",-55
81,"08/30/24 08:23:00",-85
80,"08/30/24 09:24:00",-16
74,"11/22/24 08:53:00",-80
172,"10/30/24 23:40:00",0
172,"12/03/24 10:30:00",-52
172,"12/03/24 10:50:00",0
97,"10/22/24 09:00:00",0
74,"12/16/24 00:00:00",0
58,"08/31/24 14:00:00",0
58,"08/31/24 15:20:00",-20
58,"09/03/24 10:10:00",-27
58,"09/03/24 10:40:00",0
60,"08/27/24 14:50:00",0
96,"01/05/25 21:10:00",-218
84,"01/28/25 12:35:00",-100
11,"01/28/25 11:11:00",-105
84,"05/06/24 13:52:00",-73
84,"01/26/25 00:00:00",-30
84,"02/05/25 00:00:00",0
0,"12/19/24 13:10:00",-27
11,"01/13/25 00:00:00",0
11,"01/31/25 00:00:00",0
144,"01/21/25 11:25:00",-80
144,"02/19/25 13:22:00",-55
33,"02/22/25 00:30:00",-214
33,"02/25/25 09:13:00",-114
175,"09/26/24 00:00:00",0
49,"01/22/25 00:00:00",0
53,"09/30/24 14:00:00",0
125,"05/26/11 00:00:00",0
125,"10/24/11 00:00:00",-21
60,"08/27/24 15:25:00",-7
60,"09/03/24 12:10:00",-13
60,"09/03/24 12:30:00",-4
94,"09/03/24 11:53:00",33
93,"09/03/24 10:58:00",-207
20,"09/03/24 11:22:00",-5
60,"09/03/24 13:40:00",0
92,"08/29/24 15:40:00",12
92,"09/03/24 08:35:00",10
92,"09/03/24 09:00:00",13
34,"07/09/24 12:00:00",0
34,"08/01/24 09:45:00",-5
34,"08/01/24 10:50:00",0
62,"08/27/24 19:30:00",0
62,"09/01/24 00:00:00",0
62,"08/27/24 15:20:00",-3
95,"09/04/24 07:18:00",-248
53,"09/04/24 08:16:00",-33
55,"09/04/24 11:47:00",-13
156,"08/25/24 10:11:00",-48
156,"09/04/24 09:30:00",-28
156,"09/04/24 11:30:00",0
46,"09/05/24 09:26:00",-48
155,"01/13/25 00:00:00",0
155,"01/29/25 12:40:00",-112
155,"03/03/25 12:00:00",0
155,"06/12/25 16:00:00",0
155,"06/12/25 16:50:00",-34
155,"06/12/25 18:20:00",-56
155,"06/19/25 17:59:00",-70
16,"05/14/25 11:46:00",0
74,"09/05/24 07:25:00",-60
127,"01/01/25 00:00:00",0
122,"09/16/25 09:27:00",-12
83,"09/21/25 16:30:00",0
62,"09/01/25 00:00:00",0
62,"09/23/25 14:40:00",28
124,"09/24/25 10:45:00",-29
180,"08/09/24 18:00:00",0
180,"09/06/24 10:10:00",0
128,"09/06/24 10:05:00",-4
128,"09/06/24 10:50:00",0
111,"09/06/24 07:06:00",0
48,"10/04/22 09:38:00",-7
48,"10/05/22 11:30:00",-7
152,"09/10/24 07:57:00",-11
172,"09/10/24 11:50:00",-18
50,"08/15/24 00:00:00",0
50,"09/10/24 09:40:00",-6
50,"09/10/24 10:50:00",-2
50,"09/10/24 14:55:00",0
96,"09/11/24 11:28:00",-110
146,"09/11/24 08:12:00",-58
97,"09/11/24 08:45:00",-25
178,"09/11/24 07:50:00",-98
147,"09/09/24 15:10:00",1
147,"09/11/24 09:25:00",-6
147,"09/11/24 09:40:00",0
23,"09/11/24 11:23:00",-15
44,"09/11/24 11:35:00",-11
49,"09/11/24 08:30:00",-10
26,"09/17/24 08:50:00",-10
144,"07/17/24 08:37:00",0
144,"09/05/24 08:26:00",-8
144,"09/17/24 08:02:00",-9
135,"09/17/24 08:05:00",-26
114,"06/13/24 20:37:00",0
88,"09/07/24 23:40:00",8
88,"09/25/24 11:01:00",-12
117,"09/25/24 12:51:00",26
129,"09/26/24 08:07:00",12
16,"10/02/24 08:02:00",0
130,"10/02/24 12:01:00",-49
74,"10/02/24 08:29:00",-184
80,"10/03/24 11:04:00",-29
98,"01/01/24 13:36:00",0
98,"01/03/24 12:25:00",-297
98,"01/08/24 18:00:00",0
98,"10/08/24 23:00:00",0
98,"10/10/24 09:35:00",-237
114,"07/03/24 06:54:00",-11
114,"08/09/24 07:56:00",-8
114,"09/17/24 11:36:00",-11
91,"07/23/24 09:45:00",-13
91,"07/23/24 10:30:00",12
91,"08/06/24 08:44:00",6
91,"08/20/24 09:45:00",11
91,"08/23/24 11:21:00",6
91,"12/01/24 00:00:00",0
91,"09/03/24 09:18:00",19
62,"11/15/25 00:00:00",30
27,"08/28/24 22:45:00",4
27,"09/11/24 09:25:00",-8
27,"09/11/24 09:40:00",3
0,"08/20/24 12:42:00",-24
55,"09/25/24 12:46:00",-34
84,"09/25/24 16:30:00",-14
93,"09/08/24 08:35:00",0
93,"09/26/24 09:10:00",-79
129,"09/08/24 05:25:00",0
94,"09/08/24 08:35:00",0
94,"09/26/24 09:10:00",21
92,"09/26/24 08:00:00",0
150,"10/01/24 08:13:00",-35
17,"10/01/24 12:00:00",0
17,"10/02/24 08:14:00",-76
57,"10/08/24 08:36:00",-42
140,"10/08/24 21:05:00",0
140,"10/09/24 09:29:00",157
140,"10/10/24 08:47:00",-260
101,"09/21/24 00:00:00",0
101,"10/10/24 11:56:00",-174
101,"10/11/24 11:40:00",-153
44,"10/15/24 07:54:00",-25
35,"10/08/24 21:00:00",0
0,"10/16/24 12:50:00",-23
96,"10/22/24 14:20:00",-39
117,"10/22/24 09:00:00",34
84,"10/17/24 05:50:00",-14
84,"10/18/24 13:51:00",-157
84,"10/22/24 09:01:00",-20
152,"10/24/24 11:17:00",-20
50,"09/10/24 15:00:00",0
50,"10/24/24 08:40:00",-4
50,"10/24/24 08:50:00",0
95,"11/01/24 10:00:00",0
81,"10/15/24 10:00:00",0
179,"09/25/24 18:00:00",0
179,"10/24/24 10:50:00",40
59,"09/23/24 00:00:00",-69
59,"09/26/24 16:00:00",0
172,"09/25/24 21:00:00",-18
172,"10/24/24 09:30:00",-30
172,"10/24/24 09:40:00",0
172,"10/23/24 15:45:00",-41
172,"10/23/24 16:10:00",-30
129,"10/28/24 08:51:00",-62
93,"10/28/24 09:38:00",-50
94,"10/28/24 10:21:00",64
88,"10/28/24 09:15:00",-25
80,"10/29/24 12:57:00",-185
127,"10/30/24 12:15:00",60
127,"12/30/24 00:00:00",60
55,"10/30/24 13:21:00",-62
54,"09/25/24 10:36:00",0
54,"10/30/24 00:00:00",-177
74,"11/05/24 08:24:00",-138
74,"07/17/24 12:00:00",0
117,"11/26/24 10:00:00",0
84,"11/26/24 11:45:00",-20
134,"10/17/24 09:30:00",0
134,"10/24/24 08:22:00",-355
134,"11/05/24 18:00:00",0
23,"12/03/24 09:32:00",-24
26,"12/03/24 11:40:00",-10
179,"12/03/24 08:25:00",0
94,"11/20/24 09:00:00",0
96,"11/21/24 09:50:00",-34
17,"12/13/24 09:27:00",-13
88,"12/13/24 08:18:00",0
80,"12/06/24 09:30:00",-162
29,"07/21/23 08:05:00",11
29,"09/07/23 07:25:00",2
17,"11/06/24 10:46:00",-11
68,"10/18/24 19:10:00",0
68,"11/12/24 10:10:00",-9
68,"11/12/24 11:30:00",0
130,"10/18/24 00:00:00",0
76,"11/13/24 10:48:00",-9
99,"10/16/24 15:40:00",0
99,"11/12/24 13:31:00",-15
99,"11/13/24 02:00:00",0
101,"11/14/24 08:42:00",-63
114,"10/10/24 11:26:00",0
61,"11/08/22 00:00:00",-10
101,"01/02/25 03:30:00",0
61,"11/29/22 12:00:00",0
57,"12/17/24 06:28:00",0
84,"01/07/25 09:58:00",-23
17,"01/08/25 01:00:00",0
80,"01/16/25 12:48:00",-90
80,"01/09/25 09:36:00",-126
80,"01/17/25 10:12:00",0
54,"01/29/25 10:50:00",-119
156,"01/29/25 12:25:00",-212
84,"02/01/25 00:00:00",-50
11,"01/29/25 00:00:00",-105
33,"03/06/25 12:00:00",54
175,"11/19/24 18:00:00",0
144,"03/06/25 14:00:00",-62
5,"03/26/25 09:56:00",8
46,"10/21/24 07:00:00",34
46,"10/25/24 21:30:00",-30
46,"11/19/24 09:07:00",-30
0,"11/19/24 13:18:00",-22
44,"11/20/24 08:44:00",-16
26,"12/03/24 12:25:00",0
5,"10/04/24 08:22:00",0
5,"10/31/24 10:45:00",-24
5,"11/20/24 20:00:00",-24
5,"12/13/24 09:20:00",-45
54,"12/17/24 09:47:00",-118
55,"12/17/24 11:39:00",-66
36,"10/15/24 09:05:00",0
36,"11/20/24 12:06:00",14
156,"11/21/24 07:20:00",0
156,"12/18/24 10:05:00",-59
80,"12/19/24 10:35:00",-136
29,"09/11/23 02:15:00",-5
29,"09/17/23 14:30:00",-11
29,"09/21/23 03:25:00",-13
29,"10/11/23 10:50:00",-13
29,"10/11/23 11:30:00",15
29,"10/29/23 08:59:00",0
29,"09/05/24 09:25:00",0
29,"09/05/24 10:12:00",4
29,"09/17/24 10:32:00",-3
29,"09/17/24 11:32:00",0
29,"10/05/24 22:27:00",0
29,"10/06/24 01:32:00",-8
29,"10/06/24 12:32:00",-8
29,"10/06/24 13:50:00",-20
29,"10/08/24 10:00:00",-20
29,"10/08/24 11:17:00",-9
29,"10/24/24 09:40:00",-9
29,"10/24/24 10:00:00",0
29,"10/25/24 10:40:00",0
29,"10/25/24 20:10:00",-27
29,"11/21/24 06:35:00",-27
29,"11/21/24 13:50:00",-68
29,"12/05/24 16:05:00",-68
29,"12/08/24 15:07:00",-86
155,"06/19/25 18:00:00",0
19,"06/30/25 07:52:00",-17
96,"06/30/25 11:05:00",-151
96,"06/23/25 08:15:00",-136
97,"05/01/25 00:00:00",0
16,"06/30/25 11:03:00",-36
124,"04/03/21 15:30:00",0
29,"12/11/24 08:30:00",-86
29,"12/11/24 08:40:00",0
10,"09/23/25 16:05:00",6
19,"10/02/25 11:00:00",-42
83,"08/08/23 14:00:00",0
83,"08/26/23 00:00:00",0
33,"11/28/24 00:45:00",17
33,"12/26/24 11:30:00",-294
33,"11/28/24 22:10:00",-294
76,"12/27/24 09:25:00",-22
36,"12/03/24 18:50:00",-233
36,"12/03/24 18:44:00",14
36,"12/03/24 18:45:00",0
36,"12/04/24 02:00:00",-230
36,"12/04/24 17:15:00",-107
36,"12/18/24 11:57:00",-107
36,"12/27/24 00:20:00",-56
36,"12/27/24 03:30:00",0
36,"12/06/24 06:45:00",-107
36,"12/08/24 06:20:00",-7
36,"12/23/24 09:35:00",-1
54,"01/08/25 09:49:00",-115
19,"01/02/25 04:50:00",0
19,"01/09/25 13:05:00",160
11,"01/07/25 18:00:00",0
11,"01/08/25 08:32:00",-74
50,"12/31/24 07:15:00",0
50,"12/31/24 12:40:00",-25
50,"01/08/25 09:50:00",-52
50,"01/14/25 09:35:00",22
50,"01/14/25 10:00:00",26
80,"01/10/25 09:03:00",-111
80,"01/17/25 08:17:00",-75
5,"01/21/25 09:11:00",-174
144,"01/12/25 09:00:00",0
144,"01/21/25 11:00:00",-95
144,"01/21/25 11:20:00",-80
179,"01/21/25 12:08:00",65
87,"05/06/09 00:00:00",0
87,"07/30/09 00:00:00",-10
87,"09/22/09 00:00:00",-25
87,"10/29/09 00:00:00",-32
87,"12/07/09 00:00:00",-32
87,"02/18/10 00:00:00",0
0,"12/10/24 00:00:00",-20
0,"12/19/24 13:30:00",-19
0,"12/23/24 18:00:00",0
76,"02/06/25 09:55:00",-31
15,"08/25/19 00:00:00",0
15,"09/03/19 14:31:00",-40
15,"09/05/19 19:30:00",-40
15,"09/05/19 22:40:00",0
55,"02/11/25 08:00:00",0
175,"12/31/21 14:10:00",-941
44,"12/18/24 08:54:00",-15
44,"01/26/25 13:50:00",-50
44,"01/30/25 08:53:00",-137
44,"02/07/25 09:15:00",-40
44,"02/12/25 12:28:00",-40
33,"01/02/25 15:30:00",-220
33,"01/09/25 14:20:00",0
33,"01/22/25 11:00:00",-294
91,"09/26/24 09:22:00",-18
91,"10/01/24 00:00:00",0
33,"01/25/25 01:00:00",-294
96,"10/22/25 11:59:00",-64
124,"11/22/25 00:00:00",-56
33,"01/12/25 17:00:00",0
50,"01/28/25 00:00:00",22
50,"03/04/25 09:45:00",6
50,"03/04/25 10:00:00",13
156,"03/04/25 10:31:00",0
60,"03/04/25 05:30:00",0
75,"08/21/24 15:35:00",0
75,"08/21/24 16:30:00",-16
75,"08/22/24 14:45:00",-18
75,"08/22/24 17:20:00",-81
75,"08/23/24 15:30:00",-87
75,"08/23/24 16:45:00",-122
75,"08/24/24 18:45:00",-137
75,"08/25/24 08:25:00",-141
75,"08/26/24 11:50:00",-143
75,"08/26/24 12:10:00",-84
75,"08/26/24 12:25:00",-30
75,"08/26/24 12:55:00",-4
75,"08/26/24 13:25:00",0
33,"03/06/25 09:40:00",32
33,"03/06/25 10:30:00",47
54,"03/11/25 10:07:00",-67
92,"01/08/25 19:00:00",0
92,"03/12/25 10:42:00",-38
60,"03/04/25 06:15:00",-23
60,"03/04/25 05:40:00",-17
60,"03/05/25 10:10:00",-23
60,"03/05/25 10:20:00",0
7,"09/07/22 09:07:00",-19
7,"11/09/22 09:10:00",-16
7,"11/09/22 19:20:00",0
83,"02/27/25 21:00:00",0
83,"03/11/25 14:00:00",-18
87,"12/20/22 11:30:00",-3
10,"02/28/25 04:00:00",0
10,"03/11/25 16:37:00",-34
60,"03/06/25 23:30:00",0
60,"03/07/25 13:20:00",-82
60,"03/07/25 01:10:00",-82
60,"03/07/25 14:00:00",0
60,"03/07/25 13:35:00",-9
87,"02/15/21 00:00:00",0
87,"03/25/21 10:21:00",33
87,"04/28/21 09:30:00",12
87,"06/17/21 08:32:00",-16
87,"07/13/21 00:00:00",0
87,"11/02/21 13:30:00",-22
87,"11/02/21 14:30:00",0
175,"11/08/24 12:49:00",-35
175,"10/29/24 00:00:00",0
60,"03/07/25 13:30:00",-22
60,"03/06/25 23:45:00",-67
60,"03/07/25 00:05:00",-77
60,"03/06/25 23:35:00",-35
179,"03/19/25 13:07:00",36
76,"03/20/25 10:14:00",-33
179,"03/19/25 09:20:00",35
113,"01/10/25 13:41:00",0
113,"01/23/25 13:05:00",37
113,"03/13/25 14:00:00",59
113,"03/20/25 08:36:00",69
144,"03/06/25 14:10:00",0
96,"04/01/25 11:36:00",-45
96,"02/11/25 11:00:00",0
96,"02/26/25 10:30:00",-93
156,"04/02/25 09:47:00",0
50,"04/02/25 08:18:00",0
152,"03/09/25 07:30:00",0
152,"03/09/25 12:40:00",-23
152,"04/02/25 10:29:00",-23
97,"02/28/25 11:40:00",0
83,"04/08/25 12:30:00",9
10,"04/08/25 09:00:00",-29
33,"04/09/25 13:16:00",0
54,"04/09/25 09:31:00",74
55,"03/11/25 00:00:00",0
46,"03/22/25 02:15:00",0
46,"03/25/25 15:40:00",33
46,"03/31/25 07:00:00",0
92,"04/16/25 07:54:00",-35
7,"10/08/22 05:42:00",-13
79,"03/23/25 22:35:00",0
79,"04/10/25 10:00:00",-8
79,"04/10/25 10:40:00",0
54,"04/19/25 21:10:00",74
54,"04/21/25 08:05:00",-207
26,"03/19/25 10:21:00",-10
26,"04/23/25 09:07:00",-18
23,"04/20/25 00:38:00",0
23,"04/23/25 08:16:00",-16
179,"04/23/25 11:59:00",23
54,"04/24/25 08:35:00",-145
5,"04/24/25 08:18:00",-39
7,"04/03/25 11:35:00",0
7,"04/24/25 07:24:00",-52
111,"02/27/25 12:27:00",-8
111,"04/01/25 07:23:00",-8
111,"04/24/25 09:47:00",-22
55,"04/24/25 10:15:00",-83
55,"04/19/25 06:45:00",-52
42,"06/23/23 10:00:00",-14
54,"04/28/25 08:35:00",-62
150,"08/16/24 15:00:00",0
150,"08/16/24 15:10:00",-7
150,"08/16/24 16:00:00",-93
150,"08/16/24 16:30:00",-102
150,"08/16/24 21:25:00",-114
150,"08/22/24 08:10:00",-114
150,"08/22/24 08:20:00",-112
150,"08/22/24 08:40:00",-90
150,"08/22/24 09:20:00",-69
150,"08/22/24 09:40:00",-67
150,"08/22/24 12:40:00",-61
150,"08/22/24 16:40:00",-59
150,"09/06/24 11:10:00",-59
7,"06/26/25 07:40:00",-10
7,"06/26/25 09:30:00",-5
95,"06/30/25 07:25:00",-301
97,"06/05/25 09:31:00",-11
55,"07/29/25 12:28:00",-27
22,"07/30/25 12:40:00",-33
22,"07/30/25 17:50:00",4
40,"06/26/25 09:30:00",0
180,"07/01/25 11:20:00",0
156,"11/01/25 00:00:00",-79
16,"08/13/25 11:34:00",-55
19,"08/13/25 07:38:00",-9
106,"08/13/25 08:16:00",-32
71,"08/13/25 09:41:00",0
72,"08/13/25 11:10:00",-55
72,"08/13/25 13:50:00",12
72,"07/19/25 22:50:00",23
150,"10/18/24 12:00:00",0
96,"05/30/25 10:00:00",-76
96,"04/30/25 08:51:00",-76
150,"05/15/21 07:00:00",0
150,"06/15/21 13:00:00",-7
150,"06/15/21 13:10:00",-2
4,"09/02/25 16:00:00",0
97,"04/04/25 09:42:00",0
180,"09/04/25 13:00:00",0
19,"12/01/25 00:00:00",-36
72,"12/02/25 10:00:00",0
140,"10/14/25 07:55:00",-72
47,"10/16/25 09:30:00",-20
47,"10/16/25 10:00:00",-12
5,"10/08/25 09:10:00",-3
150,"06/15/21 13:30:00",0
150,"07/26/21 13:30:00",0
150,"07/26/21 13:40:00",-5
99,"10/16/25 10:13:00",-25
99,"11/16/25 00:00:00",-25
99,"12/16/25 00:00:00",0
150,"07/26/21 14:10:00",-40
150,"07/26/21 15:30:00",-42
150,"07/26/21 16:40:00",-24
150,"08/18/21 11:40:00",-27
150,"08/18/21 11:50:00",-8
150,"08/18/21 12:00:00",-2
150,"08/18/21 12:20:00",0
44,"04/25/25 10:35:00",0
44,"05/06/25 07:55:00",-23
152,"05/06/25 10:47:00",-14
83,"05/06/25 13:44:00",0
10,"05/06/25 09:10:00",-24
10,"05/06/25 09:50:00",20
10,"05/06/25 16:33:00",11
122,"04/28/25 12:00:00",0
122,"05/07/25 08:57:00",119
121,"04/29/25 23:25:00",0
121,"05/07/25 09:56:00",19
127,"10/04/24 08:15:00",37
127,"10/04/24 17:25:00",108
127,"10/04/24 18:20:00",38
127,"10/04/24 10:35:00",131
75,"03/01/25 00:00:00",0
75,"03/20/25 09:23:00",-16
75,"05/09/25 09:33:00",-24
31,"12/26/24 10:45:00",0
31,"01/29/25 12:48:00",130
31,"03/11/25 09:06:00",9
31,"04/09/25 09:00:00",4
31,"04/09/25 09:10:00",11
76,"05/09/25 11:26:00",-47
89,"04/01/05 00:00:00",0
89,"04/20/05 10:15:00",-34
89,"05/19/05 10:35:00",0
89,"07/11/05 10:40:00",-25
89,"10/31/07 09:55:00",-19
89,"11/27/07 10:20:00",0
89,"06/11/08 10:05:00",0
89,"08/06/08 10:45:00",-26
89,"10/01/08 10:45:00",-36
89,"10/29/08 10:15:00",-8
89,"12/01/08 00:00:00",0
89,"06/15/09 00:00:00",0
89,"07/07/09 08:10:00",-20
89,"08/10/09 00:00:00",-40
89,"12/22/09 00:00:00",0
89,"06/09/10 09:20:00",0
89,"08/03/10 08:45:00",-19
89,"12/01/10 00:00:00",0
89,"04/01/11 00:00:00",0
89,"05/11/11 08:55:00",-15
89,"09/01/13 18:00:00",-40
89,"09/07/13 18:00:00",-50
89,"10/05/13 18:00:00",-50
89,"04/15/14 00:00:00",0
89,"05/21/14 00:00:00",0
89,"04/16/15 00:00:00",0
89,"04/24/15 00:00:00",-10
89,"05/02/15 00:00:00",0
89,"07/01/15 00:00:00",-10
140,"01/06/26 00:00:00",0
89,"06/06/16 00:00:00",0
89,"01/24/17 00:00:00",0
89,"06/08/17 00:00:00",0
89,"09/01/21 13:00:00",-15
89,"12/01/21 12:00:00",-15
89,"12/04/21 00:00:00",0
89,"10/06/22 12:50:00",-17
89,"11/08/22 10:30:00",0
89,"07/11/23 00:00:00",0
89,"07/20/23 09:06:00",-2
125,"12/05/11 00:00:00",0
125,"05/30/12 10:45:00",0
125,"05/29/13 09:55:00",0
125,"08/15/13 00:00:00",-10
125,"08/23/13 18:00:00",-20
125,"09/15/13 15:00:00",-20
125,"10/05/13 00:00:00",-20
125,"04/07/14 00:00:00",0
125,"04/21/14 00:00:00",-50
125,"04/07/15 11:00:00",0
125,"04/23/15 10:50:00",-3
125,"06/17/15 10:00:00",-3
125,"07/20/15 12:00:00",-30
125,"08/01/15 12:00:00",-30
125,"09/10/15 11:03:00",0
125,"08/17/16 00:00:00",0
125,"09/01/16 12:00:00",-30
125,"09/14/16 10:54:00",-15
125,"09/17/16 00:00:00",-10
125,"08/08/18 11:39:00",-10
125,"09/11/18 12:19:00",-21
125,"07/28/19 09:00:00",-25
125,"08/15/19 00:00:00",-25
125,"09/03/19 12:10:00",-17
125,"10/15/19 00:00:00",0
125,"07/18/20 00:00:00",0
125,"08/06/20 12:45:00",-4
125,"09/08/20 14:50:00",-15
125,"09/16/20 00:00:00",-15
125,"09/19/20 18:00:00",0
125,"03/23/21 00:00:00",0
125,"04/11/21 00:00:00",-15
125,"04/14/21 14:15:00",-15
125,"04/28/21 00:00:00",-20
125,"06/09/21 08:30:00",-19
125,"06/21/21 00:00:00",0
125,"10/03/21 00:00:00",0
125,"10/12/21 10:03:00",-6
125,"11/04/21 00:00:00",0
125,"12/01/21 10:20:00",-23
125,"12/04/21 12:00:00",0
125,"04/11/22 00:00:00",0
125,"05/11/22 08:23:00",-14
125,"05/25/22 00:00:00",0
125,"08/17/22 07:37:00",-30
125,"09/20/22 08:00:00",-60
125,"04/21/23 00:00:00",0
125,"05/23/23 08:08:00",-24
125,"06/23/23 12:00:00",0
125,"07/27/23 08:45:00",-38
125,"09/18/23 10:00:00",-32
125,"09/20/23 00:00:00",0
125,"10/03/23 07:40:00",-50
125,"10/29/23 00:00:00",0
23,"05/13/25 09:49:00",7
23,"04/25/25 02:00:00",-16
179,"05/13/25 07:31:00",-20
90,"05/17/08 00:00:00",0
90,"04/29/09 13:40:00",0
90,"06/24/09 13:00:00",-25
90,"07/15/09 11:30:00",-25
90,"07/29/09 14:30:00",-26
90,"08/04/09 11:15:00",-19
90,"08/19/09 09:50:00",-9
90,"10/08/09 09:45:00",-7
90,"11/01/09 00:00:00",0
90,"08/03/10 10:15:00",-20
90,"08/12/10 11:25:00",-24
90,"11/03/10 00:00:00",0
90,"04/19/11 10:57:00",0
90,"05/26/11 08:51:00",-12
90,"10/18/11 11:10:00",0
90,"12/04/12 00:00:00",0
90,"05/09/13 00:00:00",0
90,"05/14/13 10:30:00",-40
90,"06/04/13 13:50:00",-41
90,"10/09/13 13:50:00",-44
90,"11/21/13 13:30:00",0
90,"11/30/13 00:00:00",0
90,"04/07/14 00:00:00",0
90,"04/16/14 10:00:00",-36
90,"05/14/14 13:30:00",-46
90,"05/21/14 15:45:00",0
90,"06/18/14 11:55:00",-29
90,"07/24/14 11:10:00",-36
90,"07/31/14 10:45:00",-38
90,"08/02/17 18:00:00",0
90,"08/03/18 00:00:00",0
90,"08/19/18 06:00:00",0
90,"11/20/18 11:45:00",0
90,"07/11/19 00:00:00",-20
126,"02/28/15 00:00:00",50
126,"04/13/15 14:10:00",50
126,"04/13/15 14:50:00",0
126,"08/10/15 08:20:00",-10
126,"08/13/15 12:00:00",-57
126,"08/15/15 01:00:00",0
126,"09/14/15 00:00:00",0
126,"11/21/15 00:00:00",0
126,"06/09/16 00:00:00",0
126,"09/17/16 00:00:00",0
126,"09/21/16 00:00:00",-70
126,"10/25/16 00:00:00",0
126,"04/18/17 10:25:00",-8
126,"05/19/17 00:00:00",0
126,"06/21/17 19:30:00",-40
126,"06/21/17 21:00:00",-20
126,"06/28/17 13:50:00",-23
126,"06/28/17 14:10:00",-43
126,"07/04/17 09:30:00",-46
126,"08/30/17 10:50:00",-7
126,"10/05/17 11:00:00",-22
126,"11/16/17 10:05:00",-17
126,"12/10/17 00:00:00",0
126,"01/20/18 07:50:00",0
126,"01/20/18 09:50:00",32
126,"01/30/18 08:20:00",20
122,"06/17/25 11:33:00",-26
76,"06/20/25 11:37:00",-58
75,"06/20/25 10:51:00",-36
75,"08/01/25 11:50:00",0
78,"08/14/25 11:13:00",-104
126,"01/30/18 09:10:00",0
126,"03/01/18 15:10:00",0
126,"03/01/18 16:20:00",29
126,"04/01/18 08:20:00",20
126,"04/01/18 08:50:00",0
124,"07/21/18 17:30:00",0
126,"07/13/18 00:00:00",0
126,"08/03/18 00:00:00",0
113,"09/25/25 07:06:00",16
113,"10/25/25 00:00:00",16
113,"11/25/25 00:00:00",0
23,"09/02/25 12:09:00",0
89,"08/24/21 09:20:00",-10
126,"09/11/18 00:00:00",0
126,"11/20/18 14:35:00",-78
126,"12/03/18 00:00:00",0
126,"02/03/19 00:00:00",0
126,"04/17/19 07:30:00",25
126,"04/17/19 08:50:00",0
126,"05/28/19 14:10:00",-20
126,"06/06/19 18:00:00",0
126,"06/13/19 00:00:00",-40
126,"09/08/19 03:00:00",-5
126,"09/08/19 13:10:00",-45
126,"10/02/19 00:00:00",-10
126,"12/06/19 09:10:00",0
126,"12/06/19 10:20:00",14
126,"12/09/19 00:00:00",14
126,"12/10/19 00:00:00",0
126,"01/02/20 15:30:00",0
126,"01/02/20 16:00:00",14
126,"01/04/20 11:00:00",19
126,"01/04/20 11:30:00",0
126,"04/24/20 16:20:00",0
126,"04/24/20 20:30:00",15
126,"04/30/20 07:20:00",21
126,"04/30/20 08:10:00",0
126,"06/27/20 02:40:00",0
126,"06/27/20 07:50:00",-30
126,"07/12/20 16:00:00",58
126,"07/12/20 18:30:00",0
126,"07/12/20 23:00:00",-28
126,"09/10/20 06:00:00",-62
126,"09/19/20 16:30:00",-20
126,"09/25/20 00:00:00",-10
126,"02/13/21 00:00:00",0
126,"02/18/21 00:00:00",30
126,"02/23/21 11:00:00",36
126,"02/23/21 11:10:00",16
126,"02/26/21 14:00:00",16
126,"02/26/21 14:20:00",0
126,"06/21/21 00:00:00",0
126,"07/24/21 23:50:00",15
126,"07/25/21 16:00:00",15
126,"07/25/21 16:50:00",0
126,"02/14/22 00:00:00",65
126,"02/27/22 10:30:00",39
126,"02/27/22 11:20:00",0
126,"08/22/22 00:00:00",-50
126,"09/01/22 00:00:00",-20
126,"09/24/22 22:10:00",-20
126,"11/17/22 00:00:00",-108
126,"11/19/22 12:00:00",0
126,"11/22/22 00:00:00",-50
126,"11/25/22 00:00:00",0
126,"12/12/22 00:00:00",-140
126,"12/25/22 00:00:00",0
126,"01/05/23 12:58:00",-28
126,"08/29/17 11:00:00",-40
0,"01/14/25 00:00:00",0
0,"02/18/25 14:02:00",-23
0,"03/18/25 13:35:00",-22
0,"04/15/25 14:33:00",-35
0,"05/13/25 12:53:00",-28
55,"05/14/25 08:25:00",-65
113,"05/15/25 07:38:00",26
121,"10/21/25 08:43:00",22
121,"01/01/26 00:00:00",22
122,"10/21/25 00:00:00",37
78,"03/06/25 12:33:00",0
126,"10/20/25 21:00:00",-168
44,"12/15/25 00:00:00",-43
78,"04/03/25 08:28:00",-26
78,"05/15/25 12:12:00",-37
156,"05/15/25 09:22:00",0
26,"05/13/25 13:10:00",0
26,"05/13/25 11:46:00",1
152,"05/20/25 11:14:00",-23
89,"05/12/25 11:00:00",0
89,"05/20/25 11:30:00",25
172,"03/04/25 10:37:00",0
172,"04/02/25 09:09:00",-10
172,"05/20/25 09:14:00",-14
50,"05/20/25 08:12:00",-6
50,"05/20/25 08:40:00",0
27,"04/08/25 08:37:00",0
27,"05/21/25 08:26:00",-10
29,"04/18/25 15:30:00",0
29,"05/21/25 09:37:00",-13
12,"10/12/22 09:50:00",-10
31,"05/22/25 08:25:00",3
144,"04/24/25 12:12:00",0
144,"05/27/25 11:52:00",-10
92,"05/28/25 11:05:00",-5
124,"07/21/18 18:40:00",60
124,"07/21/18 18:50:00",45
124,"07/21/18 19:00:00",19
124,"07/21/18 19:10:00",14
124,"07/21/18 19:20:00",11
124,"07/21/18 19:30:00",11
124,"07/21/18 19:40:00",6
124,"07/21/18 20:20:00",2
124,"07/21/18 21:00:00",0
124,"07/22/18 05:30:00",0
124,"02/11/22 08:50:00",0
124,"02/11/22 13:10:00",105
124,"02/16/22 10:21:00",44
124,"03/23/22 10:45:00",65
124,"03/28/22 07:40:00",51
124,"03/28/22 11:30:00",0
124,"07/30/24 08:00:00",0
124,"07/30/24 16:25:00",-40
124,"08/28/24 09:45:00",-51
124,"09/26/24 09:25:00",-50
124,"10/10/24 12:30:00",0
39,"03/25/25 00:00:00",0
39,"04/17/25 08:11:00",-8
39,"06/03/25 08:32:00",-8
57,"04/08/25 19:10:00",0
57,"06/03/25 07:49:00",-60
10,"06/03/25 08:52:00",8
55,"06/04/25 09:12:00",-77
54,"06/04/25 10:39:00",-144
53,"05/21/25 00:00:00",0
53,"06/04/25 14:02:00",-16
23,"06/04/25 12:38:00",26
27,"06/04/25 09:00:00",-8
62,"06/03/25 09:58:00",-38
62,"05/17/25 00:00:00",0
7,"06/05/25 07:44:00",-12
5,"06/05/25 09:27:00",-19
178,"02/26/25 15:00:00",0
178,"04/01/25 08:04:00",-16
178,"04/30/25 07:27:00",-48
178,"06/05/25 08:25:00",-120
96,"06/05/25 12:36:00",-131
6,"05/08/25 00:00:00",0
6,"06/05/25 10:11:00",-15
100,"03/13/25 13:20:00",0
100,"04/17/25 09:53:00",26
100,"06/10/25 08:57:00",33
106,"04/28/25 10:00:00",0
106,"06/10/25 08:47:00",-48
72,"06/10/25 11:20:00",14
172,"06/24/25 08:50:00",-19
54,"06/25/25 09:34:00",-104
97,"06/30/25 08:39:00",-12
124,"06/25/25 08:10:00",0
111,"07/04/25 08:24:00",8
27,"07/08/25 09:04:00",-16
74,"07/10/25 07:49:00",-170
16,"07/15/25 07:29:00",-48
95,"07/16/25 08:10:00",-353
72,"03/22/25 10:24:00",0
71,"01/28/25 14:42:00",0
71,"03/13/25 09:50:00",7
71,"04/17/25 08:19:00",9
71,"06/10/25 09:38:00",8
99,"04/25/25 09:06:00",0
99,"06/10/25 11:20:00",26
36,"07/01/15 08:00:00",0
36,"07/28/15 12:00:00",-22
36,"09/15/15 12:00:00",-24
36,"10/20/15 00:00:00",0
36,"07/19/16 08:00:00",0
36,"07/26/16 10:15:00",-11
36,"09/06/16 12:00:00",-36
36,"09/27/16 00:00:00",0
35,"01/10/17 00:00:00",0
35,"01/12/17 11:00:00",-8
35,"02/15/17 13:00:00",-3
35,"03/01/17 00:00:00",0
95,"04/29/25 07:00:00",0
95,"06/11/25 08:28:00",-150
134,"04/29/25 09:13:00",0
134,"06/11/25 10:09:00",80
53,"06/11/25 08:02:00",-7
46,"05/27/25 14:20:00",0
46,"06/11/25 09:54:00",-24
19,"04/20/25 21:00:00",0
19,"06/11/25 08:30:00",-26
19,"06/11/25 09:00:00",-16
47,"04/23/25 09:03:00",0
47,"06/11/25 09:17:00",-10
80,"05/21/25 21:00:00",0
80,"06/11/25 10:10:00",-8
80,"06/11/25 10:45:00",0
79,"04/20/25 12:00:00",0
79,"06/11/25 12:40:00",-9
79,"06/11/25 13:30:00",0
39,"06/11/25 11:42:00",-11
156,"06/11/25 09:30:00",-72
140,"06/07/25 11:00:00",0
140,"06/12/25 07:38:00",-12
20,"04/29/25 09:52:00",0
20,"06/12/25 08:43:00",-14
108,"03/25/25 08:17:00",0
108,"04/29/25 08:10:00",-74
108,"06/12/25 08:01:00",-74
74,"03/25/25 09:32:00",0
31,"09/02/25 09:18:00",0
106,"09/03/25 08:05:00",-20
0,"09/15/25 00:00:00",0
156,"12/01/25 00:00:00",0
74,"04/29/25 10:20:00",-85
143,"09/14/25 23:00:00",0
143,"09/15/25 01:10:00",-11
87,"09/18/25 10:17:00",-24
106,"12/02/25 10:00:00",0
78,"10/08/25 11:36:00",-89
143,"10/15/25 00:00:00",0
114,"10/07/25 06:40:00",-8
114,"10/16/25 10:50:00",-43
74,"06/12/25 09:19:00",-58
73,"03/25/25 10:42:00",0
73,"04/29/25 12:55:00",-13
73,"06/12/25 11:06:00",-11
0,"06/12/25 12:05:00",-38
74,"06/17/25 07:55:00",-118
121,"06/17/25 09:47:00",47
94,"03/04/25 12:15:00",0
94,"04/01/25 11:08:00",24
94,"05/14/25 10:07:00",26
94,"06/18/25 12:09:00",50
93,"06/18/25 11:22:00",-130
44,"06/18/25 12:12:00",-10
74,"06/20/25 08:20:00",-68
89,"06/20/25 11:01:00",-13
74,"06/18/25 14:00:00",-68
92,"06/18/25 09:30:00",-5
92,"06/18/25 10:00:00",10
92,"06/19/25 08:25:00",12
39,"06/24/25 07:44:00",-4
152,"06/24/25 10:45:00",-30
50,"06/06/25 00:00:00",0
50,"06/24/25 08:10:00",-5
50,"06/24/25 09:20:00",0
23,"06/24/25 12:43:00",3
150,"06/01/20 16:00:00",0
150,"06/01/20 18:00:00",-25
150,"06/04/20 08:30:00",-25
150,"06/04/20 09:00:00",0
39,"07/31/20 14:00:00",0
39,"07/31/20 15:20:00",-26
39,"08/11/20 10:20:00",-32
39,"08/11/20 11:00:00",0
44,"05/09/17 16:30:00",0
44,"05/09/17 18:00:00",23
44,"05/14/17 16:30:00",23
44,"05/14/17 17:30:00",17
44,"05/15/17 16:00:00",13
44,"05/15/17 17:00:00",10
44,"05/20/17 00:00:00",0
47,"06/22/20 22:10:00",0
47,"06/22/20 22:20:00",-8
47,"07/01/20 10:10:00",-8
47,"07/01/20 10:20:00",0
49,"10/16/17 00:00:00",-12
49,"11/14/17 00:00:00",-22
49,"12/07/17 00:00:00",-12
49,"12/08/17 00:00:00",-8
49,"12/09/17 00:00:00",0
49,"01/09/18 11:00:00",0
49,"01/09/18 12:30:00",70
49,"01/17/18 00:00:00",90
49,"03/08/18 12:00:00",94
49,"03/09/18 09:00:00",94
49,"03/09/18 10:00:00",45
49,"03/09/18 11:00:00",0
60,"06/15/25 04:00:00",0
60,"06/25/25 08:00:00",-15
60,"06/25/25 09:30:00",0
58,"06/21/25 07:30:00",0
58,"06/25/25 11:00:00",-7
58,"06/25/25 11:30:00",0
57,"06/25/25 12:39:00",-70
160,"06/04/25 11:12:00",0
160,"06/25/25 08:30:00",-19
91,"04/20/25 09:40:00",0
91,"05/28/25 08:40:00",-28
91,"05/28/25 11:20:00",0
55,"06/25/25 11:23:00",-48
87,"10/22/25 08:36:00",0
126,"10/24/25 14:00:00",0
125,"10/21/25 09:50:00",-11
54,"11/21/25 00:00:00",-90
40,"06/12/25 09:20:00",0
40,"06/26/25 09:10:00",-10
40,"06/26/25 09:20:00",-7
6,"06/26/25 12:14:00",-21
8,"04/01/25 09:27:00",0
8,"05/15/25 08:29:00",-11
8,"06/05/25 11:23:00",-15
8,"06/26/25 11:07:00",-31
27,"06/26/25 08:07:00",-5
5,"06/26/25 08:34:00",-15
31,"06/24/25 14:00:00",6
31,"06/26/25 10:10:00",-3
31,"06/26/25 10:30:00",6
53,"06/26/25 07:50:00",-46
156,"06/26/25 10:27:00",-65
18,"05/13/25 08:02:00",0
18,"06/30/25 09:04:00",-16
16,"06/30/25 11:43:00",-36
124,"04/13/21 10:12:00",-20
124,"06/03/21 09:51:00",-16
124,"06/23/21 08:10:00",-16
124,"06/23/21 11:00:00",0
62,"07/01/25 09:40:00",-34
74,"07/01/25 16:10:00",-142
84,"06/28/25 20:00:00",0
84,"07/01/25 15:30:00",-13
84,"07/01/25 16:40:00",7
83,"06/27/25 14:00:00",0
83,"07/01/25 12:40:00",-16
83,"07/01/25 13:20:00",-6
124,"07/31/24 10:23:00",-48
124,"07/02/25 09:55:00",-32
76,"07/03/25 09:51:00",-4
81,"04/30/25 11:44:00",0
39,"07/10/25 07:47:00",-10
76,"07/06/25 01:30:00",0
8,"07/18/25 12:32:00",-33
83,"07/23/25 13:48:00",-19
58,"06/29/25 06:20:00",0
58,"06/29/25 07:00:00",-12
58,"07/02/25 12:50:00",-14
58,"07/02/25 13:20:00",0
175,"06/23/25 13:30:00",-16
10,"07/01/25 08:29:00",1
75,"07/03/25 08:43:00",-46
81,"06/11/25 07:17:00",-41
81,"07/03/25 07:54:00",-53
80,"07/03/25 08:52:00",-12
20,"07/03/25 11:50:00",-10
100,"07/03/25 11:50:00",-1
78,"07/04/25 08:34:00",-68
111,"02/24/25 11:10:00",0
47,"07/07/25 09:04:00",-7
46,"07/07/25 09:38:00",-52
44,"07/07/25 11:09:00",-6
92,"07/08/25 08:00:00",-3
89,"07/08/25 09:48:00",-19
93,"07/08/25 11:15:00",-223
94,"07/08/25 12:25:00",24
80,"07/03/25 01:40:00",0
152,"07/09/25 10:36:00",-27
87,"05/07/25 08:45:00",0
87,"06/17/25 11:07:00",8
87,"07/09/25 07:28:00",-7
23,"07/09/25 12:02:00",20
147,"06/24/25 10:41:00",0
147,"07/09/25 09:02:00",-29
0,"07/08/25 13:26:00",-30
108,"07/10/25 06:34:00",-64
73,"07/10/25 09:12:00",0
99,"07/10/25 08:25:00",-4
7,"07/11/25 11:35:00",-15
8,"07/11/25 09:52:00",-30
5,"07/11/25 07:46:00",-7
6,"07/11/25 08:34:00",-21
13,"11/16/20 06:30:00",0
13,"11/16/20 12:30:00",-24
13,"11/26/20 11:07:00",-23
13,"12/04/20 00:00:00",-43
13,"12/16/20 11:30:00",-43
13,"12/16/20 12:10:00",0
13,"07/20/22 09:50:00",-30
100,"07/15/25 08:42:00",-25
57,"07/15/25 11:58:00",-37
19,"07/15/25 08:35:00",-20
18,"07/15/25 10:09:00",-19
60,"07/15/25 09:50:00",20
58,"07/15/25 10:19:00",5
160,"07/15/25 12:38:00",-18
55,"07/15/25 08:22:00",-17
156,"07/15/25 09:40:00",-104
60,"07/10/25 10:50:00",0
60,"07/10/25 12:10:00",26
60,"07/15/25 09:00:00",15
97,"07/16/25 09:01:00",-22
96,"07/16/25 10:21:00",-149
106,"07/16/25 08:19:00",-11
71,"07/16/25 09:37:00",16
78,"07/16/25 12:23:00",-89
72,"07/16/25 11:00:00",7
72,"07/16/25 12:30:00",24
72,"06/26/25 05:00:00",18
81,"07/17/25 07:27:00",-54
80,"07/17/25 08:16:00",-29
128,"07/01/25 00:50:00",0
128,"07/17/25 10:30:00",-7
128,"07/17/25 11:30:00",0
126,"07/17/25 07:40:00",-87
125,"07/17/25 09:09:00",-89
79,"07/03/25 10:11:00",-3
79,"07/17/25 09:10:00",-7
79,"07/17/25 09:00:00",-35
103,"07/17/25 12:09:00",24
64,"07/17/25 11:08:00",-28
74,"07/17/25 08:31:00",-155
103,"06/13/25 09:00:00",0
103,"07/10/25 08:57:00",8
155,"09/09/25 00:00:00",114
126,"06/09/25 00:00:00",-30
47,"09/11/25 10:10:00",-46
79,"07/14/25 03:00:00",-6
113,"07/18/25 09:20:00",40
143,"09/16/25 10:22:00",-11
93,"06/14/25 10:30:00",-95
18,"10/18/25 10:00:00",-27
125,"09/19/25 09:09:00",-11
126,"09/19/25 11:39:00",-168
27,"10/15/25 08:43:00",230
75,"04/20/25 02:50:00",-15
75,"07/18/25 08:20:00",-38
75,"07/18/25 09:30:00",-12
111,"07/18/25 06:53:00",3
26,"02/27/25 13:00:00",0
60,"07/22/25 07:57:00",-5
44,"07/22/25 11:56:00",-12
22,"10/10/25 00:00:00",-30
74,"07/22/25 10:55:00",-221
108,"07/22/25 07:46:00",-48
94,"07/23/25 11:05:00",21
175,"07/23/25 07:46:00",-8
130,"05/14/25 00:00:00",0
130,"07/23/25 09:15:00",-380
93,"07/23/25 11:52:00",-229
62,"07/23/25 09:42:00",-22
10,"07/23/25 08:50:00",-1
10,"07/23/25 09:10:00",6
84,"07/23/25 16:00:00",-33
84,"07/23/25 19:00:00",-12
23,"07/24/25 10:42:00",0
147,"07/24/25 08:36:00",5
172,"07/24/25 11:22:00",-26
152,"07/24/25 09:48:00",-55
124,"07/24/25 12:03:00",-29
54,"07/24/25 11:05:00",-59
114,"05/28/25 10:47:00",0
114,"07/25/25 12:06:00",-10
178,"07/25/25 10:57:00",-166
134,"07/25/25 07:56:00",46
50,"07/24/25 08:50:00",-12
50,"07/24/25 09:00:00",-8
95,"07/30/25 07:27:00",-313
27,"07/25/25 09:25:00",-20
31,"07/20/25 04:10:00",6
31,"07/25/25 11:20:00",0
31,"07/25/25 11:40:00",6
144,"07/25/25 09:10:00",-3
144,"07/25/25 09:20:00",9
29,"07/25/25 08:00:00",-13
40,"07/24/25 06:50:00",0
40,"07/24/25 07:00:00",-25
40,"07/29/25 09:30:00",-24
40,"07/29/25 09:50:00",-4
40,"07/29/25 10:10:00",0
19,"07/29/25 07:27:00",-27
16,"07/29/25 11:53:00",-49
18,"07/29/25 10:03:00",-21
53,"07/29/25 07:35:00",-131
152,"07/20/25 04:40:00",-27
152,"07/20/25 05:00:00",-46
60,"07/29/25 10:12:00",11
58,"07/29/25 08:13:00",-9
39,"07/29/25 09:09:00",-3
74,"07/30/25 07:19:00",-192
97,"07/30/25 08:48:00",-15
46,"07/30/25 08:20:00",-39
47,"07/30/25 09:00:00",-9
57,"07/30/25 11:10:00",-30
150,"07/09/25 00:00:00",0
150,"07/29/25 14:20:00",-43
150,"07/29/25 14:50:00",-9
150,"07/29/25 15:10:00",-3
150,"07/29/25 15:50:00",0
98,"07/30/25 10:10:00",-14
98,"07/30/25 10:30:00",0
22,"07/06/25 01:50:00",0
91,"06/20/25 05:20:00",0
91,"07/08/25 08:54:00",24
91,"06/17/25 19:00:00",0
91,"06/18/25 08:40:00",-34
91,"06/19/25 18:50:00",0
91,"06/18/25 10:20:00",0
91,"07/23/25 07:30:00",17
91,"07/23/25 07:50:00",24
22,"07/10/25 11:47:00",-19
98,"06/24/25 20:00:00",0
97,"10/22/25 08:45:00",-15
124,"12/22/25 00:00:00",0
125,"10/27/25 10:26:00",0
35,"10/23/25 00:00:00",0
44,"10/20/25 12:00:00",-5
44,"10/28/25 09:02:00",-43
111,"10/31/25 08:40:00",-13
111,"12/01/25 00:00:00",-8
20,"07/31/25 11:54:00",-7
75,"08/01/25 11:05:00",-12
81,"08/01/25 08:36:00",-66
80,"08/01/25 09:29:00",-17
79,"07/26/25 00:00:00",0
6,"08/01/25 10:15:00",-14
7,"08/01/25 07:20:00",-4
8,"08/01/25 11:22:00",-46
156,"08/01/25 08:00:00",-103
89,"08/05/25 07:59:00",-22
147,"08/05/25 09:02:00",-38
44,"08/05/25 11:56:00",-4
0,"08/05/25 13:18:00",-29
1,"08/01/25 00:00:00",0
1,"08/05/25 14:50:00",-6
1,"08/05/25 15:50:00",0
103,"08/06/25 09:02:00",10
64,"08/06/25 08:10:00",-27
64,"06/18/25 00:00:00",0
64,"07/10/25 07:53:00",-7
3,"06/01/25 00:00:00",0
3,"06/12/25 09:54:00",2
3,"07/09/25 09:52:00",11
3,"08/05/25 11:09:00",20
92,"08/06/25 08:15:00",17
93,"08/06/25 10:25:00",-255
94,"08/06/25 11:05:00",8
87,"08/06/25 09:35:00",-19
121,"08/06/25 08:39:00",30
122,"08/06/25 10:06:00",-126
123,"06/17/25 08:05:00",0
123,"08/06/25 11:58:00",-118
185,"07/20/25 06:40:00",0
185,"08/06/25 09:00:00",-6
185,"08/06/25 09:50:00",0
152,"07/30/25 19:20:00",-38
152,"07/31/25 00:40:00",-24
152,"07/26/25 18:30:00",-51
152,"07/27/25 02:20:00",-38
111,"08/07/25 08:54:00",4
140,"08/07/25 11:12:00",-7
113,"08/07/25 07:54:00",53
27,"08/07/25 09:32:00",11
74,"08/06/25 14:00:00",-231
152,"08/05/25 11:15:00",0
180,"08/06/25 10:10:00",-23
20,"08/11/25 10:55:00",-3
20,"10/11/25 00:00:00",-7
20,"11/11/25 00:00:00",0
100,"07/16/25 05:00:00",0
60,"08/10/25 11:20:00",5
57,"08/11/25 11:42:00",-31
58,"08/11/25 11:13:00",-16
55,"08/11/25 12:15:00",-12
60,"07/20/25 02:40:00",20
60,"07/27/25 17:30:00",4
60,"07/27/25 17:50:00",11
60,"08/02/25 14:40:00",11
60,"08/02/25 14:50:00",-4
60,"08/02/25 15:20:00",-14
60,"08/04/25 12:30:00",-30
60,"08/04/25 13:40:00",-18
60,"08/07/25 14:00:00",-18
60,"08/07/25 15:00:00",-5
92,"09/02/25 09:19:00",17
103,"09/03/25 08:52:00",0
144,"08/17/25 00:00:00",0
29,"09/03/25 07:57:00",-32
29,"12/03/25 00:00:00",0
29,"09/03/25 08:30:00",-17
47,"09/11/25 12:10:00",-22
47,"08/10/25 23:55:00",-9
111,"09/12/25 07:30:00",-6
27,"09/12/25 09:25:00",-29
60,"08/09/25 17:10:00",0
60,"08/09/25 17:30:00",5
60,"08/10/25 11:40:00",-21
60,"08/10/25 15:30:00",-44
60,"08/11/25 09:00:00",-42
180,"07/17/25 08:20:00",-38
180,"07/21/25 09:50:00",0
180,"08/06/25 14:30:00",0
94,"09/16/25 08:51:00",39
94,"12/01/25 00:00:00",49
93,"11/01/25 00:00:00",-263
93,"12/01/25 00:00:00",0
92,"11/01/25 00:00:00",14
92,"12/01/25 00:00:00",0
92,"08/22/25 07:40:00",3
123,"09/17/25 07:55:00",-10
130,"09/17/25 09:22:00",-350
66,"08/21/25 09:19:00",0
50,"09/23/25 09:00:00",-28
178,"09/25/25 11:10:00",-92
134,"09/25/25 09:18:00",29
29,"09/10/25 00:30:00",-14
29,"09/25/25 09:20:00",-18
29,"09/25/25 09:30:00",-7
155,"09/25/25 10:42:00",23
94,"01/01/26 00:00:00",0
60,"08/11/25 15:50:00",-40
60,"08/11/25 19:40:00",20
60,"08/11/25 16:30:00",-10
60,"08/12/25 00:50:00",20
60,"08/12/25 01:30:00",16
155,"07/04/25 19:30:00",65
155,"07/20/25 03:55:00",24
155,"07/20/25 06:30:00",0
155,"07/15/25 10:01:00",20
155,"07/04/25 19:25:00",-200
155,"07/04/25 14:10:00",-10
155,"07/07/25 12:10:00",40
10,"08/12/25 08:48:00",5
95,"08/12/25 08:14:00",-385
84,"08/12/25 09:56:00",-12
97,"08/12/25 10:05:00",-19
125,"08/12/25 09:50:00",-63
96,"07/30/25 10:02:00",-130
96,"08/12/25 11:39:00",-118
126,"08/12/25 12:22:00",-86
60,"08/12/25 18:40:00",16
60,"08/12/25 18:50:00",0
60,"08/12/25 21:50:00",-33
60,"08/13/25 05:30:00",-47
108,"08/13/25 07:29:00",-35
75,"08/11/25 18:20:00",0
6,"10/19/25 00:00:00",8
74,"08/20/25 08:29:00",-229
74,"08/13/25 08:58:00",-243
18,"08/13/25 10:12:00",-18
60,"08/13/25 12:30:00",-55
81,"08/14/25 09:12:00",-51
80,"08/14/25 08:30:00",-29
75,"08/14/25 07:00:00",-28
75,"08/14/25 11:10:00",0
57,"10/22/07 14:30:00",25
57,"11/06/07 14:30:00",83
57,"11/06/07 15:30:00",83
57,"11/13/07 09:00:00",0
60,"07/22/16 15:00:00",0
60,"07/22/16 22:00:00",-23
60,"07/25/16 11:00:00",-17
60,"07/25/16 14:00:00",0
60,"08/05/18 16:00:00",0
60,"08/05/18 16:30:00",-36
60,"08/05/18 17:00:00",-42
60,"08/06/18 06:00:00",-40
60,"08/06/18 08:00:00",-64
60,"08/06/18 08:30:00",-25
60,"08/06/18 09:00:00",-15
60,"08/06/18 10:30:00",-9
60,"08/06/18 11:00:00",0
60,"06/30/19 15:00:00",-52
60,"06/30/19 18:30:00",-68
60,"07/02/19 12:00:00",-68
60,"06/28/19 14:30:00",0
60,"06/28/19 15:30:00",-42
60,"06/28/19 17:30:00",-51
60,"07/02/19 12:30:00",-56
60,"07/02/19 14:00:00",-3
60,"07/02/19 16:00:00",0
60,"07/22/20 11:30:00",0
60,"07/22/20 12:30:00",-21
60,"07/23/20 09:30:00",-22
60,"07/23/20 11:00:00",0
6,"08/19/25 09:19:00",-8
6,"11/19/25 00:00:00",0
7,"08/19/25 07:27:00",-13
5,"08/19/25 08:44:00",-13
8,"08/17/25 13:33:00",-46
8,"08/19/25 10:20:00",-82
8,"08/19/25 11:10:00",-46
8,"08/17/25 15:00:00",-78
94,"08/19/25 09:39:00",6
93,"08/19/25 08:10:00",-378
93,"06/14/25 08:20:00",0
92,"06/16/25 15:00:00",-5
92,"06/16/25 23:50:00",8
92,"06/17/25 00:00:00",-5
92,"07/20/25 07:00:00",-3
92,"07/20/25 07:10:00",-5
92,"07/23/25 09:10:00",6
92,"07/23/25 08:26:00",-5
60,"08/15/25 15:30:00",-55
60,"08/15/25 16:10:00",-35
60,"08/16/25 11:40:00",-45
60,"08/16/25 12:40:00",-5
60,"08/16/25 15:50:00",-8
60,"08/16/25 17:50:00",27
60,"08/16/25 21:50:00",33
60,"08/20/25 06:00:00",10
60,"08/20/25 06:50:00",-9
60,"08/20/25 08:20:00",-18
27,"08/20/25 07:50:00",174
91,"07/23/25 09:47:00",24
91,"08/06/25 09:15:00",26
122,"11/21/25 00:00:00",37
147,"08/20/25 10:12:00",-47
172,"08/21/25 09:42:00",-4
178,"10/22/25 08:10:00",-114
178,"11/22/25 10:00:00",-18
178,"12/22/25 10:00:00",0
44,"01/01/26 00:00:00",0
36,"10/22/25 04:30:00",38
4,"09/03/25 12:10:00",0
3,"08/06/25 04:30:00",0
70,"10/29/25 11:51:00",0
57,"01/01/26 10:00:00",-46
57,"01/15/26 00:00:00",0
16,"11/05/25 12:35:00",0
123,"11/05/25 09:41:00",97
123,"12/05/25 10:00:00",97
99,"08/21/25 03:38:00",-23
99,"07/30/25 08:36:00",-4
22,"08/21/25 11:28:00",-35
140,"08/21/25 12:31:00",-21
20,"08/26/25 11:11:00",-7
55,"08/26/25 08:13:00",-9
156,"08/11/25 08:30:00",-89
156,"08/26/25 10:30:00",-85
155,"08/11/25 08:30:00",0
155,"08/26/25 11:23:00",203
57,"08/26/25 12:03:00",-16
83,"08/20/25 00:00:00",-19
83,"08/26/25 13:00:00",-17
83,"08/26/25 13:10:00",-8
84,"08/26/25 16:10:00",-88
84,"08/26/25 18:00:00",-61
84,"08/20/25 01:20:00",-80
124,"08/27/25 11:11:00",-49
95,"08/27/25 08:04:00",-362
96,"08/27/25 09:05:00",-126
97,"08/27/25 11:04:00",-15
19,"08/27/25 07:50:00",-42
62,"08/26/25 09:26:00",0
18,"08/27/25 10:00:00",-19
150,"07/29/25 16:00:00",0
150,"08/27/25 08:30:00",-27
41,"07/29/25 00:00:00",0
41,"08/27/25 11:19:00",-26
60,"08/20/25 18:00:00",-18
60,"08/22/25 21:40:00",13
60,"08/26/25 08:27:00",15
10,"08/16/25 00:00:00",5
10,"08/26/25 07:50:00",-4
10,"08/26/25 08:40:00",6
128,"08/20/25 09:10:00",0
128,"08/20/25 10:40:00",-11
128,"08/20/25 12:10:00",-14
128,"08/26/25 09:00:00",-14
128,"08/26/25 09:30:00",-4
128,"08/26/25 10:10:00",0
70,"07/29/25 00:00:00",0
70,"08/05/25 10:42:00",-8
70,"08/20/25 12:08:00",-35
74,"08/28/25 07:29:00",-258
81,"08/28/25 11:14:00",-56
89,"08/25/25 11:50:00",-22
89,"08/28/25 10:10:00",-43
89,"08/28/25 12:00:00",-15
54,"08/28/25 08:40:00",-46
160,"08/28/25 09:28:00",14
160,"11/01/25 00:00:00",-6
58,"08/24/25 19:00:00",0
58,"08/28/25 13:00:00",-4
58,"08/28/25 13:20:00",5
27,"09/02/25 08:11:00",51
147,"09/02/25 09:00:00",0
93,"09/02/25 11:37:00",-257
94,"09/02/25 13:02:00",24
0,"08/27/25 16:30:00",-29
0,"09/02/25 12:26:00",-4
55,"12/01/25 00:00:00",0
60,"08/31/25 05:00:00",10
95,"10/10/25 10:00:00",-282
95,"11/10/25 10:00:00",-282
108,"09/11/25 07:56:00",-46
74,"09/11/25 09:28:00",-301
5,"09/12/25 08:56:00",-11
2,"08/27/25 16:20:00",0
2,"09/02/25 15:09:00",22
79,"08/31/25 22:10:00",0
93,"09/16/25 09:14:00",-263
92,"08/19/25 14:40:00",11
92,"09/16/25 14:10:00",14
89,"09/17/25 09:05:00",0
69,"09/03/25 23:00:00",0
18,"11/18/25 10:00:00",0
58,"10/23/25 00:00:00",-16
58,"11/23/25 00:00:00",0
64,"09/03/25 07:51:00",-31
160,"10/01/25 08:37:00",-6
54,"12/01/25 10:00:00",0
106,"11/02/25 00:00:00",-61
41,"08/29/25 21:10:00",0
150,"12/01/25 00:00:00",12
7,"11/08/25 00:00:00",-21
7,"12/08/25 00:00:00",0
5,"09/27/25 21:20:00",0
27,"12/01/25 00:00:00",0
22,"11/16/25 00:00:00",-23
79,"09/03/25 08:20:00",-7
79,"09/03/25 08:40:00",0
80,"09/03/25 06:58:00",-8
78,"09/03/25 11:37:00",-76
72,"09/03/25 09:45:00",12
4,"09/02/25 17:00:00",27
4,"09/03/25 06:43:00",27
64,"08/27/25 22:50:00",-27
64,"08/28/25 08:20:00",-31
7,"09/04/25 09:05:00",-18
114,"09/04/25 07:10:00",-21
75,"08/14/25 16:40:00",0
44,"09/04/25 11:37:00",-5
152,"08/29/25 06:30:00",-20
152,"09/04/25 10:06:00",-20
152,"11/04/25 00:00:00",-33
152,"12/04/25 00:00:00",0
75,"09/04/25 10:00:00",-5
75,"09/04/25 11:10:00",15
125,"02/11/25 00:00:00",0
125,"04/09/25 08:07:00",-27
125,"05/26/25 08:31:00",-35
55,"09/09/25 11:41:00",-30
156,"09/09/25 08:33:00",-82
60,"09/09/25 09:10:00",-12
60,"09/09/25 11:20:00",0
57,"09/09/25 12:51:00",-25
22,"10/16/25 07:50:00",-71
95,"09/10/25 07:55:00",-332
96,"09/10/25 09:05:00",-82
97,"09/10/25 09:54:00",-19
126,"05/27/25 00:00:00",0
126,"06/21/25 00:00:00",-115
22,"09/10/25 07:47:00",-62
99,"09/10/25 12:40:00",-21
99,"09/10/25 13:30:00",-11
47,"09/11/25 10:20:00",-32
47,"09/11/25 10:50:00",-24
128,"09/10/25 08:30:00",-18
128,"09/10/25 09:40:00",0
128,"08/29/25 04:00:00",0
6,"09/12/25 09:46:00",8
8,"09/12/25 10:57:00",-41
111,"09/05/25 00:00:00",-1
111,"09/12/25 07:40:00",-2
97,"04/04/25 08:22:00",-24
180,"09/10/25 09:50:00",-21
180,"09/10/25 13:30:00",0
180,"07/17/25 10:00:00",0
92,"09/09/25 00:00:00",16
92,"08/15/25 15:00:00",13
92,"08/19/25 12:20:00",-22
92,"08/21/25 06:00:00",12
92,"08/22/25 08:20:00",12
92,"09/16/25 13:40:00",10
110,"10/27/21 17:50:00",0
16,"09/17/25 11:42:00",-43
16,"08/27/25 09:03:00",-55
69,"09/17/25 09:50:00",-3
69,"09/17/25 10:20:00",0
70,"09/17/25 10:38:00",-59
36,"08/07/25 11:38:00",0
36,"09/17/25 12:10:00",38
35,"08/07/25 10:12:00",0
35,"09/17/25 10:47:00",17
17,"09/04/25 11:30:00",0
17,"09/18/25 08:00:00",-7
17,"09/18/25 08:13:00",0
53,"08/01/25 22:50:00",0
66,"09/18/25 09:04:00",33
66,"11/01/25 00:00:00",33
66,"12/01/25 00:00:00",0
14,"10/04/23 12:30:00",-8
14,"10/04/23 12:55:00",-1
14,"10/04/23 13:10:00",0
14,"10/01/23 10:40:00",0
14,"10/02/23 00:20:00",-9
58,"09/23/25 11:20:00",-16
172,"09/23/25 09:20:00",-9
172,"09/23/25 10:00:00",-2
140,"09/23/25 11:55:00",-22
50,"09/23/25 11:10:00",-16
57,"09/23/25 08:18:00",-23
29,"11/01/25 00:00:00",-7
156,"09/25/25 11:15:00",-79
8,"09/25/25 09:51:00",-12
14,"12/15/23 00:00:00",0
14,"01/25/24 10:07:00",-41
14,"04/30/24 10:00:00",-34
14,"06/05/24 00:00:00",0
91,"08/10/25 00:00:00",0
91,"09/02/25 08:19:00",0
91,"09/16/25 12:29:00",20
10,"10/21/25 12:00:00",0
62,"10/21/25 10:00:00",32
23,"09/16/25 12:05:00",-9
96,"11/22/25 10:00:00",-64
97,"11/22/25 10:00:00",-15
23,"10/23/25 09:48:00",-2
155,"01/01/26 00:00:00",-98
155,"02/01/26 00:00:00",0
172,"11/15/25 00:00:00",-2
172,"12/01/25 00:00:00",0
36,"10/28/25 12:45:00",65
36,"12/28/25 00:00:00",65
36,"01/28/26 00:00:00",0
109,"10/31/25 09:19:00",24
8,"10/31/25 10:10:00",-3
8,"10/31/25 11:00:00",0
2,"10/28/25 14:50:00",8
74,"12/04/25 10:00:00",-453
91,"10/15/25 06:40:00",20
91,"10/15/25 07:10:00",0
73,"10/24/25 02:00:00",0
73,"11/04/25 09:20:00",-14
39,"11/05/25 09:00:00",-15
39,"12/25/25 00:00:00",-15
123,"01/05/26 10:00:00",0
130,"11/05/25 10:47:00",0
27,"10/20/25 11:00:00",0
50,"10/19/25 20:00:00",-6
23,"11/16/25 00:00:00",0
111,"09/25/25 08:20:00",-25
89,"06/26/20 00:40:00",0
89,"06/30/20 07:40:00",-7
89,"06/30/20 08:20:00",0
89,"06/04/20 06:30:00",-11
89,"06/04/20 07:10:00",0
89,"08/15/20 12:00:00",-15
89,"08/19/20 08:10:00",-24
89,"08/19/20 09:20:00",-15
152,"09/30/25 11:06:00",-33
89,"10/03/21 13:00:00",-15
49,"09/20/25 21:20:00",0
49,"09/30/25 08:40:00",-2
49,"09/30/25 08:50:00",-3
49,"09/30/25 09:00:00",0
39,"10/20/21 23:00:00",0
39,"11/16/21 11:40:00",-4
39,"11/16/21 12:50:00",0
89,"08/24/21 08:26:00",-31
89,"10/12/21 08:10:00",-24
89,"10/12/21 10:23:00",-15
94,"10/01/25 09:58:00",49
89,"07/01/22 00:00:00",-36
89,"07/20/22 08:40:00",-37
2,"09/30/25 16:15:00",11
64,"10/01/25 00:00:00",0
89,"11/11/22 18:00:00",0
89,"11/16/22 12:45:00",-6
89,"11/16/22 13:05:00",0
39,"08/15/22 00:00:00",0
39,"09/07/22 08:50:00",-5
39,"09/07/22 09:04:00",-2
39,"09/07/22 09:40:00",0
160,"12/01/25 00:00:00",0
55,"10/01/25 12:04:00",-18
54,"10/01/25 09:43:00",-90
108,"10/02/25 07:32:00",-71
74,"10/02/25 08:47:00",-336
34,"09/23/25 08:20:00",0
34,"09/29/25 09:10:00",-8
34,"10/02/25 09:00:00",-20
34,"10/02/25 09:50:00",-12
34,"12/02/25 00:00:00",-12
34,"01/02/26 00:00:00",0
80,"10/02/25 07:12:00",-8
19,"10/02/25 11:40:00",-36
19,"01/01/26 00:00:00",0
106,"10/02/25 08:12:00",-61
71,"09/13/25 08:40:00",1
71,"10/03/25 09:15:00",7
71,"11/03/25 09:15:00",7
71,"12/03/25 00:00:00",0
72,"10/02/25 11:14:00",-22
72,"11/02/25 00:00:00",-22
89,"08/06/23 04:00:00",-3
89,"08/10/23 10:40:00",-3
89,"08/26/23 03:00:00",-11
89,"08/31/23 10:00:00",-14
150,"09/20/25 22:10:00",-39
150,"10/01/25 09:40:00",5
150,"10/01/25 10:20:00",12
150,"01/01/26 00:00:00",0
46,"11/30/25 00:00:00",-52
39,"11/01/22 03:00:00",0
39,"11/15/22 09:25:00",-5
39,"11/15/22 10:05:00",0
39,"11/22/22 11:35:00",-4
39,"11/22/22 12:05:00",0
39,"12/20/22 10:00:00",-2
39,"12/20/22 10:30:00",0
39,"04/29/22 12:00:00",0
39,"05/24/22 15:20:00",-3
39,"05/24/22 16:00:00",0
60,"10/02/25 15:20:00",0
60,"10/02/25 15:30:00",-16
60,"10/02/25 15:40:00",-19
60,"10/02/25 17:30:00",-28
60,"10/04/25 10:40:00",-37
60,"10/05/25 14:10:00",-37
60,"10/05/25 14:30:00",-36
60,"10/05/25 15:00:00",-15
60,"10/05/25 15:30:00",-9
60,"10/05/25 16:40:00",-3
60,"10/05/25 18:50:00",0
31,"10/06/25 14:10:00",7
31,"10/07/25 08:51:00",0
31,"10/07/25 09:40:00",7
31,"12/07/25 00:00:00",7
31,"01/07/26 00:00:00",0
60,"10/06/25 07:00:00",0
33,"09/16/25 06:40:00",0
33,"10/07/25 11:50:00",-13
33,"10/07/25 12:00:00",0
60,"10/07/25 10:10:00",0
75,"11/08/25 10:00:00",20
75,"12/08/25 10:00:00",0
78,"12/10/25 00:00:00",0
46,"12/30/25 00:00:00",0
114,"10/16/25 11:10:00",-4
114,"12/01/25 00:00:00",-4
60,"10/07/25 08:50:00",-10
78,"11/10/25 00:00:00",-89
75,"10/08/25 09:41:00",20
5,"10/08/25 09:00:00",-29
6,"10/08/25 09:30:00",18
109,"05/15/25 07:44:00",0
109,"07/18/25 08:00:00",9
109,"08/07/25 09:55:00",10
109,"10/08/25 08:07:00",20
7,"10/08/25 07:38:00",-21
134,"10/20/25 00:00:00",0
95,"12/10/25 10:00:00",0
27,"10/13/25 15:00:00",-8
27,"10/13/25 18:40:00",212
27,"10/13/25 21:20:00",230
39,"09/11/23 23:40:00",0
39,"09/12/23 11:25:00",-4
39,"09/12/23 16:40:00",0
46,"10/16/25 09:57:00",-52
114,"01/01/26 00:00:00",0
22,"12/10/25 00:00:00",0
5,"10/06/25 00:40:00",0
5,"10/08/25 09:40:00",0
22,"10/16/25 09:00:00",-23
190,"05/23/22 07:10:00",0
190,"05/23/22 07:30:00",-7
190,"05/25/22 13:50:00",-5
190,"05/25/22 14:00:00",-13
190,"06/07/22 12:10:00",-8
190,"06/07/22 12:50:00",0
190,"09/16/24 11:20:00",-29
190,"05/21/23 16:30:00",0
190,"06/13/23 12:22:00",-12
190,"06/28/23 12:10:00",0
190,"01/18/24 00:00:00",0
190,"01/31/24 12:18:00",-50
190,"02/20/24 10:47:00",0
190,"09/16/24 11:45:00",-22
190,"03/14/24 12:30:00",-162
190,"04/23/24 10:06:00",-23
190,"05/14/24 11:37:00",-18
190,"06/18/24 10:48:00",-141
190,"07/31/24 08:03:00",-68
190,"09/16/24 13:50:00",-22
190,"09/16/24 14:00:00",-18
190,"06/29/24 17:12:00",-141
190,"07/18/24 10:11:00",-75
190,"08/13/24 09:43:00",-39
190,"08/28/24 11:36:00",-29
190,"09/17/24 09:25:00",-18
190,"09/17/24 10:35:00",-29
190,"09/17/24 12:30:00",-29
190,"09/17/24 13:35:00",-50
190,"09/19/24 09:05:00",-50
190,"09/19/24 09:40:00",-46
190,"09/19/24 10:40:00",-46
190,"09/19/24 10:50:00",-37
190,"09/19/24 11:00:00",-64
190,"10/23/24 08:40:00",-9
190,"11/22/24 00:00:00",0
190,"09/19/24 11:50:00",-41
120,"08/04/25 14:50:00",0
120,"08/06/25 08:33:00",51
120,"08/28/25 12:55:00",238
120,"08/30/25 09:50:00",0
120,"08/16/25 15:30:00",238
120,"08/30/25 00:00:00",51
121,"02/01/26 00:00:00",0
122,"12/21/25 00:00:00",0
62,"12/15/25 00:00:00",0
178,"10/22/25 10:50:00",-18
176,"09/25/25 08:10:00",0
176,"10/22/25 10:40:00",-5
176,"10/22/25 11:40:00",0
96,"12/22/25 10:00:00",0
97,"12/22/25 10:00:00",0
124,"10/22/25 09:49:00",-56
155,"10/23/25 09:24:00",-98
190,"08/31/25 07:50:00",0
190,"09/03/25 08:00:00",-31
190,"09/03/25 11:00:00",0
109,"12/01/25 10:00:00",24
109,"01/01/26 00:00:00",0
111,"10/31/25 08:50:00",-8
111,"01/01/26 00:00:00",0
2,"11/01/25 00:00:00",0
57,"11/04/25 09:00:00",-46
74,"11/04/25 08:45:00",-453
74,"01/04/26 10:00:00",0
108,"11/04/25 13:01:00",-207
108,"12/04/25 13:00:00",-207
108,"01/04/26 13:00:00",0
73,"11/04/25 09:40:00",0
44,"12/04/21 00:00:00",-10
39,"01/25/26 00:00:00",0
27,"10/19/25 10:50:00",230
128,"10/15/25 16:40:00",0
128,"10/23/25 07:40:00",-54
128,"10/23/25 08:30:00",0
140,"12/06/25 00:00:00",-41
87,"08/28/25 11:15:00",-18
79,"11/06/25 11:10:00",-20
79,"11/06/25 11:30:00",9
79,"12/06/25 10:00:00",9
79,"01/06/26 10:00:00",0
137,"09/11/25 08:04:00",0
137,"10/16/25 08:36:00",-6
137,"11/06/25 12:51:00",-16
137,"12/06/25 00:00:00",-16
137,"01/06/26 00:00:00",0
50,"11/06/25 09:50:00",-8
50,"11/06/25 10:40:00",0
49,"10/04/25 08:30:00",0
49,"10/19/25 10:50:00",-4
49,"10/23/25 06:00:00",-18
49,"11/06/25 12:10:00",-18
49,"11/06/25 12:20:00",-12
49,"01/01/26 00:00:00",-12
49,"02/01/26 00:00:00",0
55,"11/21/25 00:00:00",-18
