noct,nopt,a,b,h0,hsup
1,1,0,0,0,380
1,2,0.00011333,1.6134,370,820
1,3,0.00012464,1.6524,454,2000
2,1,0,0,0,430
2,2,0.0007728,1.3614,425,532
2,3,0.0007728,1.3614,425,687
2,4,0.0007728,1.3614,425,812
2,5,0.0007728,1.3614,425,954
2,6,0.0007728,1.3614,425,1150
2,7,0.0004187,1.502,561,1264
2,8,0.0004187,1.502,561,1440
2,9,0.0004187,1.502,561,1590
2,10,0.0004187,1.502,561,1734
2,11,0.0004187,1.502,561,1855
2,12,0.0004187,1.502,561,2000
12,1,0,0,0,410
12,2,0.0001452,1.6426,407,844
12,3,4.528e-06,2.053,142,2000
13,1,0,0,0,380
13,2,4.598e-05,1.8888,379,500
13,3,1.235e-05,1.9474,294,950
13,4,1.519e-05,1.915,292,2000
14,1,0,0,0,380
14,2,0.0001371,1.6075,379,732
14,3,6.936e-05,1.713,366,1152
14,4,1.88e-05,1.8894,310,2000
15,1,0,0,0,380
15,2,7.381e-05,1.7288,380,672
15,3,2.347e-05,1.7057,55,783
15,4,0.0006578000000000001,1.3492,431,915
15,5,0.0003429,1.5312,560,2000
16,1,0,0,0,330
16,2,7.467e-06,2.0749,330,593
16,3,6.317e-06,2.0294,269,874
16,4,0.00029,1.5432,493,2200
17,1,0,0,0,330
17,2,3.127e-05,1.7482,329,651
17,3,7.948e-05,1.7323,453,870
17,4,0.00029,1.5432,493,2200
18,1,0,0,0,358
18,2,0.0005203,1.3263,357,594
18,3,0.0006287,1.3756,424,874
18,4,0.0008720000000000001,1.4025,558,2200
19,1,0,0,0,401
19,2,2.237e-05,1.8888,394,535
19,3,4.884e-05,1.8185,424,714
19,4,0.007393,1.0181,533,875
19,5,0.0007716999999999999,1.4179,550,2206
20,1,0,0,0,401
20,2,2.237e-05,1.8888,394,535
20,3,4.884e-05,1.8185,424,714
20,4,0.00175,1.2592,503,897
20,5,8.275000000000001e-05,1.6982,391,2206
21,1,0,0,0,401
21,2,0.0006427,1.2668,396,566
21,3,4.508e-05,1.8185,412,715
21,4,0.009696,0.9775,545,875
21,5,0.0001008,1.6777,428,2204
22,1,0,0,0,425
22,2,0.0001407,1.5344,380,567
22,3,1.184e-05,2.0294,390,714
22,4,0.004132,1.1268,530,865
22,5,7.226e-05,1.7158,384,2206
23,1,0,0,0,402
23,2,0.0001932,1.5014,361.5,541
23,3,0.0004239,1.4669,422.3,759
23,4,3.823e-05,1.7833,297,1240
23,5,0.0001599,1.6191,459,2206
24,1,0,0,0,401
24,2,1.784e-05,1.9942,384,572
24,3,0.0004488,1.4669,435,759
24,4,3.823e-05,1.7833,297,1240
24,5,0.0001599,1.6191,459,2206
25,1,0,0,0,403
25,2,0.0003854,1.3966,402,535
25,3,0.006292,1.045,487,804
25,4,0.0003708,1.4789,407,1240
25,5,0.0002453,1.5668,497,2206
26,1,0,0,0,409
26,2,0.0003954,1.3966,408,557
26,3,0.004529,1.1247,500,595
26,4,0.03238,0.7835,539,807
26,5,0.01554,0.9637,605,1240
26,6,0.000155,1.6239,456,2206
27,1,0,0,0,405
27,2,0.0002509,1.4317,335,566
27,3,0.01104,0.9527,499,806
27,4,0.008588999999999999,1.0489,576,1240
27,5,0.000155,1.6239,456,2206
28,1,0,0,0,380
28,2,0.000334,1.384,340,566
28,3,0.01104,0.9527,499,806
28,4,0.008588999999999999,1.0489,576,1240
28,5,0.000155,1.6239,456,2206
29,1,0,0,0,379
29,2,0.0003441,1.3806,338,564
29,3,0.0001148,1.692,404.5,802
29,4,0.008314,1.0489,539.1,1236
29,5,0.0001504,1.6239,424.1,2206
30,1,0,0,0,378
30,2,2.307e-05,1.8645,307.2,566
30,3,8.127999999999999e-05,1.692,349.3,807
30,4,0.008933,1.0489,585.2,1236
30,5,0.0001504,1.6239,424.1,2206
31,1,0,0,0,379
31,2,0.000444,1.3806,344.9,636
31,3,0.02395,0.8961,562.9,715
31,4,0.001372,1.2916,416.2,1242
31,5,0.0001511,1.6239,429.4,2206
32,1,0,0,0,418
32,2,0.0006690999999999999,1.3848,412,645
32,3,0.002462,1.2751,511,715
32,4,0.001372,1.2916,416,1242
32,5,0.0001511,1.6239,429,2206
33,1,0,0,0,418
33,2,0.0006934,1.3784,412.1,645
33,3,0.002091,1.2751,492.6,717
33,4,0.0003022,1.5014,357.1,1242
33,5,0.0001511,1.6239,429,2206
34,1,0,0,0,418
34,2,0.0006934,1.3784,412.1,645
34,3,0.002091,1.2751,492.6,717
34,4,0.0003022,1.5014,357.1,1242
34,5,0.0001511,1.6239,429,2206
35,1,0,0,0,407
35,2,8.449999999999999e-05,1.5948,344,495
35,3,0.0008631999999999999,1.2861,412,557
35,4,0.0006452,1.4075,441,716
35,5,0.00024,1.5767,434,908
35,6,0.001022,1.3256,398,1295
35,7,0.0001595,1.6239,487,2206
36,1,0,0,0,417
36,2,0.001079,1.2119,417,568
36,3,0.002443,1.2289,495.5,1208
36,4,0.0001459,1.6239,390.3,2206
37,1,0,0,0,416
37,2,0.0009223,1.2119,416,566
37,3,0.002237,1.2289,497.9,705
37,4,0.0008028999999999999,1.3926,474.2,1206
37,5,0.0001454,1.6239,386.7,2206
38,1,0,0,0,404
38,2,0.0007637,1.2119,404,498
38,3,0.002048,1.2861,464.4,570
38,4,0.000419,1.4075,351.9,718
38,5,0.0002544,1.5767,451.3,908
38,6,0.0011,1.3256,425.3,1321
38,7,0.0001565,1.6239,467.3,2206
39,1,0,0,0,299
39,2,0.0007105,1,277.9,337
39,3,0.0002599,1.2406,276.7,376
39,4,0.0004134,1.2406,307.7,405
39,5,0.0006936000000000001,1.2406,340.9,422
39,6,0.0008797,1.2406,355,454
39,7,0.0005112,1.3492,351.8,470
39,8,0.0007084,1.2861,354.1,501
39,9,0.0008698,1.2861,375.7,531
39,10,0.0009700000000000001,1.2861,388.3,569
39,11,0.001085,1.2861,403.4,610
39,12,0.0005934,1.4075,409.7,711
39,13,0.0002435,1.5411,383.6,906
39,14,0.001096,1.3256,441.4,1109
39,15,0.001183,1.3256,478.7,1270
39,16,0.0001554,1.6239,459.6,2206
47,1,0,0,0,360
47,2,0.0007753,1.2406,343.6,425
47,3,0.000838,1.2406,348.5,453
47,4,0.0008286,1.2406,347.6,479
47,5,0.0008851,1.2406,354.4,503
47,6,0.0009311,1.2861,383.3,530
47,7,0.001028,1.2861,394.2,596
47,8,0.0005761,1.4075,403.3,711
47,9,0.0002435,1.5411,383.6,906
47,10,0.001096,1.3256,441.4,1109
47,11,0.001183,1.3256,478.7,1270
47,12,0.0001554,1.6239,459.6,2206
53,1,0,0,0,-150
53,2,2.634e-05,1.9678,-197,185
53,3,1.133e-05,2.0294,-299,565
53,4,3.033e-06,2.1754,-442,1318
53,5,0.003606,1.3514,429,2000
54,1,0,0,0,-119
54,2,0.000319,1.5651,-133,526
54,3,3.44e-05,1.9048,-141,1023
54,4,0.0007257,1.4883,-59,1513
54,5,0.0002629,1.751,582,2600
55,1,0,0,0,-214
55,2,0.001082,1.3602,-214,35
55,3,1.966e-06,2.3003,-370,268
55,4,0.02366,1.0098,45,842
55,5,0.2136,0.7638,458,1519
55,6,6.874e-05,1.9091,423,2600
56,1,0,0,0,-50
56,2,0.001561,1.2976,-79,161
56,3,0.006485,1.1505,21,436
56,4,0.00779,1.1604,98,912
56,5,0.0288,1.045,426,1506
56,6,4.577e-05,1.9569,382,2600
59,1,0,0,0,-179
59,2,0.0001661,1.6426,-187,140
59,3,0.00263,1.256,-75,666
59,4,0.000547,1.5723,133,1025
59,5,0.001157,1.4317,-5,1513
59,6,0.0002629,1.751,582,2600
60,1,0,0,0,-119
60,2,0.0002461,1.6075,-134,436
60,3,0.009722,1.1302,115,912
60,4,0.0288,1.045,426,1506
60,5,4.577e-05,1.9569,382,2600
61,1,0,0,0,42
61,2,0.004417,1.196,42,222
61,3,0.002237,1.2778,1.7,420
61,4,0.001045,1.374,-56,593
61,5,4.13e-05,1.876,-49.1,1513
61,6,4.937e-05,1.9564,458.8,2600
62,1,0,0,0,40
62,2,0.002761,1.2839,40,227
62,3,0.002036,1.2839,-10.1,456
62,4,0.0002922,1.5811,-46.5,685
62,5,9.674e-05,1.7695,9.6,1513
62,6,4.937e-05,1.9564,458.8,2600
63,1,0,0,0,10
63,2,0.00199,1.2839,-1,421
63,3,0.001441,1.374,61.9,696
63,4,0.001607,1.4025,181.6,897
63,5,0.000149,1.6838,-82.7,1507
63,6,5.362e-05,1.9564,547.4,2600
64,1,0,0,0,-50
64,2,0.0002156,1.653,-83,161
64,3,0.006378,1.1505,19,417
64,4,0.007816999999999999,1.1604,100,912
64,5,0.0288,1.045,426,1506
64,6,4.577e-05,1.9569,382,2600
65,1,0,0,0,10
65,2,0.00199,1.2839,-1,421
65,3,0.001441,1.374,61.9,696
65,4,0.001119,1.4805,223.2,948
65,5,5.003e-05,1.7947,-344.3,1507
65,6,5.362e-05,1.9564,547.4,2600
66,1,0,0,0,18
66,2,0.002239,1.2839,18,422
66,3,0.001281,1.374,13,685
66,4,9.674e-05,1.7695,10,1513
66,5,4.937e-05,1.9564,459,2600
67,1,0,0,0,-27
67,2,0.0003546,1.5404,-70.40000000000001,157
67,3,6.166e-05,1.764,-150.7,430
67,4,0.0001249,1.7393,5.6,947
67,5,0.02068,1.0966,455.4,1505
67,6,4.649e-05,1.9564,392,2600
68,1,0,0,0,-27
68,2,0.0003546,1.5404,-70.40000000000001,157
68,3,6.752e-05,1.764,-135.2,419
68,4,4.476e-05,1.87,-63.7,947
68,5,0.01611,1.0966,326.5,1514
68,6,5.263e-05,1.9564,527.8,2600
69,1,0,0,0,-27
69,2,0.0003546,1.5404,-70.40000000000001,157
69,3,0.0004477,1.5014,-66.8,422
69,4,1.431e-05,1.9865,-187.7,696
69,5,2.465e-05,1.9865,23.9,948
69,6,0.01461,1.0966,250.1,1507
69,7,5.362e-05,1.9564,547.4,2600
70,1,0,0,0,3
70,2,0.002558,1.2081,-25.6,84
70,3,0.003106,1.2081,-9.300000000000001,170
70,4,0.00205,1.2778,-17.1,230
70,5,0.002112,1.2778,-11.3,300
70,6,0.00215,1.2778,-7.1,360
70,7,0.002185,1.2778,-2.4,422
70,8,0.001219,1.374,-2.8,591
70,9,3.6e-05,1.876,-111.9,773
70,10,3.6e-05,1.876,-111.9,1522
70,11,2.176e-05,1.9183,-282,2082
70,12,2.064e-05,1.9564,-6,2620
71,1,0,0,0,0
71,2,0.001196,1.2081,-196,169
71,3,0.002293,1.2778,10.1,420
71,4,0.001045,1.374,-56,593
71,5,3.702e-05,1.876,-87.7,1522
71,6,2.176e-05,1.9183,-282,2082
71,7,2.064e-05,1.9564,-6.3,2620
73,1,0,0,0,0
73,2,0.001101,1.2081,-210,85
73,3,0.002067,1.2081,-90,170
73,4,0.001782,1.2778,-45.7,230
73,5,0.002112,1.2778,-11.3,300
73,6,0.00215,1.2778,-7.1,360
73,7,0.002185,1.2778,-2.4,422
73,8,0.001219,1.374,-2.8,591
73,9,3.6e-05,1.876,-111.9,773
73,10,3.6e-05,1.876,-111.9,1522
73,11,2.176e-05,1.9183,-282,2082
73,12,2.064e-05,1.9564,-6,2620
74,1,0,0,0,0
74,2,0.00462,1.0148,-49,177
74,3,0.001692,1.261,3,351
74,4,0.0004542,1.5541,82,489
74,5,1.299e-05,2.0134,-115,837
74,6,1.719e-05,1.8387,-731,1617
75,1,0,0,0,17
9220,1,0,0,0,0
9220,2,0.002732,1.2081,-36.1,81
9220,3,0.003193,1.2081,-21.9,170
9220,4,0.002136,1.2778,-27.4,234
9220,5,0.001838,1.2778,-60,303
9220,6,0.001829,1.2778,-61.4,360
9220,7,0.001999,1.2778,-33.1,422
9220,8,0.001219,1.374,-2.8,591
9220,9,3.6e-05,1.876,-111.9,773
9220,10,3.6e-05,1.876,-111.9,1522
9220,11,2.176e-05,1.9183,-282,2082
9220,12,2.064e-05,1.9564,-6,2620
75,2,0.0009097,1.3366,-44.7,273
75,3,0.0007836,1.4311,31.9,594
75,4,0.0003639,1.5854,101.7,846
75,5,1.431e-05,1.8624,-736.4,1800
76,1,0,0,0,17
76,2,0.0007571,1.3748,-42.4,300
76,3,0.001829,1.3113,68.2,582
76,4,0.000357,1.5854,92.59999999999999,846
76,5,1.431e-05,1.8624,-736.4,1800
77,1,0,0,0,7
77,2,0.0006822,1.285,-129,113
77,3,0.002094,1.2438,-4.8,389
77,4,0.00102,1.4215,79.5,502
77,5,0.0002553,1.6091,8.300000000000001,850
77,6,0.0002978,1.5069,-350,1800
78,1,0,0,0,7
78,2,0.0006822,1.285,-129,113
78,3,0.002068,1.2438,-6,368
78,4,0.001254,1.4215,114,489
78,5,0.0002273,1.6091,-55,850
78,6,0.0002978,1.5069,-350,1800
80,1,0,0,0,20
80,2,7.03e-05,1.7312,-102,273
80,3,1.223e-05,2.0129,-118,594
80,4,5.615e-05,1.8448,27,831
80,5,1.417e-05,1.8624,-750,1800
81,1,0,0,0,20
81,2,7.03e-05,1.7312,-102,273
81,3,1.223e-05,2.0129,-118,594
81,4,5.615e-05,1.8448,27,831
81,5,1.417e-05,1.8624,-750,1800
82,1,0,0,0,17
82,2,0.001119,1.2971,-56.8,149
82,3,2.507e-05,1.7312,-336.3,236
82,4,0.0004887,1.5074,31.2,594
82,5,5.504e-05,1.8448,16.6,831
82,6,1.417e-05,1.8624,-750,1800
83,1,0,0,0,20
83,2,8.964e-05,1.7312,-86.09999999999999,237
83,3,1.012e-05,2.0129,-188.4,594
83,4,5.615e-05,1.8448,27,831
83,5,1.417e-05,1.8624,-750,1800
84,1,0,0,0,18
84,2,0.0004416,1.4465,-65.09999999999999,273
84,3,1.223e-05,2.0129,-118,594
84,4,5.615e-05,1.8448,27,831
84,5,1.417e-05,1.8624,-750,1800
85,1,0,0,0,13
85,2,0.001579,1.285,8,213
85,3,0.001917,1.3196,59,489
85,4,0.0002273,1.6091,-55,850
85,5,0.0002978,1.5069,-350,1800
86,1,0,0,0,2
86,2,0.0004059,1.285,-256.5,176
86,3,0.001941,1.3196,63.3,489
86,4,0.0002273,1.6091,-55,850
86,5,0.0002978,1.5069,-350,1800
87,1,0,0,0,14
87,2,0.001029,1.1938,-147.5,176
87,3,0.00192,1.3196,59.8,489
87,4,0.0002273,1.6091,-55,850
87,5,0.0002978,1.5069,-350,1800
88,1,0,0,0,14
88,2,0.001029,1.1938,-147.5,176
88,3,0.00192,1.3196,59.8,489
88,4,0.0002273,1.6091,-55,850
88,5,0.0002978,1.5069,-350,1800
90,1,0,0,0,191
90,2,2.534e-05,1.9474,163,427
90,3,0.00497,1.1808,314,606
90,4,0.002408,1.1262,-128,888
90,5,0.005375,1.0983,307,2500
91,1,0,0,0,178
91,2,6.658e-06,1.8339,-116,329
91,3,0.0005934,1.502,243,406
91,4,0.001528,1.3504,262,607
91,5,0.0006036,1.2911,-317,876
91,6,0.005894,1.0878,323,2500
92,1,0,0,0,200
92,2,3.215e-05,1.7255,18,438
92,3,0.003193,1.1857,302,655
92,4,0.001607,1.2615,226,876
92,5,0.005894,1.0878,323,2500
98,1,0,0,0,256
98,2,0.0001776,1.6778,190,708
98,3,0.0002443,1.4421,-445,1982
99,1,0,0,0,251
99,2,0.005497,1.0801,248,1061
99,3,0.003923,1.1378,283,2000
100,1,0,0,0,281
100,2,0.006852,1.0537,281,1060
100,3,0.004692,1.1153,303,2000
6623,1,0,0,0,8
6623,2,0.0001347,1.6591,-74.3,179
6623,3,0.0001381,1.5558,-181,259
6623,4,0.002333,1.2679,70.40000000000001,511
6623,5,2.429e-05,1.9271,-76.5,879
6623,6,0.003968,1.196,-12.9,1800
101,1,0,0,0,269
101,2,0.001138,1.2822,96,1060
101,3,0.006376,1.0773,341,1995
7299,1,0,0,0,99
7299,2,7.236999999999999e-07,2.0897,67.09999999999999,148
7999,1,0,0,0,10
102,1,0,0,0,104
102,2,7.749e-06,1.9942,35,378
102,3,0.009866,1.001,289,865
102,4,0.003031,1.1674,227,2000
103,1,0,0,0,170
103,2,3.137e-05,1.8536,86,329
103,3,5.475e-06,2.1754,88,593
103,4,0.0001654,1.4465,-506,888
103,5,0.005375,1.0983,307,2500
104,1,0,0,0,185
104,2,1.992e-05,1.9282,124,354
104,3,9.048e-05,1.9123,245.1,444
104,4,0.001175,1.3509,175.1,670
104,5,4.16e-06,1.9387,-716.2,1367
104,6,5.265e-05,1.6409,-408,2507
105,1,0,0,0,180
105,2,0.0001266,1.4454,35.8,290
105,3,0.0001636,1.4454,77.2,315
105,4,0.0002474,1.4454,136.4,334
105,5,0.0004527,1.4454,203.9,350
105,6,0.008,1,273.9,360
105,7,0.003097,1.2354,280.6,374
105,8,0.003725,1.2354,293.5,400
105,9,0.003157,1.2701,293.2,420
105,10,0.003821,1.2701,310.9,447
105,11,0.01826,1,339.7,470
105,12,0.01294,1,286.1,487
105,13,0.001983,1.2701,202.1,545
105,14,0.001748,1.2701,166.4,594
105,15,0.001678,1.2701,152.3,651
105,16,0.003202,1.1603,136.7,736
105,17,2.721e-08,2.5984,-819.4,860
105,18,1.34e-08,2.5984,-1345.5,1235
105,19,1.237e-08,2.5984,-1426.1,1746
105,20,1.241e-05,1.8041,-648.7,2507
106,1,0,0,0,185
106,2,0.0004445,1.4454,157,407
106,3,0.001755,1.3069,250,798
106,4,0.0001216,1.5404,-393.8,1737
106,5,4.458e-05,1.6409,-719,2507
107,1,0,0,0,207
107,2,0.0009982000000000001,1.2646,162.9,384
107,3,0.00289,1.2718,291,456
107,4,0.001235,1.3553,230.5,796
107,5,0.0001133,1.5404,-449.5,1737
107,6,4.906e-05,1.6409,-536.3,2507
108,1,0,0,0,180
108,2,0.0001365,1.4926,78,331
108,3,0.0002933,1.6075,225,429
108,4,0.002511,1.2763,279,607
108,5,0.0006036,1.2911,-317,876
108,6,0.005894,1.0878,323,2500
109,1,0,0,0,180
109,2,0.0002713,1.3263,70,341
109,3,0.0001898,1.7152,247,411
109,4,0.0202,0.9654,343,597
109,5,0.0002117,1.553,10,802
109,6,0.0003635,1.4065,-281,2500
110,1,0,0,0,180
110,2,1.054e-05,1.9239,42,366
110,3,0.00285,1.2295,277,470
110,4,0.009174,1.0092,279,931
110,5,0.004668,1.117,292,2502
111,1,0,0,0,180
111,2,0.0004497,1.291,95.59999999999999,336
111,3,0.000237,1.6272,221,502
111,4,0.002555,1.1603,152.9,937
111,5,0.004846,1.117,364.7,2502
112,1,0,0,0,180
112,2,0.0005704,1.291,109.8,366
112,3,0.008363000000000001,1.1718,320.5,423
112,4,0.003373,1.1603,188.2,916
112,5,0.005449,1.117,304.4,1697
112,6,0.003453,1.117,-398.1,2507
113,1,0,0,0,184
113,2,0.0002612,1.4454,117.8,361
113,3,0.007221,1.1718,309.4,423
113,4,0.003415,1.1603,196,916
113,5,0.005449,1.117,304.4,1697
113,6,0.003453,1.117,-398.1,2507
114,1,0,0,0,184
114,2,0.0002612,1.4454,117.8,361
114,3,0.007221,1.1718,309.4,423
114,4,0.003415,1.1603,196,916
114,5,0.005449,1.117,304.4,1697
114,6,0.003453,1.117,-398.1,2507
115,1,0,0,0,184
115,2,0.0001345,1.4454,79.2,378
115,3,0.003168,1.2701,323.4,600
115,4,0.003545,1.1603,172,803
115,5,0.004214,1.117,109,1737
115,6,0.004412,1.117,174,2507
116,1,0,0,0,185
116,2,0.0003372,1.4454,151.1,419
116,3,0.002064,1.335,309.3,600
116,4,0.001055,1.33,109.2,799
116,5,0.0002053,1.486,-245.6,1737
116,6,4.457e-05,1.6409,-718.9,2507
117,1,0,0,0,185
117,2,0.0003372,1.4454,151,419
117,3,0.003127,1.259,314,660
117,4,0.0002585,1.35,-819,890
117,5,0.0005584,1.3882,90,1737
117,6,4.458e-05,1.6409,-719,2507
118,1,0,0,0,185
118,2,0.0003372,1.4454,151,419
118,3,0.003127,1.259,314,660
118,4,0.0002585,1.35,-819,890
118,5,0.0005584,1.3882,90,1737
118,6,4.458e-05,1.6409,-719,2507
119,1,0,0,0,185
119,2,0.0003355,1.4454,150.9,413
119,3,0.001333,1.3069,248.5,813
119,4,0.0001609,1.5404,-39.5,1737
119,5,4.458e-05,1.6409,-719,2507
120,1,0,0,0,185
120,2,0.0003538,1.4454,152,394
120,3,0.001683,1.3069,262.7,777
120,4,0.0001123,1.5404,-380.5,1727
120,5,5.745e-05,1.6409,-257.1,2507
121,1,0,0,0,185
121,2,0.0003538,1.4454,152,394
121,3,0.001398,1.3069,243,764
121,4,0.0001438,1.5404,-120,1714
121,5,5.121e-05,1.6409,-457,2507
122,1,0,0,0,185
122,2,0.0003538,1.4454,152,394
122,3,0.001398,1.3069,243,764
122,4,0.0001438,1.5404,-120,1714
122,5,5.121e-05,1.6409,-457,2507
123,1,0,0,0,185
123,2,0.0009856000000000001,1.1938,156,300
123,3,0.0001589,1.6744,197,427
123,4,0.004131,1.257,322,561
123,5,0.004214,1.1949,249,711
123,6,0.007106,1.0312,-26.6,1344
123,7,4.488e-05,1.6409,-706,2507
124,1,0,0,0,185
124,2,0.0003557,1.4454,152.3,389
124,3,0.0003507,1.6398,264.1,563
124,4,0.0002736,1.5327,39.7,681
124,5,3.743e-06,1.9387,-835.1,1365
124,6,5.249e-05,1.6409,-413.5,2507
125,1,0,0,0,185
125,2,0.001054,1.1938,158,301
125,3,0.002138,1.1938,222,355
125,4,0.004226,1.1938,279.8,370
125,5,0.005,1.235,302.3,444
125,6,0.008671999999999999,1.0911,279.6,561
125,7,0.004105,1.1949,239,711
125,8,0.007106,1.0312,-27,1344
125,9,4.488e-05,1.6409,-706,2507
126,1,0,0,0,181
126,2,9.15e-05,1.4454,-5.4,290
126,3,8.392e-05,1.4454,-23.3,350
126,4,0.000484,1.4454,238.9,363
126,5,0.001223,1.4454,297.7,378
126,6,0.004569,1.2701,325.9,396
126,7,0.004266,1.2701,322,415
126,8,0.003914,1.2701,315.5,458
126,9,0.003214,1.2701,291.5,475
126,10,0.002228,1.2701,230.2,494
126,11,0.002098,1.2701,217.4,543
126,12,0.001857,1.2701,184.5,594
126,13,0.00161,1.2701,135.9,651
126,14,0.003202,1.1603,136.7,736
126,15,2.721e-08,2.5984,-819.4,860
126,16,1.34e-08,2.5984,-1345.5,1235
126,17,1.237e-08,2.5984,-1426.1,1746
126,18,1.241e-05,1.8041,-648.7,2507
129,1,0,0,0,180
129,2,0.0002057,1.4454,141,252
129,3,0.0002975,1.4454,166,289
129,4,0.000327,1.4454,173.8,316
129,5,0.0004013,1.4454,192.6,334
129,6,0.0004801,1.4454,209.1,350
129,7,0.0076,1,269.3,360
129,8,0.003097,1.2354,280.6,374
129,9,0.003725,1.2354,293.5,400
129,10,0.003157,1.2701,293.2,420
129,11,0.003821,1.2701,310.9,447
129,12,0.01826,1,339.7,470
129,13,0.01294,1,286.1,487
129,14,0.001983,1.2701,202.1,545
129,15,0.001748,1.2701,166.4,594
129,16,0.001678,1.2701,152.3,651
129,17,0.003202,1.1603,136.7,736
129,18,2.721e-08,2.5984,-819.4,860
129,19,1.34e-08,2.5984,-1345.5,1235
129,20,1.237e-08,2.5984,-1426.1,1746
129,21,1.241e-05,1.8041,-648.7,2507
130,1,0,0,0,180
130,2,0.0002057,1.4454,141,252
130,3,0.0003198,1.4454,170,289
130,4,0.0005727,1.4454,210,316
130,5,0.0006899,1.4454,223,333
130,6,0.0006267999999999999,1.4454,215,350
130,7,0.009545,1,271,361
130,8,0.009923,1,275,374
130,9,0.003079,1.2354,267,399
130,10,0.00289,1.2701,278,418
130,11,0.003192,1.2701,288,447
130,12,0.01696,1,330,470
130,13,0.01294,1,286,487
130,14,0.001983,1.2701,202,545
130,15,0.001748,1.2701,166,594
130,16,0.001678,1.2701,152,651
130,17,0.003202,1.1603,137,736
130,18,2.72e-08,2.5984,-819,860
130,19,1.34e-08,2.5984,-1346,1235
130,20,1.237e-08,2.5984,-1426,1746
130,21,1.244e-05,1.8041,-645.6,2506
140,1,0,0,0,-17
140,2,0.0123,1.2119,-17,850
140,3,0.01766,1.2119,207,2800
141,1,0,0,0,-20
141,2,0.01745,1.144,-21,970
141,3,0.01674,1.2256,322,3000
142,1,0,0,0,-39
142,2,0.002407,1.4207,-94,1296
142,3,0.005908,1.3778,388,2812
144,1,0,0,0,-35
144,2,0.004638,1.3263,-48,490
144,3,0.003942,1.3757,6,1291
144,4,0.001492,1.5383,158,2800
145,1,0,0,0,-35
145,2,0.0007303,1.6075,-62,504
145,3,0.0006562,1.6075,-100,1415
145,4,0.00499,1.4005,365,2800
146,1,0,0,0,-35
146,2,0.005683,1.2911,-47,486
146,3,0.0009879999999999999,1.5497,-91,1299
146,4,0.002379,1.4844,237,2800
147,1,0,0,0,155
147,2,0.02609,1.1268,148.6,1185
147,3,0.004779,1.4005,288.7,2800
148,1,0,0,0,90
148,2,0.01359,1.2075,-4,1138
148,3,0.005106,1.3862,204.2,2800
149,1,0,0,0,159
149,2,0.004499,1.3614,114,1383
149,3,0.01276,1.2939,559,2800
150,1,0,0,0,159
150,2,0.004499,1.3614,114,1383
150,3,0.01276,1.2939,559,2800
151,1,0,0,0,220
151,2,0.02177,1.1465,206,1326
151,3,0.01263,1.296,567,2805
152,1,0,0,0,100
152,2,0.01324,1.2152,91,1146
152,3,0.003428,1.4388,231,2800
153,1,0,0,0,2
153,2,0.002641,1.4317,-17,1111
153,3,0.002132,1.4932,134,2800
329,1,0,0,0,65
329,2,0.001199,1.3015,44.3,156
329,3,0.002152,1.3185,88.59999999999999,258
329,4,0.001011,1.4163,55.2,381
329,5,5.403e-05,1.7722,-151,1127
334,1,0,0,0,67
334,2,0.0001709,1.6948,44.3,286
334,3,0.001294,1.3774,89,1104
5085,1,0,0,0,46
5085,2,0.0002457,1.5372,11,128
5085,3,0.0003965,1.5372,42,1200
5092,1,0,0,0,47
5092,2,4.223e-05,1.9348,18,128
5092,3,0.0004139,1.5311,42,1200
5093,1,0,0,0,47
5093,2,0.000373,1.5372,30,131
5093,3,0.0003928,1.5378,34,1000
5094,1,0,0,0,63
5094,2,0.0001471,1.6558,11,151
5094,3,0.0008472,1.4328,62,1100
6825,1,0,0,0,180
6825,2,0.0002057,1.4454,141,216
6825,3,0.0002057,1.4454,141,252
6825,4,0.0003198,1.4454,170,289
6825,5,0.0005727,1.4454,210,316
6825,6,0.0004109,1.4454,182,335
6825,7,0.0005343,1.4454,208,351
6825,8,0.006571,1,245,365
6825,9,0.008846,1,276,378
6825,10,0.002501,1.2354,260,404
6825,11,0.002117,1.2701,261,425
6825,12,0.00439,1.2701,333,451
6825,13,0.018,1,346,471
6825,14,0.01579,1,329,490
6825,15,0.002324,1.2701,242,545
6825,16,0.001748,1.2701,166,594
6825,17,0.001678,1.2701,152,651
6825,18,0.003202,1.1603,137,736
6825,19,2.72e-08,2.5984,-819,860
340,1,0,0,0,50
340,2,0.0009442,1.3223,38.8,88
8660,1,0,0,0,-1
8660,2,2.419e-14,5,-363,119
9729,1,0,0,0,115
9729,2,5.198e-06,1.9612,100.4,201
9729,3,2.659e-13,5,25.7,209
9729,4,2.846e-12,5,94.90000000000001,224
9729,5,8.790000000000001e-06,2.1155,140.6,241
9729,6,3.577e-13,5,29.6,250
9729,7,3.564e-14,5,-99.59999999999999,271
9729,8,1.864e-13,5,5,295
9729,9,2.322e-13,5,17.5,320
9961,1,0,0,0,407
9961,2,0.0009633000000000001,1.23,320,480
9961,3,0.001063,1.23,333,592
9961,4,0.001503,1.23,396,600
340,3,0.001623,1.3223,55.4,289
10970,1,0,0,0,-63
340,4,0.00045,1.5158,17.5,1100
343,1,0,0,0,50
343,2,0.0001674,1.5536,9.300000000000001,80
343,3,0.001084,1.3015,41.6,95
343,4,0.001415,1.3015,51.5,125
343,5,0.001332,1.3015,48,148
343,6,0.001424,1.3015,53,161
343,7,0.001448,1.3185,60.6,180
343,8,0.001879,1.3185,82,205
343,9,0.001741,1.3185,74.7,231
343,10,0.00185,1.3185,81.7,287
343,11,0.002099,1.297,83.5,353
343,12,0.001884,1.297,60.1,520
343,13,5.593e-05,1.7722,-126.4,1127
5095,1,0,0,0,51
5095,2,0.0007247,1.3223,27.9,88
5095,3,0.001291,1.3553,52.5,126
5095,4,0.001566,1.3278,56.5,288
5095,5,0.0004105,1.5158,3,1119
6589,1,0,0,0,51
6589,2,0.0007247,1.3223,27.9,88
6589,3,1.101e-06,2.5588,-17,152
8648,1,0,0,0,120
8648,2,0.001195,1,100.8,161
8648,3,0.0005377,1.3361,122,195
8648,4,2.386e-05,1.8827,85,252
9729,10,4.47e-05,2.0002,205.4,360
9729,11,0.0001129,1.7941,195.4,437
9729,12,0.0002035,1.679,189.1,505
9729,13,0.0001551,1.679,133.7,665
9729,14,0.0004962,1.5009,149.5,830
9848,1,0,0,0,51
9848,2,0.0002179,1.4808,39,106
9848,3,5.392e-05,1.7762,33,162
9848,4,0.06849,0.5004999999999999,142.5,188
9848,5,6.669e-05,1.7762,42.5,227
9848,6,7.187e-05,1.7762,50.1,245
9848,7,7.187e-05,1.7762,50.1,368
9848,8,3.835e-08,2.7725,-239.4,700
9848,9,0.001721,1.3508,245.2,1252
9848,10,0.001582,1.3508,180.4,2071
9921,1,0,0,0,30
9921,2,0.0007366,1.4756,30,285
9921,3,6.581e-05,1.7969,-78.09999999999999,1044
9926,1,0,0,0,181
9926,2,0.0002937,1.3146,148,285
9926,3,0.0003544,1.3146,166,310
9926,4,0.0004219,1.3146,184,330
9926,5,0.0001587,1.51,184,370
9926,6,0.0001973,1.51,209,420
9926,7,0.0003828,1.4042,223,539
9926,8,0.0003403,1.441,243,619
9961,5,0.001824,1.23,426,673
9961,6,0.002303,1.23,469,770
9961,7,0.002533,1.23,491,865
9961,8,0.002112,1.296,547,1054
9961,9,0.001279,1.3789,552,1204
9961,10,0.001396,1.3789,592,1455
9961,11,0.001386,1.3789,588,1630
9961,12,0.001521,1.3789,656,1869
9966,1,0,0,0,200
9974,1,0,0,0,235
9974,2,0.0001943,1.3146,55.9,325
9974,3,7.868e-05,1.6321,167.3,555
9974,4,4.214e-05,1.7508,185.3,1667
9974,5,0.0001589,1.6865,776.1,2503
9975,1,0,0,0,235
9975,2,0.0001704,1.3146,18.7,344
9975,3,0.0002997,1.4278,205.6,541
9975,4,0.0001714,1.5443,230.4,1071
9975,5,5.58e-05,1.7508,349.8,1777
9976,1,0,0,0,235
9976,2,0.0001306,1.3146,-29.8,356
9976,3,0.0003932,1.4042,235.4,541
9976,4,0.0003639,1.441,263,1071
9976,5,5.58e-05,1.7508,349.8,1777
9976,6,0.0001548,1.6865,749.1,2503
10030,1,0,0,0,237
10030,2,7.499999999999999e-05,1,-349.7,277
10030,3,0.0001667,1,-5,295
10030,4,0.0004444,1,182.5,304
10030,5,5.228e-06,1.9233,181.8,487
10030,6,0.0005252,1.2436,316.1,613
10030,7,0.0002968,1.3499,323.6,767
10030,8,0.0001976,1.4102,311.1,1951
403,1,0,0,0,547
403,2,0.002348,1.23,484.5,845
403,3,0.002078,1.296,551.4,1072
403,4,0.001369,1.3789,588,1869
403,5,0.0003586,1.6151,838,2739
403,6,0.0002005,1.7482,1247,3781
404,1,0,0,0,549
404,2,0.0002298,1.4025,244.9,703
404,3,0.0007649,1.4465,537.4,1075
10970,2,9.335e-13,5,-63,1
10970,3,6.31e-06,1.9112,-13,23
10970,4,0.0003488,1,6,66
10970,5,0.0007182,1.2982,53,204
10970,6,0.000199,1.709,108,371
10970,7,0.002975,1.2278,113,538
10970,8,0.0002135,1.5904,-22,1276
10970,9,0.0002375,1.6558,357,1732
10970,10,6.561e-05,1.6717,-1033,1919
404,4,0.001387,1.3789,600,1869
404,5,0.0003586,1.6151,837.6,2739
404,6,0.0002006,1.7482,1247.3,3781
6589,4,0.001764,1.3278,76.40000000000001,288
6589,5,0.0004967,1.5158,36.7,604
6589,6,1.313e-05,1.9771,-207.6,1045
9926,9,0.0003789,1.441,270,896
9926,10,0.0004238,1.441,317,1130
9926,11,5.417e-05,1.7508,325,1777
9926,12,0.000116,1.6865,557,3000
9961,13,0.0002897,1.6151,670,2140
9961,14,0.0003209,1.6151,760,2477
9961,15,0.0003761,1.6151,921,2767
9961,16,0.0001521,1.7482,1019,3034
9961,17,0.0001514,1.7482,1014,4000
9964,1,0,0,0,407
9964,2,0.0009633000000000001,1.23,320,480
9964,3,0.0003187,1.4712,333,599
9964,4,0.002056,1.23,424,674
9964,5,0.002276,1.23,444,770
9964,6,0.002606,1.23,478,864
9964,7,0.001854,1.296,493,1054
9964,8,0.001279,1.3789,552,1204
9964,9,0.001396,1.3789,592,1455
9964,10,0.001386,1.3789,588,1630
9964,11,0.001521,1.3789,656,1869
9964,12,0.0002897,1.6151,670,2140
9964,13,0.0003209,1.6151,760,2477
9964,14,0.0003761,1.6151,921,2767
9964,15,0.0001521,1.7482,1019,3034
9964,16,0.0001514,1.7482,1014,4000
9966,2,6.353e-05,1.6683,184,750
9966,3,0.007262,1.0515,492,1536
9966,4,4.596e-05,1.8185,637,1710
9966,5,0.02104,1.0807,1276,2500
9968,1,0,0,0,246
9968,2,0.0005999,1.3164,229,640
9968,3,0.007801,1.0505,476,1638
9968,4,0.005287,1.2555,1139,2503
9970,1,0,0,0,256
9970,2,0.000275,1.4548,234,664
9970,3,0.01274,0.9841,506,1638
9970,4,0.005287,1.2555,1139,2503
9972,1,0,0,0,253
9972,2,0.0001542,1.5339,205,664
9972,3,0.001043,1.3263,380,1641
9972,4,0.002276,1.3603,1046,2503
9973,1,0,0,0,236
9973,2,4.255e-06,1.9024,-40.5,348
9973,3,0.0001483,1.5393,190.1,627
9973,4,0.0002909,1.4849,280.2,797
9973,5,0.0005182,1.4174,333.9,1625
9973,6,0.002089,1.3697,1026.3,2503
9975,6,0.0001548,1.6865,749.1,2503
9977,1,0,0,0,65
9977,2,0.0002449,1.2147,-92.2,242
9977,3,0.0139,0.5004999999999999,-175.4,312
9977,4,1.166e-05,1.9859,143.5,440
9977,5,0.0006188,1.5114,312.1,537
9977,6,0.0007333,1.5114,336,642
9977,7,0.0004104,1.6422,365.8,756
9977,8,0.0004684,1.6422,396,1222
9977,9,0.0003038,1.6821,309,1825
9978,1,0,0,0,100
9978,2,0.0001594,1,-891.1,238
9978,3,2.967e-16,5,-666.9,336
9978,4,7.321e-15,5,-192.2,409
9978,5,9.113e-05,1.791,276.6,578
9978,6,0.0006551,1.5597,380,738
9978,7,0.0006816,1.5993,436,1040
9978,8,0.003116,1.391,510.4,1822
10109,1,0,0,0,63
10110,1,0,0,0,63
10110,2,2.152e-05,1.6673,63,310
10064,1,0,0,0,-1
10064,2,5.348e-06,1,-2,372
10064,3,1.559e-11,5,330.2,389
10064,4,7.731e-05,1.7618,372.3,408
10064,5,0.0001048,1.6525,370.4,428
10064,6,8.252e-05,1.7717,377.8,448
10064,7,3.105e-13,5,229.7,502
10064,8,1.144e-13,5,169.5,584
10064,9,0.01461,0.9937,485.3,606
10064,10,0.01444,0.9937,483.9,629
10064,11,0.01604,0.9937,498.5,710
10064,12,0.01722,0.9937,513,805
10064,13,0.01708,0.9937,510.7,893
10064,14,0.01338,0.9937,404.1,1059
10064,15,0.01038,0.9937,213.9,1230
10064,16,0.01016,0.9937,191.9,2163
10064,17,0.009361,0.9937,21.7,2400
10064,18,8.664e-19,5,-5146.2,2524
10064,19,8.676999999999999e-18,5,-2314.1,2621
10064,20,0.0007494,1.5948,1928.3,3912
10065,1,0,0,0,-1
10065,2,5.348e-06,1,-2,372
10065,3,5.556e-05,1,336,390
10065,4,2.002e-06,2.7363,375.5,405
10065,5,0.0008203,1.2872,392.6,448
10065,6,0.004526,0.9581,411,492
10065,7,0.0002508,1.6618,420,520
10065,8,0.0001613,1.8057,432,584
10686,1,0,0,0,270
10065,9,0.01461,0.9937,485,606
10065,10,0.01444,0.9937,484,629
10065,11,0.01604,0.9937,499,710
10065,12,0.01722,0.9937,513,805
10065,13,0.01699,0.9937,509,907
10065,14,0.01252,0.9937,366,994
10065,15,0.01116,0.9937,289,1281
10065,16,7.993e-05,1.5646,-599,1876
10065,17,0.579,0.5004999999999999,1089,2158
10065,18,0.675,0.5004999999999999,1371,2305
10065,19,0.7697000000000001,0.5004999999999999,1587,2520
10065,20,0.05,1,2050,2596
10065,21,0.05,1,2050,2632
10065,22,0.0007048999999999999,1.5948,1848,2820
10065,23,0.0007029,1.5948,1847,3912
438,1,0,0,0,200
438,2,3.912e-05,1.8112,184,527
438,3,0.0004873,1.5268,332,1038
438,4,0.006353,1.15,389,3000
439,1,0,0,0,200
439,2,0.0003557,1.3778,200,400
439,3,3.534e-05,1.879,234,760
439,4,0.01045,1.1153,526,1022
439,5,0.0068,1.1412,394,3000
440,1,0,0,0,198
440,2,6.343e-06,2.1721,198,375
440,3,4.249e-05,1.8301,211,546
440,4,0.0001341,1.7393,311,1012
440,5,0.0009567999999999999,1.3675,25,3000
441,1,0,0,0,238
441,2,8.753000000000001e-06,2.0639,186,445
441,3,0.006502,1.0779,354,607
441,4,3.515e-05,1.9048,253,1042
441,5,0.002695,1.2487,229,3015
442,1,0,0,0,198
442,2,6.957e-05,1.7393,185,453
442,3,0.0006155000000000001,1.4756,287,1025
442,4,0.0009928000000000001,1.3882,233,1493
442,5,0.0001498,1.5981,-119,1993
442,6,0.004826,1.1817,334,2504
442,7,0.004849,1.1837,372,2990
10538,1,0,0,0,220
10538,2,6.305e-05,1.7389,200,427
10538,3,8.296000000000001e-05,1.7482,238,606
10538,4,2.179e-05,1.969,231,1042
10538,5,0.002695,1.2487,229,3015
10541,1,0,0,0,58
10541,2,7.355e-05,1.5311,13,171
10541,3,8.769e-06,1.8579,-33,241
10541,4,2.395e-06,2.1046,-22,349
10541,5,6.834999999999999e-05,1.6514,102,503
10541,6,1.333e-06,2.2007,-35,2635
10677,1,0,0,0,270
10677,2,0.0004548,1.3663,236.1,433
10677,3,0.001571,1.3383,345.8,790
10677,4,0.0003637,1.5849,357.8,1442
10677,5,1.156e-06,2.1946,-696.3,3982
10679,1,0,0,0,213
10679,2,3.766e-05,1.7623,213,369
10679,3,3.472e-05,1.937,265.8,719
10679,4,2.013e-05,1.9178,78.8,1450
10679,5,2.928e-05,1.8453,-36.6,3983
10680,1,0,0,0,211
10680,2,4.566e-05,1.7623,211,437
10680,3,0.0005336,1.525,332,1438
10680,4,1.382e-06,2.1743,-673.6,3983
10681,1,0,0,0,241
10681,2,9.016e-06,2.1776,241,463
10681,3,0.00213,1.3036,337.5,591
10681,4,3.035e-06,2.1941,58.5,1438
10681,5,6.971e-07,2.249,-785.9,3982
10682,1,0,0,0,207
10682,2,3.201e-05,1.7964,207,307
10682,3,0.000934,1.3339,267.7,449
10682,4,0.002187,1.3036,342.5,591
10682,5,0.0007639,1.4723,320.6,1438
10682,6,6.971e-07,2.249,-785.9,3982
10683,1,0,0,0,212
10683,2,2.382e-05,1.9189,212,416
10683,3,0.0001517,1.7074,282.5,593
10683,4,0.0007787,1.4723,338,1438
10683,5,6.971e-07,2.249,-785.9,3982
10107,1,0,0,0,63
10108,1,0,0,0,63
10108,2,1.468e-05,1.6673,63,379
10108,3,0.004481,1.0641,341,511
10108,4,0.001057,1.3926,368,567
10108,5,0.004207,1.0817,313,1114
10108,6,3.182e-05,1.892,510,1821
10109,2,1.585e-05,1.6673,63,408
10109,3,0.001942,1.3245,366.5,488
10109,4,0.003934,1.0916,312,1114
450,1,0,0,0,255
450,2,1.926e-05,2.0146,238,440
450,3,2.751e-05,1.9234,224,575
450,4,0.0008155,1.4548,350,1156
450,5,1.872e-05,1.8359,-414,2992
452,1,0,0,0,255
452,2,1.852e-05,1.9591,214,488
452,3,0.0005333,1.5383,344,642
452,4,0.001429,1.3806,362.3,1037
452,5,9.977e-05,1.6476,-144,2992
10553,1,0,0,0,90
10553,2,6.499e-05,1.7733,90,211
10553,3,6.268e-05,1.753,80.59999999999999,530
10553,4,0.004903,1.1317,257,3151
10554,1,0,0,0,-1
10554,2,3.378e-06,1.9918,-90,200
10554,3,6.501e-05,1.7733,90,211
10554,4,5.984e-05,1.753,77,306
10554,5,0.001105,1.3339,163.8,628
10554,6,0.004894,1.1317,256,3151
9298,1,0,0,0,-640
9298,2,0.0001381,1.4624,-640,62
9298,3,3.727e-05,1.9661,-192.4,170
9298,4,0.008089000000000001,1.2718,38.4,203
9298,5,2.825e-05,2.3913,42.2,363
9298,6,0.005324,1.566,126.4,867
9298,7,9.082000000000001,0.5004999999999999,535,1051
9298,8,10.07,0.5004999999999999,631.6,1248
9298,9,3.718e-06,2.1403,-3302.6,3535
9300,1,0,0,0,-399
9300,2,0.0001197,1.7222,-399,322
9300,3,0.0001915,1.9216,36.8,585
9300,4,3.443e-05,2.0095,-392.2,1504
9300,5,6.51e-06,2.0601,-2032.5,6246
9304,1,0,0,0,0
9304,2,0.001069,1.4036,0,252
9304,3,0.0001134,1.7645,-39,482
9304,4,0.001456,1.402,58,1003
9304,5,2.075e-06,2.0996,-1200,4000
9307,1,0,0,0,-100
9307,2,0.0001804,1.5047,-100,145
9307,3,0.0001312,1.6662,-29,521
9307,4,0.00327,1.2548,184.5,2000
9308,1,0,0,0,1604
9308,2,0.001809,1.4976,-1385,8206
9309,1,0,0,0,10
9309,2,4.102e-05,1.9947,10,234
9309,3,1.438e-05,2.0079,-130.4,1031
9385,1,0,0,0,495
9519,1,0,0,0,348
9519,2,0.0001355,1.6651,348,464
9519,3,6.706e-07,2.4517,244,803
9519,4,0.02638,0.8988,562,817
490,1,0,0,0,406
490,2,0.002453,1.3614,383,802
490,3,8.229e-16,5,-817,1032
490,4,2.56e-15,4.9825,-480,1314
490,5,0.03903,1.1949,971.4,2158
490,6,0.03601,1.2015,937.7,2653
490,7,0.03497,1.2015,895,6602
490,8,0.0521,1.1636,1233,9031
491,1,0,0,0,330
491,2,0.0001183,1.8185,327,960
491,3,0.0004524,1.8081,647,1421
491,4,0.04031,1.185,843,7500
492,1,0,0,0,410
492,2,0.001078,1.502,402,1078
492,3,0.004834,1.4624,788,1905
492,4,0.06396,1.1367,1042,7500
493,1,0,0,0,250
493,2,0.0001308,1.8151,248,970
493,3,0.001568,1.6036,605,1530
493,4,0.05047,1.1608,901,7500
494,1,0,0,0,700
10625,1,0,0,0,-63
10625,2,9.335e-13,5,-63,1
10625,3,0.001,0,0,90
10625,4,3.303e-12,5,32.9,204
10625,5,0.000199,1.709,108,371
10625,6,0.002975,1.2278,113,538
10625,7,0.0002135,1.5904,-22,1276
10625,8,0.0002375,1.6558,357,1732
10625,9,6.561e-05,1.6717,-1033,1919
10625,10,1.051e-05,1.7684,-3455,2650
10686,2,4.975e-05,1.775,217.6,390
10686,3,0.003515,1.1943,330.3,644
10686,4,0.000139,1.6909,252.2,1158
10686,5,3.623e-06,2.0216,-652.1,2996
10695,1,0,0,0,31
10695,2,2.658e-05,2.1133,31,234
10695,3,5.515e-06,2.1227,-182,1043
10767,1,0,0,0,212
10767,2,2.208e-05,1.9189,212,386
10767,3,0.001491,1.2355,286.2,445
10767,4,0.0001684,1.7074,304.6,593
10767,5,0.0001878,1.6635,278.8,1438
10767,6,6.971e-07,2.249,-785.9,3982
10768,1,0,0,0,212
10768,2,2.152e-05,1.9387,212,399
10768,3,0.0001406,1.7074,272.5,593
10768,4,4.553e-05,1.8497,214.7,1438
10774,1,0,0,0,203
10774,2,6.011e-06,2.1985,203,310
10774,3,1.11e-08,2.9027,9,612
10774,4,0.001019,1.2162,252,1774
10774,5,0.001531,1.2162,684.2,1913
10774,6,2.332e-06,2.093,528.5,3201
10795,1,0,0,0,-488
10835,1,0,0,0,0
494,2,0.000174,1.8678,449,966
494,3,0.0008283,1.6486,505,1640
517,1,0,0,0,470
517,2,0.000282,1.7651,466,951
10876,1,0,0,0,144
10876,2,0,0,143,179
10876,3,0.001073,0.7247,179,207
10876,4,7.991e-05,1.2756,156.1,238
517,3,0.0002049,1.9641,646,1283
517,4,0.03199,1.2092,733,7500
518,1,0,0,0,681
518,2,0.01803,1.256,681,1001
518,3,0.09200999999999999,1.0439,784,1489
518,4,0.04201,1.1806,848,7500
519,1,0,0,0,605
519,2,0.0005793,1.8096,603,1166
519,3,0.02593,1.2208,635,1961
519,4,0.03713,1.1938,807,7500
528,1,0,0,0,540
528,2,0.0004944,1.7833,540,1280
528,3,0.01551,1.2927,648,3602
528,4,0.05654,1.1505,1026,7500
529,1,0,0,0,380
529,2,0.007732,1.2388,379,1060
529,3,0.01741,1.2911,781,2345
529,4,0.02095,1.256,686,7500
530,1,0,0,0,190
530,2,5.312e-05,1.9591,182,1320
530,3,0.02231,1.2729,881,2341
530,4,0.02703,1.2273,698,7500
531,1,0,0,0,480
531,2,0.0005061,1.7482,475,1114
531,3,0.006416,1.4102,618,2341
531,4,0.03036,1.2152,750,7500
532,1,0,0,0,490
532,2,0.0001089,1.9624,487,1140
532,3,0.03061,1.2196,807,2340
532,4,0.02899,1.2208,748,7500
534,4,0.01097,1.3263,401,4301
534,5,0.01448,1.2911,363,9000
534,1,0,0,0,654
534,2,0.01212,1.3263,643,1360
534,3,0.001114,1.6426,495,2220
538,5,0.009469,1.3778,872,2130
538,6,0.3155,0.9643,1425,8335
538,1,0,0,0,406
538,2,0.002453,1.3614,383,802
538,3,8.229e-16,5,-817,1032
538,4,2.56e-15,4.9825,-480,1314
540,11,3.517e-16,5,-1079.6,1294
540,12,2.177,0.5004999999999999,1146.5,1371
540,13,6.436e-16,5,-822.8,1445
540,14,5.01e-15,5,-59.3,1640
540,15,0.01349,1.3778,1137.7,1778
540,16,0.3561,0.9395,1377.7,2240
540,17,0.291,0.9625,1331.7,3156
540,18,0.2949,0.9643,1380,4250
540,19,7.013,0.6077,2580.6,5228
540,20,0.298,0.9643,1431.2,6246
540,21,0.04839,1.168,1042.2,7847
540,22,0.3771,0.9643,2627.3,8408
540,1,0,0,0,-23
540,2,0.009122,1,-23,524
540,3,4.482e-10,3.1917,-881.2,684
540,4,0.01305,1,144.6,779
540,5,2.392e-17,5,-2441,849
540,6,4.565e-17,5,-2042,908
540,7,0.0322,1,591.3,967
540,8,1.469e-15,5,-557.7,1021
540,9,0.03621,1,623.3,1079
540,10,3.441e-16,5,-1089.5,1173
549,1,0,0,0,330
549,2,2.905e-05,2.0579,321,840
549,3,0.0006310000000000001,1.7811,597,1170
549,4,0.01446,1.3047,643,2531
9814,1,0,0,0,-480
9814,2,0.0003559,1.5069,-480,-7
549,5,0.04003,1.1857,825,7500
550,1,0,0,0,670
550,2,0.007734,1.4065,666,1010
550,3,0.03261,1.207,736,7504
562,1,0,0,0,406
562,2,0.00416,1.2262,384.9,806
562,3,3.422e-15,5,-343.6,1134
562,4,5.125e-05,2.0645,574.8,1299
562,5,0.03263,1.2048,924.7,1430
562,6,0.0369,1.2048,973.7,2611
562,7,0.04499,1.1651,833.8,5297
562,8,0.04738,1.1651,1028.2,7005
562,9,0.04969,1.1636,1203,9285
564,1,0,0,0,406
564,2,0.001786,1.3614,377,806
564,3,0.01857,1.0795,567.3,984
564,4,3.673e-15,5,-293.6,1017
564,5,9.544e-15,5,-65.7,1050
564,6,5.803e-05,2.0645,611.7,1081
564,7,5.361e-05,2.0645,593.3,1135
564,8,4.936e-05,2.0645,571.2,1314
564,9,0.03903,1.1949,971.4,2158
564,10,0.03601,1.2015,937.7,2653
10588,1,0,0,0,-291
10588,2,0.0006094,1.502,-354,822
10588,3,0.005475,1.2698,62,2971
10588,4,3.13e-07,2.3715,-1432,4096
10588,5,2.322e-07,2.4957,45,6288
10699,1,0,0,0,-50
564,11,0.03497,1.2015,895,6602
564,12,0.0521,1.1636,1233,9031
568,1,0,0,0,444
494,4,0.0776,1.1153,1081,7500
10876,5,1.163e-05,1.859,180.1,360
10876,6,0.0005993,1.3849,298.2,489
495,1,0,0,0,670
495,2,0.004058,1.4669,667,1115
495,3,0.03187,1.2114,819,7500
496,1,0,0,0,460
496,2,1.918e-05,2.2117,452,920
496,3,0.0399,1.1647,753,1512
496,4,0.04003,1.1857,839,7500
497,1,0,0,0,459
497,2,0.00145,1.4558,440,1090
497,3,0.03082,1.2224,907,3537
497,4,0.02796,1.2245,728,7492
498,1,0,0,0,413
498,2,4.644e-18,5,-3140.1,498
498,3,1.063e-19,5.5642,-2625.6,719
498,4,8.681999999999999e-19,5.4375,-2026.9,823
498,5,1.673e-17,5.3736,-983.4,894
498,6,9.393999999999999e-18,5.5457,-754.8,945
498,7,4.001e-16,5.2118,-387.7,998
498,8,4.491e-15,5,-162.7,1040
498,9,0.00424,1.3613,711.5,1114
498,10,0.005267,1.3613,770.8,1189
498,11,5.132e-10,3.6108,337.8,1361
498,12,0.6037,0.7675,1141,1433
498,13,2.557e-15,5,-357.9,1605
498,14,0.02443,1.2578,1016,2641
498,15,0.0219,1.2578,868.5,3510
498,16,0.01963,1.2578,628.2,7930
498,17,0.3473,0.9643,2367.2,9276
499,1,0,0,0,410
499,2,0.002207,1.2166,198.4,707
499,3,2.275e-16,5,-1095.6,928
499,4,1.954e-15,5,-388.3,1088
499,5,0.004881,1.3613,746.8,1189
499,6,2.356e-15,5,-337.1,1405
499,7,4.308e-21,6.7031,-472.6,1605
499,8,0.00667,1.4319,933.4,2239
499,9,0.00576,1.4319,792.5,2607
499,10,0.004757,1.4319,533.4,3240
499,11,0.2673,0.9643,1324.2,4373
499,12,6.838,0.6077,2744.4,5396
499,13,0.3173,0.9643,1926.3,6349
499,14,0.04779,1.168,1175.1,7930
499,15,0.3473,0.9643,2367.2,9276
500,1,0,0,0,530
500,2,0.001757,1.5372,518,1106
500,3,0.02975,1.2208,803,2541
500,4,0.0348,1.2015,824,7500
502,1,0,0,0,572
502,2,0.0003673,1.7482,571,730
502,3,7.575e-05,2.0997,586,919
502,4,0.004001,1.4916,670,1570
502,5,0.01579,1.3069,747,2061
502,6,0.04635,1.1637,797,3284
502,7,0.002921,1.4691,71,8893
503,1,0,0,0,330
503,2,0.0004154,1.6778,326,1115
503,3,0.03601,1.1971,839,3169
503,4,0.07790999999999999,1.1153,1108,7502
504,1,0,0,0,406
504,2,0.001236,1.3614,368,707
504,3,0.1077,0.7433,601.3,891
504,4,1.669e-15,5,-451.5,979
504,5,6.161e-14,5,283.9,1022
504,6,3.9e-14,5,213.2,1051
6982,1,0,0,0,1058
6982,2,3.791e-11,3.9081,-12.2,1238
6982,3,1.823e-11,3.9081,-269.8,1382
6982,4,0.1896,1,1019.7,1488
6982,5,0.1684,1,960.8,1792
6982,6,0.005012,1.4388,561.2,2514
6982,7,0.0799,1.1075,968.6,6246
6982,8,0.05013,1.168,1197.9,7838
6982,9,0.3628,0.9643,2366.8,9008
504,7,7.981e-05,2.0645,679.9,1082
504,8,5.57e-05,2.0645,603.4,1135
504,9,4.936e-05,2.0645,571.2,1314
504,10,0.03903,1.1949,971.4,2158
504,11,0.03601,1.2015,937.7,2653
504,12,0.03497,1.2015,895,6602
504,13,0.0521,1.1636,1233,9031
506,1,0,0,0,360
506,2,5.585e-05,1.9591,354,932
506,3,0.02697,1.2208,761,2000
506,4,0.07106,1.1246,1037,7500
508,2,0.0003673,1.7482,571,730
508,3,0.001902,1.5723,632,904
508,4,0.001416,1.6141,621,1146
508,5,0.0008035,1.6778,566,2074
508,6,0.08556999999999999,1.1075,1105,3021
508,7,0.007723,1.3713,435,8835
508,1,0,0,0,572
512,1,0,0,0,1030
512,2,0.0008996,1.4146,1029,2131
512,3,0.1296,1.0262,2008,4006
512,4,0.08853999999999999,1.1071,2397,8000
513,1,0,0,0,1080
513,2,0.0005446,1.502,1080,2150
513,3,0.111,1.0641,2023,2942
513,4,0.1534,1.0257,2077,4780
513,5,0.04098,1.1857,1947,8000
514,1,0,0,0,310
514,2,4.08e-05,1.976,306,1000
514,3,0.02052,1.2208,757,1661
514,4,0.08814,1.1021,1158,7500
515,1,0,0,0,510
515,2,0.0009213,1.6706,504,1580
515,3,0.0003961,1.7376,244,2340
515,4,0.03647,1.196,815,7500
516,1,0,0,0,560
516,2,0.004635,1.4295,558,1625
516,3,0.1138,1.0674,1059,3601
516,4,0.01452,1.2911,380,7500
568,2,0.2325,0.5004999999999999,257.9,499
568,3,1.644e-18,5.5642,-1480.6,678
568,4,1.061e-17,5.4375,-1153.9,819
568,5,5.902e-16,5,-896.6,968
568,6,8.2e-16,5,-777.9,1135
568,7,1.512e-15,5,-557.4,1361
568,8,0.5491,0.7675,1100,1435
568,9,2.216e-15,5,-413.3,1619
568,10,0.02427,1.2578,1014.4,2589
568,11,0.02225,1.2578,901.4,3510
568,12,0.01963,1.2578,628.2,7930
568,13,0.3473,0.9643,2367.2,9276
569,1,0,0,0,407
569,2,2.066e-16,5,-1178.5,699
569,3,1.268e-16,5,-1371.1,872
569,4,2.746e-16,5,-1049.8,926
569,5,7.242e-16,5,-701.5,970
569,6,1.126e-15,5,-560.4,1088
569,7,0.004881,1.3613,746.8,1189
569,8,5.132e-10,3.6108,337.8,1361
569,9,0.6037,0.7675,1141,1433
569,10,2.557e-15,5,-357.9,1605
569,11,0.00667,1.4319,933.4,2239
569,12,0.00576,1.4319,792.5,2607
569,13,0.004757,1.4319,533.4,3240
569,14,0.2673,0.9643,1324.2,4373
569,15,6.838,0.6077,2744.4,5396
569,16,0.3173,0.9643,1926.3,6349
569,17,0.04779,1.168,1175.1,7930
569,18,0.3473,0.9643,2367.2,9276
855,1,0,0,0,-1
855,2,5.348e-06,1,-2,372
855,3,7.5e-12,5,324,389
855,4,2.177e-12,5,305,408
855,5,0.0001123,1.7717,387,530
855,6,0.01087,1.0131,465.5,756
855,7,0.0007057,1.4102,347.1,810
855,8,0.001186,1.3451,386.4,870
855,9,0.004395,1.0933,264.1,961
855,10,0.001106,1.2432,0.9,2366
855,11,0.001198,1.3451,1129,2476
855,12,9.221999999999999e-05,1.7733,1472,2604
855,13,0.0007560000000000001,1.5948,1939,3912
856,1,0,0,0,-1
856,2,5.348e-06,1,-2,372
10085,1,0,0,0,940
10085,2,0.001744,1.1405,940,1110
10085,3,0.007203,1.2026,1070,1163
10085,4,0.01623,1.2399,1121,1250
10085,5,0.01612,1.2938,1144,1485
10085,6,0.0005745,1.6695,809,1956
10106,1,0,0,0,63
10107,2,2.172e-05,1.6673,63,418
10107,3,1.862e-05,2.0167,280,566
10107,4,0.004004,1.0883,309,1114
856,3,7.5e-12,5,324,389
856,4,0.0001019,1.7618,376.3,408
856,15,0.01604,0.9937,498.5,710
856,16,0.01722,0.9937,513,805
856,17,0.01708,0.9937,510.7,893
856,18,0.01338,0.9937,404.1,1059
856,19,0.0116,0.9937,303.4,1230
856,20,0.009828,0.9937,134.7,2163
856,21,0.009804,0.9937,129.8,2400
856,22,0.02,0.9937,1292.2,2621
856,23,0.0007494,1.5948,1928.3,3912
856,5,0.00018,1.6525,379.7,425
856,6,9.479000000000001e-05,1.7717,374.7,448
856,7,9.977e-05,1.7717,376.8,463
856,8,0.0001081,1.7717,380.6,479
856,9,0.0001177,1.7717,385.2,500
856,10,0.0001139,1.7717,383.1,528
856,11,0.01116,0.9937,457.3,556
856,12,0.01221,0.9937,465.9,584
856,13,0.01461,0.9937,485.3,606
856,14,0.01444,0.9937,483.9,629
8081,1,0,0,0,480
8081,2,7.198999999999999e-05,1.6266,480,565
8081,3,3.422e-06,2.2661,471.9,611
8081,4,0.001483,1.2894,558.3,694
10290,1,0,0,0,-1
10290,2,0.0001536,0.5004999999999999,-1,378
10290,3,0.0001178,1.658,371,408
10290,4,0.0001725,1.658,378.6,460
10290,5,1.809e-05,2.087,362.9,528
10290,6,0.001075,1.4102,422.3,747
10290,7,0.0009503,1.4102,392.8,803
10290,8,0.0006785,1.3451,97.90000000000001,857
10290,9,0.0004591,1.3451,-157.9,2366
10290,10,0.001198,1.3451,1128.7,2476
10290,11,9.221999999999999e-05,1.7733,1472,2604
10290,12,0.0007561,1.5948,1939.1,3912
8081,5,0.000597,1.4844,562.6,1310
8081,6,0.0006104,1.4662,511,1525
8081,7,5.202e-06,2.0388,22.4,1797
8081,8,0.0005697,1.4624,431.9,2027
8081,9,0.0004087,1.5278,581.4,2600
8081,10,5.334000000000001e-07,2.3138,-89.40000000000001,3097
8082,1,0,0,0,490
8082,2,1.425e-05,2.0656,490,578
8082,3,4.474e-05,1.9952,520,628
8082,4,0.0008837,1.4333,543.7,889
8082,5,0.0001219,1.7019,449.3,1044
8082,6,0.0008846,1.4108,497.3,2031
8082,7,1.395e-05,1.9249,169.1,2600
8082,8,1.712e-05,1.9249,415,3097
7479,1,0,0,0,0
7479,2,1.565e-07,2.4513,-1,386
7479,3,0.0008426,1.406,314,495
7479,4,0.0001575,1.7631,331,660
7479,5,0.002816,1.3849,460,1040
7479,6,0.04059,1.0252,638,2000
7480,1,0,0,0,0
7480,2,1.803e-06,2.0294,-1,400
7480,3,0.0009567999999999999,1.3498,321,499
7480,4,0.002375,1.3592,411,672
7480,5,0.006277,1.2712,494,1040
7480,6,0.04059,1.0252,638,2000
7481,1,0,0,0,140
7481,2,0.0004909,1.135,136,319
7481,3,0.0001042,1.5372,191,409
7481,4,0.002869,1.256,357,558
7481,5,3.165e-05,1.9882,283,754
7481,6,6.31e-05,1.9371,365,1040
7482,1,0,0,0,250
7482,2,5.55e-06,1.9942,110,381
7482,3,0.0007894,1.4669,312,563
7482,4,0.0005697,1.5508,333,738
7482,5,0.0006816,1.5993,436,1040
8290,1,0,0,0,505
8290,2,5.345e-06,2.388,505,566
8290,3,9.731999999999999e-06,2.2661,508,607
8290,4,0.0001093,1.7739,516,677
8290,5,0.0005263000000000001,1.4999,534,1307
8290,6,0.0005719,1.4662,456,1521
8290,7,4.875e-06,2.0388,-35,1797
8290,8,0.0005697,1.4624,432,2027
7482,6,0.005625,1.2861,483,1522
7484,1,0,0,0,90
7484,2,4.718e-05,1.596,-31,378
999,1,0,0,0,100
10085,7,9.229e-05,1.915,748,3100
10086,1,0,0,0,940
10086,2,0.001744,1.1405,940,1110
10086,3,0.007203,1.2026,1070,1163
10086,4,0.01623,1.2399,1121,1250
10086,5,0.01611,1.2938,1144,1520
10086,6,0.03885,1.1427,1138,1949
10086,7,1.149e-06,2.3957,54,3131
10087,1,0,0,0,940
10087,2,0.00246,1.2415,940,1098
10087,3,0.005505,1.2415,1015,1165
10087,4,0.001549,1.6151,1062,1240
10087,5,0.01559,1.2938,1132,1331
10087,6,0.01735,1.2813,1138,1472
10087,7,0.01567,1.2813,1111,1701
10087,8,0.01175,1.2916,1000,2154
10087,9,0.01246,1.2916,1051,2509
10087,10,0.01519,1.2916,1258,2823
10087,11,0.01613,1.2916,1329,4000
10088,1,0,0,0,940
10088,2,0.00246,1.2415,940,1098
10088,3,0.005505,1.2415,1015,1165
10088,4,5.311e-06,2.4105,930,1210
10088,5,7.06e-06,2.4105,961,1250
10088,6,0.001104,1.7497,1113,1300
10088,7,0.002887,1.5796,1122,1335
10088,8,0.002734,1.5796,1114,1404
999,2,0.0001377,1.2147,-140,355
999,3,0.001859,1.3657,318,409
999,4,0.0005468,1.5114,277,542
999,5,0.0004228,1.6422,343,1222
999,6,0.0003038,1.6821,309,1825
1003,1,0,0,0,64
1003,2,0.0002486,1.2147,64,370
1003,3,0.001395,1.3657,324,402
1003,4,0.0006057,1.5114,313,630
1003,5,0.000468,1.6422,395.6,1222
1003,6,0.0003038,1.6821,309,1825
7483,1,0,0,0,200
7483,2,0.0001779,1.3752,-72,369
7483,3,0.0005739,1.4636,232,589
7483,4,0.0004414,1.5861,322,738
7483,5,0.0006816,1.5993,436,1040
7483,6,0.005625,1.2861,483,1522
7484,3,0.001231,1.3614,273,589
7484,4,0.0004414,1.5861,322,738
7484,5,0.0006816,1.5993,436,1040
7484,6,0.005625,1.2861,483,1522
7485,1,0,0,0,197
7485,2,0.000275,1.256,187,373
7485,3,0.001212,1.4174,337,504
7487,1,0,0,0,187
7487,2,6.007e-06,1.6613,137,265
7487,3,0.0001285,1.6229,243,375
7487,4,8.856000000000001e-05,1.791,272,578
7487,5,0.0006551,1.5597,380,738
7487,6,0.0006816,1.5993,436,1040
7487,7,0.005625,1.2861,483,1522
7489,1,0,0,0,197
7489,2,0.0001514,1.451,125,377
7489,3,0.0009322,1.4317,301,575
7489,4,0.001696,1.3895,363,738
7490,1,0,0,0,100
7490,2,9.818e-05,1.4669,-87,393
7490,3,0.001255,1.3641,275,587
7490,4,0.0002245,1.6777,289,738
7490,5,0.0006816,1.5993,436,1040
7490,6,0.005625,1.2861,483,1522
7491,1,0,0,0,134
7491,2,1.933e-05,1.7548,68,377
7491,3,0.00109,1.4071,305,575
7491,4,0.001696,1.3895,363,738
7491,5,0.003664,1.3531,490,1513
1006,1,0,0,0,-944
1006,2,0.000532,1.2196,-979.2,-850
1006,3,0.0005894,1.2196,-968.8,-815
1006,4,2.482e-15,5,-1458.6,-762
1006,5,0.0006149,1.3009,-909.3,-655
10088,9,0.002429,1.5796,1092,1480
10088,10,0.01623,1.2813,1126,1701
10088,11,0.01175,1.2916,1000,2154
10088,12,0.01246,1.2916,1051,2509
10088,13,0.01519,1.2916,1258,2823
10088,14,0.01613,1.2916,1329,4000
10089,1,0,0,0,941
10089,2,0.0001512,1.2415,509,1044
10089,3,1.436e-15,5,282,1078
10089,4,0.0003336,1.5904,984,1097
10089,5,3.542e-06,2.5896,992,1117
10089,6,4.839e-06,2.5896,1006,1136
10089,7,9.364e-05,2.0073,1014,1181
10089,8,9.799000000000001e-06,2.4105,1000,1212
10089,9,1.103e-05,2.4105,1010,1250
10089,10,0.001104,1.7497,1113,1300
10089,11,0.002887,1.5796,1122,1335
10089,12,0.002734,1.5796,1114,1404
10089,13,0.002429,1.5796,1092,1480
10089,14,0.01623,1.2813,1126,1701
10089,15,0.01175,1.2916,1000,2154
10089,16,0.01246,1.2916,1051,2509
10089,17,0.01519,1.2916,1258,2823
10089,18,0.01613,1.2916,1329,4000
10090,1,0,0,0,854
10090,2,0.0063,1,854,894
10090,3,0.00078,1,571,1044
10090,4,0.003698,1.1454,988,1117
10090,5,2.997e-05,2.2834,1023,1181
10090,6,1e-05,2.4674,1012,1247
10090,7,0.00113,1.7497,1099,1295
10090,8,0.4612,0.7225,1208,1312
10090,9,0.5069,0.7225,1221,1346
10090,10,0.5569,0.7214,1235,1404
10090,11,0.002054,1.5796,1043,1477
10090,12,0.01578,1.2813,1114,1701
10090,13,0.01175,1.2916,1000,2154
10090,14,0.01266,1.2916,1064,2534
10090,15,3.675e-17,5,-2782,2827
10090,16,0.0161,1.2916,1326,4000
10091,1,0,0,0,868
10091,2,0.000871,1,594,899
10091,3,0.0003519,1,143,953
10091,4,0.285,0,952,973
10091,5,3.862e-17,5,-520,1053
10091,6,2.36e-15,5,362,1085
10091,7,1.182e-16,5.7938,594,1099
10091,8,8.664e-17,5.7938,566,1115
10091,9,7.618e-16,5.7938,738,1121
1006,6,0.0006595,1.3009,-896,-592
1006,7,0.0009052,1.3009,-830.3,-375
1006,8,0.0005194,1.4624,-713.6,126
1006,9,0.004199,1.2114,-477.5,627
1006,10,0.0001454,1.6422,-735,998
1006,11,0.0001944,1.6422,-454.2,1302
1006,12,0.0001629,1.6821,-332.4,1569
1006,13,0.0002076,1.6821,-77,1825
1006,14,0.068,1,823.5,2000
1030,1,0,0,0,131
1030,2,0.0006657,1.2103,131,236
1030,3,0.001737,1.3091,200.5,447
1030,4,0.001353,1.3756,220.4,831
1030,5,4.593e-05,1.8057,-31.7,1189
1031,1,0,0,0,131
1031,2,2.556e-05,1.9073,131,232
1031,3,8.748e-05,1.7805,162,451
1031,4,0.003165,1.2625,278.5,847
1031,5,4.557e-05,1.8057,-35.9,2016
1032,9,0.0001124,1.7941,179.4,431
1032,10,0.0001959,1.679,167,499
1032,11,0.0001597,1.679,124.1,653
1032,12,0.0004605,1.5009,103.2,827
1032,13,0.0004286,1.5009,67.8,950
1032,14,4.506e-05,1.8057,-27.5,2200
1032,1,0,0,0,115
1032,2,1.658e-05,1.9073,106.4,230
1032,3,3.315e-05,1.9038,143.4,256
1032,4,4.531e-05,1.9038,160.4,280
1032,5,0.006977,1.0323,228.4,298
1032,6,0.008522999999999999,1.0323,240.7,313
1032,7,0.009422,1.0323,247.4,330
1032,8,0.009965999999999999,1.0323,251.7,347
1078,1,0,0,0,235
1078,2,2.222e-05,1,-1520,280
1078,3,2.273e-05,1,-1480,324
1078,4,8.571e-05,1,-154.3,359
1078,5,2.362e-05,1.5,207.6,379
1078,6,4.384e-05,1.5,265.5,406
1078,7,0.0003837,1.1905,323.9,438
1078,8,0.0004587,1.1905,339.7,475
1078,9,0.0004978,1.1905,348.7,530
1078,10,0.0006054,1.1905,376.2,608
1078,11,0.0001769,1.4157,375.5,735
1078,12,0.0002171,1.4102,416.9,1951
10091,10,5.189e-12,5,952,1128
10091,11,4.654e-05,2.2834,1054,1182
10091,12,1.144e-05,2.4674,1024,1247
10091,13,0.00113,1.7497,1099,1295
10091,14,0.4612,0.7225,1208,1312
10091,15,0.5069,0.7225,1221,1346
10091,16,0.5569,0.7214,1235,1404
10091,17,0.002054,1.5796,1043,1477
10091,18,0.01578,1.2813,1114,1701
10091,19,0.01175,1.2916,1000,2154
10091,20,0.01266,1.2916,1064,2534
10091,21,3.675e-17,5,-2782,2827
10091,22,0.0161,1.2916,1326,4000
10092,1,0,0,0,829
10092,2,0.005615,0.8128,713,960
10092,3,0.002973,1,794,997
10092,4,0.00275,1,777,1053
10092,5,0.003786,1,853,1081
10092,6,0.1088,0.5004999999999999,1018,1104
10092,7,8.399e-05,1.8315,935,1133
10092,8,7.638e-13,5,851,1182
10092,9,1.184e-05,2.4674,1027,1247
10092,10,0.03561,1.1666,1153,1701
10092,11,0.0009377,1.6142,793,4004
10093,1,0,0,0,829
10093,2,0.002284,0.8128,538,960
10093,3,0.001216,1,704,997
10093,4,0.001196,1,699,1053
10093,5,0.004929,1,967,1081
10093,6,0.01139,1,1032,1104
10093,7,0.0002022,1.8315,1011,1133
10093,8,7.638e-13,5,851,1182
10093,9,1.184e-05,2.4674,1027,1247
10093,10,0.03561,1.1666,1153,1701
10093,11,0.0009377,1.6142,793,4004
10106,2,2.45e-05,1.6673,63,350
10106,3,4.398e-05,1.8343,225,451
10106,4,0.001207,1.2559,255,1114
10106,5,3.182e-05,1.892,510,1821
10107,5,3.182e-05,1.892,510,1821
10109,5,3.182e-05,1.892,510,1821
10110,3,0.00258,1.1427,263,565
10110,4,0.003784,1.0927,289,1114
10110,5,3.182e-05,1.892,510,1821
10111,1,0,0,0,63
10111,2,2.07e-05,1.6673,63,323
10111,3,0.0008781,1.3179,257,566
10111,4,0.002866,1.135,291,1114
10111,5,3.182e-05,1.892,510,1821
10112,1,0,0,0,63
10112,2,3.12e-05,1.6673,63,275
10112,3,1.058e-05,1.6519,-154,350
10112,4,0.002509,1.1531,285,1114
10112,5,3.182e-05,1.892,510,1821
1086,10,0.0002874,1.4102,358,883
1086,11,0.0002732,1.4102,339,985
1086,12,0.0002654,1.4102,325,1102
1086,13,0.0002454,1.4102,281,1294
1086,14,0.0002338,1.4102,246,1567
1086,15,0.0002072,1.4102,127,1905
1086,1,0,0,0,0
1086,2,1.212e-07,2.2227,0,246
1086,3,8.73e-16,5,-245.3,332
1086,4,2.52e-15,5,-135,364
1086,5,3.749e-15,5,-96.90000000000001,412
1086,6,3.06e-15,5,-118,482
1086,7,4.558e-15,5,-72.09999999999999,551
1086,8,1.169e-05,1.9073,304,713
1086,9,0.008625000000000001,0.9142,508,815
1110,1,0,0,0,93
1110,2,6.881e-05,1.0004,6,122
1110,3,5.19e-05,1.5,93.3,135
1110,4,0.0001191,1.5,111,150
1110,5,0.000247,1.5,126,172
1110,6,0.0003811,1.5,137.6,200
1110,7,0.0004876,1.486,145,221
1110,8,0.0004904,1.4899,146,251
1110,9,0.001316,1.3185,160,309
1110,10,0.00414,1.1505,195,394
1110,11,0.0009986000000000001,1.3926,174,616
1110,12,0.00175,1.3157,204,1022
1111,1,0,0,0,91
1111,2,6.667e-05,1,-59,106
1111,3,0.00025,1,62,118
1111,4,4.233e-13,5,-9,126
1111,5,1.017e-12,5,12.7,136
1111,6,0.0003379,1.4097,112.5,150
1111,7,0.0001739,1.619,114.6,200
1111,8,0.0004875,1.4734,134.2,272
10944,1,0,0,0,-121
10944,2,0.0003527,1.6475,-149.9,-46
10944,3,0.0004011,1.5657,-168.2,26
10944,4,0.003485,1.3141,-76.5,169
10944,5,0.003632,1.3328,-51.4,209
10944,6,0.004138,1.3328,-27.1,321
10137,1,0,0,0,-99
10137,2,0.001397,1,-173.4,57
10137,3,0.0008269,1.1772,-101.7,134
10137,4,0.001092,1.1772,-52.1,179
10137,5,0.001175,1.1772,-38.1,200
10137,6,0.0007374,1.5102,103,215
10137,7,0.0009764,1.5102,122,290
10137,8,0.001207,1.5102,144,590
10137,9,0.002178,1.4102,137.7,1013
10137,10,0.002059,1.4102,102,2001
10137,11,0.001374,1.4605,69.8,5000
10145,1,0,0,0,-99
10145,2,0.001087,1,-146,27
10145,3,0.0009117,1.1772,-66,129
10145,4,0.001124,1.1772,-34,176
10145,5,0.001903,1.1772,42,200
10145,6,0.0007373,1.5102,103,215
10145,7,0.001055,1.5102,127,290
10145,8,0.001187,1.5102,139,590
10145,9,0.002178,1.4102,138,1013
10145,10,0.002059,1.4102,102,2001
10145,11,0.001374,1.4605,70,5000
10148,1,0,0,0,-400
10148,2,3.585e-06,2.0645,-834.2,-358
10148,3,4.577e-16,4.9825,-1603,-301
10148,4,0.01012,1.0351,-427,-241
10148,5,0.004827,1.319,-346.8,-184
10148,6,0.004469,1.319,-356.6,-88
10148,7,0.002524,1.411,-367.7,36
10148,8,0.002454,1.411,-375.8,203
10148,9,0.002376,1.411,-389.2,1240
10148,10,3.971e-06,2.16,-1179.9,4722
10150,1,0,0,0,-400
10150,2,2.472e-14,5,-926.5,-339
10150,3,3.352e-14,4.9825,-904.2,-283
10150,4,0.004486,1.2876,-430,32
10150,5,0.002325,1.411,-398.4,203
10150,6,0.002376,1.411,-389.2,1240
10150,7,3.971e-06,2.16,-1179.9,4722
10151,1,0,0,0,36
10151,2,0.00165,1.2449,16.8,164
10151,3,0.001462,1.3229,44.1,260
10151,4,0.003227,1.3438,149.8,581
10151,5,0.004268,1.3306,208.9,2450
10151,6,1.691e-05,1.9403,-982.5,4027
10152,1,0,0,0,36
10152,2,0.000381,1.296,-16.8,101
10152,3,0.0004955,1.4047,33.5,150
10152,4,0.0001197,1.7585,49.7,284
10152,5,0.003715,1.3438,186,582
10152,6,0.006472,1.2734,225.6,2473
10152,7,0.001562,1.4532,171.8,4027
1111,9,0.001241,1.3185,150.9,311
1111,10,0.004063,1.1505,191.2,387
1111,11,0.0006236,1.4609,156.9,564
1111,12,0.001738,1.3157,201.4,1024
1379,1,0,0,0,0
1379,2,4.11e-07,2.5876,-150,500
1379,3,0.003244,1.2738,50,3000
1380,1,0,0,0,0
1380,2,3.534e-06,2.1682,-150,250
1380,3,0.006271,1.1952,150,3000
1381,1,0,0,0,0
1381,2,6.067e-06,2.1818,-50,250
1381,3,0.006271,1.1952,150,3000
1382,1,0,0,0,0
1382,2,3.019e-05,1.9396,-60,350
1382,3,0.006271,1.1952,150,3500
1383,1,0,0,0,0
1383,2,3.019e-05,1.9396,-60,120
1383,3,0.004828,1.2207,60,3500
1384,1,0,0,0,0
1384,2,3.019e-05,1.9396,-60,120
1384,3,0.004828,1.2207,60,200
1384,4,0.0005208,1.5451,-10,500
1384,5,0.004232,1.2376,60,3500
1385,1,0,0,0,150
1385,2,7.407e-05,1.869,10,500
1385,3,0.004232,1.2376,60,3500
1386,1,0,0,0,50
1386,2,0.0001162,1.7848,-10,500
1386,3,0.004232,1.2376,60,3500
1387,1,0,0,0,0
1387,2,3.019e-05,1.9396,-60,120
1387,3,0.004828,1.2207,60,200
1387,4,0.0005208,1.5451,-10,500
1387,5,0.004232,1.2376,60,3500
1388,1,0,0,0,100
1388,2,0.003289,1.2534,30,2500
1389,1,0,0,0,50
1389,2,0.0001876,1.6911,-20,500
10623,1,0,0,0,60
10623,2,0.0001872,1.0004,60,92
10623,3,0.0002139,1.0004,64,120
1389,3,0.003289,1.2534,30,2500
1390,1,0,0,0,50
1390,2,4.545e-05,1.9179,-20,500
1390,3,0.003289,1.2534,30,2500
1391,1,0,0,0,50
1391,2,0.0001876,1.6911,-20,500
10944,7,0.00474,1.3328,6.6,462
10944,8,0.004427,1.3328,-18.4,621
10944,9,0.002225,1.4492,9.199999999999999,1265
10944,10,0.0008630000000000001,1.5475,-206.7,4000
1391,3,0.003289,1.2534,30,2500
1392,1,0,0,0,50
1392,2,4.545e-05,1.9179,-20,500
1392,3,0.003289,1.2534,30,2500
1393,1,0,0,0,50
1393,2,0.0001876,1.6911,-20,500
1393,3,0.003289,1.2534,30,2500
1394,1,0,0,0,50
1394,2,4.545e-05,1.9179,-20,500
1394,3,0.003289,1.2534,30,2500
10205,1,0,0,0,-450
10205,2,0.002349,1.4669,-451,71
10205,3,0.003132,1.3943,-519,465
10205,4,1.544e-16,5,-2664,884
10205,5,0.009638000000000001,1.3614,81,2119
10205,6,2.229e-16,5,-2131,2510
10282,1,0,0,0,397
10282,2,0.01808,1.1037,175.8,1886
10282,3,3.254e-17,5,-2712.2,2456
10282,4,0.00534,1.374,986.4,4196
1395,1,0,0,0,96
1395,2,0.0001966,1.7723,34,522
1395,3,0.0001085,1.6426,-619,1400
1395,4,0.001245,1.4444,341,2500
1397,1,0,0,0,25
1397,2,3.356e-05,1.9937,-16,260
1397,3,1.292e-05,2.0986,-68,709
1397,4,0.001732,1.2911,-407,1413
1397,5,0.002598,1.3614,496,2600
1398,1,0,0,0,25
1398,2,0.0001416,1.7283,-7,525
1398,3,0.004489,1.3344,272,709
1398,4,0.001271,1.3263,-466,1436
1398,5,0.00296,1.3476,534,2600
1399,1,0,0,0,11
1399,2,1.565e-05,2.037,-93,170
1399,3,0.0002182,1.713,8,492
1399,4,0.003713,1.2955,93,696
1399,5,0.002162,1.2632,-385,1436
1399,6,0.00296,1.3476,537,2600
1400,1,0,0,0,70
1400,2,0.001249,1.335,-2,174
1400,3,5.216e-05,1.9239,-14,500
1400,4,0.003101,1.3263,106,691
1400,5,0.008662,1.095,-188,1436
1400,6,0.00296,1.3476,537,2600
1401,1,0,0,0,72
1401,2,4.559e-05,1.9529,-31,595
1401,3,0.002232,1.2588,-396,1446
1401,4,0.00391,1.3142,568,2600
1402,1,0,0,0,67
1402,2,0.002963,1.2267,26.7,210
1402,3,0.003951,1.3267,110.4,313
1402,4,0.00134,1.43,18.9,636
1402,5,0.0002725,1.469,-906.9,1262
1402,6,0.003651,1.3214,546,2600
1409,1,0,0,0,80
1409,2,0.001465,1.4317,79,500
1409,3,2.003e-06,2.1787,-594,2500
1410,1,0,0,0,40
1410,2,0.0001123,1.876,32,267
1410,3,3.482e-05,1.9393,-94,709
1410,4,0.001732,1.2911,-407,1413
1410,5,0.002598,1.3614,496,2600
1411,1,0,0,0,76
1411,2,0.0001764,1.7327,-9,618
1411,3,0.008994,1.0999,-97,1446
1411,4,0.00391,1.3142,568,2600
1412,1,0,0,0,77
1412,2,0.0005122,1.5723,29,322
10660,1,0,0,0,1
10660,2,3.208e-08,2.5314,1,149
10660,3,2.19e-07,2.5314,79.7,203
10660,4,4.892e-07,2.4627,101.2,332
10660,5,4.149e-05,1.7827,179.7,422
10660,6,0.002457,1.138,271.5,542
10660,7,0.02574,0.7944,383.5,717
10660,8,1.759e-18,5,-3587.7,874
10660,9,1.871e-17,5,-1906.7,1056
1412,3,0.0002043,1.6844,-25,630
1412,4,0.001396,1.3058,-354,1262
1412,5,0.003651,1.3214,546,2600
1413,1,0,0,0,78
1413,2,6.769e-05,1.8788,-22,322
1413,3,0.0002007,1.6844,-31,630
1413,4,0.001396,1.3058,-354,1262
1413,5,0.003651,1.3214,546,2600
1414,1,0,0,0,62
1414,2,1.597e-05,2.1216,-32,317
1414,3,0.0003632,1.6075,-7,634
1414,4,0.0004871,1.4257,-555,1262
1414,5,0.003651,1.3214,546,2600
1415,1,0,0,0,66
1415,2,0.003452,1.2366,46,234
1415,3,0.004297,1.2619,91.7,658
1415,4,0.001073,1.3185,-581.3,1262
1415,5,0.003651,1.3214,546,2600
1416,1,0,0,0,67
1416,2,0.002681,1.2366,12.4,248
1416,3,0.003178,1.3179,100.2,679
1416,4,8.702e-05,1.5948,-1152.2,1262
1416,5,0.003651,1.3214,546,2600
1417,1,0,0,0,63
1417,2,0.0001083,1.8279,-4,313
1417,3,0.01443,1.0763,126,634
1417,4,0.001555,1.2851,-412,1262
1417,5,0.003651,1.3214,546,2600
1418,1,0,0,0,61
1418,2,0.001796,1.3229,26,214
1418,3,0.004128,1.274,95,590
1418,4,0.0008248,1.386,-369,1248
1418,5,0.003469,1.3214,466,2600
1419,1,0,0,0,60
1419,2,0.002954,1.2366,29.5,235
1419,3,0.004924,1.2619,111.8,414
1419,4,0.001124,1.4168,-45,767
1419,5,0.000967,1.3185,-733.3,1262
1419,6,0.003651,1.3214,546,2600
1421,1,0,0,0,1
1421,2,0.001525,1.2366,-34.5,80
1421,3,0.003325,1.2366,19.1,215
1421,4,0.003929,1.2619,60.6,395
1421,5,0.001119,1.4168,-34.8,564
1421,6,0.001275,1.4168,18.1,768
1421,7,0.001589,1.3185,-271.6,1380
1421,8,0.003523,1.3214,490.2,2600
1422,1,0,0,0,65
1422,2,0.0003077,1.5849,65,280
1422,3,0.002554,1.369,173,480
1422,4,1.408e-05,1.997,-205,1500
1423,1,0,0,0,65
1423,2,4.403e-05,1.9239,64,195
1423,3,0.001782,1.3157,120,355
1423,4,6.485e-05,1.9474,136,550
1423,5,2.753e-06,2.1946,-337,1500
1424,1,0,0,0,132
1424,2,0.0001606,1.6646,53,185
1424,3,3.313e-05,1.9602,43,420
1424,4,0.0003526,1.7085,193,542
1424,5,3.98e-06,2.1578,-282,1500
1425,1,0,0,0,80
1425,2,0.0001227,1.7345,43,245
1425,3,0.0007572,1.4937,105,429
1425,4,0.002019,1.436,222,540
1425,5,0.002123,1.3263,47,755
1425,6,0.007507,1.2109,286,1500
1426,1,0,0,0,85
1426,2,0.0001936,1.6766,53,244
1426,3,0.001113,1.4355,108,424
1426,4,0.0005081,1.6305,166,540
1426,5,0.002122,1.3263,47,755
1426,6,0.007488,1.2109,286,1500
1436,1,0,0,0,100
1436,2,0.0002707,1.6319,60,1500
1437,1,0,0,0,100
1437,2,0.0003581,1.5986,67,1500
1438,1,0,0,0,86
1438,2,6.081e-06,2.381,67,369
1438,3,3.4e-06,2.1683,-323,1500
1453,1,0,0,0,26
1453,2,0.001919,1.2894,23.9,108
1453,3,0.001263,1.335,9.1,200
1453,4,0.0008566,1.3943,-1.7,377
1453,5,0.0006322,1.5679,138.8,565
1453,6,0.0003126,1.6129,6.8,1500
1454,1,0,0,0,187
1454,2,0.0001764,1.6915,6,416
1454,3,0.0004605,1.6091,109,540
1454,4,0.002122,1.3263,47,755
1454,5,0.007488,1.2109,286,1500
1455,1,0,0,0,26
1455,2,0.001737,1.2894,21.2,127
1455,3,0.0008807,1.4415,23.4,183
1455,4,0.0003938,1.5113,-32.1,320
1455,5,0.0006267,1.5399,86.40000000000001,565
1455,6,0.0003126,1.6129,6.8,1500
1456,1,0,0,0,26
1456,2,0.001832,1.2894,23.8,111
1456,3,0.0001027,1.7921,-13,195
1456,4,8.51e-06,2.0546,-158,299
1456,5,0.0003169,1.6355,59,565
1456,6,0.001355,1.4251,107,1500
1457,1,0,0,0,71
1457,2,0.0002607,1.5778,-15,250
1457,3,8.8e-05,1.7789,-10,423
1457,4,0.001305,1.4921,195,540
1457,5,0.002122,1.3263,47,755
6202,1,0,0,0,1
6202,2,0.001525,1.2366,-35,80
6202,3,0.00218,1.2366,-6,121
6202,4,0.00275,1.2366,16,156
6202,5,0.003799,1.2366,48.2,178
6202,6,5.594e-14,5,-310.7,217
6202,7,0.003942,1.2619,62,395
6202,8,0.001119,1.4168,-35,564
6202,9,0.001275,1.4168,18,768
6202,10,0.001584,1.3185,-274,1386
6202,11,0.003537,1.3214,496,2600
1457,6,0.007488,1.2109,286,1500
1458,1,0,0,0,60
1458,2,1.914e-05,2.0008,-54,330
1458,3,0.002397,1.3614,149,562
1458,4,2.584e-05,1.9184,-201,1500
1459,1,0,0,0,60
1459,2,2.659e-05,1.8277,-104,113
1459,3,0.0003631,1.5827,17,200
1459,4,0.0005097,1.4294,-53,293
1459,5,0.004193,1.2614,151,565
1459,6,0.001355,1.4251,107,1500
1460,1,0,0,0,67
1460,2,2.659e-05,1.8277,-104,113
1460,3,0.0003631,1.5827,17,200
1460,4,0.0001661,1.636,-49,285
1460,5,0.0003965,1.6037,67,565
1460,6,0.001355,1.4251,107,1500
1461,1,0,0,0,40
1461,2,0.0001692,1.6114,-41,111
1461,3,7.517e-05,1.8536,-11,195
1461,4,8.51e-06,2.0546,-158,299
1461,5,0.0003169,1.6355,59,565
1461,6,0.001355,1.4251,107,1500
1462,1,0,0,0,53
1462,2,0.001837,1.2894,24,111
1462,3,0.0001027,1.7921,-13,195
1462,4,8.51e-06,2.0546,-158,299
1462,5,0.0003169,1.6355,59,565
1462,6,0.001355,1.4251,107,1500
1463,3,0.001434,1.335,27.4,275
1463,4,0.001358,1.3943,71.40000000000001,467
1463,5,0.0004787,1.5679,70.2,668
1463,6,0.0003191,1.6129,24.8,1500
1463,1,0,0,0,24
1463,2,0.001012,1.3824,17.3,131
1464,1,0,0,0,24
1464,2,0.0008861,1.3824,16.6,90
1464,3,0.001467,1.335,31.4,165
1464,4,0.001472,1.335,31.7,285
1464,5,0.001401,1.3943,77.7,330
1464,6,0.00144,1.3943,82.59999999999999,400
1464,7,0.001405,1.3943,76.90000000000001,490
1464,8,0.0004723,1.5679,65.09999999999999,668
1464,9,0.0003191,1.6129,24.8,1500
1465,1,0,0,0,24
1465,2,8.277e-05,1.8859,24,91
1465,3,0.001682,1.335,51.2,167
1465,4,0.001594,1.335,46.4,285
1465,5,0.001098,1.3943,38,340
1465,6,1.764e-15,5,-782.9,411
1465,7,1.668e-15,5,-797.3,492
1465,8,0.0005057,1.5679,98.59999999999999,669
1465,9,0.0003243,1.6129,39.6,1500
1469,1,0,0,0,12
1469,2,0.01246,1.1954,-59.4,337
1469,3,0.0006504,1.6695,-88.09999999999999,1008
1469,4,0.0001193,1.8481,-387.2,1889
1469,5,0.007948999999999999,1.4191,667.3,3500
1470,1,0,0,0,12
1470,2,0.01246,1.1954,-59.4,337
1470,3,0.0005958,1.6695,-111,1008
1470,4,0.0001294,1.8481,-289.4,1889
1470,5,0.007948999999999999,1.4191,667.3,3500
1471,1,0,0,0,-50
1471,2,9.658e-06,2.1534,-361,252
1471,3,0.01135,1.302,73.3,381
1471,4,0.0005489,1.6689,-155.1,1044
1471,5,0.001464,1.592,132,1588
1471,6,6.069e-05,1.9606,-289.7,3500
1472,1,0,0,0,-50
1472,2,1.21e-05,2.1534,-329.9,250
1472,3,0.03775,1.0801,61.9,471
1472,4,4.88e-05,1.9958,-254.7,1104
1472,5,0.001659,1.592,179.5,1568
1472,6,5.66e-05,1.9606,-427.1,3500
1473,1,0,0,0,12
1473,2,0.02898,1.057,-40,290
1473,3,0.02222,1.23,109,354
1473,4,0.0006747,1.6695,-113,984
1473,5,0.006162,1.3839,43,1856
1473,6,0.007481,1.4191,543.5,3500
1474,1,0,0,0,12
1474,2,0.003993,1.3102,-178.6,220
1474,3,0.003853,1.3102,-189.6,332
1474,4,0.0141,1.2339,63.6,556
1474,5,0.006404,1.3849,113.1,1711
1474,6,0.007296,1.4191,490.8,3500
1475,1,0,0,0,12
1475,2,0.006335,1.3102,-65,328
1475,3,0.02986,1.1278,67,723
1475,4,0.005299,1.4163,129,1761
1475,5,0.007216,1.4191,468,3500
1476,1,0,0,0,12
1476,2,0.006832,1.3102,-61.1,413
1476,3,0.01025,1.2982,45.8,720
1476,4,0.005058,1.4163,75.2,1761
1476,5,0.007217,1.4191,467.7,3500
1478,1,0,0,0,10
1478,2,0.0122,1,-436.7,119
1478,3,0.02211,1,-187.7,176
1478,4,0.02061,1.0004,-213.2,221
1478,5,0.4987,0.5546,37.8,277
1478,6,1.553e-14,5,-646,299
1478,7,0.002843,1.4822,24.5,683
1478,8,0.005362,1.3849,25.9,994
1478,9,5.088e-06,2.2441,-553.7,1302
1478,10,0.007606,1.3849,292.7,1733
1478,11,0.0002942,1.787,2.7,3500
1481,1,0,0,0,0
1481,2,0.0001511,1.88,-162,498
1481,3,0.002829,1.47,-52,801
1481,4,0.0002031,1.82,-186,2702
1486,1,0,0,0,0
1486,2,0.001342,1.5107,-213,470
1486,3,2.19e-06,2.4578,-283,771
8782,1,0,0,0,24
8782,2,8.277e-05,1.8859,24,91
8782,3,0.001682,1.335,51.2,167
8782,4,0.001594,1.335,46.4,285
8782,5,0.001098,1.3943,38,340
8782,6,6.934e-05,1.7931,-55.7,415
8782,7,0.006654,1.1586,148.5,599
8782,8,0.0003645,1.5679,16.3,809
8784,1,0,0,0,24
8784,2,0.0008861,1.3824,16.6,90
8784,3,0.001467,1.335,31.4,165
8784,4,0.001472,1.335,31.7,285
8784,5,0.001098,1.3943,38,340
8784,6,1.764e-15,5,-782.9,411
8784,7,1.668e-15,5,-797.3,492
8784,8,0.0005057,1.5679,98.59999999999999,669
8784,9,0.0003243,1.6129,39.6,1500
1486,4,9.950000000000001e-05,1.8982,-326,3500
1487,1,0,0,0,-5
1487,2,5.285e-05,1.9716,-280,1056
1487,3,0.0002715,1.7969,-27,3519
1488,1,0,0,0,12
1488,2,0.005678,1.3102,-72.09999999999999,288
1488,3,0.01616,1.3102,125.9,349
1488,4,0.01031,1.2707,-27.1,669
1488,5,0.005318,1.4163,100.8,1800
1488,6,0.007134,1.4191,442.8,3500
1489,1,0,0,0,12
5037,1,0,0,0,90
5037,2,0.0003337,1.3102,-2325,151
5037,3,0.009231,1,-859.8,216
5037,4,0.003808,1.3102,-189,261
5037,5,0.04583,1,12.3,285
5037,6,0.008126,1.3102,14.3,338
5037,7,0.002732,1.4822,-7.3,781
5040,1,0,0,0,3
5040,2,0.004828,1,-1084.5,61
5040,3,0.009655,1,-511.8,119
5040,4,0.0106,1,-455.5,169
5040,5,2.39e-16,5,-1774.2,209
5040,6,0.03195,1,-20.4,250
5040,7,6.13e-15,5,-821.1,303
1489,2,0.00514,1.3102,-78.8,333
1489,3,0.01454,1.2339,75.8,556
1489,4,0.006404,1.3849,113.1,1711
1489,5,0.007296,1.4191,490.8,3500
1490,1,0,0,0,-51
1490,2,0.0001283,1.8079,-270,413
1490,3,0.008802000000000001,1.3291,115,1033
1490,4,0.02767,1.2273,397,1937
1490,5,0.003523,1.5015,351,3500
1491,1,0,0,0,-51
1491,2,0.0001279,1.8623,-239,501
1491,3,0.001351,1.5662,-71,1029
1491,4,0.01477,1.3027,306,1937
1491,5,0.003523,1.5015,351,3500
1492,1,0,0,0,-37
1492,2,0.002314,1.4669,-110,582
1492,3,0.01272,1.2763,99,1014
1492,4,0.0006216,1.6872,-27,1944
1492,5,0.0004143,1.7442,8,3504
1493,1,0,0,0,-50
1493,2,9.658e-06,2.1534,-361,252
1493,3,0.04586,1.0801,109,461
1493,4,4.119e-05,1.9958,-342,1033
1493,5,0.001764,1.592,220,1564
1493,6,5.601e-05,1.9606,-448,3500
1494,1,0,0,0,-51
1494,2,0.006103,1.1857,-194,205
1494,3,0.01116,1.28,45,1033
1494,4,0.1167,1.045,544,1937
1494,5,0.003523,1.5015,351,3500
1495,1,0,0,0,12
1495,2,0.003907,1.3966,-57,618
1495,3,0.03149,1.1505,175,1038
1495,4,0.0001739,1.8481,-85,1952
1495,5,0.007326,1.4191,500,3500
1496,1,0,0,0,143
1496,2,0.0007273,1.3586,92,442
1496,3,0.0004031,1.558,200.5,624
1496,4,0.000285,1.6678,273.3,1555
1496,5,0.0002686,1.6525,138.4,6011
1497,1,0,0,0,100
1497,2,3.2099e-05,1.8862,50,800
1497,3,0.0021214,1.4383,480,1300
1497,4,0.00032612,1.6072,0,6500
1498,1,0,0,0,200
1498,2,8.623000000000001e-05,1.713,11,410
1498,3,4.943e-06,2.0908,-121,610
1498,4,5.489e-06,2.2051,115,1300
1498,5,9.530999999999999e-05,1.7393,-228,6500
1499,1,0,0,0,199
1499,2,1.12e-05,1.9683,-47,495
1499,3,0.0005698,1.5372,250,891
1499,4,0.002559,1.3966,471,1475
1499,5,0.0001124,1.7218,-199,6500
1500,1,0,0,0,200
1500,2,0.0005207,1.4537,80,650
1500,3,0.003439,1.3229,394,985
1500,4,0.0001954,1.7283,287,1475
1500,5,0.0001124,1.7218,-199,6500
1501,1,0,0,0,10
1501,2,6.677e-05,1.7522,10,810
1501,3,0.02887,1.0797,620,1300
1501,4,0.0003259,1.6072,0,6500
1502,1,0,0,0,100
1502,2,0.0002661,1.6083,90,900
1502,3,2.439e-06,2.3212,120,1300
1502,4,0.0003261,1.6072,0,6500
1503,1,0,0,0,100
1503,2,6.886e-06,2.128,50,830
1503,3,0.0007608,1.5623,400,1190
8781,1,0,0,0,24
8781,2,6.396e-05,1.8859,24,94
8781,3,0.001146,1.335,47.5,153
8781,4,3.103e-06,2.3331,-28.2,286
8781,5,0.001466,1.3943,103.8,343
8781,6,9.862e-05,1.7931,24.3,415
8781,7,0.002984,1.2701,103.7,599
8781,8,0.0003645,1.5679,16.3,809
8781,9,3.176e-05,1.8821,-142.1,1520
1503,4,0.0003301,1.6088,100,6510
1504,1,0,0,0,0
1504,2,2.026e-06,2.2316,-160,830
1504,3,0.0007592,1.5623,400,1190
1504,4,0.0003301,1.6088,100,6510
1505,1,0,0,0,100
1505,2,6.886e-06,2.128,50,830
1505,3,0.0007608,1.5623,400,1190
1505,4,0.0003301,1.6088,100,6510
1506,1,0,0,0,0
1506,2,2.026e-06,2.2316,-160,830
1506,3,0.0007592,1.5623,400,1190
1506,4,0.0003301,1.6088,100,6510
1507,1,0,0,0,200
1507,2,6.778e-06,2.1517,100,1150
1507,3,0.0005264,1.5606,250,6500
1508,1,0,0,0,100
1508,2,1.334e-05,2.0317,-20,1000
1508,3,7.695999999999999e-05,1.8226,140,2500
1509,1,0,0,0,100
1509,2,1.119e-05,2.0451,-60,1000
1510,1,0,0,0,100
1510,2,1.481e-05,2.0051,-60,1000
1511,1,0,0,0,100
1511,2,3.727e-05,1.912,80,1000
1512,1,0,0,0,100
1512,2,1.241e-05,2.031,-60,1000
1512,3,7.695999999999999e-05,1.8226,140,2500
1513,1,0,0,0,0
1513,2,7.605e-06,2.1039,-50,1000
1513,3,7.695999999999999e-05,1.8226,140,2600
1513,4,0.0007804,1.5084,-100,6500
1514,1,0,0,0,100
1514,2,5.966e-05,1.7082,-50,400
1514,3,0.0001077,1.7822,150,3500
1515,1,0,0,0,100
1515,2,1.119e-05,2.0451,-60,1000
1515,3,7.695999999999999e-05,1.8226,140,2500
1516,1,0,0,0,100
1516,2,1.098e-06,2.3653,-100,1000
1516,3,7.695999999999999e-05,1.8226,140,2500
1517,1,0,0,0,100
1517,2,1.119e-05,2.0451,-60,1000
1517,3,7.695999999999999e-05,1.8226,140,2500
1518,1,0,0,0,100
1518,2,1.098e-06,2.3653,-100,1000
1518,3,7.695999999999999e-05,1.8226,140,2500
1519,1,0,0,0,100
1519,2,1.119e-05,2.0451,-60,1000
1519,3,7.695999999999999e-05,1.8226,140,2500
1520,1,0,0,0,100
1520,2,1.481e-05,2.0051,-60,1000
1520,3,7.695999999999999e-05,1.8226,140,2500
1521,1,0,0,0,100
1521,2,1.47e-05,1.9952,-100,1000
1521,3,7.695999999999999e-05,1.8226,140,2500
1522,1,0,0,0,100
1522,2,1.334e-05,2.0317,-20,1000
1522,3,7.695999999999999e-05,1.8226,140,2500
1523,1,0,0,0,50
1523,2,1.692e-05,2.0053,10,1000
1524,1,0,0,0,150
1524,2,3.759e-05,1.9067,60,3500
1525,1,0,0,0,200
1525,2,5.583e-05,1.8651,130,3500
1526,1,0,0,0,200
1526,2,4.531e-05,1.8882,100,4000
1527,1,0,0,0,100
1527,2,2.226e-06,2.2572,-50,650
6537,1,0,0,0,10
6537,2,0.01236,1,-423.5,120
6537,3,0.01948,1,-224.9,178
6537,4,0.03671,1.0004,-35.4,225
6537,5,0.5848,0.5546,70.3,282
6537,6,6.335999999999999e-14,4.7073,-785.3,436
6537,7,0.002886,1.4822,26.4,510
6537,8,1.257e-05,2.182,-294.6,677
1527,3,0.0002504,1.6848,250,4000
1528,1,0,0,0,100
1528,2,0.0001418,1.6776,50,700
1528,3,0.0002504,1.6848,250,4000
1529,1,0,0,0,300
1529,2,0.0001159,1.7759,200,3500
1530,1,0,0,0,200
1530,2,9.323e-05,1.8007,150,3500
1531,1,0,0,0,220
1531,2,0.0001581,1.7382,200,3500
1532,1,0,0,0,220
1532,2,0.0002154,1.699,200,4000
1533,1,0,0,0,30
1533,2,0.0001057,1.7689,0,1600
1534,1,0,0,0,100
1534,2,0.0001203,1.764,100,2100
1535,1,0,0,0,145
1535,2,0.0005163,1.3448,13,388
1535,3,0.0004732,1.4818,159,594
1535,4,0.001556,1.451,376,1478
1535,5,0.0001529,1.6883,-150,6500
1536,1,0,0,0,143
1536,2,5.784e-06,2.0227,-116,442
1536,3,0.0001037,1.7482,153,650
1536,4,0.0001469,1.7833,288,1322
1536,5,0.0002627,1.6525,60,6011
1537,1,0,0,0,143
1537,2,0.0007273,1.3586,92,442
1537,3,0.0001109,1.7482,163.8,650
1537,4,0.001304,1.4684,355.1,1329
1537,5,0.0002698,1.6525,154.9,6011
1538,1,0,0,0,120
1538,2,0.0001336,1.5432,-68,357
1538,3,0.001307,1.317,144,597
1538,4,0.0006805,1.5618,333,1474
1538,5,0.000126,1.7092,-187,6500
1539,1,0,0,0,120
1539,2,1.723e-05,1.8536,-116,412
1539,3,1.944e-05,1.9782,77,635
1539,4,0.0001058,1.8147,247,1353
1539,5,1.579e-05,1.9591,-391,5997
1540,1,0,0,0,169
1540,2,0.000147,1.5228,-20,379
1540,3,0.0004827,1.4866,171,593
1540,4,0.001095,1.4987,360,1478
1540,5,1.563e-05,1.9601,-399,5963
1541,1,0,0,0,169
1541,2,0.000147,1.5228,-20,379
1541,3,0.0004827,1.4866,171,593
1541,4,0.001095,1.4987,360,1478
1541,5,0.0001529,1.6883,-150,6500
1542,1,0,0,0,221
1542,2,2.523e-05,1.7833,-16,398
1542,3,0.001618,1.3197,251,584
1542,4,0.001811,1.4317,389,1478
1542,5,0.0001529,1.6883,-150,6500
1543,1,0,0,0,145
1543,2,0.0004651,1.3614,11,403
1543,3,7.023e-06,2.1002,49,599
1543,4,0.0006012,1.5795,336,1478
1543,5,0.0001529,1.6883,-150,6500
1544,1,0,0,0,143
1544,2,0.0007273,1.3586,92,442
1544,3,0.0001037,1.7482,153,650
1544,4,0.0001469,1.7833,288,1322
1544,5,0.0002627,1.6525,60,6011
1545,1,0,0,0,145
1545,2,0.0005163,1.3448,13,388
1545,3,0.001144,1.3685,199,587
1545,4,0.0009729,1.5119,341,1478
1545,5,0.0001529,1.6883,-150,6500
1546,1,0,0,0,221
1546,2,2.523e-05,1.7833,-16,398
1546,3,0.001618,1.3197,251,584
1546,4,0.001811,1.4317,389,1478
1546,5,1.589e-05,1.9591,-382,5955
1547,1,0,0,0,145
1547,2,4.924e-05,1.713,-37,443
1547,3,6.304000000000001e-05,1.831,161,650
1547,4,9.555000000000001e-05,1.8343,265,1350
1547,5,5.084e-05,1.8321,-193,6006
1548,1,0,0,0,143
1548,2,2.397e-05,1.8185,-77,412
1548,3,0.000929,1.3922,176,649
1548,4,0.002882,1.3702,421,2649
1548,5,0.0001715,1.6685,-391,6500
1549,1,0,0,0,143
1549,2,6.071e-05,1.6778,-56,436
1549,3,6.656999999999999e-05,1.8174,145,640
1549,4,1.953e-05,2.0584,207,1307
1549,5,0.0001582,1.7063,-66,6011
1550,1,0,0,0,200
1550,2,5.25e-05,1.713,-3,444
1550,3,2.247e-05,1.9942,155,686
1550,4,1.376e-05,2.0997,197,1309
1550,5,0.0002259,1.6685,35,6011
1551,1,0,0,0,143
1551,2,0.0006019,1.3586,84.40000000000001,356
1551,3,0.001062,1.3586,177.2,442
1551,4,0.0004031,1.558,200.5,624
1551,5,0.000285,1.6678,273.3,1555
1551,6,0.0002686,1.6525,138.4,6011
1553,1,0,0,0,250
1553,2,4.181e-05,1.8502,240,700
1553,3,0.002547,1.1647,200,1131
1553,4,1.318e-05,1.874,-29,2400
1554,1,0,0,0,230
1554,2,5.911e-05,1.7833,229,444
1554,3,0.00152,1.2511,286,615
1554,4,0.001689,1.3223,393,752
1554,5,0.0007935,1.3263,129,1125
1554,6,5.781e-06,1.9667,-163,2400
1555,1,0,0,0,178
1555,2,3.997e-06,2.1979,178,444
1555,3,0.0001892,1.5926,247,605
1555,4,3.978e-07,2.4607,54,758
1555,5,0.002452,1.1808,228,1125
1555,6,5.781e-06,1.9667,-163,2400
1556,1,0,0,0,221
1556,2,3.218e-05,1.8536,196,442
1556,3,0.001446,1.2807,294,600
1556,4,0.001361,1.3263,337,754
1556,5,0.0004639,1.395,83,1125
1556,6,5.781e-06,1.9667,-163,2400
1561,1,0,0,0,260
1561,2,9.456e-05,1.6778,252,449
1561,3,0.002999,1.179,351,1179
1561,4,0.0006841,1.3966,343,2400
1562,1,0,0,0,241
1562,2,5.483e-05,1.7799,206,440
1562,3,0.001129,1.2955,266,741
1562,4,0.001017,1.3263,297,1031
1562,5,0.001009,1.3302,307,2478
1563,1,0,0,0,224
1563,2,3.73e-05,1.837,200,441
1563,3,0.001628,1.2423,282,741
1563,4,0.003626,1.1531,373,1125
1563,5,5.781e-06,1.9667,-163,2400
1564,1,0,0,0,241
1564,2,9.786e-05,1.6778,219,440
1564,3,0.001914,1.2208,294,742
1564,4,0.0006684,1.3818,271,1125
1564,5,0.0009387,1.3405,307,2600
1565,1,0,0,0,217
1565,2,0.0001754,1.5635,198,448
1565,3,0.002304,1.1989,292,735
1565,4,0.0001081,1.613,117,1125
1565,5,0.0009713,1.3361,308,2600
1566,1,0,0,0,279
1566,2,0.0009993000000000001,1.3251,243.6,422
1566,3,0.0005533,1.4465,248.2,884
1566,4,0.0001143,1.5767,-130.6,2605
1567,1,0,0,0,224
1567,2,7.62e-05,1.7284,198,816
1567,3,0.0003193,1.4603,63,2600
1569,1,0,0,0,295
1569,2,0.0006833,1.4032,275,459
1569,3,0.002512,1.2125,316,902
1569,4,0.0007259,1.3647,186,2600
1570,1,0,0,0,271
1570,2,0.000535,1.4448,271,459
1570,3,0.002512,1.2125,316,902
1570,4,0.0007259,1.3647,186,2600
1571,1,0,0,0,284
1571,2,0.0003046,1.4322,217,320
1571,3,1.863e-05,1.9591,197,459
1571,4,0.0003347,1.5096,255,889
1571,5,0.0004866,1.4115,130,2600
1572,1,0,0,0,280
1572,2,0.001976,1.2976,270,373
1572,3,0.00222,1.2416,257,513
1572,4,0.0004689,1.4465,171,884
1572,5,0.0001143,1.5767,-131,2605
1573,1,0,0,0,201
1573,2,0.0005412,1.363,189.6,341
1573,3,0.001329,1.3145,249,845
1573,4,0.0001142,1.5767,-131.7,2605
1574,1,0,0,0,201
1574,2,0.0005412,1.363,189.6,341
1574,3,0.0009974000000000001,1.3789,249.1,513
1574,4,0.0004689,1.4465,171,884
1574,5,0.0001143,1.5767,-131,2605
1575,1,0,0,0,287
1575,2,0.0004217,1.4064,235.4,338
1575,3,0.0001699,1.6201,240.4,463
1575,4,0.001707,1.2729,304.3,889
1575,5,0.0004866,1.4115,130,2600
1576,1,0,0,0,287
1576,2,0.0008847,1.3251,258.2,452
1576,3,0.001382,1.3438,322.5,542
1576,4,8.608e-05,1.6706,140,890
1576,5,0.0004937,1.4115,156.5,2600
1577,1,0,0,0,288
1577,2,0.0007828000000000001,1.3251,248,432
1577,3,0.001523,1.3438,327.7,509
1577,4,8.721e-05,1.6706,145.8,890
1577,5,0.0004937,1.4115,156.5,2600
1578,1,0,0,0,287
1578,2,0.0009477,1.3251,264.7,431
1578,3,0.001313,1.3438,309.5,511
1578,4,0.0001253,1.6706,219.7,737
1578,5,0.0004803,1.4115,108.4,2600
1579,1,0,0,0,286
1579,2,0.00119,1.3251,280.6,428
1579,3,0.0005803,1.4465,268.8,884
1579,4,0.0001143,1.5767,-130.6,2605
1580,1,0,0,0,286
1580,2,0.00119,1.3251,280.6,428
1580,3,0.0005803,1.4465,268.8,884
1580,4,0.0001143,1.5767,-130.6,2605
1581,1,0,0,0,280
1581,2,0.001731,1.2976,268.5,383
1581,3,0.001734,1.2416,241.1,519
1581,4,0.0005437,1.4465,240.5,884
1581,5,0.0001143,1.5767,-130.6,2605
1582,1,0,0,0,280
1582,2,0.001731,1.2976,268.5,383
1582,3,0.001734,1.2416,241.1,519
1582,4,0.0005437,1.4465,240.5,884
1582,5,0.0001143,1.5767,-130.6,2605
1583,5,2.841e-05,1.7415,-279.5,2605
1583,1,0,0,0,207
1583,2,0.0001122,1.6475,170,467
1583,3,0.01142,1.0158,358.9,636
1583,4,0.01001,1.0158,320.4,855
1584,1,0,0,0,140
1584,2,0.00115,1,94.8,180
1584,3,0.0003742,1.3361,115.5,228
9331,1,0,0,0,0
9331,2,0.001007,1,-6,143
9331,3,0.000603,1.3586,85,356
9331,4,0.001062,1.3586,177,442
9331,5,1.231e-06,2.416,64,629
9331,6,2.886e-15,5,-508,713
9331,7,0.006795,1.2306,405,904
9331,8,0.0002939,1.6678,260,1034
9331,9,0.0002624,1.6678,207,1235
1584,4,0.0004257,1.3361,125.7,310
1584,5,0.0005377,1.3361,155.2,340
1584,6,0.0002367,1.5118,166.7,390
1584,7,0.0002609,1.5118,180.6,432
1584,8,0.0002813,1.5118,192.8,457
1584,9,0.0003385,1.5118,223.3,470
1584,10,0.007713,1.0428,323.4,500
1584,11,0.008462000000000001,1.0428,338.4,752
1584,12,0.008048,1.0419,315.7,909
1584,13,0.008288999999999999,1.0419,332.3,1378
1584,14,0.006825,1.0799,397.6,1741
1584,15,0.007592,1.0689,432,2187
1584,16,0.008018000000000001,1.0689,519.4,3400
1585,1,0,0,0,204
1585,2,0.0004927,1.3361,144.8,310
1585,3,0.0005377,1.3361,155.2,340
1585,4,0.0002367,1.5118,166.7,390
1585,5,0.0002609,1.5118,180.6,432
1585,6,0.0002813,1.5118,192.8,457
1585,7,0.0003385,1.5118,223.3,470
1585,8,0.007713,1.0428,323.4,500
1585,9,0.008462000000000001,1.0428,338.4,752
1585,10,0.008048,1.0419,315.7,909
1585,11,0.008288999999999999,1.0419,332.3,1378
1585,12,0.006825,1.0799,397.6,1741
1585,13,0.007592,1.0689,432,2187
1585,14,0.008018000000000001,1.0689,519.4,3400
1586,1,0,0,0,161
1586,2,0.000344,1.3361,108.1,228
1586,3,0.000507,1.3361,138.3,308
1586,4,0.0007408,1.3361,180.3,344
1586,5,0.0002657,1.5118,165.6,390
1586,6,0.0002261,1.5368,161.8,451
1586,7,0.0001515,1.6341,187.3,500
1586,8,0.008113,1.0428,321.3,752
1586,9,0.008048,1.0419,315.7,909
1586,10,0.008288999999999999,1.0419,332.3,1378
1586,11,0.006825,1.0799,397.6,1741
1586,12,0.007592,1.0689,432,2187
1586,13,0.008018000000000001,1.0689,519.4,3400
1587,1,0,0,0,161
1587,2,0.000344,1.3361,108.1,228
1587,3,0.000507,1.3361,138.3,308
1587,4,0.0007861,1.3361,185.8,344
1587,5,0.0003162,1.5118,183.6,401
1587,6,0.05193,0.6758,311.8,440
1587,7,0.0002463,1.5368,165.1,469
1587,8,1.684e-15,5,-522,515
1587,9,0.007941,1.0428,312.3,752
1587,10,0.008048,1.0419,315.7,909
1587,11,0.008288999999999999,1.0419,332.3,1378
1587,12,0.006825,1.0799,397.6,1741
1587,13,0.007592,1.0689,432,2187
1587,14,0.008018000000000001,1.0689,519.4,3400
1589,1,0,0,0,161
1589,2,0.0003341,1.3361,107,225
1589,3,0.0005917,1.3361,148.1,305
1589,4,0.0009731,1.3333,195.8,346
1589,5,7.675e-05,1.7524,153,405
1589,6,0.0008311,1.3646,193.3,476
1589,7,1.039e-15,5,-645,544
1589,8,0.007419,1.0428,281.7,742
1589,9,0.03253,0.8433,401.7,916
1589,10,0.008337000000000001,1.0419,338,1378
1589,11,0.006825,1.0799,397.6,1741
1589,12,0.007592,1.0689,432,2187
6828,1,0,0,0,120
6828,2,0.001195,1,100.8,161
6828,3,0.0005657,1.3361,123.4,222
6828,4,0.0005625,1.3361,123,291
6828,5,0.0007783,1.3333,157.9,344
6828,6,4.207e-15,5,-378.8,405
6828,7,0.0008248,1.3646,192.1,473
6828,8,1.1e-15,5,-631.8,556
6828,9,0.007244,1.0428,274.1,742
6828,10,0.03296,0.8433,409.7,916
1589,13,0.008018000000000001,1.0689,519.4,3400
1597,1,0,0,0,-629
1597,2,0.0001578,1.8442,-726.8,99
1597,3,0.06646000000000001,1.0537,-312.7,511
1597,4,0.02866,1.2208,-143.4,2057
1597,5,0.008548999999999999,1.351,-508.9,4510
1598,1,0,0,0,-557
1598,2,0.002092,1.5195,-557,97
1598,3,0.005427,1.4014,-475,489
1598,4,0.005137,1.4229,-414.1,2009
1598,5,0.008557,1.351,-505.5,4510
1599,1,0,0,0,-530
1599,2,0.00505,1.3844,-530,119
1599,3,0.00489,1.4003,-498,505
1599,4,0.03094,1.2108,-141.6,2062
1599,5,0.0007324,1.6157,-1177.9,4510
1600,1,0,0,0,-583
1600,2,0.002205,1.4734,-632.9,120
1600,3,0.009568,1.3185,-418.7,525
1600,4,0.02918,1.2208,-129.9,1997
1600,5,0.0002455,1.7299,-1533.8,4510
1601,1,0,0,0,-518
1601,2,0.002569,1.475,-564.5,125
1601,3,0.006756,1.374,-426.6,497
1601,4,0.003285,1.4866,-397.3,2003
1601,5,0.00665,1.374,-716,4510
1602,1,0,0,0,-586
1602,2,0.002964,1.441,-619.9,106
1602,3,0.00414,1.4009,-584.6,515
1602,4,0.03091,1.2208,-80.2,2003
1602,5,0.008227,1.351,-654,4510
1603,1,0,0,0,-555
1603,2,0.003292,1.441,-574.6,111
1603,3,0.004752,1.4009,-525,507
1603,4,0.03009,1.2208,-126.4,2003
1603,5,0.008227,1.351,-654,4510
1604,1,0,0,0,-631
1604,2,0.0001572,1.8442,-729,119
1604,3,0.06682,1.0537,-308,511
1604,4,0.03031,1.2208,-114,2003
1604,5,0.008227,1.351,-654,4510
1605,1,0,0,0,-500
1605,2,0.0002469,1.7766,-750,1200
1605,3,5.996e-05,1.9705,-700,2000
1605,4,0.01298,1.3025,-500,4500
1606,1,0,0,0,-500
1606,2,0.0006747,1.6559,-650,1200
1606,3,0.0003441,1.7689,-475,2000
1606,4,0.03899,1.1801,-219,3000
1607,1,0,0,0,0
1607,2,4.901e-06,2.2567,-1007,2000
1608,1,0,0,0,-500
1608,2,0.006055,1.3148,-600,200
1608,3,5.996e-05,1.9705,-700,2000
1608,4,0.01047,1.3263,-555,4000
1609,1,0,0,0,-400
1609,2,0.03513,1.0662,-500,130
1609,3,5.996e-05,1.9705,-700,2000
1609,4,0.01992,1.256,-375,4000
1610,1,0,0,0,-340
1610,2,0.001326,1.6058,-352,1984
1610,3,0.01072,1.3256,-504,3800
1611,1,0,0,0,-890
1611,2,1.849e-05,2.0997,-899,2000
1611,3,0.02008,1.256,-349,3689
1612,1,0,0,0,-450
1612,2,7.039e-06,2.3786,-700,-250
1612,3,1.651e-05,2.1161,-893,2000
1612,4,0.009212,1.3399,-601,4000
1614,1,0,0,0,-557
1614,2,0.004014,1.4141,-557,269
1614,3,0.00748,1.3707,-378,600
1614,4,0.005075,1.4229,-397.7,2031
1614,5,0.008737999999999999,1.351,-428.5,4510
1615,1,0,0,0,-340
1615,2,0.002129,1.5389,-350,1260
1615,3,7.533e-06,2.2051,-975,1969
1615,4,0.03813,1.1857,-155,3850
1616,1,0,0,0,100
1616,2,4.834e-06,2.0458,100,370
1616,3,1.412e-05,1.9942,188,970
1616,4,0.0003934,1.6179,499,2686
1617,1,0,0,0,100
1617,2,1.037e-05,1.9453,100,529
1617,3,2.538e-05,1.9299,246,970
1617,4,0.0001042,1.7799,398,2700
1629,1,0,0,0,198
5728,1,0,0,0,-557
5728,2,0.002046,1.5195,-557,110
5728,3,0.004603,1.4014,-536.8,448
5728,4,0.005185,1.4229,-368.2,2019
5728,5,0.008706999999999999,1.351,-441.5,4510
1629,2,9.352999999999999e-05,1.569,133.2,387
1629,3,0.002305,1.1153,251,485
1629,4,0.0002087,1.6426,309.9,750
1629,5,0.0004432,1.5893,413.9,2546
1630,1,0,0,0,189
1630,2,2.911e-05,1.6778,88.09999999999999,340
1630,3,2.003540820806411e-05,1.908447265625,182.7326551244038,574
1630,4,2.153e-05,1.9756,266.1,962
1630,5,0.0002455,1.6641,415,2504
1631,1,0,0,0,189
1631,2,0.0001482,1.3966,109,334
1631,3,0.0001138,1.6333,213,570
1631,4,0.001949,1.2911,382,730
1631,5,0.0002224,1.6778,400,952
1631,6,0.0001691,1.7085,373,2504
1632,1,0,0,0,189
1632,2,0.0001482,1.3966,109,334
1632,3,0.0001138,1.6333,213,570
1632,4,0.001949,1.2911,382,730
1632,5,0.0002224,1.6778,400,952
1632,6,7.779e-05,1.8035,316,2504
1633,1,0,0,0,199
1633,2,1.001e-05,1.9326,103,387
1633,3,0.002305,1.1153,251,485
1633,4,1.993e-05,1.9591,233,777
1633,5,5.64e-05,1.847,323,2546
1634,1,0,0,0,198
1634,2,0.0001077,1.569,155,387
1634,3,0.002305,1.1153,251,485
1634,4,4.579e-05,1.8536,265,782
1634,5,4.626e-05,1.8701,294,2546
1635,1,0,0,0,198
1635,2,9.352999999999999e-05,1.569,133.2,387
1635,3,0.002305,1.1153,251,485
1635,4,0.0002145,1.6426,313,746
1635,5,3.383e-05,1.9069,254,2546
1636,1,0,0,0,197
1636,2,0.0002124,1.4036,129.2,366
1636,3,0.001022,1.2833,249.8,498
1636,4,0.0007721,1.447,336.5,752
1636,5,0.0007521,1.5091,422.1,1187
1636,6,0.0004483,1.5893,429.4,2546
1637,1,0,0,0,176
1637,2,0.0002583,1.4564,176,537
1637,3,0.0004858,1.5168,348.8,970
1637,4,0.0001042,1.7799,398,2700
1638,1,0,0,0,198
1638,2,0.0002231,1.4036,137.3,366
1638,3,0.001022,1.2833,249.8,498
1638,4,0.0007721,1.447,336.5,752
1638,5,0.0007521,1.5091,422.1,1187
1638,6,0.0004483,1.5893,429.4,2546
1640,1,0,0,0,99
1640,2,0.0001468,1.2965,91.5,199
1640,3,0.0002464,1.3762,142.8,305
1640,4,0.0001312,1.4454,108.4,368
1640,5,0.001435,1.2965,290.4,423
1640,6,0.0009164,1.3267,256.6,688
1640,7,0.02158,1,555,1023
1640,8,0.001564,1.4465,592.5,2693
1641,1,0,0,0,99
1641,2,0.0001468,1.2965,91.5,199
1641,3,0.0002464,1.3762,142.8,305
1641,4,0.0001312,1.4454,108.4,368
1641,5,0.0008102,1.2965,247.3,423
1641,6,0.000377,1.3267,145,685
1641,7,0.02518,1,621.8,1023
1641,8,0.001564,1.4465,592.5,2693
1642,1,0,0,0,198
1642,2,9.352999999999999e-05,1.569,133.2,387
1642,3,0.002305,1.1153,251,485
1642,4,0.0002145,1.6426,313,746
1642,5,0.0004416,1.5893,409.2,2546
1643,1,0,0,0,182
1643,2,0.0002662,1.3498,146,332
1643,3,8.94e-05,1.6668,200,636
1643,4,0.0003714,1.5663,377,891
1643,5,0.0005597999999999999,1.5723,504,2501
1653,1,0,0,0,198
1653,2,0.0002327,1.4036,139.1,300
1653,3,0.0002629,1.4036,152.5,361
1653,4,0.0009365,1.2833,233.2,417
1653,5,0.001102,1.2833,255,460
1653,6,3.48e-15,5,-322.9,510
1653,7,4.14e-15,5,-293.9,535
1653,8,3.896e-15,5,-304,564
1653,9,4.819e-15,5,-267.9,638
1653,10,0.0008671,1.447,362.8,692
1653,11,0.0009668,1.447,386.6,750
1653,12,0.0007292000000000001,1.5091,406.3,1187
1653,13,0.0004483,1.5893,429.4,2546
1654,1,0,0,0,198
1654,2,0.0002327,1.4036,139.1,300
1654,3,0.0002473,1.4036,145.9,366
1654,4,0.0009514,1.2833,238.3,401
1654,5,0.001299,1.2833,273.3,438
1654,6,0.001447,1.2833,286.6,494
1654,7,0.0006717,1.447,301.3,570
1654,8,0.0007078,1.447,310.8,637
1654,9,0.0008140000000000001,1.447,340.7,750
1654,10,0.0007292000000000001,1.5091,406.3,1187
1654,11,0.0004483,1.5893,429.4,2546
1655,1,0,0,0,156
1655,2,4.762e-05,1,-1230,177
1655,3,0.003985,0.5004999999999999,-103.9,194
1655,4,0.000198,1.4036,129.3,205
1655,5,0.0002582,1.4036,142.3,295
1655,6,1.371e-07,2.5528,-9.5,361
1655,7,3.434e-15,5,-317.8,421
1655,8,5.527e-15,5,-250.7,472
1655,9,4.225e-15,5,-290.6,510
1655,10,4.14e-15,5,-293.9,535
1655,11,3.896e-15,5,-304,564
1655,12,4.819e-15,5,-267.9,638
1655,13,0.0008671,1.447,362.8,692
1655,14,0.0009668,1.447,386.6,750
1655,15,0.0007292000000000001,1.5091,406.3,1187
1655,16,0.0004483,1.5893,429.4,2546
1656,1,0,0,0,140
1656,2,8.961e-07,2.2834,45.6,279
1656,3,1.132e-06,2.2834,68.2,361
1656,4,4.302e-15,5,-285.3,421
1656,5,5.527e-15,5,-251,472
1656,6,4.225e-15,5,-291,510
1656,7,4.14e-15,5,-294,535
1656,8,3.896e-15,5,-304,564
1656,9,4.819e-15,5,-268,638
1656,10,0.0008671,1.447,363,692
1656,11,0.0009668,1.447,387,750
1656,12,0.0007293,1.5091,406,1187
1656,13,0.0004482,1.5893,429,2546
1657,1,0,0,0,142
1657,2,4.347e-08,2.2834,-609,278
1657,3,1.072e-06,2.2834,60,361
1657,4,3.934e-15,5,-298,421
1657,5,5.527e-15,5,-251,472
1657,6,4.225e-15,5,-291,510
1657,7,4.14e-15,5,-294,535
1657,8,3.896e-15,5,-304,564
1657,9,4.819e-15,5,-268,638
1657,10,0.0008671,1.447,363,692
1657,11,0.0009668,1.447,387,750
1657,12,0.0007293,1.5091,406,1187
1657,13,0.0004482,1.5893,429,2546
4222,1,0,0,0,203
4222,2,3.842e-05,1.5723,202,510
4222,3,0.002736,1.0658,424,610
4222,4,0.001659,1.33,514,1150
4222,5,0.0001031,1.6338,101,4000
4223,1,0,0,0,292
4223,2,6.667e-05,1.5552,264,576
4223,3,2.067e-05,1.92,383,1084
4223,4,0.00104,1.3741,538,3989
4224,1,0,0,0,338
4224,2,0.0003157,1.3207,288.2,410
4224,3,0.0003842,1.3707,321.5,528
4224,4,0.0005942,1.3893,387.6,678
4224,5,0.000807,1.4025,456.7,2836
4225,1,0,0,0,313
4225,2,4.309e-05,1.6437,260.5,390
4225,3,5.935e-05,1.6437,283.3,430
4225,4,9.328e-07,2.3739,248.1,465
4225,5,1.009e-06,2.3739,255.2,520
4225,6,9.902000000000001e-07,2.3739,253,578
4225,7,2.108e-06,2.2463,255.6,676
4225,8,0.001199,1.3547,468.5,1490
4225,9,0.001173,1.3547,451.7,2836
4226,1,0,0,0,361
4226,2,3.127e-05,1.7482,308,451
4226,3,0.000271,1.4877,371,688
4226,4,0.0007316,1.4147,477,2350
4227,1,0,0,0,378
4227,2,7.29e-05,1.586,312,448
4227,3,5.112e-05,1.742,341,692
4227,4,0.0008462,1.3966,491,2875
4228,1,0,0,0,353
4228,2,0.0002743,1.4317,329,491
4228,3,2.593e-05,1.8536,309,789
4228,4,0.0008832,1.3932,495,2836
1685,1,0,0,0,531
1685,2,0.005304,1.347,178.7,875
1685,3,0.01691,1.2333,377.8,1111
1685,4,0.003334,1.4347,210.1,1603
1685,5,0.0004822,1.6519,-130.1,2558
1686,1,0,0,0,476
1686,2,0.02364,1.257,465.3,668
1686,3,0.005697,1.347,258.6,973
1686,4,0.002635,1.4712,280.2,1554
1686,5,0.000571,1.6409,10,2106
1686,6,5.559e-05,1.8843,-581.4,3586
6044,1,0,0,0,195
6044,2,0.01145,1.1559,92.8,632
6044,3,0.009424999999999999,1.347,377.4,830
1688,1,0,0,0,195
1688,2,0.0004717,1.6536,20.2,600
1688,3,0.001052,1.5558,83.40000000000001,779
1688,4,0.005471,1.347,215,936
1688,5,0.002667,1.4487,190.1,1142
1688,6,0.01167,1.2679,352,1569
1688,7,0.04244,1.1163,564.1,2234
6350,1,0,0,0,140
6350,2,8.961e-07,2.2834,45.6,279
6350,3,1.132e-06,2.2834,68.2,361
6350,4,4.302e-15,5,-285.3,421
6350,5,5.527e-15,5,-251,472
6350,6,4.225e-15,5,-291,510
6350,7,4.14e-15,5,-294,535
6350,8,3.896e-15,5,-304,564
6350,9,4.819e-15,5,-268,638
6350,10,0.000909,1.447,371.6,692
6350,11,0.0009613999999999999,1.447,383.8,893
6350,12,0.0008661,1.5091,470.7,1189
1688,8,5.765e-05,1.8843,-462,6139
1689,1,0,0,0,195
1689,2,0.0003459,1.6536,-15.9,629
1689,3,0.003972,1.347,169.8,765
1689,4,0.005077,1.347,269,892
1689,5,0.02222,1.1828,455.1,1133
1689,6,0.02422,1.1828,502.8,1577
1689,7,0.0005661,1.6409,66.7,2190
1689,8,5.776e-05,1.8843,-460.6,6134
1691,1,0,0,0,399
1691,2,0.006032,1.257,399,499
1691,3,0.02364,1.257,465.3,668
1691,4,0.005697,1.347,258.6,973
1691,5,0.002635,1.4712,280.2,1554
1691,6,0.000571,1.6409,10,2106
1691,7,5.559e-05,1.8843,-581.4,3586
1692,1,0,0,0,401
1692,2,0.004677,1.257,401,498
1692,3,0.01596,1.257,461.4,672
1692,4,0.005847,1.347,361.5,978
1692,5,0.003202,1.4712,438.2,1554
1692,6,0.000571,1.6409,10,2106
1692,7,5.559e-05,1.8843,-581.4,3586
1693,1,0,0,0,189
1693,2,0.006527,1.2663,141,660
1693,3,0.005649,1.347,263,971
1693,4,0.002685,1.4712,296,1554
1693,5,0.0005710999999999999,1.6409,10,2106
8188,1,0,0,0,337
8188,2,0.0003709,1.3207,290.5,400
8188,3,0.0003559,1.3707,305,534
1693,6,5.559e-05,1.8843,-581,3586
1694,1,0,0,0,189
1694,2,0.006527,1.2663,141,660
1694,3,0.005649,1.347,263,971
1694,4,0.002685,1.4712,296,1554
1694,5,0.0005710999999999999,1.6409,10,2106
1694,6,5.559e-05,1.8843,-581,3700
1696,1,0,0,0,202
1696,2,0.006691,1.2663,172.7,659
1696,3,1.864e-07,2.6731,-289.2,996
1696,4,0.002718,1.4712,337.5,1562
1696,5,0.0005803,1.6409,57.9,2110
1696,6,5.754e-05,1.8843,-502.2,3700
1697,6,2.473e-16,5,-1723.8,1256
1697,7,0.01313,1.2679,505,1586
1697,8,0.04585,1.1163,675.5,2234
1697,9,5.765e-05,1.8843,-462,6139
1697,1,0,0,0,195
1697,2,0.0003953,1.6536,0.5,600
1697,3,0.0008476,1.5558,51.1,782
1697,4,3.835e-09,3.101,-664.4,945
4234,1,0,0,0,332
4234,2,1.062e-05,1.9612,264.6,521
4234,3,1.367e-05,1.9612,295.6,728
4234,4,0.001227,1.3509,488,2836
4235,1,0,0,0,338
4235,2,6.072e-05,1.5162,239.4,410
4235,3,0.0003427,1.3448,319.3,549
4235,4,0.001392,1.2927,452.3,682
1697,5,2.168e-16,5,-1798.5,1078
1698,1,0,0,0,195
1698,2,0.000164,1.6536,-42.4,581
1698,3,0.000604,1.5558,176.8,762
1698,4,7.153e-09,3.101,-186.6,859
1698,5,2.155e-15,5,-643.5,1043
1698,6,9.46e-16,5,-945.3,1209
1698,7,4.786e-16,5,-1259.9,1462
1698,8,0.01513,1.2679,671,1790
1698,9,0.0501,1.1163,796.9,2198
1698,10,5.784e-05,1.8843,-450.5,6139
1699,1,0,0,0,195
1699,2,0.0001535,1.6536,-52.1,611
1699,3,0.0005256,1.5558,158.8,708
1699,4,0.0006472,1.5558,227.5,799
6043,1,0,0,0,189
6043,2,0.008168999999999999,1.2663,148.8,653
6043,3,0.005773,1.347,203.6,967
6043,4,0.002273,1.4712,145.8,1554
6043,5,0.0005710999999999999,1.6409,10,2106
6044,4,0.02093,1.1828,291.3,1554
6044,5,0.0005710999999999999,1.6409,10,2106
6044,6,5.559e-05,1.8843,-581,3700
6045,1,0,0,0,219
6045,2,0.0001488,1.6536,-442.9,553
6045,3,0.00343,1.347,86.40000000000001,795
6045,4,0.02218,1.1828,431.4,995
6045,5,0.02272,1.1828,442.7,1553
6045,6,0.0005643999999999999,1.6409,62.8,2190
6045,7,5.776e-05,1.8843,-460.6,6134
1699,5,1.862e-15,5,-666.8,861
1699,6,2.6e-15,5,-568.1,1045
1699,7,1.495e-15,5,-757,1209
1699,8,4.786e-16,5,-1259.9,1462
1699,9,0.01513,1.2679,671,1790
1699,10,0.0501,1.1163,796.9,2198
1699,11,5.784e-05,1.8843,-450.5,6139
1700,1,0,0,0,195
1700,2,0.0002875,1.6536,25.9,561
1700,3,0.0006578000000000001,1.5558,94.5,680
1700,4,0.0418,1,361.8,802
1700,5,5.368e-16,5,-1225.7,925
1700,6,6.096e-16,5,-1171.7,1066
1700,7,4.519e-16,5,-1309.7,1210
1700,8,3.091e-16,5,-1508.6,1462
1700,9,0.01513,1.2679,671,1790
1700,10,0.0501,1.1163,796.9,2198
1700,11,5.784e-05,1.8843,-450.5,6139
1701,1,0,0,0,272
1701,2,0.0003739,1.6536,-95.3,606
1701,3,0.001114,1.5558,81.2,776
1701,4,4.475e-09,3.101,-689.3,947
1701,5,2.438e-16,5,-1845.4,1107
1701,6,1.127e-16,5,-2338,1347
1701,7,0.09881,0.9993,568.2,1636
1701,8,1.362e-05,2.0447,-698.9,3297
1701,9,1.276e-05,2.0414,-884.4,4575
1701,10,1.276e-05,2.0414,-884.4,6139
1702,1,0,0,0,195
1702,2,0.0002875,1.6536,25.9,561
1702,3,0.0004726,1.5558,-16,687
1702,4,0.03545,1,328.8,797
1702,5,1.086e-15,5,-928.1,929
1702,6,8.275e-16,5,-1032,1068
1702,7,4.874e-16,5,-1266.6,1211
1702,8,3.462e-16,5,-1442,1462
8188,4,0.0005896,1.3893,385.9,678
8188,5,0.000807,1.4025,456.7,2836
8193,1,0,0,0,332
8193,2,1.062e-05,1.9612,264.6,521
8193,3,1.367e-05,1.9612,295.6,728
8193,4,0.001227,1.3509,488,2836
8194,1,0,0,0,345
8194,2,3.361e-05,1.8185,304,728
8194,3,0.001227,1.3509,488,2836
1702,9,0.01526,1.2679,676.7,1748
1702,10,0.04796,1.1163,757.1,2198
1702,11,5.832e-05,1.8843,-421.7,6139
1703,1,0,0,0,195
1703,2,0.0003953,1.6536,0.5,600
1703,3,0.0008476,1.5558,51.1,782
1703,4,3.835e-09,3.101,-664.4,945
1703,5,2.168e-16,5,-1798.5,1078
1703,6,2.473e-16,5,-1723.8,1256
1703,7,0.01313,1.2679,505,1586
1703,8,0.04585,1.1163,675.5,2234
1703,9,5.765e-05,1.8843,-462,6139
1704,1,0,0,0,198
1704,2,0.000123,1.6536,-49.9,541
1704,3,0.01867,1,288.7,684
1704,4,0.02954,1,434.2,793
1704,5,1.869e-15,5,-621.9,958
1704,6,5.723e-15,5,-305.1,1040
1704,7,0.03801,1.1411,743,1252
1704,8,0.999,0.6939,997.9,1465
1704,9,2.156,0.606,1144.9,1735
1704,10,1.208,0.7071,1197.2,2191
1704,11,6.342999999999999e-05,1.8755,-391.2,6143
1705,1,0,0,0,200
1705,2,0.0001148,1.5942,-624.7,486
1705,3,7.564999999999999e-18,5,-3562.7,680
1705,4,1.065e-16,5,-1820.2,810
1705,5,1.647e-16,5,-1600.2,878
1705,6,2.266e-16,5,-1447.2,957
1705,7,5.98e-15,5,-292.3,1079
1705,8,0.000412,1.7651,521.4,1250
1705,9,0.3172,0.8582,914.4,1465
1705,10,2.156,0.606,1144.9,1735
1705,11,1.208,0.7071,1197.2,2191
1705,12,6.342999999999999e-05,1.8755,-391.2,6143
1706,1,0,0,0,200
1706,2,2.461e-16,5,-1635,344
1706,3,2.399e-16,5,-1645,476
1706,4,7.548e-16,5,-1211,629
1706,5,7.691e-16,5,-1204,743
1706,6,8.698e-16,5,-1156,833
1706,7,2.792e-16,5,-1664,927
1706,8,3.805e-16,5,-1508,1074
1706,9,0.0001927,1.7651,-8,1256
1706,10,0.0003442,1.6964,57,1505
1706,11,6.149e-17,5,-2683,1773
1706,12,0.217,0.9285,970,2188
1706,13,6.334e-05,1.8755,-396,6143
1707,1,0,0,0,200
1707,2,1.89e-15,5,-1020.5,328
1707,3,1.967e-15,5,-1009.8,433
1707,4,5.193000000000001e-07,2.527,-395.5,544
1707,5,0.04783,1,190.6,636
1707,6,5.237e-16,5,-1462.3,746
1707,7,3.205e-16,5,-1690.1,838
1707,8,0.06802999999999999,1,351.5,960
1707,9,1.968e-16,5,-1954.6,1127
1707,10,0.0001905,1.7651,-109.7,1309
1707,11,0.0003365,1.6964,-51.9,1522
1707,12,2.945e-17,5,-3447,1781
1707,13,0.193,0.9285,806.2,2188
1707,14,6.334e-05,1.8755,-396,6143
2021,1,0,0,0,225
2021,2,0.007956,1.3553,159,1040
2021,3,0.01412,1.2685,148,2720
2021,4,0.0001007,1.9591,707,3153
2021,5,2.078e-05,1.9432,-2722,8000
2022,1,0,0,0,121
2022,2,0.006964,1.291,-39,716
2022,3,0.003199,1.4669,136,964
2022,4,0.02365,1.2489,425,1609
2022,5,0.03105,1.1857,237,2678
2022,6,0.1911,0.9939,909,4806
2022,7,1.178e-06,2.2282,-3919,8082
2025,1,0,0,0,-200
2025,2,0.0001334,1.8472,-300,2000
2025,3,0.002641,1.4669,-234,4451
2025,4,1.983e-07,2.399,-4748,8000
2047,1,0,0,0,79
2047,2,0.008137999999999999,1.324,79,930
2047,3,0.0007233,1.6168,-188,2004
2047,4,0.003904,1.4317,181,8761
2052,1,0,0,0,111
2052,2,0.01633,1.2208,110,1221
2052,3,0.01241,1.295,302,2468
2052,4,0.002734,1.4691,22,8761
2053,1,0,0,0,60
2053,2,0.0007986,1.6904,60,509
2053,3,0.006095,1.3966,130,865
2053,4,0.005318,1.3828,-1,1482
2053,5,4.96e-05,1.9157,-750,2468
2053,6,0.002734,1.4691,22,8761
2054,1,0,0,0,60
2054,2,0.0007986,1.6904,60,509
2054,3,0.08067000000000001,1.0186,237,868
2054,4,0.007472,1.3537,126,1487
2054,5,0.03968,1.1461,316,2468
2054,6,0.002734,1.4691,22,8761
2056,1,0,0,0,250
2056,2,0.00252,1.5372,249,867
2056,3,0.0009806000000000001,1.6075,27,2150
2056,4,0.003236,1.4455,-40,4310
2056,5,0.00441,1.4196,235,8761
2057,1,0,0,0,185
2057,2,0.01179,1.2911,184,937
2057,3,0.01108,1.2911,147,2286
2057,4,0.004503,1.4169,241,8761
2058,1,0,0,0,185
2058,2,0.01179,1.2911,184,937
2058,3,0.01108,1.2911,147,2286
2058,4,0.004503,1.4169,241,8761
2059,1,0,0,0,185
2059,2,0.01327,1.2872,184,1046
2059,3,0.008933999999999999,1.3311,117,2243
2059,4,0.001294,1.5438,-348,8761
2060,1,0,0,0,60
2060,2,0.01869,1.1932,60,947
2060,3,0.01307,1.256,110,1220
2060,4,0.005469,1.3911,166,2468
2060,5,0.002734,1.4691,22,8761
2061,1,0,0,0,60
2061,2,0.0007986,1.6904,60,509
2061,3,0.08067000000000001,1.0186,237,868
2061,4,0.0004363,1.713,-106,1492
2061,5,1.469e-08,2.817,-1947,2251
2061,6,0.0129,1.2932,274,4150
2061,7,0.002734,1.4691,22,8761
2062,1,0,0,0,100
2062,2,0.005052,1.3966,-32,4699
2062,3,2.169e-07,2.3893,-4760,7998
2066,1,0,0,0,172
2066,2,0.01251,1.2933,134,4860
2066,3,6.319e-08,2.5128,-5120,8001
2070,1,0,0,0,121
2070,2,0.002276,1.457,-72,709
2070,3,3.627e-05,2.0595,-121,1060
2070,4,0.1448,0.9966,514,2720
2070,5,0.005273,1.3939,80,4806
2070,6,5.41e-05,1.8536,-2051,8082
2071,1,0,0,0,92
2071,2,0.001005,1.6075,23,1126
2071,3,2.578e-05,2.0294,-436,1388
2071,4,0.1409,1.0082,668,2762
2071,5,0.01745,1.269,500,4818
2071,6,1.178e-06,2.2282,-3919,8082
2072,1,0,0,0,147
2072,2,0.0009107,1.5712,67,684
2072,3,0.05697,1.0686,421,917
2072,4,0.02251,1.2428,478,1136
2072,5,0.03213,1.1901,487,1365
2072,6,0.1433,1.0098,697,2762
2072,7,0.1237,1.045,924,4850
2072,8,0.0005162,1.63,-959,8082
2085,1,0,0,0,-56
2085,2,0.0005987,1.502,-57,540
2085,3,2.933e-05,1.7833,-642,1193
2085,4,1.166e-05,1.9178,-560,2000
2086,1,0,0,0,-150
2086,2,0.000174,1.5497,-169,162
2086,3,1.501e-05,1.9942,-149,377
2086,4,0.005127,1.1943,112,841
2086,5,0.0002901,1.507,-404,1193
2086,6,1.166e-05,1.9178,-560,2000
2087,1,0,0,0,-150
2087,2,1.468e-05,1.976,-186,91
2087,3,0.0001286,1.6696,-121,340
2087,4,0.001169,1.3961,24,841
2087,5,1.328e-05,1.864,-836,1193
2087,6,9.811e-06,1.9377,-582,2000
2088,1,0,0,0,-103
2088,2,0.000834,1.3256,-119,113
2088,3,0.002114,1.3009,-13,691
2088,4,0.000213,1.553,-373,1193
2088,5,9.811e-06,1.9377,-582,2000
2089,1,0,0,0,-101
2089,2,0.0005093,1.4382,-117.2,76
2089,3,0.0002221,1.597,-116.5,331
2089,4,0.002294,1.2811,4.5,748
2089,5,0.0003054,1.5278,-206.7,1195
2089,6,9.636999999999999e-06,1.9377,-606.3,2000
2090,1,0,0,0,-142
2090,2,5.392e-05,1.751,-161,121
2090,3,3.554e-06,2.2403,-156,348
2090,4,0.001997,1.3229,33,825
2090,5,0.0006576,1.3966,-405,1193
2090,6,6.785999999999999e-07,2.2403,-950,2000
8244,1,0,0,0,200
8244,2,1.89e-15,5,-1020.5,328
8244,3,1.967e-15,5,-1009.8,433
8244,4,5.726e-07,2.527,-364,544
8244,5,0.05313,1,222.1,640
8244,6,1.019e-15,5,-1211.8,743
8244,7,3.323e-16,5,-1703,835
8244,8,0.07109,1,342.7,963
8244,9,1.772e-16,5,-2051.4,1098
8244,10,0.0002072,1.7651,-83.40000000000001,1320
8244,11,0.0003569,1.6964,-46,1515
8244,12,3.955e-17,5,-3211.6,1885
8244,13,0.1702,0.9647,864.7,2229
8244,14,6.765e-05,1.8755,-436.4,2813
8244,15,6.511000000000001e-05,1.8755,-503.2,3339
2091,1,0,0,0,-150
2091,2,5.455e-06,2.1348,-193,386
2091,3,1.279e-05,2.0486,-114,650
2091,4,0.001272,1.3263,-237,1193
2091,5,1.166e-05,1.9178,-560,2000
2092,1,0,0,0,-143
2092,2,2.549e-05,1.8678,-187,115
2092,3,0.0003925,1.5464,-54,346
2092,4,0.003503,1.2428,50,829
2092,5,0.0001197,1.5971,-641,1193
2092,6,9.811e-06,1.9377,-582,2000
2093,1,0,0,0,-161
2093,2,3.537e-06,2.2051,-284,470
2093,3,0.0008437,1.3729,-306,1123
2093,4,1.012e-05,1.9327,-599,2000
2100,1,0,0,0,-143
2100,2,0.0002109,1.5372,-169,79
2100,3,3.765e-05,1.8773,-150,340
2100,4,0.001548,1.3499,-10,829
2100,5,0.0001197,1.5971,-641,1193
2100,6,9.811e-06,1.9377,-582,2000
2101,1,0,0,0,-140
2101,2,6.925e-05,1.713,-201,125
2101,3,0.001243,1.3614,-49,343
2101,4,0.0004393,1.5213,-71,829
2101,5,0.0001095,1.6075,-653,1193
2101,6,2.712e-06,2.0838,-759,2000
2102,1,0,0,0,-143
2102,2,2.549e-05,1.8678,-187,115
2102,3,0.0003925,1.5464,-54,346
2102,4,0.003503,1.2428,50,829
2102,5,0.0001197,1.5971,-641,1193
2102,6,9.811e-06,1.9377,-582,2000
2103,1,0,0,0,-139
2103,2,0.0001131,1.6525,-139,119
2103,3,0.0009338,1.4196,-26,346
2103,4,0.003503,1.2428,50,829
2103,5,0.0001197,1.5971,-641,1193
2103,6,9.811e-06,1.9377,-582,2000
2104,1,0,0,0,-103
2104,2,0.0009696,1.3256,-117,110
2104,3,0.001094,1.3712,-64,343
2104,4,0.001002,1.4113,-22,740
2104,5,0.0002497,1.5278,-401,1193
2104,6,9.811e-06,1.9377,-582,2000
2105,1,0,0,0,-139
2105,2,3.976e-05,1.8228,-162,112
2105,3,0.000641,1.4746,-44,345
2105,4,0.008881,1.1126,90,829
2105,5,0.0001197,1.5971,-641,1193
2105,6,9.811e-06,1.9377,-582,2000
2106,1,0,0,0,-139
2106,2,3.976e-05,1.8228,-162,112
2106,3,0.000641,1.4746,-44,345
2106,4,0.008881,1.1126,90,829
2106,5,0.0001197,1.5971,-641,1193
2106,6,9.811e-06,1.9377,-582,2000
2107,1,0,0,0,-87
2107,2,0.001355,1.2614,-88.90000000000001,121
2107,3,0.0006592,1.4746,-36.9,345
2107,4,0.008881,1.1126,90,829
2107,5,0.0001197,1.5971,-641,1193
2107,6,9.811e-06,1.9377,-582,2000
2108,1,0,0,0,-105
2108,2,0.0007391,1.3168,-128.8,89
2108,3,0.0008727,1.4058,-48.6,347
2108,4,0.0006162,1.497,0.2,762
2108,5,1.012e-05,1.8914,-914.8,1183
2108,6,8.599e-06,1.9377,-717.3,2029
2109,1,0,0,0,-103
2109,2,0.0007279,1.3256,-120.8,107
2109,3,0.001286,1.3712,-18.6,343
2109,4,0.001002,1.4113,-22,740
2109,5,1.209e-05,1.8914,-721,1193
2109,6,9.811e-06,1.9377,-582,2000
2110,1,0,0,0,-103
2110,2,0.0007281,1.3256,-121,107
2110,3,0.001286,1.3712,-19,343
2110,4,0.001002,1.4113,-22,740
2110,5,1.209e-05,1.8914,-721,1193
2110,6,9.811e-06,1.9377,-582,2000
2111,1,0,0,0,-146
2111,2,0.0003059,1.4382,-175.6,-70
2111,3,0.0003059,1.4382,-175.6,-15
2111,4,0.0003611,1.4382,-158.1,29
2111,5,0.000492,1.4382,-121.9,76
2111,6,0.0002221,1.597,-116.5,331
2111,7,0.002294,1.2811,4.5,748
2111,8,0.0003054,1.5278,-206.7,1195
2111,9,9.575999999999999e-06,1.9377,-612.1,3000
2130,1,0,0,0,350
2130,2,0.0002789,1.8185,349,408
2130,3,0.0006005,1.5696,339,920
2130,4,0.002426,1.2208,-220,2200
2131,1,0,0,0,303
2131,2,6.628e-06,2.1348,244,429
2131,3,0.000759,1.5448,366,920
2131,4,0.002426,1.2208,-220,2200
2132,1,0,0,0,350
2132,2,0.0001348,1.713,347,450
2132,3,0.0002261,1.7321,377,617
2132,4,0.0009182,1.5433,428,920
2132,5,0.002426,1.2208,-220,2200
2133,1,0,0,0,350
2133,2,0.0006587,1.4669,349,509
2133,3,0.0006463,1.5114,369,621
2133,4,0.002774,1.3884,477,920
2133,5,0.002426,1.2208,-220,2200
2134,1,0,0,0,323
2134,2,4.064e-05,1.9551,313,409
2134,3,0.002054,1.2443,353,490
2134,4,4.558e-05,1.9635,333,625
2134,5,0.001156,1.5103,436,920
2134,6,0.002426,1.2208,-220,2200
2135,1,0,0,0,359
2135,2,0.001887,1.2208,358,483
2135,3,0.0005034,1.5662,383,512
2136,1,0,0,0,306
2136,2,0.0002529,1.4893,306,460
2136,3,0.0001556,1.7795,371,603
2136,4,0.001931,1.4372,456,920
2136,5,0.002426,1.2208,-220,2200
2137,1,0,0,0,305
2137,2,7.983999999999999e-05,1.7892,305,468
2137,3,0.0002698,1.6761,357,604
2137,4,0.0006953,1.5817,416,920
2137,5,0.002426,1.2208,-220,2200
2138,1,0,0,0,310
2138,2,0.0001629,1.6492,290,466
2138,3,0.002259,1.3263,381,577
2138,4,0.003339,1.3405,438,919
2138,5,0.002684,1.2093,-203,2200
2139,1,0,0,0,350
2139,2,0.000258,1.6547,350,618
2139,3,0.001611,1.4701,462,920
2139,4,0.002426,1.2208,-220,2200
2141,1,0,0,0,250
2141,2,4.91e-05,1.8536,244,592
2141,3,4.682e-05,2.0294,377,840
2141,4,0.002427,1.2208,-219,2200
2148,1,0,0,0,350
2148,2,0.0003007,1.6778,337,920
2148,3,0.002417,1.2208,-225,2200
2149,1,0,0,0,330
2149,2,9.585000000000001e-06,2.2051,314,920
2169,5,0.00116,1.3624,286.1,410
2169,6,2.832e-05,1.9744,227.7,490
2169,7,2.951e-05,1.9744,233.1,691
2169,8,0.001423,1.3921,324.1,977
2169,9,0.004694,1.1658,151.5,3000
2170,1,0,0,0,245
2170,2,6.425e-05,1.8392,236.9,273
2170,3,6.093e-05,1.8392,235.9,290
2170,4,5.977e-05,1.8392,235.3,300
2170,5,6.575e-05,1.8392,238.6,351
2170,6,0.0003287,1.5865,264.5,390
2170,7,0.0002953,1.5865,255.7,443
2170,8,0.0005812,1.5014,282.5,490
2170,9,0.0006426,1.5014,295.9,524
2170,10,0.0002435,1.6646,284.1,689
2170,11,0.002364,1.319,340.6,977
2170,12,0.004694,1.1658,151.5,3000
2171,1,0,0,0,272
2171,2,0.0009412,1,255,289
2171,3,0.0023,1,275,299
2171,4,1.441e-12,5,168,337
2171,5,0.008592000000000001,1.0169,315,390
2171,6,0.0003071,1.5865,260,443
2171,7,0.0005812,1.5014,283,490
2171,8,0.0006427,1.5014,296,524
2171,9,0.0002435,1.6646,284,689
2171,10,0.002364,1.319,341,977
2171,11,0.004694,1.1658,152,3000
6545,1,0,0,0,-127
6545,2,0.0003569,1.4382,-147,-85
6545,3,0.001508,1.2015,-127,30
6545,4,0.0004686,1.4382,-124,98
6545,5,8.601e-05,1.7601,-119,396
6545,6,0.009337,1.0927,76,436
6545,7,0.02498,0.9635,150.6,1198
6545,8,9.269000000000001e-06,1.9377,-673.4,3000
8015,1,0,0,0,-127
2149,3,0.002418,1.2208,-225,2200
2150,1,0,0,0,270
2150,2,1.353e-05,2.0029,270,363
2150,3,1.353e-05,2.0029,270,427
2150,4,0.003542,1.256,389,480
2150,5,7.546999999999999e-05,1.8888,326,572
2150,6,7.546999999999999e-05,1.8888,326,668
2150,7,7.546999999999999e-05,1.8888,326,746
2150,8,7.546999999999999e-05,1.8888,326,828
2150,9,7.546999999999999e-05,1.8888,326,920
2150,10,0.002426,1.2208,-220,1150
2150,11,0.002426,1.2208,-220,1451
2150,12,0.002426,1.2208,-220,1735
2150,13,0.002426,1.2208,-220,2200
2151,1,0,0,0,301
2151,2,0.0004062,1.4591,301,469
2151,3,0.0001185,1.8415,356,602
2151,4,0.007317,1.2245,467,920
2151,5,0.002426,1.2208,-220,2200
2152,1,0,0,0,319
2152,2,8.092e-05,1.7057,265,516
2152,3,0.003819,1.2614,433,630
2152,4,0.01067,1.1857,514,920
2152,5,0.001649,1.2654,-295,2200
2153,1,0,0,0,361
2153,2,0.0002521,1.5394,308,526
2153,3,0.0009008,1.514,423,600
2154,1,0,0,0,319
2154,2,0.001556,1.1872,318,420
2154,3,0.001164,1.469,369,591
2154,4,0.005412,1.256,428,921
2154,5,0.002391,1.2225,-223,2200
2155,1,0,0,0,252
2155,2,0.001474,1.2208,249,419
2155,3,0.0001296,1.7229,263,730
2155,4,0.01721,1.1263,572,932
2155,5,0.00524,1.1313,-70,2200
2156,1,0,0,0,253
2156,2,0.0005147,1.4349,236,358
2156,3,0.001255,1.3614,276,719
2156,4,0.006703,1.2626,529,932
2156,5,0.00524,1.1313,-70,2200
2157,1,0,0,0,220
2157,2,8.267000000000001e-06,1.3,220,260
2157,3,0.0009268,1.3597,258.9,345
2157,4,0.001514,1.3329,279.9,719
2157,5,0.006703,1.2626,529,932
2157,6,0.00524,1.1313,-70,2200
2158,1,0,0,0,247
2158,2,0.0008032,1.1987,234.2,340
2158,3,0.004727,1.1614,313.2,719
2158,4,0.006703,1.2626,529,932
2158,5,0.00524,1.1313,-70,2200
2159,1,0,0,0,245
2159,2,0.0002997,1.4382,232.8,298
2159,3,0.01896,0.5709,271.9,340
2159,4,0.004074,1.1949,312.8,711
7678,1,0,0,0,249
7678,2,0.0009375,1,141.3,281
7678,3,3.802e-15,5,-228.9,295
7678,4,4.333e-14,5,-27,320
7678,5,1.298e-13,5,41.4,345
7678,6,0.006703,1.0169,298.2,362
7678,7,0.0003161,1.5865,263.6,443
7678,8,0.0005812,1.5014,283,490
7678,9,0.0006427,1.5014,296,524
7678,10,0.0001853,1.6646,241.4,701
7678,11,0.002215,1.319,351.7,977
2159,5,0.006263,1.2626,505.5,932
2159,6,0.00524,1.1313,-70,2200
2160,1,0,0,0,243
2160,2,0.0003644,1.3086,195.5,351
2160,3,0.003466,1.2344,317,704
9107,1,0,0,0,250
9107,2,0.0011,1,210,280
9107,3,0.003265,1.0493,259.7,300
9107,4,5.167e-07,2.5226,150.5,311
9107,5,1.122e-13,5,32.2,345
9107,6,2.626e-13,5,81,362
9107,7,0.0003161,1.5865,263.6,443
9107,8,0.0005812,1.5014,283,490
9107,9,0.0006427,1.5014,296,524
9107,10,0.0001853,1.6646,241.4,701
9107,11,0.002215,1.319,351.7,977
2160,4,0.005797,1.2626,478.6,932
2160,5,0.00524,1.1313,-70,2200
2161,1,0,0,0,243
2161,2,0.0005834,1.2245,203.3,353
2161,3,0.002875,1.2668,317,702
2161,4,0.002366,1.3921,442.3,932
2161,5,0.00524,1.1313,-70,2200
2162,1,0,0,0,243
2162,2,0.0008958,1.2245,233,362
2162,3,0.002178,1.3135,314.8,691
2162,4,0.002254,1.3921,428.3,937
2162,5,0.005199,1.1313,-85.09999999999999,2200
2163,1,0,0,0,243
2163,2,0.0008958,1.2245,233,362
2163,3,0.002178,1.3135,314.8,691
2163,4,0.002254,1.3921,428.3,937
2163,5,0.005199,1.1313,-85.09999999999999,2200
2164,1,0,0,0,243
2164,2,0.001466,1.2245,236,416
2164,3,0.001372,1.3921,315,691
2164,4,0.002254,1.3921,428,937
2164,5,0.00391,1.1658,-130,2200
2166,1,0,0,0,250
2166,2,0.001666,1.2245,248.8,423
2166,3,0.001377,1.3921,315.7,691
2166,4,0.002254,1.3921,428,937
2166,5,0.00391,1.1658,-130,2200
2167,1,0,0,0,250
2167,2,0.00018,1.6376,245.6,388
2167,3,0.0002687,1.6415,277.6,691
2167,4,0.002254,1.3921,428,937
2167,5,0.00391,1.1658,-130,2200
2168,3,0.001144,1.3624,284.1,410
2168,4,2.901e-05,1.9744,229.1,691
2168,5,0.001444,1.3921,327.9,974
2168,6,0.004418,1.1658,104.4,2200
2168,1,0,0,0,249
2168,2,4.192e-05,1.8392,218.1,345
2169,1,0,0,0,245
2169,2,6.074e-05,1.8392,236.7,273
2169,3,5.286e-05,1.8392,233.8,300
2169,4,4.975e-05,1.8392,231.6,345
2203,1,0,0,0,-96
2203,2,0.0006314,1.6277,-100,180
2203,3,0.001207,1.519,-93,1230
2203,4,0.01409,1.2262,235,3000
2204,1,0,0,0,-97
2204,2,0.0001137,1.8892,-105,170
2204,3,0.001726,1.4796,-37,1231
2204,4,0.01261,1.239,213,3000
2205,1,0,0,0,-107
2205,2,0.00336,1.2861,-107,181
2205,3,0.005351,1.3328,14.4,531
2205,4,0.001974,1.4492,-91.3,1444
2205,5,0.0008379,1.5475,-231.9,3000
2206,1,0,0,0,-133
2206,2,0.0004407,1.3871,-269.6,19
2206,3,0.0009628,1.5267,-84.09999999999999,128
2206,4,0.02525,1.0784,33,313
2206,5,0.000947,1.5466,-112,1498
2206,6,0.002209,1.4361,-79,3000
2215,1,0,0,0,-85
2215,2,0.0003366,1.6316,-152,51
2215,3,0.0007754,1.5723,-95,294
2215,4,0.001931,1.4669,-27,1478
2215,5,2.896e-05,1.9139,-973,3000
2216,1,0,0,0,-85
2216,2,0.0003366,1.6316,-152,51
2216,3,0.0007754,1.5723,-95,294
2216,4,0.001931,1.4669,-27,1478
2216,5,2.896e-05,1.9139,-973,3000
2217,1,0,0,0,-84
2217,2,0.001639,1.335,-124,41
2217,3,0.0003505,1.7096,-92,298
2217,4,0.0003276,1.686,-142,1498
2217,5,0.002209,1.4361,-79,3000
2218,1,0,0,0,-130
2218,2,2.713e-06,2.2288,-268,128
2218,3,0.03072,1.0412,82,317
2218,4,0.001015,1.5466,-41,1498
2218,5,0.002209,1.4361,-79,3000
2219,1,0,0,0,-107
2219,2,0.00336,1.2861,-107,181
2219,3,0.005349,1.3328,14,531
2219,4,0.002082,1.4492,-68.8,1485
2219,5,0.0008061,1.5475,-313.8,3000
2220,1,0,0,0,-134
2220,2,0.002057,1.2894,-159.8,142
2220,3,0.006039,1.3251,27.2,310
2220,4,0.001348,1.5063,-78.2,1487
2220,5,0.002173,1.4361,-115.8,3000
2221,1,0,0,0,-132
2221,2,0.001314,1.3871,-140,-2
2221,3,0.03693,0.6263,-268,126
2221,4,0.02474,1.0784,79,317
2221,5,0.001016,1.5466,-40,1498
2221,6,0.002209,1.4361,-79,3000
2222,1,0,0,0,-132
2222,2,0.001314,1.3871,-140,-2
2222,3,0.03693,0.6263,-268,126
2222,4,0.02474,1.0784,79,317
2222,5,0.001016,1.5466,-40,1498
2222,6,0.002209,1.4361,-79,3000
2223,1,0,0,0,-132
2223,2,0.0009010999999999999,1.3871,-142.7,-2
2223,3,0.0003555,1.6843,-104.1,128
2223,4,0.02525,1.0784,33,313
2223,5,0.000947,1.5466,-112,1498
2223,6,0.002209,1.4361,-79,3000
2224,1,0,0,0,-133
2224,2,0.0004407,1.3871,-269.6,19
2224,3,0.0009628,1.5267,-84.09999999999999,128
2224,4,0.02525,1.0784,33,313
2224,5,0.000947,1.5466,-112,1498
2224,6,0.002209,1.4361,-79,3000
2225,1,0,0,0,-120
2225,2,0.0003653,1.6541,-138.6,-50
2225,3,0.002856,1.2861,-114.6,-5
2225,4,0.00351,1.2861,-98.40000000000001,180
2225,5,0.005042,1.3328,5.9,533
2225,6,0.001872,1.4492,-98.3,760
2225,7,0.00195,1.4492,-74.40000000000001,1040
2225,8,0.002162,1.4492,1.9,1444
2225,9,0.0008379,1.5475,-231.9,3000
2226,1,0,0,0,-121
2226,2,0.001316,1.4091,-126.6,-22
2226,3,0.001637,1.4091,-111.6,181
2226,4,0.003684,1.3328,-39.4,223
2226,5,0.004599,1.3328,0.9,320
2226,6,0.00488,1.3328,14.7,585
2226,7,0.002002,1.4492,-48.6,1099
2226,8,0.002242,1.4492,37.7,1444
2226,9,0.0008379,1.5475,-231.9,3000
2227,1,0,0,0,-121
2227,2,0.002043,1.3141,-125.8,-50
2227,3,0.002698,1.3141,-111.3,20
2227,4,0.003134,1.3141,-97.2,169
2227,5,0.003632,1.3328,-51.4,209
2227,6,0.004138,1.3328,-27.1,321
2227,7,0.00474,1.3328,6.6,462
2227,8,0.004427,1.3328,-18.4,621
2227,9,0.002225,1.4492,9.199999999999999,1265
2227,10,0.0008630000000000001,1.5475,-206.7,4000
2228,1,0,0,0,-121
2228,2,0.001959,1.3141,-125.9,-40
2228,3,0.002576,1.3141,-109.8,25
2228,4,0.003309,1.3141,-86.40000000000001,169
2228,5,0.003632,1.3328,-51.4,209
2228,6,0.004138,1.3328,-27.1,321
2228,7,0.00474,1.3328,6.6,462
2228,8,0.004427,1.3328,-18.4,621
2228,9,0.002225,1.4492,9.199999999999999,1265
2228,10,0.0008630000000000001,1.5475,-206.7,4000
2230,1,0,0,0,182
2230,2,0.0006688,1.6426,181,482
2230,3,0.00104,1.5146,118,1193
2230,4,1.012e-05,2.0408,-523,1856
2230,5,0.0143,1.1943,505,4200
2231,1,0,0,0,182
2231,2,0.0008469,1.5717,181,439
2231,3,0.00553,1.2983,243,1193
2231,4,1.012e-05,2.0408,-523,1856
2231,5,0.0143,1.1943,505,4200
2232,1,0,0,0,58
2232,2,0.0006552,1.3966,57,232
2232,3,0.0002558,1.7224,118,389
2232,4,2.374e-06,2.3678,-36,520
2232,5,0.007842,1.256,284,1194
2232,6,3.491e-07,2.4249,-933,1856
2232,7,0.0143,1.1943,505,4200
2233,1,0,0,0,145
2233,2,0.0009017,1.4158,109,290
2233,3,0.002854,1.3807,200,580
2233,4,0.003198,1.3614,200,2473
2233,5,1.097e-05,2.0058,-745,3960
2234,1,0,0,0,148
2234,2,0.001417,1.3421,127,284
2234,3,0.01077,1.1615,224,578
2234,4,0.003529,1.3548,229,2406
2234,5,0.02016,1.157,609,4074
2243,1,0,0,0,200
2243,2,0.00158,1.4863,176,700
2243,3,0.004642,1.3046,150,1400
2243,4,0.008396000000000001,1.2373,260,4200
2244,1,0,0,0,191
2244,2,0.001285,1.5459,191,681
2244,3,0.03387,1.045,265,1416
2244,4,0.005151,1.2911,126,4200
2245,1,0,0,0,200
2245,2,0.00212,1.4669,195,681
2245,3,0.03387,1.045,265,1416
2245,4,0.005151,1.2911,126,4200
2246,1,0,0,0,177
2246,2,0.0009111,1.5723,163,445
2246,3,9.067e-05,1.8315,-2,1416
2246,4,0.005151,1.2911,126,4200
2247,1,0,0,0,180
2247,2,0.001108,1.5723,179,431
2247,3,2.449e-05,2.0007,-88,1197
2247,4,4.635e-05,1.8618,-354,1856
2247,5,0.0143,1.1943,505,4200
2250,1,0,0,0,182
2250,2,0.0005445,1.6635,182,421
2250,3,0.001104,1.5147,165,1193
2250,4,9.800999999999999e-07,2.3089,-792,1856
2250,5,0.0143,1.1943,505,4200
2251,1,0,0,0,182
2251,2,0.0008098,1.5372,181,321
2251,3,0.00229,1.4212,220,1193
2251,4,1.012e-05,2.0408,-523,1856
2251,5,0.0143,1.1943,505,4200
2252,1,0,0,0,144
2252,2,0.001461,1.3263,113,289
2252,3,0.003774,1.3427,207,581
8187,1,0,0,0,260
8187,2,0.0003161,1.1696,257.3,316
2252,4,0.002285,1.4038,169,2473
2252,5,0.001562,1.4532,172,4027
2253,1,0,0,0,146
2253,2,0.0006657,1.502,128,275
2253,3,0.006962,1.2339,210,334
2253,4,0.001425,1.502,183,577
2253,5,0.003642,1.3433,179,2473
2253,6,0.002753,1.3998,417,3962
2254,1,0,0,0,145
2254,2,0.0009017,1.4158,109,290
2254,3,0.002854,1.3807,200,580
2254,4,0.003198,1.3614,200,2473
2254,5,1.097e-05,2.0058,-745,3960
2255,1,0,0,0,145
2255,2,0.0009017,1.4158,109,290
2255,3,0.002854,1.3807,200,580
2255,4,0.003198,1.3614,200,2473
2255,5,1.097e-05,2.0058,-745,3960
2256,5,0.001562,1.4532,172,4027
2256,1,0,0,0,141
2256,2,0.0003618,1.4734,-41.7,298
2256,3,0.001424,1.4855,169,579
2256,4,0.002162,1.4102,160,2473
2257,1,0,0,0,145
2257,2,0.00128,1.3625,123,275
2257,3,0.003093,1.3729,198,579
2257,4,0.002162,1.4102,160,2473
2257,5,0.001562,1.4532,172,4027
2258,1,0,0,0,145
2258,2,0.0004519,1.4488,70,265
2258,3,0.003763,1.3438,204,579
2258,4,0.002162,1.4102,160,2473
2258,5,0.001562,1.4532,172,4027
2259,1,0,0,0,60
2259,2,0.0003924,1.4488,-48,283
2259,3,0.003699,1.3438,185,582
2259,4,0.002336,1.3998,147,2473
2259,5,0.001562,1.4532,172,4027
2260,1,0,0,0,36
2260,2,2.719e-05,2.0348,-6.9,150
2260,3,2.128e-05,1.8964,-108,284
2260,4,0.003715,1.3438,186,582
2260,5,0.002336,1.3998,147,2473
2260,6,0.001562,1.4532,172,4027
2261,1,0,0,0,36
2261,2,0.000381,1.296,-16.8,101
2261,3,0.0019,1.4047,75.09999999999999,150
2261,4,5.143e-05,1.7585,-94.90000000000001,284
2261,5,0.003715,1.3438,186,582
2261,6,0.002336,1.3998,147,2473
2261,7,0.001562,1.4532,172,4027
2262,1,0,0,0,36
2262,2,0.000381,1.296,-16.8,101
2262,3,0.0019,1.4047,75.09999999999999,150
2262,4,5.143e-05,1.7585,-94.90000000000001,284
2262,5,0.003715,1.3438,186,582
2262,6,0.002336,1.3998,147,2473
2262,7,0.001562,1.4532,172,4027
2269,1,0,0,0,24
2269,2,0.0008527,1.4305,9.5,158
2269,3,3.943e-05,1.9425,-35.4,237
8187,3,3.965e-05,1.6332,250.2,382
2269,4,0.0002396,1.7151,36.9,680
2269,5,0.00109,1.4899,60.2,2583
2269,6,1.847e-05,1.9403,-757.5,4027
2270,1,0,0,0,24
2270,2,0.0007714,1.4058,-3.4,111
2270,3,0.002654,1.1724,8.5,186
2270,4,0.0009888,1.5102,78.90000000000001,676
2270,5,0.002105,1.4102,126.2,2470
2270,6,1.841e-05,1.9403,-766.2,4027
2271,1,0,0,0,-100
2271,2,0.0001325,1.4058,-200.1,76
2271,3,0.001405,1.1724,-36.8,106
2271,4,0.002027,1.1724,1.5,135
2271,5,0.003057,1.1724,41,158
2271,6,0.004146,1.1724,67.8,180
2271,7,0.001002,1.5102,80,590
2271,8,0.00214,1.4102,126.6,1013
2271,9,0.002059,1.4102,102,2001
2271,10,0.001374,1.4605,69.8,5000
2284,6,0.0001079,1.8096,802,2301
2284,7,4.112e-05,1.9942,1068,3208
2284,1,0,0,0,112
2284,2,7.545e-05,1.7762,59,368
2284,3,0.0004256,1.502,90,703
2284,4,0.001602,1.3807,290,1500
2284,5,2.842e-05,1.7722,-954,2000
2285,1,0,0,0,101
2285,2,0.000145,1.6453,69,715
2285,3,3.105e-05,1.8839,70,969
2285,4,0.002272,1.3179,326,2236
2285,5,0.0004531,1.713,1379,3237
2286,1,0,0,0,116
2286,2,0.0001739,1.6207,76,715
2286,3,0.003811,1.256,359,1508
2286,4,0.0006722,1.4261,-170,1997
2286,5,0.0005867,1.5849,906,2383
2286,6,0.00344,1.4669,1586,3237
2287,1,0,0,0,108
2287,2,0.0001232,1.692,70,405
2287,3,0.001073,1.4003,167,780
2287,4,0.003388,1.2663,292,1444
2287,5,0.0006284,1.4317,-211,1996
2287,6,1.7e-05,2.0146,569,2394
2287,7,0.0008419,1.6421,1463,3236
2288,1,0,0,0,117
2288,2,0.0001109,1.7052,76.09999999999999,374
2288,3,0.001474,1.357,183,780
2288,4,0.01314,1.0801,376,1440
2288,5,0.002728,1.2714,154,2111
2288,6,0.002918,1.424,1282,2394
2288,7,0.0008419,1.6421,1463,3236
2293,1,0,0,0,106
2293,2,4.353e-05,1.7762,16.3,162
2293,3,9.058e-05,1.7762,65.59999999999999,188
2293,4,6.669e-05,1.7762,42.5,227
2293,5,7.187e-05,1.7762,50.1,245
2293,6,7.187e-05,1.7762,50.1,368
2293,7,0.0005182,1.502,123.7,700
2293,8,0.001605,1.3508,191.7,1252
9852,1,0,0,0,106
9852,2,5.662e-05,1.7762,25,187
9852,3,5.728e-05,1.7762,26,227
9852,4,7.187e-05,1.7762,50.1,368
9852,5,0.0005182,1.502,123.7,700
9852,6,0.001605,1.3508,191.7,1252
9852,7,0.001582,1.3508,180.4,2071
9852,8,1.296e-17,5,-2970.6,2608
9852,9,0.001069,1.5278,1192.1,3510
9852,10,1.294e-17,5,-2971.5,4144
9854,1,0,0,0,112
9854,2,7.545e-05,1.7762,59,368
9854,3,0.0005182,1.502,123.7,700
9854,4,0.001605,1.3508,191.7,1252
9854,5,0.001435,1.3508,100.4,2064
9854,6,1.835e-17,5,-2595.3,2608
2293,9,0.001582,1.3508,180.4,2071
2293,10,1.296e-17,5,-2970.6,2608
2293,11,0.001069,1.5278,1192.1,3510
2293,12,1.294e-17,5,-2971.5,4144
2309,1,0,0,0,108
2309,2,0.0001232,1.692,70,405
2309,3,0.001073,1.4003,167,780
2309,4,0.003388,1.2663,292,1444
2309,5,0.0006284,1.4317,-211,1996
2309,6,1.7e-05,2.0146,569,2394
2309,7,0.0008419,1.6421,1463,3236
2310,2,0.0001799,1.5805,69.3,268
2310,3,0.001638,1.3542,173.9,770
2310,4,0.003101,1.2663,208.8,1444
2310,5,0.0006284,1.4317,-211,1996
2310,6,1.7e-05,2.0146,569,2394
2310,7,0.0008419,1.6421,1463,3236
2310,1,0,0,0,108
2311,1,0,0,0,104
2311,2,0.0005803,1.4025,99.40000000000001,268
2311,3,0.001638,1.3542,173.9,770
2311,4,0.003101,1.2663,208.8,1444
2311,5,0.0006284,1.4317,-211,1996
2311,6,1.7e-05,2.0146,569,2394
2311,7,0.0008419,1.6421,1463,3236
2312,6,1.7e-05,2.0146,569,2394
2312,7,0.0008419,1.6421,1463,3236
2312,1,0,0,0,104
2312,2,0.0005803,1.4025,99.40000000000001,268
2312,3,0.001638,1.3542,173.9,770
2312,4,0.003101,1.2663,208.8,1444
2312,5,0.0006284,1.4317,-211,1996
2313,1,0,0,0,95
2313,2,0.0008536,1.3064,72.8,206
2313,3,0.001868,1.2147,104.9,287
2313,4,0.001335,1.3542,150.5,759
2313,5,0.003461,1.2663,311.4,1444
2313,6,0.0006284,1.4317,-211,1996
2313,7,1.7e-05,2.0146,569,2394
2313,8,0.0008419,1.6421,1463,3236
2314,1,0,0,0,125
2314,2,0.001689,1.3064,125,201
2314,3,0.001844,1.2147,102.9,287
2314,4,0.001335,1.3542,150.5,759
2314,5,0.003461,1.2663,311.4,1444
2314,6,0.0006284,1.4317,-211,1996
2314,7,1.7e-05,2.0146,569,2394
2314,8,0.0008419,1.6421,1463,3236
2315,1,0,0,0,125
2315,2,0.001595,1.3064,125,201
2315,3,0.0008048,1.3723,99.40000000000001,348
2315,4,0.001792,1.3383,190.7,1074
2315,5,0.003436,1.2444,201,1996
2315,6,0.001114,1.508,973.2,2394
2315,7,0.0008419,1.6421,1463,3236
2325,1,0,0,0,793
2325,2,0.1431,1,724.1,852
2325,3,0.007472,1.4805,657.4,1081
2325,4,0.05874,1.1949,760.8,1399
2325,5,0.09962,1.1218,791.9,6122
2326,1,0,0,0,610
2326,2,3.065e-05,2.2748,549.5,698
2326,3,8.027e-13,5,378.6,752
2326,4,3.264e-15,5.822,335.4,809
2326,5,3.918e-13,5,308.5,848
2326,6,1.04e-13,5,144.6,896
2326,7,0.0005067,1.8701,573.4,1092
2326,8,0.03788,1.2564,738.4,1406
2326,9,0.09983,1.1218,791.9,6143
2327,1,0,0,0,794
2327,2,6.053e-13,5,375.4,854
2327,3,0.008538,1.4805,697.1,1082
2327,4,0.05947,1.1949,767.4,1399
2327,5,0.1001,1.1218,794.3,6135
2329,1,0,0,0,610
2329,2,0.0005972,1.7833,608,740
2329,3,6.626e-13,5,387,761
2329,4,5.686e-13,4.9825,367,782
2329,5,0.1481,0.9044,719,814
2329,6,2.26e-13,5,287,839
2329,7,0.05171,1.15,729,889
2329,8,1.175e-13,5,204,994
2329,9,0.8139999999999999,0.7989000000000001,879,1083
2329,10,0.3515,0.9439,863,1399
2329,11,0.09957000000000001,1.1218,790,6143
2335,1,0,0,0,610
2335,2,1.214e-13,5,300.3,702
2335,3,2.283e-05,2.4462,614.9,758
2335,4,0.009986999999999999,1.4382,690.4,824
2335,5,3.801e-13,5,328.1,869
9858,1,0,0,0,125
9858,2,0.00128,1.3064,112.7,207
9858,3,2.798e-05,1.8843,29.1,348
9858,4,0.001816,1.3383,199.8,1074
9858,5,0.003436,1.2444,201,1996
9858,6,0.001114,1.508,973.2,2394
9858,7,0.0008419,1.6421,1463,3236
9859,1,0,0,0,120
9859,2,0.0004697,1.3751,58,252
9859,3,0.0005781,1.4877,138,780
9859,4,0.01314,1.0801,376,1440
9859,5,0.002728,1.2714,154,2111
9859,6,0.002918,1.424,1282,2394
2335,6,1.77e-13,5,238.8,911
2335,7,0.0006184,1.8701,624.8,1017
2335,8,0.0005535,1.8701,600.8,1057
2335,9,0.0006164,1.8701,626.5,1091
2335,10,0.03801,1.2564,740.3,1406
2335,11,0.09369,1.129,782.3,6143
2337,1,0,0,0,607
2337,2,1.528e-12,5,435.3,704
2337,3,1.597e-05,2.4462,579.3,755
2337,4,6.609e-13,5,379.3,824
2337,5,3.954e-13,5,331.1,869
2337,6,0.009195999999999999,1.5047,716.1,930
2337,7,4.737e-14,5,19.7,1021
2337,8,0.0004363,1.9129,591.4,1091
2337,9,0.0441,1.2564,765,1412
2337,10,0.09456000000000001,1.129,728.5,6137
2338,1,0,0,0,610
2338,2,0.0005972,1.7833,608,740
2338,3,6.626e-13,5,387,761
2338,4,5.686e-13,4.9825,367,782
2338,5,0.1481,0.9044,719,814
2338,6,2.26e-13,5,287,839
2338,7,0.05171,1.15,729,889
2338,8,1.175e-13,5,204,994
2338,9,0.8139999999999999,0.7989000000000001,879,1083
2338,10,0.3515,0.9439,863,1399
2338,11,0.1516,1.0751,856.4,2802
2338,12,0.1545,1.0751,891,6001
2339,1,0,0,0,607
2339,2,0.0004592,1.7833,577.4,738
2339,3,1.663e-12,4.7774,348.7,796
2339,4,0.05783,1.0767,702.6,839
2339,5,0.07951,1.0767,737.5,889
2339,6,1.175e-13,5,204,994
2339,7,0.8139999999999999,0.7989000000000001,879,1083
2339,8,0.3515,0.9439,863,1399
2339,9,0.1516,1.0751,856.4,2802
2339,10,0.1545,1.0751,891,6001
2340,1,0,0,0,607
2340,2,7.342e-05,2.1683,573.7,673
2340,3,0.0009909000000000001,1.6843,593.6,715
2340,4,1.275e-12,5,412.9,730
2340,5,0.0002051,2.0656,609.3,746
2340,6,1.029,0.5004999999999999,719.7,762
2340,7,0.0001885,2.0656,602.3,795
2340,8,0.07556,1.0767,702.5,837
2340,9,7.923e-10,3.8393,363.5,886
2340,10,0.001599,1.7535,659.2,944
2340,11,0.001412,1.7535,638.3,1051
2340,12,2.429e-05,2.3007,475,1160
2340,13,0.4655,0.9218,889.7,1450
2340,14,0.3169,0.9762999999999999,866.4,2019
2340,15,0.1724,1.0537,795.4,2764
2340,16,0.155,1.0751,895.5,6150
2341,1,0,0,0,607
2341,2,0.0005652,1.7833,580.7,730
2341,3,0.0005737,1.8788,615.1,797
2341,4,0.07592,1.0767,703.1,837
2341,5,0.08573,1.0767,717.4,880
2341,6,0.001601,1.7535,659.4,944
2341,7,0.001412,1.7535,638.3,1051
2341,8,2.543e-05,2.3007,486.3,1160
2341,9,0.4623,0.9218,885.5,1450
2341,10,0.4152,0.9416,896.3,2060
2341,11,0.4368,0.9416,957.3,2770
2341,12,0.1551,1.0751,899.5,6150
2342,1,0,0,0,607
2342,2,0.000517,1.7833,579.3,730
2342,3,1.539e-12,4.7774,333.9,794
2342,4,0.05698,1.0767,694.1,838
2342,5,0.07097000000000001,1.0767,720.7,889
2342,6,1.175e-13,5,204,994
2342,7,0.8139999999999999,0.7989000000000001,879,1083
2342,8,0.3515,0.9439,863,1399
2342,9,0.1516,1.0751,856.4,2802
2342,10,0.1545,1.0751,891,6001
2343,1,0,0,0,607
2343,2,0.0001072,2.1683,579,639
2343,3,7.564e-05,2.1683,568.6,671
2343,4,0.001039,1.6843,589.2,709
2343,5,9.258e-13,5,385.3,729
2343,6,8.065e-05,2.1806,579.7,769
2343,7,0.9659,0.5439000000000001,726.2,783
2343,8,1.113,0.5439000000000001,739.2,798
2343,9,0.07621,1.0767,703.6,837
2343,10,7.923e-10,3.8393,363.5,886
2343,11,0.001599,1.7535,659.2,944
2343,12,0.001412,1.7535,638.3,1051
2343,13,2.429e-05,2.3007,475,1160
2343,14,0.4655,0.9218,889.7,1450
2343,15,0.3169,0.9762999999999999,866.4,2019
2343,16,0.1724,1.0537,795.4,2764
2343,17,0.155,1.0751,895.5,6150
2344,1,0,0,0,607
2344,2,0.0005326,1.7833,579.7,707
2344,3,4.56e-05,2.2117,555.7,730
2344,4,5.179e-05,2.2117,565.5,761
2344,5,7.373e-05,2.2327,602.2,840
2344,6,0.09372999999999999,1.0767,729.2,891
2344,7,6.748e-12,4.4862,273,922
2344,8,4.522e-12,4.4862,212.4,953
2344,9,2.743e-12,4.4862,125.1,988
2344,10,0.7519,0.7989000000000001,840.2,1030
2344,11,0.8183,0.7989000000000001,859.2,1084
2344,12,0.3551,0.9439,847.1,1128
2344,13,0.3894,0.9439,873.3,1178
2344,14,0.4002,0.9439,881.9,1400
2344,15,0.1495,1.0751,796.1,1579
2344,16,0.148,1.0751,788.8,1809
2344,17,0.1443,1.0751,764.6,2802
2344,18,0.1547,1.0751,892.9,6156
2345,1,0,0,0,607
2345,2,0.0004899,1.7833,578.4,706
2345,3,4.102e-05,2.2117,552.9,730
2345,4,4.302e-05,2.2117,556.7,760
2345,5,5.397e-05,2.2327,585.3,780
2345,6,6.483e-05,2.2327,600.6,816
2345,7,7.973e-05,2.2327,619.7,843
2345,8,0.1022,1.0767,746.5,869
2345,9,0.1268,1.0547,758.6,900
2345,10,0.1346,1.0547,766.5,930
2345,11,4.821e-12,4.4862,223.8,953
2345,12,3.15e-12,4.4862,151.3,988
2345,13,0.7519,0.7989000000000001,840.2,1030
2345,14,0.8183,0.7989000000000001,859.2,1084
2345,15,0.3551,0.9439,847.1,1128
2345,16,0.3894,0.9439,873.3,1178
2345,17,0.4002,0.9439,881.9,1400
2345,18,0.1495,1.0751,796.1,1579
2345,19,0.148,1.0751,788.8,1809
2345,20,0.1443,1.0751,764.6,2802
2345,21,0.1547,1.0751,892.9,6156
2346,1,0,0,0,603
2346,2,4.5e-05,2.1683,542,638
2346,3,5.517e-05,2.1683,550.6,670
2346,4,0.001057,1.6843,588.2,707
2346,5,6.873e-13,5,363.2,729
2346,6,7.440000000000001e-05,2.1806,573.1,762
2346,7,3.654e-13,5,310.7,785
2346,8,2.337e-13,5,266.4,811
2346,9,0.079,1.0767,711.4,838
2346,10,9.449999999999999e-10,3.8393,388.1,886
2346,11,0.001585,1.7535,659.3,946
2346,12,0.0001388,2.0859,571.9,1056
2346,13,2.401e-05,2.3007,473.4,1167
2346,14,0.1004,1.1383,803.1,1450
2346,15,0.3106,0.9762999999999999,854.4,2019
2346,16,0.1782,1.0537,844.5,2773
2346,17,0.07077,1.1608,646.7,6131
2347,1,0,0,0,610
2347,2,7.747e-13,5,396.2,704
2347,3,1.597e-05,2.4462,579.3,755
2347,4,0.008414,1.4382,670.7,824
2347,5,2.828e-13,5,295.1,869
2347,6,2.232e-11,4.3221,303.4,930
2347,7,9.756e-12,4.3221,171.1,1017
2347,8,0.0004276,1.9129,600.8,1091
2347,9,0.03801,1.2564,740.3,1406
2347,10,0.09369,1.129,782.3,6143
2348,1,0,0,0,576
2348,2,4.255e-13,5,327.4,626
2348,3,5.228e-13,5,339.4,650
2348,4,3.177e-13,5,306.9,683
2348,5,3.949e-13,5,322.9,707
2348,6,6.873e-13,5,363.2,729
2348,7,7.440000000000001e-05,2.1806,573.1,762
2348,8,3.654e-13,5,310.7,785
2348,9,2.337e-13,5,266.4,811
2348,10,0.079,1.0767,711.4,838
2348,11,9.449999999999999e-10,3.8393,388.1,886
2348,12,0.001585,1.7535,659.3,946
2348,13,0.0001388,2.0859,571.9,1056
2348,14,2.401e-05,2.3007,473.4,1167
2348,15,0.1004,1.1383,803.1,1450
2348,16,0.3106,0.9762999999999999,854.4,2019
2348,17,0.1782,1.0537,844.5,2773
2348,18,0.07077,1.1608,646.7,6131
2349,7,6.658e-05,2.1806,595.8,750
2349,8,9.181000000000001e-13,5,414,781
2349,9,5.744e-13,5,377.9,812
2349,10,0.06159,1.0767,711.1,846
2349,11,1.088e-09,3.8393,432.3,885
2349,12,0.001899,1.7535,705.1,960
2349,13,0.0001529,2.0859,607.2,1055
2349,14,2.954e-05,2.3007,537.5,1166
2349,15,0.117,1.1224,826.8,1442
2349,16,0.3084,0.9762999999999999,845.9,2019
2349,17,0.1782,1.0537,844.5,2773
2349,18,0.07077,1.1608,646.7,6131
2349,1,0,0,0,614
2349,2,0.009188,1,583.7,630
2349,3,0.0129,1,597.1,651
2349,4,0.02048,1,617,680
2349,5,0.02458,1,627.5,704
2349,6,9.764999999999999e-13,5,417.7,731
2350,1,0,0,0,614
2350,2,1.009e-07,3.3817,533.7,653
2350,3,0.0007279,1.7409,587.4,697
2350,4,1.166e-12,5,402.3,735
2350,5,3.344e-05,2.2715,549.5,784
2350,6,1.518e-13,5,227.6,816
2350,7,0.06388000000000001,1.0767,699.7,847
2350,8,7.268e-10,3.8393,371.5,884
2350,9,1.715e-05,2.4303,581,960
2350,10,0.0001493,2.0859,602.1,1055
2350,11,2.954e-05,2.3007,537.5,1166
2350,12,0.117,1.1224,826.8,1442
2350,13,0.3084,0.9762999999999999,845.9,2019
2350,14,0.1782,1.0537,844.5,2773
2350,15,0.07077,1.1608,646.7,6131
2352,1,0,0,0,607
2352,2,1.424e-12,5,431.7,627
2352,3,0.01275,1,595.2,651
2352,4,2.329e-12,5,452.8,682
2352,5,0.03095,1,634.5,703
2352,6,1.513e-12,5,434.3,731
2352,7,0.0001057,2.1806,613.1,750
2352,8,1.686e-12,5,440.1,786
2352,9,9.806000000000001e-13,5,400.5,815
2352,10,0.1,1.0767,729.7,845
2352,11,8.724e-10,3.8393,369.2,886
2352,12,0.001219,1.7535,612.9,946
2352,13,0.0001388,2.0859,571.9,1056
2352,14,2.401e-05,2.3007,473.4,1167
2352,15,0.1004,1.1383,803.1,1450
2352,16,0.3106,0.9762999999999999,854.4,2019
2352,17,0.1782,1.0537,844.5,2773
2352,18,0.07077,1.1608,646.7,6131
2353,1,0,0,0,609
2353,2,0.008952,1,584,630
2353,3,0.01286,1,598,652
2353,4,0.002697,1.4141,601,681
2353,5,0.0292,1,636,706
2353,6,1.641e-12,5,443,731
2353,7,1.656e-12,5,444,750
2353,8,7.6e-13,5,392,782
2353,9,3.45e-13,5,326,812
2353,10,0.06453,1.0767,710,848
2353,11,1.082e-09,3.8393,426,886
2353,12,0.001741,1.7535,691,961
2353,13,0.0001473,2.0859,599,1055
2353,14,2.954e-05,2.3007,538,1166
2353,15,0.117,1.1224,827,1442
2353,16,0.3084,0.9762999999999999,846,2019
2353,17,0.1782,1.0537,845,2773
2353,18,0.07078,1.1608,647,6131
2354,1,0,0,0,610
2354,2,0.0126,1,549,630
2354,3,0.01318,1,552.6,652
2354,4,0.002401,1.4141,565.8,680
2354,5,0.0268,1,607.2,705
2354,6,1.612e-13,5,266.3,726
2354,7,3.505e-13,5,332.4,750
2354,8,7.6e-13,5,392.3,782
2354,9,3.45e-13,5,325.6,812
2354,10,0.06453,1.0767,709.9,848
2354,11,1.082e-09,3.8393,425.9,886
2354,12,0.001741,1.7535,690.7,961
2354,13,0.0001473,2.0859,599.1,1055
2354,14,2.954e-05,2.3007,537.5,1166
2354,15,0.117,1.1224,826.8,1442
2354,16,0.3084,0.9762999999999999,845.9,2019
2354,17,0.1782,1.0537,844.5,2773
2354,18,0.07077,1.1608,646.7,6131
9797,1,0,0,0,-302
9797,2,5.812e-05,1.9919,-302,87
9797,3,1.228e-05,2.1556,-422,261
9797,4,9.968e-06,2.1556,-491,898
9797,5,0.01019,1.2679,-34,5795
9805,1,0,0,0,-430
9805,2,0.000243,1.5646,-430,-115
9805,3,3.6e-05,1.946,-387,103
9805,4,0.00054,1.7695,-94,455
9805,5,0.1509,0.9488,116,794
9805,6,0.4739,0.7939000000000001,222,1209
9805,7,8.005999999999999e-06,2.015,-2332,5394
9806,1,0,0,0,-460
9806,2,0.002443,1.2328,-460,91
9806,3,0.6084000000000001,0.5004999999999999,-1,105
9806,4,2.413e-05,2.2534,-148,117
9806,5,0.001709,1.6179,-54,450
9806,6,1.116,0.6626,226,793
9806,7,0.4597,0.7939000000000001,186,1212
9806,8,8.099e-06,2.0134,-2325,5395
9807,1,0,0,0,-460
9807,2,0.0003496,1.5728,-460,119
9807,3,0.005232,1.4432,-38,346
9807,4,0.0005578,1.6666,-317,1092
9807,5,4.854,0.5004999999999999,681,1210
9807,6,4.205,0.5004999999999999,506,1355
9807,7,1.088e-05,1.9826,-2249,5395
9808,1,0,0,0,-516
9808,2,0.0008293,1.4371,-516,125
9808,3,0.001214,1.4371,-367,186
9808,4,0.02165,1.1883,3,233
9808,5,0.02554,1.1883,32,947
9808,6,0.002049,1.4948,-274,1185
9808,7,4.191,0.5004999999999999,501,1356
9808,8,1.088e-05,1.9826,-2249,5395
9814,3,1.321e-05,2.0848,-424,374
9814,4,3.114e-05,2.0013,-312,1469
9814,5,2.282e-06,2.1589,-1992,6887
9848,11,1.296e-17,5,-2970.6,2608
2492,1,0,0,0,-13
2492,2,0.0002297,1.3696,-35,70
2492,3,0.0005264,1.3405,7,179
2492,4,0.0007146,1.3817,61,328
2492,5,0.001999,1.3094,162,748
2492,6,0.0001759,1.6088,-62,2600
2493,1,0,0,0,-14
2493,2,0.0002696,1.3696,-30.9,74
2493,3,0.0004204,1.4042,5.8,233
2493,4,0.0004398,1.4816,67,378
2493,5,0.0007326,1.5003,172,500
2493,6,0.0002904,1.5618,27.8,717
2493,7,0.0006009,1.4619,61.9,2600
2494,1,0,0,0,-4
2494,2,0.0001404,1.4982,-44,58
2494,3,4.618e-05,1.7552,-39,209
2494,4,0.0003595,1.502,49,443
2494,5,0.001315,1.3735,174,651
2494,6,0.002095,1.3109,202,2600
2496,1,0,0,0,-30
2496,2,1.925e-06,2.3545,-30,94
2496,3,0.0001377,1.6224,16,326
2496,4,9.393e-05,1.7482,71,671
2496,5,0.0007028,1.4542,123,992
2496,6,0.001362,1.3614,144,1900
2497,1,0,0,0,-30
2497,2,3.553e-05,1.7618,-30,139
2497,3,0.0004386,1.3966,32,267
2497,4,0.0001215,1.713,86,698
2497,5,0.002414,1.2911,206,1900
2498,1,0,0,0,-30
2498,2,5.206e-05,1.6778,-31,65
2498,3,0.001205,1.1857,20,194
2498,4,1.041e-05,2.0601,-2,285
2498,5,1.122e-05,2.0393,-8,705
2498,6,0.0004815,1.5086,110,1004
2498,7,0.001346,1.3614,130,1900
2499,1,0,0,0,-40
2499,2,4.45e-05,1.713,-41,66
2499,3,8.416999999999999e-06,1.9756,-68,120
2499,4,1.369e-05,1.9942,-20,259
2499,5,5.862e-07,2.4513,-94,643
2499,6,0.00312,1.256,217,1386
2499,7,0.01045,1.1153,420,2114
2500,1,0,0,0,-40
2500,2,5.871e-05,1.6426,-41,60
2500,3,0.0004302,1.3159,-10,120
2500,4,1.369e-05,1.9942,-20,259
2500,5,5.862e-07,2.4513,-94,643
2500,6,0.00312,1.256,217,1386
2500,7,0.01045,1.1153,420,2114
2501,1,0,0,0,-40
2501,2,5.871e-05,1.6426,-41,60
2501,3,0.0004302,1.3159,-10,120
2501,4,0.001169,1.2467,44,259
2501,5,0.0001078,1.713,59,623
2501,6,0.001805,1.3377,217,1004
2501,7,0.000536,1.4455,-105,4010
2502,1,0,0,0,-40
2502,2,5.871e-05,1.6426,-41,60
2502,3,0.0004302,1.3159,-10,120
2502,4,0.001169,1.2467,44,259
2502,5,0.002716,1.217,137,732
2502,6,0.0001123,1.7526,211,1004
2502,7,0.000536,1.4455,-105,4010
2503,1,0,0,0,-1
2503,2,0.0003659,1.3547,-14,61
2503,3,0.0001737,1.5294,-14,193
2503,4,0.0001458,1.6426,34,412
2503,5,3.722e-05,1.8762,38,648
2503,6,0.001936,1.3201,193,2100
2504,1,0,0,0,-3
2504,2,0.0003395,1.3433,-26,60
2504,3,6.922e-06,2.0645,-60,200
2504,4,0.0007661,1.3871,68,443
9848,12,0.0007599,1.5717,1167.4,3507
9848,13,1.099e-17,5,-3207.2,4144
9854,7,0.001069,1.5278,1192.1,3510
9854,8,1.294e-17,5,-2971.5,4144
9859,7,0.0008419,1.6421,1463,3236
9864,1,0,0,0,2225
9864,2,0.003763,1,-4206,2597
10579,1,0,0,0,-300
10579,2,0.000299,1.7217,-351,1000
10579,3,0.005119,1.3411,-257,5807
10588,6,0.3737,1,4444,6387
9864,3,0.008841,1,-299,2925
9864,4,0.01473,1,990,3346
9864,5,0.02107,1,1699.5,3588
9864,6,3.373e-18,5,-2934.1,3762
9864,7,2.046e-16,5,813.3,4145
9864,8,0.1168,1.057,3641,4611
2504,5,0.001835,1.3278,190,2600
2505,1,0,0,0,-3
2505,2,0.0003395,1.3433,-26,60
2505,3,6.922e-06,2.0645,-60,200
2505,4,0.0007661,1.3871,68,443
2505,5,0.001853,1.3263,190,1997
2505,6,0.2669,0.728,1066,3300
2506,2,1.799e-05,1.9009,-44,72
2506,3,0.0002723,1.4426,-8,186
2506,4,0.0003268,1.5372,61,472
2506,5,0.001684,1.3384,177,2600
2506,1,0,0,0,0
2507,1,0,0,0,-13
2507,3,0.0002082,1.4861,-13,186
2507,4,0.0003268,1.5372,61,472
2507,5,0.001684,1.3384,177,2600
2507,2,2.682e-05,1.8185,-44,70
2508,1,0,0,0,-13
2508,2,2.542e-05,1.8185,-47.6,70
2508,3,0.0002218,1.4861,-9.5,184
2508,4,0.0001701,1.6305,41.1,430
2508,5,0.002163,1.3069,186.8,2600
2509,1,0,0,0,-13
2509,2,0.0004781,1.3064,-19,70
2509,3,0.0005205,1.3405,-4,179
2509,4,0.0008126,1.3817,65,329
2509,5,0.0007453,1.4509,114,754
2509,6,0.0001916,1.597,-75,2600
2510,1,0,0,0,-13
2510,2,0.0003014,1.3696,-31,70
2510,3,0.0005205,1.3405,-4,179
2510,4,0.0008126,1.3817,65,329
2510,5,0.0007453,1.4509,114,754
2510,6,0.0001916,1.597,-75,2600
2511,1,0,0,0,-13
2511,2,0.0002579,1.3696,-33.4,70
2511,3,0.0002218,1.4861,-9.5,184
2511,4,0.0001701,1.6305,41.1,430
2511,5,0.002163,1.3069,186.8,2600
2512,1,0,0,0,-14
2512,2,0.0003486,1.3696,-14,73
2512,3,0.0002515,1.4371,-15.5,176
2512,4,0.0004295,1.4816,62,378
2512,5,0.0006837,1.5003,162.3,501
2512,6,0.0002963,1.5618,41.7,721
2512,7,0.0006036,1.4619,68.90000000000001,2600
2513,1,0,0,0,-13
2513,2,0.0002297,1.3696,-35.2,70
2513,3,0.0005779,1.3405,11.4,181
2513,4,0.0007306,1.3817,58.5,326
2513,5,0.0007442,1.4509,123.7,754
2513,6,0.0001752,1.6088,-68.40000000000001,2600
2538,1,0,0,0,-22
2538,2,0.0002585,1.4474,-24.5,-3
2538,3,0.0004656,1.2932,-22.7,25
2538,4,0.000584,1.2932,-15,80
2538,5,0.0005414,1.3405,-5.6,151
2538,6,1.89e-05,1.9573,-25.9,200
2538,7,0.0001727,1.6173,20.3,305
2538,8,0.0009451,1.3817,87.90000000000001,330
2538,9,0.001122,1.3817,116.2,360
2538,10,0.000681,1.4509,95.3,571
2538,11,0.0009879000000000001,1.4509,202.9,787
2538,12,0.0001801,1.597,-159.7,1297
2538,13,0.0001832,1.597,-144.4,2613
2539,1,0,0,0,-21
2539,2,0.0002222,1.4181,-35.6,25
2539,3,0.0005476,1.2932,-19.9,80
2539,4,0.0005414,1.3405,-5.6,151
2539,5,1.89e-05,1.9573,-25.9,200
2539,6,0.0001727,1.6173,20.3,305
2539,7,0.0009451,1.3817,87.90000000000001,330
2539,8,0.001122,1.3817,116.2,360
2539,9,0.000681,1.4509,95.3,571
2539,10,0.0009879000000000001,1.4509,202.9,787
2539,11,0.0001801,1.597,-159.7,1297
2539,12,0.0001832,1.597,-144.4,2613
2540,1,0,0,0,-21
2540,2,0.0001991,1.4181,-37.9,27
2540,3,0.0004977,1.2932,-20.8,54
2540,4,2.279e-06,2.2578,-74.7,80
2540,5,1.94e-06,2.2578,-86.09999999999999,107
2540,6,2.79e-06,2.2578,-57.4,151
2540,7,2.16e-05,1.9573,-15.3,201
2540,8,0.0002039,1.6173,33.9,342
2540,9,0.0008493,1.4327,103.3,579
2540,10,0.0006589,1.4509,54.5,996
2540,11,0.0001953,1.597,-81.7,1661
2540,12,0.0001825,1.597,-157.3,2607
4463,1,0,0,0,-19
4463,2,0.0002015,1.3882,-29,27
4463,3,0.0004345,1.2932,-15,55
4463,4,2.701e-06,2.2578,-53,81
4463,5,3.032e-06,2.2578,-46.2,109
4463,6,3.882e-14,5,-260.7,151
4463,7,2.114e-05,1.9573,-13.3,200
4463,8,0.0001823,1.6173,26.2,344
4463,9,3.406e-08,2.7978,-257.3,603
4463,10,0.000116,1.7321,100.7,984
2629,1,0,0,0,-800
2629,2,0.010076,1.3353,-950,2300
2629,3,1.8183e-05,1.9956,-3000,9000
2633,1,0,0,0,-797
2633,2,5.019e-05,1.9518,-1453,-426
2633,3,0.0008476,1.6393,-1114,-139
2633,4,0.001324,1.5723,-1121,921
2633,5,9.429999999999999e-06,2.0601,-2792,3386
2633,6,7.221e-05,1.8707,-1635,6107
2633,7,0.002253,1.5294,66,9156
2634,1,0,0,0,-798
2634,2,0.01053,1.3263,-850,-222
2634,3,0.08026999999999999,1.0735,-655,917
2634,4,0.00595,1.3713,-1204,3373
2634,5,3.503e-08,2.6314,-4484,6107
2634,6,0.002253,1.5294,66,9156
2635,1,0,0,0,-802
2635,2,0.003447,1.3966,-1256,-427
2635,3,0.00432,1.4157,-1073,-132
2635,4,0.01596,1.267,-881,921
2635,5,0.0329,1.1857,-711,3609
2635,6,3.115e-05,1.9507,-2144,6107
2635,7,6.11e-06,2.1106,-2931,9221
2636,1,0,0,0,-795
2636,2,0.05571,1.045,-796,-290
2636,3,0.0001165,2.0294,-806,-28
2636,4,4.295,0.5593,-240,924
2636,5,0.0001039,1.8185,-2102,3596
2636,6,0.001346,1.5504,-1288,6160
2636,7,1.891e-05,1.9849,-2892,9405
2637,1,0,0,0,-802
2637,2,0.0007612,1.6075,-1322,-513
2637,3,0.001905,1.5267,-1146,-13
2637,4,0.008932000000000001,1.3384,-976,901
2637,5,0.009214,1.3296,-1026,3476
2637,6,0.04204,1.1857,14,5701
2637,7,1.885e-05,2.0096,-1927,9221
2638,1,0,0,0,-797
2638,2,7.095e-06,2.3107,-1257,-546
2638,3,0.0003706,1.7662,-1120,-13
2638,4,0.008932000000000001,1.3384,-976,901
2638,5,0.009214,1.3296,-1026,3476
2638,6,0.04204,1.1857,14,5701
2638,7,1.885e-05,2.0096,-1927,9221
2639,1,0,0,0,-794
2639,2,7.469e-05,2.0645,-1031,-513
2639,3,0.1021,1.0169,-780,-13
2639,4,0.09034,1.045,-735,908
2639,5,0.002471,1.473,-1291,3515
2639,6,0.001063,1.5756,-1227,5701
2639,7,1.885e-05,2.0096,-1927,9221
2640,1,0,0,0,-794
2640,2,0.04094,1.1196,-922,-513
2640,3,0.02001,1.2262,-948,-13
2640,4,0.2698,0.9044,-611,908
2640,5,0.001202,1.5455,-1505,3480
2640,6,3.169e-06,2.1815,-2856,5701
2640,7,1.885e-05,2.0096,-1927,9221
2641,1,0,0,0,-816
2641,2,0.025553,1.2129,-855,2030
2641,3,0.0092234,1.3399,-870,4560
2641,4,3.9143e-06,2.1603,-2977,9000
2643,1,0,0,0,-816
2643,2,0.009180000000000001,1.3438,-875,971
2643,3,0.004911,1.4082,-1065,2510
2643,4,1.372e-06,2.2403,-4093,5713
2643,5,4.061e-05,1.941,-1348,9000
2645,1,0,0,0,-819
2645,2,0.008588999999999999,1.3273,-945,551
2645,3,0.008749,1.3427,-806,2292
2645,4,0.001579,1.5311,-1233,5813
2645,5,9.490999999999999e-06,2.0849,-1971,8967
2667,1,0,0,0,-627
2667,2,0.002594,1.502,-837,844
2667,3,5.643,0.5385,213,1143
2667,4,0.2896,0.9406,-33,2980
2667,5,0.008810999999999999,1.3614,-305,5813
2667,6,0.001793,1.5482,-181,9080
4463,11,0.0571,0.9026,515.4,1621
4463,12,0.007654,1.157,275.9,2531
10455,1,0,0,0,1
10455,2,0.00105,1.0079,0,171
10455,3,0.003148,1,111.6,225
10455,4,9.968e-09,2.9352,-149.6,299
10455,5,0.09271,0.4999,256.2,312
10455,6,0.08497,0.5857,276.1,340
10455,7,5.909e-11,3.8958,-78.90000000000001,370
10455,8,3.237e-11,3.8958,-153.9,402
10455,9,4.003e-13,4.5084,-222,427
10455,10,4.747e-14,5,-99,445
10455,11,3.151e-11,4.129,19.3,481
10455,12,1.749e-11,4.129,-51.5,517
10455,13,0.01268,1.1111,334,658
10455,14,8.07e-05,1.8057,81.09999999999999,782
10455,15,8.97e-08,2.5974,-523,1059
10455,16,7.037e-08,2.5974,-678,1992
10455,17,7.307e-05,1.8178,267.4,2352
10455,18,0.0001295,1.8178,830.4,3159
10455,19,0.0003562,1.7217,1164.7,3929
10455,20,0.006065,1.4617,2302,4719
10455,21,0.00908,1.4617,2885,5497
4839,1,0,0,0,-19
4839,2,0.0002381,1.3882,-28,27
4839,3,0.0005137,1.2932,-13.7,55
4839,4,7.278e-06,2.0963,-48.7,107
4839,5,2.609e-06,2.2578,-63.7,151
4839,6,1.489e-14,5,-352.1,204
4839,7,0.0001827,1.6173,26.6,345
4839,8,2.292e-10,3.4498,-420.7,593
4839,9,0.0002428,1.6332,136.7,991
2934,1,0,0,0,100
2934,2,0.00047766,1.55,-100,700
2934,3,0.00010742,1.8,0,1100
2934,4,0.0019874,1.49,440,3000
2935,1,0,0,0,100
2935,2,0.0017532,1.37,-20,700
2935,3,0.0011133,1.55,250,3000
2936,1,0,0,0,100
2936,2,0.0043607,1.27,30,820
2936,3,0.0011133,1.55,250,3000
2939,1,0,0,0,0
2939,2,0.0009471,1.4498,-72,319
2939,3,6.354e-06,2.1348,-283,1030
2939,4,0.001282,1.5811,465,1420
2939,5,0.0002934,1.7074,54,3000
2940,1,0,0,0,49
2940,2,0.004297,1.246,2,804
10973,1,0,0,0,-183
2940,3,6.191e-06,2.17,-143,1069
2940,4,0.001596,1.5162,403,3000
2941,1,0,0,0,100
2941,2,0.000142,1.7041,-108,846
2941,3,0.002195,1.4833,428,1541
2941,4,0.002172,1.4757,379,3500
2942,1,0,0,0,-2
2942,2,1.15e-05,2.0997,-3,750
2942,3,7.496e-05,1.8888,166,1134
2942,4,0.003384,1.4317,527,3500
2943,1,0,0,0,101
2943,2,0.000849,1.5047,-10,495
2943,3,0.0006063,1.502,-144,994
2943,4,0.02595,1.1779,668,2696
2943,5,1.331e-05,2.0294,-768,3493
2944,1,0,0,0,100
2944,2,0.0006376,1.5377,-37,495
2944,3,0.0001577,1.6778,-229,1042
2944,4,0.03911,1.1285,730,2696
2944,5,1.331e-05,2.0294,-768,3493
2954,1,0,0,0,100
2954,2,0.0004332,1.5976,-40,495
2954,3,0.0003666,1.5684,-174,990
2954,4,0.01734,1.2273,635,1539
2954,5,0.002928,1.4393,397,3500
2957,1,0,0,0,300
2957,2,0.02023,1.3417,269,3000
2958,1,0,0,0,215
2958,2,0.008449999999999999,1.3417,173.6,330
2958,3,0.01028,1.3417,194.8,363
2958,4,0.01367,1.3417,227,390
2958,5,0.01783,1.3417,256.3,397
2958,6,0.01821,1.3417,258.5,432
2958,7,0.02057,1.3417,273.6,485
2958,8,0.003602,1.6074,227,688
2958,9,0.002794,1.6074,148.1,1060
2958,10,0.9268999999999999,0.8082,473.7,1452
2958,11,0.00136,1.6074,-394.2,2002
2958,12,0.001045,1.6074,-821.2,2531
2958,13,0.457,0.918,554.1,3507
2960,1,0,0,0,200
2960,2,0.007163,1.4669,198,514
2960,3,0.01834,1.3614,267,1123
2960,4,0.03494,1.2423,150,3039
2972,1,0,0,0,250
2972,2,0.0012195,1.8087,125,1080
2972,3,0.00012474,1.8087,-2279,4500
2973,1,0,0,0,180
2973,2,0.001749,1.7332,121,1100
2973,3,0.1744,1.0372,-81,1600
10454,1,0,0,0,0
10454,2,3.012e-15,5,-565.8,540
10454,3,2.486e-09,3.1763,-307.1,772
10454,4,1.397e-07,2.5974,-312.9,1054
10454,5,1.03e-07,2.5974,-483.3,1992
10454,6,9.375e-05,1.8178,328.1,3154
10454,7,0.0003238,1.7217,1010.3,3921
10483,1,0,0,0,258
10483,2,7.492e-14,5,258,364
10483,3,2.376e-05,1.213,342.1,590
10487,1,0,0,0,-101
10487,2,0.0001624,1,-101,367
10487,3,0.0003801,1,167,588
10487,4,0.001052,1,435.9,799
10487,5,9.409e-08,2.4764,332.8,937
10487,6,0.0002189,1.6338,793.9,1144
10487,7,0.002456,1.3602,952.1,1511
10487,8,6.263e-05,1.8579,771.4,1998
2973,4,0.03527,1.1987,-745,4500
2974,1,0,0,0,150
2974,2,0.0002903,2.0336,100,550
2974,3,7.193e-05,2.1341,-100,1200
2974,4,0.008344000000000001,1.3617,-1100,5000
2975,1,0,0,0,200
2975,2,0.002178,1.7208,180,1100
2975,3,0.0002193,1.7461,-2000,4000
2976,1,0,0,0,200
2976,2,0.0002693,1.9998,90,1100
2976,3,0.0002193,1.7461,-2000,4000
2977,1,0,0,0,200
2977,2,0.001388,1.7758,140,1100
2977,3,0.0002193,1.7461,-2000,4000
2978,1,0,0,0,200
2978,2,0.008220999999999999,1.4466,150,460
2978,3,0.02349,1.3957,280,1100
2978,4,0.0002194,1.7461,-2000,4000
2979,1,0,0,0,200
2979,2,0.001945,1.6994,120,600
2979,3,0.002972,1.6808,200,1100
2979,4,0.0002193,1.7461,-2000,4000
2980,1,0,0,0,200
2980,2,0.003626,1.5722,130,520
2981,1,0,0,0,200
2981,2,0.001209,1.7833,112,1110
2981,3,0.02453,1.2635,-471,1719
2981,4,0.007439,1.3668,-1213,4500
2982,1,0,0,0,200
2982,2,0.0001386,2.1213,70,550
10973,2,3.345e-05,1.4448,-183,24
10973,3,6.184e-07,2.2111,-173.9,314
10973,4,0.003242,1.2174,246.8,419
10973,5,0.005053,1.2042,293,631
10973,6,0.02058,1,358,734
10973,7,0.009658,1.1493,397,1181
2982,3,0.0001767,2.0258,-20,1200
2982,4,0.000376,1.6835,-2100,4500
2983,1,0,0,0,180
2983,2,0.001945,1.6994,120,600
2983,3,0.002972,1.6808,200,1100
2983,4,0.0002193,1.7461,-2000,4000
2984,1,0,0,0,180
2984,2,0.00323,1.6218,120,630
2984,3,0.002972,1.6808,200,1100
2984,4,0.0002193,1.7461,-2000,4000
2985,3,0.000376,1.6835,-2100,4500
2985,1,0,0,0,180
2985,2,0.001659,1.7405,120,1200
2989,1,0,0,0,143
2989,2,0.005341,1.5377,116,549
2989,3,0.0471,1.3009,305,1039
2989,4,0.005502,1.4473,-622,1804
2989,5,0.0002036,1.7482,-2378,4500
2990,1,0,0,0,130
5915,1,0,0,0,212
5915,2,0.002562,1.3417,-61.7,329
5915,3,0.005813,1.3417,116.9,354
5915,4,0.0102,1.3417,198.1,374
5915,5,1.675e-13,5,-200.7,400
2990,2,0.00294,1.6552,115,606
2990,3,0.0001444,2.0661,-10,1044
2990,4,0.02095,1.2911,-408,1804
2990,5,0.0002036,1.7482,-2378,4510
2991,1,0,0,0,152
2991,2,0.02813,1.2553,152,393
2991,3,0.03068,1.3263,225,533
2991,4,0.003541,1.6492,161,1044
2991,5,1.631e-05,2.0997,-1624,1763
2991,6,0.0001384,1.7903,-2417,4510
2992,1,0,0,0,220
2992,2,0.0003397,1.97,80,1081
2992,3,3.58e-05,1.9914,-1797,1952
2992,4,1.027e-05,2.0639,-3194,4485
2993,1,0,0,0,216
2993,2,0.0003043,1.9821,70,1088
2993,3,3.188e-05,2.0057,-1799,1932
2993,4,1.094e-05,2.0579,-3180,4485
2994,1,0,0,0,220
2994,2,0.0003105,1.9821,59,1057
2994,3,1.343e-05,2.0997,-1965,1941
2994,4,5.857e-06,2.1233,-3329,4485
2996,1,0,0,0,205
2996,2,0.0004919,1.9156,70,1069
2996,3,3.198e-05,2.0057,-1791,1932
2996,4,1.094e-05,2.0579,-3180,4485
2997,1,0,0,0,184
2997,2,0.0003251,1.9821,63,1026
2997,3,3.158e-05,2.0057,-1817,1932
2997,4,1.094e-05,2.0579,-3180,4485
2998,1,0,0,0,203
2998,2,0.0005101,1.9156,89,1069
2998,3,3.198e-05,2.0057,-1791,1932
2998,4,1.094e-05,2.0579,-3180,4485
2999,1,0,0,0,200
2999,2,0.0001777,2.0579,40,1053
2999,3,5.069e-05,1.954,-1727,1931
2999,4,3.671e-05,1.9321,-2814,4490
3000,1,0,0,0,216
3000,2,0.0007929,1.8546,100,1069
3000,3,3.198e-05,2.0057,-1791,1932
3000,4,1.094e-05,2.0579,-3180,4485
3001,1,0,0,0,204
3001,2,0.0005768,1.8927,69,1065
3001,3,0.0205,1.2796,-607,1928
3001,4,2.681e-05,1.9674,-2853,4485
3002,1,0,0,0,398
3002,2,0.06645,1,228,553
3002,3,0.01729,1.3168,328.2,801
3003,1,0,0,0,539
3003,2,0.008734,1.4119,397.3,825
3004,1,0,0,0,473
3004,2,0.005529,1.4945,311.8,605
3004,3,0.01142,1.4945,424.6,918
3005,1,0,0,0,519
3005,2,0.001807,1.5124,-172,685
3005,3,0.03053,1.3558,453,991
3006,1,0,0,0,519
3006,2,0.001807,1.5124,-172,685
3006,3,0.02612,1.3558,424.3,1210
3007,1,0,0,0,519
3007,2,0.001807,1.5124,-172,685
3007,3,0.02625,1.3558,425.2,1624
3008,1,0,0,0,521
3008,2,0.009747,1.4075,261.2,677
3008,3,0.02624,1.3558,425,1624
3009,1,0,0,0,227
3009,2,0.001503,1.7684,125.1,1069
3009,3,3.198e-05,2.0057,-1791,1932
3009,4,1.094e-05,2.0579,-3180,4485
3010,1,0,0,0,195
3010,2,0.001285,1.8052,107,379
3010,3,0.001735,1.7305,87.7,1067
3010,4,0.02249,1.2796,-430.1,1928
3010,5,2.681e-05,1.9674,-2853,4485
3011,1,0,0,0,195
3011,2,0.001118,1.8052,99.90000000000001,1065
3011,3,0.0205,1.2796,-607,1928
3011,4,2.681e-05,1.9674,-2853,4485
3012,1,0,0,0,198
3012,2,0.004357,1.5393,94.59999999999999,379
3012,3,0.001917,1.7283,132.4,1069
3012,4,0.02225,1.2796,-449.5,1928
3012,5,2.681e-05,1.9674,-2853,4485
3013,1,0,0,0,195
3013,2,0.001599,1.7453,104.5,381
3013,3,0.00361,1.6459,144.2,1065
3013,4,0.0205,1.2796,-607,1928
3013,5,2.681e-05,1.9674,-2853,4485
3014,1,0,0,0,176
3014,2,0.008701,1.3591,48.6,359
3014,3,0.01373,1.452,201.9,604
3014,4,0.01677,1.452,253.6,1027
3014,5,3.353e-05,2.0057,-1706,1932
3014,6,1.094e-05,2.0579,-3180,4485
3015,3,1.343e-05,2.0997,-1965,1941
3015,4,5.857e-06,2.1233,-3329,4485
3015,1,0,0,0,220
3015,2,0.0003105,1.9821,59,1057
3016,5,0.006129,1.3904,-1223.4,4586
3016,1,0,0,0,400
3016,2,0.009135000000000001,1.441,96.3,625
3016,3,0.008349000000000001,1.491,170,1047
3016,4,0.006371,1.508,75,1515
3018,1,0,0,0,203
3018,2,0.0005101,1.9156,89,1069
3018,3,3.198e-05,2.0057,-1791,1932
3018,4,1.094e-05,2.0579,-3180,4485
3019,1,0,0,0,216
3019,2,0.0001403,2.0837,35,1089
3019,3,3.156e-05,2.0057,-1817.3,1932
3019,4,1.094e-05,2.0579,-3180,4485
3020,1,0,0,0,216
3020,2,0.002445,1.6519,107.4,446
3020,3,0.003745,1.6464,179.6,1078
3020,4,3.309e-05,2.0057,-1730.1,1932
3020,5,1.094e-05,2.0579,-3180,4485
3021,1,0,0,0,200
3021,2,0.01352,1.3602,115.1,385
3021,3,0.001864,1.7398,136.5,1066
3021,4,3.256e-05,2.0057,-1759.4,1932
3021,5,1.094e-05,2.0579,-3180,4485
3022,1,0,0,0,204
3022,2,0.02592,1.2245,129,371
3022,3,0.03192,1.3289,236.6,659
3022,4,0.001666,1.7574,139.9,1069
3022,5,3.164e-05,2.0057,-1807.6,1937
3022,6,1.12e-05,2.0579,-3098.2,4485
3023,1,0,0,0,467
3023,2,0.04536,1.2366,379.1,539
3023,3,0.03833,1.2081,331.8,614
3023,4,0.08301,1.2366,481.4,650
3023,5,0.008987,1.3558,96.2,697
3023,6,0.02435,1.3558,409,1640
3024,1,0,0,0,468
3024,2,0.03933,1.2366,363.8,621
3024,3,0.03898,1.2767,403.5,770
3024,4,0.02411,1.3558,399.8,1640
3025,1,0,0,0,468
3025,2,0.03389,1.2366,338,659
3025,3,0.02446,1.3558,413,1640
4195,1,0,0,0,-295
5139,1,0,0,0,-489
5139,2,4.018e-06,2.0645,-809,-358
5139,3,4.577e-16,4.9825,-1603,-301
5139,4,0.008475999999999999,1.0351,-451,-279
5139,5,0.0001102,1.696,-578,-244
5139,6,5.562e-14,5,-764,-223
5139,7,1.178e-07,3.1071,-453,-201
5139,8,0.001542,1.5723,-335,-139
5139,9,0.06632,0.9395,-264,159
5139,10,4.107e-16,5,-2007,273
10660,10,5.166e-05,1.7321,365.9,2337
5139,11,0.00202,1.4317,-455,608
5139,12,0.001881,1.4317,-509.4,775
3166,1,0,0,0,-400
3166,2,5.301e-16,5,-1535.3,-337
3166,3,4.283e-15,4.9825,-1144.8,-280
3166,4,1.596e-14,5,-929.2,-244
3166,5,0.001842,1.4349,-392.6,8
3166,6,0.002412,1.411,-358.3,206
3166,7,0.00248,1.411,-347.4,375
3166,8,0.002452,1.411,-353.1,1240
3166,9,3.971e-06,2.16,-1179.9,4722
3169,1,0,0,0,-453
3169,2,6.696e-16,5,-1463.4,-361
3169,3,1.23e-14,4.9825,-991,-314
3169,4,1.417e-14,4.9825,-972,-286
3169,5,2.347e-14,5,-892.1,-261
5732,1,0,0,0,400
5732,2,0.009135000000000001,1.441,96.3,625
5732,3,0.008349000000000001,1.491,170,1047
5732,4,0.006371,1.508,75,1515
5732,5,0.006129,1.3904,-1223.4,4586
5733,1,0,0,0,364
5733,2,0.009353,1.441,105,625
5733,3,0.008349000000000001,1.491,170,1047
5733,4,0.006371,1.508,75,1515
5734,1,0,0,0,506
5734,2,0.01631,1.3745,127.1,918
5734,3,0.005693,1.508,37.6,1274
5736,1,0,0,0,432
5736,2,0.01181,1.441,174.9,1047
10973,8,0.0002266,1.5388,-477,2166
5736,3,0.006371,1.508,74.90000000000001,1515
5737,1,0,0,0,400
5737,2,0.009135000000000001,1.441,96.3,625
5737,3,0.008349000000000001,1.491,170,1047
5737,4,0.006371,1.508,75,1515
3169,6,0.001504,1.4349,-429.2,-242
3169,7,0.001481,1.4349,-431.2,-225
3169,8,7.554e-08,3.0307,-550.1,-186
3169,9,0.01296,1.1592,-337.6,-66
3169,10,0.01361,1.1592,-326.4,6
3169,11,0.002407,1.411,-396.6,62
3169,12,0.002053,1.411,-451.2,174
3169,13,0.001925,1.411,-480.4,377
3169,14,0.002068,1.411,-437.9,657
3169,15,0.00185,1.411,-528.1,1094
3169,16,0.002065,1.411,-406.4,1382
3169,17,3.696e-06,2.16,-1109.8,1650
3169,18,4.433e-06,2.16,-886.8,4722
3170,1,0,0,0,-453
3170,2,2.849e-16,4.9991,-1702.8,-326
3170,3,1.768e-14,4.5596,-1443.4,-285
3170,4,1.703e-15,5,-1278.7,-262
3170,5,0.01188,1,-417.8,-246
3170,6,1.846e-14,5,-889.7,-201
3170,7,0.0002837,1.7088,-421.2,-118
3170,8,0.1002,0.8274,-229.2,-18
3170,9,0.05483,0.9456,-222.6,60
3170,10,0.00178,1.4605,-343.9,121
3170,11,0.006414,1.2848,-276.1,190
3170,12,0.1175,0.8768,-105.1,378
3170,13,0.002114,1.411,-424.6,684
3170,14,0.001831,1.411,-543.4,1100
3170,15,0.00204,1.411,-422.3,1382
3170,16,3.696e-06,2.16,-1109.8,1650
3170,17,4.433e-06,2.16,-886.8,4722
3171,1,0,0,0,-453
3171,2,6.696e-16,5,-1463.4,-361
3171,3,9.534000000000001e-15,4.9825,-1024,-300
3171,4,1.747e-14,4.9825,-941.1,-282
3171,5,2.486e-14,5,-882.4,-258
3171,6,0.001654,1.4349,-415.9,-231
3171,7,0.002199,1.4349,-382.6,-217
3171,8,2.463e-07,2.84,-542.3,-165
4195,2,1.452,0.5516,-297,303
4195,3,0.1093,1.0801,15,4487
3171,9,0.01245,1.1642,-341,9
3171,10,0.005509,1.2848,-372,174
3171,11,0.001925,1.411,-480.4,377
3171,12,0.002068,1.411,-437.9,657
3171,13,0.00185,1.411,-528.1,1094
3171,14,0.002065,1.411,-406.4,1382
3171,15,3.696e-06,2.16,-1109.8,1650
3171,16,4.433e-06,2.16,-886.8,4722
3172,1,0,0,0,-453
3172,2,2.849e-16,4.9991,-1702.8,-326
3172,3,1.768e-14,4.5596,-1443.4,-285
3172,4,1.703e-15,5,-1278.7,-262
5139,13,2.251,0.5175999999999999,326,945
5139,14,1.146e-17,5,-4647.4,1063
5139,15,7.492e-18,5,-5154.3,1180
5139,16,7.605000000000001e-18,5,-5132,1376
5139,17,4.485e-18,5,-5846,1495
5139,18,0.0003039,1.691,-287,3000
5139,19,0.0001811,1.7482,-391.8,3156
5139,20,0.0001735,1.7482,-480.1,3434
5139,21,0.0001767,1.7482,-438.4,3987
5139,22,0.0001941,1.7482,-207,4524
5139,23,0.0001748,1.7482,-499.5,4940
3172,5,0.01923,1,-358.2,-249
3172,6,0.002323,1.4349,-363.9,-232
3172,7,0.002845,1.4238,-350.8,-138
3172,8,0.05728,0.9342,-280,9
3172,9,0.005509,1.2848,-372,174
3172,10,0.001925,1.411,-480.4,377
3172,11,0.002104,1.411,-428.2,684
3172,12,0.001831,1.411,-543.4,1100
3172,13,0.00204,1.411,-422.3,1382
3172,14,3.696e-06,2.16,-1109.8,1650
3172,15,4.433e-06,2.16,-886.8,4722
3173,1,0,0,0,-451
3173,2,0.002364,1,-924.8,-396
3173,3,0.003846,1,-721,-344
3173,4,9.743000000000001e-16,5,-1426.8,-309
3173,5,9.298e-16,5,-1437,-280
3173,6,1.047e-09,3.2405,-1003,-262
3173,7,1.804e-09,3.2405,-889,-252
3173,8,0.004917,1.1559,-448,-242
3173,9,0.005737,1.1559,-423,-228
3173,10,0.006872,1.1559,-395,-200
3173,11,0.0002305,1.7088,-458,-160
3173,12,0.0002602,1.7088,-437,-118
3173,13,0.09769,0.8274,-233,-80
3173,14,0.1019,0.8274,-225,-24
3173,15,0.05359,0.9456,-229,69
3173,16,0.001829,1.4605,-335,124
3173,17,0.0064,1.2848,-276,193
3173,18,0.118,0.8768,-102,378
3173,19,0.002114,1.411,-425,684
3173,20,0.001831,1.411,-543,1100
3173,21,0.00204,1.411,-422,1382
3173,22,3.696e-06,2.16,-1110,1650
3173,23,4.433e-06,2.16,-887,4722
3174,1,0,0,0,-451
3174,2,0.005577,1,-651.8,-399
3174,3,0.00575,1,-644.2,-359
3174,4,7.686e-16,5,-1522.7,-318
3174,5,4.411e-19,5.8989,-1766.2,-278
3174,6,1.097e-18,5.8989,-1553.2,-237
3174,7,1.668e-18,5.8989,-1462.9,-198
3174,8,0.0001856,1.7088,-506.1,-160
3174,9,0.0002326,1.7088,-463.2,-119
3174,10,0.09091,0.8274,-246.8,-80
3174,11,0.1019,0.8274,-225,-24
3174,12,0.05359,0.9456,-229,69
3174,13,0.001829,1.4605,-335,124
3174,14,0.0064,1.2848,-276,193
3174,15,0.118,0.8768,-102,378
3174,16,0.002114,1.411,-425,684
3174,17,0.001831,1.411,-543,1100
3174,18,0.00204,1.411,-422,1382
3174,19,3.696e-06,2.16,-1110,1650
3174,20,4.433e-06,2.16,-887,4722
3175,1,0,0,0,-392
3175,2,3.747e-15,5,-1167.4,-299
3175,3,5.497e-18,5.8989,-1234.9,-252
3175,4,1.271e-17,5.8989,-1104.7,-210
3175,5,5.709e-19,6.3284,-1131.1,-121
3175,6,0.0008912,1.578,-384.3,51
3175,7,0.002829,1.3734,-413.1,413
3175,8,0.001986,1.411,-474.5,684
3175,9,0.001831,1.411,-543,1100
3175,10,0.00204,1.411,-422,1382
3175,11,3.696e-06,2.16,-1110,1650
3175,12,4.433e-06,2.16,-887,4722
3176,1,0,0,0,-389
3176,2,1.21,0,-390,-376
3176,3,0.00125,1,-1352,-360
3176,4,5.514e-16,5,-1536,-316
3176,5,4.089e-18,5.8989,-1264.6,-252
3176,6,8.572e-18,5.8989,-1145.2,-209
3176,7,1.072e-18,6.3284,-1026.3,-121
3176,8,0.0009771000000000001,1.578,-359.6,51
3176,9,0.002829,1.3734,-413.1,413
3176,10,0.001986,1.411,-474.5,684
3176,11,0.001831,1.411,-543,1100
3176,12,0.00204,1.411,-422,1382
3176,13,3.696e-06,2.16,-1110,1650
3176,14,4.433e-06,2.16,-887,4722
3177,1,0,0,0,-397
3177,2,0.01965,0.8692,-501.7,-314
3177,3,0.02546,0.8692,-453.3,-279
3177,4,6.31e-18,5.8989,-1224.9,-255
3177,5,8.703999999999999e-18,5.8989,-1173.3,-239
3177,6,8.074e-19,6.3284,-1094.2,-166
3177,7,0.0007879,1.578,-418.6,52
3177,8,0.002852,1.3734,-409.3,374
3177,9,0.001994,1.411,-471.4,684
3177,10,0.001831,1.411,-543,1100
3177,11,0.00204,1.411,-422,1382
3177,12,3.696e-06,2.16,-1110,1650
3177,13,4.433e-06,2.16,-887,4722
3272,1,0,0,0,430
3272,2,0.0009354,1.2333,430,486
3272,3,0.001142,1.2999,446.9,678
3272,4,0.0008189,1.496,537,2504
3273,1,0,0,0,468
3273,2,0.001154,1.2999,448.7,678
3273,3,0.0008189,1.496,537,2504
3274,1,0,0,0,519
3274,2,0.001883,1.3465,518,889
3274,3,0.000666,1.5213,518,2504
3275,1,0,0,0,519
3275,2,0.0002625,1.6778,517,889
3275,3,0.000666,1.5213,518,2504
3276,1,0,0,0,480
3276,2,0.001158,1.2999,449,678
3276,3,0.0008189,1.496,537,2504
3277,1,0,0,0,511
3277,2,0.001007,1.4547,510,2000
3278,1,0,0,0,519
3278,2,0.0003464,1.6124,490,792
3278,3,0.0006017,1.5345,511,2196
3279,1,0,0,0,519
3279,2,0.0003464,1.6124,490,792
3279,3,0.0006017,1.5345,511,2500
3280,1,0,0,0,519
3280,2,0.0008051,1.4669,518,909
3280,3,0.001149,1.4565,589,2504
3281,1,0,0,0,456
3281,2,0.001136,1.2999,446.2,630
3281,3,0.0004765,1.496,464.2,684
3281,4,0.0007672999999999999,1.496,524.1,735
3281,5,0.0008367,1.496,536,980
3281,6,0.0008446,1.496,538.7,1280
3281,7,0.0007767,1.496,496.1,1650
3281,8,0.04504,1,992.8,1781
3281,9,0.04853,1,1049.6,2395
3281,10,0.0541,1,1187.9,3591
3281,11,0.0579,1,1345.7,4800
3297,1,0,0,0,-50
3297,2,0.002252,1.4219,-90,720
3297,3,0.01507,1.2613,300,1120
3297,4,0.0002609,1.6805,-600,1500
3297,5,0.002311,1.423,-320,5000
3298,1,0,0,0,-50
3298,2,0.0002253,1.8087,-115,690
3298,3,0.0002706,1.7012,-419,1120
3298,4,0.01877,1.1738,0,1490
3298,5,0.002418,1.418,-307,5000
3299,1,0,0,0,-100
3299,2,0.0002199,1.6035,-417,397
3299,3,0.0005511,1.7887,154,615
3299,4,7.978000000000001e-06,2.0821,-874,2000
3299,5,1.009e-05,2.0205,-1266,5010
3300,1,0,0,0,-100
4827,1,0,0,0,456
4827,2,0.001136,1.2999,446.2,630
4827,3,0.0004765,1.496,464.2,684
4827,4,0.0007672999999999999,1.496,524.1,735
4827,5,0.0007097,1.496,512.8,979
4827,6,6.941e-05,1.8228,423.2,1285
4827,7,0.0009079,1.496,610.3,1650
4827,8,0.04504,1,992.8,1781
4827,9,0.04853,1,1049.6,2395
4827,10,0.0541,1,1187.9,3591
4827,11,0.0579,1,1345.7,4800
3300,2,0.0002448,1.8096,-120,493
3300,3,0.0001725,1.7482,-442,2026
3300,4,0.002101,1.4317,-395,5010
3301,1,0,0,0,-1
3301,2,0.0103,1.2208,-33,246
3301,3,0.0001167,1.8184,-269,940
3301,4,0.01494,1.1988,110,1925
3301,5,9.927e-05,1.7804,-683,5506
3302,1,0,0,0,-120
3302,2,9.296e-05,1.8943,-160,1120
3302,3,0.0002611,1.6805,-600,1500
3302,4,0.00231,1.423,-320,5000
9070,1,0,0,0,449
9070,2,0.0009106,1.2999,412.1,630
9070,3,0.0004765,1.496,464.2,684
9070,4,0.0007672999999999999,1.496,524.1,735
9070,5,0.0007097,1.496,512.8,979
9070,6,6.941e-05,1.8228,423.2,1285
9070,7,0.0009079,1.496,610.3,1650
9070,8,0.04504,1,992.8,1781
9070,9,0.04853,1,1049.6,2395
9070,10,0.0541,1,1187.9,3591
3467,1,0,0,0,-754
3467,2,0.003258,1.4271,-1440,-539
3467,3,0.003763,1.4271,-1354,-326
3467,4,0.004077,1.4271,-1298,-90
3467,5,0.003848,1.4271,-1347.6,143
3467,6,0.003324,1.4271,-1508.5,410
3467,7,0.003891,1.4271,-1308.1,678
3467,8,0.003845,1.4271,-1324.7,967
3467,9,0.004085,1.4271,-1229.6,1242
3467,10,0.003902,1.4271,-1310.5,1501
3467,11,0.003957,1.4271,-1282.8,1788
3467,12,0.003996,1.4271,-1261.7,2084
3467,13,0.004068,1.4271,-1220.4,2485
3467,14,0.003331,1.4271,-1777.6,2886
3467,15,0.003585,1.4271,-1542.9,3269
3467,16,0.2073,1,157.4,3708
3467,17,1.889e-18,5,-9417.4,4066
3467,18,2.507e-17,5,-3973.8,4245
3467,19,1.126e-13,4.2121,-1779.9,4679
3467,20,1.193e-13,4.2121,-1691.9,5375
3467,21,1.06,1,3535.2,6026
3467,22,0.001018,1.7557,1527.1,7088
3468,1,0,0,0,40
3468,2,1.884e-06,2.3616,-1827,204
3468,3,1.329e-06,2.3616,-2150,854
3468,4,0.007175,1.3674,-1037,1458
3468,5,0.006978,1.3674,-1089,2579
3468,6,4.849e-19,5,-13506,3709
3468,7,3.261e-18,5,-8049,4071
10612,1,0,0,0,230
10612,2,1.085e-11,5,190.8,288
10612,3,7.082e-05,1.7936,232.9,345
10612,4,0.006679,1.0169,298,362
10612,5,0.006985,1.0224,302,443
3468,8,9.404999999999999e-17,5,-2117,4370
3468,9,1.692e-16,5,-1398,4651
3468,10,4.382e-17,5,-3274,4796
3468,11,3.304e-13,3.9158,-5167,6464
3469,1,0,0,0,-770
3469,2,2.765e-18,5,-6775.6,-737
3469,3,4.212e-17,5,-4239.5,-718
3469,4,4.212e-17,5,-4239.5,-706
3469,5,2.574e-16,5,-3166.2,-677
3469,6,8.343e-16,5,-2645,-646
3469,7,2.69e-15,4.9995,-2228.6,-614
3469,8,5.986e-15,4.9995,-1989.8,-587
3469,9,9.233e-15,5,-1872.4,-556
3469,10,8.694e-15,5,-1888.3,-528
3469,11,0.07761,1.1097,-809.1,-500
3469,12,0.08278000000000001,1.1097,-791.7,-475
3469,13,0.08303000000000001,1.1097,-790.8,-452
3469,14,0.08072,1.1097,-799.5,-428
3469,15,0.07536,1.1097,-823,-400
3469,16,0.07536,1.1097,-823,-375
3469,17,0.07557,1.1097,-822,-348
3469,18,0.07557,1.1097,-822,-321
3469,19,0.5656,0.8131,-728.1,-288
3469,20,0.5555,0.8131,-737.9,-258
3469,21,0.5266999999999999,0.8131,-770.4,-218
3469,22,0.5008,0.8131,-805.9,-165
3469,23,0.4814,0.8131,-837.7,-112
3469,24,0.003875,1.4271,-1363.5,-44
3469,25,0.003857,1.4271,-1367.8,31
3469,26,0.003531,1.4271,-1457.1,109
3469,27,0.004162,1.4271,-1286.6,192
3469,28,0.004324,1.4271,-1247.6,278
3469,29,0.004118,1.4271,-1299,410
3469,30,0.00372,1.4271,-1425,683
3469,31,0.003882,1.4271,-1362,967
3469,32,0.003837,1.4271,-1381,1239
3469,33,0.003555,1.4271,-1526,1501
3469,34,0.003715,1.4271,-1434,1788
3469,35,0.003573,1.4271,-1523,2084
3469,36,0.003596,1.4271,-1507,2437
3469,37,0.003716,1.4271,-1417,2881
3469,38,0.003808,1.4271,-1345,3269
3469,39,0.2112,1,215,3681
3469,40,2.944e-18,5,-8317,4074
3469,41,1.69e-13,4.2121,-1283.4,4334
3469,42,2.982e-13,4.2121,-574.5,4654
3469,43,6.663e-17,5,-2634.1,4727
3469,44,2.081e-17,5,-4562.8,4828
3469,45,6.914e-15,4.293,-6127.3,5826
3469,46,5.977e-15,4.293,-6539.8,6472
3470,1,0,0,0,-773
3470,2,2.368e-16,5,-3206.2,-481
3470,3,2.767e-16,5,-3122.7,-171
3470,4,0.008361,1.3503,-907.6,316
3470,5,0.2727,0.9224,-438.1,867
3470,6,0.185,1.0021,-219.9,1749
3470,7,1.91e-18,5,-9664.6,2496
3470,8,9.385000000000001e-19,5,-11522.1,4110
3470,9,2.219e-17,5,-4201.7,4575
3470,10,50.32,0.5004999999999999,4056.3,4998
3470,11,1.4,0.9669,3584.7,5730
3470,12,0.1325,1.2361,3010.6,6422
3470,13,9.464e-17,4.6984,-7790.8,6998
3471,1,0,0,0,-770
3471,2,2.765e-18,5,-6775.6,-737
3471,3,4.212e-17,5,-4239.5,-706
3471,4,2.574e-16,5,-3166.2,-677
3471,5,8.343e-16,5,-2645,-646
3471,6,2.69e-15,4.9995,-2228.6,-614
3471,7,5.986e-15,4.9995,-1989.8,-587
3471,8,9.233e-15,5,-1872.4,-556
3471,9,8.694e-15,5,-1888.3,-528
3471,10,0.07761,1.1097,-809.1,-500
3471,11,0.08278000000000001,1.1097,-791.7,-475
3471,12,0.08303000000000001,1.1097,-790.8,-452
3471,13,0.08072,1.1097,-799.5,-428
3471,14,0.07536,1.1097,-823,-400
3471,15,0.07536,1.1097,-823,-375
3471,16,0.07557,1.1097,-822,-348
3471,17,0.07557,1.1097,-822,-321
3471,18,0.5656,0.8131,-728.1,-288
3471,19,0.5555,0.8131,-737.9,-258
3471,20,0.5266999999999999,0.8131,-770.4,-218
3471,21,0.5008,0.8131,-805.9,-165
3471,22,0.4814,0.8131,-837.7,-112
3471,23,0.003875,1.4271,-1363.5,-44
3471,24,0.003857,1.4271,-1367.8,31
3471,25,0.003531,1.4271,-1457.1,109
3471,26,0.004162,1.4271,-1286.6,192
3471,27,0.004324,1.4271,-1247.6,278
3471,28,0.004118,1.4271,-1299,410
3471,29,0.00372,1.4271,-1425,683
3471,30,0.003882,1.4271,-1362,967
3471,31,0.003837,1.4271,-1381,1239
3471,32,0.003555,1.4271,-1526,1501
3471,33,0.003715,1.4271,-1434,1788
3471,34,0.003573,1.4271,-1523,2084
3471,35,0.003596,1.4271,-1507,2437
3471,36,0.003716,1.4271,-1417,2881
3471,37,0.003808,1.4271,-1345,3269
3471,38,0.2112,1,215,3681
3471,39,2.944e-18,5,-8317,4074
3471,40,1.69e-13,4.2121,-1283.4,4334
3471,41,2.982e-13,4.2121,-574.5,4654
3471,42,6.663e-17,5,-2634.1,4727
3471,43,2.081e-17,5,-4562.8,4828
3471,44,6.914e-15,4.293,-6127.3,5826
3471,45,5.977e-15,4.293,-6539.8,6472
8107,1,0,0,0,101
8107,2,8.146e-06,2.0077,37.4,196
8107,3,2.815e-14,5,-180.5,247
8107,4,7.392e-13,4.5062,-155.1,332
8107,5,3.255e-05,2.0045,162.8,416
3761,1,0,0,0,1
3761,2,0.0001462,1,-232,131
3761,3,0.00116,1,85,181
3761,4,2.115e-07,2.6149,27,371
3761,5,0.0003242,1.5432,199.7,649
3761,6,0.0001026,1.7283,193.5,1043
3761,7,0.0006322,1.3806,-197.5,1321
9624,1,0,0,0,397
9624,2,0.02642,1.0548,199.3,1439
9624,3,5.833e-18,5,-4639.3,1999
9624,4,3.365e-05,1.9791,384,4201
9710,1,0,0,0,-99
3761,8,0.0002013,1.5547,-75,2324
3834,1,0,0,0,4564
3834,2,0.0006839,1.3503,4127.6,4846
3834,3,0.0008929,1.3503,4256.3,5199
3834,4,1.04e-17,5,1308.4,5569
3834,5,4.011e-17,5,2313.6,5956
3834,6,0.0005539,1.5849,5078.4,6958
3835,1,0,0,0,4564
3835,2,0.0006839,1.3503,4127.6,4846
3835,3,0.0008929,1.3503,4256.3,5199
3835,4,1.04e-17,5,1308.4,5569
3835,5,4.011e-17,5,2313.6,5956
3835,6,0.0005539,1.5849,5078.4,6958
3860,1,0,0,0,836
3860,2,0.0004455,1,21.3,1038
3860,3,1.022e-16,5,-308.8,1193
3860,4,2.338e-14,5,686.3,1296
3860,5,7.77e-15,5,536,1391
3860,6,2.096e-15,5,279.8,1494
3860,7,1.932e-15,5,259.9,1616
3860,8,1.012e-15,5,72.7,1837
3861,1,0,0,0,836
3861,2,0.0004455,1,21.3,1038
3861,3,1.022e-16,5,-308.8,1193
3861,4,2.338e-14,5,686.3,1296
3861,5,7.77e-15,5,536,1391
3861,6,2.096e-15,5,279.8,1494
3861,7,1.932e-15,5,259.9,1616
3861,8,1.012e-15,5,72.7,1837
3862,1,0,0,0,790
3862,2,8.421e-05,1,790,885
3862,3,4.112e-12,5,812.9,934
3862,4,0.02232,0.5004999999999999,910,968
3862,5,3.764e-18,5,-1174.7,1041
3862,6,1.428e-20,5,-5722,1107
3862,7,7.603e-15,5,618.7,1178
3862,8,2.333e-15,5,469.7,1250
3862,9,1.282e-05,1.8778,923.2,1375
3862,10,3.983e-06,2.2051,1065,1476
3862,11,0.002384,1.256,1237,1565
3862,12,0.007355,1.0977,1293,1727
3863,1,0,0,0,764
3863,2,6.03e-22,5,-15470.7,835
3863,3,0.0005537,1.0961,163.5,920
3863,4,0.002207,1,561.2,1055
3863,5,6.935e-17,5,-681.3,1157
3863,6,1.876e-16,5,-348.3,1257
3863,7,0.01196,1,1089.8,1354
3863,8,0.01541,1,1148.9,1428
3863,9,3.792e-15,5,401.8,1507
3863,10,0.016,1.0977,1278,1592
3864,1,0,0,0,996
3864,2,0.01101,0.6901,996,1112
3864,3,1.094e-15,5,344.1,1178
3864,4,1.263e-15,5,367.8,1250
3864,5,1.282e-05,1.8778,923.2,1375
8107,6,0.04162,0.862,319.4,483
8107,7,1.055e-14,5,-312.9,548
8107,8,0.000871,1.5547,286.6,637
8107,9,0.0007399,1.5547,247.9,1017
8107,10,0.000688,1.5547,211.1,2891
3864,6,3.983e-06,2.2051,1065,1476
3864,7,0.002384,1.256,1237,1565
3864,8,0.007355,1.0977,1293,1727
9201,1,0,0,0,1500
9201,2,4.046e-18,5,-3147.2,1896
9201,3,2.048e-16,5,-404.7,2372
9201,4,0.02624,1.1978,1977.1,4935
9201,5,0.03591,1.1978,2659.2,6406
9201,6,0.0003342,1.7535,2430.6,8284
3902,1,0,0,0,50
3902,2,9.053e-06,1.914,-3,613
3902,3,0.0002293,1.5372,249,1320
3902,4,4.547e-05,1.7833,308,2523
3903,1,0,0,0,93
3903,2,0.0001981,1.4669,92,620
3903,3,0.0001446,1.6075,249,1208
10699,2,0.0001824,1.4448,-50,-2
10706,1,0,0,0,-87
10706,2,1.83e-05,1.7766,-87,-2
10706,3,7.583e-05,1.7118,-46,129
3903,4,0.009974999999999999,1.0599,595,1745
3903,5,9.92e-06,1.9591,202,2600
3907,1,0,0,0,40
3907,2,4.304e-06,2.0793,40,250
3907,3,8.241e-06,1.9478,34,600
3907,4,4.688e-05,1.6982,84,602
3907,5,6.091e-06,2.0256,84,1204
3907,6,0.001558,1.2911,374,1745
3907,7,9.92e-06,1.9591,202,2600
3908,1,0,0,0,0
3908,2,4.911e-06,1.9591,-54,308
3908,3,0.001278,1.1647,138,413
3908,4,3.442e-07,2.3447,-129,556
3908,5,6.476e-05,1.6987,180,739
3908,6,8.799e-05,1.6811,241,1204
3908,7,0.001558,1.2911,374,1745
3908,8,9.92e-06,1.9591,202,2600
3909,1,0,0,0,0
3909,2,2.456e-05,1.7036,-38,300
3909,3,0.002052,1.0801,138,410
3909,4,8.853e-06,1.9507,47,759
3909,5,2.248e-06,2.1523,30,1204
3909,6,0.001558,1.2911,374,1745
3909,7,9.92e-06,1.9591,202,2600
8472,1,0,0,0,49
3917,1,0,0,0,66
3917,2,7.29e-05,1.5816,48,365
3917,3,0.0001777,1.5096,134,693
3917,4,0.0001533,1.5987,262,1323
3917,5,5.98e-05,1.7504,330,2523
3919,1,0,0,0,84
10876,7,0.0002112,1.4778,211,1528
9002,1,0,0,0,32
3919,2,9.681e-05,1.491,33,302
3919,3,0.000334,1.4212,153.9,692
3919,4,0.0001502,1.5987,250.6,1323
3919,5,5.98e-05,1.7504,330,2523
3921,1,0,0,0,84
3921,2,5.759e-05,1.6074,31,334
3921,3,0.0001139,1.5811,117.5,690
3921,4,0.0001466,1.5987,234.2,1323
3921,5,5.98e-05,1.7504,330,2523
3924,5,6.770000000000001e-05,1.7504,478.9,2523
3924,1,0,0,0,84
3924,2,5.759e-05,1.6074,31,334
3924,3,8.438e-05,1.5811,72.3,704
3924,4,0.0001357,1.5987,266.9,1382
10612,6,5.104e-14,5,-21.2,487
10612,7,0.01091,1.0746,375.5,755
10612,8,0.002015,1.319,301,977
10612,9,0.004842,1.1658,226,3000
10622,1,0,0,0,91
10622,2,0.0001672,1.2696,91,141
10622,3,0.0001322,1.5377,112,296
10622,4,2.003e-05,1.9145,119,436
10622,5,0.0004622,1.5025,246,2931
10622,6,4.138e-06,2.16,776,4152
10623,4,6.444e-05,1.4937,86.90000000000001,141
10623,5,0.0001311,1.5377,110.6,296
10623,6,2.003e-05,1.9145,119,436
10623,7,0.0004622,1.5025,245.6,2931
10623,8,4.138e-06,2.16,776.2,4152
10627,1,0,0,0,-990
10627,2,0.001133,1,-999.7,-945
10627,3,0.000226,1.3621,-1006.7,-833
10627,4,8.848e-07,2.254,-1096.9,-723
10627,5,0.0006964,1.2707,-915.6,-656
10627,6,5.753e-06,2.0458,-985.4,-478
10627,7,0.0002637,1.5377,-808.4,-262
10627,8,0.0004578,1.4624,-780.3,-133
10627,9,0.0005381,1.4624,-712.5,7
10627,10,0.0005606,1.4624,-692.7,153
10627,11,0.004257,1.2114,-488.1,317
10627,12,0.004681,1.2114,-427.4,619
10627,13,0.0001506,1.6422,-750.1,984
10627,14,0.0001778,1.6422,-583.3,1312
10627,15,0.000161,1.6821,-368.8,1569
10627,16,0.0002008,1.6821,-130.1,1813
10699,3,7.582e-05,1.7118,-45.9,129
10699,4,6.026e-05,1.798,-25.9,1144
10699,5,4.412e-06,2.0178,-836.1,4000
3926,1,0,0,0,83
3926,2,9.631e-05,1.5311,71.59999999999999,215
3926,3,4.772e-05,1.5272,-15,300
3926,4,0.0002275,1.497,175.4,935
3926,5,0.0002748,1.5624,425,1105
3926,6,0.0002898,1.5069,270.3,1566
3926,7,6.646e-05,1.7504,457.2,2523
3927,1,0,0,0,83
3927,2,0.0001769,1.4272,60.5,356
3927,3,0.0002211,1.497,160.7,935
3927,4,0.0002748,1.5624,425,1105
3927,5,0.0002898,1.5069,270.3,1566
3927,6,6.646e-05,1.7504,457.2,2523
5041,1,0,0,0,10
5041,2,0.01236,1,-423.5,120
5041,3,0.01948,1,-224.9,178
5041,4,0.01931,1.0004,-227.6,225
5041,5,0.4753,0.5546,33.6,281
5041,6,1.227e-15,5,-1244.6,360
5041,7,8.515000000000001e-15,5,-729.1,399
5041,8,0.003347,1.4822,101.7,450
5041,9,0.00324,1.4822,94,527
5041,10,1.633e-05,2.182,-171,686
5041,11,2.437,0.5324,485.2,780
5041,12,6.609e-05,1.9485,-263.4,998
5041,13,6.911e-06,2.2144,-485.6,1302
5041,14,0.007606,1.3849,292.7,1733
3929,1,0,0,0,58
3929,2,5.401e-05,1.5311,-27.5,171
3929,3,7.054e-05,1.5311,4.3,231
3929,4,8.727e-05,1.5272,31,290
3929,5,0.0001425,1.497,81.2,349
3929,6,0.0001905,1.497,128.4,436
3929,7,0.0001932,1.497,131.3,503
3929,8,0.000214,1.497,155.8,599
3929,9,0.0002524,1.497,202.1,946
3929,10,0.0001928,1.5624,275.8,1129
10800,1,0,0,0,-63
10800,2,0,0,-64,90
10800,3,1.384e-05,2.1622,82.8,207
10800,4,0.0002099,1.709,116.1,371
10800,5,0.002975,1.2278,113,538
10800,6,0.0002135,1.5904,-22,1276
10800,7,0.0002375,1.6558,357,1732
10800,8,6.561e-05,1.6717,-1033,1919
10800,9,1.051e-05,1.7684,-3455,2650
3929,11,0.0003328,1.5069,367.6,1566
3929,12,6.448000000000001e-05,1.7504,424.3,2635
4235,5,0.001223,1.3509,482,2836
4240,1,0,0,0,301
4240,2,0.0003455,1.3207,284.5,400
4240,3,0.0003559,1.3707,305,534
10958,1,0,0,0,6
10958,2,5.63e-05,1.9304,6,234
10958,3,5.515e-06,2.1227,-182,1043
4240,4,0.0005896,1.3893,385.9,678
4240,5,0.000807,1.4025,456.7,2836
4241,1,0,0,0,260
4241,2,3.05e-05,1.6437,202.2,314
4241,3,3.578e-05,1.6437,212.6,382
4241,4,1.067e-14,5,-52.4,472
4241,5,1.303e-05,1.9464,264.1,526
4241,6,1.127e-05,1.9464,243.8,565
4241,7,1.105e-05,1.9464,240.6,598
4241,8,2.149e-15,5,-265.2,681
4241,9,0.001195,1.3547,474.9,1525
4241,10,0.0009611,1.3795,439.5,2216
4241,11,0.02399,1,998.7,3500
4242,1,0,0,0,260
4242,2,1.583e-05,1.7975,250,319
4242,3,9.493e-07,2.2748,221.2,384
6537,9,2.226,0.5324,433.6,779
6537,10,6.433e-05,1.9485,-275.5,996
6537,11,7.182e-06,2.2144,-454.7,1302
6537,12,0.007606,1.3849,292.7,1733
6537,13,0.0002942,1.787,2.7,3500
4242,4,2.836e-06,2.2243,272.3,464
4242,5,1.443e-05,1.9464,287.9,516
10516,1,0,0,0,-17
10516,2,3.761e-05,1.5311,-62.5,171
10516,3,5.277e-05,1.5311,-16.2,220
10516,4,7.675e-05,1.5272,32.6,297
10516,5,0.0001391,1.497,98.2,346
10516,6,0.0002116,1.497,158.7,411
10516,7,0.0002116,1.497,158.7,505
10516,8,0.0002327,1.497,180,599
10516,9,0.0002524,1.497,202.1,946
10516,10,0.0001928,1.5624,275.8,1129
10516,11,0.0003328,1.5069,367.6,1566
10627,17,0.06855,1,816.7,1972
10629,1,0,0,0,-101
10629,2,0.0003874,1,-101,361
10629,3,0.0007763,1,130,589
10629,4,2.247e-06,1.9073,56,797
10629,5,6.345e-06,1.9244,390,935
10629,6,0.0001397,1.6338,683,1144
10629,7,0.002456,1.3602,952,1511
10629,8,6.239e-05,1.8579,770,1999
10629,9,0.0001344,1.7711,867,2641
4242,6,1.413e-05,1.9464,285.4,566
4242,7,1.497e-05,1.9464,293.7,623
4242,8,2.942e-15,5,-211.4,675
4242,9,0.001187,1.3547,469.8,1525
4242,10,0.0009611,1.3795,439.5,2216
4242,11,0.02399,1,998.7,3500
4243,1,0,0,0,260
4243,2,4.035e-05,1.6437,241.2,369
4243,3,4.678e-05,1.6437,252.2,416
4243,4,4.901e-07,2.3739,183.1,465
4243,5,7.97e-07,2.3739,235.3,600
4243,6,2.498e-06,2.2463,293.4,679
4243,7,0.001195,1.3547,474.8,1525
4243,8,0.0009611,1.3795,439.5,2216
4243,9,0.02399,1,998.7,3500
4244,1,0,0,0,262
4244,2,6.837e-15,5,-60.9,316
4244,3,1.65e-14,5,0,383
4244,4,1.54e-14,5,-5.3,460
4244,5,1.46e-05,1.9464,285.8,516
4244,6,1.361e-05,1.9464,277.4,566
4244,7,1.37e-05,1.9464,278.4,623
4244,8,2.942e-15,5,-211.4,675
4244,9,0.001187,1.3547,469.8,1525
4244,10,0.0009611,1.3795,439.5,2216
4244,11,0.02399,1,998.7,3500
8189,1,0,0,0,338
8189,2,6.072e-05,1.5162,239.4,410
8189,3,0.0005624,1.3448,347.3,546
8189,4,0.001029,1.2927,391.9,682
8189,5,0.001223,1.3509,482,2836
8190,1,0,0,0,338
8190,2,0.0003157,1.3207,288.2,410
8190,3,9.874000000000001e-05,1.6162,306.2,546
8190,4,0.0008464,1.2927,366.7,679
8191,1,0,0,0,338
8191,2,0.0003157,1.3207,288.2,410
8191,3,9.874000000000001e-05,1.6162,306.2,546
8191,4,0.00107,1.2927,396.4,678
8191,5,0.000807,1.4025,456.7,2836
8192,1,0,0,0,338
8192,2,0.0003157,1.3207,288.2,410
8192,3,0.0003842,1.3707,321.5,528
8192,4,0.0005942,1.3893,387.6,678
8192,5,0.000807,1.4025,456.7,2836
4245,1,0,0,0,260
4245,2,1.757e-05,1.7975,250.5,319
4245,3,1.496e-06,2.2748,235.7,386
4245,4,1.014e-06,2.3572,237.3,464
4245,5,1.473e-05,1.9464,283.8,516
4245,6,1.315e-05,1.9464,269.9,566
10972,1,0,0,0,-101
10972,2,0,0,-102,372
10972,3,7.616e-05,1.246,372,636
10972,4,9.246e-07,2.0727,396.5,810
10972,5,1.449e-05,1.9244,652.6,956
10972,6,0.0001617,1.6338,764.4,1153
10972,7,0.002465,1.3602,979,1521
10972,8,6.859000000000001e-05,1.8579,831,1999
10972,9,0.0001353,1.7711,873.8,2641
4245,7,3.352e-06,2.1567,245.6,623
4245,8,2.244e-15,5,-261.5,675
4245,9,1.344e-09,3.2499,53.4,792
4245,10,2.674e-07,2.505,155.8,908
4245,11,0.001227,1.3547,495.2,1525
4245,12,0.0009611,1.3795,439.5,2216
4245,13,0.02399,1,998.7,3500
4445,1,0,0,0,-19
4445,2,0.0002243,1.3882,-28.4,27
4445,3,0.0005989,1.2932,-7.8,54
4445,4,3.034e-06,2.2578,-56.3,80
4497,1,0,0,0,260
4497,2,0.0005133,1.1696,258,316
9329,1,0,0,0,-62
9329,2,0.0009796,1.5634,-165,247
9329,3,0.0004565,1.714,-132,359
9329,4,0.0004245,1.714,-153.2,676
9329,5,0.001074,1.5824,-130,997
9710,2,6.097e-05,1.6371,-99,350
9710,3,0.004627,1.1922,233.9,1090
4497,3,1.775e-05,1.8431,235,389
4497,4,1.282e-07,2.6231,163,462
4497,5,3.229e-15,5,-197,526
4497,6,1.211e-05,1.9464,260,576
4497,7,2.819e-15,5,-218,632
4497,8,2.349e-15,5,-250,713
4497,9,1.282e-09,3.2499,45,792
4497,10,3.043e-07,2.505,190,930
4497,11,0.001315,1.3547,512,1529
4497,12,0.00105,1.3795,472,2211
4498,1,0,0,0,260
4498,2,0.0005133,1.1696,258.2,316
4498,3,1.545e-05,1.8431,228.2,389
4498,4,6.658999999999999e-07,2.3572,187.5,462
4498,5,1.229e-05,1.9464,261.2,516
4498,6,1.315e-05,1.9464,269.9,566
4498,7,3.352e-06,2.1567,245.6,623
4498,8,2.244e-15,5,-261.5,675
4498,9,1.344e-09,3.2499,53.4,792
4498,10,2.674e-07,2.505,155.8,908
4498,11,0.001227,1.3547,495.2,1525
4498,12,0.0009611,1.3795,439.5,2216
4498,13,0.02399,1,998.7,3500
4445,5,1.94e-06,2.2578,-86.09999999999999,107
4445,6,2.79e-06,2.2578,-57.4,151
4445,7,2.16e-05,1.9573,-15.3,201
4445,8,0.0002039,1.6173,33.9,342
4445,9,0.0008493,1.4327,103.3,579
4445,10,0.0006589,1.4509,54.5,996
4445,11,0.0001953,1.597,-81.7,1661
4445,12,0.0001825,1.597,-157.3,2607
4497,13,7.051e-06,1.9804,-51,3122
4839,10,0.07552,0.8647,540.1,1600
4839,11,0.007629,1.1575,281.3,2531
5040,8,8.297000000000001e-15,5,-755,360
5040,9,7.496e-15,5,-777.9,424
5040,10,3.439e-05,2.0996,-116.5,520
5040,11,2.757e-05,2.0996,-187.1,666
6825,20,1.34e-08,2.5984,-1346,1235
5037,8,0.006246,1.3849,87.7,1708
5037,9,9.200999999999999e-05,1.9189,-158.4,3500
5040,12,2.34e-05,2.0996,-256.3,783
5040,13,0.03052,1.1927,283.3,1618
5040,14,7.740999999999999e-06,2.1919,-579.7,3223
5041,15,0.0002942,1.787,2.7,3500
5915,6,0.01988,1.3417,273.8,423
5915,7,0.02348,1.3417,291.2,440
5915,8,0.2283,0.9686,342.4,491
5915,9,0.2939,0.9307,352.1,616
5915,10,0.03622,1.2575,288.5,906
5915,11,0.2958,0.9878,480.1,1779
5171,1,0,0,0,-15
5171,2,3.605e-06,2.3254,-15,23
8244,16,7.569e-05,1.8755,-206.9,3914
8472,2,0.001333,1,-82,82
8472,3,0.001417,1,-72,118
8472,4,0.002318,1,2,206
8472,5,0.002914,1,44,241
8472,6,0.008047,1,170,284
5171,3,0.005415,1.2982,21,205
5171,4,8.296e-06,1.9919,-571,1511
6092,1,0,0,0,-188
6092,2,0.00475,1,-320,0
6092,3,7.521000000000001e-05,1.9125,-178,631
9329,6,7.004e-06,2.2144,-475,1302
5281,1,0,0,0,21
5281,2,2.41e-08,2.1403,21,590
5281,3,1.173e-06,2.0169,468,965
5281,4,9.823999999999999e-06,2.1403,836,1184
5281,5,8.506e-05,1.7958,863,2095
7425,1,0,0,0,-1
7425,2,5.348e-06,1,-2,372
7425,3,5.556e-05,1,336,390
7425,4,8.509e-13,5,308.8,405
7425,5,0.0001504,1.6678,395,448
7425,6,0.005352,0.9581,424,492
7425,7,0.0002508,1.6618,420,520
7425,8,0.0001613,1.8057,432,584
7425,9,0.01461,0.9937,485,606
7425,10,0.01444,0.9937,484,629
7425,11,0.01604,0.9937,499,710
7425,12,0.01722,0.9937,513,805
10946,1,0,0,0,-28
10946,2,0.003104,1.1059,-28,101
7425,13,0.01699,0.9937,509,907
7425,14,0.01252,0.9937,366,994
7606,1,0,0,0,55
7606,2,6.349e-06,1,55,370
6092,4,2.846e-07,2.5885,-583,1107
6092,5,1.953e-05,2.0331,-501,2799
6092,6,278,0,2798,2800
5733,5,0.006129,1.3904,-1223.4,4586
5737,5,0.006129,1.3904,-1223.4,4586
8187,4,1.636e-07,2.6231,212.6,479
8187,5,5.514e-05,1.7343,316.4,540
8187,6,5.74e-15,5,-107.8,586
8187,7,3.228e-15,5,-192.5,636
8187,8,2.948e-15,5,-207.6,713
8187,9,1.282e-09,3.2499,45,792
8187,10,3.043e-07,2.505,190,930
8187,11,0.001315,1.3547,512,1529
8187,12,0.00105,1.3795,472,2211
8375,1,0,0,0,209
8375,2,1.155e-19,6.9969,-352,282
8375,3,3.552e-10,3.9469,-84,398
8472,7,1.204e-05,1.8837,-107,715
7299,3,0.0001553,1.4536,134.3,221
7425,15,0.01116,0.9937,289,1281
7425,16,7.993e-05,1.5646,-599,1876
7425,17,0.579,0.5004999999999999,1089,2158
7425,18,0.675,0.5004999999999999,1371,2305
7425,19,0.7697000000000001,0.5004999999999999,1587,2520
7425,20,0.05,1,2050,2596
7425,21,0.05,1,2050,2632
10668,1,0,0,0,190
10668,2,1.353e-06,2.3419,190,364
10668,3,0.003185,1.0669,307,724
10668,4,1.272e-06,2.1128,-131,1345
10668,5,0.2265,0.5829,1044,1509
10668,6,0.008789999999999999,1.085,967,1641
10668,7,1.791e-05,1.9414,715,2100
10706,4,6.027e-05,1.798,-26,1144
10706,5,4.412e-06,2.0178,-836,4000
9553,1,0,0,0,9886
9553,2,0.1025,1,9421.5,10088
9710,4,4.904e-06,2.0381,-409,4263
5915,12,3.347e-17,5,-4594.4,1921
5975,1,0,0,0,115
5975,2,0.001957,0.9889,109,221
5975,3,2.491e-11,4.2421,2.8,297
5975,4,0.0002808,1.6294,171.4,392
7606,3,5e-05,1,330,390
7606,4,4.488e-11,5,353.3,400
7606,5,0.0001619,1.6678,388.1,460
7606,6,0.0005605,1.4443,401.1,493
7606,7,0.003845,1.1042,428.3,585
5975,5,8.946999999999999e-06,2.1695,110.1,606
5975,6,6.319e-07,2.5099,-8.300000000000001,619
5975,7,3.935e-06,2.2457,26.2,1049
5975,8,0.001248,1.4761,282.7,2906
6043,6,5.559e-05,1.8843,-581,3700
6047,1,0,0,0,195
6047,2,0.0003296,1.6536,195,612
6047,3,0.006091,1.347,423,834
6047,4,0.02574,1.1828,554,1553
6047,5,0.0005643999999999999,1.6409,63,2190
6047,6,5.776e-05,1.8843,-461,6134
6048,1,0,0,0,201
6048,2,3.808e-05,1.7284,-1168,625
6048,3,1.769e-05,1.9759,-409,638
6048,4,0.0003592,1.7157,118.2,649
6048,5,0.0006093,1.7157,258.9,814
6048,6,0.0005594,1.7157,231,827
6048,7,0.0006941,1.6396,124,1411
6048,8,1.508e-05,2.0267,-758,6137
6076,1,0,0,0,12
6076,2,0.05169,0.8757,-187.1,240
6076,3,6.489e-16,5,-1501.7,336
6076,4,0.0003595,1.7453,-83.7,555
6077,1,0,0,0,195
6077,2,0.0007061,1.2498,-2326.9,588
6077,3,1.67e-16,5,-1873.8,629
6077,4,2.419e-15,5,-837.4,668
6076,5,0.0005659,1.7036,-18.2,1132
6076,6,4.266e-05,2.0045,-318.2,3478
6077,5,2.935e-15,5,-780.2,737
7299,4,0.008795000000000001,0.8735000000000001,204.5,294
7299,5,2.57e-06,2.2996,104,472
7299,6,2.127e-06,2.3441,115.6,561
6077,6,3.017e-15,5,-771.9,808
6077,7,0.0005666,1.7157,244.7,887
6077,8,0.001277,1.5569,150.1,1419
6077,9,1.517e-05,2.0267,-738.8,6137
6310,1,0,0,0,-188
6310,2,0.004649,1,-322.7,0
6310,3,0.00158,1.4317,-120.1,90
6310,4,0.001747,1.4317,-105.9,145
6310,5,0.002046,1.4317,-79.7,290
6310,6,0.002459,1.4317,-35.1,629
9335,1,0,0,0,200
9335,2,1.89e-15,5,-1020.5,328
9335,3,1.967e-15,5,-1009.8,433
9543,1,0,0,0,51
9543,2,6.238e-05,1.7855,35,368
9543,3,3.876e-08,2.7725,-236,700
10946,3,0.0002139,1.6558,-28,474
10946,4,7.033e-06,1.9529,-646,1785
10946,5,1.124e-05,2.0553,472.5,2638
9543,4,0.001721,1.3508,245.2,1252
9543,5,0.001582,1.3508,180.4,2071
9543,6,1.296e-17,5,-2970.6,2608
9543,7,0.0007599,1.5717,1167.4,3507
9543,8,1.099e-17,5,-3207.2,4144
6310,7,0.0032,1.4122,26.1,1111
6310,8,0.002132,1.4932,134,2800
7606,8,0.003626,1.1498,450.1,654
7606,9,0.008886,0.9937,463.2,729
7606,10,0.01175,0.9937,528.3,823
7606,11,0.01204,0.9937,535.5,934
7606,12,0.01083,0.9937,490.9,1165
7606,13,0.01178,0.9937,545.4,1458
7606,14,0.0001054,1.5646,-88.5,1878
7606,15,0.6487000000000001,0.5004999999999999,1346.7,2120
7606,16,0.71,0.5004999999999999,1474.2,2335
7606,17,0.7985,0.5004999999999999,1654.4,2522
7606,18,0.0004545,1.6327,1749.2,2596
7621,1,0,0,0,-188
7621,2,0.004811,1,-318,0
7621,3,7.198999999999999e-05,1.8808,-199.9,83
7621,4,1.47e-05,2.1473,-211.3,183
7621,5,0.0001073,1.8522,-166.4,382
7621,6,0.005138,1.3459,50.1,743
7621,7,0.07801,0.9922,283.1,914
7763,1,0,0,0,-1
7763,2,1.687e-05,1.8222,-153.2,108
7763,3,0.001093,1.2278,-21.4,215
7763,4,0.008024999999999999,1,103.2,335
7763,5,1.282e-06,2.3704,-62.5,521
7763,6,7.075e-06,2.059,-146,1252
7763,7,1.626e-05,2.059,318.7,1496
7763,8,0.001032,1.5822,776.5,1619
6201,1,0,0,0,260
6201,2,0.0004701,1.1696,258.1,314
6201,3,4.786e-05,1.6332,241.7,385
6201,4,1.356e-07,2.6231,179,467
6201,5,3.512e-05,1.7343,254.1,532
6201,6,5.864e-15,5,-103.5,580
6201,7,4.212e-15,5,-150.3,634
6201,8,2.828e-15,5,-215.4,713
6201,9,1.282e-09,3.2499,45,792
6201,10,3.043e-07,2.505,190,930
6201,11,0.001315,1.3547,512,1529
6201,12,0.00105,1.3795,472,2211
6201,13,7.051e-06,1.9804,-51,3122
6912,1,0,0,0,-63
6912,2,9.335e-13,5,-63,1
6912,3,3.151e-11,5,-30.6,23
8375,4,0.0002335,2.0172,166,638
7086,1,0,0,0,161
7086,2,0.0006156999999999999,1.3361,126.8,222
7086,3,0.000532,1.3361,115.8,291
7086,4,0.0007783,1.3333,157.9,344
7086,5,4.207e-15,5,-378.8,405
7086,6,0.0008248,1.3646,192.1,473
7086,7,1.1e-15,5,-631.8,556
7086,8,0.007244,1.0428,274.1,742
7086,9,0.03296,0.8433,409.7,916
7086,10,0.008337000000000001,1.0419,338,1378
7086,11,0.006825,1.0799,397.6,1741
7086,12,0.007592,1.0689,432,2187
7086,13,0.008018000000000001,1.0689,519.4,3400
7224,1,0,0,0,-40
7224,2,0.0001809,1.3882,-40,27
7224,3,0.0005137,1.2932,-13.7,55
7224,4,7.278e-06,2.0963,-48.7,107
7224,5,2.609e-06,2.2578,-63.7,151
7224,6,1.489e-14,5,-352.1,204
7224,7,0.0001827,1.6173,26.6,345
7224,8,2.292e-10,3.4498,-420.7,593
9609,1,0,0,0,-22
9609,2,1.959e-05,1.1636,-22,380
9609,3,7.21e-08,2.7538,283.6,515
9609,4,0.004876,1.124,483.7,792
7621,8,0.003576,1.4122,91.40000000000001,1109
6828,11,0.008337000000000001,1.0419,338,1378
6828,12,0.006825,1.0799,397.6,1741
6828,13,0.007592,1.0689,432,2187
6828,14,0.008018000000000001,1.0689,519.4,3400
6350,13,1.403e-05,2.0606,275.4,2317
6912,4,1.678e-06,2.4775,-15.3,58
6912,5,0.002756,1.2982,45.9,172
6912,6,0.002178,1.3223,34.1,1511
7224,9,0.0002428,1.6332,136.7,991
8100,1,0,0,0,30
8100,2,0.0002206,1.0619,-51,108
8100,3,2.017e-12,4.1332,-216,130
8100,4,8.533e-12,4.1332,-114.1,152
7678,12,0.004858,1.1658,234.1,3000
8660,3,4.12e-15,5,-568,182
8660,4,5.422e-14,5,-266,243
8660,5,3.635e-14,5,-308,364
8785,1,0,0,0,24
8785,2,6.468e-05,1.8173,24,109
9002,2,0.0004468,1,7.4,79
9002,3,0.001,1,47,96
6783,1,0,0,0,258
6783,2,7.492e-14,5,258,364
6783,3,2.376e-05,1.213,342.1,590
6783,4,0.0004161,1.1119,558.9,905
9329,7,0.007606,1.3849,292.7,1733
9329,8,0.0002942,1.787,2.7,3500
9330,1,0,0,0,209
9330,2,1.155e-19,6.9969,-352,282
9330,3,0.0001698,2.0051,118.2,384
9330,4,3.789e-13,5,-119.8,436
9330,5,9.649000000000001e-07,2.7731,0.3,638
9330,6,0.001049,1.7347,97,1077
9334,1,0,0,0,140
9334,2,1.17e-06,2.2834,73.5,280
9334,3,1.204e-06,2.2834,76,361
9334,4,4.302e-15,5,-285.3,421
9334,5,5.527e-15,5,-251,472
9334,6,4.225e-15,5,-291,510
9334,7,4.14e-15,5,-294,535
9334,8,3.896e-15,5,-304,564
9334,9,4.819e-15,5,-268,638
9334,10,0.000909,1.447,371.6,692
9609,5,0.006817,1.425,719.4,836
8100,5,7.43e-11,4.1332,-5.6,179
8100,6,4.349e-13,4.1332,-461.4,197
8100,7,1.004e-15,5,-522.8,218
8100,8,1.744e-13,5,-46.1,235
8100,9,2.055e-06,2.4297,100.4,261
8100,10,1.425e-11,4.2421,-40.7,302
8100,11,0.0002709,1.6294,166.4,392
6783,5,1.75e-06,2.0169,527.3,988
6783,6,0.004704,1.157,940.2,1184
7763,9,0.01942,1.3058,1248.6,2326
8015,2,0.0005505,1.3729,-143,30
8015,3,1.191e-21,6.9937,-893,148
8015,4,0.0004909,1.5135,-53.6,344
8652,1,0,0,0,90
8652,2,0.0002337,1.4491,85,211
8652,3,0.0003055,1.4976,121,272
8652,4,0.00211,1.2142,173,1380
8652,5,0.006865,1.0799,405,1741
8015,5,0.008586999999999999,1.0927,53.5,436
8015,6,0.001084,1.3926,-33.8,739
6783,7,8.506e-05,1.7958,863,2095
8774,1,0,0,0,-944
8774,2,0.000543,1.2196,-978.7,-850
8774,3,0.0005877,1.2196,-970.6,-815
8774,4,5.679e-15,5,-1361.6,-762
8774,5,0.0005282,1.3009,-937.8,-723
8774,6,0.000455,1.3009,-963.9,-680
8774,7,0.0006445999999999999,1.3009,-897.3,-654
8785,3,0.006307,1.0823,83.8,148
8785,4,0.003933,1.1542,73.5,200
8785,5,0.0004332,1.5459,45.4,286
8785,6,0.001466,1.3943,103.8,343
8785,7,9.862e-05,1.7931,24.3,415
8785,8,0.002984,1.2701,103.7,599
6825,21,1.237e-08,2.5984,-1426,1746
9107,12,0.004858,1.1658,234.1,3000
9331,10,0.0002624,1.6678,207,1555
9331,11,0.0002686,1.6525,138,6011
9609,6,9.247e-05,1.7003,159,1540
6825,22,1.241e-05,1.8041,-649,2128
6825,23,1.241e-05,1.8041,-649,2507
6826,1,0,0,0,8
6826,2,0.0004627,1.4168,-79.5,214
6826,3,0.008598,1.0328,70.3,374
6826,4,0.0001583,1.6576,-16.6,543
6826,5,2.419e-05,1.8969,-135.1,960
6826,6,6.183e-05,1.8008,15.1,1687
7606,19,0.05,1,2050,2632
7606,20,0.0007048999999999999,1.5948,1848,2820
7223,1,0,0,0,-40
7223,2,0.0001049,1.5253,-40,35
8100,12,8.946999999999999e-06,2.1695,110.1,606
8100,13,6.319e-07,2.5099,-8.300000000000001,619
8100,14,3.935e-06,2.2457,26.2,1049
8190,5,0.001232,1.3509,494.3,2836
7999,2,3.955e-06,2.171,-169,208
7999,3,9.066e-23,6.9969,-1297,306
7999,4,0.003549,1.2079,85,449
7999,5,0.003151,1.2202,71,541
7999,6,5.584e-06,2.0831,-228,960
7999,7,6.125e-05,1.8008,6,1687
8015,7,0.0002679,1.5278,-332,1195
8015,8,9.575999999999999e-06,1.9377,-612.1,3000
7223,3,1.027e-05,2.0775,-38,145
7223,4,9.850999999999999e-06,2.0661,-47,351
7223,5,2.337e-05,1.9123,-59,2520
7224,10,0.07552,0.8647,540.1,1600
7224,11,0.007629,1.1575,281.3,2531
8648,5,0.00162,1.2396,173,556
8648,6,0.007322,1.0428,279,742
8648,7,0.03296,0.8433,409.7,916
8648,8,0.008337000000000001,1.0419,338,1378
8648,9,0.006825,1.0799,397.6,1741
8651,1,0,0,0,120
8651,2,0.001217,1,101,161
8651,3,0.002787,1,135,224
8651,4,0.002096,1.2142,173,1380
8652,6,0.007592,1.0689,432,2187
8652,7,0.008018000000000001,1.0689,519.4,3400
7425,22,0.0007048999999999999,1.5948,1848,2820
8879,1,0,0,0,3285
8879,2,0.0002782,1.7854,2587.6,4801
9002,4,5.888e-09,3.3043,-28.3,125
9002,5,9.147e-24,8.288600000000001,-329.8,145
10483,4,0.0004161,1.1119,558.9,905
10483,5,1.5e-06,2.0169,496.6,986
10483,6,3.139e-06,2.2089,781.5,1186
10483,7,0.002388,1.3602,1055.3,2095
10483,8,0.04215,1,1376.1,2216
10488,1,0,0,0,124
9330,7,0.0009609,1.7347,46,3988
9334,11,0.0009613999999999999,1.447,383.8,893
9334,12,0.0008661,1.5091,470.7,1189
9334,13,1.403e-05,2.0606,275.4,2317
9335,4,5.726e-07,2.527,-364,544
9611,1,0,0,0,9886
8099,1,0,0,0,30
8099,2,0.00012,1,-95,80
8099,3,0.0001429,1,-67,94
8099,4,7.058e-12,5,14.1,101
8099,5,0.002,1,83.5,108
8099,6,1.199e-10,4.1332,-13.2,118
8099,7,0.0002493,1.0004,-154.1,126
8099,8,4.905e-17,5,-947.7,138
8099,9,2.413e-15,5,-360.1,152
8099,10,1.05e-10,4.1332,9,180
8099,11,4.702e-14,4.1332,-924.6,199
8099,12,0.02296,0.5004999999999999,130.1,219
8099,13,2.095e-13,5,-34,237
8099,14,2.381e-06,2.4297,110.3,262
8099,15,5.48e-06,2.2655,110.9,302
8099,16,0.0002989,1.6294,174.4,393
8099,17,8.476e-06,2.1695,97.59999999999999,606
8099,18,6.787e-07,2.5099,8.9,832
8356,1,0,0,0,15
8356,2,0.0001806,1.5348,-19.8,82
8356,3,0.0002872,1.5348,6.7,92
8356,4,3.923e-13,5,-140.1,102
8375,5,0.001049,1.7347,97,1077
8375,6,0.0009616,1.7347,46.8,1865
8377,1,0,0,0,209
8377,2,0.001238,1.4872,-28,278
7425,23,0.0007029,1.5948,1847,3912
7481,7,0.04059,1.0252,638,2000
7489,5,0.003664,1.3531,490,1513
7606,21,0.0007029,1.5948,1847,3912
7621,9,0.002105,1.4932,112.4,2800
8651,5,0.006865,1.0799,405,1741
8651,6,0.007592,1.0689,432,2187
8651,7,0.008018000000000001,1.0689,519.4,3400
9002,6,5.143e-14,5,-161.9,169
7967,1,0,0,0,-188
7967,2,7.964e-06,1.8554,-624,9
7967,3,9.685e-05,1.8808,-145,144
7967,4,4.065e-05,2.0013,-173,382
7967,5,0.005179,1.3459,54,743
7967,6,0.07801,0.9922,283,914
7967,7,0.003576,1.4122,91,1109
7967,8,0.002105,1.4932,112,2800
8000,1,0,0,0,10
8000,2,4.052e-06,2.171,-167,109
8377,3,0.0001162,1.9442,9,375
8377,4,0.0002334,2.0172,166,638
8377,5,0.001049,1.7347,97,1077
8377,6,0.0009616,1.7347,46.8,1865
9335,5,0.05313,1,222.1,640
9335,6,1.019e-15,5,-1211.8,743
9335,7,3.323e-16,5,-1703,835
9611,2,1.162e-06,2.4726,8687.4,10081
9611,3,0.004825,1.3822,9065.299999999999,10913
9611,4,4.726e-06,2.1364,7587.4,11671
9611,5,1.416e-05,2.1364,9227.200000000001,12489
9611,6,3.565e-06,2.2347,8245.799999999999,13867
8000,3,2.505e-06,2.2362,-181.5,307
8000,4,1.731e-06,2.2727,-213.3,508
8000,5,1.068e-08,2.8851,-532.7,818
8000,6,0.00439,1.2575,295.3,1687
8033,1,0,0,0,-1
8033,2,6.779e-06,2.1473,-119.7,85
8033,3,9.859e-21,6.9017,-654.4,318
8033,4,5.606e-21,6.9017,-737.2,337
8033,5,0.4786,0.5032,244.9,372
8033,6,0.456,0.5032,232,408
8033,7,0.02231,1.0004,133,564
8033,8,0.001275,1.4168,18,768
8033,9,0.001584,1.3185,-274,1386
8033,10,0.003537,1.3214,496,2600
8061,1,0,0,0,-40
8061,2,0.0001422,1.5253,-40,35
8061,3,8.192999999999999e-06,2.0775,-59,145
8061,4,7.325e-06,2.0661,-76.8,354
8061,5,4.041e-05,1.8486,4.8,2520
8099,19,0.00273,1.3701,319.1,1290
8099,20,0.00125,1.4761,284,2906
8100,15,0.001248,1.4761,282.7,2906
8107,11,0.0001434,1.8107,798.4,3672
8187,13,7.051e-06,1.9804,-51,3122
8774,8,0.0008818,1.3009,-845.2,-624
8774,9,0.0008899,1.3009,-843.6,-589
8774,10,0.001035,1.3009,-815.6,-480
8774,11,0.0009762,1.3009,-831.2,-450
8774,12,0.00112,1.2696,-846.7,-414
8774,13,7.457e-16,5,-1686.7,-400
8774,14,1.677e-15,5,-1494.1,-387
10488,2,7.604e-06,1.8661,124,435
10488,3,3.194e-05,1.6959,197.6,593
8774,15,0.002053,1.3009,-643.1,-373
8774,16,0.001935,1.3009,-655.7,-355
8774,17,0.0004303,1.4624,-802.7,-262
8774,18,0.0004578,1.4624,-780.3,-133
8774,19,0.0005381,1.4624,-712.5,7
8774,20,0.0005606,1.4624,-692.7,153
8774,21,0.004257,1.2114,-488.1,317
8774,22,0.004681,1.2114,-427.4,619
8356,5,1.154e-05,2.1695,-10.6,176
8356,6,0.0004628,1.5253,25,1049
8244,17,7.153e-05,1.8755,-333,5697
9213,1,0,0,0,260
9213,2,0.0003161,1.1696,257.3,316
9213,3,2.437e-06,2.1655,230.7,382
9213,4,1.885e-07,2.6231,214.8,479
9213,5,5.881e-05,1.7343,311.1,537
9213,6,5.122e-15,5,-136.7,586
9213,7,2.461e-15,5,-250.9,636
9213,8,1.507e-15,5,-342.2,716
9213,9,8.091e-10,3.2499,-60.7,795
9213,10,2.544e-07,2.505,153.3,939
9213,11,0.001161,1.3547,490,1541
9213,12,0.001058,1.3795,548.8,2242
9239,1,0,0,0,-188
9239,2,7.964e-06,1.8554,-624,9
9239,3,9.685e-05,1.8808,-145,144
9239,4,4.065e-05,2.0013,-173,382
9239,5,0.005179,1.3459,54,743
9239,6,0.07801,0.9922,283.1,914
9239,7,0.003574,1.4122,91,1109
9335,8,0.07109,1,342.7,963
9335,9,1.772e-16,5,-2051.4,1098
9335,10,0.0002072,1.7651,-83.40000000000001,1320
9335,11,0.0003569,1.6964,-46,1515
9534,1,0,0,0,-15
9534,2,7.392e-05,1.4888,-15,164
9534,3,2.39e-05,1.9513,71,203
9599,1,0,0,0,0
9599,2,6.491e-05,1.8552,0,521
9599,3,6.725e-07,2.4092,-302.8,1003
9599,4,2.42e-06,2.0839,-1161.8,3109
9600,1,0,0,0,-43
9600,2,2.288e-05,1.9969,-43,520
9600,3,6.707e-07,2.4092,-304.2,1003
9601,1,0,0,0,-43
9601,2,0.000299,1.603,-43,151
9601,3,0.0009191,1.2806,-153,243
9601,4,0.001819,1.3756,83.5,1003
9601,5,2.42e-06,2.0839,-1161.8,3109
9602,1,0,0,0,-43
9602,2,0.001337,1.2806,-43,255
9602,3,0.001526,1.402,89.40000000000001,1003
9602,4,2.42e-06,2.0839,-1161.8,3109
9695,1,0,0,0,214
9695,2,0.0001004,1.3965,214,269
9695,3,7.781000000000001e-06,2.0309,214,366
9695,4,0.00293,1.0669,311.2,724
8660,6,1.279e-08,2.7039,-1139,1824
8660,7,1.087e-05,2.0553,437,2638
8833,1,0,0,0,125
8833,2,1.434e-05,1.4987,125,152
8833,3,3.865e-06,1.9678,128,246
8472,8,0.008553,1,279,1102
8290,9,0.0004087,1.5278,581,2600
8290,10,5.336e-07,2.3138,-89,3097
8321,1,0,0,0,-39
8321,2,3.908e-08,2.9362,-120.5,-2
8321,3,8.184e-05,1.6376,-51,69
8321,4,7.355e-06,2.0775,-69.90000000000001,145
8321,5,1.334e-05,2.0661,-20.9,355
8321,6,3.978e-05,1.8486,-63.2,2520
8774,23,0.0001506,1.6422,-750.1,984
8774,24,0.0001778,1.6422,-583.3,1312
9211,1,0,0,0,438
9211,2,0.0002727,1.5618,320.7,545
9211,3,2.57e-05,2.1298,384.5,628
9211,4,0.001168,1.6481,508,762
9211,5,0.7117,0.6329,689.3,812
9211,6,0.007287,1.3652,545.9,894
9211,7,0.001774,1.5629,484.1,1000
9211,8,0.1009,1.0004,695.5,1168
9259,1,0,0,0,-1
9259,2,1.687e-05,1.8222,-153.2,108
9259,3,0.001037,1.2372,-22.4,215
9259,4,0.003383,1.1405,81.2,337
9259,5,9.39e-06,2.0683,-28.8,476
9259,6,9.599000000000001e-06,2.0238,-96.59999999999999,1222
9335,12,3.955e-17,5,-3211.6,1885
9335,13,0.1702,0.9647,864.7,2229
9335,14,6.765e-05,1.8755,-436.4,2813
9335,15,0.0005876,1.6305,-95.59999999999999,5028
9335,16,0.0004702,1.6758,381.8,8016
9341,1,0,0,0,185
9341,2,5.166e-05,1.631,172.9,439
9341,3,1.48e-05,1.8909,199.7,608
10488,4,0.001876,1.1119,358.5,791
10488,5,0.004727,1,452.5,901
10488,6,1.033e-06,2.2089,180.4,1130
10488,7,8.231e-05,1.8057,741.6,1511
10488,8,4.061e-05,1.9128,742.2,1999
9341,4,0.001023,1.2162,255.9,1774
9341,5,0.001531,1.2162,684.2,1913
9341,6,2.332e-06,2.093,528.5,3201
9343,1,0,0,0,-64
9343,2,0.002938,1.4558,-74.3,3002
9343,3,5.448e-06,2.0925,-2385.9,10007
8833,4,5.086e-06,2.0732,165,335
8833,5,0.0001013,1.5904,212,433
8833,6,0.000417,1.3833,255,636
8833,7,0.001951,1.1768,344.6,1550
8648,10,0.007592,1.0689,432,2187
8648,11,0.008018000000000001,1.0689,519.4,3400
8649,1,0,0,0,120
8649,2,0.001195,1,101,161
8649,3,0.0005377,1.3361,122,195
8649,4,2.386e-05,1.8827,85,252
8649,5,0.003899,1.0873,187,348
8649,6,0.0003799,1.5253,176,486
8649,7,0.001048,1.3031,107,3407
8680,1,0,0,0,90
8680,2,0.0002624,1.4311,90,211
8680,3,0.0003246,1.5126,130,530
8680,4,0.004903,1.1317,257,3151
9413,1,0,0,0,314
9467,1,0,0,0,-100
9467,2,0.0001804,1.5047,-100,145
9467,3,0.0001231,1.6662,-35.8,277
9467,4,0.0001761,1.6277,-10.5,383
9467,5,0.0001299,1.6662,-28.6,446
9467,6,0.0001058,1.6662,-90.7,646
9467,7,0.02384,1.2734,565.8,874
9519,5,0.02332,0.8988,524.5,834
9519,6,0.02247,0.8988,511.4,1455
8892,1,0,0,0,-50
8892,2,0.0001824,1.4448,-50,-2
8892,3,8.069e-05,1.6376,-52,69
8774,25,0.000161,1.6821,-368.8,1569
8774,26,0.0002008,1.6821,-130.1,1813
8774,27,0.06855,1,816.7,1972
8782,9,3.176e-05,1.8821,-142.1,1520
8785,9,0.0003645,1.5679,16.3,809
8785,10,3.176e-05,1.8821,-142.1,1520
8833,8,1.293e-06,2.068,-401,2536
8892,4,7.355e-06,2.0775,-70,145
8892,5,0.0001286,1.6986,13,1145
8892,6,4.445e-06,2.0178,-828,4000
9056,1,0,0,0,107
9056,2,5.754e-06,1.8667,107,152
8977,1,0,0,0,-399
8977,2,0.0001197,1.7222,-399,322
8977,3,7.91e-05,1.9216,-129.8,595
8977,4,2.695e-05,2.0095,-333.6,2310
8977,5,1.009e-05,2.015,-1903.3,6246
8986,1,0,0,0,-28
8986,2,0.0002139,1.6558,-28,474
9211,9,0.02234,1.1899,538.7,1874
9211,10,0.01071,1.3514,900.7,2122
9211,11,0.01448,1.3767,1260.8,3545
9213,13,7.204e-06,1.9804,37.7,3171
9239,8,6.657e-26,6.9969,-6063,2800
9259,7,7.107e-06,2.1353,179,1796
9384,1,0,0,0,495
9384,2,0.0001925,1.5569,428.7,2827
9385,2,3.68e-08,2.8621,299.9,827
9385,3,0.0005908,1.5569,626.4,857
9385,4,0.0003482,1.5569,533.1,998
9385,5,4.63e-05,1.5569,-700.9,1136
9385,6,0.0001875,1.5569,387.9,1276
9385,7,0.0002658,1.5569,566.4,1703
9385,8,1.742e-18,5,-4442.5,2827
9413,2,7.658e-05,1.5854,314,391
9413,3,7.304000000000001e-05,1.625,319.7,485
9413,4,0.0005149,1.4278,399.8,920
9413,5,0.0004373,1.3646,136.5,1081
9413,6,2.517e-07,2.2166,-883.5,1210
9413,7,3.565e-19,5,-5739.7,1510
9413,8,4.71e-18,5,-2816.5,1735
10487,9,0.0001036,1.803,845.8,2641
10488,9,0.0002564,1.6937,935.3,2680
10506,1,0,0,0,505
10506,2,0.0004333,1,505,535
10506,3,0.0004328,1.5464,526,647
10506,4,7.364e-07,2.5171,406.9,800
10506,5,0.006146,1.1213,588.4,935
10506,6,0.0002192,1.5189,261.7,1219
10507,1,0,0,0,505
10507,2,4.471e-06,2.388,505,566
10507,3,1.295e-05,2.2106,513.6,607
10507,4,0.0001216,1.7739,526.2,661
10507,5,0.0003035,1.5624,515.2,1062
10507,6,0.0006397,1.4662,564.8,1534
10507,7,5.792e-06,2.0388,122,1798
10507,8,0.0006046,1.4624,495.6,2027
9413,9,8.138999999999999e-14,4.1152,-864.9,1914
9536,1,0,0,0,-15
9612,1,0,0,0,449
9612,2,1.595e-06,1.8332,449,639
9613,1,0,0,0,295
9613,2,5.796e-06,1.502,295,592
9614,1,0,0,0,275
9615,1,0,0,0,449
9616,1,0,0,0,284
9616,2,8.61e-07,1.8074,284,552
9616,3,0.000304,1.0949,504.2,930
9616,4,0.0001981,1.7733,876.4,1026
9617,1,0,0,0,449
9617,2,1.595e-06,1.8332,449,639
9617,3,0.000314,1.4882,620.6,883
9617,4,0.00274,1.2317,738.8,1005
9617,5,0.00506,1.2471,853.1,1099
9617,6,0.001548,1.4882,875.6,1656
9618,1,0,0,0,409
9618,2,7.935e-07,1.8255,409,554
9618,3,4.919e-05,1.4404,522.7,740
9618,4,2.187e-07,2.277,415.9,883
9618,5,2.009e-05,1.9936,767,1027
9618,6,2.704e-05,2.0919,853.3,1125
9618,7,0.005918,1.285,986.9,1763
9618,8,0.02656,1,610.8,2403
9619,1,0,0,0,515
9619,2,3.488e-06,1.8332,515,639
9619,3,8.431e-05,1.5959,604.5,885
9619,4,0.003686,1.2317,815.9,1009
9619,5,0.005576,1.2471,879.1,1101
9619,6,0.001576,1.4882,884.8,1656
9619,7,0.02453,1,384.3,2406
9694,1,0,0,0,-63
9695,5,1.43e-06,2.1128,-49.2,1345
9695,6,1.576e-07,2.4235,-24.1,2223
9717,1,0,0,0,-558
9717,2,0.0007021,1.4459,-558,-248
8986,3,7.033e-06,1.9529,-646,1785
8986,4,1.124e-05,2.0553,472.5,2638
8996,1,0,0,0,30
8996,2,0.00012,1,-95,80
8996,3,0.0001429,1,-67,94
8996,4,7.058e-12,5,14.1,101
8996,5,0.002,1,83.5,108
8996,6,1.199e-10,4.1332,-13.2,118
8996,7,0.0002493,1.0004,-154.1,126
8996,8,4.905e-17,5,-947.7,138
8996,9,2.577e-15,5,-353.6,153
8996,10,2.043e-11,5,68.90000000000001,164
8996,11,8.6e-13,4.1332,-368,193
8996,12,3.783e-14,5,-156.8,221
8996,13,3.407e-14,5,-164.8,243
8996,14,8.763e-07,2.4297,33.1,262
8996,15,5.48e-06,2.2655,110.9,302
8996,16,0.0002989,1.6294,174.4,393
8996,17,8.476e-06,2.1695,97.59999999999999,606
8996,18,6.787e-07,2.5099,8.9,832
8996,19,0.002149,1.3701,221.2,1299
8996,20,0.001103,1.4761,273.5,1739
8996,21,0.001562,1.4761,580.8,2944
8996,22,1.518e-17,5,-3342,3590
8996,23,243,0,3589,3592
8996,24,0.006385,1.4808,2352.5,3889
8996,25,0.00305,1.6459,2736,4304
8996,26,1.622e-16,5,-785.8,4603
9002,7,9.423000000000001e-14,5,-124.2,195
9002,8,7.423999999999999e-14,5,-139.7,246
9002,9,4.112e-06,2.2655,51,284
9002,10,5.894e-14,5,-153.9,331
9002,11,0.000432,1.6294,177.3,383
9002,12,1.933e-14,5,-283.4,437
9002,13,0.4347,0.5004999999999999,362.9,494
9002,14,0.4873,0.5004999999999999,389.6,565
9002,15,3.897e-16,5,-1189.1,620
9002,16,1.11e-12,4.0684,-806.3,836
9002,17,0.002059,1.3701,228.7,1309
9002,18,0.001084,1.4761,298.8,1745
9002,19,2.447e-08,2.7643,-590.3,2192
9002,20,1.871e-08,2.7643,-874.2,2934
9002,21,1.5e-17,5,-3358.3,3590
9002,22,243,0,3589,3592
9002,23,0.006379,1.4808,2352,3889
9002,24,0.00305,1.6459,2736,4304
9002,25,1.622e-16,5,-785.8,4603
10499,1,0,0,0,542
10499,2,3.842e-13,5,542,739
10499,3,3.865e-05,1.8348,661.1,886
10499,4,0.0004538,1.4728,726.4,2159
10499,5,0.02222,1,1250,2375
10499,6,0.02755,1,1467.7,2923
10499,7,0.03429,1,1753.4,3483
10506,7,0.0005524,1.4031,343.8,1506
9056,3,4.521e-05,1.7524,134.2,219
9056,4,0.0001617,1.6014,160.9,306
9056,5,6.486999999999999e-05,1.7986,166.3,401
9056,6,5.72e-05,1.8011,151.2,499
9056,7,6.736e-07,2.1705,-495.3,909
9056,8,3.021e-07,2.2913,-450.8,1342
9070,11,0.0579,1,1345.7,4800
9257,1,0,0,0,1
9257,2,3.646e-05,1.4816,1,408
9257,3,1.753e-05,1.8552,227.9,672
9257,4,0.0001693,1.5745,359.5,1423
9257,5,6.748e-06,2.0491,402.8,1951
9257,6,0.0002675,1.7486,1287.3,2342
9413,10,6.316e-06,2.1271,1015.5,3006
9671,1,0,0,0,1500
9671,2,2.341e-18,5,-3684.8,1916
10840,1,0,0,0,24
10840,2,6.251e-05,1.849,24,195
10840,3,2.216e-06,2.4203,-7,290
10840,4,0.01063,1.1063,169.1,808
9163,1,0,0,0,90
9163,2,6.499e-05,1.7733,90,211
9163,3,5.984e-05,1.753,77,306
9163,4,0.001105,1.3339,163.8,628
9163,5,0.004894,1.1317,256,3151
9257,7,0.05782,1.0389,1648.4,3095
9259,8,3.924e-05,2.0601,870.2,2577
9468,1,0,0,0,510
9468,2,0.0003257,1.5602,510,990
10962,1,0,0,0,88
10962,2,0.0001716,1.4322,70.90000000000001,175
10962,3,0.0006097,1.2927,110.5,210
9468,3,3.705e-05,1.6255,-433.2,1177
9468,4,6.143999999999999e-05,1.7991,580.8,1412
9468,5,1.207e-06,2.1188,-514.4,2830
9519,7,1.009e-07,2.4418,-472.6,3358
9523,1,0,0,0,-291
9523,2,4.989e-05,1.5525,-291,338
9523,3,1.031e-06,2.1078,-386.1,3592
9534,4,0.000303,1.3679,37,2500
9535,1,0,0,0,-15
9535,2,7.392e-05,1.4888,-15,164
9535,3,2.633e-05,1.9513,75.2,234
9535,4,0.0001765,1.4322,-30.1,2500
9536,2,7.392e-05,1.4888,-15,164
9536,3,2.561e-05,1.9513,73.90000000000001,235
9536,4,0.000258,1.3871,-5.8,1705
9536,5,0.0007188,1.3871,887.5,1813
9536,6,2.14e-05,2.1518,1394.7,1855
9536,7,2.211e-05,2.1518,1401.7,2300
9553,3,0.1633,1,9669.700000000001,12444
9600,4,2.42e-06,2.0839,-1161.8,3109
9603,1,0,0,0,0
9603,2,0.002253,1.1213,0,349
9603,3,0.000782,1.7898,278.2,388
9603,4,1.313e-05,1.9464,-226.1,551
9603,5,0.002097,1.402,274.7,1003
9603,6,2.42e-06,2.0839,-1161.8,3109
9604,1,0,0,0,0
9604,2,0.0009573,1.4036,0,253
9604,3,7.164e-05,1.6585,-263,490
9604,4,0.002026,1.402,256.8,1003
9604,5,2.42e-06,2.0839,-1161.8,3109
9609,7,0.0001785,1.7003,602,1958
9612,3,5.339e-05,1.4882,578.4,901
9612,4,0.001474,1.2317,828.2,1024
9612,5,0.005813,1.2471,963.1,1116
9612,6,0.005913,1.285,986.2,1763
9612,7,0.02527,1,552,2400
9613,3,8.175999999999999e-06,1.7843,492.5,881
9613,4,8.092e-05,1.8771,795.7,1026
9613,5,0.01924,1.0614,938.9,1142
9613,6,0.0003997,1.6503,823.6,1300
9613,7,0.005519,1.285,943.5,1763
9613,8,0.0248,1,529,2400
9614,2,0.0004958,1.2712,275,651
9614,3,1.004e-06,2.2803,237.8,868
9614,4,0.002065,1.2317,556.7,985
9614,5,0.003617,1.2471,731.5,1085
9614,6,0.000153,1.7942,740.7,1656
9614,7,0.02487,1,389.5,2400
9615,2,1.595e-06,1.8332,449,639
9615,3,2.207e-06,1.9952,533.4,901
9615,4,0.01209,0.9664,874.3,1016
9615,5,0.02909,0.8582,920.9,1092
9615,6,0.005896,1.285,984.6,1763
9615,7,0.02689,1,625.1,2399
9616,5,2.263e-05,2.0919,829.2,1125
9616,6,0.005918,1.285,986.9,1763
9616,7,0.02186,1,363.2,2408
9617,7,0.02514,1,415.1,2396
9671,3,3.931e-05,1.9485,1238.5,2451
9671,4,0.000741,1.692,1823.7,3387
9671,5,1.674e-05,1.9694,-414.4,4954
9671,6,1.806e-18,5,-6595.1,6411
9671,7,0.0003496,1.7535,2577.6,8284
9694,2,9.335e-13,5,-63,1
9694,3,3.151e-11,5,-31,23
9694,4,1.324e-05,2.4775,6,57
10498,1,0,0,0,1
10498,2,1.95e-05,1.4816,1,415
10498,3,7.245e-05,1.4706,237.6,588
10498,4,0.0001665,1.4706,389,809
10498,5,7.136e-06,2.0189,421.4,1466
10498,6,2.176e-06,2.1633,326.8,2067
10498,7,5.023e-05,1.959,1305.3,2298
10507,9,0.0004118,1.5278,588.6,2600
9694,5,0.002901,1.2982,29,165
9694,6,0.01087,1.1048,68,1115
9694,7,8.134e-06,2.2155,289,1263
9694,8,5.348e-06,2.2996,353,1519
9717,3,0.0003949,1.6223,-485,-23
9717,4,0.0001534,1.7695,-496,3269
9729,15,0.000437,1.5009,89.40000000000001,950
9729,16,1.384e-06,2.2205,-338.8,2200
9730,1,0,0,0,115
9730,2,1.349e-06,2.232,79.09999999999999,165
9730,3,9.065e-07,2.4243,94,199
9730,4,0.003884,0.8631,169.5,277
9730,5,0.0003311,1.6096,220.3,443
9730,6,0.004008,1.2278,286.1,545
9730,7,0.0001569,1.679,144.3,667
9730,8,0.0005145,1.5009,169,806
9730,9,0.0004664,1.5009,126,950
10825,1,0,0,0,-291
10825,2,9.289e-05,1.5179,-291,301
10825,3,0.0006113,1.3416,-35.3,3595
9730,10,1.384e-06,2.2205,-338.8,2200
9732,1,0,0,0,1
9732,2,3.646e-05,1.4816,1,408
9732,3,0.0001843,1.4706,266.6,574
9732,4,0.0001459,1.4706,213.7,782
9732,5,5.338e-06,2.0189,259.5,1463
9732,6,7.16e-06,2.0178,418.5,2067
9732,7,5.023e-05,1.959,1305.3,2298
9732,8,0.004188,1.3965,1624.6,3095
10498,8,0.004188,1.3965,1624.6,3095
10506,8,3.125e-07,2.3822,34,3139
10507,10,5.398e-07,2.3138,-73.40000000000001,3097
10516,12,6.448000000000001e-05,1.7504,424.3,2635
10743,1,0,0,0,-488
10743,2,0.00583,1,-585.2,-376
10743,3,0.003333,1,-742,-361
10743,4,0.005833,1,-579,-349
10743,5,1.618e-15,5,-1312,-331
10743,6,6.372e-15,5,-1077,-309
10743,7,8.762e-18,5.8989,-1161.5,-292
10743,8,1.881e-17,5.8989,-1055.9,-251
10743,9,1.707e-17,5.8989,-1070,-208
10743,10,3.885e-19,6.3284,-1198,-120
10743,11,0.0008095999999999999,1.578,-405,4
10743,12,0.0007224,1.578,-435.5,199
10743,13,0.00285,1.3734,-411.9,414
10743,14,0.001951,1.411,-489,684
10743,15,0.001831,1.411,-543,1100
10743,16,0.00204,1.411,-422,1382
10743,17,3.696e-06,2.16,-1110,1650
10743,18,4.433e-06,2.16,-887,4722
10745,1,0,0,0,-488
10745,2,0.004139,1,-625,-409
10745,3,0.005512,1,-571.2,-368
10745,4,0.006,1,-554.7,-348
10745,5,1.969e-15,5,-1259.7,-331
10745,6,2.031e-15,5,-1254,-309
10745,7,5.374e-14,5,-799.8,-290
10745,8,5.575e-14,5,-796,-278
10745,9,8.513e-14,5,-754,-254
10745,10,5.647e-14,5,-796.8,-199
10745,11,0.01243,1.1597,-353.9,-105
10745,12,0.03781,0.9911,-312.2,8
10745,13,0.01238,1.1663,-342.5,199
10745,14,0.002853,1.3734,-411.4,418
10745,15,0.001987,1.411,-477.9,688
10745,16,1.567e-17,5,-4165.5,1066
10745,17,0.001991,1.411,-452.7,1389
10745,18,1.134e-17,5,-4504,2039
10745,19,5.004e-06,2.1469,-869.9,4722
10763,1,0,0,0,53
10763,2,0.0003713,1.3602,41,223
10763,3,6.381e-07,2.4227,-34,334
10763,4,0.001103,1.3339,163,628
10763,5,0.004894,1.1317,256,3151
10765,1,0,0,0,15
10765,2,0.000302,1.3602,15,221
10765,3,6.644e-07,2.4227,-27.9,334
10765,4,0.001103,1.3339,163,628
10765,5,0.004894,1.1317,256,3151
10768,5,6.971e-07,2.249,-785.9,3982
10795,2,0.005118,1,-598.8,-378
10795,3,0.008234999999999999,1,-515.2,-361
10795,4,0.005833,1,-579,-349
10795,5,1.618e-15,5,-1312,-331
10795,6,6.372e-15,5,-1077,-309
10795,7,1.138e-17,5.8989,-1125,-292
10795,8,3.087e-17,5.8989,-995.6,-257
10795,9,2.965e-18,5.8989,-1355.7,-216
10795,10,1.582e-19,6.3284,-1339.2,-124
10795,11,0.0009458,1.578,-360,-5
10795,12,1.425e-15,5,-1481.5,199
10795,13,0.003443,1.3734,-333.3,408
10795,14,0.002277,1.411,-425.2,681
10795,15,1.513e-17,5,-4267.7,1103
10795,16,1.049e-17,5,-4670.4,1379
10795,17,3.922e-06,2.16,-1111.4,1671
10795,18,4.213e-06,2.16,-1020.5,4722
10824,1,0,0,0,0
10824,2,0.0001621,1.402,0,63
10824,3,0.0009985,1.3586,44.1,194
10824,4,0.001475,1.207,-9.1,301
10824,5,0.0006113,1.3416,-35.3,3595
10835,2,8.421e-06,2.1568,-105.6,347
10835,3,0.001651,1.2916,-110,2141
10840,5,2.946e-05,1.8821,-210.2,1517
10860,1,0,0,0,24
10860,2,1.98e-06,2.4501,-9.800000000000001,166
10860,3,3.017e-05,1.9569,5.4,462
10860,4,0.01202,1.1063,236.2,808
10860,5,2.946e-05,1.8821,-210.2,1517
10861,1,0,0,0,24
10861,2,1.358e-08,3.1115,-80.59999999999999,353
10861,3,0.01221,1.1063,245,808
10861,4,2.946e-05,1.8821,-210.2,1517
10876,8,3.334e-05,1.7849,453,2223
10879,1,0,0,0,190
10879,2,1.353e-06,2.3419,190,364
10879,3,0.003185,1.0669,307,724
10879,4,1.272e-06,2.1128,-131,1345
10879,5,0.2265,0.5829,1044,1509
10961,1,0,0,0,96
10961,2,6.393000000000001e-05,1.7689,96,254
10961,3,0.0001539,1.6898,135,335
10961,4,0.0009775000000000001,1.4113,181.5,542
10961,5,0.0005701,1.4684,128,1369
10961,6,9.839e-06,2.0013,-46.5,2201
10962,4,0.001648,1.1696,141.1,231
10962,5,9.214e-06,2.1089,89.2,271
10962,6,0.0001188,1.6898,125.4,337
10962,7,0.001107,1.4113,211.8,542
10962,8,0.0005701,1.4684,128,1369
10879,6,0.008789999999999999,1.085,967,1641
10879,7,1.791e-05,1.9414,715,2100
10882,1,0,0,0,144
10882,2,0,0,143,179
10882,3,0.001073,0.7247,179,207
10882,4,7.991e-05,1.2756,156.1,238
10882,5,1.163e-05,1.859,180.1,360
10882,6,0.0005993,1.3849,298.2,489
10882,7,0.0002112,1.4778,211,1528
10882,8,3.334e-05,1.7849,453,2223
10883,1,0,0,0,214
10883,2,0.0001004,1.3965,214,269
10883,3,7.781000000000001e-06,2.0309,214,366
10883,4,0.00293,1.0669,311.2,724
10883,5,1.43e-06,2.1128,-49.2,1345
10883,6,1.576e-07,2.4235,-24.1,2223
10935,1,0,0,0,190
10935,2,1.353e-06,2.3419,190,364
10935,3,0.003185,1.0669,307,724
10935,4,1.272e-06,2.1128,-131,1345
10935,5,0.2265,0.5829,1044,1509
10935,6,0.008789999999999999,1.085,967,1641
10935,7,1.791e-05,1.9414,715,2100
10939,1,0,0,0,214
10939,2,0.0001004,1.3965,214,269
10939,3,7.781000000000001e-06,2.0309,214,366
10939,4,0.00293,1.0669,311.2,724
10939,5,1.43e-06,2.1128,-49.2,1345
10939,6,1.576e-07,2.4235,-24.1,2223
10962,9,9.839e-06,2.0013,-46.5,2201
10970,11,1.051e-05,1.7684,-3455,2650
10971,1,0,0,0,144
10971,2,2.857e-05,1,144,179
10971,3,0.001047,0.7247,178,207
10971,4,7.989e-05,1.2756,156,238
10971,5,1.163e-05,1.859,180,360
10971,6,0.0005993,1.3849,298,489
10971,7,0.0002112,1.4778,211,1528
10971,8,3.334e-05,1.7849,453,2223
