noct,nopt,h,q
6,1,0,1.4
6,2,10,1.46
6,3,40,1.67
6,4,110,2.2
6,5,180,2.8299999
6,6,250,3.53
6,7,300,4.0599999
6,8,350,4.5999999
6,9,400,5.1900001
6,10,450,5.8000002
6,11,500,6.4400001
6,12,600,7.8299999
6,13,700,9.3299999
6,14,800,10.8
6,15,900,12.6
6,16,1000,14.3
6,17,1100,16.200001
6,18,1200,18.299999
6,19,1300,20.299999
6,20,1400,22.5
6,21,1500,24.700001
6,22,1600,27
6,23,1700,29.4
6,24,1800,31.9
6,25,2000,37
6,26,2200,42.200001
6,27,2500,49.799999
6,28,2800,57.700001
6,29,3000,63.700001
6,30,3100,69.5
6,31,3150,73.099998
6,32,3200,77.800003
6,33,3250,83.699997
9,1,200,2
9,2,300,2.5999999
9,3,400,3.4000001
9,4,500,4.4000001
9,5,700,6.8000002
10,1,50,0.51999998
10,2,80,0.57999998
10,3,130,0.72000003
10,4,190,0.93000001
10,5,500,2.3699999
14,1,0,0.70999998
14,2,40,0.91000003
14,3,70,1.0599999
14,4,150,1.7
14,5,170,1.88
14,6,210,2.28
14,7,290,3.1600001
14,8,340,3.76
14,9,500,6
18,1,200,0.050000001
18,2,250,0.2
18,3,350,0.5
18,4,450,0.80000001
18,5,650,1.5
18,6,800,2.0999999
19,1,0,0.2
19,2,250,1.12
19,3,500,1.8
22,1,120,5.1599998
22,2,240,7.8000002
22,3,340,10
22,4,400,11.32
24,1,900,21.5
24,2,930,23
24,3,1000,27.200001
24,4,1020,28.6
24,5,1080,33.400002
24,6,1120,37
24,7,1150,40
24,8,1200,45.5
24,9,1250,51.5
24,10,1300,59
24,11,1350,67
24,12,1400,76
24,13,1450,86
24,14,1900,185
27,1,150,0.2
27,2,200,0.40000001
27,3,300,1.1
27,4,350,1.5
27,5,700,5
32,1,50,0.56999999
32,2,60,0.60000002
32,3,70,0.63999999
32,4,140,0.99000001
32,5,160,1.1
32,6,240,1.67
32,7,300,2.1500001
32,8,400,3.05
32,9,450,3.5799999
32,10,500,4.1300001
32,11,600,5.3000002
32,12,650,5.9000001
32,13,700,6.5500002
32,14,800,7.8299999
32,15,900,9.2200003
32,16,1000,10.6
32,17,1200,13.8
32,18,1300,15.6
32,19,1500,19.6
32,20,1700,23.9
32,21,1800,26.1
40,1,360,1.4
40,2,390,1.6799999
40,3,430,2
40,4,570,3.45
40,5,620,4
40,6,630,4.1100001
40,7,690,4.7649999
40,8,730,5.21
40,9,740,5.3200002
40,10,800,5.98
40,11,820,6.1999998
40,12,1200,10
3379,1,650,0.105
3379,2,700,0.18000001
3379,3,740,0.30000001
3379,4,800,0.60000002
3379,5,850,0.89999998
3379,6,900,1.3
3379,7,1000,2.3
4670,1,320,0.63999999
47,1,0,0.050000001
47,2,100,0.1
47,3,200,0.17
47,4,300,0.27000001
47,5,350,0.345
47,6,400,0.44499999
47,7,450,0.56999999
47,8,500,0.72000003
47,9,700,1.42
47,10,900,2.1800001
47,11,1100,3.02
47,12,1400,4.4000001
47,13,1600,5.4000001
49,1,100,0.43000001
49,2,160,0.55000001
49,3,200,0.68000001
49,4,220,0.79000002
49,5,240,0.94
49,6,250,1.03
49,7,300,1.63
49,8,350,2.26
49,9,400,3
49,10,450,3.99
49,11,500,5.1199999
49,12,550,6.4099998
49,13,700,11.2
49,14,850,16.700001
49,15,1000,22.700001
49,16,1200,32
49,17,1400,42.5
49,18,1600,55
49,19,1900,77.800003
49,20,2200,105
49,21,2600,147
49,22,3000,196
50,1,30,0.19
50,2,100,0.47
50,3,140,0.55000001
50,4,180,0.68000001
50,5,200,0.79000002
50,6,220,0.94
50,7,240,1.15
50,8,300,1.87
50,9,340,2.4000001
50,10,380,3.0599999
50,11,430,3.98
50,12,460,4.6300001
50,13,530,6.4000001
50,14,700,11.9
50,15,800,15.5
50,16,980,22.700001
50,17,1180,32
50,18,1380,42.5
50,19,1580,55
50,20,1880,77.800003
50,21,2180,105
50,22,2580,147
50,23,3380,245
93,1,350,1.35
93,2,400,1.5
93,3,430,1.65
93,4,680,3.4000001
93,5,880,5.1999998
93,6,1080,7.4000001
93,7,1280,10
93,8,1600,14.8
105,1,140,0.38
105,2,220,1.09
105,3,310,2.02
105,4,520,4.1500001
115,1,80,0.071000002
115,2,90,0.112
115,3,811,3.52
116,1,88,0.108
116,2,144,0.222
116,3,200,0.34999999
116,4,312,0.639
116,5,537,1.3200001
116,6,987,2.9300001
200,1,799,22
200,2,936,32.599998
200,3,1073,46
200,4,1211,62.400002
200,5,1348,81.900002
200,6,1623,131
200,7,1897,196
205,1,967,24
205,2,1111,37.400002
205,3,1254,54.599998
205,4,1397,75.900002
205,5,1541,102
248,1,40,0.54500002
248,2,60,0.60000002
248,3,70,0.63999999
248,4,140,0.99000001
248,5,160,1.1
248,6,240,1.67
248,7,300,2.1500001
248,8,400,3.05
248,9,500,4.1300001
248,10,650,5.9000001
248,11,800,7.8299999
248,12,1000,10.6
248,13,1200,13.8
248,14,1500,19.6
248,15,1800,26.1
248,16,2000,31.5
248,17,2100,33.900002
296,1,530,1.17
296,2,539,1.1900001
296,3,633,1.53
296,4,727,1.95
296,5,821,2.45
296,6,914,3.05
298,1,212,0.486
298,2,316,1.0599999
298,3,420,1.6900001
301,1,-3,0.169
301,2,350,0.40000001
312,1,-33,0.35100001
312,2,1,0.47499999
312,3,34,0.61900002
312,4,100,0.98299998
312,5,166,1.46
312,6,211,1.87
312,7,338,3.29
312,8,465,5.2199998
356,1,100,0.2
356,2,110,0.22
356,3,130,0.28
356,4,150,0.36000001
356,5,170,0.45500001
356,6,200,0.61500001
356,7,230,0.81
356,8,300,1.34
356,9,400,2.1800001
356,10,500,3.1199999
356,11,600,4.1500001
356,12,700,5.2600002
356,13,800,6.52
3602,1,300,0.60000002
3602,2,400,1.15
3602,3,700,3.25
3602,4,800,4.0999999
3602,5,900,5.0999999
4535,1,250,0.050000001
4535,2,290,0.090000004
4535,3,320,0.15000001
4535,4,350,0.23999999
4535,5,370,0.31999999
4535,6,440,0.67000002
4535,7,500,1.03
4535,8,550,1.39
4535,9,600,1.8
4535,10,650,2.27
4535,11,700,2.77
4535,12,750,3.27
4535,13,800,3.8199999
4535,14,850,4.3699999
4535,15,900,4.9499998
4535,16,950,5.5500002
4535,17,1000,6.1799998
4535,18,1100,7.52
4543,1,290,0.050000001
4543,2,330,0.090000004
4543,3,360,0.15000001
4543,4,390,0.23999999
4543,5,410,0.31999999
4543,6,480,0.67000002
4543,7,540,1.03
4543,8,580,1.3099999
356,14,1100,10.9
356,15,1500,17.1
356,16,2100,27.200001
356,17,2500,35
356,18,2700,39.200001
381,1,64,0
381,2,79,0.012
381,3,94,0.028999999
381,4,102,0.039000001
381,5,109,0.046999998
381,6,123,0.066
381,7,181,0.154
381,8,298,0.361
381,9,532,0.84600002
381,10,766,1.39
381,11,1000,1.99
399,1,99,0
399,2,106,0.081
399,3,113,0.149
399,4,120,0.213
399,5,126,0.26499999
399,6,153,0.49000001
399,7,206,0.89600003
399,8,312,1.64
399,9,525,3.03
399,10,950,5.5900002
399,11,1800,10.3
401,1,196,1.3099999
401,2,718,5.79
401,3,1200,10
421,1,100,0.054000001
421,2,119,0.138
421,3,138,0.23100001
421,4,175,0.43000001
421,5,250,0.88099998
421,6,400,1.9
421,7,700,4.1999998
428,1,50,0.40000001
428,2,150,0.89999998
428,3,250,1.6
428,4,550,4.5999999
428,5,850,8.1999998
428,6,1100,11.7
428,7,1300,15.5
428,8,1500,20.700001
428,9,1700,26.5
428,10,2200,42.5
429,1,200,0.30000001
429,2,300,0.89999998
429,3,400,2.0999999
429,4,500,3.7
429,5,700,7.9000001
429,6,1100,11.5
429,7,1600,17.5
429,8,2100,26
429,9,2300,32
429,10,2500,39
429,11,2700,50
429,12,3000,77
429,13,3500,147
431,1,619,2.1500001
431,2,674,3.1900001
431,3,729,3.98
431,4,839,5.23
431,5,1058,7.1399999
431,6,1496,9.96
437,1,116,0.213
437,2,166,0.32300001
437,3,217,0.472
437,4,267,0.66000003
437,5,318,0.89899999
452,1,200,0.30000001
452,2,300,0.89999998
452,3,400,2.0999999
452,4,600,5.5
452,5,800,6.9000001
452,6,1400,9.6000004
452,7,1600,11.4
452,8,2000,17
452,9,2200,20
452,10,2400,25
452,11,2600,35
452,12,3000,77
481,1,0,0.028999999
481,2,15,0.035999998
481,3,29,0.044
481,4,57,0.061999999
481,5,85,0.083999999
481,6,113,0.11
481,7,141,0.14
481,8,169,0.175
481,9,225,0.25799999
481,10,282,0.36500001
481,11,338,0.491
481,12,394,0.63999999
481,13,450,0.81400001
481,14,563,1.24
481,15,675,1.78
481,16,788,2.45
481,17,900,3.24
521,1,307,0.662
521,2,313,1.01
521,3,318,1.29
521,4,329,1.79
521,5,351,2.6099999
521,6,394,3.8900001
521,7,480,5.9099998
521,8,653,9.0900002
521,9,998,14
521,10,1200,17
521,11,1400,21
4544,1,250,0.039999999
4544,2,300,0.14
4544,3,400,0.54000002
4544,4,500,1.14
4544,5,700,3
4545,1,260,0.02
4545,2,290,0.050000001
4545,3,320,0.11
4545,4,400,0.34999999
4545,5,450,0.60000002
4545,6,500,0.89999998
532,1,87,0.38299999
532,2,122,0.55699998
532,3,157,0.77499998
532,4,226,1.34
532,5,295,2.0899999
532,6,364,3.05
557,1,50,0.32499999
557,2,119,0.46200001
557,3,188,0.62900001
557,4,325,1.0599999
557,5,463,1.64
557,6,600,2.3699999
561,1,350,0.26300001
561,2,394,0.44
561,3,437,0.65799999
561,4,480,0.92000002
561,5,523,1.23
561,6,609,1.97
561,7,695,2.9000001
565,1,84,0.039999999
565,2,101,0.078000002
565,3,117,0.126
565,4,133,0.184
565,5,149,0.252
565,6,181,0.41800001
565,7,213,0.62300003
565,8,246,0.87400001
565,9,278,1.16
565,10,310,1.47
565,11,342,1.83
565,12,407,2.6500001
565,13,471,3.6099999
565,14,599,5.9299998
565,15,600,5.9499998
572,1,15,0.082000002
572,2,19,0.086000003
572,3,49,0.112
572,4,80,0.14300001
572,5,141,0.21600001
572,6,202,0.30700001
572,7,263,0.41800001
572,8,324,0.54900002
572,9,385,0.70200002
572,10,508,1.08
579,1,-3,0.27599999
579,2,49,0.382
579,3,101,0.51800001
579,4,153,0.69199997
579,5,204,0.90499997
579,6,256,1.17
579,7,308,1.51
579,8,360,1.91
579,9,411,2.3900001
579,10,463,2.97
579,11,515,3.6600001
579,12,618,5.4200001
579,13,721,7.8099999
579,14,824,11
611,1,-386,0
611,2,-376,15.1
611,3,-366,16.1
611,4,-347,17.1
611,5,-308,18.200001
611,6,-230,19.4
611,7,-75,20.6
611,8,236,21.9
611,9,857,23.299999
611,10,2100,24.799999
642,1,75,0.40099999
642,2,143,0.51200002
642,3,211,0.64499998
642,4,346,0.98699999
642,5,481,1.45
642,6,617,2.0799999
651,1,43,0.435
651,2,90,0.55500001
651,3,137,0.70300001
651,4,184,0.884
651,5,230,1.1
651,6,277,1.36
651,7,324,1.6799999
651,8,417,2.49
651,9,511,3.6300001
651,10,604,5.1700001
651,11,697,7.25
651,12,791,10
674,1,11,0.34999999
674,2,51,0.49599999
674,3,91,0.60699999
674,4,172,0.787
674,5,334,1.0599999
674,6,657,1.46
695,1,350,0.1
3241,1,480,0.93000001
3241,2,540,1.05
3241,3,600,1.2
3241,4,900,2.0999999
3241,5,1900,7.5999999
3241,6,2300,10
3241,7,2600,12.7
3242,1,400,1
3242,2,440,1.1
3242,3,600,1.58
3242,4,680,1.86
3242,5,900,2.74
3242,6,1060,3.5
3242,7,1100,3.8
3242,8,2100,9.3999996
3242,9,2300,10.7
3242,10,2500,12.3
3242,11,2700,14.4
3242,12,3000,18
3379,8,1100,3.5
3484,1,504,0
3484,2,600,0.02
3484,3,612,0.026000001
3484,4,624,0.034000002
3484,5,647,0.052999999
3484,6,671,0.064000003
4552,1,-1,0.016000001
695,2,400,0.30000001
695,3,500,0.89999998
695,4,600,1.9
695,5,700,3.5
695,6,800,5.5
695,7,1000,10.5
695,8,1200,17.1
695,9,1400,26.9
695,10,1600,39.299999
695,11,1800,55
695,12,2000,71
696,1,300,0.1
696,2,350,0.25
696,3,450,0.94999999
696,4,550,2
696,5,650,3.5999999
696,6,750,5.4000001
696,7,850,7.9000001
696,8,1000,11.8
696,9,1200,18.6
696,10,1400,28
696,11,1600,40
696,12,1800,55
696,13,2000,71
699,1,450,0.02
699,2,500,0.22
699,3,550,0.51999998
699,4,600,1.02
699,5,700,2.2
699,6,800,3.7
699,7,1000,8.5
699,8,1200,15
699,9,1400,23
699,10,1600,34
699,11,1700,41
700,1,300,0
700,2,330,0.045000002
700,3,360,0.105
700,4,400,0.26499999
700,5,450,0.60000002
700,6,500,1.1
700,7,600,2.5
700,8,800,6.0999999
700,9,1000,10.9
700,10,1200,17.5
700,11,1400,26.5
700,12,1600,38.5
700,13,2000,70.5
700,14,2200,88.5
701,1,400,0.1
701,2,450,0.25
701,3,500,0.5
701,4,550,0.89999998
701,5,600,1.6
701,6,800,4.5999999
701,7,1000,9.3999996
701,8,1200,16.200001
701,9,1400,25
701,10,1600,37
701,11,2000,69
701,12,2200,87
702,1,450,0
702,2,500,0.1
702,3,550,0.25
702,4,650,1
702,5,800,2.8
702,6,900,4.5
702,7,1000,6.5
702,8,1200,11.5
702,9,1400,18.5
702,10,1700,33.5
702,11,2000,53
702,12,2300,78.5
702,13,2600,107
702,14,2800,127
703,1,450,0
703,2,500,0.1
703,3,600,0.40000001
703,4,700,1
703,5,800,2
703,6,900,3.5999999
703,7,1000,6.0999999
703,8,1200,11.5
703,9,1400,18.5
703,10,1700,33.5
703,11,2000,53
703,12,2300,78.5
705,1,150,0.60000002
705,2,200,0.80000001
705,3,300,1.3
705,4,500,2.7
705,5,700,4.6999998
705,6,900,7.0999999
705,7,1100,10.1
705,8,1300,13.5
705,9,1500,18.299999
705,10,1700,23.9
705,11,2000,33.5
706,1,100,0.55000001
706,2,300,1.65
706,3,500,3.25
706,4,700,5.5500002
706,5,1000,9.4499998
706,6,1200,12.7
706,7,1400,16.700001
706,8,1600,21.9
706,9,2000,34.5
709,1,0,0.23
709,2,100,0.63999999
709,3,200,1.25
709,4,300,1.9
709,5,400,2.6500001
709,6,500,3.5
709,7,600,4.4499998
709,8,700,5.5500002
709,9,1000,9.4499998
709,10,1200,12.7
709,11,1400,16.700001
709,12,1600,22
709,13,2000,35
3240,1,1000,1.1
3240,2,1200,1.7
3240,3,2200,6.1999998
3240,4,2600,8.6000004
3240,5,3000,12
717,1,350,0.80000001
717,2,990,3.5
717,3,1630,6.5
730,1,-42,0.096000001
730,2,-41,0.11
730,3,-16,0.15000001
730,4,8,0.19599999
730,5,57,0.31099999
730,6,106,0.46000001
730,7,155,0.64300001
730,8,200,0.79000002
730,9,250,1.1900001
730,10,320,2.0999999
730,11,420,3.8
730,12,540,6.1999998
730,13,700,10.2
730,14,900,16.200001
730,15,1180,26
730,16,1480,38
730,17,1800,54
730,18,2100,72
730,19,2500,100
730,20,2800,124
730,21,3200,160
730,22,3600,200
735,1,250,0.090000004
735,2,300,0.23999999
735,3,350,0.51999998
735,4,400,0.92000002
735,5,450,1.45
735,6,500,2.05
735,7,600,3.7
735,8,700,6
735,9,900,12.2
735,10,1100,19
3240,6,3200,16
3334,1,900,1.2
3334,2,1000,1.4
3334,3,1200,2.0999999
3334,4,1500,3.9000001
3334,5,2000,7.4000001
3334,6,2500,11.9
3334,7,3000,17.9
3334,8,3500,29
3389,1,148,0.061999999
3389,2,256,0.15099999
3389,3,275,0.176
3389,4,291,0.198
3389,5,327,0.26300001
3389,6,367,0.35600001
3389,7,446,0.551
3389,8,499,0.713
3389,9,538,0.87699997
3389,10,681,1.42
3389,11,870,2.23
4525,1,200,0.059999999
4525,2,250,0.20999999
4525,3,300,0.41
4525,4,350,0.74000001
4525,5,400,1.2
4525,6,500,2.4000001
4525,7,600,4
4525,8,700,6
4525,9,800,8.3999996
4526,1,200,0.059999999
4526,2,250,0.20999999
4526,3,300,0.46000001
4526,4,350,0.83499998
4526,5,400,1.26
4526,6,450,1.91
4527,1,200,0.059999999
4527,2,250,0.18000001
4527,3,300,0.36000001
4527,4,350,0.66000003
4527,5,400,1
4527,6,500,2
4527,7,600,3.3
4527,8,700,5
4527,9,800,7.0999999
4527,10,1000,11.9
4528,1,250,0.050000001
4528,2,300,0.2
4528,3,350,0.5
4528,4,400,0.89999998
4528,5,500,2
4528,6,550,2.5999999
4528,7,600,3.3
4528,8,700,5
4528,9,800,7.0999999
4528,10,1000,11.9
4529,1,150,0.2
751,1,200,0.0099999998
751,2,240,0.07
751,3,280,0.15000001
751,4,320,0.31
751,5,360,0.55000001
751,6,420,1.03
751,7,500,1.91
751,8,600,3.3599999
751,9,700,5.4000001
751,10,800,7.8000002
751,11,1000,13
752,1,111,0.11
752,2,121,0.14
752,3,132,0.175
752,4,153,0.25
752,5,196,0.43900001
752,6,239,0.67000002
752,7,282,0.94099998
752,8,368,1.6
752,9,453,2.3800001
752,10,624,4.3499999
752,11,794,6.7800002
760,1,49,0
760,2,58,0.0049999999
760,3,67,0.016000001
760,4,76,0.028999999
760,5,85,0.046
760,6,103,0.086000003
760,7,121,0.13500001
760,8,139,0.19
760,9,157,0.25299999
760,10,193,0.39500001
760,11,265,0.74199998
760,12,337,1.16
760,13,481,2.1800001
760,14,625,3.4000001
760,15,913,6.3899999
760,16,1200,9.9700003
768,1,130,0.0049999999
768,2,140,0.0099999998
768,3,160,0.029999999
768,4,180,0.059999999
768,5,210,0.12
768,6,250,0.20999999
768,7,300,0.41
768,8,350,0.70999998
768,9,380,0.92000002
768,10,440,1.4
768,11,540,2.3
768,12,600,2.9000001
768,13,700,4
768,14,900,6.4000001
768,15,1200,9.6999998
768,16,1400,11.7
768,17,1600,13.5
768,18,1800,15.1
768,19,1900,16
768,20,2100,18
768,21,2200,19.1
768,22,2300,20.299999
768,23,2400,21.6
768,24,2500,23
768,25,2600,24.5
768,26,2700,25.9
768,27,2800,27.5
768,28,2900,29
768,29,3000,30.5
768,30,3100,32.099998
768,31,3200,33.900002
768,32,3300,36.099998
768,33,3400,38.700001
768,34,3500,41.299999
768,35,3600,44.200001
768,36,3700,47
768,37,3800,51.099998
768,38,3900,55.900002
828,1,-200,0.454
828,2,-50,0.64999998
828,3,100,0.88599998
828,4,250,1.16
828,5,400,1.49
828,6,700,2.27
828,7,1000,3.24
834,1,300,0
834,2,350,0.0099999998
834,3,400,0.039999999
834,4,500,0.059999999
834,5,600,0.13
834,6,650,0.41
834,7,700,0.80000001
834,8,800,1.8
834,9,900,3.5
834,10,1100,8.3000002
834,11,1400,21.5
834,12,1700,36.5
834,13,2000,56
834,14,2300,80
3389,12,1075,3.28
3389,13,1278,4.3899999
3389,14,1493,5.52
3389,15,1733,6.6999998
3389,16,1888,7.9000001
3389,17,2070,9.7600002
4529,2,250,0.33000001
4530,1,240,0.050000001
4530,2,260,0.07
4530,3,300,0.19
4530,4,340,0.34999999
4530,5,380,0.58999997
4530,6,420,0.91000003
4530,7,500,1.87
4530,8,600,3.5
4530,9,700,5.4000001
4530,10,800,7.5999999
4530,11,1000,12.4
4530,12,1200,18
4552,2,152,0.075000003
4552,3,178,0.097999997
4552,4,195,0.121
4552,5,212,0.16599999
863,1,344,0.70300001
863,2,427,1
863,3,510,1.37
885,1,49,0
885,2,55,0.015
885,3,61,0.035
885,4,73,0.082999997
885,5,96,0.192
885,6,143,0.45300001
885,7,237,1.0700001
885,8,425,2.54
885,9,800,6
888,1,268,0
888,2,278,0.40599999
888,3,288,0.57599998
888,4,298,0.708
888,5,307,0.80800003
888,6,346,1.15
888,7,424,1.63
888,8,579,2.3099999
888,9,890,3.29
889,1,0,0.63499999
889,2,75,0.88999999
889,3,151,1.21
889,4,227,1.6
889,5,303,2.0599999
889,6,455,3.23
889,7,607,4.77
889,8,759,6.73
889,9,911,9.1599998
889,10,1063,12.1
889,11,1214,15.6
930,1,50,0
930,2,100,0.17
930,3,150,0.60000002
930,4,200,1.2
930,5,250,2.3
930,6,300,3.5
930,7,400,6.4000001
930,8,600,12.8
930,9,900,23
930,10,1300,37
930,11,1800,56
930,12,2000,64
931,1,100,0.16
931,2,120,0.23
931,3,140,0.34
931,4,160,0.47
931,5,180,0.62
931,6,200,0.81
931,7,260,1.53
931,8,300,2.0799999
931,9,350,3.05
931,10,400,4.4000001
931,11,450,5.73
931,12,500,7.3699999
931,13,550,9.1000004
931,14,700,14
931,15,1000,24.200001
931,16,1300,35
931,17,1800,54
931,18,2000,62
932,1,40,0
932,2,100,0.18000001
932,3,160,0.54000002
932,4,220,1.5
932,5,300,3.0999999
932,6,500,9.1000004
932,7,800,19
932,8,1200,33
932,9,1600,48
932,10,2000,64
933,1,60,1
933,2,100,1.2
933,3,150,1.55
933,4,200,2
933,5,300,3.3
933,6,400,5
933,7,500,7.3000002
933,8,1400,34.299999
933,9,1600,42.099998
933,10,2000,60.5
3051,1,60,0.34
3051,2,100,0.5
3051,3,150,0.80000001
3051,4,200,1.2
3051,5,250,1.7
3051,6,300,2.3
3051,7,400,3.9000001
3051,8,600,7.6999998
3051,9,640,8.2399998
3051,10,785,11.7
3051,11,929,15.7
3160,1,260,1.08
3160,2,300,1.4
3160,3,350,1.9
3160,4,400,2.5
3160,5,600,5.3000002
3160,6,800,9.5
3160,7,1100,17
3160,8,1400,29
4548,1,49,0.025
4548,2,57,0.030999999
4548,3,66,0.037999999
4548,4,75,0.045000002
4548,5,84,0.052999999
4548,6,119,0.085000001
4548,7,190,0.15899999
4548,8,200,0.162
4548,9,239,0.17399999
4548,10,325,0.382
4548,11,500,1.35
4548,12,600,2.0999999
4548,13,700,3.0999999
4552,6,234,0.27500001
936,1,350,0.69999999
936,2,400,1
936,3,450,1.4
936,4,500,1.9
936,5,600,3.2
936,6,800,8
936,7,1000,14
936,8,1400,28
936,9,1464,30.1
936,10,1868,43.700001
936,11,2232,61.099998
936,12,2577,91
936,13,2965,132
937,1,350,0.5
937,2,400,0.80000001
937,3,500,1.6
937,4,600,2.5999999
937,5,800,5
937,6,1000,8
937,7,1200,13
937,8,1600,27
937,9,2000,49
937,10,2400,75.5
937,11,2750,105
937,12,3300,163
937,13,3500,187
938,1,1300,8.6000004
938,2,1481,12
938,3,1653,18.9
938,4,2310,68.099998
938,5,2750,105
938,6,3000,129
938,7,3300,163
939,1,750,0.69999999
939,2,800,1
939,3,850,1.4
939,4,900,1.9
939,5,1000,3.0999999
939,6,1171,5.5100002
939,7,1259,7.9000001
939,8,1354,10.4
939,9,1533,15.8
939,10,1716,25.299999
939,11,1875,35.900002
939,12,2227,60.599998
939,13,2578,91.400002
940,1,550,0.5
940,2,600,0.80000001
940,3,650,1.2
940,4,700,1.8
940,5,900,5
940,6,1100,9
940,7,1400,18
940,8,1880,43
940,9,2200,61
940,10,3000,129
948,1,550,0.11
948,2,570,0.19
948,3,620,0.44
948,4,650,0.62
948,5,670,0.75999999
948,6,700,1
948,7,750,1.49
948,8,800,2.05
948,9,850,2.6800001
948,10,900,3.3800001
948,11,950,4.1599998
948,12,1000,5.0300002
948,13,1050,6
948,14,1100,7.0900002
948,15,1150,8.2799997
948,16,1200,9.5
948,17,1250,10.8
948,18,1300,12.3
948,19,1350,13.8
948,20,1400,15.4
948,21,1450,17.4
948,22,1500,19.6
948,23,1600,24.4
948,24,1700,29.9
948,25,1800,35.599998
948,26,1900,41.5
948,27,2000,49
948,28,2200,61
948,29,2310,68.099998
948,30,2400,75.5
948,31,2500,83
948,32,2750,105
948,33,3000,129
949,1,600,0.36000001
949,2,620,0.44999999
949,3,640,0.55000001
949,4,700,0.91000003
949,5,750,1.24
949,6,800,1.67
949,7,850,2.1900001
949,8,900,2.8
949,9,950,3.46
949,10,1000,4.23
949,11,1050,5.1199999
949,12,1100,6.1500001
949,13,1150,7.3299999
949,14,1200,8.6800003
949,15,1250,10.2
949,16,1300,11.9
949,17,1350,13.8
949,18,1400,16
949,19,1500,20.6
949,20,1600,25.5
949,21,1700,30.6
949,22,1800,36.099998
949,23,1894,42.200001
949,24,2000,49
949,25,2200,61
949,26,2300,68
949,27,2400,75.5
949,28,2500,83
949,29,2750,105
949,30,3000,129
949,31,3300,163
950,1,800,1.77
950,2,850,2.24
950,3,900,2.8
950,4,950,3.46
950,5,1000,4.23
950,6,1050,5.1199999
950,7,1100,6.1500001
950,8,1150,7.3299999
950,9,1200,8.6800003
950,10,1250,10.2
950,11,1300,11.9
950,12,1350,13.8
950,13,1400,16
950,14,1500,20.6
950,15,1600,25.5
950,16,1700,30.6
950,17,1800,36.099998
950,18,1898,42.5
950,19,2000,49
950,20,2200,61
950,21,2400,75.5
950,22,2500,83
950,23,2750,105
951,1,700,0.81999999
951,2,750,1.0599999
951,3,800,1.38
951,4,850,1.77
951,5,900,2.2
951,6,950,2.8
951,7,1000,3.46
951,8,1050,4.23
951,9,1100,5.1199999
951,10,1150,6.1500001
951,11,1211,7.0900002
951,12,1354,11.9
951,13,1497,17.799999
951,14,1640,24.6
951,15,1783,32.400002
951,16,2310,68.099998
951,17,2750,105
951,18,3500,187
953,1,600,0.1
953,2,630,0.22
953,3,650,0.31999999
953,4,670,0.44
953,5,700,0.64999998
953,6,720,0.81
953,7,750,1.08
953,8,770,1.3099999
953,9,800,1.7
953,10,820,2.01
953,11,840,2.4000001
953,12,860,2.78
953,13,880,3.0599999
953,14,900,3.3599999
953,15,920,3.6800001
953,16,940,4.02
953,17,960,4.3800001
953,18,1000,5.1500001
953,19,1050,6.25
953,20,1100,7.5
953,21,1150,8.9399996
953,22,1200,10.4
953,23,1300,14.2
953,24,1400,18.200001
953,25,1500,22.5
953,26,1600,27.1
953,27,1700,32
953,28,1800,37.200001
953,29,1900,42.599998
953,30,2000,49
953,31,2100,54.099998
953,32,2200,61
953,33,2310,68.099998
953,34,2400,75.5
953,35,2500,83
953,36,2750,105
953,37,3000,129
954,1,760,1.7
954,2,780,2.01
954,3,800,2.4000001
954,4,820,2.78
954,5,840,3.0599999
954,6,860,3.3599999
954,7,880,3.6800001
954,8,900,4.02
954,9,950,4.9499998
954,10,1000,6.02
954,11,1050,7.25
954,12,1080,7.9400001
954,13,1231,12.1
954,14,1381,17.1
954,15,1532,23
954,16,1682,29.799999
954,17,1983,46.200001
954,18,2283,66.400002
954,19,2884,118
954,20,3486,186
954,21,3500,187
956,1,112,0.331
956,2,214,0.48100001
956,3,316,0.68400002
956,4,418,0.958
956,5,520,1.3200001
987,1,101,0
987,2,107,0.0070000002
987,3,113,0.022
987,4,119,0.041000001
987,5,125,0.066
987,6,138,0.131
987,7,150,0.205
987,8,174,0.38800001
987,9,198,0.61699998
987,10,434,2.6500001
987,11,683,4.9499998
991,1,-293,1.46
991,2,-241,2.1500001
4509,1,550,0.19
4509,2,600,0.44
4509,3,650,0.75999999
4509,4,700,1.1900001
4509,5,800,2.29
4509,6,900,3.6900001
4509,7,1000,5.5
4509,8,1100,7.5999999
4509,9,1250,11.2
4509,10,1390,14.6
4509,11,1612,22.4
4509,12,2060,47.299999
4509,13,2310,68.099998
4509,14,3000,129
4509,15,3300,163
991,3,-189,3.02
991,4,-137,4.1100001
991,5,-86,5.4000001
991,6,-34,6.98
991,7,18,8.8400002
991,8,121,13.5
991,9,186,16.1
991,10,231,17.700001
991,11,300,19.799999
991,12,550,29.700001
991,13,800,41.799999
991,14,1050,56.200001
991,15,1300,73
991,16,1800,114
1008,1,-57,0.66000003
1008,2,144,1.16
1008,3,345,1.76
1011,1,300,0
1011,2,400,0.0099999998
1011,3,546,0.046
1011,4,587,0.097999997
1011,5,596,0.115
1011,6,606,0.13699999
1011,7,626,0.189
1011,8,646,0.25600001
1011,9,666,0.34
1011,10,686,0.44299999
1011,11,706,0.56800002
1011,12,745,0.89200002
1011,13,784,1.28
1011,14,837,1.97
1011,15,889,2.77
1011,16,993,4.7800002
1011,17,1098,7.3200002
1011,18,1203,10.4
1011,19,1308,13.9
1011,20,1412,17.9
1011,21,1622,27.4
1011,22,1822,39.299999
1011,23,2250,76
1011,24,2323,83.199997
1016,1,184,0
1016,2,192,0.0080000004
1016,3,200,0.022
1016,4,208,0.039000001
1016,5,216,0.059999999
1016,6,232,0.108
1016,7,247,0.161
1016,8,279,0.294
1016,9,310,0.44400001
1016,10,373,0.80400002
1016,11,436,1.23
1016,12,562,2.22
1016,13,688,3.3800001
1016,14,940,6.1199999
1016,15,1192,9.3199997
1016,16,1696,16.9
1016,17,2200,25.700001
1051,1,124,0
1051,2,134,0.122
1051,3,144,0.205
1051,4,164,0.345
1051,5,204,0.57999998
1051,6,284,0.97500002
1051,7,443,1.64
1051,8,762,2.75
1051,9,1400,4.6199999
1058,1,109,0
1058,2,116,0.037999999
1058,3,123,0.061000001
1058,4,137,0.096000001
1058,5,165,0.153
1058,6,221,0.242
1058,7,332,0.38299999
1058,8,555,0.60799998
1058,9,1000,0.96499997
1059,1,149,0
1059,2,155,0.003
1059,3,161,0.0099999998
1059,4,172,0.029999999
1059,5,183,0.057999998
1059,6,194,0.093999997
1059,7,217,0.191
1059,8,239,0.308
1059,9,284,0.61699998
1059,10,328,1
1059,11,373,1.47
1059,12,417,1.99
1059,13,506,3.26
1059,14,595,4.77
1059,15,684,6.5100002
1059,16,862,10.6
1059,17,1041,15.6
1059,18,1219,21.299999
1059,19,1575,34.799999
1059,20,1932,51
1059,21,2288,69.699997
1059,22,3000,114
1060,1,0,0.43000001
1060,2,57,0.60900003
1060,3,113,0.824
1060,4,225,1.38
1060,5,338,2.1199999
1060,6,450,3.0599999
1060,7,563,4.23
1060,8,675,5.6300001
1060,9,900,9.1899996
1061,1,331,1.75
1061,2,345,3.3299999
1061,3,358,4.7399998
1061,4,384,7.4699998
1061,5,436,12.7
1061,6,540,22.700001
1061,7,749,41.900002
1061,8,1218,78.300003
3334,9,3800,39.5
3335,1,600,0
3335,2,700,0.23
3335,3,860,0.76499999
3335,4,1015,1.26
3335,5,1090,1.49
3335,6,1235,2.05
3335,7,2009,7.6500001
3335,8,3070,15.8
3335,9,3233,19.6
1061,9,1364,87.599998
1061,10,1403,90.5
1061,11,2226,139
1062,1,0,0.1
1062,2,97,0.23999999
1062,3,135,0.31799999
1062,4,172,0.412
1062,5,210,0.53100002
1062,6,247,0.67199999
1062,7,285,0.84899998
1062,8,322,1.0599999
1062,9,359,1.3
1062,10,397,1.6
1072,1,1157,39.099998
1072,2,1158,39.200001
1072,3,1254,60.900002
1075,1,307,0.662
1075,2,313,1.01
1075,3,315,1.17
1075,4,349,2.21
1075,5,383,3.0599999
1075,6,450,4.4899998
1075,7,585,6.8699999
1075,8,855,10.8
1075,9,1395,17.1
1076,1,293,1.53
1076,2,379,4
1076,3,449,6.0599999
1076,4,700,11.4
1096,1,0,0
1096,2,32,0.0020000001
1096,3,40,0.003
1096,4,48,0.0049999999
1096,5,63,0.0089999996
1096,6,79,0.015
1096,7,87,0.017999999
1096,8,94,0.022
1096,9,102,0.026000001
1096,10,110,0.030999999
1096,11,125,0.043000001
1096,12,133,0.048999999
1096,13,141,0.057
1096,14,157,0.074000001
1096,15,188,0.114
1096,16,219,0.16599999
1096,17,250,0.23100001
1096,18,313,0.40400001
1096,19,375,0.63700002
1096,20,438,0.94300002
1096,21,500,1.3200001
1096,22,563,1.78
1096,23,625,2.3299999
1096,24,750,3.7
1096,25,875,5.5
1096,26,1000,7.7399998
1100,1,-226,0.50099999
1100,2,-71,0.653
1100,3,84,0.83899999
1100,4,394,1.33
1100,5,704,2.02
1100,6,1013,2.95
1107,1,136,0
1107,2,146,0.0020000001
1107,3,152,0.0040000002
1107,4,157,0.0070000002
1107,5,168,0.015
1107,6,178,0.026000001
1107,7,189,0.039999999
1107,8,200,0.057
1107,9,221,0.097999997
1107,10,243,0.15099999
1107,11,264,0.213
1107,12,307,0.36899999
1107,13,350,0.56599998
1107,14,393,0.80199999
1107,15,478,1.38
1107,16,564,2.1199999
1107,17,649,2.99
1107,18,818,5.0799999
1107,19,1121,8.3599997
1107,20,1424,12.5
1107,21,1727,17.5
1107,22,2029,23.4
1120,1,160,0.050000001
1120,2,200,0.25
1120,3,250,0.60000002
1120,4,300,1.1
1120,5,400,2.3
1120,6,500,3.7
1120,7,600,5
1120,8,700,5.5999999
1120,9,1000,6.5
1120,10,1200,7.6999998
1120,11,1300,8.5
1120,12,1400,9.3999996
1120,13,1600,11.6
1120,14,1800,14.2
1120,15,2000,17.4
1120,16,2200,21
1120,17,2300,23
1121,1,120,0.094999999
1121,2,150,0.15000001
1121,3,200,0.34999999
1121,4,250,0.75
1121,5,300,1.3
1121,6,500,3.8
1121,7,550,4.3000002
1121,8,650,4.8000002
1121,9,800,5.3000002
1121,10,1000,6
1121,11,1200,7.5999999
1121,12,1400,9.3999996
1121,13,1600,11.6
1121,14,1800,14.2
1121,15,2000,17.4
1122,1,150,0.12
1122,2,200,0.28999999
1122,3,250,0.60000002
1122,4,300,1
1122,5,400,2.0999999
1122,6,500,3.5
1122,7,550,4.0999999
1122,8,650,4.8000002
1122,9,800,5.3000002
1122,10,1000,6
1122,11,1200,7.5999999
1122,12,1400,9.3999996
1122,13,1600,11.6
1122,14,1800,14.2
1122,15,2000,17.4
1123,1,200,0.02
1123,2,250,0.050000001
1123,3,300,0.2
1123,4,350,0.44999999
1123,5,400,1
1123,6,450,1.65
1123,7,500,1.9
1123,8,1200,7.5
1123,9,1400,9.3000002
1123,10,1600,11.5
1123,11,1700,12.8
1124,1,260,0.1
1124,2,300,0.25999999
1124,3,400,1.0599999
1124,4,700,4
1124,5,1000,5.5
1124,6,1400,9.5
1124,7,1600,11.6
1124,8,1800,14.2
1124,9,2000,17.4
1124,10,2200,21
1124,11,2500,27
1125,1,200,0.2
1125,2,250,0.5
1125,3,300,0.94999999
1125,4,350,1.55
1125,5,400,2.0999999
1125,6,500,3.5
1125,7,550,4.4000001
1125,8,600,5
1125,9,700,5.5999999
1125,10,1000,6.5
1125,11,1200,7.6999998
1125,12,1300,8.5
1125,13,1400,9.3999996
1125,14,1600,11.6
1125,15,1800,14.2
1125,16,2000,17.4
1125,17,2200,21
1125,18,2300,23
1148,1,-100,0.5
1148,2,-50,0.80000001
1148,3,0,1.2
1148,4,50,1.7
1148,5,100,2.3
1148,6,200,3.7
1148,7,300,5.5999999
1148,8,400,7.8000002
1148,9,600,13
1148,10,800,20.6
1148,11,1000,31
1148,12,1200,45
1148,13,1600,75
1148,14,2000,107
1148,15,2200,124
1148,16,2400,145
1149,1,-100,0.44999999
1149,2,-50,0.60000002
1149,3,0,0.85000002
1149,4,50,1.2
1149,5,100,1.7
1149,6,200,3
1149,7,300,5
1149,8,400,7.5
1149,9,600,13.5
1149,10,700,16.700001
1149,11,900,24.5
1149,12,1100,34.5
1149,13,1400,57
1149,14,1600,73
1149,15,1800,90
1149,16,2000,108
1149,17,2100,118
1150,1,-100,0.55000001
1150,2,-50,0.75
1150,3,0,1.05
1150,4,50,1.5
1150,5,100,2.2
1150,6,200,3.8
1150,7,300,5.9000001
1150,8,400,8.3999996
1150,9,600,14.2
1150,10,700,17.200001
1150,11,900,25
1150,12,1100,35
1150,13,1400,57.5
1150,14,1700,81.5
1150,15,2000,110
1150,16,2100,120
1151,1,-50,0.75
1151,2,0,1.05
1151,3,50,1.45
1151,4,100,1.95
1151,5,200,3.2
1151,6,300,5
1151,7,400,7.5
1151,8,600,13.5
1151,9,700,16.700001
1151,10,900,24.5
1151,11,1100,34.5
1151,12,1400,57
1151,13,1600,73
1151,14,1800,90
1151,15,2000,109
1151,16,2200,130
1151,17,2400,154
1152,1,-150,1.15
1152,2,-100,1.35
1152,3,-50,1.6
1152,4,0,1.95
1152,5,50,2.4000001
1152,6,100,3
1152,7,200,4.5999999
1152,8,300,6.5999999
1152,9,400,9.1000004
1152,10,600,15.1
1152,11,800,21.5
1152,12,1000,30.5
1152,13,1200,42
1152,14,1400,57
1152,15,1600,73
1152,16,1800,90
1152,17,2000,109
1152,18,2200,130
1153,1,0,0
1153,2,150,0.19
1153,3,200,0.40000001
1153,4,250,0.61000001
1153,5,300,0.81999999
1153,6,400,1.24
1153,7,600,2.0899999
1153,8,700,2.53
1153,9,800,2.95
1153,10,900,3.3800001
1153,11,1000,3.8199999
1153,12,1200,4.6700001
1153,13,1300,5.0900002
1153,14,1600,6.3000002
1154,1,90,0.15000001
1154,2,120,0.20999999
1154,3,230,0.54000002
1154,4,300,0.79000002
1154,5,400,1.16
1154,6,500,1.55
1154,7,600,1.95
1154,8,700,2.3900001
1154,9,800,2.8599999
1154,10,900,3.3499999
1154,11,1000,3.8499999
1154,12,1100,4.3699999
1154,13,1200,4.9000001
1154,14,1300,5.4400001
1154,15,1400,5.98
1154,16,1500,6.54
1154,17,1600,7.0999999
1155,1,100,0.30000001
1155,2,150,0.41999999
1155,3,200,0.56
1155,4,250,0.70999998
1155,5,300,0.88999999
1155,6,350,1.0700001
1155,7,400,1.26
1155,8,500,1.65
1155,9,600,2.0799999
1155,10,700,2.52
1155,11,800,2.99
1155,12,900,3.47
1155,13,1000,3.96
1155,14,1100,4.48
1155,15,1200,5
1155,16,1300,5.52
1155,17,1400,6.04
1155,18,1500,6.5799999
1156,1,90,0.15000001
1156,2,120,0.20999999
1156,3,230,0.54000002
1156,4,300,0.79000002
1156,5,400,1.16
1156,6,500,1.55
1156,7,600,1.95
1156,8,700,2.3900001
1156,9,800,2.8599999
1156,10,900,3.3499999
1156,11,1000,3.8499999
1156,12,1100,4.3699999
1156,13,1200,4.9000001
1156,14,1300,5.4400001
1156,15,1400,5.98
1156,16,1500,6.54
1156,17,1700,7.6999998
1157,1,0,0
1157,2,250,0
1157,3,260,0.02
1157,4,270,0.050000001
1157,5,280,0.090000004
1157,6,290,0.14
1157,7,350,0.44999999
1157,8,400,0.75
1157,9,450,1.03
1157,10,500,1.29
1157,11,700,2.3
1157,12,900,3.2
1157,13,1200,4.6999998
1157,14,1600,6.9000001
1157,15,1800,8.1000004
1158,1,100,0.025
1158,2,350,0.89999998
1158,3,600,1.9
1158,4,800,2.8
1158,5,1000,3.76
1158,6,1200,4.9000001
1158,7,1400,6.0999999
1158,8,1600,7.5
1158,9,1850,9.5
1171,1,90,0.15000001
1171,2,120,0.20999999
1171,3,230,0.54000002
1171,4,400,1.16
1171,5,600,1.95
1171,6,800,2.8599999
1171,7,1100,4.3699999
1171,8,1600,7.0999999
1172,1,-10,0.505
1172,2,144,0.68099999
1172,3,297,0.88700002
1172,4,603,1.39
1172,5,909,2.02
1172,6,1216,2.79
1172,7,1219,2.8
1176,1,0,0.15000001
1176,2,100,0.40000001
1176,3,150,0.55000001
1176,4,200,0.80000001
1176,5,250,1.2
1176,6,300,1.7
1176,7,350,2.4000001
1176,8,400,3.2
1176,9,500,5.1999998
1176,10,600,7.4000001
1176,11,800,13.6
1176,12,1000,20.4
1176,13,1400,36
1176,14,1800,54
1176,15,2200,76
1176,16,2600,100
1176,17,3000,130
1176,18,3400,170
1188,1,180,0.57999998
1188,2,230,0.75999999
1188,3,280,0.98000002
1188,4,335,1.25
1188,5,385,1.6
1188,6,500,2.5
1188,7,900,6
1188,8,1300,11
1188,9,1400,12.5
1188,10,1500,14
1188,11,1600,15.5
1195,1,5,0.245
1195,2,70,0.50999999
1195,3,130,0.82999998
1195,4,255,1.65
1195,5,380,2.5999999
1195,6,480,3.7
1195,7,530,4.25
1195,8,720,6.5500002
1195,9,910,9.3000002
1195,10,1288,16
1195,11,1670,24.5
1195,12,2047,34.200001
1195,13,2090,35.5
1210,1,120,0.07
1210,2,250,0.27000001
1210,3,450,1.47
1210,4,750,5.0799999
1210,5,1200,10.8
1210,6,2100,20
1210,7,3300,63.900002
1211,1,160,0.0099999998
1211,2,310,0.37
1211,3,440,1.2
1211,4,560,2.3599999
1211,5,700,3.9100001
1211,6,800,5.1500001
1211,7,900,6.3499999
1211,8,1050,8.1400003
1211,9,1200,9.75
1211,10,1700,14.2
1211,11,2100,18.1
1211,12,2300,20.4
1211,13,3000,30.6
1211,14,4000,61.599998
1215,1,4735,24.6
1215,2,4878,39.799999
1215,3,5021,60.099998
1217,1,0,0.34999999
1217,2,100,0.94999999
1217,3,200,1.65
1217,4,300,2.45
1217,5,400,3.3499999
1217,6,500,4.4000001
1217,7,600,5.5999999
1217,8,800,8.6000004
1217,9,1000,12
1217,10,1300,18
1217,11,1700,27.9
1217,12,2100,39
1217,13,2500,51
3335,10,3395,24.200001
3335,11,3557,29.6
3335,12,3720,36.099998
3336,1,633,0.285
3336,2,746,0.45500001
3336,3,860,0.67900002
3336,4,973,0.95700002
3336,5,1087,1.3
3336,6,1201,1.71
3336,7,1428,2.73
3336,8,1655,4.0700002
3336,9,1882,5.7399998
3382,1,120,0.07
3382,2,130,0.075000003
3382,3,140,0.079999998
3382,4,160,0.1
3382,5,200,0.16
3382,6,230,0.215
3382,7,250,0.27000001
3382,8,270,0.34999999
3382,9,300,0.47999999
3382,10,320,0.56999999
3382,11,380,0.93000001
3382,12,400,1.08
3382,13,450,1.47
3382,14,500,1.97
3382,15,550,2.51
3382,16,600,3.1400001
3382,17,650,3.77
3382,18,700,4.4200001
3382,19,750,5.0799999
3382,20,800,5.77
1274,1,140,0.145
1274,2,160,0.205
1274,3,180,0.27500001
1274,4,200,0.345
1274,5,220,0.41999999
1274,6,240,0.5
1274,7,260,0.58999997
1274,8,280,0.68000001
1274,9,300,0.77999997
1274,10,350,1.05
1274,11,400,1.34
1274,12,450,1.66
1274,13,500,2
1274,14,550,2.3699999
1274,15,600,2.76
1274,16,750,4.0100002
1274,17,920,5.75
1274,18,1022,7.1900001
1274,19,1230,11.5
1274,20,1414,16
1274,21,1530,19.5
1274,22,1695,25.1
1275,1,150,0.15000001
1275,2,200,0.25
1275,3,250,0.40000001
1275,4,300,0.60000002
1275,5,350,0.85000002
1275,6,400,1.15
1275,7,550,2.2
1275,8,700,3.4000001
1275,9,800,4.4000001
1275,10,900,5.3200002
1275,11,1000,6.8000002
1275,12,1100,8.75
1275,13,1360,14.6
1275,14,1530,19.5
1275,15,1695,25
1276,1,200,0.15000001
1276,2,250,0.30000001
1276,3,350,0.75
1276,4,450,1.35
1276,5,550,2.05
1276,6,650,2.8499999
1276,7,750,3.75
1276,8,930,5.5999999
1276,9,1013,7
1276,10,1100,8.8000002
1276,11,1230,11.5
1276,12,1422,16.299999
1276,13,1530,19.5
1276,14,1695,25.1
1277,1,160,0.11
1277,2,180,0.14
1277,3,200,0.18000001
1277,4,220,0.22499999
1277,5,240,0.28999999
1277,6,260,0.36000001
1277,7,280,0.435
1277,8,300,0.51499999
1277,9,320,0.61500001
1277,10,340,0.72500002
1277,11,360,0.84500003
1277,12,370,0.95999998
1277,13,685,3.4000001
1277,14,820,4.5999999
1277,15,920,5.75
1277,16,1022,7.1900001
1277,17,1230,11.5
1277,18,1420,16
1277,19,1530,19.5
1277,20,1695,25.1
1278,1,160,0.075000003
1278,2,200,0.175
1278,3,220,0.23999999
1278,4,240,0.31999999
1278,5,260,0.40000001
1278,6,280,0.47999999
1278,7,300,0.56999999
1278,8,350,0.83999997
1278,9,400,1.13
1278,10,450,1.46
1278,11,500,1.8200001
1278,12,550,2.2
1278,13,600,2.5899999
1278,14,650,2.98
1278,15,670,3.1400001
1278,16,750,3.8499999
1278,17,800,4.3000002
1278,18,926,5.5500002
1278,19,1076,8.1899996
1278,20,1254,12.1
1278,21,1415,16
1278,22,1530,19.5
1278,23,1695,25.1
1279,1,160,0.075000003
1279,2,200,0.175
1279,3,220,0.23999999
1279,4,240,0.31999999
1279,5,260,0.40000001
1279,6,280,0.47999999
1279,7,300,0.56999999
1279,8,350,0.83999997
1279,9,400,1.13
1279,10,450,1.46
1279,11,500,1.8200001
1279,12,550,2.2
1279,13,600,2.5899999
1279,14,800,4.3000002
1279,15,925,5.5500002
1279,16,1075,8.1999998
1279,17,1254,12.1
1279,18,1415,16
1279,19,1530,19.5
1279,20,1695,25.1
1280,1,350,0.52499998
1280,2,370,0.625
1280,3,400,0.80000001
1280,4,420,0.92000002
1280,5,460,1.2
1280,6,500,1.52
1280,7,540,1.88
1280,8,580,2.26
1280,9,670,3.1600001
1280,10,740,3.9200001
1280,11,771,4.2600002
1280,12,897,5.5700002
3336,10,2013,6.9699998
1280,13,1023,7.1999998
1280,14,1075,8.1999998
1280,15,1254,12.1
1280,16,1415,16
1280,17,1530,19.5
1280,18,1695,25.1
1281,1,210,0.085000001
1281,2,230,0.13
1281,3,270,0.25
1281,4,350,0.52499998
1281,5,370,0.625
1281,6,400,0.80000001
1281,7,420,0.92000002
1281,8,460,1.2
1281,9,500,1.52
1281,10,518,1.67
1281,11,599,2.3599999
1281,12,679,3.1500001
1281,13,840,5.0500002
1281,14,1018,7.2800002
1281,15,1160,10
1281,16,1254,12.1
1281,17,1415,16
1281,18,1530,19.5
1281,19,1695,25.1
1282,1,220,0.25
1282,2,240,0.30000001
1282,3,260,0.36000001
1282,4,280,0.44
1282,5,300,0.51999998
1282,6,320,0.61000001
1282,7,340,0.70999998
1282,8,360,0.81999999
1282,9,380,0.94
1282,10,400,1.08
1282,11,450,1.4299999
1282,12,492,1.77
1282,13,624,2.8800001
1282,14,756,4.1700001
1282,15,1021,7.21
1282,16,1181,10.4
1282,17,1374,15
1282,18,1415,16
1282,19,1530,19.5
1282,20,1695,25.1
1284,1,150,0.075000003
1284,2,170,0.115
1284,3,200,0.19
1284,4,220,0.25
1284,5,240,0.30000001
1284,6,260,0.36000001
1284,7,280,0.44
1284,8,300,0.51999998
1284,9,320,0.61000001
1284,10,340,0.70999998
1284,11,360,0.81
1284,12,380,0.92000002
1284,13,400,1.02
1284,14,450,1.3200001
1284,15,500,1.65
1284,16,550,2.01
1284,17,600,2.4100001
1284,18,650,2.8499999
1284,19,700,3.3499999
1284,20,750,3.8499999
1284,21,800,4.4000001
1284,22,850,4.9699998
1284,23,1020,7.1999998
1284,24,1180,10.4
1284,25,1375,15
1284,26,1530,19.5
1284,27,1695,25.1
1285,1,160,0.075000003
1285,2,180,0.115
1285,3,210,0.19
1285,4,230,0.25
1285,5,250,0.30000001
1285,6,270,0.36000001
1285,7,290,0.44
1285,8,310,0.51999998
1285,9,330,0.61000001
1285,10,350,0.70999998
1285,11,370,0.81
1285,12,390,0.92000002
1285,13,410,1.02
1285,14,450,1.26
1285,15,500,1.58
1285,16,550,1.9299999
1285,17,600,2.3299999
1285,18,650,2.75
1285,19,700,3.25
1285,20,750,3.75
1285,21,800,4.29
1285,22,850,4.8499999
1285,23,900,5.4200001
1285,24,950,6.04
1285,25,1000,6.8200002
1285,26,1171,10.1
1285,27,1216,11.1
1285,28,1375,15
1285,29,1530,19.5
1285,30,1695,25.1
1286,1,250,0.15000001
1286,2,260,0.17
1286,3,270,0.19
1286,4,280,0.20999999
1286,5,290,0.25
1286,6,350,0.55000001
1286,7,400,0.85000002
1286,8,450,1.1900001
1286,9,500,1.61
1286,10,600,2.5999999
1286,11,700,3.6300001
1286,12,800,4.77
1286,13,900,6.0300002
1286,14,1000,7.4200001
1286,15,1100,8.9499998
1286,16,1200,10.6
1286,17,1375,15
1286,18,1530,19.5
1286,19,1695,25.1
1287,1,270,0.125
1287,2,280,0.15000001
1287,3,290,0.185
1287,4,310,0.26499999
1287,5,330,0.35499999
1287,6,370,0.55500001
1287,7,400,0.74000001
1287,8,450,1.09
1287,9,500,1.49
1287,10,550,1.9299999
1287,11,600,2.4000001
1287,12,700,3.4000001
1287,13,800,4.4499998
1287,14,900,5.6199999
1287,15,1000,6.9200001
1287,16,1052,7.75
1287,17,1172,10.1
1287,18,1310,13.4
1287,19,1419,16.299999
1287,20,1530,19.5
1287,21,1695,25.1
1288,1,190,0.15000001
1288,2,240,0.30000001
1288,3,290,0.5
1288,4,350,0.80000001
1288,5,400,1.11
1288,6,500,1.83
1288,7,600,2.6700001
1288,8,700,3.5999999
1288,9,791,4.52
1288,10,948,6.3699999
1288,11,1038,7.52
1288,12,1258,12.1
1288,13,1420,16.299999
1288,14,1530,19.5
1288,15,1695,25.1
1289,1,150,0.11
1289,2,200,0.25999999
1289,3,250,0.44999999
1289,4,300,0.69999999
1289,5,350,0.98000002
1289,6,400,1.3
1289,7,450,1.65
1289,8,500,2.02
1289,9,600,2.8199999
1289,10,700,3.6600001
1289,11,800,4.6100001
1289,12,900,5.6599998
1289,13,1012,7.04
1289,14,1215,11.1
1289,15,1419,16.200001
1289,16,1530,19.5
1289,17,1695,25.1
1290,1,170,0.090000004
1290,2,180,0.11
1290,3,240,0.28999999
1290,4,280,0.44999999
1290,5,350,0.80000001
1290,6,400,1.1
1290,7,450,1.4400001
1290,8,500,1.79
1290,9,550,2.1800001
1290,10,570,2.3399999
1290,11,681,3.3199999
1290,12,791,4.4299998
1290,13,1012,7.0799999
1290,14,1051,7.7800002
1290,15,1212,11.1
1290,16,1372,15
1290,17,1520,19.299999
1290,18,1695,25.1
1291,1,250,0.055
1291,2,260,0.059999999
1291,3,270,0.07
1291,4,280,0.090000004
1291,5,290,0.11
1291,6,350,0.28999999
1291,7,390,0.44999999
1291,8,450,0.75
1291,9,500,1.04
1291,10,550,1.37
1291,11,563,1.47
1291,12,670,2.3599999
1291,13,777,3.5
1291,14,884,4.9000001
1291,15,991,6.5799999
1291,16,1205,10.8
1291,17,1420,16.299999
1291,18,1530,19.5
1291,19,1695,25.1
1292,1,350,0.11
1292,2,410,0.28999999
1292,3,450,0.44999999
1292,4,500,0.69999999
1292,5,550,0.98000002
1292,6,605,1.28
1292,7,661,1.6900001
1292,8,716,2.1800001
1292,9,771,2.78
1292,10,826,3.49
1292,11,937,5.3200002
1292,12,952,5.5500002
1292,13,1076,7.9000001
1292,14,1200,10.6
1292,15,1448,17.1
1292,16,1695,25.1
1293,1,170,0.090000004
1293,2,180,0.11
1293,3,240,0.28999999
1293,4,280,0.44999999
1293,5,350,0.80000001
1293,6,400,1.1
1293,7,450,1.4400001
1293,8,500,1.79
1293,9,550,2.1800001
1293,10,600,2.5799999
1293,11,650,2.98
1293,12,700,3.4000001
1293,13,800,4.3099999
1293,14,927,5.5599999
1293,15,1021,7.2600002
1293,16,1200,10.7
1293,17,1420,16.200001
1293,18,1695,25.1
1294,1,270,0.090000004
1294,2,280,0.11
1294,3,300,0.17
1294,4,340,0.28999999
1294,5,380,0.44999999
1294,6,450,0.80000001
1294,7,500,1.1
1294,8,550,1.4400001
1294,9,600,1.79
1294,10,700,2.5799999
1294,11,800,3.4000001
1294,12,816,3.51
1294,13,968,5.8600001
1294,14,1119,8.7700005
1294,15,1270,12.2
1294,16,1422,16.299999
1294,17,1695,25.1
1295,1,250,0.23999999
1295,2,270,0.27000001
1295,3,310,0.34999999
1295,4,350,0.47
1295,5,370,0.55000001
1295,6,430,0.85000002
1295,7,510,1.33
1295,8,540,1.54
1295,9,711,2.9400001
1295,10,800,3.9000001
1295,11,929,5.4400001
1295,12,1066,7.9099998
1295,13,1243,11.6
1295,14,1420,16.299999
1295,15,1695,25.1
1296,1,350,0.079999998
1296,2,400,0.13
1296,3,450,0.2
1296,4,500,0.31999999
1296,5,550,0.51999998
1296,6,600,0.85000002
1296,7,700,1.7
1296,8,800,2.7
1296,9,911,4.4499998
1296,10,1023,6.5500002
1296,11,1135,8.9499998
1296,12,1247,11.7
1296,13,1470,17.799999
1296,14,1695,25.1
1297,1,259,0
1297,2,272,0.0020000001
1297,3,278,0.0040000002
1297,4,284,0.0080000004
1297,5,290,0.012
1297,6,296,0.017000001
1297,7,302,0.023
1297,8,308,0.029999999
1297,9,320,0.046
1297,10,332,0.066
1297,11,344,0.090000004
1297,12,356,0.117
1297,13,380,0.183
1297,14,404,0.26300001
1297,15,428,0.35699999
1297,16,452,0.46599999
1297,17,501,0.73400003
1297,18,549,1.0599999
1297,19,597,1.4400001
1297,20,645,1.87
1297,21,788,3.3399999
1297,22,932,5.3099999
1297,23,937,5.3800001
1297,24,1049,7.48
1297,25,1161,9.8699999
1297,26,1385,15.5
1297,27,1609,22.200001
1297,28,1833,30
1307,1,854,0.028000001
1307,2,867,0.064999998
1307,3,898,0.105
1307,4,929,0.164
1307,5,960,0.24699999
1307,6,990,0.354
1307,7,1021,0.50099999
1307,8,1051,0.68599999
1307,9,1082,0.92799997
1307,10,1112,1.22
1307,11,1143,1.6
1307,12,1173,2.05
1307,13,1234,3.26
1307,14,1295,4.9699998
1307,15,1357,7.3600001
1307,16,1437,10.5
1307,17,1479,12.5
1307,18,1604,20.799999
1307,19,3660,183
1307,20,3910,203
1326,1,255,0.347
1326,2,278,0.55199999
1326,3,301,0.78200001
1326,4,346,1.28
1326,5,437,2.46
1326,6,619,5.3099999
1326,7,730,7.3899999
1326,8,870,12.9
1326,9,1012,19.4
1326,10,1556,38.299999
1326,11,2124,61.099998
1326,12,3204,114
1326,13,3465,141
1326,14,3725,173
1326,15,4246,255
1332,1,100,0.30000001
1332,2,150,0.75
1332,3,200,1.35
1332,4,250,2.0999999
1332,5,300,3.0999999
1332,6,400,5.4000001
1332,7,800,15.8
1332,8,1200,27.799999
1332,9,1600,41
1332,10,2200,68
1332,11,2224,69
1332,12,2704,98.699997
3523,1,1000,0.66100001
3523,2,1034,0.92500001
3523,3,1067,1.26
3523,4,1100,1.7
3523,5,1133,2.25
3523,6,1167,2.99
3523,7,1184,3.8800001
3523,8,1200,3.8800001
3523,9,1233,5
3523,10,1266,6.4099998
1332,13,3185,137
1332,14,3666,186
1332,15,4147,247
1334,1,200,0
1334,2,209,0.050000001
1334,3,218,0.116
1334,4,235,0.259
1334,5,270,0.597
1334,6,341,1.39
1334,7,354,1.59
1334,8,425,2.6500001
1334,9,523,4.1900001
1334,10,708,8.0200005
1334,11,850,11.3
1334,12,900,13
1334,13,1159,20.700001
1334,14,1418,29.6
1334,15,1936,50
1334,16,2454,73.599998
1334,17,2455,73.900002
1334,18,2904,108
1334,19,3353,150
1334,20,3802,199
1334,21,4251,257
1335,1,180,0.31999999
1335,2,220,0.80000001
1335,3,300,2.2
1335,4,600,8.8000002
1335,5,1000,19.200001
1335,6,1600,37.200001
1335,7,2200,63
1335,8,2208,63.299999
1335,9,2210,63.799999
1335,10,2696,95.199997
1335,11,3183,135
1335,12,3368,153
1335,13,3739,195
1335,14,4100,242
1336,1,50,0.60000002
1336,2,100,1
1336,3,150,1.5
1336,4,200,2.0999999
1336,5,1200,27.6
1336,6,1600,38.400002
1336,7,1800,44
1336,8,2282,64.699997
1336,9,2735,95.5
1336,10,3188,134
1336,11,3641,183
1336,12,4100,242
1337,1,100,0.2
1337,2,150,0.60000002
1337,3,400,3.0999999
1337,4,600,6.6999998
1337,5,728,10
1337,6,943,15.2
1337,7,1158,21.200001
1337,8,1588,35.799999
1337,9,2018,53.400002
1337,10,2459,73.800003
1337,11,2902,108
1337,12,3344,149
1337,13,3786,197
1337,14,4251,258
1338,1,50,0.34999999
1338,2,150,0.69999999
1338,3,400,2.5
1338,4,600,5.6999998
1338,5,1000,16.5
1338,6,1500,32
1338,7,2000,52
1338,8,2500,80
1338,9,3000,115
1338,10,3500,165
1338,11,4220,256
1339,1,255,0.050000001
1339,2,280,0.14
1339,3,350,0.54400003
1339,4,449,1.28
1339,5,658,4.8499999
1339,6,689,6.0300002
1339,7,900,17.4
1339,8,1189,25.200001
1339,9,1258,27.200001
1339,10,1558,37.099998
1339,11,1857,49.099998
1339,12,2156,63.400002
1339,13,2455,80.300003
1339,14,3053,122
1339,15,3366,150
1339,16,3793,197
1339,17,4220,255
1347,1,250,0
3431,1,200,0.050000001
3431,2,220,0.079999998
3431,3,270,0.18000001
3431,4,310,0.30000001
3431,5,330,0.38
3431,6,360,0.52999997
3431,7,390,0.70999998
3431,8,410,0.85000002
3431,9,440,1.09
3431,10,460,1.27
3431,11,480,1.47
3431,12,500,1.6900001
3431,13,530,2.05
3431,14,570,2.5999999
3431,15,600,3.05
3431,16,650,3.8699999
3431,17,700,4.75
3431,18,750,5.6799998
3431,19,800,6.6599998
3431,20,850,7.77
3431,21,900,9
3431,22,950,10.2
3431,23,1000,11.1
1347,2,300,0.15000001
1347,3,350,0.40000001
1347,4,400,0.89999998
1347,5,500,2.0999999
1347,6,600,3.7
1347,7,802,9.2600002
1347,8,813,9.4799995
1347,9,970,12.2
1347,10,1127,14.4
1347,11,1390,17.4
1347,12,2107,24.299999
1362,1,87,0.384
1362,2,129,0.53399998
1362,3,171,0.73199999
1362,4,214,0.99699998
1362,5,256,1.33
1362,6,298,1.75
1362,7,340,2.29
1362,8,382,2.96
1362,9,425,3.8099999
1383,1,200,0.54000002
1383,2,220,0.63999999
1383,3,250,0.81999999
1383,4,290,1.1
1383,5,320,1.35
1383,6,350,1.64
1383,7,380,1.9400001
1383,8,400,2.2
1383,9,450,3.0699999
1383,10,500,4.1700001
1383,11,550,5.5
1383,12,600,6.3000002
1383,13,650,6.8000002
1383,14,700,7.25
1383,15,800,8.25
1383,16,900,9.3500004
1383,17,1000,10.4
1383,18,1100,11.5
1383,19,1200,12.7
1383,20,1300,13.9
1383,21,1400,15.2
1383,22,1500,16.5
1383,23,1600,17.9
1383,24,1700,19.4
1383,25,1800,20.9
1383,26,1900,22.6
1383,27,2000,24.700001
1383,28,2100,27.1
1383,29,2200,30
1383,30,2300,33.099998
1383,31,2400,36.599998
1383,32,2444,38.099998
1383,33,2667,50.599998
1383,34,2890,66.099998
1383,35,3089,86.5
1383,36,3296,114
1385,1,0,0.041999999
1385,2,9,0.059
1385,3,19,0.079999998
1385,4,39,0.12899999
1385,5,78,0.24699999
1385,6,118,0.39199999
1385,7,157,0.55400002
1385,8,236,0.93699998
1385,9,314,1.38
1385,10,472,2.4300001
1385,11,629,3.6700001
1385,12,944,6.6399999
1385,13,1258,10.2
3411,1,200,0.0080000004
3411,2,250,0.059
3411,3,300,0.163
3411,4,350,0.391
3411,5,400,0.68199998
3411,6,450,1.0700001
3411,7,500,1.61
3411,8,550,2.3
3411,9,620,3.5
3431,24,1050,11.7
3431,25,1100,12.2
3431,26,1200,13.4
1444,1,200,0.308
1444,2,313,0.52899998
1444,3,425,0.81199998
1444,4,538,1.16
1444,5,650,1.58
1444,6,875,2.6400001
1444,7,1100,3.99
1450,1,270,0.056000002
1450,2,300,0.107
1450,3,350,0.193
1450,4,400,0.278
1450,5,450,0.36399999
1450,6,500,0.44800001
1450,7,600,0.61900002
1450,8,700,0.79000002
1450,9,810,0.97799999
1464,1,-86,0.17900001
1464,2,-61,0.33399999
1464,3,-36,0.50300002
1464,4,14,0.87599999
1464,5,115,1.73
1464,6,317,3.72
1464,7,720,8.3900003
2375,1,200,0.050000001
2375,2,230,0.079999998
2375,3,250,0.12
2375,4,280,0.23
2375,5,310,0.38
2375,6,340,0.56
2375,7,360,0.69999999
2375,8,380,0.86000001
2375,9,400,1.05
2375,10,420,1.29
2375,11,440,1.58
2377,1,150,0.07
2377,2,170,0.090000004
2377,3,230,0.20999999
2377,4,260,0.30000001
2377,5,300,0.47
2377,6,320,0.56999999
2377,7,340,0.69
2377,8,360,0.81999999
2377,9,380,1
2377,10,400,1.3
2377,11,420,1.65
2377,12,440,2.05
2377,13,500,3.25
2377,14,550,4.3000002
2377,15,600,5.4000001
2377,16,700,7.5999999
2377,17,750,8.75
2377,18,760,8.9799995
2377,19,800,9.6700001
2377,20,850,10.3
2377,21,900,10.8
2377,22,1000,12.1
2377,23,1100,13.4
2377,24,1200,14.8
2363,1,300,0.51999998
2363,2,330,0.73000002
2363,3,350,0.88999999
2363,4,370,1.08
2363,5,390,1.3099999
2363,6,410,1.5599999
2363,7,430,1.84
2363,8,480,2.6400001
2363,9,520,3.3199999
2363,10,550,3.8599999
2363,11,570,4.2399998
2363,12,620,5.2399998
2363,13,630,5.4499998
2365,1,275,0.035
2365,2,300,0.090000004
2365,3,330,0.18000001
2365,4,360,0.30000001
2365,5,380,0.40000001
2365,6,400,0.51999998
2365,7,430,0.73000002
2365,8,450,0.88999999
2365,9,470,1.08
2365,10,500,1.4299999
2365,11,530,1.84
2365,12,580,2.6400001
2365,13,620,3.3199999
2365,14,650,3.8599999
2365,15,700,4.8400002
2365,16,750,5.8499999
2365,17,800,6.8499999
2365,18,850,7.9000001
2375,12,460,1.91
2375,13,480,2.25
2375,14,500,2.6099999
2375,15,550,3.55
2375,16,600,4.5700002
2375,17,650,5.6199999
2375,18,700,6.6999998
2375,19,750,7.7399998
2375,20,800,8.7299995
2375,21,850,9.5799999
2375,22,900,10.2
2375,23,1000,11.2
2375,24,1100,12.2
2375,25,1200,13.5
2375,26,1300,14.9
2375,27,1400,16.299999
2375,28,1500,17.9
2375,29,1600,19.6
3431,27,1300,14.9
3431,28,1400,16.299999
3431,29,1500,17.9
3431,30,1600,19.6
3431,31,1700,21.6
3431,32,1800,23.799999
3431,33,1900,26.200001
3431,34,2000,28.6
3432,1,200,0.28999999
3432,2,210,0.33000001
3432,3,230,0.43000001
3432,4,250,0.55000001
3432,5,270,0.69999999
3432,6,290,0.87
3432,7,300,0.97000003
3432,8,320,1.1900001
3432,9,340,1.4400001
3432,10,360,1.73
3432,11,380,2.0699999
3432,12,400,2.23
3432,13,420,2.8199999
3432,14,440,3.25
3432,15,460,3.7
3432,16,480,4.1799998
3432,17,500,4.6799998
3432,18,550,5.98
3432,19,600,7.1700001
3432,20,650,8.2700005
1500,1,150,0.02
1500,2,180,0.035
1500,3,200,0.059999999
1500,4,220,0.11
1500,5,240,0.15000001
1500,6,260,0.31
1500,7,280,0.43000001
1500,8,300,0.56999999
1500,9,320,0.74000001
1500,10,340,1.05
1500,11,360,1.3
1500,12,380,1.59
1500,13,400,1.92
1500,14,420,2.27
1500,15,440,2.6400001
1500,16,460,3
1500,17,500,3.72
1500,18,550,4.6199999
1500,19,600,5.6599998
1500,20,650,6.7800002
1500,21,700,7.9499998
1500,22,750,8.9799995
1500,23,800,9.8699999
1501,1,180,0.02
1501,2,210,0.035
1501,3,230,0.059999999
1501,4,250,0.11
1501,5,270,0.2
1501,6,290,0.31
1501,7,310,0.43000001
1501,8,330,0.56999999
1501,9,350,0.74000001
1501,10,370,1.05
1501,11,390,1.3
1501,12,410,1.59
1501,13,430,1.92
1501,14,450,2.27
1501,15,500,3.1800001
1501,16,550,4.0799999
1501,17,600,5.02
1501,18,650,6.0999999
1501,19,700,7.2399998
1501,20,750,8.3900003
1501,21,800,9.3400002
1501,22,850,10.3
1501,23,900,11.2
1501,24,1000,12.2
1501,25,1100,13.4
1501,26,1300,16.200001
1501,27,1400,17.700001
1501,28,1500,19.299999
1501,29,1600,21.200001
1501,30,1700,23.299999
1501,31,1800,25.6
1501,32,1900,28
1501,33,2000,30.4
1502,1,140,0.02
1502,2,170,0.035
1502,3,180,0.050000001
1502,4,200,0.090000004
1502,5,220,0.15000001
1502,6,250,0.30000001
1502,7,300,0.64999998
1502,8,350,1.15
2363,14,700,6.8499999
2363,15,750,7.9000001
2363,16,800,9
2363,17,850,10.1
2363,18,900,11
3432,21,700,9.25
3432,22,750,10.2
3432,23,800,11
3432,24,900,12.5
3432,25,950,13.3
3433,1,160,0.048999999
3433,2,180,0.071000002
3433,3,200,0.1
3433,4,220,0.14
3433,5,240,0.2
3433,6,280,0.36000001
3433,7,310,0.50999999
3433,8,340,0.69
3433,9,360,0.82999998
3433,10,380,0.99000001
3433,11,400,1.1900001
3433,12,420,1.4299999
3433,13,440,1.7
3433,14,460,2
3433,15,500,2.6400001
3433,16,550,3.5
3433,17,600,4.4400001
3433,18,650,5.4499998
3433,19,700,6.4499998
3433,20,750,7.48
3433,21,800,8.5600004
3433,22,850,9.6000004
3433,23,900,10.7
3433,24,950,11.4
3433,25,1000,11.9
3433,26,1100,13.1
3433,27,1300,15.9
3433,28,1500,19
3433,29,1600,20.9
3433,30,1700,23
3433,31,1800,25.299999
3433,32,2000,30.1
3433,33,2100,32.599998
3434,1,270,0.050000001
3434,2,280,0.059999999
3434,3,340,0.18000001
3434,4,380,0.30000001
3434,5,400,0.38
3434,6,430,0.52999997
1502,9,400,1.75
1502,10,450,2.4000001
1502,11,550,3.7
1502,12,850,8.1999998
1502,13,1350,16.700001
1502,14,1650,22.1
1502,15,2050,28.1
1510,1,1,0
1510,2,16,0.0020000001
1510,3,31,0.0060000001
1510,4,39,0.0089999996
1510,5,46,0.013
1510,6,54,0.017000001
1510,7,62,0.022
1510,8,77,0.032000002
1510,9,108,0.059999999
1510,10,156,0.124
1510,11,181,0.168
1510,12,200,0.234
1510,13,233,0.34
1510,14,278,0.63999999
1510,15,378,1.35
1510,16,586,2.99
1510,17,794,4.9099998
1510,18,954,6.5799999
1510,19,1700,14.2
1552,1,120,0.055
1552,2,143,0.139
1552,3,190,0.33700001
1552,4,220,0.44999999
1552,5,288,0.61500001
1552,6,431,0.91399997
1552,7,590,1.16
1552,8,910,2
1552,9,1490,4.2800002
1552,10,1999,6.23
1552,11,2746,10.3
1552,12,3891,15.8
3328,1,174,0.033
3328,2,252,0.27500001
3328,3,406,0.875
3328,4,497,1.4400001
3328,5,676,2.48
3328,6,749,2.97
3328,7,994,4.48
3328,8,1098,5.1599998
3328,9,1396,7.4099998
3328,10,1658,9.46
3329,1,177,0.096000001
3329,2,247,0.27900001
3329,3,378,0.74800003
3329,4,481,1.26
3329,5,568,1.72
3329,6,678,2.3699999
3329,7,814,3.1900001
3329,8,1097,5.1300001
3329,9,1300,6.5900002
3329,10,1579,8.7700005
3329,11,1999,12.4
3330,1,288,0.449
3330,2,387,0.87300003
3330,3,496,1.42
3330,4,646,2.3599999
3330,5,740,3.03
3330,6,741,3.04
1623,1,250,0
1623,2,300,0.025
1623,3,350,0.1
1623,4,500,1.6
1623,5,600,3
1623,6,700,5.1999998
1623,7,800,7.8000002
1623,8,1000,13.4
1623,9,1200,20.6
1623,10,1400,30
1623,11,1600,42.599998
1623,12,1800,56
1623,13,2200,86
1623,14,2400,103
1623,15,2800,140
1624,1,350,0.050000001
1624,2,400,0.15000001
1624,3,450,0.5
1624,4,500,0.89999998
1624,5,550,1.4
1624,6,600,2.2
1624,7,700,4.1999998
1624,8,800,6.5999999
1624,9,1000,12.2
1624,10,1200,19.200001
1624,11,1400,28.799999
1624,12,1600,41.400002
1624,13,1800,55
1624,14,2200,85
1624,15,2600,120
1624,16,3000,160
1625,1,450,0.059999999
1625,2,500,0.16
1625,3,550,0.36000001
1625,4,600,0.70999998
1625,5,700,2
1625,6,800,3.5999999
1625,7,1000,7.5999999
1625,8,1200,14.2
1625,9,1400,24
1625,10,1600,36
1625,11,1800,50
1625,12,2000,66
1625,13,2200,82
1628,1,0,4.5
1628,2,350,7.5
1628,3,500,8.8500004
1632,1,252,0.70499998
1632,2,286,0.95999998
1632,3,320,1.27
1632,4,340,1.46
1632,5,380,1.98
1632,6,420,2.6400001
1632,7,460,3.48
1632,8,600,6.3000002
1632,9,700,7.9000001
1632,10,756,8.1999998
1632,11,1050,10.7
1632,12,1300,13.3
1632,13,1700,18.299999
1632,14,2000,23
1632,15,2098,24.9
1632,16,2409,35
1632,17,2491,38.099998
1632,18,2800,58.400002
1632,19,3000,76.5
1632,20,3200,100
1632,21,3500,147
1646,1,560,19.4
1646,2,876,32
1646,3,1191,48.200001
1646,4,1600,66.5
1666,1,79,0.0020000001
1666,2,92,0.041000001
1666,3,105,0.082999997
1666,4,130,0.168
1666,5,180,0.35100001
1666,6,280,0.73699999
1666,7,470,1.53
1666,8,786,2.9300001
1666,9,1397,5.5500002
1666,10,2008,8.4399996
1666,11,3230,14.8
3330,7,863,3.8599999
3411,10,710,5.6999998
3411,11,820,8.6000004
3411,12,910,11.4
3411,13,1050,16
3411,14,1200,21
3411,15,1400,30.299999
3411,16,1700,47.5
3411,17,2000,69
3411,18,2300,96.5
3482,1,10,1.15
3482,2,134,1.75
3482,3,258,2.45
3482,4,507,4.1700001
3548,1,-500,1
3548,2,-170,2.03
3548,3,-70,2.74
3548,4,43,3.9100001
3548,5,98,7.4899998
3548,6,153,11.7
3548,7,262,21.9
3548,8,366,44.900002
3548,9,418,51.200001
3548,10,599,68.199997
3548,11,857,94.800003
3548,12,968,104
3548,13,1315,152
1683,1,59,0
1683,2,69,0.206
1683,3,79,0.366
1683,4,98,0.63499999
1683,5,136,1.11
1683,6,212,1.97
1683,7,365,3.49
1683,8,373,3.52
1683,9,526,5.3699999
1683,10,679,6.7399998
1683,11,856,8.1099997
1683,12,1162,10.2
1683,13,1373,13
1683,14,1594,16.5
1683,15,1814,20.700001
1708,1,0,1.42
1708,2,104,2.2
1708,3,207,3.1199999
1708,4,413,5.3800001
1708,5,619,8.1499996
1708,6,1162,17.299999
1708,7,1413,22.9
1708,8,1816,29.299999
1708,9,2070,40.900002
1708,10,2883,69.099998
1708,11,3466,92.599998
1709,1,0,1.53
1709,2,50,1.9
1709,3,100,2.29
1709,4,150,2.74
1709,5,200,3.23
1709,6,250,3.75
1709,7,300,4.2800002
1709,8,350,4.8299999
1709,9,400,5.4200001
1709,10,450,6.0500002
1709,11,500,6.7399998
1709,12,550,7.4299998
1709,13,600,8.1199999
1709,14,650,8.9099998
1709,15,700,9.6300001
1709,16,750,10.4
1709,17,800,11.2
1709,18,900,12.9
1709,19,1000,14.7
1709,20,1200,18.700001
1709,21,1300,20.700001
1709,22,1500,25.1
1709,23,1700,29.799999
1709,24,1900,34.900002
1709,25,2100,40
1709,26,2300,45.099998
1709,27,2500,50.200001
1709,28,2700,55.400002
1709,29,2900,60.5
1709,30,3000,64.099998
1709,31,3100,69.900002
1709,32,3250,84.099998
1768,1,1,0.114
1768,2,33,0.169
1768,3,94,0.28999999
1768,4,127,0.389
1768,5,243,0.68900001
1768,6,392,1.13
1768,7,675,1.96
1768,8,760,2.1800001
1768,9,875,2.5999999
1768,10,877,2.5999999
1768,11,1136,3.1300001
1768,12,1139,3.1500001
1768,13,1388,3.6800001
1768,14,1608,4.6700001
1768,15,2076,6.79
1768,16,2377,8.7399998
1768,17,2871,12.5
1768,18,3364,17.1
1796,1,1,0.0070000002
1796,2,6,0.02
1796,3,12,0.039000001
1796,4,24,0.085000001
1796,5,47,0.19599999
1796,6,94,0.477
1796,7,141,0.81099999
1796,8,187,1.1799999
1796,9,250,1.78
1796,10,375,2.99
1796,11,500,4.3499999
1796,12,750,7.3699999
1796,13,917,9.6599998
1796,14,1002,10.9
1796,15,1212,14.8
1796,16,1422,19.4
1796,17,1842,30.4
1796,18,2262,44
1796,19,2683,60.200001
3330,8,1054,5.1599998
3330,9,1442,8.0500002
3330,10,2022,13.1
3331,1,188,0.315
3331,2,250,0.477
3331,3,313,0.676
3389,18,2260,11.9
3389,19,2301,12.4
3389,20,2652,17.6
3389,21,3003,23.6
3389,22,3705,37.799999
3390,1,200,0.001
3390,2,266,0.048
3390,3,300,0.094999999
3390,4,331,0.14
3390,5,364,0.19400001
3482,5,756,6.27
3482,6,1005,8.7399998
3482,7,1503,14.7
1810,1,149,1.1
1810,2,150,1.11
1810,3,231,1.53
1810,4,313,2.0899999
1810,5,394,2.8
1810,6,476,3.73
1810,7,565,5.2800002
1810,8,629,7.0799999
1810,9,711,9.8100004
1810,10,791,12
1810,11,952,15.5
1810,12,1051,17.799999
1810,13,1176,20.6
1810,14,1245,22.1
1810,15,1340,24.1
1810,16,1655,32
1810,17,1966,41.900002
1810,18,2199,52.5
1810,19,2497,62.700001
1810,20,2915,81.900002
1810,21,3040,89
1810,22,3163,96.5
1818,1,277,0.64999998
1818,2,334,1.0700001
1818,3,390,1.61
1818,4,405,1.89
1818,5,418,2.04
1818,6,500,3.2
1818,7,571,4.1399999
1818,8,645,4.9499998
1818,9,879,7.3499999
1818,10,983,9.2399998
1818,11,1087,11.5
1818,12,1191,14
1818,13,1294,17
1823,1,274,0.030999999
1823,2,325,0.15099999
1823,3,332,0.171
1823,4,423,0.63599998
1823,5,451,0.866
1823,6,610,2.77
1823,7,626,3.3299999
1823,8,664,4.4299998
1823,9,702,5.3200002
1823,10,778,6.75
1823,11,855,8.2299995
1823,12,1086,13.8
1823,13,1242,16.299999
1823,14,1342,17.6
1823,15,2210,27.299999
1842,1,200,0.0089999996
1842,2,219,0.015
1842,3,238,0.022
1842,4,257,0.032000002
1842,5,266,0.037
1842,6,275,0.043000001
1842,7,285,0.048999999
1842,8,294,0.056000002
1842,9,313,0.071999997
1842,10,350,0.11
1842,11,388,0.161
1842,12,425,0.221
1842,13,500,0.38100001
3052,1,115,0.079999998
3052,2,200,0.375
3052,3,250,0.69999999
3052,4,300,1.15
3052,5,400,2.3
3052,6,500,3.8
3052,7,550,4.1999998
3052,8,650,4.8000002
3052,9,788,5.1999998
3052,10,910,5.9000001
3052,11,1030,7.1999998
3052,12,1137,8.4300003
3052,13,1366,12.9
3052,14,1794,17
3089,1,848,29.1
3089,2,977,34.700001
3089,3,1207,47.099998
3089,4,1488,63.599998
3089,5,1717,79.099998
3297,1,-498,1.12
3297,2,-81,8.2700005
3297,3,7,10.4
3297,4,106,12.9
3297,5,151,17.700001
3297,6,195,21.4
3297,7,279,30.1
3297,8,557,73.699997
3297,9,783,102
3336,11,2572,10.3
3336,12,3049,14.1
3336,13,3383,24
3336,14,3609,33
3337,1,701,0.273
3337,2,748,0.34400001
3337,3,795,0.43099999
3337,4,890,0.66399997
3337,5,984,0.99299997
3337,6,1031,1.2
3337,7,1079,1.46
3337,8,1129,1.7
3337,9,1206,2.0999999
3337,10,1384,3.1500001
3390,6,397,0.26499999
3390,7,450,0.38999999
3390,8,530,0.588
3390,9,607,0.80800003
3390,10,702,1.1
3390,11,797,1.42
3390,12,1006,2.1900001
3390,13,1199,3.24
1872,1,54,0
1872,2,62,0.0020000001
1872,3,69,0.0060000001
1872,4,84,0.016000001
1872,5,99,0.028000001
1872,6,114,0.043000001
1872,7,144,0.077
1872,8,173,0.114
1872,9,232,0.20299999
1872,10,291,0.30599999
1872,11,409,0.546
1872,12,527,0.824
1872,13,657,1.1799999
1872,14,845,1.63
1872,15,1034,2.1700001
1875,1,276,0.108
1875,2,470,0.27700001
1875,3,541,0.347
1875,4,592,0.419
1875,5,616,0.449
1875,6,747,0.65700001
1875,7,901,0.96399999
1878,1,1,0.014
1878,2,8,0.063000001
1878,3,15,0.094999999
1878,4,29,0.14300001
1878,5,57,0.21600001
1878,6,113,0.32699999
1878,7,223,0.51999998
1878,8,430,0.91500002
1878,9,635,1.47
1878,10,795,2.23
1878,11,1109,3.6700001
1878,12,1883,7.0799999
1878,13,2534,10
1878,14,2832,12.4
1878,15,3501,19
1879,1,504,0
1879,2,585,0.027000001
1879,3,690,0.063000001
1879,4,722,0.1
1879,5,755,0.18000001
1879,6,780,0.27500001
1879,7,809,0.398
1879,8,1090,1.6799999
1879,9,1516,3.6300001
1892,1,200,0.0080000004
1892,2,209,0.013
1892,3,218,0.02
1892,4,227,0.028000001
1892,5,236,0.039000001
1892,6,245,0.050999999
1892,7,254,0.066
1892,8,263,0.082000002
1892,9,280,0.147
1892,10,290,0.147
1892,11,309,0.178
1892,12,335,0.317
1892,13,351,0.396
1892,14,379,0.54299998
1892,15,380,0.54299998
1892,16,416,0.79299998
1892,17,426,0.84600002
1892,18,474,1.3
1892,19,522,1.88
1892,20,571,2.6199999
1892,21,619,3.48
1892,22,715,5.6599998
1892,23,837,9.3199997
1892,24,915,12.2
1892,25,1071,19.299999
1892,26,1228,28.6
1892,27,1384,40.099998
1892,28,1541,54.200001
1892,29,1697,70.699997
1892,30,2009,112
1892,31,2213,145
1892,32,2500,201
1898,1,331,1.42
1898,2,368,1.83
1898,3,405,2.4000001
1898,4,437,3.04
1898,5,480,4.0300002
1898,6,515,4.77
1898,7,580,6.4000001
1898,8,1200,13.9
1898,9,1618,17.6
1898,10,1930,22.5
1898,11,2190,29
1898,12,2353,33.400002
1898,13,2433,37.299999
1898,14,2642,54.299999
1898,15,2752,64.199997
1898,16,2859,78.199997
1898,17,3028,109
1898,18,3196,148
1908,1,200,0.079999998
1908,2,240,0.106
1908,3,290,0.266
1908,4,350,0.56999999
1908,5,409,1.0599999
1908,6,450,1.52
1908,7,500,2.1500001
1908,8,600,3.8
1908,9,700,6.0999999
1908,10,900,12.2
1908,11,1100,19
1920,1,180,0.055
1920,2,201,0.075999998
1920,3,225,0.12
1920,4,250,0.17900001
1920,5,300,0.34999999
1920,6,400,0.94999999
1920,7,500,1.8
1920,8,800,5.4000001
1920,9,1085,9.5600004
1920,10,1657,16.5
1920,11,2069,21.5
1920,12,2221,23.6
1920,13,3091,37.5
1920,14,3382,46.5
1920,15,3743,59.099998
1920,16,4077,74.699997
1929,1,229,0.252
1929,2,257,0.36700001
1929,3,285,0.49700001
1929,4,340,0.79699999
1929,5,381,1.04
1929,6,406,1.29
1929,7,431,1.6
1929,8,452,2.26
1929,9,536,3.8
1929,10,546,4.0100002
1929,11,616,6.25
1929,12,690,8.75
1929,13,788,12.5
1929,14,925,18
1929,15,1011,19.700001
1929,16,1220,25
1929,17,1326,29.200001
1929,18,1709,44.5
1929,19,1855,49.599998
1929,20,2196,64.900002
1929,21,2537,83.800003
1929,22,2877,107
1929,23,3218,135
1929,24,3559,168
1929,25,4240,255
1954,1,21,0.024
1954,2,110,0.138
1954,3,172,0.25999999
2480,1,1350,36
2480,2,1400,41
2480,3,1450,47
2480,4,1500,52
2480,5,1550,57
2480,6,1600,61
2480,7,1700,68
2480,8,1850,77
3411,19,2600,126
3412,1,205,0.0040000002
3412,2,410,0.114
3412,3,440,0.178
3412,4,455,0.21600001
3412,5,475,0.30399999
3412,6,500,0.46799999
4549,1,1,0
4549,2,16,0.0020000001
4549,3,31,0.0060000001
4549,4,39,0.0089999996
4549,5,46,0.013
4549,6,54,0.017000001
4549,7,62,0.022
4549,8,77,0.032000002
4549,9,108,0.059999999
4549,10,156,0.124
4549,11,185,0.17399999
4549,12,209,0.255
4549,13,232,0.35499999
4549,14,255,0.48199999
4549,15,270,0.57599998
4549,16,281,0.634
4549,17,325,0.77700001
4549,18,340,0.99900001
4549,19,360,1.25
4549,20,378,1.35
4549,21,435,1.78
1954,4,297,0.48199999
1954,5,422,0.76499999
1954,6,480,0.963
1954,7,531,1.23
1954,8,549,1.33
1957,1,800,18.1
1957,2,1013,37.799999
1957,3,1225,59.599998
1957,4,1650,108
1957,5,2500,218
1960,1,-199,0.0080000004
1960,2,-187,0.029999999
1960,3,-175,0.061999999
1960,4,-163,0.102
1960,5,-151,0.15099999
1960,6,-127,0.271
1960,7,-104,0.40799999
1960,8,-80,0.54799998
1960,9,-57,0.71799999
1960,10,-33,0.93800002
1960,11,-10,1.2
1960,12,1,1.3099999
1960,13,20,1.46
1960,14,79,2.1600001
1960,15,157,3.3199999
1960,16,235,4.75
1960,17,313,6.48
1960,18,469,10.8
1960,19,625,16.5
1960,20,782,23.5
1960,21,945,30.4
1960,22,1081,36.099998
1960,23,1384,60.599998
1960,24,1681,80.199997
1960,25,1974,105
1960,26,2270,135
1960,27,2566,173
2018,1,-249,14.7
2018,2,0,23
2018,3,200,31.6
2018,4,400,41.599998
2018,5,800,65.800003
2018,6,1200,95.599998
2018,7,1600,131
2021,1,349,0.44499999
2021,2,436,0.69300002
2021,3,523,1.05
2021,4,610,1.4299999
2021,5,696,1.88
2021,6,870,2.97
2021,7,1043,4.3200002
2021,8,1369,7.8800001
2021,9,1695,12
2021,10,2348,22
2021,11,3000,33.599998
2032,1,250,0.31900001
2032,2,1000,1.11
3286,1,299,5.2199998
3286,2,450,11.2
3286,3,550,15
3337,11,1468,3.97
3337,12,1480,4.1100001
3337,13,1685,6.3899999
3337,14,1890,8.1300001
3337,15,2041,9.2600002
3337,16,2130,9.7399998
3337,17,2163,9.9399996
3337,18,2494,13
3337,19,2852,17.200001
3337,20,3209,22.5
3337,21,3570,30
3338,1,801,0.50800002
3338,2,890,0.77600002
2069,1,40,0.285
2069,2,110,0.37799999
2069,3,180,0.48800001
2069,4,319,0.75800002
2069,5,375,0.94999999
2069,6,405,1.0700001
2069,7,570,1.59
2069,8,605,1.79
2069,9,703,2.4100001
2069,10,794,2.75
2069,11,1261,5.54
2069,12,1369,6.1900001
2069,13,1640,6.75
2069,14,3255,15
2129,1,239,0
2129,2,248,0.014
2129,3,256,0.023
2129,4,272,0.037999999
2129,5,305,0.066
2129,6,325,0.105
2129,7,351,0.117
2360,1,116,0.014
2360,2,185,0.109
2360,3,200,0.154
2360,4,215,0.211
2360,5,240,0.30500001
2360,6,265,0.419
2360,7,300,0.50800002
2360,8,345,0.852
2360,9,425,1.6
2360,10,556,2.6400001
2360,11,679,4.8200002
2360,12,884,8.9200001
2519,1,1,0.0049999999
2519,2,12,0.021
2519,3,22,0.041000001
2519,4,32,0.068000004
2519,5,42,0.101
2519,6,63,0.18700001
2519,7,83,0.28999999
2519,8,124,0.56099999
2519,9,165,0.90799999
2519,10,170,0.95700002
2519,11,178,1.0599999
2519,12,190,1.22
2519,13,233,1.49
2519,14,269,1.8099999
2519,15,350,2.6800001
2519,16,500,4.3499999
2519,17,750,7.3699999
2519,18,917,9.6599998
2519,19,1002,10.9
2519,20,1005,11
2519,21,1145,13
2519,22,1285,15.5
2519,23,1564,21.4
2519,24,1843,29.200001
2942,1,631,0.045000002
2942,2,638,2.8299999
2942,3,644,4.8000002
2942,4,656,8.3800001
2942,5,680,14.9
2942,6,729,26.799999
2942,7,827,48.5
2942,8,1022,87.300003
2942,9,1412,157
2942,10,1674,198
2942,11,2097,269
2129,8,455,0.142
2129,9,849,0.223
2130,1,241,0
2130,2,250,0.013
2130,3,259,0.022
2130,4,276,0.035
2130,5,294,0.048
2130,6,311,0.057999998
2130,7,349,0.079000004
2130,8,382,0.097000003
2130,9,449,0.126
2130,10,582,0.17
2130,11,849,0.235
2137,1,3437,13.7
2137,2,3586,15.6
2148,1,550,6
2148,2,600,9
2148,3,900,30
2148,4,1000,38
2148,5,1640,76
2148,6,1700,81
2148,7,1950,108
2148,8,2100,129
2148,9,2200,146
2148,10,2300,166
2148,11,2390,200
2148,12,2900,515
2149,1,520,10
2149,2,650,19
2149,3,700,23
2149,4,750,26
2149,5,800,30
2149,6,850,34
2149,7,900,38
2149,8,950,42
2149,9,1000,46
2149,10,1050,49
2149,11,1100,54
2149,12,1150,58
2149,13,1200,62
2149,14,1250,66
2149,15,1300,71
2149,16,1350,74
2149,17,1400,79
2149,18,1450,83
2149,19,1500,87
2149,20,1600,96
2149,21,1700,105
2149,22,1800,114
2149,23,1900,124
2149,24,2000,136
2149,25,2100,150
2149,26,2200,169
2149,27,2300,197
2149,28,2400,235
2149,29,2450,257
2149,30,2500,279
2149,31,2600,330
2149,32,2700,390
2149,33,2800,452
2149,34,2900,515
2150,1,499,0
2150,2,508,1.42
2150,3,517,2.51
2150,4,526,3.5
2150,5,534,4.3299999
2150,6,568,7.5599999
2150,7,637,13.4
2150,8,775,23.6
2150,9,1050,41.599998
2150,10,1620,72.900002
2150,11,2700,133
2151,1,359,0.49200001
2151,2,374,0.94300002
2151,3,388,1.4400001
2151,4,416,2.5899999
2151,5,444,3.9200001
2151,6,472,5.4099998
2151,7,529,8.8400002
2151,8,585,12.7
2151,9,646,17.700001
2151,10,720,21.799999
2151,11,752,23.700001
2151,12,852,28.299999
2151,13,1211,53.099998
2151,14,1320,54.5
2151,15,1528,71
2485,1,-1,0.093000002
2485,2,10,0.113
2485,3,35,0.164
2485,4,61,0.227
2485,5,72,0.25400001
2485,6,114,0.373
2485,7,145,0.45199999
2706,1,321,0.34299999
2706,2,513,0.76099998
2706,3,610,0.98199999
2706,4,730,1.64
2706,5,847,2.48
2706,6,964,3.4400001
2706,7,1081,4.54
2706,8,1372,7.8499999
3477,1,-30,0.161
3477,2,70,0.273
3477,3,81,0.31999999
3477,4,111,0.361
3477,5,177,0.42500001
3477,6,220,0.51999998
3477,7,411,0.78100002
3477,8,485,1.05
3477,9,629,1.23
3477,10,941,2.21
2151,16,1803,84
2151,17,2674,141
2151,18,3544,205
2175,1,205,0
2175,2,340,0.012
2175,3,400,0.082999997
2175,4,448,0.368
2175,5,480,0.53500003
2175,6,520,0.80599999
2175,7,530,0.977
2175,8,576,1.4
2175,9,656,2.4300001
2175,10,700,3.3299999
2175,11,730,4.0700002
2175,12,786,5.6799998
2175,13,830,7.0999999
2175,14,1005,12.7
2175,15,1179,20
2175,16,1353,28.6
2175,17,1526,38.400002
2175,18,1665,50
2175,19,1804,64.599998
2175,20,1943,82.699997
2175,21,2081,105
2187,1,600,0.55000001
2187,2,669,0.82999998
2187,3,738,1.1799999
2187,4,807,1.62
2187,5,875,2.1300001
2187,6,944,2.73
2187,7,1013,3.4000001
2187,8,1091,4.4099998
2187,9,1168,5.6199999
2187,10,1322,8.7600002
2187,11,1476,13.1
2187,12,1630,18.9
2361,1,64,0.016000001
2361,2,83,0.028999999
2361,3,93,0.037
2361,4,102,0.046
2361,5,121,0.064000003
2361,6,140,0.081
2361,7,151,0.108
2361,8,176,0.164
2361,9,201,0.228
2361,10,240,0.33700001
2361,11,250,0.39199999
2361,12,260,0.421
2361,13,280,0.56800002
2361,14,296,0.73100001
2361,15,336,1.08
2361,16,375,1.54
2361,17,386,1.6799999
2361,18,476,2.95
2361,19,601,4.9299998
2361,20,723,6.48
2361,21,844,8.4300003
2361,22,966,10.9
2361,23,1087,13.9
2819,1,3389,0
2819,2,3399,11.2
2819,3,3409,12.2
2819,4,3428,13.2
2819,5,3466,14.4
2819,6,3542,15.7
2819,7,3695,17.1
2223,1,194,0.147
2223,2,210,0.22499999
2223,3,225,0.31400001
2223,4,240,0.41800001
2223,5,255,0.54000002
2223,6,286,0.84399998
2223,7,316,1.21
2223,8,338,1.27
2223,9,399,1.91
2223,10,415,2.3599999
2223,11,449,2.71
2223,12,494,3.24
2223,13,495,3.26
2223,14,535,4.0999999
2223,15,576,4.6300001
2223,16,666,6.96
2223,17,737,8.6999998
2223,18,843,12.3
2223,19,978,17.200001
2223,20,1109,22.200001
2223,21,1236,29
2223,22,1728,48.299999
2223,23,2165,68.099998
2223,24,2601,94.5
2223,25,2973,122
2223,26,3606,181
2223,27,4238,255
2224,1,1,0.017999999
2224,2,11,0.028999999
2224,3,21,0.043000001
2224,4,31,0.061999999
2224,5,41,0.086000003
2224,6,51,0.115
2224,7,61,0.149
2224,8,80,0.23199999
2224,9,100,0.35100001
2224,10,160,0.88
2224,11,224,1.45
2224,12,288,1.96
2224,13,408,3.01
2224,14,611,5.7399998
2224,15,918,9.1400003
2224,16,1227,14
2224,17,1586,22
2224,18,1956,33.5
2224,19,2684,60.400002
2254,1,193,2.1500001
2339,1,1,0
2339,2,14,0.0020000001
2339,3,21,0.0049999999
2339,4,27,0.0089999996
2339,5,34,0.014
2339,6,40,0.02
2339,7,53,0.037
2339,8,66,0.059
2339,9,79,0.086999997
2339,10,92,0.119
2339,11,105,0.15800001
2339,12,131,0.252
2339,13,157,0.37
2339,14,208,0.66900003
2339,15,260,1.0700001
2339,16,312,1.5700001
2339,17,364,2.1700001
2339,18,415,2.8699999
2339,19,479,3.3599999
2339,20,619,4.75
2339,21,758,6.3899999
2339,22,1036,10.5
2339,23,1315,15.8
2339,24,1593,22.200001
2254,2,296,3.0799999
2254,3,395,4.2399998
2254,4,624,7.79
2254,5,850,10.9
2254,6,1098,15
2254,7,1345,20
2254,8,1839,32.799999
2254,9,2343,50.599998
2254,10,2498,62.700001
2254,11,2915,81.900002
2254,12,3162,96.5
2279,1,260,0.89999998
2279,2,369,1.39
2279,3,385,1.61
2279,4,402,1.85
2279,5,442,2.6400001
2279,6,476,3.05
2279,7,516,3.25
2279,8,581,4.1500001
2279,9,736,5.5100002
2279,10,829,6.52
2279,11,878,7.3699999
2279,12,972,9.0100002
2279,13,1115,12.1
2279,14,1258,15.9
2283,1,23,-0.24600001
2283,2,500,0.124
2283,3,511,0.171
2283,4,625,1.36
2283,5,676,1.77
2283,6,740,3.3599999
2283,7,767,4.3299999
2283,8,789,4.6799998
2283,9,830,5.73
2283,10,895,8.0500002
2283,11,941,9.6999998
2283,12,1158,17.9
2283,13,1375,27.5
2283,14,1809,50.5
2283,15,2077,70
2283,16,2344,92
2283,17,2878,144
2301,1,235,0.235
2301,2,263,0.55000001
2301,3,290,0.88700002
2301,4,345,1.64
2301,5,362,1.83
2301,6,371,1.9
2301,7,385,2.02
2301,8,413,2.47
2301,9,440,2.9400001
2301,10,468,3.45
2301,11,522,4.5799999
2301,12,600,6.0999999
2301,13,684,7.2800002
2301,14,1003,10.9
2301,15,1083,12.5
2301,16,1311,14.6
2301,17,1618,17.6
2301,18,2193,25
2301,19,2253,27.5
2301,20,2433,37.299999
2301,21,2642,54.299999
2301,22,2752,64.199997
2310,1,252,0.86799997
2310,2,339,1.22
2310,3,369,1.39
2310,4,385,1.61
2310,5,404,1.87
2310,6,428,2
2310,7,450,2.51
2310,8,477,2.76
2310,9,509,2.99
2310,10,581,4.1500001
2310,11,736,5.5100002
2310,12,829,6.52
2310,13,878,7.3699999
2310,14,972,9.0100002
2323,1,0,0.094999999
2323,2,175,0.163
2323,3,350,0.248
2292,1,0,0.161
2292,2,60,0.242
2292,3,119,0.34200001
2292,4,179,0.46700001
2292,5,238,0.61400002
2292,6,355,0.99699998
2292,7,474,1.52
2292,8,594,2.0899999
2292,9,713,2.8399999
2292,10,832,3.73
2292,11,950,4.77
2301,23,2859,78.199997
2301,24,3028,109
2301,25,3196,148
2310,15,1115,12.1
2310,16,1258,15.9
2323,4,450,0.301
2323,5,700,0.472
2386,3,200,0.1
2386,2,180,0.071000002
2386,1,160,0.048999999
2387,25,950,13.3
2387,24,900,12.5
2387,23,800,11
2387,22,750,10.2
2387,21,700,9.25
2387,20,650,8.2700005
2387,19,600,7.1700001
2387,18,550,5.98
2387,17,500,4.6799998
2387,16,480,4.1799998
2387,15,460,3.7
2387,14,440,3.25
2387,13,420,2.8199999
2387,12,400,2.23
2387,11,380,2.0699999
2387,10,360,1.73
2387,9,340,1.4400001
2387,8,320,1.1900001
2387,7,300,0.97000003
2387,6,290,0.87
2387,5,270,0.69999999
2387,4,250,0.55000001
2387,3,230,0.43000001
2387,2,210,0.33000001
2387,1,200,0.28999999
2391,19,2300,26.700001
2391,18,1650,21.200001
2391,17,1340,17.6
2391,16,1340,17.5
2391,15,1170,15.5
2391,14,985,13
2391,13,800,9.8199997
2391,12,665,6.1100001
2391,11,596,4.6799998
2391,10,526,3.4400001
2391,9,500,3
2391,8,400,1.8
2391,7,350,1.3
2391,6,300,0.89999998
2391,5,240,0.47999999
2391,4,200,0.23999999
2391,3,170,0.12
2391,2,150,0.079999998
2391,1,110,0.039999999
2392,12,2000,23.6
2392,11,1700,21.200001
2392,10,1500,19.200001
2392,9,1200,15.7
2392,8,1000,12.5
2392,7,800,8.6999998
2392,6,600,3.7
2392,5,500,2.0999999
2392,4,400,0.89999998
3434,7,460,0.70999998
3434,8,480,0.85000002
3434,9,510,1.09
3434,10,530,1.27
3434,11,550,1.47
3434,12,600,2.05
3434,13,650,2.75
3434,14,700,3.53
3434,15,750,4.3899999
3434,16,800,5.3000002
3434,17,850,6.25
3434,18,900,7.3099999
3434,19,950,8.5
3434,20,1000,9.75
3434,21,1050,10.8
3434,22,1100,11.5
3434,23,1150,12
3434,24,1200,12.6
3434,25,1250,13.2
3434,26,1300,13.9
3434,27,1400,15.3
3434,28,1500,16.799999
3434,29,1600,18.4
3434,30,1700,20.200001
3434,31,1800,22.299999
3434,32,1900,24.5
3434,33,2000,26.9
3434,34,2100,29.6
3435,1,150,0.079999998
3435,2,200,0.13
3435,3,220,0.18000001
3435,4,240,0.27000001
3435,5,260,0.38
3435,6,280,0.52999997
3435,7,300,0.72000003
3435,8,350,1.29
3435,9,400,2.0799999
3435,10,450,2.98
3435,11,500,3.9400001
3435,12,550,4.9899998
3435,13,600,6.04
3435,14,650,7.1300001
3435,15,700,8.1400003
3435,16,750,9.1000004
3435,17,800,9.8699999
3435,18,850,10.4
3435,19,900,10.9
3435,20,950,11.4
3435,21,1000,11.9
3436,1,110,0.039999999
3436,2,150,0.079999998
3436,3,170,0.12
3436,4,200,0.23999999
3436,5,240,0.47999999
3436,6,300,0.89999998
3436,7,350,1.3
3436,8,400,1.8
3436,9,500,3
3436,10,526,3.4400001
3436,11,596,4.6799998
3436,12,665,6.1100001
3436,13,800,9.8199997
2635,10,299,0.61699998
2635,11,330,0.82999998
2635,12,450,1.8
2635,13,600,3.1500001
2635,14,800,5
2635,15,1000,7
2635,16,1700,14.2
2377,25,1300,16.200001
2377,26,1400,17.799999
2377,27,1500,19.5
2377,28,1600,21.5
2377,29,1700,23.700001
2377,30,1800,26.1
2377,31,1900,28.5
2378,18,800,8.3500004
2378,17,750,6.6500001
2378,16,700,5.9499998
2378,15,650,5.25
2378,14,600,4.5799999
2378,13,550,3.95
2378,12,500,3.3299999
2378,11,450,2.74
2378,10,400,2.1900001
2378,9,350,1.64
2378,8,300,1.1
2378,7,260,0.73000002
2378,6,240,0.56999999
2378,5,220,0.41999999
2378,4,200,0.31
2378,3,180,0.23
2378,2,160,0.155
2378,1,140,0.1
2380,21,1000,11.9
2380,20,950,11.4
2380,19,900,10.9
2380,18,850,10.4
2380,17,800,9.8699999
2380,16,750,9.1000004
2380,15,700,8.1400003
2380,14,650,7.1300001
2380,13,600,6.04
2380,12,550,4.9899998
2380,11,500,3.9400001
2380,10,450,2.98
2380,9,400,2.0799999
2380,8,350,1.29
2380,7,300,0.72000003
2380,6,280,0.52999997
2380,5,260,0.38
2380,4,240,0.27000001
2380,3,220,0.18000001
2380,2,200,0.13
2380,1,150,0.079999998
2382,34,2000,28.6
2382,33,1900,26.200001
2382,32,1800,23.799999
2382,31,1700,21.6
2382,30,1600,19.6
2382,29,1500,17.9
2382,28,1400,16.299999
2382,27,1300,14.9
2382,26,1200,13.4
2382,25,1100,12.2
2382,24,1050,11.7
2382,23,1000,11.1
2382,22,950,10.2
2382,21,900,9
2382,20,850,7.77
2382,19,800,6.6599998
2382,18,750,5.6799998
3436,14,985,13
3436,15,1170,15.5
3436,16,1338,17.5
3436,17,1341,17.6
3436,18,1652,21.200001
3436,19,2300,26.700001
3437,1,250,0
3437,2,300,0.12
3437,3,350,0.31999999
3437,4,400,0.62
3437,5,500,1.8200001
3437,6,600,3.5999999
3437,7,700,6
3437,8,800,8.6999998
3437,9,999,12.8
3437,10,1245,16.5
3437,11,1500,19.200001
3437,12,1700,21.200001
3437,13,2000,23.6
3437,14,2200,25
3437,15,2400,26.6
3438,1,250,0
3438,2,300,0.15000001
3438,3,350,0.40000001
3438,4,400,0.89999998
3438,5,500,2.0999999
3438,6,600,3.7
3438,7,800,8.6999998
3438,8,1000,12.5
3438,9,1200,15.7
3438,10,1500,19.200001
3438,11,1700,21.200001
3438,12,2000,23.6
3439,1,270,0
3439,2,280,0.0049999999
3439,3,300,0.025
3439,4,310,0.039000001
3439,5,330,0.086999997
3439,6,350,0.155
3439,7,370,0.29499999
3439,8,450,0.875
3439,9,600,2.75
3439,10,700,5
3439,11,757,6.5500002
3439,12,870,9.29
3439,13,984,11.4
3439,14,1138,13.8
3439,15,1514,18.299999
3439,16,1739,20.6
3439,17,2006,23.299999
3439,18,2200,25
3439,19,2383,26.700001
3440,1,50,0.0049999999
3440,2,69,0.016000001
3440,3,88,0.035
3440,4,120,0.090000004
2382,17,700,4.75
2382,16,650,3.8699999
2382,15,600,3.05
2382,14,570,2.5999999
2382,13,530,2.05
2382,12,500,1.6900001
2382,11,480,1.47
2382,10,460,1.27
2382,9,440,1.09
2382,8,410,0.85000002
2382,7,390,0.70999998
2382,6,360,0.52999997
2382,5,330,0.38
2382,4,310,0.30000001
2382,3,270,0.18000001
2382,2,220,0.079999998
2382,1,200,0.050000001
2383,34,2100,29.6
2383,33,2000,26.9
2383,32,1900,24.5
2383,31,1800,22.299999
2383,30,1700,20.200001
2383,29,1600,18.4
2383,28,1500,16.799999
2383,27,1400,15.3
2383,26,1300,13.9
2383,25,1250,13.2
2383,24,1200,12.6
2383,23,1150,12
2383,22,1100,11.5
2383,21,1050,10.8
2383,20,1000,9.75
2383,19,950,8.5
2383,18,900,7.3099999
2383,17,850,6.25
2383,16,800,5.3000002
2383,15,750,4.3899999
2383,14,700,3.53
2383,13,650,2.75
2383,12,600,2.05
2383,11,550,1.47
2383,10,530,1.27
2383,9,510,1.09
2383,8,480,0.85000002
2383,7,460,0.70999998
2383,6,430,0.52999997
2383,5,400,0.38
2383,4,380,0.30000001
2383,3,340,0.18000001
2383,2,280,0.059999999
2383,1,270,0.050000001
2386,33,2100,32.599998
2386,32,2000,30.1
2386,31,1800,25.299999
2386,30,1700,23
2386,29,1600,20.9
2386,28,1500,19
2386,27,1300,15.9
2386,26,1100,13.1
2386,25,1000,11.9
2386,24,950,11.4
2386,23,900,10.7
2386,22,850,9.6000004
2386,21,800,8.5600004
2386,20,750,7.48
2386,19,700,6.4499998
2386,18,650,5.4499998
2386,17,600,4.4400001
2386,16,550,3.5
2386,15,500,2.6400001
2386,14,460,2
2386,13,440,1.7
2386,12,420,1.4299999
2386,11,400,1.1900001
2386,10,380,0.99000001
2386,9,360,0.82999998
2386,8,340,0.69
2386,7,310,0.50999999
2386,6,280,0.36000001
2386,5,240,0.2
2386,4,220,0.14
3440,5,140,0.13
3440,6,160,0.2
3440,7,200,0.36000001
3440,8,250,0.62
3440,9,290,0.87300003
3440,10,344,1.29
3440,11,400,1.95
3440,12,475,3.0599999
3440,13,550,4.1999998
3440,14,650,5.6999998
3440,15,800,8
3440,16,1000,11.1
3440,17,1200,14.2
3440,18,1500,19.299999
3440,19,1800,25.200001
3440,20,2100,32.5
3441,1,60,0
3441,2,116,0.014
3441,3,185,0.109
3441,4,200,0.154
3441,5,215,0.211
3441,6,240,0.30500001
3441,7,265,0.419
3441,8,300,0.50800002
3441,9,345,0.852
3441,10,425,1.6
3441,11,555,2.6400001
3441,12,556,2.6400001
3441,13,679,4.8200002
3441,14,884,8.9200001
3441,15,1000,11
3441,16,1200,14.4
3441,17,1500,19
3441,18,1800,25.200001
3441,19,2100,32.5
3442,1,45,0.0099999998
3442,2,64,0.016000001
3442,3,100,0.045000002
3442,4,140,0.081
3442,5,176,0.164
2392,3,350,0.40000001
2392,2,300,0.15000001
2392,1,250,0
2393,15,2400,26.6
2393,14,2200,25
2393,13,2000,23.6
2393,12,1700,21.200001
2393,11,1500,19.200001
2393,10,1250,16.5
2393,9,999,12.8
2393,8,800,8.6999998
2393,7,700,6
2393,6,600,3.5999999
2393,5,500,1.8200001
2393,4,400,0.62
2393,3,350,0.31999999
2393,2,300,0.12
2393,1,250,0
2394,16,2380,26.700001
2394,15,2200,25
2394,14,2010,23.299999
2394,13,1740,20.6
2394,12,1510,18.299999
2394,11,1140,13.8
2394,10,984,11.4
2394,9,870,9.29
2394,8,757,6.5500002
2394,7,700,5
2394,6,600,2.75
2394,5,450,0.875
2394,4,350,0.175
2394,3,300,0.025
2394,2,280,0.0049999999
2394,1,270,0
2395,13,2400,26.6
2395,12,1600,19.5
2395,11,1210,14.9
2395,10,1010,12.2
2395,9,808,8.79
2395,8,700,5
2395,7,600,2.75
2395,6,500,1.3
2395,5,450,0.69999999
2395,4,400,0.34999999
2395,3,350,0.105
2395,2,300,0.0099999998
2395,1,150,0.0049999999
2400,32,2000,36
2400,31,1600,25.200001
2400,30,1300,18
2400,29,1100,13.8
2400,28,900,10.2
2400,27,700,7.1999998
2400,26,600,5.8499999
2400,25,550,5.2800002
2400,24,500,4.73
2400,23,450,4.1700001
2400,22,400,3.6500001
2400,21,350,3.1500001
2400,20,300,2.6600001
2400,19,280,2.48
2400,18,260,2.29
2400,17,240,2.0999999
2400,16,220,1.95
2400,15,200,1.8
2400,14,180,1.65
2400,13,160,1.52
2400,12,140,1.39
2400,11,120,1.26
2400,10,100,1.12
2400,9,80,1.02
2400,8,60,0.93000001
2400,7,40,0.83999997
2400,6,20,0.74000001
2400,5,0,0.63999999
2400,4,-20,0.57499999
2400,3,-40,0.51999998
2400,2,-60,0.47
2400,1,-80,0.43000001
2401,20,1600,26.4
2401,19,1300,18.9
2401,18,1100,14.5
2401,17,900,10.7
2401,16,700,7.3000002
2401,15,620,6.0999999
2401,14,550,5.1900001
2401,13,480,4.3499999
2401,12,450,4.02
2401,11,400,3.47
2401,10,320,2.5899999
2401,9,300,2.3900001
2401,8,250,1.9299999
2401,7,200,1.49
2401,6,150,1.09
2401,5,100,0.74000001
2401,4,60,0.5
2401,3,40,0.41
2401,2,20,0.34999999
2401,1,0,0.30000001
2402,19,2000,36
2402,18,1600,25.200001
2402,17,1300,18
2402,16,1100,13.8
2402,15,900,10.2
2402,14,700,7
2402,13,600,5.7199998
2402,12,540,5
2402,11,500,4.5500002
2402,10,440,3.8900001
2402,9,400,3.49
2402,8,340,2.8900001
2402,7,300,2.53
2402,6,250,2.1099999
2402,5,190,1.63
2402,4,140,1.28
2402,3,100,1.04
2402,2,50,0.75
2402,1,0,0.5
2403,17,2500,49.799999
2403,16,2000,34.799999
2403,15,1600,24
2403,14,1300,16.799999
2403,13,1100,12.6
2403,12,900,9
2403,11,700,6
2403,10,600,4.8800001
2403,9,500,3.8099999
2403,8,450,3.3099999
2403,7,400,2.8499999
2403,6,350,2.4000001
2403,5,300,2
2403,4,250,1.63
2403,3,200,1.3099999
2403,2,150,1
2403,1,50,0.5
2404,18,2500,50.400002
2404,17,2000,35.400002
2404,16,1600,24.6
2404,15,1300,17.4
2404,14,1100,13.2
2404,13,900,9.6000004
2404,12,700,6.5999999
2404,11,600,5.3000002
2404,10,500,4.1300001
2404,9,450,3.5799999
2404,8,400,3.05
2404,7,300,2.1500001
2404,6,240,1.67
2404,5,160,1.11
2404,4,140,0.99000001
2404,3,70,0.63999999
2404,2,60,0.60000002
2404,1,50,0.56999999
2405,20,2500,51
2405,19,2000,36
2405,18,1600,25.200001
2405,17,1300,18
2405,16,1100,13.6
2405,15,900,10
2405,14,700,7
2405,13,600,5.6599998
2405,12,550,5.0599999
2405,11,500,4.46
2405,10,450,3.9100001
2405,9,400,3.3599999
2405,8,350,2.8699999
2405,7,300,2.4200001
2405,6,250,1.99
2405,5,200,1.6
2405,4,150,1.25
2405,3,100,0.94
2405,2,40,0.63999999
2405,1,20,0.56999999
2451,26,2080,105
2451,25,1940,82.599998
2451,24,1800,64.699997
2451,23,1630,47.5
2451,22,1530,38.200001
2451,21,1390,29.5
2451,20,1250,22.6
2451,19,1110,17.1
2451,18,971,12.8
2451,17,806,9.8699999
2451,16,739,6.9200001
2451,15,655,3.8199999
2451,14,625,2.96
2451,13,615,2.71
2451,12,595,2.27
2451,11,565,1.73
2451,10,545,1.34
2451,9,535,1.13
2451,8,525,0.98799998
2451,7,505,0.78299999
2451,6,485,0.61000001
2451,5,480,0.405
2451,4,435,0.29100001
2451,3,420,0.198
2451,2,380,0.098999999
2451,1,210,0.039000001
2452,22,2080,105
2452,21,1940,82.699997
2452,20,1800,64.599998
2452,19,1670,50
2452,18,1530,38.400002
2452,17,1360,25.200001
2452,16,1280,20.200001
2452,15,1200,16.1
2452,14,1120,12.8
2452,13,1030,10
2452,12,952,7.8299999
2452,11,871,6.2199998
2452,10,730,3.3699999
2452,9,630,1.63
2452,8,570,0.972
2452,7,505,0.55599999
2452,6,500,0.46799999
2452,5,475,0.30399999
2452,4,455,0.21600001
2452,3,440,0.178
2452,2,410,0.114
2452,1,205,0.0040000002
2453,32,2840,145
2453,31,2800,141
2453,30,2400,106
2453,29,2200,90.400002
2453,28,2000,75.5
2453,27,1920,69.400002
2453,26,1800,60.5
2453,25,1600,46.799999
2453,24,1400,34.5
2453,23,1200,23.9
2453,22,1110,17.6
2453,21,1040,13.1
2453,20,1010,11.2
2453,19,929,9.0699997
2453,18,834,6.9200001
2453,17,787,5.5700002
2453,16,741,4.25
2453,15,696,3.1900001
2453,14,650,2.3299999
2453,13,605,1.67
2453,12,559,1.14
2453,11,513,0.75599998
2453,10,490,0.60299999
2453,9,467,0.47499999
2453,8,445,0.37200001
2453,7,422,0.184
2453,6,399,0.079999998
2453,5,297,0.041000001
2453,4,263,0.018999999
2453,3,217,0.0049999999
2453,2,194,0.0020000001
2453,1,29,0
2470,1,795,0.583
2470,2,903,0.889
2470,3,943,1.03
2470,4,1028,1.39
2470,5,1114,1.8
2470,6,1226,2.3800001
2470,7,1447,3.8699999
2470,8,1499,4.5599999
2470,9,1532,4.5599999
2470,10,1538,4.5599999
2470,11,1603,5.1399999
2470,12,1774,6.6100001
2470,13,2059,9.1199999
2470,14,2464,12.6
2470,15,2734,14.9
2470,16,2883,16.4
2470,17,2990,18.1
2470,18,3245,24.299999
2470,19,3380,29.4
2470,20,3454,39.599998
2480,9,2000,85
2480,10,2400,112
2480,11,2700,135
2329,1,50,0.0049999999
2329,2,60,0.0099999998
2329,3,69,0.016000001
2329,4,79,0.025
2329,5,88,0.035
2329,6,98,0.048
2329,7,107,0.063000001
2329,8,125,0.097000003
2329,9,144,0.14300001
2329,10,163,0.199
2329,11,200,0.33899999
2329,12,248,0.60600001
2329,13,291,0.87300003
2329,14,344,1.29
2329,15,396,1.85
2329,16,476,2.98
2329,17,538,3.8399999
2329,18,599,4.8800001
2329,19,722,7.6399999
2329,20,844,10
2329,21,1087,13.9
2329,22,1242,16.299999
2329,23,1342,17.6
2329,24,2210,27.299999
2339,25,1872,30
2339,26,2150,39
2339,27,2707,61
2342,1,200,0.0080000004
2342,2,250,0.059
2342,3,300,0.163
2342,4,350,0.391
2342,5,400,0.68199998
2342,6,450,1.0700001
2342,7,500,1.61
2342,8,550,2.3
2342,9,620,3.5
2342,10,710,5.5500002
2342,11,820,8.8000002
2342,12,910,12
2342,13,1020,17
2342,14,1100,21
2342,15,1260,31
2342,16,1400,41.5
2342,17,1450,46
2342,18,1500,50.5
2342,19,1690,70
2342,20,1920,100
2342,21,2000,111
2342,22,2100,127
2342,23,2200,143
2342,24,2300,162
2342,25,2400,181
2342,26,2500,201
2496,20,3200,148
2496,19,3190,147
2496,18,3030,109
2496,17,2860,78.199997
2496,16,2750,64.199997
2496,15,2640,54.299999
2496,14,2430,37.299999
2496,13,2350,33.400002
2496,12,2190,29
2496,11,1930,22.5
2496,10,1620,17.6
2496,9,1200,13.9
2496,8,580,6.4000001
2496,7,515,4.77
2496,6,480,4.0300002
2496,5,437,3.04
2496,4,405,2.4000001
2496,3,368,1.83
2496,2,331,1.42
2496,1,310,1.1
3398,1,120,3.5999999
3398,2,180,4.96
3398,3,410,7.1399999
3398,4,447,7.7399998
3398,5,579,10.3
3398,6,711,13.6
3398,7,1002,19.700001
3398,8,1558,33.400002
3398,9,2114,50.700001
3398,10,2118,51
3398,11,2709,87.5
3398,12,2807,93.300003
3399,1,195,1.72
3399,2,290,2.72
3399,3,383,4.0900002
3399,4,462,5.4400001
3399,5,573,7.4699998
3399,6,649,8.8400002
3399,7,760,11.1
3399,8,851,12.9
3399,9,1040,16.299999
3399,10,1347,23.200001
3399,11,1569,29.200001
3399,12,1770,35.700001
3399,13,2251,52.900002
3399,14,2498,62.700001
3399,15,2915,81.900002
3399,16,3162,96.5
3400,1,195,1.72
3400,2,290,2.72
3400,3,384,4
3400,4,462,5.2600002
3400,5,575,7.3400002
3400,6,651,8.71
3400,7,722,9.8800001
3400,8,846,12.1
3400,9,1077,16.1
3400,10,1312,20.700001
3400,11,1627,27.799999
3400,12,1836,33.299999
3400,13,2343,50.599998
3400,14,2498,62.700001
3400,15,2915,81.900002
3400,16,3162,96.5
3401,1,102,0.53100002
3401,2,239,1.75
3401,3,335,3.1099999
3401,4,380,3.9400001
3401,5,415,4.5599999
3401,6,489,6.0500002
3401,7,580,7.8200002
3401,8,693,9.9799995
3401,9,814,12.3
3401,10,1087,17.6
3401,11,1500,25.4
3401,12,1800,35.900002
3401,13,2119,50.900002
3401,14,2429,66.300003
3401,15,2791,85.199997
3402,1,149,0.92500001
3402,2,153,0.97899997
3402,3,231,1.62
3402,4,314,2.79
3402,5,402,4.3000002
3402,6,473,5.7199998
3402,7,560,7.4699998
3402,8,626,8.7399998
3402,9,711,10.3
3402,10,792,11.8
3402,11,953,15
3402,12,1051,16.799999
3402,13,1180,19.5
3402,14,1265,21
3402,15,1499,25.5
3402,16,1668,31.200001
3402,17,1966,41.900002
3402,18,2199,52.5
3402,19,2497,62.700001
3402,20,2915,81.900002
3402,21,3040,89
3402,22,3163,96.5
3403,1,147,0.0040000002
3403,2,157,0.011
3403,3,167,0.022
3403,4,177,0.035999998
3403,5,187,0.054000001
3403,6,197,0.075000003
3403,7,207,0.098999999
3403,8,217,0.127
3403,9,227,0.15899999
3403,10,237,0.19400001
3403,11,247,0.23199999
3403,12,257,0.27399999
3403,13,277,0.36700001
3403,14,297,0.47499999
3403,15,317,0.59600002
3403,16,337,0.73000002
3403,17,367,0.95700002
3403,18,433,1.52
3403,19,553,2.5899999
3403,20,753,4.4699998
3403,21,1130,8.2399998
3403,22,1420,11.2
3403,23,1440,11.5
3403,24,1590,13
3403,25,1610,13.3
3403,26,1700,14.2
3408,1,-31,0
4862,1,210,0
4864,1,227,-0.015
4864,2,390,2.8299999
4864,3,540,5.5799999
4864,4,698,8.5699997
4864,5,917,12.9
4864,6,1116,16.799999
2518,1,117,0.493
2518,2,157,0.79900002
2518,3,197,1.12
2518,4,277,1.8200001
2518,5,366,2.6099999
2518,6,436,3.3099999
2518,7,541,4.48
2518,8,631,5.6100001
2518,9,755,7.4400001
2518,10,955,10.1
2518,11,975,10.4
2518,12,1030,11.1
2518,13,1090,12.1
2518,14,1250,15.3
2518,15,1290,16.200001
2518,16,1470,20.4
2518,17,1670,25.6
2518,18,1930,33.200001
2518,19,2210,42.299999
2518,20,2580,56
2518,21,2670,59.599998
2519,25,2122,39.299999
2519,26,2262,44
2519,27,2683,60.200001
2520,15,3150,280
2520,14,3100,260
2520,13,3000,227
2520,12,2900,195
2520,11,2800,173
2520,10,2700,155
2520,9,2600,141
2520,8,2500,131
2520,7,2100,100
2520,6,1900,87.300003
2520,5,1500,61.900002
2520,4,1400,55.599998
2520,3,1300,49.799999
2520,2,1200,44.799999
2520,1,1100,40.200001
2521,15,3150,280
2521,14,3100,260
2521,13,3000,227
2521,12,2900,195
2521,11,2800,173
2521,10,2700,155
2521,9,2600,141
2521,8,2500,131
2521,7,2100,100
2521,6,1900,85.199997
2521,5,1500,56.599998
2521,4,1400,49.5
2521,3,1300,43.799999
2521,2,1200,38.700001
2521,1,1100,34.299999
2522,15,3150,280
2522,14,3100,260
2522,13,3000,227
2522,12,2900,195
2522,11,2800,173
2522,10,2700,155
2522,9,2600,141
2522,8,2500,131
2522,7,2100,100
2522,6,1900,83.800003
2522,5,1500,51.599998
2522,4,1400,43.599998
2522,3,1300,37.599998
2522,2,1200,32.5
2522,1,1100,28.299999
2523,15,3150,280
2523,14,3100,260
2523,13,3000,227
2523,12,2900,195
2523,11,2800,173
2523,10,2700,155
2523,9,2600,141
2523,8,2500,131
2523,7,2100,100
2523,6,1900,85.199997
2523,5,1500,56.599998
2525,14,3100,235
2525,13,3000,195
2525,12,2900,175
2525,11,2800,160
2525,10,2700,147
2525,9,2600,141
2525,8,2500,131
2525,7,2100,100
2525,6,1900,85.199997
2525,5,1500,56.599998
2525,4,1400,49.5
2525,3,1300,43.799999
2525,2,1200,38.700001
2525,1,1100,34.299999
2526,15,3150,280
2526,14,3100,235
2526,13,3000,195
2526,12,2900,175
2526,11,2800,160
2526,10,2700,147
2526,9,2600,141
2526,8,2500,131
2526,7,2100,100
2526,6,1900,83.800003
2526,5,1500,51.599998
2526,4,1400,43.599998
2526,3,1300,37.599998
2526,2,1200,32.5
2526,1,1100,28.299999
2527,15,3150,280
2527,14,3100,235
2527,13,3000,195
2527,12,2900,175
2527,11,2800,160
2527,10,2700,147
2527,9,2600,141
2527,8,2500,131
2527,7,2100,100
2527,6,1900,85.199997
2527,5,1500,56.599998
2527,4,1400,49.5
2527,3,1300,43.799999
2527,2,1200,38.700001
2527,1,1100,34.299999
2528,16,3160,280
2528,15,3140,250
2528,14,3110,225
2528,13,3070,210
2528,12,3030,200
2528,11,2930,180
2528,10,2850,166
2528,9,2750,152
2528,8,2650,142
2528,7,2150,104
2528,6,1400,55.599998
2528,5,1300,49.5
2528,4,1200,44.599998
2528,3,1100,40.200001
2528,2,1000,36.200001
2528,1,900,32.299999
2529,17,3160,280
2529,16,3140,250
2529,15,3110,225
2529,14,3070,210
2529,13,3030,200
2529,12,2930,180
2529,11,2850,166
2529,10,2750,152
2529,9,2650,142
2529,8,2150,104
2529,7,1500,56.5
2529,6,1400,50
2529,5,1300,43.799999
2529,4,1200,38.799999
2529,3,1100,34.400002
2529,2,1000,30.6
2529,1,900,27.4
2530,17,3160,280
2530,16,3140,250
2530,15,3110,225
2530,14,3070,210
2530,13,3030,200
2530,12,2930,180
2530,11,2850,166
2530,10,2750,152
2530,9,2650,142
2530,8,2150,104
2530,7,1500,51
2530,6,1400,43.400002
2530,5,1300,37.5
2530,4,1200,32.299999
2530,3,1100,28.200001
2530,2,1000,24.799999
2530,1,900,22.6
2531,17,3160,280
2531,16,3140,250
2531,15,3110,225
2531,14,3070,210
2531,13,3030,200
2531,12,2930,180
2531,11,2850,166
2531,10,2750,152
2531,9,2650,142
2531,8,2150,104
2531,7,1500,56.5
2531,6,1400,50
2531,5,1300,43.799999
2531,4,1200,38.799999
2531,3,1100,34.400002
2531,2,1000,30.6
2531,1,900,27.4
2532,16,3160,280
2532,15,3140,250
2532,14,3110,225
2532,13,3070,210
2532,12,3030,200
2532,11,2930,180
2532,10,2850,166
2532,9,2750,152
2532,8,2650,142
2532,7,2150,104
2532,6,1400,55.599998
2532,5,1300,49.5
2532,4,1200,44.599998
2532,3,1100,40.200001
2532,2,1000,36.200001
2532,1,900,32.299999
2533,17,3160,280
2533,16,3140,250
2533,15,3110,225
2533,14,3070,210
2533,13,3030,200
2533,12,2930,180
2533,11,2850,166
2533,10,2750,152
2533,9,2650,142
2533,8,2150,104
2533,7,1500,51
2533,6,1400,43.400002
2533,5,1300,37.5
2533,4,1200,32.299999
2533,3,1100,28.200001
2533,2,1000,24.799999
2533,1,900,22.6
2534,17,3160,280
2534,16,3140,250
2534,15,3110,225
2534,14,3070,210
2534,13,3030,200
2534,12,2930,180
2534,11,2850,166
2534,10,2750,152
2534,9,2650,142
2534,8,2150,104
2534,7,1500,56.5
2534,6,1400,50
2534,5,1300,43.799999
2534,4,1200,38.799999
2534,3,1100,34.400002
2534,2,1000,30.6
2534,1,900,27.4
2535,16,3160,280
2535,15,3140,250
2535,14,3110,225
2535,13,3070,210
2535,12,3030,200
2535,11,2930,180
2535,10,2850,166
2535,9,2750,152
2535,8,2650,142
2535,7,2150,104
2535,6,1400,55.599998
2535,5,1300,49.5
2535,4,1200,44.599998
2535,3,1100,40.200001
2535,2,1000,36.200001
2535,1,900,32.299999
2536,17,3160,280
2536,16,3140,250
2536,15,3110,225
2536,14,3070,210
2536,13,3030,200
2536,12,2930,180
2536,11,2850,166
2536,10,2750,152
2536,9,2650,142
2536,8,2150,104
2536,7,1500,56.5
2536,6,1400,50
2536,5,1300,43.799999
2536,4,1200,38.799999
2536,3,1100,34.400002
2536,2,1000,30.6
2536,1,900,27.4
2537,17,3160,280
2537,16,3140,250
2537,15,3110,225
2537,14,3070,210
2537,13,3030,200
2537,12,2930,180
2537,11,2850,166
2537,10,2750,152
2537,9,2650,142
2537,8,2150,104
2537,7,1500,51
2537,6,1400,43.400002
2537,5,1300,37.5
2537,4,1200,32.299999
2537,3,1100,28.200001
2537,2,1000,24.799999
2537,1,900,22.6
2538,17,3160,280
2538,16,3140,250
2538,15,3110,225
2538,14,3070,210
2538,13,3030,200
2538,12,2930,180
2538,11,2850,166
2538,10,2750,152
2538,9,2650,142
2538,8,2150,104
2538,7,1500,56.5
2538,6,1400,50
2538,5,1300,43.799999
2538,4,1200,38.799999
2538,3,1100,34.400002
2538,2,1000,30.6
2538,1,900,27.4
2539,16,3160,280
2539,15,3140,250
2539,14,3110,225
2539,13,3070,210
2539,12,3030,200
2539,11,2930,180
2539,10,2850,166
2539,9,2750,152
2539,8,2650,142
2539,7,2150,104
2539,6,1400,55.599998
2539,5,1300,49.5
2539,4,1200,44.599998
2539,3,1100,40.200001
2539,2,1000,36.200001
2539,1,900,32.299999
2540,17,3160,280
2540,16,3140,250
2540,15,3110,225
2540,14,3070,210
2540,13,3030,200
2540,12,2930,180
2540,11,2850,166
2540,10,2750,152
2540,9,2650,142
2540,8,2150,104
2540,7,1500,56.5
2540,6,1400,50
2540,5,1300,43.799999
2540,4,1200,38.799999
2540,3,1100,34.400002
2540,2,1000,30.6
2540,1,900,27.4
2541,17,3160,280
2541,16,3140,250
2541,15,3110,225
2541,14,3070,210
2541,13,3030,200
2541,12,2930,180
2541,11,2850,166
2541,10,2750,152
2541,9,2650,142
2541,8,2150,104
2541,7,1500,51
2541,6,1400,43.400002
2541,5,1300,37.5
2541,4,1200,32.299999
2541,3,1100,28.200001
2541,2,1000,24.799999
2541,1,900,22.6
2542,17,3160,280
2542,16,3140,250
2542,15,3110,225
2542,14,3070,210
2542,13,3030,200
2542,12,2930,180
2542,11,2850,166
2542,10,2750,152
2542,9,2650,142
2542,8,2150,104
2542,7,1500,56.5
2542,6,1400,50
2542,5,1300,43.799999
2542,4,1200,38.799999
2542,3,1100,34.400002
2542,2,1000,30.6
2542,1,900,27.4
2543,16,3160,280
2543,15,3140,250
2543,14,3110,225
2543,13,3070,210
2543,12,3030,200
2543,11,2930,180
2543,10,2850,166
2543,9,2750,152
2543,8,2650,142
2543,7,2150,104
2543,6,1400,55.599998
2543,5,1300,49.5
2543,4,1200,44.599998
2543,3,1100,40.200001
2543,2,1000,36.200001
2543,1,900,32.299999
2544,17,3160,280
2544,16,3140,250
2544,15,3110,225
2544,14,3070,210
2544,13,3030,200
2544,12,2930,180
2544,11,2850,166
2544,10,2750,152
2544,9,2650,142
2544,8,2150,104
2544,7,1500,56.5
2544,6,1400,50
2544,5,1300,43.799999
2544,4,1200,38.799999
2544,3,1100,34.400002
2544,2,1000,30.6
2544,1,900,27.4
2545,17,3160,280
2545,16,3140,250
2545,15,3110,225
2545,14,3070,210
2545,13,3030,200
2545,12,2930,180
2545,11,2850,166
2545,10,2750,152
2545,9,2650,142
2545,8,2150,104
2545,7,1500,51
2545,6,1400,43.400002
2545,5,1300,37.5
2545,4,1200,32.299999
2545,3,1100,28.200001
2545,2,1000,24.799999
2545,1,900,22.6
2546,17,3160,280
2546,16,3140,250
2546,15,3110,225
2546,14,3070,210
2546,13,3030,200
2546,12,2930,180
2546,11,2850,166
2546,10,2750,152
2546,9,2650,142
2546,8,2150,104
2546,7,1500,56.5
2546,6,1400,50
2546,5,1300,43.799999
2546,4,1200,38.799999
2546,3,1100,34.400002
2546,2,1000,30.6
2546,1,900,27.4
2547,16,3160,280
2547,15,3140,250
2547,14,3110,225
2547,13,3070,210
2547,12,3030,200
2547,11,2930,180
2547,10,2850,166
2547,9,2750,152
2547,8,2650,142
2547,7,2150,104
2547,6,1400,55.599998
2547,5,1300,49.5
2547,4,1200,44.599998
2547,3,1100,40.200001
2547,2,1000,36.200001
2547,1,900,32.299999
2548,17,3160,280
2548,16,3140,250
2548,15,3110,225
2406,13,2500,52
2406,12,2000,36
2406,11,1500,21
2406,10,1300,16
2406,9,1100,12.4
2406,8,900,9.3000002
2406,7,700,6.5999999
2406,6,500,4.3000002
2406,5,400,3.3
2406,4,300,2.45
2406,3,200,1.65
2406,2,100,0.94999999
2406,1,0,0.34999999
2407,10,2200,42.5
2407,9,1700,26.5
2407,8,1500,20.700001
2407,7,1300,15.5
2407,6,1100,11.7
2407,5,850,8.1999998
2407,4,550,4.5999999
2407,3,250,1.6
2407,2,150,0.89999998
2407,1,50,0.40000001
2410,13,2000,35
2410,12,1600,22
2410,11,1400,16.700001
2410,10,1200,12.7
2410,9,1000,9.4499998
2410,8,700,5.5500002
2410,7,600,4.4499998
2410,6,500,3.5
2410,5,400,2.6500001
2410,4,300,1.9
2410,3,200,1.25
2410,2,100,0.63999999
2410,1,0,0.23
2411,13,2090,35.5
2411,12,2050,34.200001
2411,11,1670,24.5
2411,10,1290,16
2411,9,910,9.3000002
2411,8,720,6.5500002
2411,7,530,4.25
2411,6,480,3.7
2411,5,380,2.5999999
2411,4,255,1.65
2411,3,130,0.82999998
2411,2,70,0.50999999
2411,1,5,0.245
2412,19,2680,60.200001
2412,18,2260,44
2412,17,1840,30.4
2412,16,1420,19.4
2412,15,1210,14.8
2412,14,1000,10.9
2412,13,917,9.6599998
2412,12,750,7.3699999
2412,11,500,4.3499999
2412,10,375,2.99
2412,9,250,1.78
2412,8,187,1.1799999
2412,7,141,0.81099999
2412,6,94,0.477
2412,5,47,0.19599999
2412,4,24,0.085000001
2412,3,12,0.039000001
2412,2,6,0.02
2412,1,1,0.0070000002
2414,27,2680,60.200001
2414,26,2260,44
2414,25,2120,39.299999
2414,24,1840,29.200001
2414,23,1560,21.4
2414,22,1290,15.5
2414,21,1150,13
2414,20,1010,11
2414,19,1000,10.9
2414,18,917,9.6599998
2414,17,750,7.3699999
2414,16,500,4.3499999
2414,15,350,2.6800001
2414,14,269,1.8099999
2414,13,233,1.49
2414,12,190,1.22
2414,11,178,1.0599999
2414,10,170,0.95700002
2523,4,1400,49.5
2523,3,1300,43.799999
2523,2,1200,38.700001
2523,1,1100,34.299999
2524,15,3150,280
2524,14,3100,235
2524,13,3000,195
2524,12,2900,175
2524,11,2800,160
2524,10,2700,147
2524,9,2600,141
2524,8,2500,131
2524,7,2100,100
2524,6,1900,87.300003
2524,5,1500,61.900002
2524,4,1400,55.599998
2524,3,1300,49.799999
2524,2,1200,44.799999
2725,1,150,0.60000002
2725,2,200,0.80000001
2725,3,300,1.3
2725,4,500,2.7
2725,5,700,4.6999998
2725,6,900,7.0999999
2725,7,1100,10.1
2726,1,100,0.55000001
2726,2,300,1.65
2726,3,500,3.25
2726,4,700,5.5500002
2726,5,1000,9.4499998
2726,6,1200,12.7
2726,7,1400,16.700001
2485,8,323,0.86299998
2485,9,501,1.4299999
2485,10,1564,5.9400001
2485,11,2328,9.6499996
2485,12,3709,18.4
2489,18,3660,20.5
2489,17,3280,16.6
2489,16,2830,12.5
2489,15,2540,10
2489,14,1870,6.2399998
2489,13,1560,4.6500001
2489,12,1250,3.28
2489,11,941,2.1199999
2489,10,629,1.23
2489,9,485,1.05
2489,8,410,0.77999997
2489,7,220,0.51999998
2489,6,200,0.47600001
2489,5,170,0.41800001
2489,4,111,0.361
2489,3,81,0.31999999
2489,2,75,0.27599999
2489,1,-30,0.161
2524,1,1100,40.200001
2525,15,3150,280
2548,14,3070,210
2548,13,3030,200
2548,12,2930,180
2548,11,2850,166
2548,10,2750,152
2548,9,2650,142
2548,8,2150,104
2548,7,1500,56.5
2548,6,1400,50
2548,5,1300,43.799999
2548,4,1200,38.799999
2548,3,1100,34.400002
2548,2,1000,30.6
2548,1,900,27.4
2549,17,3160,280
2549,16,3140,250
2549,15,3110,225
2549,14,3070,210
2549,13,3030,200
2549,12,2930,180
2549,11,2850,166
2549,10,2750,152
2549,9,2650,142
2549,8,2150,104
2549,7,1500,51
2549,6,1400,43.400002
2549,5,1300,37.5
2549,4,1200,32.299999
2549,3,1100,28.200001
2549,2,1000,24.799999
2549,1,900,22.6
2550,17,3160,280
2550,16,3140,250
2550,15,3110,225
2550,14,3070,210
2550,13,3030,200
2550,12,2930,180
2550,11,2850,166
2550,10,2750,152
2550,9,2650,142
2550,8,2150,104
2550,7,1500,56.5
2550,6,1400,50
2550,5,1300,43.799999
2550,4,1200,38.799999
2550,3,1100,34.400002
2550,2,1000,30.6
2550,1,900,27.4
2551,16,3160,280
2551,15,3140,250
2551,14,3110,225
2551,13,3070,210
2551,12,3030,200
2551,11,2930,180
2551,10,2850,166
2551,9,2750,152
2551,8,2650,142
2551,7,2150,104
2551,6,1400,55.599998
2551,5,1300,49.5
2551,4,1200,44.599998
2551,3,1100,40.200001
2551,2,1000,36.200001
2551,1,900,32.299999
2552,17,3160,280
2552,16,3140,250
2552,15,3110,225
2552,14,3070,210
2552,13,3030,200
2552,12,2930,180
2552,11,2850,166
2552,10,2750,152
2552,9,2650,142
2552,8,2150,104
2552,7,1500,56.5
2552,6,1400,50
2552,5,1300,43.799999
2552,4,1200,38.799999
2552,3,1100,34.400002
2552,2,1000,30.6
2552,1,900,27.4
2553,17,3160,280
2553,16,3140,250
2553,15,3110,225
2553,14,3070,210
2553,13,3030,200
2553,12,2930,180
2553,11,2850,166
2553,10,2750,152
2553,9,2650,142
2553,8,2150,104
2553,7,1500,51
2553,6,1400,43.400002
2553,5,1300,37.5
2553,4,1200,32.299999
2553,3,1100,28.200001
2553,2,1000,24.799999
2553,1,900,22.6
2554,17,3160,280
2554,16,3140,250
2554,15,3110,225
2554,14,3070,210
2554,13,3030,200
2554,12,2930,180
2554,11,2850,166
2554,10,2750,152
2554,9,2650,142
2554,8,2150,104
2554,7,1500,56.5
2554,6,1400,50
2554,5,1300,43.799999
2554,4,1200,38.799999
2554,3,1100,34.400002
2554,2,1000,30.6
2554,1,900,27.4
2555,16,3160,280
2555,15,3140,250
2555,14,3110,225
2555,13,3070,210
2555,12,3030,200
2555,11,2930,180
2555,10,2850,166
2555,9,2750,152
2555,8,2650,142
2555,7,2150,104
2555,6,1400,55.599998
2555,5,1300,49.5
2555,4,1200,44.599998
2555,3,1100,40.200001
2555,2,1000,36.200001
2555,1,900,32.299999
2556,9,3200,208
2556,8,2630,150
2556,7,2140,109
2556,6,2000,98
2556,5,1790,71.199997
2556,4,1600,56.599998
2556,3,1370,45.599998
2556,2,1110,36.5
2556,1,848,29.1
2557,10,2900,177
2557,9,2700,157
2557,8,2500,139
2557,7,2400,131
2557,6,2250,119
2557,5,2000,98.5
2557,4,1620,73
2557,3,1550,70.5
2557,2,1500,67.5
2557,1,1160,28.700001
2558,15,2900,177
2558,14,2700,157
2558,13,2500,139
2558,12,2400,130
2558,11,2250,117
2558,10,2100,104
2558,9,2000,96
2558,8,1900,88
2558,7,1800,80.599998
2558,6,1700,74
2558,5,1600,68.5
2558,4,1500,63
2558,3,1400,58
2558,2,1300,53.5
2558,1,1200,49
2696,1,0,0.0099999998
2696,2,100,0.052999999
2696,3,170,0.085000001
2696,4,187,0.104
2696,5,204,0.12899999
2696,6,217,0.17200001
2696,7,235,0.259
2696,8,268,0.426
2696,9,300,0.60399997
2696,10,331,0.85399997
2696,11,433,1.66
2696,12,600,3.1500001
2696,13,800,5
2696,14,1000,7
2696,15,1700,14.2
2343,1,400,0
2343,2,460,0.055
2343,3,480,0.085000001
2343,4,510,0.14
2343,5,540,0.25999999
2343,6,570,0.45500001
2343,7,600,0.64999998
2343,8,650,1.15
2343,9,700,2
2343,10,800,4.5
2343,11,1000,11
2343,12,1200,19
2343,13,1400,29
2343,14,1800,51
2343,15,2100,72
2343,16,2400,97
2343,17,2850,140
2344,1,250,0
2344,2,300,0.025
2344,3,350,0.1
2344,4,500,1.6
2344,5,600,3
2344,6,700,5.1999998
2344,7,800,7.8000002
2344,8,1000,13.4
2344,9,1200,20.6
2344,10,1400,30
2344,11,1600,42.599998
2344,12,1800,56
2344,13,2200,86
2344,14,2400,103
2344,15,2800,140
2345,1,200,0
2345,2,250,0.1
2345,3,300,0.27500001
2345,4,350,0.625
2345,5,400,1.2
2345,6,500,2.5999999
2345,7,600,4.8000002
2345,8,800,10
2345,9,1000,16
2345,10,1200,23
2345,11,1400,32
2345,12,1800,58
2345,13,2200,88
2345,14,2400,105
2346,1,200,0.0049999999
2346,2,300,0.125
2346,3,350,0.34999999
2346,4,400,0.75
2346,5,450,1.25
2346,6,500,2
2346,7,600,3.8
2346,8,700,6
2346,9,800,8.6000004
2346,10,1000,14.6
2346,11,1200,21.4
2346,12,1400,30
2346,13,1600,42.599998
2346,14,1800,56
2346,15,2200,86
2347,18,2200,92
2347,17,1800,60
2347,16,1600,46
2347,15,1400,36
2347,14,1200,28
2347,13,1000,21
2347,12,800,15
2347,11,600,9.3999996
2347,10,400,4.1999998
2347,9,350,3.4000001
2347,8,300,2.7
2347,7,250,2.0999999
2347,6,200,1.5
2347,5,150,1.04
2347,4,100,0.64999998
2347,3,50,0.37
2347,2,0,0.18000001
2347,1,-10,0.16
2348,15,2300,99
2348,14,2200,90
2348,13,2000,73
2348,12,1800,57.5
2348,11,1600,42.5
2348,10,1400,30.5
2348,9,1200,21.5
2348,8,1000,15.3
2348,7,700,7.1999998
2348,6,500,3
2348,5,400,1.3
2348,4,350,0.69999999
2348,3,300,0.30000001
2348,2,250,0.050000001
2348,1,230,0
2349,13,2200,88
2349,12,1800,54
2349,11,1600,38.400002
2349,10,1400,27.6
2349,9,1200,19
2349,8,1000,12.8
2349,7,800,7.5999999
2349,6,700,5.1999998
2349,5,600,3.0999999
2349,4,500,1.66
2349,3,400,0.63999999
2349,2,350,0.28
2349,1,300,0.13
2350,13,2200,88
2350,12,1800,55
2350,11,1600,41.400002
2350,10,1400,28.799999
2350,9,1200,19.200001
2350,8,1000,12.2
2350,7,800,6.5999999
2350,6,600,2.5999999
2350,5,500,1.4
2350,4,400,0.5
2350,3,350,0.2
2350,2,300,0.050000001
2350,1,260,0
2351,13,2000,74
2351,12,1800,58.400002
2351,11,1600,43.599998
2351,10,1400,32.599998
2351,9,1200,23.6
2351,8,800,11.2
2351,7,600,6.1999998
2351,6,400,2.2
2351,5,300,0.94999999
2351,4,250,0.55000001
2351,3,200,0.30000001
2351,2,150,0.125
2351,1,100,0
2352,12,1850,61
2352,11,1700,50.5
2352,10,1400,32.5
2352,9,1200,22.9
2352,8,1000,15.5
2352,7,800,9.1000004
2352,6,600,3.9000001
2352,5,500,2.45
2352,4,400,1.35
2352,3,300,0.55000001
2352,2,200,0.15000001
2352,1,150,0.050000001
2353,12,2100,79.800003
2353,11,2000,71.5
2353,10,1800,55
2353,9,1600,41.400002
2353,8,1400,28.799999
2353,7,1200,19.200001
2353,6,1000,12.2
2353,5,800,6.5999999
2353,4,600,2.5999999
2353,3,500,1.25
2353,2,400,0.25
2353,1,350,0
2354,13,2000,66
2354,12,1800,50
2354,11,1600,36
2354,10,1400,25
2354,9,1200,15.6
2354,8,1000,8.6000004
2354,7,800,4.5999999
2354,6,700,2.76
2354,5,600,1.3099999
2354,4,550,0.75999999
2354,3,500,0.33000001
2354,2,400,0.13
2354,1,350,0.055
2355,11,2000,64
2355,10,1800,47.799999
2355,9,1600,34.400002
2355,8,1400,22.4
2355,7,1200,13
2355,6,1000,6.5999999
2355,5,800,3.2
2355,4,700,1.95
2355,3,600,0.94999999
2355,2,500,0.30000001
2355,1,450,0.15000001
2356,15,2500,120
2356,14,2200,90
2356,13,2000,72
2356,12,1800,56
2356,11,1600,42
2356,10,1400,30
2356,9,1200,20.6
2356,8,1000,13.6
2356,7,800,7.8000002
2356,6,700,5.5
2356,5,500,1.7
2356,4,450,0.89999998
2356,3,400,0.40000001
2356,2,350,0.23999999
2356,1,300,0.14
2357,11,1800,56
2357,10,1600,42
2357,9,1400,29
2357,8,1200,19
2357,7,1000,11.4
2357,6,800,6.1999998
2357,5,600,2.3
2357,4,500,0.80000001
2357,3,450,0.40000001
2357,2,400,0.2
2357,1,350,0.050000001
2358,16,2200,90
2358,15,2000,72
2358,14,1800,56
2358,13,1600,42
2358,12,1400,30
2358,11,1200,20.6
2358,10,1000,13.2
2358,9,800,7.4000001
2358,8,700,4.9000001
2358,7,600,2.8
2358,6,500,1.3
2358,5,450,0.69999999
2358,4,400,0.30000001
2358,3,350,0.15000001
2358,2,300,0.050000001
2358,1,250,0
2359,13,2200,82
2359,12,2000,66
2359,11,1800,50
2359,10,1600,36
2359,9,1400,24
2359,8,1200,14.2
2359,7,1000,7.5999999
2359,6,800,3.5999999
2359,5,700,2
2359,4,600,0.70999998
2359,3,550,0.36000001
2359,2,500,0.16
2359,1,450,0.059999999
2360,13,1088,13.9
2360,14,1242,16.299999
2360,15,1342,17.6
2360,16,2210,27.299999
2361,24,1242,16.299999
2361,25,1342,17.6
2361,26,2210,27.299999
2363,19,1000,12.1
2363,20,1100,13.3
2363,21,1300,16.1
3442,6,220,0.28999999
3442,7,260,0.43000001
3442,8,300,0.69999999
3442,9,350,1.1799999
3442,10,400,1.9
2365,19,900,9
2365,20,950,10.1
2365,21,1000,11
2365,22,1100,12.1
2365,23,1200,13.3
2365,24,1300,14.7
2365,25,1400,16.1
2368,1,275,0.035
2368,2,300,0.090000004
2368,3,330,0.18000001
2368,4,360,0.30000001
2368,5,380,0.40000001
2368,6,400,0.51999998
2368,7,430,0.73000002
2368,8,450,0.88999999
2368,9,470,1.08
2368,10,500,1.4299999
2368,11,530,1.84
2368,12,580,2.6400001
2368,13,620,3.3199999
2368,14,650,3.8599999
2368,15,700,4.8400002
2368,16,750,5.8499999
2368,17,800,6.8499999
2368,18,850,7.9000001
2368,19,900,9
2368,20,950,10.1
2368,21,1000,11
2368,22,1100,12.1
2368,23,1200,13.3
2368,24,1300,14.7
2368,25,1400,16.1
2375,30,1700,21.6
2375,31,1800,23.799999
2375,32,1900,26.200001
2375,33,2000,28.6
3365,1,0,1.66
3365,2,60,2.02
3365,3,120,2.5999999
3365,4,300,4.4000001
3365,5,400,5.5
3365,6,600,8
3365,7,800,11.2
3365,8,1000,14.8
3365,9,1400,22.799999
3365,10,1800,32.400002
3365,11,2200,43.599998
3365,12,2400,50
3365,13,2900,70
3366,1,0,1.7
3366,2,100,2.5
3366,3,200,3.5
3366,4,300,4.5999999
3366,5,400,5.8000002
3366,6,600,8.8000002
3366,7,1000,16
3366,8,1400,23.200001
3366,9,1800,32.400002
3366,10,2200,43.599998
3366,11,2400,50
3366,12,2900,70
3366,13,3100,81
3366,14,3300,96
3366,15,3500,116
3367,1,0,1.3
3367,2,50,1.65
3367,3,100,2.0999999
3367,4,200,3.0999999
3367,5,300,4.1999998
3367,6,400,5.4000001
3367,7,600,8
3367,8,800,11.2
3367,9,1000,14.8
3367,10,1400,22.799999
3367,11,1800,32.400002
3367,12,2200,43.599998
3367,13,2400,50
3367,14,2900,70
3367,15,3100,81
3368,1,0,1.5
3368,2,100,2.3
3368,3,200,3.3
3368,4,400,5.5
3368,5,600,8
3368,6,800,11.2
3368,7,1000,14.8
3442,11,475,3.02
3442,12,600,4.8699999
3442,13,700,6.4000001
3442,14,850,8.6999998
3442,15,1000,11
3442,16,1200,14.2
3442,17,1500,19.299999
3442,18,1800,25.200001
3442,19,2100,32.5
2595,1,400,0
2595,2,460,0.055
2595,3,480,0.085000001
2595,4,510,0.14
2595,5,540,0.25999999
2595,6,570,0.44
2595,7,600,0.63
2595,8,638,1.09
2595,9,655,1.34
2595,10,700,2.1300001
2595,11,750,3.2
2595,12,800,4.6999998
2595,13,1000,12
2595,14,1200,20.5
2595,15,1400,30.299999
2595,16,1700,47.5
2595,17,2000,69
2595,18,2300,96.5
2595,19,2600,126
2595,20,2900,160
2414,9,165,0.90799999
2414,8,124,0.56099999
2414,7,83,0.28999999
2414,6,63,0.18700001
2414,5,42,0.101
2414,4,32,0.068000004
2414,3,22,0.041000001
2414,2,12,0.021
2414,1,1,0.0049999999
2415,19,2680,60.400002
2415,18,1960,33.5
2415,17,1590,22
2415,16,1230,14
2415,15,918,9.1400003
2415,14,611,5.7399998
2415,13,408,3.01
2415,12,288,1.96
2415,11,224,1.45
2415,10,160,0.88
2415,9,100,0.35100001
2415,8,80,0.23199999
2415,7,61,0.149
2415,6,51,0.115
2415,5,41,0.086000003
2415,4,31,0.061999999
2415,3,21,0.043000001
2415,2,11,0.028999999
2415,1,1,0.017999999
2416,27,2710,61
2416,26,2150,39
2416,25,1870,30
2416,24,1590,22.200001
2416,23,1320,15.8
2416,22,1040,10.5
2416,21,758,6.3899999
2416,20,619,4.75
2416,19,479,3.3599999
2416,18,415,2.8699999
2416,17,364,2.1700001
2416,16,312,1.5700001
2416,15,260,1.0700001
2416,14,208,0.66900003
2416,13,157,0.37
2416,12,131,0.252
2416,11,105,0.15800001
2416,10,92,0.119
2416,9,79,0.086999997
2416,8,66,0.059
2416,7,53,0.037
2416,6,40,0.02
2416,5,34,0.014
2416,4,27,0.0089999996
2416,3,21,0.0049999999
2416,2,14,0.0020000001
2416,1,1,0
2417,18,2200,92
2417,17,1800,60
2417,16,1600,46
2417,15,1400,36
2417,14,1200,28
2417,13,1000,21
2417,12,800,15
2417,11,600,9.3999996
2417,10,400,4.1999998
2417,9,350,3.4000001
2417,8,300,2.7
2417,7,250,2.0999999
2417,6,200,1.5
2417,5,150,1.04
2417,4,100,0.64999998
2417,3,50,0.37
2417,2,0,0.18000001
2417,1,-10,0.16
2418,15,2300,99
2418,14,2200,90
2418,13,2000,73
2418,12,1800,57.5
2418,11,1600,42.5
2418,10,1400,30.5
2418,9,1200,21.5
2418,8,1000,15.3
2418,7,700,7.1999998
2418,6,500,3
2418,5,400,1.3
2418,4,350,0.69999999
2418,3,300,0.30000001
2418,2,250,0.050000001
2418,1,230,0
2419,13,2200,88
2419,12,1800,54
2419,11,1600,38.400002
2419,10,1400,27.6
2419,9,1200,19
2419,8,1000,12.8
2419,7,800,7.5999999
2419,6,700,5.1999998
2419,5,600,3.0999999
2419,4,500,1.66
2419,3,400,0.63999999
2419,2,350,0.28
2419,1,300,0.13
2420,13,2200,88
2420,12,1800,55
2420,11,1600,41.400002
2420,10,1400,28.799999
2420,9,1200,19.200001
2420,8,1000,12.2
2420,7,800,6.5999999
2420,6,600,2.5999999
2420,5,500,1.4
2420,4,400,0.5
2420,3,350,0.2
2420,2,300,0.050000001
2420,1,260,0
2421,13,2000,74
2421,12,1800,58.400002
2421,11,1600,43.599998
2421,10,1400,32.599998
2421,9,1200,23.6
2421,8,800,11.2
2421,7,600,6.1999998
2421,6,400,2.2
2421,5,300,0.94999999
2421,4,250,0.55000001
2421,3,200,0.30000001
2584,1,350,0.25
2584,2,459,0.727
2584,3,492,1
2584,4,528,1.45
2584,5,562,1.87
2584,6,631,3.0999999
2584,7,700,4.5
2584,8,770,6.5500002
2584,9,850,9
2584,10,950,12.2
2584,11,1050,16
2584,12,1150,20
2584,13,1300,28
2584,14,1500,40
2584,15,1700,54
2584,16,2000,76
2584,17,2300,98
2584,18,2600,123
2421,2,150,0.125
2421,1,100,0
2422,12,1850,61
2422,11,1700,50.5
2422,10,1400,32.5
2422,9,1200,22.9
2422,8,1000,15.5
2422,7,800,9.1000004
2422,6,600,3.9000001
2422,5,500,2.45
2422,4,400,1.35
2422,3,300,0.55000001
2422,2,200,0.15000001
2422,1,150,0.050000001
2423,12,2100,79.800003
2423,11,2000,71.5
2423,10,1800,55
2423,9,1600,41.400002
2423,8,1400,28.799999
2423,7,1200,19.200001
2423,6,1000,12.2
2423,5,800,6.5999999
2423,4,600,2.5999999
2423,3,500,1.25
2423,2,400,0.25
2423,1,350,0
2424,13,2000,66
2424,12,1800,50
2424,11,1600,36
2424,10,1400,25
2424,9,1200,15.6
2424,8,1000,8.6000004
2424,7,800,4.5999999
2424,6,700,2.76
2424,5,600,1.3099999
2424,4,550,0.75999999
2424,3,500,0.33000001
2424,2,400,0.13
2424,1,350,0.055
2425,11,2000,64
2425,10,1800,47.799999
2425,9,1600,34.400002
2425,8,1400,22.4
2425,7,1200,13
2425,6,1000,6.5999999
2425,5,800,3.2
2425,4,700,1.95
2425,3,600,0.94999999
2425,2,500,0.30000001
2425,1,450,0.15000001
2426,15,2500,120
2426,14,2200,90
2426,13,2000,72
2426,12,1800,56
2426,11,1600,42
2426,10,1400,30
2426,9,1200,20.6
2426,8,1000,13.6
2426,7,800,7.8000002
2426,6,700,5.5
2426,5,500,1.7
2426,4,450,0.89999998
2426,3,400,0.40000001
2426,2,350,0.23999999
2426,1,300,0.14
2427,11,1800,56
2427,10,1600,42
2427,9,1400,29
2427,8,1200,19
2427,7,1000,11.4
2427,6,800,6.1999998
2427,5,600,2.3
2427,4,500,0.80000001
2427,3,450,0.40000001
2427,2,400,0.2
2427,1,350,0.050000001
2428,16,2200,90
2428,15,2000,72
2428,14,1800,56
2428,13,1600,42
2428,12,1400,30
2428,11,1200,20.6
2428,10,1000,13.2
2428,9,800,7.4000001
2428,8,700,4.9000001
2428,7,600,2.8
2428,6,500,1.3
2428,5,450,0.69999999
2428,4,400,0.30000001
2428,3,350,0.15000001
2428,2,300,0.050000001
2428,1,250,0
2429,13,2200,82
2429,12,2000,66
2429,11,1800,50
2429,10,1600,36
2429,9,1400,24
2429,8,1200,14.2
2429,7,1000,7.5999999
2429,6,800,3.5999999
2429,5,700,2
2429,4,600,0.70999998
2429,3,550,0.36000001
2429,2,500,0.16
2429,1,450,0.059999999
2430,16,3000,160
2430,15,2600,120
2430,14,2200,85
2430,13,1800,55
2430,12,1600,41.400002
2430,11,1400,28.799999
2430,10,1200,19.200001
2430,9,1000,12.2
2430,8,800,6.5999999
2430,7,700,4.1999998
2430,6,600,2.2
2430,5,550,1.4
2430,4,500,0.89999998
2430,3,450,0.5
2430,2,400,0.15000001
2430,1,350,0.050000001
2431,15,2800,140
2431,14,2400,103
2431,13,2200,86
2431,12,1800,56
2431,11,1600,42.599998
2431,10,1400,30
2431,9,1200,20.6
2431,8,1000,13.4
2431,7,800,7.8000002
2431,6,700,5.1999998
2431,5,600,3
2431,4,500,1.6
2431,3,350,0.1
2431,2,300,0.025
2431,1,250,0
2432,14,2400,105
2432,13,2200,88
2432,12,1800,58
2432,11,1400,32
2432,10,1200,23
2432,9,1000,16
2432,8,800,10
2432,7,600,4.8000002
2432,6,500,2.5999999
2432,5,400,1.2
2432,4,350,0.625
2432,3,300,0.27500001
2432,2,250,0.1
2432,1,200,0
2433,15,2200,86
2433,14,1800,56
2433,13,1600,42.599998
2433,12,1400,30
2433,11,1200,21.4
2433,10,1000,14.6
2433,9,800,8.6000004
2433,8,700,6
2433,7,600,3.8
2433,6,500,2
2433,5,450,1.25
2433,4,400,0.75
2433,3,350,0.34999999
2433,2,300,0.125
2433,1,200,0.0049999999
2434,13,2000,71
2434,12,1800,55
2434,11,1600,40
2434,10,1400,28
2434,9,1200,18.6
2434,8,1000,11.8
2434,7,850,7.9000001
2434,6,750,5.4000001
2434,5,650,3.5999999
2434,4,550,2
2434,3,450,0.94999999
2434,2,350,0.25
2434,1,300,0.1
2435,13,2000,71
2435,12,1800,55
2435,11,1600,39.299999
2435,10,1400,26.9
2435,9,1200,17.1
2435,8,1000,10.5
2435,7,800,5.5
2435,6,700,3.5
2435,5,600,1.9
2435,4,500,0.89999998
2435,3,400,0.30000001
2435,2,350,0.1
2435,1,300,0
2436,14,2200,88.5
2436,13,2000,70.5
2436,12,1600,38.5
2436,11,1400,26.5
2436,10,1200,17.5
2436,9,1000,10.9
2436,8,800,6.0999999
2436,7,600,2.5
2436,6,500,1.1
2436,5,450,0.60000002
2436,4,400,0.26499999
2436,3,360,0.105
2436,2,330,0.045000002
2436,1,300,0
2437,12,2200,87
2437,11,2000,69
2437,10,1600,37
2437,9,1400,25
2437,8,1200,16.200001
2437,7,1000,9.3999996
2437,6,800,4.5999999
2437,5,600,1.6
2437,4,550,0.89999998
2437,3,500,0.5
2437,2,450,0.25
2437,1,400,0.1
2438,11,1700,41
2438,10,1600,34
2438,9,1400,23
2438,8,1200,15
2438,7,1000,8.5
2438,6,800,3.7
2438,5,700,2.2
2438,4,600,1.02
2438,3,550,0.51999998
2438,2,500,0.22
2438,1,450,0.02
2439,14,2800,127
2439,13,2600,107
2439,12,2300,78.5
2439,11,2000,53
2439,10,1700,33.5
2439,9,1400,18.5
2439,8,1200,11.5
2439,7,1000,6.5
2439,6,900,4.5
2439,5,800,2.8
2439,4,650,1
2439,3,550,0.25
2439,2,500,0.1
2439,1,450,0
2440,12,2300,78.5
2440,11,2000,53
2440,10,1700,33.5
2440,9,1400,18.5
2440,8,1200,11.5
2440,7,1000,6.0999999
2440,6,900,3.5999999
2440,5,800,2
2440,4,700,1
2440,3,600,0.40000001
2440,2,500,0.1
2440,1,450,0
2635,1,0,0.0099999998
2635,2,100,0.050000001
2635,3,150,0.075000003
2635,4,190,0.1
2635,5,210,0.147
2635,6,221,0.19599999
2635,7,230,0.243
2635,8,250,0.338
2635,9,270,0.447
2665,1,311,5.98
2665,2,405,8.1899996
2665,3,501,10.9
2665,4,574,13.3
2665,5,624,15.4
2665,6,660,17.799999
2665,7,698,20.200001
2665,8,754,23.799999
2665,9,853,31
2665,10,1163,52.200001
2665,11,1440,73
2665,12,1624,84.199997
2665,13,2107,108
2665,14,2674,141
2665,15,3544,205
2689,1,728,11.1
2689,2,941,31.4
2689,3,1058,41.799999
2689,4,1108,49
2689,5,1195,67.699997
2689,6,1267,83.099998
2689,7,1353,99.599998
2689,8,1410,109
2689,9,1530,117
2689,10,1910,127
2689,11,2111,163
2689,12,2511,204
2706,9,1761,12.3
2706,10,2149,17.5
2706,11,2926,29.9
2721,1,-500,0.77899998
2441,14,2300,80
2441,13,2000,56
2441,12,1700,36.5
2441,11,1400,21.5
2441,10,1100,8.3000002
2441,9,900,3.5
2441,8,800,1.8
2441,7,700,0.80000001
2441,6,650,0.41
2441,5,600,0.13
2441,4,500,0.059999999
2441,3,400,0.039999999
2441,2,350,0.0099999998
2441,1,300,0
2446,1,450,0.175
2446,2,460,0.255
2446,3,470,0.30700001
2446,4,510,0.39500001
2446,5,540,0.41299999
2446,6,630,0.52600002
2448,15,2570,155
2448,14,2020,89.400002
2448,13,1740,63.099998
2448,12,1460,41.200001
2448,11,1190,23.700001
2448,10,1050,16.799999
2448,9,908,10.9
2448,8,770,6.3200002
2448,7,701,4.46
2448,6,631,2.9000001
2448,5,562,1.6799999
2448,4,528,1.1900001
2448,3,492,0.89200002
2448,2,459,0.727
2448,1,350,0.013
2449,23,2500,160
2449,22,2100,107
2449,21,1700,65.300003
2449,20,1500,48.200001
2449,19,1300,33.700001
2449,18,1100,21.799999
2449,17,1000,16.799999
2449,16,904,12.5
2449,15,874,11.5
2449,14,809,9.0799999
2449,13,746,6.75
2449,12,684,4.9000001
2449,11,622,3.45
2449,10,561,2.3599999
2449,9,484,1.42
2449,8,447,1.08
2449,7,410,0.81
2449,6,373,0.60100001
2449,5,336,0.44100001
2449,4,301,0.36199999
2449,3,280,0.23999999
2449,2,260,0.219
2449,1,201,0.033
2730,1,380,0
2730,2,440,0.017999999
2730,3,460,0.041999999
2730,4,480,0.078000002
2730,5,500,0.13500001
2730,6,550,0.36000001
2730,7,600,0.72000003
2730,8,650,1.4
2730,9,700,2.27
2730,10,750,3.4300001
2730,11,800,4.6999998
2730,12,900,7.25
2730,13,1000,10
2730,14,1200,17
2730,15,1400,26
2730,16,1700,43
2730,17,2000,63
2730,18,2300,88
2730,19,2600,114
2730,20,2900,142
2776,1,149,1.1
2776,2,150,1.11
2776,3,231,1.53
2776,4,313,2.76
2776,5,393,4.1399999
2776,6,469,5.6199999
2776,7,559,7.4099998
2776,8,627,8.6899996
2776,9,710,10.3
2776,10,791,12
2776,11,952,15.5
2776,12,1051,17.299999
2776,13,1176,19.5
2776,14,1258,20.9
2776,15,1347,22.9
2776,16,1497,25.200001
2776,17,1966,41.900002
2776,18,2199,52.5
2776,19,2497,62.700001
2776,20,2910,81.699997
2776,21,3023,87.900002
2776,22,3161,96.099998
2807,14,1000,10.4
2807,15,1200,13.9
2807,16,1500,19.5
2807,17,1800,25.5
2807,18,2100,32
2819,8,4000,18.6
2720,1,100,0.1
2720,2,170,0.27000001
2720,3,210,0.41999999
2720,4,250,0.66000003
2720,5,290,1.05
2720,6,330,1.48
2720,7,400,2.3
2720,8,500,3.4000001
2720,9,600,4.4000001
2720,10,700,5.3000002
2720,11,850,6.8000002
2720,12,1100,9.3500004
2720,13,1300,11.4
2720,14,1600,14.5
2720,15,2000,19
2720,16,2750,28
2721,2,-100,4.6999998
2721,3,0,6
2721,4,50,8
2721,5,150,12
2721,6,200,15
2721,7,250,22.5
2721,8,300,32.200001
2721,9,350,42
2721,10,400,52
2721,11,450,60
2721,12,550,73
2721,13,650,85
2721,14,850,108
2721,15,1000,125
2721,16,1300,160
2721,17,1600,200
2721,18,1950,260
2725,8,1300,13.5
2725,9,1500,18
2725,10,1700,23.5
2725,11,1850,28
2726,8,1600,21.9
2726,9,2000,34.5
2793,16,3260,15
2793,15,1640,6.75
2793,14,1370,6.1900001
2793,13,1260,5.54
2793,12,830,3.3199999
2793,11,635,2.3099999
2793,10,577,2.01
2793,9,434,1.51
2793,8,237,0.66000003
2793,7,138,0.294
2793,6,89,0.133
2793,5,64,0.059
2793,4,58,0.043000001
2793,3,52,0.028000001
2793,2,46,0.013
2793,1,39,0
2795,17,3260,15
2795,16,1640,6.75
2795,15,1370,6.1999998
2795,14,1260,5.5300002
2795,13,1140,4.54
2795,12,939,3.4100001
2795,11,794,2.78
2795,10,549,1.92
2795,9,493,1.7
2795,8,444,1.52
2795,7,393,1.3200001
2795,6,345,1.12
2795,5,269,0.76700002
2795,4,214,0.51300001
2795,3,156,0.36500001
2795,2,98,0.28400001
2795,1,39,0.215
2799,1,39,0.215
2799,2,98,0.28400001
2799,3,156,0.36500001
2799,4,214,0.51300001
2799,5,269,0.76700002
2799,6,345,1.12
2799,7,393,1.34
2799,8,444,1.54
2799,9,493,1.8
2799,10,549,2.02
2799,11,791,3
2799,12,927,3.5599999
2799,13,1149,4.6199999
2799,14,1266,5.5100002
2799,15,1379,6.3499999
2799,16,1541,7.4400001
2799,17,1738,8.9399996
2799,18,2464,15.2
2783,1,39,0.215
2783,2,98,0.28400001
2783,3,156,0.36500001
2783,4,214,0.51300001
2783,5,269,0.76700002
2783,6,345,1.12
2783,7,393,1.3200001
2783,8,444,1.52
2783,9,493,1.7
2783,10,549,1.92
2783,11,791,2.8499999
2783,12,939,3.4100001
2783,13,1142,4.54
2783,14,1257,5.5300002
2783,15,1372,6.1999998
2783,16,1640,6.75
2783,17,3255,15
2787,1,100,0.1
2787,2,170,0.27000001
2787,3,210,0.41999999
2787,4,250,0.66000003
2787,5,290,1.05
2787,6,330,1.48
2787,7,400,2.3
2787,8,500,3.4000001
2787,9,600,4.4000001
2787,10,700,5.3000002
2787,11,850,6.8000002
2787,12,1100,9.3500004
2787,13,1300,11.4
2787,14,1600,14.5
2787,15,2000,19
2787,16,2750,28
2807,1,50,0.02
2807,2,100,0.059999999
2807,3,150,0.15000001
2807,4,200,0.36000001
2807,5,250,0.67000002
2807,6,300,1
2807,7,350,1.35
2807,8,400,1.8
2807,9,450,2.3
2807,10,500,2.9000001
2807,11,600,4.1500001
2807,12,700,5.5999999
2807,13,850,7.9000001
2850,7,1200,10.8
2850,6,1000,8.3000002
2850,5,800,6
2850,4,500,2.7
2850,3,450,2.2
2850,2,400,1.8
2850,1,350,1.5
2851,8,1600,15.2
2851,7,1300,10.4
2851,6,1000,6.5
2851,5,800,4.3000002
2851,4,700,3.5
2851,3,500,2.2
2851,2,450,1.9
2851,1,400,1.65
2852,9,1600,15.5
2852,8,1400,12.5
2852,7,1200,9.75
2852,6,1000,7.25
2852,5,800,5.1500001
2852,4,600,3.4000001
2852,3,400,1.7
2852,2,360,1.42
2852,1,300,1.1
2880,36,2100,32
2880,35,1920,27.9
2880,34,1650,22.4
2880,33,1470,19.1
2880,32,1290,16.1
2880,31,1110,13.4
2880,30,1090,13.1
2880,29,1000,11.9
2880,28,982,11.6
2880,27,962,11.4
2880,26,912,10.7
2880,25,862,9.7600002
2880,24,780,8.0500002
2880,23,720,6.4499998
2880,22,670,5.3200002
2880,21,620,4.3600001
2880,20,503,3.0699999
2880,19,403,2.05
2880,18,333,1.41
2880,17,313,1.24
2880,16,293,1.0700001
2880,15,273,0.91399997
2880,14,241,0.69
2880,13,211,0.50300002
2880,12,191,0.391
2880,11,171,0.29100001
2880,10,161,0.245
2880,9,151,0.20200001
2880,8,141,0.163
2880,7,131,0.126
2880,6,121,0.093999997
2880,5,111,0.064999998
2880,4,101,0.041000001
2880,3,91,0.021
2880,2,81,0.0070000002
2880,1,71,0
2881,1,71,0
2881,2,81,0.0070000002
2881,3,91,0.021
2881,4,101,0.041000001
2881,5,111,0.064999998
2881,6,121,0.093999997
2881,7,131,0.126
2881,8,141,0.163
2881,9,151,0.20200001
2881,10,161,0.245
2881,11,171,0.29100001
2881,12,191,0.391
2881,13,211,0.50300002
2881,14,241,0.69
2881,15,273,0.91399997
2881,16,293,1.0700001
2881,17,313,1.24
2881,18,333,1.41
2881,19,403,2.05
2881,20,503,3.0699999
2881,21,620,4.3600001
2881,22,670,5.3200002
2881,23,720,6.4499998
2881,24,780,8.0500002
2881,25,862,9.7600002
2881,26,912,10.7
2881,27,962,11.4
2881,28,982,11.6
2881,29,1000,11.9
2881,30,1090,13.1
2881,31,1110,13.4
2881,32,1290,16.1
2881,33,1470,19.1
2881,34,1650,22.4
2881,35,1920,27.9
2881,36,2100,32
2882,1,138,0.082000002
2882,2,148,0.116
2882,3,158,0.155
2882,4,168,0.199
2882,5,178,0.248
2882,6,188,0.301
2882,7,208,0.41999999
2882,8,228,0.55599999
2882,9,248,0.708
2882,10,278,0.96399999
2882,11,308,1.25
2882,12,328,1.46
2882,13,378,2.05
2882,14,428,2.72
2882,15,488,3.6300001
2882,16,536,4.4400001
2882,17,1480,13.8
2882,18,1510,14.2
2882,19,1910,18.200001
2882,20,2030,19.5
2882,21,2750,27
2891,1,276,0.108
2891,2,470,0.27700001
2891,3,541,0.347
2891,4,592,0.419
2891,5,700,0.58200002
2891,6,747,0.65700001
2891,7,901,0.96399999
2896,1,1090,37.299999
2896,2,1300,48.5
2896,3,1400,54.5
2896,4,1500,60.5
2896,5,1600,67
2896,6,1700,73.5
2896,7,1800,80.599998
2896,8,1900,88
2896,9,2000,96
2896,10,2100,104
2896,11,2250,117
2896,12,2400,130
2896,13,2500,139
2896,14,2700,157
2896,15,2900,177
2902,34,2560,170
2902,33,2550,168
2902,32,2380,148
2902,31,2350,144
2902,30,2310,140
2902,29,2280,136
2902,28,2200,128
2902,27,2180,125
2902,26,2100,117
2902,25,1860,93.699997
2902,24,1620,73.099998
2902,23,1400,56.599998
2902,22,1210,44.099998
2902,21,1020,33.299999
2902,20,862,25.5
2902,19,742,20.299999
2902,18,652,16.9
2902,17,552,13.4
2902,16,452,10.4
2902,15,372,8.3000002
2902,14,292,6.4299998
2902,13,222,5.0100002
2902,12,172,4.1100001
2902,11,122,3.3
2902,10,72,2.5799999
2902,9,22,1.96
2902,8,-28,1.4299999
2902,7,-68,1.0700001
2902,6,-88,0.91299999
2902,5,-118,0.69999999
2902,4,-138,0.574
2902,3,-158,0.46200001
2902,2,-178,0.36199999
2902,1,-198,0.27599999
2907,1,200,0.079999998
2907,2,240,0.132
2907,3,250,0.154
2907,4,260,0.177
2907,5,265,0.197
2907,6,290,0.29899999
2907,7,310,0.38999999
2907,8,325,0.48899999
2907,9,335,0.56199998
2907,10,355,0.736
2907,11,418,1.4400001
2907,12,510,2.48
2907,13,581,3.7
2907,14,668,5.5599999
2907,15,754,7.6999998
2907,16,928,12.9
2907,17,1101,19
2908,1,200,0.079999998
2908,2,240,0.132
2908,3,250,0.154
2908,4,260,0.177
2908,5,265,0.197
2908,6,290,0.29899999
2908,7,310,0.38999999
2908,8,325,0.48899999
2908,9,335,0.56199998
2908,10,355,0.736
2908,11,418,1.4400001
2908,12,510,2.48
2908,13,581,3.7
2908,14,668,5.5599999
2908,15,754,7.6999998
2908,16,928,12.9
2908,17,1100,19
2912,1,173,0.003
2912,2,193,0.039999999
2912,3,213,0.083999999
2912,4,233,0.14
2912,5,253,0.206
2912,6,283,0.338
2912,7,303,0.435
2912,8,323,0.55900002
2912,9,353,0.77200001
2912,10,373,0.93199998
2912,11,413,1.29
2912,12,443,1.6
2912,13,483,2.05
2912,14,533,2.7
2912,15,584,3.6700001
2912,16,633,4.73
2912,17,702,6.3800001
2912,18,791,8.7600002
2912,19,873,11.2
2912,20,906,12.3
2912,21,948,13.6
2912,22,1002,15.5
2912,23,1056,17.4
2912,24,1181,22
2912,25,1275,26.700001
2912,26,1337,29.799999
2924,24,2750,27
2924,23,2080,20.1
2924,22,1930,18.5
2924,21,1510,14.3
2924,20,1480,13.9
2924,19,1440,13.5
2924,18,503,4.1599998
2924,17,491,3.9200001
2924,16,451,3.1700001
2924,15,411,2.51
2924,14,371,1.9400001
2924,13,351,1.6900001
2924,12,321,1.34
2924,11,291,1.04
2924,10,261,0.787
2924,9,241,0.639
2924,8,221,0.50800002
2924,7,201,0.39399999
2924,6,191,0.34299999
2924,5,181,0.296
2924,4,171,0.25299999
2924,3,161,0.214
2924,2,151,0.17900001
2924,1,141,0.147
2937,1,577,23.1
2937,2,810,31
2937,3,1045,39.799999
2937,4,1123,42.900002
2937,5,1273,50
2937,6,1601,70
2942,12,2589,359
2942,13,3009,440
3021,1,250,0.059999999
3021,2,280,0.090000004
3021,3,310,0.15000001
3021,4,340,0.23999999
3021,5,360,0.31999999
3021,6,430,0.67000002
3021,7,490,1.03
3021,8,530,1.3099999
3021,9,600,1.89
3021,10,650,2.3699999
3021,11,700,2.8699999
3021,12,750,3.3800001
3021,13,800,3.9300001
3021,14,850,4.4899998
3021,15,900,5.0700002
3021,16,1000,6.3000002
3021,17,1100,7.6799998
3021,18,1200,9.1000004
3021,19,1300,10.6
3021,20,1400,12.2
3021,21,1500,13.8
4533,1,250,0.059999999
4533,2,280,0.090000004
4535,19,1200,8.9399996
4535,20,1300,10.5
4535,21,1400,12.1
4536,1,250,0.035
4536,2,270,0.050000001
4536,3,300,0.079999998
4536,4,320,0.11
4537,1,250,0.18000001
4537,2,290,0.25999999
4537,3,340,0.41
4537,4,420,0.73000002
4537,5,460,0.93000001
4537,6,570,1.58
4537,7,600,1.79
4537,8,650,2.1500001
4537,9,700,2.52
4537,10,750,2.95
4537,11,800,3.3900001
4537,12,850,3.8599999
4537,13,900,4.3699999
4538,1,230,0.075000003
4538,2,260,0.15000001
4538,3,280,0.20999999
4538,4,320,0.34999999
4538,5,360,0.50999999
4538,6,400,0.68000001
4538,7,430,0.82999998
4538,8,470,1.05
4538,9,500,1.24
4538,10,550,1.6
4538,11,600,1.95
4538,12,650,2.3399999
4538,13,700,2.78
4538,14,750,3.25
4538,15,800,3.75
2951,1,330,0.69999999
2951,2,500,2.5
2951,3,600,3.8499999
2951,4,700,6
2951,5,900,13.5
2951,6,1100,21.799999
2951,7,1300,29.5
2951,8,1500,37.299999
2951,9,1700,44.599998
2951,10,1900,52.700001
2951,11,2100,61.400002
2951,12,2300,70.800003
2951,13,2500,80.400002
2951,14,2700,90.900002
2951,15,2900,104
2951,16,3100,120
2951,17,3300,139
2951,18,3500,160
2951,19,3700,184
2952,1,195,0.20999999
2952,2,245,0.63
2952,3,295,1.1
2952,4,395,2.1300001
2952,5,427,2.3599999
2952,6,629,5.8499999
2952,7,699,7.4099998
2952,8,823,11.3
2952,9,989,17.5
2952,10,1158,25.6
2952,11,1590,44.200001
2952,12,1594,44.5
2952,13,2123,65.599998
2952,14,2651,94.300003
2952,15,3179,133
2952,16,3707,184
3154,1,170,0.029999999
3154,2,175,0.041999999
3154,3,195,0.086999997
3154,4,210,0.116
3154,5,240,0.18700001
3154,6,270,0.27200001
3154,7,303,0.39399999
3154,8,319,0.461
3154,9,351,0.63499999
3154,10,396,0.97100002
3154,11,421,1.17
3154,12,500,1.86
3154,13,520,2.0799999
3154,14,575,2.6700001
3154,15,725,4.5799999
3154,16,961,8.3900003
3154,17,1087,9.9099998
3154,18,1394,13.8
3154,19,2069,21.5
3154,20,2222,23.4
3154,21,2371,24.700001
3154,22,2678,28.5
3154,23,3091,37.700001
2958,1,0,0
2958,2,100,0.029999999
2958,3,200,0.414
2958,4,300,1.02
2958,5,400,1.79
2958,6,500,2.6900001
2958,7,600,3.71
2958,8,700,4.8299999
2958,9,800,6.0500002
2958,10,900,7.3299999
2958,11,1000,8.7399998
2958,12,1100,10.3
2958,13,1200,11.9
2958,14,1300,13.7
2958,15,1400,15.6
2958,16,1500,17.700001
2958,17,1600,19.799999
2958,18,1700,22.1
2958,19,1800,24.5
2958,20,1900,27.1
2958,21,2000,29.700001
3032,1,131,0.018999999
3032,2,157,0.046
3032,3,172,0.071000002
3032,4,191,0.116
3032,5,205,0.167
3032,6,215,0.206
3032,7,230,0.271
3032,8,244,0.333
3032,9,267,0.447
3032,10,295,0.59399998
3032,11,391,1.3200001
3032,12,433,1.66
3032,13,600,3.1500001
3083,1,-10,0.121
3083,2,39,0.15800001
3083,3,70,0.192
3083,4,92,0.23899999
3083,5,105,0.27000001
3083,6,118,0.30000001
3083,7,149,0.37900001
3083,8,322,0.88499999
3083,9,502,1.5
3083,10,757,2.52
3083,11,1560,5.9400001
3032,14,800,5
3032,15,1000,7
3032,16,1700,14.2
3037,1,130,0
3037,2,140,0
3037,3,150,0.0020000001
3037,4,160,0.0060000001
3037,5,170,0.012
3037,6,180,0.02
3037,7,190,0.030999999
3037,8,200,0.045000002
3037,9,210,0.061000001
3037,10,220,0.081
3037,11,230,0.105
3037,12,240,0.132
3037,13,250,0.162
3037,14,260,0.19599999
3037,15,270,0.234
3037,16,280,0.27599999
3037,17,300,0.373
3037,18,320,0.48699999
3037,19,330,0.55000001
3037,20,350,0.69199997
3037,21,370,0.852
3037,22,390,1.03
3037,23,410,1.23
3037,24,440,1.5700001
3037,25,464,1.88
3037,26,494,2.23
3037,27,544,2.8800001
3037,28,614,3.8900001
3037,29,694,5.1999998
3037,30,794,7.04
3037,31,914,9.5500002
3037,32,944,10.2
3037,33,964,10.7
3037,34,984,11.1
3037,35,1134,14.9
3037,36,1234,17.700001
3037,37,1384,22.1
3037,38,1436,23.799999
3040,1,1,0.20999999
3040,2,39,0.278
3040,3,72,0.37799999
3040,4,119,0.55699998
3040,5,141,0.63999999
3040,6,166,0.75099999
3040,7,182,0.87
3040,8,218,1.22
3040,9,254,1.5700001
3040,10,331,2.29
3040,11,390,2.8900001
3040,12,506,4.1300001
3040,13,602,5.3400002
3040,14,752,7.2399998
3040,15,880,9.04
3040,16,1233,14.3
3040,17,1593,22.200001
3040,18,1872,30
3040,19,2150,39
3040,20,2707,61
3078,1,1,0.20999999
3078,2,40,0.377
3078,3,76,0.54799998
3078,4,140,0.92400002
3078,5,196,1.3200001
3078,6,255,1.86
3078,7,340,2.6600001
3078,8,415,3.4000001
3078,9,510,4.3800001
3078,10,602,5.4200001
3078,11,751,7.1999998
3078,12,880,9.04
3338,3,979,1.1
3338,4,1068,1.5
3338,5,1158,1.96
3338,6,1186,2.23
3338,7,1319,3.22
3338,8,1380,3.54
3338,9,1479,4.1100001
3051,12,1218,25.200001
3051,13,1507,36.599998
3051,14,1795,49.700001
3051,15,2373,81.300003
3051,16,2950,119
3052,15,2040,19.6
3052,16,2773,27.5
3072,1,620,0.66600001
3072,2,673,0.74900001
3072,3,705,0.875
3072,4,747,1.1799999
3072,5,798,1.65
3072,6,821,1.95
3072,7,906,2.8800001
3072,8,1101,6.5
3072,9,1153,7.9499998
3072,10,1163,8.2700005
3072,11,1276,12.8
3072,12,1390,19.299999
3072,13,1504,28.5
3072,14,1617,41
3072,15,2030,63
3072,16,2187,69.699997
3072,17,2500,90
3072,18,2800,119
3072,19,3100,149
3072,20,3400,182
3072,21,3700,217
3072,22,4000,255
3072,23,4300,295
3078,13,1233,14.3
3078,14,1593,22.200001
3078,15,1872,30
3078,16,2150,39
3078,17,2707,61
3083,12,2330,9.6499996
3083,13,3710,18.4
3088,1,698,32.599998
3088,2,904,40.099998
3088,3,1100,48
3088,4,1320,58.5
3088,5,1642,76.400002
3088,6,1844,89.300003
3088,7,2045,103
3088,8,2241,118
3088,9,2400,131
3088,10,2700,157
3088,11,2900,177
3089,6,1955,98
3089,7,2192,117
3089,8,2621,153
3089,9,3204,208
3091,1,0,-0.588
3091,2,30,-0.588
3091,3,60,-0.588
3091,4,90,-0.588
3091,5,120,-0.588
3091,6,150,-0.588
3091,7,180,-0.588
3091,8,210,-0.588
3091,9,240,-0.588
3091,10,270,-0.588
3091,11,300,-0.588
3091,12,330,-0.588
3091,13,360,-0.588
3091,14,390,-0.588
3091,15,420,-0.588
3091,16,450,-0.588
3091,17,480,-0.588
3091,18,510,-0.588
3091,19,540,-0.588
3091,20,570,-0.588
3091,21,600,-0.56
3091,22,630,-0.32800001
3091,23,660,0
3091,24,690,0.43700001
3091,25,720,0.926
3091,26,750,1.525
3091,27,780,2.1289999
3091,28,810,2.7709999
3091,29,840,3.4860001
3091,30,870,4.1830001
3091,31,900,4.9369998
3091,32,930,5.6440001
3091,33,960,6.3909998
3091,34,990,7.1479998
3091,35,1020,7.9109998
3091,36,1050,8.6800003
3091,37,1080,9.5380001
3091,38,1110,10.416
3091,39,1140,11.272
3091,40,1170,12.154
3091,41,1200,13.062
3091,42,1230,13.996
3091,43,1260,14.979
3091,44,1290,16.01
3091,45,1320,17.08
3091,46,1350,18.176001
3091,47,1380,19.297001
3091,48,1410,20.444
3091,49,1440,21.629999
3091,50,1470,22.827
3091,51,1500,24.032
3091,52,1530,25.267
3091,53,1560,26.504999
3091,54,1590,27.766001
3091,55,1620,29.033001
3091,56,1650,30.205999
3091,57,1680,31.410999
3091,58,1710,32.726002
3091,59,1740,34.063999
3091,60,1770,35.423
3091,61,1800,36.804001
3091,62,1830,38.223
3091,63,1860,39.736
3091,64,1890,41.272999
3091,65,1920,42.785999
3091,66,1950,44.283001
3091,67,1980,45.875
3091,68,2009,47.522999
3091,69,2040,49.196999
3091,70,2070,50.807999
3091,71,2100,52.431999
3091,72,2130,54.067001
3091,73,2160,55.688999
3091,74,2190,57.333
3091,75,2220,58.998001
3091,76,2250,60.685001
3091,77,2280,62.393002
3091,78,2310,64.122002
3091,79,2340,65.889
3091,80,2370,67.734001
3091,81,2400,69.656998
3091,82,2430,71.603996
3091,83,2460,73.538002
3091,84,2490,75.390999
3091,85,2520,77.263
3091,86,2550,79.153999
3091,87,2580,81.120003
3091,88,2610,83.137001
3091,89,2640,85.175003
3091,90,2670,87.235001
3091,91,2700,89.316002
3091,92,2730,91.418999
3091,93,2760,93.542999
3091,94,2790,95.686996
3091,95,2820,97.831001
3091,96,2850,99.911003
3091,97,2880,102.009
3091,98,2910,104.125
3091,99,2940,106.258
3091,100,2970,108.409
3092,1,0,0.40799999
3092,2,30,0.40799999
3092,3,60,0.40799999
3092,4,90,0.40799999
3092,5,120,0.40799999
3092,6,150,0.40799999
3092,7,180,0.40799999
3092,8,210,0.40799999
3092,9,240,0.40799999
3092,10,270,0.40799999
3092,11,300,0.40799999
3092,12,330,0.40799999
3092,13,360,0.40799999
3092,14,390,0.40799999
3092,15,420,0.40799999
3092,16,450,0.40799999
3092,17,480,0.40799999
3092,18,510,0.40799999
3092,19,540,0.40799999
3092,20,570,0.44299999
3092,21,600,0.574
3092,22,630,0.95200002
3092,23,660,1.5190001
3092,24,690,2.286
3092,25,720,3.079
3092,26,750,3.997
3092,27,780,4.954
3093,55,1620,39.139999
3093,56,1650,40.825001
3093,57,1680,42.539001
3093,58,1710,44.282001
3093,59,1740,46.053001
3093,60,1770,47.851002
3093,61,1800,49.678001
3093,62,1830,51.532001
3093,63,1860,53.412998
3093,64,1890,55.320999
3093,65,1920,57.257
3093,66,1950,59.219002
3093,67,1980,61.208
3093,68,2009,63.227001
3093,69,2040,65.279999
3093,70,2070,67.363998
3093,71,2100,69.480003
3093,72,2130,71.625
3093,73,2160,73.800003
3093,74,2190,76.004997
3093,75,2220,78.237999
3093,76,2250,80.5
3093,77,2280,82.791
3093,78,2310,85.110001
3093,79,2340,87.457001
3093,80,2370,89.831001
3093,81,2400,92.233002
3093,82,2430,94.662003
3093,83,2460,97.119003
3093,84,2490,99.601997
3093,85,2520,102.113
3093,86,2550,104.65
3093,87,2580,107.214
3093,88,2610,109.803
3093,89,2640,112.419
3093,90,2670,115.062
3093,91,2700,117.73
3093,92,2730,120.424
3093,93,2760,123.143
3093,94,2790,125.888
3093,95,2820,128.658
3093,96,2850,131.45399
3093,97,2880,134.27499
3093,98,2910,137.121
3093,99,2940,139.992
3093,100,2970,142.888
4714,1,0,-0.039000001
4714,2,30,-0.039000001
4714,3,60,-0.039000001
4714,4,90,-0.039000001
4714,5,120,-0.014
4714,6,150,0.068000004
4714,7,180,0.19
4714,8,210,0.34400001
4714,9,240,0.51700002
4714,10,270,0.69599998
4714,11,300,0.85799998
4714,12,330,0.94300002
4714,13,360,1.03
4714,14,390,1.12
4714,15,420,1.22
4714,16,450,1.3099999
4714,17,480,1.41
4714,18,510,1.52
4714,19,540,1.62
4714,20,570,1.73
4714,21,600,1.84
4714,22,630,1.95
4714,23,660,2.0699999
4714,24,690,2.1900001
4714,25,720,2.3099999
4714,26,750,2.4300001
4714,27,780,2.55
4714,28,810,2.6800001
4714,29,840,2.8099999
4714,30,870,2.9400001
4714,31,900,3.0699999
4714,32,930,3.21
4714,33,960,3.3399999
4714,34,990,3.48
4714,35,1020,3.6199999
4714,36,1050,3.77
4714,37,1080,3.9100001
4714,38,1110,4.0599999
4714,39,1140,4.21
4714,40,1170,4.3600001
4714,41,1200,4.5100002
4714,42,1230,4.6700001
4714,43,1260,4.8299999
4714,44,1290,4.9899998
4714,45,1320,5.1500001
4714,46,1350,5.3200002
4714,47,1380,5.4899998
4714,48,1410,5.6599998
4714,49,1440,5.8299999
4714,50,1470,6
4714,51,1500,6.1799998
4714,52,1530,6.3600001
4714,53,1560,6.5300002
4714,54,1590,6.71
4714,55,1620,6.8899999
4714,56,1650,7.0700002
4714,57,1680,7.2600002
4714,58,1710,7.4400001
4714,59,1740,7.6300001
4714,60,1770,7.8200002
4714,61,1800,8.0100002
4714,62,1830,8.21
4714,63,1860,8.3999996
4714,64,1890,8.6000004
4714,65,1920,8.8000002
4714,66,1950,9.0100002
4714,67,1980,9.21
4714,68,2009,9.4200001
4714,69,2040,9.6599998
4714,70,2070,9.9300003
4714,71,2100,10.1
4713,1,0,0.043000001
4713,2,30,0.043000001
4713,3,60,0.043000001
4713,4,90,0.046999998
4713,5,120,0.114
4713,6,150,0.221
4713,7,180,0.36000001
4713,8,210,0.54299998
4713,9,240,0.75800002
4713,10,270,0.98699999
4713,11,300,1.17
4713,12,330,1.28
4713,13,360,1.39
4713,14,390,1.51
4713,15,420,1.63
4713,16,450,1.75
4713,17,480,1.88
4713,18,510,2
4713,19,540,2.1400001
4713,20,570,2.28
4713,21,600,2.4300001
4713,22,630,2.5699999
4713,23,660,2.72
4713,24,690,2.8699999
4713,25,720,3.03
4713,26,750,3.2
4713,27,780,3.3599999
4713,28,810,3.53
4713,29,840,3.7
4713,30,870,3.8800001
4713,31,900,4.0500002
4713,32,930,4.23
4713,33,960,4.4099998
4713,34,990,4.5999999
4713,35,1020,4.7800002
4713,36,1050,4.98
4713,37,1080,5.1700001
4713,38,1110,5.3699999
4713,39,1140,5.5700002
4713,40,1170,5.77
4713,41,1200,5.98
4713,42,1230,6.1799998
4713,43,1260,6.3899999
4713,44,1290,6.5999999
4713,45,1320,6.8099999
4713,46,1350,7.0300002
4713,47,1380,7.25
4713,48,1410,7.48
4713,49,1440,7.71
4713,50,1470,7.9499998
4713,51,1500,8.1899996
4713,52,1530,8.4300003
4713,53,1560,8.6700001
4713,54,1590,8.9099998
4713,55,1620,9.1599998
4713,56,1650,9.4099998
4713,57,1680,9.6599998
4713,58,1710,9.9200001
4713,59,1740,10.2
4713,60,1770,10.4
4713,61,1800,10.7
4713,62,1830,11
4713,63,1860,11.2
4713,64,1890,11.5
4713,65,1920,11.8
4713,66,1950,12.1
4713,67,1980,12.3
4713,68,2009,12.6
4713,69,2040,12.9
4713,70,2070,13.2
4713,71,2100,13.5
4713,72,2130,13.8
4713,73,2160,14.2
4713,74,2190,14.8
4713,75,2220,15.4
4713,76,2250,16.1
4713,77,2280,16.9
4713,78,2310,17.700001
4713,79,2340,18.700001
4713,80,2370,19.799999
4713,81,2400,20.9
4713,82,2430,22
4713,83,2460,23.1
4713,84,2490,24.4
4713,85,2520,25.700001
4713,86,2550,27
4713,87,2580,28.5
4713,88,2610,29.9
4714,72,2130,10.4
4714,73,2160,10.6
4714,74,2190,10.8
4714,75,2220,11.1
4714,76,2250,11.3
4714,77,2280,11.6
4714,78,2310,11.9
4714,79,2340,12.4
4714,80,2370,12.8
4714,81,2400,13.2
4714,82,2430,13.5
4714,83,2460,14
4714,84,2490,14.5
4714,85,2520,14.9
4714,86,2550,15.3
4714,87,2580,15.8
4719,1,0,0
4719,2,30,0
4719,3,60,0
4719,4,90,0.0020000001
4719,5,120,0.064000003
3092,28,810,6.1139998
3092,29,840,7.4029999
3092,30,870,8.5979996
3092,31,900,9.7840004
3092,32,930,11.124
3092,33,960,12.397
3092,34,990,13.796
3092,35,1020,15.231
3092,36,1050,16.704
3092,37,1080,18.212999
3092,38,1110,19.801001
3092,39,1140,21.405001
3092,40,1170,23.176001
3092,41,1200,24.978001
3092,42,1230,26.784
3092,43,1260,28.638
3092,44,1290,30.540001
3092,45,1320,32.368
3092,46,1350,34.452999
3092,47,1380,36.526001
3092,48,1410,38.650002
3092,49,1440,40.874001
3092,50,1470,43.148998
3092,51,1500,45.473
3092,52,1530,47.847
3092,53,1560,50.250999
3092,54,1590,52.657001
3092,55,1620,55.207001
3092,56,1650,57.82
3092,57,1680,60.431
3092,58,1710,63.088001
3092,59,1740,65.713997
3092,60,1770,68.206001
3092,61,1800,71.036003
3092,62,1830,73.911003
3092,63,1860,76.833
3092,64,1890,79.799004
3092,65,1920,82.810997
3092,66,1950,85.866997
3092,67,1980,88.967003
3092,68,2009,92.111
3092,69,2040,95.303001
3092,70,2070,98.554001
3092,71,2100,101.859
3092,72,2130,105.217
3092,73,2160,108.625
3092,74,2190,112.084
3092,75,2220,115.545
3092,76,2250,119.049
3092,77,2280,122.598
3092,78,2310,126.191
3092,79,2340,129.827
3092,80,2370,133.506
3092,81,2400,137.29601
3092,82,2430,141.175
3092,83,2460,145.099
3092,84,2490,149.067
3092,85,2520,153.075
3092,86,2550,157.021
3092,87,2580,161.009
3092,88,2610,165.039
3092,89,2640,169.11
3092,90,2670,173.222
3092,91,2700,177.375
3092,92,2730,181.569
3092,93,2760,185.804
3092,94,2790,190.078
3092,95,2820,194.39301
3092,96,2850,198.748
3092,97,2880,203.142
3092,98,2910,207.577
3092,99,2940,212.05
3092,100,2970,216.563
3093,1,0,0
3093,2,30,0
3093,3,60,0
3093,4,90,0
3093,5,120,0
3093,6,150,0
3093,7,180,0
3093,8,210,0
3093,9,240,0
3093,10,270,0
3093,11,300,0
3093,12,330,0
3093,13,360,0
3093,14,390,0
3093,15,420,0
3093,16,450,0
3093,17,480,0
3093,18,510,0
3093,19,540,0
3093,20,570,0
3093,21,600,0
3093,22,630,0.184
3093,23,660,0.60399997
3093,24,690,1.1670001
3093,25,720,1.844
3093,26,750,2.6199999
3093,27,780,3.483
3093,28,810,4.427
3093,29,840,5.4450002
3093,30,870,6.533
3093,31,900,7.6859999
3093,32,930,8.901
3093,33,960,9.8760004
3093,34,990,10.853
3093,35,1020,11.867
3093,36,1050,12.917
3093,37,1080,14.002
3093,38,1110,15.123
3093,39,1140,16.278
3093,40,1170,17.468
3093,41,1200,18.691
3093,42,1230,19.947001
3093,43,1260,21.237
3093,44,1290,22.558001
3093,45,1320,23.912001
3093,46,1350,25.297001
3093,47,1380,26.714001
3093,48,1410,28.162001
3093,49,1440,29.639999
3093,50,1470,31.149
3093,51,1500,32.688
3093,52,1530,34.257
3093,53,1560,35.855
3093,54,1590,37.483002
3117,1,700,16.1
3117,2,750,17.9
3117,3,800,19.700001
3117,4,850,21.5
3117,5,900,23.6
3117,6,950,26
3117,7,1000,28.6
3117,8,1050,31.200001
3117,9,1100,33.900002
3117,10,1150,36.700001
3117,11,1200,39.599998
3117,12,1250,42.5
3117,13,1300,45.400002
3117,14,1350,48.299999
3118,1,700,16.1
3118,2,750,17.9
3118,3,800,19.700001
3118,4,850,21.5
3118,5,900,23.6
3118,6,950,26
3118,7,1000,28.6
3118,8,1050,31.200001
3118,9,1100,33.900002
3118,10,1150,36.700001
3118,11,1200,39.599998
3118,12,1250,42.5
3118,13,1300,45.400002
3118,14,1350,48.299999
3118,15,1400,51.200001
3119,1,700,18.6
3119,2,750,20.5
3119,3,800,22.299999
3119,4,850,24.5
3119,5,900,27
3119,6,950,29.6
3119,7,1000,32.299999
3119,8,1050,34.900002
3119,9,1100,37.900002
3119,10,1150,40.799999
3119,11,1200,43.700001
3119,12,1250,46.599998
3119,13,1300,49.5
3119,14,1350,52.400002
3119,15,1400,55.299999
3119,16,1450,58.200001
3119,17,1500,61.099998
3120,1,700,16.1
3120,2,800,19.700001
3120,3,900,23.6
3120,4,1000,28.6
3120,5,1100,33.900002
3120,6,1200,39.599998
3120,7,1300,45.400002
3120,8,1400,51.200001
3122,1,400,14.9
3122,2,700,20.700001
3122,3,900,30
3122,4,1100,36.599998
3122,5,1400,48.200001
3122,6,1800,63.700001
3124,1,600,17.700001
3124,2,700,21.4
3124,3,800,25.799999
3124,4,900,30.4
3124,5,1000,35.299999
3124,6,1100,40.5
3124,7,1200,45.799999
3124,8,1300,51.099998
3138,1,648,17.4
3138,2,701,19.9
3138,3,750,22.200001
3138,4,800,24.9
3138,5,849,27.299999
3138,6,902,30
3308,1,400,1.65
3308,2,450,1.9
3308,3,500,2.2
3308,4,700,3.5
3308,5,799,4.46
3308,6,997,7.1799998
3308,7,1279,11.7
3308,8,1556,17.4
3309,1,350,1.5
3309,2,400,1.8
3309,3,450,2.2
3309,4,500,2.7
3309,5,800,6
3309,6,995,8.5799999
3309,7,1218,12.1
3107,19,3000,50
3107,18,2800,44
3107,17,2300,32.5
3107,16,1800,22.5
3107,15,1400,15.3
3107,14,1200,12.1
3107,13,1000,9.1000004
3107,12,900,7.6999998
3107,11,800,6.4000001
3107,10,700,5.1999998
3107,9,600,4.0999999
3107,8,480,2.9000001
3107,7,380,2
3107,6,290,1.28
3107,5,280,1.21
3107,4,220,0.85000002
3107,3,160,0.55000001
3107,2,100,0.31
3107,1,80,0.25
3124,9,1350,53.799999
3124,10,1400,56.5
3124,11,1450,59.5
3126,1,400,14.9
3126,2,750,25
3126,3,1100,36.599998
3126,4,1800,63.700001
3138,7,950,32.799999
3138,8,1000,35.299999
3138,9,1050,37.900002
3138,10,1100,40.5
3138,11,1150,43.099998
3138,12,1200,45.799999
3138,13,1300,51.099998
3382,21,900,7.1999998
3382,22,1000,8.6800003
3382,23,1050,9.25
3382,24,1100,9.75
3382,25,1200,10.8
3382,26,1300,11.8
3382,27,1400,12.7
3382,28,1600,14.5
3382,29,1800,16.5
3382,30,1900,17.6
3382,31,2100,20
3382,32,2300,22.6
3382,33,2500,25.299999
3382,34,2700,28.299999
3382,35,3000,33
3382,36,3100,35.400002
3382,37,3300,39.799999
3382,38,3400,42.400002
3382,39,3500,45.200001
3382,40,3600,48.799999
3154,24,3382,46.5
3154,25,3743,59.099998
3154,26,4077,74.699997
3160,9,1900,49
3160,10,2197,62.900002
3160,11,2392,77.400002
3160,12,2557,92.800003
3201,1,500,0.027000001
3201,2,538,0.139
3201,3,576,0.30000001
3201,4,614,0.5
3201,5,652,0.73400003
3201,6,690,0.99699998
3201,7,728,1.288
3201,8,766,1.603
3201,9,804,1.942
3201,10,842,2.302
3201,11,880,2.684
3201,12,918,3.086
3201,13,956,3.507
3201,14,994,4.0580001
3201,15,1032,4.881
3201,16,1070,5.8649998
3201,17,1108,6.9770002
3201,18,1146,8.2010002
3201,19,1184,9.526
3201,20,1222,10.943
3201,21,1260,12.445
3201,22,1298,14.029
3201,23,1336,15.688
3201,24,1374,17.421
3201,25,1412,19.224001
3201,26,1450,21.094999
3201,27,1488,23.030001
3201,28,1526,25.028
3201,29,1564,27.087
3201,30,1602,29.205
3201,31,1640,31.381001
3201,32,1678,33.612
3201,33,1716,35.898998
3201,34,1754,38.238998
3201,35,1792,40.631001
3201,36,1830,43.075001
3201,37,1868,45.569
3201,38,1906,48.112
3201,39,1944,50.703999
3201,40,1982,53.342999
3201,41,2020,56
3201,42,2058,58.245998
3201,43,2096,60.527
3205,1,-200,0.026000001
3205,2,-168,0.176
3205,3,-136,0.39199999
3205,4,-104,0.65600002
3205,5,-72,0.95999998
3205,6,-40,1.3
3205,7,-8,1.67
3205,8,24,2.0699999
3205,9,56,2.49
3205,10,88,2.9400001
3205,11,120,3.4100001
3205,12,152,3.9000001
3205,13,184,4.4200001
3205,14,216,4.9499998
3205,15,248,5.5100002
3205,16,280,6.0799999
3205,17,312,6.71
3205,18,344,7.5100002
3205,19,376,8.4200001
3205,20,408,9.3999996
3205,21,440,10.4
3205,22,472,11.6
3205,23,504,12.7
3205,24,536,14
3205,25,568,15.2
3205,26,600,16.6
3205,27,632,17.9
3205,28,664,19.299999
3205,29,696,20.799999
3205,30,728,22.299999
3205,31,760,23.799999
3205,32,792,25.4
3205,33,824,27
3205,34,856,28.700001
3205,35,888,30.4
3205,36,920,32.099998
3205,37,952,33.799999
3205,38,984,35.599998
3205,39,1016,37.400002
3205,40,1048,39.299999
3205,41,1080,41.200001
3205,42,1112,43.099998
3205,43,1144,45
3205,44,1176,47
3205,45,1208,49
3205,46,1240,51.099998
3205,47,1272,53.099998
3205,48,1304,55.200001
3205,49,1336,57.299999
3205,50,1368,59.5
3205,51,1400,61.700001
3205,52,1432,63.900002
3205,53,1464,66.099998
3205,54,1496,68.300003
3205,55,1528,70.699997
3205,56,1560,73.099998
3205,57,1592,75.5
3205,58,1624,78
3205,59,1656,80.5
3205,60,1688,83.099998
3205,61,1720,85.699997
3205,62,1752,88.300003
3205,63,1784,91.099998
3205,64,1816,94
3205,65,1848,96.900002
3205,66,1880,99.800003
3205,67,1912,103
3205,68,1944,106
3217,39,1944,51.985001
3217,40,1982,54.368
3217,41,2020,56.398998
3217,42,2058,58.459
3217,43,2096,60.549999
3217,44,2134,62.669998
3217,45,2172,64.82
3217,46,2210,67
3217,47,2248,69.208
3217,48,2286,71.445
3217,49,2324,73.710999
3217,50,2362,76.005997
3217,51,2400,78.329002
3217,52,2438,80.681
3217,53,2476,83.059998
3217,54,2514,85.468002
3217,55,2552,87.903
3217,56,2590,90.365997
3217,57,2628,92.857002
3217,58,2666,95.375
3217,59,2704,97.919998
3217,60,2742,100.493
3217,61,2780,103.092
3217,62,2818,105.718
3217,63,2856,108.371
3217,64,2894,111.051
3217,65,2932,113.757
3217,66,2970,116.489
3217,67,3008,119.248
3217,68,3046,122.032
3217,69,3084,124.843
3217,70,3122,127.68
3217,71,3160,130.54201
3217,72,3198,133.42999
3217,73,3236,136.34399
3217,74,3274,139.283
3217,75,3312,142.24699
3217,76,3350,145.237
3217,77,3388,148.252
3217,78,3426,151.29201
3217,79,3464,154.35699
3217,80,3502,157.44701
3217,81,3540,160.562
3217,82,3578,163.701
3217,83,3616,166.86501
3217,84,3654,170.054
3217,85,3692,173.267
3217,86,3730,176.504
3217,87,3768,179.76601
3217,88,3806,183.05099
3217,89,3844,186.36099
3217,90,3882,189.69501
3217,91,3920,193.05299
3217,92,3958,196.435
3217,93,3996,199.84
3217,94,4034,203.269
3217,95,4072,206.722
3217,96,4110,210.198
3217,97,4148,213.698
3217,98,4186,217.22099
3217,99,4224,220.76801
3217,100,4262,224.33701
3228,1,131,0.018999999
3228,2,157,0.046
3228,3,172,0.071000002
3228,4,191,0.116
3228,5,205,0.167
3228,6,215,0.206
3228,7,230,0.271
3228,8,244,0.333
3228,9,267,0.447
3228,10,295,0.59399998
3228,11,391,1.3200001
3228,12,433,1.66
3228,13,600,3.1500001
3228,14,800,5
3228,15,1000,7
3228,16,1700,14.2
3390,14,1455,4.8800001
3390,15,1639,6.0900002
3390,16,1870,7.7800002
3390,17,2117,9.9899998
3390,18,2286,12.3
3390,19,2636,17.6
3390,20,2998,23.6
3390,21,3705,37.799999
3391,1,194,0.052000001
3408,2,329,0
3408,3,338,0.0070000002
3408,4,348,0.014
3408,5,358,0.023
3408,6,368,0.034000002
3408,7,378,0.048999999
3408,8,388,0.066
3408,9,398,0.086999997
3408,10,408,0.111
3408,11,418,0.138
3408,12,428,0.169
4653,1,546,0.42500001
4653,2,663,1.16
4653,3,730,1.71
4653,4,894,3.28
4653,5,1781,12.3
4656,1,546,0.42500001
4663,1,1,0.101
4663,2,44,0.264
4663,3,77,0.44400001
4663,4,140,0.86400002
4663,5,196,1.29
3201,44,2134,62.844002
3201,45,2172,65.195
3201,46,2210,67.581001
3201,47,2248,70.000999
3201,48,2286,72.456001
3201,49,2324,74.945
3201,50,2362,77.467003
3201,51,2400,80.023003
3201,52,2438,82.612
3201,53,2476,85.234001
3201,54,2514,87.889999
3201,55,2552,90.578003
3201,56,2590,93.297997
3201,57,2628,96.051003
3201,58,2666,98.835999
3201,59,2704,101.654
3201,60,2742,104.502
3201,61,2780,107.383
3201,62,2818,110.295
3201,63,2856,113.238
3201,64,2894,116.213
3201,65,2932,119.218
3201,66,2970,122.255
3201,67,3008,125.322
3201,68,3046,128.41901
3201,69,3084,131.547
3201,70,3122,134.705
3201,71,3160,137.894
3201,72,3198,141.112
3201,73,3236,144.36
3201,74,3274,147.638
3201,75,3312,150.946
3201,76,3350,154.283
3201,77,3388,157.649
3201,78,3426,161.045
3201,79,3464,164.47
3201,80,3502,167.923
3201,81,3540,171.40601
3201,82,3578,174.91701
3201,83,3616,178.457
3201,84,3654,182.02499
3201,85,3692,185.62199
3201,86,3730,189.248
3201,87,3768,192.901
3201,88,3806,196.582
3201,89,3844,200.29201
3201,90,3882,204.02901
3201,91,3920,207.79401
3201,92,3958,211.58701
3201,93,3996,215.408
3201,94,4034,219.256
3201,95,4072,223.131
3201,96,4110,227.034
3201,97,4148,230.964
3201,98,4186,234.92101
3201,99,4224,238.905
3201,100,4262,242.916
3205,69,1976,109
3205,70,2008,112
3205,71,2040,116
3205,72,2072,119
3205,73,2104,122
3205,74,2136,126
3205,75,2168,129
3205,76,2200,133
3205,77,2232,136
3205,78,2264,140
3205,79,2296,143
3205,80,2328,147
3205,81,2360,151
3205,82,2392,155
3205,83,2424,159
3205,84,2456,163
3205,85,2488,166
3205,86,2520,170
3205,87,2552,175
3205,88,2584,179
3205,89,2616,183
3205,90,2648,187
3205,91,2680,191
3205,92,2712,195
3205,93,2744,200
3205,94,2776,204
3205,95,2808,208
3205,96,2840,213
3205,97,2872,217
3205,98,2904,222
3205,99,2936,227
3205,100,2968,231
3217,1,500,0.025
3217,2,538,0.131
3217,3,576,0.28799999
3217,4,614,0.486
3217,5,652,0.72000003
3217,6,690,0.98400003
3217,7,728,1.278
3217,8,766,1.598
3217,9,804,1.944
3217,10,842,2.3139999
3217,11,880,2.7060001
3217,12,918,3.1210001
3217,13,956,3.556
3217,14,994,4.0139999
3217,15,1032,4.7529998
3217,16,1070,5.71
3217,17,1108,6.8179998
3217,18,1146,8.052
3217,19,1184,9.3970003
3217,20,1222,10.843
3217,21,1260,12.382
3217,22,1298,14.007
3217,23,1336,15.715
3217,24,1374,17.5
3217,25,1412,19.360001
3217,26,1450,21.291
3217,27,1488,23.291
3217,28,1526,25.358
3217,29,1564,27.489
3217,30,1602,29.681999
3217,31,1640,31.936001
3217,32,1678,34.249001
3217,33,1716,36.619999
3217,34,1754,39.047001
3217,35,1792,41.528999
3217,36,1830,44.064999
3217,37,1868,46.653
3217,38,1906,49.292999
3240,7,3500,26.5
3240,8,3800,43
3241,8,3000,17.6
3241,9,3500,25.6
3242,13,3600,27.6
3338,10,1685,6.3899999
3338,11,1687,6.4400001
3338,12,2127,9.8299999
3338,13,2445,13.3
3338,14,2856,19.200001
3338,15,3378,29.4
3338,16,3454,39.599998
3339,1,795,0.56
3339,2,948,1.11
3339,3,982,1.1799999
3339,4,1037,1.41
3339,5,1075,1.46
3339,6,1108,1.63
3339,7,1210,2.1199999
3339,8,1322,2.6900001
3339,9,1434,3.3800001
3339,10,1546,4.2199998
3339,11,1658,5.2399998
3339,12,1894,7.2199998
3339,13,2263,10.6
3339,14,2616,13.4
3339,15,2968,16.700001
3339,16,3175,22.200001
3339,17,3380,29.4
3339,18,3454,39.599998
3341,1,739,0.428
3341,2,903,0.889
3341,3,943,1.03
3341,4,1030,1.39
3341,5,1110,1.8
3341,6,1230,2.3800001
3341,7,1450,3.8699999
3341,8,1540,4.5599999
3341,9,1600,5.1399999
3341,10,1770,6.6100001
3341,11,2060,9.1199999
3341,12,2460,12.6
3341,13,2730,14.9
3341,14,2880,16.4
3341,15,2990,18.1
3341,16,3250,24.299999
3341,17,3380,29.4
3341,18,3450,39.599998
3342,1,500,1.7
3342,2,700,2.3
3342,3,1000,4.0999999
3342,4,1400,6.9000001
3342,5,1900,11.4
3342,6,2100,13.6
3342,7,2400,17.5
3343,1,300,1.4
3343,2,500,2.2
3343,3,700,3.0999999
3343,4,1000,5
3343,5,1500,9
3343,6,1900,12.6
3343,7,2200,15.8
3343,8,2500,19.700001
3343,9,2900,26.5
3343,10,3300,35.5
3382,41,3700,53.200001
3382,42,3800,58
3382,43,3900,63.900002
3383,1,140,0
3383,2,160,0.0099999998
3383,3,180,0.029999999
3383,4,250,0.17
3383,5,290,0.28999999
3383,6,310,0.37
3260,1,1,0.114
3260,2,33,0.169
3260,3,94,0.28999999
3260,4,127,0.389
3260,5,243,0.68900001
3260,6,392,1.13
3260,7,675,1.96
3260,8,760,2.1800001
3260,9,875,2.5999999
3260,10,877,2.5999999
3260,11,1140,3.1500001
3260,12,1610,4.6700001
3260,13,2080,6.79
3260,14,2380,8.7399998
3260,15,2870,12.5
3260,16,3089,14.7
3261,1,1,0.014
3261,2,8,0.063000001
3261,3,15,0.094999999
3261,4,29,0.14300001
3261,5,57,0.21600001
3261,6,113,0.32699999
3261,7,223,0.51999998
3261,8,430,0.91500002
3261,9,635,1.47
3261,10,795,2.23
3261,11,1110,3.6700001
3261,12,1880,7.0799999
3261,13,3055,12.2
3262,1,120,0.055
3262,2,143,0.139
3262,3,190,0.33700001
3262,4,220,0.44999999
3262,5,288,0.61500001
3262,6,431,0.91399997
3262,7,590,1.16
3262,8,910,2
3262,9,1490,4.2800002
3262,10,2000,6.23
3262,11,2750,10.3
3262,12,3055,11.8
3265,18,1950,260
3265,17,1600,200
3265,16,1300,160
3265,15,1000,125
3265,14,850,108
3265,13,650,85
3265,12,550,73
3265,11,450,60
3265,10,400,52
3265,9,350,42
3265,8,300,32.200001
3265,7,250,22.5
3265,6,200,15
3265,5,150,12
3265,4,50,8
3265,3,0,6
3265,2,-100,4.6999998
3265,1,-500,0.77899998
3286,4,700,22
3286,5,900,35
3286,6,1150,53
3286,7,1300,64
3286,8,1400,71.699997
3286,9,1500,79.400002
3286,10,1650,90.800003
3286,11,1850,106
3286,12,2050,121
3286,13,2350,144
3286,14,2700,172
3287,1,300,7
3287,2,400,8.6999998
3287,3,500,10.5
3383,7,330,0.47
3383,8,370,0.70999998
3383,9,440,1.2
3383,10,470,1.46
3383,11,560,2.3599999
3383,12,700,3.9100001
3383,13,750,4.52
3383,14,800,5.1500001
3383,15,900,6.3499999
3383,16,1000,7.5500002
3383,17,1050,8.1400003
3383,18,1100,8.6599998
3383,19,1200,9.75
3408,13,438,0.20299999
3408,14,448,0.241
3408,15,458,0.28299999
3408,16,478,0.37799999
3408,17,498,0.49000001
3287,4,550,12
3287,5,600,14.2
3287,6,650,17.200001
3287,7,700,20.700001
3287,8,900,35
3287,9,1150,53
3287,10,1300,64
3287,11,1500,79
3287,12,1650,90.5
3287,13,1850,106
3287,14,2050,121
3287,15,2350,144
3287,16,2700,172
3297,10,999,120
3297,11,1501,181
3297,12,1850,239
3297,13,2205,312
3302,1,129,0
3303,1,104,1.03
3303,2,220,1.9400001
3303,3,336,2.98
3303,4,568,5.3699999
3303,5,1030,11.1
3303,6,1500,17.700001
3412,7,505,0.55599999
3412,8,570,0.972
3412,9,630,1.63
3412,10,730,3.2
3412,11,870,6.5
3412,12,1000,11
3412,13,1100,15.5
3412,14,1200,20.299999
3412,15,1400,30.299999
3412,16,1700,47.5
3412,17,2000,69
3412,18,2300,96.5
3413,1,23,0
3413,2,500,0.124
3413,3,511,0.171
3413,4,625,1.36
3413,5,676,1.9
3413,6,740,3.3
3413,7,767,4
3413,8,789,4.6799998
3413,9,1000,13
3413,10,1200,21
3413,11,1400,30.299999
3413,12,1700,47.5
3413,13,2000,69
3413,14,2300,96.5
3413,15,2600,126
3413,16,2900,160
3414,1,210,0.039000001
3414,2,380,0.098999999
3414,3,420,0.198
3414,4,435,0.29100001
3414,5,480,0.405
3414,6,485,0.61000001
3414,7,505,0.78299999
3414,8,525,0.98799998
3414,9,535,1.13
3414,10,545,1.34
3414,11,565,1.73
3414,12,595,2.27
3414,13,615,2.71
3414,14,625,2.96
3414,15,655,4.0999999
3414,16,739,6.9200001
3414,17,806,9.3999996
3414,18,960,14.3
3414,19,1100,18.700001
3414,20,1200,22.4
3414,21,1400,31
3414,22,1700,48.5
3414,23,2000,69
3414,24,2300,96.5
3415,1,201,0.033
3415,2,260,0.219
3415,3,280,0.23999999
3415,4,301,0.36199999
3458,1,-330,0
3458,2,0,0.059999999
3458,3,161,0.090000004
3458,4,177,0.149
3458,5,193,0.22
3458,6,209,0.301
3539,1,300,7.6300001
3539,2,400,9.25
3539,3,499,11.1
3539,4,590,14.7
3539,5,704,21.799999
3539,6,898,35.599998
3539,7,1500,80
3539,8,1650,90.699997
3539,9,2050,121
3551,1,-500,0.77899998
3551,2,-100,4.6999998
3551,3,0,6
3313,11,898,6.6500001
3313,12,997,7.79
3313,13,1088,8.96
3313,14,1173,10.4
3313,15,1298,12.8
3314,1,240,0.80000001
3314,2,280,1.0700001
3314,3,340,1.48
3314,4,350,1.5599999
3314,5,400,2.05
3314,6,502,3.03
3314,7,655,4.6100001
3314,8,755,5.6599998
3314,9,810,6.3299999
3314,10,982,8.29
3314,11,1122,9.9799995
3314,12,1215,11.3
3314,13,1298,12.7
3314,14,1447,15.8
3315,1,300,1.1
3315,2,360,1.42
3315,3,400,1.7
3315,4,600,3.4000001
3315,5,800,5.1500001
3315,6,1000,7.52
3315,7,1197,10.4
3315,8,1385,14
3315,9,1605,18.700001
3316,1,277,0.64999998
3316,2,334,1.0700001
3316,3,390,1.61
3316,4,405,1.89
3316,5,418,2.04
3316,6,502,3.0899999
3316,7,571,3.9400001
3316,8,649,4.8400002
3316,9,879,7.52
3316,10,988,9.0699997
3316,11,1109,11
3316,12,1212,12.8
3316,13,1342,15.3
3317,1,260,0.89999998
3317,2,369,1.39
3317,3,385,1.61
3317,4,402,1.85
3317,5,442,2.6400001
3317,6,476,3.05
3317,7,516,3.25
3317,8,581,4.1500001
3317,9,736,5.5100002
3317,10,829,6.52
3317,11,879,7.21
3317,12,982,8.7399998
3317,13,1151,11.6
3317,14,1303,14.6
3318,1,252,0.86799997
3318,2,339,1.22
3318,3,369,1.39
3318,4,385,1.61
3318,5,400,1.78
3318,6,428,2.0599999
3318,7,451,2.3900001
3318,8,477,2.72
3318,9,508,3.03
3318,10,581,4.1500001
3318,11,736,5.5100002
3318,12,829,6.52
3318,13,881,7.2199998
3318,14,982,8.7299995
3318,15,1129,11.2
3318,16,1287,14.3
4736,1,0,0
4736,2,100,0.029999999
4736,3,120,0.082000002
4736,4,140,0.148
4736,5,160,0.227
4736,6,180,0.31600001
4736,7,200,0.414
4736,8,220,0.52100003
4736,9,240,0.63499999
4736,10,260,0.75800002
4736,11,280,0.88700002
4736,12,300,1.02
4736,13,320,1.16
4736,14,340,1.3099999
4736,15,360,1.47
4736,16,380,1.63
4736,17,400,1.79
4736,18,420,1.96
4736,19,440,2.1400001
4736,20,460,2.3199999
4736,21,480,2.5
4736,22,500,2.6900001
4736,23,520,2.8900001
4736,24,540,3.0899999
4736,25,560,3.29
4736,26,580,3.5
4736,27,600,3.71
4736,28,620,3.9300001
4736,29,640,4.1500001
4736,30,660,4.3699999
4736,31,680,4.5999999
4736,32,700,4.8299999
4736,33,720,5.0700002
4736,34,740,5.3099999
4736,35,760,5.5500002
4736,36,780,5.8000002
4736,37,800,6.0500002
4736,38,820,6.29
4736,39,840,6.5500002
4736,40,860,6.8000002
4736,41,880,7.0700002
4736,42,900,7.3299999
4736,43,920,7.6100001
4736,44,940,7.8800001
4736,45,960,8.1700001
4736,46,980,8.4499998
4736,47,1000,8.7399998
4736,48,1020,9.04
4736,49,1040,9.3400002
3320,1,300,1.25
3320,2,350,1.6
3320,3,500,2.75
3320,4,751,4.96
3320,5,995,7.3699999
3320,6,1312,12
3321,1,400,1.77
3321,2,450,2.0899999
3321,3,500,2.4400001
3321,4,550,2.8
3321,5,600,3.2
3321,6,815,4.9899998
3321,7,1025,7
3321,8,1212,9.5100002
3321,9,1517,14.3
3322,1,491,2.02
3322,2,710,3.3599999
3322,3,999,5.5300002
3322,4,1167,7.5999999
3322,5,1332,9.9200001
3322,6,1527,12.9
3323,1,400,1.52
3323,2,1000,6.04
3323,3,1220,9.1300001
3323,4,1515,13.7
3324,1,300,1.62
3324,2,400,2.47
3324,3,500,3.27
3324,4,600,4.1300001
3324,5,700,4.9899998
3324,6,800,5.8499999
3324,7,913,6.96
3324,8,1015,8.1999998
3324,9,1084,9.1999998
3324,10,1187,10.8
3324,11,1516,15.6
3325,1,330,0.94999999
3325,2,400,1.8
3325,3,501,2.8499999
3325,4,601,3.9000001
3325,5,702,4.8800001
3325,6,753,5.3600001
3325,7,806,5.8699999
3325,8,855,6.3299999
3325,9,904,6.8299999
3325,10,956,7.4000001
3325,11,1003,7.9200001
3325,12,1054,8.6300001
3325,13,1097,9.3299999
3325,14,1148,10.2
3325,15,1208,11.3
3325,16,1315,13.3
3331,4,375,0.90499997
3331,5,433,1.21
3331,6,495,1.59
3331,7,608,2.3399999
3331,8,1058,5.46
3331,9,1366,7.75
3331,10,1493,8.7799997
3331,11,1822,11.7
3485,1,150,0.098999999
3485,2,185,0.155
3485,3,219,0.221
3485,4,288,0.38600001
3485,5,357,0.59399998
3485,6,423,0.84299999
3485,7,499,1.16
3485,8,637,1.8
4736,50,1060,9.6499996
4736,51,1080,9.96
4736,52,1100,10.3
4736,53,1120,10.6
4736,54,1140,10.9
4736,55,1160,11.3
4736,56,1180,11.6
4736,57,1200,11.9
4736,58,1220,12.3
4736,59,1240,12.6
4736,60,1260,13
4736,61,1280,13.4
4736,62,1300,13.7
4736,63,1320,14.1
4736,64,1340,14.5
4736,65,1360,14.9
4736,66,1380,15.2
4736,67,1400,15.6
4736,68,1420,16
4736,69,1440,16.4
4736,70,1460,16.799999
4736,71,1480,17.299999
4736,72,1500,17.700001
4736,73,1520,18.1
4736,74,1540,18.5
4736,75,1560,19
4736,76,1580,19.4
4736,77,1600,19.799999
4736,78,1620,20.299999
4736,79,1640,20.700001
4736,80,1660,21.200001
4736,81,1680,21.700001
4736,82,1700,22.1
4736,83,1720,22.6
4736,84,1740,23.1
4736,85,1760,23.6
4858,1,240,0.81699997
4858,2,339,1.17
4858,3,352,1.25
4858,4,369,1.39
4858,5,383,1.51
4858,6,400,1.6799999
4858,7,425,1.9299999
3302,2,136,0.17299999
3302,3,144,0.32800001
3302,4,152,0.46900001
3302,5,159,0.58600003
3302,6,189,1.05
3302,7,250,1.88
3302,8,371,3.3599999
3302,9,613,6
3302,10,1100,10.7
3302,11,2250,21
3302,12,2260,21
3303,7,1960,25
3310,1,250,0.97500002
3310,2,260,1.05
3310,3,300,1.38
3310,4,350,1.8
3310,5,400,2.25
3310,6,450,2.6800001
3310,7,500,3.1199999
3310,8,550,3.5799999
3310,9,600,4.04
3310,10,650,4.5300002
3310,11,700,5.0100002
3310,12,750,5.4899998
3310,13,800,5.96
3310,14,850,6.46
3310,15,900,6.98
3310,16,950,7.5100002
3310,17,999,8.1899996
3310,18,1100,9.5900002
3310,19,1200,11.1
3310,20,1264,12
3310,21,1510,15.8
3311,1,300,1.01
3311,2,430,2.4300001
3311,3,519,3.3800001
3311,4,605,4.2600002
3311,5,770,5.8299999
3311,6,891,7.0599999
3311,7,1011,8.4700003
3311,8,1102,9.8400002
3311,9,1172,11.1
3311,10,1231,12.2
3312,1,249,0.78500003
3312,2,302,1.3
3312,3,350,1.8200001
3312,4,401,2.3499999
3312,5,452,2.8699999
3312,6,503,3.4200001
3312,7,552,3.95
3312,8,603,4.46
3312,9,702,5.4499998
3312,10,800,6.4000001
3312,11,899,7.4200001
3312,12,992,8.54
3312,13,1236,12.3
3313,1,300,0.73000002
3313,2,350,1.11
3313,3,400,1.5599999
3313,4,450,2.0999999
3313,5,500,2.54
3313,6,553,3.0899999
3313,7,606,3.5799999
3313,8,655,4.0999999
3313,9,753,5.1999998
3313,10,804,5.7199998
3331,12,2007,13.6
3332,1,188,0.29300001
3332,2,287,0.54699999
3332,3,385,0.98900002
3332,4,437,1.36
3332,5,483,1.71
3332,6,562,2.29
3332,7,817,4.0599999
3332,8,1042,5.5999999
3332,9,1357,8.1000004
3332,10,1723,11.2
3344,1,550,1.15
3344,2,700,1.6
3344,3,1000,3.0999999
3344,4,1300,5.1999998
3344,5,1600,7.9000001
3344,6,2000,11.9
3344,7,2400,16.9
3344,8,2800,23.5
3344,9,3100,29.799999
3344,10,3300,34.400002
3345,1,300,0.60000002
3345,2,400,0.89999998
3345,3,600,1.8
3345,4,1000,4.5999999
3345,5,1400,7.8000002
3345,6,1800,11.6
3345,7,2200,16.4
3345,8,2500,20.9
3345,9,2800,26.299999
3346,1,200,0.5
3346,2,300,0.80000001
3346,3,400,1.25
3346,4,500,1.8
3346,5,1100,5.6999998
3346,6,1500,8.6999998
3346,7,1900,12.5
3346,8,2200,15.8
3346,9,2500,19.700001
3346,10,2900,26.5
3346,11,3300,35.5
3347,1,300,0.55000001
3347,2,400,0.89999998
3347,3,600,1.8
3347,4,800,2.9000001
3347,5,1800,9.3999996
3347,6,2400,13.9
3347,7,2800,17.700001
3347,8,3000,20.1
3347,9,3200,22.9
3348,1,400,1
3348,2,440,1.1
3348,3,600,1.58
3348,4,680,1.86
3348,5,900,2.74
3348,6,1060,3.5
3348,7,1100,3.8
3348,8,2100,9.3999996
3348,9,2300,10.7
3348,10,2500,12.3
3348,11,2700,14.4
3348,12,3000,18
3348,13,3600,27.6
3349,1,480,0.93000001
3349,2,540,1.05
3349,3,600,1.2
3349,4,900,2.0999999
3349,5,1900,7.5999999
3349,6,2300,10
3349,7,2600,12.7
3349,8,3000,17.6
3349,9,3500,25.6
3350,1,1000,1.1
3350,2,1200,1.7
3350,3,2200,6.1999998
3350,4,2600,8.6000004
3350,5,3000,12
3350,6,3200,16
3350,7,3500,26.5
3350,8,3800,43
3391,2,229,0.078000002
3391,3,247,0.093000002
3391,4,265,0.111
3391,5,301,0.15000001
3391,6,336,0.19599999
3391,7,407,0.31
3391,8,478,0.454
3391,9,550,0.63300002
3391,10,621,0.84399998
3391,11,763,1.37
3391,12,905,2.05
3391,13,1047,2.8900001
3391,14,1189,3.77
3391,15,1336,4.77
3391,16,1464,5.6900001
3391,17,1869,8.7600002
3392,1,150,0.029999999
3392,2,200,0.079999998
3392,3,290,0.245
3392,4,600,1.21
3392,5,1000,3
3392,6,1500,5.5
3392,7,2000,8.9200001
3392,8,2502,14.4
3393,1,140,0.0040000002
3393,2,205,0.041000001
3393,3,235,0.072999999
3393,4,258,0.107
3393,5,302,0.191
3393,6,345,0.285
3393,7,432,0.50700003
3393,8,535,0.80299997
3472,1,162,-0.0070000002
3472,2,262,0.25799999
3472,3,414,0.83099997
3472,4,554,1.4
3472,5,683,1.9400001
3472,6,839,2.8299999
3472,7,1063,4.1100001
3472,8,1169,4.77
3472,9,1438,6.79
3368,8,1400,22.799999
3368,9,1800,32.400002
3368,10,2200,43.599998
3368,11,2400,50
3368,12,2900,70
3368,13,3100,81
3368,14,3300,96
3369,1,0,1.64
3369,2,60,2
3369,3,120,2.4200001
3393,9,714,1.5
3393,10,906,2.21
3393,11,1097,3.04
3393,12,1479,5.0100002
3393,13,1788,7.02
3393,14,2267,11.6
3393,15,2691,16.9
3393,16,3114,24.299999
3394,1,190,0.0049999999
3394,2,219,0.035
3394,3,245,0.07
3394,4,270,0.12
3394,5,286,0.156
3394,6,316,0.204
3394,7,352,0.28200001
3394,8,376,0.33899999
3394,9,417,0.44600001
3394,10,586,0.96799999
3394,11,697,1.36
3394,12,790,1.76
3394,13,972,2.5
3394,14,1738,6.6599998
3394,15,2128,10.1
3408,18,518,0.61799997
3408,19,538,0.76300001
3408,20,568,1.01
3408,21,588,1.2
3408,22,608,1.41
3408,23,638,1.76
3408,24,678,2.3
3408,25,718,2.9200001
3408,26,758,3.6300001
3408,27,798,4.4200001
3408,28,848,5.5500002
3408,29,898,6.8099999
3408,30,968,8.8400002
3408,31,1008,10.1
3408,32,1058,11.9
3408,33,1078,12.7
3408,34,1098,13.4
3408,35,1198,17.299999
3408,36,1308,22.1
3408,37,1448,28.799999
3408,38,1608,37.400002
3408,39,1828,50.599998
3408,40,2088,68.300003
3408,41,2398,92.099998
3408,42,2528,103
3408,43,2548,105
3408,44,2568,106
3408,45,2628,112
3408,46,2648,113
3408,47,2728,121
3408,48,2748,122
3408,49,2868,134
3408,50,2898,136
3408,51,2993,146
3415,5,336,0.44100001
3415,6,373,0.60100001
3415,7,410,0.81
3415,8,447,1.08
3415,9,484,1.42
3415,10,561,2.3599999
3415,11,622,3.45
3415,12,684,4.9000001
3415,13,800,8.5
3415,14,1004,15
3415,15,1200,22
3415,16,1400,30.299999
3415,17,1700,47.5
3415,18,2000,69
3415,19,2600,126
3416,1,29,0
3416,2,194,0.0020000001
3416,3,217,0.0049999999
3416,4,263,0.018999999
3416,5,297,0.041000001
3416,6,399,0.079999998
3416,7,422,0.184
3416,8,445,0.37200001
3416,9,467,0.47499999
3416,10,490,0.60299999
3416,11,513,0.75599998
3416,12,559,1.14
3416,13,605,1.67
3416,14,650,2.3299999
3416,15,696,3.25
3416,16,741,4.5
3416,17,787,5.8000002
3416,18,834,7
3416,19,929,9.6999998
3416,20,1006,12.4
3416,21,1100,16.5
3416,22,1200,21.5
3416,23,1400,30.5
3416,24,1700,47.5
3416,25,2000,69
3416,26,2300,96.5
3416,27,2600,126
3416,28,2900,160
3417,1,400,0
3417,2,460,0.055
3417,3,480,0.085000001
3417,4,510,0.14
3417,5,540,0.25999999
3417,6,570,0.44
3417,7,600,0.63
3417,8,638,1.09
3417,9,655,1.34
3417,10,700,2.1300001
3417,11,750,3.2
3417,12,800,4.8000002
3417,13,1000,12.8
3417,14,1200,21
3417,15,1400,30.299999
3417,16,1700,47.5
3417,17,2000,69
3417,18,2300,96.5
3417,19,2600,126
3417,20,2900,160
3418,1,350,0.25
3418,2,459,0.727
3418,3,492,0.94999999
3418,4,528,1.3
3418,5,562,1.85
3418,6,631,3.0999999
3418,7,700,4.5
3418,8,770,6.4000001
3418,9,850,8.8000002
3418,10,950,12
3418,11,1050,16
3418,12,1150,20
3418,13,1200,22
3418,14,1400,31
3418,15,1700,47.5
3418,16,2000,69
3418,17,2300,96.5
3418,18,2600,126
3419,1,370,0
3419,2,460,0.029999999
3443,1,120,0.0049999999
3443,2,300,0.0099999998
3443,3,350,0.105
3443,4,380,0.23999999
3443,5,400,0.345
3443,6,450,0.68000001
3443,7,480,0.92500001
3443,8,500,1.2
3443,9,540,1.8
3443,10,600,2.7
3443,11,750,4.9200001
3443,12,850,6.4000001
3443,13,1000,8.6499996
3443,14,1200,11.8
3443,15,1500,17.5
3443,16,1800,24
3443,17,2100,32.5
3444,1,150,0.15000001
3444,2,200,0.34999999
3444,3,250,0.63
3444,4,300,0.94999999
3444,5,350,1.33
3444,6,400,1.78
3444,7,450,2.47
3444,8,500,3.24
3444,9,600,4.8200002
3444,10,700,6.3499999
3444,11,850,8.6499996
3444,12,1000,11
3444,13,1200,14.2
3419,3,480,0.075000003
3419,4,510,0.17
3419,5,550,0.38
3419,6,600,0.80000001
3419,7,650,1.5
3419,8,700,2.5
3419,9,750,3.55
3419,10,800,4.8499999
3419,11,1000,11.5
3419,12,1200,19.5
3419,13,1400,28
3419,14,1700,46
3419,15,2000,69
3419,16,2300,96.5
3419,17,2600,126
3419,18,2900,160
3424,1,220,-0.045000002
3424,2,247,-0.041000001
3424,3,275,-0.0099999998
3424,4,303,0.050000001
3424,5,331,0.14
3424,6,359,0.23
3424,7,386,0.336
3424,8,414,0.44600001
3424,9,442,0.56999999
3424,10,470,0.69300002
3424,11,498,0.82300001
3424,12,525,0.96700001
3424,13,553,1.119
3424,14,581,1.278
3424,15,609,1.438
3424,16,637,1.607
3424,17,664,1.832
3424,18,692,2.207
3424,19,720,2.6459999
3424,20,748,3.142
3424,21,776,3.664
3424,22,803,4.224
3424,23,831,4.7709999
3424,24,859,5.3460002
3424,25,887,5.9569998
3424,26,915,6.5949998
3424,27,942,7.2579999
3424,28,970,7.947
3424,29,998,8.6599998
3424,30,1026,9.3979998
3424,31,1054,10.16
3424,32,1081,10.946
3424,33,1109,11.774
3424,34,1137,12.636
3424,35,1165,13.523
3424,36,1193,14.434
3424,37,1220,15.368
3424,38,1248,16.313999
3424,39,1276,17.254
3424,40,1304,18.214001
3424,41,1332,19.195
3424,42,1359,20.195999
3424,43,1387,21.218
3424,44,1415,22.26
3424,45,1443,23.334
3424,46,1471,24.441999
3424,47,1498,25.570999
3424,48,1526,26.719999
3424,49,1554,27.889999
3424,50,1582,29.079
3424,51,1610,30.289
3424,52,1637,31.5
3424,53,1665,32.721001
3424,54,1693,33.959999
3424,55,1721,35.216999
3424,56,1749,36.492001
3424,57,1776,37.784
3424,58,1804,39.094002
3424,59,1832,40.422001
3424,60,1860,41.765999
3424,61,1888,43.129002
3424,62,1915,44.507999
3424,63,1943,45.903999
3424,64,1971,47.317001
3424,65,1999,48.747002
3424,66,2027,50.193001
3424,67,2054,51.655998
3424,68,2082,53.134998
3424,69,2110,54.631001
3424,70,2138,56.143002
3424,71,2166,57.671001
3424,72,2193,59.215
3424,73,2221,60.799
3424,74,2249,62.424
3424,75,2277,64.070999
3424,76,2305,65.737999
3424,77,2332,67.426003
3424,78,2360,69.135002
3424,79,2388,70.862999
3424,80,2416,72.612
3424,81,2444,74.379997
3424,82,2471,76.167999
3424,83,2499,77.974998
3424,84,2527,79.802002
3424,85,2555,81.648003
3424,86,2583,83.513
3424,87,2610,85.397003
3424,88,2638,87.300003
3424,89,2666,89.221001
3424,90,2694,91.161003
3424,91,2722,93.120003
3424,92,2749,95.097
3424,93,2777,97.092003
3424,94,2805,99.105003
3424,95,2833,101.137
3424,96,2861,103.187
3424,97,2888,105.255
3424,98,2916,107.34
3424,99,2944,109.443
3424,100,2972,111.564
3425,1,220,0.056000002
3425,2,247,0.072999999
3425,3,275,0.133
3425,4,303,0.23
3425,5,331,0.35100001
3425,6,359,0.495
3425,7,386,0.65399998
3425,8,414,0.83600003
3425,9,442,1.029
3425,10,470,1.234
3425,11,498,1.455
3425,12,525,1.694
3425,13,553,1.954
3425,14,581,2.2149999
3425,15,609,2.4820001
3425,16,637,2.8180001
3425,17,664,3.2750001
3425,18,692,3.8870001
3425,19,720,4.5840001
3425,20,748,5.3280001
3425,21,776,6.1329999
3425,22,803,7.0359998
3425,23,831,7.9899998
3425,24,859,8.9289999
3425,25,887,9.8959999
3425,26,915,10.895
3425,27,942,11.934
3425,28,970,13.011
3425,29,998,14.141
3425,30,1026,15.338
3425,31,1054,16.570999
3425,32,1081,17.841
3425,33,1109,19.145
3425,34,1137,20.476
3425,35,1165,21.788
3425,36,1193,23.131001
3425,37,1220,24.531
3425,38,1248,26.017
3425,39,1276,27.542
3425,40,1304,29.104
3425,41,1332,30.701
3425,42,1359,32.333
3425,43,1387,34.000999
3425,44,1415,35.651001
3425,45,1443,37.327999
3425,46,1471,39.034
3425,47,1498,40.77
3425,48,1526,42.535
3425,49,1554,44.349998
3425,50,1582,46.231998
3425,51,1610,48.127998
3425,52,1637,50.078999
3425,53,1665,52.061001
3425,54,1693,54.074001
3425,55,1721,56.116001
3425,56,1749,58.186001
3425,57,1776,60.286999
3425,58,1804,62.417999
3425,59,1832,64.579002
3425,60,1860,66.748001
3425,61,1888,68.947998
3425,62,1915,71.234001
3425,63,1943,73.550003
3425,64,1971,75.862
3425,65,1999,78.202003
3425,66,2027,80.639
3425,67,2054,83.162003
3425,68,2082,85.667
3425,69,2110,88.220001
3425,70,2138,90.867996
3425,71,2166,93.549004
3425,72,2193,96.264
3425,73,2221,99.013
3425,74,2249,101.794
3425,75,2277,104.6
3425,76,2305,107.407
3425,77,2332,110.247
3425,78,2360,113.12
3425,79,2388,116.026
3425,80,2416,118.965
3425,81,2444,121.936
3425,82,2471,124.94
3425,83,2499,127.976
3425,84,2527,131.043
3425,85,2555,134.14301
3425,86,2583,137.27299
3425,87,2610,140.436
3425,88,2638,143.629
3425,89,2666,146.853
3425,90,2694,150.10899
3425,91,2722,153.395
3425,92,2749,156.711
3425,93,2777,160.058
3425,94,2805,163.435
3425,95,2833,166.842
3425,96,2861,170.27901
3425,97,2888,173.746
3425,98,2916,177.242
3425,99,2944,180.76801
3425,100,2972,184.32401
3429,1,220,0
3429,2,247,0.016000001
3429,3,275,0.072999999
3429,4,303,0.152
3429,5,331,0.249
3429,6,359,0.36000001
3429,7,386,0.48300001
3429,8,414,0.61900002
3429,9,442,0.76499999
3429,10,470,0.921
3429,11,498,1.087
3429,12,525,1.261
3429,13,553,1.444
3429,14,581,1.635
3429,15,609,1.834
3429,16,637,2.04
3429,17,664,2.359
3429,18,692,2.8840001
3429,19,720,3.4489999
3429,20,748,4.0539999
3429,21,776,4.698
3429,22,803,5.3779998
3429,23,831,6.0949998
3429,24,859,6.8460002
3429,25,887,7.632
3429,26,915,8.4519997
3429,27,942,9.3039999
3429,28,970,10.189
3429,29,998,11.105
3429,30,1026,12.053
3429,31,1054,13.031
3429,32,1081,14.039
3429,33,1109,15.077
3429,34,1137,16.143
3429,35,1165,17.239
3429,36,1193,18.363001
3429,37,1220,19.516001
3429,38,1248,20.695
3429,39,1276,21.903
3429,40,1304,23.136999
3429,41,1332,24.398001
3429,42,1359,25.684999
3429,43,1387,26.999001
3429,44,1415,28.339001
3429,45,1443,29.704
3429,46,1471,31.094
3429,47,1498,32.509998
3429,48,1526,33.951
3429,49,1554,35.416
3429,50,1582,36.905998
3429,51,1610,38.421001
3429,52,1637,39.959
3429,53,1665,41.521
3429,54,1693,43.106998
3429,55,1721,44.716999
3429,56,1749,46.349998
3429,57,1776,48.006001
3429,58,1804,49.688
3429,59,1832,51.404999
3429,60,1860,53.155998
3429,61,1888,54.938
3429,62,1915,56.750999
3429,63,1943,58.591999
3429,64,1971,60.463001
3429,65,1999,62.361
3429,66,2027,64.288002
3429,67,2054,66.241997
3429,68,2082,68.223
3429,69,2110,70.231003
3429,70,2138,72.264999
3429,71,2166,74.325996
3429,72,2193,76.413002
3429,73,2221,78.525002
3429,74,2249,80.664001
3429,75,2277,82.827003
3429,76,2305,85.015999
3429,77,2332,87.230003
3429,78,2360,89.469002
3429,79,2388,91.732002
3429,80,2416,94.019997
3429,81,2444,96.332001
3429,82,2471,98.668999
3429,83,2499,101.03
3429,84,2527,103.414
3429,85,2555,105.822
3429,86,2583,108.254
3429,87,2610,110.709
3429,88,2638,113.188
3429,89,2666,115.69
3429,90,2694,118.215
3429,91,2722,120.763
3429,92,2749,123.334
3429,93,2777,125.928
3429,94,2805,128.54401
3429,95,2833,131.183
3429,96,2861,133.84399
3429,97,2888,136.528
3429,98,2916,139.233
3429,99,2944,141.961
3429,100,2972,144.711
3444,14,1500,19.299999
3444,15,1800,25.200001
3444,16,2100,32.5
3445,1,150,0.07
3445,2,170,0.090000004
3445,3,230,0.20999999
3445,4,260,0.30000001
3445,5,300,0.47
3445,6,320,0.56999999
3445,7,340,0.69
3445,8,360,0.81999999
3445,9,380,1
3445,10,400,1.3
3445,11,420,1.65
3445,12,440,2.05
3445,13,500,3.25
3445,14,550,4.3000002
3445,15,600,5.4000001
3445,16,700,7.5999999
3445,17,750,8.75
3445,18,760,8.9799995
3445,19,800,9.6700001
3445,20,850,10.3
3445,21,900,10.8
3445,22,1000,12.1
3445,23,1100,13.4
3445,24,1200,14.8
3445,25,1300,16.200001
3445,26,1400,17.799999
3445,27,1500,19.5
3445,28,1600,21.5
3445,29,1700,23.700001
3445,30,1800,26.1
3445,31,1900,28.5
3446,1,200,0.050000001
3446,2,230,0.079999998
3446,3,250,0.12
3446,4,280,0.23
3446,5,310,0.38
3446,6,340,0.56
3446,7,360,0.69999999
3446,8,380,0.86000001
3446,9,400,1.05
3446,10,420,1.29
3446,11,440,1.58
3446,12,460,1.91
3446,13,480,2.25
3446,14,500,2.6099999
3446,15,550,3.55
3446,16,600,4.5700002
3446,17,650,5.6199999
3446,18,700,6.6999998
3446,19,750,7.7399998
3446,20,800,8.7299995
3446,21,850,9.5799999
3446,22,900,10.2
3446,23,1000,11.2
3446,24,1100,12.2
3446,25,1200,13.5
3446,26,1300,14.9
3446,27,1400,16.299999
3446,28,1500,17.9
3446,29,1600,19.6
3446,30,1700,21.6
3446,31,1800,23.799999
3446,32,1900,26.200001
3446,33,2000,28.6
3447,1,275,0.035
3447,2,300,0.090000004
3447,3,330,0.18000001
3447,4,360,0.30000001
3447,5,380,0.40000001
3447,6,400,0.51999998
3447,7,430,0.73000002
3447,8,450,0.88999999
3447,9,470,1.08
3447,10,500,1.4299999
3447,11,530,1.84
3447,12,580,2.6400001
3447,13,620,3.3199999
3447,14,650,3.8599999
3447,15,700,4.8400002
3447,16,750,5.8499999
3447,17,800,6.8499999
3447,18,850,7.9000001
3447,19,900,9
3447,20,950,10.1
3447,21,1000,11
3447,22,1100,12.1
3447,23,1200,13.3
3447,24,1300,14.7
3447,25,1400,16.1
3448,1,300,0.51999998
3448,2,330,0.73000002
3448,3,350,0.88999999
3448,4,370,1.08
3448,5,390,1.3099999
3448,6,410,1.5599999
3448,7,430,1.84
3448,8,480,2.6400001
3448,9,520,3.3199999
3448,10,550,3.8599999
3448,11,570,4.2399998
3448,12,620,5.2399998
3448,13,630,5.4499998
3448,14,700,6.8499999
3448,15,750,7.9000001
3448,16,800,9
3448,17,850,10.1
3448,18,900,11
3448,19,1000,12.1
3448,20,1100,13.3
3448,21,1300,16.1
3449,1,150,0.02
3449,2,180,0.035
3449,3,200,0.059999999
3449,4,220,0.11
3449,5,240,0.15000001
3449,6,260,0.31
3449,7,280,0.43000001
3449,8,300,0.56999999
3449,9,320,0.74000001
3449,10,340,1.05
3449,11,360,1.3
3449,12,380,1.59
3449,13,400,1.92
3449,14,420,2.27
3449,15,440,2.6400001
3449,16,460,3
3449,17,500,3.72
3449,18,550,4.6199999
3449,19,600,5.6599998
3449,20,650,6.7800002
3449,21,700,7.9499998
3449,22,750,8.9799995
3449,23,800,9.8699999
3450,1,180,0.02
3450,2,210,0.035
3450,3,230,0.059999999
3450,4,250,0.11
3450,5,270,0.2
3450,6,290,0.31
3450,7,310,0.43000001
3450,8,330,0.56999999
3450,9,350,0.74000001
3450,10,370,1.05
3450,11,390,1.3
3450,12,410,1.59
3450,13,430,1.92
3450,14,450,2.27
3450,15,500,3.1800001
3450,16,550,4.0799999
3450,17,600,5.02
3450,18,650,6.0999999
3450,19,700,7.2399998
3450,20,750,8.3900003
3450,21,800,9.3400002
3450,22,850,10.3
3450,23,900,11.2
3450,24,1000,12.2
3450,25,1100,13.4
3450,26,1300,16.200001
3450,27,1400,17.700001
3450,28,1500,19.299999
3450,29,1600,21.200001
3450,30,1700,23.299999
3450,31,1800,25.6
3450,32,1900,28
3450,33,2000,30.4
3451,1,140,0.02
3451,2,170,0.035
3451,3,180,0.050000001
3451,4,200,0.090000004
3451,5,220,0.15000001
3451,6,250,0.30000001
3451,7,300,0.64999998
3451,8,350,1.15
3451,9,400,1.75
3451,10,450,2.4000001
3451,11,550,3.7
3451,12,850,8.1999998
3451,13,1350,16.700001
3451,14,1650,22.1
3451,15,2050,28.1
3452,1,65,0
3452,2,200,0.02
3452,3,274,0.039999999
3452,4,325,0.15099999
3452,5,380,0.396
3452,6,423,0.63599998
3452,7,451,0.85900003
3452,8,475,1.14
3452,9,525,1.75
3452,10,600,2.8
3452,11,700,4.1999998
3452,12,850,6.3499999
3452,13,1000,8.6499996
3452,14,1200,12.5
3452,15,1500,18.5
3452,16,1800,25
3452,17,2100,32.5
3453,1,50,0.02
3453,2,100,0.059999999
3453,3,150,0.15000001
3453,4,200,0.36000001
3453,5,250,0.67000002
3453,6,300,1
3453,7,350,1.35
3453,8,400,1.8
3453,9,450,2.3
3453,10,500,2.9000001
3453,11,600,4.1500001
3453,12,700,5.5999999
3453,13,850,7.9000001
3453,14,1000,10.4
3453,15,1200,13.9
3453,16,1500,19.5
3453,17,1800,25.5
3453,18,2100,32
3455,1,140,0.1
3455,2,160,0.155
3455,3,180,0.23
3455,4,200,0.31
3455,5,220,0.41999999
3455,6,240,0.56999999
3455,7,260,0.73000002
3455,8,300,1.1
3455,9,350,1.64
3455,10,400,2.1900001
3455,11,450,2.74
3455,12,500,3.3299999
3455,13,550,3.95
3455,14,600,4.5799999
3455,15,650,5.25
3455,16,700,5.9499998
3455,17,750,6.6500001
3455,18,800,7.4000001
3455,19,1000,10.4
3455,20,1200,13.5
3455,21,1400,16.799999
3455,22,1500,18.5
3455,23,1600,20.299999
3458,7,242,0.5
3458,8,274,0.73100001
3458,9,363,1.22
3458,10,542,2.04
3458,11,900,3.4200001
3458,12,1000,3.77
3473,1,510,0.419
3473,2,589,0.66399997
3473,3,617,0.764
3473,4,635,0.84799999
3473,5,651,0.93900001
3473,6,664,1.03
3473,7,677,1.13
3473,8,707,1.39
3473,9,730,1.6
3473,10,760,1.86
3473,11,895,3.1400001
3369,4,180,2.9000001
3369,5,240,3.4400001
3369,6,300,4.0999999
3369,7,600,8
3369,8,800,11.2
3369,9,1000,14.8
3369,10,1300,20.9
3369,11,1600,27.9
3369,12,2000,39.5
3369,13,2500,55.5
3369,14,3000,74.599998
3369,15,3300,85.5
3369,16,3440,92
3370,1,350,0.60000002
3370,2,400,1.1
3370,3,600,3.7
3370,4,800,4.5999999
3370,5,1000,6
3370,6,1600,11.4
3370,7,2000,17
3370,8,2200,20
3370,9,2400,25
3370,10,2600,30
3370,11,2800,44
3370,12,3000,66
3371,1,200,0.5
3371,2,250,0.80000001
3371,3,300,1.2
3371,4,400,2.5
3371,5,500,4.1999998
3371,6,700,8.1000004
3371,7,1100,11.5
3371,8,1600,17.5
3371,9,2100,26
3371,10,2300,32
3371,11,2500,39
3371,12,2700,50
3371,13,3000,77
3371,14,3500,147
3372,1,200,0.30000001
3372,2,300,0.89999998
3372,3,400,2.0999999
3372,4,500,3.7
3372,5,700,7.9000001
3372,6,1100,11.5
3372,7,1600,17.5
3372,8,2100,26
3372,9,2300,32
3372,10,2500,39
3372,11,2700,50
3372,12,3000,77
3372,13,3500,147
3374,1,200,0.30000001
3374,2,300,0.89999998
3374,3,400,2.0999999
3374,4,600,5.5
3374,5,800,6.9000001
3374,6,1400,9.6000004
3374,7,1600,11.4
3374,8,2000,17
3374,9,2200,20
3374,10,2400,25
3374,11,2600,35
3374,12,3000,77
3375,1,250,0.70499998
3375,2,286,0.95999998
3375,3,320,1.27
3375,4,340,1.46
3375,5,380,1.98
3375,6,420,2.6400001
3375,7,460,3.48
3375,8,600,6.3000002
3375,9,755,7.9000001
3375,10,800,8.6000004
3375,11,1000,10.3
3375,12,1500,15.7
3375,13,2000,23
3375,14,2200,27.1
3375,15,2500,38.700001
3375,16,2800,58.400002
3375,17,3000,76.5
3375,18,3200,100
3375,19,3500,147
4829,1,310,1.1
4829,2,331,1.42
4829,3,368,1.83
4829,4,405,2.4000001
4829,5,437,3.04
4829,6,480,4.0300002
4829,7,515,4.77
4829,8,580,6.4000001
4829,9,1200,13.9
4829,10,1620,17.6
4829,11,1930,22.5
4829,12,2190,29
4829,13,2350,33.400002
4830,1,235,0.235
4830,2,263,0.55000001
4830,3,290,0.88700002
4830,4,345,1.64
4830,5,362,1.89
4830,6,371,1.96
4830,7,385,2.0799999
4830,8,413,2.53
4830,9,440,2.9400001
4830,10,468,3.45
4830,11,522,4.5799999
4830,12,600,6.0999999
4830,13,684,7.2800002
4830,14,1000,10.9
4830,15,1080,12.5
4830,16,1310,14.6
4830,17,1620,17.6
4830,18,2190,25
4830,19,2250,27.5
3381,1,700,0.1
3381,2,719,0.162
3381,3,738,0.233
3381,4,775,0.39500001
3381,5,850,0.80199999
3381,6,925,1.3
3381,7,1000,1.87
3381,8,1150,3.2
3381,9,1300,4.75
3381,10,1400,6
3383,20,1300,10.8
3383,21,1400,11.7
3383,22,1500,12.5
3383,23,1700,14.2
3383,24,1800,15.1
3383,25,2100,18.1
3383,26,2200,19.200001
3383,27,2300,20.4
3383,28,2400,21.700001
3383,29,2700,26
3383,30,3000,30.6
3383,31,3100,32.200001
3383,32,3200,34
3383,33,3300,36.200001
3383,34,3500,41.400002
3383,35,3600,44.200001
3383,36,3700,47.099998
3383,37,3800,51.200001
3383,38,3900,56
3383,39,4000,61.599998
3384,1,130,0.0049999999
3384,2,140,0.0099999998
3384,3,160,0.029999999
3384,4,180,0.059999999
3384,5,210,0.12
3384,6,250,0.20999999
3384,7,300,0.41
3384,8,350,0.70999998
3384,9,380,0.92000002
3384,10,440,1.4
3384,11,540,2.3
3384,12,600,2.9000001
3384,13,700,4
3384,14,900,6.4000001
3384,15,1200,9.6999998
3384,16,1400,11.7
3384,17,1600,13.5
3384,18,1800,15.1
3384,19,1900,16
3384,20,2100,18
3384,21,2200,19.1
3384,22,2300,20.299999
3384,23,2400,21.6
3384,24,2500,23
3384,25,2700,26
3384,26,3500,42
3384,27,4000,57
3385,1,180,0.055
3385,2,200,0.079999998
3385,3,212,0.1
3385,4,225,0.12
3385,5,250,0.18000001
3484,7,694,0.086000003
3484,8,718,0.109
3484,9,742,0.167
3484,10,788,0.30000001
3484,11,831,0.47999999
3484,12,883,0.73199999
3484,13,974,1.14
3484,14,1068,1.6900001
3385,6,300,0.34999999
3385,7,400,0.94999999
3385,8,500,1.8
3385,9,800,5.4000001
3385,10,1200,11
3385,11,2000,20.299999
3385,12,2500,26
3385,13,3000,35.400002
3385,14,3500,50.599998
3385,15,4080,75
3387,1,120,0.050000001
3387,2,140,0.059999999
3387,3,200,0.25
3387,4,250,0.46000001
3387,5,300,0.70999998
3387,6,350,1
3387,7,400,1.33
3387,8,500,2.2
3387,9,600,3.3499999
3387,10,650,4.02
3387,11,700,4.73
3387,12,800,6.1999998
3387,13,900,7.4499998
3387,14,1000,8.5600004
3387,15,1100,9.6599998
3387,16,1300,11.8
3387,17,1400,12.7
3387,18,1500,13.6
3387,19,1800,16.5
3387,20,2000,18.700001
3387,21,2200,21.299999
3387,22,2400,23.9
3387,23,2600,26.799999
3387,24,2650,27.6
3387,25,2660,27.700001
3387,26,2700,28.299999
3387,27,2740,28.799999
3387,28,2800,29.700001
3387,29,2900,31.4
3387,30,3000,33.099998
3387,31,3100,35
3387,32,3200,37.299999
3387,33,3300,40
3387,34,3400,42.799999
3387,35,3450,44.299999
3388,1,146,0.0070000002
3388,2,153,0.016000001
3388,3,160,0.027000001
3388,4,168,0.041000001
3388,5,175,0.056000002
3388,6,190,0.092
3388,7,204,0.133
3388,8,234,0.23899999
3388,9,263,0.36300001
3388,10,322,0.67699999
3388,11,380,1.0599999
3388,12,498,2.02
3388,13,615,3.3299999
3388,14,736,4.96
3388,15,851,6.5999999
3388,16,1091,9.4300003
3388,17,1430,13.2
3388,18,1758,16.700001
3388,19,2134,21.200001
3394,16,2286,12.3
3394,17,2636,17.6
3394,18,2998,23.6
3394,19,3705,37.799999
3395,1,102,0.0020000001
3395,2,233,0.079999998
3395,3,288,0.14399999
3395,4,332,0.226
3395,5,376,0.336
3395,6,464,0.58499998
3395,7,550,0.88300002
3395,8,726,1.58
3395,9,899,2.24
3395,10,1072,2.99
3395,11,1169,3.45
3395,12,1493,5.2800002
3395,13,1733,6.6999998
3395,14,1888,7.9000001
3395,15,2070,9.7600002
3395,16,2260,11.9
3395,17,2301,12.4
3395,18,2652,17.6
3395,19,3003,23.6
3395,20,3705,37.799999
3472,10,1686,8.8800001
3473,12,1781,12.3
3613,1,-10,0.176
3613,2,10,0.204
3613,3,35,0.23899999
4656,2,663,1.16
4656,3,730,1.7
4828,1,129,0.0040000002
4828,2,175,0.074000001
4828,3,191,0.101
4828,4,210,0.138
4828,5,240,0.20200001
4828,6,270,0.27900001
3477,11,1250,3.29
3477,12,1557,4.6500001
3477,13,1865,6.2399998
3477,14,2536,10
3477,15,2832,12.5
3477,16,3036,15.3
3477,17,3195,19
3477,18,3407,25.5
3482,8,2000,22
3483,1,49,0
3483,2,57,0.141
3483,3,65,0.26300001
3483,4,73,0.37799999
3483,5,80,0.47499999
3483,6,110,0.87099999
3483,7,171,1.62
3483,8,293,3.01
3483,9,537,5.5900002
3483,10,1291,13.1
3483,11,1663,20.4
3483,12,2265,30.5
3484,15,1164,2.4000001
3484,16,1278,3.24
3484,17,1502,5.21
3485,9,830,2.9300001
3488,1,209,0
3488,2,219,0.074000001
3488,3,228,0.109
3488,4,246,0.164
3488,5,283,0.249
3488,6,357,0.37900001
3488,7,505,0.57700002
3488,8,1054,1.15
3510,1,500,-0.177
3510,2,538,-0.11
3510,3,576,0.016000001
3510,4,614,0.204
3510,5,652,0.43000001
3510,6,690,0.68800002
3510,7,728,0.96899998
3510,8,766,1.27
3510,9,804,1.5700001
3510,10,842,1.89
3510,11,880,2.24
3510,12,918,2.5799999
3510,13,956,2.96
3510,14,994,3.4000001
3510,15,1032,3.97
3510,16,1070,4.75
3510,17,1108,5.71
3510,18,1146,6.8299999
3510,19,1184,8.0500002
3510,20,1222,9.3500004
3510,21,1260,10.7
3510,22,1298,12.1
3510,23,1336,13.6
3510,24,1374,15.2
3510,25,1412,16.9
3510,26,1450,18.6
3510,27,1488,20.4
3510,28,1526,22.200001
3510,29,1564,24.1
3510,30,1602,26
3536,1,593,15.5
3536,2,643,17.4
3536,3,713,20.5
3536,4,803,25
3536,5,913,31.6
3510,31,1640,27.9
3510,32,1678,29.9
3510,33,1716,31.9
3510,34,1754,33.900002
3510,35,1792,35.5
3510,36,1830,37.200001
3510,37,1868,38.700001
3510,38,1906,40.099998
3510,39,1944,41.5
3510,40,1982,42.900002
3510,41,2020,44.400002
3510,42,2058,45.700001
3510,43,2096,47.200001
3510,44,2134,48.599998
3510,45,2172,50.099998
3510,46,2210,51.599998
3510,47,2248,52.900002
3509,1,500,0.0049999999
3509,2,538,0.097999997
3509,3,576,0.255
3509,4,614,0.45699999
3509,5,652,0.69800001
3509,6,690,0.97100002
3509,7,728,1.28
3509,8,766,1.61
3509,9,804,1.97
3509,10,842,2.3499999
3509,11,880,2.75
3509,12,918,3.1800001
3509,13,956,3.6300001
3509,14,994,4.0999999
3509,15,1032,4.8600001
3509,16,1070,5.8200002
3509,17,1108,6.9299998
3509,18,1146,8.1700001
3509,19,1184,9.5100002
3509,20,1222,11
3509,21,1260,12.5
3509,22,1298,14.1
3509,23,1336,15.8
3509,24,1374,17.6
3509,25,1412,19.5
3509,26,1450,21.4
3509,27,1488,23.4
3509,28,1526,25.4
3509,29,1564,27.6
3509,30,1602,29.799999
3509,31,1640,32
3509,32,1678,34.299999
3509,33,1716,36.700001
3509,34,1754,39.099998
3509,35,1792,41.599998
3509,36,1830,44.099998
3509,37,1868,46.700001
3509,38,1906,48.200001
3509,39,1944,49.599998
3509,40,1982,51.099998
3509,41,2020,52.5
3509,42,2058,54
3509,43,2096,55.5
3509,44,2134,57
3509,45,2172,58.5
3509,46,2210,60.099998
3509,47,2248,61.599998
3509,48,2286,63.200001
3509,49,2324,64.800003
3509,50,2362,66.400002
3509,51,2400,68
3509,52,2438,69.699997
3509,53,2476,71.300003
3509,54,2514,73
3509,55,2552,74.699997
3509,56,2590,76.400002
3509,57,2628,78.099998
3509,58,2666,79.800003
3509,59,2704,81.5
3509,60,2742,83.300003
3509,61,2780,85.099998
3509,62,2818,86.800003
3509,63,2856,88.599998
3509,64,2894,90.5
3509,65,2932,92.300003
3509,66,2970,94.099998
3509,67,3008,96
3509,68,3046,97.900002
3509,69,3084,99.800003
3509,70,3122,102
3509,71,3160,104
3509,72,3198,105
3509,73,3236,107
3509,74,3274,109
3509,75,3312,111
3509,76,3350,113
3509,77,3388,115
3509,78,3426,117
3509,79,3464,119
3509,80,3502,121
3509,81,3540,123
3509,82,3578,126
3509,83,3616,128
3509,84,3654,130
3509,85,3692,132
3509,86,3730,134
3509,87,3768,136
3509,88,3806,138
3509,89,3844,140
3509,90,3882,143
3509,91,3920,145
3509,92,3958,147
3509,93,3996,149
3509,94,4034,151
3509,95,4072,154
3509,96,4110,156
3509,97,4148,158
3509,98,4186,160
3509,99,4224,163
3509,100,4262,165
3510,48,2286,54.400002
3510,49,2324,55.900002
3510,50,2362,57.200001
3510,51,2400,58.599998
3510,52,2438,60
3510,53,2476,61.400002
3510,54,2514,62.799999
3510,55,2552,64.400002
3510,56,2590,66
3510,57,2628,67.699997
3510,58,2666,69.400002
3510,59,2704,71
3510,60,2742,72.599998
3510,61,2780,74.300003
3510,62,2818,76
3510,63,2856,77.800003
3510,64,2894,79.5
3510,65,2932,80.800003
3510,66,2970,82.199997
3510,67,3008,83.800003
3510,68,3046,85.5
3510,69,3084,87.099998
3510,70,3122,88.800003
3510,71,3160,90.400002
3510,72,3198,92.099998
3510,73,3236,93.5
3510,74,3274,95.099998
3511,1,500,0.211
3511,2,538,0.30899999
3511,3,576,0.48199999
3511,4,614,0.69800001
3511,5,652,0.954
3511,6,690,1.24
3511,7,728,1.5599999
3511,8,766,1.9299999
3511,9,804,2.3199999
3510,75,3312,96.900002
3510,76,3350,98.5
3510,77,3388,99.900002
3510,78,3426,101
3510,79,3464,103
3510,80,3502,104
3510,81,3540,106
3510,82,3578,107
3510,83,3616,109
3510,84,3654,111
3510,85,3692,113
3510,86,3730,114
3510,87,3768,116
3510,88,3806,118
3510,89,3844,120
3510,90,3882,122
3510,91,3920,123
3510,92,3958,125
3510,93,3996,127
3510,94,4034,128
3510,95,4072,130
3510,96,4110,131
3510,97,4148,132
3510,98,4186,134
3510,99,4224,136
3510,100,4262,138
3511,10,842,2.76
3511,11,880,3.22
3511,12,918,3.6900001
3511,13,956,4.21
3511,14,994,4.7600002
3511,15,1032,5.52
3511,16,1070,6.5799999
3511,17,1108,7.75
3511,18,1146,9.1099997
3511,19,1184,10.6
3511,20,1222,12.4
3511,21,1260,14.2
3511,22,1298,16
3511,23,1336,17.9
3511,24,1374,20
3511,25,1412,22.200001
3511,26,1450,24.4
3511,27,1488,26.799999
3511,28,1526,29.4
3511,29,1564,32
3511,30,1602,34.599998
3511,31,1640,37.200001
3511,32,1678,40.099998
3511,33,1716,42.799999
3511,34,1754,45.200001
3511,35,1792,47.299999
3511,36,1830,49.599998
3511,37,1868,52.400002
3511,38,1906,55.200001
3511,39,1944,57.5
3511,40,1982,59.5
3511,41,2020,60.900002
3511,42,2058,62.400002
3511,43,2096,63.799999
3511,44,2134,65.300003
3511,45,2172,67.400002
3511,46,2210,69
3511,47,2248,70.599998
3511,48,2286,72.199997
3511,49,2324,73.800003
3511,50,2362,75.400002
3511,51,2400,77.800003
3511,52,2438,80.199997
3511,53,2476,82.699997
3511,54,2514,85
3511,55,2552,87.099998
3511,56,2590,89.599998
3511,57,2628,91.900002
3511,58,2666,94.300003
3511,59,2704,96.800003
3511,60,2742,99.400002
3511,61,2780,102
3511,62,2818,104
3511,63,2856,107
3511,64,2894,110
3511,65,2932,112
3511,66,2970,115
3511,67,3008,118
3511,68,3046,120
3511,69,3084,123
3511,70,3122,126
3511,71,3160,129
3511,72,3198,131
3511,73,3236,134
3511,74,3274,137
3511,75,3312,140
3511,76,3350,143
3511,77,3388,146
3511,78,3426,149
3511,79,3464,152
3511,80,3502,155
3511,81,3540,158
3511,82,3578,161
3511,83,3616,164
3511,84,3654,167
3511,85,3692,170
3511,86,3730,174
3511,87,3768,177
3511,88,3806,180
3511,89,3844,184
3511,90,3882,187
3511,91,3920,190
3511,92,3958,194
3511,93,3996,197
3511,94,4034,201
3511,95,4072,204
3511,96,4110,207
3511,97,4148,211
3511,98,4186,214
3511,99,4224,218
3585,2,159,0.266
3585,3,177,0.315
3585,4,190,0.36199999
3585,5,201,0.41600001
3585,6,220,0.51999998
3585,7,228,0.56800002
3585,8,240,0.63700002
3585,9,260,0.755
3585,10,284,0.95599997
3585,11,329,1.53
3585,12,348,1.74
3585,13,379,2.1700001
3585,14,414,2.5
3585,15,466,3.05
3585,16,573,4.1799998
3585,17,712,5.52
3585,18,859,6.96
3585,19,1153,9.96
3585,20,1375,12.4
3585,21,1790,17
3585,22,2040,19.6
3585,23,2770,27.5
3586,1,102,0.107
3586,2,159,0.266
3586,3,177,0.315
3586,4,190,0.36199999
3586,5,201,0.41600001
3586,6,220,0.51999998
3586,7,228,0.56800002
3586,8,240,0.63700002
3586,9,260,0.755
3586,10,284,0.95599997
3586,11,329,1.53
3586,12,346,1.87
3586,13,361,2.1700001
3586,14,392,2.71
3586,15,453,3.5699999
3586,16,575,4.9200001
3586,17,701,5.5599999
3586,18,861,6.5700002
3586,19,1170,9.2700005
3586,20,1360,12.9
3586,21,1790,17
3586,22,2040,19.6
3586,23,2770,27.5
3596,1,400,0.30000001
3596,2,500,0.89999998
3596,3,600,1.6
3596,4,700,2.4000001
3596,5,900,4.4000001
3596,6,1100,6.8000002
3596,7,1300,9.8000002
3596,8,1500,13.4
3596,9,1700,17.6
3596,10,1900,22.4
3596,11,2000,25
3597,1,400,0.60000002
3597,2,500,1.2
3597,3,600,2
3597,4,800,4
3597,5,1000,6.3000002
3597,6,1200,8.8999996
3597,7,1400,12.1
3597,8,1600,15.7
3597,9,1800,20
3597,10,2000,25
3602,6,1200,9
3602,7,1400,12.2
3602,8,1600,16
3602,9,1800,20
4591,1,-50,0
4591,2,-32,0
4591,3,-14,0
4591,4,4,0
4591,5,22,0.0040000002
4591,6,40,0.0099999998
4591,7,58,0.017999999
4591,8,76,0.027000001
4591,9,94,0.037999999
4591,10,112,0.050000001
4591,11,130,0.061999999
3606,17,1900,24.5
3606,18,2300,32.5
3606,19,2813,44.299999
3613,4,58,0.278
3613,5,71,0.301
3613,6,114,0.384
3613,7,145,0.45199999
3613,8,322,0.88499999
3613,9,502,1.5
3613,10,757,2.52
3613,11,1560,5.8000002
3613,12,1984,7.7800002
3613,13,2333,9.5200005
3613,14,2639,11.7
3613,15,2889,14.4
3613,16,3069,18.1
3613,17,3450,30.4
3511,100,4262,221
3517,1,650,0.55000001
3517,2,700,0.87
3517,3,750,1.2
3517,4,800,1.7
3517,5,850,2.2
3517,6,900,2.8499999
3517,7,1000,4.5
3517,8,1100,6.5
3517,9,1200,9.8999996
3517,10,1303,13.9
3517,11,1400,18.6
3517,12,1507,24.4
3517,13,1600,29.200001
3517,14,1845,45.200001
3517,15,2287,61.799999
3517,16,2600,79.400002
3517,17,2824,95.400002
3517,18,3116,117
3517,19,3400,141
3521,1,596,0.30000001
3521,2,677,0.46200001
3521,3,736,0.70599997
3521,4,795,1.05
3521,5,829,1.3
3521,6,880,1.8
3521,7,960,3
3521,8,1038,3.9200001
3521,9,1111,5.4000001
3521,10,1165,6.7800002
3521,11,1225,9.04
3521,12,1285,11.9
3521,13,1402,18.4
3521,14,1485,23.9
3521,15,1633,36.799999
3521,16,1942,50.5
3521,17,2402,67.599998
3521,18,2921,102
3521,19,3393,140
3522,1,664,0
3522,2,707,0.02
3522,3,748,0.096000001
3522,4,864,0.65200001
3522,5,933,1.26
3522,6,995,2.6300001
3522,7,1029,3.1900001
3522,8,1059,3.8
3522,9,1101,4.4499998
3522,10,1163,5.8699999
3522,11,1290,8.6899996
3522,12,1417,12.4
3522,13,1544,17.299999
3522,14,1671,23.6
3522,15,1832,32.400002
3522,16,2104,48.099998
3522,17,2379,65
3522,18,2734,88.800003
3522,19,3096,116
3522,20,3400,141
3523,11,1318,9.29
3523,12,1402,14.4
3523,13,1569,25.1
3523,14,1890,46.700001
3523,15,2378,65.199997
3523,16,2769,91.199997
3523,17,3100,116
3523,18,3401,141
3536,6,1013,38.799999
3536,7,1033,40.299999
3536,8,1193,49.400002
3536,9,1366,60.799999
3536,10,1556,76
3536,11,1866,105
3536,12,1886,106
3536,13,1993,117
3536,14,2013,120
3536,15,2109,130
3536,16,2129,133
3536,17,2199,143
3536,18,2259,152
3536,19,2319,167
3536,20,2385,185
3536,21,2455,217
3536,22,2510,249
3536,23,2570,286
3536,24,2700,378
3536,25,2820,477
3536,26,2900,560
3536,27,3000,690
3536,28,3090,829
3536,29,3160,982
3536,30,3170,1010
3536,31,3190,1050
3536,32,3220,1120
3536,33,3259,1200
3536,34,3269,1210
3539,10,2350,144
3539,11,2700,172
3551,4,50,8
3554,1,-500,1
3554,2,-170,2.03
3554,3,-70,2.74
3554,4,43,3.9100001
3554,5,98,7.4899998
3554,6,153,11.7
4862,2,235,0.0070000002
4862,3,274,0.039999999
4862,4,303,0.074000001
4862,5,333,0.115
4862,6,363,0.16500001
3548,14,1470,169
3548,15,2158,277
3551,5,150,12
3551,6,200,15
3551,7,250,22.5
3551,8,300,32.200001
3551,9,350,42
3551,10,400,52
3551,11,450,60
3551,12,550,73
3551,13,650,85
3551,14,850,108
3551,15,1000,125
3551,16,1300,160
3551,17,1600,200
3551,18,1950,260
3554,7,262,21.9
3554,8,366,44.900002
3554,9,418,51.200001
3554,10,599,68.199997
3554,11,792,86.199997
3554,12,1152,133
3554,13,1319,163
3554,14,1448,196
3554,15,1524,232
3554,16,1600,282
3566,1,682,0.0049999999
3566,2,813,0.38999999
3566,3,938,0.83399999
3566,4,1028,1.17
3566,5,1206,1.88
3566,6,1390,2.79
3566,7,1568,3.8099999
3566,8,1830,5.3800001
3566,9,2089,7.0999999
3566,10,2638,10.9
3566,11,2935,13.4
3566,12,3088,16.6
3566,13,3254,21.6
3566,14,3380,29.4
3566,15,3450,39.599998
3585,1,102,0.107
3606,1,40,0.059999999
3606,2,80,0.14
3606,3,120,0.30000001
3606,4,160,0.5
3606,5,220,0.86000001
3606,6,280,1.28
3606,7,340,1.76
3606,8,500,3.2
3606,9,600,4.1999998
3606,10,700,5.3000002
3606,11,800,6.5
3606,12,900,7.8000002
3606,13,1000,9.1999998
3606,14,1200,12.2
3606,15,1400,15.4
3606,16,1600,18.799999
4641,1,200,0.112
4641,2,275,0.182
4641,3,350,0.26499999
4641,4,500,0.46799999
4641,5,650,0.71499997
4642,1,0,0.054000001
4642,2,50,0.078000002
4642,3,100,0.107
4642,4,150,0.142
4642,5,200,0.18799999
4642,6,275,0.26499999
4642,7,350,0.359
4642,8,425,0.47099999
4642,9,500,0.602
4642,10,650,0.926
4642,11,800,1.34
4644,1,300,0
4644,2,400,0.0099999998
4644,3,546,0.046
4644,4,587,0.097999997
4644,5,596,0.115
4644,6,606,0.13699999
4644,7,626,0.189
4644,8,646,0.25600001
4644,9,666,0.34
4644,10,686,0.44299999
4644,11,706,0.56800002
4644,12,745,0.89200002
4644,13,784,1.28
4644,14,837,1.97
4644,15,889,2.77
4644,16,993,4.7800002
4644,17,1100,7.3200002
4644,18,1200,10.4
4644,19,1310,13.9
4644,20,1410,17.9
4644,21,1620,27.4
4644,22,1820,39.299999
4644,23,2250,76
4644,24,2320,83
4760,1,578,1
4760,2,708,2
4760,3,768,3
4760,4,868,3.1199999
4760,5,898,4
4760,6,978,5
4760,7,1008,6
4760,8,1028,7
4760,9,1058,8
4760,10,1078,9
4760,11,1108,10
4760,12,1133,11
4760,13,1155,12
4760,14,1200,13
4760,15,1220,14
4760,16,1250,15
4760,17,1259,16
4760,18,1270,17
4760,19,1290,18
4760,20,1338,21.200001
4760,21,1498,29.5
4760,22,1658,35.900002
4760,23,1818,44
4760,24,2008,52
4760,25,2218,62.700001
4760,26,2458,73.900002
4760,27,2500,86.099998
4760,28,2538,95
4760,29,2618,115
4760,30,2818,135
4760,31,2938,155
4760,32,3178,175
4775,1,354,0.97000003
4775,2,357,1
4775,3,439,2
4775,4,507,3
4775,5,571,4
4775,6,612,4.71
4775,7,630,5
4775,8,692,6
4775,9,744,7
4775,10,794,8
4775,11,841,9
4775,12,886,10
4775,13,1090,15
4775,14,1215,18.5
4775,15,1270,20
4775,16,1354,22.5
4775,17,1432,25
4775,18,1556,28.9
4775,19,1588,30
4775,20,1686,33.299999
4775,21,1732,35
4775,22,1861,40
4775,23,2117,50
4775,24,2349,60
4775,25,2521,69.099998
4775,26,2539,70
4775,27,2711,80
4775,28,2883,90
4775,29,3055,100
4775,30,3188,108
4775,31,3215,110
4775,32,3368,120
4775,33,3505,130
4775,34,3630,140
4775,35,3760,150
4775,36,3890,160
4775,37,4011,170
4775,38,4126,180
4775,39,4235,190
4775,40,4395,200
4775,41,4505,210
4775,42,4595,220
4775,43,4712,230
4775,44,4835,240
4775,45,4931,250
4775,46,5044,263
4783,1,940,10
4783,2,1470,20
4783,3,1650,25
4783,4,1790,30
4783,5,1910,35
4783,6,2030,40
4783,7,2140,45
4783,8,2260,50
4783,9,2380,55
4783,10,2510,60
4783,11,2640,65
4783,12,2790,70
4783,13,2940,75
4783,14,3090,80
4784,1,150,2
4784,2,280,3
4784,3,390,4
4784,4,490,5
4784,5,570,6
4784,6,660,7
4784,7,730,8
4784,8,810,9
4784,9,870,10
4784,10,1160,15
4784,11,1290,17.4
4784,12,1410,20
4784,13,1630,25
4784,14,1680,26.299999
4784,15,1810,30
4784,16,1840,30.700001
4784,17,1990,35
4784,18,2070,37.400002
4784,19,2150,40
4784,20,2300,45
4784,21,2400,48.299999
4784,22,2440,50
4784,23,2710,60
4784,24,2960,70
4784,25,3090,80.099998
4784,26,3160,90
4784,27,3220,100
4784,28,3270,110
4784,29,3310,120
4656,4,894,3.3
4656,5,1781,12.3
4694,1,546,0.419
4694,2,589,0.61699998
4694,3,617,0.778
4694,4,639,0.92500001
4694,5,662,1.09
4694,6,698,1.38
4694,7,730,1.65
4694,8,759,1.92
4799,1,39,0.215
4799,2,98,0.32800001
4799,3,157,0.454
4799,4,214,0.62800002
4799,5,269,0.86500001
4839,16,1000,4.4099998
4839,17,1050,4.8299999
4839,18,1100,5.27
4839,19,1150,5.71
4839,20,1200,6.1599998
4839,21,1250,6.6199999
4839,22,1300,7.0700002
4841,1,168,0.089000002
4841,2,292,1.54
4841,3,388,3.1500001
4841,4,492,5.1500001
4841,5,549,6.4400001
4841,6,652,8.6999998
4841,7,766,11
4841,8,851,12.8
4841,9,1084,17.799999
4841,10,1349,23.4
4841,11,1597,29.4
4841,12,1899,36.799999
4841,13,2182,44
4841,14,2377,49.799999
4841,15,2647,59.5
4841,16,2830,68.699997
4841,17,2992,79.300003
4841,18,3186,93.800003
4850,1,713,0.082000002
4850,2,814,0.289
4850,3,943,0.59500003
4850,4,1073,0.97500002
4850,5,1246,1.55
4850,6,1404,2.45
4850,7,1584,3.8299999
4850,8,1851,6.0599999
4850,9,2116,8.0500002
4850,10,2645,12.5
4850,11,2947,15.4
4850,12,3082,17.200001
4850,13,3172,18.6
4850,14,3246,21.700001
4850,15,3351,29.799999
4850,16,3473,45.400002
4854,1,713,0.082000002
4854,2,814,0.289
4854,3,943,0.59500003
4854,4,1073,0.99199998
4854,5,1165,1.41
4854,6,1248,1.9
4854,7,1401,2.9200001
4854,8,1587,4.2199998
4854,9,1847,6.29
4854,10,2115,8.4200001
4854,11,2645,12.8
4854,12,2945,15.6
4854,13,3082,17.299999
4854,14,3172,18.6
4854,15,3246,21.700001
4854,16,3351,29.799999
4854,17,3473,45.400002
4858,8,447,2.1500001
4858,9,470,2.3900001
4858,10,495,2.6700001
4858,11,548,3.28
4858,12,632,4.3099999
4858,13,738,5.6199999
4858,14,833,6.75
4858,15,915,7.8400002
4858,16,1015,9.3199997
4858,17,1179,11.7
4858,18,1371,15
4862,7,405,0.234
4862,8,470,0.34900001
4862,9,537,0.49700001
4862,10,617,0.67000002
4862,11,716,0.92400002
4862,12,810,1.21
4862,13,1022,1.96
4862,14,1217,2.7
4862,15,1497,3.79
4862,16,1744,4.8800001
4862,17,2024,6.9000001
4862,18,2232,9.0600004
4862,19,2407,11.5
4862,20,2705,17
4864,7,1361,22.200001
4864,8,1613,28.299999
4864,9,1907,35.700001
4864,10,2195,43.099998
4864,11,2389,49.400002
4864,12,2651,59.200001
4864,13,2830,68.699997
4864,14,2992,79.300003
4864,15,3186,93.800003
4874,1,257,0.0089999996
4874,2,319,0.052000001
4874,3,398,0.131
4874,4,528,0.28200001
4874,5,651,0.54299998
4663,6,255,1.76
4663,7,341,2.53
4663,8,417,3.3199999
4663,9,510,4.3299999
4663,10,602,5.4200001
4663,11,751,7.1999998
4663,12,880,9.04
4663,13,1233,14.3
4663,14,1593,22.200001
4663,15,1872,30
4663,16,2150,39
4663,17,2707,61
4670,2,340,0.70999998
4670,3,360,0.79000002
4670,4,390,0.94
4670,5,440,1.24
4670,6,520,1.8
4670,7,560,2.1199999
4670,8,600,2.48
4670,9,650,2.99
4670,10,700,3.54
4670,11,750,4.1199999
4670,12,800,4.75
4670,13,850,5.4200001
4670,14,900,6.1199999
4670,15,950,6.8200002
4670,16,1000,7.5599999
4670,17,1100,9.2399998
4670,18,1200,10.9
4670,19,1300,12.7
4670,20,1400,14.6
4670,21,1500,16.5
4670,22,1600,18.5
4670,23,1700,20.799999
4670,24,1800,23.200001
4670,25,1900,25.5
4670,26,1950,27.200001
4673,1,631,0.045000002
4673,2,638,2.8299999
4673,3,644,4.8000002
4673,4,656,8.3800001
4673,5,680,14.9
4673,6,729,26.799999
4673,7,827,48.5
4673,8,1022,87.300003
4673,9,1412,157
4673,10,1674,198
4673,11,2097,269
4673,12,2589,359
4673,13,3009,440
4834,1,234,0.317
4834,2,290,0.764
4834,3,345,1.16
4834,4,387,1.55
4834,5,412,1.85
4834,6,445,2.4100001
4834,7,476,2.96
4834,8,514,3.73
4834,9,560,4.73
4834,10,609,5.5799999
4834,11,703,6.77
4834,12,864,8.1800003
4834,13,1100,10.1
4834,14,1547,13.4
4834,15,1924,16.6
4834,16,2086,19
4834,17,2251,23.1
4834,18,2365,28.299999
4834,19,2451,33
4834,20,2588,40.700001
4834,21,2693,48.099998
4834,22,2813,58.700001
4834,23,2915,71.300003
4834,24,3098,95
4834,25,3297,124
4835,1,234,0.317
4835,2,263,0.55000001
4835,3,290,0.764
4835,4,345,1.21
4835,5,366,1.42
4835,6,387,1.63
4835,7,414,1.95
4835,8,445,2.3499999
4835,9,476,2.8299999
4835,10,502,3.3499999
4835,11,541,4.0900002
4835,12,586,4.96
4835,13,788,7.6700001
4835,14,855,8.4799995
4835,15,1092,10.8
4835,16,1330,13
4835,17,1524,14.8
4835,18,1739,16.700001
4835,19,1897,18.200001
4835,20,2072,21.1
4835,21,2193,23.799999
4835,22,2344,28.5
4835,23,2451,33
4835,24,2588,40.700001
4835,25,2693,48.099998
4835,26,2797,58.900002
4835,27,2906,72.199997
4835,28,3096,97.400002
4835,29,3300,126
4836,1,419,0.19400001
4836,2,599,0.95700002
4836,3,671,1.83
4836,4,715,2.53
4836,5,797,4.3200002
4836,6,920,7.25
4836,7,1182,9.3900003
4836,8,1564,12.2
4836,9,1938,15.1
4836,10,2128,17.700001
4836,11,2262,20.5
4836,12,2384,24.299999
4836,13,2489,28.799999
4836,14,2637,37.200001
4836,15,2738,44.099998
4836,16,2840,55
4836,17,2988,73.599998
4836,18,3113,89.800003
4836,19,3486,138
4836,20,3933,199
4837,1,250,0.1
4837,2,270,0.14
4837,3,310,0.25999999
4837,4,370,0.5
4837,5,430,0.80000001
4837,6,500,1.22
4837,7,600,1.9299999
4837,8,700,2.75
4837,9,800,3.79
4837,10,900,5
4837,11,1000,6.3800001
4837,12,1100,7.8499999
4837,13,1200,9.3999996
4837,14,1250,10.1
4838,1,250,0.050000001
4838,2,300,0.15000001
4838,3,350,0.28999999
4838,4,400,0.47999999
4838,5,450,0.69999999
4838,6,500,0.95999998
4838,7,550,1.22
4838,8,600,1.51
4838,9,650,1.8099999
4838,10,700,2.1800001
4838,11,750,2.5799999
4838,12,800,2.98
4838,13,850,3.4100001
4838,14,900,3.9300001
4838,15,950,4.5300002
4838,16,1000,5.1399999
4838,17,1050,5.77
4838,18,1100,6.4499998
4838,19,1150,7.1599998
4838,20,1250,8.71
4839,1,250,0.050000001
4839,2,300,0.15000001
4839,3,350,0.28999999
4839,4,400,0.47999999
4694,9,894,3.24
4701,1,940,10
4701,2,1490,20
4694,10,1781,12.3
4701,3,1890,30
4701,4,2050,35
4701,5,2210,40
4701,6,2360,45
4701,7,2480,50
4701,8,2640,55
4701,9,2790,60
4701,10,2930,65
4701,11,3080,70
4701,12,3230,75
4701,13,3390,80
4702,1,940,10
4702,2,1490,20
4702,3,1890,30
4702,4,2050,35
4702,5,2090,40
4702,6,2160,45
4702,7,2260,50
4702,8,2380,55
4702,9,2510,60
4702,10,2640,65
4702,11,2790,70
4702,12,2940,75
4702,13,3090,80
4719,6,150,0.167
4719,7,180,0.29899999
4719,8,210,0.45500001
4719,9,240,0.63200003
4719,10,270,0.82800001
4719,11,300,1
4719,12,330,1.1
4719,13,360,1.2
4719,14,390,1.3
4719,15,420,1.4
4719,16,450,1.51
4719,17,480,1.62
4732,1,713,0.082000002
4732,2,814,0.289
4732,3,943,0.59500003
4732,4,1007,0.78500003
4732,5,1073,1.04
4732,6,1140,1.33
4732,7,1213,1.6799999
4732,8,1396,2.6199999
4732,9,1571,3.5599999
4732,10,1830,5.0100002
4732,11,2091,6.6700001
4732,12,2642,10.8
4732,13,2928,13.4
4732,14,3099,15.1
4732,15,3189,17.6
4732,16,3273,21.1
4719,18,510,1.74
4719,19,540,1.85
4719,20,570,1.98
4719,21,600,2.0999999
4719,22,630,2.23
4719,23,660,2.3499999
4719,24,690,2.49
4719,25,720,2.6199999
4719,26,750,2.76
4719,27,780,2.9000001
4719,28,810,3.04
4719,29,840,3.1900001
4719,30,870,3.3399999
4719,31,900,3.49
4719,32,930,3.6500001
4719,33,960,3.8
4719,34,990,3.96
4719,35,1020,4.1199999
4719,36,1050,4.29
4719,37,1080,4.46
4719,38,1110,4.6199999
4719,39,1140,4.8000002
4719,40,1170,4.9699998
4719,41,1200,5.1500001
4719,42,1230,5.3299999
4719,43,1260,5.5100002
4719,44,1290,5.6900001
4719,45,1320,5.8800001
4719,46,1350,6.0700002
4719,47,1380,6.2600002
4719,48,1410,6.46
4719,49,1440,6.6500001
4719,50,1470,6.8499999
4719,51,1500,7.0500002
4719,52,1530,7.25
4719,53,1560,7.46
4719,54,1590,7.6700001
4719,55,1620,7.8800001
4719,56,1650,8.0900002
4719,57,1680,8.3000002
4719,58,1710,8.5200005
4719,59,1740,8.7399998
4719,60,1770,8.96
4719,61,1800,9.1800003
4719,62,1830,9.4099998
4719,63,1860,9.6400003
4719,64,1890,9.8699999
4719,65,1920,10.1
4719,66,1950,10.3
4719,67,1980,10.6
4719,68,2009,10.8
4719,69,2040,11
4719,70,2070,11.3
4719,71,2100,11.5
4719,72,2130,11.8
4719,73,2160,12
4719,74,2190,12.3
4713,89,2640,31.4
4713,90,2670,32.900002
4713,91,2700,34.400002
4713,92,2730,36
4713,93,2760,37.700001
4713,94,2790,39.5
4713,95,2820,41.400002
4713,96,2850,43.400002
4713,97,2880,45.5
4713,98,2910,47.5
4713,99,2940,49.400002
4713,100,2970,51.299999
4714,88,2610,16.4
4714,89,2640,17
4714,90,2670,17.6
4714,91,2700,18.299999
4714,92,2730,18.799999
4714,93,2760,19.6
4714,94,2790,20.200001
4714,95,2820,20.799999
4714,96,2850,21.4
4714,97,2880,22.1
4714,98,2910,22.700001
4714,99,2940,23.299999
4714,100,2970,24
4715,1,0,0
4715,2,30,0
4715,3,60,0
4715,4,90,0
4715,5,120,0.1
4715,6,150,0.2
4715,7,180,0.30000001
4715,8,210,0.5
4715,9,240,0.69999999
4715,10,270,0.89999998
4715,11,300,1
4715,12,330,1.1
4715,13,360,1.2
4715,14,390,1.3
4715,15,420,1.4
4715,16,450,1.5
4715,17,480,1.7
4715,18,510,1.8
4715,19,540,1.9
4719,75,2220,12.6
4719,76,2250,13
4719,77,2280,13.5
4719,78,2310,14.1
4719,79,2340,14.7
4719,80,2370,15.4
4719,81,2400,16.1
4719,82,2430,16.9
4808,1,419,0.19400001
4808,2,599,0.95700002
4808,3,671,1.83
4808,4,715,2.53
4808,5,797,4.3200002
4808,6,920,7.25
4808,7,1182,9.3900003
4808,8,1564,12.2
4808,9,1938,15.1
4808,10,2128,17.700001
4808,11,2262,20.5
4808,12,2384,24.299999
4808,13,2489,28.799999
4808,14,2637,37.200001
4808,15,2738,44.099998
4808,16,2820,53
4808,17,2910,60
4808,18,2950,70
4808,19,2970,80
4808,20,3110,90
4808,21,3230,100
4808,22,3290,110
4808,23,3340,115
4808,24,3370,120
4808,25,3450,130
4808,26,3530,140
4808,27,3620,150
4808,28,3690,160
4808,29,3700,170
4808,30,3810,180
4808,31,3840,190
4808,32,3900,200
4715,20,570,2
4715,21,600,2.2
4715,22,630,2.3
4715,23,660,2.5
4715,24,690,2.5999999
4715,25,720,2.7
4715,26,750,2.9000001
4715,27,780,3.0999999
4715,28,810,3.2
4715,29,840,3.4000001
4715,30,870,3.5
4715,31,900,3.7
4715,32,930,3.9000001
4715,33,960,4.0999999
4715,34,990,4.1999998
4715,35,1020,4.4000001
4715,36,1050,4.5999999
4715,37,1080,4.8000002
4715,38,1110,5
4715,39,1140,5.1999998
4715,40,1170,5.3000002
4715,41,1200,5.5
4715,42,1230,5.6999998
4715,43,1260,5.9000001
4715,44,1290,6.1999998
4715,45,1320,6.4000001
4715,46,1350,6.5999999
4715,47,1380,6.8000002
4715,48,1410,7
4715,49,1440,7.1999998
4715,50,1470,7.4000001
4715,51,1500,7.6999998
4715,52,1530,7.9000001
4715,53,1560,8.1000004
4715,54,1590,8.3000002
4715,55,1620,8.6000004
4715,56,1650,8.8000002
4715,57,1680,9.1000004
4715,58,1710,9.3000002
4715,59,1740,9.5
4715,60,1770,9.8000002
4715,61,1800,10
4715,62,1830,10.3
4715,63,1860,10.5
4715,64,1890,10.8
4715,65,1920,11.1
4715,66,1950,11.3
4715,67,1980,11.6
4715,68,2010,11.9
4715,69,2040,12.1
4715,70,2070,12.4
4715,71,2100,12.7
4715,72,2130,12.9
4715,73,2160,13.2
4715,74,2190,13.5
4715,75,2220,13.8
4715,76,2250,14.1
4715,77,2280,14.3
4715,78,2310,14.7
4715,79,2340,15.1
4715,80,2370,15.5
4715,81,2400,16
4715,82,2430,16.6
4715,83,2460,17.200001
4715,84,2490,17.799999
4715,85,2520,18.4
4715,86,2550,19.1
4715,87,2580,19.799999
4715,88,2610,20.5
4715,89,2640,21.299999
4715,90,2670,22.1
4715,91,2700,22.9
4715,92,2730,23.799999
4715,93,2760,24.6
4715,94,2790,25.5
4715,95,2820,26.5
4715,96,2850,27.4
4715,97,2880,28.4
4813,1,150,2
4813,2,280,3
4813,3,390,4
4813,4,490,5
4813,5,580,6
4813,6,660,7
4813,7,730,8
4813,8,800,9
4715,98,2910,29.4
4715,99,2940,30.4
4715,100,2970,31.5
4721,1,0,-0.037
4721,2,30,-0.028999999
4721,3,60,-0.026000001
4721,4,90,0.017000001
4721,5,120,0.101
4721,6,150,0.184
4721,7,180,0.315
4721,8,210,0.44299999
4721,9,240,0.57800001
4721,10,270,0.727
4721,11,300,0.84500003
4721,12,329,0.92000002
4721,13,360,1
4721,14,390,1.13
4721,15,420,1.22
4721,16,449,1.3
4721,17,480,1.41
4721,18,510,1.48
4721,19,540,1.6
4721,20,570,1.7
4721,21,600,1.8099999
4721,22,630,1.95
4721,23,659,2.01
4721,24,690,2.22
4721,25,720,2.26
4721,26,750,2.3499999
4721,27,780,2.51
4721,28,809,2.6099999
4721,29,840,2.75
4721,30,870,2.8900001
4721,31,899,3
4721,32,929,3.1099999
4721,33,960,3.28
4721,34,990,3.4100001
4721,35,1020,3.55
4721,36,1050,3.72
4721,37,1080,3.8800001
4721,38,1109,3.9200001
4721,39,1140,4.0799999
4721,40,1170,4.3299999
4721,41,1200,4.4899998
4721,42,1230,4.5700002
4721,43,1260,4.73
4721,44,1290,4.9499998
4721,45,1319,5.0500002
4721,46,1349,5.2800002
4721,47,1380,5.4000001
4721,48,1410,5.6100001
4721,49,1440,5.7199998
4722,1,0,0.039999999
4722,2,30,0.043000001
4722,3,60,0.093999997
4722,4,90,0.15899999
4722,5,120,0.26499999
4722,6,150,0.37799999
4722,7,180,0.51700002
4722,8,210,0.685
4722,9,240,0.87099999
4722,10,270,1.04
4722,11,300,1.2
4722,12,329,1.3099999
4722,13,360,1.45
4722,14,390,1.59
4722,15,420,1.7
4722,16,449,1.8099999
4722,17,480,1.9299999
4722,18,510,2.0699999
4722,19,540,2.1700001
4722,20,570,2.3399999
4722,21,600,2.53
4722,22,630,2.6400001
4722,23,659,2.8
4722,24,690,2.99
4722,25,720,3.0899999
4722,26,750,3.26
4722,27,780,3.4200001
4722,28,809,3.5999999
4722,29,840,3.75
4722,30,870,3.9300001
4722,31,899,4.0799999
4722,32,929,4.3299999
4722,33,960,4.5599999
4722,34,990,4.7199998
4722,35,1020,4.8099999
4722,36,1050,5.0700002
4722,37,1080,5.25
4719,83,2460,17.700001
4719,84,2490,18.6
4719,85,2520,19.5
4719,86,2550,20.5
4719,87,2580,21.5
4719,88,2610,22.5
4719,89,2640,23.6
4719,90,2670,24.700001
4719,91,2700,25.9
4719,92,2730,27
4719,93,2760,28.299999
4719,94,2790,29.5
4719,95,2820,30.799999
4719,96,2850,32.200001
4719,97,2880,33.5
4719,98,2910,34.900002
4719,99,2940,36.400002
4719,100,2970,37.799999
4720,1,0,0
4720,2,30,0
4720,3,60,0.015
4720,4,90,0.078000002
4720,5,120,0.169
4720,6,150,0.27900001
4720,7,180,0.40700001
4720,8,210,0.55000001
4720,9,240,0.70599997
4720,10,270,0.87400001
4720,11,300,1.03
4720,12,329,1.13
4720,13,360,1.23
4720,14,390,1.33
4720,15,420,1.4400001
4720,16,449,1.55
4720,17,480,1.66
4720,18,510,1.78
4720,19,540,1.9
4720,20,570,2.02
4720,21,600,2.1500001
4720,22,630,2.28
4720,23,659,2.4100001
4720,24,690,2.54
4720,25,720,2.6800001
4720,26,750,2.8199999
4720,27,780,2.96
4720,28,809,3.1099999
4720,29,840,3.26
4720,30,870,3.4100001
4720,31,899,3.5599999
4720,32,929,3.72
4720,33,960,3.8699999
4720,34,990,4.04
4720,35,1020,4.1999998
4720,36,1050,4.3699999
4720,37,1080,4.5300002
4720,38,1109,4.71
4720,39,1140,4.8800001
4720,40,1170,5.0500002
4720,41,1200,5.23
4720,42,1230,5.4099998
4720,43,1260,5.5999999
4720,44,1290,5.7800002
4720,45,1319,5.9699998
4720,46,1349,6.1599998
4720,47,1380,6.3499999
4720,48,1410,6.5500002
4720,49,1440,6.7399998
4720,50,1470,6.9400001
4720,51,1500,7.1399999
4720,52,1530,7.3499999
4720,53,1560,7.5500002
4720,54,1589,7.7600002
4720,55,1619,7.9699998
4720,56,1650,8.1800003
4720,57,1680,8.3999996
4720,58,1710,8.6099997
4720,59,1740,8.8299999
4720,60,1770,9.0500002
4720,61,1799,9.2799997
4720,62,1829,9.5
4720,63,1859,9.7299995
4720,64,1890,9.96
4720,65,1920,10.2
4720,66,1950,10.4
4720,67,1980,10.7
4720,68,2009,10.9
4720,69,2040,11.1
4720,70,2070,11.4
4720,71,2100,11.6
4720,72,2130,11.9
4720,73,2160,12.1
4813,9,870,10
4813,10,1160,15
4813,11,1400,20
4813,12,1610,25
4813,13,1790,30
4813,14,1950,35
4813,15,2090,40
4813,16,2230,45
4813,17,2360,50
4813,18,2590,60
4813,19,2810,70
4813,20,3000,80
4813,21,3220,100
4813,22,3250,110
4813,23,3300,120
4813,24,3360,130
4813,25,3420,140
4813,26,3470,150
4813,27,3510,155
4815,1,419,0.19400001
4815,2,599,0.95700002
4815,3,671,1.83
4815,4,715,2.53
4815,5,797,4.3200002
4815,6,920,7.25
4815,7,1182,9.3900003
4815,8,1564,12.2
4815,9,1938,15.1
4720,74,2190,12.4
4720,75,2219,12.6
4720,76,2250,12.9
4720,77,2280,13.1
4720,78,2310,13.4
4720,79,2340,13.6
4720,80,2370,13.9
4720,81,2400,14.2
4720,82,2429,14.5
4720,83,2460,15
4720,84,2489,15.5
4720,85,2520,16.1
4720,86,2550,16.700001
4720,87,2580,17.4
4720,88,2610,18.200001
4720,89,2639,19
4720,90,2670,19.799999
4720,91,2699,20.700001
4720,92,2730,21.700001
4720,93,2760,22.6
4720,94,2790,23.700001
4720,95,2820,24.700001
4720,96,2850,25.799999
4720,97,2880,27
4720,98,2909,28.1
4720,99,2940,29.299999
4720,100,2969,30.6
4721,50,1470,5.8800001
4721,51,1500,6.1399999
4721,52,1530,6.3000002
4721,53,1560,6.3699999
4721,54,1589,6.4899998
4721,55,1619,6.8200002
4721,56,1650,6.9200001
4721,57,1680,7.0300002
4721,58,1710,7.3099999
4721,59,1740,7.52
4721,60,1770,7.5700002
4721,61,1799,7.8899999
4721,62,1829,8.0799999
4721,63,1859,8.1999998
4721,64,1890,8.5
4721,65,1920,8.5200005
4721,66,1950,8.79
4721,67,1980,9.1899996
4721,68,2007,9.25
4721,69,2040,9.5500002
4721,70,2070,9.6000004
4721,71,2100,10.1
4721,72,2128,10.1
4721,73,2160,10.4
4721,74,2190,10.4
4721,75,2219,10.7
4721,76,2250,11
4721,77,2280,11.1
4721,78,2310,11.4
4721,79,2340,11.5
4721,80,2370,12
4721,81,2400,12.2
4721,82,2429,12.5
4721,83,2460,12.6
4721,84,2489,13.2
4721,85,2520,13.3
4721,86,2550,13.5
4721,87,2580,14.2
4721,88,2610,14.6
4721,89,2639,15.3
4721,90,2670,15.8
4721,91,2699,16.299999
4721,92,2730,16.799999
4721,93,2760,17.5
4721,94,2790,17.6
4721,95,2820,18.5
4721,96,2850,19.299999
4721,97,2880,19.6
4721,98,2909,20.299999
4721,99,2940,21.299999
4721,100,2969,21.799999
4722,38,1109,5.3800001
4722,39,1140,5.6799998
4722,40,1170,5.8899999
4722,41,1200,6.1599998
4722,42,1230,6.3000002
4722,43,1260,6.4699998
4815,10,1990,16
4815,11,2920,53
4815,12,3480,110
4815,13,4090,190
4815,14,4180,200
4817,1,2800,53
4817,2,2870,60
4817,3,2960,70
4817,4,3050,80
4817,5,3140,90
4817,6,3220,100
4817,7,3310,110
4818,1,2720,53
4818,2,2780,60
4818,3,2880,70
4818,4,2970,80
4818,5,3060,90
4818,6,3160,100
4818,7,3260,110
4818,8,3310,115
4722,44,1290,6.7399998
4722,45,1319,6.9000001
4722,46,1349,7.27
4722,47,1380,7.2800002
4722,48,1410,7.6599998
4722,49,1440,7.8400002
4722,50,1470,8.1499996
4722,51,1500,8.3599997
4722,52,1530,8.6000004
4722,53,1560,8.8900003
4722,54,1589,9.1000004
4722,55,1619,9.1899996
4722,56,1650,9.5100002
4722,57,1680,9.7600002
4722,58,1710,10.1
4722,59,1740,10.2
4722,60,1770,10.4
4722,61,1799,10.7
4722,62,1829,10.9
4722,63,1859,11.4
4722,64,1890,11.5
4722,65,1920,11.8
4722,66,1950,12.1
4722,67,1980,12.4
4722,68,2009,12.7
4722,69,2040,12.9
4722,70,2070,13.1
4722,71,2100,13.5
4722,72,2130,13.7
4722,73,2160,14.1
4722,74,2190,14.6
4722,75,2219,14.6
4722,76,2250,15.1
4722,77,2280,15.2
4722,78,2310,15.5
4722,79,2340,16
4722,80,2370,16.299999
4722,81,2400,16.5
4722,82,2429,17.1
4722,83,2460,17.799999
4722,84,2489,18.1
4722,85,2520,18.700001
4722,86,2550,19.799999
4722,87,2580,20.200001
4722,88,2610,21.799999
4722,89,2639,22.299999
4722,90,2670,23.299999
4722,91,2699,24.1
4722,92,2730,25.299999
4722,93,2760,26.799999
4722,94,2790,27.9
4722,95,2820,29.6
4722,96,2850,30.799999
4722,97,2880,32
4722,98,2909,33.5
4722,99,2940,35.099998
4722,100,2969,36.299999
4724,1,0,1.29
4724,2,135,2.5899999
4799,6,345,1.1799999
4799,7,393,1.4
4799,8,493,1.83
4799,9,549,2.0799999
4799,10,719,2.8599999
4799,11,919,3.95
4799,12,1123,5
4799,13,1338,6.0999999
4799,14,1554,7.2800002
4799,15,1751,8.3999996
4799,16,1973,9.7299995
4799,17,2166,10.9
4799,18,2313,12.2
4799,19,2417,13.9
4799,20,2534,16.1
4817,8,3350,115
4817,9,3390,120
4817,10,3480,130
4817,11,3570,140
4817,12,3650,150
4817,13,3730,160
4817,14,3800,170
4817,15,3860,180
4817,16,3910,190
4817,17,3950,200
4818,9,3370,120
4818,10,3500,130
4818,11,3580,140
4818,12,3650,150
4818,13,3710,160
4818,14,3740,170
4818,15,3770,180
4818,16,3810,190
4818,17,3830,200
4819,1,419,0.19400001
4819,2,599,0.95700002
4819,3,671,1.83
4724,3,196,3.22
4724,4,357,5.29
4724,5,470,6.8499999
4724,6,652,9.5500002
4724,7,1163,17.5
4724,8,1666,26.6
4724,9,1813,29.9
4724,10,2092,36.299999
4724,11,2285,40.799999
4724,12,2437,44.5
4724,13,2565,49.099998
4724,14,2724,56
4724,15,2851,62.099998
4724,16,2958,68
4724,17,3431,93.800003
4732,17,3380,29.4
4732,18,3450,39.599998
4784,30,3350,130
4784,31,3390,140
4784,32,3420,150
4784,33,3440,155
4796,1,40,0.285
4796,2,110,0.37799999
4796,3,180,0.48800001
4796,4,319,0.75800002
4796,5,375,0.94999999
4796,6,405,1.0700001
4796,7,561,1.7
4796,8,635,2.03
4796,9,705,2.3399999
4796,10,795,2.78
4796,11,1069,4.2399998
4796,12,1371,5.6999998
4796,13,1513,6.4699998
4796,14,1648,7.2800002
4796,15,1788,8.21
4796,16,1942,9.3199997
4796,17,2077,10.6
4796,18,2209,11.8
4796,19,2313,13
4796,20,2420,14.8
4796,21,2563,18
4796,22,2663,20.799999
4796,23,2807,25.6
4797,1,39,0
4797,2,64,0.059
4797,3,89,0.133
4797,4,138,0.294
4797,5,237,0.66000003
4797,6,434,1.51
4797,7,577,2.01
4797,8,635,2.3099999
4797,9,830,3.3199999
4797,10,994,4.1300001
4797,11,1261,5.4400001
4797,12,1396,6.0599999
4797,13,1525,6.7800002
4797,14,1640,7.4000001
4797,15,1830,8.6499996
4797,16,2045,10.3
4797,17,2287,12.9
4797,18,2459,16
4797,19,2640,20.6
4797,20,2804,25.9
4798,1,80,0.079999998
4798,2,220,0.57999998
4798,3,230,0.60000002
4798,4,250,0.64999998
4798,5,300,0.80000001
4798,6,600,2
4798,7,1000,3.8
4798,8,1500,6.0999999
4798,9,1749,7.5999999
4798,10,2004,9.5
4798,11,2251,11.7
4798,12,2456,15.2
4798,13,2591,18.6
4798,14,2810,25.700001
4799,21,2617,18.200001
4799,22,2800,24.1
4839,5,450,0.69999999
4839,6,500,0.95999998
4839,7,550,1.22
4839,8,600,1.51
4839,9,650,1.8099999
4839,10,700,2.1300001
4839,11,750,2.48
4839,12,800,2.8399999
4839,13,850,3.22
4736,86,1780,24
4736,87,1800,24.5
4736,88,1820,25
4736,89,1840,25.5
4736,90,1860,26
4736,91,1880,26.6
4736,92,1900,27.1
4736,93,1920,27.6
4736,94,1940,28.1
4736,95,1960,28.6
4736,96,1980,29.200001
4736,97,2000,29.700001
4819,4,715,2.53
4819,5,797,4.3200002
4819,6,920,7.25
4819,7,1182,9.3900003
4819,8,1564,12.2
4819,9,1938,15.1
4819,10,2128,17.700001
4819,11,2262,20.5
4819,12,2384,24.299999
4819,13,2489,28.799999
4819,14,2637,37.200001
4819,15,2738,45.400002
4819,16,2804,52.599998
4819,17,3141,90.599998
4819,18,3456,127
4819,19,3674,153
4819,20,3769,168
4819,21,3869,191
4819,22,3902,200
4824,1,419,0.19400001
4824,2,599,0.95700002
4824,3,671,1.83
4824,4,715,2.53
4824,5,797,4.3200002
4824,6,920,7.25
4824,7,1182,9.3900003
4824,8,1564,12.2
4824,9,1938,15.1
4824,10,2128,17.700001
4824,11,2262,20.5
4824,12,2384,24.299999
4824,13,2489,28.799999
4824,14,2637,37.200001
4824,15,2738,45.400002
4824,16,2804,52.599998
4824,17,3134,92.699997
4824,18,3512,140
4824,19,3822,181
4824,20,3940,200
4825,1,2790,53
4825,2,2860,60
4825,3,2940,70
4825,4,3030,80
4825,5,3110,90
4825,6,3190,100
4825,7,3270,110
4825,8,3310,115
4825,9,3350,120
4825,10,3420,130
4825,11,3510,140
4825,12,3590,150
4825,13,3670,160
4825,14,3750,170
4825,15,3820,180
4825,16,3880,190
4825,17,3940,200
4826,1,2700,53
4826,2,2750,60
4826,3,2840,70
4826,4,2920,80
4826,5,3010,90
4826,6,3100,100
4826,7,3190,110
4826,8,3240,115
4826,9,3290,120
4826,10,3380,130
4826,11,3520,140
4826,12,3590,150
4826,13,3670,160
4826,14,3740,170
4826,15,3760,180
4826,16,3780,190
4826,17,3820,200
4828,7,303,0.39399999
4828,8,319,0.461
4828,9,351,0.63499999
4828,10,396,0.97100002
4828,11,421,1.17
4828,12,499,1.89
4828,13,521,2.1400001
4828,14,577,2.8299999
4828,15,724,4.8899999
4828,16,969,8.1300001
4828,17,1087,9.6899996
4828,18,1657,16.5
4828,19,2069,21.5
4828,20,2222,23.4
4828,21,2371,24.700001
4828,22,2674,28.6
4828,23,3091,37.700001
4828,24,3393,45.700001
4828,25,3743,59.099998
4828,26,4077,74.699997
4829,14,2430,37.299999
4829,15,2645,51.900002
4829,16,2753,62.799999
4829,17,2868,76.800003
4829,18,3053,103
4829,19,3201,124
4830,20,2430,37.299999
4830,21,2640,54.299999
4830,22,2750,64.199997
4830,23,2860,76.699997
4830,24,3048,103
4830,25,3198,125
4839,14,900,3.5999999
4839,15,950,4.0100002
4509,16,3400,175
4509,17,3500,187
4525,10,1000,14
4526,7,550,3.6500001
4526,8,600,4.6999998
4526,9,700,6.9000001
4526,10,800,9.6000004
4526,11,900,12.5
4527,11,1200,17.5
4527,12,1300,21
4528,11,1200,17.5
4529,3,300,0.43000001
4529,4,350,0.60000002
4529,5,400,1
4529,6,450,1.55
4529,7,600,3.8
4529,8,700,5.4000001
4529,9,800,7.4000001
4529,10,1000,12
4530,13,1400,25
4530,14,1500,30
4533,3,310,0.15000001
4533,4,340,0.23999999
4533,5,360,0.31999999
4533,6,430,0.67000002
4533,7,490,1.03
4533,8,530,1.3099999
4533,9,600,1.89
4533,10,650,2.3699999
4533,11,700,2.8699999
4533,12,750,3.3800001
4533,13,800,3.9300001
4533,14,850,4.4899998
4533,15,900,5.0700002
4533,16,1000,6.3000002
4533,17,1100,7.6799998
4533,18,1200,9.1000004
4536,5,340,0.15000001
4533,19,1300,10.6
4533,20,1400,12.2
4533,21,1500,13.8
4535,22,1500,13.7
4535,23,1600,15.4
4535,24,1650,16.299999
4535,25,1700,17.299999
4536,6,360,0.20999999
4536,7,380,0.28
4536,8,400,0.37
4536,9,450,0.62
4536,10,500,0.91000003
4536,11,550,1.24
4536,12,600,1.63
4536,13,650,2.0699999
4536,14,700,2.5699999
4536,15,750,3.0699999
4536,16,800,3.5999999
4536,17,850,4.1500001
4536,18,900,4.7199998
4536,19,1000,5.9299998
4536,20,1100,7.27
4536,21,1200,8.6899996
4536,22,1300,10.2
4536,23,1400,11.8
4536,24,1500,13.4
4536,25,1600,15.3
4536,26,1700,17.1
4537,14,950,4.8899999
4537,15,1000,5.4400001
4537,16,1100,6.6700001
4537,17,1200,8.0200005
4537,18,1300,9.54
4537,19,1400,11.2
4537,20,1500,13.1
4538,16,900,4.8200002
4538,17,1000,6.0100002
4538,18,1100,7.3299999
4538,19,1200,8.7299995
4538,20,1300,10.1
4538,21,1400,11.7
4538,22,1600,15.5
4538,23,1610,15.7
4539,1,200,0.11
4539,2,250,0.18000001
4539,3,300,0.31
4539,4,350,0.50999999
4539,5,400,0.75999999
4539,6,450,1.05
4539,7,500,1.38
4539,8,550,1.74
4539,9,600,2.0999999
4539,10,650,2.51
4539,11,700,2.96
4539,12,800,3.95
4539,13,900,5.04
4539,14,1000,6.27
4539,15,1100,7.6100001
4539,16,1200,9.0100002
4539,17,1300,10.4
4539,18,1400,12
4539,19,1500,13.9
4539,20,1600,15.9
4540,1,150,0.1
4540,2,200,0.17
4540,3,220,0.2
4540,4,250,0.28
4540,5,300,0.46000001
4540,6,350,0.70999998
4540,7,400,0.99000001
4540,8,450,1.3099999
4540,9,500,1.67
4540,10,550,2.02
4540,11,600,2.4200001
4540,12,650,2.8699999
4540,13,700,3.3499999
4540,14,750,3.8499999
4540,15,800,4.3800001
4540,16,850,4.9299998
4540,17,900,5.52
4540,18,950,6.1399999
4540,19,1000,6.79
4540,20,1100,8.1700001
4540,21,1200,9.5699997
4540,22,1300,10.9
4540,23,1500,14.7
4541,1,150,0.050000001
4541,2,200,0.1
4541,3,250,0.2
4541,4,300,0.38
4541,5,350,0.57999998
4541,6,400,0.85000002
4541,7,450,1.15
4541,8,500,1.47
4541,9,600,2.1800001
4541,10,700,3.05
4541,11,800,4.0500002
4541,12,900,5.1599998
4541,13,1000,6.4000001
4541,14,1100,7.75
4541,15,1200,9.1499996
4541,16,1300,10.6
4541,17,1400,12.3
4541,18,1500,14.2
4542,1,200,0.050000001
4542,2,240,0.079999998
4542,3,270,0.14
4542,4,300,0.23
4542,5,330,0.34999999
4542,6,370,0.55000001
4542,7,420,0.85000002
4542,8,500,1.41
4542,9,600,2.1800001
4542,10,700,3.05
4542,11,800,4.0500002
4542,12,900,5.1599998
4542,13,1100,7.75
4542,14,1300,10.6
4542,15,1400,12.3
4542,16,1500,14.2
4543,9,630,1.71
4543,10,670,2.0699999
4543,11,790,3.27
4543,12,990,5.5500002
4543,13,1600,13.5
4544,6,1000,6.5999999
4544,7,1300,12
4545,7,700,2.9000001
4545,8,1000,7.0999999
4545,9,1300,11.9
4546,1,260,0
4546,2,280,0.0099999998
4546,3,310,0.039999999
4546,4,350,0.12
4546,5,400,0.30000001
4546,6,450,0.5
4546,7,500,0.85000002
4546,8,550,1.3
4546,9,600,1.85
4546,10,700,3
4546,11,800,4.3000002
4546,12,1000,7
4546,13,1200,10
4547,1,220,0.015
4547,2,250,0.090000004
4547,3,300,0.23999999
4547,4,350,0.41
4547,5,400,0.66000003
4547,6,450,0.95999998
4547,7,500,1.3
4547,8,600,2.0999999
4547,9,700,3.0999999
4547,10,800,4.3000002
4547,11,1000,7
4547,12,1200,10
4547,13,1300,11.7
4548,14,800,4.3000002
4548,15,1000,7
4548,16,1200,10
4548,17,1300,11.7
4549,22,449,1.9
4549,23,955,6.5500002
4549,24,1700,14.2
4550,1,1,0
4550,2,11,0.001
4550,3,21,0.003
4550,4,40,0.0080000004
4550,5,59,0.015
4550,6,78,0.023
4550,7,117,0.043000001
4550,8,155,0.066
4550,9,170,0.092
4550,10,180,0.116
4550,11,192,0.141
4550,12,196,0.162
4550,13,205,0.219
4550,14,221,0.34200001
4550,15,235,0.43599999
4550,16,288,0.70300001
4550,17,340,1
4550,18,360,1.25
4550,19,378,1.35
4550,20,440,1.75
4550,21,955,6.5500002
4550,22,1700,14.2
4551,1,-1,0.016000001
4551,2,185,0.055
4551,3,210,0.121
4551,4,225,0.156
4551,5,245,0.211
4551,6,271,0.257
4551,7,281,0.29499999
4551,8,324,0.59299999
4551,9,437,1.6799999
4551,10,777,4.7800002
4551,11,954,6.5500002
4551,12,1700,14.2
4552,7,256,0.389
4552,8,306,0.65499997
4552,9,325,0.78600001
4552,10,437,1.6799999
4552,11,777,4.7800002
4552,12,954,6.5500002
4552,13,1700,14.2
4566,1,0,0
4566,2,390,4
4566,3,1400,128
4566,4,2250,236
4566,5,2540,359
4576,1,265,0.36199999
4576,2,422,1.4299999
4576,3,472,1.92
4576,4,572,3.1700001
4576,5,675,4.7399998
4576,6,900,9.9099998
4576,7,1173,18.200001
4576,8,1327,23.200001
4576,9,1589,33.099998
4576,10,1800,40.299999
4576,11,2084,52.400002
4576,12,2265,60.5
4576,13,2435,71.099998
4576,14,2698,85.900002
4615,1,265,0.36199999
4615,2,422,1.4299999
4615,3,472,1.92
4615,4,572,3.1700001
4615,5,672,4.7399998
4615,6,772,6.6700001
4615,7,872,8.9499998
4615,8,972,11.6
4615,9,1179,18
4615,10,1391,25.9
4615,11,1597,33.5
4615,12,2435,71.099998
4615,13,2698,85.900002
4591,73,1246,1.131
4591,74,1264,1.17
4591,75,1282,1.212
4591,76,1300,1.256
4591,77,1318,1.301
4591,78,1336,1.349
4591,79,1354,1.398
4591,80,1372,1.449
4591,81,1390,1.502
4591,82,1408,1.557
4591,83,1426,1.613
4591,84,1444,1.671
4591,85,1462,1.73
4591,86,1480,1.791
4591,87,1498,1.854
4591,88,1516,1.918
4597,1,-50,0
4597,2,-34,0
4597,3,-19,0.0020000001
4597,4,-3,0.0049999999
4597,5,12,0.0099999998
4597,6,27,0.015
4597,7,43,0.021
4597,8,58,0.028000001
4597,9,74,0.035
4597,10,89,0.043000001
4597,11,105,0.050999999
4597,12,120,0.059999999
4597,13,136,0.068999998
4597,14,151,0.079000004
4597,15,167,0.089000002
4597,16,182,0.1
4597,17,198,0.114
4597,18,213,0.13
4597,19,229,0.146
4597,20,244,0.163
4597,21,260,0.18099999
4597,22,275,0.2
4597,23,291,0.219
4597,24,306,0.23899999
4597,25,322,0.25999999
4597,26,337,0.28099999
4597,27,353,0.30399999
4597,28,368,0.32600001
4597,29,384,0.34999999
4597,30,399,0.37400001
4597,31,415,0.39899999
4597,32,430,0.42500001
4597,33,446,0.45100001
4597,34,461,0.47799999
4597,35,477,0.505
4597,36,492,0.53299999
4597,37,508,0.56199998
4597,38,523,0.59100002
4597,39,539,0.62099999
4597,40,554,0.65100002
4597,41,570,0.68199998
4597,42,585,0.71399999
4597,43,601,0.74599999
4597,44,616,0.77899998
4597,45,632,0.81199998
4597,46,647,0.84600002
4597,47,663,0.88099998
4597,48,678,0.91600001
4597,49,694,0.95099998
4597,50,709,0.98799998
4597,51,725,1.024
4597,52,740,1.062
4597,53,756,1.099
4597,54,771,1.138
4597,55,787,1.177
4597,56,802,1.216
4597,57,818,1.256
4597,58,833,1.296
4597,59,849,1.337
4597,60,864,1.3789999
4597,61,880,1.421
4597,62,895,1.4630001
4597,63,911,1.506
4597,64,926,1.55
4597,65,942,1.594
4597,66,957,1.638
4597,67,973,1.684
4597,68,988,1.729
4597,69,1004,1.775
4597,70,1019,1.822
4597,71,1035,1.869
4597,72,1050,1.916
4597,73,1066,1.964
4597,74,1081,2.0120001
4597,75,1097,2.0610001
4597,76,1112,2.1110001
4597,77,1128,2.161
4597,78,1143,2.211
4597,79,1159,2.2639999
4597,80,1174,2.3210001
4597,81,1190,2.3789999
4597,82,1205,2.4400001
4597,83,1221,2.503
4597,84,1236,2.5680001
4597,85,1252,2.635
4597,86,1267,2.7030001
4597,87,1283,2.773
4597,88,1298,2.845
4597,89,1314,2.918
4597,90,1329,2.993
4597,91,1345,3.069
4597,92,1360,3.1470001
4597,93,1376,3.227
4597,94,1391,3.3080001
4597,95,1407,3.3900001
4597,96,1422,3.474
4597,97,1438,3.559
4597,98,1453,3.645
4597,99,1469,3.733
4597,100,1484,3.822
4566,6,2990,500
4566,7,3700,918
4566,8,5180,1200
4567,1,80,0.5
4567,2,220,8.6999998
4567,3,790,22.6
4567,4,890,29.6
4567,5,990,38.700001
4567,6,1180,50.099998
4567,7,1280,55.900002
4567,8,1300,63.5
4567,9,1320,67.699997
4567,10,1360,71.699997
4567,11,1370,74.5
4567,12,1400,77.699997
4567,13,1410,81
4567,14,1430,84
4567,15,1460,87.400002
4567,16,1490,91
4567,17,1510,94
4567,18,1530,97
4567,19,1550,100
4567,20,1560,102
4567,21,1570,103
4567,22,1580,104
4567,23,1590,105
4567,24,1600,107
4567,25,1610,109
4567,26,1630,111
4567,27,1640,113
4567,28,1660,116
4567,29,1670,117
4567,30,1680,119
4567,31,1700,122
4567,32,1740,127
4567,33,1790,133
4567,34,1840,140
4567,35,1900,148
4567,36,1970,158
4567,37,2020,165
4567,38,2080,172
4567,39,2140,180
4567,40,2200,188
4567,41,2260,197
4567,42,2310,206
4567,43,2380,216
4567,44,2450,228
4567,45,2510,241
4567,46,2570,256
4567,47,2620,272
4567,48,2660,299
4567,49,2740,343
4567,50,2840,375
4567,51,2920,404
4567,52,3020,435
4567,53,3110,463
4567,54,3170,487
4567,55,3220,507
4567,56,3270,525
4567,57,3320,546
4567,58,3390,580
4567,59,3510,627
4567,60,3640,683
4567,61,3790,755
4567,62,3960,843
4567,63,4130,924
4567,64,4260,989
4567,65,4360,1040
4567,66,4450,1080
4567,67,4540,1120
4567,68,4580,1140
4567,69,4600,1150
4575,1,129,0.0040000002
4575,2,175,0.074000001
4575,3,191,0.101
4575,4,210,0.15899999
4575,5,239,0.242
4575,6,270,0.331
4575,7,301,0.458
4575,8,318,0.53500003
4575,9,348,0.68599999
4575,10,396,0.96499997
4575,11,421,1.17
4575,12,496,1.9299999
4575,13,520,2.23
4575,14,572,2.8599999
4575,15,724,4.8899999
4575,16,969,8.1300001
4575,17,1087,9.6899996
4575,18,1657,16.5
4575,19,2069,21.5
4575,20,2222,23.4
4575,21,2371,24.700001
4575,22,2674,28.6
4575,23,3091,37.700001
4575,24,3382,46.5
4575,25,3743,59.099998
4575,26,4077,74.699997
4576,15,3137,114
4576,16,3700,182
4591,12,148,0.075999998
4591,13,166,0.090000004
4591,14,184,0.106
4591,15,202,0.118
4591,16,220,0.127
4591,17,238,0.13699999
4591,18,256,0.147
4591,19,274,0.15700001
4591,20,292,0.168
4591,21,310,0.17900001
4591,22,328,0.19
4591,23,346,0.20200001
4591,24,364,0.214
4591,25,382,0.226
4591,26,400,0.23800001
4591,27,418,0.25
4591,28,436,0.26300001
4591,29,454,0.27599999
4591,30,472,0.28999999
4591,31,490,0.303
4591,32,508,0.317
4591,33,526,0.331
4591,34,544,0.34599999
4591,35,562,0.36000001
4591,36,580,0.375
4591,37,598,0.38999999
4591,38,616,0.405
4591,39,634,0.421
4591,40,652,0.43700001
4591,41,670,0.45300001
4591,42,688,0.46900001
4591,43,706,0.486
4591,44,724,0.50199997
4591,45,742,0.51899999
4591,46,760,0.537
4591,47,778,0.55400002
4591,48,796,0.57200003
4591,49,814,0.58999997
4591,50,832,0.60799998
4591,51,850,0.62599999
4591,52,868,0.64499998
4591,53,886,0.66299999
4591,54,904,0.68199998
4591,55,922,0.70099998
4591,56,940,0.72100002
4591,57,958,0.741
4591,58,976,0.75999999
4591,59,994,0.77999997
4591,60,1012,0.801
4591,61,1030,0.82099998
4591,62,1048,0.84200001
4591,63,1066,0.86299998
4591,64,1084,0.884
4591,65,1102,0.90499997
4591,66,1120,0.92699999
4591,67,1138,0.949
4591,68,1156,0.97100002
4591,69,1174,0.99699998
4591,70,1192,1.026
4591,71,1210,1.059
4591,72,1228,1.094
4615,14,3137,114
4615,15,3700,182
