noct,nopt,h,q
216,1,150,0.079999998
216,2,250,0.25999999
216,3,300,0.41
216,4,340,0.58999997
216,5,360,0.70999998
216,6,370,0.77999997
216,7,380,0.85000002
216,8,430,1.25
216,9,500,1.95
216,10,600,3.0999999
217,1,160,0.28
217,2,280,0.57999998
217,3,320,0.74000001
217,4,390,1.16
217,5,420,1.4
217,6,430,1.5
217,7,440,1.62
217,8,460,1.9
217,9,500,2.5
217,10,600,4.1999998
217,11,1000,11
217,12,1500,21
220,1,100,0.60000002
220,2,120,0.69999999
220,3,150,0.91000003
220,4,200,1.36
220,5,300,2.46
220,6,320,2.7
220,7,350,3.3
220,8,650,10.2
220,9,950,17.700001
221,1,100,0.60000002
221,2,120,0.69999999
221,3,150,0.91000003
221,4,200,1.36
221,5,220,1.58
221,6,250,1.9400001
221,7,310,2.9000001
221,8,390,4.5
221,9,470,6.5
221,10,570,9.1999998
221,11,670,12
221,12,770,15
221,13,970,23
221,14,1100,29.5
223,1,100,0.25999999
223,2,120,0.28999999
223,3,140,0.34
223,4,160,0.41
223,5,180,0.5
223,6,200,0.61000001
223,7,220,0.73000002
223,8,230,0.80000001
223,9,280,1.2
223,10,380,2.0999999
223,11,500,3.3
223,12,700,5.6999998
224,1,50,0.17
224,2,80,0.25999999
224,3,120,0.40000001
224,4,160,0.56
224,5,180,0.66000003
224,6,240,1.14
224,7,290,1.59
224,8,320,1.92
224,9,360,2.48
224,10,400,3.0799999
224,11,440,3.8
224,12,500,5
224,13,570,6.5209999
224,14,800,12.5
224,15,1100,21.5
226,1,400,6
226,2,500,8
226,3,550,9.1999998
226,4,600,10.7
226,5,700,14
226,6,1100,28
226,7,1300,36
226,8,1700,54
226,9,1900,64
227,1,400,6
227,2,520,7.4400001
227,3,600,8.8000002
227,4,650,10.2
227,5,1170,31
227,6,1510,46.299999
227,7,1770,60.599998
227,8,1900,68.400002
227,9,2050,78.900002
227,10,2240,94.099998
227,11,2350,104
227,12,2650,134
227,13,3000,176
229,1,100,0.1
229,2,150,0.2
229,3,200,0.34999999
229,4,400,1.15
229,5,450,1.4
229,6,600,2.3
229,7,800,3.7
231,1,250,0.1
231,2,270,0.15000001
231,3,300,0.23999999
231,4,330,0.36000001
231,5,360,0.50999999
231,6,400,0.75
231,7,450,1.25
231,8,500,1.85
231,9,1150,10.3
231,10,1500,17.299999
232,1,200,0.0049999999
232,2,240,0.0089999996
232,3,260,0.015
232,4,310,0.059999999
232,5,330,0.1
232,6,340,0.13
232,7,380,0.38999999
232,8,400,0.55000001
232,9,450,1
232,10,500,1.6
232,11,700,4.4000001
232,12,780,5.5999999
232,13,850,7
232,14,950,9.3000002
232,15,1250,16.799999
232,16,1800,33.299999
233,1,300,0.1
233,2,350,0.25
233,3,400,0.60000002
233,4,450,1
233,5,550,2
233,6,650,3.2
233,7,900,7
233,8,1000,8.8000002
233,9,1300,14.8
233,10,1500,19.6
233,11,1600,22.200001
233,12,1700,25
233,13,2000,34
235,1,50,0.1
235,2,60,0.15000001
235,3,70,0.22
235,4,80,0.31
235,5,100,0.55000001
235,6,120,0.82999998
235,7,140,1.15
235,8,160,1.49
235,9,180,1.85
235,10,200,2.23
235,11,210,2.4300001
235,12,270,3.75
235,13,500,9.5
237,1,210,0.059999999
237,2,250,0.16
237,3,360,0.49000001
237,4,500,1.05
237,5,600,1.55
238,1,160,0.0049999999
238,2,170,0.011
238,3,180,0.02
238,4,190,0.029999999
238,5,210,0.059999999
238,6,250,0.16
238,7,300,0.31
238,8,420,0.73000002
238,9,500,1.05
238,10,600,1.55
241,1,100,0.60000002
241,2,150,1
241,3,200,1.5
241,4,250,2.0999999
241,5,300,2.8499999
241,6,350,3.8499999
241,7,400,5.0999999
241,8,450,6.5999999
241,9,500,8.6000004
241,10,600,13.6
241,11,700,19
241,12,800,25
242,1,60,0.5
242,2,100,0.69999999
242,3,130,0.97000003
242,4,160,1.36
242,5,180,1.64
242,6,250,2.76
242,7,280,3.3599999
242,8,350,4.9000001
242,9,400,6.5
242,10,500,10.5
242,11,1200,45.5
243,1,50,0.1
243,2,60,0.15000001
243,3,70,0.22
243,4,90,0.40000001
243,5,150,1
243,6,200,1.75
243,7,250,2.75
243,8,300,4
243,9,350,5.5
243,10,400,7.25
243,11,450,9.25
243,12,500,11.5
243,13,600,16.5
243,14,800,27
244,1,50,0.1
244,2,60,0.15000001
244,3,70,0.22
244,4,90,0.40000001
244,5,150,1
244,6,200,1.75
244,7,250,2.75
244,8,300,4
244,9,350,5.5
244,10,450,9
244,11,2400,87
245,1,50,0.23999999
245,2,110,0.60000002
245,3,160,0.94999999
245,4,190,1.4
245,5,220,2
245,6,280,3.5
245,7,300,4.1999998
245,8,1000,32.200001
247,1,150,0.13
247,2,170,0.18000001
247,3,200,0.30000001
247,4,250,0.60000002
247,5,450,2.4000001
247,6,700,4.9000001
248,1,150,0.30000001
248,2,170,0.37
248,3,190,0.52999997
248,4,220,0.80000001
248,5,1000,8.6000004
249,1,150,0.34999999
249,2,160,0.41999999
249,3,180,0.57999998
249,4,190,0.68000001
249,5,200,0.79000002
249,6,210,0.92000002
249,7,220,1.0700001
249,8,230,1.24
249,9,240,1.4299999
249,10,250,1.64
251,1,30,0
251,2,40,0.001
251,3,50,0.003
251,4,60,0.0070000002
251,5,70,0.012
251,6,80,0.018999999
251,7,90,0.028000001
251,8,100,0.039999999
251,9,120,0.07
251,10,140,0.11
251,11,180,0.20999999
251,12,220,0.33000001
251,13,260,0.47
251,14,280,0.55000001
251,15,340,0.81999999
251,16,380,1.02
251,17,530,1.9299999
251,18,600,2.4200001
284,1,250,0.12
284,2,260,0.18000001
284,3,280,0.34
284,4,300,0.54000002
284,5,330,0.89999998
284,6,400,1.95
284,7,440,2.75
284,8,550,5.5
284,9,650,8.5
284,10,750,12
284,11,850,16
284,12,950,20.5
284,13,1100,28
284,14,1200,34
284,15,1300,41
284,16,1400,50
284,17,1500,61
284,18,1600,74
284,19,1700,89
284,20,1800,106
284,21,1900,125
326,1,0,0
326,2,20,0.015
326,3,40,0.039999999
326,4,60,0.07
326,5,70,0.090000004
326,6,80,0.12
326,7,100,0.18000001
326,8,120,0.25999999
326,9,140,0.34999999
326,10,160,0.44999999
326,11,180,0.56
326,12,200,0.68000001
326,13,250,1.04
326,14,300,1.48
326,15,350,2
326,16,400,2.6500001
326,17,450,3.4000001
326,18,500,4.1999998
326,19,1000,13.2
333,1,0,0
333,2,50,0.025
333,3,70,0.050000001
333,4,120,0.15000001
333,5,140,0.20999999
333,6,160,0.28999999
333,7,200,0.49000001
333,8,250,0.79000002
333,9,300,1.14
333,10,350,1.54
333,11,390,1.9
333,12,1000,8
3362,1,200,0
3362,2,210,0.02
3362,3,240,0.11
3362,4,250,0.15000001
3362,5,280,0.30000001
3362,6,300,0.41999999
3362,7,330,0.63
3362,8,340,0.70999998
3362,9,370,0.98000002
3362,10,390,1.1799999
3362,11,410,1.38
3362,12,420,1.5
361,1,0,0
361,2,60,0
361,3,70,0.001
361,4,80,0.0020000001
361,5,100,0.0070000002
361,6,110,0.011
361,7,120,0.017000001
361,8,150,0.041000001
361,9,160,0.050000001
361,10,400,0.28999999
361,11,450,0.38999999
362,1,0,0
362,2,60,0
362,3,80,0.0020000001
362,4,90,0.0040000002
362,5,100,0.0099999998
362,6,150,0.055
362,7,180,0.1
362,8,220,0.168
362,9,260,0.23999999
362,10,300,0.31999999
362,11,350,0.44999999
362,12,400,0.62
362,13,500,1.05
362,14,600,1.7
362,15,700,2.5999999
362,16,800,3.8
363,1,0,0
363,2,90,0
363,3,110,0.0020000001
363,4,130,0.0060000001
363,5,140,0.0099999998
363,6,150,0.015
363,7,200,0.055
363,8,250,0.11
363,9,300,0.2
363,10,350,0.31
363,11,400,0.5
363,12,500,1.05
363,13,800,3
363,14,1000,4.4000001
364,1,0,0
364,2,40,0
364,3,60,0.0020000001
364,4,80,0.0099999998
364,5,100,0.02
364,6,150,0.059999999
364,7,190,0.1
364,8,250,0.19
364,9,300,0.28999999
364,10,350,0.44
364,11,390,0.60000002
364,12,450,0.89999998
364,13,600,1.8
364,14,800,3.2
365,1,0,0
365,2,40,0
365,3,60,0.0020000001
365,4,80,0.0099999998
365,5,100,0.024
365,6,120,0.041999999
365,7,160,0.082000002
365,8,180,0.11
365,9,200,0.15000001
365,10,260,0.30000001
365,11,320,0.47999999
365,12,400,0.80000001
365,13,500,1.3
366,1,40,0.029999999
366,2,50,0.039999999
366,3,80,0.1
366,4,100,0.16
366,5,140,0.30000001
366,6,180,0.47
366,7,220,0.67000002
366,8,260,0.88999999
366,9,400,1.73
367,1,40,0.029999999
367,2,50,0.050000001
367,3,80,0.14
367,4,100,0.20999999
367,5,140,0.37
367,6,220,0.76999998
367,7,400,1.85
368,1,50,0.015
368,2,70,0.045000002
368,3,90,0.085000001
368,4,110,0.13500001
368,5,120,0.17
368,6,240,0.76999998
368,7,500,2.3299999
370,1,90,0
370,2,105,0.0020000001
370,3,110,0.003
370,4,120,0.0070000002
370,5,150,0.021
370,6,200,0.045000002
370,7,300,0.094999999
370,8,500,0.205
371,1,90,0
371,2,100,0.0020000001
371,3,110,0.0049999999
371,4,120,0.0099999998
371,5,130,0.017000001
371,6,150,0.035
371,7,250,0.15000001
3362,13,470,2.2
3362,14,500,2.8
3543,1,200,0.050000001
3543,2,220,0.090000004
3543,3,240,0.15000001
3543,4,260,0.22
3543,5,270,0.25999999
3543,6,280,0.31
3543,7,290,0.37
3543,8,310,0.49000001
3543,9,330,0.63
3543,10,350,0.79000002
3543,11,360,0.88
3543,12,370,0.98000002
371,8,350,0.30000001
371,9,550,0.80000001
371,10,1400,3.95
372,1,150,0
372,2,160,0.001
372,3,180,0.0049999999
372,4,190,0.0080000004
372,5,250,0.050000001
372,6,300,0.090000004
372,7,400,0.19
372,8,800,0.79000002
372,9,1100,1.54
373,1,150,0
373,2,160,0.001
373,3,180,0.0049999999
373,4,190,0.0080000004
373,5,250,0.050000001
373,6,300,0.090000004
373,7,400,0.19
373,8,800,0.79000002
373,9,1100,1.54
381,1,350,1.823
381,2,670,1.97
381,3,1100,3.8299999
397,1,630,0.013
397,2,634,0.014
397,3,637,0.015
397,4,639,0.016000001
397,5,645,0.02
397,6,650,0.024
416,1,130,0.14
416,2,160,0.2
416,3,210,0.34999999
416,4,300,0.70999998
416,5,370,1.0599999
416,6,400,1.24
416,7,420,1.4
416,8,430,1.5
416,9,440,1.62
416,10,460,1.9
416,11,500,2.5
416,12,600,4.1999998
416,13,800,7.5999999
416,14,1000,11
416,15,1500,21
418,1,100,0.14
418,2,110,0.185
418,3,120,0.235
418,4,130,0.28999999
418,5,140,0.34999999
418,6,150,0.41999999
418,7,170,0.57999998
418,8,190,0.77999997
418,9,220,1.14
418,10,240,1.4
418,11,290,2.0999999
418,12,350,3
418,13,400,3.5999999
418,14,500,4.5999999
418,15,600,5.4000001
418,16,800,6.8000002
418,17,1100,8.6000004
418,18,1500,11
459,1,100,0.07
459,2,110,0.13
459,3,120,0.2
459,4,140,0.36000001
459,5,150,0.44999999
459,6,160,0.55000001
459,7,170,0.66000003
459,8,180,0.79000002
459,9,190,0.93000001
459,10,260,1.98
459,11,320,3
459,12,400,4.5999999
469,1,100,0.2
469,2,150,0.40000001
469,3,240,1.12
469,4,350,2.2
469,5,400,2.8
469,6,450,3.5
469,7,550,5.0999999
469,8,600,6.0999999
469,9,650,7.1999998
469,10,700,8.5
469,11,710,8.8000002
469,12,800,11.5
469,13,900,15
469,14,1100,22
469,15,1500,38
517,1,100,0.12
517,2,110,0.14
517,3,150,0.23999999
517,4,170,0.30000001
517,5,210,0.44
517,6,250,0.60000002
517,7,290,0.80000001
517,8,330,1.04
517,9,350,1.1799999
517,10,370,1.34
517,11,390,1.52
517,12,420,1.8200001
517,13,460,2.3
517,14,500,2.9000001
541,1,0,0.18000001
541,2,20,0.28
541,3,50,0.49000001
541,4,90,0.88999999
541,5,160,1.9400001
541,6,200,2.6600001
541,7,280,4.8200002
541,8,330,6.3200002
541,9,440,10.5
541,10,500,13.5
541,11,600,20
541,12,800,35
541,13,1000,52
541,14,1200,74
541,15,1400,100
541,16,1500,115
542,1,20,0.34999999
542,2,50,0.5
542,3,100,0.89999998
542,4,200,2.9000001
542,5,300,5.6999998
542,6,400,9.5
542,7,450,11.5
542,8,500,14
542,9,600,20
542,10,800,35
542,11,1000,52
542,12,1200,74
542,13,1400,100
542,14,1600,130
543,1,50,0.40000001
543,2,100,0.89999998
543,3,200,2.9000001
543,4,300,5.6999998
543,5,400,9.5
543,6,500,14.5
543,7,600,20
543,8,700,27
543,9,800,35
543,10,900,45
543,11,1000,56
543,12,1100,68
543,13,1200,81
543,14,1300,95
543,15,1500,125
543,16,1600,142
543,17,1700,160
602,1,100,0.012
602,2,120,0.022
602,3,140,0.034000002
602,4,160,0.048
602,5,180,0.064000003
602,6,190,0.075000003
602,7,200,0.090000004
602,8,250,0.19
602,9,300,0.315
602,10,350,0.465
602,11,400,0.63999999
602,12,500,1.05
602,13,600,1.7
602,14,800,3.5
602,15,1000,5.6999998
602,16,1300,9.6000004
643,1,100,0.30000001
643,2,140,0.69999999
643,3,180,1.3
643,4,220,2.0999999
643,5,250,3
643,6,300,5
643,7,400,9
643,8,600,17
643,9,1500,53
643,10,2300,85
645,1,300,0.1
645,2,350,0.36000001
645,3,400,0.70999998
645,4,420,0.85000002
645,5,440,1.01
645,6,450,1.1
645,7,500,1.7
645,8,600,3.0999999
645,9,750,5.5
645,10,1000,10
645,11,1400,18
645,12,1800,28
645,13,2200,40
668,1,340,0.27000001
668,2,370,0.41999999
668,3,400,0.60000002
668,4,450,0.94999999
668,5,500,1.4
668,6,550,2
668,7,600,2.8
668,8,650,3.8
668,9,700,5
668,10,800,8
668,11,1200,27
668,12,1600,60
668,13,1800,80
669,1,450,1.2
669,2,500,1.8
669,3,550,2.5
669,4,600,3.4000001
669,5,650,4.4000001
669,6,700,5.5999999
669,7,800,8.6000004
669,8,1200,27
669,9,1600,60
669,10,2000,100
669,11,2400,144
670,1,250,0.25
670,2,300,0.60000002
3309,1,40,0.02
3309,2,60,0.050000001
3309,3,80,0.090000004
3309,4,120,0.25
3309,5,160,0.44999999
3309,6,200,0.70999998
3309,7,250,1.1
3309,8,300,1.7
3309,9,400,3.3
3309,10,500,5.3000002
3309,11,600,7.6999998
3309,12,700,10.5
3309,13,800,14
3310,1,60,0.039999999
3310,2,80,0.059999999
3310,3,100,0.1
3310,4,120,0.16
3310,5,160,0.31999999
3310,6,200,0.57999998
3310,7,250,0.98000002
3310,8,300,1.53
3310,9,350,2.23
3310,10,400,3.0999999
3310,11,500,5
3310,12,600,7.3000002
3310,13,700,10.1
3310,14,800,13.5
3310,15,900,17
3310,16,1000,20.700001
3310,17,1200,28.700001
3310,18,1300,33
670,3,350,1.1
670,4,400,1.7
670,5,450,2.4000001
670,6,500,3.3
670,7,550,4.3000002
670,8,600,5.4000001
670,9,700,8.1999998
670,10,800,11.7
670,11,1000,20.5
670,12,1200,32.5
670,13,1400,48
670,14,1600,66
670,15,2000,106
672,1,350,0.25
672,2,400,0.44999999
672,3,450,0.85000002
672,4,500,1.25
672,5,550,1.8
672,6,600,2.5
672,7,700,4.8000002
672,8,800,7.8000002
672,9,1200,27
672,10,1400,44
673,1,250,1
673,2,300,1.4
673,3,400,2.5
673,4,500,4
673,5,600,6.1999998
673,6,700,9.1999998
673,7,800,12.6
673,8,1000,21.6
673,9,1200,33
673,10,1600,66
673,11,1800,86
678,1,550,0.5
678,2,600,0.89999998
678,3,650,1.4
678,4,700,2.0999999
678,5,750,3.2
678,6,800,4.8000002
678,7,900,8.8000002
678,8,1000,13.8
678,9,1200,24
678,10,1500,49
743,1,220,0
743,2,260,0.12
743,3,280,0.2
743,4,300,0.30000001
743,5,320,0.41999999
743,6,420,1.12
743,7,450,1.36
743,8,510,1.9
743,9,550,2.3
743,10,650,3.3
743,11,750,4.5
743,12,900,6.5999999
743,13,1000,8.1999998
743,14,1100,10
743,15,2000,28
749,1,100,0.15000001
749,2,130,0.20999999
749,3,210,0.41
749,4,300,0.68000001
749,5,400,1.08
749,6,580,1.8
749,7,700,2.4000001
757,1,-100,1.2
757,2,0,1.72
757,3,50,2
757,4,100,2.3
757,5,250,3.3199999
757,6,300,3.7
757,7,350,4.0999999
757,8,400,4.5999999
757,9,850,10
757,10,1100,13.5
757,11,1350,17.5
757,12,1600,22
757,13,2000,30
757,14,2800,50
757,15,3000,56
759,1,50,0.0099999998
759,2,70,0.050000001
759,3,100,0.14
759,4,120,0.22
759,5,150,0.37
759,6,210,0.73000002
759,7,250,1.01
759,8,280,1.25
759,9,310,1.52
759,10,330,1.72
759,11,460,3.28
759,12,500,3.8
759,13,600,5.4000001
759,14,750,8.3999996
759,15,900,12
759,16,2000,45
770,1,80,0.029999999
770,2,120,0.090000004
770,3,180,0.23999999
770,4,240,0.50999999
770,5,300,0.93000001
770,6,350,1.4299999
770,7,400,2.0999999
770,8,600,5.5999999
770,9,700,7.5999999
3269,1,400,0.0099999998
3269,2,440,0.037999999
3269,3,480,0.093999997
3269,4,520,0.19
3269,5,600,0.49000001
3269,6,700,0.99000001
3269,7,800,1.55
3269,8,900,2.25
3269,9,1000,3.1500001
3270,1,450,0
3271,1,200,0.033
3271,2,250,0.052999999
3271,3,370,0.119
3271,4,440,0.315
3271,5,580,0.98000002
3271,6,700,1.8200001
821,1,100,0
821,2,120,0.050000001
821,3,200,0.37
821,4,300,1.4
821,5,400,3
821,6,500,5
821,7,600,8
821,8,700,12.5
821,9,1000,30.5
821,10,1500,62
821,11,2000,97
821,12,2400,130
855,1,100,0.090000004
855,2,120,0.12
855,3,150,0.18000001
855,4,200,0.33000001
855,5,300,0.70999998
855,6,400,1.15
855,7,500,1.8
855,8,600,2.5999999
855,9,800,4.5999999
856,1,100,0.12
856,2,110,0.14
856,3,150,0.23999999
856,4,170,0.30000001
856,5,210,0.44
856,6,250,0.60000002
856,7,300,0.82999998
856,8,400,1.4299999
856,9,500,2.2
856,10,600,3.2
860,1,80,0.050000001
860,2,100,0.15000001
860,3,130,0.36000001
860,4,150,0.54000002
860,5,200,1
860,6,300,2.0999999
860,7,400,3.4000001
860,8,500,5
861,1,200,0.41
861,2,250,0.70999998
861,3,300,1.05
861,4,350,1.5
861,5,400,2.05
861,6,450,2.6500001
870,1,160,0.0049999999
870,2,200,0.045000002
870,3,210,0.059999999
870,4,250,0.16
870,5,280,0.25
870,6,600,1.53
871,1,50,0.15000001
871,2,70,0.33000001
871,3,90,0.52999997
871,4,120,0.86000001
871,5,140,1.14
871,6,180,1.86
871,7,210,2.4300001
871,8,270,3.75
871,9,400,7
871,10,460,8.75
871,11,550,12
871,12,750,22
888,1,60,0.059999999
888,2,100,0.12
888,3,120,0.16
888,4,150,0.25
888,5,200,0.44999999
888,6,250,0.75
888,7,300,1.15
888,8,400,2.2
888,9,500,3.5
888,10,600,5.5
888,11,900,13
888,12,1200,22
888,13,1400,29
892,1,200,0.2
892,2,250,0.5
892,3,300,0.89999998
892,4,350,1.5
892,5,400,2.3
892,6,500,4.3000002
892,7,600,6.8000002
892,8,700,9.8000002
892,9,800,14
892,10,1000,23
892,11,1200,33
892,12,1500,51
892,13,1800,75
892,14,2100,105
893,1,100,0.059999999
893,2,150,0.31
893,3,160,0.37
893,4,170,0.44
893,5,180,0.51999998
893,6,200,0.69999999
893,7,240,1.1
893,8,260,1.3200001
893,9,300,1.8
893,10,350,2.5999999
893,11,400,3.5
893,12,450,4.6999998
893,13,500,6
893,14,800,15
893,15,900,19
893,16,1100,28
893,17,1200,33
893,18,1500,51
893,19,1800,75
893,20,2100,105
907,1,500,0.5
907,2,600,1.4
907,3,700,2.8
907,4,750,3.9000001
907,5,850,7.5999999
907,6,900,10.5
907,7,1000,20
907,8,1200,41
907,9,1400,65
907,10,1600,93
3270,2,500,0.050000001
3270,3,550,0.13
3270,4,600,0.25999999
3270,5,650,0.44999999
3270,6,700,0.69999999
908,1,500,0.40000001
908,2,600,1.2
908,3,700,2.8
908,4,750,4
908,5,800,5.5999999
908,6,900,9.6999998
908,7,1000,14.5
908,8,1100,20.5
908,9,1200,29
908,10,1400,56
908,11,1600,83
908,12,1700,98
908,13,1800,115
909,1,520,0.55000001
909,2,550,0.69999999
909,3,600,1.1
909,4,650,1.7
909,5,700,2.5
909,6,750,3.5
909,7,800,4.8000002
909,8,900,8.6000004
909,9,1000,13.6
909,10,1100,20
909,11,1200,30
909,12,1400,55
909,13,1600,83
909,14,1800,113
909,15,1900,130
931,1,500,1.3
931,2,550,1.6
931,3,600,2.4000001
931,4,700,4
931,5,800,6
931,6,1000,11
931,7,1500,24
931,8,2500,49
932,1,550,1.6
932,2,600,2.4000001
932,3,700,4
932,4,800,6
932,5,1000,11
932,6,1500,24
932,7,2500,49
932,8,3000,64
932,9,3600,87
933,1,500,1.5
933,2,600,2.5
933,3,800,6.5
933,4,1000,11.5
933,5,1500,25
933,6,2000,40
933,7,3000,72
933,8,3700,100
935,1,500,0.5
935,2,600,1.5
935,3,700,2.7
935,4,800,4
935,5,900,6
935,6,1000,9
935,7,1200,15
935,8,1400,20.5
935,9,1600,26.5
935,10,2000,36.5
935,11,2500,49
936,1,500,0.5
936,2,600,1.5
936,3,700,2.7
936,4,800,4
936,5,900,6
936,6,1000,9
936,7,1200,15
936,8,1400,20.5
936,9,1600,26.5
936,10,2000,36.5
940,1,100,0.1
940,2,150,0.25
940,3,200,0.5
940,4,250,0.86000001
940,5,300,1.3
940,6,400,2.3
940,7,500,3.5999999
940,8,600,5.0999999
940,9,800,9.1000004
940,10,1000,13.9
942,1,50,0.2
942,2,100,0.34999999
942,3,150,0.55000001
942,4,200,0.80000001
942,5,300,1.6
942,6,350,2.0999999
942,7,450,3.3
942,8,500,4
942,9,550,4.8000002
942,10,600,5.8000002
942,11,700,8
942,12,800,10.5
942,13,900,13.5
942,14,1200,24
942,15,2000,56
949,1,1000,0.40000001
949,2,1020,0.66000003
949,3,1050,1.11
949,4,1100,2.1099999
949,5,1170,3.8599999
949,6,1240,6.0999999
949,7,1400,12.5
949,8,1550,20
949,9,2000,56
949,10,2300,86
949,11,2400,98
949,12,2800,150
949,13,3200,210
950,1,960,0.1
950,2,1000,0.40000001
950,3,1050,0.89999998
950,4,1100,1.9
950,5,1200,4.4000001
950,6,1300,7.4000001
950,7,1450,14
950,8,1600,23
950,9,2000,55
950,10,2300,85
950,11,2800,150
950,12,2900,165
954,1,-20,0
954,2,0,0
954,3,20,0.0099999998
954,4,60,0.11
954,5,100,0.22
954,6,150,0.40000001
954,7,200,0.63
954,8,250,0.86000001
954,9,300,1.24
954,10,400,2
954,11,500,3
954,12,600,4.1999998
954,13,750,6.4499998
963,1,200,0.0099999998
963,2,220,0.050000001
963,3,240,0.090000004
963,4,260,0.15000001
963,5,280,0.23999999
963,6,300,0.40000001
963,7,340,0.89999998
963,8,390,1.7
963,9,440,2.7
963,10,500,4.1999998
963,11,600,6.6999998
963,12,800,12.9
963,13,1000,20.5
963,14,1200,30
963,15,1500,45
963,16,1700,57
963,17,1900,70
964,1,100,0.13
964,2,220,0.49000001
964,3,260,0.64999998
964,4,300,0.85000002
964,5,350,1.6
964,6,450,3.5999999
964,7,550,6.1999998
964,8,700,11
964,9,800,15
964,10,900,20
964,11,1100,32
964,12,1300,46
964,13,1400,54
964,14,1500,63
964,15,1600,73
964,16,1700,85
964,17,1900,115
970,1,20,0.079999998
970,2,50,0.125
970,3,100,0.25
970,4,120,0.34999999
970,5,150,0.56
970,6,200,1.01
970,7,300,2.0999999
970,8,500,5
970,9,650,7.5500002
971,1,-10,0.0099999998
971,2,10,0.029999999
971,3,30,0.079999998
971,4,50,0.14
971,5,70,0.20999999
971,6,100,0.36000001
971,7,150,0.75999999
971,8,200,1.4
971,9,300,2.8
971,10,500,6
971,11,650,8.6999998
971,12,750,10.7
972,1,-30,0.0020000001
972,2,-10,0.0099999998
972,3,0,0.02
972,4,30,0.064999998
972,5,60,0.125
972,6,70,0.15000001
972,7,130,0.38999999
972,8,200,0.88
972,9,300,1.6799999
972,10,400,3.0999999
972,11,500,4.6999998
972,12,600,6.5
973,1,-30,0.0020000001
973,2,-10,0.0099999998
973,3,0,0.02
973,4,30,0.079999998
973,5,70,0.2
973,6,120,0.44999999
973,7,180,0.87
973,8,240,1.41
973,9,300,2.1900001
973,10,500,5.3899999
973,11,600,7.1999998
974,1,-50,0
974,2,-30,0.0049999999
974,3,-20,0.0099999998
974,4,-10,0.02
974,5,0,0.029999999
974,6,10,0.050000001
974,7,40,0.125
974,8,70,0.25999999
974,9,100,0.44
974,10,150,0.74000001
974,11,200,1.1
974,12,300,2.3
974,13,500,5.5
974,14,700,9.1000004
975,1,-50,0
975,2,-20,0
975,3,0,0.02
975,4,40,0.1
975,5,60,0.16
975,6,100,0.34
975,7,140,0.54000002
975,8,170,0.75
975,9,200,1.05
975,10,300,2.3
975,11,500,5.5
975,12,700,9.1000004
976,1,-50,0
976,2,-20,0.0099999998
976,3,-10,0.02
976,4,0,0.029999999
976,5,10,0.050000001
976,6,40,0.125
976,7,70,0.25999999
976,8,100,0.44
976,9,150,0.74000001
976,10,200,1.1
976,11,300,2.3
976,12,500,5.5
976,13,700,9.1000004
981,1,50,0.029999999
981,2,70,0.059999999
981,3,100,0.12
981,4,140,0.22
981,5,180,0.34
981,6,260,0.77999997
981,7,400,2.3199999
981,8,500,3.47
981,9,600,4.6999998
981,10,700,6
982,1,50,0.029999999
982,2,70,0.059999999
982,3,100,0.12
982,4,120,0.17
982,5,140,0.23
982,6,160,0.31
982,7,180,0.41
982,8,200,0.52999997
982,9,300,1.23
982,10,350,1.7
982,11,600,4.6999998
982,12,700,6
982,13,800,7.4000001
982,14,850,8.1999998
983,1,10,0
983,2,60,0.025
983,3,80,0.039999999
983,4,110,0.085000001
983,5,140,0.16
983,6,180,0.30000001
983,7,230,0.55000001
983,8,300,0.89999998
983,9,400,1.8
983,10,500,2.7
983,11,600,3.8
984,1,0,0
984,2,50,0.025
984,3,60,0.035
984,4,70,0.050000001
984,5,110,0.125
984,6,120,0.15000001
984,7,130,0.18000001
984,8,180,0.38
984,9,250,0.73000002
984,10,300,1.03
984,11,350,1.38
984,12,430,2.0999999
984,13,500,2.8
984,14,1000,7.8000002
989,1,50,0.20999999
989,2,70,0.31
989,3,80,0.37
989,4,100,0.52999997
989,5,110,0.62
989,6,120,0.72000003
989,7,130,0.82999998
989,8,140,0.94999999
989,9,170,1.4
989,10,200,2
989,11,300,4.9000001
989,12,400,8.8999996
989,13,450,11.4
989,14,500,14.4
989,15,530,16.5
989,16,580,20.5
989,17,630,25
989,18,750,37
989,19,800,43
989,20,1100,79
989,21,1300,105
997,1,-50,0
997,2,20,0
997,3,60,0.14
997,4,100,0.40000001
997,5,150,0.89999998
997,6,200,1.6
997,7,250,2.4000001
997,8,300,3.3
997,9,400,5.4000001
997,10,600,10.2
997,11,800,16
997,12,1200,32
997,13,1600,50
997,14,2000,72
997,15,2500,110
997,16,4000,260
997,17,4200,285
998,1,-50,0
998,2,40,0
998,3,60,0.02
998,4,100,0.14
998,5,140,0.30000001
998,6,200,0.77999997
998,7,280,1.74
998,8,400,3.9000001
998,9,600,7.6999998
998,10,1000,19.700001
998,11,1500,39
998,12,2500,87
998,13,3000,120
998,14,3400,150
1003,1,350,0.25
1003,2,400,0.5
1003,3,450,0.80000001
1003,4,500,1.2
1003,5,550,1.7
1003,6,600,2.2
1003,7,660,3
1003,8,760,4.5999999
1003,9,860,6.6999998
1003,10,960,9.1999998
1003,11,1180,16
1003,12,1380,24
1003,13,1580,35
1003,14,1780,48
1003,15,2000,64
1007,1,300,0.34999999
1007,2,350,0.5
1007,3,400,0.69999999
1007,4,450,1
1007,5,500,1.4
1007,6,550,1.9
1007,7,700,4
1007,8,800,5.8000002
1007,9,1000,10
1007,10,1200,15.6
1007,11,1400,22
1007,12,1800,38
1007,13,2100,51.5
1014,1,1230,1
1014,2,1280,1.5
1014,3,1300,2
1014,4,1340,3
1014,5,1370,4
1014,6,1500,10
1014,7,3350,95
1018,1,290,0.2
1018,2,300,0.25
1018,3,350,0.60000002
1018,4,400,1.1
1018,5,550,2.9000001
1018,6,750,5.6999998
1018,7,900,8.1000004
1018,8,950,9
1018,9,1500,20
1018,10,2000,35
1020,1,160,0.0049999999
1020,2,200,0.045000002
1020,3,210,0.059999999
1020,4,250,0.16
1020,5,280,0.25
1020,6,600,1.53
1028,1,50,0.1
1028,2,100,0.30000001
1028,3,150,0.69999999
1028,4,200,1.2
1028,5,300,2.7
1028,6,400,5.1999998
1028,7,500,8.5
1028,8,600,13.5
1028,9,800,25.5
1028,10,1100,48
1028,11,1400,72
1028,12,1600,90
1034,1,-200,0
1034,2,-100,0.1
1034,3,0,0.25
1034,4,100,0.5
1034,5,200,1
1034,6,300,2.5
1034,7,400,6
1034,8,600,16
1034,9,700,22
1034,10,1000,43
1034,11,1500,82
1034,12,2000,129
1034,13,2200,150
1038,1,-300,0
1038,2,-200,0.050000001
1038,3,-100,0.15000001
1038,4,0,0.25
1038,5,100,0.5
1038,6,200,1.3
1038,7,300,3.5
1038,8,400,7
1038,9,600,17
1038,10,800,30
1038,11,1000,44
1038,12,1500,89
1038,13,2000,136
1038,14,2500,191
1039,1,0,0.1
1039,2,100,0.40000001
1039,3,200,1.2
1039,4,300,3.2
1039,5,400,6.1999998
1039,6,500,11.2
1039,7,600,17
1039,8,700,23
1039,9,1400,79
1039,10,2000,136
1039,11,2500,191
1039,12,3000,250
1039,13,3400,300
1040,1,-150,0
1040,2,-80,0
1040,3,0,0.079999998
1040,4,50,0.15000001
1040,5,100,0.25
1040,6,150,0.60000002
1040,7,200,1.3
1040,8,250,2.3
1040,9,300,3.5
1040,10,400,6.8000002
1040,11,500,10.5
1040,12,600,16
1040,13,1600,84
1040,14,2600,156
1040,15,3000,188
1040,16,3200,205
1042,1,150,0.12
1042,2,200,0.245
1042,3,250,0.41999999
1042,4,300,0.69499999
1042,5,400,1.5
1042,6,600,3.2
1042,7,800,5.1999998
1042,8,1200,10
1042,9,1600,16
1042,10,1800,20
1046,1,540,0
1046,2,600,0.059999999
1046,3,640,0.1
1046,4,700,0.19
1046,5,740,0.25
1046,6,790,0.34999999
1046,7,830,0.44999999
1046,8,850,0.50999999
1046,9,870,0.57999998
1046,10,900,0.69999999
3320,1,0,0.02
3320,2,100,0.07
3320,3,150,0.22
3320,4,200,0.75
3320,5,300,2.7
3320,6,400,5
3320,7,600,11
3320,8,800,20
3320,9,1000,32
3320,10,1400,62
3320,11,2000,116
3320,12,2500,170
1046,11,1500,3.2
1047,1,150,0.2
1047,2,200,0.30000001
1047,3,250,0.41999999
1047,4,300,0.56999999
1047,5,350,0.75
1047,6,400,0.94999999
1047,7,450,1.1799999
1047,8,500,1.45
1047,9,550,1.77
1047,10,600,2.1199999
1047,11,650,2.5
1047,12,700,2.9000001
1047,13,800,3.9000001
1048,1,50,0
1048,2,100,0.15000001
1048,3,200,0.60000002
1048,4,300,1.3
1048,5,500,3.0999999
1048,6,600,4.0999999
1048,7,650,4.6999998
1049,1,0,0
1049,2,100,0.15000001
1049,3,200,0.33000001
1049,4,400,0.82999998
1049,5,600,1.51
1049,6,800,2.3499999
1049,7,1000,3.3
1049,8,1200,4.4000001
1049,9,1500,6.1999998
1050,1,0,0.050000001
1050,2,100,0.2
1050,3,200,0.40000001
1050,4,400,0.89999998
1050,5,600,1.6
1050,6,800,2.5
1050,7,1000,3.5
1050,8,1200,4.5999999
1050,9,1500,6.4000001
1058,1,0,0
1058,2,50,0.1
1058,3,100,0.30000001
1058,4,150,0.69999999
1058,5,200,1.4
1058,6,300,3.4000001
1058,7,500,8.1999998
1058,8,900,19.799999
1058,9,1300,34.200001
1071,1,130,0
1071,2,150,0.029999999
1071,3,200,0.13
1071,4,250,0.28
1071,5,300,0.44
1071,6,400,0.80000001
1071,7,500,1.2
1071,8,600,1.6
1076,1,250,0.1
1076,2,300,0.25999999
1076,3,400,0.57999998
1076,4,500,0.95999998
1079,1,300,7.5
1079,2,400,8.5
1079,3,500,10
1079,4,600,12
1079,5,800,18
1079,6,1000,25
1079,7,1800,65
1079,8,2000,77
1083,1,50,0.025
1083,2,100,0.064999998
1083,3,150,0.145
1083,4,200,0.31999999
1083,5,250,0.55000001
1083,6,300,0.85000002
1083,7,350,1.25
1083,8,400,1.7
1083,9,450,2.25
1083,10,600,4.8000002
1083,11,800,8.8000002
1083,12,1000,13.6
1083,13,1200,19
1083,14,1400,25
1126,1,150,0
1126,2,200,0.075000003
1126,3,250,0.2
1126,4,400,0.80000001
1126,5,600,1.8
1126,6,1300,6
1126,7,1600,8.1000004
1126,8,2000,12.5
1126,9,2400,18.9
1126,10,2600,21.1
1127,1,170,0
1127,2,200,0.059999999
1127,3,250,0.25999999
1127,4,300,0.50999999
1127,5,400,1.1
1127,6,600,2.0999999
1127,7,1000,4.5
1127,8,1300,6
1127,9,1600,8.1000004
1127,10,2000,12.5
1127,11,2200,15.7
1128,1,160,0
1128,2,200,0.039999999
1128,3,220,0.079999998
1128,4,240,0.16
1128,5,400,0.92000002
1128,6,600,2.0799999
1128,7,800,3.3
1128,8,1000,4.6999998
1128,9,1500,8.1999998
1128,10,2000,13.2
1128,11,2400,19.5
1128,12,2600,21.5
1129,1,160,0
1129,2,200,0.12
1129,3,300,0.51999998
1129,4,400,1
1129,5,600,2.0999999
1129,6,800,3.3
1129,7,1000,4.6999998
1129,8,1500,8.1999998
1129,9,2000,13.2
1129,10,2400,19.5
1129,11,2600,21.5
1131,1,150,0.050000001
1131,2,200,0.15000001
1131,3,250,0.30000001
1131,4,300,0.5
1131,5,500,1.7
1131,6,1000,4.1999998
1131,7,1300,6
1131,8,1600,8.1000004
1131,9,2000,12.5
1131,10,2400,18.9
1131,11,2900,24.4
1150,1,10,0
1150,2,30,0.02
1150,3,50,0.07
1150,4,80,0.15000001
1150,5,120,0.31
1150,6,160,0.50999999
1150,7,200,0.75
1150,8,250,1.1
1150,9,600,4.5999999
1150,10,800,7
1150,11,1000,9.3999996
1150,12,1400,15
1155,1,50,0.050000001
1155,2,70,0.079999998
1155,3,90,0.12
1155,4,120,0.19499999
1155,5,130,0.22499999
1155,6,140,0.25999999
1155,7,150,0.30000001
1155,8,160,0.34999999
1155,9,300,1.4
1167,1,-30,0
1167,2,0,0.02
1167,3,20,0.050000001
1167,4,50,0.1
1167,5,100,0.28
1167,6,150,0.73000002
1167,7,200,1.48
1167,8,250,2.4000001
1167,9,400,5.6999998
1167,10,600,10.5
1167,11,800,16.5
1167,12,1000,23
1167,13,1500,42
1171,1,200,0.1
1171,2,300,0.5
1171,3,400,1.4
1171,4,600,4
1171,5,1000,12
1171,6,1200,15
1171,7,1800,21
1171,8,2300,24
1172,1,70,0
1172,2,100,0.029999999
1172,3,150,0.105
1172,4,200,0.30000001
1172,5,250,0.60000002
1172,6,300,1
1172,7,400,2
1172,8,500,3.4000001
1172,9,600,5.4000001
1172,10,680,7.4000001
1172,11,800,11
1172,12,900,15
1172,13,1400,40
1172,14,1800,58
1172,15,2200,72
1179,1,50,0.039999999
1179,2,100,0.2
1179,3,150,0.40000001
1179,4,200,0.64999998
1179,5,250,0.94999999
1179,6,300,1.35
1179,7,350,1.8
1179,8,400,2.3
1179,9,500,3.3
1179,10,600,4.5
1179,11,800,7.5
1179,12,1000,11.5
1179,13,1300,19
1179,14,1500,25
1186,1,20,0.02
1186,2,40,0.079999998
1186,3,60,0.14
1186,4,100,0.30000001
1186,5,140,0.51999998
1186,6,180,0.80000001
1186,7,220,1.2
1186,8,320,2.7
1186,9,400,4.9000001
1186,10,450,6.4000001
1187,1,20,0.039999999
1187,2,40,0.1
1187,3,100,0.34
1187,4,150,0.63999999
1187,5,200,1.04
1187,6,250,1.5
1187,7,300,2.05
1187,8,350,2.8499999
1187,9,400,4
1187,10,500,7
1187,11,800,17.5
1188,1,10,0.0099999998
1188,2,50,0.11
1188,3,100,0.31
1188,4,120,0.41
1188,5,140,0.52999997
1188,6,180,0.81
1188,7,220,1.13
1188,8,250,1.4
1188,9,300,1.9
1188,10,350,2.7
1188,11,400,3.7
1188,12,450,5.1999998
1188,13,550,8.6999998
1201,1,200,0.15000001
1201,2,230,0.23999999
1201,3,260,0.36000001
1201,4,290,0.54000002
1201,5,310,0.69999999
1201,6,330,0.89999998
1201,7,360,1.23
1201,8,400,1.73
1201,9,460,2.6900001
1201,10,520,3.8
1201,11,600,5.4000001
1201,12,700,8
1201,13,900,15
1201,14,1100,24
1201,15,1300,36
1201,16,1500,54
1202,1,150,0.13
1202,2,200,0.25999999
1202,3,250,0.47999999
1202,4,300,0.80000001
1202,5,400,1.6
1202,6,600,3.8
1202,7,1000,8.3999996
1202,8,1200,11
1202,9,1600,17
1202,10,1700,19
1222,1,30,0.0099999998
1222,2,60,0.022
1222,3,100,0.050000001
1222,4,150,0.125
1222,5,200,0.23
1222,6,250,0.38999999
1222,7,300,0.67000002
1222,8,350,1
1222,9,400,1.35
1222,10,500,2.25
1222,11,600,3.4000001
1222,12,700,4.9000001
1222,13,800,6.5
1222,14,1000,10.5
1222,15,1200,15.3
1223,1,90,0.022
1223,2,120,0.039999999
1223,3,150,0.085000001
1223,4,200,0.19499999
1223,5,250,0.34999999
1223,6,300,0.56
1223,7,350,0.88
1223,8,400,1.25
1223,9,500,2.2
1223,10,600,3.4000001
1223,11,700,4.9000001
1223,12,800,6.5
1223,13,1000,10.5
1225,1,70,0.0099999998
1225,2,120,0.035
1225,3,150,0.064999998
1225,4,200,0.14
1225,5,250,0.25999999
1225,6,300,0.43000001
1225,7,350,0.66000003
1225,8,400,0.94
1225,9,500,1.9
1225,10,600,3.0999999
1225,11,700,4.5
1225,12,800,6.1999998
1225,13,1000,10.3
1225,14,1200,15.3
1226,1,70,0.015
1226,2,90,0.025
1226,3,120,0.055
1226,4,150,0.115
1226,5,200,0.23
1226,6,250,0.41999999
1226,7,300,0.66000003
1226,8,350,0.92000002
1226,9,400,1.25
1226,10,500,2.2
1226,11,600,3.4000001
1226,12,700,4.9000001
1226,13,800,6.5
1227,1,120,0.029999999
1227,2,150,0.075000003
1227,3,200,0.18000001
1227,4,250,0.34
1227,5,300,0.51999998
1227,6,350,0.72000003
1227,7,400,1
1227,8,500,1.9
1227,9,600,3.0999999
1227,10,700,4.6999998
1227,11,800,6.4000001
1227,12,900,8.3999996
1228,1,80,0.02
1228,2,110,0.050000001
1228,3,150,0.11
1228,4,190,0.19
1228,5,230,0.28999999
1228,6,300,0.51999998
1228,7,350,0.72000003
1228,8,400,1
1228,9,500,1.9
1228,10,600,3.0999999
1228,11,700,4.6999998
1228,12,800,6.4000001
1228,13,1000,10.4
1228,14,1100,12.8
1233,1,40,0
1233,2,60,0.016000001
1233,3,80,0.035999998
1233,4,100,0.07
1233,5,120,0.105
1233,6,150,0.20999999
1233,7,200,0.43000001
1233,8,250,0.72000003
1233,9,300,1.08
1233,10,350,1.55
1233,11,400,2.2
1233,12,600,5.5999999
1233,13,700,7.5999999
1234,1,80,0.039999999
1234,2,100,0.079999998
1234,3,120,0.13
1234,4,150,0.235
1234,5,200,0.44999999
1234,6,250,0.80000001
1234,7,300,1.3
1234,8,400,2.5
1234,9,600,5.5999999
1234,10,700,7.5999999
1244,1,180,0.15000001
1244,2,200,0.17
1244,3,220,0.20999999
1244,4,240,0.27000001
1244,5,260,0.38999999
1244,6,300,0.69999999
1244,7,350,1.15
1244,8,400,1.7
1244,9,500,3.3
1244,10,550,4.3000002
1248,1,250,0.23
1248,2,300,0.38
1248,3,350,0.57999998
1248,4,400,0.88
1248,5,450,1.28
1248,6,500,1.75
1248,7,550,2.3
1248,8,650,3.8
1248,9,800,6.5
1248,10,1000,10.5
1248,11,1200,15.5
1248,12,1400,22
1248,13,1800,36
1248,14,2200,52
1248,15,2600,70
1248,16,3000,90
1248,17,3200,101
1249,1,350,0.36000001
1249,2,380,0.44999999
1249,3,420,0.61000001
1249,4,460,0.81
1249,5,500,1.09
1249,6,550,1.6
1249,7,600,2.2
1249,8,700,3.8
1249,9,800,5.5999999
1249,10,1000,10
1249,11,1200,15.6
1249,12,1400,22
1249,13,1800,38
1249,14,3000,92
1249,15,3200,102
1251,1,300,0.1
1251,2,350,0.2
1251,3,400,0.34999999
1251,4,450,0.55000001
1251,5,500,0.89999998
1251,6,600,1.9
1251,7,800,4.9000001
1251,8,1000,8.8999996
1251,9,1200,13.9
1251,10,1400,20
1251,11,1600,27
1251,12,1800,35
1251,13,3000,89
1251,14,3200,99
1253,1,300,0.2
1253,2,350,0.30000001
1253,3,400,0.5
1253,4,500,1
1253,5,600,2.2
1253,6,700,3.5
1253,7,800,5
1253,8,1000,9.3999996
1253,9,1200,15
1253,10,1400,21.5
1253,11,1600,29
1253,12,2200,56
1254,1,250,0.15000001
1254,2,300,0.22499999
1254,3,350,0.34999999
1254,4,400,0.60000002
1254,5,450,0.94999999
1254,6,500,1.4
1254,7,550,1.95
1254,8,600,2.5999999
1254,9,700,4
1254,10,800,5.8000002
1254,11,1000,10.6
1254,12,1200,16.6
1254,13,1600,30
1254,14,1800,38
1254,15,2200,56
1255,1,580,0.14
1255,2,600,0.2
1255,3,650,0.55000001
1255,4,700,0.94999999
1255,5,750,1.45
1255,6,800,2
1255,7,1100,6.5
1255,8,1300,11
1255,9,1500,17
1255,10,1700,24
1255,11,2500,60
1255,12,3000,85
1256,1,250,0.15000001
1256,2,300,0.22499999
1256,3,350,0.34999999
1256,4,400,0.55000001
1256,5,500,1.2
1256,6,550,1.65
1256,7,600,2.3
1256,8,700,3.8
1256,9,800,5.8000002
1256,10,1000,10.6
1256,11,1200,16.200001
1256,12,1600,30
1256,13,1800,38
1256,14,3000,92
1256,15,3200,102
1264,1,80,0.02
1264,2,100,0.050000001
1264,3,150,0.2
1264,4,200,0.41999999
1264,5,250,0.76999998
1264,6,300,1.15
1264,7,350,1.55
1264,8,400,2.0999999
1264,9,500,3.7
1264,10,600,5.6999998
1271,1,100,0.064999998
1271,2,120,0.094999999
1271,3,150,0.17
1271,4,200,0.37
1271,5,250,0.67000002
1271,6,300,1.02
1271,7,500,2.9000001
1271,8,600,4.1999998
1271,9,700,5.8000002
1271,10,800,7.5999999
1273,1,70,0.035
1273,2,90,0.055
1273,3,100,0.07
1273,4,110,0.090000004
1273,5,120,0.12
1273,6,140,0.2
1273,7,150,0.25
1273,8,200,0.52999997
1273,9,250,0.88
1273,10,300,1.3
1273,11,400,2.2
1273,12,500,3.2
1273,13,600,4.5
1273,14,700,6
1273,15,800,7.5999999
1274,1,100,0.035
1274,2,120,0.07
1274,3,160,0.18000001
1274,4,200,0.34
1274,5,250,0.63499999
1274,6,300,1.02
1274,7,350,1.5
1274,8,400,2.05
1274,9,500,3.4000001
1274,10,600,5.0999999
1274,11,700,7
1274,12,800,9.1000004
1274,13,850,10.2
1276,1,70,0.029999999
1276,2,100,0.059999999
1276,3,140,0.18000001
1276,4,180,0.34
1276,5,220,0.56
1276,6,260,0.83999997
1276,7,300,1.1799999
1276,8,400,2.1800001
1276,9,500,3.2
1276,10,600,4.5
1277,1,60,0.026000001
1277,2,100,0.050000001
1277,3,120,0.090000004
1277,4,140,0.15000001
1277,5,160,0.22
1277,6,180,0.30000001
1277,7,200,0.38999999
1277,8,250,0.69
1277,9,300,1.0700001
1277,10,400,2.0999999
1277,11,500,3.2
1277,12,600,4.5
1279,1,100,0.039999999
1279,2,120,0.079999998
1279,3,150,0.17
1279,4,200,0.38999999
1279,5,250,0.74000001
1279,6,300,1.15
1279,7,350,1.65
1279,8,400,2.3
1279,9,500,4
1279,10,600,6
1279,11,750,9.3000002
1279,12,850,11.7
1282,1,20,0.28999999
1282,2,50,0.5
1282,3,100,1
1282,4,200,2.9000001
1282,5,300,5.5
1282,6,400,9
1282,7,500,13.5
1282,8,600,19
1282,9,800,32
1282,10,1000,46
1282,11,1200,64
1282,12,1400,86
1283,1,80,0.80000001
1283,2,100,1
1283,3,200,3.2
1283,4,300,6
1283,5,400,10
1283,6,600,20
1283,7,800,32
1283,8,1000,46
1283,9,1200,64
1298,1,100,0.039999999
1298,2,150,0.090000004
1298,3,200,0.17
1298,4,250,0.28999999
1298,5,300,0.46000001
1298,6,350,0.64999998
1298,7,400,0.87
1298,8,500,1.37
1303,1,250,0.17
1303,2,300,0.28
1303,3,400,0.54000002
1303,4,500,0.83999997
1305,1,100,0.039999999
1305,2,150,0.125
1305,3,200,0.23
1305,4,250,0.37
1305,5,300,0.58999997
1305,6,400,1.1
1313,1,30,0.039999999
1313,2,60,0.19
1313,3,70,0.25999999
1313,4,100,0.5
1313,5,600,4.3000002
1313,6,750,5.5
1315,1,100,0.5
1315,2,140,0.69999999
1315,3,170,0.97000003
1315,4,200,1.36
1315,5,220,1.64
1315,6,290,2.76
1315,7,320,3.3599999
1315,8,390,4.9000001
1315,9,440,6.4000001
1315,10,480,7.8000002
1315,11,520,9.3999996
1315,12,560,11
1315,13,600,13
1315,14,1300,48
1318,1,50,0
1318,2,70,0.039999999
1318,3,100,0.16
3471,1,100,0.050000001
3471,2,150,0.125
3471,3,200,0.25
3471,4,240,0.37
3471,5,300,0.69999999
3471,6,350,1.15
3471,7,400,1.7
1318,4,140,0.40000001
1318,5,200,1
1318,6,300,2.5
1318,7,400,4.4000001
1318,8,500,6.5
1318,9,600,8.8000002
1318,10,1200,27.4
1318,11,1500,39
1318,12,2500,87
1318,13,3000,120
1318,14,3400,150
1318,15,3800,190
1320,1,150,0
1320,2,160,0.0049999999
1320,3,200,0.045000002
1320,4,210,0.059999999
1320,5,250,0.13
1320,6,290,0.20999999
1320,7,600,1.53
1322,1,300,0.12
1322,2,350,0.37
1322,3,400,0.73000002
1322,4,450,1.3
1322,5,500,1.9
1322,6,600,3.2
1322,7,750,5.5
1322,8,1000,10
1322,9,1400,18
1322,10,1800,28
1322,11,2200,40
1325,1,100,0.15000001
1325,2,150,0.23999999
1325,3,200,0.34999999
1325,4,250,0.47999999
1325,5,300,0.63999999
1325,6,350,0.80000001
1325,7,400,0.98000002
1325,8,450,1.1799999
1325,9,500,1.4
1325,10,700,2.3
1327,1,70,0.5
1327,2,100,0.61000001
1327,3,130,0.75
1327,4,170,1
1327,5,200,1.3
1327,6,300,2.3
1327,7,400,3.3499999
1327,8,500,4.4000001
1327,9,600,5.5999999
1327,10,1000,11.2
1327,11,1300,16
1327,12,1500,20
1336,1,200,0.029999999
1336,2,250,0.16
1336,3,300,0.31999999
1336,4,400,0.66000003
1336,5,500,1.05
1382,1,240,0.059999999
1382,2,280,0.22
1382,3,320,0.41999999
1382,4,370,0.72000003
1382,5,420,1.1
1382,6,500,2
1382,7,600,3.5999999
1382,8,800,8
1382,9,1000,13
1382,10,1500,28
1392,1,110,0.31999999
1392,2,130,0.43000001
1392,3,150,0.56
1392,4,170,0.70999998
1392,5,190,0.88
1392,6,210,1.08
1392,7,230,1.3
1392,8,250,1.58
1392,9,270,1.92
1392,10,280,2.1400001
1392,11,300,2.7
1392,12,400,5.8000002
1392,13,500,10
1392,14,600,14
1392,15,700,19
1396,1,1000,1
1396,2,1100,3
1396,3,1200,6
1396,4,2200,50
1396,5,2600,70
1396,6,3000,92
1396,7,3400,116
1396,8,4000,170
1398,1,250,0.2
1398,2,300,0.40000001
1398,3,350,0.69999999
1398,4,400,1.05
1398,5,450,1.5
1398,6,500,2
1398,7,600,3.2
1398,8,700,4.6999998
1398,9,800,6.5
1398,10,1000,10.5
1398,11,1200,15.5
1398,12,1400,22
1398,13,1800,36
1398,14,2200,52
1398,15,2600,70
1398,16,3000,90
1399,1,100,0.25
1399,2,150,0.44999999
1399,3,200,0.80000001
1399,4,250,1.7
1399,5,300,2.7
1399,6,400,5
1399,7,500,7.5
1399,8,600,10.5
1400,1,150,0.47
1400,2,200,0.75
1400,3,250,1.1
1400,4,450,3.0999999
1400,5,800,7.3000002
1400,6,900,8.6000004
1400,7,1000,10
1400,8,1300,14
1400,9,2000,23
1406,1,240,0.69999999
1406,2,270,1.12
1406,3,300,1.6
1406,4,400,3.3
1406,5,500,5.5
1406,6,600,8
1406,7,700,11
1406,8,800,15
1406,9,900,20
1406,10,1000,26
1406,11,1100,33
1406,12,1200,41
1406,13,1300,50
1406,14,1500,70
1407,1,250,0.53500003
1407,2,300,0.95999998
1407,3,350,1.6
1407,4,400,2.5999999
1407,5,500,4.9000001
1407,6,600,7.6999998
1407,7,700,11
1407,8,800,15
1407,9,900,20
1407,10,1000,26
1407,11,1100,33
1407,12,1200,41
1407,13,1300,50
1407,14,1500,70
1409,1,200,0
1409,2,250,0.80000001
1409,3,300,2
1409,4,400,5.4000001
1409,5,500,9.3999996
1409,6,600,13.4
1409,7,700,18.6
1410,1,100,0.11
1410,2,150,0.16
1410,3,200,0.23
1410,4,250,0.38
1410,5,300,0.60000002
1410,6,350,0.94
1410,7,400,1.35
1410,8,450,1.8
1410,9,550,3.2
1410,10,600,4.0999999
1410,11,800,8.5
1410,12,1000,13.5
1410,13,1200,19
1410,14,1400,25
1410,15,1600,32
1414,1,1040,1
1414,2,1090,1.5
1414,3,1110,2
1414,4,1150,3
1414,5,1180,4
1414,6,1360,10
1414,7,3210,95
1416,1,1050,2.3499999
1416,2,1100,2.8499999
1416,3,1150,3.5
1416,4,1200,4.3000002
1416,5,1300,6.3000002
1416,6,1400,9.8000002
1416,7,1500,14
1416,8,2500,64
1416,9,3000,91.5
1422,1,200,0.89999998
1422,2,220,1.1
1422,3,260,1.6
1422,4,300,2.2
1422,5,350,3.2
1422,6,400,4.3000002
1422,7,500,7
1422,8,600,11
1422,9,700,16
1422,10,800,22
1422,11,900,29
1422,12,1100,47
1422,13,1300,66
1423,1,200,0.89999998
1423,2,220,1.0700001
1423,3,260,1.47
1423,4,270,1.6
1423,5,280,1.75
1423,6,350,2.8
1423,7,400,3.7
1423,8,500,6
1423,9,600,10
1423,10,700,15
1423,11,800,21
1423,12,1100,46
1423,13,1300,66
1424,1,150,0.16500001
1424,2,180,0.23999999
1424,3,200,0.28999999
1424,4,230,0.38
1424,5,250,0.44
1424,6,300,0.61500001
1425,1,200,0.75
1425,2,250,1.2
1425,3,300,1.7
1425,4,350,2.4000001
1425,5,400,3.2
1425,6,500,5.1999998
1425,7,550,6.4000001
1425,8,600,7.8000002
1425,9,650,9.3000002
1425,10,700,11
1425,11,900,19
1425,12,1100,29
1425,13,1300,41
1425,14,1500,55
1425,15,1700,71
1425,16,2000,98
1438,1,100,0.1
1438,2,150,0.25
1438,3,200,0.5
1438,4,300,1.1
1438,5,400,1.8
1438,6,500,2.7
1438,7,600,3.7
1438,8,700,4.9000001
1438,9,750,5.5999999
1438,10,900,8
1438,11,1000,10
1438,12,1200,15
1438,13,1300,18
1438,14,1350,20
1438,15,1400,23
1438,16,1500,30
1438,17,1800,54
1438,18,2200,90
1438,19,3300,200
1439,1,100,0.40000001
1439,2,180,0.75999999
1439,3,250,1.3
1439,4,450,3.3
1439,5,800,7.3000002
1439,6,900,8.6000004
1439,7,1000,10
1439,8,1300,14
1439,9,2000,23
1450,1,90,0.02
1450,2,130,0.039999999
1450,3,150,0.059999999
1450,4,190,0.14
1450,5,240,0.28999999
1450,6,280,0.44999999
1450,7,320,0.69
1450,8,400,1.25
1450,9,500,2.2
1450,10,600,3.4000001
1450,11,700,4.9000001
1450,12,800,6.5
1450,13,1000,10.1
1450,14,1100,12
1450,15,1300,16
1451,1,250,0.16
1451,2,300,0.25999999
1451,3,350,0.41
1451,4,380,0.56
1451,5,400,0.69999999
1451,6,450,1.2
1451,7,500,1.9
1451,8,600,3.4000001
1451,9,700,5.5999999
1451,10,750,6.75
1451,11,800,8
1451,12,1000,13
1451,13,1500,28
1452,1,200,0.13
1452,2,250,0.28
1452,3,300,0.46000001
1452,4,350,0.74000001
1452,5,400,1.05
1452,6,450,1.55
1452,7,500,2.1500001
1452,8,550,2.8499999
1452,9,600,3.5999999
1452,10,800,8
1452,11,1000,13
1452,12,1500,28
1455,1,150,0.14
1455,2,190,0.30000001
1455,3,220,0.47999999
1455,4,250,0.75
1455,5,300,1.3
1455,6,400,2.9000001
1455,7,450,4
1455,8,500,5.3000002
1455,9,600,8
1455,10,700,11
1455,11,900,19
1455,12,1100,28
1455,13,1200,33
1455,14,1300,39
1455,15,1500,53
1455,16,1600,61
1456,1,150,0.14
1456,2,170,0.23999999
1456,3,190,0.34999999
1456,4,260,1.05
1456,5,300,1.49
1456,6,370,2.6099999
1456,7,440,4
1456,8,520,5.7600002
1456,9,590,7.7199998
1456,10,680,10.6
1456,11,740,12.7
1456,12,900,19
1456,13,1100,28
1456,14,1200,33
1456,15,1300,39
1456,16,1500,53
1456,17,1800,77
1459,1,350,0.34999999
1459,2,400,0.60000002
1459,3,450,0.89999998
1459,4,500,1.35
1459,5,550,1.9
1459,6,599,2.5
1459,7,700,4
1459,8,800,6
1459,9,900,8
1459,10,1200,16
1459,11,1400,24
1459,12,1600,34
1459,13,1800,46
1459,14,2000,62
1460,1,160,0
1460,2,220,0.050000001
1460,3,270,0.2
1460,4,310,0.40000001
1460,5,330,0.54000002
1460,6,400,1.1
1460,7,500,2
1460,8,600,3
1460,9,700,4.1999998
1460,10,800,5.5999999
1460,11,900,7.1999998
1460,12,1000,9
1460,13,1400,17
1460,14,1800,27
1460,15,2500,48
1462,1,100,0.44
1462,2,110,0.51999998
1462,3,130,0.69999999
1462,4,180,1.2
1462,5,230,1.8
1462,6,270,2.3599999
1462,7,410,4.5999999
1462,8,500,6.4000001
1462,9,600,8.8000002
1462,10,900,17.799999
1462,11,1260,30.4
1462,12,1300,32
1462,13,2000,60
1463,1,-100,1.2
1463,2,-50,1.4
1463,3,100,2.3
1463,4,150,2.7
1463,5,400,5.1999998
1463,6,500,6.4000001
1463,7,750,9.8999996
1463,8,950,13.1
1463,9,1000,14
1463,10,2000,34
1463,11,2400,44
1463,12,3000,59
1464,1,-230,0.30000001
1464,2,-200,0.89999998
1464,3,-150,2.4000001
1464,4,-100,4
1464,5,0,8
1464,6,100,12
1464,7,300,21
1464,8,1000,53
1464,9,2000,98
1464,10,3000,143
1467,1,350,0.5
1467,2,400,0.77999997
1467,3,450,1.1
1467,4,500,1.5
1467,5,600,3
1467,6,750,5.5
1467,7,1000,10
1467,8,1400,18
1467,9,1800,28
1467,10,2200,40
1494,1,450,1
1494,2,500,1.4
1494,3,600,2.4000001
1494,4,700,4.1999998
1494,5,800,6.5
1494,6,900,9
1494,7,1000,12
1494,8,1200,18
1494,9,1400,23
1494,10,1600,27
1494,11,2000,35
1494,12,2200,40
1494,13,2500,49
1494,14,3000,64
1494,15,3500,80
1495,1,450,1
1495,2,500,1.4
1495,3,600,2.4000001
1495,4,700,4.1999998
1495,5,800,6.5
1495,6,900,9
1495,7,1000,12
1495,8,1200,18
1495,9,1400,23
1495,10,1600,27
1495,11,2000,35
1495,12,2200,40
1495,13,2500,49
1495,14,3000,64
1498,1,600,2.4000001
1498,2,700,4.1999998
1498,3,800,6.5
1498,4,900,9
1498,5,1000,12
1498,6,1200,18
1498,7,1400,23
1498,8,1600,27
1498,9,2000,35
1498,10,2200,40
1498,11,2500,49
1498,12,3000,64
1498,13,3500,80
1499,1,600,2.4000001
1499,2,700,4.1999998
1499,3,800,6.5
1499,4,900,9
1499,5,1000,12
1499,6,1200,18
1499,7,1400,23
1499,8,1600,27
1499,9,2000,35
1499,10,2200,40
1499,11,2500,49
1500,1,500,0.40000001
1500,2,550,0.89999998
1500,3,600,1.5
1500,4,650,2.2
1500,5,700,3
1500,6,750,3.9000001
1500,7,800,5
1500,8,850,6.1999998
1500,9,900,7.5
1500,10,1100,13.5
1500,11,1200,16.5
1500,12,1300,19
1501,1,530,0.49000001
1501,2,560,0.69999999
1501,3,600,1.1
1501,4,700,2.5
1501,5,800,4.3000002
1501,6,900,6.6999998
1501,7,1000,9.5
1501,8,1200,15.5
1501,9,1400,20.5
1502,1,600,1.75
1502,2,700,2.95
1502,3,750,3.5999999
1502,4,800,4.5
1502,5,900,6.6999998
1502,6,1000,9.5
1503,1,500,0.34
1503,2,530,0.49000001
1503,3,560,0.69999999
1503,4,600,1.1
1503,5,700,2.5
1503,6,800,4.3000002
1503,7,900,6.6999998
1503,8,1000,9.5
1503,9,1200,15.5
1503,10,1400,21.1
1503,11,1600,25.5
1505,1,500,0.69999999
1505,2,550,1.1
1505,3,650,2.0999999
1505,4,700,2.8
1505,5,750,3.7
1505,6,800,4.5999999
1505,7,850,5.5999999
1505,8,900,6.9000001
1505,9,1000,9.5
1505,10,1200,15.5
1505,11,1400,21.1
1505,12,1600,25.5
1505,13,1800,30
1505,14,2000,34.400002
1505,15,2400,44.799999
1505,16,2800,53.599998
1505,17,3000,58
1506,1,500,0.30000001
1506,2,550,0.69999999
1506,3,600,1.3
1506,4,700,2.5999999
1506,5,750,3.4000001
1506,6,800,4.3000002
1506,7,900,6.6999998
1506,8,1000,9.5
1506,9,1200,15.5
1506,10,1400,21.1
1506,11,1600,25.5
1506,12,1800,30
1506,13,2000,34.400002
1506,14,2400,44.799999
1507,1,600,2.4000001
1507,2,700,4.1999998
1507,3,800,6.5
1507,4,900,9
1507,5,1000,12
1507,6,1200,18
1507,7,1400,23
1507,8,1600,27
1507,9,2000,35
1507,10,2200,40
1507,11,2600,49.400002
1507,12,3000,60.200001
1510,1,500,0.69999999
1510,2,550,1.1
1510,3,650,2.0999999
1510,4,700,2.8
1510,5,750,3.7
1510,6,800,4.5999999
1510,7,850,5.5999999
1510,8,900,6.9000001
1510,9,1000,9.5
1510,10,1200,15.5
1510,11,1400,21.1
1510,12,1600,25.5
1510,13,1800,30
1510,14,2000,34.400002
1510,15,2400,45.599998
1510,16,2600,52
1513,1,50,0.2
1513,2,100,0.34999999
1513,3,150,0.625
1513,4,200,1
1513,5,250,1.4
1513,6,350,2.3
1513,7,450,3.3
1513,8,500,4
1513,9,700,7
1513,10,900,11
1513,11,1100,17
1513,12,1300,24
1513,13,1500,32
1515,1,50,0.050000001
1515,2,70,0.079999998
1515,3,90,0.12
1515,4,120,0.19499999
1515,5,130,0.22499999
1515,6,140,0.25999999
1515,7,170,0.38
1515,8,200,0.5
1515,9,220,0.60000002
1515,10,250,0.77999997
1515,11,280,0.98000002
1515,12,300,1.12
1515,13,320,1.3
1515,14,350,1.6
1515,15,400,2.0999999
1515,16,500,3.0999999
1518,1,100,0.029999999
1518,2,180,0.2
1518,3,250,0.89999998
1518,4,450,3.2
1518,5,800,7.3000002
1518,6,900,8.6000004
1518,7,1000,10
1518,8,1300,14
1518,9,2000,23
1531,1,0,0.0099999998
1531,2,50,0.059999999
1531,3,100,0.16
1531,4,200,0.40000001
1531,5,300,0.69999999
1531,6,400,1.05
1531,7,500,1.45
1531,8,600,1.9
1531,9,1200,5.5
1531,10,1400,6.8000002
1531,11,1800,10
1531,12,2100,13
1531,13,2400,16.9
1531,14,2600,19
1535,1,100,0.15000001
1535,2,130,0.34999999
1535,3,150,0.54000002
1535,4,200,1
1535,5,400,3.2
1535,6,750,7.0799999
1535,7,1000,10
1535,8,2000,23
1538,1,500,0.69999999
1538,2,550,1
1538,3,600,1.35
1538,4,700,2.7
1538,5,800,4.5999999
1538,6,900,7
1538,7,1000,9.5
1538,8,1200,15.5
1538,9,1400,21.1
1538,10,1600,25.5
1538,11,1800,30
1538,12,2000,34.400002
1538,13,2400,45.599998
1538,14,2600,52
1543,1,200,0.13
1543,2,250,0.25
1543,3,300,0.40000001
1543,4,350,0.68000001
1543,5,400,1
1543,6,450,1.5
1543,7,500,2.0999999
1543,8,550,2.8499999
1543,9,600,3.5999999
1543,10,800,8
1543,11,1000,13
1543,12,1500,28
1544,1,980,0.34999999
1544,2,1000,0.5
1544,3,1020,0.74000001
1544,4,1050,1.16
1544,5,1100,2.0999999
1544,6,1150,3.3
1544,7,1200,4.5999999
1544,8,1250,6.5999999
1544,9,1500,17
1544,10,1700,30
1544,11,2000,54
1544,12,2400,98
1544,13,2800,150
1544,14,3200,210
1547,1,0,0.0099999998
1547,2,40,0.1
1547,3,80,0.23999999
1547,4,120,0.44
1547,5,160,0.68000001
1547,6,200,1
1547,7,250,1.5
1547,8,300,2.0999999
1547,9,350,3
1547,10,400,4.1999998
1547,11,500,7.1999998
1547,12,700,14
1560,1,150,0.090000004
1560,2,160,0.16
1560,3,170,0.23999999
1560,4,180,0.33000001
1560,5,190,0.43000001
1560,6,200,0.55000001
1560,7,250,1.15
1560,8,300,1.8
1560,9,350,2.7
1560,10,400,3.8
1560,11,500,6.6999998
1560,12,600,10
1560,13,700,14
1563,1,100,0.02
1563,2,200,0.63999999
1563,3,500,3.4000001
1563,4,1700,13
1563,5,1800,14
1563,6,2000,17
1563,7,2200,21
1563,8,2400,28
1563,9,2600,40
1563,10,2800,66
1570,1,200,0.16
1570,2,220,0.34
1570,3,250,0.69999999
1570,4,300,1.5
1570,5,400,3.5
1570,6,600,8.3000002
1570,7,700,11
1570,8,800,14
1570,9,1400,32
1578,1,450,1
1578,2,500,1.5
1578,3,600,2.7
1578,4,700,4.6999998
1578,5,800,7
1578,6,900,10
1578,7,1000,13
1578,8,1200,18.5
1578,9,1400,23
1578,10,1600,27
1578,11,2000,35
1578,12,2200,40
1578,13,3000,64
1578,14,3500,80
1578,15,4000,100
1605,1,150,0.050000001
1605,2,200,0.1
1605,3,250,0.25
1605,4,300,0.55000001
1605,5,350,1.15
1605,6,400,1.9
1605,7,500,3.9000001
1605,8,600,6.5999999
1605,9,700,10.6
1605,10,900,21
1605,11,1300,45
1605,12,1700,73
1605,13,2100,105
1605,14,2500,145
1607,1,60,0.015
1607,2,90,0.029999999
1607,3,130,0.059999999
1607,4,150,0.090000004
1607,5,200,0.19
1607,6,250,0.31999999
1607,7,300,0.55000001
1607,8,400,1.25
1607,9,500,2.2
1607,10,600,3.4000001
1607,11,700,4.9000001
1607,12,800,6.5
1607,13,1000,10.5
1634,1,550,0.64999998
1634,2,600,1
1634,3,650,1.5
1634,4,700,2.2
1634,5,720,2.5
1634,6,750,3.25
1634,7,800,4.8000002
1634,8,900,8
1634,9,1000,12.6
1634,10,1300,27
1634,11,1500,39
1634,12,1800,75
1634,13,2000,105
1634,14,2200,140
1640,1,50,0.2
1640,2,100,0.30000001
1640,3,150,0.55000001
1640,4,200,0.85000002
1640,5,250,1.2
1640,6,350,2.0999999
1640,7,450,3.0999999
1640,8,700,7
1640,9,900,11
1640,10,1100,17
1640,11,1300,24
1640,12,1500,32
1655,1,40,0.045000002
1655,2,70,0.059999999
1655,3,100,0.090000004
1655,4,151,0.198
1655,5,200,0.33700001
1655,6,300,0.67000002
1655,7,400,1.05
1655,8,600,2.0999999
1655,9,800,3.3
1655,10,1000,4.6999998
1655,11,1500,8.1999998
1655,12,2000,13.2
1655,13,2400,19.5
1663,1,50,0.40000001
1663,2,100,0.80000001
1663,3,150,1.5
1663,4,200,2.5
1663,5,250,3.8
1663,6,300,5.5
1663,7,400,10
1663,8,500,15.5
1663,9,600,23
1663,10,800,43
1663,11,1100,79
1663,12,1300,105
1667,1,200,0.1
1667,2,250,0.28
1667,3,300,0.63
1667,4,350,1.25
1667,5,400,2
1667,6,500,4
1667,7,600,6.5
1667,8,700,10
1667,9,900,19
1667,10,1100,28
1667,11,1200,33
1667,12,1300,39
1667,13,1500,53
1667,14,1600,61
1671,1,450,0.1
1671,2,500,0.22
1671,3,530,0.38
1671,4,550,0.56
1671,5,600,1.2
1671,6,700,2.7
1671,7,800,4.5
1671,8,900,6.6999998
1671,9,1000,9.5
1671,10,1200,15.5
1671,11,1400,21.1
1671,12,1600,25.5
1671,13,1800,30
1671,14,2000,34.400002
1671,15,2400,45.599998
1671,16,2600,52
1673,1,100,0.055
1673,2,150,0.13
1673,3,200,0.30000001
1673,4,250,0.5
1673,5,300,0.80000001
1673,6,400,1.5
1673,7,450,1.9
1673,8,550,3.2
1673,9,600,4.0999999
1673,10,800,8.5
1673,11,1000,13.5
1673,12,1200,19
1674,1,50,0.079999998
1674,2,80,0.125
1674,3,150,0.31999999
1674,4,200,0.57999998
1674,5,250,0.87
1674,6,300,1.2
1674,7,800,7
1674,8,1700,13
1674,9,1800,14
1674,10,2000,17
1674,11,2200,21
1674,12,2400,28
1674,13,2600,40
1674,14,2800,66
1674,15,3100,114
3245,1,350,0.34
3245,2,380,0.40000001
3245,3,420,0.51999998
3245,4,500,0.80000001
3245,5,540,1
3245,6,580,1.24
3245,7,600,1.4
3245,8,800,3.2
3245,9,1000,6.1999998
3245,10,1400,14
3612,1,200,0.193
3612,2,223,0.193
3612,3,247,0.26899999
3612,4,273,0.48699999
3612,5,292,0.59200001
3612,6,313,0.78200001
3612,7,336,1
3612,8,359,1.21
3612,9,407,1.97
3612,10,454,2.6500001
1680,1,50,0.050000001
1680,2,70,0.079999998
1680,3,90,0.12
1680,4,120,0.19499999
1680,5,130,0.22499999
1680,6,140,0.25999999
1680,7,170,0.38
1680,8,200,0.54000002
1680,9,220,0.64999998
1680,10,250,0.85000002
1680,11,280,1.05
1680,12,300,1.2
1680,13,320,1.4
1680,14,350,1.7
1680,15,400,2.2
1680,16,500,3.3
1682,1,100,0.090000004
1682,2,120,0.12
1682,3,150,0.18000001
1682,4,200,0.30000001
1682,5,300,0.69999999
1682,6,400,1.15
1682,7,500,1.7
1682,8,600,2.3
1682,9,650,2.5999999
1682,10,700,3
1682,11,800,3.9000001
1682,12,900,5.0999999
1682,13,1000,6.5
1682,14,1300,11
1690,1,210,0.0049999999
1690,2,230,0.025
1690,3,260,0.075999998
1690,4,400,0.44
1690,5,600,1.2
1693,1,150,0.23
1693,2,200,0.31999999
1693,3,250,0.43000001
1693,4,300,0.64999998
1693,5,350,0.89999998
1693,6,600,2.1500001
1700,1,150,0.22499999
1700,2,200,0.375
1700,3,250,0.60000002
1700,4,300,0.89999998
1700,5,400,1.8
1700,6,600,3.8
1700,7,800,6
1700,8,1000,8.6000004
1700,9,1200,11.6
1700,10,1600,18.4
1700,11,1800,22.4
1702,1,80,0
1702,2,120,0.059999999
1702,3,160,0.18000001
1702,4,200,0.38
1702,5,300,1.4
1702,6,400,3
1702,7,500,5.1999998
1702,8,600,8.1999998
1702,9,700,13.2
1702,10,1000,36
1702,11,1800,100
1702,12,2500,163
1702,13,3000,213
1702,14,3500,268
1705,1,30,0
1705,2,200,0.50999999
1705,3,400,1.55
1705,4,500,2.3499999
1705,5,600,3.3
1705,6,700,4.4000001
1713,1,200,0.13
1713,2,250,0.23999999
1713,3,300,0.43000001
1713,4,350,0.72000003
1713,5,400,1.1
1713,6,450,1.6
1713,7,500,2.0999999
1713,8,550,2.8499999
1713,9,600,3.5999999
1713,10,800,8
1713,11,1000,13
1713,12,1500,28
1725,1,450,0.89999998
1725,2,500,1.4
1725,3,600,2.5999999
1725,4,700,4.5999999
1725,5,800,7
1725,6,900,9.5
1725,7,1000,12
1725,8,1500,25
1725,9,2000,40
1725,10,2800,65
1725,11,3200,80
1725,12,3700,100
1725,13,4000,112
1733,1,80,0
1733,2,120,0.079999998
1733,3,180,0.25999999
1733,4,250,0.61000001
1733,5,290,0.88999999
1733,6,370,1.6900001
1733,7,450,2.6500001
1733,8,480,3.0999999
1733,9,520,3.8
1733,10,600,5.4000001
1733,11,680,7.4000001
1733,12,800,11
1733,13,900,15
1733,14,1400,40
1733,15,1800,58
1733,16,2200,72
1733,17,2500,84
1735,1,150,0.050000001
1735,2,200,0.090000004
1735,3,250,0.19
1735,4,300,0.44
1735,5,350,1.1
1735,6,400,1.9
1735,7,500,3.9000001
1735,8,600,6.5999999
1735,9,700,10.6
1735,10,900,21
1735,11,1300,45
1735,12,1700,73
1735,13,2100,105
1735,14,2500,145
1737,1,30,0.0049999999
1737,2,50,0.0099999998
1737,3,60,0.017999999
1737,4,80,0.045000002
1737,5,100,0.090000004
1737,6,140,0.2
1737,7,160,0.30000001
1737,8,200,0.54000002
1737,9,250,0.88999999
1737,10,280,1.13
1737,11,310,1.4
1737,12,500,3.8
1737,13,600,5.5
1737,14,800,9.5
1737,15,1000,13.9
1737,16,1200,19.1
1739,1,980,0.34999999
1739,2,1000,0.5
1739,3,1020,0.68000001
1739,4,1050,1.1
1739,5,1100,2
1739,6,1150,3
1739,7,1200,4.4000001
1739,8,1250,6.5999999
1739,9,1500,18
1739,10,1700,32
1739,11,2000,56
1739,12,2400,98
1739,13,2800,150
1739,14,3200,210
1741,1,80,0.02
1741,2,100,0.035
1741,3,120,0.055
1741,4,150,0.1
1741,5,200,0.22
1741,6,250,0.43000001
1741,7,300,0.69999999
1741,8,400,1.4
1741,9,450,1.9
1741,10,550,3.2
1741,11,600,4.0999999
1741,12,800,8.5
1741,13,1000,13.5
1741,14,1200,19
1741,15,1400,25
1741,16,1600,32
1741,17,1800,39
1744,1,150,0.14
1744,2,200,0.28
1744,3,250,0.5
1744,4,300,0.83999997
1744,5,400,1.7
1744,6,600,3.8
1744,7,800,6
1744,8,1000,8.6000004
1744,9,1200,11.6
1744,10,1600,18.4
1744,11,1800,22.4
1746,1,200,0.050000001
1746,2,250,0.17
1746,3,300,0.37
1746,4,350,0.61000001
1746,5,400,0.95999998
1746,6,450,1.45
1746,7,500,2.0999999
1746,8,550,2.8499999
1746,9,600,3.5999999
1746,10,800,8
1746,11,1000,13
1746,12,1500,28
1750,1,200,0.1
1750,2,250,0.28
1750,3,300,0.80000001
1750,4,400,2
1750,5,500,4
1750,6,600,6.5
1750,7,700,10
1750,8,900,19
1750,9,1100,28
1750,10,1200,33
1750,11,1300,39
1750,12,1500,53
1750,13,1800,77
1752,1,450,0.69999999
1752,2,500,0.95999998
1752,3,550,1.4
1752,4,600,2
1752,5,650,2.6500001
1752,6,700,3.3499999
1752,7,800,5.1399999
1752,8,900,7.5
1752,9,1000,10
1752,10,1200,15.5
1752,11,1800,30
1752,12,2600,52
1758,1,150,0.07
1758,2,200,0.23999999
1758,3,220,0.34
1758,4,250,0.63
1758,5,300,1.3
1758,6,400,3.0999999
1758,7,600,8.1999998
1758,8,700,11
1758,9,800,14
1758,10,1400,32
1762,1,350,0.039999999
1762,2,400,0.40000001
1762,3,450,0.76999998
1762,4,500,1.2
1762,5,600,2.2
1762,6,750,5.0999999
1762,7,1000,10
1762,8,1400,18
1762,9,1800,28
1762,10,2200,40
1764,1,100,0.28
1764,2,150,0.47999999
1764,3,180,0.69999999
1764,4,230,1.1
1764,5,280,1.6
1764,6,320,2.0999999
1764,7,370,2.9000001
1764,8,400,3.5
1764,9,500,5.9000001
1764,10,600,8.6000004
1764,11,900,18
1764,12,1250,30
1764,13,2000,60
1766,1,0,0.059999999
1766,2,50,0.11
1766,3,100,0.23999999
1766,4,150,0.44
1766,5,200,0.72000003
1766,6,250,1
1766,7,350,1.9
1766,8,450,3.0999999
1766,9,700,7
1766,10,900,11
1766,11,1100,17
1766,12,1300,24
1766,13,1500,32
1769,1,980,0.31
1769,2,1000,0.40000001
1769,3,1020,0.57999998
1769,4,1050,0.88
1769,5,1100,1.7
1769,6,1150,3
1769,7,1200,4.5999999
1769,8,1250,6.6999998
1769,9,1500,18
1769,10,1700,32
1769,11,2000,56
1769,12,2400,98
1769,13,2800,150
1769,14,3200,210
1771,1,140,0.145
1771,2,170,0.18000001
1771,3,180,0.2
1771,4,190,0.23
1771,5,200,0.266
1771,6,250,0.47
1771,7,350,0.88999999
1771,8,500,1.6
1777,1,450,0.41999999
1777,2,500,0.54000002
1777,3,550,0.80000001
1777,4,570,1
1777,5,600,1.35
1777,6,700,2.8
1777,7,800,4.6999998
1777,8,900,7
1777,9,1000,9.5
1777,10,1200,15.5
1777,11,1400,21.1
1777,12,1600,25.5
1777,13,1800,30
1777,14,2000,34.400002
1777,15,2400,45.599998
1777,16,2600,52
1782,1,60,0.0089999996
1782,2,80,0.015
1782,3,90,0.021
1782,4,130,0.057
1782,5,150,0.079999998
1782,6,200,0.17
1782,7,250,0.31
1782,8,300,0.51999998
1782,9,350,0.81999999
1782,10,400,1.2
1782,11,500,2.2
1782,12,600,3.4000001
1782,13,700,4.9000001
1782,14,800,6.5
1782,15,900,8.1999998
1782,16,1000,10
1782,17,1300,15.4
1786,1,50,0.050000001
1786,2,70,0.085000001
1786,3,90,0.14
1786,4,110,0.205
1786,5,150,0.375
1786,6,210,0.64999998
1786,7,250,0.88
1786,8,300,1.25
1786,9,350,1.7
1786,10,400,2.2
1786,11,500,3.3
1788,1,100,0.094999999
1788,2,120,0.13500001
1788,3,150,0.20999999
1788,4,200,0.37
1788,5,300,0.73000002
1788,6,400,1.2
1788,7,500,1.7
1788,8,600,2.3
1788,9,650,2.5999999
1788,10,700,3
1788,11,800,3.9000001
1788,12,900,5.0999999
1788,13,1000,6.5
1788,14,1300,11
1790,1,-40,0.62
1790,2,0,0.77999997
1790,3,50,1.1
1790,4,100,1.5
1790,5,170,2.1500001
1790,6,240,2.9000001
1790,7,402,5.1999998
1790,8,700,10
1790,9,1000,15
1790,10,1500,25
1790,11,2300,43
1792,1,-40,0.37
1792,2,0,0.67000002
1792,3,30,0.94999999
1792,4,60,1.25
1792,5,100,1.8
1792,6,150,2.5999999
1792,7,200,3.5
1792,8,250,4.8000002
1792,9,350,7.5999999
1792,10,400,9.3000002
1792,11,500,14
1792,12,600,21
1792,13,1000,54
1792,14,1200,72
1792,15,1400,91
1795,1,30,1.4
1795,2,70,1.6
1795,3,200,2.7
1795,4,290,3.7
1795,5,350,4.5999999
1795,6,600,10.3
1795,7,750,14.5
1795,8,1000,23
1795,9,1250,33
1795,10,1500,44
1795,11,1750,55
1795,12,2100,72
1798,1,160,0
1798,2,220,0.050000001
1798,3,270,0.18000001
1798,4,310,0.41999999
1798,5,350,0.74000001
1798,6,400,1.2
1798,7,500,2.2
1798,8,600,3.2
1798,9,700,4.4000001
1798,10,800,5.8000002
1798,11,900,7.3000002
1798,12,1000,9
1798,13,1400,17
1798,14,1800,27
1798,15,2500,48
1802,1,0,0.02
1802,2,20,0.039999999
1802,3,40,0.07
1802,4,60,0.14
1802,5,80,0.22
1802,6,120,0.40000001
1802,7,150,0.55000001
1802,8,200,0.94999999
1802,9,250,1.4
1802,10,300,2
1802,11,350,2.9000001
1802,12,400,4.1999998
1802,13,500,7.1999998
1802,14,700,14
1804,1,150,0.30000001
1804,2,180,0.47
1804,3,250,1
1804,4,330,2
1804,5,440,4
1804,6,540,6.5
1804,7,660,10
1804,8,900,19
1804,9,1100,28
1804,10,1200,33
1804,11,1300,39
1804,12,1500,53
1804,13,1800,77
1804,14,2100,101
1819,1,400,0.5
1819,2,450,0.89999998
1819,3,500,1.4
1819,4,600,2.5999999
1819,5,700,4.5999999
1819,6,800,7
1819,7,900,9.5
1819,8,1000,12
1819,9,1500,25
1819,10,2000,40
1819,11,2800,65
1819,12,3200,80
1819,13,3700,100
1819,14,4000,112
1821,1,400,0.72000003
1821,2,450,1.1
1821,3,500,1.6
1821,4,600,3
1821,5,700,5
1821,6,800,7.3000002
1821,7,1000,12.4
1821,8,1400,24.799999
1821,9,2500,60
1821,10,4000,112
1823,1,20,0.059999999
1823,2,50,0.1
1823,3,120,0.25999999
1823,4,170,0.50999999
1823,5,220,0.85000002
1823,6,260,1.2
1823,7,300,1.8
1823,8,400,3.5999999
1823,9,500,5.0999999
1823,10,600,6
1823,11,700,6.8000002
1823,12,1600,13
1823,13,1750,15
1823,14,1900,18
1823,15,2100,23
1823,16,2300,31
1823,17,2500,44
1823,18,2700,71
1823,19,3000,120
1830,1,-20,0
1830,2,0,0.014
1830,3,30,0.041000001
1830,4,70,0.085000001
1830,5,100,0.125
1830,6,150,0.2
1830,7,200,0.30000001
1830,8,300,0.60000002
1830,9,400,1.05
1830,10,600,2.0999999
1830,11,800,3.3
1830,12,1000,4.6999998
1830,13,1500,8.1999998
1830,14,2000,13.2
1830,15,2400,19.5
1836,1,350,0.14
1836,2,401,0.30700001
1836,3,450,0.56099999
1836,4,470,0.71100003
1836,5,500,0.97100002
1836,6,550,1.55
1836,7,600,2.3
1836,8,750,5.0999999
1836,9,1000,10
1836,10,1400,18
1836,11,1800,28
1836,12,2200,40
1838,1,100,0.029999999
1838,2,150,0.16
1838,3,170,0.23999999
1838,4,200,0.41
1838,5,250,0.92000002
1838,6,300,1.7
1838,7,400,3.8
1838,8,500,6.6999998
1838,9,600,10
1838,10,700,14
1841,1,450,0.5
1841,2,500,0.66000003
1841,3,560,1
1841,4,600,1.4
1841,5,700,2.9000001
1841,6,800,4.8000002
1841,7,1000,9.6000004
1841,8,1200,15.5
1841,9,1400,21
1841,10,1600,25.5
1841,11,2000,35
1841,12,2300,43
1841,13,2600,52
1845,1,-250,0.89999998
1845,2,-200,1.9
1845,3,-150,3.5
1845,4,-100,5.3000002
1845,5,0,9.3000002
1845,6,100,13.6
1845,7,300,23
1845,8,600,38
1845,9,1000,58
1845,10,2000,108
1845,11,3000,158
1849,1,50,0.094999999
1849,2,70,0.115
1849,3,90,0.17
1849,4,110,0.23
1849,5,150,0.40000001
1849,6,200,0.66299999
1849,7,300,1.3
1849,8,350,1.7
1849,9,400,2.2
1849,10,500,3.3
1851,1,100,0.085000001
1851,2,120,0.12
1851,3,150,0.19
1851,4,200,0.31999999
1851,5,300,0.73000002
1851,6,400,1.2
1851,7,500,1.7
1851,8,600,2.3
1851,9,650,2.5999999
1851,10,700,3
1851,11,800,3.9000001
1851,12,900,5.0999999
1851,13,1000,6.5
1851,14,1300,11
1854,1,110,0.059999999
1854,2,130,0.090000004
1854,3,150,0.14
1854,4,180,0.28
1854,5,200,0.43000001
1854,6,230,0.68000001
1854,7,250,0.89999998
1854,8,450,3.2
1854,9,800,7.3000002
1854,10,900,8.6000004
1854,11,1000,10
1854,12,1300,14
1854,13,2000,23
1860,1,98,0
1860,2,153,0.5
1860,3,202,1.23
1860,4,251,2.1199999
1860,5,300,3
1860,6,402,5.4299998
1860,7,500,7.9899998
1860,8,600,10.5
1860,9,900,21
1860,10,1800,57
1860,11,2700,102
1860,12,3000,120
1871,1,100,0.18000001
1871,2,150,0.44999999
1871,3,200,0.79000002
1871,4,250,1.2
1871,5,300,1.8
1871,6,400,3.3
1871,7,500,5.1999998
1871,8,550,6.4000001
1871,9,600,7.8000002
1871,10,650,9.3000002
1871,11,700,11
1871,12,900,19
1871,13,1100,29
1871,14,1300,41
1871,15,1500,55
1871,16,2000,95
1871,17,2500,140
1871,18,3000,185
1871,19,3200,205
1882,1,250,0.34999999
1882,2,300,0.44999999
1882,3,350,0.64999998
1882,4,400,0.94999999
1882,5,450,1.3
1882,6,500,1.7
1882,7,600,2.9000001
1882,8,800,6.3000002
1882,9,1000,10.3
1882,10,1200,15
1882,11,1400,20.4
1882,12,1600,26.5
1882,13,2000,41
1882,14,2400,60
1882,15,3000,90
1891,1,100,0.2
1891,2,120,0.30000001
1891,3,140,0.47999999
1891,4,180,1
1891,5,240,2.2
1891,6,300,4
1891,7,350,5.6999998
1891,8,400,7.5
1891,9,450,9.5
1891,10,500,12
1891,11,700,24
1891,12,800,31
1891,13,900,39
1891,14,1000,50
1891,15,1200,73
1899,1,400,0.68000001
1899,2,450,1
1899,3,500,1.5
1899,4,600,3.0999999
1899,5,700,5
1899,6,800,7.5
1899,7,900,10
1899,8,2000,41
1899,9,3000,75
1899,10,4000,112
1902,1,150,0.050000001
1902,2,200,0.125
1902,3,250,0.33500001
1902,4,300,0.68000001
1902,5,350,1.05
1902,6,410,2
1902,7,500,3.9000001
1902,8,600,6.5999999
1902,9,700,10.6
1902,10,900,21
1902,11,1300,45
1902,12,1700,73
1902,13,2100,105
1902,14,2500,145
1904,1,150,0.20999999
1904,2,180,0.25999999
1904,3,200,0.33000001
1904,4,250,0.56
1904,5,300,0.86000001
1904,6,400,1.7
1904,7,600,3.8
1904,8,800,6
1904,9,1000,8.6000004
1904,10,1200,11.6
1904,11,1600,18.4
1904,12,1800,22.4
1904,13,2000,26.4
1906,1,70,0.029999999
1906,2,120,0.19
1906,3,170,0.49000001
1906,4,200,0.79000002
1906,5,250,1.4
1906,6,300,2.2
1906,7,400,3.8
1906,8,500,4.8000002
1906,9,600,5.6999998
1906,10,800,7.5
1906,11,1600,13
1906,12,1750,15
1906,13,1900,18
1906,14,2100,23
1906,15,2300,31
1906,16,2500,44
1906,17,2700,71
1906,18,3000,120
1925,1,0,0.0099999998
1925,2,50,0.07
1925,3,100,0.18000001
1925,4,150,0.34999999
1925,5,200,0.58999997
1925,6,300,1.2
1925,7,350,1.7
1925,8,400,2.3
1925,9,500,3.9000001
1925,10,700,7.3000002
1925,11,900,11.5
1925,12,1100,17
1925,13,1300,24
1925,14,1500,32
1931,1,450,0.37
1931,2,500,0.51999998
1931,3,550,0.77999997
1931,4,600,1.35
1931,5,650,2
1931,6,700,2.9000001
1931,7,800,4.8000002
1931,8,1000,9.6000004
1931,9,1200,15.5
1931,10,1400,21
1931,11,1600,25.5
1931,12,2000,35
1931,13,2300,43
1931,14,2600,52
1931,15,3400,76
1933,1,-20,0
1933,2,0,0.015
1933,3,30,0.045000002
1933,4,70,0.090000004
1933,5,100,0.13
1933,6,150,0.2
1933,7,200,0.30000001
1933,8,300,0.60000002
1933,9,400,1.05
1933,10,600,2.4000001
1933,11,1000,5.4000001
1933,12,1500,9.8000002
1933,13,2000,15
1933,14,2500,21.200001
1935,1,0,0
1935,2,70,0.11
1935,3,110,0.27000001
1935,4,170,0.63
1935,5,230,1.15
1935,6,300,2
1935,7,400,3.8
1935,8,500,4.9000001
1935,9,600,5.8000002
1935,10,800,7.5
1935,11,1600,15.3
1935,12,1900,18.799999
1935,13,2100,23
1935,14,2300,29
1935,15,2500,40
1935,16,2700,69
1935,17,3000,115
1937,1,100,0.18000001
1937,2,150,0.44999999
1937,3,200,0.79000002
1937,4,250,1.2
1937,5,300,1.8
1937,6,400,3.5
1937,7,500,5.5999999
1937,8,600,8.6000004
1937,9,800,16
1937,10,1000,25
1937,11,1500,55
1937,12,2000,95
1937,13,2500,140
1937,14,3000,185
1937,15,3200,205
1947,1,70,0
1947,2,130,0.12
1947,3,160,0.18000001
1947,4,200,0.28999999
1947,5,250,0.55000001
1947,6,290,0.88999999
1947,7,370,1.6900001
1947,8,450,2.6500001
1947,9,480,3.0999999
1947,10,520,3.8
1947,11,600,5.4000001
1947,12,680,7.4000001
1947,13,800,11
1947,14,900,15
1947,15,1400,40
1947,16,1800,58
1947,17,2200,72
1947,18,2500,84
1952,1,150,0.050000001
1952,2,200,0.13
1952,3,300,0.72000003
1952,4,350,1.2
1952,5,400,2.0999999
1952,6,500,4.0999999
1952,7,600,7
1952,8,700,11
1952,9,900,21
1952,10,1300,45
1952,11,1700,73
1952,12,2100,105
1952,13,2500,145
1973,1,-40,0.44
1973,2,0,0.60000002
1973,3,30,0.75999999
1973,4,100,1.2
1973,5,200,2
1973,6,260,2.7
1973,7,400,4.6999998
1973,8,600,8
1973,9,1000,15
1973,10,1500,25
1973,11,2300,43
1974,1,-50,0.57999998
1974,2,0,0.77999997
1974,3,40,1
1974,4,100,1.6
1974,5,200,3
1974,6,250,3.8
1974,7,500,8
1974,8,1000,18
1974,9,1500,29
1974,10,2000,41
1975,1,-250,2.3
1975,2,-200,2.8
1975,3,-150,3.5
1975,4,-100,4.5999999
1975,5,0,7.6999998
1975,6,100,12
1975,7,300,22
1975,8,600,38
1975,9,1000,60
1975,10,2900,170
1977,1,-40,0.37
1977,2,0,0.63
1977,3,30,0.88999999
1977,4,60,1.2
1977,5,100,1.65
1977,6,150,2.3
1977,7,200,3.2
1977,8,250,4.4000001
1977,9,300,5.6999998
1977,10,400,8.8999996
1977,11,500,14
1977,12,600,21
1977,13,1000,54
1977,14,1200,72
1977,15,1400,91
1978,1,150,0.075000003
1978,2,180,0.155
1978,3,200,0.25
1978,4,220,0.41999999
1978,5,250,0.72000003
1978,6,300,1.27
1978,7,400,3.0999999
1978,8,600,8.1999998
1978,9,700,11
1978,10,800,14
1978,11,1400,32
1979,1,150,0.075000003
1979,2,180,0.155
1979,3,200,0.25
1979,4,250,0.60000002
1979,5,300,1
1979,6,400,2.3
1979,7,600,6
1979,8,900,16
1979,9,1400,33
1981,1,100,0
1981,2,150,0.5
1981,3,200,1
1981,4,250,2
1981,5,300,3.0999999
3015,1,100,0.28999999
3015,2,120,0.38999999
3015,3,140,0.58999997
3015,4,170,0.935
3015,5,220,1.8
3015,6,240,2.2
3015,7,300,4
3015,8,350,5.6999998
3015,9,400,7.5
3015,10,450,10
3015,11,600,20
3015,12,800,36
3244,1,350,0.31
3244,2,380,0.34
3244,3,420,0.41999999
3244,4,500,0.75999999
3244,5,550,1.05
3244,6,600,1.4
3244,7,800,3.2
3244,8,1000,6.1999998
3244,9,1400,14
3244,10,1800,28
1981,6,400,6
1981,7,600,13
1981,8,800,20
1981,9,1500,47
1981,10,2500,93
1981,11,3000,120
1982,1,100,0
1982,2,151,0.359
1982,3,200,0.94700003
1982,4,251,1.8
1982,5,300,3.0999999
1982,6,399,6.23
1982,7,600,14
1982,8,754,20
1982,9,1500,51.5
1982,10,2494,96.099998
1982,11,3003,120
1984,1,30,0.059999999
1984,2,50,0.16
1984,3,70,0.30000001
1984,4,100,0.60000002
1984,5,150,1.2
1984,6,250,3
1984,7,400,6.8000002
1984,8,500,10
1984,9,700,18
1985,1,-80,0
1985,2,-20,0.13
1985,3,70,0.40000001
1985,4,150,0.75
1985,5,250,1.3
1985,6,380,2.0999999
1985,7,500,3.0999999
1985,8,700,5.3000002
1985,9,800,6.8000002
1985,10,1300,15.3
1985,11,1800,27
1985,12,2500,48
1987,1,950,1.5
1987,2,1000,2
1987,3,1050,2.8
1987,4,1100,3.9000001
1987,5,1150,5.1999998
1987,6,1300,10
1987,7,1500,18
1987,8,1800,33
1987,9,2500,73
1987,10,4000,160
1989,1,350,0.14
1989,2,400,0.27000001
1989,3,440,0.47
1989,4,470,0.66000003
1989,5,500,0.92000002
1989,6,550,1.52
1989,7,600,2.2
1989,8,750,4.6999998
1989,9,1000,9.5
1989,10,1400,18
1989,11,1800,28
1989,12,2200,40
1991,1,70,0.11
1991,2,100,0.13
1991,3,130,0.2
1991,4,170,0.34999999
1991,5,200,0.47
1991,6,300,0.92000002
1991,7,400,1.4
1991,8,500,1.9
1992,1,100,0.51999998
1992,2,140,0.69999999
1992,3,200,1.1
1992,4,250,1.6
1992,5,290,2.0999999
1992,6,400,3.9000001
1992,7,500,6
1992,8,600,8.6000004
1992,9,900,18
1992,10,1250,30
1992,11,2000,60
1993,1,100,0.51999998
1993,2,140,0.69999999
1993,3,200,1.1
1993,4,250,1.7
1993,5,300,2.5999999
1993,6,400,4.5999999
1993,7,500,7
1993,8,600,10
1993,9,900,19
1993,10,1250,31
1993,11,2000,60
1996,1,0,0.039999999
1996,2,50,0.11
1996,3,100,0.25
1996,4,150,0.47
1996,5,200,0.77999997
1996,6,300,1.6
1996,7,350,2.0999999
1996,8,400,2.7
1996,9,500,4.0999999
1996,10,700,7.3000002
1996,11,900,11.5
1996,12,1100,17
1996,13,1300,24
1996,14,1500,32
1997,1,0,0
1997,2,50,0.039999999
1997,3,80,0.079999998
1997,4,100,0.15000001
1997,5,150,0.44
1997,6,200,0.88
1997,7,250,1.4
1997,8,300,2.0999999
1997,9,350,3.0999999
1997,10,400,4.1999998
1997,11,500,6.8000002
1997,12,600,10
1997,13,700,14
1998,1,170,0.0070000002
1998,2,175,0.0080000004
1998,3,180,0.0099999998
1998,4,185,0.013
1998,5,190,0.017000001
1998,6,195,0.021
1998,7,200,0.025
1998,8,230,0.059999999
1998,9,260,0.1
1998,10,290,0.145
1998,11,320,0.19499999
1998,12,350,0.25999999
1998,13,400,0.40000001
1999,1,0,0
1999,2,20,0.012
1999,3,50,0.041999999
1999,4,80,0.075000003
1999,5,100,0.1
1999,6,150,0.2
1999,7,200,0.34
1999,8,300,0.73000002
1999,9,500,1.8
1999,10,700,3
2000,1,-10,0
2000,2,20,0.012
2000,3,50,0.035
2000,4,100,0.1
2000,5,150,0.2
2000,6,200,0.37
2000,7,300,0.75
2000,8,400,1.2
2000,9,700,3
2001,1,0,1
2001,2,80,1.3
2001,3,200,2.2
2001,4,270,2.9000001
2001,5,500,5.8000002
2001,6,1000,13
2001,7,2000,32
2001,8,2500,44
2001,9,3100,59
2002,1,50,0.1
2002,2,60,0.12
2002,3,80,0.19
2002,4,150,0.44
2002,5,200,0.70999998
2002,6,300,1.3
2002,7,350,1.7
2002,8,400,2.2
2002,9,500,3.3
2003,1,1160,10
2003,2,1260,13
2003,3,1460,21
2003,4,1880,42
2003,5,3390,126
2003,6,3900,160
2018,1,60,0.0049999999
2018,2,80,0.0080000004
2018,3,90,0.013
2018,4,120,0.033
2018,5,150,0.063000001
2018,6,180,0.115
2018,7,200,0.16500001
2018,8,250,0.33000001
2018,9,300,0.52999997
2018,10,350,0.79000002
2018,11,400,1.1
2018,12,500,1.9
2018,13,600,3.2
2018,14,800,6.4000001
2018,15,1000,10
2018,16,1300,15.4
2020,1,100,0.5
2020,2,150,0.80000001
2020,3,180,1.2
2020,4,200,1.7
2020,5,300,5
2020,6,400,9.1999998
2020,7,500,14
2020,8,650,23
2020,9,750,30
2020,10,850,39
2020,11,1000,54
2020,12,1100,64
2033,1,150,0.245
2033,2,180,0.34999999
2033,3,200,0.44999999
2033,4,250,0.75
2033,5,300,1.35
2033,6,400,2.7
2033,7,550,5.5
2033,8,680,8.3999996
2033,9,800,12.2
2033,10,910,16.6
2033,11,1120,26.299999
2033,12,1250,33
2033,13,1500,50
2033,14,1750,69
2033,15,2100,100
2035,1,30,0.0049999999
2035,2,50,0.013
2035,3,60,0.02
2035,4,70,0.029999999
2035,5,80,0.046999998
2035,6,100,0.1
3436,1,300,7.5
3436,2,400,8.5
3436,3,500,10
3436,4,600,12.5
3436,5,800,19
3436,6,1000,27
3436,7,1200,35
3436,8,1500,50
3436,9,1800,68
3436,10,2200,96
3436,11,2600,124
3542,1,150,0.07
3542,2,160,0.079999998
3542,3,180,0.1
3542,4,200,0.13
3542,5,210,0.155
3542,6,220,0.18000001
3542,7,230,0.215
3543,13,390,1.2
3543,14,400,1.3200001
3543,15,470,2.23
2035,7,130,0.19
2035,8,150,0.28
2035,9,200,0.55000001
2035,10,250,0.88999999
2035,11,300,1.5
2035,12,450,3.4000001
2035,13,700,7.5
2035,14,1000,13.9
2035,15,1200,19.1
2037,1,400,0.81
2037,2,450,1.1
2037,3,500,1.5
2037,4,540,1.95
2037,5,600,2.75
2037,6,650,3.5
2037,7,700,4.5
2037,8,800,6.9000001
2037,9,900,10
2037,10,1000,13
2037,11,1300,21
2037,12,2000,41
2037,13,3000,70
2037,14,4000,100
2039,1,350,0.15000001
2039,2,400,0.34999999
2039,3,440,0.69
2039,4,470,0.95999998
2039,5,500,1.3
2039,6,600,2.5999999
2039,7,750,5
2039,8,1000,10
2039,9,1400,19
2039,10,1800,29
2039,11,2200,40
2050,1,70,0
2050,2,130,0.12
2050,3,160,0.18000001
2050,4,200,0.31999999
2050,5,250,0.64999998
2050,6,300,1.1
2050,7,400,2.0999999
2050,8,448,2.9000001
2050,9,500,3.9000001
2050,10,600,6.0999999
2050,11,800,11.1
2050,12,900,14.5
2050,13,1100,23
2050,14,1400,40
2050,15,1800,58
2050,16,2200,72
2050,17,2500,84
2050,18,2800,96
2055,1,-20,0
2055,2,0,0.015
2055,3,30,0.039999999
2055,4,70,0.085000001
2055,5,100,0.13
2055,6,150,0.22
2055,7,200,0.34
2055,8,300,0.685
2055,9,400,1.1
2055,10,500,1.65
2055,11,600,2.3499999
2055,12,1000,5.5
2055,13,1500,9.8000002
2055,14,2000,15
2055,15,2500,21.200001
2055,16,2600,22.5
2059,1,80,0.035
2059,2,100,0.055
2059,3,120,0.085000001
2059,4,150,0.14
2059,5,200,0.27500001
2059,6,250,0.44999999
2059,7,300,0.75
2059,8,350,1.25
2059,9,400,1.8
2059,10,450,2.5
2059,11,500,3.4000001
2059,12,600,5.1999998
2059,13,800,8.8000002
2059,14,900,11
2059,15,1000,13.5
2059,16,1200,19
2059,17,1400,25
2059,18,1600,32
2059,19,1800,39
2063,1,40,0.1
2063,2,100,0.25
2063,3,170,0.73000002
2063,4,230,1.4
2063,5,260,1.9
2063,6,300,2.5999999
2063,7,350,3.4000001
2063,8,400,4.1999998
2063,9,500,5.3000002
2063,10,800,8.1999998
2063,11,1500,15
2063,12,1900,19
2063,13,2100,22
2063,14,2300,27
2063,15,2500,37
2063,16,2650,47.900002
2063,17,2800,65
3213,1,150,0.23
3213,2,170,0.25
3213,3,190,0.28
3213,4,200,0.30000001
3213,5,210,0.33000001
3213,6,220,0.38
3213,7,300,0.86000001
3213,8,400,1.8
3213,9,450,2.5
3213,10,500,3.5999999
3213,11,600,5.9000001
3213,12,800,10.6
3213,13,1000,16
3213,14,1200,22.700001
3213,15,1400,30
3213,16,1600,37.5
3214,1,150,0.23
3214,2,170,0.25
3214,3,190,0.28
3214,4,200,0.30000001
2063,18,3100,115
2063,19,3400,165
2069,1,450,0.75
2069,2,500,0.87
2069,3,550,1.1
2069,4,600,1.8
2069,5,700,3.3
2069,6,800,5.0999999
2069,7,1000,9.3000002
2069,8,1400,20
2069,9,2000,37
2069,10,2600,54
2069,11,3400,76
2072,1,50,0.059999999
2072,2,80,0.090000004
2072,3,100,0.12
2072,4,130,0.18000001
2072,5,150,0.23
2072,6,200,0.38
2072,7,250,0.58999997
2072,8,300,0.83999997
2072,9,350,1.15
2072,10,400,1.55
2072,11,450,2
2072,12,500,2.5
2072,13,1000,7.8000002
2072,14,1300,11
2072,15,1600,14.5
2075,1,950,0.17
2075,2,980,0.34999999
2075,3,1000,0.5
2075,4,1020,0.68000001
2075,5,1050,1.03
2075,6,1100,1.9
2075,7,1200,4.4000001
2075,8,1250,6.1999998
2075,9,1500,19
2075,10,1700,32
2075,11,2000,56
2075,12,2400,98
2075,13,2800,150
2075,14,3200,210
2075,15,3300,225
2075,16,3500,255
2094,1,950,1.5
2094,2,1000,2
2094,3,1050,2.8
2094,4,1100,3.9000001
2094,5,1150,5.3000002
2094,6,1300,10.5
2094,7,1400,14.6
2094,8,1500,19
2094,9,1600,24
2094,10,1800,35
2094,11,2500,74
2094,12,4000,160
2101,1,0,0.11
2101,2,50,0.40000001
2101,3,100,0.89999998
2101,4,150,1.5
2101,5,200,2.0999999
2101,6,400,4.0999999
2101,7,500,5.1999998
2101,8,800,8.1999998
2101,9,1500,15
2101,10,1900,19
2101,11,2100,22
2101,12,2300,27
2101,13,2500,37
2101,14,2650,47.900002
2101,15,2800,65
2101,16,3100,115
2101,17,3400,165
2104,1,80,0.035
2104,2,150,0.11
2104,3,200,0.185
2104,4,250,0.38
2104,5,300,0.73000002
2104,6,350,1.2
2104,7,400,1.75
2104,8,450,2.5
2104,9,500,3.4000001
2104,10,600,5.1999998
2104,11,1000,14.5
2104,12,1400,25
2104,13,1600,32
2104,14,1800,39
2106,1,-20,0
2106,2,-1,0.003
2106,3,30,0.02
2106,4,70,0.050000001
2106,5,100,0.079999998
2106,6,150,0.15000001
2106,7,200,0.25
2106,8,250,0.41
2106,9,300,0.60000002
2106,10,400,1.15
2106,11,600,2.5
2106,12,1000,5.5
2106,13,1500,9.8000002
2106,14,2000,15
2106,15,2500,21.200001
2106,16,2600,22.5
2109,1,400,1
2109,2,450,1.3
2109,3,500,1.7
2109,4,550,2.2
2109,5,600,3.0999999
2109,6,700,5.0999999
2109,7,800,7.5999999
2109,8,1000,13
2109,9,1300,21
2109,10,2000,41
2109,11,3000,70
3214,5,210,0.33700001
3214,6,220,0.38
3214,7,270,0.61000001
3214,8,300,0.79000002
3214,9,350,1.25
3214,10,400,1.8
3214,11,450,2.3900001
3214,12,510,3.1300001
3214,13,580,4
3214,14,635,5.0700002
3214,15,700,6.6999998
2109,12,4000,100
2114,1,60,0.0060000001
2114,2,100,0.034000002
2114,3,120,0.050000001
2114,4,150,0.086000003
2114,5,170,0.126
2114,6,200,0.20999999
2114,7,250,0.40000001
2114,8,300,0.60000002
2114,9,350,0.87
2114,10,400,1.2
2114,11,500,2
2114,12,600,3.2
2114,13,800,6.4000001
2114,14,1000,10
2114,15,1300,15.4
2119,1,170,0.245
2119,2,200,0.30500001
2119,3,230,0.38
2119,4,250,0.46000001
2119,5,300,0.68000001
2119,6,350,1
2119,7,400,1.4299999
2119,8,450,2
2119,9,500,2.7
2119,10,600,4.4000001
2119,11,800,8.6000004
2119,12,1000,13.6
2119,13,1500,28
2131,1,450,0.64999998
2131,2,500,0.77999997
2131,3,550,1
2131,4,600,1.6
2131,5,700,3.3
2131,6,800,5.3000002
2131,7,1000,10.5
2131,8,1400,23
2131,9,2000,41
2131,10,3000,70
2144,1,550,25.5
2144,2,650,27.299999
2144,3,800,31.5
2144,4,1000,40
2144,5,1400,60
2144,6,1700,77
2144,7,2000,97
2144,8,2496,135
2150,1,350,0.23999999
2150,2,400,0.38
2150,3,450,0.60000002
2150,4,470,0.75
2150,5,500,0.97000003
2150,6,550,1.5
2150,7,600,2.25
2150,8,700,4.0999999
2150,9,800,6.5
2150,10,900,9.5
2150,11,1000,12.7
2150,12,1200,19.5
2150,13,1600,35
2156,1,60,0
2156,2,100,0.02
2156,3,150,0.07
2156,4,200,0.17
2156,5,250,0.34999999
2156,6,300,0.55000001
2156,7,350,0.81999999
2156,8,400,1.15
2156,9,500,2
2156,10,600,3.2
2156,11,800,6.4000001
2156,12,1000,10
2156,13,1300,15.4
2161,1,-80,0
2161,2,-20,0.090000004
2161,3,70,0.37
2161,4,200,1
2161,5,300,1.9
2161,6,400,2.9000001
2161,7,700,6.1599998
2161,8,1000,10
2161,9,1500,19
2161,10,2000,31
2161,11,2500,45
2164,1,350,0.34
2164,2,400,0.41999999
2164,3,450,0.56
2164,4,500,0.82999998
2164,5,600,1.5
2164,6,800,3.2
2938,1,200,0
2938,2,201,0.001
2938,3,243,0.0049999999
2938,4,264,0.0099999998
2938,5,275,0.013
2938,6,285,0.017000001
2938,7,296,0.021
2938,8,306,0.026000001
2938,9,317,0.030999999
2938,10,327,0.037999999
2938,11,368,0.07
2938,12,389,0.093000002
2938,13,410,0.12
3457,1,110,0.0060000001
3457,2,140,0.015
3457,3,170,0.027000001
3457,4,190,0.041000001
3457,5,200,0.050000001
3457,6,240,0.090000004
3457,7,250,0.105
3457,8,300,0.185
3457,9,350,0.31
3457,10,460,0.75
3457,11,500,0.94999999
3457,12,600,1.6
3457,13,700,2.5
3457,14,800,3.5
2164,7,1000,6.1999998
2164,8,1400,14
2164,9,1800,28
2164,10,2000,37
2167,1,90,0.41
2167,2,100,0.46000001
2167,3,120,0.57999998
2167,4,150,0.77999997
2167,5,180,1.4
2167,6,200,1.9
2167,7,300,5.5999999
2167,8,400,10.4
2167,9,500,16
2167,10,600,22
2167,11,700,29
2167,12,800,37
2167,13,1000,54
2167,14,1100,64
2189,1,100,0.28999999
2189,2,120,0.36000001
2189,3,140,0.5
2189,4,170,0.87
2189,5,220,1.8
2189,6,240,2.2
2189,7,300,4
2189,8,350,5.6999998
2189,9,400,7.5
2189,10,450,10
2189,11,600,20
2189,12,800,36
2189,13,1000,55
2189,14,1200,75
2194,1,450,0
2194,2,480,0.23
2194,3,510,0.56999999
2194,4,700,3.2
2194,5,800,5.4000001
2194,6,1000,10.5
2194,7,1400,23
2194,8,2000,41
2194,9,3000,70
2199,1,100,0.25999999
2199,2,150,0.47
2199,3,200,0.80000001
2199,4,250,1.2
2199,5,300,1.8
2199,6,400,4
2199,7,500,6.6999998
2199,8,600,10
2199,9,700,14
2199,10,900,23
2199,11,1000,28
2199,12,1500,57
2199,13,2000,93
2199,14,2500,137
2199,15,3000,185
2199,16,3200,205
2200,1,100,0.061000001
2200,2,150,0.25099999
2200,3,200,0.60000002
2200,4,250,1.15
2200,5,300,1.8
2200,6,400,3.3
2200,7,500,5.0999999
2200,8,600,8.3000002
2200,9,800,15.5
2200,10,1000,25
2200,11,1500,55
2200,12,2000,93
2200,13,2500,137
2200,14,3000,185
2200,15,3200,205
2202,1,50,0.1
2202,2,100,0.25
2202,3,130,0.36000001
2202,4,150,0.46000001
2202,5,180,0.63
2202,6,200,0.75999999
2202,7,230,1
2204,1,370,0.1
2204,2,400,0.13500001
2204,3,500,0.285
2204,4,600,0.53500003
2204,5,640,0.72000003
2204,6,670,0.93000001
2204,7,700,1.3
2204,8,800,2.5999999
2204,9,900,4
2204,10,1100,7.5999999
2204,11,1300,13
2205,1,500,0.13
2205,2,550,0.25999999
2205,3,600,0.49000001
2205,4,650,0.77999997
2205,5,700,1.1
2205,6,800,2.0999999
2205,7,900,3.3
2205,8,1000,4.6999998
2205,9,1200,7.9000001
2205,10,1400,11.5
2205,11,1700,17.5
2210,1,450,0
2210,2,480,0.23
2210,3,510,0.56999999
2210,4,700,3.2
2210,5,800,5.4000001
2210,6,1000,10.5
2210,7,1400,23
2210,8,2000,41
2210,9,3000,70
2211,1,400,1.3
2211,2,450,1.5
2211,3,500,1.8
2211,4,550,2.2
2211,5,600,3.0999999
2211,6,700,5.0999999
2211,7,800,7.5999999
3243,1,350,0.38
3243,2,400,0.5
3243,3,450,0.64999998
3243,4,500,0.89999998
3243,5,600,1.5
3243,6,800,3.2
2211,8,1000,13
2211,9,1300,21
2211,10,2000,41
2211,11,3000,70
2211,12,4000,100
2213,1,300,0
2213,2,320,0.035
2213,3,350,0.1
2213,4,370,0.17
2213,5,400,0.28
2213,6,440,0.46000001
2213,7,490,0.73000002
2213,8,540,1.0599999
2213,9,580,1.45
2213,10,680,2.5999999
2213,11,840,5
2213,12,1050,8.1999998
2213,13,1250,11.8
2213,14,1450,16
2213,15,1800,24
2216,1,350,0.17
2216,2,420,0.28999999
2216,3,437,0.37599999
2216,4,519,1.08
2216,5,571,1.58
2216,6,615,2.23
2216,7,654,2.9100001
2216,8,719,4.52
2216,9,785,6.8000002
2216,10,850,9.6000004
2216,11,1000,16.700001
2216,12,1250,30
2216,13,1450,40
2219,1,50,0
2219,2,90,0.015
2219,3,150,0.055
2219,4,200,0.13500001
2219,5,250,0.28
2219,6,300,0.47
2219,7,350,0.75999999
2219,8,400,1.15
2219,9,500,2
2219,10,600,3.2
2219,11,800,6.4000001
2219,12,1000,10
2219,13,1300,15.4
2223,1,80,0.13
2223,2,90,0.17
2223,3,100,0.23
2223,4,120,0.37
2223,5,150,0.72000003
2223,6,180,1.2
2223,7,200,1.7
2223,8,250,3.3
2223,9,300,5.1999998
2223,10,400,10.4
2223,11,500,16
2223,12,600,22
2223,13,700,29
2223,14,800,37
2223,15,1000,54
2223,16,1100,64
2227,1,50,0.026000001
2227,2,80,0.050000001
2227,3,100,0.07
2227,4,150,0.15000001
2227,5,200,0.27000001
2227,6,250,0.44
2227,7,300,0.67000002
2227,8,400,1.3
2227,9,500,2.0999999
2227,10,600,3
2227,11,800,5
2227,12,1200,9.6999998
2227,13,1600,14.5
2240,1,400,1.1
2240,2,450,1.3
2240,3,500,1.75
2240,4,550,2.5
2240,5,600,3.4000001
2240,6,650,4.4499998
2240,7,700,5.5999999
2240,8,800,8.1999998
2240,9,1000,14.6
2240,10,1300,23.700001
2240,11,1600,32
2240,12,2000,42
2240,13,3000,70
2240,14,4000,100
2244,1,50,0.026000001
2244,2,80,0.050000001
2244,3,100,0.07
2244,4,150,0.16500001
2244,5,200,0.31
2244,6,250,0.5
2244,7,300,0.76999998
2244,8,398,1.4
2244,9,500,2.0999999
2244,10,600,3
2244,11,800,5
2244,12,1200,9.6999998
2244,13,1600,14.5
2249,1,100,0
2249,2,150,0.1
2249,3,180,0.19
2249,4,200,0.30000001
2249,5,240,0.52999997
2249,6,260,0.76999998
2249,7,300,1.7
2249,8,400,3.5999999
2249,9,650,7.4000001
2249,10,1000,12
2249,11,1500,18
2701,1,100,0
2701,2,150,0.059999999
2701,3,180,0.11
2701,4,200,0.16
2701,5,230,0.25
2701,6,250,0.33000001
2701,7,300,0.60000002
2701,8,350,1
2701,9,400,1.5
2701,10,450,2.0999999
2701,11,500,3
2701,12,550,4.3000002
2252,1,140,0.236
2252,2,150,0.248
2252,3,180,0.30000001
2252,4,200,0.36000001
2252,5,250,0.63999999
2252,6,300,0.97000003
2252,7,400,1.8
2252,8,700,5.4000001
2252,9,1000,9
2252,10,1200,11.2
2252,11,1500,15
2252,12,1600,17.5
2252,13,1630,20
2252,14,1750,40
2252,15,1850,55
2252,16,1950,70
2263,1,300,0.64999998
2263,2,350,0.82499999
2263,3,400,1
2263,4,450,1.2
2263,5,500,1.6
2263,6,550,2.2
2263,7,600,3
2263,8,650,4
2263,9,700,5.1999998
2263,10,800,7.8000002
2263,11,900,11
2263,12,1000,15
2263,13,1100,18
2263,14,1300,23
2263,15,2000,40
2263,16,3000,65
2263,17,4000,92
2265,1,450,0.075000003
2265,2,480,0.23999999
2265,3,510,0.47
2265,4,600,1.5
2265,5,699,3
2265,6,750,4
2265,7,849,6.3000002
2265,8,1000,10.5
2265,9,1400,23
2265,10,2000,41
2265,11,3000,70
2268,1,150,0.11
2268,2,200,0.30000001
2268,3,250,0.56
2268,4,300,1.1
2268,5,400,2.5
2268,6,550,5.5
2268,7,650,9
2268,8,750,13
2268,9,950,21
2268,10,1250,34.5
2268,11,1500,52
2268,12,1750,72
2268,13,2100,100
2270,1,350,0.17
2270,2,400,0.23
2270,3,420,0.28999999
2270,4,440,0.38
2270,5,460,0.51999998
2270,6,520,1.05
2270,7,570,1.5
2270,8,600,1.9
2270,9,650,2.7
2270,10,700,3.9000001
2270,11,790,6.8000002
2270,12,850,9.6000004
2270,13,1000,16.5
2270,14,1100,22
2270,15,1300,33
2270,16,1400,39
2275,1,0,0
2275,2,50,0.025
2275,3,100,0.090000004
2275,4,150,0.16
2275,5,180,0.22
2275,6,200,0.28999999
2275,7,300,0.66000003
2275,8,400,1.2
2275,9,600,2.5
2275,10,1000,5.5
2275,11,1500,9.8000002
2275,12,2000,15
2275,13,2500,21.200001
2275,14,2600,22.5
2291,1,140,0.0099999998
2291,2,180,0.050000001
2291,3,210,0.090000004
2291,4,270,0.19
2291,5,320,0.27500001
2291,6,380,0.41499999
2291,7,490,0.72000003
2291,8,600,1.1
2295,1,30,1.5
2295,2,100,2
2295,3,200,2.9000001
2295,4,290,4
2295,5,350,4.9000001
2295,6,600,10.3
2295,7,750,14.5
2295,8,1000,23
2295,9,1250,33
2295,10,1500,44
2295,11,1750,55
2295,12,2100,72
2297,1,150,0.11
2297,2,200,0.30000001
2297,3,250,0.56
2297,4,300,1.1
2297,5,400,2.5
2297,6,550,5.5
2297,7,650,9
3238,1,50,0.02
2297,8,750,13
2297,9,950,21
2297,10,1250,34.5
2297,11,1500,52
2297,12,1750,72
2297,13,2100,100
2300,1,150,0.115
2300,2,170,0.15000001
2300,3,270,0.37
2300,4,380,0.64999998
2300,5,490,1
2300,6,630,1.5
2300,7,750,2
2301,1,30,0.017000001
2301,2,50,0.021
2301,3,60,0.026000001
2301,4,70,0.035
2301,5,80,0.046
2301,6,90,0.064999998
2301,7,100,0.090000004
2301,8,130,0.168
2301,9,150,0.23
2301,10,200,0.5
2301,11,250,0.85000002
2301,12,300,1.35
2301,13,400,2.6500001
2301,14,500,4.3000002
2301,15,800,10
2301,16,1000,13.9
2301,17,1200,19.1
2308,1,300,0.64999998
2308,2,350,0.82499999
2308,3,400,1
2308,4,450,1.2
2308,5,500,1.6
2308,6,550,2.2
2308,7,600,3
2308,8,650,4
2308,9,700,5.1999998
2308,10,800,7.8000002
2308,11,900,11
2308,12,1000,15
2308,13,1100,18
2308,14,1300,23
2308,15,2000,40
2308,16,3000,65
2308,17,4000,92
2311,1,80,0.029999999
2311,2,120,0.055
2311,3,140,0.079999998
2311,4,160,0.115
2311,5,180,0.15000001
2311,6,200,0.22
2311,7,240,0.36500001
2311,8,260,0.46000001
2311,9,300,0.75999999
2311,10,350,1.25
2311,11,400,1.8
2311,12,450,2.5
2311,13,500,3.3
2311,14,600,5.1999998
2311,15,1000,14.5
2311,16,1400,25
2311,17,1600,32
2311,18,1800,39
2317,1,100,0
2317,2,140,0.059999999
2317,3,180,0.22
2317,4,220,0.49000001
2317,5,270,0.95999998
2317,6,320,1.5
2317,7,420,3
2317,8,520,5.1999998
2317,9,620,8.1999998
2317,10,720,13.2
2317,11,800,18.5
2317,12,1000,32
2317,13,1500,69
2317,14,2000,110
2317,15,2500,151
2317,16,3000,200
2317,17,3500,250
2320,1,170,0
2320,2,210,0.016000001
2320,3,230,0.039999999
2320,4,280,0.13500001
2320,5,400,0.46000001
2320,6,600,1.2
2329,1,600,0.23
2329,2,630,0.28999999
2329,3,650,0.40000001
2329,4,680,0.69999999
2329,5,700,1
2329,6,750,1.85
2329,7,800,2.9000001
2329,8,900,5.3000002
2329,9,1100,11.5
2329,10,1400,24
2329,11,1800,48
2329,12,2000,64
2329,13,2200,84
2329,14,2400,110
2329,15,2600,144
2329,16,2800,186
2649,1,30,1.7
2649,2,100,2.0999999
2649,3,200,3
2649,4,288,4.5
2649,5,339,5.4000001
2649,6,595,11
2649,7,750,15
2649,8,1000,23
2649,9,1250,33
2649,10,1500,44
2669,1,450,0.07
2669,2,500,0.28999999
2669,3,550,0.63
2669,4,600,1
2339,1,950,2
2339,2,1000,3
2339,3,1100,5
2339,4,1150,6.4000001
2339,5,1200,8
2339,6,1400,16.5
2339,7,1900,39
2339,8,2500,69
2339,9,3000,98
2339,10,3500,131
2339,11,4000,180
2339,12,4400,226
2339,13,4800,275
2339,14,5200,328
2339,15,5600,384
2339,16,6000,443
2340,1,1050,1.9
2340,2,1100,2.6500001
2340,3,1150,3.8
2340,4,1200,5.1999998
2340,5,1300,8.1999998
2340,6,1400,11.5
2340,7,1500,15
2340,8,2000,38
2340,9,2600,70
2340,10,3000,94
2340,11,3500,130
2340,12,4000,180
2340,13,4400,226
2340,14,4800,275
2340,15,5200,328
2340,16,5600,384
2340,17,6000,443
2341,1,950,1
2341,2,1000,1.8
2341,3,1100,4.4000001
2341,4,1200,7.6999998
2341,5,1400,16
2341,6,1900,38
2341,7,2300,57
2341,8,2600,72
2341,9,3000,97
2341,10,3500,132
2341,11,4000,180
2341,12,4400,226
2341,13,4800,275
2341,14,5200,328
2341,15,5600,384
2341,16,6000,443
2343,1,950,1
2343,2,1000,1.7
2343,3,1100,3.8
2343,4,1200,6.5
2343,5,1400,15
2343,6,1900,38
2343,7,2300,57
2343,8,2600,72
2343,9,3000,96
2343,10,3500,131
2343,11,4000,181
2343,12,4400,226
2343,13,4800,275
2343,14,5200,328
2343,15,5600,384
2343,16,6000,443
3170,1,20,0.094999999
3170,2,60,0.13
3170,3,100,0.205
3170,4,150,0.40000001
3170,5,200,0.76999998
3170,6,250,1.15
3170,7,300,1.65
3170,8,400,3.3499999
3170,9,600,7.6999998
3170,10,700,10.3
3170,11,850,14.8
3170,12,900,16.5
3170,13,1000,20
3170,14,1200,28.5
3170,15,1600,50
3170,16,1910,70
3170,17,2210,92.5
3170,18,2510,118
3170,19,2810,153
3170,20,3110,196
3170,21,3410,243
3170,22,3710,294
3171,1,20,0.094999999
3171,2,60,0.16
3171,3,100,0.27000001
3171,4,150,0.5
3171,5,200,0.81
3171,6,250,1.2
3171,7,300,1.8
3171,8,400,3.4000001
3171,9,600,7.6999998
3171,10,700,10.3
3171,11,850,14.8
3171,12,900,16.5
3171,13,1000,20
3171,14,1200,28.5
3171,15,1600,50
3171,16,1910,70
3171,17,2210,92.5
3171,18,2510,118
3171,19,2810,153
3171,20,3110,196
3171,21,3410,243
3171,22,3710,294
3172,1,20,0.039999999
3172,2,40,0.059999999
3172,3,60,0.094999999
3172,4,100,0.17
3172,5,150,0.36000001
3172,6,200,0.64999998
3172,7,250,1.05
3172,8,300,1.5
3172,9,350,2.25
3172,10,400,3
2360,1,80,0.059999999
2360,2,86,0.059999999
2360,3,120,0.16
2360,4,160,0.31999999
2360,5,200,0.51999998
2360,6,230,0.69999999
2360,7,280,1.1
2360,8,340,1.7
2360,9,400,2.3
2360,10,450,3
2360,11,600,5.4000001
2360,12,700,7.3000002
2360,13,800,10
2360,14,1200,28
2360,15,1600,50
2360,16,1800,62
2360,17,1910,70
2360,18,2210,92.5
2360,19,2510,118
2360,20,2810,153
2360,21,3110,196
2360,22,3410,243
2360,23,3710,294
3172,11,600,6.6999998
3172,12,700,9.3000002
3172,13,800,12.5
3172,14,1000,19.5
3172,15,1200,28
3172,16,1610,50
3172,17,1910,70
3172,18,2210,92.5
3172,19,2510,118
3172,20,2810,153
3172,21,3110,196
3172,22,3410,243
3172,23,3710,294
3173,1,80,0.090000004
3173,2,100,0.15000001
3173,3,120,0.23
3173,4,160,0.41
3173,5,200,0.64999998
3173,6,250,1.05
3173,7,300,1.6
3173,8,400,2.8
3173,9,600,6.1999998
3173,10,700,8.3999996
3173,11,800,11
3173,12,1000,19
3173,13,1200,28
3173,14,1600,50
3173,15,1800,62
3173,16,1910,70
3173,17,2210,92.5
3173,18,2510,118
3173,19,2810,153
3173,20,3110,196
3173,21,3410,243
3173,22,3710,294
3174,1,20,0.050000001
3174,2,40,0.07
3174,3,60,0.1
3174,4,80,0.14
3174,5,100,0.19
3174,6,150,0.38
3174,7,200,0.66000003
3174,8,250,1
3174,9,300,1.6
3174,10,400,3
3174,11,600,6.1999998
3174,12,700,8.3999996
3174,13,800,11
3174,14,1000,19
3174,15,1200,28
3174,16,1610,50
3174,17,1910,70
3174,18,2210,92.5
3174,19,2510,118
3174,20,2810,153
3174,21,3110,196
3174,22,3410,243
3174,23,3710,294
3175,1,20,0.050000001
3175,2,40,0.07
3175,3,60,0.1
3175,4,80,0.15000001
3175,5,100,0.2
3175,6,150,0.44
3175,7,200,0.69999999
3175,8,240,1
3175,9,300,1.7
3175,10,400,3
3175,11,600,6.1999998
3175,12,700,8.3999996
3175,13,800,11
3175,14,1000,19
3175,15,1200,28
3175,16,1600,50
3175,17,1910,70
3175,18,2210,92.5
3175,19,2510,118
3175,20,2810,153
3175,21,3110,196
3175,22,3410,243
3175,23,3710,294
3176,1,80,0.079999998
3176,2,100,0.12
3176,3,160,0.36000001
3176,4,200,0.60000002
3176,5,250,1
3176,6,300,1.5
3176,7,400,2.7
3176,8,600,6.0999999
3176,9,700,8.3999996
3176,10,800,11
2375,1,80,0.16
2375,2,90,0.20999999
2375,3,100,0.285
2375,4,120,0.46000001
2375,5,150,0.86000001
2375,6,180,1.45
2375,7,200,2
2375,8,250,3.5
2375,9,300,5.4000001
2375,10,400,10.4
2375,11,500,16
2375,12,600,22
2375,13,700,29
2375,14,800,37
2375,15,1000,54
2375,16,1100,64
2375,17,1200,74
2377,1,150,0.11
2377,2,200,0.30000001
2377,3,250,0.60000002
2377,4,300,1
2377,5,350,1.6
2377,6,400,2.3499999
2377,7,470,3.5999999
2377,8,510,4.5
2377,9,550,5.4499998
2377,10,650,9
2377,11,750,13
2377,12,950,21
2377,13,1250,34.5
2377,14,1500,52
2377,15,1750,72
2377,16,2100,100
2380,1,0,0.015
2380,2,10,0.025
2380,3,20,0.035
2380,4,30,0.050000001
2380,5,50,0.11
2380,6,60,0.15000001
2380,7,100,0.30000001
2380,8,130,0.5
2380,9,160,0.75
2380,10,190,1.1
2380,11,220,1.5
2380,12,250,1.9
2380,13,310,3.0999999
2380,14,380,5
2380,15,440,7
2380,16,500,9
2380,17,630,14
2380,18,1000,31
2411,1,350,0.25
2411,2,400,0.31999999
2411,3,420,0.38
2411,4,440,0.44999999
2411,5,470,0.66000003
2411,6,520,1.12
2411,7,570,1.63
2411,8,600,2
2411,9,650,2.7
2411,10,700,3.9000001
2411,11,790,6.8000002
2411,12,850,9.6000004
2411,13,1000,16.5
2411,14,1100,22
2411,15,1300,33
2411,16,1900,66
2412,1,950,1
2412,2,1000,2
2412,3,1100,5
2412,4,1900,39
2412,5,2300,57
2412,6,2600,72
2412,7,3000,96
2412,8,3500,132
2412,9,4000,178
2412,10,4500,238
2413,1,1000,2
2413,2,1100,4.1999998
2413,3,1200,7.1999998
2413,4,1400,14.2
2413,5,1800,32
2413,6,2200,52
2413,7,2600,72
2413,8,3000,94
2413,9,3500,130
2413,10,4000,178
2413,11,4500,238
2414,1,1050,1.9
2414,2,1100,2.6500001
2414,3,1150,3.8
2414,4,1200,5.3000002
2414,5,1250,6.8000002
2414,6,1300,8.5
2414,7,1400,12
2414,8,1500,17
2414,9,2600,72
2414,10,3000,94
2414,11,3500,130
2414,12,4000,178
2414,13,4500,238
2414,14,4700,262
2415,1,1100,4.1999998
2415,2,1200,7.1999998
2415,3,1400,14.2
2415,4,2200,50
2415,5,2600,70
2415,6,3000,92
2415,7,3300,110
2415,8,3600,134
2415,9,4000,178
2415,10,4500,238
2416,1,900,0.25
2416,2,950,1
2416,3,1000,2
2416,4,1100,5
2416,5,1900,39
3176,11,1000,19
3176,12,1200,28
3176,13,1610,50
3176,14,1910,70
3176,15,2210,92.5
3176,16,2510,118
3176,17,2810,153
3176,18,3110,196
3176,19,3410,243
2416,6,2300,57
2416,7,2600,72
2416,8,3000,96
2416,9,3500,132
2416,10,4000,176
2416,11,4200,203
2417,1,1000,0.25
2417,2,1050,1
2417,3,1100,2
2417,4,1180,4
2417,5,1240,6.0999999
2417,6,1500,16.5
2417,7,2400,57
2417,8,2900,82
2417,9,3100,95
2417,10,3500,123
2417,11,4100,192
2418,1,910,0.34999999
2418,2,940,0.80000001
2418,3,970,1.4
2418,4,1000,2.3
2418,5,1050,3.9000001
2418,6,1100,5.6999998
2418,7,1150,7.5999999
2418,8,1200,9.6000004
2418,9,1500,22.5
2418,10,2000,45
2418,11,2300,60
2418,12,2600,78
2418,13,3300,127
2418,14,4000,181
2418,15,4400,226
2418,16,4900,287
2418,17,5100,314
2419,1,850,1
2419,2,870,1.2
2419,3,910,1.8
2419,4,960,2.8
2419,5,1100,7
2419,6,1200,11
2419,7,1400,20
2419,8,1500,24.5
2419,9,1700,33.5
2419,10,2000,47
2419,11,2200,56
2419,12,2500,71
2419,13,2600,76
2419,14,2800,88
2419,15,3000,102
2419,16,3100,110
2419,17,3400,135
2419,18,4100,192
2419,19,4500,238
2419,20,4800,275
2419,21,5200,328
2420,1,900,2.8
2420,2,1000,5.8000002
2420,3,1100,8.8000002
2420,4,1200,11.8
2420,5,1300,14.8
2420,6,1500,20.799999
2420,7,1600,24
2420,8,1900,33.599998
2420,9,2100,40
2420,10,2300,46.400002
2420,11,2400,51
2420,12,2500,56
2420,13,2600,63
2420,14,2700,71
2420,15,3200,117
2420,16,3700,165
2420,17,4500,275
2421,1,1050,1.25
2421,2,1100,2
2421,3,1150,3.0999999
2421,4,1200,4.3000002
2421,5,1250,5.5999999
2421,6,1300,7
2421,7,1350,8.6000004
2421,8,1400,10.3
2421,9,1450,12.1
2421,10,1500,14
2421,11,1700,22
2421,12,2200,47
2421,13,2400,58
2421,14,2600,70
2421,15,3200,112
2421,16,3300,120
2421,17,3600,147
2421,18,3800,167
2421,19,4500,238
2422,1,900,1
2422,2,950,1.0599999
2422,3,1000,2.3
2422,4,1050,3.0999999
2422,5,1100,4
2422,6,1150,5.4000001
2422,7,1200,6.8000002
2422,8,1300,10.4
2422,9,1500,19
2422,10,2000,45
2422,11,2300,60
2422,12,2600,78
2422,13,3000,105
2422,14,3500,145
2422,15,4000,186
2422,16,4700,263
2422,17,5100,314
2423,1,1000,0.80000001
2423,2,1050,1.25
2423,3,1100,2
2423,4,1150,3.0999999
2423,5,1200,4.3000002
2423,6,1250,5.5999999
2423,7,1300,7
2423,8,1350,8.6000004
2423,9,1400,10.3
2423,10,1500,12.1
2423,11,1700,22
2423,12,2200,47
2423,13,2400,58
2423,14,2600,70
2423,15,3200,112
2423,16,3300,120
2423,17,3600,147
2423,18,3800,167
2423,19,3900,178
2423,20,4700,262
2423,21,5100,314
2424,1,990,2
2424,2,1010,2.4000001
2424,3,1070,3.9000001
2424,4,1160,6.5999999
2424,5,1200,8
2424,6,1600,24
2424,7,2000,42
2424,8,2400,62
2424,9,2600,73
2424,10,2900,91
2424,11,3000,98
2424,12,3200,112
2424,13,3300,120
2424,14,3600,147
2424,15,3800,167
2424,16,3900,178
2424,17,4400,226
2425,1,900,1
2425,2,970,1.7
2425,3,990,2
2425,4,1010,2.4000001
2425,5,1070,3.9000001
2425,6,1160,6.5999999
2425,7,1200,8
2425,8,1300,12
2425,9,1400,16
2425,10,1500,20
2425,11,1600,24.5
2425,12,1700,29
2425,13,1800,33.5
2425,14,1900,38.5
2425,15,2000,43.5
2425,16,2100,48.5
2425,17,2200,54
2425,18,2300,59.5
2425,19,2400,65.5
2425,20,2500,71.5
2425,21,2600,78
2425,22,2700,84.5
2425,23,2800,91.5
2425,24,2900,98.5
2425,25,3000,106
2425,26,3100,114
2425,27,3200,122
2425,28,3300,130
2425,29,3400,138
2425,30,3500,146
2425,31,3600,155
2425,32,3700,164
2425,33,3800,173
2425,34,3900,182
2425,35,4000,189
2425,36,4100,197
2425,37,4500,238
2425,38,5000,301
2426,1,900,1.2
2426,2,950,1.95
2426,3,960,2.1099999
2426,4,980,2.45
2426,5,990,2.6500001
2426,6,1000,2.9000001
2426,7,1050,4.3000002
2426,8,1230,9.6999998
2426,9,1400,16.5
2426,10,1600,24.5
2426,11,1700,28.5
2426,12,1800,33.5
2426,13,1900,38.5
2426,14,2000,43.5
2426,15,2100,48.5
2426,16,2200,54
2426,17,2300,59.5
2426,18,2400,65.5
2426,19,2500,71.5
2426,20,2600,78
2426,21,2700,84.5
2426,22,2800,91.5
2426,23,2900,98.5
2426,24,3000,106
2426,25,3100,114
2426,26,3200,122
2426,27,3300,130
2426,28,3400,138
2426,29,3500,146
2426,30,3600,155
2426,31,3700,164
2426,32,3800,173
2426,33,3900,182
2426,34,4000,190
2426,35,4100,197
2426,36,4200,207
2426,37,4500,238
2426,38,5000,301
2427,1,900,1
2427,2,970,1.7
2427,3,990,2
2427,4,1010,2.4000001
2427,5,1070,3.9000001
2427,6,1160,6.5999999
2427,7,1200,8
2427,8,1300,12
2427,9,1400,16
2427,10,1500,20
2427,11,1600,24.5
2427,12,1700,29
2427,13,1800,33.5
2427,14,1900,38.5
2427,15,2000,43.5
2427,16,2100,48.5
2427,17,2200,54
2427,18,2300,59.5
2427,19,2400,65.5
2427,20,2500,71.5
2427,21,2600,78
2427,22,2700,84.5
2427,23,2800,91.5
2427,24,2900,98.5
2427,25,3000,106
2427,26,3100,114
2427,27,3200,122
2427,28,3300,130
2427,29,3400,138
2427,30,3500,146
2427,31,3600,155
2427,32,3700,164
2427,33,3800,173
2427,34,3900,182
2427,35,4000,190
2427,36,4100,198
2427,37,4200,206
2427,38,4500,238
2427,39,5000,301
2428,1,900,1
2428,2,1000,2
2428,3,1200,7
2428,4,1300,10
2428,5,1600,22
2428,6,2200,53
2428,7,2500,70
2428,8,3000,105
2428,9,3100,113
2428,10,3400,140
2428,11,3800,180
2428,12,4900,288
2429,1,900,1
2429,2,1000,2
2429,3,1200,7
2429,4,1300,10
2429,5,1600,22
2429,6,2200,52
2429,7,2500,70
2429,8,3100,112
2429,9,3300,128
2429,10,3900,182
2429,11,4900,288
2432,1,200,0.40000001
2432,2,300,1
2432,3,400,2
2432,4,500,3.5
2432,5,600,5.6999998
2432,6,700,8.5
2432,7,800,12.5
2432,8,1000,22.5
2432,9,1300,40.5
2432,10,1600,61.5
2432,11,1900,87
2432,12,2100,107
2432,13,2400,142
2432,14,2600,168
2432,15,2800,200
2432,16,3000,235
2434,1,-100,0.059999999
2434,2,-80,0.1
2434,3,-50,0.19
2434,4,100,0.75999999
2434,5,300,2.6900001
2434,6,400,3.7
2434,7,500,5.4000001
2434,8,600,7.5
2434,9,800,14
2434,10,1000,23
2434,11,1300,41
2434,12,1600,65
2434,13,2000,102
2434,14,2200,125
2434,15,2600,180
2434,16,3000,240
2435,1,-150,0.37
2435,2,0,0.81999999
2435,3,200,2.8
2435,4,400,6.1999998
2435,5,600,12.2
2435,6,1000,28.200001
2435,7,1300,45
2435,8,1600,66
2435,9,2000,102
2435,10,2200,125
2435,11,2600,180
2435,12,3000,240
2436,1,200,0.15000001
2436,2,300,0.25
2436,3,400,0.40000001
2436,4,600,0.80000001
2436,5,800,3.4000001
2436,6,1000,10.2
2436,7,1300,24
2436,8,1600,42
2436,9,1900,66
2436,10,2200,96
2436,11,2500,132
2436,12,2800,175
2436,13,3200,240
2437,1,300,0.40000001
2437,2,400,0.80000001
2437,3,500,1.6
2437,4,600,2.7
2437,5,800,6.9000001
2437,6,1000,13
2437,7,1200,22
2437,8,1500,40
2437,9,1800,65
2437,10,2200,100
2437,11,2400,125
2437,12,2600,150
2437,13,2800,180
2437,14,3200,240
2438,1,150,0.15000001
2438,2,200,0.30000001
2438,3,300,0.80000001
2438,4,400,1.5
2438,5,500,2.7
2438,6,600,4.4000001
2438,7,800,9.8000002
2438,8,1000,17
2438,9,1200,26
2438,10,1500,44
2438,11,1800,65
2438,12,2000,80
2438,13,2200,100
2438,14,2400,125
2438,15,2600,150
2438,16,2800,180
2438,17,3200,240
2439,1,600,0.2
2439,2,650,0.40000001
2439,3,700,0.69999999
2439,4,800,1.8
2439,5,900,3.5999999
2439,6,1100,8.8000002
2439,7,1200,12.4
2439,8,1400,22
2439,9,1800,48
2439,10,2000,61
2439,11,2200,75
2439,12,2400,90
2439,13,2600,106
2439,14,3000,140
2439,15,3600,245
2440,1,600,0.25
2440,2,650,0.44999999
2440,3,700,0.80000001
2440,4,800,2.4000001
2440,5,900,4.4000001
2440,6,1100,10
2440,7,1400,22
2440,8,1800,48
2440,9,2000,61
2440,10,2200,75
2440,11,2400,90
2440,12,2600,106
2440,13,3000,140
2440,14,3600,245
2441,1,600,0.17
2441,2,650,0.25999999
2441,3,670,0.38
2441,4,680,0.46000001
2441,5,700,0.69
2441,6,800,2.2
2441,7,900,4.1999998
2441,8,1100,10
2441,9,1400,22
2441,10,1800,48
2441,11,2000,61
2441,12,2200,75
2441,13,2400,90
2441,14,2600,106
2441,15,3000,140
2441,16,3600,245
2442,1,600,0.23
2442,2,630,0.28999999
2442,3,650,0.38
2442,4,680,0.66000003
2442,5,700,0.89999998
2442,6,750,1.55
2442,7,800,2.5999999
2442,8,900,4.8000002
2442,9,1100,11.5
2442,10,1400,22
2442,11,1800,48
2442,12,2000,61
2442,13,2200,75
2442,14,2400,90
2442,15,2600,106
2442,16,3000,140
2442,17,3600,245
2445,1,600,0.23
2445,2,630,0.28999999
2445,3,650,0.38
2445,4,680,0.66000003
2445,5,700,0.89999998
2445,6,750,1.55
2445,7,800,2.5999999
2445,8,900,4.8000002
2445,9,1100,11.5
2445,10,1400,22
2445,11,1800,48
2445,12,2000,64
2445,13,2200,84
2445,14,2400,110
2445,15,2600,144
2445,16,2800,186
2446,1,600,0.17
2446,2,650,0.25999999
2446,3,670,0.38
2446,4,680,0.46000001
2446,5,700,0.69
2446,6,800,2.2
2446,7,900,4.1999998
2446,8,1100,10
2446,9,1400,22
2446,10,1800,48
2446,11,2000,64
2446,12,2200,84
2446,13,2400,110
2446,14,2600,144
2446,15,2800,186
2447,1,600,0.25
2447,2,650,0.44999999
2447,3,700,0.80000001
2447,4,800,2.4000001
2447,5,900,4.4000001
2447,6,1100,10
2447,7,1400,22
2447,8,1800,48
2447,9,2000,64
2447,10,2200,84
2862,1,600,0.23
2862,2,630,0.28999999
2862,3,650,0.40000001
2862,4,680,0.69999999
2862,5,700,1
2862,6,750,1.85
2862,7,800,2.9000001
2862,8,900,5.3000002
2862,9,1100,11.5
2862,10,1400,24
2862,11,1800,48
2862,12,2000,61
2862,13,2200,75
2862,14,2400,90
2862,15,2600,106
2912,1,600,0.037999999
2912,2,609,0.079000004
2912,3,618,0.133
2912,4,635,0.26100001
2912,5,652,0.42199999
2447,11,2400,110
2447,12,2600,144
2447,13,2800,186
2448,1,600,0.2
2448,2,650,0.40000001
2448,3,700,0.69999999
2448,4,800,1.8
2448,5,900,3.5999999
2448,6,1100,8.8000002
2448,7,1200,12.4
2448,8,1400,21.6
2448,9,1800,48
2448,10,2000,64
2448,11,2200,84
2448,12,2400,110
2448,13,2600,144
2448,14,2800,186
2448,15,3000,238
2449,1,150,0.15000001
2449,2,200,0.30000001
2449,3,300,0.80000001
2449,4,400,1.5
2449,5,500,2.7
2449,6,600,4.4000001
2449,7,800,9.8000002
2449,8,1000,17
2449,9,1200,26
2449,10,1500,44
2449,11,1800,68
2449,12,2000,86
2449,13,2200,110
2449,14,2400,140
2449,15,2600,180
2450,1,300,0.40000001
2450,2,400,0.80000001
2450,3,500,1.6
2450,4,600,2.7
2450,5,800,6.9000001
2450,6,1000,13.1
2450,7,1200,21.700001
2450,8,1500,37
2450,9,1800,58
2450,10,2200,96
2450,11,2400,124
2450,12,2600,160
2451,1,200,0.15000001
2451,2,300,0.25
2451,3,400,0.40000001
2451,4,600,0.80000001
2451,5,800,3.4000001
2451,6,1000,10.2
2451,7,1300,24
2451,8,1600,42
2451,9,1900,66
2451,10,2200,96
2451,11,2500,132
2452,1,-150,0.37
2452,2,0,0.81999999
2452,3,200,2.8
2452,4,400,6.1999998
2452,5,600,12.2
2452,6,1000,28.200001
2452,7,1300,45
2452,8,1600,66
2452,9,2000,102
2452,10,2200,126
2453,1,-100,0.059999999
2453,2,-80,0.1
2453,3,-50,0.19
2453,4,100,0.75999999
2453,5,300,2.6900001
2453,6,400,3.7
2453,7,500,5.4000001
2453,8,600,7.5
2453,9,1000,22.5
2453,10,1300,40.5
2453,11,1600,61.5
2453,12,1900,87
2453,13,2100,107
2453,14,2300,131
2454,1,410,0.02
2454,2,430,0.050000001
2454,3,450,0.1
2454,4,500,0.34999999
2454,5,600,1.45
2454,6,700,2.9000001
2454,7,800,4.9000001
2454,8,1000,10.5
2454,9,1300,24
2454,10,1600,42
2454,11,1900,66
2454,12,2200,96
2454,13,2500,132
2455,1,200,0.40000001
2455,2,300,1
2455,3,400,2
2455,4,500,3.5
2455,5,600,5.6999998
2455,6,700,8.5
2455,7,800,12.5
2455,8,1000,22.5
2455,9,1300,40.5
2455,10,1600,61.5
2455,11,1900,87
2455,12,2100,107
2456,1,410,0.02
2456,2,430,0.050000001
2456,3,450,0.1
2456,4,500,0.34999999
2456,5,600,1.45
2456,6,700,2.9000001
2456,7,800,4.9000001
2456,8,1000,10.5
2456,9,1300,24
2456,10,1600,42
2456,11,1900,66
2456,12,2200,96
2456,13,2500,132
2456,14,2800,175
2456,15,3200,240
2458,1,150,0.015
2458,2,200,0.035
2458,3,210,0.050000001
2458,4,220,0.064999998
2458,5,230,0.090000004
2458,6,240,0.12
2458,7,250,0.15000001
2458,8,260,0.185
2458,9,270,0.23
2458,10,280,0.28
2458,11,300,0.38999999
2458,12,320,0.5
2458,13,350,0.76999998
2458,14,370,1
2458,15,400,1.45
2458,16,500,3
2458,17,600,4.9000001
2458,18,901,10.8
2458,19,1300,19
2461,1,-30,0.0089999996
2461,2,-13,0.023
2461,3,4,0.045000002
2461,4,21,0.075999998
2461,5,37,0.114
2461,6,54,0.164
2461,7,70,0.221
2461,8,103,0.373
2461,9,136,0.57200003
2461,10,169,0.82200003
2461,11,202,1.13
2461,12,235,1.49
2461,13,302,2.4100001
2461,14,368,3.5799999
2461,15,434,5.0300002
2461,16,500,6.77
2470,1,0,0
2470,2,100,0.055
2470,3,150,0.12
2470,4,180,0.2
2470,5,200,0.25999999
2470,6,250,0.41999999
2470,7,300,0.61000001
2470,8,400,1.05
2470,9,600,2.25
2470,10,800,3.75
2470,11,1000,5.5
2470,12,1500,9.8000002
2470,13,2000,15
2470,14,2500,21.200001
2470,15,2600,22.5
2472,1,-50,0.07
2472,2,-20,0.19
2472,3,0,0.28
2472,4,50,0.54000002
2472,5,100,0.95999998
2472,6,400,4.0999999
2472,7,800,8.1999998
2472,8,1500,15.8
2472,9,1900,20.700001
2472,10,2100,24
2472,11,2300,28
2472,12,2500,37
2472,13,2650,47.900002
2472,14,2800,65
2472,15,3100,115
2472,16,3400,165
2476,1,60,0.0040000002
2476,2,80,0.0099999998
2476,3,90,0.015
2476,4,110,0.029999999
2476,5,120,0.039999999
2476,6,150,0.07
2476,7,160,0.085000001
2476,8,170,0.105
2476,9,190,0.15000001
2476,10,220,0.22
2476,11,260,0.34999999
2476,12,300,0.52999997
2476,13,350,0.77999997
2476,14,400,1.1
2476,15,440,1.45
2476,16,490,1.9
2476,17,530,2.4000001
2476,18,620,3.5999999
2476,19,710,5
2476,20,800,6.5
2476,21,1300,15.5
2481,1,140,0.236
2481,2,150,0.248
2481,3,180,0.30000001
2481,4,200,0.36000001
2481,5,250,0.63999999
2481,6,300,0.97000003
2481,7,400,1.8
2481,8,700,5.4000001
2481,9,1000,9
2481,10,1200,11.2
2481,11,1500,13.8
2481,12,1600,14.8
2481,13,1650,15.5
2481,14,1700,17
2481,15,1800,25.5
2481,16,1900,38
2481,17,2000,55
2481,18,2070,70
2485,1,200,0.085000001
2485,2,210,0.090000004
2485,3,220,0.1
2485,4,240,0.13
2485,5,260,0.17
2485,6,270,0.19499999
2485,7,280,0.22499999
2485,8,300,0.31999999
2485,9,320,0.44
2485,10,350,0.66000003
2485,11,370,0.85000002
3610,1,200,0.193
3610,2,224,0.27900001
3610,3,256,0.46900001
3610,4,294,0.78500003
3610,5,338,1.45
3610,6,419,2.95
3610,7,454,3.7
3612,11,502,3.6500001
3612,12,599,5.5500002
2485,12,400,1.2
2485,13,440,1.7
2485,14,500,2.5
2485,15,600,4.1999998
2485,16,900,10.5
2490,1,150,0.17
2490,2,170,0.19
2490,3,200,0.23
2490,4,230,0.31
2490,5,300,0.68000001
2490,6,350,1
2490,7,400,1.4299999
2490,8,450,2
2490,9,500,2.7
2490,10,600,4.4000001
2490,11,800,8.6000004
2490,12,1000,13.6
2490,13,1500,28
2496,1,400,0.12
2496,2,450,0.31
2496,3,470,0.43000001
2496,4,490,0.57999998
2496,5,530,0.94
2496,6,570,1.35
2496,7,620,1.9
2496,8,660,2.5
2496,9,750,4
2496,10,840,5.9000001
2496,11,1000,10
2496,12,1100,13.4
2496,13,1280,21
2496,14,1450,30
2496,15,1620,40
2496,16,1800,52
2497,1,300,0.14
2497,2,450,0.93000001
2497,3,500,1.4
2497,4,600,2.5999999
2497,5,700,4
2497,6,750,4.8000002
2497,7,850,6.5
2497,8,1000,10
2497,9,1100,13.4
2497,10,1280,21
2497,11,1450,30
2497,12,1620,40
2497,13,1800,52
2499,1,350,0.22
2499,2,400,0.52999997
2499,3,500,1.4
2499,4,800,5.3000002
2499,5,1100,9
2499,6,1400,12.2
2499,7,2500,25
2501,1,-100,0
2501,2,-60,0.1
2501,3,-40,0.18000001
2501,4,-20,0.31
2501,5,0,0.44999999
2501,6,50,0.76999998
2501,7,100,1.35
2501,8,150,1.9
2501,9,400,4.0999999
2501,10,800,8.1999998
2501,11,1500,15.8
2501,12,1900,20.700001
2501,13,2100,24
2501,14,2300,28
2501,15,2500,37
2501,16,2650,47.900002
2501,17,2800,65
2501,18,3100,115
2501,19,3400,165
2814,1,150,0.13500001
2814,2,170,0.16
2814,3,200,0.2
2814,4,230,0.27000001
2814,5,300,0.57499999
2814,6,350,0.935
2814,7,400,1.3
2814,8,450,1.7
2814,9,500,2.2
3176,20,3710,294
3177,1,60,0.029999999
3177,2,80,0.059999999
3177,3,120,0.16
3177,4,160,0.31999999
3177,5,200,0.51999998
3177,6,230,0.69999999
3177,7,280,1.1
3177,8,340,1.7
3177,9,400,2.3
3177,10,450,3
3177,11,600,5.4000001
3177,12,700,7.3000002
3177,13,800,10
3177,14,1200,28
3177,15,1600,50
3177,16,1800,62
3177,17,1910,70
3177,18,2210,92.5
3542,8,250,0.28999999
3542,9,280,0.43000001
3542,10,310,0.63999999
3542,11,350,0.95999998
3542,12,390,1.36
3542,13,450,2.1400001
3542,14,490,2.74
3542,15,500,2.9000001
3542,16,550,3.8
3542,17,607,5.04
2508,1,300,0
2508,2,320,0.035
2508,3,352,0.14399999
2508,4,400,0.31
2508,5,450,0.55000001
2508,6,500,0.89999998
2508,7,550,1.3
2508,8,600,1.8
2508,9,700,3
2508,10,850,5
2508,11,1050,8
2508,12,1250,11.3
2508,13,1450,15
2508,14,1800,22
2508,15,2000,26
2511,1,-1,0.347
2511,2,100,0.89999998
2511,3,200,1.5
2511,4,250,1.9
2511,5,300,2.4000001
2511,6,350,3
2512,1,-98,0.081
2512,2,-49,0.24600001
2512,3,0,0.51200002
2512,4,49,0.87199998
2512,5,101,1.24
2512,6,201,2.1600001
2512,7,301,3.27
2512,8,401,4.4899998
2512,9,500,5.8600001
2512,10,600,7.29
2512,11,700,8.8000002
2518,1,200,4
2518,2,270,6
2518,3,600,18
2518,4,1000,36.700001
2518,5,1300,53
2518,6,1600,71
2518,7,2000,95
2518,8,2400,120
2518,9,2800,147
2522,1,-100,0
2522,2,-60,0.1
2522,3,-40,0.18000001
2522,4,-20,0.31
2522,5,0,0.44999999
2522,6,50,0.76999998
2522,7,100,1.24
2522,8,200,1.9
2522,9,400,3.3
2522,10,800,6.5
2522,11,1500,12
2522,12,2000,16.5
2522,13,2100,20
2522,14,2300,28
2522,15,2500,37
2522,16,2650,48
2522,17,2800,65
2522,18,3100,115
2522,19,3400,165
2523,1,-100,0.30000001
2523,2,0,0.43000001
2523,3,100,0.66000003
2523,4,200,1
2523,5,400,2.1500001
2523,6,800,5.5
2523,7,1500,12
2523,8,2000,16.5
2523,9,2100,20
2523,10,2300,28
2523,11,2500,37
2523,12,2650,48
2523,13,2800,65
2523,14,3100,115
2523,15,3400,165
2832,1,100,0.28
2832,2,120,0.50999999
2832,3,150,0.99000001
2832,4,200,2
2832,5,300,4.3000002
2832,6,500,9.5
2832,7,900,22
2832,8,1300,35
2847,1,100,0.255
2847,2,150,0.375
2847,3,200,0.75999999
2847,4,250,1.2
2847,5,300,1.9
2847,6,400,4.0999999
2847,7,500,6.8000002
2847,8,600,10
2847,9,700,14
2847,10,900,24
2847,11,1000,29
2847,12,1400,54
2894,1,200,0.23
2894,2,240,0.28999999
2894,3,300,0.43000001
2894,4,320,0.49000001
2894,5,350,0.62
2894,6,400,1
2894,7,450,1.4
2894,8,500,1.9
2894,9,550,2.5
2894,10,600,3.3
2894,11,700,5.1999998
2894,12,800,7.4000001
2894,13,900,9.8000002
2894,14,1000,12.5
2894,15,1200,18
3214,16,800,9.6000004
3214,17,1000,15.8
3214,18,1200,22.700001
3214,19,1400,30
2540,1,920,0.064999998
2540,2,950,0.13
2540,3,980,0.20999999
2540,4,1000,0.31999999
2540,5,1020,0.51999998
2540,6,1050,0.87
2540,7,1071,1.2
2540,8,1100,1.85
2540,9,1150,3.2
2540,10,1250,6.4000001
2540,11,1400,13
2540,12,1500,18
2540,13,1600,24
2540,14,1700,31
2540,15,2000,56
2540,16,2400,98
2540,17,2800,150
2540,18,3200,210
2540,19,3300,225
2540,20,3500,255
2549,1,-100,0
2549,2,-60,0.1
2549,3,-40,0.18000001
2549,4,-20,0.31
2549,5,0,0.44999999
2549,6,50,0.76999998
2549,7,100,1.24
2549,8,200,1.9
2549,9,400,3.3
2549,10,800,6.5
2549,11,1500,12
2549,12,2000,16.5
2549,13,2100,20
2549,14,2300,28
2549,15,2500,37
2549,16,2650,48
2549,17,2800,65
2549,18,3100,115
2549,19,3400,165
2552,1,70,0.11
2552,2,100,0.2
2552,3,120,0.27000001
2552,4,150,0.41
2552,5,200,0.67000002
2552,6,250,1
2554,1,60,0.059999999
2554,2,100,0.11
2554,3,150,0.2
2554,4,200,0.31999999
2554,5,250,0.56
2554,6,300,0.92000002
2554,7,350,1.45
2554,8,450,2.9000001
2554,9,600,5.5
2554,10,700,7.5
2554,11,800,9.8000002
2554,12,900,12.7
2554,13,1200,22
2554,14,1400,29
2554,15,2000,50
2557,1,80,0.039999999
2557,2,110,0.055
2557,3,130,0.075000003
2557,4,150,0.11
2557,5,180,0.19
2557,6,230,0.33000001
2557,7,280,0.5
2557,8,330,0.73000002
2557,9,400,1.15
2557,10,500,1.85
2557,11,600,2.7
2557,12,800,4.5999999
2557,13,1000,6.8000002
2557,14,1200,9
2557,15,1500,13
2559,1,80,0.16
2559,2,90,0.20999999
2559,3,100,0.285
2559,4,120,0.46000001
2559,5,150,0.94
2559,6,180,1.6
2559,7,200,2.2
2559,8,250,4.0500002
2559,9,300,6.3000002
2559,10,400,11.9
2559,11,500,17.6
2559,12,600,23.700001
2559,13,700,30.5
2559,14,800,39
2559,15,1000,56
2559,16,1100,65
2559,17,1200,75
2559,18,1800,135
2703,1,60,0.059999999
2703,2,100,0.090000004
2703,3,150,0.16
2703,4,170,0.20999999
2703,5,200,0.30000001
2703,6,250,0.50999999
2703,7,300,0.79000002
2703,8,350,1.2
2703,9,400,1.75
2703,10,450,2.5
2703,11,600,5.4000001
2703,12,700,7.5
2703,13,800,9.8000002
2703,14,900,12.7
2703,15,1200,22
2705,1,920,0.064999998
2705,2,950,0.13
2705,3,980,0.20999999
2705,4,1000,0.31999999
2705,5,1020,0.51999998
2705,6,1050,0.87
2705,7,1070,1.2
2705,8,1100,1.85
2705,9,1150,3.2
2705,10,1200,4.8000002
2705,11,1250,6.8000002
2705,12,1400,13.5
2705,13,1500,18.6
2705,14,1600,24.299999
2705,15,1700,31.5
2705,16,2000,57
2573,1,370,0.15000001
2573,2,400,0.23999999
2573,3,420,0.34999999
2573,4,440,0.47999999
2573,5,470,0.70999998
2573,6,520,1.3
2573,7,570,1.9
2573,8,600,2.3
2573,9,650,3.1500001
2573,10,700,4.4000001
2573,11,790,7
2573,12,862,9.3000002
2573,13,1041,15.8
2573,14,1170,21.6
2573,15,1354,32
2573,16,1900,66
2577,1,120,0.061999999
2577,2,160,0.152
2577,3,200,0.30000001
2577,4,250,0.54000002
2577,5,300,0.87
2577,6,350,1.4
2577,7,400,2.1500001
2577,8,470,3.3
2577,9,510,4.0999999
2577,10,550,5
2577,11,650,7.8000002
2577,12,750,11
2577,13,1000,20.6
2577,14,1250,33.5
2577,15,1500,51
2577,16,1750,71
2577,17,2100,100
2672,1,0,0.035
2672,2,50,0.055
2672,3,80,0.079999998
2672,4,100,0.1
2672,5,150,0.175
2672,6,180,0.23
2672,7,200,0.28
2672,8,250,0.44999999
2672,9,300,0.64999998
2672,10,400,1.1
2672,11,600,2.3
2672,12,800,3.8
2672,13,1000,5.5
2672,14,1500,10
2672,15,2000,15
2718,1,120,0.18000001
2718,2,150,0.22
2718,3,180,0.30000001
2718,4,200,0.38999999
2718,5,250,0.66000003
2718,6,300,1
2718,7,400,2
2718,8,700,5.4000001
2718,9,1000,8
2718,10,1200,9.6000004
2718,11,1500,12
2718,12,1600,13.2
2718,13,1650,14.7
2718,14,1700,17
2718,15,1800,25.5
2718,16,1900,38
2724,1,0,0.02
2724,2,50,0.039999999
2724,3,80,0.059999999
2724,4,100,0.085000001
2724,5,150,0.15000001
2724,6,180,0.2
2724,7,200,0.25
2724,8,250,0.40000001
2724,9,300,0.61000001
2724,10,400,1.05
2724,11,600,2.25
2724,12,800,3.75
2724,13,1000,5.5
2770,1,370,0.13
2770,2,400,0.25
2770,3,420,0.38999999
2770,4,440,0.54000002
2770,5,470,0.76999998
2770,6,520,1.2
2770,7,570,1.8
3177,19,2510,118
3177,20,2810,153
3177,21,3110,196
3177,22,3410,243
3177,23,3710,294
3178,1,0,0.090000004
3178,2,20,0.15000001
3178,3,60,0.31
3178,4,100,0.55000001
3178,5,150,1
3178,6,200,1.6
3178,7,300,3.0999999
3178,8,400,4.8000002
3214,20,1600,37.5
3215,1,150,0.23
3215,2,190,0.28
3215,3,210,0.33000001
3215,4,250,0.47
3215,5,300,0.77999997
3215,6,340,1.2
2590,1,180,0.017000001
2590,2,190,0.025
2590,3,200,0.035
2590,4,210,0.048
2590,5,220,0.064000003
2590,6,240,0.11
2590,7,260,0.19
2590,8,280,0.28999999
2590,9,300,0.41
2590,10,320,0.54000002
2590,11,350,0.75999999
2590,12,400,1.2
2590,13,450,1.7
2590,14,500,2.3
2590,15,600,3.7
2590,16,700,5.4000001
2590,17,900,9
2590,18,1100,12.6
2593,1,60,0.0080000004
2593,2,80,0.014
2593,3,100,0.022
2593,4,120,0.032000002
2593,5,140,0.044
2593,6,150,0.054000001
2593,7,160,0.068000004
2593,8,170,0.083999999
2593,9,190,0.12
2593,10,220,0.22
2593,11,260,0.38999999
2593,12,300,0.56
2593,13,350,0.82999998
2593,14,400,1.2
2593,15,440,1.55
2593,16,490,2.05
2593,17,530,2.5
2593,18,620,3.5999999
2593,19,710,5
2593,20,800,6.5
2593,21,1300,15.5
2597,1,250,0.13
2597,2,260,0.2
2597,3,280,0.37
2597,4,300,0.62
2597,5,320,0.88999999
2597,6,350,1.25
2597,7,380,1.7
2597,8,400,2
2597,9,450,2.9000001
2597,10,550,5.3000002
2597,11,650,8.1000004
2597,12,750,11.7
2597,13,850,15.8
2597,14,1100,28
2597,15,1400,45.5
2597,16,1800,73
2600,1,150,0.035
2600,2,200,0.47
2707,1,170,0.0099999998
2707,2,180,0.017000001
2707,3,190,0.027000001
2707,4,200,0.041999999
2707,5,210,0.057999998
2707,6,220,0.078000002
2707,7,240,0.125
2707,8,260,0.19
2707,9,280,0.31999999
2600,3,250,1.35
2600,4,290,2.3
2600,5,320,3.2
2600,6,350,4.1999998
2600,7,390,5.6999998
2600,8,450,8.3999996
2600,9,500,11.2
2600,10,550,14.4
2600,11,600,18.4
2600,12,700,26.6
2600,13,900,44
2608,1,600,0.25
2608,2,690,0.69999999
2608,3,760,1.12
2608,4,850,1.75
2608,5,900,2.1500001
2608,6,1000,3.05
2610,1,-181,0
2610,2,-172,0.035
2610,3,-163,0.083999999
2610,4,-146,0.191
2610,5,-112,0.44299999
2610,6,-44,1.04
2610,7,92,2.4400001
2610,8,365,5.7800002
2610,9,910,13.6
2610,10,2000,32.200001
2612,1,300,0.30000001
2612,2,400,0.5
2612,3,500,0.80000001
2612,4,600,1.2
2612,5,700,1.7
2612,6,800,2.3
2612,7,900,3
2612,8,1100,5
2645,1,120,0.12
2645,2,150,0.2
2645,3,170,0.25
2645,4,195,0.31
2645,5,220,0.37
2645,6,230,0.40000001
2645,7,240,0.44999999
2645,8,250,0.5
2733,1,60,0.017999999
2733,2,80,0.025
2733,3,100,0.035
2733,4,120,0.046
2733,5,140,0.059999999
2733,6,150,0.068000004
2733,7,160,0.077
2733,8,170,0.090000004
2733,9,180,0.103
2733,10,190,0.12
2733,11,220,0.2
2733,12,260,0.36000001
2733,13,300,0.56999999
2733,14,350,0.88
2733,15,400,1.25
2733,16,450,1.7
2733,17,500,2.2
2733,18,550,2.8
2733,19,600,3.5
2625,1,80,0.039999999
2625,2,110,0.055
2625,3,130,0.075000003
2625,4,150,0.1
2625,5,180,0.16
2625,6,230,0.26499999
2625,7,270,0.37
2625,8,300,0.5
2625,9,350,0.75
2625,10,400,1.1
2625,11,500,1.9
2625,12,600,2.8
2625,13,800,4.6999998
2625,14,1000,6.8000002
2625,15,1200,9
2625,16,1500,13
2631,1,350,0.36000001
2631,2,400,0.55000001
2631,3,450,0.88
2631,4,500,1.25
2631,5,550,1.75
2631,6,600,2.3
2631,7,650,3
2631,8,700,3.9000001
2631,9,800,6.3000002
2631,10,900,9.5
2631,11,1000,12.8
2631,12,1100,16.1
2631,13,1200,19.5
2631,14,1300,22.5
2631,15,2000,42
2631,16,3000,71
2631,17,4000,100
2657,1,350,0.40000001
2657,2,400,0.60000002
2657,3,450,0.89999998
2657,4,500,1.4
2696,1,100,0.039999999
2696,2,150,0.064999998
2696,3,180,0.085000001
2696,4,200,0.11
2696,5,220,0.15000001
2696,6,270,0.31
2696,7,300,0.44999999
2696,8,350,0.75
2636,1,-100,0.11
2636,2,-60,0.17
2636,3,-40,0.23
2636,4,-20,0.31
2636,5,0,0.40000001
2636,6,20,0.5
2636,7,50,0.76999998
2636,8,100,1.35
2636,9,150,2
2636,10,200,2.45
2636,11,300,3.3499999
2636,12,400,4.3000002
2636,13,800,8.1000004
2636,14,1500,13.6
2636,15,2000,18
2636,16,2100,20
2636,17,2300,28
2636,18,2500,37
2636,19,2650,48
2636,20,2800,65
2636,21,3100,115
2636,22,3400,165
2640,1,950,1
2640,2,1000,2
2640,3,1060,3.5999999
2640,4,1130,5.8000002
2640,5,1900,40
2640,6,2100,50
2640,7,2700,85
2640,8,3200,116
2640,9,3600,145
2640,10,4000,180
2640,11,4400,226
2640,12,4800,275
2640,13,5200,328
2640,14,5600,381
2640,15,6000,443
2657,5,550,2
2657,6,600,2.7
2657,7,650,3.5
2645,9,270,0.60000002
2645,10,290,0.67500001
2645,11,310,0.72000003
2645,12,330,0.75
2645,13,350,0.76999998
2645,14,400,0.80000001
2649,11,1750,55
2649,12,2100,72
2654,1,450,0.2
2654,2,480,0.37
2654,3,510,0.58999997
2654,4,600,1.55
2654,5,700,3
2654,6,750,4
2654,7,849,6.3000002
2654,8,1000,10.5
2654,9,1400,23
2654,10,2000,41
2654,11,3000,70
2657,8,700,4.4000001
2657,9,800,6.8000002
2657,10,900,9.8999996
2657,11,1000,13
2657,12,1100,16.299999
2657,13,1200,19.5
2657,14,1300,22.5
2657,15,2000,42
2657,16,3000,71
2657,17,4000,100
2669,5,650,1.4
2669,6,700,1.9
2669,7,750,2.55
2669,8,800,3.25
2669,9,900,5.5999999
2669,10,1000,8.6000004
2669,11,1200,14.7
2669,12,1400,21
2669,13,2000,40
2669,14,3000,70
2672,16,2500,21.200001
2672,17,2600,22.5
2673,1,0,0.02
2673,2,50,0.039999999
2673,3,80,0.059999999
2673,4,100,0.085000001
2673,5,150,0.15000001
2673,6,180,0.2
2673,7,200,0.25
2673,8,250,0.40000001
2673,9,300,0.61000001
2673,10,400,1.05
2673,11,600,2.25
2673,12,800,3.75
2673,13,1000,5.5
2673,14,1500,9.8000002
2673,15,2000,15
2673,16,2500,21.200001
2673,17,2600,22.5
2681,1,500,0.5
2681,2,600,0.85000002
2681,3,720,1.65
2681,4,900,3
2683,1,-100,0.12
2683,2,-50,0.25
2683,3,0,0.5
2683,4,50,0.89999998
2683,5,100,1.4
2683,6,150,2.0999999
2683,7,400,6.1999998
2683,8,600,9.6999998
2683,9,1000,17.5
2683,10,1400,26.5
2683,11,2000,41.5
2687,6,1000,3.05
2687,6,1000,3.05
2696,9,400,1.1
2696,10,500,1.9
2696,11,600,2.8
2696,12,800,4.6999998
2696,13,1000,6.8000002
2696,14,1200,9
2696,15,1500,13
2707,13,400,1.6
2707,14,450,2.4000001
2707,15,500,3.3
2707,16,600,5.1999998
2707,17,700,7.5
2707,18,800,10
2707,19,900,12.7
2701,13,600,6.1999998
2701,14,700,10
2703,16,1400,29
2703,17,2000,50
2705,17,2400,100
2705,18,2800,150
2705,19,3200,210
2705,20,3300,225
2705,21,3500,255
2707,10,300,0.47
2707,11,320,0.66000003
2707,12,350,0.97000003
2718,17,2000,55
2718,18,2070,70
2722,1,-100,0.090000004
2722,2,-50,0.15000001
2722,3,-40,0.17
2722,4,-20,0.20999999
2722,5,0,0.28
2722,6,20,0.38499999
2722,7,50,0.57999998
2722,8,100,1.03
2722,9,150,1.6
2722,10,200,2.0999999
2722,11,300,3
2722,12,400,4
2722,13,800,8
2722,14,1500,13.6
2722,15,2000,18
2722,16,2100,20
2722,17,2300,28
2722,18,2500,37
2722,19,2650,48
2722,20,2800,65
2722,21,3100,115
2722,22,3400,165
2724,14,1500,9.8000002
2724,15,2000,15
2724,16,2500,21.200001
2724,17,2600,22.5
2733,20,700,4.9000001
2733,21,800,6.5
2733,22,1300,15.5
2752,1,350,0.31999999
2752,2,400,0.44
2752,3,420,0.52999997
2752,4,430,0.57999998
2752,5,450,0.71499997
2752,6,470,0.88
2752,7,500,1.2
2752,8,550,1.85
2752,9,600,2.5999999
2752,10,650,3.5
2752,11,700,4.5999999
2752,12,800,7.0999999
2752,13,900,10
2752,14,1000,13.6
2752,15,1100,16.5
2752,16,1300,22
2752,17,2000,42
2752,18,3000,70
2752,19,4000,100
2757,1,600,0.23
2757,2,630,0.28999999
2757,3,650,0.40000001
2757,4,680,0.69999999
2757,5,700,1
2757,6,750,1.85
2757,7,800,2.9000001
2757,8,900,5.3000002
2757,9,1100,11.5
2757,10,1400,24
2757,11,1800,48
2757,12,2000,64
2757,13,2200,84
2757,14,2400,110
2757,15,2600,144
2757,16,2800,186
2765,1,100,0
2765,2,140,0.059999999
2765,3,180,0.2
2765,4,220,0.40000001
2765,5,270,0.82999998
2765,6,320,1.3
2765,7,420,2.9000001
2765,8,520,5.3000002
2765,9,600,8.1999998
2765,10,650,10.4
2765,11,720,14.6
2765,12,800,19.5
2765,13,920,27.700001
2765,14,1150,48
2765,15,1500,80
2765,16,2000,125
2765,17,2500,170
2765,18,3000,215
2765,19,3400,255
2807,1,-20,0.13
2807,2,40,0.19
2807,3,50,0.20999999
2807,4,60,0.23999999
2807,5,80,0.30000001
2807,6,90,0.33000001
2807,7,110,0.40000001
2807,8,120,0.44999999
2807,9,140,0.54000002
2807,10,180,0.75
2807,11,260,1.25
2807,12,300,1.75
2807,13,340,2.3499999
2807,14,400,3.5
2807,15,500,6.5
2807,16,650,12
2807,17,800,18.5
2807,18,1000,29
2814,10,570,3.25
2814,11,650,5
2814,12,800,8.5
2816,1,170,0.02
2816,2,190,0.029999999
2816,3,210,0.050000001
2816,4,220,0.064999998
2816,5,240,0.105
2816,6,260,0.16
2816,7,280,0.25
2816,8,300,0.36000001
2816,9,320,0.50999999
2816,10,351,0.80000001
2816,11,400,1.34
2816,12,450,2
2816,13,500,3
2816,14,600,5.1999998
2847,13,2000,99
2847,14,2500,138
2871,1,80,0.11
2871,2,90,0.14
2800,1,-150,0
2800,2,-90,0
2800,3,-10,0.079999998
2800,4,10,0.11
2800,5,50,0.19
2800,6,100,0.40000001
2800,7,150,0.75
2800,8,200,1.5
2800,9,250,2.3
2800,10,300,3.5
2800,11,400,6.8000002
2800,12,450,8.8000002
2800,13,600,16.700001
2800,14,1600,84
2800,15,2500,146
2800,16,3000,180
2800,17,3500,214
2800,18,4000,247
2804,1,350,0.40000001
2804,2,400,0.5
2804,3,420,0.60000002
2804,4,430,0.69999999
2804,5,450,0.89999998
2804,6,470,1.15
2770,8,600,2.3
2770,9,650,3.3
2770,10,700,4.5999999
2770,11,800,7.5999999
2770,12,900,11
2770,13,1000,15
2770,14,1200,25
2770,15,1400,36
2770,16,1900,67
2773,1,70,0.045000002
2773,2,100,0.055
2773,3,150,0.090000004
2773,4,180,0.13
2773,5,200,0.17
2773,6,220,0.22
2773,7,240,0.27000001
2773,8,270,0.37
2773,9,300,0.5
2773,10,350,0.75
2773,11,400,1.1
2773,12,500,1.9
2773,13,600,2.8
2773,14,800,4.6999998
2773,15,1000,6.8000002
2773,16,1200,9
2773,17,1500,13
2774,1,80,0.026000001
2774,2,110,0.050000001
2774,3,130,0.07
2774,4,180,0.16500001
2774,5,230,0.31
2774,6,280,0.5
2774,7,330,0.72000003
2774,8,400,1.15
2774,9,500,1.85
2774,10,600,2.8
2774,11,800,5
2774,12,1200,10
2774,13,1500,14
2804,7,500,1.6
2804,8,550,2.4000001
2804,9,600,3.4000001
2804,10,650,4.5999999
2804,11,700,6
2804,12,800,9
2804,13,900,12
2804,14,1000,14.5
2804,15,1100,16.799999
2804,16,1300,21
2804,17,2000,37
2804,18,3000,61
2804,19,4000,85
2890,1,-60,0
2890,2,0,0.02
2890,3,50,0.039999999
2890,4,80,0.07
2890,5,100,0.094999999
2890,6,140,0.17
2890,7,180,0.25
2890,8,220,0.34999999
2890,9,260,0.49000001
2890,10,300,0.66000003
2890,11,400,1.15
2890,12,600,2.25
2890,13,800,3.75
2890,14,1000,5.5
2890,15,1500,9.8000002
2894,16,1400,24.200001
2894,17,1600,31
2894,18,1800,38.5
2814,13,1000,13.6
2814,14,1500,28
2816,15,700,7.5
2816,16,800,10
2816,17,900,12.7
2807,19,1400,54
2807,20,1800,82
2810,1,-70,0.059999999
2810,2,-40,0.1
2810,3,-20,0.13
2810,4,0,0.17
2810,5,20,0.23
2810,6,40,0.34
2810,7,60,0.49000001
2810,8,80,0.69
2810,9,100,0.95999998
2810,10,120,1.26
2810,11,140,1.54
2810,12,160,1.78
2810,13,200,2.0999999
2810,14,300,3
2810,15,400,4
2810,16,800,8
2810,17,1500,15.5
2810,18,2000,22
2810,19,2100,24.1
2810,20,2300,32
2810,21,2500,43
2810,22,2650,53
2810,23,2800,67
2810,24,3100,115
2810,25,3400,165
2827,1,100,0
2827,2,140,0.059999999
2827,3,180,0.2
2827,4,220,0.40000001
2827,5,270,0.82999998
2827,6,320,1.3
2827,7,420,2.9000001
2827,8,520,5.3000002
2827,9,620,8.1999998
2827,10,720,13.2
2827,11,800,18.5
2827,12,1000,33
2827,13,1500,72
2827,14,2000,112
2827,15,2500,151
2827,16,3050,194
2827,17,3550,235
2831,1,80,0.15000001
2831,2,100,0.36000001
2831,3,180,1.7
2831,4,210,2
2832,9,1700,50
2843,15,1600,24.299999
2843,16,1700,31.5
2843,17,2000,57
2843,18,2400,100
2843,19,2800,150
2843,20,3200,210
2843,21,3300,225
2843,22,3500,255
2846,1,160,0.80000001
2846,2,180,0.88
2846,3,220,1.1
2846,4,260,1.35
2846,5,320,1.8
2846,6,360,2.1500001
2846,7,400,2.51
2847,15,3000,185
2847,16,3200,205
2852,1,150,0.23
2852,2,450,0.34999999
2852,3,500,0.41999999
2852,4,540,0.55000001
2852,5,620,0.89999998
2852,6,680,1.2
2852,7,700,1.33
2852,8,760,2
2853,1,610,2
2853,2,750,4.1999998
2853,3,850,5.5999999
2853,4,900,6.4000001
2873,1,920,0.064999998
2873,2,950,0.13
2873,3,980,0.20999999
2873,4,1000,0.31999999
2873,5,1020,0.51999998
2873,6,1050,0.87
2873,7,1070,1.2
2873,8,1100,1.85
2873,9,1150,3.2
2873,10,1200,4.8000002
2840,1,950,1
2840,2,1000,2
2840,3,1100,6
2840,4,1200,10.2
2840,5,1350,16.5
2840,6,1550,25.299999
2840,7,1900,41
2840,8,2100,50
2840,9,2700,85
2840,10,3200,116
2840,11,3600,145
2840,12,4000,180
2840,13,4400,226
2840,14,4800,275
2840,15,5200,328
2840,16,5600,381
2840,17,6000,443
2843,1,920,0.064999998
2843,2,950,0.13
2843,3,980,0.25999999
2843,4,1000,0.40000001
2843,5,1020,0.57999998
2843,6,1040,0.83999997
2843,7,1060,1.2
2843,8,1080,1.6
2843,9,1100,2.0999999
2843,10,1150,3.5999999
2843,11,1200,5.3000002
2843,12,1250,7.1999998
2843,13,1400,13.6
2843,14,1500,18.6
2856,1,-50,0.18000001
2856,2,20,0.27000001
2856,3,60,0.34999999
2856,4,80,0.41600001
2856,5,100,0.52999997
2856,6,119,0.86000001
2856,7,140,1.25
2856,8,160,1.5
2856,9,200,1.9
2856,10,300,2.8
2856,11,400,3.9000001
2856,12,800,8
2856,13,1500,15.5
2856,14,2000,22
2856,15,2100,24.1
2856,16,2300,32
2856,17,2500,43
2856,18,2650,53
2856,19,2800,67
2856,20,3100,115
2856,21,3400,165
2860,1,80,0.0049999999
2860,2,100,0.015
2860,3,130,0.045000002
2860,4,150,0.079999998
2860,5,180,0.145
2860,6,200,0.2
2860,7,230,0.30000001
2860,8,280,0.5
2860,9,330,0.74000001
2860,10,400,1.15
2860,11,500,1.85
2860,12,600,2.8
2860,13,800,5
2860,14,1200,10
2860,15,1500,14
2862,16,3000,140
2862,17,3600,245
2869,1,80,0.11
2869,2,90,0.14
2869,3,100,0.19
2869,4,105,0.22
2869,5,110,0.28
2869,6,120,0.41999999
2869,7,150,0.85000002
2869,8,180,1.33
2869,9,210,2.0999999
2869,10,250,3.4000001
2869,11,290,4.8000002
2869,12,333,7.1999998
2869,13,400,11.3
2869,14,500,17.5
2869,15,600,23.700001
2869,16,700,30.5
2869,17,800,39
2869,18,1000,56
2869,19,1200,74
2869,20,1400,95
2869,21,1600,118
2869,22,1800,143
2869,23,2000,168
2870,1,80,0.1
2870,2,90,0.14
2870,3,100,0.20999999
2870,4,105,0.245
2870,5,110,0.28999999
2870,6,120,0.41999999
2870,7,150,0.85000002
2870,8,180,1.33
2870,9,210,2.0999999
2870,10,250,3.4000001
2870,11,290,4.8000002
2870,12,333,7.1999998
2870,13,400,11.3
2870,14,500,17.5
2870,15,600,23.700001
2870,16,700,30.5
2870,17,800,39
2870,18,1000,56
2870,19,1400,85
2870,20,1800,120
2870,21,2200,160
2870,22,2400,180
2871,3,95,0.16
2871,4,100,0.185
2871,5,105,0.22
2871,6,110,0.27000001
2871,7,120,0.41
2871,8,150,0.85000002
2871,9,180,1.33
2871,10,210,2.0999999
2871,11,250,3.4000001
2871,12,290,4.8000002
2871,13,333,7.1999998
2871,14,400,11.3
2871,15,500,17.5
2871,16,600,23.700001
2871,17,700,30.5
2871,18,800,39
2871,19,1000,56
2871,20,1100,65
2871,21,1200,75
2871,22,1800,135
2873,11,1250,6.8000002
2873,12,1400,13.5
2873,13,1500,18.6
2873,14,1600,24.299999
2873,15,1700,31.5
2873,16,2000,57
2873,17,2400,100
2873,18,2800,150
2873,19,3200,210
2873,20,3300,225
2873,21,3500,255
2877,1,60,0.0049999999
2877,2,80,0.015
2877,3,100,0.025
2877,4,150,0.064999998
2877,5,160,0.075000003
2877,6,170,0.085000001
2877,7,180,0.1
2877,8,190,0.12
2877,9,220,0.2
2877,10,260,0.36000001
2877,11,300,0.56999999
2877,12,350,0.88
2877,13,400,1.25
2877,14,450,1.7
2877,15,500,2.2
2877,16,550,2.8
2877,17,600,3.5
2877,18,700,4.9000001
2877,19,800,6.5
2877,20,1300,15.5
2888,1,-600,0.80000001
2888,2,-450,0.89999998
2888,3,-350,1
2888,4,-300,1.0599999
2888,5,-250,1.13
2888,6,-200,1.2
2888,7,-150,1.29
2888,8,-100,1.38
2888,9,-50,1.48
2888,10,0,1.6
2888,11,50,1.73
2888,12,100,1.9
2888,13,150,2.0999999
2888,14,200,2.3499999
2888,15,250,2.6500001
2888,16,300,3
2890,16,2000,15
2890,17,2500,21.200001
2890,18,2600,22.5
2894,19,2000,46
2894,20,2400,62
2894,21,2800,80
2894,22,3200,98
2898,1,0,0.115
2898,2,20,0.43099999
2898,3,40,0.76599997
2898,4,100,1.95
2898,5,199,3.9300001
2898,6,300,6.3099999
2898,7,499,11.7
2898,8,901,24.4
2898,9,1300,36.900002
2898,10,1699,49.900002
2907,1,406,0.329
2907,2,418,0.53899997
2907,3,434,0.96499997
2907,4,448,1.41
2907,5,477,2.3399999
2907,6,506,3.74
2907,7,534,5.3099999
2907,8,592,9.1999998
2907,9,649,13.7
2907,10,650,13.8
2907,11,700,17.5
2907,12,800,25.5
2907,13,900,34.5
2907,14,1000,43.5
2907,15,1150,58
2907,16,1300,73
2907,17,1500,94
2907,18,1600,105
2907,19,2100,165
2912,6,669,0.61299998
2912,7,704,1.09
2912,8,738,1.65
2912,9,807,3.0699999
2912,10,875,4.7800002
2912,11,944,6.8200002
2912,12,1013,9.5500002
2912,13,1132,13.7
2912,14,1250,18.5
2912,15,1487,30.1
2912,16,1724,44.299999
2912,17,1960,60.900002
2912,18,2430,102
2912,19,2900,152
2923,1,880,0.62
2923,2,900,1.1
2923,3,950,2.5
2923,4,1000,3.8
2923,5,1050,5.3000002
2923,6,1100,6.8000002
2923,7,1200,10
2923,8,1350,16.200001
2923,9,1550,26
2923,10,1900,44
2923,11,2100,55
2923,12,2700,87
2923,13,3200,118
2923,14,3600,148
2923,15,4000,184
2923,16,4400,226
2923,17,4800,275
2923,18,5200,328
2923,19,5600,381
2923,20,6000,443
2938,14,451,0.18799999
2938,15,493,0.27900001
2938,16,534,0.39399999
2938,17,598,0.67299998
2938,18,661,1.02
2938,19,724,1.45
2938,20,787,1.9400001
2938,21,873,2.74
2938,22,952,3.53
2938,23,1030,4.48
2938,24,1187,7.0300002
2938,25,1344,10.7
2938,26,1501,15.7
2941,1,150,0.17
2941,2,170,0.2
2941,3,200,0.25999999
2941,4,230,0.34
2941,5,270,0.47999999
2941,6,300,0.61000001
2941,7,350,0.935
2941,8,400,1.3
2941,9,450,1.75
2941,10,500,2.3
2941,11,570,3.25
2941,12,650,5
2941,13,800,8.5
2941,14,1000,13.6
2941,15,1500,28
2949,1,70,0.02
2949,2,80,0.055
2949,3,90,0.13500001
2949,4,100,0.215
2949,5,105,0.25999999
2949,6,110,0.31
2949,7,120,0.41
2949,8,150,0.85000002
2949,9,180,1.33
2949,10,210,2.0999999
2949,11,250,3.4000001
2949,12,290,4.8000002
2949,13,333,7.1999998
2949,14,400,11.3
2949,15,500,17.5
2949,16,600,23.700001
2949,17,700,30.5
2949,18,800,39
2949,19,1000,56
2949,20,1100,65
2949,21,1200,75
2949,22,1800,135
2957,1,100,0
2957,2,150,0.050000001
2957,3,180,0.1
2957,4,200,0.14
2957,5,230,0.23
2957,6,250,0.31
2957,7,300,0.60000002
2957,8,350,1
2957,9,387,1.34
2957,10,443,2.3399999
2957,11,499,3.5599999
2957,12,555,4.98
2957,13,611,6.5999999
2957,14,723,10.4
2957,15,834,14.8
2961,1,60,0.015
2961,2,80,0.025
2961,3,100,0.035
2961,4,130,0.055
2961,5,150,0.075000003
2961,6,160,0.094999999
2961,7,170,0.115
2961,8,180,0.14
2961,9,190,0.16500001
2961,10,220,0.255
2961,11,260,0.38999999
2961,12,300,0.56999999
2961,13,350,0.88
2961,14,400,1.25
2961,15,450,1.7
2961,16,500,2.2
2961,17,550,2.8
2961,18,600,3.5
2961,19,700,4.9000001
2961,20,800,6.5
2961,21,1300,15.5
2968,1,350,0.38
2968,2,380,0.47
2968,3,400,0.58999997
2968,4,550,2.0999999
2968,5,600,2.9000001
2968,6,650,3.9000001
2968,7,700,5
2968,8,800,7.5999999
2968,9,900,10.4
2968,10,1000,13.5
2968,11,1050,15
2968,12,1100,16.299999
2968,13,1200,18.9
2968,14,1300,21
2968,15,1375,22.799999
2968,16,1883,33.900002
2968,17,2560,52.900002
2968,18,3570,87.900002
2968,19,4010,108
2974,1,150,0.090000004
2974,2,200,0.23
2974,3,250,0.49000001
2974,4,300,0.83999997
2974,5,340,1.1900001
2974,6,400,1.8
2974,7,450,2.3499999
2974,8,500,3
2974,9,550,3.8
2974,10,600,4.8000002
2974,11,700,7.0999999
2974,12,800,10
2974,13,950,15
2974,14,1200,24
2974,15,1400,32
2974,16,1600,40
2980,1,150,0.090000004
2980,2,200,0.23
2980,3,250,0.49000001
2980,4,300,0.83999997
2980,5,340,1.1900001
2980,6,400,1.8
2980,7,450,2.3499999
2980,8,500,3
2980,9,550,3.8
2980,10,600,4.8000002
2980,11,700,7.0999999
2980,12,800,10
2980,13,950,15
2980,14,1200,24
2980,15,1400,32
2980,16,1600,40
2987,1,-50,0.059999999
2987,2,-20,0.11
2987,3,0,0.15000001
2987,4,20,0.2
2987,5,50,0.31999999
2987,6,100,0.55000001
2987,7,150,0.85000002
2987,8,200,1.25
2987,9,250,1.7
2987,10,300,2.3
2987,11,350,3.0999999
2987,12,400,4.1999998
2987,13,500,7
2987,14,650,12.2
2987,15,800,18.5
2987,16,1000,29
2987,17,1400,54
2987,18,1800,82
2993,1,350,0.41
2993,2,400,0.5
2993,3,420,0.57999998
2993,4,430,0.64999998
2993,5,450,0.81
2993,6,470,0.98000002
2993,7,500,1.25
2993,8,520,1.4400001
2993,9,550,1.8
2993,10,600,2.5999999
2993,11,650,3.7
2993,12,700,4.9000001
2993,13,800,7.5
2993,14,900,10.5
2993,15,1000,14.4
2993,16,1100,17.5
2993,17,1300,23
2993,18,2000,42
2993,19,3000,70
2993,20,4000,100
2996,11,1300,100
2996,10,1200,79
2996,9,1100,61
2996,8,1000,46
2996,7,900,35
2996,6,700,16
2996,5,600,9.5
2996,4,500,5.6999998
2996,3,350,1.5
2996,2,250,0.80000001
2996,1,150,0.2
2997,22,1200,90
2997,21,1100,70
2997,20,1050,61
2997,19,1000,53
2997,18,950,46
3178,9,500,6.5
3178,10,700,11.2
3178,11,800,14.8
3178,12,1000,23.200001
3178,13,1200,33
3178,14,1500,49.5
3178,15,1800,67.5
3178,16,2100,87
3178,17,2210,95
3178,18,2510,118
3215,7,400,2
3215,8,450,2.8
3215,9,500,3.5999999
3215,10,600,5.6500001
3215,11,800,10.6
3215,12,1000,16
3215,13,1200,22.700001
3215,14,1400,30
3215,15,1600,37.5
3216,1,230,0.18000001
3216,2,300,0.40000001
3216,3,400,1.3
3216,4,500,2.9000001
3333,1,-50,0.15000001
3333,2,20,0.22
3333,3,60,0.243
3333,4,80,0.29699999
3333,5,103,0.46799999
3333,6,121,0.68400002
3333,7,140,0.94999999
3333,8,160,1.25
3333,9,200,1.9
3333,10,300,3.2
3333,11,450,4.9000001
3333,12,800,9.1000004
3333,13,1500,15.5
3443,1,517,0.264
3456,1,351,0.089000002
3456,2,378,0.122
3456,3,405,0.164
2997,17,900,40
2997,16,850,34.5
2997,15,800,29.5
2997,14,750,25
2997,13,700,21
2997,12,650,17.5
2997,11,600,14.5
2997,10,550,11.7
2997,9,500,9.5
2997,8,400,6
2997,7,350,4.5
2997,6,300,3.25
2997,5,250,2.25
2997,4,200,1.5
2997,3,150,0.94999999
2997,2,100,0.5
2997,1,50,0.2
2998,16,1400,115
2998,15,1300,91
2998,14,1200,70
2998,13,1100,52
2998,12,1000,37
2998,11,900,26
2998,10,800,17
2998,9,650,9.5
2998,8,550,5.5
2998,7,500,3.8
2998,6,450,2.7
2998,5,400,1.7
2998,4,350,0.94999999
2998,3,300,0.44999999
2998,2,250,0.2
2998,1,200,0.050000001
2999,9,1000,70
2999,8,800,45.900002
2999,7,500,15.9
2999,6,400,7.9000001
2999,5,350,5.4000001
2999,4,250,1.9
2999,3,200,0.85000002
2999,2,150,0.34999999
2999,1,100,0.1
3000,11,1300,110
3000,10,1200,91
3000,9,1000,61
3000,8,800,39
3000,7,600,21
3000,6,450,10.5
3000,5,350,5.8000002
3000,4,250,2.3
3000,3,200,1.1
3000,2,150,0.5
3000,1,100,0.2
3001,18,1200,90
3001,17,1000,61
3001,16,900,50
3001,15,700,30
3001,14,600,21
3001,13,500,14
3001,12,450,11
3001,11,400,8.5
3001,10,350,6.1999998
3001,9,300,4.1999998
3001,8,250,2.7
3001,7,220,1.85
3001,6,200,1.5
3001,5,170,1.05
3001,4,150,0.80000001
3001,3,120,0.55000001
3001,2,100,0.40000001
3001,1,70,0.2
3002,24,1100,76
3002,23,1000,61
3002,22,900,50
3002,21,700,30
3002,20,600,21
3002,19,570,18.700001
3002,18,480,12.4
3002,17,440,10
3002,16,420,8.8999996
3002,15,400,7.9000001
3002,14,360,6.0999999
3002,13,320,4.5
3002,12,300,3.8
3002,11,260,2.5999999
3002,10,220,1.6
3002,9,190,1
3002,8,170,0.69999999
3002,7,160,0.56999999
3002,6,150,0.44999999
3002,5,140,0.34999999
3002,4,130,0.27000001
3002,3,120,0.2
3002,2,100,0.1
3002,1,90,0.059999999
3003,19,1000,61
3003,18,900,50
3003,17,700,30
3003,16,600,21
3003,15,570,18.700001
3003,14,500,13.8
3003,13,450,10.6
3003,12,400,8.1000004
3003,11,350,6.0999999
3003,10,300,4.3499999
3003,9,250,2.8499999
3003,8,210,1.85
3003,7,180,1.25
3003,6,160,0.94999999
3003,5,140,0.75
3003,4,130,0.67000002
3003,3,120,0.60000002
3003,2,110,0.55000001
3003,1,100,0.51999998
3004,24,1500,130
3004,23,1400,116
3004,22,1200,90
3004,21,1100,77
3004,20,900,53
3004,19,700,31
3004,18,610,22
3004,17,600,21.1
3004,16,570,18.700001
3004,15,500,13.8
3004,14,450,10.6
3004,13,400,8.1000004
3004,12,350,6.0999999
3004,11,300,4.3499999
3004,10,250,2.8499999
3004,9,210,1.85
3004,8,180,1.25
3004,7,170,1.0700001
3004,6,160,0.89999998
3004,5,150,0.75999999
3004,4,140,0.63999999
3004,3,130,0.52999997
3004,2,110,0.37
3004,1,80,0.16
3005,20,1200,95
3005,19,1000,67
3005,18,800,43
3005,17,600,23
3005,16,500,14
3005,15,450,11
3005,14,400,8.5
3005,13,350,6.5
3005,12,300,4.8000002
3005,11,210,2.0999999
3005,10,170,1.3
3005,9,150,1
3005,8,140,0.87
3005,7,130,0.75
3005,6,120,0.63999999
3005,5,110,0.54000002
3005,4,100,0.44999999
3005,3,90,0.37
3005,2,80,0.30000001
3005,1,50,0.12
3006,1,100,0.28999999
3006,2,120,0.36000001
3006,3,140,0.5
3006,4,170,0.87
3006,5,220,1.8
3006,6,240,2.2
3006,7,300,4
3006,8,350,5.6999998
3006,9,400,7.5
3006,10,450,10
3006,11,600,20
3006,12,800,36
3006,13,1000,55
3006,14,1200,75
3007,11,1300,100
3007,10,1200,79
3007,9,1100,61
3007,8,1000,46
3007,7,900,35
3007,6,700,16
3007,5,600,9.5
3007,4,500,5.6999998
3007,3,350,1.5
3007,2,250,0.80000001
3007,1,150,0.2
3008,22,1200,90
3008,21,1100,70
3008,20,1050,61
3008,19,1000,53
3008,18,950,46
3008,17,900,40
3008,16,850,34.5
3008,15,800,29.5
3008,14,750,25
3008,13,700,21
3008,12,650,17.5
3008,11,600,14.5
3008,10,550,11.7
3008,9,500,9.5
3008,8,400,6
3008,7,350,4.5
3008,6,300,3.25
3008,5,250,2.25
3008,4,200,1.5
3008,3,150,0.94999999
3008,2,100,0.5
3008,1,50,0.2
3009,16,1400,115
3009,15,1300,91
3009,14,1200,70
3009,13,1100,52
3009,12,1000,37
3009,11,900,26
3009,10,800,17
3009,9,650,9.5
3009,8,550,5.5
3009,7,500,3.8
3009,6,450,2.7
3009,5,400,1.7
3009,4,350,0.94999999
3009,3,300,0.44999999
3009,2,250,0.2
3009,1,200,0.050000001
3010,9,1000,70
3010,8,800,45.900002
3010,7,500,15.9
3010,6,400,7.9000001
3010,5,350,5.4000001
3010,4,250,1.9
3010,3,200,0.85000002
3010,2,150,0.34999999
3010,1,100,0.1
3011,11,1300,110
3011,10,1200,91
3011,9,1000,61
3011,8,800,39
3011,7,600,21
3011,6,450,10.5
3011,5,350,5.8000002
3011,4,250,2.3
3011,3,200,1.1
3011,2,150,0.5
3011,1,100,0.2
3012,18,1200,90
3012,17,1000,61
3012,16,900,50
3012,15,700,30
3012,14,600,21
3012,13,500,14
3012,12,450,11
3012,11,400,8.5
3012,10,350,6.1999998
3012,9,300,4.1999998
3012,8,250,2.7
3012,7,220,1.85
3012,6,200,1.5
3012,5,170,1.05
3012,4,150,0.80000001
3012,3,120,0.55000001
3012,2,100,0.40000001
3012,1,70,0.2
3013,24,1100,76
3013,23,1000,61
3013,22,900,50
3013,21,700,30
3013,20,600,21
3013,19,570,18.700001
3013,18,480,12.4
3013,17,440,10
3013,16,420,8.8999996
3013,15,400,7.9000001
3013,14,360,6.0999999
3013,13,320,4.5
3013,12,300,3.8
3013,11,260,2.5999999
3013,10,220,1.6
3013,9,190,1
3013,8,170,0.69999999
3013,7,160,0.56999999
3013,6,150,0.44999999
3013,5,140,0.34999999
3013,4,130,0.27000001
3013,3,120,0.2
3013,2,100,0.1
3013,1,90,0.059999999
3014,19,1000,61
3014,18,900,50
3014,17,700,30
3014,16,600,21
3014,15,570,18.700001
3014,14,500,13.8
3014,13,450,10.6
3014,12,400,8.1000004
3014,11,350,6.0999999
3014,10,300,4.3499999
3014,9,250,2.8499999
3014,8,210,1.85
3014,7,180,1.25
3014,6,160,0.94999999
3014,5,140,0.75
3014,4,130,0.67000002
3014,3,120,0.60000002
3014,2,110,0.55000001
3014,1,100,0.51999998
3015,13,1000,55
3015,14,1200,75
3016,14,2000,34
3016,13,1000,12.5
3016,12,900,10.4
3016,11,880,10
3016,10,870,9.7799997
3016,9,800,8.1000004
3016,8,600,3.0999999
3016,7,550,2.05
3016,6,530,1.6900001
3016,5,520,1.52
3016,4,500,1.2
3016,3,480,0.92000002
3016,2,470,0.80000001
3016,1,450,0.60000002
3017,17,4000,115
3017,16,3500,80
3017,15,3000,60
3017,14,2500,43.5
3017,13,1000,6
3017,12,990,5.75
3017,11,940,4.5500002
3017,10,920,4.0900002
3017,9,900,3.6500001
3017,8,880,3.23
3017,7,830,2.23
3017,6,820,2.04
3017,5,800,1.6799999
3017,4,770,1.2
3017,3,750,0.89999998
3017,2,740,0.75999999
3017,1,710,0.40000001
3018,20,4000,115
3018,19,3500,80
3018,18,3000,61
3018,17,2500,46
3018,16,2000,34
3018,15,1000,12.5
3018,14,900,10.4
3018,13,880,10
3018,12,870,9.7799997
3018,11,800,8.1000004
3018,10,600,3.0999999
3018,9,550,2.05
3018,8,530,1.6900001
3018,7,520,1.52
3018,6,500,1.2
3018,5,480,0.92000002
3018,4,470,0.80000001
3018,3,450,0.60000002
3018,2,430,0.41999999
3018,1,420,0.34
3019,17,4000,115
3019,16,3500,80
3019,15,3000,60
3019,14,2500,43.5
3019,13,1000,6
3019,12,990,5.75
3019,11,940,4.5500002
3019,10,920,4.0900002
3019,9,900,3.6500001
3019,8,880,3.23
3019,7,830,2.23
3019,6,820,2.04
3019,5,800,1.6799999
3019,4,770,1.2
3019,3,750,0.89999998
3019,2,740,0.75999999
3019,1,710,0.40000001
3020,20,4000,115
3020,19,3500,80
3020,18,3000,61
3020,17,2500,46
3020,16,2000,34
3020,15,1000,12.5
3020,14,900,10.4
3020,13,880,10
3020,12,870,9.7799997
3020,11,800,8.1000004
3020,10,600,3.0999999
3020,9,550,2.05
3020,8,530,1.6900001
3020,7,520,1.52
3020,6,500,1.2
3020,5,480,0.92000002
3020,4,470,0.80000001
3020,3,450,0.60000002
3020,2,430,0.41999999
3020,1,420,0.34
3021,14,2500,43.5
3021,13,1000,6
3021,12,990,5.75
3021,11,940,4.5500002
3021,10,920,4.0900002
3021,9,900,3.6500001
3021,8,880,3.23
3021,7,830,2.23
3021,6,820,2.04
3021,5,800,1.6799999
3021,4,770,1.2
3021,3,750,0.89999998
3021,2,740,0.75999999
3021,1,710,0.40000001
3022,18,3000,61
3022,17,2500,46
3022,16,2000,34
3022,15,1000,12.5
3022,14,900,10.4
3022,13,880,10
3022,12,870,9.7799997
3022,11,800,8.1000004
3022,10,600,3.0999999
3022,9,550,2.05
3022,8,530,1.6900001
3022,7,520,1.52
3022,6,500,1.2
3022,5,480,0.92000002
3022,4,470,0.80000001
3022,3,450,0.60000002
3022,2,430,0.41999999
3022,1,420,0.34
3023,14,2500,43.5
3023,13,1000,6
3023,12,990,5.75
3023,11,940,4.5500002
3023,10,920,4.0900002
3023,9,900,3.6500001
3023,8,880,3.23
3023,7,830,2.23
3023,6,820,2.04
3023,5,800,1.6799999
3023,4,770,1.2
3023,3,750,0.89999998
3023,2,740,0.75999999
3023,1,710,0.40000001
3024,17,2500,46
3024,16,2000,34
3024,15,1000,12.5
3024,14,900,10.4
3024,13,880,10
3024,12,870,9.7799997
3024,11,800,8.1000004
3024,10,600,3.0999999
3024,9,550,2.05
3024,8,530,1.6900001
3024,7,520,1.52
3024,6,500,1.2
3024,5,480,0.92000002
3024,4,470,0.80000001
3024,3,450,0.60000002
3024,2,430,0.41999999
3024,1,420,0.34
3025,9,2500,43.5
3025,8,1000,6
3025,7,900,3.7
3025,6,800,1.7
3025,5,750,0.89999998
3025,4,740,0.75999999
3025,3,720,0.51999998
3025,2,700,0.30000001
3025,1,680,0.1
3026,19,3500,80
3026,18,3000,61
3026,17,2500,46
3026,16,2000,34
3026,15,1000,12.5
3026,14,900,10.4
3026,13,880,10
3026,12,870,9.7799997
3026,11,800,8.1000004
3026,10,600,3.0999999
3026,9,550,2.05
3026,8,530,1.6900001
3026,7,520,1.52
3026,6,500,1.2
3026,5,480,0.92000002
3026,4,470,0.80000001
3026,3,450,0.60000002
3026,2,430,0.41999999
3026,1,420,0.34
3027,17,4000,115
3027,16,3500,80
3027,15,3000,60
3027,14,2500,43.5
3027,13,1000,6
3027,12,990,5.75
3027,11,940,4.5500002
3027,10,920,4.0900002
3027,9,900,3.6500001
3027,8,880,3.23
3027,7,830,2.23
3027,6,820,2.04
3027,5,800,1.6799999
3027,4,770,1.2
3027,3,750,0.89999998
3027,2,740,0.75999999
3027,1,710,0.40000001
3028,20,4000,115
3028,19,3500,80
3028,18,3000,61
3028,17,2500,46
3028,16,2000,34
3028,15,1000,12.5
3028,14,900,10.4
3028,13,880,10
3028,12,870,9.7799997
3028,11,800,8.1000004
3028,10,600,3.0999999
3028,9,550,2.05
3028,8,530,1.6900001
3028,7,520,1.52
3028,6,500,1.2
3028,5,480,0.92000002
3028,4,470,0.80000001
3028,3,450,0.60000002
3028,2,430,0.41999999
3028,1,420,0.34
3029,15,4000,89
3029,14,3500,69
3029,13,3000,53
3029,12,2500,41.5
3029,11,1900,27.700001
3029,10,1600,21.4
3029,9,1200,13.4
3029,8,1000,9.8000002
3029,7,700,4.4000001
3029,6,500,1.2
3029,5,480,0.92000002
3029,4,470,0.80000001
3029,3,450,0.60000002
3029,2,430,0.41999999
3029,1,420,0.34
3030,12,4000,90
3030,11,3500,72
3030,10,3000,57.299999
3030,9,2500,45.400002
3030,8,2000,33.900002
3030,7,1700,27
3030,6,1500,22.6
3030,5,1200,16
3030,4,900,10
3030,3,600,4.5999999
3030,2,400,1.2
3030,1,350,0.60000002
3031,13,2400,42.5
3031,12,2000,33
3031,11,1600,23
3031,10,1300,15.8
3031,9,1000,8.6000004
3031,8,850,5
3031,7,800,4
3031,6,750,3.0999999
3031,5,700,2.3
3031,4,650,1.5
3031,3,600,0.75
3031,2,550,0.30000001
3031,1,500,0
3032,13,3000,57.299999
3032,12,2500,45.400002
3032,11,2000,33.900002
3032,10,1700,27
3032,9,1500,22.6
3032,8,1200,16
3032,7,900,10
3032,6,600,4.5999999
3032,5,400,1.2
3032,4,380,0.92000002
3032,3,370,0.80000001
3032,2,350,0.60000002
3032,1,330,0.41999999
3033,14,4000,80.300003
3033,13,2500,45.400002
3033,12,2000,33
3033,11,1600,23
3033,10,1300,15.8
3033,9,1000,8.6000004
3033,8,850,5
3033,7,800,4
3033,6,750,3.0999999
3033,5,700,2.3
3033,4,650,1.5
3033,3,600,0.75
3033,2,550,0.30000001
3033,1,500,0
3034,8,4000,100
3034,7,3500,65
3034,6,3000,51
3034,5,2500,39.5
3034,4,2000,30
3034,3,1500,21
3034,2,1000,12.5
3034,1,350,0.40000001
3035,8,3500,65
3035,7,3000,51
3035,6,2500,39.5
3035,5,2000,28.5
3035,4,1500,18.1
3035,3,1000,8.6000004
3035,2,500,0.60000002
3035,1,450,0.30000001
3036,9,4300,130
3036,8,4000,100
3036,7,3500,65
3036,6,3000,51
3036,5,2500,39.5
3036,4,2000,30
3036,3,1500,21
3036,2,1000,12.5
3036,1,350,0.40000001
3037,4,1500,18.1
3037,3,1000,8.6000004
3037,2,500,0.60000002
3037,1,450,0.30000001
3038,8,4000,100
3038,7,3500,65
3038,6,3000,51
3038,5,2500,39.5
3038,4,2000,30
3038,3,1500,21
3038,2,1000,12.5
3038,1,350,0.40000001
3039,7,3000,51
3039,6,2500,39.5
3039,5,2000,28.5
3039,4,1500,18.1
3039,3,1000,8.6000004
3039,2,500,0.60000002
3039,1,450,0.30000001
3040,6,3000,51
3040,5,2500,39.5
3040,4,2000,30
3040,3,1500,21
3040,2,1000,12.5
3040,1,350,0.40000001
3041,10,2500,44
3041,9,2000,33
3041,8,1000,14
3041,7,600,4.1999998
3041,6,550,3.25
3041,5,500,2.45
3041,4,450,1.7
3041,3,400,1
3041,2,350,0.40000001
3041,1,310,0
3042,9,2500,43.200001
3042,8,2000,30.200001
3042,7,1200,15
3042,6,800,5
3042,5,700,3
3042,4,650,2.0999999
3042,3,600,1.3
3042,2,550,0.60000002
3042,1,490,0
3043,13,4000,102
3043,12,3500,72
3043,11,3000,56
3043,10,2500,44
3043,9,2000,33
3043,8,1000,14
3043,7,600,4.1999998
3043,6,550,3.25
3043,5,500,2.45
3043,4,450,1.7
3043,3,400,1
3043,2,350,0.40000001
3043,1,310,0
3044,13,2500,51
3044,12,2000,37.5
3044,11,1500,27
3044,10,1000,13.5
3044,9,900,11
3044,8,800,9
3044,7,700,7
3044,6,600,5.0999999
3044,5,500,3.3
3044,4,450,2.45
3044,3,400,1.65
3044,2,350,0.89999998
3044,1,300,0.25
3045,9,2500,43.200001
3045,8,2000,30.200001
3045,7,1200,15
3045,6,800,5
3045,5,700,3
3045,4,650,2.0999999
3045,3,600,1.3
3045,2,550,0.60000002
3045,1,490,0
3046,16,4000,111
3046,15,3500,86
3046,14,3000,66
3046,13,2500,51
3046,12,2000,37.5
3046,11,1500,27
3046,10,1000,13.5
3046,9,900,11
3046,8,800,9
3046,7,700,7
3046,6,600,5.0999999
3046,5,500,3.3
3046,4,450,2.45
3046,3,400,1.65
3046,2,350,0.89999998
3046,1,300,0.25
3047,8,2000,30.200001
3047,7,1200,15
3047,6,800,5
3047,5,700,3
3047,4,650,2.0999999
3047,3,600,1.3
3047,2,550,0.60000002
3047,1,490,0
3048,16,4000,111
3048,15,3500,86
3048,14,3000,66
3048,13,2500,51
3048,12,2000,37.5
3048,11,1500,27
3048,10,1000,13.5
3048,9,900,11
3048,8,800,9
3048,7,700,7
3048,6,600,5.0999999
3048,5,500,3.3
3048,4,450,2.45
3048,3,400,1.65
3048,2,350,0.89999998
3048,1,300,0.25
3049,9,2500,43.200001
3049,8,2000,30.200001
3049,7,1200,15
3049,6,800,5
3049,5,700,3
3049,4,600,1.9
3049,3,550,1.4
3049,2,500,1
3049,1,400,0.40000001
3050,11,3500,99
3050,10,3000,72
3050,9,2500,54
3050,8,2000,40
3050,7,1500,27
3050,6,1000,13.5
3050,5,700,5.0999999
3050,4,600,3.3
3050,3,500,1.7
3050,2,450,1
3050,1,400,0.5
3051,8,2000,30.200001
3051,7,1200,15
3051,6,800,5
3051,5,700,2.98
3051,4,620,1.7
3051,3,570,1.15
3051,2,520,0.69999999
3051,1,500,0.57999998
3052,14,4200,150
3052,13,4000,130
3052,12,3500,100
3052,11,3000,72
3052,10,2500,54
3052,9,2000,40
3052,8,1000,13.4
3052,7,900,10.8
3052,6,800,8.3000002
3052,5,700,6
3052,4,600,3.8
3052,3,500,2.0999999
3052,2,400,1
3052,1,380,0.83999997
3053,8,2500,54
3053,7,1800,31
3053,6,1400,21
3053,5,1000,9.3999996
3053,4,700,2.5
3053,3,600,1.5
3053,2,500,0.60000002
3053,1,450,0.15000001
3054,8,1000,11
3054,7,900,8.8000002
3054,6,660,4
3054,5,610,3.0999999
3054,4,550,2.1400001
3054,3,500,1.49
3054,2,470,1.1
3054,1,400,0.40000001
3055,8,2500,54
3055,7,1800,31
3055,6,1400,21
3055,5,1000,9.3999996
3055,4,700,2.5
3055,3,600,1.5
3055,2,500,0.60000002
3055,1,450,0.15000001
3056,12,2900,68
3056,11,2500,52.799999
3056,10,2000,38.299999
3056,9,1500,23.799999
3056,8,1000,11.8
3056,7,880,8.8000002
3056,6,640,4
3056,5,590,3.0999999
3056,4,530,2.1400001
3056,3,480,1.49
3056,2,450,1.1
3056,1,380,0.40000001
3057,10,3500,97
3057,9,3000,72
3057,8,2500,54
3057,7,1800,31
3057,6,1400,21
3057,5,1000,9.3999996
3057,4,700,2.5
3057,3,600,1.5
3057,2,500,0.60000002
3057,1,450,0.15000001
3058,12,2900,68
3058,11,2500,52.799999
3058,10,2000,38.299999
3058,9,1500,23.799999
3058,8,1000,11.8
3058,7,880,8.8000002
3058,6,640,4
3058,5,590,3.0999999
3058,4,530,2.1400001
3058,3,480,1.49
3058,2,450,1.1
3058,1,380,0.40000001
3059,8,2500,54
3059,7,1800,31
3059,6,1400,21
3059,5,1000,9.3999996
3059,4,700,2.5
3059,3,600,1.5
3059,2,500,0.60000002
3059,1,450,0.15000001
3060,9,2500,54
3060,8,2000,40
3060,7,1600,28
3060,6,1200,18
3060,5,700,5.5
3060,4,650,4.3000002
3060,3,600,3.3
3060,2,550,2.4000001
3060,1,500,1.6
3061,8,1500,23.9
3061,7,1200,15.2
3061,6,1000,9.8000002
3061,5,900,7.3000002
3061,4,640,2.0999999
3061,3,550,0.75
3061,2,520,0.44999999
3061,1,500,0.31
3062,12,3500,97
3062,11,3000,72
3062,10,2500,54
3062,9,2000,40
3062,8,1600,28
3062,7,1200,18
3062,6,700,5.5
3062,5,650,4.3000002
3062,4,600,3.3
3062,3,550,2.4000001
3062,2,500,1.6
3062,1,450,1
3063,7,1800,35
3063,6,1400,21
3063,5,1000,9
3063,4,900,6.5
3063,3,800,4.5
3063,2,550,0.69999999
3063,1,500,0.44999999
3268,1,300,0.1
3268,2,520,1.2
3268,3,740,3.4000001
3268,4,960,6.6999998
3268,5,1120,9.8999996
3268,6,1380,17
3264,1,300,0.1
3264,2,310,0.11
3264,3,330,0.15000001
3264,4,350,0.2
3264,5,370,0.25999999
3264,6,390,0.34
3264,7,440,0.58999997
3264,8,470,0.76999998
3264,9,500,0.98000002
3264,10,540,1.3
3264,11,560,1.48
3264,12,570,1.58
3264,13,620,2.1300001
3264,14,700,3.0899999
3264,15,740,3.5699999
3110,1,60,0.059999999
3110,2,100,0.090000004
3110,3,150,0.14
3110,4,170,0.17
3110,5,180,0.19
3110,6,200,0.27000001
3110,7,250,0.5
3110,8,300,0.79000002
3110,9,350,1.15
3110,10,400,1.65
3110,11,434,2.0599999
3110,12,501,3.1700001
3110,13,568,4.4899998
3110,14,701,7.7399998
3110,15,835,11.8
3110,16,972,16.700001
3110,17,1205,25.299999
3110,18,1809,50.299999
3112,1,10,0
3112,2,30,0.02
3112,3,50,0.07
3112,4,80,0.15000001
3112,5,120,0.31
3112,6,160,0.50999999
3112,7,200,0.75
3112,8,250,1.1
3112,9,600,4.5999999
3112,10,800,7
3112,11,1000,9.3999996
3112,12,1400,15
3113,1,10,0
3113,2,30,0.02
3113,3,50,0.07
3113,4,80,0.15000001
3113,5,120,0.31
3113,6,160,0.50999999
3113,7,200,0.75
3113,8,250,1.1
3113,9,600,4.5999999
3113,10,800,7
3113,11,1000,9.3999996
3113,12,1400,15
3123,1,70,0.014
3123,2,80,0.090999998
3123,3,90,0.19
3123,4,110,0.42399999
3123,5,150,0.98699999
3123,6,170,1.4
3123,7,210,2.3299999
3123,8,250,3.4200001
3123,9,290,4.8000002
3123,10,333,7.1999998
3123,11,400,11.3
3123,12,500,17.5
3123,13,600,23.700001
3123,14,700,30.5
3123,15,800,39
3123,16,1000,56
3123,17,1100,65
3123,18,1200,75
3123,19,1800,135
3127,1,201,0.35499999
3127,2,266,0.66299999
3127,3,330,1.03
3127,4,399,1.4400001
3127,5,468,1.91
3127,6,605,3.02
3128,1,120,0.12
3128,2,150,0.2
3128,3,180,0.34
3128,4,200,0.51499999
3076,1,-50,-165.267
3076,2,-32,-165.26601
3076,3,-14,-165.265
3076,4,4,-165.263
3076,5,22,-165.26199
3076,6,40,-165.25999
3076,7,58,-165.258
3076,8,76,-165.255
3137,1,299,0.138
3137,2,326,0.185
3137,3,352,0.243
3137,4,378,0.31600001
3137,5,404,0.40700001
3137,6,428,0.565
3137,7,467,0.80299997
3137,8,505,1.11
3137,9,520,1.25
3137,10,570,1.9
3137,11,600,2.4000001
3137,12,650,3.3
3137,13,700,4.5
3137,14,800,7.5
3076,9,94,-165.25301
3076,10,112,-165.25
3076,11,130,-165.248
3076,12,148,-165.245
3076,13,166,-165.242
3076,14,184,-165.24001
3076,15,202,-165.237
3076,16,220,-165.235
3076,17,238,-165.233
3076,18,256,-165.23
3076,19,274,-165.228
3076,20,292,-165.22501
3076,21,310,-165.22301
3076,22,328,-165.22
3076,23,346,-165.217
3076,24,364,-165.215
3076,25,382,-165.21201
3076,26,400,-165.209
3076,27,418,-165.20599
3076,28,436,-165.203
3076,29,454,-165.2
3076,30,472,-165.19701
3076,31,490,-165.19299
3076,32,508,-165.19
3076,33,526,-165.187
3076,34,544,-165.18401
3076,35,562,-165.17999
3076,36,580,-165.177
3076,37,598,-165.173
3076,38,616,-165.17
3076,39,634,-165.166
3076,40,652,-165.162
3076,41,670,-165.159
3076,42,688,-165.155
3076,43,706,-165.151
3076,44,724,-165.147
3076,45,742,-165.14301
3076,46,760,-165.13901
3076,47,778,-165.13499
3076,48,796,-165.131
3076,49,814,-165.127
3076,50,832,-165.123
3076,51,850,-165.119
3076,52,868,-165.114
3076,53,886,-165.11
3076,54,904,-165.106
3076,55,922,-165.101
3076,56,940,-165.097
3076,57,958,-165.092
3076,58,976,-165.088
3076,59,994,-165.08299
3076,60,1012,-165.078
3076,61,1030,-165.07201
3076,62,1048,-165.06599
3076,63,1066,-165.05901
3076,64,1084,-165.05099
3076,65,1102,-165.043
3076,66,1120,-165.035
3076,67,1138,-165.026
3076,68,1156,-165.017
3076,69,1174,-165.008
3076,70,1192,-164.998
3076,71,1210,-164.98801
3076,72,1228,-164.97701
3076,73,1246,-164.966
3076,74,1264,-164.955
3076,75,1282,-164.944
3076,76,1300,-164.93201
3076,77,1318,-164.92
3076,78,1336,-164.907
3076,79,1354,-164.895
3076,80,1372,-164.882
3076,81,1390,-164.868
3076,82,1408,-164.855
3076,83,1426,-164.841
3076,84,1444,-164.827
3076,85,1462,-164.812
3076,86,1480,-164.798
3076,87,1498,-164.783
3076,88,1516,-164.76801
3077,1,-50,196.7
3077,2,-32,196.703
3077,3,-14,196.71001
3077,4,4,196.72
3077,5,22,196.731
3077,6,40,196.744
3077,7,58,196.758
3077,8,76,196.774
3077,9,94,196.791
3077,10,112,196.80901
3077,11,130,196.828
3077,12,148,196.84801
3077,13,166,196.869
3077,14,184,196.89101
3077,15,202,196.914
3077,16,220,196.938
3077,17,238,196.97301
3077,18,256,197.01199
3077,19,274,197.052
3077,20,292,197.09399
3077,21,310,197.13699
3077,22,328,197.183
3077,23,346,197.23
3077,24,364,197.27901
3077,25,382,197.33
3077,26,400,197.382
3077,27,418,197.437
3077,28,436,197.492
3077,29,454,197.549
3077,30,472,197.608
3077,31,490,197.66901
3077,32,508,197.731
3077,33,526,197.79401
3077,34,544,197.85899
3077,35,562,197.925
3077,36,580,197.993
3077,37,598,198.062
3077,38,616,198.133
3077,39,634,198.205
3077,40,652,198.278
3077,41,670,198.353
3077,42,688,198.429
3077,43,706,198.506
3077,44,724,198.58501
3077,45,742,198.66499
3077,46,760,198.74699
3077,47,778,198.82899
3078,87,1498,4.9180002
3078,88,1516,5.0409999
3080,1,310,0.257
3080,2,354,0.463
3080,3,408,0.73100001
3080,4,431,0.85500002
3080,5,448,0.958
3080,6,473,1.1799999
3080,7,500,1.4
3080,8,800,5.4000001
3080,9,1100,8.5
3080,10,1400,11
3080,11,1600,12.5
3080,12,2000,19
3080,13,2200,24
3080,14,2300,28
3080,15,2600,45
3080,16,2800,58
3080,17,3200,84
3083,1,0,-27.712999
3083,2,200,-27.712999
3083,3,400,-27.667
3083,4,600,-26.188999
3083,5,800,-23.433001
3083,6,1000,-20.804001
3083,7,1200,-20.702999
3083,8,1400,-20.191999
3083,9,1600,-24.017
3083,10,1800,-29.466
3083,11,2000,-34.812
3084,1,0,21.908001
3084,2,200,21.908001
3084,3,400,23.257
3084,4,600,33.695999
3084,5,800,50.103001
3084,6,1000,69.053001
3084,7,1200,88.638
3084,8,1400,113.301
3084,9,1600,141.32401
3084,10,1800,179.168
3084,11,2000,234.683
3085,1,0,0
3085,2,200,0
3085,3,400,2.22
3085,4,600,8.6800003
3085,5,800,17.462999
3085,6,1000,28.017
3085,7,1200,40.077999
3085,8,1400,53.805
3085,9,1600,69.101997
3085,10,1800,90.499001
3085,11,2000,122.231
3086,1,0,-6.8850002
3086,2,200,-6.8850002
3086,3,400,-6.632
3086,4,600,-4.9289999
3086,5,800,-3.247
3086,6,1000,-2.0350001
3086,7,1200,3.888
3086,8,1400,6.2680001
3086,9,1600,8.698
3086,10,1800,11.063
3086,11,2000,18.118999
3086,12,2200,25.309999
3086,13,2400,33.794998
3086,14,2600,43.458
3086,15,2800,54.221001
3087,1,0,10.909
3087,2,200,10.909
3087,3,400,12.757
3087,4,600,22.113001
3087,5,800,37.562
3087,6,1000,58.026001
3087,7,1200,83.308998
3087,8,1400,109.008
3087,9,1600,146.339
3087,10,1800,186.873
3087,11,2000,255.298
3087,12,2200,330.64301
3087,13,2400,423.96399
3087,14,2600,528.29102
3087,15,2800,630.37097
3088,1,0,0
3088,2,200,0
3088,3,400,2.056
3088,4,600,8.3640003
3094,1,0,0
3094,2,450,10
3094,3,760,20
3094,4,1020,30
3094,5,1250,40
3094,6,1460,50
3088,5,800,17.115999
3088,6,1000,25.58
3088,7,1200,34.699001
3088,8,1400,44.890999
3088,9,1600,56.104
3088,10,1800,68.290001
3088,11,2000,81.412003
3088,12,2200,95.436996
3088,13,2400,113.203
3088,14,2600,139.433
3088,15,2800,172.045
3089,1,70,0.014
3089,2,80,0.090999998
3089,3,90,0.19
3089,4,110,0.42399999
3089,5,150,0.98699999
3089,6,170,1.4
3089,7,210,2.3299999
3089,8,250,3.4200001
3089,9,290,4.8000002
3089,10,333,7.1999998
3089,11,400,11.3
3089,12,500,17.5
3089,13,600,23.700001
3089,14,700,30.5
3089,15,800,39
3089,16,1000,56
3089,17,1100,65
3089,18,1200,75
3089,19,1800,135
3094,7,1660,60
3094,8,1840,70
3094,9,2010,80
3094,10,2160,90
3094,11,2310,100
3094,12,2440,110
3094,13,2570,120
3094,14,2620,124
3094,15,2700,130
3094,16,2840,140
3094,17,2970,150
3094,18,3080,160
3077,48,796,198.91299
3077,49,814,198.99899
3077,50,832,199.08501
3077,51,850,199.173
3077,52,868,199.26199
3077,53,886,199.35201
3077,54,904,199.444
3077,55,922,199.536
3077,56,940,199.63
3077,57,958,199.72501
3077,58,976,199.82201
3077,59,994,199.91901
3077,60,1012,200.01801
3077,61,1030,200.118
3077,62,1048,200.21899
3077,63,1066,200.321
3077,64,1084,200.424
3077,65,1102,200.52901
3077,66,1120,200.63901
3077,67,1138,200.754
3077,68,1156,200.873
3077,69,1174,200.995
3077,70,1192,201.121
3077,71,1210,201.25101
3077,72,1228,201.384
3077,73,1246,201.52
3077,74,1264,201.659
3077,75,1282,201.80099
3077,76,1300,201.946
3077,77,1318,202.09399
3077,78,1336,202.245
3077,79,1354,202.399
3077,80,1372,202.55499
3077,81,1390,202.714
3077,82,1408,202.87601
3077,83,1426,203.03999
3077,84,1444,203.207
3077,85,1462,203.377
3077,86,1480,203.549
3077,87,1498,203.72301
3077,88,1516,203.89999
3078,1,-50,0
3078,2,-32,0.003
3078,3,-14,0.0089999996
3078,4,4,0.015
3078,5,22,0.023
3078,6,40,0.032000002
3078,7,58,0.041000001
3078,8,76,0.052000001
3078,9,94,0.063000001
3078,10,112,0.074000001
3078,11,130,0.086999997
3078,12,148,0.1
3078,13,166,0.113
3078,14,184,0.127
3078,15,202,0.142
3078,16,220,0.163
3078,17,238,0.189
3078,18,256,0.215
3078,19,274,0.244
3078,20,292,0.273
3078,21,310,0.30399999
3078,22,328,0.336
3078,23,346,0.36899999
3078,24,364,0.40400001
3078,25,382,0.44
3078,26,400,0.477
3078,27,418,0.51499999
3078,28,436,0.55400002
3078,29,454,0.59399998
3078,30,472,0.63599998
3078,31,490,0.67900002
3078,32,508,0.722
3078,33,526,0.76700002
3078,34,544,0.81300002
3078,35,562,0.86000001
3078,36,580,0.90799999
3078,37,598,0.95700002
3078,38,616,1.007
3078,39,634,1.058
3078,40,652,1.11
3078,41,670,1.163
3078,42,688,1.217
3078,43,706,1.272
3078,44,724,1.3279999
3078,45,742,1.385
3078,46,760,1.442
3078,47,778,1.501
3078,48,796,1.561
3078,49,814,1.6210001
3078,50,832,1.683
3078,51,850,1.745
3078,52,868,1.808
3078,53,886,1.872
3078,54,904,1.937
3078,55,922,2.003
3078,56,940,2.0699999
3078,57,958,2.138
3078,58,976,2.2060001
3078,59,994,2.2750001
3078,60,1012,2.345
3078,61,1030,2.4170001
3078,62,1048,2.4879999
3078,63,1066,2.5610001
3078,64,1084,2.635
3078,65,1102,2.7090001
3078,66,1120,2.7839999
3078,67,1138,2.862
3078,68,1156,2.944
3078,69,1174,3.0280001
3078,70,1192,3.115
3078,71,1210,3.2049999
3078,72,1228,3.296
3078,73,1246,3.3900001
3078,74,1264,3.487
3078,75,1282,3.585
3078,76,1300,3.6860001
3078,77,1318,3.7880001
3078,78,1336,3.8929999
3078,79,1354,3.9990001
3078,80,1372,4.1069999
3078,81,1390,4.2179999
3078,82,1408,4.3299999
3078,83,1426,4.4439998
3078,84,1444,4.5599999
3078,85,1462,4.677
3078,86,1480,4.7969999
3096,1,0,-4.3530002
3096,2,200,-4.3530002
3096,3,400,-3.7079999
3096,4,600,0.815
3096,5,800,6.0159998
3096,6,1000,12.755
3096,7,1200,19.214001
3096,8,1400,26.361
3096,9,1600,32.459
3096,10,1800,39.002998
3096,11,2000,46.567001
3096,12,2200,56.264
3096,13,2400,66.654999
3096,14,2600,77.161003
3096,15,2800,89.426003
3096,16,3000,110.24
3097,1,0,4.1040001
3097,2,200,4.1040001
3097,3,400,6.605
3097,4,600,14.854
3097,5,800,24.908001
3097,6,1000,38.053001
3097,7,1200,53.854
3097,8,1400,69.928001
3097,9,1600,87.992996
3097,10,1800,106.452
3097,11,2000,127.712
3097,12,2200,150.461
3097,13,2400,174.64999
3097,14,2600,202.754
3097,15,2800,236.489
3097,16,3000,276.474
3098,1,0,0
3098,2,200,0
3098,3,400,2.415
3098,4,600,8.125
3098,5,800,15.8
3098,6,1000,25.045
3098,7,1200,35.289001
3098,8,1400,45.917999
3098,9,1600,57.629002
3098,10,1800,70.370003
3098,11,2000,84.099998
3098,12,2200,98.782997
3098,13,2400,114.388
3098,14,2600,130.88699
3098,15,2800,148.256
3098,16,3000,179.446
3099,1,0,0
3099,2,450,10
3099,3,760,20
3099,4,1020,30
3099,5,1250,40
3099,6,1460,50
3099,7,1660,60
3099,8,1840,70
3099,9,2010,80
3099,10,2160,90
3099,11,2310,100
3099,12,2440,110
3099,13,2570,120
3099,14,2620,124
3099,15,2700,130
3099,16,2840,140
3099,17,2970,150
3099,18,3080,160
3102,1,0,0
3102,2,100,0
3102,3,200,0.013
3102,4,300,1.28
3102,5,400,3.5999999
3102,6,500,6.71
3102,7,600,10.5
3102,8,700,15.1
3102,9,800,20.4
3102,10,900,26
3102,11,1000,32.599998
3102,12,1100,38.5
3102,13,1200,44.799999
3102,14,1300,50.5
3102,15,1400,56.599998
3102,16,1500,62.900002
3102,17,1600,69.699997
3102,18,1700,77.599998
3102,19,1800,85.300003
3102,20,1900,94
3102,21,2000,103
3102,22,2100,112
3102,23,2200,121
3102,24,2300,131
3102,25,2400,142
3102,26,2500,153
3102,27,2600,163
3102,28,2700,176
3102,29,2800,190
3102,30,2900,207
3102,31,3000,223
3418,1,60,0
3418,2,120,0.029999999
3418,3,160,0.07
3418,4,200,0.20999999
3418,5,250,0.43000001
3418,6,300,0.80000001
3418,7,350,1.25
3418,8,400,1.8
3418,9,470,2.8
3418,10,510,3.4000001
3418,11,550,4.23
3418,12,650,6.9000001
3418,13,800,11.1
3418,14,1000,18
3418,15,1100,23.1
3418,16,1250,33.5
3418,17,1500,51
3418,18,1750,71
3418,19,2100,100
3445,1,519,0.20200001
3445,2,536,0.31099999
3445,3,553,0.442
3445,4,586,0.75400001
3445,5,626,1.24
3445,6,664,1.78
3445,7,702,2.4300001
3445,8,778,4.0500002
3445,9,854,6.1300001
3445,10,930,8.6899996
3445,11,1002,11.4
3445,12,1083,15.4
3445,13,1164,20.1
3445,14,1326,31.200001
3128,5,220,0.75
3128,6,240,1
3128,7,270,1.4
3128,8,300,1.9
3128,9,350,2.9000001
3128,10,400,4.0999999
3128,11,450,5.5999999
3128,12,500,7.3000002
3128,13,600,11.5
3128,14,800,20.5
3128,15,1000,31
3128,16,1300,50
3128,17,1600,75
3128,18,1900,105
3128,19,2200,145
3128,20,2500,190
3128,21,2800,240
3128,22,3400,350
3128,23,3700,410
3128,24,4300,550
3128,25,4900,700
3128,26,5200,780
3130,1,50,0.02
3130,2,80,0.035
3130,3,100,0.050000001
3130,4,130,0.079999998
3130,5,150,0.1
3130,6,180,0.14
3130,7,200,0.19
3130,8,230,0.28
3130,9,280,0.47999999
3130,10,330,0.74000001
3130,11,400,1.15
3130,12,500,1.85
3130,13,600,2.8
3130,14,800,5
3130,15,1200,10
3130,16,1500,14
3137,15,900,11
3137,16,1000,15
3138,1,-105,0.093999997
3138,2,-94,0.108
3138,3,-65,0.16500001
3138,4,-36,0.278
3138,5,-17,0.345
3138,6,2,0.426
3138,7,40,0.63599998
3138,8,78,0.92900002
3138,9,115,1.3200001
3138,10,169,1.92
3138,11,224,2.72
3138,12,278,3.6600001
3138,13,387,5.9899998
3138,14,496,8.9300003
3138,15,605,12.5
3138,16,714,16.700001
3138,17,823,21.6
3138,18,1041,33.299999
3138,19,1259,47.799999
3138,20,1477,65.099998
3138,21,1694,85.099998
3363,1,196,0.037
3378,1,80,0.119
3378,2,100,0.17200001
3378,3,120,0.211
3378,4,160,0.27399999
3378,5,180,0.37799999
3404,1,350,0.245
3404,2,369,0.30399999
3404,3,388,0.37599999
3404,4,425,0.55599999
3404,5,463,0.81400001
3404,6,500,1.16
3404,7,550,1.97
3404,8,599,2.8599999
3404,9,647,3.8399999
3404,10,703,5.0900002
3404,11,723,5.5799999
3404,12,886,9.7700005
3404,13,1305,19.6
3404,14,1724,30.200001
3404,15,2562,52.900002
3137,17,1200,25.200001
3137,18,1640,51.099998
3137,19,2080,79.800003
3146,1,60,-0.071999997
3146,2,80,-0.063000001
3146,3,100,-0.035
3146,4,121,0.0040000002
3146,5,141,0.054000001
3146,6,162,0.112
3146,7,182,0.17200001
3146,8,202,0.243
3146,9,223,0.31400001
3146,10,243,0.38800001
3146,11,264,0.46599999
3146,12,284,0.546
3146,13,304,0.63099998
3146,14,325,0.72299999
3146,15,345,0.81800002
3146,16,366,0.93900001
3146,17,386,1.086
3146,18,406,1.298
3146,19,427,1.54
3146,20,447,1.772
3146,21,468,2.049
3146,22,488,2.325
3146,23,508,2.6140001
3146,24,529,2.9130001
3146,25,549,3.237
3146,26,570,3.5669999
3146,27,590,3.9059999
3146,28,610,4.2490001
3146,29,631,4.6020002
3146,30,651,4.9879999
3146,31,672,5.3520002
3146,32,692,5.743
3146,33,712,6.1500001
3146,34,733,6.5679998
3146,35,753,6.9970002
3146,36,774,7.4369998
3146,37,794,7.888
3146,38,814,8.3500004
3146,39,835,8.8219995
3146,40,855,9.3039999
3146,41,876,9.7969999
3146,42,896,10.301
3146,43,916,10.814
3146,44,937,11.338
3146,45,957,11.872
3146,46,978,12.415
3146,47,998,12.968
3146,48,1018,13.532
3146,49,1039,14.104
3146,50,1059,14.687
3146,51,1080,15.279
3146,52,1100,15.88
3146,53,1120,16.490999
3146,54,1141,17.111
3146,55,1161,17.740999
3146,56,1182,18.379999
3146,57,1202,19.027
3146,58,1222,19.684
3146,59,1243,20.334999
3146,60,1263,20.995001
3146,61,1284,21.663
3146,62,1304,22.339001
3146,63,1324,23.023001
3146,64,1345,23.715
3146,65,1365,24.415001
3146,66,1386,25.124001
3146,67,1406,25.84
3146,68,1426,26.563999
3146,69,1447,27.296
3146,70,1467,28.035999
3146,71,1488,28.783001
3146,72,1508,29.539
3146,73,1528,30.302
3146,74,1549,31.072001
3146,75,1569,31.851
3146,76,1590,32.636002
3146,77,1610,33.43
3146,78,1630,34.23
3146,79,1651,35.039001
3146,80,1671,35.854
3146,81,1692,36.676998
3146,82,1712,37.507999
3146,83,1732,38.345001
3146,84,1753,39.189999
3146,85,1773,40.042
3146,86,1794,40.902
3146,87,1814,41.768002
3146,88,1834,42.641998
3146,89,1855,43.522999
3146,90,1875,44.41
3146,91,1896,45.305
3146,92,1916,46.207001
3314,1,60,0.059999999
3314,2,100,0.090000004
3363,2,207,0.055
3363,3,218,0.079999998
3363,4,229,0.111
3363,5,239,0.147
3363,6,260,0.248
3166,2,61,0.026000001
3166,3,80,0.039000001
3166,4,120,0.072999999
3166,5,139,0.096000001
3166,6,160,0.132
3166,7,199,0.22400001
3166,8,219,0.28
3166,9,239,0.34099999
3166,10,260,0.417
3166,11,277,0.495
3166,12,296,0.583
3166,13,317,0.676
3166,14,335,0.764
3166,15,355,0.88
3166,16,398,1.1900001
3166,17,437,1.52
3166,18,510,2.27
3166,19,590,3.3399999
3166,20,706,4.98
3166,21,820,6.8299999
3166,22,1168,13.1
3166,23,1300,15.5
3178,19,2810,153
3178,20,3110,196
3178,21,3410,243
3178,22,3710,294
3179,1,50,0.11
3179,2,70,0.19
3179,3,90,0.28999999
3179,4,110,0.41
3179,5,130,0.56
3179,6,150,0.73000002
3179,7,170,0.91000003
3179,8,200,1.23
3179,9,220,1.47
3179,10,240,1.73
3179,11,260,2.01
3179,12,300,2.5999999
3179,13,350,3.3599999
3179,14,400,4.1500001
3179,15,450,5.04
3179,16,500,6
3179,17,700,10.4
3179,18,800,13.8
3179,19,1000,22
3179,20,1200,31
3180,1,80,0.15000001
3180,2,100,0.23999999
3180,3,120,0.34999999
3180,4,140,0.47999999
3180,5,160,0.63999999
3180,6,200,1
3180,7,220,1.23
3180,8,240,1.48
3146,93,1936,47.116001
3146,94,1957,48.032001
3146,95,1977,48.955002
3146,96,1998,49.883999
3146,97,2018,50.820999
3146,98,2038,51.764
3146,99,2059,52.714001
3146,100,2079,53.671001
3147,1,60,0.067000002
3147,2,80,0.075000003
3147,3,100,0.109
3147,4,121,0.162
3147,5,141,0.22499999
3147,6,162,0.30399999
3147,7,182,0.38999999
3147,8,202,0.48800001
3147,9,223,0.597
3147,10,243,0.70700002
3147,11,264,0.81800002
3147,12,284,0.94099998
3147,13,304,1.073
3147,14,325,1.211
3147,15,345,1.375
3147,16,366,1.577
3147,17,386,1.818
3147,18,406,2.128
3147,19,427,2.4879999
3147,20,447,2.872
3147,21,468,3.2679999
3147,22,488,3.681
3147,23,508,4.0960002
3147,24,529,4.5489998
3147,25,549,5.04
3147,26,570,5.5320001
3147,27,590,6.0430002
3147,28,610,6.572
3147,29,631,7.1199999
3147,30,651,7.6859999
3147,31,672,8.2880001
3147,32,692,8.9130001
3147,33,712,9.5559998
3147,34,733,10.218
3147,35,753,10.897
3147,36,774,11.595
3147,37,794,12.31
3147,38,814,13.042
3147,39,835,13.791
3147,40,855,14.558
3147,41,876,15.338
3147,42,896,16.117001
3147,43,916,16.908001
3147,44,937,17.764
3147,45,957,18.601
3147,46,978,19.454
3147,47,998,20.323999
3147,48,1018,21.219
3147,49,1039,22.129
3147,50,1059,23.054001
3147,51,1080,23.993999
3147,52,1100,24.948999
3147,53,1120,25.917999
3147,54,1141,26.891001
3147,55,1161,27.848
3147,56,1182,28.834999
3147,57,1202,29.865999
3147,58,1222,30.912001
3147,59,1243,31.973
3147,60,1263,33.049
3147,61,1284,34.139
3147,62,1304,35.243999
3147,63,1324,36.362999
3147,64,1345,37.497002
3147,65,1365,38.618999
3147,66,1386,39.750999
3147,67,1406,40.938
3147,68,1426,42.125
3147,69,1447,43.312
3147,70,1467,44.513
3147,71,1488,45.726002
3147,72,1508,46.952
3147,73,1528,48.191002
3147,74,1549,49.442001
3147,75,1569,50.706001
3147,76,1590,51.981998
3147,77,1610,53.271
3147,78,1630,54.583
3147,79,1651,55.910999
3147,80,1671,57.252998
3147,81,1692,58.608002
3147,82,1712,59.976002
3147,83,1732,61.356998
3147,84,1753,62.751999
3147,85,1773,64.158997
3147,86,1794,65.579002
3147,87,1814,67.012001
3147,88,1834,68.458
3147,89,1855,69.917
3147,90,1875,71.389
3147,91,1896,72.873001
3147,92,1916,74.370003
3147,93,1936,75.878998
3147,94,1957,77.402
3147,95,1977,78.935997
3147,96,1998,80.484001
3147,97,2018,82.042999
3147,98,2038,83.615997
3147,99,2059,85.199997
3147,100,2079,86.796997
3148,1,60,0
3148,2,80,0.0060000001
3148,3,100,0.035999998
3148,4,121,0.079999998
3148,5,141,0.134
3148,6,162,0.198
3148,7,182,0.26899999
3148,8,202,0.34799999
3148,9,223,0.43399999
3148,10,243,0.52700001
3148,11,264,0.62599999
3148,12,284,0.73000002
3148,13,304,0.83999997
3148,14,325,0.95499998
3148,15,345,1.076
3148,16,366,1.201
3148,17,386,1.354
3148,18,406,1.632
3148,19,427,1.931
3148,20,447,2.2509999
3148,21,468,2.5899999
3148,22,488,2.948
3148,23,508,3.325
3148,24,529,3.721
3148,25,549,4.1339998
3148,26,570,4.566
3148,27,590,5.0139999
3148,28,610,5.48
3148,29,631,5.9619999
3148,30,651,6.461
3148,31,672,6.9759998
3148,32,692,7.5079999
3148,33,712,8.0550003
3148,34,733,8.618
3148,35,753,9.1960001
3148,36,774,9.7889996
3148,37,794,10.398
3148,38,814,11.022
3148,39,835,11.66
3148,40,855,12.313
3148,41,876,12.981
3148,42,896,13.662
3148,43,916,14.359
3148,44,937,15.069
3148,45,957,15.793
3148,46,978,16.531
3148,47,998,17.283001
3148,48,1018,18.048
3148,49,1039,18.827
3148,50,1059,19.618999
3148,51,1080,20.424999
3148,52,1100,21.243999
3148,53,1120,22.076
3148,54,1141,22.921
3148,55,1161,23.778999
3148,56,1182,24.65
3148,57,1202,25.533001
3148,58,1222,26.43
3148,59,1243,27.339001
3148,60,1263,28.26
3148,61,1284,29.194
3148,62,1304,30.141001
3148,63,1324,31.099001
3148,64,1345,32.07
3148,65,1365,33.053001
3148,66,1386,34.049
3148,67,1406,35.056
3148,68,1426,36.075001
3148,69,1447,37.106998
3148,70,1467,38.150002
3148,71,1488,39.205002
3148,72,1508,40.271
3148,73,1528,41.349998
3148,74,1549,42.439999
3148,75,1569,43.541
3148,76,1590,44.653999
3148,77,1610,45.778999
3148,78,1630,46.915001
3148,79,1651,48.062
3148,80,1671,49.221001
3148,81,1692,50.390999
3148,82,1712,51.571999
3148,83,1732,52.764
3148,84,1753,53.967999
3148,85,1773,55.181999
3148,86,1794,56.408001
3148,87,1814,57.645
3148,88,1834,58.891998
3148,89,1855,60.151001
3148,90,1875,61.419998
3148,91,1896,62.700001
3148,92,1916,63.991001
3148,93,1936,65.292999
3148,94,1957,66.606003
3148,95,1977,67.929001
3148,96,1998,69.263
3148,97,2018,70.607002
3148,98,2038,71.961998
3148,99,2059,73.327003
3148,100,2079,74.703003
3155,1,60,-0.067000002
3155,2,80,-0.067000002
3155,3,100,-0.064000003
3155,4,121,-0.037
3155,5,141,0.0070000002
3155,6,162,0.067000002
3155,7,182,0.127
3155,8,202,0.20299999
3155,9,223,0.28600001
3155,10,243,0.37599999
3155,11,264,0.465
3155,12,284,0.56599998
3155,13,304,0.67400002
3155,14,325,0.78600001
3155,15,345,0.88999999
3155,16,366,0.99900001
3155,17,386,1.13
3155,18,406,1.3
3155,19,427,1.55
3155,20,447,1.8099999
3155,21,468,2.0899999
3155,22,488,2.3800001
3155,23,508,2.7
3155,24,529,3.02
3155,25,549,3.3599999
3155,26,570,3.7
3155,27,590,4.0500002
3155,28,610,4.4299998
3155,29,631,4.8099999
3155,30,651,5.23
3155,31,672,5.6399999
3155,32,692,6.0500002
3155,33,712,6.48
3155,34,733,6.9099998
3155,35,753,7.3400002
3155,36,774,7.77
3155,37,794,8.21
3155,38,814,8.6899996
3155,39,835,9.1999998
3155,40,855,9.7299995
3154,1,60,0.067000002
3154,2,80,0.067000002
3154,3,100,0.083999999
3154,4,121,0.122
3154,5,141,0.184
3154,6,162,0.26199999
3154,7,182,0.347
3154,8,202,0.447
3154,9,223,0.55800003
3154,10,243,0.676
3154,11,264,0.81099999
3154,12,284,0.95200002
3154,13,304,1.1
3154,14,325,1.26
3154,15,345,1.42
3154,16,366,1.58
3154,17,386,1.78
3154,18,406,2.02
3154,19,427,2.3699999
3154,20,447,2.75
3154,21,468,3.1500001
3154,22,488,3.5699999
3154,23,508,4.02
3154,24,529,4.4899998
3154,25,549,4.98
3154,26,570,5.5
3154,27,590,6.0300002
3154,28,610,6.5799999
3154,29,631,7.1599998
3154,30,651,7.75
3154,31,672,8.3699999
3154,32,692,9
3154,33,712,9.6499996
3154,34,733,10.3
3154,35,753,11
3154,36,774,11.6
3154,37,794,12.4
3154,38,814,13.1
3154,39,835,13.8
3154,40,855,14.6
3154,41,876,15.4
3154,42,896,16.200001
3154,43,916,17
3154,44,937,17.799999
3154,45,957,18.700001
3154,46,978,19.6
3154,47,998,20.4
3154,48,1018,21.299999
3154,49,1039,22.200001
3154,50,1059,23.200001
3154,51,1080,24.1
3154,52,1100,25.1
3154,53,1120,26.1
3154,54,1141,27.1
3154,55,1161,28.1
3154,56,1182,29.1
3154,57,1202,30.1
3154,58,1222,31.200001
3154,59,1243,32.299999
3154,60,1263,33.299999
3154,61,1284,34.400002
3154,62,1304,35.5
3154,63,1324,36.700001
3154,64,1345,37.799999
3155,41,876,10.3
3155,42,896,10.8
3155,43,916,11.3
3155,44,937,11.9
3155,45,957,12.4
3155,46,978,13
3155,47,998,13.6
3155,48,1018,14.2
3155,49,1039,14.8
3155,50,1059,15.4
3155,51,1080,16
3155,52,1100,16.6
3155,53,1120,17.299999
3155,54,1141,17.9
3155,55,1161,18.6
3155,56,1182,19.299999
3155,57,1202,20
3155,58,1222,20.700001
3155,59,1243,21.4
3155,60,1263,22.1
3155,61,1284,22.799999
3155,62,1304,23.6
3155,63,1324,24.299999
3155,64,1345,25
3155,65,1365,25.799999
3155,66,1386,26.5
3155,67,1406,27.299999
3155,68,1426,28.1
3155,69,1447,28.799999
3155,70,1467,29.6
3155,71,1488,30.4
3155,72,1508,31.200001
3155,73,1528,32
3155,74,1549,32.900002
3155,75,1569,33.700001
3155,76,1590,34.5
3155,77,1610,35.400002
3155,78,1630,36.200001
3155,79,1651,37.099998
3155,80,1671,38
3155,81,1692,38.900002
3155,82,1712,39.799999
3155,83,1732,40.700001
3155,84,1753,41.599998
3155,85,1773,42.5
3155,86,1794,43.5
3155,87,1814,44.400002
3153,1,60,0
3153,2,80,0
3153,3,100,0.0070000002
3153,4,121,0.041999999
3153,5,141,0.093999997
3153,6,162,0.15899999
3153,7,182,0.235
3153,8,202,0.32100001
3153,9,223,0.41499999
3153,10,243,0.51800001
3153,11,264,0.62800002
3153,12,284,0.745
3153,13,304,0.86900002
3153,14,325,0.99900001
3153,15,345,1.14
3153,16,366,1.28
3153,17,386,1.4299999
3153,18,406,1.6900001
3153,19,427,1.99
3153,20,447,2.3099999
3153,21,468,2.6500001
3153,22,488,3
3153,23,508,3.3800001
3153,24,529,3.77
3153,25,549,4.1799998
3153,26,570,4.6100001
3153,27,590,5.0500002
3153,28,610,5.5100002
3153,29,631,5.98
3153,30,651,6.4699998
3153,31,672,6.98
3153,32,692,7.5
3153,33,712,8.04
3153,34,733,8.5900002
3153,35,753,9.1499996
3153,36,774,9.7299995
3153,37,794,10.3
3153,38,814,10.9
3153,39,835,11.6
3153,40,855,12.2
3153,41,876,12.8
3153,42,896,13.5
3153,43,916,14.2
3153,44,937,14.9
3153,45,957,15.6
3153,46,978,16.299999
3153,47,998,17
3153,48,1018,17.799999
3153,49,1039,18.5
3153,50,1059,19.299999
3153,51,1080,20.1
3153,52,1100,20.9
3153,53,1120,21.700001
3153,54,1141,22.5
3153,55,1161,23.299999
3153,56,1182,24.200001
3153,57,1202,25
3153,58,1222,25.9
3153,59,1243,26.799999
3153,60,1263,27.700001
3153,61,1284,28.6
3153,62,1304,29.5
3153,63,1324,30.4
3153,64,1345,31.299999
3153,65,1365,32.299999
3153,66,1386,33.200001
3153,67,1406,34.200001
3153,68,1426,35.200001
3153,69,1447,36.200001
3153,70,1467,37.200001
3153,71,1488,38.200001
3153,72,1508,39.200001
3153,73,1528,40.299999
3153,74,1549,41.299999
3153,75,1569,42.400002
3153,76,1590,43.400002
3153,77,1610,44.5
3153,78,1630,45.599998
3153,79,1651,46.700001
3153,80,1671,47.799999
3153,81,1692,48.900002
3153,82,1712,50.099998
3153,83,1732,51.200001
3153,84,1753,52.400002
3153,85,1773,53.5
3153,86,1794,54.700001
3153,87,1814,55.900002
3154,65,1365,39
3154,66,1386,40.099998
3154,67,1406,41.299999
3154,68,1426,42.5
3154,69,1447,43.700001
3154,70,1467,44.900002
3154,71,1488,46.200001
3154,72,1508,47.400002
3154,73,1528,48.700001
3154,74,1549,49.900002
3154,75,1569,51.200001
3154,76,1590,52.5
3154,77,1610,53.799999
3154,78,1630,55.099998
3154,79,1651,56.5
3154,80,1671,57.799999
3154,81,1692,59.200001
3154,82,1712,60.599998
3154,83,1732,61.900002
3154,84,1753,63.299999
3154,85,1773,64.800003
3154,86,1794,66.199997
3154,87,1814,67.599998
3154,88,1834,69.099998
3153,88,1834,57.099998
3153,89,1855,58.299999
3153,90,1875,59.5
3153,91,1896,60.700001
3153,92,1916,61.900002
3153,93,1936,63.200001
3153,94,1957,64.400002
3153,95,1977,65.699997
3153,96,1998,67
3153,97,2018,68.300003
3153,98,2038,69.599998
3153,99,2059,70.900002
3153,100,2079,72.199997
3154,89,1855,70.5
3154,90,1875,72
3154,91,1896,73.5
3154,92,1916,75
3154,93,1936,76.5
3154,94,1957,78
3154,95,1977,79.599998
3154,96,1998,81.099998
3154,97,2018,82.699997
3154,98,2038,84.300003
3154,99,2059,85.800003
3154,100,2079,87.400002
3155,88,1834,45.400002
3155,89,1855,46.299999
3155,90,1875,47.299999
3155,91,1896,48.200001
3155,92,1916,49.200001
3155,93,1936,50.200001
3155,94,1957,51.200001
3155,95,1977,52.200001
3155,96,1998,53.200001
3155,97,2018,54.200001
3155,98,2038,55.200001
3155,99,2059,56.299999
3155,100,2079,57.299999
3166,1,20,0.017000001
3207,1,300,0.15000001
3207,2,350,0.49000001
3314,3,145,0.142
3314,4,168,0.213
3314,5,190,0.29499999
3314,6,234,0.505
3314,7,279,0.78299999
3314,8,323,1.12
3314,9,412,2
3314,10,481,2.76
3314,11,586,4.9099998
3314,12,691,7.6399999
3314,13,900,14.8
3180,9,300,2.3199999
3180,10,380,3.5999999
3180,11,500,6
3180,12,700,10.4
3180,13,800,13.8
3180,14,1000,22
3180,15,1200,31
3180,16,1500,46
3180,17,1800,64
3180,18,1910,71
3180,19,2210,92.5
3180,20,2510,118
3180,21,2810,153
3180,22,3110,196
3180,23,3410,243
3180,24,3710,294
3181,1,80,0.25
3181,2,90,0.31999999
3181,3,100,0.40000001
3181,4,110,0.47999999
3181,5,140,0.75
3181,6,160,0.94999999
3181,7,180,1.17
3181,8,210,1.53
3181,9,240,1.92
3181,10,260,2.2
3181,11,280,2.5
3181,12,300,2.8199999
3181,13,320,3.1600001
3181,14,340,3.52
3181,15,360,3.8
3181,16,400,4.4000001
3181,17,500,6
3181,18,700,11
3181,19,800,14.5
3181,20,1000,22.5
3181,21,1200,32
3181,22,1500,47
3181,23,1800,65
3181,24,1910,71
3181,25,2210,92.5
3181,26,2510,118
3181,27,2810,153
3181,28,3110,196
3181,29,3410,243
3181,30,3710,297
3182,1,100,0.34999999
3182,2,120,0.44999999
3182,3,130,0.51999998
3182,4,150,0.68000001
3182,5,170,0.88
3182,6,190,1.1
3182,7,230,1.58
3182,8,270,2.1099999
3182,9,300,2.53
3182,10,350,3.28
3182,11,400,4.1900001
3182,12,500,6.0300002
3182,13,600,8.1999998
3182,14,700,10.6
3182,15,800,14
3182,16,1000,22
3182,17,1200,32
3182,18,1610,51
3182,19,1910,70
3182,20,2210,92.5
3182,21,2510,118
3182,22,2810,153
3182,23,3110,196
3182,24,3410,243
3182,25,3710,294
3183,1,160,0.44999999
3183,2,170,0.51999998
3183,3,190,0.68000001
3183,4,210,0.88
3183,5,230,1.1
3183,6,250,1.34
3183,7,280,1.73
3183,8,320,2.29
3183,9,350,2.74
3183,10,400,3.55
3183,11,500,5.5500002
3183,12,700,10.1
3183,13,800,13.9
3183,14,1000,22.1
3183,15,1200,32.5
3183,16,1610,52
3183,17,1910,71
3183,18,2210,92.5
3183,19,2510,118
3183,20,2810,153
3183,21,3110,196
3183,22,3410,243
3183,23,3710,294
3184,1,130,0.13
3184,2,140,0.17
3184,3,150,0.22
3184,4,170,0.34
3184,5,190,0.46000001
3184,6,210,0.60000002
3184,7,230,0.75999999
3184,8,250,0.94
3184,9,280,1.24
3184,10,300,1.46
3184,11,320,1.7
3184,12,340,1.96
3184,13,360,2.23
3184,14,380,2.55
3184,15,400,2.8599999
3184,16,440,3.7
3184,17,480,4.6199999
3184,18,540,6.1199999
3184,19,580,6.9000001
3184,20,700,10.6
3184,21,800,14.2
3184,22,1000,22.200001
3184,23,1200,32.599998
3184,24,1610,52
3184,25,1910,71
3184,26,2210,92.5
3184,27,2510,118
3184,28,2810,153
3184,29,3110,196
3184,30,3410,243
3184,31,3710,294
3185,1,80,0.14
3185,2,90,0.175
3216,9,1000,15.7
3216,10,1200,22.700001
3216,11,1400,30
3216,12,1600,37.5
3217,1,250,0.25
3217,2,300,0.44999999
3217,3,350,0.85000002
3217,4,400,1.33
3217,5,480,2.25
3217,6,600,3.8499999
3217,7,700,5.4000001
3217,8,950,10
3217,9,1150,15
3217,10,1300,19
3217,11,1500,25
3218,1,250,0.69
3218,2,300,0.88999999
3218,3,400,1.65
3218,4,450,2.3
3218,5,500,3.1500001
3218,6,600,5
3218,7,700,7.3000002
3218,8,800,9.6999998
3218,9,900,12.4
3218,10,1000,15.7
3218,11,1200,22.700001
3218,12,1400,30
3218,13,1600,37.5
3220,1,150,0.31
3220,2,200,0.46000001
3220,3,250,0.64999998
3220,4,300,0.92000002
3220,5,340,1.2
3220,6,400,1.8
3220,7,450,2.3499999
3220,8,500,3
3220,9,550,3.8
3220,10,600,4.8000002
3220,11,800,9
3220,12,1000,14.5
3220,13,1200,21
3220,14,1400,29
3220,15,1600,37
3238,2,80,0.035
3238,3,100,0.050000001
3238,4,129,0.079000004
3238,5,155,0.094999999
3238,6,192,0.15099999
3238,7,229,0.229
3238,8,266,0.33399999
3238,9,303,0.472
3238,10,340,0.648
3238,11,377,0.87
3238,12,414,1.14
3238,13,450,1.47
3238,14,501,1.88
3238,15,600,2.8
3238,16,800,5
3238,17,1200,10
3238,18,1500,14
3185,3,110,0.23999999
3185,4,120,0.38
3185,5,160,0.69999999
3185,6,180,0.88
3185,7,200,1.09
3185,8,220,1.3099999
3185,9,250,1.67
3185,10,280,2.0799999
3185,11,300,2.3800001
3185,12,320,2.7
3185,13,500,6.3000002
3185,14,700,10.9
3185,15,800,14.5
3185,16,1000,22.5
3185,17,1200,32.5
3185,18,1610,52
3185,19,1910,71
3185,20,2210,92.5
3185,21,2510,118
3185,22,2810,153
3185,23,3110,196
3185,24,3410,243
3185,25,3710,294
3186,1,200,1.35
3186,2,280,2.8
3186,3,300,3.2
3186,4,350,4.25
3186,5,400,5.3000002
3186,6,500,7.5999999
3186,7,600,10.1
3186,8,700,12.8
3186,9,800,16
3186,10,1000,26
3186,11,1610,50
3186,12,1910,70
3186,13,2210,92.5
3186,14,2510,117
3186,15,2810,153
3186,16,3110,196
3186,17,3410,243
3186,18,3710,294
3187,1,30,0.17
3187,2,40,0.20999999
3187,3,50,0.25999999
3187,4,60,0.31999999
3187,5,70,0.38999999
3187,6,80,0.46000001
3187,7,90,0.54000002
3187,8,100,0.63
3187,9,110,0.73000002
3187,10,120,0.83999997
3187,11,130,0.94999999
3187,12,140,1.0700001
3187,13,150,1.2
3187,14,160,1.35
3187,15,170,1.53
3187,16,200,2.0799999
3187,17,240,2.8
3187,18,300,4.04
3187,19,350,5.1199999
3187,20,400,6.3000002
3187,21,450,7.5500002
3187,22,500,8.8599997
3187,23,550,10.2
3187,24,600,11.7
3187,25,700,14.9
3187,26,1310,33
3187,27,1610,50
3187,28,1910,70
3187,29,2210,92.5
3187,30,2510,118
3187,31,2810,153
3187,32,3110,196
3187,33,3410,243
3187,34,3710,294
3188,1,80,0.059999999
3188,2,90,0.105
3188,3,100,0.17
3188,4,120,0.375
3188,5,140,0.61000001
3188,6,160,0.91000003
3188,7,180,1.24
3188,8,200,1.6
3188,9,230,2.1400001
3188,10,270,2.9300001
3188,11,300,3.5699999
3188,12,350,4.6900001
3188,13,400,5.5999999
3188,14,500,7.5
3188,15,1000,19
3188,16,1610,50
3188,17,1910,70
3188,18,2210,92.5
3188,19,2510,118
3188,20,2810,153
3188,21,3110,196
3188,22,3410,243
3188,23,3710,294
3189,1,200,0.1
3189,2,240,0.12
3189,3,270,0.28
3189,4,300,0.46000001
3189,5,320,0.62
3189,6,360,1.02
3189,7,400,1.5
3189,8,500,2.9000001
3189,9,600,4.5
3189,10,700,6.5
3189,11,800,9
3189,12,1000,17
3189,13,1200,26
3189,14,1500,41
3189,15,1800,57.5
3189,16,2100,77
3189,17,2510,118
3189,18,2810,153
3189,19,3110,196
3189,20,3410,243
3189,21,3710,294
3190,1,20,0.11
3190,2,60,0.16
3190,3,100,0.25
3190,4,150,0.46000001
3190,5,200,0.77499998
3190,6,250,1.25
3190,7,300,2
3190,8,400,3.7
3263,1,350,0.15000001
3263,2,400,0.34999999
3263,3,450,0.60000002
3263,4,500,0.89999998
3263,5,520,1.04
3263,6,580,1.52
3263,7,600,1.7
3263,8,700,2.7
3263,9,800,3.9000001
3263,10,900,5.4000001
3263,11,1000,7
3263,12,1100,8.6999998
3263,13,1200,10.7
3263,14,1300,13
3263,15,1400,15.5
3263,16,1500,18.299999
3263,17,1600,21.1
3263,18,1700,24.1
3263,19,1800,27.5
3263,20,1900,30.9
3263,21,2000,34.299999
3263,22,2100,37.700001
3263,23,2200,41.099998
3264,16,750,3.7
3264,17,850,5.0999999
3264,18,950,6.6999998
3264,19,1100,9.3999996
3264,20,1190,11.2
3264,21,1250,12.7
3264,22,1300,14
3264,23,1350,15.3
3264,24,1400,16.799999
3264,25,1500,19.799999
3264,26,1600,23
3264,27,1800,30.5
3264,28,2000,38
3264,29,2200,45.5
3298,1,200,0.029999999
3298,2,290,0.12
3298,3,330,0.2
3298,4,370,0.31999999
3298,5,470,0.72000003
3298,6,500,0.87
3298,7,550,1.2
3298,8,600,1.63
3299,1,150,0.017999999
3299,2,160,0.023
3299,3,170,0.029999999
3299,4,180,0.037999999
3299,5,190,0.046
3299,6,200,0.056000002
3299,7,220,0.079999998
3299,8,240,0.108
3299,9,260,0.138
3299,10,280,0.18000001
3299,11,300,0.213
3299,12,350,0.33000001
3299,13,400,0.54000002
3299,14,450,0.82999998
3299,15,500,1.1799999
3299,16,550,1.62
3299,17,600,2.1400001
3299,18,650,2.73
3299,19,700,3.3599999
3299,20,800,4.7800002
3300,1,250,0.205
3300,2,280,0.25
3300,3,310,0.31
3300,4,340,0.40000001
3300,5,400,0.63999999
3300,6,440,0.83999997
3300,7,490,1.14
3300,8,510,1.28
3300,9,540,1.52
3300,10,560,1.7
3300,11,580,1.9
3300,12,600,2.1199999
3300,13,620,2.3599999
3300,14,650,2.75
3300,15,730,3.8699999
3300,16,800,4.9000001
3300,17,900,6.4200001
3301,1,200,0.015
3301,2,220,0.029999999
3301,3,240,0.050000001
3301,4,260,0.079999998
3301,5,280,0.12
3301,6,300,0.19
3301,7,320,0.27000001
3301,8,360,0.47
3301,9,380,0.58999997
3301,10,400,0.73000002
3301,11,420,0.88999999
3301,12,450,1.16
3301,13,470,1.36
3301,14,490,1.58
3301,15,510,1.8200001
3301,16,530,2.0799999
3302,1,120,0.0020000001
3302,2,130,0.0040000002
3302,3,140,0.0070000002
3302,4,150,0.0099999998
3302,5,160,0.015
3302,6,170,0.025
3302,7,190,0.064999998
3302,8,240,0.20999999
3302,9,260,0.28999999
3302,10,290,0.44
3302,11,340,0.71499997
3302,12,380,0.95499998
3302,13,400,1.08
3302,14,450,1.4299999
3302,15,500,1.77
3302,16,550,2.1600001
3302,17,600,2.5699999
3302,18,650,3.02
3303,1,120,0.0020000001
3303,2,130,0.0040000002
3303,3,140,0.0070000002
3303,4,150,0.0099999998
3303,5,160,0.015
3303,6,170,0.025
3303,7,190,0.064999998
3303,8,240,0.20999999
3303,9,260,0.28999999
3303,10,290,0.44
3303,11,340,0.71499997
3303,12,380,0.95499998
3303,13,400,1.08
3303,14,450,1.4299999
3303,15,500,1.77
3303,16,550,2.1600001
3303,17,600,2.5699999
3304,1,160,0.015
3304,2,170,0.025
3304,3,190,0.064999998
3304,4,240,0.20999999
3304,5,260,0.28999999
3304,6,290,0.44
3304,7,340,0.71499997
3304,8,380,0.95499998
3304,9,400,1.08
3304,10,440,1.36
3304,11,480,1.63
3304,12,520,1.92
3304,13,560,2.24
3304,14,600,2.5699999
3304,15,640,2.9300001
3293,1,250,0.0049999999
3293,2,280,0.013
3293,3,300,0.022
3293,4,320,0.035
3293,5,340,0.055
3293,6,360,0.079000004
3293,7,380,0.105
3293,8,400,0.133
3293,9,420,0.16599999
3294,1,170,0.0049999999
3294,2,180,0.0070000002
3294,3,200,0.013
3294,4,220,0.022
3294,5,240,0.035
3294,6,260,0.055
3294,7,280,0.079000004
3294,8,300,0.105
3294,9,320,0.133
3294,10,340,0.16599999
3294,11,360,0.206
3294,12,380,0.255
3294,13,400,0.317
3294,14,420,0.40000001
3294,15,440,0.49200001
3294,16,460,0.58200002
3294,17,480,0.69
3294,18,500,0.82999998
3294,19,550,1.22
3294,20,600,1.63
3294,21,650,2.1300001
3294,22,700,2.6700001
3294,23,800,3.8699999
3294,24,850,4.54
3294,25,900,5.2800002
3295,1,300,0.0099999998
3295,2,320,0.018999999
3295,3,340,0.029999999
3295,4,360,0.046
3295,5,380,0.068000004
3295,6,400,0.1
3295,7,420,0.14
3295,8,440,0.185
3295,9,460,0.235
3295,10,480,0.28999999
3295,11,500,0.35499999
3295,12,520,0.44499999
3295,13,540,0.537
3295,14,560,0.63
3295,15,580,0.75999999
3295,16,600,0.91000003
3295,17,620,1.0599999
3295,18,650,1.3
3295,19,700,1.73
3295,20,750,2.23
3295,21,800,2.79
3295,22,850,3.3900001
3295,23,900,4
3295,24,950,4.6799998
3295,25,1000,5.4000001
3296,1,150,0.0049999999
3296,2,170,0.0099999998
3296,3,190,0.017000001
3296,4,210,0.028000001
3296,5,230,0.044
3296,6,250,0.067000002
3296,7,270,0.092
3296,8,300,0.133
3296,9,320,0.16599999
3296,10,340,0.206
3296,11,360,0.255
3296,12,380,0.317
3296,13,400,0.40000001
3296,14,420,0.49200001
3296,15,440,0.57999998
3296,16,460,0.69
3296,17,480,0.82999998
3296,18,500,0.99000001
3296,19,550,1.37
3296,20,600,1.83
3296,21,650,2.3399999
3297,1,180,0.012
3297,2,190,0.017000001
3297,3,200,0.023
3297,4,210,0.029999999
3297,5,220,0.039000001
3297,6,230,0.050999999
3297,7,240,0.064000003
3297,8,250,0.078000002
3297,9,260,0.092
3297,10,280,0.122
3297,11,300,0.155
3297,12,320,0.192
3297,13,340,0.234
3297,14,360,0.28400001
3297,15,380,0.34200001
3297,16,400,0.41
3297,17,420,0.49000001
3297,18,440,0.58999997
3297,19,460,0.79000002
3297,20,480,0.86000001
3297,21,500,1
3297,22,550,1.37
3297,23,600,1.83
3297,24,650,2.3399999
3297,25,700,2.9100001
3297,26,750,3.51
3297,27,800,4.1300001
3297,28,850,4.8299999
3298,9,650,2.1500001
3298,10,700,2.75
3298,11,800,4.1999998
3288,1,400,0.0099999998
3288,2,440,0.037999999
3288,3,480,0.093999997
3288,4,520,0.19
3288,5,600,0.49000001
3288,6,700,0.99000001
3288,7,800,1.55
3288,8,900,2.25
3288,9,1000,3.1500001
3288,10,1100,4.1999998
3288,11,1300,6
3289,1,450,0
3289,2,500,0.050000001
3289,3,550,0.13
3289,4,600,0.25999999
3289,5,650,0.44999999
3289,6,700,0.69999999
3289,7,800,1.25
3289,8,900,1.9
3289,9,1000,2.8
3290,1,200,0.033
3290,2,250,0.052999999
3290,3,370,0.119
3290,4,440,0.315
3290,5,580,0.98000002
3290,6,700,1.8200001
3290,7,850,3.4000001
3290,8,1050,5.5999999
3291,1,100,0.029999999
3291,2,300,0.13
3291,3,320,0.15000001
3291,4,340,0.18000001
3291,5,360,0.22
3291,6,380,0.28
3291,7,400,0.36000001
3291,8,500,0.86000001
3291,9,600,1.51
3291,10,700,2.26
3291,11,800,3.21
3291,12,890,4.1999998
3291,13,1090,6.8000002
3291,14,1210,8
3292,1,100,0.003
3292,2,120,0.0049999999
3292,3,140,0.0099999998
3292,4,160,0.017000001
3292,5,180,0.028000001
3292,6,200,0.044
3292,7,220,0.067000002
3292,8,240,0.092
3292,9,260,0.119
3292,10,280,0.149
3292,11,300,0.185
3292,12,320,0.23
3292,13,340,0.285
3292,14,360,0.35499999
3292,15,380,0.44999999
3292,16,400,0.54000002
3292,17,420,0.63
3292,18,440,0.75999999
3292,19,460,0.91000003
3292,20,480,1.0599999
3292,21,500,1.22
3292,22,550,1.63
3292,23,600,2.1300001
3292,24,650,2.6700001
3292,25,700,3.27
3292,26,750,3.8699999
3292,27,800,4.54
3292,28,850,5.2800002
3292,29,900,6.0300002
3292,30,950,6.7800002
3292,31,1000,7.5300002
3292,32,1050,8.3299999
3292,33,1100,9.1800003
3292,34,1150,10.1
3292,35,1250,11.9
3292,36,1300,12.9
3293,10,440,0.206
3293,11,460,0.255
3293,12,480,0.317
3293,13,500,0.40000001
3293,14,550,0.63
3293,15,600,0.99000001
3293,16,650,1.37
3293,17,700,1.83
3293,18,750,2.3399999
3293,19,800,2.9100001
3293,20,850,3.51
3293,21,900,4.1300001
3293,22,950,4.8299999
3293,23,1000,5.5799999
3293,24,1100,7.0799999
3293,25,1200,8.75
3293,26,1300,10.5
3293,27,1400,12.3
3294,26,1000,6.7800002
3294,27,1100,8.4499998
3294,28,1200,10.2
3294,29,1300,12.1
3295,26,1050,6.0999999
3295,27,1100,6.8499999
3295,28,1150,7.5999999
3296,22,700,2.9100001
3296,23,800,4.1300001
3296,24,900,5.5799999
3296,25,1000,7.0799999
3297,29,900,5.5799999
3297,30,950,6.3299999
3297,31,1000,7.0799999
3298,12,900,5.6900001
3298,13,1000,7.3000002
3299,21,900,6.3200002
3299,22,1000,7.9699998
3299,23,1100,9.7399998
3300,18,1000,8.04
3300,19,1100,9.7299995
3301,17,610,3.2
3301,18,680,4.25
3301,19,740,5.21
3302,19,700,3.47
3302,20,750,3.98
3303,18,650,3.02
3303,19,700,3.47
3303,20,750,3.98
3304,16,680,3.29
3304,17,720,3.6500001
3307,1,520,0
3307,2,530,0.015
3307,3,540,0.029999999
3307,4,550,0.050000001
3307,5,560,0.15000001
3307,6,630,1.2
3307,7,680,2.2
3307,8,780,4.6999998
3307,9,860,7.0999999
3307,10,970,11.5
3307,11,1100,18
3307,12,1180,22.799999
3307,13,1270,29.1
3307,14,1320,33.099998
3307,15,1430,43
3307,16,1500,50
3307,17,1550,55.5
3307,18,1600,61.5
3307,19,1650,68
3307,20,1700,75
3307,21,1800,91
3307,22,2100,142
3308,1,350,0
3308,2,400,0.1
3308,3,500,0.5
3308,4,600,1.5
3308,5,680,3.0999999
3308,6,810,7
3308,7,830,7.8000002
3308,8,860,9
3308,9,950,13.5
3308,10,1020,17.700001
3308,11,1120,24.700001
3308,12,1200,31.1
3308,13,1270,37.400002
3308,14,1390,49.400002
3308,15,1430,53.799999
3308,16,1460,57.400002
3308,17,1550,70
3308,18,1750,100
3308,19,2150,180
3309,14,1000,21
3309,15,1300,33
3309,16,1600,47
3309,17,1700,52
3310,19,1500,42
3310,20,1600,47
3310,21,1700,52
3370,1,148,0
3370,2,157,0.0049999999
3370,3,166,0.016000001
3370,4,175,0.029999999
3370,5,184,0.046999998
3370,6,203,0.064999998
3370,7,222,0.133
3370,8,237,0.18000001
3370,9,238,0.19
3370,10,336,0.63
3370,11,385,0.91600001
3370,12,435,1.3099999
3370,13,484,1.8099999
3370,14,539,2.53
3370,15,593,3.47
3370,16,647,4.6300001
3314,18,1938,63.200001
3320,13,3000,229
3320,14,3200,254
3329,1,899,0
3329,2,905,0.061000001
3329,3,910,0.131
3329,4,921,0.31900001
3329,5,942,0.75099999
3329,6,963,1.25
3329,7,984,1.8
3329,8,1026,3
3329,9,1068,4.3299999
3329,10,1237,10.5
3329,11,1406,17.6
3329,12,1575,25.5
3329,13,1913,42.799999
3329,14,2250,61.799999
3329,15,3600,150
3329,16,4000,184
3329,17,4400,226
3329,18,4800,275
3329,19,5200,328
3329,20,5600,381
3329,21,6000,443
3333,14,2000,22
3333,15,2100,24.1
3333,16,2300,32
3333,17,2500,43
3333,18,2650,53
3333,19,2800,67
3333,20,3100,115
3333,21,3400,165
3190,9,600,7.6999998
3190,10,700,10.3
3190,11,850,14.8
3190,12,900,16.5
3190,13,1000,20
3190,14,1200,28.5
3190,15,1600,50
3190,16,1910,70
3190,17,2210,92.5
3190,18,2510,118
3190,19,2810,153
3190,20,3110,196
3190,21,3410,243
3190,22,3710,294
3191,1,-20,0.1
3191,2,20,0.13
3191,3,60,0.18000001
3191,4,80,0.22
3191,5,100,0.28
3191,6,120,0.36500001
3191,7,150,0.51999998
3191,8,200,0.87
3191,9,250,1.35
3191,10,300,2
3191,11,350,2.8
3191,12,400,3.7
3191,13,600,7.9000001
3191,14,700,10.3
3191,15,850,14.8
3191,16,900,16.5
3191,17,1000,20
3191,18,1200,28.5
3191,19,1600,50
3191,20,1910,70
3191,21,2210,92.5
3191,22,2510,118
3191,23,2810,153
3191,24,3110,196
3191,25,3410,243
3191,26,3710,294
3192,1,-20,-0.23199999
3192,2,17,-0.17200001
3192,3,54,-0.043000001
3192,4,91,0.13
3192,5,128,0.33500001
3192,6,166,0.56900001
3192,7,203,0.80900002
3192,8,240,1.082
3192,9,277,1.396
3192,10,314,1.758
3192,11,352,2.158
3192,12,389,2.586
3192,13,426,3.0109999
3192,14,463,3.484
3192,15,500,4.1209998
3192,16,538,4.7839999
3192,17,575,5.5489998
3192,18,612,6.2309999
3192,19,649,7.0469999
3192,20,686,7.8990002
3192,21,724,8.8929996
3192,22,761,9.8730001
3192,23,798,10.781
3192,24,835,11.779
3192,25,872,12.786
3192,26,910,13.843
3192,27,947,14.879
3192,28,984,15.945
3192,29,1021,17.107
3192,30,1058,18.308001
3192,31,1096,19.542999
3192,32,1133,20.826
3192,33,1170,22.153
3192,34,1207,23.513
3192,35,1244,24.860001
3192,36,1282,26.179001
3192,37,1319,27.568001
3192,38,1356,28.950001
3192,39,1393,30.318001
3192,40,1430,31.704
3192,41,1468,33.113998
3192,42,1505,34.548
3192,43,1542,36.006001
3192,44,1579,37.487999
3192,45,1616,38.993
3192,46,1654,40.595001
3192,47,1691,42.243
3192,48,1728,43.882999
3192,49,1765,45.509998
3192,50,1802,47.161999
3192,51,1840,48.837002
3192,52,1877,50.535
3192,53,1914,52.257
3192,54,1951,54.000999
3192,55,1988,55.769001
3192,56,2025,57.558998
3192,57,2063,59.396999
3192,58,2100,61.244999
3192,59,2137,63.085999
3192,60,2174,64.946999
3192,61,2212,66.848999
3192,62,2249,68.774002
3192,63,2286,70.720001
3192,64,2323,72.688004
3192,65,2360,74.708
3192,66,2398,76.765999
3192,67,2435,78.847
3192,68,2472,80.949997
3192,69,2509,83.075996
3192,70,2546,85.165001
3192,71,2584,87.262001
3192,72,2621,89.442001
3192,73,2658,91.643997
3192,74,2695,93.867996
3192,75,2732,96.113998
3192,76,2770,98.380997
3192,77,2807,100.706
3192,78,2844,103.201
3192,79,2881,105.753
3192,80,2918,108.045
3192,81,2956,110.356
3192,82,2993,112.725
3192,83,3030,115.551
3192,84,3067,118.425
3192,85,3104,121.347
3192,86,3142,124.316
3192,87,3179,127.33
3243,7,1000,6.1999998
3243,8,1400,14
3243,9,1800,28
3243,10,2000,37
3244,11,2000,37
3245,11,1800,28
3245,12,2000,37
3259,1,400,0.22499999
3259,2,430,0.30000001
3259,3,470,0.41999999
3259,4,490,0.5
3259,5,540,0.75
3259,6,590,1.1
3259,7,650,1.7
3259,8,700,2.3
3259,9,800,3.7
3259,10,1000,6.6999998
3259,11,1100,8.5
3259,12,1500,16.5
3259,13,2000,29
3259,14,2200,35
3260,1,400,0.22499999
3260,2,430,0.30000001
3260,3,500,0.50999999
3260,4,510,0.55000001
3260,5,550,0.75
3260,6,600,1.1
3260,7,650,1.6
3260,8,750,3
3260,9,900,5.4000001
3260,10,1000,7.1999998
3260,11,1200,11
3260,12,1300,13
3260,13,1500,18
3260,14,1900,28
3261,1,400,0.33000001
3261,2,470,0.54000002
3261,3,510,0.69999999
3261,4,570,1
3261,5,590,1.12
3261,6,650,1.6
3261,7,700,2.2
3261,8,750,3
3261,9,800,3.9000001
3261,10,900,5.6999998
3261,11,1250,12
3261,12,1300,13
3261,13,1400,15.5
3261,14,1700,24.5
3261,15,1800,28
3261,16,2000,36
3267,1,350,0.2
3267,2,360,0.23999999
3267,3,410,0.49000001
3267,4,440,0.67000002
3267,5,490,1.02
3267,6,510,1.1799999
3267,7,590,1.9
3267,8,740,3.4000001
3267,9,960,6.6999998
3267,10,1130,10.1
3267,11,1250,13.1
3267,12,1380,17
3267,13,1540,22.6
3267,14,1680,28.200001
3267,15,1900,39.200001
3268,7,1540,22.6
3268,8,1690,28.6
3268,9,2000,44.099998
3269,10,1100,4.1999998
3269,11,1300,6
3270,7,800,1.25
3270,8,900,1.9
3270,9,1000,2.8
3271,7,850,3.4000001
3271,8,1050,5.5999999
3442,1,500,0.292
3442,2,515,0.38299999
3442,3,530,0.48899999
3442,4,560,0.74599999
3442,5,619,1.4400001
3442,6,649,1.89
3442,7,679,2.4200001
3442,8,738,3.6800001
3442,9,798,5.27
3442,10,857,7.2800002
3442,11,937,10
3442,12,1016,13.3
3442,13,1175,21.700001
3442,14,1333,33.700001
3442,15,1575,54.5
3442,16,1816,80.699997
3442,17,2299,150
3443,2,519,0.264
3484,1,290,0.12
3484,2,300,0.15000001
3486,1,380,0.257
3486,2,400,0.33000001
3486,3,430,0.44999999
3486,4,460,0.60000002
3486,5,500,0.88
3486,6,550,1.28
3486,7,600,1.73
3486,8,650,2.23
3486,9,700,2.73
3486,10,750,3.3299999
3486,11,800,3.98
3486,12,900,5.3800001
3486,13,930,5.8000002
3486,14,950,6.0999999
3192,88,3216,130.38901
3192,89,3253,133.494
3192,90,3290,136.64301
3192,91,3328,139.836
3192,92,3365,143.07201
3192,93,3402,146.351
3192,94,3439,149.673
3192,95,3476,153.037
3192,96,3514,156.45399
3192,97,3551,160.097
3192,98,3588,163.783
3192,99,3625,167.50999
3192,100,3662,171.22
3193,1,-20,0.237
3193,2,17,0.30899999
3193,3,54,0.47499999
3193,4,91,0.69199997
3193,5,128,0.95499998
3193,6,166,1.258
3193,7,203,1.608
3193,8,240,2.0190001
3193,9,277,2.415
3193,10,314,2.882
3193,11,352,3.3889999
3193,12,389,4.0440001
3193,13,426,4.7480001
3193,14,463,5.4850001
3193,15,500,6.2319999
3193,16,538,7.1149998
3193,17,575,8.0430002
3193,18,612,9.0159998
3193,19,649,10.064
3193,20,686,11.094
3193,21,724,12.301
3193,22,761,13.556
3193,23,798,14.829
3193,24,835,16.129
3193,25,872,17.475
3193,26,910,18.865999
3193,27,947,20.301001
3193,28,984,21.780001
3193,29,1021,23.263
3193,30,1058,24.757
3193,31,1096,26.285999
3193,32,1133,27.912001
3193,33,1170,29.643
3193,34,1207,31.451
3193,35,1244,33.283001
3193,36,1282,35.132
3193,37,1319,36.985001
3193,38,1356,38.876999
3193,39,1393,40.792999
3193,40,1430,42.733002
3193,41,1468,44.709
3193,42,1505,46.721001
3193,43,1542,48.768002
3193,44,1579,50.848999
3193,45,1616,52.966
3193,46,1654,55.116001
3193,47,1691,57.300999
3193,48,1728,59.519001
3193,49,1765,61.771
3193,50,1802,64.056
3193,51,1840,66.374001
3193,52,1877,68.724998
3193,53,1914,71.109001
3193,54,1951,73.524002
3193,55,1988,75.998001
3193,56,2025,78.555
3193,57,2063,81.078003
3193,58,2100,83.586998
3193,59,2137,86.125
3193,60,2174,88.695
3193,61,2212,91.321999
3193,62,2249,93.988998
3193,63,2286,96.685997
3193,64,2323,99.414001
3193,65,2360,102.172
3193,66,2398,104.96
3193,67,2435,107.815
3193,68,2472,110.821
3193,69,2509,113.86
3193,70,2546,116.934
3193,71,2584,120.042
3193,72,2621,123.483
3193,73,2658,127.024
3193,74,2695,130.239
3193,75,2732,134.026
3193,76,2770,137.91
3193,77,2807,141.89
3193,78,2844,146.18201
3193,79,2881,150.35001
3193,80,2918,154.38
3193,81,2956,158.466
3193,82,2993,162.535
3193,83,3030,167.01801
3193,84,3067,171.589
3193,85,3104,176.246
3193,86,3142,180.989
3193,87,3179,185.399
3193,88,3216,190.50999
3193,89,3253,195.698
3193,90,3290,200.793
3193,91,3328,205.94701
3193,92,3365,211.181
3193,93,3402,216.494
3193,94,3439,221.88499
3193,95,3476,227.353
3193,96,3514,232.06599
3193,97,3551,236.763
3193,98,3588,241.52699
3193,99,3625,246.395
3193,100,3662,252.214
3194,1,-20,0
3194,2,17,0.07
3194,3,54,0.223
3194,4,91,0.426
3194,5,128,0.67000002
3194,6,166,0.949
3194,7,203,1.2589999
3194,8,240,1.598
3194,9,277,1.9630001
3194,10,314,2.3529999
3194,11,352,2.766
3194,12,389,3.2019999
3194,13,426,3.7149999
3194,14,463,4.4190001
3337,1,150,-0.090000004
3337,2,157,-0.090000004
3337,3,165,-0.079999998
3337,4,172,-0.071000002
3337,5,180,-0.059999999
3337,6,187,-0.043000001
3337,7,195,-0.025
3337,8,202,-0.0040000002
3337,9,210,0.021
3337,10,217,0.052000001
3337,11,225,0.077
3337,12,232,0.112
3337,13,240,0.149
3337,14,247,0.189
3337,15,255,0.223
3337,16,262,0.257
3337,17,270,0.296
3337,18,277,0.33700001
3337,19,285,0.38299999
3337,20,292,0.433
3337,21,300,0.486
3337,22,307,0.54000002
3337,23,315,0.59600002
3337,24,322,0.65200001
3337,25,330,0.71499997
3337,26,337,0.778
3337,27,345,0.84500003
3337,28,352,0.91500002
3337,29,360,0.98699999
3337,30,367,1.063
3337,31,375,1.14
3337,32,382,1.2180001
3337,33,390,1.296
3337,34,397,1.375
3337,35,405,1.459
3337,36,412,1.545
3337,37,420,1.6339999
3337,38,427,1.725
3337,39,435,1.818
3337,40,442,1.913
3337,41,450,2.013
3337,42,457,2.115
3337,43,465,2.211
3337,44,472,2.309
3337,45,480,2.411
3337,46,487,2.5150001
3337,47,495,2.622
3337,48,502,2.7290001
3337,49,510,2.839
3337,50,517,2.9489999
3337,51,525,3.062
3337,52,532,3.175
3337,53,540,3.29
3337,54,547,3.4070001
3337,55,555,3.5250001
3337,56,562,3.6440001
3337,57,570,3.7650001
3337,58,577,3.8829999
3337,59,585,4.0029998
3337,60,592,4.1230001
3337,61,600,4.2509999
3337,62,607,4.3730001
3337,63,615,4.494
3337,64,622,4.618
3337,65,630,4.744
3337,66,637,4.8720002
3337,67,645,5.0009999
3337,68,652,5.131
3337,69,660,5.2620001
3337,70,667,5.3940001
3337,71,675,5.527
3337,72,682,5.664
3337,73,690,5.803
3337,74,697,5.9429998
3337,75,705,6.0840001
3337,76,712,6.2259998
3337,77,720,6.369
3337,78,727,6.513
3337,79,735,6.658
3337,80,742,6.8039999
3337,81,750,6.9510002
3337,82,757,7.099
3337,83,765,7.2480001
3337,84,772,7.3979998
3337,85,780,7.5500002
3337,86,787,7.7020001
3337,87,795,7.8520002
3337,88,802,8.0030003
3337,89,810,8.1549997
3337,90,817,8.3070002
3337,91,825,8.4610004
3337,92,832,8.6230001
3563,1,-10,0.0099999998
3563,2,5,0.022
3563,3,12,0.029999999
3563,4,19,0.039999999
3194,15,500,5.171
3194,16,538,5.9689999
3194,17,575,6.8130002
3194,18,612,7.7010002
3194,19,649,8.6309996
3194,20,686,9.6040001
3194,21,724,10.618
3194,22,761,11.672
3194,23,798,12.765
3194,24,835,13.898
3194,25,872,15.068
3194,26,910,16.275999
3194,27,947,17.521
3194,28,984,18.802999
3194,29,1021,20.120001
3194,30,1058,21.473
3194,31,1096,22.861
3194,32,1133,24.283001
3194,33,1170,25.74
3194,34,1207,27.23
3194,35,1244,28.754
3194,36,1282,30.309999
3194,37,1319,31.9
3194,38,1356,33.521
3194,39,1393,35.174999
3194,40,1430,36.860001
3194,41,1468,38.577
3194,42,1505,40.325001
3194,43,1542,42.103001
3194,44,1579,43.911999
3194,45,1616,45.751999
3194,46,1654,47.622002
3194,47,1691,49.521
3194,48,1728,51.450001
3194,49,1765,53.408001
3194,50,1802,55.396
3194,51,1840,57.411999
3194,52,1877,59.458
3194,53,1914,61.530998
3194,54,1951,63.633999
3194,55,1988,65.764
3194,56,2025,67.921997
3194,57,2063,70.108002
3194,58,2100,72.321999
3194,59,2137,74.563004
3194,60,2174,76.831001
3194,61,2212,79.125999
3194,62,2249,81.448997
3194,63,2286,83.797997
3194,64,2323,86.174004
3194,65,2360,88.575996
3194,66,2398,91.004997
3194,67,2435,93.459
3194,68,2472,95.940002
3194,69,2509,98.446999
3194,70,2546,100.98
3194,71,2584,103.538
3194,72,2621,106.122
3194,73,2658,108.732
3194,74,2695,111.366
3194,75,2732,114.026
3194,76,2770,116.71
3194,77,2807,119.42
3194,78,2844,122.155
3194,79,2881,124.963
3194,80,2918,127.917
3194,81,2956,130.985
3194,82,2993,134.157
3194,83,3030,137.423
3194,84,3067,140.78
3194,85,3104,144.222
3194,86,3142,147.748
3194,87,3179,151.354
3194,88,3216,155.039
3194,89,3253,158.799
3194,90,3290,162.63499
3194,91,3328,166.54401
3194,92,3365,170.52499
3194,93,3402,174.577
3194,94,3439,178.69901
3194,95,3476,182.89
3194,96,3514,187.14799
3194,97,3551,191.47301
3194,98,3588,195.86501
3194,99,3625,200.32201
3194,100,3662,204.843
3207,3,400,0.88
3207,4,450,1.3
3211,1,150,0.021
3211,2,159,0.028000001
3211,3,168,0.035999998
3211,4,185,0.055
3211,5,203,0.082000002
3211,6,220,0.113
3211,7,255,0.199
3211,8,290,0.31600001
3211,9,325,0.47
3211,10,360,0.662
3211,11,395,0.898
3211,12,430,1.1799999
3211,13,459,1.47
3211,14,514,2.22
3211,15,569,3.26
3211,16,666,5.21
3211,17,1416,28.6
3216,5,600,5
3216,6,700,7.3000002
3216,7,800,9.6999998
3216,8,900,12.4
3314,14,1065,20.4
3314,15,1281,29
3314,16,1497,39.099998
3314,17,1713,50.700001
3563,5,34,0.067000002
3563,6,41,0.082999997
3563,7,48,0.193
3563,8,65,0.266
3337,93,840,8.7860003
3337,94,847,8.9499998
3337,95,855,9.1070004
3337,96,862,9.2659998
3337,97,870,9.4259996
3337,98,877,9.5860004
3337,99,885,9.7480001
3337,100,892,9.9099998
3338,1,150,0.083999999
3338,2,157,0.083999999
3338,3,165,0.086000003
3338,4,172,0.089000002
3338,5,180,0.107
3338,6,187,0.117
3338,7,195,0.142
3338,8,202,0.16500001
3338,9,210,0.197
3338,10,217,0.229
3338,11,225,0.264
3338,12,232,0.301
3338,13,240,0.34099999
3338,14,247,0.38299999
3338,15,255,0.42699999
3338,16,262,0.47299999
3338,17,270,0.52100003
3338,18,277,0.56999999
3338,19,285,0.61900002
3338,20,292,0.67199999
3338,21,300,0.72799999
3338,22,307,0.78799999
3338,23,315,0.85600001
3338,24,322,0.92199999
3338,25,330,0.99599999
3338,26,337,1.072
3338,27,345,1.154
3338,28,352,1.2410001
3338,29,360,1.323
3338,30,367,1.416
3338,31,375,1.51
3338,32,382,1.604
3338,33,390,1.702
3338,34,397,1.809
3338,35,405,1.9170001
3338,36,412,2.0250001
3338,37,420,2.1329999
3338,38,427,2.2449999
3338,39,435,2.358
3338,40,442,2.474
3338,41,450,2.5910001
3338,42,457,2.711
3338,43,465,2.832
3338,44,472,2.9560001
3338,45,480,3.0829999
3338,46,487,3.2160001
3338,47,495,3.352
3338,48,502,3.49
3338,49,510,3.6300001
3338,50,517,3.7720001
3338,51,525,3.9159999
3338,52,532,4.0599999
3338,53,540,4.204
3338,54,547,4.348
3338,55,555,4.4959998
3338,56,562,4.6440001
3338,57,570,4.796
3338,58,577,4.948
3338,59,585,5.1100001
3338,60,592,5.2740002
3338,61,600,5.4400001
3338,62,607,5.6069999
3338,63,615,5.776
3338,64,622,5.947
3338,65,630,6.1199999
3338,66,637,6.2940001
3338,67,645,6.467
3338,68,652,6.6370001
3338,69,660,6.809
3338,70,667,6.9850001
3338,71,675,7.1659999
3338,72,682,7.3429999
3338,73,690,7.52
3338,74,697,7.7069998
3338,75,705,7.8850002
3338,76,712,8.0649996
3338,77,720,8.2469997
3338,78,727,8.4300003
3338,79,735,8.6160002
3338,80,742,8.8050003
3338,81,750,9.0010004
3338,82,757,9.1990004
3338,83,765,9.3979998
3338,84,772,9.599
3338,85,780,9.802
3338,86,787,10.005
3338,87,795,10.211
3338,88,802,10.417
3338,89,810,10.625
3338,90,817,10.835
3338,91,825,11.046
3338,92,832,11.258
3338,93,840,11.475
3338,94,847,11.695
3338,95,855,11.917
3338,96,862,12.14
3338,97,870,12.365
3338,98,877,12.592
3338,99,885,12.819
3338,100,892,13.048
3339,1,150,0
3339,2,157,0
3339,3,165,0
3339,4,172,0.0020000001
3339,5,180,0.014
3339,6,187,0.030999999
3339,7,195,0.052999999
3339,8,202,0.079000004
3339,9,210,0.107
3339,10,217,0.139
3339,11,225,0.17299999
3339,12,232,0.20999999
3339,13,240,0.248
3339,14,247,0.289
3339,15,255,0.33199999
3339,16,262,0.377
3339,17,270,0.42399999
3339,18,277,0.472
3339,19,285,0.523
3362,15,1000,13.8
3362,16,1500,24.799999
3363,7,281,0.39399999
3363,8,311,0.65100002
3363,9,341,0.96799999
3363,10,401,1.7
3363,11,450,2.5799999
3363,12,500,3.49
3363,13,601,5.8400002
3363,14,804,11.7
3363,15,1068,20.299999
3363,16,1596,39.099998
3363,17,1900,51.700001
3363,18,2650,86.900002
3363,19,3006,106
3537,1,140,0.059999999
3537,2,160,0.079999998
3537,3,180,0.1
3537,4,200,0.13
3537,5,210,0.155
3537,6,220,0.18000001
3537,7,230,0.22
3537,8,250,0.31
3537,9,300,0.63999999
3537,10,350,1.1
3537,11,400,1.6
3537,12,455,2.3499999
3537,13,509,3.2
3537,14,622,5.3600001
3537,15,708,7.3699999
3537,16,785,9.2399998
3538,1,140,0.059999999
3538,2,160,0.079999998
3538,3,180,0.1
3538,4,200,0.124
3538,5,210,0.14
3538,6,220,0.17
3538,7,230,0.2
3538,8,250,0.27000001
3538,9,260,0.31999999
3538,10,270,0.38999999
3538,11,300,0.625
3538,12,350,1.15
3538,13,400,1.7
3538,14,451,2.5
3538,15,509,3.4400001
3538,16,560,4.3800001
3538,17,627,5.6199999
3539,1,140,0.059999999
3539,2,160,0.079999998
3539,3,180,0.1
3539,4,200,0.13
3539,5,210,0.16
3539,6,220,0.2
3539,7,230,0.25
3539,8,250,0.34999999
3539,9,300,0.69999999
3539,10,351,1.17
3539,11,400,1.72
3539,12,451,2.46
3539,13,504,3.3499999
3539,14,572,4.5300002
3539,15,649,5.98
3539,16,747,8.3000002
3540,1,140,0.059999999
3540,2,160,0.079999998
3540,3,180,0.1
3540,4,200,0.13
3540,5,210,0.16
3540,6,220,0.2
3540,7,230,0.25
3540,8,250,0.34999999
3540,9,300,0.69999999
3540,10,350,1.15
3540,11,398,1.65
3540,12,450,2.4000001
3540,13,502,3.24
3540,14,565,4.3899999
3540,15,665,6.3400002
3540,16,762,8.6700001
3541,1,140,0.050000001
3541,2,160,0.059999999
3541,3,180,0.075000003
3541,4,200,0.094999999
3541,5,210,0.115
3541,6,220,0.15000001
3541,7,230,0.2
3541,8,250,0.31
3541,9,300,0.63999999
3541,10,350,1.1
3541,11,400,1.6
3541,12,451,2.29
3541,13,509,3.25
3541,14,586,4.6700001
3541,15,663,6.2199998
3541,16,744,8.1899996
3542,18,679,6.6100001
3542,19,765,8.6999998
3542,20,847,10.9
3542,21,872,11.6
3543,16,500,2.6500001
3543,17,550,3.7
3576,1,8,1.14
3576,2,102,2.0799999
3389,13,1800,97
3389,14,2400,157
3389,15,3000,223
3389,16,3300,259
3390,1,180,0.090000004
3390,2,220,0.17
3390,3,260,0.28999999
3390,4,300,0.44999999
3390,5,350,0.85000002
3390,6,400,1.35
3390,7,450,2
3390,8,500,2.8
3390,9,600,5.1999998
3390,10,800,12.6
3390,11,1000,24
3390,12,1400,56
3390,13,1800,90
3390,14,2100,120
3390,15,2400,153
3391,1,960,0.15000001
3391,2,980,0.25
3391,3,1000,0.40000001
3391,4,1020,0.66000003
3391,5,1050,1.1
3391,6,1100,2.0999999
3391,7,1200,4.8000002
3391,8,1300,8.6000004
3391,9,1500,19
3391,10,1700,31
3391,11,2000,55
3391,12,2300,85
3391,13,2600,124
3391,14,2900,175
3404,16,3570,87.900002
3404,17,4010,108
3412,1,100,0.0040000002
3412,2,108,0.0049999999
3412,3,116,0.0070000002
3412,4,131,0.011
3412,5,146,0.017000001
3412,6,154,0.02
3412,7,161,0.024
3412,8,176,0.034000002
3412,9,184,0.039999999
3412,10,191,0.046999998
3412,11,206,0.063000001
3412,12,221,0.082000002
3412,13,251,0.134
3412,14,281,0.208
3412,15,311,0.30700001
3412,16,341,0.43799999
3412,17,358,0.49599999
3412,18,404,0.71399999
3412,19,449,0.98299998
3412,20,495,1.3200001
3412,21,540,1.72
3412,22,600,2.2
3412,23,730,3.3299999
3412,24,860,4.6900001
3412,25,990,6.29
3412,26,1250,10.2
3412,27,1499,13.9
3339,20,292,0.57499999
3339,21,300,0.62800002
3339,22,307,0.68400002
3339,23,315,0.74000001
3339,24,322,0.79900002
3339,25,330,0.85799998
3339,26,337,0.92000002
3339,27,345,0.98799998
3339,28,352,1.062
3339,29,360,1.141
3339,30,367,1.224
3339,31,375,1.3099999
3339,32,382,1.399
3339,33,390,1.492
3339,34,397,1.587
3339,35,405,1.6849999
3339,36,412,1.785
3339,37,420,1.888
3339,38,427,1.994
3339,39,435,2.102
3339,40,442,2.2119999
3339,41,450,2.3239999
3339,42,457,2.4389999
3339,43,465,2.556
3339,44,472,2.675
3339,45,480,2.796
3339,46,487,2.9189999
3339,47,495,3.0439999
3339,48,502,3.171
3339,49,510,3.3
3339,50,517,3.4300001
3339,51,525,3.563
3339,52,532,3.698
3339,53,540,3.8340001
3339,54,547,3.9719999
3339,55,555,4.112
3339,56,562,4.2529998
3339,57,570,4.3969998
3339,58,577,4.5419998
3339,59,585,4.6880002
3339,60,592,4.836
3339,61,600,4.9860001
3339,62,607,5.138
3339,63,615,5.2909999
3339,64,622,5.4460001
3339,65,630,5.6020002
3339,66,637,5.7600002
3339,67,645,5.9190001
3339,68,652,6.0799999
3339,69,660,6.2420001
3339,70,667,6.4060001
3339,71,675,6.5710001
3339,72,682,6.7379999
3339,73,690,6.9060001
3339,74,697,7.0760002
3339,75,705,7.2470002
3339,76,712,7.4190001
3339,77,720,7.5929999
3339,78,727,7.7680001
3339,79,735,7.9450002
3339,80,742,8.1230001
3339,81,750,8.302
3339,82,757,8.4829998
3339,83,765,8.665
3339,84,772,8.8479996
3339,85,780,9.033
3339,86,787,9.2189999
3339,87,795,9.4060001
3339,88,802,9.5950003
3339,89,810,9.7849998
3339,90,817,9.9759998
3339,91,825,10.168
3339,92,832,10.362
3339,93,840,10.557
3339,94,847,10.753
3339,95,855,10.95
3339,96,862,11.148
3339,97,870,11.348
3339,98,877,11.549
3339,99,885,11.751
3339,100,892,11.955
3370,17,648,4.6900001
3370,18,1415,28.6
3371,1,148,0
3371,2,157,0.0049999999
3371,3,166,0.016000001
3371,4,175,0.029999999
3371,5,184,0.066
3371,6,203,0.122
3371,7,222,0.189
3371,8,259,0.345
3371,9,316,0.68699998
3371,10,373,1.01
3371,11,430,1.46
3371,12,487,2.0599999
3371,13,543,2.8399999
3620,1,196,0.037
3620,2,207,0.055
3620,3,218,0.079999998
3620,4,229,0.111
3620,5,259,0.147
3620,6,277,0.20200001
3620,7,295,0.26899999
3620,8,332,0.49900001
3620,9,369,0.81599998
3620,10,406,1.21
3620,11,467,2.1400001
3620,12,528,3.3099999
3620,13,589,4.7199998
3371,14,544,2.8699999
3371,15,588,3.6500001
3371,16,633,4.6100001
3371,17,676,5.8800001
3371,18,986,15.2
3371,19,1414,28.6
3378,6,200,0.41999999
3378,7,250,0.67000002
3378,8,300,1
3378,9,400,1.9
3378,10,700,5.5
3378,11,1000,8.5
3378,12,1200,10
3378,13,1500,12
3378,14,1600,13.2
3378,15,1650,14.7
3378,16,1700,17
3378,17,1800,25.5
3378,18,1900,38
3378,19,2000,55
3378,20,2070,70
3380,1,100,0.0099999998
3380,2,119,0.015
3380,3,137,0.021
3380,4,156,0.028999999
3380,5,165,0.034000002
3380,6,174,0.039999999
3380,7,183,0.057999998
3380,8,193,0.075999998
3380,9,203,0.097000003
3380,10,223,0.15099999
3380,11,250,0.21699999
3380,12,277,0.29899999
3380,13,304,0.396
3380,14,357,0.62599999
3380,15,393,0.83899999
3380,16,466,1.4299999
3380,17,540,2
3380,18,614,2.6600001
3380,19,762,4.1399999
3380,20,909,5.8000002
3380,21,1204,9.5900002
3380,22,1499,13.9
3382,1,100,0.255
3382,2,150,0.375
3382,3,200,0.75999999
3382,4,250,1.2
3382,5,300,1.9
3382,6,400,3.5999999
3382,7,500,5.9000001
3382,8,600,8.8999996
3382,9,700,12.6
3382,10,900,22
3382,11,1100,33.5
3382,12,1400,53
3382,13,2000,100
3382,14,2500,140
3382,15,3000,185
3382,16,3200,205
3388,1,-100,0
3388,2,-50,0
3388,3,50,0.1
3388,4,250,0.5
3388,5,300,0.89999998
3388,6,350,1.45
3388,7,400,2.1500001
3388,8,450,3.05
3388,9,500,4.1999998
3388,10,550,5.5999999
3388,11,600,7.3499999
3388,12,650,9.3999996
3388,13,750,14.4
3388,14,900,23.4
3388,15,1080,36
3388,16,1380,60
3388,17,1680,87
3388,18,2110,130
3389,1,100,0.1
3389,2,150,0.2
3389,3,200,0.34999999
3389,4,250,0.60000002
3389,5,300,1
3389,6,350,1.6
3389,7,400,2.4000001
3389,8,500,4.8000002
3389,9,600,8.1999998
3389,10,800,17
3389,11,1000,29
3389,12,1400,61
3436,12,3000,160
3440,1,500,0.183
3440,2,524,0.29899999
3440,3,547,0.44100001
3440,4,571,0.625
3440,5,594,0.838
3440,6,641,1.39
3440,7,688,2.1099999
3440,8,735,3.01
3440,9,782,4.0999999
3440,10,875,6.8600001
3440,11,969,10.5
3440,12,1063,15.1
3440,13,1157,20.700001
3440,14,1250,27.299999
3440,15,1414,42.299999
3440,16,1628,69.099998
3440,17,2000,123
3440,18,2170,152
3440,19,2300,178
3443,3,520,0.26899999
3443,4,530,0.31900001
3443,5,540,0.37
3443,6,545,0.39500001
3443,7,550,0.41999999
3443,8,555,0.45500001
3443,9,560,0.48500001
3443,10,565,0.52999997
3443,11,567,0.551
3443,12,570,0.58999997
3443,13,575,0.63999999
3443,14,580,0.69
3443,15,591,0.829
3444,1,500,0.183
3444,2,524,0.29899999
3443,16,600,0.95899999
3443,17,610,1.12
3443,18,614,1.16
3443,19,620,1.23
3443,20,660,1.9299999
3443,21,686,2.4100001
3443,22,735,3.95
3443,23,825,6.02
3443,24,914,8.7200003
3443,25,1004,12.2
3443,26,1093,16.5
3443,27,1184,21.5
3443,28,1324,31.5
3443,29,1463,43.099998
3443,30,1741,71.699997
3443,31,2020,107
3443,32,2298,149
3444,3,547,0.44100001
3444,4,571,0.625
3444,5,594,0.838
3444,6,641,1.39
3444,7,688,2.1099999
3444,8,735,3.01
3444,9,782,4.0999999
3444,10,875,6.8600001
3444,11,969,10.5
3444,12,1063,15.1
3444,13,1065,15.6
3444,14,1220,24.9
3444,15,1375,36.400002
3444,16,1530,50.200001
3444,17,1684,66.099998
3444,18,1994,105
3444,19,2303,153
3445,15,1488,44.700001
3445,16,1649,60.5
3445,17,1973,99.5
3445,18,2296,148
3453,1,100,0.0099999998
3453,2,106,0.016000001
3453,3,112,0.024
3453,4,123,0.041000001
3453,5,135,0.064000003
3453,6,146,0.090000004
3453,7,169,0.155
3453,8,191,0.23199999
3453,9,236,0.43099999
3453,10,281,0.68400002
3453,11,309,0.90600002
3453,12,337,1.1900001
3453,13,365,1.5599999
3453,14,378,1.8
3453,15,435,2.6600001
3453,16,492,3.72
3453,17,549,4.9899998
3453,18,606,6.48
3453,19,720,10.2
3453,20,834,14.8
3456,4,432,0.21799999
3456,5,458,0.28200001
3456,6,485,0.36300001
3456,7,486,0.36899999
3456,8,524,0.52899998
3456,9,562,0.745
3456,10,600,1.03
3458,1,501,0.074000001
3458,2,518,0.236
3458,3,534,0.421
3458,4,567,0.87
3458,5,633,1.95
3458,6,659,2.3699999
3458,7,748,4.3899999
3458,8,837,6.73
3458,9,909,9.1099997
3458,10,969,10.9
3458,11,1127,16.9
3596,1,101,0.034000002
3596,2,114,0.045000002
3596,3,126,0.059
3596,4,138,0.075000003
3596,5,150,0.093999997
3596,6,175,0.147
3596,7,187,0.17900001
3596,8,199,0.21799999
3596,9,224,0.31799999
3596,10,248,0.447
3596,11,272,0.61500001
3596,12,296,0.82999998
3456,11,637,1.4
3456,12,638,1.41
3456,13,733,2.4100001
3456,14,827,3.5999999
3456,15,930,5.1799998
3456,16,1219,9.6999998
3456,17,1721,18.1
3457,15,1000,5.6999998
3457,16,1200,8.1000004
3457,17,1400,10.7
3457,18,1700,14.6
3458,12,1285,23.700001
3458,13,1601,39.400002
3458,14,1916,57.400002
3458,15,2179,80.599998
3458,16,2500,113
3459,1,250,0.029999999
3459,2,267,0.083999999
3459,3,285,0.152
3459,4,302,0.23199999
3459,5,320,0.32300001
3459,6,337,0.42300001
3459,7,355,0.53100002
3459,8,372,0.65100002
3459,9,390,0.78200001
3459,10,407,0.92299998
3459,11,425,1.072
3459,12,442,1.229
3459,13,460,1.393
3459,14,477,1.5650001
3459,15,495,1.743
3459,16,512,1.928
3459,17,530,2.119
3459,18,547,2.316
3459,19,565,2.5190001
3459,20,582,2.7279999
3459,21,600,2.9419999
3459,22,617,3.161
3459,23,635,3.3859999
3459,24,652,3.615
3459,25,670,3.8499999
3459,26,687,4.0890002
3459,27,705,4.3340001
3459,28,722,4.5830002
3459,29,740,4.836
3459,30,757,5.0939999
3459,31,775,5.3569999
3459,32,792,5.6230001
3459,33,810,5.8940001
3459,34,827,6.1690001
3459,35,845,6.4489999
3459,36,862,6.7319999
3459,37,880,7.0190001
3459,38,897,7.3109999
3459,39,915,7.6059999
3459,40,932,7.9050002
3459,41,950,8.2069998
3459,42,967,8.5139999
3459,43,985,8.8240004
3459,44,1002,9.1379995
3459,45,1020,9.4549999
3459,46,1037,9.776
3459,47,1055,10.101
3459,48,1072,10.428
3459,49,1090,10.76
3459,50,1107,11.095
3459,51,1125,11.433
3459,52,1142,11.774
3459,53,1160,12.119
3459,54,1177,12.467
3459,55,1195,12.818
3459,56,1212,13.172
3459,57,1230,13.53
3459,58,1247,13.89
3459,59,1265,14.254
3459,60,1282,14.621
3459,61,1300,14.991
3459,62,1317,15.364
3459,63,1335,15.74
3459,64,1352,16.118999
3459,65,1370,16.500999
3459,66,1387,16.885
3459,67,1405,17.273001
3459,68,1422,17.664
3459,69,1440,18.056999
3459,70,1457,18.452999
3459,71,1475,18.851999
3459,72,1492,19.254
3459,73,1510,19.659
3459,74,1527,20.066
3459,75,1545,20.476999
3459,76,1562,20.889
3459,77,1580,21.305
3459,78,1597,21.723
3459,79,1615,22.143999
3459,80,1632,22.568001
3459,81,1650,22.993999
3459,82,1667,23.423
3511,1,340,0.032000002
3511,2,376,0.075999998
3511,3,400,0.102
3511,4,423,0.133
3511,5,447,0.175
3511,6,470,0.22499999
3511,7,494,0.289
3511,8,517,0.36500001
3511,9,540,0.45699999
3511,10,563,0.56900001
3511,11,596,0.81199998
3511,12,612,0.94099998
3511,13,649,1.24
3511,14,723,1.9400001
3511,15,797,2.78
3596,13,339,1.0700001
3596,14,379,1.47
3596,15,419,1.99
3596,16,459,2.6700001
3596,17,499,3.54
3596,18,539,4.6599998
3459,83,1685,23.854
3459,84,1702,24.288
3459,85,1720,24.725
3459,86,1737,25.164
3459,87,1755,25.605
3459,88,1772,26.049
3459,89,1790,26.496
3459,90,1807,26.945
3459,91,1825,27.396999
3459,92,1842,27.851
3459,93,1860,28.306999
3459,94,1877,28.766001
3459,95,1895,29.226999
3459,96,1912,29.691
3459,97,1930,30.157
3459,98,1947,30.625999
3459,99,1965,31.097
3459,100,1982,31.57
3461,1,150,0.0049999999
3461,2,168,0.030999999
3461,3,187,0.068999998
3461,4,205,0.115
3461,5,224,0.168
3461,6,242,0.228
3461,7,261,0.29300001
3461,8,279,0.36399999
3461,9,298,0.458
3461,10,316,0.61699998
3461,11,335,0.815
3461,12,353,1.04
3461,13,372,1.3
3461,14,390,1.58
3461,15,409,1.88
3461,16,427,2.2
3461,17,446,2.53
3461,18,464,2.8900001
3461,19,483,3.26
3461,20,501,3.6500001
3461,21,520,4.0500002
3461,22,538,4.4699998
3461,23,557,4.9099998
3461,24,575,5.3499999
3461,25,594,5.8099999
3461,26,612,6.29
3461,27,631,6.77
3461,28,649,7.27
3461,29,668,7.7800002
3461,30,686,8.3100004
3461,31,705,8.8400002
3461,32,723,9.3900003
3461,33,742,9.9399996
3461,34,760,10.5
3461,35,779,11.1
3461,36,797,11.7
3461,37,816,12.3
3461,38,834,12.9
3461,39,853,13.5
3461,40,871,14.1
3461,41,890,14.8
3461,42,908,15.4
3461,43,927,16.1
3461,44,945,16.700001
3461,45,964,17.4
3461,46,982,18.1
3461,47,1000,18.799999
3461,48,1019,19.5
3461,49,1038,20.299999
3461,50,1056,21
3461,51,1075,21.799999
3461,52,1093,22.5
3461,53,1112,23.299999
3461,54,1130,24
3461,55,1149,24.799999
3461,56,1167,25.6
3461,57,1186,26.4
3461,58,1204,27.200001
3461,59,1223,28.1
3461,60,1241,28.9
3461,61,1260,29.700001
3461,62,1278,30.6
3461,63,1297,31.4
3461,64,1315,32.299999
3461,65,1334,33.099998
3461,66,1352,34
3461,67,1371,34.900002
3461,68,1389,35.799999
3461,69,1408,36.700001
3461,70,1426,37.599998
3461,71,1445,38.5
3461,72,1463,39.400002
3461,73,1482,40.400002
3461,74,1500,41.299999
3461,75,1519,42.299999
3461,76,1537,43.200001
3461,77,1556,44.200001
3461,78,1574,45.099998
3461,79,1593,46.099998
3461,80,1611,47.099998
3461,81,1630,48.099998
3461,82,1648,49.099998
3461,83,1667,50.099998
3461,84,1685,51.099998
3461,85,1704,52.099998
3461,86,1722,53.099998
3461,87,1741,54.200001
3461,88,1759,55.200001
3461,89,1778,56.200001
3461,90,1796,57.299999
3461,91,1815,58.299999
3461,92,1833,59.400002
3461,93,1852,60.5
3461,94,1870,61.5
3461,95,1889,62.599998
3461,96,1907,63.700001
3461,97,1926,64.800003
3461,98,1944,65.900002
3461,99,1963,67
3461,100,1981,68.099998
3463,1,150,0.0080000004
3463,2,168,0.033
3463,3,187,0.068999998
3463,4,205,0.111
3463,5,224,0.16
3463,6,242,0.214
3463,7,261,0.29499999
3463,8,279,0.426
3463,9,298,0.58899999
3463,10,316,0.77499998
3463,11,335,0.98400003
3463,12,353,1.211
3463,13,372,1.455
3463,14,390,1.716
3463,15,409,1.993
3463,16,427,2.283
3463,17,446,2.5869999
3463,18,464,2.905
3463,19,483,3.2349999
3463,20,501,3.5769999
3463,21,520,3.931
3463,22,538,4.296
3463,23,557,4.6719999
3463,24,575,5.059
3463,25,594,5.4559999
3463,26,612,5.8639998
3463,27,631,6.2810001
3463,28,649,6.7080002
3463,29,668,7.1440001
3463,30,686,7.5900002
3463,31,705,8.0439997
3463,32,723,8.5080004
3463,33,742,8.9799995
3463,34,760,9.4610004
3463,35,779,9.9499998
3463,36,797,10.447
3463,37,816,10.953
3463,38,834,11.467
3463,39,853,11.988
3463,40,871,12.517
3463,41,890,13.054
3463,42,908,13.599
3463,43,927,14.15
3463,44,945,14.71
3463,45,964,15.276
3463,46,982,15.856
3463,47,1000,16.447001
3463,48,1019,17.048
3463,49,1038,17.658001
3463,50,1056,18.275999
3463,51,1075,18.903999
3463,52,1093,19.539
3463,53,1112,20.181999
3463,54,1130,20.834
3463,55,1149,21.493
3463,56,1167,22.159
3463,57,1186,22.834
3463,58,1204,23.514999
3463,59,1223,24.204
3463,60,1241,24.9
3463,61,1260,25.604
3463,62,1278,26.313999
3463,63,1297,27.031
3463,64,1315,27.756001
3463,65,1334,28.487
3463,66,1352,29.224001
3463,67,1371,29.969
3463,68,1389,30.719999
3463,69,1408,31.476999
3463,70,1426,32.241001
3463,71,1445,33.011002
3463,72,1463,33.787998
3463,73,1482,34.570999
3463,74,1500,35.360001
3463,75,1519,36.155998
3463,76,1537,36.957001
3463,77,1556,37.764999
3463,78,1574,38.578999
3463,79,1593,39.397999
3463,80,1611,40.223999
3463,81,1630,41.055
3463,82,1648,41.893002
3463,83,1667,42.736
3463,84,1685,43.584999
3463,85,1704,44.439999
3463,86,1722,45.299999
3463,87,1741,46.166
3463,88,1759,47.037998
3463,89,1778,47.915001
3463,90,1796,48.798
3463,91,1815,49.686001
3463,92,1833,50.580002
3463,93,1852,51.479
3463,94,1870,52.383999
3463,95,1889,53.293999
3463,96,1907,54.209
3463,97,1926,55.130001
3463,98,1944,56.056
3463,99,1963,56.987
3463,100,1981,57.923
3468,1,80,0
3582,1,-200,0
3582,2,80,0
3582,3,120,0.0099999998
3582,4,160,0.025
3582,5,170,0.029999999
3582,6,180,0.045000002
3582,7,200,0.1
3582,8,250,0.31
3582,9,300,0.56
3582,10,350,0.94
3582,11,450,1.9
3582,12,600,3.5999999
3582,13,800,6.4000001
3582,14,900,8
3582,15,1200,12.8
3582,16,1800,23
3497,1,169,0.046
3497,2,207,0.126
3497,3,245,0.215
3497,4,320,0.405
3500,1,77,0.127
3500,2,80,0.13500001
3500,3,101,0.177
3500,4,104,0.185
3500,5,133,0.264
3500,6,162,0.36700001
3500,7,190,0.463
3500,8,225,0.62400001
3500,9,260,0.815
3500,10,330,1.3
3500,11,400,1.9299999
3500,12,700,5.5
3500,13,1000,8.5
3500,14,1200,10
3500,15,1500,12
3500,16,1600,13.2
3500,17,1650,14.7
3500,18,1700,17
3500,19,1800,25.5
3500,20,1900,38
3500,21,2000,55
3500,22,2070,70
3511,16,834,3.3499999
3511,17,1608,16.200001
3517,1,800,0.34900001
3517,2,835,0.47
3517,3,869,0.62099999
3517,4,903,0.81099999
3517,5,937,1.05
3517,6,972,1.36
3517,7,1006,1.72
3517,8,1040,2.1700001
3517,9,1074,2.72
3517,10,1105,3.45
3517,11,1173,5.3899999
3517,12,1310,10.2
3517,13,1413,14.7
3517,14,1602,25.1
3517,15,2060,49.099998
3517,16,2518,76.099998
3517,17,3433,137
3517,18,4120,200
3517,19,4807,276
3517,20,5200,328
3517,21,5600,381
3517,22,6000,443
3525,1,120,0
3525,2,128,0.003
3525,3,137,0.0099999998
3525,4,146,0.021
3525,5,155,0.034000002
3525,6,164,0.048999999
3525,7,172,0.066
3525,8,181,0.083999999
3525,9,190,0.104
3525,10,199,0.125
3525,11,208,0.147
3525,12,216,0.17
3525,13,225,0.19499999
3525,14,234,0.22
3525,15,243,0.24699999
3525,16,252,0.27700001
3525,17,260,0.322
3525,18,269,0.375
3525,19,278,0.435
3525,20,287,0.5
3525,21,296,0.56999999
3525,22,304,0.64499998
3525,23,313,0.72500002
3525,24,322,0.80800003
3525,25,331,0.89499998
3525,26,340,0.98500001
3525,27,348,1.079
3525,28,357,1.177
3525,29,366,1.277
3525,30,375,1.381
3525,31,384,1.488
3525,32,392,1.597
3525,33,401,1.71
3525,34,410,1.825
3525,35,419,1.943
3525,36,428,2.063
3525,37,436,2.1860001
3525,38,445,2.312
3525,39,454,2.4400001
3525,40,463,2.5699999
3525,41,472,2.7030001
3570,1,77,0.12
3570,2,190,0.46900001
3570,3,225,0.62400001
3570,4,260,0.815
3570,5,330,1.3
3570,6,400,1.9299999
3570,7,700,5.5
3570,8,1000,8.5
3570,9,1200,10
3570,10,1500,12
3570,11,1600,13.2
3570,12,1650,14.7
3570,13,1700,17
3570,14,1800,25.5
3570,15,1900,38
3652,1,169,0.025
3652,2,184,0.043000001
3652,3,199,0.082999997
3652,4,213,0.12899999
3468,2,87,0.003
3468,3,94,0.012
3468,4,101,0.023
3468,5,108,0.037
3468,6,116,0.052000001
3468,7,123,0.068999998
3468,8,130,0.086999997
3468,9,137,0.107
3468,10,144,0.12899999
3468,11,152,0.15099999
3468,12,159,0.175
3468,13,166,0.199
3468,14,173,0.22499999
3468,15,180,0.252
3468,16,188,0.28
3468,17,195,0.308
3468,18,202,0.338
3468,19,209,0.368
3468,20,216,0.40000001
3468,21,224,0.43200001
3468,22,231,0.465
3468,23,238,0.49900001
3468,24,245,0.53299999
3468,25,252,0.56900001
3468,26,260,0.60500002
3468,27,267,0.64099997
3468,28,274,0.67900002
3468,29,281,0.71700001
3468,30,288,0.75599998
3468,31,296,0.79500002
3468,32,303,0.83700001
3468,33,310,0.88200003
3468,34,317,0.93000001
3468,35,324,0.98100001
3468,36,332,1.03
3468,37,339,1.09
3468,38,346,1.14
3468,39,353,1.2
3468,40,360,1.26
3468,41,368,1.3200001
3468,42,375,1.38
3468,43,382,1.45
3468,44,389,1.51
3468,45,396,1.58
3468,46,404,1.64
3468,47,411,1.71
3468,48,418,1.78
3468,49,425,1.85
3468,50,432,1.92
3468,51,440,2
3468,52,447,2.0699999
3468,53,454,2.1500001
3468,54,461,2.22
3468,55,468,2.3
3468,56,476,2.3800001
3468,57,483,2.46
3468,58,490,2.54
3468,59,497,2.6199999
3468,60,504,2.7
3468,61,512,2.78
3468,62,519,2.8699999
3468,63,526,2.95
3468,64,533,3.04
3468,65,540,3.1199999
3468,66,548,3.21
3468,67,555,3.3
3468,68,562,3.3900001
3468,69,569,3.48
3468,70,576,3.5699999
3468,71,584,3.6600001
3468,72,591,3.75
3468,73,598,3.8499999
3468,74,605,3.9400001
3468,75,612,4.04
3468,76,620,4.1300001
3468,77,627,4.23
3468,78,634,4.3299999
3468,79,641,4.4200001
3468,80,648,4.52
3468,81,656,4.6199999
3468,82,663,4.7199998
3468,83,670,4.8200002
3468,84,677,4.9299998
3468,85,684,5.0300002
3468,86,692,5.1300001
3468,87,699,5.2399998
3468,88,706,5.3400002
3468,89,713,5.4499998
3468,90,720,5.5500002
3468,91,728,5.6599998
3468,92,735,5.77
3468,93,742,5.8800001
3468,94,749,5.9899998
3468,95,756,6.0999999
3468,96,764,6.21
3468,97,771,6.3200002
3468,98,778,6.4299998
3468,99,785,6.54
3468,100,792,6.6599998
3471,8,600,4.0999999
3471,9,700,5.5999999
3473,1,80,0
3473,2,87,0.0020000001
3473,3,94,0.0099999998
3473,4,101,0.022
3473,5,108,0.035999998
3473,6,116,0.052000001
3473,7,123,0.07
3473,8,130,0.090000004
3473,9,137,0.112
3473,10,144,0.134
3473,11,152,0.15899999
3473,12,159,0.184
3473,13,166,0.211
3473,14,173,0.23899999
3473,15,180,0.26800001
3473,16,188,0.29800001
3473,17,195,0.329
3473,18,202,0.361
3473,19,209,0.39399999
3473,20,216,0.428
3473,21,224,0.463
3473,22,231,0.49900001
3473,23,238,0.53799999
3473,24,245,0.57999998
3473,25,252,0.62400001
3473,26,260,0.67000002
3473,27,267,0.71700001
3473,28,274,0.76599997
3473,29,281,0.81699997
3473,30,288,0.86799997
3473,31,296,0.92199999
3473,32,303,0.97600001
3473,33,310,1.03
3473,34,317,1.09
3473,35,324,1.15
3473,36,332,1.21
3473,37,339,1.27
3473,38,346,1.33
3473,39,353,1.39
3473,40,360,1.45
3473,41,368,1.52
3473,42,375,1.58
3473,43,382,1.65
3473,44,389,1.72
3473,45,396,1.78
3473,46,404,1.85
3473,47,411,1.92
3473,48,418,1.99
3473,49,425,2.0699999
3473,50,432,2.1400001
3473,51,440,2.21
3473,52,447,2.29
3473,53,454,2.3599999
3473,54,461,2.4400001
3473,55,468,2.52
3473,56,476,2.5899999
3473,57,483,2.6700001
3473,58,490,2.75
3473,59,497,2.8299999
3473,60,504,2.9100001
3473,61,512,3
3473,62,519,3.0799999
3473,63,526,3.1600001
3473,64,533,3.25
3473,65,540,3.3299999
3473,66,548,3.4200001
3473,67,555,3.5
3473,68,562,3.5899999
3473,69,569,3.6800001
3473,70,576,3.77
3473,71,584,3.8499999
3473,72,591,3.9400001
3473,73,598,4.0300002
3473,74,605,4.1300001
3473,75,612,4.2199998
3473,76,620,4.3099999
3473,77,627,4.4000001
3473,78,634,4.5
3473,79,641,4.5900002
3473,80,648,4.6900001
3473,81,656,4.7800002
3473,82,663,4.8800001
3473,83,670,4.98
3473,84,677,5.0700002
3473,85,684,5.1700001
3473,86,692,5.27
3473,87,699,5.3699999
3473,88,706,5.4699998
3473,89,713,5.5700002
3473,90,720,5.6700001
3473,91,728,5.7800002
3473,92,735,5.8800001
3473,93,742,5.98
3473,94,749,6.0900002
3473,95,756,6.1900001
3473,96,764,6.3000002
3473,97,771,6.4000001
3473,98,778,6.5100002
3473,99,785,6.6199999
3473,100,792,6.7199998
3479,1,920,0.11
3479,2,950,0.17
3479,3,980,0.28
3479,4,1000,0.40000001
3479,5,1020,0.56999999
3479,6,1050,0.87
3479,7,1070,1.2
3479,8,1100,1.85
3479,9,1150,3.2
3479,10,1200,4.8000002
3479,11,1250,6.8000002
3479,12,1400,13.5
3479,13,1500,18.6
3479,14,1600,24.299999
3479,15,1700,31.5
3479,16,2000,57
3479,17,2400,100
3479,18,2800,150
3479,19,3200,210
3479,20,3300,225
3479,21,3500,255
3650,1,99,0.19400001
3650,2,125,0.28400001
3650,3,150,0.34999999
3650,4,166,0.391
3650,5,201,0.671
3650,6,236,1.0700001
3650,7,270,1.6
3650,8,295,1.92
3650,9,308,2.23
3650,10,375,3.8299999
3650,11,442,5.9099998
3650,12,508,8.4200001
3650,13,567,11.1
3650,14,728,19.200001
3484,3,310,0.18000001
3484,4,320,0.215
3484,5,330,0.25
3484,6,340,0.28999999
3484,7,350,0.33000001
3484,8,360,0.375
3484,9,370,0.41999999
3484,10,380,0.47
3484,11,390,0.52999997
3484,12,400,0.57999998
3484,13,410,0.63999999
3484,14,420,0.69999999
3484,15,430,0.75999999
3484,16,440,0.82999998
3484,17,450,0.89999998
3484,18,460,0.97000003
3484,19,470,1.04
3484,20,480,1.11
3484,21,490,1.1900001
3484,22,500,1.27
3484,23,510,1.36
3484,24,520,1.45
3484,25,530,1.54
3484,26,540,1.63
3484,27,550,1.72
3484,28,560,1.8200001
3484,29,570,1.92
3484,30,580,2.02
3484,31,590,2.1199999
3484,32,600,2.23
3484,33,610,2.3399999
3484,34,620,2.45
3484,35,630,2.5599999
3484,36,640,2.6700001
3484,37,650,2.78
3484,38,660,2.9000001
3484,39,670,3.02
3484,40,680,3.1400001
3484,41,690,3.26
3484,42,700,3.3800001
3484,43,720,3.6300001
3484,44,740,3.8900001
3484,45,760,4.1500001
3484,46,780,4.4200001
3484,47,800,4.6999998
3484,48,820,4.9899998
3484,49,840,5.2800002
3484,50,860,5.5900002
3484,51,880,5.9099998
3484,52,900,6.23
3484,53,920,6.5700002
3484,54,940,6.9200001
3484,55,960,7.2800002
3484,56,980,7.6399999
3484,57,1000,8
3484,58,1020,8.3699999
3484,59,1040,8.7600002
3484,60,1060,9.1599998
3484,61,1090,9.79
3484,62,1120,10.4
3484,63,1150,11
3484,64,1180,11.8
3484,65,1210,12.5
3484,66,1240,13.3
3484,67,1344,16.1
3484,68,1483,20.200001
3484,69,1616,24.700001
3484,70,1726,29.1
3484,71,1809,32.5
3484,72,1908,37.200001
3485,1,290,0.12
3485,2,310,0.18000001
3485,3,330,0.25
3485,4,350,0.33000001
3485,5,370,0.41999999
3485,6,420,0.67000002
3485,7,480,1.03
3485,8,560,1.59
3485,9,600,1.91
3485,10,610,2.01
3485,11,700,3
3485,12,750,3.5999999
3485,13,800,4.25
3485,14,850,4.9499998
3485,15,900,5.75
3485,16,930,6.2600002
3485,17,970,6.98
3485,18,1000,7.5500002
3485,19,1050,8.5500002
3485,20,1100,9.6000004
3485,21,1120,10.1
3485,22,1200,12
3485,23,1300,14.5
3485,24,1400,17.5
3485,25,1500,20.5
3485,26,1655,26.200001
3485,27,1809,32.299999
3485,28,1910,36.900002
3486,15,1000,7
3486,16,1100,8.8000002
3486,17,1200,10.8
3486,18,1300,13
3486,19,1400,15.5
3486,20,1500,18.200001
3486,21,1660,23
3486,22,1800,28
3486,23,2000,36
3486,24,2200,45
3486,25,2400,55
3525,42,480,2.8380001
3525,43,489,2.9749999
3525,44,498,3.115
3525,45,507,3.257
3525,46,516,3.401
3525,47,524,3.5469999
3525,48,533,3.6949999
3525,49,542,3.845
3525,50,551,3.9979999
3525,51,560,4.152
3525,52,568,4.309
3525,53,577,4.467
3525,54,586,4.6269999
3525,55,595,4.789
3525,56,604,4.954
3525,57,612,5.1199999
3525,58,621,5.2880001
3525,59,630,5.4569998
3525,60,639,5.6290002
3525,61,648,5.802
3525,62,656,5.9770002
3525,63,665,6.1539998
3525,64,674,6.3330002
3525,65,683,6.513
3525,66,692,6.6950002
3525,67,700,6.8790002
3525,68,709,7.0650001
3525,69,718,7.2519999
3525,70,727,7.441
3525,71,736,7.631
3525,72,744,7.823
3525,73,753,8.0170002
3525,74,762,8.2119999
3525,75,771,8.4090004
3525,76,780,8.6070004
3525,77,788,8.8070002
3525,78,797,9.0089998
3525,79,806,9.2119999
3525,80,815,9.4169998
3525,81,824,9.6230001
3525,82,832,9.8299999
3525,83,841,10.039
3525,84,850,10.25
3525,85,859,10.462
3525,86,868,10.676
3525,87,876,10.891
3525,88,885,11.107
3525,89,894,11.325
3525,90,903,11.544
3525,91,912,11.765
3525,92,920,11.987
3525,93,929,12.21
3525,94,938,12.435
3525,95,947,12.661
3525,96,956,12.889
3525,97,964,13.118
3525,98,973,13.348
3525,99,982,13.58
3525,100,991,13.813
3537,17,840,10.7
3537,18,999,15.6
3538,18,710,7.4000001
3538,19,832,10.6
3538,20,1003,15.6
3539,17,856,11.2
3539,18,1002,15.6
3540,17,868,11.5
3540,18,998,15.5
3541,17,814,10
3541,18,876,11.8
3541,19,1000,15.6
3542,22,905,12.7
3542,23,999,15.6
3543,18,600,4.8000002
3543,19,800,9.1999998
3543,20,1000,14
3543,21,1100,16.5
3546,1,258,2.5699999
3546,2,354,3.6700001
3546,3,368,4.0999999
3546,4,455,5.8200002
3546,5,542,7.8899999
3546,6,629,10.3
3546,7,803,16.5
3546,8,977,24.299999
3546,9,1294,37.599998
3546,10,1610,54.200001
3546,11,1926,74.199997
3546,12,2242,97.800003
3546,13,2874,156
3546,14,3506,230
3551,1,100,0.0040000002
3551,2,108,0.0049999999
3551,3,116,0.0070000002
3551,4,131,0.011
3551,5,146,0.017000001
3551,6,154,0.02
3551,7,160,0.037
3551,8,181,0.068000004
3551,9,204,0.102
3551,10,226,0.14300001
3551,11,249,0.193
3551,12,271,0.25
3551,13,316,0.39399999
3551,14,361,0.57599998
3593,1,113,0.139
3593,2,284,0.16
3593,3,305,0.205
3593,4,326,0.25999999
3593,5,367,0.40599999
3593,6,380,0.49599999
3593,7,419,0.75400001
3593,8,498,1.42
3593,9,545,1.84
3593,10,593,2.47
3593,11,640,3.24
3593,12,758,4.6300001
3596,19,593,6.77
3596,20,636,8.9099998
3550,1,100,0.0040000002
3550,2,108,0.0049999999
3550,3,116,0.0070000002
3550,4,131,0.011
3550,5,146,0.017000001
3550,6,154,0.02
3550,7,161,0.024
3550,8,176,0.034000002
3550,9,184,0.039999999
3550,10,191,0.046999998
3550,11,206,0.063000001
3550,12,221,0.082000002
3550,13,251,0.134
3550,14,281,0.208
3550,15,311,0.30700001
3550,16,341,0.43799999
3550,17,358,0.49599999
3550,18,404,0.71399999
3550,19,449,0.98299998
3550,20,495,1.3200001
3550,21,540,1.72
3550,22,600,2.2
3550,23,730,3.3299999
3550,24,860,4.6900001
3550,25,990,6.29
3550,26,1250,10.2
3550,27,1499,13.9
3551,15,406,0.79799998
3551,16,451,1.0599999
3551,17,540,1.72
3551,18,600,2.2
3551,19,730,3.3299999
3551,20,860,4.6900001
3551,21,990,6.29
3551,22,1250,10.2
3551,23,1499,13.9
3554,1,100,0.034000002
3554,2,107,0.039999999
3554,3,114,0.046999998
3554,4,128,0.064000003
3554,5,155,0.108
3554,6,169,0.139
3554,7,183,0.177
3554,8,210,0.27000001
3554,9,218,0.294
3554,10,240,0.375
3554,11,262,0.47499999
3554,12,305,0.736
3554,13,333,0.949
3554,14,390,1.49
3554,15,440,2.0699999
3554,16,490,2.8099999
3554,17,540,3.77
3554,18,590,4.98
3554,19,686,7.1999998
3554,20,782,9.6800003
3554,21,974,15.5
3554,22,1165,22.4
3554,23,1549,39.299999
3554,24,1932,59.900002
3555,1,-90,0
3555,2,-10,0.079999998
3555,3,10,0.11
3555,4,50,0.19
3555,5,100,0.40000001
3555,6,150,0.75
3555,7,200,1.5
3555,8,250,2.3
3555,9,300,3.5
3555,10,399,7.3400002
3555,11,559,15.1
3555,12,2519,119
3555,13,3996,212
3556,1,-90,0
3556,2,-10,0.079999998
3556,3,10,0.11
3556,4,50,0.19
3556,5,100,0.40000001
3556,6,150,0.75
3556,7,200,1.5
3556,8,250,2.3
3556,9,300,3.5
3556,10,400,6.8000002
3556,11,450,8.8000002
3556,12,600,16.9
3556,13,1600,84
3556,14,2500,146
3556,15,3000,180
3556,16,3500,214
3556,17,4000,247
3562,1,-10,0.0099999998
3562,2,5,0.022
3562,3,12,0.029999999
3562,4,19,0.039999999
3562,5,34,0.067000002
3562,6,41,0.082999997
3562,7,48,0.102
3562,8,63,0.15000001
3562,9,77,0.206
3562,10,106,0.36300001
3562,11,124,0.46399999
3562,12,165,0.75
3568,1,100,0.034000002
3568,2,107,0.039999999
3568,3,114,0.046999998
3568,4,156,0.050999999
3568,5,173,0.082000002
3568,6,190,0.121
3568,7,223,0.214
3568,8,257,0.336
3568,9,290,0.479
3562,13,198,1.04
3562,14,231,1.39
3562,15,264,1.83
3562,16,284,2.1500001
3562,17,364,3.3199999
3562,18,456,4.96
3562,19,800,9.1000004
3562,20,1500,15.5
3562,21,2000,22
3562,22,2100,24.1
3562,23,2300,32
3562,24,2500,43
3562,25,2650,53
3562,26,2800,67
3562,27,3100,115
3562,28,3400,165
3563,9,82,0.31999999
3563,10,116,0.528
3563,11,150,0.79299998
3563,12,217,1.49
3563,13,284,2.4200001
3563,14,351,3.6099999
3563,15,553,5.9099998
3563,16,832,7.8499999
3563,17,1216,11.1
3563,18,1798,16.5
3563,19,2144,23
3563,20,2374,33.400002
3563,21,2604,47.599998
3563,22,2769,64.800003
3563,23,2932,87
3563,24,3095,115
3563,25,3400,165
3568,10,335,0.81300002
3568,11,386,1.2
3568,12,437,1.72
3568,13,487,2.3499999
3568,14,538,3.1400001
3568,15,588,4.0599999
3568,16,689,6.4299998
3568,17,832,10.4
3568,18,975,15.5
3568,19,1165,22.4
3568,20,1549,39.299999
3568,21,1932,59.900002
3570,16,2000,55
3570,17,2070,70
3572,1,330,1
3572,2,466,2
3572,3,574,3
3572,4,667,4
3572,5,752,5
3572,6,830,6
3572,7,903,7
3572,8,972,8
3572,9,1039,9
3572,10,1102,10
3572,11,1159,11
3572,12,1169,12
3572,13,1194,13
3572,14,1234,14
3572,15,1245,15
3572,16,1270,16
3572,17,1378,17
3573,1,228,0.60000002
3573,2,327,1.35
3573,3,446,2.5999999
3573,4,607,4.4000001
3573,5,737,6.5
3573,6,767,6.9400001
3573,7,848,8.6999998
3573,8,897,9.4700003
3573,9,988,11
3573,10,1007,11.1
3573,11,1107,12.8
3573,12,1127,14.8
3573,13,1217,16.4
3576,3,196,3.27
3576,4,290,4.6900001
3576,5,384,6.3400002
3576,6,572,10.3
3576,7,754,14.7
3576,8,1158,27.1
3576,9,1561,41.099998
3576,10,2368,72.599998
3576,11,2370,72.699997
3576,12,3738,132
3576,13,4625,166
3579,1,-367,0
3579,2,-100,0.028000001
3579,3,-50,0.18000001
3579,4,0,0.34999999
3579,5,20,0.47999999
3579,6,50,0.74000001
3579,7,98,1.3
3579,8,152,1.95
3579,9,389,5.9099998
3579,10,600,9.5699997
3579,11,1050,16.5
3579,12,1500,23.4
3579,13,2050,32
3580,1,-367,0
3580,2,-101,0.017999999
3580,3,-88,0.034000002
3580,4,-82,0.043000001
3580,5,-76,0.054000001
3580,6,-63,0.082000002
3580,7,-51,0.115
3580,8,-26,0.205
3580,9,-1,0.32699999
3580,10,24,0.48300001
3580,11,48,0.60900003
3580,12,177,2.1900001
3580,13,305,3.9100001
3580,14,562,7.6100001
3580,15,1075,15.6
3580,16,2051,30.9
3582,17,2200,30.200001
3582,18,2250,31.200001
3583,1,80,0.001
3583,2,103,0.0049999999
3583,3,115,0.0089999996
3583,4,126,0.014
3583,5,138,0.02
3583,6,144,0.023
3583,7,149,0.027000001
3583,8,160,0.034000002
3583,9,171,0.043000001
3583,10,178,0.050999999
3583,11,185,0.068000004
3583,12,192,0.086999997
3583,13,199,0.11
3583,14,206,0.13600001
3583,15,213,0.167
3583,16,235,0.233
3583,17,257,0.31900001
3583,18,279,0.42899999
3583,19,317,0.66600001
3583,20,375,0.98000002
3583,21,425,1.33
3583,22,527,2.22
3583,23,602,3.0899999
3583,24,755,5.1700001
3583,25,1116,10.5
3583,26,1477,16.6
3583,27,2199,30.200001
3583,28,2250,31.200001
3584,1,-367,0
3584,2,-300,0
3584,3,-232,0
3584,4,-180,0
3584,5,-160,0
3584,6,-100,0.028000001
3584,7,-50,0.18000001
3584,8,0,0.34999999
3584,9,20,0.47999999
3584,10,50,0.74000001
3584,11,98,1.3
3584,12,152,1.95
3584,13,389,5.9099998
3584,14,600,9.5699997
3584,15,1050,16.5
3584,16,1500,23.4
3584,17,2050,32
3585,1,140,0.012
3585,2,148,0.014
3585,3,155,0.017000001
3585,4,170,0.023
3585,5,177,0.029999999
3585,6,186,0.039000001
3585,7,195,0.050999999
3585,8,212,0.081
3585,9,229,0.125
3585,10,246,0.189
3585,11,260,0.25
3585,12,280,0.34999999
3585,13,300,0.46000001
3585,14,320,0.60000002
3585,15,350,0.87
3585,16,400,1.35
3585,17,450,1.9
3585,18,500,2.5999999
3585,19,600,4.4000001
3585,20,700,6.5
3585,21,800,8.6999998
3585,22,900,11
3585,23,998,13.4
3592,1,113,0.139
3592,2,205,0.16500001
3592,3,237,0.18099999
3592,4,263,0.27000001
3592,5,301,0.419
3592,6,350,0.56699997
3592,7,399,0.75700003
3592,8,448,0.99900001
3592,9,449,1
3592,10,500,1.38
3592,11,800,5.4000001
3592,12,1100,8.5
3592,13,1400,11
3592,14,1600,12.5
3592,15,2000,19
3592,16,2200,24
3592,17,2300,28
3592,18,2600,45
3592,19,2800,58
3592,20,3200,84
3593,13,994,6.8899999
3593,14,1600,12.5
3593,15,2000,19
3593,16,2200,24
3593,17,2300,28
3593,18,2600,45
3593,19,2800,58
3593,20,3200,84
3596,21,679,11.5
3596,22,764,17.9
3601,1,92,0.108
3601,2,102,0.154
3601,3,108,0.17900001
3601,4,115,0.21699999
3601,5,148,0.292
3601,6,211,0.685
3601,7,274,1.12
3601,8,351,2.3499999
3601,9,427,3.79
3601,10,580,7.3600001
3601,11,676,10
3601,12,772,13.2
3601,13,867,16.9
3601,14,1058,25.9
3601,15,1249,37.099998
3601,16,1440,50.5
3601,17,1631,66.400002
3601,18,2416,131
3601,19,3202,205
3602,1,140,0.012
3602,2,148,0.014
3602,3,155,0.017000001
3602,4,170,0.023
3602,5,177,0.029999999
3602,6,186,0.039000001
3602,7,195,0.050999999
3602,8,212,0.081
3602,9,229,0.125
3602,10,246,0.189
3602,11,260,0.25
3602,12,280,0.34999999
3625,1,410,1
3625,2,530,2
3625,3,620,3
3625,4,690,4
3625,5,760,5
3625,6,820,6
3625,7,880,7
3625,8,930,8
3625,9,990,9
3625,10,1030,10
3625,11,1080,11
3625,12,1120,12
3625,13,1150,13
3625,14,1170,14
3626,1,400,3
3626,2,450,4
3626,3,500,5
3626,4,540,6
3626,5,580,7
3626,6,620,8
3626,7,660,9
3626,8,740,11
3602,13,300,0.46000001
3602,14,320,0.60000002
3602,15,350,0.87
3602,16,400,1.35
3602,17,450,1.9
3602,18,500,2.5999999
3602,19,600,4.4000001
3602,20,700,6.5
3602,21,800,8.6999998
3602,22,900,11
3602,23,998,13.4
3610,8,501,4.8800001
3610,9,590,7.77
3610,10,645,9.7299995
3610,11,646,9.7299995
3610,12,800,15.8
3610,13,1000,25
3610,14,1200,35.299999
3610,15,1400,45.900002
3610,16,1660,60
3610,17,1840,70
3610,18,2010,80
3610,19,2160,90
3610,20,2310,100
3610,21,2440,110
3610,22,2570,120
3610,23,2620,124
3610,24,2700,130
3610,25,2840,140
3610,26,2970,150
3610,27,3080,160
3611,1,200,0.193
3611,2,223,0.193
3611,3,248,0.236
3611,4,273,0.44400001
3611,5,292,0.59200001
3611,6,314,0.82499999
3611,7,336,1.12
3611,8,355,1.42
3611,9,406,2.45
3611,10,454,3.5799999
3611,11,501,4.8800001
3611,12,590,7.77
3611,13,645,9.7299995
3611,14,646,9.7299995
3611,15,800,15.8
3611,16,1000,25
3611,17,1200,35.299999
3611,18,1400,45.900002
3611,19,1660,60
3611,20,1840,70
3611,21,2010,80
3611,22,2160,90
3611,23,2310,100
3611,24,2440,110
3611,25,2570,120
3611,26,2620,124
3611,27,2700,130
3611,28,2840,140
3611,29,2970,150
3611,30,3080,160
3612,13,716,8.9399996
3612,14,804,12.5
3612,15,1008,22.200001
3612,16,1208,32.5
3612,17,1414,43.299999
3612,18,1672,59.5
3612,19,1840,70
3612,20,2010,80
3612,21,2160,90
3612,22,2310,100
3612,23,2440,110
3612,24,2570,120
3612,25,2620,124
3612,26,2700,130
3612,27,2840,140
3612,28,2970,150
3612,29,3080,160
3620,14,650,6.3600001
3620,15,817,10.7
3620,16,1150,20.1
3620,17,1152,20.4
3620,18,1615,34.400002
3620,19,2077,52.099998
3620,20,2539,73.699997
3620,21,3001,99.199997
3620,22,3002,99.599998
3621,1,196,0.167
3621,2,217,0.21699999
3621,3,239,0.27399999
3621,4,276,0.40799999
3621,5,312,0.58700001
3621,6,348,0.83099997
3621,7,384,1.16
3621,8,437,1.76
3621,9,489,2.5
3621,10,638,5.5100002
3621,11,789,8.9099998
3621,12,1091,16.799999
3621,13,1694,35.799999
3621,14,2079,52.299999
3621,15,2539,73.699997
3621,16,3001,99.199997
3621,17,3002,99.599998
3622,1,100,0
3622,2,140,0.07
3622,3,180,0.19
3622,4,220,0.37
3622,5,270,0.75
3622,6,320,1.4
3622,7,370,2.1500001
3622,8,420,3.0999999
3622,9,520,5.4000001
3622,10,620,8.6000004
3622,11,720,13.2
3622,12,800,18.5
3622,13,1000,33
3622,14,1500,72
3622,15,2000,112
3622,16,2500,151
3622,17,3050,194
3622,18,3550,235
3625,15,1180,15
3626,9,810,13
3626,10,840,14
3626,11,880,15
3626,12,910,16
3626,13,980,18
3626,14,1060,20
3626,15,1130,22
3626,16,1200,24
3626,17,1270,26
3626,18,1330,28
3628,1,100,0
3628,2,107,0.001
3628,3,114,0.0040000002
3628,4,121,0.0089999996
3628,5,128,0.016000001
3628,6,135,0.026000001
3628,7,142,0.037
3628,8,155,0.066
3628,9,162,0.083999999
3628,10,169,0.105
3628,11,183,0.155
3628,12,210,0.46700001
3628,13,234,0.58899999
3628,14,258,0.73500001
3628,15,306,1.11
3628,16,354,1.61
3628,17,401,2.1199999
3628,18,448,3.04
3628,19,495,4.1300001
3628,20,588,6.8299999
3628,21,591,7.0799999
3628,22,637,9.3699999
3628,23,682,12.1
3628,24,833,20.1
3628,25,983,29
3628,26,1284,49.400002
3628,27,1885,98.199997
3628,28,3050,195
3628,29,3550,235
3635,1,310,0.22499999
3635,2,363,0.40099999
3635,3,396,0.54400003
3635,4,402,0.57099998
3635,5,414,0.648
3635,6,456,0.98799998
3635,7,497,1.4299999
3635,8,546,2.03
3635,9,645,3.5899999
3635,10,743,5.6199999
3635,11,881,8.6800003
3635,12,1161,15.3
3635,13,1721,30
3635,14,1724,30.200001
3635,15,2562,52.900002
3635,16,3570,87.900002
3635,17,4010,108
3636,1,310,0.33500001
3636,2,351,0.46399999
3636,3,390,0.671
3636,4,428,0.94400001
3636,5,467,1.3200001
3636,6,505,1.8
3636,7,548,2.3
3636,8,633,3.5899999
3636,9,718,5.23
3636,10,802,7.2199998
3636,11,1073,13.3
3636,12,1161,15.3
3636,13,1721,30
3636,14,1724,30.200001
3636,15,2562,52.900002
3636,16,3570,87.900002
3636,17,4010,108
3639,1,77,0.15099999
3639,2,100,0.199
3639,3,123,0.25600001
3638,1,77,0.121
3638,2,100,0.15800001
3638,3,123,0.205
3638,4,140,0.234
3638,5,155,0.29899999
3638,6,172,0.34799999
3638,7,206,0.477
3638,8,239,0.63999999
3638,9,261,0.78600001
3638,10,280,0.91500002
3638,11,304,1.09
3638,12,330,1.3
3638,13,400,1.9299999
3638,14,700,5.5
3638,15,1000,8.5
3638,16,1200,10
3638,17,1500,12
3638,18,1600,13.2
3638,19,1650,14.7
3638,20,1700,17
3638,21,1800,25.5
3638,22,1900,38
3638,23,2000,55
3638,24,2070,70
3639,4,169,0.39500001
3639,5,215,0.57200003
3639,6,261,0.78899997
3639,7,280,0.91500002
3639,8,304,1.09
3639,9,330,1.3
3639,10,400,1.9299999
3639,11,700,5.5
3639,12,1000,8.5
3639,13,1200,10
3639,14,1500,12
3639,15,1600,13.2
3639,16,1650,14.7
3639,17,1700,17
3639,18,1800,25.5
3639,19,1900,38
3639,20,2000,55
3639,21,2070,70
3645,1,5,1.33
3645,2,279,5.4099998
3645,3,370,6.8899999
3645,4,451,8.3800001
3645,5,759,15.5
3645,6,1067,23.799999
3645,7,1434,35.400002
3645,8,1968,51.900002
3645,9,2501,71.599998
3645,10,3567,120
3645,11,4612,168
3650,15,889,28.4
3650,16,1123,46.799999
3650,17,1358,69.699997
3650,18,1510,85.400002
3650,19,1693,104
3650,20,2000,137
3650,21,2297,170
3650,22,2507,192
3651,1,99,0.19400001
3651,2,128,0.28299999
3651,3,153,0.39500001
3651,4,178,0.54299998
3651,5,203,0.736
3651,6,228,0.98199999
3651,7,236,1.0700001
3651,8,270,1.6
3651,9,295,1.92
3651,10,308,2.23
3651,11,375,3.8299999
3651,12,442,5.9099998
3651,13,508,8.4200001
3651,14,567,11.1
3651,15,728,19.200001
3651,16,889,28.4
3651,17,1123,46.799999
3651,18,1358,69.699997
3651,19,1510,85.400002
3651,20,1693,104
3651,21,2000,137
3651,22,2297,170
3651,23,2507,192
3652,5,242,0.24600001
3652,6,271,0.38600001
3652,7,615,2.4200001
