noct,ladate
17524,"10/04/06 13:55:00"
17524,"11/05/14 14:45:00"
17524,"01/14/04 17:14:00"
17524,"01/15/04 09:03:00"
17524,"01/06/88 00:00:00"
17524,"02/22/02 08:46:00"
17524,"04/01/86 00:00:00"
17524,"10/17/13 13:00:00"
17524,"12/17/11 09:57:00"
17245,"01/19/18 16:25:00"
17246,"01/03/12 13:15:00"
17247,"05/25/83 00:01:00"
17247,"04/12/83 00:01:00"
15319,"02/26/97 00:00:00"
15319,"11/15/00 10:10:00"
14295,"12/03/02 09:31:00"
14295,"11/13/96 00:00:00"
14295,"02/14/96 01:00:00"
14295,"02/14/96 00:00:00"
14295,"01/15/99 09:15:00"
14295,"01/21/97 01:00:00"
14295,"01/21/97 00:00:00"
14295,"05/17/01 09:30:00"
14295,"03/09/99 19:21:00"
14295,"02/21/02 12:21:00"
14295,"11/13/96 00:01:00"
14295,"12/23/09 15:56:00"
14295,"12/23/09 14:16:00"
14295,"01/29/02 12:01:00"
14295,"02/14/96 01:01:00"
14295,"12/30/09 09:46:00"
14295,"01/12/11 09:23:00"
14295,"01/15/99 09:16:00"
14295,"05/17/01 09:31:00"
14295,"01/21/97 17:41:00"
14295,"02/23/00 06:51:00"
14295,"12/03/97 10:31:00"
14295,"12/31/90 00:00:00"
14295,"10/12/93 00:00:00"
14295,"03/09/99 19:20:00"
14295,"03/09/99 19:22:00"
14295,"02/21/02 12:22:00"
14295,"11/13/96 09:32:00"
14295,"12/31/90 09:50:00"
14296,"12/31/90 00:00:00"
14296,"10/12/93 00:00:00"
14296,"03/09/99 19:20:00"
14296,"11/13/96 00:00:00"
14296,"02/14/96 01:00:00"
14296,"02/14/96 00:00:00"
14296,"01/15/99 09:15:00"
14296,"01/21/97 01:00:00"
14296,"01/21/97 00:00:00"
14296,"05/17/01 09:30:00"
14296,"03/09/99 19:22:00"
14296,"02/21/02 12:22:00"
14296,"12/31/90 09:50:00"
14296,"01/14/04 14:30:00"
14321,"01/04/91 00:00:00"
14321,"02/10/88 00:00:00"
14321,"12/14/93 00:00:00"
14321,"02/20/96 00:00:00"
14321,"03/22/95 00:00:00"
14321,"09/30/76 00:00:00"
14321,"08/19/76 00:00:00"
9882,"10/23/86 00:00:00"
9882,"02/06/80 00:00:00"
9882,"11/18/82 00:00:00"
9882,"07/27/80 00:00:00"
9882,"01/26/94 00:00:00"
9882,"10/14/93 00:00:00"
9882,"09/14/94 00:00:00"
9882,"10/09/97 00:00:00"
9882,"11/04/97 00:00:00"
9882,"09/07/83 00:00:00"
9883,"02/15/90 00:00:00"
9883,"05/17/01 11:00:00"
9883,"02/12/88 00:00:00"
9883,"12/19/86 00:00:00"
9883,"10/09/97 00:00:00"
9883,"09/07/83 00:00:00"
9883,"11/04/97 00:00:00"
9965,"01/24/95 10:00:00"
9966,"01/24/95 10:00:00"
9967,"04/05/01 10:00:00"
9967,"09/17/01 10:00:00"
9981,"02/27/95 00:00:00"
9981,"01/24/95 00:00:00"
9981,"03/14/95 00:00:00"
9990,"10/21/91 00:00:00"
9990,"09/24/91 00:00:00"
9990,"10/23/90 00:00:00"
9990,"09/11/96 00:00:00"
9994,"09/10/03 15:45:00"
9994,"09/26/03 16:20:00"
16077,"09/30/76 00:00:00"
16077,"08/19/76 00:00:00"
16077,"01/04/91 00:00:00"
16077,"02/10/88 00:00:00"
16077,"12/14/93 00:00:00"
16077,"02/20/96 00:00:00"
16077,"03/22/95 00:00:00"
16077,"03/19/88 00:00:00"
16077,"02/17/66 00:00:00"
9994,"08/27/03 17:50:00"
9999,"04/25/01 07:30:00"
9999,"11/15/01 10:45:00"
16970,"01/21/97 17:41:00"
16970,"11/13/96 09:32:00"
16970,"12/31/90 09:50:00"
16970,"12/31/90 00:00:00"
16970,"10/12/93 00:00:00"
16970,"03/09/99 19:20:00"
16970,"11/13/96 00:00:00"
16970,"02/14/96 01:00:00"
16970,"02/14/96 00:00:00"
16970,"01/15/99 09:15:00"
16970,"01/21/97 01:00:00"
16970,"01/21/97 00:00:00"
16970,"05/17/01 09:30:00"
16970,"11/13/96 00:01:00"
16970,"01/14/04 14:30:00"
16970,"12/20/04 13:48:00"
17517,"06/04/16 10:25:00"
17517,"06/03/16 09:20:00"
17517,"06/02/16 09:13:00"
16970,"12/30/09 09:46:00"
16970,"02/18/06 09:16:00"
16970,"02/14/96 01:01:00"
16970,"12/23/09 14:16:00"
9999,"09/23/03 12:45:00"
9999,"08/28/03 11:50:00"
10003,"02/01/01 13:15:00"
10024,"04/23/96 00:00:00"
10024,"07/15/96 00:00:00"
10024,"06/19/96 00:00:00"
10024,"10/16/96 00:00:00"
10024,"09/10/96 00:00:00"
10024,"10/01/97 00:00:00"
10024,"10/16/90 00:00:00"
10024,"11/18/76 00:00:00"
10024,"01/31/74 00:00:00"
10024,"05/04/73 00:00:00"
10024,"04/03/75 00:00:00"
10024,"01/26/71 00:00:00"
10024,"11/23/87 00:00:00"
10024,"10/15/93 00:00:00"
10024,"02/11/70 00:00:00"
10024,"12/19/79 00:00:00"
10024,"03/03/99 23:01:00"
10024,"03/03/99 23:00:00"
10026,"08/11/93 00:00:00"
10026,"03/08/99 23:00:00"
10026,"11/13/96 00:00:00"
10026,"02/21/02 11:30:00"
10026,"07/31/86 00:00:00"
10026,"08/25/76 00:00:00"
10026,"07/02/76 00:00:00"
10026,"02/16/77 00:00:00"
10026,"05/23/75 00:00:00"
10042,"02/06/97 00:00:00"
10042,"03/19/97 00:00:00"
10042,"03/20/96 00:00:00"
10042,"10/01/97 00:00:00"
10042,"06/19/96 00:00:00"
10042,"09/10/96 00:00:00"
10042,"10/17/96 00:00:00"
10046,"02/15/90 00:00:00"
10046,"02/12/88 00:00:00"
10046,"05/17/01 11:00:00"
10046,"12/17/81 00:00:00"
10046,"04/06/83 00:00:00"
10046,"12/19/86 00:00:00"
10046,"10/23/86 00:00:00"
10046,"09/17/96 00:00:00"
10046,"08/22/91 00:00:00"
10046,"10/06/83 00:00:00"
10046,"11/22/85 00:00:00"
10046,"10/13/89 00:00:00"
10046,"11/04/97 00:00:00"
10046,"10/09/97 00:00:00"
10046,"09/07/83 00:00:00"
10057,"09/12/96 00:00:00"
10057,"10/26/93 00:00:00"
10057,"08/06/96 00:00:00"
10057,"08/23/93 00:00:00"
10057,"09/22/87 00:00:00"
10059,"01/25/90 00:00:00"
10059,"03/03/89 00:00:00"
10059,"11/22/72 00:00:00"
12264,"02/26/97 00:00:00"
12264,"02/12/79 00:00:00"
12264,"02/05/80 00:00:00"
10059,"01/24/62 00:00:00"
10059,"09/15/71 00:00:00"
10059,"10/01/59 00:00:00"
10059,"10/01/76 00:00:00"
10059,"08/06/75 00:00:00"
10059,"08/19/76 00:00:00"
10060,"02/21/02 12:20:00"
10060,"11/13/96 00:00:00"
10060,"12/31/90 00:00:00"
10060,"10/12/93 00:00:00"
10060,"01/29/02 12:00:00"
10060,"02/14/96 00:00:00"
10060,"02/14/96 01:00:00"
10060,"11/03/97 00:00:00"
10060,"08/21/96 00:00:00"
10060,"10/08/97 00:00:00"
10060,"08/23/95 00:00:00"
10060,"09/16/96 00:00:00"
10062,"08/29/01 08:00:00"
10062,"09/16/96 00:00:00"
10062,"08/20/96 00:00:00"
10062,"08/23/95 00:00:00"
10062,"07/08/99 08:50:00"
10063,"09/10/03 10:45:00"
10064,"03/27/01 11:00:00"
10064,"09/10/03 11:05:00"
10064,"08/27/03 11:40:00"
10064,"09/26/03 11:35:00"
10065,"08/27/03 11:05:00"
7988,"04/07/94 10:50:00"
12334,"02/26/97 00:00:00"
12334,"01/27/95 11:00:00"
12334,"01/25/86 00:00:00"
12438,"11/04/98 09:00:00"
12438,"07/02/97 09:15:00"
12438,"08/08/97 10:15:00"
8521,"10/04/06 13:15:00"
8521,"10/30/98 00:00:00"
8521,"03/10/99 18:20:00"
8521,"02/21/99 15:35:00"
8524,"12/21/93 00:00:00"
8524,"11/12/96 19:15:00"
8524,"01/25/95 13:00:00"
8524,"04/04/86 00:00:00"
8524,"04/07/94 10:50:00"
8683,"01/25/90 00:00:00"
8683,"03/03/89 00:00:00"
8683,"01/24/62 00:00:00"
8683,"11/22/72 00:00:00"
8683,"11/30/92 00:00:00"
8683,"10/14/93 00:00:00"
8683,"11/23/87 00:00:00"
8683,"04/06/83 00:00:00"
8683,"01/21/98 00:00:00"
13056,"03/21/01 11:35:00"
13056,"02/09/00 11:10:00"
13056,"12/15/99 14:30:00"
13056,"01/27/99 09:15:00"
13056,"09/10/03 10:30:00"
13056,"08/27/03 10:00:00"
16477,"01/03/91 00:00:00"
13058,"03/21/01 11:35:00"
13058,"02/09/00 11:10:00"
12662,"11/07/01 08:15:00"
12662,"08/22/01 07:30:00"
12765,"01/01/94 00:00:00"
12765,"11/22/92 00:00:00"
12765,"12/30/90 00:00:00"
12765,"01/31/07 10:55:00"
12767,"12/23/93 00:00:00"
12767,"01/05/91 01:00:00"
12767,"04/15/83 00:00:00"
12767,"01/05/91 00:00:00"
12767,"02/11/80 00:00:00"
12767,"02/21/90 00:00:00"
12767,"09/26/73 00:00:00"
12767,"06/25/76 00:00:00"
12767,"09/20/74 00:00:00"
13051,"02/20/99 23:00:00"
13051,"01/01/94 00:00:00"
13444,"05/27/83 00:00:00"
9719,"12/23/93 09:00:00"
9719,"12/29/99 09:00:00"
9719,"02/07/01 12:30:00"
9719,"03/20/02 13:45:00"
9719,"02/05/03 12:00:00"
9785,"11/17/04 09:17:00"
9785,"09/06/04 08:50:00"
9785,"07/28/04 09:30:00"
9785,"07/05/04 12:00:00"
9785,"05/25/04 08:45:00"
9785,"04/21/04 07:54:00"
9785,"03/03/04 08:15:00"
9785,"01/16/04 09:10:00"
9785,"10/23/03 08:00:00"
9785,"09/19/03 14:20:00"
9785,"09/10/03 12:30:00"
9785,"09/02/03 07:45:00"
14906,"10/01/97 00:00:00"
14906,"09/27/73 00:00:00"
14906,"08/17/73 00:00:00"
14906,"08/06/75 00:00:00"
14906,"01/13/93 02:00:00"
14906,"01/03/03 15:05:00"
9785,"08/26/03 06:40:00"
9785,"08/12/03 07:15:00"
14361,"01/25/90 00:00:00"
14361,"03/03/89 00:00:00"
14361,"01/24/62 00:00:00"
14361,"01/18/04 09:19:00"
14361,"01/18/04 08:38:00"
14361,"11/22/72 00:00:00"
14361,"11/30/92 00:00:00"
16477,"02/09/88 00:00:00"
16477,"02/18/97 00:00:00"
14361,"10/14/93 00:00:00"
14361,"11/23/87 00:00:00"
16853,"12/23/93 00:00:00"
16853,"01/05/91 01:00:00"
16853,"04/15/83 00:00:00"
16853,"01/05/91 00:00:00"
14361,"04/06/83 00:00:00"
16903,"01/17/84 00:00:00"
16903,"12/26/67 00:00:00"
16903,"02/12/70 00:00:00"
16903,"02/09/88 00:00:00"
16903,"09/18/90 00:00:00"
16903,"08/23/93 00:00:00"
16903,"10/23/90 00:00:00"
16903,"09/11/96 00:00:00"
16903,"10/21/91 00:00:00"
16903,"09/24/91 00:00:00"
16903,"06/04/81 00:00:00"
16903,"01/03/91 00:00:00"
14361,"08/06/75 00:00:00"
14361,"08/28/59 00:00:00"
14373,"03/26/88 00:00:00"
14376,"02/26/97 16:45:00"
14376,"02/04/10 16:55:00"
14376,"12/29/99 10:30:00"
14376,"02/05/10 15:10:00"
14376,"02/25/02 13:40:00"
14376,"01/17/04 12:59:00"
9785,"07/16/03 08:20:00"
9785,"05/16/03 08:30:00"
9785,"09/17/02 22:10:00"
9785,"09/17/02 22:09:00"
9785,"09/17/02 22:08:00"
9785,"09/17/02 22:07:00"
9785,"01/17/02 23:02:00"
9785,"09/17/02 22:06:00"
9785,"09/09/02 22:04:00"
9785,"09/09/02 22:03:00"
9785,"09/09/02 22:02:00"
9785,"09/09/02 22:01:00"
9785,"09/09/02 22:00:00"
9785,"04/10/02 09:00:00"
9872,"10/03/06 22:00:00"
9872,"01/13/04 23:00:00"
9874,"10/03/06 22:00:00"
9874,"03/15/01 13:35:00"
9875,"10/03/06 22:00:00"
9875,"01/13/04 23:00:00"
9875,"03/15/01 13:35:00"
9888,"10/03/06 22:00:00"
9888,"01/13/04 23:00:00"
9888,"04/07/05 22:00:00"
9888,"03/15/01 13:35:00"
4332,"02/08/84 00:00:00"
4332,"02/20/70 00:00:00"
17386,"09/18/91 11:10:00"
17386,"09/10/96 00:00:00"
17386,"10/17/96 00:00:00"
17386,"01/07/91 11:30:00"
17386,"12/15/99 08:00:00"
17434,"02/18/97 00:00:00"
4332,"11/22/84 00:00:00"
4332,"03/26/88 00:00:00"
12660,"02/18/97 00:00:00"
3205,"03/08/99 23:00:00"
3205,"09/17/86 00:00:00"
3205,"11/09/82 00:00:00"
3205,"01/25/95 00:00:00"
3205,"10/15/82 00:00:00"
3205,"04/04/86 00:00:00"
3205,"10/15/87 00:00:00"
3205,"12/08/82 00:00:00"
3205,"02/09/84 00:00:00"
3205,"01/06/83 00:00:00"
3205,"12/09/81 00:00:00"
3205,"02/04/88 00:00:00"
3205,"03/30/95 00:00:00"
3205,"06/23/82 00:00:00"
3205,"01/07/88 00:00:00"
3205,"01/07/82 00:00:00"
3551,"03/21/97 00:00:00"
3551,"01/23/95 00:00:00"
3551,"01/07/91 00:00:00"
3551,"03/03/99 09:30:00"
3551,"02/18/88 00:00:00"
7565,"12/21/93 00:00:00"
7565,"01/25/95 13:00:00"
6916,"03/21/97 00:00:00"
6916,"01/23/95 00:00:00"
6916,"01/07/91 00:00:00"
6916,"03/03/99 09:30:00"
6916,"02/18/88 00:00:00"
7403,"01/25/90 00:00:00"
7403,"03/03/89 00:00:00"
7403,"01/24/62 00:00:00"
7403,"11/22/72 00:00:00"
7403,"10/01/59 00:00:00"
7403,"08/06/75 00:00:00"
7403,"10/01/76 00:00:00"
7565,"04/04/86 00:00:00"
7362,"03/21/97 00:00:00"
7362,"01/23/95 00:00:00"
7362,"01/07/91 00:00:00"
7362,"03/03/99 09:30:00"
7362,"02/18/88 00:00:00"
7391,"03/21/97 00:00:00"
7391,"01/23/95 00:00:00"
7391,"01/07/91 00:00:00"
7391,"03/03/99 09:30:00"
7391,"02/18/88 00:00:00"
7403,"11/25/03 10:35:00"
7403,"08/19/76 00:00:00"
7565,"04/07/94 10:50:00"
7988,"12/21/93 00:00:00"
7988,"01/25/95 13:00:00"
7988,"04/04/86 00:00:00"
16477,"12/14/93 00:00:00"
16526,"01/24/95 00:00:00"
16526,"01/31/95 00:00:00"
16526,"02/09/88 00:00:00"
16853,"02/11/80 00:00:00"
16853,"02/21/90 00:00:00"
16853,"09/26/73 00:00:00"
16971,"03/27/02 10:30:00"
16971,"10/23/90 00:00:00"
16971,"08/23/93 00:00:00"
16971,"09/18/90 00:00:00"
16971,"09/11/96 00:00:00"
9888,"07/19/04 10:20:00"
9882,"02/15/90 00:00:00"
9882,"03/19/02 13:20:00"
9882,"02/12/88 00:00:00"
9882,"12/17/81 00:00:00"
9882,"05/17/01 11:00:00"
9882,"04/06/83 00:00:00"
9882,"12/19/86 00:00:00"
10065,"09/26/03 11:00:00"
10065,"09/10/03 10:25:00"
10067,"09/10/03 13:10:00"
10067,"09/26/03 13:45:00"
10067,"08/27/03 14:40:00"
10069,"12/13/89 00:00:00"
10069,"08/31/89 00:00:00"
10069,"10/16/89 00:00:00"
10069,"09/09/91 10:00:00"
10070,"03/21/97 00:00:00"
10070,"01/23/95 00:00:00"
10070,"01/07/91 00:00:00"
10070,"03/03/99 09:30:00"
10070,"02/18/88 00:00:00"
10072,"02/02/99 11:00:00"
10073,"11/02/98 16:00:00"
10073,"04/05/01 14:00:00"
10073,"03/20/01 15:00:00"
10074,"03/14/01 13:00:00"
10075,"09/20/01 09:00:00"
10076,"01/07/98 10:00:00"
10077,"03/27/98 10:00:00"
10077,"04/17/01 08:00:00"
10078,"03/27/98 10:00:00"
10078,"04/17/01 08:00:00"
10084,"04/04/01 09:00:00"
17086,"02/15/79 01:00:00"
13358,"09/19/91 00:00:00"
13358,"03/10/99 00:00:00"
13358,"11/13/96 00:00:00"
13358,"03/09/99 23:00:00"
13358,"12/21/93 00:00:00"
13358,"01/12/95 00:00:00"
13358,"02/22/02 08:00:00"
13358,"10/23/86 00:00:00"
13358,"08/26/94 00:00:00"
17452,"03/29/88 00:00:00"
17452,"11/20/86 00:00:00"
17466,"09/18/06 09:55:00"
13358,"09/28/90 00:00:00"
13358,"07/09/93 00:00:00"
13358,"08/28/90 00:00:00"
13358,"08/28/01 12:30:00"
13358,"10/26/90 00:00:00"
13358,"08/23/95 00:00:00"
14362,"01/25/90 00:00:00"
14362,"03/03/89 00:00:00"
14362,"01/24/62 00:00:00"
14788,"02/15/90 00:00:00"
14788,"03/19/02 13:20:00"
14788,"02/12/88 00:00:00"
14788,"12/17/81 00:00:00"
14788,"05/17/01 11:00:00"
14788,"04/06/83 00:00:00"
14788,"12/19/86 00:00:00"
14788,"10/23/86 00:00:00"
14788,"02/06/80 00:00:00"
14788,"11/18/82 00:00:00"
14788,"07/27/80 00:00:00"
14788,"01/26/94 00:00:00"
14788,"10/14/93 00:00:00"
14788,"09/14/94 00:00:00"
14788,"10/09/97 00:00:00"
14789,"02/15/90 00:00:00"
14789,"03/19/02 13:20:00"
14789,"02/12/88 00:00:00"
14789,"12/17/81 00:00:00"
14789,"05/17/01 11:00:00"
14789,"04/06/83 00:00:00"
14789,"12/19/86 00:00:00"
14789,"10/23/86 00:00:00"
14789,"02/06/80 00:00:00"
14789,"11/18/82 00:00:00"
14789,"07/27/80 00:00:00"
14789,"01/26/94 00:00:00"
14789,"10/14/93 00:00:00"
14789,"09/14/94 00:00:00"
14789,"10/09/97 00:00:00"
14790,"02/15/90 00:00:00"
14790,"03/19/02 13:20:00"
14790,"02/12/88 00:00:00"
14790,"12/17/81 00:00:00"
14790,"05/17/01 11:00:00"
14790,"04/06/83 00:00:00"
14790,"12/19/86 00:00:00"
14790,"10/23/86 00:00:00"
14790,"02/06/80 00:00:00"
14790,"11/18/82 00:00:00"
14790,"07/27/80 00:00:00"
14790,"01/26/94 00:00:00"
14790,"10/14/93 00:00:00"
14790,"09/14/94 00:00:00"
14790,"10/09/97 00:00:00"
14792,"02/15/90 00:00:00"
14792,"03/19/02 13:20:00"
14792,"02/12/88 00:00:00"
14792,"12/17/81 00:00:00"
14792,"05/17/01 11:00:00"
14792,"04/06/83 00:00:00"
14792,"12/19/86 00:00:00"
14792,"10/23/86 00:00:00"
14792,"02/06/80 00:00:00"
14792,"11/18/82 00:00:00"
14792,"07/27/80 00:00:00"
14792,"01/26/94 00:00:00"
14792,"10/14/93 00:00:00"
16971,"10/21/91 00:00:00"
16971,"09/24/91 00:00:00"
16971,"06/04/81 00:00:00"
14792,"09/14/94 00:00:00"
14792,"10/09/97 00:00:00"
12415,"01/20/04 14:34:00"
12415,"02/20/99 23:50:00"
12415,"01/01/94 00:00:00"
10831,"02/15/90 00:00:00"
10831,"11/17/72 00:00:00"
10831,"10/23/86 00:00:00"
10831,"12/17/82 00:00:00"
10831,"12/19/89 00:00:00"
10831,"10/29/98 00:00:00"
10831,"01/28/02 09:05:00"
10831,"11/28/83 00:00:00"
10831,"12/16/80 00:00:00"
10823,"10/29/98 23:30:00"
10823,"12/29/01 23:00:00"
10823,"03/02/07 11:00:00"
10823,"12/07/88 00:00:00"
10823,"10/05/06 10:35:00"
13112,"02/16/90 00:00:00"
13112,"03/17/88 00:00:00"
13112,"01/15/86 00:00:00"
10779,"03/02/07 09:17:00"
10779,"02/28/07 14:03:00"
10779,"10/03/06 14:30:00"
10779,"02/20/99 20:10:00"
12063,"10/30/98 00:00:00"
12063,"03/10/99 18:20:00"
12063,"02/21/99 15:35:00"
12063,"12/22/93 00:00:00"
12063,"03/20/95 00:00:00"
12169,"01/26/95 00:00:00"
12169,"12/22/93 00:00:00"
12169,"03/28/95 00:00:00"
17088,"02/15/79 01:00:00"
17088,"02/12/88 00:00:00"
12169,"01/12/94 00:00:00"
12637,"07/23/09 09:36:00"
12637,"04/09/09 08:37:00"
12637,"07/04/07 08:40:00"
12637,"01/18/07 10:03:00"
12637,"09/28/06 08:55:00"
12637,"08/29/06 08:40:00"
12637,"03/08/06 11:10:00"
12637,"01/28/02 09:05:00"
12637,"10/29/98 00:00:00"
12637,"02/15/90 00:00:00"
12637,"12/19/89 00:00:00"
12637,"10/23/86 00:00:00"
12637,"11/28/83 00:00:00"
12637,"12/17/82 00:00:00"
12825,"03/16/88 00:00:00"
12825,"12/20/93 00:00:00"
12825,"03/01/90 00:00:00"
12825,"07/10/00 12:10:00"
12825,"11/12/96 00:00:00"
12825,"03/28/80 00:00:00"
14258,"10/04/06 09:00:00"
14362,"01/18/04 09:19:00"
14362,"01/18/04 08:38:00"
14362,"11/22/72 00:00:00"
14362,"11/30/92 00:00:00"
14362,"10/14/93 00:00:00"
14362,"11/23/87 00:00:00"
14362,"04/06/83 00:00:00"
14362,"08/06/75 00:00:00"
14362,"08/28/59 00:00:00"
14538,"03/02/07 14:30:00"
14538,"10/04/06 08:00:00"
14538,"02/04/88 00:00:00"
11351,"10/05/06 13:10:00"
11351,"02/19/99 23:00:00"
15548,"03/08/99 23:00:00"
15548,"11/13/96 00:00:00"
11351,"12/30/90 14:25:00"
11351,"01/05/94 00:00:00"
11351,"10/29/98 00:00:00"
11352,"10/29/98 00:00:00"
11352,"02/19/99 23:00:00"
11352,"12/30/90 14:25:00"
11352,"01/05/94 00:00:00"
11287,"01/05/88 00:00:00"
11287,"03/17/88 00:00:00"
11287,"03/26/88 00:00:00"
11287,"12/21/93 00:00:00"
11287,"11/21/90 00:00:00"
11170,"05/26/83 00:00:00"
11170,"01/06/82 00:00:00"
11170,"04/03/86 00:00:00"
11170,"02/07/84 00:00:00"
11171,"05/26/83 00:00:00"
11171,"01/06/82 00:00:00"
11171,"04/03/86 00:00:00"
11171,"02/07/84 00:00:00"
11325,"10/05/06 13:10:00"
11325,"10/03/06 13:15:00"
11327,"03/17/88 00:00:00"
11327,"03/26/88 00:00:00"
11328,"03/17/88 00:00:00"
11328,"03/26/88 00:00:00"
11330,"03/17/88 00:00:00"
11330,"03/26/88 00:00:00"
11330,"05/26/83 00:00:00"
11330,"12/18/82 00:00:00"
11330,"12/17/81 00:00:00"
12085,"12/23/93 00:00:00"
12430,"11/18/96 00:00:00"
12430,"12/17/74 00:00:00"
12430,"04/03/86 00:00:00"
12430,"01/05/83 00:00:00"
12430,"11/09/82 00:00:00"
12430,"12/06/88 00:00:00"
11026,"11/18/96 00:00:00"
11026,"12/17/74 00:00:00"
11026,"04/03/86 00:00:00"
11026,"01/05/83 00:00:00"
11026,"11/09/82 00:00:00"
11026,"12/06/88 00:00:00"
11338,"01/05/88 00:00:00"
11338,"03/17/88 00:00:00"
11338,"03/26/88 00:00:00"
11338,"04/01/86 00:00:00"
11339,"01/05/88 00:00:00"
11339,"03/17/88 00:00:00"
11339,"03/26/88 00:00:00"
11339,"03/12/81 00:00:00"
11340,"01/05/88 00:00:00"
11340,"03/17/88 00:00:00"
12287,"03/13/01 08:15:00"
12287,"01/25/86 00:00:00"
12287,"04/20/95 00:00:00"
12287,"12/14/79 00:00:00"
13058,"12/15/99 14:30:00"
13058,"01/27/99 09:15:00"
13058,"09/10/03 10:30:00"
11524,"12/20/93 00:00:00"
11574,"02/15/90 00:00:00"
11574,"01/03/94 00:00:00"
17115,"02/15/90 00:00:00"
17115,"01/28/02 09:05:00"
17139,"12/17/11 09:57:00"
11574,"10/18/93 00:00:00"
14363,"01/25/90 00:00:00"
14363,"03/03/89 00:00:00"
14363,"01/24/62 00:00:00"
14363,"01/18/04 09:19:00"
14363,"01/18/04 08:38:00"
14363,"11/22/72 00:00:00"
17384,"01/07/91 11:30:00"
17384,"12/15/99 08:00:00"
17384,"01/10/94 10:00:00"
17384,"01/21/98 00:00:00"
17384,"12/21/93 10:00:00"
17384,"06/19/96 00:00:00"
17384,"08/14/96 00:00:00"
17384,"09/18/91 11:10:00"
17385,"01/07/91 11:30:00"
17385,"12/15/99 08:00:00"
17385,"01/10/94 10:00:00"
17385,"01/21/98 00:00:00"
17385,"12/21/93 10:00:00"
17385,"06/19/96 00:00:00"
17385,"08/14/96 00:00:00"
17386,"01/10/94 10:00:00"
17386,"01/21/98 00:00:00"
17386,"12/21/93 10:00:00"
17452,"01/03/91 00:00:00"
17452,"02/09/88 00:00:00"
17452,"03/21/08 13:15:00"
17452,"03/01/07 15:00:00"
17452,"01/07/11 10:25:00"
14363,"11/30/92 00:00:00"
14363,"10/14/93 00:00:00"
14567,"05/27/83 00:00:00"
14567,"01/23/95 00:00:00"
14567,"03/20/02 12:00:00"
14804,"03/27/86 00:00:00"
14804,"10/14/82 00:00:00"
14804,"11/14/96 00:00:00"
14804,"01/06/88 00:00:00"
14804,"12/31/90 00:00:00"
14804,"12/31/90 01:00:00"
14804,"04/02/86 00:00:00"
14804,"01/20/81 00:00:00"
14804,"02/08/88 00:00:00"
14804,"10/22/74 00:00:00"
14875,"11/04/98 09:00:00"
14875,"07/02/97 09:15:00"
11574,"02/03/94 00:00:00"
11574,"12/12/93 00:00:00"
11574,"11/16/92 00:00:00"
14887,"12/23/93 09:00:00"
14887,"12/29/99 09:00:00"
14887,"02/07/01 12:30:00"
11631,"03/25/02 11:35:00"
11631,"02/15/02 08:40:00"
15904,"10/04/06 13:30:00"
11631,"01/29/02 14:25:00"
11631,"03/13/02 11:05:00"
11631,"04/11/02 13:55:00"
11631,"04/23/02 09:30:00"
11631,"07/23/02 13:45:00"
11631,"04/11/06 10:50:00"
11631,"11/15/01 11:20:00"
11631,"10/28/02 12:30:00"
11652,"02/26/97 00:00:00"
11652,"01/08/91 00:00:00"
11653,"02/26/97 00:00:00"
11653,"03/13/01 08:40:00"
11653,"02/03/03 23:00:00"
11653,"11/15/00 10:10:00"
11653,"02/06/01 10:00:00"
13058,"08/27/03 10:00:00"
11692,"03/02/07 09:17:00"
11692,"02/28/07 14:03:00"
11692,"10/03/06 14:30:00"
11692,"02/20/99 20:10:00"
12328,"03/21/01 11:35:00"
12328,"02/09/00 11:10:00"
12328,"12/15/99 14:30:00"
12415,"11/22/92 00:00:00"
12427,"01/26/95 00:00:00"
14101,"03/31/08 13:35:00"
14101,"01/29/02 14:25:00"
12427,"12/22/93 00:00:00"
11737,"06/23/82 00:00:00"
11737,"01/07/88 00:00:00"
11737,"03/08/99 23:00:00"
11737,"01/25/95 00:00:00"
11737,"04/04/86 00:00:00"
11737,"10/15/87 00:00:00"
11737,"02/04/88 00:00:00"
11737,"03/21/02 13:15:00"
14612,"11/14/96 00:00:00"
14612,"01/06/88 00:00:00"
14612,"12/31/90 01:00:00"
14612,"04/02/86 00:00:00"
14612,"01/20/81 00:00:00"
14612,"02/08/88 00:00:00"
14612,"10/22/74 00:00:00"
14612,"02/06/79 00:00:00"
14612,"03/27/86 00:00:00"
14612,"10/14/82 00:00:00"
14612,"07/03/80 00:00:00"
14612,"05/25/78 00:00:00"
14612,"12/19/84 00:00:00"
14612,"02/23/78 00:00:00"
14612,"12/13/77 00:00:00"
14803,"03/27/86 00:00:00"
14803,"10/14/82 00:00:00"
14803,"11/14/96 00:00:00"
11806,"10/29/98 23:30:00"
11806,"12/29/01 23:00:00"
11806,"03/02/07 11:00:00"
11806,"12/07/88 00:00:00"
11806,"10/05/06 10:35:00"
11814,"02/05/80 00:00:00"
11814,"12/24/93 00:00:00"
11814,"12/21/82 00:00:00"
11814,"12/09/10 14:15:00"
11814,"02/26/97 00:00:00"
14887,"03/20/02 13:45:00"
14904,"02/28/07 14:03:00"
14904,"10/03/06 14:30:00"
14904,"03/02/07 09:17:00"
14904,"03/26/09 09:02:00"
15026,"03/08/99 23:00:00"
15026,"01/25/95 00:00:00"
15026,"10/15/87 00:00:00"
15026,"02/04/88 00:00:00"
15026,"03/21/02 13:15:00"
15026,"10/15/82 00:00:00"
11814,"10/16/81 00:00:00"
11814,"01/27/95 00:00:00"
11814,"03/28/88 00:00:00"
11815,"12/24/93 00:00:00"
11815,"12/21/82 00:00:00"
11815,"02/05/80 00:00:00"
11815,"02/26/97 00:00:00"
11815,"01/27/95 00:00:00"
11815,"12/09/10 14:15:00"
12689,"02/20/99 23:00:00"
12689,"01/01/94 00:00:00"
15502,"09/18/06 09:55:00"
15615,"10/03/06 22:00:00"
12689,"11/22/92 00:00:00"
12689,"12/30/90 00:00:00"
13353,"03/10/99 00:00:00"
13353,"11/13/96 00:00:00"
13353,"03/09/99 23:00:00"
13353,"01/12/95 00:00:00"
14094,"07/04/07 13:23:00"
13353,"12/21/93 00:00:00"
13353,"02/22/02 08:00:00"
13353,"10/23/86 00:00:00"
12689,"04/17/08 09:47:00"
12689,"01/31/07 10:55:00"
12778,"02/26/97 00:00:00"
12063,"01/07/94 00:00:00"
12169,"01/09/91 00:00:00"
14613,"11/14/96 00:00:00"
14613,"01/06/88 00:00:00"
13047,"12/08/10 15:30:00"
12116,"02/15/90 00:00:00"
12116,"07/10/00 15:40:00"
14094,"08/16/07 12:23:00"
12260,"12/24/93 00:00:00"
12260,"02/26/97 00:00:00"
12260,"12/21/82 00:00:00"
12260,"02/05/80 00:00:00"
12264,"02/02/82 00:00:00"
12264,"03/28/88 00:00:00"
12265,"02/02/82 00:00:00"
12265,"03/28/88 00:00:00"
12265,"02/26/97 00:00:00"
12265,"02/12/79 00:00:00"
16279,"02/15/90 00:00:00"
16279,"12/22/93 00:00:00"
12265,"02/05/80 00:00:00"
12287,"01/07/80 00:00:00"
12287,"01/08/91 00:00:00"
12287,"02/26/97 00:00:00"
12288,"02/26/97 00:00:00"
12288,"09/23/10 09:50:00"
12228,"09/06/03 12:50:00"
16477,"03/29/88 00:00:00"
16477,"11/20/86 00:00:00"
12228,"01/14/04 12:00:00"
12229,"09/06/03 12:50:00"
12229,"08/26/96 00:00:00"
16851,"01/07/11 09:40:00"
16851,"02/25/02 14:05:00"
16851,"02/25/02 11:15:00"
16851,"03/21/08 09:15:00"
16851,"02/28/02 13:15:00"
16971,"01/03/91 00:00:00"
16971,"01/17/84 00:00:00"
12235,"02/15/90 00:00:00"
12235,"01/03/94 00:00:00"
13042,"02/15/90 00:00:00"
12831,"02/15/90 00:00:00"
12831,"01/28/77 00:00:00"
12831,"12/05/05 13:50:00"
12831,"07/10/00 15:40:00"
12577,"11/14/05 14:30:00"
12577,"03/31/08 13:35:00"
12336,"02/26/97 00:00:00"
12336,"12/24/93 00:00:00"
12336,"05/27/83 00:00:00"
12336,"12/21/82 00:00:00"
12336,"02/12/79 00:00:00"
12336,"02/05/80 00:00:00"
12336,"01/06/82 00:00:00"
12336,"02/21/77 00:00:00"
12336,"01/26/86 00:00:00"
12336,"04/20/95 00:00:00"
12336,"04/01/82 00:00:00"
12415,"03/16/88 00:00:00"
12429,"01/26/95 00:00:00"
12429,"12/22/93 00:00:00"
12430,"08/16/07 08:16:00"
12430,"10/14/87 00:00:00"
12430,"02/08/84 00:00:00"
12434,"03/17/88 00:00:00"
12434,"03/12/81 00:00:00"
12434,"04/01/86 00:00:00"
12828,"12/17/74 00:00:00"
12835,"11/18/96 00:00:00"
12328,"01/27/99 09:15:00"
12328,"08/27/03 10:00:00"
12331,"12/24/93 00:00:00"
12331,"02/05/80 00:00:00"
12331,"12/21/82 00:00:00"
12331,"12/09/10 14:15:00"
12331,"02/26/97 00:00:00"
12331,"01/27/95 00:00:00"
12331,"10/16/81 00:00:00"
13159,"10/04/06 13:15:00"
12331,"03/28/88 00:00:00"
12334,"01/07/80 00:00:00"
12334,"01/08/91 00:00:00"
12344,"09/21/87 00:00:00"
12344,"05/10/88 00:00:00"
12344,"09/01/88 00:00:00"
12344,"10/12/88 00:00:00"
12344,"12/01/87 00:00:00"
12344,"05/20/87 00:00:00"
12344,"03/14/89 00:00:00"
12344,"11/08/89 00:00:00"
12344,"11/08/89 01:00:00"
12344,"04/11/88 00:00:00"
12344,"08/05/87 00:00:00"
12344,"07/23/87 00:00:00"
12344,"02/03/88 00:00:00"
12344,"04/19/89 00:00:00"
12344,"11/18/02 11:00:00"
12344,"03/15/01 15:00:00"
12344,"12/06/88 00:00:00"
12344,"10/24/86 00:00:00"
12344,"03/26/88 00:00:00"
12344,"01/15/04 13:55:00"
12344,"03/27/88 00:00:00"
12344,"03/11/99 04:00:00"
12344,"02/16/90 12:00:00"
12344,"01/08/94 00:00:00"
12344,"10/04/06 22:00:00"
12344,"10/05/06 12:30:00"
12344,"06/29/88 00:00:00"
12344,"10/09/87 00:00:00"
12344,"04/24/90 00:00:00"
14363,"11/23/87 00:00:00"
14363,"04/06/83 00:00:00"
14363,"08/06/75 00:00:00"
14363,"08/28/59 00:00:00"
12640,"12/16/11 15:00:00"
12641,"11/24/09 14:50:00"
12641,"01/08/08 13:08:00"
12641,"03/31/10 13:14:00"
12515,"12/17/11 09:57:00"
12515,"10/04/06 13:55:00"
17452,"02/18/97 00:00:00"
17452,"12/14/93 00:00:00"
12515,"01/14/04 17:14:00"
12515,"01/15/04 09:03:00"
12515,"01/06/88 00:00:00"
12515,"02/22/02 08:46:00"
12515,"04/01/86 00:00:00"
12742,"12/08/10 10:11:00"
12742,"12/09/10 05:00:00"
12742,"09/28/06 13:25:00"
12778,"02/03/03 23:00:00"
12640,"12/17/11 10:40:00"
12637,"12/16/80 00:00:00"
12637,"11/17/72 00:00:00"
12689,"07/03/07 12:15:00"
12767,"09/30/76 00:00:00"
12866,"12/08/10 10:11:00"
14612,"12/02/75 00:00:00"
14613,"12/31/90 00:00:00"
14613,"12/31/90 01:00:00"
14613,"04/02/86 00:00:00"
14613,"01/20/81 00:00:00"
14613,"02/08/88 00:00:00"
14613,"10/22/74 00:00:00"
16478,"01/03/91 00:00:00"
14613,"02/06/79 00:00:00"
14613,"03/27/86 00:00:00"
14802,"03/27/86 00:00:00"
14802,"10/14/82 00:00:00"
14802,"11/14/96 00:00:00"
14802,"01/06/88 00:00:00"
14802,"12/31/90 00:00:00"
14802,"12/31/90 01:00:00"
12866,"12/09/10 05:00:00"
12866,"09/28/06 13:25:00"
12866,"01/05/12 13:04:00"
13051,"11/22/92 00:00:00"
12831,"08/06/92 00:00:00"
12845,"12/17/74 00:00:00"
12866,"01/06/12 08:10:00"
14135,"12/08/10 10:11:00"
14135,"12/09/10 05:00:00"
14135,"01/05/12 13:04:00"
14135,"01/06/12 08:10:00"
14898,"03/21/01 11:35:00"
14898,"02/09/00 11:10:00"
15026,"09/17/86 00:00:00"
15026,"10/13/09 10:10:00"
14101,"11/14/05 14:30:00"
14798,"03/27/86 00:00:00"
14798,"10/14/82 00:00:00"
14798,"11/14/96 00:00:00"
14798,"01/06/88 00:00:00"
14798,"12/31/90 00:00:00"
14798,"12/31/90 01:00:00"
14798,"04/02/86 00:00:00"
14798,"01/20/81 00:00:00"
14798,"02/08/88 00:00:00"
14799,"03/27/86 00:00:00"
14799,"10/14/82 00:00:00"
14799,"11/14/96 00:00:00"
14799,"01/06/88 00:00:00"
14799,"12/31/90 00:00:00"
14799,"12/31/90 01:00:00"
14799,"04/02/86 00:00:00"
14799,"01/20/81 00:00:00"
14799,"02/08/88 00:00:00"
14799,"10/22/74 00:00:00"
14800,"03/27/86 00:00:00"
14800,"10/14/82 00:00:00"
14800,"11/14/96 00:00:00"
14800,"01/06/88 00:00:00"
14800,"12/31/90 00:00:00"
14800,"12/31/90 01:00:00"
14800,"04/02/86 00:00:00"
14800,"01/20/81 00:00:00"
12879,"02/08/84 00:00:00"
12947,"03/10/99 00:00:00"
12947,"11/13/96 00:00:00"
17139,"10/04/06 13:55:00"
17139,"01/14/04 17:14:00"
17139,"01/15/04 09:03:00"
17140,"12/17/11 09:57:00"
17140,"10/04/06 13:55:00"
17140,"01/14/04 17:14:00"
17154,"02/26/97 00:00:00"
12947,"03/09/99 23:00:00"
12947,"01/12/95 00:00:00"
12947,"12/21/93 00:00:00"
12947,"02/22/02 08:00:00"
12947,"10/23/86 00:00:00"
12947,"03/19/02 12:20:00"
12947,"01/13/89 00:00:00"
12948,"03/10/99 00:00:00"
12948,"11/13/96 00:00:00"
12948,"03/09/99 23:00:00"
12948,"01/12/95 00:00:00"
14793,"11/14/96 00:00:00"
14793,"01/06/88 00:00:00"
14793,"12/31/90 01:00:00"
14793,"04/02/86 00:00:00"
14793,"01/20/81 00:00:00"
14793,"02/08/88 00:00:00"
14793,"10/22/74 00:00:00"
14793,"02/06/79 00:00:00"
14793,"03/27/86 00:00:00"
14793,"10/14/82 00:00:00"
14793,"07/03/80 00:00:00"
14793,"05/25/78 00:00:00"
14793,"12/19/84 00:00:00"
14793,"02/23/78 00:00:00"
17435,"11/14/96 00:00:00"
17435,"01/06/88 00:00:00"
17435,"12/31/90 00:00:00"
17435,"12/31/90 01:00:00"
17435,"04/02/86 00:00:00"
17435,"01/20/81 00:00:00"
17435,"02/08/88 00:00:00"
17435,"10/22/74 00:00:00"
17457,"01/25/95 00:00:00"
17457,"10/15/87 00:00:00"
17457,"02/04/88 00:00:00"
17457,"03/21/02 13:15:00"
17457,"10/15/82 00:00:00"
17457,"10/13/09 10:10:00"
17457,"11/12/09 11:05:00"
14793,"12/13/77 00:00:00"
14793,"12/02/75 00:00:00"
14793,"09/24/81 00:00:00"
14794,"11/14/96 00:00:00"
14794,"01/06/88 00:00:00"
14794,"12/31/90 01:00:00"
14794,"04/02/86 00:00:00"
14794,"01/20/81 00:00:00"
14794,"02/08/88 00:00:00"
14794,"10/22/74 00:00:00"
14794,"02/06/79 00:00:00"
14794,"03/27/86 00:00:00"
14794,"10/14/82 00:00:00"
12948,"12/21/93 00:00:00"
12948,"02/22/02 08:00:00"
12948,"10/23/86 00:00:00"
12948,"03/19/02 12:20:00"
12948,"01/13/89 00:00:00"
12949,"03/10/99 00:00:00"
12949,"11/13/96 00:00:00"
12949,"03/09/99 23:00:00"
12949,"01/12/95 00:00:00"
12949,"12/21/93 00:00:00"
12949,"02/22/02 08:00:00"
12949,"10/23/86 00:00:00"
12949,"03/19/02 12:20:00"
12949,"01/13/89 00:00:00"
12950,"03/10/99 00:00:00"
12950,"11/13/96 00:00:00"
16925,"02/05/70 00:00:00"
12950,"03/09/99 23:00:00"
12950,"01/12/95 00:00:00"
12950,"12/21/93 00:00:00"
12950,"02/22/02 08:00:00"
12950,"10/23/86 00:00:00"
12950,"03/19/02 12:20:00"
12950,"01/13/89 00:00:00"
13353,"03/19/02 12:20:00"
13042,"01/03/94 00:00:00"
13051,"12/30/90 00:00:00"
13052,"02/20/99 23:00:00"
13052,"01/01/94 00:00:00"
13052,"11/22/92 00:00:00"
13052,"12/30/90 00:00:00"
13113,"08/19/03 10:30:00"
13113,"01/20/04 16:18:00"
13112,"01/17/94 00:00:00"
13278,"12/21/93 00:00:00"
13278,"01/25/95 13:00:00"
13278,"04/04/86 00:00:00"
13278,"04/07/94 10:50:00"
13353,"01/13/89 00:00:00"
13358,"09/16/96 00:00:00"
13358,"07/25/91 00:00:00"
13358,"09/02/91 00:00:00"
13358,"08/22/91 00:00:00"
13358,"09/23/91 00:00:00"
14258,"09/10/09 10:05:00"
13347,"11/13/96 00:00:00"
13347,"02/21/02 11:30:00"
13347,"01/14/04 11:25:00"
13347,"02/16/90 00:00:00"
13347,"12/17/81 00:00:00"
13347,"02/10/70 00:00:00"
13347,"12/21/93 00:00:00"
13347,"10/23/86 00:00:00"
13347,"02/07/74 00:00:00"
13347,"11/24/84 00:00:00"
13347,"03/22/78 00:00:00"
13347,"12/20/04 16:02:00"
13347,"01/26/78 00:00:00"
13347,"01/26/94 00:00:00"
13347,"01/29/75 00:00:00"
13347,"12/19/74 00:00:00"
13347,"04/06/83 00:00:00"
13347,"11/22/06 14:10:00"
13347,"01/18/84 00:00:00"
13347,"02/16/77 00:00:00"
13347,"02/12/88 00:00:00"
13347,"02/25/69 00:00:00"
13347,"12/01/77 00:00:00"
13347,"10/22/81 00:00:00"
13347,"11/18/82 00:00:00"
13347,"05/23/75 00:00:00"
13347,"08/11/93 00:00:00"
13347,"08/25/76 00:00:00"
13347,"07/02/76 00:00:00"
15963,"01/13/93 02:00:00"
15963,"01/03/03 15:05:00"
15963,"01/13/93 01:00:00"
15963,"01/13/93 00:00:00"
15963,"01/04/91 00:00:00"
14148,"01/04/12 13:00:00"
14348,"02/11/70 00:00:00"
14348,"12/19/79 00:00:00"
14348,"12/27/67 00:00:00"
17300,"11/02/98 00:00:00"
17300,"01/12/93 00:00:00"
17300,"01/04/91 00:00:00"
17300,"01/18/84 00:00:00"
13418,"01/03/03 15:05:00"
13418,"12/14/99 10:15:00"
14108,"02/08/84 00:00:00"
13418,"02/28/02 11:40:00"
13419,"01/13/93 02:00:00"
13419,"01/13/93 01:00:00"
13419,"01/13/93 00:00:00"
13419,"01/04/91 00:00:00"
16853,"06/25/76 00:00:00"
16853,"09/20/74 00:00:00"
13419,"12/22/89 00:00:00"
13419,"02/11/70 00:00:00"
13419,"12/19/74 00:00:00"
13419,"12/19/79 00:00:00"
13419,"02/11/88 00:00:00"
13419,"01/25/90 00:00:00"
13419,"12/27/67 00:00:00"
13419,"11/22/72 00:00:00"
13420,"01/13/93 00:00:00"
13420,"01/04/91 00:00:00"
13420,"12/14/99 10:15:00"
13420,"02/28/02 11:40:00"
13420,"12/22/89 00:00:00"
13420,"02/11/70 00:00:00"
16913,"01/12/93 00:00:00"
16913,"01/24/90 00:00:00"
16971,"12/26/67 00:00:00"
13420,"12/19/74 00:00:00"
13420,"01/06/98 00:00:00"
13420,"12/19/79 00:00:00"
15961,"01/13/93 02:00:00"
15961,"01/03/03 15:05:00"
15961,"01/13/93 01:00:00"
15961,"01/13/93 00:00:00"
15961,"01/04/91 00:00:00"
15961,"12/14/99 10:15:00"
15961,"02/28/02 11:40:00"
15961,"12/22/89 00:00:00"
15961,"01/06/98 00:00:00"
15961,"02/11/88 00:00:00"
15961,"12/19/79 00:00:00"
15961,"01/25/90 00:00:00"
15963,"12/14/99 10:15:00"
15963,"02/28/02 11:40:00"
15963,"12/22/89 00:00:00"
15963,"02/11/70 00:00:00"
15963,"12/19/74 00:00:00"
15963,"01/06/98 00:00:00"
15964,"01/13/93 02:00:00"
15964,"01/03/03 15:05:00"
15964,"01/13/93 01:00:00"
15964,"01/13/93 00:00:00"
15964,"01/04/91 00:00:00"
15964,"12/14/99 10:15:00"
15964,"02/28/02 11:40:00"
15964,"12/22/89 00:00:00"
15964,"01/06/98 00:00:00"
15964,"02/11/88 00:00:00"
15964,"12/19/79 00:00:00"
16526,"02/16/95 00:00:00"
16526,"08/05/92 00:00:00"
16526,"07/23/91 00:00:00"
16527,"08/27/03 11:10:00"
16527,"01/24/95 00:00:00"
16527,"01/31/95 00:00:00"
16527,"01/07/11 11:20:00"
16528,"01/24/95 00:00:00"
16528,"01/31/95 00:00:00"
16528,"02/22/77 00:00:00"
16528,"01/28/75 00:00:00"
16528,"01/26/77 00:00:00"
16528,"04/12/83 00:00:00"
16528,"02/26/70 00:00:00"
16528,"01/17/84 00:00:00"
16528,"02/13/79 00:00:00"
16528,"02/09/88 00:00:00"
16528,"02/16/95 00:00:00"
16528,"01/28/72 00:00:00"
16528,"11/21/72 00:00:00"
16528,"02/12/70 00:00:00"
13420,"02/11/88 00:00:00"
13420,"01/13/93 02:00:00"
13420,"01/03/03 15:05:00"
13420,"01/13/93 01:00:00"
13421,"02/11/70 00:00:00"
13421,"12/19/79 00:00:00"
13421,"12/27/67 00:00:00"
13421,"02/11/88 00:00:00"
13421,"01/03/03 15:05:00"
13421,"12/14/99 10:15:00"
13421,"02/28/02 11:40:00"
13421,"01/06/98 00:00:00"
13421,"01/04/91 00:00:00"
13421,"01/13/93 00:00:00"
13421,"01/13/93 01:00:00"
13421,"01/13/93 02:00:00"
13421,"12/22/89 00:00:00"
13421,"12/19/74 00:00:00"
14348,"02/11/88 00:00:00"
14348,"01/03/03 15:05:00"
14348,"12/14/99 10:15:00"
14348,"02/28/02 11:40:00"
17300,"02/26/58 00:00:00"
17300,"01/03/91 00:00:00"
17300,"02/10/88 00:00:00"
17300,"02/03/83 00:00:00"
17300,"01/30/75 00:00:00"
17300,"01/20/98 00:00:00"
17300,"12/14/93 00:00:00"
17300,"01/03/03 12:45:00"
17301,"11/02/98 00:00:00"
17301,"01/12/93 00:00:00"
17301,"01/04/91 00:00:00"
17301,"01/18/84 00:00:00"
17301,"02/26/58 00:00:00"
17301,"01/03/91 00:00:00"
17301,"02/10/88 00:00:00"
17301,"02/03/83 00:00:00"
17301,"01/30/75 00:00:00"
17301,"01/20/98 00:00:00"
14348,"01/06/98 00:00:00"
14348,"01/04/91 00:00:00"
14348,"01/13/93 00:00:00"
14348,"01/13/93 01:00:00"
14348,"01/13/93 02:00:00"
14348,"12/22/89 00:00:00"
14077,"11/08/00 10:15:00"
14077,"02/14/02 01:15:00"
14077,"03/23/92 11:00:00"
14077,"12/14/99 17:20:00"
14077,"01/28/99 12:30:00"
14077,"01/10/01 14:45:00"
14077,"10/15/98 00:00:00"
14077,"12/15/98 13:40:00"
14077,"12/21/93 11:20:00"
14077,"01/06/82 00:00:00"
14077,"02/09/84 00:00:00"
14077,"02/24/70 00:00:00"
14077,"04/02/86 10:45:00"
14077,"01/05/82 00:00:00"
14077,"01/27/70 00:00:00"
14077,"12/18/79 00:00:00"
14077,"02/02/84 00:00:00"
14077,"03/12/79 00:00:00"
14078,"02/14/02 01:15:00"
14078,"03/23/92 11:00:00"
14078,"12/14/99 17:20:00"
14078,"01/28/99 12:30:00"
14078,"01/10/01 14:45:00"
14078,"10/15/98 00:00:00"
14078,"12/15/98 13:40:00"
14078,"12/21/93 11:20:00"
14078,"01/06/82 00:00:00"
14078,"02/09/84 00:00:00"
14078,"02/24/70 00:00:00"
14078,"04/02/86 10:45:00"
14078,"01/05/82 00:00:00"
14078,"01/27/70 00:00:00"
14078,"12/18/79 00:00:00"
14078,"02/02/84 00:00:00"
14078,"03/12/79 00:00:00"
14078,"11/08/00 10:15:00"
14081,"11/08/00 10:15:00"
14081,"02/14/02 01:15:00"
14081,"03/23/92 11:00:00"
14081,"12/14/99 17:20:00"
14081,"01/28/99 12:30:00"
14081,"01/10/01 14:45:00"
14081,"10/15/98 00:00:00"
14081,"12/15/98 13:40:00"
14081,"12/21/93 11:20:00"
14081,"01/06/82 00:00:00"
14081,"02/09/84 00:00:00"
14081,"02/24/70 00:00:00"
14081,"04/02/86 10:45:00"
14081,"01/05/82 00:00:00"
14081,"01/27/70 00:00:00"
14081,"12/18/79 00:00:00"
14081,"02/02/84 00:00:00"
14081,"03/12/79 00:00:00"
14101,"10/14/03 15:15:00"
14376,"02/07/01 09:15:00"
14498,"12/08/10 10:11:00"
14498,"12/09/10 05:00:00"
14498,"01/05/12 13:04:00"
14213,"12/18/79 00:00:00"
14213,"02/02/84 00:00:00"
14213,"03/12/79 00:00:00"
14213,"11/08/00 10:15:00"
14213,"02/14/02 01:15:00"
14213,"03/23/92 11:00:00"
14213,"12/14/99 17:20:00"
14213,"01/28/99 12:30:00"
14213,"01/10/01 14:45:00"
14213,"10/15/98 00:00:00"
14213,"12/15/98 13:40:00"
14213,"01/06/82 00:00:00"
14213,"02/09/84 00:00:00"
14213,"02/24/70 00:00:00"
14213,"04/02/86 10:45:00"
14213,"01/05/82 00:00:00"
14213,"01/27/70 00:00:00"
14213,"01/07/11 13:15:00"
14214,"12/18/79 00:00:00"
14214,"02/02/84 00:00:00"
14214,"03/12/79 00:00:00"
14214,"11/08/00 10:15:00"
14214,"02/14/02 01:15:00"
14214,"03/23/92 11:00:00"
14214,"12/14/99 17:20:00"
14214,"01/28/99 12:30:00"
14214,"01/10/01 14:45:00"
14214,"10/15/98 00:00:00"
14214,"12/15/98 13:40:00"
14214,"01/06/82 00:00:00"
14214,"02/09/84 00:00:00"
14214,"02/24/70 00:00:00"
14214,"04/02/86 10:45:00"
14214,"01/05/82 00:00:00"
14214,"01/27/70 00:00:00"
14214,"01/07/11 13:15:00"
14215,"02/24/70 00:00:00"
14215,"04/02/86 10:45:00"
14215,"01/05/82 00:00:00"
17299,"11/02/98 00:00:00"
17299,"01/12/93 00:00:00"
17299,"01/04/91 00:00:00"
17299,"01/18/84 00:00:00"
17299,"02/26/58 00:00:00"
17299,"01/03/91 00:00:00"
17299,"02/10/88 00:00:00"
17299,"02/03/83 00:00:00"
17299,"01/30/75 00:00:00"
17305,"11/02/98 00:00:00"
17305,"01/12/93 00:00:00"
17305,"01/04/91 00:00:00"
17305,"01/18/84 00:00:00"
14215,"01/27/70 00:00:00"
14215,"12/18/79 00:00:00"
14215,"02/02/84 00:00:00"
14215,"03/12/79 00:00:00"
14215,"11/08/00 10:15:00"
14215,"02/14/02 01:15:00"
14215,"03/23/92 11:00:00"
14215,"12/14/99 17:20:00"
14215,"01/28/99 12:30:00"
14215,"01/10/01 14:45:00"
14215,"10/15/98 00:00:00"
14215,"12/15/98 13:40:00"
14215,"12/21/93 11:20:00"
14215,"01/06/82 00:00:00"
14215,"02/09/84 00:00:00"
14216,"11/08/00 10:15:00"
14216,"02/14/02 01:15:00"
14216,"03/23/92 11:00:00"
14216,"12/14/99 17:20:00"
14216,"01/28/99 12:30:00"
14216,"01/10/01 14:45:00"
14216,"10/15/98 00:00:00"
14216,"12/15/98 13:40:00"
14216,"12/21/93 11:20:00"
14216,"01/06/82 00:00:00"
14216,"02/09/84 00:00:00"
14216,"02/24/70 00:00:00"
14216,"04/02/86 10:45:00"
14216,"01/05/82 00:00:00"
14216,"01/27/70 00:00:00"
14216,"12/18/79 00:00:00"
14216,"02/02/84 00:00:00"
14216,"03/12/79 00:00:00"
14256,"10/04/06 09:00:00"
14898,"12/15/99 14:30:00"
14898,"01/27/99 09:15:00"
14898,"08/27/03 10:00:00"
14381,"12/18/79 00:00:00"
14381,"02/02/84 00:00:00"
14381,"03/12/79 00:00:00"
14381,"11/08/00 10:15:00"
14348,"12/19/74 00:00:00"
14361,"10/01/59 00:00:00"
14361,"08/19/76 00:00:00"
14362,"10/01/59 00:00:00"
14362,"08/19/76 00:00:00"
15287,"03/31/08 13:35:00"
15287,"01/29/02 14:25:00"
15287,"11/14/05 14:30:00"
15811,"01/06/12 08:10:00"
16000,"02/21/02 08:30:00"
14363,"10/01/59 00:00:00"
14363,"08/19/76 00:00:00"
14376,"03/20/02 09:15:00"
14381,"02/14/02 01:15:00"
14381,"03/23/92 11:00:00"
14381,"12/14/99 17:20:00"
14381,"01/28/99 12:30:00"
14381,"01/10/01 14:45:00"
14381,"10/15/98 00:00:00"
14381,"12/15/98 13:40:00"
14381,"01/06/82 00:00:00"
14381,"02/09/84 00:00:00"
14381,"02/24/70 00:00:00"
14381,"04/02/86 10:45:00"
14381,"01/05/82 00:00:00"
14381,"01/27/70 00:00:00"
14381,"01/07/11 13:15:00"
14498,"01/06/12 08:10:00"
14500,"12/16/11 15:00:00"
14500,"12/17/11 10:40:00"
14993,"12/08/10 10:11:00"
14993,"12/09/10 05:00:00"
14993,"01/05/12 13:04:00"
14993,"01/06/12 08:10:00"
14538,"03/18/88 00:00:00"
14538,"11/23/92 00:00:00"
14538,"02/14/90 00:00:00"
16244,"03/23/01 08:45:00"
16244,"05/27/83 00:00:00"
14789,"09/07/83 00:00:00"
14790,"11/04/97 00:00:00"
14790,"09/07/83 00:00:00"
14792,"11/04/97 00:00:00"
14792,"09/07/83 00:00:00"
14793,"12/10/73 00:00:00"
14793,"02/23/89 00:00:00"
14794,"07/03/80 00:00:00"
14794,"05/25/78 00:00:00"
14794,"12/19/84 00:00:00"
14794,"02/23/78 00:00:00"
14794,"12/13/77 00:00:00"
14794,"12/02/75 00:00:00"
14794,"09/24/81 00:00:00"
14794,"12/10/73 00:00:00"
14794,"02/23/89 00:00:00"
14795,"11/14/96 00:00:00"
14795,"01/06/88 00:00:00"
14795,"12/31/90 01:00:00"
14903,"12/08/10 15:30:00"
14795,"04/02/86 00:00:00"
14795,"01/20/81 00:00:00"
14795,"02/08/88 00:00:00"
14795,"10/22/74 00:00:00"
14795,"02/06/79 00:00:00"
14795,"03/27/86 00:00:00"
14795,"10/14/82 00:00:00"
14795,"07/03/80 00:00:00"
14795,"05/25/78 00:00:00"
14795,"12/19/84 00:00:00"
14795,"02/23/78 00:00:00"
14795,"12/13/77 00:00:00"
14795,"12/02/75 00:00:00"
14795,"09/24/81 00:00:00"
14795,"12/10/73 00:00:00"
14795,"02/23/89 00:00:00"
14796,"11/14/96 00:00:00"
14796,"01/06/88 00:00:00"
14796,"12/31/90 01:00:00"
14796,"04/02/86 00:00:00"
14796,"01/20/81 00:00:00"
14796,"02/08/88 00:00:00"
14796,"10/22/74 00:00:00"
14796,"02/06/79 00:00:00"
14796,"03/27/86 00:00:00"
14796,"10/14/82 00:00:00"
14796,"07/03/80 00:00:00"
14796,"05/25/78 00:00:00"
14796,"12/19/84 00:00:00"
14796,"02/23/78 00:00:00"
14796,"12/13/77 00:00:00"
14796,"12/02/75 00:00:00"
14796,"09/24/81 00:00:00"
14796,"12/10/73 00:00:00"
14796,"02/23/89 00:00:00"
16528,"12/14/82 00:00:00"
16528,"02/05/79 00:00:00"
16528,"01/29/72 00:00:00"
16674,"12/23/93 09:00:00"
16674,"12/29/99 09:00:00"
17346,"03/02/07 14:30:00"
17347,"03/02/07 14:30:00"
17347,"10/04/06 08:00:00"
17347,"02/04/88 00:00:00"
17347,"03/18/88 00:00:00"
17347,"11/23/92 00:00:00"
17350,"01/07/11 09:40:00"
16674,"02/05/03 12:00:00"
16684,"11/15/00 10:10:00"
16684,"02/26/97 00:00:00"
14797,"03/27/86 00:00:00"
14797,"10/14/82 00:00:00"
14797,"11/14/96 00:00:00"
14797,"01/06/88 00:00:00"
14797,"12/31/90 00:00:00"
14797,"12/31/90 01:00:00"
14797,"04/02/86 00:00:00"
14797,"01/20/81 00:00:00"
14797,"02/08/88 00:00:00"
14797,"10/22/74 00:00:00"
14797,"02/06/79 00:00:00"
14798,"10/22/74 00:00:00"
14798,"02/06/79 00:00:00"
14799,"02/06/79 00:00:00"
14800,"02/08/88 00:00:00"
14800,"10/22/74 00:00:00"
14800,"02/06/79 00:00:00"
14801,"03/27/86 00:00:00"
14801,"10/14/82 00:00:00"
14801,"11/14/96 00:00:00"
14801,"01/06/88 00:00:00"
14801,"12/31/90 00:00:00"
14801,"12/31/90 01:00:00"
14801,"04/02/86 00:00:00"
14801,"01/20/81 00:00:00"
14801,"02/08/88 00:00:00"
14801,"10/22/74 00:00:00"
14801,"02/06/79 00:00:00"
14802,"04/02/86 00:00:00"
14802,"01/20/81 00:00:00"
14802,"02/08/88 00:00:00"
14802,"10/22/74 00:00:00"
14802,"02/06/79 00:00:00"
14803,"01/06/88 00:00:00"
14803,"12/31/90 00:00:00"
14803,"12/31/90 01:00:00"
14803,"04/02/86 00:00:00"
14803,"01/20/81 00:00:00"
14803,"02/08/88 00:00:00"
14803,"10/22/74 00:00:00"
14803,"02/06/79 00:00:00"
14804,"02/06/79 00:00:00"
14821,"10/24/06 09:20:00"
14821,"03/10/06 09:15:00"
14821,"03/10/06 10:00:00"
14821,"02/20/02 13:20:00"
14821,"02/20/02 10:30:00"
14821,"01/03/03 10:30:00"
14821,"02/05/03 11:00:00"
14821,"03/22/02 11:10:00"
14612,"09/24/81 00:00:00"
14612,"12/10/73 00:00:00"
14612,"02/23/89 00:00:00"
14613,"10/14/82 00:00:00"
14757,"02/02/82 00:00:00"
14757,"02/26/97 00:00:00"
14757,"02/12/79 00:00:00"
14757,"02/05/80 00:00:00"
14874,"02/26/97 00:00:00"
14875,"08/08/97 10:15:00"
14788,"11/04/97 00:00:00"
14788,"09/07/83 00:00:00"
14789,"11/04/97 00:00:00"
14901,"02/26/97 00:00:00"
14901,"03/13/01 08:40:00"
14901,"02/03/03 23:00:00"
14901,"11/15/00 10:10:00"
14901,"02/06/01 10:00:00"
15311,"12/23/93 09:00:00"
15311,"12/29/99 09:00:00"
15311,"02/05/03 12:00:00"
17113,"03/31/08 13:35:00"
16925,"01/17/84 00:00:00"
16925,"12/14/93 00:00:00"
16925,"06/04/81 00:00:00"
17419,"12/15/93 00:00:00"
17419,"02/21/90 01:00:00"
17419,"02/21/90 00:00:00"
17419,"02/25/77 00:00:00"
17419,"03/04/97 00:00:00"
17419,"03/31/88 00:00:00"
17419,"02/25/66 00:00:00"
17419,"01/07/98 00:00:00"
17419,"03/22/88 00:00:00"
17419,"03/17/99 11:10:00"
17419,"01/25/90 00:00:00"
17419,"11/30/92 00:00:00"
17419,"12/22/89 00:00:00"
17419,"11/22/72 00:00:00"
17419,"03/25/81 00:00:00"
17419,"02/20/96 00:00:00"
17419,"03/03/89 00:00:00"
17419,"12/14/00 09:15:00"
17419,"02/28/00 23:00:00"
17419,"10/04/99 22:00:00"
17419,"05/10/99 22:00:00"
17419,"07/04/00 22:00:00"
17419,"06/12/01 09:00:00"
17419,"11/22/99 10:35:00"
17419,"06/16/03 09:20:00"
17421,"03/17/99 11:10:00"
17421,"01/25/90 00:00:00"
17421,"11/30/92 00:00:00"
17421,"12/22/89 00:00:00"
17421,"11/22/72 00:00:00"
17421,"03/25/81 00:00:00"
17421,"02/20/96 00:00:00"
17421,"03/03/89 00:00:00"
17421,"12/14/00 09:15:00"
17421,"02/28/00 23:00:00"
17421,"06/12/01 09:00:00"
17421,"06/16/03 09:20:00"
17421,"12/22/93 00:00:00"
17421,"01/04/03 14:00:00"
17421,"01/06/91 01:00:00"
17421,"02/28/02 15:00:00"
17421,"01/13/93 00:00:00"
17421,"01/06/91 00:00:00"
17421,"01/05/91 00:00:00"
17421,"01/08/55 00:00:00"
17421,"02/08/01 10:15:00"
17421,"02/11/88 00:00:00"
17421,"02/14/84 00:00:00"
17421,"12/15/93 00:00:00"
17421,"02/21/90 01:00:00"
17421,"02/21/90 00:00:00"
17421,"02/25/77 00:00:00"
17421,"03/04/97 00:00:00"
17422,"03/31/88 00:00:00"
17422,"02/25/66 00:00:00"
17422,"01/07/98 00:00:00"
17422,"03/17/99 11:10:00"
17435,"02/06/79 00:00:00"
16247,"01/14/04 08:00:00"
16247,"10/05/06 07:30:00"
16247,"01/15/04 12:15:00"
15975,"02/21/02 09:20:00"
15976,"05/26/83 00:00:00"
15976,"12/18/82 00:00:00"
15976,"10/16/13 14:15:00"
15976,"11/05/12 11:00:00"
14833,"02/20/02 13:20:00"
14833,"03/10/99 09:45:00"
14833,"02/20/02 10:30:00"
14833,"01/03/03 10:30:00"
14833,"02/05/03 11:00:00"
14833,"03/22/02 11:10:00"
14833,"11/28/00 09:57:00"
14834,"03/10/06 09:15:00"
14834,"03/10/06 10:00:00"
14834,"03/10/99 09:45:00"
14834,"11/28/00 09:57:00"
14834,"02/08/01 09:50:00"
17305,"02/26/58 00:00:00"
17305,"01/03/91 00:00:00"
17305,"02/10/88 00:00:00"
17305,"02/03/83 00:00:00"
17305,"01/30/75 00:00:00"
14834,"03/07/01 10:00:00"
14834,"01/12/00 10:35:00"
14834,"10/24/06 09:20:00"
14887,"02/05/03 12:00:00"
14904,"03/17/09 13:20:00"
14906,"01/13/93 01:00:00"
14906,"01/13/93 00:00:00"
14906,"08/13/90 00:00:00"
14906,"10/15/75 00:00:00"
14909,"02/08/84 00:00:00"
14915,"02/08/84 00:00:00"
14938,"02/08/84 00:00:00"
14898,"03/12/08 14:55:00"
15170,"03/21/01 11:35:00"
15170,"02/09/00 11:10:00"
15170,"12/15/99 14:30:00"
15170,"01/27/99 09:15:00"
15170,"08/27/03 10:00:00"
14994,"12/08/10 10:11:00"
14994,"12/09/10 05:00:00"
14994,"01/05/12 13:04:00"
14994,"01/06/12 08:10:00"
14994,"04/14/15 12:15:00"
14994,"01/21/15 15:20:00"
14994,"01/12/16 14:50:00"
14995,"10/29/98 23:30:00"
14995,"12/29/01 23:00:00"
14995,"03/02/07 11:00:00"
14995,"12/07/88 00:00:00"
14995,"10/05/06 10:35:00"
15026,"11/12/09 11:05:00"
15027,"01/25/95 00:00:00"
15027,"10/15/87 00:00:00"
15027,"02/04/88 00:00:00"
15027,"03/21/02 13:15:00"
15027,"10/15/82 00:00:00"
15027,"10/13/09 10:10:00"
16259,"02/15/90 00:00:00"
16259,"01/28/77 00:00:00"
16269,"02/20/02 13:20:00"
16269,"03/10/99 09:45:00"
16269,"02/20/02 10:30:00"
16269,"01/03/03 10:30:00"
16269,"02/05/03 11:00:00"
16269,"03/22/02 11:10:00"
16269,"11/28/00 09:57:00"
16269,"03/10/06 10:00:00"
16269,"03/10/06 09:15:00"
16269,"10/24/06 09:20:00"
17419,"08/08/96 01:00:00"
17419,"10/13/02 08:00:00"
17419,"12/22/93 00:00:00"
17422,"01/25/90 00:00:00"
17422,"11/30/92 00:00:00"
17422,"12/22/89 00:00:00"
17422,"11/22/72 00:00:00"
17422,"03/25/81 00:00:00"
17422,"03/03/89 00:00:00"
17422,"06/16/03 09:20:00"
17422,"12/22/93 00:00:00"
17422,"01/04/03 14:00:00"
17422,"01/06/91 01:00:00"
17422,"02/28/02 15:00:00"
17422,"01/13/93 00:00:00"
17422,"01/06/91 00:00:00"
17422,"01/05/91 00:00:00"
17422,"01/08/55 00:00:00"
17422,"02/08/01 10:15:00"
17422,"02/11/88 00:00:00"
17422,"02/14/84 00:00:00"
17422,"12/15/93 00:00:00"
17422,"02/21/90 01:00:00"
17422,"02/21/90 00:00:00"
17423,"03/31/88 00:00:00"
17423,"02/25/66 00:00:00"
17423,"01/07/98 00:00:00"
17423,"03/17/99 11:10:00"
17423,"01/25/90 00:00:00"
17423,"11/30/92 00:00:00"
17423,"12/22/89 00:00:00"
17423,"11/22/72 00:00:00"
17423,"03/03/89 00:00:00"
17423,"06/16/03 09:20:00"
17423,"12/22/93 00:00:00"
17423,"01/04/03 14:00:00"
17423,"01/06/91 01:00:00"
17423,"02/28/02 15:00:00"
17423,"01/13/93 00:00:00"
17423,"01/06/91 00:00:00"
17423,"01/05/91 00:00:00"
17423,"01/08/55 00:00:00"
17423,"02/08/01 10:15:00"
17423,"02/11/88 00:00:00"
17423,"02/14/84 00:00:00"
17423,"12/15/93 00:00:00"
15027,"11/12/09 11:05:00"
15170,"03/12/08 14:55:00"
15222,"02/03/83 00:00:00"
15222,"11/19/96 01:00:00"
15222,"01/04/03 09:00:00"
15222,"03/08/99 13:35:00"
15222,"11/19/96 00:00:00"
15222,"01/30/68 00:00:00"
15222,"01/11/94 00:00:00"
15222,"12/24/93 00:00:00"
15222,"03/02/97 00:00:00"
15222,"02/19/90 00:00:00"
15222,"12/21/82 00:00:00"
15222,"01/04/91 00:00:00"
15222,"03/30/88 00:00:00"
15222,"01/02/02 23:00:00"
15222,"11/29/84 00:00:00"
15222,"11/10/88 00:00:00"
15222,"02/13/79 00:00:00"
15222,"03/15/06 15:00:00"
15222,"03/15/06 12:00:00"
15222,"01/05/67 00:00:00"
15222,"03/20/01 08:35:00"
15222,"01/18/68 00:00:00"
15222,"02/17/66 00:00:00"
15222,"03/23/88 00:00:00"
15222,"12/27/91 00:00:00"
15222,"04/03/86 00:00:00"
15222,"11/21/72 00:00:00"
15222,"05/22/70 00:00:00"
15287,"10/14/03 15:15:00"
17135,"12/05/88 00:00:00"
17135,"02/18/06 14:13:00"
17135,"02/06/70 00:00:00"
17135,"12/04/75 00:00:00"
17135,"02/06/79 00:00:00"
17135,"11/17/77 00:00:00"
17135,"10/14/82 00:00:00"
17135,"02/25/69 00:00:00"
17135,"02/23/78 00:00:00"
17135,"10/26/06 11:40:00"
17135,"07/03/80 00:00:00"
17135,"03/27/86 00:00:00"
17135,"10/09/74 00:00:00"
17135,"01/19/05 12:55:00"
17135,"12/19/84 00:00:00"
17135,"01/24/85 00:00:00"
17135,"02/15/73 00:00:00"
17135,"11/18/82 00:00:00"
17135,"09/24/81 00:00:00"
17135,"05/25/78 00:00:00"
17135,"12/13/77 00:00:00"
17135,"01/15/04 09:00:00"
17135,"02/22/02 08:46:00"
17135,"10/17/13 13:00:00"
17135,"10/25/06 14:51:00"
17135,"11/05/12 15:05:00"
17135,"01/20/81 00:00:00"
17135,"01/15/04 09:03:00"
17135,"01/06/88 00:00:00"
17135,"04/01/86 00:00:00"
17135,"01/14/04 17:14:00"
17135,"10/04/06 13:55:00"
17136,"10/04/06 13:55:00"
17136,"01/14/04 17:14:00"
17136,"01/15/04 09:03:00"
17136,"01/06/88 00:00:00"
17299,"01/20/98 00:00:00"
16146,"02/09/84 00:00:00"
16146,"02/24/70 00:00:00"
16146,"04/02/86 10:45:00"
16146,"01/05/82 00:00:00"
16146,"01/27/70 00:00:00"
16146,"01/07/11 13:15:00"
16146,"12/18/79 00:00:00"
16146,"02/02/84 00:00:00"
16146,"03/12/79 00:00:00"
16146,"11/08/00 10:15:00"
16146,"02/14/02 01:15:00"
16146,"03/23/92 11:00:00"
16146,"12/14/99 17:20:00"
16146,"01/28/99 12:30:00"
16146,"01/10/01 14:45:00"
16146,"10/15/98 00:00:00"
15560,"01/05/91 00:00:00"
15560,"09/10/96 00:00:00"
15560,"10/16/96 00:00:00"
15560,"07/15/96 00:00:00"
15560,"06/19/96 00:00:00"
15560,"04/23/96 00:00:00"
15560,"11/08/00 13:40:00"
15560,"01/26/90 00:00:00"
15560,"02/14/02 02:05:00"
15560,"02/14/02 02:50:00"
15560,"12/14/99 15:15:00"
15561,"01/05/91 00:00:00"
15561,"09/10/96 00:00:00"
15561,"10/16/96 00:00:00"
15561,"07/15/96 00:00:00"
15561,"06/19/96 00:00:00"
15561,"04/23/96 00:00:00"
15561,"11/08/00 13:40:00"
15561,"01/26/90 00:00:00"
15561,"02/14/02 02:05:00"
15561,"02/14/02 02:50:00"
15561,"12/14/99 15:15:00"
15562,"11/08/00 13:40:00"
15562,"01/26/90 00:00:00"
15562,"02/14/02 02:05:00"
15562,"02/14/02 02:50:00"
15562,"12/14/99 15:15:00"
15562,"01/05/91 00:00:00"
15562,"09/10/96 00:00:00"
15562,"10/16/96 00:00:00"
15562,"07/15/96 00:00:00"
15562,"06/19/96 00:00:00"
15562,"04/23/96 00:00:00"
16478,"03/01/07 15:00:00"
16478,"02/09/88 00:00:00"
16478,"12/14/93 00:00:00"
16478,"03/29/88 00:00:00"
16479,"01/03/91 00:00:00"
16479,"03/01/07 15:00:00"
16479,"02/09/88 00:00:00"
16479,"02/18/97 00:00:00"
16479,"12/14/93 00:00:00"
16479,"03/29/88 00:00:00"
16480,"03/01/07 15:00:00"
16480,"01/03/91 00:00:00"
16480,"02/09/88 00:00:00"
16480,"02/18/97 00:00:00"
15411,"01/05/91 00:00:00"
15411,"09/10/96 00:00:00"
15411,"10/16/96 00:00:00"
15411,"07/15/96 00:00:00"
15411,"06/19/96 00:00:00"
15411,"04/23/96 00:00:00"
15411,"11/08/00 13:40:00"
15411,"01/26/90 00:00:00"
15411,"02/14/02 02:05:00"
15411,"02/14/02 02:50:00"
15411,"12/14/99 15:15:00"
16167,"02/01/02 09:30:00"
16167,"03/26/01 11:20:00"
16167,"04/13/83 00:00:00"
16167,"12/15/97 00:00:00"
16167,"03/08/99 17:30:00"
16167,"02/06/80 00:00:00"
16190,"12/23/93 00:00:00"
16190,"01/05/91 00:00:00"
16190,"02/24/02 13:00:00"
16190,"02/20/90 00:00:00"
16906,"08/23/93 00:00:00"
17136,"02/22/02 08:45:00"
17136,"04/01/86 00:00:00"
17136,"12/05/88 01:00:00"
17136,"12/21/04 08:10:00"
17136,"10/13/93 00:00:00"
17137,"10/04/06 13:55:00"
17137,"01/14/04 17:14:00"
17137,"01/15/04 09:03:00"
17137,"01/06/88 00:00:00"
17137,"02/22/02 08:45:00"
17137,"04/01/86 00:00:00"
17137,"12/05/88 01:00:00"
17137,"12/21/04 08:10:00"
17137,"10/13/93 00:00:00"
17138,"12/17/11 09:57:00"
17138,"10/04/06 13:55:00"
17138,"01/14/04 17:14:00"
16906,"09/18/90 00:00:00"
16906,"09/11/96 00:00:00"
16906,"10/21/91 00:00:00"
16906,"09/24/91 00:00:00"
16906,"06/04/81 00:00:00"
16906,"01/03/91 00:00:00"
16906,"01/17/84 00:00:00"
16906,"12/26/67 00:00:00"
16906,"02/12/70 00:00:00"
16906,"02/09/88 00:00:00"
16906,"03/27/02 10:30:00"
16906,"10/23/90 00:00:00"
16907,"03/27/02 10:30:00"
16190,"03/31/88 00:00:00"
16190,"03/03/97 00:00:00"
16190,"02/19/90 00:00:00"
16190,"02/10/88 00:00:00"
16190,"01/13/92 00:00:00"
16190,"01/04/02 10:50:00"
16190,"01/06/03 12:30:00"
16190,"03/29/88 00:00:00"
15686,"03/31/08 13:35:00"
15686,"01/29/02 14:25:00"
16026,"12/08/10 10:11:00"
16026,"12/09/10 05:00:00"
16026,"01/05/12 13:04:00"
16026,"01/06/12 08:10:00"
16026,"01/12/16 14:50:00"
16039,"10/17/13 09:00:00"
16039,"10/05/06 10:35:00"
16039,"03/02/07 11:00:00"
16039,"12/09/10 09:50:00"
16044,"01/06/12 15:05:00"
16044,"02/02/13 11:05:00"
15502,"09/18/06 11:20:00"
15502,"04/08/05 09:49:00"
15502,"01/21/04 08:45:00"
15489,"09/18/06 09:55:00"
15489,"09/18/06 11:20:00"
15489,"04/08/05 09:49:00"
15489,"01/21/04 08:45:00"
15513,"03/31/08 13:35:00"
15513,"01/29/02 14:25:00"
15514,"12/08/10 10:11:00"
15514,"12/09/10 05:00:00"
15514,"01/05/12 13:04:00"
15514,"01/06/12 08:10:00"
15514,"01/12/16 14:50:00"
15543,"10/17/13 09:00:00"
15543,"10/05/06 10:35:00"
15543,"03/02/07 11:00:00"
15543,"12/09/10 09:50:00"
15543,"09/10/09 10:45:00"
15543,"10/05/09 08:25:00"
15532,"11/15/10 12:10:00"
15532,"11/18/96 00:00:00"
16709,"01/06/12 08:10:00"
15533,"11/15/10 12:10:00"
15533,"11/18/96 00:00:00"
15548,"02/16/90 00:00:00"
15548,"12/17/81 00:00:00"
15548,"02/16/77 00:00:00"
15548,"05/23/75 00:00:00"
15548,"08/11/93 00:00:00"
15548,"08/25/76 00:00:00"
15548,"07/02/76 00:00:00"
15548,"03/09/99 09:20:00"
15540,"01/25/95 00:00:00"
15540,"10/15/87 00:00:00"
15540,"02/04/88 00:00:00"
15540,"03/21/02 13:15:00"
15540,"10/15/82 00:00:00"
15540,"10/13/09 10:10:00"
15540,"11/12/09 11:05:00"
15611,"03/31/08 13:35:00"
15611,"01/29/02 14:25:00"
15616,"10/17/13 11:15:00"
15616,"10/04/06 09:11:00"
15616,"10/03/06 22:00:00"
15643,"11/24/09 14:50:00"
15643,"01/08/08 13:08:00"
15643,"03/31/10 13:14:00"
15647,"12/16/11 15:00:00"
15647,"12/17/11 10:40:00"
16135,"06/04/16 10:25:00"
16135,"06/03/16 09:20:00"
15617,"12/08/10 10:11:00"
15617,"12/09/10 05:00:00"
15617,"01/05/12 13:04:00"
15617,"01/06/12 08:10:00"
15617,"01/12/16 14:50:00"
15625,"12/16/11 15:00:00"
15625,"12/17/11 10:40:00"
15626,"12/16/11 15:00:00"
16995,"12/08/10 10:11:00"
16995,"12/09/10 05:00:00"
17174,"02/14/02 02:05:00"
17174,"02/14/02 02:50:00"
17174,"12/14/99 15:15:00"
17174,"01/05/91 00:00:00"
17174,"09/10/96 00:00:00"
17174,"10/16/96 00:00:00"
17174,"07/15/96 00:00:00"
17174,"06/19/96 00:00:00"
17174,"04/23/96 00:00:00"
16995,"01/05/12 13:04:00"
16995,"01/06/12 08:10:00"
16995,"01/12/16 14:50:00"
15626,"12/17/11 10:40:00"
15626,"02/13/05 10:06:00"
15626,"11/24/09 14:50:00"
15713,"10/04/06 09:00:00"
15652,"06/02/16 13:00:00"
15652,"05/30/16 22:00:00"
15756,"01/14/04 08:00:00"
15756,"10/05/06 07:30:00"
15756,"01/15/04 12:15:00"
15756,"01/28/02 14:50:00"
15756,"02/17/06 12:30:00"
15756,"01/16/04 14:30:00"
15756,"02/13/96 00:00:00"
15804,"10/05/06 13:10:00"
15804,"02/19/99 23:00:00"
15804,"12/30/90 14:25:00"
15804,"01/05/94 00:00:00"
15804,"10/29/98 00:00:00"
15818,"03/31/08 13:35:00"
15818,"01/29/02 14:25:00"
15818,"11/14/05 14:30:00"
15818,"10/14/03 15:15:00"
15705,"12/16/11 15:00:00"
15705,"12/17/11 10:40:00"
15705,"02/13/05 10:06:00"
15705,"11/24/09 14:50:00"
16200,"02/05/01 23:00:00"
16200,"06/06/94 00:00:00"
16201,"03/31/08 13:35:00"
16201,"01/29/02 14:25:00"
16215,"05/27/83 00:00:00"
16215,"01/23/95 00:00:00"
16215,"12/23/93 00:00:00"
16528,"03/24/81 00:00:00"
16217,"08/27/03 10:00:00"
16217,"05/31/16 06:55:00"
16217,"01/07/11 10:50:00"
16217,"01/24/09 07:20:00"
16217,"10/10/14 07:40:00"
16217,"01/23/09 11:05:00"
17100,"02/12/16 09:13:00"
17100,"05/24/16 09:44:00"
17100,"02/08/17 14:23:00"
17100,"02/07/17 08:30:00"
17100,"01/20/15 09:19:00"
15694,"05/24/16 09:44:00"
15694,"02/08/17 14:23:00"
15694,"02/07/17 08:30:00"
15694,"01/20/15 09:19:00"
15694,"01/20/15 08:52:00"
15694,"01/14/16 10:12:00"
15694,"02/02/16 13:50:00"
15694,"02/12/16 09:13:00"
15778,"01/06/12 08:10:00"
15862,"12/17/11 09:57:00"
15862,"10/04/06 13:55:00"
15862,"01/14/04 17:14:00"
15862,"01/15/04 09:03:00"
15863,"12/17/11 09:57:00"
15863,"10/04/06 13:55:00"
15863,"01/14/04 17:14:00"
16907,"10/23/90 00:00:00"
16907,"08/23/93 00:00:00"
15863,"01/15/04 09:03:00"
15864,"12/17/11 09:57:00"
15864,"10/04/06 13:55:00"
15864,"01/14/04 17:14:00"
15864,"01/15/04 09:03:00"
15865,"12/17/11 09:57:00"
15865,"10/04/06 13:55:00"
15865,"01/14/04 17:14:00"
15865,"01/15/04 09:03:00"
15866,"12/17/11 09:57:00"
15866,"10/04/06 13:55:00"
15866,"01/14/04 17:14:00"
15866,"01/15/04 09:03:00"
15899,"02/04/04 08:26:00"
15899,"01/08/98 00:00:00"
15899,"01/30/99 10:30:00"
15899,"01/22/98 13:15:00"
15899,"02/22/00 09:26:00"
15899,"02/22/02 12:00:00"
17494,"02/26/97 00:00:00"
17494,"11/15/00 10:10:00"
17515,"10/05/06 13:10:00"
17515,"02/19/99 23:00:00"
17515,"12/30/90 14:25:00"
15899,"03/26/01 10:00:00"
15899,"01/02/91 00:00:00"
15899,"01/07/88 00:00:00"
15899,"03/21/95 00:00:00"
15899,"03/11/99 08:15:00"
15899,"01/30/02 08:00:00"
15899,"02/23/02 10:30:00"
15899,"11/15/96 10:31:00"
17214,"11/02/98 00:00:00"
17214,"01/12/93 00:00:00"
17214,"01/04/91 00:00:00"
17214,"01/18/84 00:00:00"
17214,"02/26/58 00:00:00"
15899,"03/23/95 00:00:00"
15899,"01/22/04 09:15:00"
15899,"12/29/90 00:00:00"
15899,"11/15/96 00:00:00"
15899,"03/11/99 08:16:00"
15899,"03/23/95 01:00:00"
15899,"03/11/06 09:44:00"
15899,"02/15/96 00:00:00"
15899,"12/31/09 13:40:00"
15899,"01/19/98 00:00:00"
15899,"12/21/04 14:41:00"
15899,"04/14/89 00:00:00"
15900,"02/04/04 08:26:00"
15900,"01/08/98 00:00:00"
15900,"01/30/99 10:30:00"
15900,"01/22/98 13:15:00"
15900,"02/22/00 09:26:00"
15900,"02/22/02 12:00:00"
15900,"03/26/01 10:00:00"
15900,"01/02/91 00:00:00"
15900,"01/07/88 00:00:00"
15900,"03/21/95 00:00:00"
15900,"03/11/99 08:15:00"
15900,"01/30/02 08:00:00"
15900,"02/23/02 10:30:00"
15900,"11/15/96 10:31:00"
15900,"03/23/95 00:00:00"
15900,"01/22/04 09:15:00"
15900,"12/29/90 00:00:00"
15900,"11/15/96 00:00:00"
15900,"03/11/99 08:16:00"
15900,"03/23/95 01:00:00"
15900,"03/11/06 09:44:00"
15900,"02/15/96 00:00:00"
15900,"12/31/09 13:40:00"
15900,"01/19/98 00:00:00"
15900,"12/21/04 14:41:00"
15900,"04/14/89 00:00:00"
15901,"01/02/91 00:00:00"
15901,"01/07/88 00:00:00"
15901,"03/21/95 00:00:00"
15901,"03/11/99 08:15:00"
15901,"01/30/02 08:00:00"
15901,"02/23/02 10:30:00"
15901,"11/15/96 10:31:00"
15901,"03/23/95 00:00:00"
15901,"01/22/04 09:15:00"
15901,"12/29/90 00:00:00"
15901,"11/15/96 00:00:00"
15901,"03/11/99 08:16:00"
15901,"03/23/95 01:00:00"
15901,"03/11/06 09:44:00"
15901,"02/15/96 00:00:00"
15901,"12/31/09 13:40:00"
15901,"01/19/98 00:00:00"
15901,"12/21/04 14:41:00"
15901,"04/14/89 00:00:00"
15901,"02/04/04 08:26:00"
15901,"01/08/98 00:00:00"
15957,"01/25/95 00:00:00"
15957,"10/15/87 00:00:00"
16933,"12/16/11 15:00:00"
16933,"12/17/11 10:40:00"
16933,"02/13/05 10:06:00"
15957,"02/04/88 00:00:00"
15957,"03/21/02 13:15:00"
15957,"10/15/82 00:00:00"
15957,"10/13/09 10:10:00"
15957,"11/12/09 11:05:00"
15948,"10/04/06 15:00:00"
15937,"12/08/10 13:25:00"
15937,"10/03/06 12:30:00"
15937,"08/22/03 11:05:00"
15937,"10/15/13 13:00:00"
15938,"10/05/06 14:30:00"
15938,"04/23/08 09:44:00"
15938,"10/03/06 12:30:00"
15975,"01/14/04 08:34:00"
15975,"12/18/82 00:00:00"
15975,"05/26/83 00:00:00"
15975,"02/06/80 00:00:00"
15976,"11/05/14 09:56:00"
17141,"01/14/04 12:00:00"
17384,"09/10/96 00:00:00"
17384,"10/17/96 00:00:00"
16707,"02/10/16 08:12:00"
16707,"03/10/17 09:08:00"
16707,"07/30/14 12:37:00"
16000,"03/10/99 15:15:00"
16000,"01/19/98 00:00:00"
16000,"05/17/01 08:30:00"
16000,"01/29/02 09:40:00"
16000,"01/15/99 10:30:00"
16000,"01/14/04 10:14:00"
16000,"11/22/06 12:15:00"
16001,"02/21/02 08:30:00"
16001,"03/10/99 15:15:00"
16001,"01/19/98 00:00:00"
16001,"05/17/01 08:30:00"
16001,"01/29/02 09:40:00"
16001,"01/15/99 10:30:00"
16031,"10/04/06 09:00:00"
16036,"10/17/13 09:00:00"
16036,"10/05/06 10:35:00"
16036,"03/02/07 11:00:00"
16036,"12/09/10 09:50:00"
16036,"09/10/09 10:45:00"
16036,"10/05/09 08:25:00"
15901,"01/30/99 10:30:00"
15901,"01/22/98 13:15:00"
15901,"02/22/00 09:26:00"
15901,"02/22/02 12:00:00"
15901,"03/26/01 10:00:00"
15902,"12/31/09 13:40:00"
16907,"09/18/90 00:00:00"
16907,"09/11/96 00:00:00"
16907,"10/21/91 00:00:00"
16907,"09/24/91 00:00:00"
16907,"06/04/81 00:00:00"
16907,"01/03/91 00:00:00"
16907,"01/17/84 00:00:00"
16907,"12/26/67 00:00:00"
16907,"02/12/70 00:00:00"
16907,"02/09/88 00:00:00"
16908,"08/23/93 00:00:00"
16908,"10/23/90 00:00:00"
16908,"09/11/96 00:00:00"
16908,"10/21/91 00:00:00"
16908,"09/24/91 00:00:00"
16908,"06/04/81 00:00:00"
16908,"01/03/91 00:00:00"
16908,"01/17/84 00:00:00"
16908,"12/26/67 00:00:00"
16908,"02/12/70 00:00:00"
16908,"02/09/88 00:00:00"
16908,"09/18/90 00:00:00"
16909,"06/04/81 00:00:00"
16909,"01/03/91 00:00:00"
16909,"01/17/84 00:00:00"
16909,"12/26/67 00:00:00"
16909,"02/12/70 00:00:00"
16909,"02/09/88 00:00:00"
16909,"09/18/90 00:00:00"
16909,"08/23/93 00:00:00"
16909,"10/23/90 00:00:00"
16909,"09/11/96 00:00:00"
16909,"10/21/91 00:00:00"
16909,"09/24/91 00:00:00"
16910,"06/04/81 00:00:00"
16910,"01/03/91 00:00:00"
16910,"01/17/84 00:00:00"
16910,"12/26/67 00:00:00"
16910,"02/12/70 00:00:00"
16910,"02/09/88 00:00:00"
16913,"01/03/91 00:00:00"
15902,"01/19/98 00:00:00"
16480,"03/29/88 00:00:00"
15902,"12/21/04 14:41:00"
15902,"04/14/89 00:00:00"
15902,"02/04/04 08:26:00"
15902,"01/08/98 00:00:00"
15902,"01/30/99 10:30:00"
15902,"01/22/98 13:15:00"
15902,"02/22/00 09:26:00"
15902,"02/22/02 12:00:00"
15902,"03/26/01 10:00:00"
15902,"01/02/91 00:00:00"
15902,"01/07/88 00:00:00"
15902,"03/21/95 00:00:00"
15902,"03/11/99 08:15:00"
15902,"01/30/02 08:00:00"
15902,"02/23/02 10:30:00"
15902,"11/15/96 10:31:00"
15902,"03/23/95 00:00:00"
15902,"01/22/04 09:15:00"
15902,"12/29/90 00:00:00"
15902,"11/15/96 00:00:00"
15902,"03/11/99 08:16:00"
15902,"03/23/95 01:00:00"
15902,"03/11/06 09:44:00"
15902,"02/15/96 00:00:00"
15961,"03/25/81 00:00:00"
17568,"03/01/07 10:20:00"
17568,"01/03/91 00:00:00"
15963,"12/19/79 00:00:00"
15963,"02/11/88 00:00:00"
15964,"01/25/90 00:00:00"
15964,"03/25/81 00:00:00"
16077,"04/14/83 00:00:00"
16077,"02/02/83 00:00:00"
16077,"12/22/89 00:00:00"
17154,"01/08/91 00:00:00"
17385,"09/18/91 11:10:00"
17385,"09/10/96 00:00:00"
17385,"10/17/96 00:00:00"
16845,"09/30/76 00:00:00"
16845,"08/19/76 00:00:00"
16845,"01/04/91 00:00:00"
16910,"09/18/90 00:00:00"
16259,"12/13/66 00:00:00"
16259,"12/17/11 08:30:00"
16135,"06/02/16 09:13:00"
16217,"12/15/99 14:30:00"
16682,"03/11/99 08:15:00"
16682,"02/23/02 10:30:00"
16682,"12/29/90 00:00:00"
16682,"11/13/13 11:38:00"
16242,"02/26/97 16:45:00"
16242,"02/04/10 16:55:00"
16242,"12/29/99 10:30:00"
16242,"02/05/10 15:10:00"
16242,"02/25/02 13:40:00"
16242,"01/17/04 12:59:00"
16242,"02/07/01 09:15:00"
16242,"03/20/02 09:15:00"
16242,"05/23/13 13:10:00"
16242,"05/23/13 12:03:00"
16242,"10/24/13 07:45:00"
16242,"03/03/99 09:30:00"
16242,"02/04/03 23:00:00"
16146,"12/15/98 13:40:00"
16146,"01/06/82 00:00:00"
16167,"02/22/77 00:00:00"
16167,"04/02/86 00:00:00"
16167,"02/07/70 00:00:00"
16167,"02/25/69 00:00:00"
16167,"03/29/79 00:00:00"
16167,"12/08/88 00:00:00"
16167,"01/09/94 15:50:00"
16167,"03/28/88 00:00:00"
16167,"02/23/02 12:45:00"
16167,"12/29/90 00:00:00"
16167,"01/30/02 12:45:00"
16167,"12/15/97 01:00:00"
16167,"02/09/10 14:35:00"
16167,"02/28/97 01:00:00"
16167,"02/28/97 00:00:00"
16167,"01/09/94 16:35:00"
16167,"01/09/94 17:25:00"
16167,"11/15/96 00:00:00"
16167,"02/05/88 00:00:00"
16167,"02/22/00 07:50:00"
16167,"02/09/10 13:20:00"
16481,"03/01/07 15:00:00"
16481,"02/18/97 00:00:00"
16481,"12/14/93 00:00:00"
16482,"03/01/07 15:00:00"
16190,"03/20/01 12:00:00"
16190,"03/04/99 09:00:00"
16190,"02/13/02 12:45:00"
16190,"01/02/02 23:00:00"
16190,"02/19/97 00:00:00"
16190,"02/10/03 11:10:00"
16190,"03/08/89 00:00:00"
16247,"01/28/02 14:50:00"
16247,"02/17/06 12:30:00"
16247,"01/16/04 14:30:00"
16247,"02/13/96 00:00:00"
16254,"02/15/90 00:00:00"
16254,"01/28/02 09:05:00"
16269,"12/03/02 10:40:00"
16298,"10/04/06 09:00:00"
16298,"10/17/13 08:00:00"
16528,"08/05/92 00:00:00"
16528,"07/26/95 00:00:00"
16276,"06/01/16 07:15:00"
16276,"06/03/16 09:45:00"
16276,"12/12/17 11:52:00"
16276,"06/04/16 12:31:00"
16279,"02/26/97 00:00:00"
16295,"01/23/18 07:15:00"
16925,"02/09/88 00:00:00"
16931,"11/24/09 12:15:00"
16931,"11/12/17 15:45:00"
16982,"09/18/06 09:55:00"
16982,"09/18/06 11:20:00"
16982,"04/08/05 09:49:00"
16994,"12/08/10 10:11:00"
16994,"12/09/10 05:00:00"
16994,"01/05/12 13:04:00"
17008,"07/30/14 12:37:00"
17016,"01/23/19 13:50:00"
16295,"01/05/18 11:00:00"
16295,"01/23/18 09:00:00"
17429,"01/17/04 12:59:00"
17429,"02/07/01 09:15:00"
17429,"03/20/02 09:15:00"
17429,"05/23/13 13:10:00"
17429,"05/23/13 12:03:00"
17429,"10/24/13 07:45:00"
17429,"03/03/99 09:30:00"
17429,"02/04/03 23:00:00"
16751,"11/12/96 18:00:00"
16751,"12/21/93 00:00:00"
16752,"11/12/96 18:00:00"
16752,"12/21/93 00:00:00"
16500,"02/09/88 00:00:00"
16500,"02/18/97 00:00:00"
16500,"12/14/93 00:00:00"
16500,"03/29/88 00:00:00"
16500,"11/20/86 00:00:00"
16501,"01/03/91 00:00:00"
16501,"03/01/07 15:00:00"
16501,"02/09/88 00:00:00"
17568,"01/07/11 08:35:00"
17568,"01/12/93 00:00:00"
17568,"05/30/16 14:15:00"
16501,"02/18/97 00:00:00"
16501,"12/14/93 00:00:00"
16501,"03/29/88 00:00:00"
16502,"03/01/07 15:00:00"
16502,"02/18/97 00:00:00"
16502,"12/14/93 00:00:00"
16503,"03/01/07 15:00:00"
16503,"02/18/97 00:00:00"
16503,"12/14/93 00:00:00"
16503,"03/29/88 00:00:00"
16503,"02/09/88 00:00:00"
16503,"01/03/91 00:00:00"
16504,"01/03/91 00:00:00"
16504,"02/09/88 00:00:00"
16504,"02/18/97 00:00:00"
16504,"12/14/93 00:00:00"
16504,"03/29/88 00:00:00"
16504,"11/20/86 00:00:00"
16505,"03/01/07 15:00:00"
16505,"01/03/91 00:00:00"
17100,"01/20/15 08:52:00"
16505,"02/09/88 00:00:00"
16505,"02/18/97 00:00:00"
16505,"03/29/88 00:00:00"
16506,"03/01/07 15:00:00"
16506,"02/18/97 00:00:00"
16506,"12/14/93 00:00:00"
16507,"01/03/91 00:00:00"
16507,"03/01/07 15:00:00"
16507,"02/09/88 00:00:00"
16507,"12/14/93 00:00:00"
16507,"03/29/88 00:00:00"
16528,"07/23/91 00:00:00"
16528,"07/05/94 00:00:00"
16528,"08/17/95 00:00:00"
16528,"09/06/95 00:00:00"
16528,"09/11/96 00:00:00"
16528,"06/01/76 00:00:00"
16528,"03/01/07 13:45:00"
16528,"02/10/00 11:30:00"
16711,"01/24/95 00:00:00"
16711,"01/31/95 00:00:00"
16711,"02/09/88 00:00:00"
16711,"02/16/95 00:00:00"
16711,"07/26/95 00:00:00"
16711,"07/05/94 00:00:00"
16711,"08/17/95 00:00:00"
16711,"09/06/95 00:00:00"
16714,"01/24/95 00:00:00"
16714,"01/31/95 00:00:00"
16714,"02/09/88 00:00:00"
16714,"02/16/95 00:00:00"
16714,"08/05/92 00:00:00"
16716,"01/24/95 00:00:00"
16716,"01/31/95 00:00:00"
16716,"02/22/77 00:00:00"
16716,"01/28/75 00:00:00"
16718,"01/24/95 00:00:00"
16718,"01/31/95 00:00:00"
16718,"02/22/77 00:00:00"
16718,"01/28/75 00:00:00"
16718,"01/26/77 00:00:00"
16718,"04/12/83 00:00:00"
16718,"02/26/70 00:00:00"
16718,"01/17/84 00:00:00"
16718,"02/13/79 00:00:00"
16718,"02/09/88 00:00:00"
16718,"02/16/95 00:00:00"
16718,"01/28/72 00:00:00"
16718,"11/21/72 00:00:00"
16718,"02/12/70 00:00:00"
16718,"12/14/82 00:00:00"
16718,"02/05/79 00:00:00"
16718,"01/29/72 00:00:00"
16721,"01/24/95 00:00:00"
16721,"01/31/95 00:00:00"
16721,"02/22/77 00:00:00"
16721,"01/28/75 00:00:00"
16721,"01/26/77 00:00:00"
16721,"04/12/83 00:00:00"
16721,"02/26/70 00:00:00"
16721,"01/17/84 00:00:00"
16721,"02/13/79 00:00:00"
16721,"02/09/88 00:00:00"
16721,"02/16/95 00:00:00"
16721,"01/28/72 00:00:00"
16982,"01/21/04 08:45:00"
16994,"01/12/16 14:50:00"
16994,"01/19/18 16:25:00"
16721,"11/21/72 00:00:00"
16721,"02/12/70 00:00:00"
16721,"12/14/82 00:00:00"
16721,"02/05/79 00:00:00"
16675,"12/23/93 09:00:00"
16675,"12/29/99 09:00:00"
17439,"01/23/84 00:00:00"
17487,"06/01/16 07:15:00"
17487,"06/03/16 09:45:00"
17487,"12/12/17 11:52:00"
17538,"12/17/11 13:00:00"
17576,"03/23/01 08:45:00"
17588,"10/04/06 15:00:00"
17611,"01/04/18 13:46:00"
17538,"02/08/88 00:00:00"
17538,"10/22/74 00:00:00"
17538,"01/20/81 00:00:00"
17538,"04/02/86 00:00:00"
17538,"01/15/04 12:55:00"
17538,"12/10/10 12:40:00"
17538,"12/10/10 11:20:00"
17538,"12/10/10 07:45:00"
17538,"01/06/88 11:23:00"
17538,"11/14/96 10:35:00"
16675,"02/05/03 12:00:00"
16682,"11/13/13 11:37:00"
16682,"11/15/96 10:31:00"
16682,"01/30/02 08:00:00"
16682,"03/21/95 00:00:00"
16682,"02/12/16 11:13:00"
16682,"02/22/02 12:00:00"
16682,"03/26/01 10:00:00"
16682,"03/23/95 00:00:00"
16482,"02/18/97 00:00:00"
16482,"12/14/93 00:00:00"
16483,"03/01/07 15:00:00"
16483,"02/18/97 00:00:00"
16483,"12/14/93 00:00:00"
16483,"03/29/88 00:00:00"
16483,"02/09/88 00:00:00"
16483,"01/03/91 00:00:00"
16484,"03/30/79 00:00:00"
16484,"12/09/76 00:00:00"
16485,"03/29/84 00:00:00"
16485,"10/25/84 00:00:00"
16485,"12/03/81 00:00:00"
16485,"01/18/84 00:00:00"
16485,"02/03/83 00:00:00"
16485,"03/30/79 00:00:00"
16485,"12/10/82 00:00:00"
16486,"03/29/84 00:00:00"
16486,"10/25/84 00:00:00"
16486,"12/03/81 00:00:00"
16486,"01/18/84 00:00:00"
16486,"02/03/83 00:00:00"
16486,"03/30/79 00:00:00"
16486,"12/10/82 00:00:00"
16487,"03/29/84 00:00:00"
16487,"10/25/84 00:00:00"
16487,"12/03/81 00:00:00"
16487,"01/18/84 00:00:00"
16487,"02/03/83 00:00:00"
16487,"03/30/79 00:00:00"
16487,"12/10/82 00:00:00"
16488,"03/29/84 00:00:00"
16488,"10/25/84 00:00:00"
16488,"12/03/81 00:00:00"
16488,"01/18/84 00:00:00"
16488,"02/03/83 00:00:00"
16488,"03/30/79 00:00:00"
16488,"12/10/82 00:00:00"
16489,"02/18/97 00:00:00"
16489,"12/14/93 00:00:00"
16489,"03/29/88 00:00:00"
16489,"11/20/86 00:00:00"
16489,"01/03/91 00:00:00"
16489,"02/09/88 00:00:00"
16489,"03/21/08 13:15:00"
16489,"03/01/07 15:00:00"
16489,"01/07/11 10:25:00"
16490,"01/03/91 00:00:00"
16490,"02/09/88 00:00:00"
16490,"02/18/97 00:00:00"
16490,"12/14/93 00:00:00"
16490,"03/29/88 00:00:00"
16490,"11/20/86 00:00:00"
16491,"02/18/97 00:00:00"
16491,"12/14/93 00:00:00"
16491,"03/29/88 00:00:00"
16491,"11/20/86 00:00:00"
16491,"01/03/91 00:00:00"
16491,"02/09/88 00:00:00"
16491,"03/21/08 13:15:00"
16491,"03/01/07 15:00:00"
16491,"01/07/11 10:25:00"
16712,"02/16/95 00:00:00"
16712,"03/01/07 13:45:00"
16712,"02/10/00 11:30:00"
16712,"02/08/08 13:59:00"
16712,"01/07/11 11:20:00"
16712,"01/24/95 00:00:00"
16712,"01/31/95 00:00:00"
16716,"01/26/77 00:00:00"
16870,"11/30/16 10:18:00"
16716,"04/12/83 00:00:00"
16716,"02/26/70 00:00:00"
16716,"01/17/84 00:00:00"
16716,"02/13/79 00:00:00"
16716,"02/09/88 00:00:00"
16724,"02/13/02 22:30:00"
16724,"03/12/08 10:55:00"
16493,"02/18/97 00:00:00"
16493,"12/14/93 00:00:00"
16493,"03/29/88 00:00:00"
16493,"11/20/86 00:00:00"
16493,"01/03/91 00:00:00"
16493,"02/09/88 00:00:00"
16493,"03/21/08 13:15:00"
16493,"03/01/07 15:00:00"
16493,"01/07/11 10:25:00"
16494,"02/18/97 00:00:00"
16494,"12/14/93 00:00:00"
16494,"03/29/88 00:00:00"
16494,"11/20/86 00:00:00"
16494,"01/03/91 00:00:00"
16494,"02/09/88 00:00:00"
16494,"03/21/08 13:15:00"
16494,"03/01/07 15:00:00"
16494,"01/07/11 10:25:00"
16495,"03/29/84 00:00:00"
16495,"10/25/84 00:00:00"
16495,"12/03/81 00:00:00"
16495,"01/18/84 00:00:00"
16495,"02/03/83 00:00:00"
16495,"03/30/79 00:00:00"
16495,"12/10/82 00:00:00"
16496,"03/29/84 00:00:00"
16496,"10/25/84 00:00:00"
16496,"12/03/81 00:00:00"
16496,"01/18/84 00:00:00"
16496,"02/03/83 00:00:00"
16496,"03/30/79 00:00:00"
16496,"12/10/82 00:00:00"
16497,"03/29/84 00:00:00"
16497,"10/25/84 00:00:00"
16497,"12/03/81 00:00:00"
16497,"01/18/84 00:00:00"
16497,"02/03/83 00:00:00"
16497,"03/30/79 00:00:00"
16497,"12/10/82 00:00:00"
16498,"03/29/84 00:00:00"
16498,"10/25/84 00:00:00"
16498,"12/03/81 00:00:00"
16498,"01/18/84 00:00:00"
16498,"02/03/83 00:00:00"
16498,"03/30/79 00:00:00"
16498,"12/10/82 00:00:00"
16500,"01/03/91 00:00:00"
16716,"02/16/95 00:00:00"
16716,"01/28/72 00:00:00"
16716,"11/21/72 00:00:00"
16716,"02/12/70 00:00:00"
16716,"12/14/82 00:00:00"
16717,"01/24/95 00:00:00"
16717,"01/31/95 00:00:00"
16717,"02/22/77 00:00:00"
16717,"01/28/75 00:00:00"
16717,"01/26/77 00:00:00"
16717,"04/12/83 00:00:00"
16717,"02/26/70 00:00:00"
16717,"01/17/84 00:00:00"
16717,"02/13/79 00:00:00"
16717,"02/09/88 00:00:00"
16717,"02/16/95 00:00:00"
16717,"01/28/72 00:00:00"
16717,"11/21/72 00:00:00"
16717,"02/12/70 00:00:00"
16717,"12/14/82 00:00:00"
16717,"02/05/79 00:00:00"
16719,"12/14/82 00:00:00"
16719,"02/05/79 00:00:00"
17026,"12/08/10 15:30:00"
16719,"01/29/72 00:00:00"
16719,"03/24/81 00:00:00"
16719,"08/05/92 00:00:00"
16719,"07/26/95 00:00:00"
16719,"07/23/91 00:00:00"
16719,"07/05/94 00:00:00"
16719,"08/17/95 00:00:00"
16719,"01/24/95 00:00:00"
16719,"01/31/95 00:00:00"
16719,"02/22/77 00:00:00"
16719,"01/28/75 00:00:00"
16719,"01/26/77 00:00:00"
16719,"04/12/83 00:00:00"
16719,"02/26/70 00:00:00"
16719,"01/17/84 00:00:00"
16719,"02/13/79 00:00:00"
16719,"02/09/88 00:00:00"
16719,"02/16/95 00:00:00"
16719,"01/28/72 00:00:00"
16719,"11/21/72 00:00:00"
16719,"02/12/70 00:00:00"
16720,"02/22/77 00:00:00"
16720,"01/28/75 00:00:00"
16720,"01/26/77 00:00:00"
16720,"04/12/83 00:00:00"
16720,"02/26/70 00:00:00"
16720,"01/17/84 00:00:00"
16720,"02/13/79 00:00:00"
16720,"02/09/88 00:00:00"
16720,"02/16/95 00:00:00"
16720,"01/28/72 00:00:00"
16720,"11/21/72 00:00:00"
16720,"02/12/70 00:00:00"
16720,"12/14/82 00:00:00"
16720,"02/05/79 00:00:00"
16720,"01/29/72 00:00:00"
16656,"10/29/98 23:30:00"
16656,"12/09/10 09:50:00"
16656,"12/30/01 15:00:00"
16656,"03/02/07 11:00:00"
16656,"01/23/18 07:58:00"
16656,"01/05/18 10:30:00"
16656,"03/13/18 13:38:00"
16688,"12/17/74 00:00:00"
16910,"08/23/93 00:00:00"
16910,"10/23/90 00:00:00"
16910,"09/11/96 00:00:00"
16910,"10/21/91 00:00:00"
16910,"09/24/91 00:00:00"
16925,"03/29/88 00:00:00"
16925,"11/21/72 00:00:00"
16925,"01/16/86 00:00:00"
16925,"12/01/66 00:00:00"
16925,"02/06/81 00:00:00"
16925,"01/29/82 00:00:00"
16926,"02/05/70 00:00:00"
16926,"01/17/84 00:00:00"
16926,"12/14/93 00:00:00"
16926,"06/04/81 00:00:00"
16926,"02/09/88 00:00:00"
16926,"03/29/88 00:00:00"
16926,"11/21/72 00:00:00"
16926,"01/16/86 00:00:00"
16926,"12/01/66 00:00:00"
16706,"01/05/18 14:42:00"
16711,"09/11/96 00:00:00"
16712,"02/09/88 00:00:00"
16713,"08/27/03 11:10:00"
16713,"01/24/95 00:00:00"
16713,"01/31/95 00:00:00"
16713,"01/07/11 11:20:00"
16724,"02/20/02 19:20:00"
16724,"01/23/09 19:10:00"
16724,"01/23/09 18:50:00"
16750,"11/12/96 18:00:00"
16750,"12/21/93 00:00:00"
16750,"03/08/99 23:00:00"
16751,"03/08/99 23:00:00"
16752,"03/08/99 23:00:00"
16788,"06/02/16 13:00:00"
16788,"05/30/16 22:00:00"
16714,"07/23/91 00:00:00"
16715,"01/24/95 00:00:00"
16715,"01/31/95 00:00:00"
16715,"02/22/77 00:00:00"
16715,"01/28/75 00:00:00"
17419,"01/04/03 14:00:00"
17419,"01/06/91 01:00:00"
17419,"02/28/02 15:00:00"
17419,"01/13/93 00:00:00"
17419,"01/06/91 00:00:00"
16715,"01/26/77 00:00:00"
16715,"04/12/83 00:00:00"
16715,"02/26/70 00:00:00"
16715,"01/17/84 00:00:00"
16715,"02/13/79 00:00:00"
16715,"02/09/88 00:00:00"
16715,"02/16/95 00:00:00"
16715,"01/28/72 00:00:00"
16715,"11/21/72 00:00:00"
16715,"02/12/70 00:00:00"
16715,"12/14/82 00:00:00"
16715,"02/05/79 00:00:00"
16715,"01/29/72 00:00:00"
16715,"03/24/81 00:00:00"
16716,"02/05/79 00:00:00"
16716,"01/29/72 00:00:00"
16716,"03/24/81 00:00:00"
16717,"01/29/72 00:00:00"
16717,"03/24/81 00:00:00"
16718,"03/24/81 00:00:00"
17569,"01/19/18 16:25:00"
17569,"01/12/16 14:50:00"
16718,"06/01/76 00:00:00"
16719,"09/06/95 00:00:00"
16719,"09/11/96 00:00:00"
16719,"06/01/76 00:00:00"
16720,"03/24/81 00:00:00"
16720,"01/24/95 00:00:00"
16720,"01/31/95 00:00:00"
16721,"01/29/72 00:00:00"
16721,"03/24/81 00:00:00"
-176,"03/01/97 00:00:00"
-176,"02/17/90 00:00:00"
-176,"03/12/99 12:00:00"
-176,"01/10/94 00:00:00"
-176,"12/12/10 10:14:00"
-176,"12/12/10 09:10:00"
-176,"03/13/06 15:00:00"
-176,"03/26/01 15:15:00"
-176,"12/12/10 12:00:00"
-176,"02/25/99 10:00:00"
16735,"01/07/11 11:20:00"
16735,"01/24/95 09:45:00"
16735,"01/31/95 09:55:00"
16735,"02/16/95 15:00:00"
16735,"02/09/88 00:00:00"
16763,"11/15/10 12:10:00"
16763,"11/18/96 00:00:00"
16763,"02/10/16 09:04:00"
16763,"01/06/16 08:26:00"
16771,"06/02/16 13:00:00"
16771,"05/30/16 22:00:00"
16926,"02/06/81 00:00:00"
16926,"01/29/82 00:00:00"
16933,"11/24/09 14:50:00"
17007,"07/30/14 12:37:00"
17007,"05/04/15 14:40:00"
17007,"01/05/18 14:42:00"
17007,"02/10/16 08:12:00"
17008,"05/04/15 14:40:00"
17008,"01/05/18 14:42:00"
17016,"01/21/15 12:51:00"
17016,"01/04/12 13:00:00"
17119,"03/08/99 23:00:00"
17119,"11/13/96 00:00:00"
17119,"02/16/90 00:00:00"
17119,"12/17/81 00:00:00"
17119,"02/16/77 00:00:00"
17119,"05/23/75 00:00:00"
17119,"08/11/93 00:00:00"
17119,"08/25/76 00:00:00"
17119,"07/02/76 00:00:00"
17148,"01/23/18 14:40:00"
16960,"08/27/03 10:00:00"
17033,"02/20/02 13:20:00"
17033,"03/10/99 09:45:00"
17033,"02/20/02 10:30:00"
17033,"01/03/03 10:30:00"
17033,"02/05/03 11:00:00"
17033,"03/22/02 11:10:00"
17033,"11/28/00 09:57:00"
17033,"03/10/06 10:00:00"
17033,"03/10/06 09:15:00"
17033,"10/24/06 09:20:00"
17033,"12/03/02 10:40:00"
16960,"05/31/16 06:55:00"
16960,"01/07/11 10:50:00"
16960,"01/24/09 07:20:00"
16960,"10/10/14 07:40:00"
16960,"01/23/09 11:05:00"
16960,"12/15/99 14:30:00"
16845,"02/10/88 00:00:00"
16845,"12/14/93 00:00:00"
16845,"02/20/96 00:00:00"
16845,"03/22/95 00:00:00"
16845,"03/19/88 00:00:00"
16845,"02/17/66 00:00:00"
16845,"04/14/83 00:00:00"
16845,"02/02/83 00:00:00"
16845,"12/22/89 00:00:00"
16845,"02/12/02 23:00:00"
16845,"10/27/98 00:00:00"
16845,"01/10/01 16:15:00"
16845,"01/20/98 00:00:00"
16845,"11/20/72 00:00:00"
16845,"12/01/92 00:00:00"
16845,"01/25/90 00:00:00"
16818,"02/20/02 13:20:00"
16818,"03/10/99 09:45:00"
16818,"02/20/02 10:30:00"
16818,"01/03/03 10:30:00"
16818,"02/05/03 11:00:00"
16818,"03/22/02 11:10:00"
16818,"11/28/00 09:57:00"
16818,"03/10/06 10:00:00"
16818,"03/10/06 09:15:00"
16818,"10/24/06 09:20:00"
16818,"12/03/02 10:40:00"
16819,"10/24/06 09:20:00"
16819,"12/03/02 10:40:00"
16819,"02/20/02 13:20:00"
16819,"03/10/99 09:45:00"
16819,"02/20/02 10:30:00"
16819,"01/03/03 10:30:00"
16819,"02/05/03 11:00:00"
16819,"03/22/02 11:10:00"
16819,"11/28/00 09:57:00"
16819,"03/10/06 10:00:00"
16819,"03/10/06 09:15:00"
16821,"06/02/16 13:00:00"
16821,"05/30/16 22:00:00"
16851,"02/28/02 17:10:00"
16851,"12/11/06 11:40:00"
16852,"12/18/79 00:00:00"
16852,"02/02/84 00:00:00"
16852,"03/12/79 00:00:00"
16852,"11/08/00 10:15:00"
16852,"02/14/02 01:15:00"
16852,"03/23/92 11:00:00"
16852,"12/14/99 17:20:00"
16852,"01/28/99 12:30:00"
16852,"01/10/01 14:45:00"
16852,"10/15/98 00:00:00"
16852,"12/15/98 13:40:00"
16852,"01/06/82 00:00:00"
16852,"02/09/84 00:00:00"
16852,"02/24/70 00:00:00"
16852,"04/02/86 10:45:00"
16852,"01/05/82 00:00:00"
16852,"01/27/70 00:00:00"
16852,"01/07/11 13:15:00"
16852,"12/21/93 11:20:00"
16853,"09/30/76 00:00:00"
16853,"02/11/88 00:00:00"
16853,"02/15/84 00:00:00"
16853,"03/31/88 00:00:00"
16853,"02/25/77 00:00:00"
16941,"05/26/83 00:00:00"
16941,"12/18/82 00:00:00"
16941,"01/14/04 08:34:00"
16941,"03/10/99 09:45:00"
16941,"02/21/02 09:20:00"
16941,"03/10/99 16:15:00"
16941,"10/16/13 14:15:00"
16941,"11/05/14 09:56:00"
17085,"02/10/70 00:00:00"
17085,"02/09/70 00:00:00"
17085,"02/12/88 00:00:00"
16853,"12/20/79 00:00:00"
17351,"02/21/02 08:30:00"
17351,"03/10/99 14:25:00"
17351,"03/10/99 15:15:00"
16870,"11/30/16 10:04:00"
16870,"03/17/88 00:00:00"
16870,"01/23/18 10:20:00"
16879,"12/28/99 12:00:00"
16879,"08/06/03 12:10:00"
16911,"06/04/81 00:00:00"
16911,"01/03/91 00:00:00"
16911,"01/17/84 00:00:00"
16911,"12/26/67 00:00:00"
16911,"02/12/70 00:00:00"
16911,"02/09/88 00:00:00"
16911,"09/18/90 00:00:00"
16911,"08/23/93 00:00:00"
16911,"10/23/90 00:00:00"
16911,"09/11/96 00:00:00"
16911,"10/21/91 00:00:00"
16911,"09/24/91 00:00:00"
17007,"03/10/17 09:08:00"
17008,"02/10/16 08:12:00"
17009,"10/17/13 11:15:00"
17009,"10/04/06 09:11:00"
17009,"10/03/06 22:00:00"
16941,"11/05/12 11:00:00"
17401,"01/06/12 15:05:00"
17111,"05/31/16 07:20:00"
17123,"01/12/95 00:00:00"
17123,"12/21/93 00:00:00"
17123,"02/22/02 08:00:00"
17123,"10/23/86 00:00:00"
17123,"03/19/02 12:20:00"
17123,"11/17/10 09:30:00"
17123,"10/26/06 08:30:00"
17123,"03/09/99 23:00:00"
17123,"12/17/11 12:00:00"
17123,"03/10/99 00:00:00"
17123,"11/13/96 00:00:00"
17123,"02/10/70 00:00:00"
17279,"01/03/12 13:15:00"
16970,"12/23/09 15:56:00"
16970,"10/25/06 13:16:00"
16970,"01/12/11 09:23:00"
16971,"02/12/70 00:00:00"
16971,"02/09/88 00:00:00"
16999,"12/20/93 00:00:00"
16999,"12/11/17 15:24:00"
17014,"02/05/01 23:00:00"
17610,"06/02/16 13:00:00"
17611,"05/30/16 08:40:00"
17014,"06/06/94 00:00:00"
17026,"05/13/16 07:30:00"
17027,"01/05/18 07:05:00"
17027,"05/22/13 07:19:00"
17027,"05/12/16 14:45:00"
17027,"10/03/06 13:15:00"
17031,"05/10/19 12:42:00"
17033,"11/04/14 14:00:00"
17033,"11/04/14 23:00:00"
17351,"01/14/04 10:14:00"
17044,"02/21/02 08:30:00"
17044,"03/10/99 15:15:00"
17044,"01/19/98 00:00:00"
17044,"05/17/01 08:30:00"
17044,"01/29/02 09:40:00"
17044,"01/15/99 10:30:00"
17044,"01/14/04 10:14:00"
17044,"11/22/06 12:15:00"
17044,"11/16/10 14:15:00"
17044,"03/10/99 14:25:00"
17085,"02/15/79 00:00:00"
17085,"02/15/79 01:00:00"
17085,"03/09/99 23:00:00"
17085,"02/15/90 00:00:00"
17085,"12/17/81 00:00:00"
17085,"03/22/78 00:00:00"
17085,"11/12/13 14:20:00"
17085,"02/24/77 00:00:00"
17086,"03/09/99 23:00:00"
17086,"02/10/70 00:00:00"
17086,"02/09/70 00:00:00"
17086,"02/15/79 00:00:00"
17086,"02/12/88 00:00:00"
17086,"02/15/90 00:00:00"
17086,"12/17/81 00:00:00"
17086,"03/22/78 00:00:00"
17086,"02/24/77 00:00:00"
17086,"02/16/77 00:00:00"
17087,"02/15/79 01:00:00"
17087,"02/12/88 00:00:00"
17087,"02/15/79 00:00:00"
17087,"02/15/90 00:00:00"
17087,"03/22/78 00:00:00"
17087,"12/17/81 00:00:00"
17087,"02/24/77 00:00:00"
17088,"02/15/79 00:00:00"
17088,"02/15/90 00:00:00"
17113,"01/29/02 14:25:00"
17088,"03/22/78 00:00:00"
17088,"12/17/81 00:00:00"
17088,"02/24/77 00:00:00"
17096,"02/10/70 00:00:00"
17096,"02/09/70 00:00:00"
17096,"02/12/88 00:00:00"
17096,"02/15/79 00:00:00"
17096,"02/15/79 01:00:00"
17096,"03/09/99 23:00:00"
17096,"02/15/90 00:00:00"
17096,"12/17/81 00:00:00"
17096,"03/22/78 00:00:00"
17096,"11/12/13 14:20:00"
17369,"01/26/77 00:00:00"
17369,"01/17/84 00:00:00"
17369,"02/13/79 00:00:00"
17369,"01/31/95 00:00:00"
17369,"02/09/88 00:00:00"
17369,"02/16/95 00:00:00"
17369,"03/01/07 13:45:00"
17369,"02/08/08 13:59:00"
17369,"01/07/11 11:20:00"
17369,"01/24/95 00:00:00"
17396,"09/18/06 09:55:00"
17396,"09/18/06 11:20:00"
17396,"04/08/05 09:49:00"
17399,"10/03/06 12:30:00"
17399,"10/15/13 13:02:00"
17475,"01/26/90 00:00:00"
17475,"12/14/99 15:15:00"
17475,"02/14/02 02:50:00"
17475,"02/14/02 02:05:00"
17475,"01/05/91 00:00:00"
17475,"12/18/74 00:00:00"
17475,"02/10/88 00:00:00"
17549,"04/11/84 00:00:00"
17096,"02/24/77 00:00:00"
17096,"01/06/18 07:29:00"
17096,"10/23/86 00:00:00"
17096,"02/16/77 00:00:00"
17096,"01/19/84 00:00:00"
17096,"02/06/79 00:00:00"
17100,"01/14/16 10:12:00"
17100,"02/02/16 13:50:00"
17110,"05/31/16 07:20:00"
17123,"12/17/81 00:00:00"
17119,"03/09/99 09:20:00"
17135,"02/22/02 08:45:00"
17135,"12/21/04 08:10:00"
17135,"10/25/06 14:50:00"
17135,"12/05/88 01:00:00"
17135,"10/13/93 00:00:00"
17136,"12/17/11 09:57:00"
17137,"12/17/11 09:57:00"
17141,"03/20/19 14:15:00"
17141,"01/19/18 13:40:00"
17148,"02/01/18 09:30:00"
17150,"12/08/10 10:11:00"
17150,"12/09/10 05:00:00"
17150,"01/05/12 13:04:00"
17150,"01/12/16 14:50:00"
17150,"01/19/18 16:25:00"
17174,"11/08/00 13:40:00"
17174,"01/26/90 00:00:00"
17214,"01/03/91 00:00:00"
17214,"02/10/88 00:00:00"
17214,"02/03/83 00:00:00"
17214,"01/30/75 00:00:00"
17214,"01/20/98 00:00:00"
17214,"12/14/93 00:00:00"
17225,"02/26/97 00:00:00"
17225,"01/08/91 00:00:00"
17227,"03/31/08 13:35:00"
17227,"01/29/02 14:25:00"
17229,"03/08/99 23:00:00"
17229,"11/13/96 00:00:00"
17229,"02/16/90 00:00:00"
17229,"12/17/81 00:00:00"
17229,"02/16/77 00:00:00"
17229,"05/23/75 00:00:00"
17229,"08/11/93 00:00:00"
17229,"08/25/76 00:00:00"
17229,"07/02/76 00:00:00"
17229,"03/09/99 09:20:00"
17229,"01/14/04 11:25:00"
17229,"02/21/02 11:30:00"
17229,"11/05/14 13:52:00"
17229,"11/05/12 13:55:00"
17291,"01/20/04 16:18:00"
17291,"01/23/18 09:35:00"
17291,"03/17/88 00:00:00"
17238,"05/25/83 00:01:00"
17238,"04/12/83 00:01:00"
17256,"02/15/90 00:00:00"
17256,"01/04/12 10:40:00"
17256,"01/14/20 11:04:00"
17256,"11/19/20 11:00:00"
17256,"10/02/19 09:22:00"
17352,"02/21/02 08:30:00"
17352,"03/10/99 14:25:00"
17352,"03/10/99 15:15:00"
17352,"01/14/04 10:14:00"
17352,"12/23/12 11:40:00"
17352,"11/05/12 09:55:00"
17352,"11/16/10 14:15:00"
17352,"11/05/14 08:25:00"
17278,"01/03/12 13:15:00"
17280,"01/03/12 13:15:00"
17281,"01/03/12 13:15:00"
17285,"02/10/16 12:57:00"
17285,"05/26/20 07:20:00"
17553,"02/20/02 13:20:00"
17553,"03/10/99 09:45:00"
17553,"02/20/02 10:30:00"
17553,"01/03/03 10:30:00"
17553,"02/05/03 11:00:00"
17555,"01/23/18 14:40:00"
17285,"06/16/20 07:25:00"
17293,"01/13/93 02:00:00"
17293,"01/13/93 01:00:00"
17293,"01/13/93 00:00:00"
17293,"01/04/91 00:00:00"
17293,"02/28/02 11:40:00"
17293,"12/22/89 00:00:00"
17293,"12/14/99 10:15:00"
17293,"01/08/11 09:35:00"
17299,"12/14/93 00:00:00"
17299,"01/03/03 12:45:00"
17299,"01/08/11 17:00:00"
17299,"03/10/06 10:45:00"
17299,"03/17/68 00:00:00"
17300,"01/08/11 17:00:00"
17300,"03/10/06 10:45:00"
17300,"03/17/68 00:00:00"
17301,"12/14/93 00:00:00"
17301,"01/03/03 12:45:00"
17301,"01/08/11 17:00:00"
17301,"03/10/06 10:45:00"
17301,"03/17/68 00:00:00"
17305,"01/20/98 00:00:00"
17305,"12/14/93 00:00:00"
17316,"02/22/02 08:00:00"
17316,"10/23/86 00:00:00"
17316,"03/19/02 12:20:00"
17316,"11/17/10 09:30:00"
17316,"10/26/06 08:30:00"
17429,"02/26/97 16:45:00"
17429,"02/04/10 16:55:00"
17429,"12/29/99 10:30:00"
17429,"02/05/10 15:10:00"
17316,"03/09/99 23:00:00"
17316,"12/17/11 12:00:00"
17316,"03/10/99 00:00:00"
17316,"11/13/96 00:00:00"
17316,"02/10/70 00:00:00"
17316,"12/17/81 00:00:00"
17316,"01/12/95 00:00:00"
17316,"12/21/93 00:00:00"
17270,"11/02/98 00:00:00"
17350,"02/25/02 14:05:00"
17270,"01/12/93 00:00:00"
17270,"01/04/91 00:00:00"
17270,"01/18/84 00:00:00"
17270,"02/26/58 00:00:00"
17270,"01/03/91 00:00:00"
17270,"02/10/88 00:00:00"
17270,"02/03/83 00:00:00"
17270,"01/30/75 00:00:00"
17270,"01/20/98 00:00:00"
17270,"12/14/93 00:00:00"
17270,"03/10/06 10:45:00"
17270,"12/16/17 08:30:00"
17270,"01/03/03 12:45:00"
17270,"01/08/11 17:00:00"
17270,"02/05/20 08:55:00"
17270,"02/12/20 10:01:00"
17346,"10/04/06 08:00:00"
17346,"01/23/18 13:00:00"
17346,"01/04/18 12:09:00"
17346,"04/05/18 12:42:00"
17346,"03/20/19 12:08:00"
17346,"02/21/99 14:20:00"
17347,"02/14/90 00:00:00"
17350,"02/25/02 11:15:00"
17350,"03/21/08 09:15:00"
17350,"02/28/02 13:15:00"
17350,"02/28/02 17:10:00"
17350,"12/11/06 11:40:00"
17351,"12/23/12 11:40:00"
17351,"11/05/12 09:55:00"
17351,"11/16/10 14:15:00"
17352,"11/04/14 11:58:00"
17352,"01/19/98 00:00:00"
17354,"01/13/93 02:00:00"
17354,"01/03/03 15:05:00"
17354,"01/13/93 00:00:00"
17354,"01/13/93 01:00:00"
17354,"01/04/91 00:00:00"
17354,"12/14/99 10:15:00"
17354,"01/08/11 09:35:00"
17354,"02/28/02 11:40:00"
17354,"12/22/89 00:00:00"
17369,"01/31/95 09:55:00"
17369,"01/24/95 09:45:00"
17369,"02/22/77 00:00:00"
17369,"01/28/75 00:00:00"
17369,"02/16/95 15:00:00"
17413,"05/12/16 14:45:00"
17426,"01/26/77 00:00:00"
17426,"01/17/84 00:00:00"
17426,"02/13/79 00:00:00"
17426,"01/31/95 00:00:00"
17426,"02/09/88 00:00:00"
17426,"02/16/95 00:00:00"
17426,"03/01/07 13:45:00"
17426,"02/08/08 13:59:00"
17426,"01/07/11 11:20:00"
17426,"01/24/95 00:00:00"
17426,"01/31/95 09:55:00"
17354,"12/19/74 00:00:00"
17354,"02/11/70 00:00:00"
17354,"01/06/98 00:00:00"
17354,"12/27/67 00:00:00"
17354,"02/11/88 00:00:00"
17553,"03/22/02 11:10:00"
17553,"11/28/00 09:57:00"
17553,"03/10/06 10:00:00"
17553,"03/10/06 09:15:00"
17553,"10/24/06 09:20:00"
17354,"12/19/79 00:00:00"
17369,"02/26/70 00:00:00"
17369,"04/12/83 00:00:00"
17386,"06/19/96 00:00:00"
17386,"08/14/96 00:00:00"
17390,"01/23/84 00:00:00"
17390,"02/22/77 00:00:00"
17390,"02/11/81 00:00:00"
17390,"03/12/79 00:00:00"
17390,"01/21/98 00:00:00"
17390,"06/19/96 00:00:00"
17390,"09/18/91 11:10:00"
17390,"10/29/69 00:00:00"
17390,"11/23/76 00:00:00"
17390,"09/10/96 00:00:00"
17390,"10/05/71 00:00:00"
17390,"10/17/96 00:00:00"
17390,"10/12/76 00:00:00"
17390,"11/05/75 00:00:00"
17390,"09/28/76 00:00:00"
17390,"08/24/76 00:00:00"
17390,"12/21/93 10:00:00"
17390,"12/15/99 08:00:00"
17390,"01/07/91 11:30:00"
17390,"12/17/79 00:00:00"
17390,"01/10/01 13:30:00"
17390,"01/10/94 10:00:00"
17390,"01/06/82 00:00:00"
17392,"01/23/09 15:05:00"
17392,"06/04/81 00:00:00"
17392,"01/17/84 00:00:00"
17392,"01/03/91 00:00:00"
17392,"12/26/67 00:00:00"
17396,"01/21/04 08:45:00"
17429,"02/25/02 13:40:00"
17398,"10/03/06 12:30:00"
17398,"10/15/13 13:02:00"
17401,"02/02/13 11:05:00"
17412,"01/05/18 07:05:00"
17412,"05/22/13 07:19:00"
17412,"05/12/16 14:45:00"
17412,"10/03/06 13:15:00"
17413,"01/05/18 07:05:00"
17413,"05/22/13 07:19:00"
17419,"01/05/91 00:00:00"
17419,"01/08/55 00:00:00"
17419,"02/08/01 10:15:00"
17419,"02/11/88 00:00:00"
17419,"02/14/84 00:00:00"
17421,"03/31/88 00:00:00"
17421,"02/25/66 00:00:00"
17421,"01/07/98 00:00:00"
17421,"03/22/88 00:00:00"
17422,"02/25/77 00:00:00"
17422,"03/04/97 00:00:00"
17423,"02/21/90 01:00:00"
17423,"02/21/90 00:00:00"
17423,"02/25/77 00:00:00"
17423,"03/04/97 00:00:00"
17435,"03/27/86 00:00:00"
17435,"10/14/82 00:00:00"
17439,"02/22/77 00:00:00"
17439,"02/11/81 00:00:00"
17439,"03/12/79 00:00:00"
17439,"01/21/98 00:00:00"
17439,"06/19/96 00:00:00"
17439,"09/18/91 11:10:00"
17439,"10/29/69 00:00:00"
17439,"11/23/76 00:00:00"
17439,"09/10/96 00:00:00"
17439,"10/05/71 00:00:00"
17439,"10/17/96 00:00:00"
17439,"10/12/76 00:00:00"
17439,"11/05/75 00:00:00"
17439,"09/28/76 00:00:00"
17439,"08/24/76 00:00:00"
17439,"12/21/93 10:00:00"
17439,"12/15/99 08:00:00"
17439,"01/07/91 11:30:00"
17439,"12/17/79 00:00:00"
17439,"01/10/01 13:30:00"
17439,"01/10/94 10:00:00"
17439,"01/06/82 00:00:00"
17452,"12/10/82 00:00:00"
17452,"03/30/79 00:00:00"
17452,"02/03/83 00:00:00"
17452,"01/18/84 00:00:00"
17450,"02/13/79 00:00:00"
17450,"03/15/06 15:00:00"
17450,"03/15/06 12:00:00"
17450,"01/05/67 00:00:00"
17450,"03/20/01 08:35:00"
17450,"01/18/68 00:00:00"
17450,"02/17/66 00:00:00"
17450,"03/23/88 00:00:00"
17450,"12/27/91 00:00:00"
17450,"04/03/86 00:00:00"
17450,"11/21/72 00:00:00"
17450,"05/22/70 00:00:00"
17450,"04/13/83 00:00:00"
17450,"02/03/83 00:00:00"
17450,"11/19/96 01:00:00"
17450,"01/04/03 09:00:00"
17450,"03/08/99 13:35:00"
17450,"11/19/96 00:00:00"
17450,"01/30/68 00:00:00"
17450,"01/11/94 00:00:00"
17450,"12/24/93 00:00:00"
17450,"03/02/97 00:00:00"
17450,"02/19/90 00:00:00"
17450,"12/21/82 00:00:00"
17450,"01/04/91 00:00:00"
17450,"03/30/88 00:00:00"
17450,"01/02/02 23:00:00"
17450,"11/29/84 00:00:00"
17450,"11/10/88 00:00:00"
17450,"01/03/02 09:30:00"
17426,"01/24/95 09:45:00"
17426,"02/22/77 00:00:00"
17426,"01/28/75 00:00:00"
17426,"02/16/95 15:00:00"
17426,"02/26/70 00:00:00"
17426,"04/12/83 00:00:00"
17426,"02/04/20 14:12:00"
17426,"02/11/19 09:39:00"
17426,"01/29/20 09:52:00"
17428,"02/26/97 16:45:00"
17428,"02/04/10 16:55:00"
17428,"12/29/99 10:30:00"
17428,"02/05/10 15:10:00"
17428,"02/25/02 13:40:00"
17428,"01/17/04 12:59:00"
17428,"02/07/01 09:15:00"
17428,"03/20/02 09:15:00"
17428,"05/23/13 13:10:00"
17428,"05/23/13 12:03:00"
17428,"10/24/13 07:45:00"
17428,"03/03/99 09:30:00"
17428,"02/04/03 23:00:00"
17454,"01/25/95 00:00:00"
17454,"10/15/87 00:00:00"
17454,"02/04/88 00:00:00"
17454,"03/21/02 13:15:00"
17454,"10/15/82 00:00:00"
17454,"10/13/09 10:10:00"
17454,"11/12/09 11:05:00"
17454,"04/17/16 09:18:00"
17457,"04/17/16 09:18:00"
17408,"01/23/18 07:15:00"
17408,"01/05/18 11:00:00"
17408,"01/23/18 09:00:00"
17409,"01/23/18 07:15:00"
17409,"01/05/18 11:00:00"
17409,"01/23/18 09:00:00"
17475,"07/21/87 00:00:00"
17475,"02/02/83 00:00:00"
17475,"02/16/71 00:00:00"
17475,"02/10/70 00:00:00"
17475,"03/03/99 23:00:00"
17475,"12/19/79 00:00:00"
17475,"03/03/99 23:01:00"
17475,"01/07/11 14:40:00"
17475,"11/08/00 13:40:00"
17480,"11/17/96 00:00:00"
17480,"12/12/07 09:58:00"
17480,"12/26/91 00:00:00"
17480,"02/25/99 09:00:00"
17480,"03/26/01 13:15:00"
17480,"03/13/06 13:45:00"
17480,"03/13/06 14:00:00"
17480,"12/12/10 09:14:00"
17480,"12/12/10 08:10:00"
17480,"12/12/10 11:00:00"
17480,"01/10/94 00:00:00"
17480,"03/01/97 00:00:00"
17480,"03/12/99 11:00:00"
17480,"02/17/90 00:00:00"
17480,"01/02/91 00:00:00"
17574,"01/12/95 00:00:00"
17574,"12/21/93 00:00:00"
17577,"03/23/01 08:45:00"
17577,"05/27/83 00:00:00"
17480,"02/05/13 09:00:00"
17480,"01/31/02 13:00:00"
17480,"03/21/95 00:00:00"
17487,"06/04/16 12:31:00"
17491,"02/26/97 00:00:00"
17491,"11/15/00 10:10:00"
17571,"02/13/79 00:00:00"
17571,"03/15/06 15:00:00"
17571,"03/15/06 12:00:00"
17571,"01/05/67 00:00:00"
17571,"03/20/01 08:35:00"
17571,"01/18/68 00:00:00"
17571,"02/17/66 00:00:00"
17571,"03/23/88 00:00:00"
17571,"12/27/91 00:00:00"
17571,"04/03/86 00:00:00"
17571,"11/21/72 00:00:00"
17571,"05/22/70 00:00:00"
17571,"04/13/83 00:00:00"
17571,"02/03/83 00:00:00"
17571,"11/19/96 01:00:00"
17571,"01/04/03 09:00:00"
17571,"03/08/99 13:35:00"
17571,"11/19/96 00:00:00"
17571,"01/30/68 00:00:00"
17571,"01/11/94 00:00:00"
17571,"12/24/93 00:00:00"
17571,"03/02/97 00:00:00"
17571,"02/19/90 00:00:00"
17571,"12/21/82 00:00:00"
17571,"01/04/91 00:00:00"
17571,"03/30/88 00:00:00"
17466,"09/18/06 11:20:00"
17466,"04/08/05 09:49:00"
17466,"01/21/04 08:45:00"
17466,"08/28/19 08:40:00"
17466,"03/22/17 10:39:00"
17466,"01/05/18 14:43:00"
17466,"04/17/16 13:00:00"
17465,"12/08/10 13:25:00"
17465,"10/05/06 14:30:00"
17465,"04/23/08 09:44:00"
17465,"09/18/06 15:30:00"
17465,"10/03/06 12:30:00"
17465,"11/15/10 15:00:00"
17508,"01/23/84 00:00:00"
17508,"02/22/77 00:00:00"
17508,"02/11/81 00:00:00"
17508,"03/12/79 00:00:00"
17508,"01/21/98 00:00:00"
17508,"06/19/96 00:00:00"
17508,"09/18/91 11:10:00"
17508,"10/29/69 00:00:00"
17508,"11/23/76 00:00:00"
17508,"09/10/96 00:00:00"
17508,"10/05/71 00:00:00"
17508,"10/17/96 00:00:00"
17508,"10/12/76 00:00:00"
17508,"11/05/75 00:00:00"
17508,"09/28/76 00:00:00"
17508,"08/24/76 00:00:00"
17508,"12/21/93 10:00:00"
17508,"12/15/99 08:00:00"
17508,"01/07/91 11:30:00"
17508,"12/17/79 00:00:00"
17508,"01/10/01 13:30:00"
17508,"01/10/94 10:00:00"
17508,"01/06/82 00:00:00"
17509,"10/05/71 00:00:00"
17509,"10/17/96 00:00:00"
17509,"10/12/76 00:00:00"
17509,"11/05/75 00:00:00"
17509,"09/28/76 00:00:00"
17509,"08/24/76 00:00:00"
17509,"12/21/93 10:00:00"
17509,"12/15/99 08:00:00"
17509,"01/07/91 11:30:00"
17509,"12/17/79 00:00:00"
17509,"01/10/01 13:30:00"
17509,"01/10/94 10:00:00"
17509,"01/06/82 00:00:00"
17509,"01/23/84 00:00:00"
17509,"02/22/77 00:00:00"
17509,"02/11/81 00:00:00"
17509,"03/12/79 00:00:00"
17509,"01/21/98 00:00:00"
17509,"06/19/96 00:00:00"
17509,"09/18/91 11:10:00"
17509,"10/29/69 00:00:00"
17509,"11/23/76 00:00:00"
17509,"09/10/96 00:00:00"
17531,"03/09/99 19:22:00"
17531,"11/13/96 09:32:00"
17531,"02/21/02 12:22:00"
17531,"11/05/14 12:35:00"
17531,"12/31/90 09:50:00"
17531,"01/14/04 14:30:00"
17531,"12/20/04 13:49:00"
17532,"12/31/90 09:50:00"
17532,"01/14/04 14:30:00"
17532,"12/20/04 13:49:00"
17532,"03/09/99 19:22:00"
17532,"11/13/96 09:32:00"
17532,"02/21/02 12:22:00"
17532,"11/05/14 12:35:00"
17535,"03/11/99 08:15:00"
17535,"02/23/02 10:30:00"
17535,"12/29/90 00:00:00"
17535,"11/13/13 11:37:00"
17535,"11/13/13 11:38:00"
17535,"11/15/96 10:31:00"
17535,"01/30/02 08:00:00"
17535,"03/21/95 00:00:00"
17535,"02/12/16 11:13:00"
17535,"03/26/01 10:00:00"
17535,"03/23/95 00:00:00"
17541,"04/11/84 00:00:00"
17541,"05/28/83 00:00:00"
17497,"03/01/07 08:40:00"
17497,"02/18/97 00:00:00"
17497,"01/05/01 15:00:00"
17525,"03/09/99 09:20:00"
17525,"11/13/96 00:00:00"
17525,"01/14/04 11:25:00"
17525,"02/21/02 11:30:00"
17525,"11/05/14 13:52:00"
17525,"02/16/90 00:00:00"
17525,"11/05/12 13:55:00"
17525,"12/17/81 00:00:00"
17525,"12/21/93 00:00:00"
17515,"01/05/94 00:00:00"
17515,"10/29/98 00:00:00"
17558,"12/08/10 15:30:00"
17558,"05/13/16 07:30:00"
17558,"08/06/20 12:35:00"
17558,"02/04/20 09:00:00"
17563,"03/01/07 08:40:00"
17563,"02/18/97 00:00:00"
17563,"01/05/01 15:00:00"
17518,"05/31/16 11:55:00"
17518,"06/02/16 06:50:00"
17518,"06/04/16 08:15:00"
17538,"12/31/90 01:00:00"
17538,"12/21/04 11:08:00"
17538,"02/06/79 00:00:00"
17538,"11/17/10 14:45:00"
17545,"11/02/98 00:00:00"
17545,"01/12/93 00:00:00"
17545,"01/04/91 00:00:00"
17545,"01/18/84 00:00:00"
17545,"02/26/58 00:00:00"
17545,"01/03/91 00:00:00"
17545,"02/10/88 00:00:00"
17545,"02/03/83 00:00:00"
17545,"01/30/75 00:00:00"
17545,"01/20/98 00:00:00"
17545,"12/14/93 00:00:00"
17500,"11/02/98 00:00:00"
17500,"01/03/03 12:45:00"
17500,"01/12/93 00:00:00"
17500,"01/04/91 00:00:00"
17500,"01/08/11 17:00:00"
17500,"01/18/84 00:00:00"
17500,"02/26/58 00:00:00"
17500,"01/03/91 00:00:00"
17501,"11/02/98 00:00:00"
17501,"01/03/03 12:45:00"
17501,"01/12/93 00:00:00"
17501,"01/04/91 00:00:00"
17501,"01/08/11 17:00:00"
17501,"01/18/84 00:00:00"
17501,"02/26/58 00:00:00"
17501,"01/03/91 00:00:00"
17549,"05/28/83 00:00:00"
17550,"04/11/84 00:00:00"
17550,"05/28/83 00:00:00"
17553,"12/03/02 10:40:00"
17553,"11/04/14 14:00:00"
17553,"11/04/14 23:00:00"
17572,"12/17/11 13:00:00"
17572,"02/08/88 00:00:00"
17572,"10/22/74 00:00:00"
17572,"01/20/81 00:00:00"
17572,"04/02/86 00:00:00"
17572,"01/15/04 12:55:00"
17572,"12/10/10 12:40:00"
17572,"12/10/10 11:20:00"
17572,"12/10/10 07:45:00"
17572,"01/06/88 11:23:00"
17572,"11/14/96 10:35:00"
17572,"12/31/90 01:00:00"
17572,"12/21/04 11:08:00"
17554,"02/20/02 13:20:00"
17554,"03/10/99 09:45:00"
17554,"02/20/02 10:30:00"
17554,"01/03/03 10:30:00"
17554,"02/05/03 11:00:00"
17554,"03/22/02 11:10:00"
17554,"11/28/00 09:57:00"
17554,"03/10/06 10:00:00"
17554,"03/10/06 09:15:00"
17554,"10/24/06 09:20:00"
17554,"12/03/02 10:40:00"
17554,"11/04/14 14:00:00"
17554,"11/04/14 23:00:00"
17555,"02/01/18 09:30:00"
17557,"05/04/15 14:40:00"
17557,"01/05/18 14:42:00"
17557,"02/10/16 08:12:00"
17559,"01/29/21 00:00:00"
17561,"06/04/16 10:25:00"
17561,"06/03/16 09:20:00"
17561,"06/02/16 09:13:00"
17566,"03/01/07 08:40:00"
17566,"02/18/97 00:00:00"
17566,"01/05/01 15:00:00"
17567,"03/01/07 10:20:00"
17567,"01/03/91 00:00:00"
17567,"01/07/11 08:35:00"
17567,"01/12/93 00:00:00"
17567,"05/30/16 14:15:00"
17571,"01/02/02 23:00:00"
17571,"11/29/84 00:00:00"
17571,"11/10/88 00:00:00"
17571,"01/03/02 09:30:00"
17572,"02/06/79 00:00:00"
17572,"11/17/10 14:45:00"
17574,"02/22/02 08:00:00"
17574,"10/23/86 00:00:00"
17574,"03/19/02 12:20:00"
17574,"11/17/10 09:30:00"
17574,"10/26/06 08:30:00"
17574,"03/09/99 23:00:00"
17574,"12/17/11 12:00:00"
17574,"03/10/99 00:00:00"
17574,"11/13/96 00:00:00"
17574,"01/15/21 13:39:00"
17574,"02/11/16 06:40:00"
17578,"02/05/03 12:00:00"
17578,"12/23/93 09:00:00"
17578,"12/29/99 09:00:00"
-191,"03/31/08 13:35:00"
-191,"01/29/02 14:25:00"
17609,"06/02/16 13:00:00"
17609,"05/30/16 22:00:00"
17610,"05/30/16 22:00:00"
17612,"01/04/18 13:46:00"
17612,"05/30/16 08:40:00"
-40,"01/03/12 13:15:00"
17576,"05/27/83 00:00:00"
17580,"12/17/74 00:00:00"
17585,"01/26/18 09:40:00"
17585,"06/02/16 13:30:00"
17589,"02/01/02 09:30:00"
17589,"03/26/01 11:20:00"
17589,"04/13/83 00:00:00"
17589,"12/15/97 00:00:00"
17589,"03/08/99 17:30:00"
17589,"02/06/80 00:00:00"
17589,"02/22/77 00:00:00"
17589,"04/02/86 00:00:00"
17589,"02/07/70 00:00:00"
17589,"02/25/69 00:00:00"
17589,"03/29/79 00:00:00"
17589,"12/08/88 00:00:00"
17589,"01/09/94 15:50:00"
17589,"03/28/88 00:00:00"
17589,"02/23/02 12:45:00"
17589,"12/29/90 00:00:00"
17589,"01/30/02 12:45:00"
17589,"12/15/97 01:00:00"
17589,"02/09/10 14:35:00"
17589,"02/28/97 01:00:00"
17589,"02/28/97 00:00:00"
17589,"01/09/94 16:35:00"
17589,"01/09/94 17:25:00"
17589,"11/15/96 00:00:00"
17589,"02/05/88 00:00:00"
17589,"02/22/00 07:50:00"
17589,"02/09/10 13:20:00"
17603,"12/17/11 09:57:00"
17603,"10/04/06 13:55:00"
17603,"11/05/14 14:45:00"
17603,"01/14/04 17:14:00"
17603,"01/15/04 09:03:00"
17603,"01/06/88 00:00:00"
17603,"02/22/02 08:46:00"
17603,"04/01/86 00:00:00"
17603,"10/17/13 13:00:00"
17615,"03/15/06 12:00:00"
17615,"01/05/67 00:00:00"
17615,"03/20/01 08:35:00"
17615,"01/18/68 00:00:00"
17615,"02/17/66 00:00:00"
17615,"03/23/88 00:00:00"
17615,"12/27/91 00:00:00"
17615,"04/03/86 00:00:00"
17615,"11/21/72 00:00:00"
17615,"05/22/70 00:00:00"
17615,"04/13/83 00:00:00"
17615,"02/03/83 00:00:00"
17615,"11/19/96 01:00:00"
17615,"01/04/03 09:00:00"
17615,"03/08/99 13:35:00"
17615,"11/19/96 00:00:00"
17615,"01/30/68 00:00:00"
17615,"01/11/94 00:00:00"
17615,"12/24/93 00:00:00"
17615,"03/02/97 00:00:00"
17615,"02/19/90 00:00:00"
17615,"12/21/82 00:00:00"
17615,"01/04/91 00:00:00"
17615,"03/30/88 00:00:00"
17615,"01/02/02 23:00:00"
17615,"11/29/84 00:00:00"
17615,"11/10/88 00:00:00"
17615,"01/03/02 09:30:00"
17615,"02/13/79 00:00:00"
17615,"03/15/06 15:00:00"
17602,"03/11/99 08:15:00"
17602,"02/23/02 10:30:00"
17602,"12/29/90 00:00:00"
17602,"11/13/13 11:38:00"
17602,"11/13/13 11:37:00"
17602,"11/15/96 10:31:00"
17602,"01/30/02 08:00:00"
17602,"03/21/95 00:00:00"
17602,"02/12/16 11:13:00"
17602,"03/23/95 00:00:00"
17602,"03/26/01 10:00:00"
-37,"02/15/90 00:00:00"
-37,"12/22/93 00:00:00"
-37,"02/26/97 00:00:00"
-267,"06/04/16 10:25:00"
-267,"06/03/16 09:20:00"
-267,"06/02/16 09:13:00"
17614,"01/26/90 00:00:00"
17614,"12/14/99 15:15:00"
17614,"02/14/02 02:50:00"
17614,"02/14/02 02:05:00"
17614,"01/05/91 00:00:00"
17614,"12/18/74 00:00:00"
17614,"02/10/88 00:00:00"
17614,"07/21/87 00:00:00"
17614,"02/02/83 00:00:00"
17614,"02/16/71 00:00:00"
17614,"02/10/70 00:00:00"
17614,"03/03/99 23:00:00"
17614,"12/19/79 00:00:00"
17614,"03/03/99 23:01:00"
17614,"01/07/11 14:40:00"
17614,"11/08/00 13:40:00"
-61,"02/05/01 23:00:00"
-61,"06/06/94 00:00:00"
17622,"01/08/55 00:00:00"
17622,"02/28/02 15:00:00"
17622,"01/04/03 14:00:00"
17622,"01/05/91 00:00:00"
17622,"12/22/93 00:00:00"
17622,"01/06/91 01:00:00"
17622,"01/06/91 00:00:00"
17622,"01/13/93 00:00:00"
17626,"12/18/03 13:30:00"
17626,"10/20/03 12:15:00"
17629,"12/22/93 00:00:00"
17629,"01/06/91 00:00:00"
17629,"01/05/91 00:00:00"
17629,"01/13/93 00:00:00"
17629,"01/04/03 14:00:00"
17629,"02/28/02 15:00:00"
17629,"01/06/91 01:00:00"
17629,"01/08/55 00:00:00"
17629,"01/10/11 12:40:00"
17629,"01/10/11 09:10:00"
