noct,nosta,cdatedeb,cdatefin,cmin,cmax,cnum,cnbpt,ccomment,ctype,cdatemaj,cdateenregistrement,cdatecreation,cminp,cmaxp,cnum3,ctest,ccommentpriv
997214,190,"02/04/21 00:00:00","12/31/21 10:00:00",300,6000,"H202121",11,,"T","04/22/22 09:44:00","05/13/22 11:19:00","05/07/20 00:00:00",,,"H202121",0,"
"
997215,190,"12/31/21 10:00:00","07/27/23 11:10:00",300,6000,"H202123",12,,"T","02/16/24 15:05:00","02/16/24 15:06:00","05/07/20 00:00:00",,,"H202123",0,"Détarage suite à la crue de décembre 2021
"
997217,191,"01/01/89 00:00:00","01/01/91 00:00:00",-220,890,"H198991",14,,"C",,"10/29/10 16:40:00",,,,,,
997218,191,"01/01/91 00:00:00","12/13/92 00:00:00",-250,760,"H199192",13,,"C",,"10/29/10 16:41:00",,,,,,
997219,191,"12/14/92 00:00:00","12/31/93 00:00:00",-290,890,"H199293",18,,"C",,"10/29/10 16:42:00",,,,,,
997220,191,"01/01/95 00:00:00","07/01/95 00:00:00",-470,1000,"H199595A",3,,"T",,"10/29/10 16:43:00","07/20/06 13:51:00",,,,,
997221,191,"07/01/95 00:00:00","10/15/95 00:00:00",-420,-197,"H199595B",3,,"T",,"10/29/10 16:44:00","07/20/06 13:53:00",,,,,
997222,191,"10/15/95 00:00:00","01/01/96 00:00:00",-380,-200,"H199596",2,,"T",,"10/29/10 16:45:00","07/24/06 14:48:00",,,,,
997223,191,"01/01/96 00:00:00","06/30/96 00:00:00",-360,1000,"H199696",3,,"T",,"10/29/10 16:46:00","07/25/06 11:02:00",,,,,
997224,191,"06/30/96 00:00:00","01/01/97 00:00:00",-470,610,"H199697",6,,"T",,"10/29/10 16:49:00","09/14/06 10:36:00",,,,,
997225,191,"01/01/97 00:00:00","06/01/97 00:00:00",-200,550,"H199797A",3,,"T",,"10/29/10 16:49:00","09/14/06 10:50:00",,,,,
997226,191,"06/01/97 00:00:00","11/01/97 00:00:00",-450,30,"H199797B",4,,"T",,"10/29/10 16:50:00","09/15/06 10:37:00",,,,,
997227,191,"11/01/97 00:00:00","12/01/98 00:00:00",-470,1170,"H199798",6,,"T",,"10/29/10 16:52:00","09/14/06 14:55:00",,,,,
997228,191,"05/01/05 00:00:00","01/01/06 00:00:00",-470,1330,"H200506",6,,"T","09/28/06 10:41:00","10/29/10 16:56:00","09/15/06 08:03:00",,,,,
997229,191,"12/01/98 00:00:00","07/05/00 15:30:00",-470,1170,"H199800",5,,"T",,"11/02/10 10:40:00","09/14/06 15:22:00",,,,,
997230,191,"07/05/00 15:30:00","01/01/02 00:00:00",-470,1180,"H200002",5,,"T",,"11/02/10 10:41:00","09/14/06 15:39:00",,,,,
997231,191,"01/01/02 00:00:00","07/22/03 19:00:00",-470,1330,"H200203",5,,"T",,"11/02/10 10:51:00","09/14/06 15:53:00",,,,,
997232,191,"07/22/03 19:00:00","05/01/05 00:00:00",-470,1330,"H200305",5,,"T",,"11/02/10 11:49:00","09/15/06 07:54:00",,,,,
997233,191,"01/10/13 00:00:00","02/11/14 14:15:00",-420,1100,"H201314",11,,"T","11/28/14 11:39:00","05/13/16 11:46:00","09/15/06 09:31:00",,,"H201314",0,
997234,191,"02/11/14 14:15:00","01/28/16 08:30:00",-500,1276,"H201416",11,,"T","05/27/16 14:43:00","05/27/16 14:44:00","09/15/06 09:31:00",,,"H201416",0,
997235,191,"01/18/12 00:00:00","01/10/13 00:00:00",-420,1315,"H201213",13,,"T","09/03/12 11:27:00","03/13/17 15:35:00","09/15/06 09:31:00",,,"H201213",0,"station à herbes cth en 2010 en 2011 et en 2012"
997236,191,"11/23/09 20:20:00","01/18/12 00:00:00",-420,1324,"H200912",13,,"T","09/03/12 11:30:00","03/13/17 15:36:00","09/15/06 09:31:00",,,"H200912",0,"station à herbes cth en 2010 en 2011 et en 2012"
997237,191,"06/11/08 00:00:00","11/23/09 20:20:00",-420,1400,"H200809",13,,"T","03/27/09 11:55:00","03/13/17 15:36:00","09/15/06 09:31:00",,,"H200809",0,"station à herbes cth en 2009"
997238,191,"06/06/07 00:00:00","06/11/08 00:00:00",-420,1400,"H200708",14,,"T","06/24/08 08:50:00","03/13/17 15:37:00","09/15/06 09:31:00",,,"H200708",0,
997239,191,"06/01/06 00:00:00","06/06/07 00:00:00",-420,1400,"H200607",14,,"T","05/02/08 08:36:00","03/13/17 15:37:00","09/15/06 09:31:00",,,"H200607",0,
997240,191,"01/01/06 00:00:00","06/01/06 00:00:00",-470,1330,"H200606",5,,"T","09/28/06 10:40:00","03/13/17 15:38:00","09/15/06 09:22:00",,,"H200606",0,
997241,191,"01/28/16 08:30:00","01/01/17 00:00:00",-500,1828,"H201617",11,,"T","05/12/17 15:16:00","05/12/17 15:16:00","05/27/16 14:30:00",,,"H201617",0,"Modification courbe suite à la crue Juin 2016."
997242,191,"01/01/17 00:00:00","04/10/18 09:45:00",-540,1708,"H201718",14,,"T","01/03/18 12:44:00","03/15/19 14:27:00","05/27/16 14:30:00",,,"H201718",0,"extrapolation hivernale."
997243,191,"04/10/18 09:45:00","09/03/19 09:30:00",-680,1708,"H201819",12,,"T","11/29/19 14:23:00","11/29/19 14:23:00","04/10/18 09:45:00",,,"H201819",0,"En bas de courbe a -68=Q=0.00m3/s."
997244,191,"10/27/20 10:00:00","10/07/21 08:00:00",-686,1640,"H202021",9,,"T","12/01/21 11:39:00","12/01/21 11:39:00","04/10/18 09:45:00",,,"H202021",0,"Niveau zero - 56cm Q= 0.000m3/s. Pour l'année 2020."
997245,191,"09/03/19 09:30:00","10/27/20 10:00:00",-680,1708,"H201920",12,,"T","10/27/20 14:48:00","04/15/22 11:59:00","04/10/18 09:45:00",,,"H201920",0,"En bas de courbe a -68=Q=0.00m3/s."
997246,191,"10/07/21 08:00:00","04/14/22 08:00:00",-686,1640,"H202122",8,,"T","04/15/22 12:13:00","04/15/22 12:13:00","04/10/18 09:45:00",,,"H202122",0,
997247,191,"04/14/22 08:00:00","05/16/23 14:20:00",-686,1640,"H202223",9,,"T","07/07/23 15:37:00","07/07/23 15:39:00","04/10/18 09:45:00",,,"H202223",0,
997249,192,"11/03/89 00:00:00","07/01/90 00:00:00",160,2380,"H198990bd",10,,"T",,"06/14/06 13:44:00","06/09/06 14:54:00",,,,,
997250,192,"07/01/90 00:00:00","09/12/90 00:00:00",160,2380,"H199090bd",10,,"T",,"06/14/06 13:44:00","06/12/06 08:32:00",,,,,
997251,192,"09/12/90 00:00:00","07/01/91 00:00:00",160,2380,"H199091bd",10,,"T",,"06/14/06 13:45:00","06/12/06 08:44:00",,,,,
997252,192,"07/01/91 00:00:00","10/01/91 00:00:00",120,2380,"H199191bd",10,,"T",,"06/14/06 14:08:00","06/12/06 08:53:00",,,,,
1179,6,"03/15/94 00:00:00","09/01/95 00:00:00",0,2500,"C9495",5,,"T",,,,,,,,
1180,6,"09/01/95 00:00:00","03/19/97 00:00:00",550,1800,"C9597",6,,"T",,,,,,,,
1183,6,"03/19/97 00:00:00","12/01/97 00:00:00",600,1800,"C9797",4,,"T",,,,,,,,
1186,6,"02/28/93 00:00:00","03/15/94 00:00:00",550,1000,"C9394",5,,"T",,,,,,,,
1188,6,"12/01/91 00:00:00","02/28/93 00:00:00",500,2500,"C9193",7,,"T",,,,,,,,
1990,6,"12/01/97 00:00:00","12/31/99 00:00:00",580,1800,"C9798",5,,"T",,,,,,,,
117727,327,"01/01/99 00:00:00","01/01/25 00:00:00",0,990,"Q190050",2,,"T",,"12/02/11 14:15:00","12/02/11 14:14:00",,,,,
120570,327,"01/01/01 00:00:00","01/01/50 00:00:00",5500,11000,"BIDON",3,,"T",,"02/16/12 14:09:00","02/16/12 14:09:00",,,,,"Courbe bidon pour bloquer dans Hydro II"
201290,199,"01/01/07 00:00:00","01/01/50 00:00:00",10,2500,"H200750",17,,"T",,"03/08/16 18:19:00","08/22/07 16:00:00",,,,,"Calcul deversoir"
343630,327,"03/01/11 00:00:00","12/31/20 00:00:00",0,1800,"H201111DB",10,,"T","06/23/16 10:41:00","01/19/18 11:30:00","06/08/11 10:30:00",,,,0,"a valider estimation"
385280,268,"01/01/98 00:00:00","01/01/29 00:00:00",160,240,"1",10,,"C",,,,,,,,
385378,349,"01/01/11 00:00:00","02/02/13 00:00:00",-4200,-1900,"P201120F",11,,"T","02/15/13 11:13:00","05/14/14 10:19:00","10/01/12 00:00:00",,,,,"la fin de validité correspond au détarage suite à la crue du 02 février 2013"
385379,349,"02/02/13 00:00:00","11/04/13 00:00:00",-4200,-1900,"P201301F",12,,"T","07/05/13 11:39:00","05/14/14 10:31:00","04/02/13 00:00:00",,,,,"le début de validité correspond au détarage suite à la crue du 02 février 2013
la fin de validité correspond au détarage suite à la crue du 04 novembre 2013"
385380,349,"11/04/13 00:00:00","12/31/20 00:00:00",-4200,-1900,"P201302F",12,,"T","07/05/13 11:39:00","05/14/14 10:34:00","04/02/13 00:00:00",,,,,"le début de validité correspond au détarage suite à la crue du 04 novembre 2013"
994986,41,"12/04/96 00:00:00","05/01/98 00:00:00",230,2450,"H199698",8,,"T",,"06/28/06 13:51:00","06/28/06 00:00:00",,,,,
994987,41,"05/01/98 00:00:00","05/21/99 00:00:00",220,2550,"H199899",8,,"T",,"06/28/06 13:53:00",,,,,,
994988,41,"01/01/95 00:00:00","12/04/96 00:00:00",200,2500,"C11014Hyd",17,,"C",,"06/28/06 14:14:00",,,,,,
994989,41,"01/01/95 00:00:00","12/04/96 00:00:00",200,2500,"C11014",15,,"T",,"06/28/06 14:34:00","06/28/06 14:34:00",,,,,
994990,41,"03/21/95 00:00:00","12/04/96 00:00:00",200,2500,"H199596Co",10,,"T",,"06/28/06 15:37:00","06/28/06 14:46:00",,,,,
994991,41,"01/28/09 00:00:00","03/01/10 00:00:00",200,2800,"H200920F",12,,"T","07/13/10 14:54:00","02/16/18 11:21:00","06/30/09 18:37:00",,,,0,"Le début de validité correspond à la crue du 28/01/2009
La fin de validité correspond à la crue du 01/03/2010"
994992,41,"07/01/05 00:00:00","04/24/08 00:00:00",200,2800,"H200520F",12,,"T","06/20/08 14:58:00","02/16/18 11:32:00","06/27/06 00:00:00",,,,0,"Le fin de validité correspond à la crue du 24/04/2008"
994993,41,"03/01/10 00:00:00","01/05/12 00:00:00",200,2800,"H201020F",16,,"T","04/23/12 16:29:00","02/16/18 11:16:00","07/13/10 14:55:00",,,,0,"Le début de validité correspond au détarage suite à la crue du 01/03/2010
Le fin de validité correspond au détarage suite à la crue du 05/01/2012"
994994,41,"01/05/12 00:00:00","02/05/13 00:00:00",200,2800,"H201220F",17,,"T","05/30/13 14:28:00","02/16/18 11:14:00","07/13/10 14:55:00",,,,0,"Le début de validité correspond détarage suite à la crue du 05/01/2012
La fin de validité correspond détarage suite à la crue du 05/02/2013"
994995,41,"02/05/13 00:00:00","05/30/16 00:00:00",200,2800,"H201320",15,,"T","11/30/15 09:37:00","02/16/18 11:08:00","09/02/13 15:00:00",,,"H201320",0,"Le début de validité correspond au détarage suite à la crue du 05/02/2013
la fin de validité correspond au détarage temporaire pendant la crue de mai-juin 2016 (encombrement du lit majeur par une végétation importante)"
994996,41,"05/30/16 00:00:00","08/21/16 00:00:00",200,2000,"H2016161",16,,"T","08/17/16 14:52:00","01/23/17 11:54:00","08/17/16 11:00:00",,,"H2016161",0,"Cette courbe est valide en htes eaux seulement pour la crue de mai-juin 2016 (crue avec de la végétation très développée dans le lit majeur, écoulement faible)
construite à partir d'une corrélation débit avec la station de perrusson"
994997,41,"04/24/08 00:00:00","01/28/09 00:00:00",200,2800,"H200820F",12,,"T","06/30/09 18:40:00","02/16/18 11:25:00","06/20/08 00:00:00",,,,0,"Le début de validité correspond à la crue du 24/04/2008
Le fin de validité correspond à la crue du 28/01/2009"
994998,41,"01/15/04 00:00:00","07/01/05 00:00:00",150,2800,"H200405",10,,"T",,"02/16/18 11:44:00","06/27/06 00:00:00",,,,0,
994999,41,"07/01/03 00:00:00","01/15/04 00:00:00",200,2800,"H200304",10,,"T",,"02/16/18 11:48:00","06/27/06 00:00:00",,,,0,
995000,41,"01/01/02 00:00:00","07/01/03 00:00:00",250,2800,"H200203",13,,"T",,"02/16/18 15:18:00",,,,,0,
995001,41,"01/01/00 00:00:00","01/01/02 00:00:00",250,2800,"H200002",8,,"T",,"02/16/18 15:27:00",,,,,0,
995002,41,"05/21/99 00:00:00","01/01/00 00:00:00",220,2800,"H199900",8,,"T",,"02/16/18 15:53:00",,,,,0,
995003,41,"08/21/16 00:00:00","02/22/18 00:00:00",200,2800,"H201618",17,,"T","08/10/18 10:41:00","10/09/18 08:39:00","11/30/15 14:00:00",,,"H201618",0,"Le début de validité correspond à un détarage en basses d'origine inconnu.
La fin de validité correspond à la dernière crue significative de la saison hivernale"
995004,41,"02/22/18 00:00:00","09/25/19 00:00:00",170,2800,"H201819",16,,"T","11/04/19 13:59:00","02/27/23 11:20:00","11/30/15 14:00:00",,,"H201819",0,"Le début de validité correspond à la dernière crue significative de la saison hivernale
le début de validité correspond à un détarage constaté après l'étiage 2019


"
995005,41,"09/25/19 00:00:00","04/15/21 12:00:00",170,2800,"H201921",14,,"T","01/26/24 14:40:00","02/05/24 15:12:00","10/31/19 11:00:00",,,"H201921",0,"le début de validité correspond à un détarage constaté après l'étiage 2019




"
995008,44,"01/01/92 00:00:00","12/31/95 00:00:00",-220,3500,"C9295",5,,"T",,,,,,,,
995009,44,"01/01/88 00:00:00","12/31/90 00:00:00",-100,3000,"C8890",6,,"T",,,,,,,,"COURBE ETUDE DIDIER DEBITS ENTRE 500 800 M3/S"
995010,44,"01/01/98 00:00:00","02/22/99 00:00:00",-200,3500,"C199899",7,,"T",,,,,,,,"coupure pendant la crue même débits sur les deux courbes"
995011,44,"01/01/52 00:00:00","06/01/55 00:00:00",-100,1000,"C5255",6,,"T",,,,,,,,
995012,44,"06/01/55 00:00:00","01/01/60 00:00:00",-100,3500,"C5560",6,,"T",,,,,,,,
995013,44,"01/01/63 00:00:00","01/01/66 00:00:00",-350,3500,"C6366",6,,"T",,,,,,,,
995014,44,"01/01/60 00:00:00","01/01/63 00:00:00",-150,3500,"C6063",6,,"T",,,,,,,,
995015,44,"01/01/66 00:00:00","12/31/70 00:00:00",-200,3500,"C6670",8,,"T",,,,,,,,
995016,44,"01/01/71 00:00:00","02/28/72 00:00:00",-250,2000,"C7172",7,,"T",,,,,,,,
995017,44,"02/22/99 00:00:00","10/05/01 00:00:00",-190,3500,"H199901",6,,"T",,,,,,,,"nouvelle courbe aprés crue

attention courbe étiage à confirmer pour 2001"
995018,44,"10/05/01 00:00:00","07/20/04 12:00:00",-430,5200,"H200110R",5,,"T","12/05/03 15:12:00","10/21/04 11:39:00","12/05/03 15:10:00",,,,,
995019,44,"07/20/04 12:00:00","10/28/04 12:00:00",-150,4000,"H200405G",4,,"T","04/26/05 16:32:00","03/28/06 13:15:00","04/26/05 16:32:00",,,,,"new courbe jaugeage 19/04/2005 1210 m3/s"
995020,44,"10/28/04 12:00:00","04/12/06 00:00:00",-400,5000,"H200426R",6,,"T","07/13/05 08:11:00","07/31/06 15:11:00","07/13/05 08:11:00",,,,,
995021,44,"10/05/01 00:00:00","07/20/04 12:00:00",-430,5200,"brunelle",6,,"T","12/05/03 15:12:00","03/20/08 10:46:00","12/05/03 15:10:00",,,,,
995022,44,"04/12/06 00:00:00","04/01/07 00:00:00",-300,5000,"H200607",7,,"T","07/07/08 17:58:00","07/07/08 17:59:00","06/26/06 00:00:00",,,,,"courbe en attente

a voir pour cette été"
995023,44,"04/01/07 00:00:00","07/01/08 00:00:00",-400,5400,"H200708R",6,,"T",,"12/18/08 09:57:00","12/18/08 09:57:00",,,,,
995024,44,"07/01/08 00:00:00","01/08/12 14:00:00",-430,5400,"H200812",7,,"T","11/10/11 11:20:00","02/03/12 10:45:00","12/18/08 09:59:00",,,,,
995025,44,"01/08/12 14:00:00","04/25/15 12:00:00",-430,5400,"H201215",8,,"T","07/03/15 10:22:00","05/27/16 15:53:00","01/08/12 14:00:00",,,"H201215",0,"Nouvelle courbe suite pique janvier 2012."
995026,44,"04/25/15 12:00:00","11/25/16 08:00:00",-430,5400,"H201516",10,,"T","11/21/18 09:35:00","11/21/18 09:35:00","03/10/17 00:00:00",,,"H201516",0,
995027,44,"11/25/16 08:00:00","01/24/18 19:30:00",-430,5400,"H201618",11,,"T","02/25/19 11:29:00","02/26/19 14:58:00","03/10/17 00:00:00",,,"H201618",0,
995028,44,"01/24/18 19:30:00","09/13/18 22:00:00",-430,5400,"H201818",11,,"T","02/28/19 09:33:00","02/28/19 09:50:00","02/28/18 09:28:00",,,"H201818",0,"Courbe modifiée moyennes eaux et étiage suite crue du 24 janvier 2018"
995029,44,"09/13/18 22:00:00","12/26/19 05:00:00",-430,5400,"H201819",11,,"T","08/30/19 10:48:00","07/02/20 09:01:00","02/28/18 09:30:00",,,"H201819",0,"Courbe modifiée moyennes eaux et étiage suite nettoyage ilôts et berges."
995030,44,"12/26/19 05:00:00","02/04/21 21:00:00",-300,4000,"H201921",13,,"T","02/22/23 17:11:00","02/22/23 18:02:00","02/28/18 09:30:00",,,"H201921",0,
995031,44,"02/04/21 21:00:00","11/10/23 05:00:00",-96,1116,"H202150",17,,"T","04/21/23 08:46:00","02/12/24 16:17:00","06/03/22 15:00:00",,,"H202150",0,"-MODIF suite crue de fevrier 2021"
995034,44,"11/10/23 05:00:00","12/16/23 00:00:00",-96,1116,"H202323",8,,"T","04/29/24 14:06:00","04/29/24 14:07:00",,,,"H202323",0,
995035,45,"01/01/60 00:00:00","12/31/64 00:00:00",-1400,3400,"C6064",5,,"T",,,,,,,,
995036,45,"01/01/65 00:00:00","12/31/66 00:00:00",-1400,2600,"C6566",5,,"T",,,,,,,,
995037,45,"01/01/67 00:00:00","03/31/69 00:00:00",-1300,3400,"C6769",4,,"T",,,,,,,,
995038,45,"04/01/69 00:00:00","12/31/70 00:00:00",-1200,3400,"C6970",5,,"T",,,,,,,,
995039,45,"01/01/71 00:00:00","12/31/72 00:00:00",-1200,3400,"C7172",5,,"T",,,,,,,,
995040,45,"01/01/73 00:00:00","04/15/75 00:00:00",-1300,3400,"C7375",6,,"T",,,,,,,,
995041,45,"04/15/75 00:00:00","12/31/77 00:00:00",-1600,3400,"C7577",5,,"T",,,,,,,,
995042,45,"01/01/78 00:00:00","08/15/79 00:00:00",-1300,3400,"C7879",4,,"T",,,,,,,,
995043,45,"08/15/79 00:00:00","12/31/82 00:00:00",-1200,3400,"C7982",5,,"T",,,,,,,,
995044,45,"01/01/83 00:00:00","12/31/84 00:00:00",-1200,3400,"C8384",5,,"T",,,,,,,,
995045,45,"01/01/85 00:00:00","12/31/85 00:00:00",-1250,3400,"C8585",5,,"T",,,,,,,,
995046,45,"01/01/86 00:00:00","03/01/87 00:00:00",-1150,3400,"C8687",5,,"T",,,,,,,,
995047,45,"03/01/87 00:00:00","12/31/88 00:00:00",-1000,3400,"C8788",5,,"T",,,,,,,,
995048,45,"01/01/89 00:00:00","12/31/89 00:00:00",-1000,3400,"C8989",6,,"T",,,,,,,,
995049,45,"01/01/90 00:00:00","08/31/91 00:00:00",-1100,3400,"C9091",5,,"T",,,,,,,,
995050,45,"09/01/91 00:00:00","07/01/97 00:00:00",-1150,3400,"C9197",5,,"T",,,,,,,,"travaux début juin 1997"
995051,45,"07/01/97 00:00:00","01/10/00 00:00:00",-1100,3400,"C9700",6,,"T",,,,,,,,"travaux début juin 1997
travaux en été 1998
reprise de la station aprés le 10/01/2000"
995052,45,"01/10/00 12:00:00","12/06/03 00:00:00",-1500,7000,"H200010R",10,,"T",,"11/04/04 18:58:00","12/08/03 17:58:00",,,,,
995053,45,"01/10/00 12:00:00","12/06/03 00:00:00",-1500,7000,"H200010R2",10,,"T","11/04/04 18:58:00","12/10/08 10:23:00","12/08/03 17:58:00",,,,,
995054,45,"06/18/07 10:00:00","11/08/08 10:00:00",-1450,7000,"H200708g",10,,"T","08/11/08 15:06:00","12/28/11 10:19:00","04/10/08 00:00:00",,,,,"nouvelle courbe provisoire
A CONFIRMER"
995055,45,"02/21/06 00:00:00","11/15/06 00:00:00",-1450,7000,"H200606P",10,,"T","03/23/07 09:53:00","12/28/11 10:21:00","07/03/06 00:00:00",,,,,"nouvelle courbe provisoire"
995056,45,"12/06/03 00:00:00","02/21/06 00:00:00",-1450,7000,"H200306G",10,,"T","07/29/05 10:06:00","12/28/11 10:22:00","07/07/04 06:31:00",,,,,"nouvelle courbe"
995057,45,"11/15/06 00:00:00","06/18/07 10:00:00",-1450,7000,"H200607",49,,"C",,"12/28/11 10:28:00",,,,,,"nouvelle courbe provisoire A CONFIRMER"
995058,45,"11/08/08 10:00:00","01/08/11 08:00:00",-1450,7000,"H200811R",10,,"T","12/15/11 11:27:00","12/28/11 10:32:00","04/10/08 00:00:00",,,,,"nouvelle courbe provisoire
A CONFIRMER"
995059,45,"01/08/11 08:00:00","05/07/13 18:00:00",-1450,7000,"H201113",10,,"T","07/05/13 14:48:00","11/25/13 13:39:00","04/10/08 00:00:00",,,,,"
"
995060,45,"05/07/13 18:00:00","05/05/15 15:00:00",-1450,7000,"H201315",13,,"T","08/05/15 09:30:00","08/05/15 09:30:00","02/11/14 00:00:00",,,,,"nouvelle courbe provisoire suite travaux pont : "
995061,45,"05/05/15 15:00:00","06/04/16 15:30:00",-1450,7000,"H201516",13,,"T","10/20/16 17:19:00","10/20/16 17:19:00","08/04/15 00:00:00",,,"H201516",0,"nouvelle courbe étiage"
995062,45,"06/04/16 15:30:00","02/04/18 12:00:00",-1450,7000,"H201618",12,,"T","03/19/18 16:23:00","03/21/18 17:32:00","08/04/17 00:00:00",,,"H201618",0,
995063,45,"02/04/18 12:00:00","05/30/18 11:00:00",-1450,7000,"H201818",14,,"T","08/23/19 14:49:00","10/23/19 10:53:00","02/16/18 00:00:00",,,"H201818",0,
995064,45,"05/30/18 11:00:00","09/05/19 05:00:00",-1450,7000,"H201819",14,,"T","07/02/20 09:18:00","04/13/22 14:29:00","02/16/18 00:00:00",,,"H201819",0,
995067,46,"01/01/83 00:00:00","12/31/84 00:00:00",400,3000,"C8384",6,,"T",,,,,,,,
995068,46,"01/01/85 00:00:00","06/30/86 00:00:00",200,4200,"C8586",4,,"T",,,,,,,,
995069,46,"10/25/94 00:00:00","05/01/98 00:00:00",450,4200,"C199598",10,,"T",,,,,,,,"travaux début juin 1997 pt royal
jaugeage du 16/12/1997 bon pour la courbe
"
995070,46,"12/15/93 00:00:00","10/25/94 00:00:00",200,4000,"C9394",5,,"T",,,,,,,,
995071,46,"07/01/86 00:00:00","12/15/89 00:00:00",200,4000,"C8689",5,,"T",,,,,,,,
995072,46,"12/15/89 00:00:00","10/01/90 00:00:00",100,4000,"C8990",5,,"T",,,,,,,,
995073,46,"10/01/90 00:00:00","12/15/93 00:00:00",0,4000,"C9093",6,,"T",,,,,,,,"COURBE DIFFICILE DONC MOYENNE"
995074,46,"05/01/98 00:00:00","10/17/01 00:00:00",300,4500,"C199804",6,,"T",,"12/18/03 16:51:00",,,,,,"fin travaux pont royal fin 1997


attention courbe à confirmer dans les débits 250 à 800 m3/s"
995075,46,"04/05/08 00:00:00","01/08/11 08:00:00",400,4000,"C200811R",8,,"T","12/15/11 11:18:00","12/28/11 09:34:00","04/10/08 00:00:00",,,,,"nouvelle courbe aprés travaux
redémarage de la station"
995076,46,"10/17/01 00:00:00","12/31/05 00:00:00",500,4000,"C200205",7,,"T","02/21/06 18:08:00","12/28/11 09:56:00",,,,,,
995077,46,"12/31/05 00:00:00","04/01/07 00:00:00",500,4000,"C200507P",5,,"T","12/18/03 16:51:00","12/28/11 09:56:00",,,,,,
995078,46,"01/08/11 08:00:00","05/07/13 18:00:00",400,4000,"C201113",8,,"T","07/05/13 14:50:00","11/25/13 13:42:00","04/10/08 00:00:00",,,,,
995079,46,"05/05/15 15:00:00","06/04/16 15:30:00",400,4000,"C201516",7,,"T","07/28/16 10:30:00","03/10/17 11:31:00","08/04/15 00:00:00",,,"C201516",0,
995080,46,"05/07/13 18:00:00","05/05/15 15:00:00",400,4000,"H201315",8,,"T","08/05/15 09:49:00","03/10/17 11:32:00","02/11/14 00:00:00",,,"H201315",0,
995081,46,"06/04/16 15:30:00","11/27/16 12:30:00",400,4000,"C201616",9,,"T","12/14/17 09:39:00","12/14/17 09:39:00","08/04/15 00:00:00",,,"C201616",0,
995082,46,"11/27/16 12:30:00","06/17/20 13:00:00",400,4000,"C201620",12,,"T","07/09/20 15:54:00","08/07/20 11:28:00","08/04/15 00:00:00",,,"C201620",0,
995084,48,"02/07/21 00:00:00","01/02/22 08:00:00",-1300,5000,"H202122",10,,"T","10/11/22 09:28:00","10/11/22 09:29:00","06/24/21 15:00:00",,,"H202122",0,"Le début de validité correspond à un détarage suite à la crue 07/02/2021"
995085,48,"01/01/72 00:00:00","12/31/73 00:00:00",-700,2500,"C7273",4,,"T",,,,,,,,
995086,48,"01/01/74 00:00:00","01/31/75 00:00:00",-1000,3600,"C7475",5,,"T",,,,,,,,
995087,48,"11/01/84 00:00:00","12/31/86 00:00:00",-1000,3600,"C8486",3,,"T",,,,,,,,
995088,48,"01/01/87 00:00:00","12/31/90 00:00:00",-1000,3600,"C8790",4,,"T",,,,,,,,
995089,48,"01/01/80 00:00:00","12/31/82 00:00:00",-1000,4200,"C8082",4,,"T",,,,,,,,
995090,48,"01/01/91 00:00:00","04/01/93 00:00:00",-940,3470,"C9193",7,,"T",,,,,,,,
995091,48,"01/25/97 00:00:00","06/15/00 00:00:00",-1150,4000,"H199700",5,,"T",,,,,,,,"nouvelle courbe aprés fin des travaux pour le nouveau pont en aval"
995092,48,"11/01/01 00:00:00","12/09/02 12:00:00",-1200,3500,"H200102",6,,"T",,,,,,,,"Attention courbe provisoire (267-270 jaugeages ---10cm)"
995093,48,"10/30/94 00:00:00","05/15/96 00:00:00",-1000,4000,"H199496",6,,"T",,"01/12/05 15:46:00","01/12/05 15:13:00",,,,,
995094,48,"04/01/93 00:00:00","10/30/94 00:00:00",-1100,2500,"C9394",12,,"C",,"01/12/05 17:17:00",,,,,,
995095,48,"12/09/03 00:00:00","01/18/05 00:00:00",-1300,5000,"H200405T",10,,"T","02/09/06 10:03:00","02/09/06 10:47:00","07/30/04 15:43:00",,,,,
995096,48,"01/26/06 00:00:00","03/06/07 12:00:00",-1300,5000,"H200627G",7,,"T","03/31/09 12:45:00","03/31/09 12:45:00","06/28/06 00:00:00",,,,,"La fin de validité correspond à la crue du 06 mars 2007"
995097,48,"01/01/94 00:00:00","10/30/94 00:00:00",-1000,3500,"C10606",10,,"C",,,,,,,,
995098,48,"05/15/96 00:00:00","01/25/97 00:00:00",-1200,4100,"C9698",17,,"C",,,,,,,,
995099,48,"06/15/00 00:00:00","11/01/01 00:00:00",-1200,3500,"H200004",35,,"C",,,,,,,,
995100,48,"12/09/02 12:00:00","12/09/03 00:00:00",-1390,6500,"H200207R",45,,"C",,,,,,,,
995101,48,"01/18/05 00:00:00","01/26/06 00:00:00",-1300,5000,"H200405P",48,,"C",,,,,,,,"attention courbe provisoire barrage baissé définitivement en été 2005"
995102,48,"03/01/10 00:00:00","12/26/12 00:00:00",-1300,5000,"H201020F",7,,"T","02/15/13 11:04:00","06/17/13 15:53:00","05/03/10 13:12:00",,,,,"le début de validité correspond au détarage suite à la crue du 01/03/2010
La fin de validité correspond au détarage suite à la crue du 26/12/2012"
995103,48,"12/26/12 00:00:00","01/24/14 00:00:00",-1300,5000,"H201220",8,,"T","02/21/14 14:24:00","10/06/14 11:24:00","06/17/13 15:00:00",,,,,"le début de validité correspond au détarage suite à la crue du 26/12/2012
La fin de validité correspond au détarage suite à la crue du 24/01/2014"
995104,48,"01/24/14 00:00:00","09/24/15 00:00:00",-1300,5000,"H201420",10,,"T","09/28/15 14:33:00","11/16/15 15:04:00","10/06/14 11:00:00",,,,,"le début de validité correspond au détarage suite à la crue du 24/01/2014"
995105,48,"09/24/15 00:00:00","06/18/16 00:00:00",-1300,5000,"H201520",8,,"T","12/22/15 10:45:00","07/25/16 10:24:00","11/16/15 14:55:00",,,"H201520",0,"le début de validité correspond au détarage suite à la crue de Juin 2016"
995106,48,"03/06/07 12:00:00","11/03/08 00:00:00",-1300,5000,"H200720F",6,,"T","08/31/09 17:21:00","01/06/17 13:26:00","09/04/08 00:00:00",,,,0,"le début de validité correspond au détarage suite à la crue du 06 mars 2007
la fin de validité correspond au détarage suite à la crue du 09/11/2008"
995107,48,"11/03/08 00:00:00","03/01/10 00:00:00",-1300,5000,"H200820F",8,,"T","05/03/10 13:22:00","01/06/17 13:27:00","08/31/09 16:38:00",,,,0,"le début de validité correspond à la crue du 09/11/2008
la fin de validité correspond à la crue du 01/03/2010"
995108,48,"06/18/16 00:00:00","01/10/18 13:00:00",-1300,5000,"H201618",9,,"T","08/03/18 12:03:00","10/28/19 16:35:00","07/25/16 14:55:00",,,"H201618",0,"le début de validité correspond au détarage suite à la crue de Juin 2016
la fin de validité correspond au détarage suite à la crue de Janvier 2018"
995109,48,"05/18/19 15:00:00","12/28/19 00:00:00",-1300,5000,"H2019191",9,,"T","04/07/20 10:31:00","01/08/21 17:24:00","10/28/19 15:00:00",,,"H2019191",0,"Le début de validité correspond au détarage d'origine inconnue
La fin de validité correspond à un détarage suite à la crue 28/12/2019"
995110,48,"12/28/19 00:00:00","02/07/21 00:00:00",-1300,5000,"H201921",12,,"T","01/08/21 17:20:00","06/24/21 15:13:00","08/03/18 12:00:00",,,"H201921",0,"Le début de validité correspond à un détarage suite à la crue 28/12/2019
La fin de validité correspond à un détarage suite à la crue 07/02/2021"
995111,48,"01/02/22 08:00:00","06/28/23 00:00:00",-1300,5000,"H202223",9,,"T","10/11/22 09:22:00","11/24/23 15:33:00","06/24/21 15:00:00",,,"H202223",0,"Le début de validité correspond à un détarage suite à la crue 02/01/2022 1550 m3/s"
995113,49,"01/01/95 00:00:00","01/01/97 00:00:00",-1300,4000,"C10637",18,,"C",,,,,,,," "
995114,49,"07/10/90 00:00:00","12/31/91 00:00:00",-1150,4500,"C9091",4,,"T",,,,,,,,
995115,49,"01/01/85 00:00:00","06/15/88 00:00:00",-1000,4400,"C8588",6,,"T",,,,,,,,
995116,49,"06/15/88 00:00:00","07/10/90 00:00:00",-1100,4500,"C8890",5,,"T",,,,,,,,"fin des travaux sous le pont. nouveau lit propre"
995117,49,"01/01/97 00:00:00","02/25/99 00:00:00",-1300,4000,"C9799",4,,"T",,,,,,,,"détrage aprés la crue fevrier 99"
995118,49,"02/25/99 00:00:00","07/26/00 00:00:00",-1300,4400,"H199900",5,,"T",,,,,,,,
995119,49,"07/26/00 00:00:00","11/01/01 00:00:00",-1100,4400,"H200001",6,,"T",,,,,,,,"coupure le 26/07/2000 car les débits des deux courbes sont semblabent dans cette gamme de hauteurs (jaugeages ce jours là)"
995120,49,"12/09/02 15:00:00","12/09/03 00:00:00",-1700,4400,"H200105R",7,,"T",,"05/27/04 16:55:00",,,,,,"COURBE PROVISOIRE   confirmer son étiage"
995121,49,"11/01/01 00:00:00","12/09/02 15:00:00",-1300,4000,"H200105",4,,"T",,"01/13/05 15:22:00",,,,,,
995122,49,"12/09/03 00:00:00","11/01/04 00:00:00",-1500,4500,"H200304",5,,"T","09/23/05 11:03:00","12/07/05 11:01:00","05/27/04 16:58:00",,,,,"NOUVELLE COURBE SUITE A LA CRUE DE DECEMBRE
ATTENTION EN DESSOUS DE 200 M/3S PROVISOIRE"
995123,49,"11/01/04 00:00:00","12/06/05 00:00:00",-1500,4500,"H200506",6,,"T","01/19/06 16:23:00","06/25/07 17:10:00","09/23/05 00:00:00",,,,,"NOUVELLE COURBE SUITE A LA CRUE DE DECEMBRE
ATTENTION EN DESSOUS DE 200 M/3S PROVISOIRE"
995124,49,"11/09/08 12:00:00","03/01/10 00:00:00",-1500,4500,"H200820F",6,,"T","05/03/10 14:30:00","05/03/10 14:31:00","07/10/09 14:16:00",,,,,"le début de validité correspond au détarage suite à la crue du 09/11/2008
le fin de validité correspond au détarage suite à la crue du 01/03/2010"
995125,49,"01/01/94 00:00:00","01/01/95 00:00:00",-1300,3100,"C10636",10,,"C","09/16/11 16:10:00","09/16/11 16:10:00",,,,,," "
995126,49,"12/27/10 00:00:00","11/08/11 00:00:00",-1500,4500,"H201021F",8,,"T","11/13/12 11:48:00","11/13/12 11:48:00","05/27/11 14:00:00",,,,,"le début de validité correspond au détarage suite à la crue du 27/12/2010
La fin de validité correspond au détarage suite à la crue du 10/11/2011"
995127,49,"11/08/11 00:00:00","05/08/13 00:00:00",-1500,4500,"H201120F",9,,"T","08/19/13 10:07:00","12/20/13 15:07:00","11/18/11 11:30:00",,,,,"le début de validité correspond au détarage suite à la crue du 10/11/2011
la fin de validité correspond au détarage suite à la crue du 08/05/2013"
995128,49,"03/01/10 00:00:00","12/27/10 00:00:00",-1500,4500,"H201020F",8,,"T","05/27/11 14:38:00","12/26/13 14:17:00","05/03/10 14:09:00",,,,,"le début de validité correspond au détarage suite à la crue du 01/03/2010
la fin de validité correspond au détarage suite à la crue du 27/12/2010"
995129,49,"05/08/13 00:00:00","01/24/14 00:00:00",-1500,4500,"H201320",8,,"T","03/28/14 15:05:00","10/06/14 09:28:00","12/20/13 14:30:00",,,,,"le début de validité correspond au détarage suite à la crue du 08/05/2013
La fin de validité correspond au détarage suite à la crue du 24/01/2014"
995130,49,"01/24/14 00:00:00","05/06/15 00:00:00",-1500,4500,"H201420",8,,"T","10/06/14 09:20:00","07/10/15 16:07:00","12/20/13 14:30:00",,,,,"le début de validité correspond au détarage suite à la crue du 24/01/2014
la fin de validité correspond au détarage suite à la crue du 06/05/2015"
995131,49,"12/06/05 00:00:00","03/04/07 00:00:00",-1500,4500,"H200506G",6,,"T","09/09/08 15:40:00","02/09/17 14:02:00","08/03/06 00:00:00",,,,0,"NOUVELLE COURBE SUITE A LA CRUE DE DECEMBRE
"
995132,49,"03/04/07 00:00:00","11/09/08 12:00:00",-1500,4500,"H200720F",6,,"T","07/10/09 14:33:00","02/09/17 14:02:00","08/03/06 00:00:00",,,,0,"le début de validité correspond au détarage suite à la crue du 06/03/2007
le fin de validité correspond au détarage suite à la crue du 09/11/2008"
995133,49,"03/10/17 00:00:00","01/10/18 00:00:00",-1500,4500,"H201718",7,,"T","08/23/18 08:49:00","08/27/18 10:36:00","08/17/17 15:00:00",,,"H201718",0,"le début de validité correspond au détarage suite à la crue du 10/03/2017
la fin de validité correspond au détarage suite à la crue du 10/01/2018"
995134,49,"05/06/15 00:00:00","06/04/16 00:00:00",-1500,4500,"H201520",8,,"T","07/10/15 16:04:00","12/09/19 16:15:00","07/10/15 16:00:00",,,"H201520",0,"le début de validité correspond au détarage suite à la crue du 06/05/2015"
995135,49,"06/04/16 00:00:00","03/10/17 00:00:00",-1500,4500,"H201620",7,,"T","04/27/17 14:42:00","12/09/19 16:19:00","07/25/16 16:00:00",,,"H201620",0,"le début de validité correspond au détarage suite à la crue du 03/06/2016
la fin de validité correspond au détarage suite à la crue du 10/03/2017"
995136,49,"01/10/18 00:00:00","03/04/19 12:00:00",-1700,4500,"H201819",7,,"T","05/27/19 16:16:00","04/08/20 09:10:00","08/08/18 15:23:00",,,"H201819",0,"le début de validité correspond au détarage suite à la crue du 10/01/2018
La fin de validité correspond à fin des petites montées hivernales
"
995137,49,"03/04/19 12:00:00","03/10/20 00:00:00",-1700,4500,"H201920",7,,"T","04/08/20 09:08:00","06/03/20 11:01:00","10/28/19 14:00:00",,,"H201920",0,"le début de validité correspond au détarage suite aux petites montées hivernales
la fin de validité correspond au détarage suite aux petites crues hivernales

"
995138,49,"03/10/20 00:00:00","12/01/20 00:00:00",-1700,4500,"H2020201",7,,"T","08/14/20 13:17:00","12/18/20 13:35:00","06/03/20 10:00:00",,,"H2020201",0,"le début de validité correspond au détarage suite aux petites crues hivernales
La fin de validité correspond à un détarage d'origine inconnu
"
995139,49,"12/01/20 00:00:00","07/02/21 12:00:00",-1700,4500,"H202021",6,,"T","02/15/21 16:58:00","08/09/21 14:20:00","12/18/20 10:00:00",,,"H202021",0,"le début de validité correspond à un détarage d'origine inconnu
la fin de validité correspond à un détarage suite à une petite crue
"
995140,49,"07/02/21 12:00:00","01/15/23 00:01:00",-1700,4500,"H202123",7,,"T","09/08/21 14:23:00","04/17/23 15:39:00","08/09/21 13:30:00",,,"H202123",0,"le début de validité correspond à un détarage suite à une petite crue

"
995142,49,"01/15/23 00:02:00","09/01/23 00:01:00",-1700,4500,"H202323",7,"arrêt publication Q au 01/09/2023 pour cause végétation","T","09/14/23 14:15:00","11/24/23 15:34:00","04/17/23 15:00:00",,,"H202323",0,"le début de validité correspond à un détarage suite à une petite crue janvier 2023

"
995143,50,"01/01/08 00:00:00","06/01/09 00:00:00",170,300,"H200820F",6,,"T","12/14/10 15:45:00","12/14/10 15:45:00","03/30/09 15:42:00",,,,,
995144,50,"06/01/09 00:00:00","11/01/10 00:00:00",170,300,"H200920F",9,,"T","12/14/10 15:49:00","03/28/11 12:21:00","08/31/09 11:32:00",,,,,
995145,50,"11/01/10 00:00:00","02/02/13 00:00:00",170,700,"H201020F",10,,"T","03/28/11 12:15:00","04/25/13 16:43:00","03/28/11 12:00:00",,,,,"la finde validité correspond au détarage suite à la crue du 02/02/2013"
995146,50,"02/02/13 00:00:00","11/09/17 12:00:00",170,850,"H201320",10,,"T","07/15/15 10:20:00","11/27/17 13:58:00","04/25/13 00:00:00",,,,0,"le début de validité correspond au détarage suite à la crue du 02/02/2013
La fin de validité correspond au début des observations avec le seuil de contrôle en IPN"
995147,50,"11/09/17 12:00:00","12/31/22 23:59:00",350,400,"H201720",2,,"T","11/27/17 14:26:00","11/27/17 14:26:00","11/27/17 13:00:00",,,,0,"le début de validité correspond au début des observations avec le seuil de contrôle en IPN"
995168,53,"12/02/03 00:00:00","02/01/05 00:00:00",70,3600,"H200305",11,,"T","12/12/05 15:17:00","03/21/13 11:03:00","01/04/05 13:10:00",,,,,
995169,53,"01/01/01 00:00:00","01/01/12 00:00:00",-40,5600,"complete",4,,"T","12/14/10 11:54:00","12/14/10 16:02:00","12/14/10 11:46:00",,,,,"extrapolation au dessus de 330 avec jaugeages jusqu'en 2010"
995170,53,"01/08/75 00:00:00","07/01/77 00:00:00",-70,3900,"H197577",8,,"T",,"12/14/10 18:01:00","12/14/10 17:18:00",,,,,
995171,53,"01/01/74 00:00:00","01/08/75 00:00:00",-70,3900,"H197475",8,,"T",,"12/14/10 18:05:00","12/14/10 17:18:00",,,,,
995172,53,"01/01/88 00:00:00","05/31/89 18:00:00",-10,4000,"H198889",7,,"T","12/14/10 11:54:00","12/15/10 14:36:00","12/14/10 11:46:00",,,,,"extrapolation au dessus de 330 avec jaugeages jusqu'en 2010"
995173,53,"10/30/89 12:00:00","08/09/91 15:00:00",-10,4000,"H198991",8,,"T","12/14/10 11:54:00","12/15/10 15:11:00","12/14/10 11:46:00",,,,,"extrapolation au dessus de 330 avec jaugeages jusqu'en 2010"
995174,53,"05/31/89 18:00:00","10/30/89 12:00:00",-10,4000,"H198989",8,,"T","12/14/10 11:54:00","12/15/10 15:14:00","12/14/10 11:46:00",,,,,"extrapolation au dessus de 330 avec jaugeages jusqu'en 2010"
995175,53,"05/21/93 15:00:00","12/30/93 00:00:00",-10,4000,"H199393",8,,"T","12/14/10 11:54:00","12/15/10 15:23:00","12/14/10 11:46:00",,,,,"extrapolation au dessus de 330 avec jaugeages jusqu'en 2010"
995176,53,"12/06/92 00:00:00","05/21/93 15:00:00",-10,4000,"H199293",7,,"T","12/14/10 11:54:00","12/15/10 15:38:00","12/14/10 11:46:00",,,,,"extrapolation au dessus de 330 avec jaugeages jusqu'en 2010"
995177,53,"01/01/68 00:00:00","02/24/70 13:00:00",-70,3900,"H196870",10,,"T",,"12/15/10 15:48:00","12/14/10 17:18:00",,,,,
995178,53,"02/24/70 13:00:00","10/11/72 20:30:00",-70,3900,"H197072",10,,"T",,"12/15/10 16:12:00","12/14/10 17:18:00",,,,,
995179,53,"10/11/72 20:30:00","01/01/74 00:00:00",-70,3900,"H197274",10,,"T",,"12/15/10 16:12:00","12/14/10 17:18:00",,,,,
995180,53,"07/01/77 00:00:00","09/09/78 06:00:00",-70,3900,"H197778",8,,"T",,"12/15/10 16:23:00","12/14/10 17:18:00",,,,,
995181,53,"09/09/78 06:00:00","09/22/80 00:00:00",-70,3900,"H197880",7,,"T",,"12/15/10 16:23:00","12/14/10 17:18:00",,,,,
995182,53,"03/22/01 06:00:00","09/15/01 07:30:00",80,3650,"H200101",9,,"T","09/06/10 10:08:00","12/16/10 11:51:00",,,,,,
995183,53,"09/15/01 07:30:00","05/03/03 15:00:00",80,3500,"H200103",7,,"T","09/06/10 10:07:00","12/16/10 11:51:00",,,,,,
995184,53,"02/01/05 00:00:00","01/23/07 12:00:00",70,3500,"H200507",8,,"T","09/06/10 10:03:00","12/16/10 11:55:00","07/25/06 00:00:00",,,,,
995185,53,"12/30/93 00:00:00","09/18/96 00:00:00",40,3650,"H199396",9,,"T","09/06/10 10:17:00","12/16/10 12:22:00",,,,,,
995186,53,"01/01/86 00:00:00","09/19/86 14:00:00",-40,4000,"H198686",4,,"T","12/14/10 11:54:00","12/15/10 16:31:00","12/14/10 11:46:00",,,,,"extrapolation au dessus de 330 avec jaugeages jusqu'en 2010"
995187,53,"09/19/86 14:00:00","01/01/88 00:00:00",-40,4000,"H198688",6,,"T","12/14/10 11:54:00","12/15/10 16:31:00","12/14/10 11:46:00",,,,,"extrapolation au dessus de 330 avec jaugeages jusqu'en 2010"
995188,53,"08/09/91 15:00:00","12/06/92 00:00:00",-10,4000,"H199192",9,,"T","12/14/10 11:54:00","12/15/10 16:43:00","12/14/10 11:46:00",,,,,"extrapolation au dessus de 330 avec jaugeages jusqu'en 2010"
995189,53,"09/22/80 00:00:00","07/22/81 06:00:00",-70,3900,"H198081",7,,"T",,"12/15/10 18:09:00","12/14/10 17:18:00",,,,,
995190,53,"07/22/81 06:00:00","08/27/83 03:00:00",-70,3900,"H198183",7,,"T",,"12/15/10 18:27:00","12/14/10 17:18:00",,,,,
995191,53,"08/27/83 03:00:00","01/01/86 00:00:00",-40,4000,"H198386",6,,"T","12/14/10 11:54:00","12/15/10 18:28:00","12/14/10 11:46:00",,,,,"extrapolation au dessus de 330 avec jaugeages jusqu'en 2010"
995192,53,"03/15/99 00:00:00","07/01/00 00:00:00",90,3990,"H199900",11,,"T","09/06/10 10:13:00","12/16/10 11:45:00",,,,,,"Arche débouchée en rive gauche"
995193,53,"07/01/00 00:00:00","03/22/01 06:00:00",90,3700,"H200001",13,,"T","09/06/10 10:10:00","12/16/10 11:50:00",,,,,,
995194,53,"05/13/98 00:00:00","03/15/99 00:00:00",150,3650,"H199899",7,,"T","09/06/10 10:14:00","12/16/10 12:16:00",,,,,,
995195,53,"09/18/96 00:00:00","05/13/98 00:00:00",10,3600,"H199698",9,,"T","09/06/10 10:16:00","12/17/10 17:10:00",,,,,,
995196,53,"05/03/03 15:00:00","12/02/03 00:00:00",70,3690,"H200303",8,,"T","03/21/12 11:13:00","02/17/14 14:00:00","01/14/03 00:00:00",,,,,
995197,53,"01/17/11 19:00:00","01/06/12 00:00:00",70,3600,"H201112",10,,"T","10/26/10 11:35:00","03/06/17 11:47:00","03/19/09 00:00:00",,,"H201112",0,
995198,53,"01/06/12 00:00:00","11/05/14 10:30:00",70,3600,"H201214",12,,"T","03/06/17 10:00:00","03/06/17 12:12:00","01/06/12 12:00:00",,,"H201214",0,"
"
995199,53,"11/05/14 10:30:00","05/29/16 12:00:00",70,3600,"H201416",11,,"T","03/06/17 10:30:00","03/06/17 12:15:00","01/06/12 12:00:00",,,"H201416",0,"
"
995200,53,"05/29/16 12:00:00","11/23/16 12:00:00",70,3600,"H201616",10,,"T","07/17/17 16:27:00","07/17/17 16:27:00","10/10/16 12:00:00",,,"H201616",0,
995201,53,"11/23/16 12:00:00","01/21/18 12:00:00",70,3600,"H201618",10,,"T","07/31/18 14:41:00","09/03/18 16:22:00","07/17/17 18:00:00",,,"H201618",0,
995202,53,"01/21/18 12:00:00","10/13/19 12:00:00",70,3600,"H201819",13,,"T","08/09/19 10:22:00","12/13/19 10:48:00","07/31/18 14:00:00",,,"H201819",0,
995203,53,"01/24/09 01:00:00","01/17/11 19:00:00",70,3600,"H200911",8,,"T","11/02/20 14:42:00","11/02/20 14:42:00","03/19/09 00:00:00",,,"H200911",0,"changement suite crue 03/11/2008
Modification ct suite validation historique AA"
995204,53,"01/23/07 12:00:00","01/24/09 01:00:00",70,3500,"H200709",7,,"T","11/02/20 14:59:00","11/02/20 15:04:00","07/25/06 00:00:00",,,"H200709",0,"Ct modifiée suite validation historique AA"
995205,53,"10/13/19 12:00:00","08/29/20 19:00:00",70,3600,"H201920",13,,"T","02/05/21 14:39:00","06/21/21 13:35:00","12/13/19 10:00:00",,,"H201920",0,"PG"
995206,53,"08/29/20 19:00:00","06/02/21 09:45:00",70,3600,"H202021",12,,"T","01/30/23 14:49:00","01/30/23 14:50:00","12/13/19 10:00:00",,,"H202021",0,"PG"
995207,53,"06/02/21 09:45:00","12/31/21 23:59:00",56,4239,"H202121",12,,"T","01/30/23 14:55:00","01/30/23 14:55:00","04/08/22 15:01:00",,,"H202121",0,"PG"
995208,53,"12/31/21 23:59:00","01/01/23 00:00:00",280,4239,"H202223",12,,"T","03/21/23 14:04:00","06/09/23 15:24:00","12/13/19 10:00:00",,,"H202223",0,"Détarage suite crue décembre 2021"
995210,53,"01/01/23 00:00:00","12/15/23 01:00:00",280,4239,"H202323",10,,"T",,"02/22/24 17:33:00","12/30/22 01:00:00",,,"H202323",0,"Détarage suite crue décembre 2022
repris en decembre 2023 par DB"
995212,55,"07/01/91 00:00:00","02/01/93 00:00:00",-1600,4550,"R199193",5,,"T",,,,,,,,
995213,55,"02/01/93 00:00:00","07/01/96 00:00:00",-1600,4600,"R199396",7,,"T",,,,,,,,
995214,55,"07/01/96 00:00:00","07/01/98 00:00:00",-1600,4650,"R199698",6,,"T",,,,,,,,
995215,55,"07/01/98 00:00:00","07/01/99 00:00:00",-1600,4650,"R199899",6,,"T",,,,,,,,
995216,55,"07/01/99 00:00:00","10/20/01 00:00:00",-1600,4650,"R199901",6,,"T",,,,,,,,
995217,55,"08/05/77 00:00:00","10/01/78 00:00:00",-1260,5100,"C197778",6,,"T",,,,,,,,
995218,55,"10/01/78 00:00:00","03/22/80 00:00:00",-1250,5100,"C197880",8,,"T",,,,,,,,
995219,55,"03/22/80 00:00:00","07/23/82 00:00:00",-1200,4500,"C198082",8,,"T",,,,,,,,
995220,55,"07/23/82 00:00:00","09/01/83 00:00:00",-1200,4600,"C198283",7,,"T",,,,,,,,
995221,55,"09/01/83 00:00:00","08/29/84 00:00:00",-900,4500,"C198384",5,,"T",,,,,,,,
995222,55,"08/29/84 00:00:00","12/31/85 00:00:00",-1000,4500,"C198485",9,,"T",,,,,,,,
995223,55,"06/30/87 00:00:00","07/01/88 00:00:00",-1400,4500,"C198788",6,,"T",,,,,,,,
995224,55,"01/01/86 00:00:00","06/30/87 00:00:00",-1200,4500,"C198787",6,,"T",,,,,,,,
995225,55,"07/01/88 00:00:00","03/01/89 00:00:00",-1400,4500,"C198889",7,,"T",,,,,,,,
995226,55,"03/01/89 00:00:00","07/01/91 00:00:00",-1600,4550,"R198991",5,,"T",,,,,,,,
995227,55,"09/02/72 00:00:00","10/06/73 00:00:00",-1200,5100,"H197273",8,,"T",,,,,,,,
995228,55,"01/04/72 00:00:00","09/02/72 00:00:00",-1260,5000,"H197272",8,,"T",,,,,,,,
995229,55,"11/24/70 00:00:00","01/04/72 00:00:00",-1260,5000,"H197072",10,,"T",,,,,,,,
995230,55,"09/20/69 00:00:00","11/24/70 00:00:00",-1260,5100,"H196970",8,,"T",,,,,,,,
995231,55,"05/31/68 00:00:00","09/20/69 00:00:00",-1260,5000,"H196869",8,,"T",,,,,,,,
995232,55,"10/01/67 00:00:00","05/31/68 00:00:00",-1300,5000,"H196768",6,,"T",,,,,,,,
995233,55,"01/01/67 00:00:00","10/01/67 00:00:00",-1400,5000,"H196767",8,,"T",,,,,,,,
995234,55,"10/06/73 00:00:00","04/27/75 00:00:00",-1250,5100,"H197375",9,,"T",,,,,,,,
995235,55,"04/27/75 00:00:00","08/05/77 00:00:00",-1260,5100,"H197577S",9,,"T",,,,,,,,
995236,55,"04/27/75 00:00:00","08/05/77 00:00:00",-1260,5300,"H197577",10,,"T",,,,,,,,
995237,55,"03/04/00 00:00:00","10/05/01 00:00:00",-1300,4500,"H200005",7,,"T","10/26/04 15:48:00","10/26/04 15:48:00",,,,,,
995238,55,"12/06/03 16:00:00","11/01/04 00:00:00",-1450,5000,"H200450G",8,,"T","11/08/04 10:18:00","07/13/05 12:18:00","12/17/03 12:09:00",,,,,"nouvelle courbe"
995239,55,"10/05/01 00:00:00","12/06/03 16:00:00",-1450,5000,"H200150G",8,,"T",,"12/13/05 12:03:00","12/17/03 12:09:00",,,,,
995240,55,"11/01/04 00:00:00","02/22/06 12:00:00",-1800,7000,"H200326T",7,,"T","08/02/06 11:12:00","08/02/06 11:12:00","07/13/05 07:49:00",,,,,
995241,55,"02/22/06 12:00:00","09/30/07 12:00:00",-1800,7000,"H200526G",9,,"T","06/10/08 16:39:00","06/10/08 16:39:00","01/25/07 11:18:00",,,,,
995242,55,"09/30/07 12:00:00","03/26/08 12:00:00",-1800,7000,"H200726G",8,,"T","09/22/08 17:15:00","09/22/08 17:16:00","01/25/07 11:18:00",,,,,"travaux nouvelle plan loire
courbe suite à une petite crue 650m3/s"
995243,55,"03/26/08 12:00:00","11/06/08 12:00:00",-1800,7000,"H200808G",8,,"T","09/22/08 17:13:00","07/03/09 09:01:00","09/22/08 17:00:00",,,,,"travaux plan loire
courbe suite à une petite crue 650m3/s
arrêt courbe le 29/09/2008 cause grands travaux "
995244,55,"10/20/01 00:00:00","12/06/03 16:00:00",-1450,5000,"H200150R",8,,"T",,"11/25/10 12:18:00","12/17/03 12:09:00",,,,,
995245,55,"12/25/10 12:00:00","01/07/12 23:00:00",-1800,7000,"H201012",9,,"T","03/16/17 08:58:00","03/16/17 09:10:00","03/14/17 00:00:00",-1800,7000,,0,
995246,55,"01/07/12 23:00:00","05/06/13 07:00:00",-1800,7000,"H201213",10,,"T","03/16/17 09:08:00","03/16/17 09:12:00","03/16/17 00:00:00",-1800,7000,,0,
995247,55,"06/03/16 15:00:00","11/29/16 08:00:00",-1800,7000,"H201616",8,,"T","03/16/17 09:51:00","06/25/20 14:43:00","03/16/17 00:00:00",-1800,7000,"H201616",0,
995248,55,"11/06/08 12:00:00","12/25/10 12:00:00",-1800,7000,"H200810",8,,"T","03/15/17 16:07:00","06/25/20 15:13:00","03/13/17 00:00:00",-1800,7000,,0,
995249,55,"05/04/15 12:00:00","06/03/16 15:00:00",-1800,7000,"H201516",9,,"T","09/21/16 11:58:00","06/25/20 15:18:00","07/03/09 00:00:00",-1800,7000,"H201516",0,
995250,55,"08/10/13 00:00:00","05/04/15 12:00:00",-1800,7000,"H201315",8,,"T","09/21/16 11:58:00","06/25/20 15:20:00","07/03/09 00:00:00",-1800,7000,"H201315",0,
995251,55,"05/06/13 07:00:00","08/10/13 00:00:00",-1800,7000,"H201313",9,,"T","03/16/17 09:21:00","06/25/20 15:22:00","03/16/17 00:00:00",-1800,7000,"H201313",0,"Nouvelle courbe suite crue de Mai 2013 pour l'étiage jusqu'à nettoyage eau forte  aout 2013 500m3/s

"
995252,55,"11/29/16 08:00:00","05/04/20 03:00:00",-1800,7000,"H201620",10,,"T","06/25/20 14:51:00","02/22/21 09:41:00","03/16/17 00:00:00",-1800,7000,"H201620",0,
995253,55,"05/04/20 03:00:00","09/22/21 06:00:00",-1800,7000,"H202021",10,,"T","05/04/22 15:50:00","05/09/22 14:44:00","05/13/20 15:00:00",-1800,7000,"H202021",0,"MAJ provisoire DB, FC
"
995275,74,"01/25/14 00:00:00","06/01/16 00:00:00",400,6000,"H201420",13,,"T","08/19/16 13:57:00","12/05/16 11:36:00","12/20/13 13:00:00",,,"H201420",0,"Le début de validité correspond à un détarage suite à la crue du 25/01/2014"
995276,74,"10/15/07 00:00:00","01/28/09 00:00:00",50,6000,"H200720F",12,,"T","06/08/09 14:24:00","12/06/16 09:51:00","07/15/08 10:20:00",,,,0,"Le début de validité correspond au détarage suite à la petite crue du 03/10/2007.
Le fin de validité correspond au détarage suite à la crue du 28/01/20097."
995277,74,"01/28/09 00:00:00","03/08/11 00:00:00",50,6000,"H200920F",12,,"T","05/06/11 12:06:00","12/06/16 09:53:00","06/08/09 14:11:00",,,,0,"Le début de validité correspond au détarage suite à la crue du 28/01/2009.
La fin de validité correspond au changement d'emplacement et de type de capteur - Bulle à bulle remplacé par radar."
995278,74,"03/08/11 00:00:00","09/06/11 09:00:00",400,6000,"H201120F",16,,"T","08/27/12 09:00:00","12/06/16 09:55:00","05/06/11 12:00:00",,,,0,"Le début de validité correspond au changement d'emplacement et de type de capteur - Bulle à bulle remplacé par radar.
La fin de validité correspond à un événement indéterminé."
995279,74,"09/06/11 09:00:00","05/08/13 00:00:00",400,6000,"H201121F",16,,"T","11/12/13 16:08:00","12/06/16 10:14:00","08/27/12 09:00:00",,,"H201121F",0,"Le début de validité correspond à un événement indéterminé.
La fin de validité correspond à un détarage suite à la crue du 08/05/2013
"
995280,74,"05/08/13 00:00:00","01/25/14 00:00:00",400,6000,"H201320",16,,"T","12/20/13 13:58:00","12/06/16 10:15:00","12/20/13 13:00:00",,,"H201320",0,"Le début de validité correspond à un détarage suite à la crue du 08/05/2013
La fin de validité correspond à un détarage suite à la crue du 25/01/2014"
995281,74,"01/01/00 00:00:00","01/01/01 00:00:00",2030,8000,"modelLM09",22,,"C",,"01/16/17 09:19:00","03/11/13 11:32:00",,,,0,"données du modèle LM09 du 11/03/2013"
995282,74,"06/01/16 00:00:00","02/28/19 00:00:00",400,6000,"H201619",12,,"T","01/24/19 14:46:00","04/09/20 15:25:00","12/05/16 10:00:00",,,"H201619",0,"Le début de validité correspond à un détarage suite à la crue du Juin 2016
La fin de validité correspond à un détarage suite à la petite crue de fevrier 2019"
995283,74,"02/28/19 00:00:00","03/10/20 00:00:00",400,6000,"H201920",10,,"T","04/09/20 15:27:00","08/14/20 13:40:00","05/03/19 10:00:00",,,"H201920",0,"Le début de validité correspond à un détarage suite à la petite crue de fevrier 2019
La fin de validité correspond à un détarage suite à la crue de mars2020
"
995284,74,"01/01/00 00:00:00","05/11/01 00:00:00",500,5000,"H200001",5,,"T","10/13/21 17:39:00","10/13/21 17:40:00",,,,"H200001",0,"Le début de validité correspond au détarage suite à la crue janvier 2000
La fin de validité correspond au détarage suite à la crue mai 2001"
995285,74,"02/09/03 00:00:00","12/10/03 00:00:00",500,6000,"H200303",5,,"T","10/14/21 09:08:00","10/14/21 09:11:00","10/14/21 09:00:00",,,"H200303",0,"Le début de validité correspond au détarage suite à la crue février 2003
La fin de validité correspond au détarage suite à la crue décembre 2003"
995286,74,"05/11/01 00:00:00","02/09/03 00:00:00",500,6000,"H200103",5,,"T","10/13/21 18:39:00","10/14/21 09:12:00","10/13/21 18:00:00",,,"H200103",0,"Le début de validité correspond au détarage suite à la crue mai 2001
La fin de validité correspond au détarage suite à la crue février 2003"
995287,74,"10/01/98 00:00:00","01/01/00 00:00:00",500,5000,"H199899",7,,"T","10/13/21 17:17:00","10/14/21 09:16:00","10/13/21 17:00:00",,,"H199899",0,"Le début de validité correspond au détarage suite à la crue mai 1998
La fin de validité correspond au détarage suite à la crue du 01/01/2000"
995288,74,"12/10/03 00:00:00","08/05/04 00:00:00",500,6000,"H200304",6,,"T","10/14/21 09:07:00","10/14/21 10:05:00","06/07/04 15:34:00",,,"H200304",0,"Le début de validité correspond au détarage suite à la crue décembre 2003
La fin de validité correspond à un détarage d'origine inconnu"
995289,74,"01/27/05 12:00:00","10/15/07 00:00:00",400,6000,"H200507",8,,"T","10/14/21 10:15:00","10/14/21 10:20:00","01/19/06 00:00:00",,,"H200507",0,"Le début de validité correspond au détarage suite à la crue du 27/01/2005
La fin de validité correspond au détarage suite à la petite crue du 03/10/2007
"
995290,74,"08/05/04 00:00:00","01/27/05 12:00:00",500,6000,"H200405",9,,"T","10/14/21 09:48:00","10/14/21 10:22:00","08/31/04 12:45:00",,,"H200405",0,"Le début de validité correspond à un détarage d'origine inconnu
La fin de validité correspond au détarage suite à la crue du 27/01/2005"
995291,74,"01/01/96 00:00:00","10/01/98 00:00:00",600,5000,"H199698",6,,"T","10/13/21 17:02:00","10/14/21 12:32:00","10/13/21 17:00:00",,,"H199698",0,"mise en service en 1996
la fin de validité correspond au détarage suite à la crue de mai 1998
"
995292,74,"03/10/20 00:00:00","06/27/23 00:01:00",400,6000,"H202023",9,,"T","01/11/21 10:00:00","11/17/23 14:45:00","08/14/20 13:30:00",,,"H202023",0,"Le début de validité correspond à un détarage suite à la crue de mars 2020.
"
995294,75,"10/05/20 20:00:00","02/07/21 00:00:00",400,5500,"H2020201",14,,"T","12/18/20 14:38:00","03/19/21 10:12:00","11/04/20 09:55:00",,,"H2020201",0,"Le début de validité correspond à la fin de la période de chômage du cher
La fin de validité correspond à un détarage suite à la crue du 07/02/2021"
995295,75,"02/07/21 00:00:00","01/01/22 18:00:00",400,5500,"H202122",13,,"T","04/08/21 10:37:00","04/04/22 11:15:00","03/19/21 09:55:00",,,"H202122",0,"Le début de validité correspond à un détarage suite à la crue du 07/02/2021"
995296,75,"07/31/01 00:00:00","06/20/03 00:00:00",600,5000,"H200102",10,,"T",,"04/03/14 15:33:00",,,,,,
995297,75,"06/20/03 00:00:00","07/15/03 00:00:00",290,2120,"H200303",7,,"T",,"04/03/14 15:39:00","11/03/03 09:21:00",,,,,
995298,75,"07/15/03 00:00:00","09/20/03 00:00:00",400,900,"H200304",12,,"T","10/30/03 10:00:00","04/03/14 15:42:00","10/30/03 08:02:00",,,,,
995299,75,"10/10/04 00:00:00","12/16/04 00:00:00",440,5500,"H200505",12,,"T","01/12/05 00:00:00","04/03/14 15:58:00","01/12/05 14:07:00",,,,,
995300,75,"12/16/04 00:00:00","05/01/05 00:00:00",400,5500,"H200506",13,,"T","12/21/04 16:00:00","04/03/14 16:05:00","12/21/04 11:20:00",,,,,
995301,75,"05/01/05 00:00:00","08/31/05 00:00:00",550,700,"H200507",6,,"T","07/25/05 09:32:00","04/03/14 16:11:00","07/11/05 15:14:00",,,,,
995302,75,"12/25/98 00:00:00","07/31/01 00:00:00",600,5000,"H200001",11,,"T",,"04/03/14 15:32:00",,,,,,
995303,75,"09/20/03 00:00:00","10/10/04 00:00:00",400,4500,"H200305",14,,"T",,"04/03/14 15:48:00","10/30/03 08:30:00",,,,,
995304,75,"08/31/05 00:00:00","10/15/05 00:00:00",400,700,"H200509",10,,"T","09/21/05 11:30:00","04/03/14 16:15:00","09/21/05 11:30:00",,,,,
995305,75,"01/01/90 00:00:00","01/01/97 00:00:00",1000,8900,"modeleLM10",80,,"C",,"07/01/14 12:12:00","02/08/13 16:52:00",,,,,
995306,75,"01/01/97 00:00:00","01/01/98 00:00:00",1000,8000,"modeleLM09",25,,"C",,"07/01/14 12:12:00","03/11/13 10:59:00",,,,,
995307,75,"06/01/08 00:00:00","10/24/08 12:00:00",400,5500,"H200801F",11,,"T","03/03/09 17:59:00","02/10/17 14:54:00","01/29/09 15:51:00",,,,0,"Le début de validité correspond à la date de la dernière crue de printemps et au début de la période"" vanne relevée"" aux grands moulins de Ballan.
La fin de validité correspond à la date de début de la période"" vanne baissée"" des grands moulins de Ballan."
995308,75,"10/24/08 12:00:00","01/04/10 00:00:00",400,5500,"H200802F",12,,"T","05/10/10 11:56:00","02/10/17 15:02:00","01/29/09 16:29:00",,,,0,"Le début de validité correspond à la date de début de la période"" vanne baissée"" des grands moulins de Ballan.
Le fin de validité correspond au détarage suite à la crue du 04 janvier 2010"
995309,75,"06/25/14 00:00:00","11/19/14 14:00:00",400,5500,"H201401",13,,"T","11/03/14 16:19:00","02/10/17 15:22:00","10/23/14 10:10:00",,,"H201401",0,"Le début de validité correspond au détarage combiné entre effet de l'ouvrage du moulin de ballan et la végétation aquatique
La fin de validité correspond au détarage suite à la remontée de l'ouvrage du moulin de ballan (position hivernale)"
995310,75,"11/19/14 14:00:00","06/28/16 00:00:00",400,5500,"H201420",15,,"T","06/10/16 10:08:00","02/10/17 15:24:00","12/08/14 10:00:00",,,"H201420",0,"Le début de validité correspond au détarage suite à la remontée de l'ouvrage du moulin de ballan (position hivernale)"
995311,75,"10/15/05 00:00:00","06/01/08 00:00:00",400,5500,"H200512",12,,"T","05/12/06 08:23:00","02/10/17 16:16:00","12/13/05 08:36:00",,,,0,
995312,75,"01/04/10 00:00:00","01/02/12 00:00:00",400,5500,"H201020F",11,,"T","03/12/12 14:16:00","02/10/17 16:19:00","05/10/10 11:28:00",,,,0,"Le début de validité correspond au détarage suite à la crue du 04 janvier 2010
Le fin de validité correspond au détarage suite à la crue du 05 janvier 2012"
995313,75,"06/02/13 00:00:00","11/13/13 00:00:00",400,5500,"H2013132",14,,"T","11/13/13 00:00:00","02/10/17 16:22:00","03/27/13 10:10:00",,,"H2013132",0,"Le début de validité correspond au détarage suite à la crue de juin 2013
La fin de validité correspond au détarage suite à la crue du 13/11/2013"
995314,75,"11/13/13 00:00:00","06/25/14 00:00:00",400,5500,"H201320",13,,"T","04/04/14 12:15:00","02/10/17 16:23:00","03/27/13 10:10:00",,,"H201320",0,"Le début de validité correspond au détarage suite à la crue du 13/11/2013
La fin de validité correspond au détarage combiné entre effet de l'ouvrage du moulin de ballan et la végétation aquatique"
995315,75,"01/02/12 00:00:00","02/07/13 00:00:00",400,5500,"H201220J",14,,"T","03/22/13 15:03:00","02/10/17 17:01:00","03/12/12 11:00:00",,,"H201220J",0,"Le début de validité correspond au détarage suite à la crue du 05 janvier 2012
La fin de validité correspond au détarage suite à la crue de février 2013"
995316,75,"02/07/13 00:00:00","06/02/13 00:00:00",400,5500,"H2013131",14,,"T","08/26/13 09:17:00","02/10/17 17:03:00","03/27/13 10:10:00",,,"H2013131",0,"Le début de validité correspond au détarage suite à la crue de février 2013
La fin de validité correspond au détarage suite à la crue de juin 2013"
995317,75,"06/28/16 00:00:00","03/09/17 00:00:00",400,5500,"H201620",13,,"T","02/10/17 15:26:00","04/26/17 16:34:00","12/08/14 10:00:00",,,"H201620",0,"Le début de validité correspond au détarage suite à la crue de juin 2016
La fin de validité correspond au détarage suite à la crue du 09 mars 2017"
995318,75,"03/09/17 00:00:00","10/25/17 00:00:00",400,5500,"H2017171",14,,"T","05/22/17 16:38:00","12/18/17 16:20:00","04/26/17 16:30:00",,,"H2017171",0,"Le début de validité correspond au détarage suite à la crue du 09 mars 2017
Le début de validité correspond au détarage constaté après la période d'influence de la végétation aquatique"
995319,75,"10/25/17 00:00:00","10/16/19 00:00:00",400,5500,"H201720",14,,"T","09/06/19 15:50:00","12/03/19 16:24:00","12/18/17 16:00:00",,,"H201720",0,"Le début et la fin de validité correspondent aux détarages constatés après une période d'influence de la végétation aquatique"
995320,75,"10/16/19 00:00:00","12/28/19 00:00:00",400,5500,"H201919",15,,"T","01/10/20 15:21:00","01/31/20 16:30:00","12/02/19 16:00:00",,,"H201919",0,"Le début de validité correspond au détarage constaté après la période d'influence de la végétation aquatique
La fin de validité correspond au détarage constaté après la 1ère crue hivernale"
995321,75,"12/28/19 00:00:00","09/16/20 21:00:00",400,5500,"H2019191",14,,"T","01/31/20 16:28:00","09/25/20 10:54:00","01/31/20 16:00:00",,,"H2019191",0,"Le début de validité correspond au détarage constaté après la 1ère crue hivernale
La fin de validité correspond à la période de chômage du cher- abaissement par le NEC (Nouvel Espace du Cher) de la vanne au moulin de Ballan"
995322,75,"09/16/20 21:00:00","10/05/20 20:00:00",400,5500,"H202020",14,,"T","09/25/20 10:52:00","11/04/20 10:05:00","09/24/20 10:00:00",,,"H202020",0,"Cette période correspond au chômage du cher- abaissement par le NEC (Nouvel Espace du Cher) de la vanne au moulin de Ballan"
995325,76,"01/01/00 00:00:00","12/12/03 00:00:00",-1500,4150,"H200004",7,,"T","01/05/05 14:59:00","10/21/05 14:45:00",,,,,,"DEBUT STATION"
995326,76,"01/01/98 00:00:00","01/01/00 00:00:00",-1600,3800,"H199802",5,,"T",,"10/21/05 14:50:00",,,,,,
995327,76,"09/01/04 00:00:00","01/25/05 00:00:00",-1500,4000,"H200405",6,,"T","10/21/05 14:56:00","10/21/05 14:56:00","10/21/05 14:56:00",,,,,
995328,76,"12/12/03 00:00:00","09/01/04 00:00:00",-1600,4000,"H200304",5,,"T","05/20/05 14:32:00","10/24/05 11:34:00","01/06/05 10:52:00",,,,,
995329,76,"01/25/05 00:00:00","07/01/05 00:00:00",-1800,4500,"H200526T",6,,"T","02/13/06 10:49:00","01/29/07 09:31:00","07/13/05 08:03:00",,,,,
995330,76,"07/01/05 00:00:00","11/14/06 00:00:00",-1800,4500,"H200526P",7,,"T","07/17/06 11:54:00","06/19/07 16:00:00","07/13/05 08:03:00",,,,,
995331,76,"11/04/10 00:00:00","02/04/13 08:00:00",-1800,4500,"H201013J",9,,"T","10/26/12 09:43:00","02/15/13 11:12:00","11/25/11 10:21:00",,,,,
995332,76,"11/14/06 00:00:00","11/06/08 22:00:00",-1800,4500,"H200626P",6,,"T","07/03/09 09:31:00","07/03/09 09:31:00","07/13/05 08:03:00",,,,,
995333,76,"11/06/08 22:00:00","11/04/10 00:00:00",-1800,4500,"H200810J",6,,"T","05/27/11 11:11:00","11/25/11 10:21:00","07/03/09 00:00:00",,,,,"NOUVELLE COURBE SUITE CRUE 2008
ATTENTION ETIAGE FORTEMENT MODIFIER BESOIN DE JAUGEAGES"
995334,76,"01/01/00 00:01:00","01/01/00 00:02:00",1510,5890,"HYTR T500",45,,"C",,,,,,,,
995335,76,"02/04/13 08:00:00","06/03/16 18:00:00",-1800,6500,"H201316",9,,"T","09/22/16 11:08:00","09/23/16 11:59:00","11/25/11 10:21:00",,,"H201316",0,"extrapolation DB a partir de la CT modele HYTR T500"
995336,76,"06/03/16 18:00:00","11/26/16 14:00:00",-1800,6500,"H201616",9,,"T","11/13/17 09:22:00","11/13/17 09:36:00","11/25/11 10:21:00",,,"H201616",0,"extrapolation DB a partir de la CT modele HYTR T500"
995337,76,"11/26/16 14:00:00","01/08/18 14:00:00",-1800,6500,"H201618",9,,"T","08/20/18 16:13:00","08/20/18 16:13:00","11/25/11 10:21:00",,,"H201618",0,"extrapolation DB a partir de la CT modele HYTR T500"
995338,76,"01/08/18 14:00:00","02/14/19 13:00:00",-1800,6500,"H201819",10,,"T","07/02/20 09:45:00","07/02/20 09:45:00","08/20/18 16:14:00",,,"H201819",0,"extrapolation DB a partir de la CT modele HYTR T500
modification étiage suite à crue janvier 2018"
995339,76,"02/14/19 13:00:00","06/16/20 05:00:00",-1800,6500,"H201920",10,,"T","07/09/20 09:48:00","08/07/20 11:53:00","08/20/18 16:14:00",,,"H201920",0,"extrapolation DB a partir de la CT modele HYTR T500
modification étiage suite à crue janvier 2018"
995341,76,"06/16/20 05:00:00","12/31/21 22:59:00",-1800,6500,"H202021",9,,"T","04/30/21 16:03:00","05/05/23 14:27:00","08/07/20 00:00:00",,,"H202021",0,"Provisoire étiage FC"
995344,77,"01/01/02 00:00:00","01/01/02 00:01:00",12,5000,"M1-J1_sup",100,,"C",,"03/13/20 10:37:00",,,,,0,"h/q Baratin : Qmax"
995345,77,"01/11/18 09:00:00","03/10/20 00:00:00",-2100,7000,"H201820",11,,"T","01/10/20 15:48:00","08/14/20 14:03:00","08/02/18 17:00:00",,,"H201820",0,"Le début de validité correspond au détarage suite à la crue du 11/01/2018
La fin de validité correspond au détarage suite à la crue du 10/03/2020"
995346,77,"05/15/01 00:00:00","02/07/02 00:00:00",-1750,4500,"H200104",7,,"T",,,,,,,,
995347,77,"02/07/02 00:00:00","12/10/03 00:00:00",-1900,7000,"H200205R",10,,"T","09/26/05 09:40:00","02/02/06 09:28:00",,,,,,
995348,77,"01/01/94 00:00:00","12/31/94 00:00:00",-1000,3500,"C10997",13,,"C",,,,,,,,
995349,77,"01/01/98 00:00:00","05/15/01 00:00:00",-1150,4500,"H199802",6,,"T",,"03/19/12 10:35:00",,,,,,
995350,77,"02/08/17 00:00:00","01/11/18 09:00:00",-1900,7000,"H201718",12,,"T","03/26/18 17:52:00","05/16/19 16:04:00","06/02/17 00:00:00",,,"H201718",0,"Le début de validité correspond au détarage suite à la crue du 08/02/2017
La fin de validité correspond au détarage suite à la crue du 11/01/2018"
995351,77,"02/15/14 00:00:00","02/08/17 00:00:00",-1900,7000,"H201420",14,,"T","12/05/16 11:00:00","05/16/19 16:05:00","07/09/14 10:00:00",,,"H201420",0,"Le début de validité correspond au détarage suite à la crue de 15/02/2014"
995352,77,"12/24/10 00:00:00","01/06/12 00:00:00",-1900,7000,"H201020F",12,,"T","08/27/12 14:00:00","05/16/19 16:10:00","03/31/09 15:40:00",,,,0,"Le début de validité correspond au détarage suite à la dernière crue de décembre 2010
Le fin de validité correspond au détarage suite à la crue de janvier 2012"
995353,77,"11/09/08 00:00:00","12/24/10 00:00:00",-1900,7000,"H200821F",10,,"T","06/14/11 15:43:00","05/16/19 16:11:00","03/31/09 15:40:00",,,,0,"Le début de validité correspond à la crue du 09/11/08
Le fin de validité correspond au détarage suite à la dernière crue de décembre 2010"
995354,77,"01/10/08 00:00:00","11/09/08 00:00:00",-1900,7000,"H200820F",11,,"T","03/31/09 15:53:00","05/16/19 16:12:00","03/21/08 15:18:00",,,,0,"Le début de validité correspond à la crue du 10 et 11/01/08
Le fin de validité correspond à la crue du 09/11/08"
995355,77,"12/10/03 00:00:00","01/10/08 00:00:00",-1900,7000,"H200205P",10,,"T","03/21/08 15:57:00","05/16/19 16:14:00",,,,,0,"Le début de validité correspond au maxi de la crue du 10/12/2003
Le fin de validité correspond à la crue du 10 et 11/01/2008"
995356,77,"01/06/12 00:00:00","05/08/13 00:00:00",-1900,7000,"H201220F",12,,"T","08/23/13 11:08:00","05/16/19 16:38:00","08/27/12 14:00:00",,,"H201220F",0,"Le début de validité correspond au détarage suite à la crue de janvier 2012
La fin de validité correspond au détarage suite à la crue de 08/05/2013"
995357,77,"05/08/13 00:00:00","02/15/14 00:00:00",-1900,7000,"H201320",12,,"T","12/20/13 11:02:00","05/16/19 16:39:00","12/20/13 11:00:00",,,"H201320",0,"Le début de validité correspond au détarage suite à la crue de 08/05/2013
La fin de validité correspond au détarage suite à la crue de 15/02/2014"
995358,77,"01/01/02 00:00:00","01/01/02 00:01:00",12,5000,"M1-J1",100,,"C",,"03/13/20 10:36:00",,,,,0,"h/q Baratin : Qmaxpost"
995359,77,"01/01/02 00:00:00","01/01/02 00:01:00",12,5000,"M1-J1_inf",100,,"C",,"03/13/20 10:36:00",,,,,0,"h/q Baratin : Qmin"
995360,77,"03/10/20 00:00:00","11/16/23 00:01:00",-2100,7000,"H202023",11,,"T","09/07/21 17:05:00","11/17/23 14:54:00","08/14/20 13:50:00",,,"H202023",0,"Le début de validité correspond au détarage suite à la crue du 10/03/2020"
995362,78,"01/01/82 00:00:00","01/06/82 00:00:00",350,1080,"82/01trans",12,,"C",,"10/21/05 14:35:00",,,,,,
995363,78,"01/01/73 00:00:00","12/31/73 00:00:00",370,3100,"73/01trans",17,,"C",,"10/24/05 11:23:00",,,,,,
995364,78,"03/04/95 00:00:00","01/15/96 00:00:00",0,3010,"M199596",6,,"T",,"10/24/05 14:39:00","10/24/05 14:22:00",,,,,
995365,78,"01/15/96 00:00:00","09/01/96 00:00:00",0,3010,"M199696",7,,"T",,"10/24/05 14:44:00","10/24/05 14:44:00",,,,,
995366,78,"09/01/96 00:00:00","10/16/97 00:00:00",0,3010,"M199697",7,,"T",,"10/24/05 14:46:00","10/24/05 14:37:00",,,,,
995367,78,"10/16/97 00:00:00","04/30/98 00:00:00",0,3000,"M199798",7,,"T",,"10/24/05 14:52:00","10/24/05 14:52:00",,,,,
995368,78,"11/27/93 00:00:00","08/11/94 00:00:00",0,3000,"M199394",8,,"T",,"10/25/05 10:53:00","10/25/05 10:53:00",,,,,
995369,78,"01/07/82 00:00:00","12/08/82 00:00:00",300,3050,"82/02trans",12,,"C",,"10/25/05 10:55:00",,,,,,
995370,78,"08/11/94 00:00:00","03/04/95 00:00:00",10,3010,"M199495",8,,"T",,"10/25/05 11:03:00","10/24/05 14:06:00",,,,,
995371,78,"01/01/87 00:00:00","05/17/88 00:00:00",0,3100,"M198788",7,,"T",,"10/25/05 11:56:00","10/25/05 11:50:00",,,,,
995373,78,"04/30/98 00:00:00","02/11/99 00:00:00",-200,3100,"M199899",7,,"T",,"10/25/05 12:04:00",,,,,,
995374,78,"04/01/75 00:00:00","09/01/75 00:00:00",-120,3300,"C197575R",7,,"T",,"10/20/08 15:41:00","10/20/08 15:40:00",,,,,
995375,78,"12/24/73 00:00:00","04/01/75 00:00:00",0,3100,"C197375R",9,,"T",,"10/20/08 15:41:00","10/25/05 11:26:00",,,,,
995376,78,"07/01/73 00:00:00","12/24/73 00:00:00",0,3100,"C197373R",8,,"T",,"10/20/08 15:41:00","10/25/05 11:18:00",,,,,
995377,78,"08/01/81 00:00:00","07/01/82 00:00:00",0,3100,"C198182R",5,,"T",,"10/20/08 15:42:00","10/25/05 11:43:00",,,,,
995378,78,"09/01/75 00:00:00","12/01/77 00:00:00",-10,3300,"C197577R",9,,"T",,"10/20/08 15:48:00","10/20/08 15:35:00",,,,,
995439,82,"11/27/93 00:00:00","09/23/94 00:00:00",150,3600,"C10723",21,,"C",,,,,,,," "
995440,82,"09/23/94 00:00:00","11/20/94 00:00:00",150,3600,"C10724",26,,"C",,,,,,,," "
995441,82,"11/20/94 00:00:00","03/21/95 00:00:00",110,3500,"C10725",25,,"C",,,,,,,," "
995442,82,"03/21/95 00:00:00","05/20/96 00:00:00",100,3200,"C10726",27,,"C",,,,,,,," "
995443,82,"05/20/96 00:00:00","05/13/97 00:00:00",130,3200,"C10727",26,,"C",,,,,,,," "
995444,82,"05/13/97 00:00:00","05/02/98 00:00:00",160,3200,"C10728",25,,"C",,,,,,,," "
995445,82,"05/02/98 00:00:00","12/31/00 00:00:00",120,3800,"H982002",7,,"T",,,,,,,,
995446,82,"12/31/00 00:00:00","01/01/12 00:00:00",0,3300,"H200012R",12,,"T","01/15/04 13:01:00","01/15/04 13:01:00","01/15/04 13:00:00",,,,,
995447,82,"12/31/00 00:00:00","01/01/04 00:00:00",170,1150,"H200101",12,,"T","03/02/05 00:00:00","03/02/05 11:24:00",,,,,,
995448,82,"01/01/20 00:00:00","01/01/30 00:00:00",200,2400,"h192036",4,,"T",,"11/03/05 17:29:00","11/03/05 17:28:00",,,,,
995449,82,"01/01/04 00:00:00","12/31/07 00:00:00",-30,4160,"H200406",11,,"T","10/11/06 11:19:00","07/12/11 10:04:00","10/21/04 10:38:00",,,,,
995472,4,"01/01/94 00:00:00","01/01/96 00:00:00",110,2930,"C9829",17,,"C",,,,,,,," "
995473,4,"01/01/96 00:00:00","03/13/98 08:21:00",100,3350,"C9830",17,,"C",,,,,,,," "
995474,4,"04/01/98 00:00:00","12/15/99 00:00:00",20,2930,"H199899",6,,"T",,,,,,,,
995475,4,"01/01/77 00:00:00","12/31/77 00:00:00",50,2900,"C9827",16,,"C",,,,,,,," "
995476,4,"12/15/99 00:00:00","06/13/01 00:00:00",-130,2930,"H199901",5,,"T",,,,,,,,
995477,4,"06/13/01 00:00:00","07/01/05 00:00:00",-150,3900,"H200105",8,,"T","12/12/05 15:47:00","12/12/05 16:49:00",,,,,,
995478,4,"01/01/04 00:00:00","07/01/05 00:00:00",-180,4000,"H200405Co",3,,"T",,"07/25/06 16:06:00","02/27/06 00:00:00",,,,,
995479,4,"07/01/05 00:00:00","03/04/07 12:00:00",-180,4000,"H200507",4,,"T","08/12/08 10:18:00","08/12/08 10:18:00","08/02/06 00:00:00",,,,,
995480,4,"01/05/10 00:00:00","02/25/10 00:00:00",0,1500,"H201010J",7,,"T","03/22/10 11:54:00","03/22/10 12:09:00","08/14/08 12:58:00",,,,,"courbe classique"
995481,4,"12/20/09 00:00:00","01/05/10 00:00:00",-150,3300,"H200910R",7,,"T","12/29/09 15:17:00","06/23/10 09:39:00","08/14/08 12:58:00",,,,,"courbe crue Arroux pas de crue Loire"
995482,4,"12/15/99 00:00:00","06/13/01 00:00:00",-130,2930,"H199901R",4,,"T","10/15/10 12:51:00","10/15/10 12:51:00",,,,,,
995483,4,"01/20/11 06:00:00","01/19/12 06:00:00",-200,1500,"H201112",9,,"T","05/29/12 11:47:00","07/30/12 10:39:00","08/14/08 12:58:00",,,,,"courbe classique"
995484,4,"01/19/12 06:00:00","02/15/13 12:00:00",-200,1500,"H201213",8,,"T","04/30/13 10:38:00","06/25/13 15:58:00","08/14/08 12:58:00",,,,,"courbe classique , nouvelle courbe suite crue de janvier 2012."
995485,4,"06/01/16 12:00:00","01/05/18 13:00:00",-400,4000,"H201618",10,,"T","07/31/18 16:03:00","02/14/19 12:00:00","02/15/13 12:00:00",,,"H201618",0,
995486,4,"01/05/18 13:00:00","12/03/18 05:00:00",-440,4000,"H201818",10,,"T","12/21/18 11:04:00","02/14/19 12:02:00","02/15/13 12:00:00",,,"H201818",0,"Extrapolation DREAL C-VL"
995487,4,"12/03/18 05:00:00","08/02/19 10:45:00",-400,4000,"H201819",10,,"T","12/21/18 11:15:00","03/16/20 10:26:00","02/15/13 12:00:00",,,"H201819",0,
995488,4,"08/02/19 10:45:00","12/28/19 12:35:00",-400,4000,"H201919",10,,"T","12/12/19 11:58:00","03/16/20 10:28:00","08/09/19 12:00:00",,,"H201919",0,"nouvelle courbe étiage suite modification de l'emplacement de l'échelle d'étiage"
995489,4,"03/04/07 12:00:00","09/13/08 12:00:00",100,1500,"H200708",7,,"T","12/08/20 14:44:00","12/08/20 14:46:00","08/14/08 12:58:00",,,,0,
995490,4,"09/13/08 12:00:00","12/20/09 00:00:00",20,1500,"H200809",7,,"T","12/08/20 14:50:00","12/08/20 14:53:00","08/14/08 12:58:00",,,,0,"courbe classique"
995491,4,"07/23/10 09:00:00","01/20/11 06:00:00",0,1500,"H201011",8,,"T","03/07/11 15:21:00","12/08/20 15:05:00","08/14/08 12:58:00",,,,0,
995492,4,"02/25/10 00:00:00","07/23/10 09:00:00",50,2600,"H201010g",5,,"T","12/08/20 14:57:00","12/08/20 15:07:00","03/22/10 11:00:00",,,,0,"Courbe crue fin février 2010 sans influence de la loire"
995493,4,"01/21/14 15:00:00","06/01/16 12:00:00",-400,3200,"H201416",8,,"T","12/08/20 15:13:00","12/08/20 15:14:00","02/15/13 12:00:00",,,"H201416",0,
995494,4,"02/15/13 12:00:00","01/21/14 15:00:00",-400,3200,"H201314",8,,"T","12/08/20 15:12:00","12/08/20 15:17:00","02/15/13 12:00:00",,,"H201314",0,"Nouvelle courbe , détarage depuis crue debut 2013 .
Gros détarage d'etiage ."
995495,4,"12/28/19 12:35:00","01/11/21 11:35:00",-400,4000,"H201921",10,,"T","06/12/20 12:09:00","01/21/21 12:00:00","02/15/13 12:00:00",,,"H201921",0,
995496,4,"01/11/21 11:35:00","04/26/22 17:00:00",-400,4000,"H202122",10,,"T","08/08/22 10:25:00","01/03/23 10:42:00","02/15/13 12:00:00",,,"H202122",0,"
"
995499,7,"09/15/20 12:00:00","09/15/21 12:00:00",-320,3300,"H202021",20,,"T","04/25/22 15:00:00","11/16/22 17:27:00","01/20/21 09:00:00",,,"H202021",0,"Le début de validité correspond au nettoyage du contrôle"
995501,7,"04/10/97 00:00:00","06/15/98 00:00:00",-320,2400,"H199798",9,,"T","11/14/12 15:35:00","01/25/16 14:34:00",,,,,,"Construction d'un seuil à l'aval du pont.Station à retarée"
995502,7,"09/01/96 00:00:00","04/10/97 00:00:00",-340,2400,"C9697",8,,"T","11/14/12 15:27:00","01/29/16 10:36:00",,,,,,
995503,7,"05/10/96 00:00:00","09/01/96 00:00:00",-370,2400,"C9696",9,,"T","11/14/12 15:20:00","01/29/16 10:39:00",,,,,,
995504,7,"04/01/95 00:00:00","05/10/96 00:00:00",-250,2400,"C9596",10,,"T","11/14/12 15:10:00","01/29/16 10:44:00",,,,,,
995505,7,"05/01/94 00:00:00","04/01/95 00:00:00",-250,2400,"C9495",10,,"T","11/14/12 15:03:00","01/29/16 10:48:00",,,,,,
995506,7,"01/01/93 00:00:00","05/01/94 00:00:00",-380,2400,"C9394",15,,"T","11/14/12 14:50:00","01/29/16 10:52:00",,,,,,
995507,7,"05/05/14 00:00:00","01/01/16 00:00:00",-300,3300,"H201420",19,,"T","01/29/16 09:30:00","12/07/16 10:01:00","02/07/11 15:30:00",,,"H201420",0,"Le début de validité correspond à un détarage suite à la crue du 5 mai 2014
La fin de validité correspond à un détarage suite à la crue du 12 janvier 2016"
995508,7,"02/07/13 00:00:00","05/05/14 00:00:00",-300,3300,"H201320",19,,"T","05/23/14 11:50:00","12/07/16 10:04:00","10/06/14 14:30:00",,,"H201320",0,"Le début de validité correspond à un détarage suite à la crue de février 2013
La fin de validité correspond à un détarage suite à la crue du 5 mai 2014"
995509,7,"11/06/11 00:00:00","02/07/13 00:00:00",-300,3300,"H201120",19,,"T","10/06/14 10:50:00","12/07/16 10:06:00","10/06/14 14:15:00",,,"H201120",0,"Le début de validité correspond à un détarage d'origine inconnu
La fin de validité correspond à un détarage suite à la crue de février 2013"
995510,7,"11/15/10 00:00:00","11/06/11 00:00:00",-300,3300,"H201020F",17,,"T","10/23/12 10:34:00","12/07/16 10:07:00","02/07/11 10:30:00",,,"H201020F",0,"Le début de validité correspond à la fin de l'étiage 2010-nouvelle courbe de référence après les crues hivernales 2010-2011
La fin de validité correspond à un détarage d'origine inconnu"
995511,7,"10/01/05 00:00:00","03/09/07 00:00:00",-300,3300,"H200520P",27,,"C","11/15/12 10:27:00","12/07/16 10:17:00",,,,,0,"Le début de validité correspond à la date de remise en service de la station"
995512,7,"07/15/99 00:00:00","01/08/03 00:00:00",-260,3300,"H199902",14,,"T","11/14/12 17:09:00","12/07/16 10:20:00",,,,,0,
995513,7,"06/15/98 00:00:00","07/15/99 00:00:00",-200,3300,"H199899",14,,"T",,"12/07/16 10:27:00",,,,,0,"Courbe établie après la construction d'un seuil début juin 1998 en aval de la station (remplacement de l'ancien seuil)"
995514,7,"03/09/07 00:00:00","11/15/10 00:00:00",-300,3300,"H200720F",15,,"T","02/07/11 10:39:00","12/09/16 13:56:00","11/13/07 18:06:00",,,,0,"Le début de validité correspond à la petite montée des eaux du 09/03/2007 (effet nettoyage du lit et du seuil après une longue période sans crue).
La fin de validité correspond à la fin de l'étiage 2010"
995515,7,"01/01/16 00:00:00","06/03/16 00:00:00",-300,3300,"H2016161",20,,"T","03/26/18 12:15:00","03/26/18 15:48:00","02/07/11 15:30:00",,,"H2016161",0,"Le début de validité correspond à un détarage suite à la crue du 12/01/2016
La fin de validité correspond à un détarage suite à la crue du 03/06/2016"
995516,7,"06/03/16 00:00:00","09/05/19 12:00:00",-320,3300,"H201619",18,,"T","10/29/19 11:42:00","01/10/20 10:20:00","06/23/17 15:00:00",,,"H201619",0,"Le début de validité correspond à un détarage suite à la crue du 03/06/2016
La fin de validité correspond au nettoyage du troncon du contrôle (lit et berges)"
995517,7,"09/05/19 12:00:00","09/15/20 12:00:00",-320,3300,"H201920",22,,"T","08/14/20 14:39:00","01/20/21 10:25:00","01/10/20 09:00:00",,,"H201920",0,"Le début de validité correspond au nettoyage du troncon du contrôle (lit et berges)
Le début de validité correspond au nettoyage du contrôle"
995518,7,"09/15/21 12:00:00","09/29/22 19:20:00",-320,3300,"H202122",14,,"T","12/16/22 10:21:00","12/16/22 11:13:00","01/20/21 09:00:00",,,"H202122",0,
995519,13,"01/01/77 00:00:00","01/01/78 00:00:00",-640,2000,"H197778R",5,,"T",,"11/08/11 15:13:00","06/10/10 15:03:00",,,,,
995520,13,"07/01/76 00:00:00","01/01/77 00:00:00",-800,850,"H197677R",7,,"T",,"11/08/11 15:16:00","06/16/08 14:48:00",,,,,
995521,13,"01/20/75 00:00:00","07/01/76 00:00:00",-800,850,"H197576R",7,,"T",,"11/08/11 15:25:00","06/16/08 14:48:00",,,,,
995522,13,"09/01/73 00:00:00","01/20/75 00:00:00",-800,850,"H197375R",8,,"T",,"11/08/11 15:27:00","06/16/08 14:48:00",,,,,
995523,13,"12/05/03 09:15:00","11/01/04 00:00:00",-540,2900,"H200304R",11,,"T","12/07/05 15:05:00","11/08/11 15:49:00","08/11/05 08:45:00",,,,,
995524,13,"01/25/09 12:00:00","05/24/09 00:00:00",-520,3100,"H200909J",9,,"T","12/02/09 17:22:00","05/27/13 11:17:00","12/02/09 17:08:00",,,,,"suite crue de 160 m3/s le 25/01/2009 une nouvelle courbe est nécéssaire sur la période hivernale"
995527,13,"03/10/06 00:00:00","06/17/07 00:00:00",-500,2600,"H200607",6,,"T","09/21/07 11:16:00","12/08/20 10:53:00","01/23/07 00:00:00",,,,0,"nouvelle pascal en banque hydro

suite à 2 jaugeages 2007"
995531,13,"11/05/14 12:00:00","01/13/16 21:30:00",-400,2200,"H201416",8,,"T","12/08/20 12:20:00","12/08/20 12:21:00","11/05/14 10:00:00",,,"H201416",0,"Nouvel CT après fin du CTH de 2014."
995536,13,"01/01/88 00:00:00","12/31/89 00:00:00",-300,2500,"H198889",6,,"T",,,,,,,,
995537,13,"12/01/72 00:00:00","04/01/73 00:00:00",-660,3000,"test1974",6,,"T",,"09/09/05 17:01:00","09/09/05 16:49:00",,,,,
995538,13,"11/14/01 00:00:00","02/04/03 00:00:00",-450,2100,"H200103Co",5,,"T",,"01/23/07 11:57:00","01/23/07 00:00:00",,,,,
995539,13,"11/01/04 00:00:00","03/10/06 00:00:00",-540,2600,"H200406",8,,"T",,"07/25/06 10:57:00","03/20/06 00:00:00",,,,,
995540,13,"09/01/96 00:00:00","09/15/99 00:00:00",-500,2400,"C9699",10,,"T",,"06/19/08 14:07:00",,,,,,"Nouvelle courbe de tarage calculée après les travaux de reconstruction du pont de RIGNY"
995541,13,"09/15/99 00:00:00","03/15/01 00:00:00",-500,2400,"H199901",10,,"T",,"06/19/08 14:10:00",,,,,,
995542,13,"03/15/01 00:00:00","11/14/01 00:00:00",-500,2400,"H200101",10,,"T",,"06/19/08 14:11:00",,,,,,
995543,13,"11/14/01 00:00:00","02/05/03 00:00:00",-500,2400,"H200103",10,,"T",,"06/19/08 14:11:00",,,,,,
995544,13,"02/05/03 00:00:00","12/05/03 09:15:00",-500,2900,"H200303",8,,"T",,"06/09/10 12:35:00","01/15/04 08:39:00",,,,,
995545,13,"12/31/89 00:00:00","03/01/91 00:00:00",-490,3000,"H199091R",6,,"T",,"06/15/10 18:34:00","06/15/10 18:28:00",,,,,
995546,13,"06/01/91 00:00:00","01/01/92 00:00:00",-670,480,"H199192R",6,,"T",,"06/17/10 18:33:00","06/10/10 15:40:00",,,,,
995547,13,"03/01/91 00:00:00","07/15/93 00:00:00",-200,3000,"H199194",6,,"T","10/14/10 11:20:00","10/14/10 11:25:00","10/14/10 11:20:00",,,,,
995548,13,"07/15/93 00:00:00","01/01/95 00:00:00",-350,3000,"H9395R",8,,"T",,"10/14/10 12:53:00","10/14/10 12:53:00",,,,,
995549,13,"01/01/92 00:00:00","06/01/93 00:00:00",-250,2990,"H199293R",5,,"T","06/17/10 18:30:00","10/15/10 09:51:00","06/17/10 18:25:00",,,,,
995550,13,"06/01/93 00:00:00","12/31/93 00:00:00",-330,3000,"H199393",5,,"T",,"10/15/10 09:58:00","10/15/10 09:58:00",,,,,
995551,13,"12/31/93 00:00:00","12/31/94 00:00:00",0,2700,"H9394",4,,"T",,"10/15/10 10:00:00",,,,,,
995552,13,"06/01/91 00:00:00","01/01/92 00:00:00",-670,3000,"H199192n",7,,"T",,"10/15/10 10:30:00","06/10/10 15:40:00",,,,,
995553,13,"07/01/87 00:00:00","01/01/88 00:00:00",-460,3990,"H198788R",5,,"T",,"11/08/11 15:06:00","11/07/11 13:42:00",,,,,
995554,13,"07/01/85 00:00:00","07/01/87 00:00:00",-460,3990,"H198587R",7,,"T",,"11/08/11 15:06:00","11/07/11 13:42:00",,,,,
995555,13,"01/01/82 00:00:00","07/01/85 00:00:00",-460,3990,"H198285R",7,,"T",,"11/08/11 15:06:00","11/07/11 13:42:00",,,,,
995556,13,"01/01/79 00:00:00","01/01/82 00:00:00",-550,3990,"H197982R",4,,"T",,"11/08/11 15:07:00","11/07/11 13:38:00",,,,,
995557,13,"01/01/78 00:00:00","01/01/79 00:00:00",-560,3990,"H197879R",6,,"T",,"11/08/11 15:07:00","11/07/11 13:48:00",,,,,
995560,14,"01/01/93 00:00:00","02/01/96 00:00:00",190,3500,"C9396",7,,"T",,,,,,,,
995561,14,"01/01/89 00:00:00","12/31/89 00:00:00",50,3500,"C8989",5,,"T",,,,,,,,
995562,14,"02/01/96 00:00:00","12/31/02 00:00:00",-60,3800,"marc",26,,"C",,,,,,,,
995563,14,"02/01/96 00:00:00","03/01/99 00:00:00",100,3500,"H199699",9,,"T",,,,,,,,
995564,14,"01/01/02 00:00:00","03/15/03 00:00:00",80,3600,"H200207",10,,"T",,"01/26/05 15:22:00",,,,,,
995565,14,"03/01/99 00:00:00","01/01/02 00:00:00",150,3580,"H199902",9,,"T",,"01/26/05 15:24:00",,,,,,
995566,14,"03/15/03 00:00:00","01/15/05 00:00:00",120,3500,"H200308",6,,"T","02/08/05 14:25:00","07/13/05 10:52:00","03/11/04 14:53:00",,,,,
995567,14,"01/15/05 00:00:00","07/15/05 00:00:00",120,3500,"H200505",6,,"T",,"09/06/06 11:33:00","09/06/06 00:00:00",,,,,
995568,14,"09/01/03 00:00:00","08/31/04 00:00:00",120,3500,"H200304Co",6,,"T",,"09/06/06 13:32:00","09/06/06 00:00:00",,,,,
995569,14,"09/01/99 00:00:00","07/01/01 00:00:00",150,3580,"H199902Co",9,,"T",,"09/06/06 13:43:00","09/06/06 00:00:00",,,,,
995570,14,"03/05/06 00:00:00","10/01/07 00:00:00",20,3500,"H200618",6,,"T","09/03/08 15:56:00","09/03/08 15:56:00","09/05/06 00:00:00",,,,,
995571,14,"10/01/07 00:00:00","10/14/08 12:00:00",20,3500,"H200708",8,,"T","09/14/09 11:46:00","09/14/09 11:47:00","09/05/08 00:00:00",,,,,"nouvelle courbe avec nouvelle section de jaugeages
150 m en amont du pont"
995572,14,"10/14/08 12:00:00","06/15/09 00:00:00",100,4000,"H200809",7,,"T",,"09/14/09 11:48:00","09/14/09 10:54:00",,,,,"courbe de référencesuite forte végétation
pour étalonnage de 2005 à 2009 et de janvier à mai et d'octobre à décembre
corth à partir du 01/05/2009"
995573,14,"01/01/00 00:00:00","01/01/01 00:00:00",100,4000,"ref:2009",6,,"T",,"12/14/09 14:52:00","07/06/09 16:37:00",,,,,"courbe de référencesuite forte végétation
pour étalonnage de 2005 à 2009 et de janvier à mai et d'octobre à décembre
corth à partir du 01/05/2009"
995574,14,"07/15/05 00:00:00","03/05/06 00:00:00",0,3500,"H200506",6,,"T",,"03/26/10 14:32:00","09/06/06 00:00:00",,,,,
995575,14,"06/15/09 00:00:00","03/01/10 00:00:00",100,4000,"H200910",7,,"T","03/26/10 14:34:00","03/26/10 14:37:00","09/14/09 10:54:00",,,,,"courbe été"
995576,14,"03/01/10 00:00:00","01/04/11 09:00:00",0,3500,"H201011J",7,,"T","01/17/11 10:55:00","07/27/11 15:50:00","09/06/06 00:00:00",,,,,"Nouvelle courbe suite crue fin février 2010."
995577,14,"01/02/16 12:00:00","01/02/18 00:00:00",0,3500,"H201618",9,,"T","08/31/18 11:17:00","08/31/18 11:18:00","03/10/17 00:00:00",,,"H201618",0,
995578,14,"01/04/11 09:00:00","01/02/16 12:00:00",0,3500,"H201116",8,,"T","02/21/14 11:38:00","08/31/18 11:19:00","09/06/06 00:00:00",,,"H201116",0,"Nouvelle courbe suite crue fin février 2010.
station CTH en 2011"
995579,14,"01/02/18 00:00:00","02/02/19 22:00:00",0,3500,"H201819",14,,"T","10/08/18 09:27:00","11/14/19 11:30:00","01/02/18 00:00:00",,,"H201819",0,
995580,14,"02/02/19 22:00:00","12/12/20 12:00:00",20,3500,"H201920",14,,"T","01/21/21 15:12:00","01/31/22 15:45:00","11/14/19 11:00:00",,,"H201920",0,"nouvelle ct étiage"
995582,15,"04/12/06 00:00:00","03/13/07 00:00:00",-300,800,"H200606",3,,"T","07/25/07 10:59:00","07/25/07 10:59:00","11/23/06 00:00:00",,,,,
995583,15,"12/19/07 00:00:00","11/04/08 00:00:00",-300,950,"H200708",4,,"T","05/04/09 10:55:00","12/29/09 13:53:00","12/19/07 00:00:00",,,,,"fin des travaux  decembre 2007 reprise des jaugeages
"
995584,15,"01/01/96 00:00:00","12/31/96 00:00:00",-300,2500,"C10535",8,,"C",,,,,,,," "
995585,15,"01/01/95 00:00:00","12/31/95 00:00:00",-300,2500,"C10534",12,,"C",,,,,,,," "
995586,15,"01/02/97 00:00:00","01/01/98 00:00:00",-260,1000,"c9797",4,,"T",,,,,,,,
995587,15,"01/01/98 00:00:00","01/01/99 00:00:00",-270,1000,"c9898",6,,"T",,,,,,,,
995588,15,"01/01/99 00:00:00","02/15/00 00:00:00",-270,1400,"C99",5,,"T",,,,,,,,
995589,15,"02/15/00 00:00:00","03/01/01 00:00:00",-270,1000,"H200001",3,,"T",,,,,,,,
995590,15,"03/01/01 00:00:00","11/27/02 00:00:00",-300,2500,"H200102",4,,"T",,"07/23/04 09:54:00",,,,,,
995591,15,"04/18/16 00:00:00","06/14/18 00:00:00",-430,1300,"H201618",7,,"T","04/13/18 10:36:00","07/13/18 09:38:00","11/17/14 10:00:00",,,"H201618",0,".
"
995592,15,"06/14/18 00:00:00","12/06/18 00:00:00",-430,1300,"H201818",7,,"T","09/07/18 14:29:00","04/23/19 15:09:00","11/17/14 10:00:00",,,"H201818",0,"


"
995593,15,"12/06/18 00:00:00","11/27/19 00:00:00",-430,1300,"H201819",6,,"T","10/30/19 15:23:00","01/17/20 14:58:00","11/17/14 10:00:00",,,"H201819",0,"
"
995594,15,"09/10/10 00:00:00","11/06/12 00:00:00",-400,1100,"H201012",8,,"T","03/14/13 13:56:00","01/28/20 14:27:00","11/30/10 10:00:00",,,"H201012",0,"
"
995595,15,"11/06/12 00:00:00","05/22/13 00:00:00",-450,1100,"H201213",7,,"T","01/09/15 10:46:00","02/06/20 11:50:00","11/30/10 10:00:00",,,"H201213",0,"
"
995596,15,"05/22/13 00:00:00","11/23/13 00:00:00",-450,1100,"H201313",7,,"T","01/09/15 10:46:00","02/06/20 11:50:00","11/30/10 10:00:00",,,"H201313",0,"
"
995597,15,"11/23/13 00:00:00","04/18/16 00:00:00",-430,1100,"H201316",6,,"T","03/18/16 14:32:00","02/06/20 11:51:00","11/17/14 10:00:00",,,"H201316",0,"
"
995599,15,"11/27/02 00:00:00","08/01/03 00:00:00",-350,1100,"H200203",4,,"T",,"04/03/23 13:52:00","05/16/06 00:00:00",,,"H200203",0,
995601,15,"01/26/04 23:00:00","11/01/04 00:00:00",-300,1100,"H200304",25,,"C",,,,,,"H200304",,"valable du 1/08/03 au 4/12/03 à 1h00 + du 9/12/03 à 23h00 au 15/01/04 à 1h00 + du 16/01/04 à 23h00 au 18/01/04 à 1h00 + du 20/01/04 à 23h00 au 22/01/04 à 1h00 + du25/01/04 à 23h00 au 01/11/04 à 0h00"
995602,15,"11/01/04 00:00:00","04/18/05 01:00:00",-300,800,"H200405",3,,"T",,"04/03/23 14:09:00","02/20/06 00:00:00",,,"H200405",0,"valable :du 01/10/2004 au 18/04/2005 à 1h00
            + du 21/04/2005 à 23h00 aub 01/01/2036"
995603,15,"04/18/05 01:00:00","04/12/06 00:00:00",-300,800,"H200506",3,,"T","07/25/07 10:59:00","04/03/23 14:16:00","11/23/06 00:00:00",,,"H200506",0,
995604,15,"08/01/03 00:00:00","01/26/04 23:00:00",-300,1100,"H200304",3,,"T",,"04/03/23 14:38:00","11/23/06 00:00:00",,,"H200304",0,"valable du 1/08/03 au 4/12/03 à 1h00 + du 9/12/03 à 23h00 au 15/01/04 à 1h00 + du 16/01/04 à 23h00 au 18/01/04 à 1h00 + du 20/01/04 à 23h00 au 22/01/04 à 1h00 + du25/01/04 à 23h00 au 01/11/04 à 0h00"
995605,15,"03/13/07 00:00:00","08/01/07 00:00:00",-300,800,"H200707",4,,"T","07/25/07 11:01:00","04/03/23 14:40:00","11/23/06 00:00:00",,,"H200707",0,"dernier jaugeages en juillet 2007 travaux passe à poissons"
995606,15,"11/04/08 00:00:00","09/10/10 00:00:00",-300,810,"H200810",6,,"T","11/30/10 10:03:00","04/05/23 14:55:00","12/19/07 00:00:00",,,"H200810",0,
995742,21,"09/01/71 00:00:00","03/01/82 00:00:00",0,3600,"C7182",11,,"T",,,,,,,,
995743,21,"03/01/82 00:00:00","10/04/90 12:00:00",0,3800,"C8290",7,,"T",,,,,,,,
995744,21,"10/04/90 12:00:00","01/15/93 00:00:00",0,3800,"C9093",7,,"T",,,,,,,,
995745,21,"01/15/93 00:00:00","09/17/96 00:00:00",50,3800,"C9396",7,,"T",,,,,,,,
995746,21,"02/05/03 00:00:00","03/15/04 00:00:00",-120,4100,"H200304",11,,"T","01/15/04 08:31:00","09/13/05 10:22:00","01/15/04 08:31:00",,,,,
995747,21,"03/15/04 00:00:00","09/01/05 00:00:00",-50,4150,"H200405R",11,,"T","12/07/05 14:19:00","03/23/06 11:58:00","08/11/05 08:33:00",,,,,
995748,21,"09/01/05 00:00:00","04/15/06 00:00:00",-50,4050,"H200506",7,,"T","06/14/07 10:06:00","06/14/07 10:10:00","03/20/06 00:00:00",,,,,
995749,21,"09/17/96 00:00:00","02/18/98 00:00:00",-100,3950,"C9698",9,,"T",,"06/19/08 17:21:00",,,,,,
995750,21,"08/26/99 00:00:00","01/06/01 00:00:00",-50,3820,"H199901",8,,"T",,"06/19/08 17:22:00",,,,,,
995751,21,"02/18/98 00:00:00","08/26/99 00:00:00",-100,3820,"H199899",8,,"T",,"06/19/08 17:22:00",,,,,,
995752,21,"01/06/01 00:00:00","02/05/03 00:00:00",-100,4000,"H200103",6,,"T",,"06/19/08 17:23:00",,,,,,
995753,21,"01/01/71 00:00:00","08/01/73 00:00:00",-400,3800,"C197173R",12,,"T","10/17/08 12:23:00","10/17/08 12:56:00",,,,,,
995754,21,"08/01/73 00:00:00","02/01/76 00:00:00",-400,3800,"C197375R",10,,"T",,"10/17/08 12:57:00","06/16/08 14:38:00",,,,,
995755,21,"08/01/77 00:00:00","01/01/80 00:00:00",-400,3800,"C197780R",10,,"T","10/17/08 12:41:00","10/17/08 13:04:00","06/16/08 14:38:00",,,,,
995756,21,"03/01/82 00:00:00","10/04/90 12:00:00",0,3800,"C8290R",8,,"T",,"06/15/10 18:37:00",,,,,,
995757,21,"08/01/77 00:00:00","03/01/82 00:00:00",-400,4000,"C197780Rr",11,,"T","06/18/10 14:56:00","06/18/10 15:03:00","06/16/08 14:38:00",,,,,
995758,21,"04/15/06 00:00:00","12/06/08 12:00:00",-50,4050,"H200608",8,,"T","04/20/09 17:56:00","03/06/17 10:37:00","10/06/08 00:00:00",,,"H200608",0,"
"
995759,21,"12/06/08 12:00:00","12/24/10 04:30:00",-50,4050,"H200810",8,,"T","11/28/11 14:47:00","03/06/17 10:40:00","10/06/08 00:00:00",,,"H200810",0,"nouvelle courbe 
en banque hydro"
995760,21,"12/24/10 04:30:00","05/04/13 12:00:00",-50,4050,"H201013",9,,"T","06/08/16 10:04:00","03/17/17 11:42:00","10/24/10 12:00:00",,,"H201013",0,"
"
995761,21,"05/04/13 12:00:00","05/03/15 20:00:00",-50,4050,"H201315",9,,"T","03/15/17 00:00:00","03/17/17 11:55:00","03/15/17 00:00:00",,,"H201315",0,"
"
995762,21,"01/01/00 00:00:00","01/01/01 00:00:00",12,5000,"CT_inf",100,,"C",,,,,,,,"h/q Baratin : Qmin"
995763,21,"01/01/00 00:00:00","01/01/01 00:00:00",12,5000,"CT_sup",100,,"C",,,,,,,,"h/q Baratin : Qmax"
995764,21,"01/01/00 00:00:00","01/01/01 00:00:00",12,5000,"CT",100,,"C",,,,,,,,"h/q Baratin : Qmaxpost"
995765,21,"05/03/15 20:00:00","11/23/16 12:00:00",-50,4050,"H201516",10,,"T","04/16/18 11:09:00","04/16/18 11:12:00","03/03/17 09:00:00",,,"H201516",0,"
"
995766,21,"11/23/16 12:00:00","09/07/19 00:00:00",-50,4050,"H201619",13,,"T","08/09/19 10:34:00","10/31/19 10:39:00","03/03/17 09:00:00",,,"H201619",0,"
"
995767,21,"09/07/19 00:00:00","02/03/21 00:00:00",-50,4050,"H201921",13,,"T","06/21/21 13:23:00","09/09/21 13:36:00","10/31/19 09:00:00",,,"H201921",0,
995793,26,"04/14/21 11:00:00","03/02/22 09:30:00",-1400,3650,"H202122",14,,"T","11/22/22 10:05:00","11/22/22 10:06:00","07/06/21 08:40:00",,,"H202122",0,"Modif bas de courbe Provisoire FC
Haut de CT fait avec Baratin.
"
995794,26,"01/01/77 00:00:00","12/31/82 00:00:00",-1170,1860,"H197782",4,,"T",,"10/28/10 16:09:00",,,,,,
995795,26,"12/31/93 00:00:00","01/01/95 00:00:00",-1300,3400,"H199395",5,,"T",,"10/28/10 16:17:00",,,,,,
995796,26,"01/01/95 00:00:00","12/31/95 00:00:00",-1300,3300,"H199595",9,,"T",,"10/28/10 16:19:00",,,,,,
995797,26,"12/31/95 00:00:00","01/01/97 00:00:00",-1330,3390,"H199597",6,,"T",,"10/28/10 16:26:00",,,,,,
995798,26,"01/01/97 00:00:00","01/01/98 00:00:00",-1290,3400,"H199798",4,,"T",,"10/28/10 16:26:00",,,,,,
995799,26,"01/01/98 00:00:00","04/20/98 00:00:00",-1290,3400,"H199898A",9,,"C",,"10/28/10 16:42:00",,,,,,
995800,26,"06/01/06 00:00:00","12/01/06 00:00:00",-1480,4960,"H200606",8,,"T","10/10/06 16:11:00","10/28/10 16:51:00","10/10/06 16:11:00",,,,,
995801,26,"04/20/98 00:00:00","12/31/98 00:00:00",-1400,4830,"H199898B",15,,"T",,"10/28/10 16:55:00",,,,,,
995802,26,"12/31/98 00:00:00","02/01/01 00:00:00",-1500,4500,"H199801",14,,"T",,"10/28/10 16:55:00",,,,,,
995803,26,"02/15/03 00:00:00","04/01/03 00:00:00",-1290,4820,"H200303A",9,,"T",,"10/28/10 16:57:00",,,,,,
995804,26,"07/01/04 00:00:00","10/01/05 00:00:00",-1500,4980,"H200405",10,,"T","11/03/05 10:47:00","10/28/10 16:58:00","02/21/05 16:09:00",,,,,
995805,26,"10/01/05 00:00:00","06/01/06 00:00:00",-1520,4980,"H200506",10,,"T","05/03/06 09:02:00","10/28/10 16:58:00","01/05/06 15:33:00",,,,,
995806,26,"02/01/01 00:00:00","06/08/02 21:50:00",-1420,5520,"H200102",13,,"T",,"10/29/10 10:35:00",,,,,,
995807,26,"06/08/02 21:50:00","02/15/03 00:00:00",-1400,4830,"H200203",12,,"T",,"10/29/10 10:35:00",,,,,,
995808,26,"04/01/03 00:00:00","05/08/03 08:00:00",-1420,4840,"H200303B",10,,"T",,"10/29/10 10:55:00",,,,,,
995809,26,"05/08/03 08:00:00","05/15/03 00:00:00",-1480,4990,"H200303C",8,,"T",,"10/29/10 10:55:00",,,,,,
995810,26,"05/15/03 00:00:00","08/21/03 00:00:00",-1500,4990,"H200303D",10,,"T",,"10/29/10 11:08:00",,,,,,
995811,26,"08/21/03 00:00:00","07/01/04 00:00:00",-1500,4990,"H200304",9,,"T","07/21/05 10:20:00","10/29/10 11:09:00","10/16/03 08:29:00",,,,,
995812,26,"12/01/06 00:00:00","01/11/08 01:15:00",-1530,5040,"H200608",10,,"T",,"10/29/10 11:35:00","12/17/07 09:28:00",,,,,
995813,26,"01/11/08 01:15:00","06/14/09 00:00:00",-1410,3650,"H200809",9,,"T","09/07/10 11:40:00","10/29/10 11:36:00","07/21/08 09:41:00",,,,,"travaux dans le lit du cher renforcement des fondations.
Arret de la station du 14 juin 2009 au 28 octobre 2009"
995814,26,"10/28/09 00:00:00","02/11/12 05:00:00",-1410,3650,"H200912",16,,"T","06/21/12 14:55:00","06/21/12 15:23:00","10/28/09 16:25:00",,,,,"Arret des travaux dans la rivière.
En fonctionnement depuis le 28 octobre 2009"
995815,26,"02/11/12 05:00:00","11/15/12 00:00:00",-1410,3650,"H201212",18,,"T","12/17/12 13:29:00","12/17/12 13:29:00","10/28/09 16:25:00",,,,,
995816,26,"11/15/12 00:00:00","05/04/15 00:00:00",-1410,3650,"H201215",16,,"T","03/29/16 15:49:00","03/29/16 15:49:00","10/28/09 16:25:00",,,"H201215",0,"Courbe ajustée en basses eaux sur dernier jaugeage et cohérence avec amont et aval.."
995817,26,"01/01/01 00:00:00","02/02/01 00:00:00",12,5000,"CT_inf",100,,"C",,,,,,,,"h/q Baratin : Qmin"
995818,26,"01/01/01 00:00:00","02/02/01 00:00:00",12,5000,"CT_sup",100,,"C",,,,,,,,"h/q Baratin : Qmax"
995819,26,"01/01/01 00:00:00","02/02/01 00:00:00",12,5000,"CT",100,,"C",,,,,,,,"h/q Baratin : Qmaxpost"
995820,26,"05/04/15 00:00:00","07/14/17 12:00:00",-1410,3650,"H201517",15,,"T","09/08/17 13:34:00","09/08/17 13:35:00","03/29/16 16:00:00",,,"H201517",0,"Courbe ajustée en basses eaux sur dernier jaugeage et cohérence avec amont et aval.."
995821,26,"07/14/17 12:00:00","06/12/18 13:40:00",-1410,3650,"H201718",15,,"T","06/22/18 10:36:00","06/22/18 10:36:00","03/29/16 16:00:00",,,"H201718",0,".Haut de CT fait avec avec baratin"
995822,26,"06/12/18 13:40:00","05/20/20 00:00:00",-1410,3650,"H201820",17,,"T","07/17/20 09:04:00","07/17/20 09:05:00","06/22/18 08:00:00",,,"H201820",0,".Haut de CT fait avec avec baratin. "
995823,26,"05/20/20 00:00:00","04/14/21 11:00:00",-1410,3650,"H202021",17,,"T","07/06/21 08:32:00","07/06/21 08:33:00","07/17/20 09:00:00",,,"H202021",0,".Haut de CT fait avec avec baratin. "
995824,26,"03/02/22 09:30:00","03/02/23 20:00:00",-1400,3650,"H202223",15,,"T","01/22/24 14:59:00","01/22/24 14:59:00","07/06/21 08:40:00",,,"H202223",0,"Modif bas de courbe Provisoire FC
Haut de CT fait avec Baratin.
"
995826,29,"01/01/02 00:00:00","01/01/03 00:00:00",12,5000,"BARA10_inf",100,,"C",,,,,,,,"h/q Baratin : Qmin"
995827,29,"01/01/02 00:00:00","01/01/03 00:00:00",12,5000,"BARA10_sup",100,,"C",,,,,,,,"h/q Baratin : Qmax"
995828,29,"01/01/02 00:00:00","01/01/03 00:00:00",12,5000,"BARA10",100,,"C",,,,,,,,"h/q Baratin : Qmaxpost"
995829,29,"01/01/00 00:00:00","01/01/01 00:00:00",12,5000,"BAR-AV_inf",100,,"C",,,,,,,,"h/q Baratin : Qmin"
995830,29,"01/01/00 00:00:00","01/01/01 00:00:00",12,5000,"BAR-AV_sup",100,,"C",,,,,,,,"h/q Baratin : Qmax"
995831,29,"01/01/00 00:00:00","01/01/01 00:00:00",12,5000,"BAR-AV",100,,"C",,,,,,,,"h/q Baratin : Qmaxpost"
995832,29,"10/01/05 00:00:00","05/01/07 00:00:00",1000,3600,"H200606",14,,"T","02/26/08 12:22:00","05/31/17 11:41:00","05/11/06 11:02:00",,,,0,
995833,29,"01/01/05 00:00:00","10/01/05 00:00:00",1060,3200,"H200506",17,,"T","11/22/12 14:23:00","05/31/17 11:47:00","12/20/05 09:32:00",,,,0,
995834,29,"08/15/04 00:00:00","01/01/05 00:00:00",1040,3040,"H200405",18,,"T","11/03/05 09:34:00","05/31/17 11:51:00","09/17/04 10:00:00",,,,0,
995835,29,"12/23/03 00:00:00","08/15/04 00:00:00",1040,1800,"H200304",15,,"T",,"05/31/17 11:54:00","07/22/04 10:27:00",,,,0,
995836,29,"11/23/01 00:00:00","12/23/03 00:00:00",1020,3300,"H200201",14,,"T","11/22/12 13:59:00","05/31/17 13:58:00",,,,,0,
995837,29,"01/01/96 00:00:00","03/06/97 00:00:00",1070,3139,"H199601",14,,"T",,"05/31/17 14:36:00",,,,,0,
995838,29,"03/06/97 00:00:00","12/01/97 00:00:00",1070,3120,"H199701",15,,"T",,"05/31/17 14:38:00",,,,,0,
995839,29,"12/01/97 00:00:00","07/01/98 00:00:00",1070,3120,"H199801",14,,"T",,"05/31/17 14:39:00",,,,,0,
995840,29,"07/01/98 00:00:00","07/01/99 00:00:00",1110,3120,"H199802",14,,"T",,"05/31/17 14:40:00",,,,,0,
995841,29,"07/01/99 00:00:00","11/23/01 00:00:00",1100,3500,"H200001",16,,"T","11/22/12 13:43:00","05/31/17 14:41:00",,,,,0,
995842,29,"01/03/12 00:00:00","02/16/16 17:00:00",1000,3600,"H201220",20,,"T","12/04/15 12:03:00","05/31/17 15:02:00","03/12/09 14:32:00",,,"H201220",0,"le début de validité correspond au détarage suite à la crue du 03/01/2012
La fin de validité correspond au détarage suite à la crue du 16/02/2016"
995843,29,"01/27/09 00:00:00","01/03/12 00:00:00",1000,3600,"H200920F",16,,"T","07/20/12 14:44:00","05/31/17 15:11:00","08/24/09 14:32:00",,,,0,"le début de validité correspond au détarage suite à la crue du 27/01/2009
la fin de validité correspond au détarage suite à la crue du 03/01/2012"
995844,29,"05/01/07 00:00:00","01/27/09 00:00:00",1000,3600,"H200720F",14,,"T","02/26/08 12:34:00","05/31/17 15:12:00","07/12/07 08:23:00",,,,0,"changement de courbe suite à la crue de mars 2007 (détarage en basses eaux)
la fin de validité correspond au détarage suite à la crue du 27/01/2009"
995845,29,"01/09/18 00:00:00","07/04/18 12:00:00",1000,3600,"H2018181",15,,"T","04/27/18 11:30:00","07/23/18 16:41:00","02/19/18 13:00:00",,,"H2018181",0,"le début de validité correspond au dépot de troncs et branches sur le seuil lors de la crue du 09/01/2018
La fin de validité correspond au nettoyage de l'embâcle"
995846,29,"02/16/16 17:00:00","01/09/18 00:00:00",1000,3600,"H201620",19,,"T","01/15/18 10:25:00","06/30/21 16:13:00","05/30/16 10:50:00",,,"H201620",0,"le début de validité correspond au détarage suite à la crue du 16/02/2016
la fin de validité correspond au dépot de troncs et branches sur le seuil lors de la crue du 09/01/2018"
995847,29,"07/04/18 12:00:00","10/01/19 00:00:00",1000,3600,"H201819",19,,"T","09/27/19 10:54:00","06/30/21 16:16:00",,,,"H201819",0,"le début de validité correspond au nettoyage de l'embâcle
la fin de validité correspond à détarage d'origine inconnu"
995848,29,"10/01/19 00:00:00","02/04/20 08:00:00",1000,3600,"H201920",16,,"T","01/16/20 11:40:00","06/30/21 16:34:00","01/16/19 11:00:00",,,"H201920",0,
995849,29,"02/04/20 08:00:00","09/07/21 00:00:00",1000,3600,"H202021",16,,"T","05/05/22 11:46:00","01/18/23 17:12:00","07/31/20 10:40:00",,,"H202021",0,"amélioration de la courbe en basses eaux, suite aux récent jaugeages

"
995851,30,"01/01/96 00:00:00","01/01/97 00:00:00",2200,4000,"H199697",7,,"C",,"11/02/10 14:59:00",,,,,,
995852,30,"01/01/93 00:00:00","01/01/96 00:00:00",2150,3450,"H199396",11,,"C",,"11/02/10 15:23:00",,,,,,
995853,30,"01/01/97 00:00:00","01/01/99 00:00:00",2350,4360,"H199799",6,,"T",,"11/02/10 15:24:00",,,,,,
995854,30,"01/15/09 00:00:00","11/13/12 08:15:00",2200,4930,"H200912",7,,"T","10/07/13 10:42:00","03/13/17 14:22:00","09/26/06 14:15:00",,,"H200912",0,"station à herbes cth en 2010 et en 2011"
995855,30,"11/15/07 00:00:00","01/15/09 00:00:00",2200,4858,"H200709",7,,"T","02/05/10 11:16:00","03/13/17 14:23:00","09/26/06 14:15:00",,,"H200709",0,
995856,30,"05/09/06 00:00:00","11/15/07 00:00:00",2200,4850,"H200607",8,,"T","07/10/09 11:27:00","03/13/17 14:24:00","09/26/06 14:15:00",,,"H200607",0,
995857,30,"01/01/00 00:00:00","05/09/06 00:00:00",2150,5100,"H200006",8,,"T","05/11/06 09:31:00","03/13/17 14:24:00",,,,"H200006",0,
995858,30,"01/01/99 00:00:00","01/01/00 00:00:00",2380,4400,"H199900",10,,"T",,"03/13/17 14:27:00",,,,"H199900",0,
995859,30,"01/22/00 00:00:00","12/22/00 00:00:00",12,5000,"CT_inf",100,,"C",,,,,,,,"h/q Baratin : Qmin"
995860,30,"01/22/00 00:00:00","12/22/00 00:00:00",12,5000,"CT_sup",100,,"C",,,,,,,,"h/q Baratin : Qmax"
995861,30,"01/22/00 00:00:00","12/22/00 00:00:00",12,5000,"CT",100,,"C",,,,,,,,"h/q Baratin : Qmaxpost"
995862,30,"01/01/01 00:00:00","02/01/01 00:00:00",12,5000,"CT_inf",100,,"C",,,,,,,,"h/q Baratin : Qmin"
995863,30,"01/01/01 00:00:00","02/01/01 00:00:00",12,5000,"CT_sup",100,,"C",,,,,,,,"h/q Baratin : Qmax"
995864,30,"01/01/01 00:00:00","02/01/01 00:00:00",12,5000,"CT",100,,"C",,,,,,,,"h/q Baratin : Qmaxpost"
995865,30,"03/01/01 00:00:00","04/01/01 00:00:00",12,5000,"CT_inf",100,,"C",,,,,,,,"h/q Baratin : Qmin"
995866,30,"03/01/01 00:00:00","04/01/01 00:00:00",12,5000,"CT_sup",100,,"C",,,,,,,,"h/q Baratin : Qmax"
995867,30,"03/01/01 00:00:00","04/01/01 00:00:00",12,5000,"CT",100,,"C",,,,,,,,"h/q Baratin : Qmaxpost"
995868,30,"11/13/12 08:15:00","02/05/13 12:35:00",2200,4839,"H201213",11,,"T","01/15/18 15:54:00","04/23/18 15:27:00","09/26/06 14:15:00",,,"H201213",0,
995869,30,"02/06/00 00:00:00","12/31/01 00:00:00",12,5000,"BNI13__sup",100,,"C",,"08/03/18 10:36:00",,,,,0,"h/q Baratin : Qmax"
995870,30,"02/06/00 00:00:00","12/31/01 00:00:00",12,5000,"BNI13_",100,,"C",,"08/03/18 10:37:00",,,,,0,"h/q Baratin : Qmaxpost"
995871,30,"02/06/00 00:00:00","12/31/01 00:00:00",12,5000,"BNI13__inf",100,,"C",,"08/03/18 10:38:00",,,,,0,"h/q Baratin : Qmin"
995872,30,"02/06/00 00:00:00","12/31/01 00:00:00",12,5000,"BI13_2",100,,"C",,"08/03/18 10:38:00",,,,,0,"h/q Baratin : Qmaxpost"
995873,30,"02/06/00 00:00:00","12/31/01 00:00:00",12,5000,"BI13_2_sup",100,,"C",,"08/03/18 10:39:00",,,,,0,"h/q Baratin : Qmax"
995874,30,"02/06/00 00:00:00","12/31/01 00:00:00",12,5000,"BI13_2_inf",100,,"C",,"08/03/18 10:39:00",,,,,0,"h/q Baratin : Qmin"
995875,30,"02/05/13 12:35:00","06/07/18 09:45:00",2156,5920,"H201318",9,,"T","09/21/18 14:20:00","09/21/18 14:22:00","09/26/06 14:15:00",,,"H201318",0,"provisoire"
995876,30,"06/07/18 09:45:00","08/07/19 13:40:00",2156,5920,"H201819",9,,"T","09/09/19 09:09:00","09/09/19 09:11:00","09/26/06 14:15:00",,,"H201819",0,
995877,30,"08/07/19 13:40:00","02/12/20 08:40:00",2156,5920,"H201920",10,,"T","11/20/20 11:34:00","04/16/21 13:32:00","09/26/06 14:15:00",,,"H201920",0,
995878,30,"02/12/20 08:40:00","09/21/21 10:09:00",2156,5920,"H202021",12,,"T","12/01/21 14:57:00","12/01/21 14:57:00","09/26/06 14:15:00",,,"H202021",0,
995879,30,"09/21/21 10:09:00","08/02/22 11:52:00",2156,5920,"H202122",10,,"T","01/16/23 11:40:00","01/16/23 11:43:00","09/26/06 14:15:00",,,"H202122",0,
995881,30,"08/02/22 11:52:00","12/15/23 13:14:00",2156,5800,"H202223",9,,"T","02/12/24 09:46:00","02/12/24 09:46:00","09/26/06 14:15:00",,,"H202223",0,"MAJ supervision jaugeage 15/12/2023"
995882,31,"12/30/93 00:00:00","12/31/94 00:00:00",-90,4140,"C10891",19,,"C",,"11/22/12 15:59:00",,,,,," "
995883,31,"11/15/95 00:00:00","12/31/96 00:00:00",-80,4400,"H199502",11,,"T","11/22/12 15:18:00","11/22/12 16:02:00","11/22/12 15:21:00",,,,,
995884,31,"12/31/96 00:00:00","07/31/97 00:00:00",150,4600,"H199701",10,,"T","11/22/12 15:38:00","11/22/12 16:03:00",,,,,,
995885,31,"03/18/98 00:00:00","09/30/00 00:00:00",-80,5100,"H200002",9,,"T","11/22/12 16:06:00","11/22/12 16:08:00",,,,,,
995886,31,"07/31/97 00:00:00","03/18/98 00:00:00",-90,4800,"H199702",9,,"T","11/22/12 15:55:00","11/22/12 16:09:00",,,,,,
995887,31,"09/30/00 00:00:00","02/01/02 00:00:00",-100,5000,"H200102",7,,"T","11/22/12 16:12:00","11/22/12 16:13:00",,,,,,
995888,31,"03/09/06 00:00:00","05/31/08 00:00:00",-250,5500,"H200520F",11,,"T","11/22/12 16:23:00","11/22/12 16:55:00","07/04/05 10:31:00",,,,,"Le début de validité correspond à la crue la plus forte du premier semestre 2006.
La fin de validité correspond au détarage suite à la crue du 31/05/2008."
995889,31,"12/31/94 00:00:00","11/15/95 00:00:00",20,4900,"H199501",9,,"T","11/22/12 15:15:00","11/23/12 10:24:00","11/22/12 15:15:00",,,,,
995890,31,"02/01/02 00:00:00","03/09/06 00:00:00",-50,5000,"H200202",9,,"T","11/22/12 16:56:00","11/23/12 10:32:00",,,,,,"La fin de validité correspond à la crue la plus forte du premier semestre 2006."
995891,31,"05/31/08 00:00:00","02/06/13 00:00:00",-200,5500,"H200820F",11,,"T","02/15/13 11:10:00","08/23/13 15:16:00","07/15/08 11:30:00",,,,,"le début de validité correspond au détarage suite à la crue du 31/05/2008 "
995892,31,"02/06/13 00:00:00","05/20/14 00:00:00",-200,5500,"H201320",9,,"T","08/23/13 15:14:00","01/29/16 15:32:00","08/23/13 15:05:00",,,,,"le début de validité correspond au détarage suite à la crue du 06/02/2013
la fin de validité correspond à un détarage d'origine inconnu"
995893,31,"05/20/14 00:00:00","03/01/15 00:00:00",-200,5500,"H201420",9,,"T","02/06/15 15:15:00","02/29/16 16:46:00","10/23/14 15:05:00",,,"h201415",,"le début de validité correspond à un détarage d'origine inconnu
fin de validité correspond à un détarage suite à la crue du 01/02/2015."
995894,31,"03/01/15 00:00:00","01/01/30 00:00:00",-100,5000,"H201530",8,,"T","02/29/16 15:16:00","11/09/16 14:43:00","02/29/16 00:00:00",,,"H201530",0,"jaugeage n°= 215 et 216 contrôle
influencé par la sauldre (Confluence avec le cher)
mise en place d'un Cth "
995895,32,"12/10/10 00:00:00","01/01/12 00:00:00",-600,1700,"H201es",8,,"T","07/07/11 11:46:00","07/07/11 11:57:00","12/10/10 00:00:00",,,,,"station CTH en 2011"
995896,32,"12/10/10 00:00:00","04/30/12 08:00:00",-600,1700,"H201012",11,,"T","01/11/12 15:07:00","08/06/12 08:32:00","12/10/10 00:00:00",,,,,"station CTH en 2011"
995897,32,"12/05/12 08:00:00","11/13/13 00:00:00",-600,2600,"H201213",10,,"T","07/31/13 10:00:00","04/10/14 11:41:00","12/10/10 00:00:00",,,,,
995898,32,"11/13/13 00:00:00","05/10/20 00:00:00",-600,2600,"H201320",9,,"T","05/31/16 11:30:00","05/31/16 11:50:00","12/10/10 00:00:00",,,"H201320",,"Reprise extrapolation supérieure suite à crue fin mai 2016...en attente confirmation jaugeage"
995899,32,"12/31/93 00:00:00","12/31/95 00:00:00",-210,1250,"C10972",5,,"C",,,,,,,," "
995900,32,"12/31/95 00:00:00","04/01/97 00:00:00",-300,3000,"C96981",5,,"T",,,,,,,,
995901,32,"04/01/97 00:00:00","04/28/98 00:00:00",-300,3000,"C96982",4,,"T",,,,,,,,
995902,32,"04/28/98 00:00:00","05/04/98 00:00:00",0,2440,"C96983",4,,"T",,,,,,,,
995903,32,"05/04/98 00:00:00","09/21/98 00:00:00",-240,1625,"C96984",5,,"T",,,,,,,,
995904,32,"03/01/90 00:00:00","01/01/00 00:00:00",-300,800,"marct",8,,"C",,,,,,,,
995905,32,"09/21/98 00:00:00","07/30/99 00:00:00",-240,2095,"c9999",5,,"T",,,,,,,,
995906,32,"09/21/98 00:00:00","07/30/99 00:00:00",-100,2000,"c9999",8,,"T",,,,,,,,
995907,32,"01/01/98 00:00:00","12/31/99 00:00:00",-230,2090,"C2000",12,,"T",,,,,,,,
995908,32,"12/31/99 00:00:00","12/31/02 00:00:00",-210,2820,"H200002",10,,"T",,,,,,,,
995909,32,"01/01/59 00:00:00","12/31/50 00:00:00",-300,3140,"cglobale",3,,"T",,,,,,,,
995910,32,"01/01/74 00:00:00","12/31/74 00:00:00",-160,1690,"Csema74",8,,"T",,,,,,,,
995911,32,"01/01/73 00:00:00","12/31/73 00:00:00",-220,1290,"Csema73",12,,"T",,,,,,,,
995912,32,"01/01/76 00:00:00","12/31/76 00:00:00",-300,2000,"Csema76",7,,"T",,,,,,,,
995913,32,"07/01/81 00:00:00","12/15/83 00:00:00",-130,560,"Csema82",4,,"T",,,,,,,,
995914,32,"01/01/86 00:00:00","12/31/88 00:00:00",-250,2600,"Csema87",10,,"T",,,,,,,,
995915,32,"01/01/91 00:00:00","12/31/91 00:00:00",-300,1580,"Csema91",4,,"T",,,,,,,,
995916,32,"01/01/92 00:00:00","12/31/92 00:00:00",-250,1580,"Csema92",4,,"T",,,,,,,,
995917,32,"01/01/93 00:00:00","12/31/95 00:00:00",-300,3000,"200",7,,"T",,,,,,,,
995918,32,"01/01/93 00:00:00","12/31/93 00:00:00",-280,870,"Csema93",5,,"T",,,,,,,,
995919,32,"07/30/99 00:00:00","12/31/99 00:00:00",-300,1000,"marcp",10,,"T",,,,,,,,
995920,32,"03/17/01 00:00:00","10/31/01 00:00:00",-200,2000,"H200101",7,,"T",,,,,,,,
995921,32,"10/31/01 00:00:00","01/01/03 00:00:00",-210,2820,"H200201",9,,"T",,,,,,,,
995922,32,"01/01/03 00:00:00","04/15/03 00:00:00",-240,2820,"H200303",7,,"T",,,,,,,,
995923,32,"04/15/03 00:00:00","01/12/04 00:00:00",-250,2000,"H200307",6,,"T","01/29/04 00:00:00","01/29/04 09:18:00",,,,,,
995924,32,"01/12/04 00:00:00","06/15/04 00:00:00",-200,1550,"H200401",4,,"T",,"09/13/04 14:30:00","01/29/04 09:05:00",,,,,
995925,32,"06/15/04 00:00:00","09/01/04 00:00:00",-160,-115,"H200407",4,,"T","11/26/04 10:00:00","11/26/04 10:00:00","09/13/04 14:43:00",,,,,
995926,32,"01/01/85 00:00:00","12/31/85 00:00:00",-1050,2850,"Csema85",12,,"T",,"06/15/05 16:59:00",,,,,,
995927,32,"09/01/04 00:00:00","03/01/05 00:00:00",-160,1550,"H200409",5,,"T","03/30/06 00:00:00","06/20/05 15:31:00","09/13/04 14:54:00",,,,,
995928,32,"03/01/05 00:00:00","10/15/05 00:00:00",-240,1550,"H200510",6,,"T","08/22/05 09:20:00","12/13/05 11:42:00","06/20/05 15:00:00",,,,,
995929,32,"10/15/05 00:00:00","03/01/06 00:00:00",-105,2910,"H200509",6,,"T","12/13/05 11:26:00","03/21/06 11:29:00","12/13/05 11:24:00",,,,,
995930,32,"03/01/06 00:00:00","03/21/06 00:00:00",-240,1950,"H200606",3,,"T","04/03/06 10:10:00","04/03/06 10:11:00","03/14/06 08:58:00",,,,,
995931,32,"03/01/06 00:00:00","03/21/06 00:00:00",-240,1950,"H200606",3,,"T","04/03/06 10:10:00","06/06/06 16:04:00","03/14/06 08:58:00",,,,,
995932,32,"03/21/06 00:00:00","01/01/07 00:00:00",-350,2800,"H200607bd",6,,"T","01/09/07 11:05:00","01/24/07 11:32:00","11/13/06 10:00:00",,,,,
995933,32,"04/30/12 08:00:00","12/05/12 08:00:00",-600,1700,"H201212",10,,"T","12/14/12 12:01:00","01/21/13 15:15:00","12/10/10 00:00:00",,,,,"Courbe CTH"
995934,32,"01/01/07 00:00:00","08/08/07 00:00:00",-450,2800,"H200707cth",7,,"T","05/07/07 09:23:00","06/04/10 12:34:00","01/24/07 11:06:00",,,,,"Attention suite au changement de capteur de la rive gauche à la rive droite une nouvelle courbe de tarage débute au 01/01/2007"
995935,32,"08/08/07 00:00:00","04/20/08 01:00:00",-450,2800,"H200708",6,,"T","08/08/08 17:00:00","06/04/10 13:42:00","09/21/07 10:35:00",,,,,
995936,32,"04/26/08 23:00:00","05/27/08 01:00:00",-450,2800,"H200808",6,,"T","08/08/08 17:00:00","06/04/10 13:43:00","09/21/07 10:35:00",,,,,
995937,32,"05/27/08 23:00:00","01/25/09 00:00:00",-450,2800,"H200809P",5,,"T","07/10/09 10:28:00","06/04/10 13:45:00","08/08/08 14:09:00",,,,,
995938,32,"01/25/09 00:00:00","12/10/10 00:00:00",-587,2818,"H200910",8,,"T","03/07/11 15:41:00","03/11/11 11:27:00","10/04/10 15:57:00",,,,,
995939,33,"04/10/96 00:00:00","04/01/97 00:00:00",60,1920,"C10977",12,,"C",,,,,,,," "
995940,33,"08/31/98 00:00:00","01/01/00 00:00:00",90,2910,"H199901",5,,"T",,,,,,,,
995941,33,"04/30/98 00:00:00","08/31/98 00:00:00",60,2400,"C98991",7,,"T",,,,,,,,
995942,33,"05/28/97 00:00:00","11/01/97 00:00:00",60,2410,"C96981",7,,"T",,,,,,,,
995943,33,"11/01/97 00:00:00","04/30/98 00:00:00",350,2410,"H199701",8,,"T",,,,,,,,
995944,33,"11/01/97 00:00:00","04/30/98 00:00:00",350,2410,"H199701",5,,"T",,,,,,,,
995945,33,"04/01/97 00:00:00","05/28/97 00:00:00",60,2500,"C10978",16,,"C",,,,,,,," "
995946,33,"01/01/96 00:00:00","04/10/96 00:00:00",60,1450,"C10976",11,,"C",,,,,,,," "
995947,33,"01/01/95 00:00:00","01/01/96 00:00:00",30,2910,"C10975",16,,"C",,,,,,,," "
995948,33,"01/01/01 00:00:00","01/02/02 00:00:00",210,3750,"H200200",6,,"T",,,,,,,,
995949,33,"01/01/00 00:00:00","07/15/00 00:00:00",0,3600,"C200001",6,,"T",,,,,,,,
995950,33,"07/15/00 00:00:00","01/01/01 00:00:00",0,3750,"C200002",8,,"T",,,,,,,,
995951,33,"01/02/02 00:00:00","04/20/05 00:00:00",0,3750,"H200201",9,,"T","03/30/05 00:00:00","07/04/05 10:54:00",,,,,,
995952,33,"04/20/05 00:00:00","01/01/06 00:00:00",150,740,"H200505",9,,"T","12/19/05 16:24:00","01/05/06 15:13:00","07/04/05 10:56:00",,,,,
995953,33,"01/01/06 00:00:00","03/15/07 00:00:00",0,4000,"H200606",9,,"T","01/05/06 11:14:00","09/03/07 09:59:00","01/05/06 11:00:00",,,,,
995954,33,"03/15/07 00:00:00","10/04/07 00:00:00",-100,5000,"H200708F",7,,"T","02/26/08 15:47:00","02/26/08 15:47:00","01/08/07 09:49:00",,,,,"le début de validité correspond à la crue du 15/03
Le fin de validité correspond à la première petite montée après l'étiage (décollage de la végétation aquatique sur le contrôle)"
995955,33,"10/04/07 00:00:00","01/27/09 00:00:00",-50,5000,"H200720F",8,,"T","11/18/10 11:37:00","11/18/10 11:37:00","02/26/08 15:45:00",,,,,"Le début de validité correspond à la première petite montée après l'étiage (décollage de la végétation aquatique sur le contrôle)
Le fin de validité correspond au détarage suite à la crue du 27/01/2009"
995956,33,"01/27/09 00:00:00","11/21/10 00:00:00",0,5000,"H200920F",8,,"T","03/25/11 15:36:00","03/25/11 15:38:00","11/18/10 11:15:00",,,,,"Le début de validité correspond au détarage suite à la crue du 27/01/2009
La fin de validité correspond au détarage constaté après l'étiage 2010"
995957,33,"11/21/10 00:00:00","02/04/13 00:00:00",0,5000,"H201020F",12,,"T","02/15/13 11:10:00","01/06/15 16:28:00","03/23/11 15:00:00",,,,,"Le début de validité correspond au détarage constaté après l'étiage 2010"
995958,33,"04/22/14 00:00:00","02/02/15 00:00:00",0,5000,"H201420",10,,"T","02/06/15 14:50:00","03/12/15 11:11:00","02/18/13 09:40:00",,,,,"Le début de validité correspond au détarage constaté après la crue du 04/03/2014
La fin de validité correspond au détarage constaté après la crue du 02/02/2015"
995959,33,"02/04/13 00:00:00","04/22/14 00:00:00",0,5000,"H201320",14,,"T","02/28/14 10:06:00","03/20/15 11:27:00","02/18/13 09:40:00",,,,,"Le début de validité correspond au détarage constaté après la crue du 23/01/2013
la fin de validité correspond au détarage constaté après la crue du 04/03/2014"
995960,33,"02/02/15 00:00:00","09/01/15 00:00:00",10,5000,"H2015151",15,,"T","10/30/15 15:42:00","01/18/16 17:26:00","03/12/15 10:00:00",,,,,"Le début de validité correspond à la crue du 2 février 2015
La fin de de validité correspond à un détarage suite à une petite montée d'eau"
995961,33,"04/20/05 00:00:00","01/01/06 00:00:00",-50,3060,"H200524R",7,,"T",,"03/10/17 11:24:00","08/11/05 15:16:00",,,,0,
995962,33,"09/01/15 00:00:00","08/25/18 09:00:00",20,4500,"H201518",11,,"T","08/31/18 12:56:00","08/31/18 12:58:00","01/18/16 17:00:00",,,"H201518",0,"Le début de validité correspond à une petite montée d'eau. jaugeage à 3.87 pour 668 m3 courbe abaisé un peu mais débordement non jaugé. Reprise haut de courbe suite jaugeage du 03/06 ( 811 m3/s pour 4 m)... a affiner FG "
995968,39,"01/01/99 00:00:00","01/01/01 00:00:00",250,500,"etiage",3,,"T",,,,,,,,
995969,39,"01/01/98 00:00:00","12/31/00 00:00:00",350,1290,"c1999",3,,"T",,,,,,,,
995970,39,"09/18/11 22:00:00","02/03/12 00:00:00",120,2400,"H201120Q",11,,"T","05/21/12 15:00:00","02/15/13 11:36:00","03/02/12 17:00:00",,,,,"Le début de validité correspond à une manoeuvre supposée de l'ouvrage du moulin aval.
L'origine de la fin de validité est encore inconnue, déclarée pendant la période de gel."
995971,39,"01/01/08 00:00:00","09/18/11 22:00:00",120,2400,"H200820F",11,,"T","03/02/12 17:07:00","02/15/13 11:38:00","08/04/10 14:41:00",,,,,"Le début de validité correspond au début de l'année de remise en service de la station
Le fin de validité correspond à une manoeuvre supposée de l'ouvrage du moulin aval"
995972,39,"02/03/12 00:00:00","12/04/12 10:00:00",120,2400,"H201201F",10,,"T","02/15/13 11:13:00","04/02/13 11:11:00","05/14/12 11:45:00",,,,,"L'origine du début de validité est encore inconnue, déclarée pendant la période de gel.
La fin de validité correspond au détarage suite à la crue du 04/12/2012"
995973,39,"12/04/12 10:00:00","01/30/15 00:00:00",120,2400,"H201220",12,,"T","09/24/14 09:23:00","07/02/15 17:12:00","04/02/13 11:00:00",,,,,"Le début de validité correspond au détarage suite à la crue du 04/12/2012
La fin de validité correspond au détarage suite à la crue du 30/01/2015"
995974,39,"03/19/17 00:00:00","01/07/18 08:00:00",120,2400,"H201718",12,,"T","08/10/18 12:15:00","03/16/21 16:54:00","04/26/17 10:00:00",,,"H201718",0,"La début de validité correspond à un détarage du à la crue du 04/03/2017
La fin de validité correspond au détarage suite à la crue du 07/01/2018"
995975,39,"01/07/18 08:00:00","08/10/18 00:00:00",120,2400,"H201818",12,,"T","08/10/18 12:14:00","10/08/18 08:55:00","04/26/17 10:00:00",,,"H201818",0,"Le début de validité correspond au détarage suite à la crue du 07/01/2018
La fin de validité correspond à un détarage en basses eaux d'origine inconnu"
995976,39,"08/10/18 00:00:00","11/01/18 00:00:00",120,2400,"H2018181",12,,"T","10/08/18 10:00:00","12/20/18 17:07:00","10/08/18 08:50:00",,,"H2018181",0,"Le début de validité correspond à un détarage en basses eaux d'origine inconnu
Le fin de validité correspond à un détarage suite à un nettoyage du contrôle aval, échancrure moulin"
995977,39,"11/01/18 00:00:00","02/01/19 00:00:00",120,2400,"H201819",11,,"T","12/20/18 16:46:00","05/02/19 17:21:00","11/01/18 00:00:00",,,"H201819",0,"La fin de validité correspond à un détarrage survenue après le nettoyage d'une échancrure
"
995978,39,"01/30/15 00:00:00","04/20/16 00:00:00",200,2400,"H201520",12,,"T","05/23/16 08:20:00","03/10/21 14:00:00","10/16/15 17:00:00",,,"H201520",0,"La début de validité correspond au détarage suite à la crue du 30/01/2015"
995979,39,"04/20/16 00:00:00","03/19/17 00:00:00",160,2400,"H201620",12,,"T","11/07/16 17:23:00","03/10/21 14:02:00","07/29/16 11:00:00",,,"H201620",0,"La début de validité correspond à un détarage d'origine inconnu"
995980,39,"11/01/19 00:00:00","02/07/21 00:00:00",120,2400,"H201921",10,,"T","12/03/20 15:22:00","06/11/21 15:08:00","02/06/20 16:00:00",,,"H201921",0,"Le début de validité correspond à un détarage suite aux dépôts de matériaux sur le déversoir du moulin aval
La fin de validité correspond à un détarage suite  a la crue du 07:02:2021
"
995981,39,"02/07/21 00:00:00","05/01/22 11:59:00",200,2400,"H202123",10,,"T","02/21/23 12:00:00","02/21/23 08:11:00","02/07/21 12:00:00",,,"H202123",0,"Courbe détarage crue 07/02/2021
"
995983,39,"05/01/22 12:00:00","04/17/23 11:59:00",200,2400,"H202223",10,,"T","02/21/23 12:00:00","06/20/23 06:58:00","02/21/23 12:00:00",,,"H202350",0,"Le début de validité correspond à un détarage suite 
"
995984,39,"02/01/19 00:00:00","05/11/19 09:30:00",120,2400,"H201919-1",11,,"T","06/12/19 14:30:00","06/20/23 07:04:00","05/02/19 00:01:00",,,"H201919-1",0,"Le début de validité correspond à un détarage survenue lors d'une montée des eaux après le ne
ttoyage de l'échancrure d'un seuil en basses eaux."
995985,39,"05/11/19 09:30:00","11/01/19 00:00:00",120,2400,"H201919-2",12,,"T","10/02/19 17:09:00","06/20/23 07:04:00","05/02/19 00:01:00",,,"H201919-2",0,"Le début de validité correspond à un détarage (peut-être un colmatage volontaire ou pas de l'échancrure du déversoir aval) 

"
995986,40,"12/30/93 00:00:00","01/01/95 00:00:00",-310,1600,"C11002",25,,"C",,"11/23/12 10:51:00",,,,,,
995987,40,"01/01/95 00:00:00","01/01/97 00:00:00",-250,1600,"C11003",18,,"C",,"11/23/12 10:51:00",,,,,,
995988,40,"01/01/97 00:00:00","01/01/98 00:00:00",-300,1600,"C9797",7,,"T",,"11/23/12 10:51:00",,,,,,
995989,40,"01/01/98 00:00:00","01/01/99 00:00:00",-300,1600,"140",5,,"T",,"11/23/12 10:52:00",,,,,,
995990,40,"01/01/99 00:00:00","12/28/99 00:00:00",-300,2800,"H199999",5,,"T",,"11/23/12 11:30:00","05/31/06 14:56:00",,,,,
995991,40,"12/28/99 00:00:00","04/24/00 00:00:00",-300,2800,"H199900",5,,"T",,"11/23/12 11:30:00","05/29/06 00:00:00",,,,,
995992,40,"04/24/00 00:00:00","11/27/00 00:00:00",-300,2800,"H200000",6,,"T",,"11/23/12 11:30:00","05/31/06 00:00:00",,,,,
995993,40,"06/01/02 00:00:00","08/30/03 00:00:00",-400,2800,"H200203",7,,"T",,"11/23/12 11:31:00","05/30/06 00:00:00",,,,,
995994,40,"08/30/03 00:00:00","01/14/04 00:00:00",-350,2800,"H200304",7,,"T",,"11/23/12 11:31:00","05/24/06 00:00:00",,,,,
995995,40,"01/14/04 00:00:00","01/24/05 00:00:00",-400,2800,"H200405",7,,"T",,"11/23/12 11:31:00","02/09/06 00:00:00",,,,,
995996,40,"03/05/06 00:00:00","04/21/08 00:00:00",-350,2800,"H200626",9,,"T","12/15/08 18:02:00","11/23/12 11:31:00","05/24/06 00:00:00",,,,,"la fin de validité correspond au détarage suite à la crue du 21/04/2008"
995997,40,"04/21/08 00:00:00","01/25/09 00:00:00",-350,2800,"H200820F",9,,"T","12/15/08 18:02:00","11/23/12 11:31:00","12/15/08 18:00:00",,,,,"le début de validité correspond au détarage suite à la crue du 21/04/2008
le fin de validité correspond au détarage suite à la crue du 25/01/2009"
995998,40,"01/25/09 00:00:00","07/31/09 18:00:00",-350,2800,"H200920F",9,,"T","08/14/09 10:33:00","11/23/12 11:32:00","08/05/09 16:00:00",,,,,"le début de validité correspond au détarage suite à la crue du 25/01/2009. le fin de validité correspond au détarage suiteau barrage de pierre fait par les riverains sur le contrôle."
995999,40,"07/31/09 18:00:00","09/19/09 12:00:00",-300,2800,"H200921F",9,,"T","11/13/09 10:36:00","11/23/12 11:32:00","08/14/09 10:35:00",,,,,"le début de validité correspond au détarage suite au barrage de pierre fait par les riverains sur le contrôle.
la fin de validité correspond à l'arasement partiel du barrage de pierre."
996000,40,"09/19/09 12:00:00","10/10/09 00:00:00",-350,2800,"H200922F",8,,"T","11/13/09 11:00:00","11/23/12 11:32:00","09/25/09 17:21:00",,,,,"le début de validité correspond à l'arasement partiel du barrage de pierre.
la fin de validité correspond au colmatage d'une partie du seuil par les feuilles d'arbres et autres objets flottants"
996001,40,"10/10/09 00:00:00","12/23/09 00:00:00",-300,2800,"H200923F",9,,"T","01/05/10 14:32:00","11/23/12 11:32:00","11/13/09 10:37:00",,,,,"le début de validité correspond au détarage suite au colmatage d'une partie du seuil avec les feuilles d'arbres et autres corps flottants
la fin de validité correspond au détarage suite au nettoyage du seuil par petite crue"
996002,40,"12/01/16 16:00:00","10/04/17 15:00:00",-400,2800,"H201617",12,,"T","05/31/17 11:49:00","03/11/21 09:18:00","12/07/15 09:00:00",,,"H201617",0,"le début  de validité correspond au détarage suite à la destruction du seuil rustique fabriquer par les riverains
Idem pour la fin de validité
"
996003,40,"03/06/15 00:00:00","11/24/15 15:00:00",-400,2800,"H2015151",12,,"T","12/07/15 10:44:00","03/11/21 09:20:00","06/05/15 10:00:00",,,"H2015151",0,"le début  de validité correspond au détarage suite à la crue du 28/02/2015
La fin de validité correspond au détarage suite à la destruction du seuil rustique fabriquer par les riverains
"
996004,40,"07/02/10 15:00:00","08/13/10 20:30:00",-350,2800,"H201001F",10,,"T","11/04/10 16:54:00","11/23/12 11:32:00","07/13/10 11:00:00",,,,,"le début de validité correspond au détarage suite à la rehausse du seuil de pierre par les riverains
La fin de validité correspond à la relative stabilité du contrôle après plusieurs interventions de riverains"
996005,40,"11/27/00 00:00:00","08/06/01 00:00:00",-100,2800,"H200001",6,,"T",,"11/23/12 11:43:00","05/29/06 00:00:00",,,,,
996006,40,"08/06/01 00:00:00","06/01/02 00:00:00",-230,2800,"H200102",6,,"T",,"11/23/12 11:43:00","05/29/06 00:00:00",,,,,
996007,40,"12/23/09 00:00:00","07/02/10 15:00:00",-250,2800,"H200924F",9,,"T","07/13/10 11:31:00","11/23/12 14:10:00","01/05/10 11:26:00",,,,,"le début de validité correspond au détarage suite au nettoyage du seuil par petite crue
la fin de validité correspond au détarage suite à la rehausse du seuil de pierre par les riverains"
996008,40,"01/24/05 00:00:00","07/01/05 00:00:00",-300,2800,"H200505",6,,"T",,"11/23/12 14:28:00","05/24/06 00:00:00",,,,,
996009,40,"07/01/05 00:00:00","03/05/06 00:00:00",-300,2800,"H200506",6,,"T",,"11/23/12 14:28:00","05/24/06 00:00:00",,,,,
996010,40,"08/13/10 20:30:00","12/24/10 17:00:00",-300,2800,"H201002F",11,,"T","11/04/10 17:12:00","02/15/13 15:47:00","11/04/10 17:00:00",,,,,"le début de validité correspond à la relative stabilité du contrôle après plusieurs interventions de riverains
la fin de validité correspond au détarage suite à la crue du 24/12/2010"
996011,40,"12/24/10 17:00:00","08/09/13 00:00:00",-350,2800,"H201003Q",9,,"T","05/31/13 10:15:00","08/23/13 09:06:00","02/18/11 00:00:00",,,,,"le début de validité correspond au détarage suite à la crue du 24/12/2010
la fin de validité correspond au détarage suite à la montée des eaux (le seuil réhaussé par riverains s'est effondré en partie)"
996012,40,"08/09/13 00:00:00","02/12/14 00:00:00",-350,2800,"H201301",10,,"T","08/23/13 09:06:00","06/20/14 18:03:00","08/23/13 09:00:00",,,,,"le début  de validité correspond au détarage suite à la montée des eaux (le seuil réhaussé par riverains s'est effondré en partie)
la fin de validité correspond au détarage suite à la petite crue du 12/02/2014"
996013,40,"02/12/14 00:00:00","07/05/14 00:00:00",-350,2800,"H2014141",10,,"T","06/20/14 17:57:00","08/05/14 13:37:00","06/20/14 17:50:00",,,,,"le début  de validité correspond au détarage suite à la petite crue du 12/02/2014
la fin de validité correspond au détarage suite à une modification du contrôle"
996014,40,"07/05/14 00:00:00","03/06/15 00:00:00",-350,2800,"H201420",12,,"T","09/24/14 09:04:00","06/05/15 13:51:00","08/05/14 10:00:00",,,,,"le début  de validité correspond au détarage suite à une modification du contrôle"
996015,40,"10/04/17 15:00:00","10/23/18 10:30:00",-400,3000,"H201720",12,,"T","11/12/18 15:03:00","11/16/18 15:03:00","12/05/17 15:00:00",,,"H201720",0,"le début et la fin  de validité correspond au détarage suite à la destruction du seuil rustique fabriquer par les riverains
"
996016,40,"10/23/18 10:30:00","02/02/19 00:00:00",-400,3000,"H201819",11,,"T","11/16/18 14:55:00","06/27/19 11:34:00","11/16/18 14:10:00",,,"H201819",0,"le début  de validité correspond au détarage suite à la destruction du seuil rustique fabriquer par les riverains
la fin de validité correspond au détarage suite à la plus forte montée hivernale"
996017,40,"11/24/15 15:00:00","12/01/16 16:00:00",-400,2800,"H2015152",13,,"T","05/31/17 11:49:00","03/10/21 16:37:00","12/07/15 09:00:00",,,"H2015152",0,"le début  de validité correspond au détarage suite à la destruction du seuil rustique fabriquer par les riverains
Idem pour la fin de validité
"
996018,40,"02/02/19 00:00:00","10/01/22 00:01:00",-400,3000,"H201922",14,,"T","02/10/23 16:00:00","02/22/23 14:41:00","02/02/19 00:00:00",,,"H201922",0,"modification hautes eaux 
"
996020,84,"01/01/94 00:00:00","02/15/95 00:00:00",-150,1500,"c9495",8,,"T",,,,,,,,
996021,84,"11/18/99 00:00:00","10/24/01 00:00:00",-200,2750,"H199901",5,,"T",,,,,,,,
996022,84,"03/25/98 00:00:00","11/18/99 00:00:00",-200,2750,"H199899",5,,"T",,,,,,,,
996023,84,"02/15/95 00:00:00","02/07/96 00:00:00",-100,2650,"c9596",7,,"T",,,,,,,,
996024,84,"02/07/96 00:00:00","02/19/97 00:00:00",-100,2650,"c9697",11,,"T",,,,,,,,
996025,84,"02/19/97 00:00:00","03/25/98 00:00:00",-160,2650,"C9798",8,,"T",,,,,,,,
996026,84,"10/24/01 00:00:00","03/01/02 00:00:00",-200,2750,"H200102",6,,"T",,,,,,,,
996027,84,"03/01/02 00:00:00","12/31/03 00:00:00",-200,2750,"H200203",6,,"T",,,,,,,,
996029,84,"01/01/12 00:00:00","05/02/13 00:00:00",-200,2750,"H201213",11,,"T","12/10/12 10:02:00","02/26/16 09:34:00","01/01/12 00:00:00",,,,,"Début des données hauteur le 21/09/2012
Extrapolation haute suivant le jaugeage réalisé en février 2016."
996030,84,"05/02/13 00:00:00","11/16/14 00:00:00",-200,2750,"H201314",9,,"T","12/19/14 10:41:00","03/29/16 15:16:00","01/01/12 00:00:00",,,"H201314",0,
996031,84,"11/16/14 00:00:00","07/23/16 00:00:00",-200,2750,"H201416",10,,"T","02/22/16 16:01:00","03/21/17 09:44:00","11/16/14 00:00:00",,,"H201416",0,"Détarage suite a une longue période d'étiage."
996584,150,"06/16/20 14:30:00","01/02/22 08:00:00",-750,7700,"H202022",10,,"T","09/05/22 15:06:00","09/05/22 15:07:00","01/14/19 11:00:00",,,"H202022",0,"
"
996585,150,"01/02/22 08:00:00","06/30/22 00:00:00",-750,7700,"H202222",11,,"T","10/07/22 09:20:00","11/22/22 11:35:00","01/14/19 11:00:00",,,"H202222",0,"nouvelle courbe

"
996586,150,"01/01/85 00:00:00","12/31/87 00:00:00",-700,4700,"C8587",4,,"T",,,,,,,,
996587,150,"01/01/88 00:00:00","04/30/90 00:00:00",-750,4700,"C8890",3,,"T",,,,,,,,
996588,150,"04/30/90 00:00:00","07/31/91 00:00:00",-750,4600,"C9091",7,,"T",,,,,,,,"TRAVAUX ENTRE JUILLET 1991 ET JANVIER 1992"
996589,150,"04/01/92 00:00:00","12/31/95 00:00:00",-750,1060,"C9295",8,,"T",,,,,,,,"REPRISE DE LA COURBE APRES TRAVAUX"
996590,150,"09/15/98 00:00:00","01/26/00 00:00:00",-500,4600,"C9800",6,,"T",,,,,,,,
996591,150,"01/01/00 00:00:00","05/12/01 12:00:00",-300,4500,"C200002",7,,"T",,,,,,,,
996592,150,"09/10/74 00:00:00","01/01/77 00:00:00",-600,4700,"C7477",8,,"T",,,,,,,,
996593,150,"08/01/59 00:00:00","07/01/61 00:00:00",-850,5100,"C195969M",9,,"T",,,,,,,,
996594,150,"07/15/52 00:00:00","08/01/59 00:00:00",-800,5000,"C195259M",9,,"T",,,,,,,,
996595,150,"01/01/48 00:00:00","07/15/52 00:00:00",-800,5100,"C194853M",9,,"T",,,,,,,,
996596,150,"01/01/63 00:00:00","10/20/63 00:00:00",-850,5100,"C196363M",9,,"T",,,,,,,,
996597,150,"10/20/63 00:00:00","01/01/64 00:00:00",-850,5100,"C196364M",9,,"T",,,,,,,,
996598,150,"01/01/64 00:00:00","04/01/67 00:00:00",-850,5100,"C196467M",9,,"T",,,,,,,,
996599,150,"07/01/61 00:00:00","01/01/63 00:00:00",-850,5100,"C196163M",10,,"T",,,,,,,,
996600,150,"04/01/67 00:00:00","07/01/69 00:00:00",-850,5100,"C196769M",9,,"T",,,,,,,,
996601,150,"07/01/69 00:00:00","08/01/70 00:00:00",-900,5100,"C196970M",8,,"T",,,,,,,,
996602,150,"08/01/70 00:00:00","08/01/71 00:00:00",-850,5100,"C197071M",7,,"T",,,,,,,,
996603,150,"08/01/71 00:00:00","11/30/72 00:00:00",-1140,2000,"C197172M",9,,"T",,,,,,,,
996604,150,"11/30/72 00:00:00","12/29/73 00:00:00",-1140,4700,"C197273M",10,,"T",,,,,,,,
996605,150,"12/29/73 00:00:00","03/01/75 00:00:00",-1140,4700,"C197375M",10,,"T",,,,,,,,
996606,150,"03/01/75 00:00:00","12/06/76 00:00:00",-1140,5200,"C197576M",10,,"T",,,,,,,,
996607,150,"01/01/77 00:00:00","03/01/80 00:00:00",-1140,4700,"C197780R",6,,"T",,,,,,,,
996608,150,"03/01/80 00:00:00","12/31/84 00:00:00",-1140,4700,"C8084",6,,"T",,,,,,,,
996609,150,"01/01/00 00:00:00","05/12/01 12:00:00",-650,5000,"C200001",7,,"T",,,,,,,,
996610,150,"01/01/96 00:00:00","09/15/98 00:00:00",-700,4000,"C199698M",5,,"T",,,,,,,,
996611,150,"07/25/01 00:00:00","01/07/03 00:00:00",-800,4300,"H200102",7,,"T",,,,,,,,"reprise du barême au 25/07/2001 suite à la réparation de la prise d'eau"
996612,150,"07/01/04 00:00:00","12/20/04 00:00:00",-800,6500,"H200404G",6,,"T",,"07/13/05 16:38:00","07/13/05 16:38:00",,,,,
996613,150,"01/01/00 00:00:00","08/29/01 00:00:00",-650,5000,"C200001R",7,,"T",,"11/25/10 12:23:00",,,,,,
996614,150,"09/15/07 00:00:00","11/06/08 12:00:00",-500,6000,"H200708G",9,,"T","07/07/09 15:43:00","12/28/11 14:16:00","07/07/09 15:43:00",,,,,
996615,150,"12/06/03 00:00:00","07/01/04 00:00:00",-1150,7700,"H200304R",6,,"T",,"12/28/11 14:17:00","12/16/04 18:06:00",,,,,
996616,150,"01/07/03 00:00:00","12/06/03 00:00:00",-1150,7000,"H200303R",12,,"T","12/08/03 09:53:00","12/28/11 14:18:00",,,,,,
996617,150,"12/20/04 00:00:00","04/13/06 12:00:00",-1180,7700,"H200406T",7,,"T","01/19/06 16:15:00","12/28/11 14:44:00","06/21/05 08:59:00",,,,,
996618,150,"11/06/08 12:00:00","12/16/10 16:00:00",-1180,7700,"H200810J",7,,"T","11/24/10 09:36:00","12/28/11 14:54:00","07/07/09 10:59:00",,,,,
996619,150,"04/13/06 12:00:00","09/15/07 00:00:00",-1180,7700,"H200607G",7,,"T","08/11/08 11:46:00","12/28/11 14:57:00","06/21/05 08:59:00",,,,,"nouvelle courbe 
methode stream pro confirme avec correlation givry gien orleans"
996620,150,"12/16/10 16:00:00","05/07/13 08:00:00",-1200,7700,"A201013",10,,"T","05/27/13 11:41:00","09/23/13 10:28:00","07/07/09 10:59:00",,,,,"Nouvelle courbe suite crue décembre 2010 
(détarage des jaugeages d'avril 2011)"
996621,150,"05/07/13 08:00:00","01/04/16 08:00:00",-1200,7700,"H201316",8,,"T","02/29/16 15:41:00","01/14/19 10:46:00","02/11/14 14:00:00",,,"H201316",0,
996622,150,"01/04/16 08:00:00","11/09/18 08:00:00",-1200,7700,"H201618",12,,"T","01/14/19 10:46:00","03/04/19 14:48:00","01/04/16 14:00:00",,,"H201618",0,
996623,150,"11/09/18 08:00:00","12/27/19 00:00:00",-1200,7700,"H201819",13,,"T","01/08/20 08:15:00","01/24/20 14:34:00","01/14/19 11:00:00",,,"H201819",0,
996624,150,"12/27/19 00:00:00","06/16/20 14:30:00",-1200,7700,"H201920",13,,"T","06/05/20 12:05:00","07/16/20 15:10:00","01/14/19 11:00:00",,,"H201920",0,"détarage en eaux moyennes suite aux petites crues d'automne- hiver 2019"
996627,151,"01/01/17 00:00:00","01/01/18 00:00:00",12,5000,"B0001",100,,"C",,,,,,,,"h/q Baratin : Qmaxpost"
996628,151,"11/09/18 08:00:00","12/27/19 00:00:00",-380,6700,"H201819",6,,"T","01/08/20 08:19:00","01/24/20 14:45:00","02/11/14 14:00:00",,,"H201819",0,"Période de crue extrapolée à l'aide du logiciel Baratin."
996629,151,"12/27/19 00:00:00","06/16/20 14:30:00",-380,6700,"H201920",6,,"T","02/22/21 10:53:00","02/22/21 10:53:00","02/11/14 14:00:00",,,"H201920",0,
996630,151,"06/16/20 14:30:00","12/31/50 00:00:00",350,6000,"H202050",6,,"T","05/03/21 11:51:00","05/03/21 11:51:00","02/11/14 14:00:00",,,"H202050",0,
996631,151,"01/01/84 00:00:00","08/01/91 00:00:00",100,5400,"K8491",8,,"T",,,,,,,,
996632,151,"01/01/85 00:00:00","12/31/87 00:00:00",250,5000,"C8587",5,,"T",,,,,,,,
996633,151,"01/01/88 00:00:00","07/07/90 00:00:00",200,5500,"C8890",5,,"T",,,,,,,,
996634,151,"07/08/90 00:00:00","07/31/91 00:00:00",-100,5000,"C9091",5,,"T",,,,,,,,
996635,151,"08/01/91 00:00:00","12/31/91 00:00:00",150,1500,"C9191",6,,"T",,,,,,,,"COURBE TRAVAUX PONT"
996636,151,"01/01/92 00:00:00","12/31/92 00:00:00",200,5000,"C9292",5,,"T",,,,,,,,
996637,151,"01/01/93 00:00:00","12/31/93 00:00:00",100,5500,"C9393",5,,"T",,,,,,,,
996638,151,"01/01/97 00:00:00","09/15/98 00:00:00",100,5500,"C9798",5,,"T",,,,,,,,
996639,151,"01/01/94 00:00:00","01/01/97 00:00:00",150,5500,"C9496",4,,"T",,,,,,,,
996640,151,"09/15/98 00:00:00","01/26/00 00:00:00",100,5500,"H199800",5,,"T",,,,,,,,"DETARRAGE EN ETIAGE"
996641,151,"10/01/83 00:00:00","01/01/85 00:00:00",100,5600,"R198384",5,,"T",,,,,,,,
996642,151,"12/06/03 00:00:00","07/01/04 00:00:00",-200,6500,"H200304R",5,,"T",,"06/28/05 10:26:00","06/28/05 10:18:00",,,,,
996643,151,"07/01/04 00:00:00","12/20/04 00:00:00",-200,6500,"H200404",5,,"T",,"06/28/05 10:35:00","06/28/05 10:23:00",,,,,
996644,151,"11/07/08 00:00:00","09/20/09 00:00:00",-380,6700,"H200809P",6,,"T","08/18/09 16:37:00","08/02/10 10:42:00","08/09/06 00:00:00",,,,,"courbe provisoire"
996645,151,"09/20/09 00:00:00","12/16/10 04:00:00",-380,6700,"H200910J",6,,"T","11/24/10 09:41:00","05/06/11 12:15:00","08/09/06 00:00:00",,,,,
996646,151,"09/15/07 00:00:00","11/07/08 00:00:00",-380,6700,"H200708p",6,,"T","08/12/08 11:46:00","12/28/11 15:08:00","08/09/06 00:00:00",,,,,"courbe provisoire"
996647,151,"04/13/06 00:00:00","09/15/07 00:00:00",-380,6700,"H200607p",7,,"T","08/12/08 11:44:00","12/28/11 15:08:00","08/09/06 00:00:00",,,,,"courbe provisoire"
996648,151,"12/20/04 00:00:00","04/13/06 00:00:00",-380,6700,"H200406p",7,,"T","01/19/06 16:18:00","12/28/11 15:09:00","06/28/05 00:00:00",,,,,
996649,151,"01/07/03 00:00:00","12/06/03 00:00:00",0,6000,"H200303R",6,,"T","12/08/03 09:50:00","12/28/11 15:09:00",,,,,,"nouvelle cb en sommeil"
996650,151,"12/04/01 00:00:00","01/07/03 00:00:00",0,5500,"H200103",7,,"T",,"12/28/11 15:10:00",,,,,,"CHANGEMENT DE COURBE A PARTIR DE 400 M3/S
HAUT DE COURBE MR"
996651,151,"01/26/00 00:00:00","12/04/01 00:00:00",200,5300,"H200001",7,,"T",,"12/28/11 15:10:00",,,,,," DETARAGE  aprés crue janvier 2000 pour l'étiage défaut station hauteur reprise appareil 26/01/2000

Attention détarage crue en 2001 HAUT DE COURBE MR
"
996652,151,"12/16/10 04:00:00","05/07/13 08:00:00",-380,6700,"A201013",8,,"T","05/27/13 11:42:00","09/23/13 10:48:00","08/09/06 00:00:00",,,,,"Nouvelle courbe suite crue décembre 2010
(détarage des jaugeages d'avril 2011) et très basses eaux juillet 2011"
996653,151,"05/07/13 08:00:00","01/04/16 08:00:00",-380,6700,"H201316",8,,"T","01/25/16 10:21:00","07/25/16 15:17:00","02/11/14 14:00:00",,,"H201316",0,"Nouvelle courbe "
996654,151,"01/04/16 08:00:00","11/27/16 02:00:00",-380,6700,"H201616",6,,"T","11/10/17 11:35:00","11/10/17 12:04:00","11/10/17 11:00:00",,,"H201616",0,"Courbe suite début  envasement"
996655,151,"11/27/16 02:00:00","09/03/17 12:00:00",-380,6700,"H201617",8,,"T","05/02/18 17:02:00","05/04/18 15:27:00","02/11/14 14:00:00",,,"H201617",0,
996656,151,"09/03/17 12:00:00","11/09/18 08:00:00",-380,6700,"H201718",7,,"T","01/14/19 11:44:00","03/04/19 15:00:00","02/11/14 14:00:00",,,"H201718",0,"Nouvelle courbe suite détarage constaté.
Envasement de la prise pression et échellel."
996657,151,"01/01/17 00:00:00","01/01/18 00:00:00",12,5000,"B0001_inf",100,,"C",,,,,,,,"h/q Baratin : Qmin"
996658,151,"01/01/17 00:00:00","01/01/18 00:00:00",12,5000,"B0001_sup",100,,"C",,,,,,,,"h/q Baratin : Qmax"
996680,162,"05/01/97 00:00:00","07/17/98 00:00:00",1910,2030,"9801",2,,"T",,,,,,,,
996681,162,"07/17/98 00:00:00","01/01/99 00:00:00",1750,3390,"9802",4,,"T",,,,,,,,
996682,162,"01/01/99 00:00:00","04/04/00 00:00:00",1750,3900,"99/01",4,,"T",,,,,,,,
996683,162,"04/04/00 00:00:00","12/31/50 00:00:00",1680,3390,"K00/01",5,,"T",,,,,,,,
996684,162,"04/04/00 00:00:00","12/31/50 00:00:00",1680,3390,"C200050R",6,,"T",,,,,,,,
996985,171,"01/01/00 00:00:00","11/27/02 00:00:00",550,6500,"H200010R",7,,"T","12/05/03 15:18:00","12/23/08 16:15:00","12/05/03 15:18:00",,,,,
996986,171,"11/27/02 00:00:00","08/01/03 12:00:00",550,6500,"H200210R",7,,"T","10/21/04 11:56:00","12/23/08 16:16:00","12/05/03 15:18:00",,,,,
996987,171,"08/01/03 12:00:00","07/20/04 12:00:00",550,6500,"H200304",7,,"T","10/21/04 11:56:00","12/23/08 16:17:00","12/05/03 15:18:00",,,,,
996988,171,"07/20/04 12:00:00","04/19/05 15:00:00",800,6500,"H200404G",7,,"T","08/09/06 09:50:00","12/23/08 16:18:00","03/27/06 10:25:00",,,,,
996989,171,"08/01/06 00:00:00","04/01/07 00:00:00",800,6500,"H200607",6,,"T","07/07/08 17:40:00","12/23/08 16:20:00","03/27/06 10:25:00",,,,,
996990,171,"04/19/05 15:00:00","08/01/06 00:00:00",800,6500,"H200506",7,,"T","08/09/06 09:50:00","12/23/08 16:35:00","03/27/06 10:25:00",,,,,
996991,171,"04/01/07 00:00:00","11/05/08 20:00:00",800,6500,"H200708",6,,"T","12/23/08 16:24:00","01/08/10 15:56:00","06/17/08 00:00:00",,,,,
996992,171,"11/05/08 20:00:00","01/08/12 08:00:00",480,6500,"H200812",8,,"T","11/24/10 10:15:00","02/03/12 11:07:00","12/22/08 15:22:00",,,,,"nouvelle suite détarage après crue à confirmer"
996993,171,"01/08/12 08:00:00","05/23/13 08:00:00",480,6500,"H201213",8,,"T","03/10/17 13:53:00","03/10/17 14:08:00","03/10/17 00:00:00",,,"H201213",0,"nouvelle courbe suite pique debut janvier 2012."
996994,171,"05/23/13 08:00:00","01/08/15 08:00:00",480,6500,"H201315",8,,"T","03/10/17 14:06:00","03/10/17 14:09:00","03/10/17 00:00:00",,,"H201315",0,
996995,171,"01/08/15 08:00:00","11/25/16 08:00:00",480,6500,"H201516",8,,"T","11/07/17 11:41:00","11/06/18 13:52:00","12/22/08 15:22:00",,,"H201516",0,
996996,171,"11/25/16 08:00:00","01/24/18 16:30:00",480,6500,"H201618",11,,"T","02/25/19 11:18:00","02/25/19 11:18:00","12/22/08 15:22:00",,,"H201618",0,
996997,171,"01/24/18 16:30:00","09/13/18 20:00:00",480,6500,"H201818",12,,"T","02/28/19 09:19:00","02/28/19 09:20:00","02/28/18 09:15:00",,,"H201818",0,"Modification courbe eaux moyennes -étiage suite crue du 24 janvier 2018"
996998,171,"09/13/18 20:00:00","12/26/19 05:00:00",480,6500,"H201819",12,,"T","07/12/19 14:58:00","01/20/20 08:48:00","02/28/18 09:00:00",,,"H201819",0,"Modification courbe eaux moyennes -étiage suite nettoyage bancs de sables et berges"
996999,171,"12/26/19 05:00:00","02/04/21 00:00:00",750,6500,"H201921",11,,"T","01/28/21 12:03:00","04/23/21 11:05:00","02/28/18 09:00:00",480,7000,"H201921",0,
997001,171,"04/17/23 01:00:00","12/16/23 00:00:00",780,6500,"H202323",11,,"T","10/06/23 12:13:00","02/12/24 16:54:00","08/07/23 15:00:00",480,7000,"H202323",0,
997003,171,"12/16/23 00:00:00","04/04/24 14:00:00",780,6500,"H202324",7,,"T","04/19/24 15:45:00","04/19/24 15:47:00","08/07/23 15:00:00",480,7000,"H202324",0,
997060,178,"07/31/02 22:00:00","11/18/03 19:34:00",-2400,4600,"R200203",10,,"T",,"11/25/11 14:53:00","11/22/11 16:16:00",,,,,
997061,178,"04/30/01 22:00:00","07/31/02 22:00:00",-2400,4600,"R200102",10,,"T",,"11/25/11 14:53:00","11/22/11 16:16:00",,,,,
997062,178,"10/16/99 23:52:00","04/30/01 22:00:00",-2400,4600,"R199901",10,,"T",,"11/25/11 14:54:00","11/22/11 16:16:00",,,,,
997063,178,"10/24/98 16:45:00","10/16/99 23:52:00",-2400,4600,"R199899",10,,"T",,"11/25/11 14:54:00","11/22/11 16:16:00",,,,,
997064,178,"11/11/96 03:36:00","10/24/98 16:45:00",-2400,4600,"R199698",7,,"T",,"11/25/11 14:54:00","11/22/11 16:16:00",,,,,
997065,178,"11/30/95 23:00:00","11/11/96 03:36:00",-2400,4600,"R199596",11,,"T",,"11/25/11 14:54:00","11/22/11 16:16:00",,,,,
997066,178,"04/19/95 02:00:00","11/30/95 23:00:00",-2400,4600,"R199595",7,,"T",,"11/25/11 14:54:00","11/22/11 16:16:00",,,,,
997067,178,"10/31/94 23:00:00","04/19/95 02:00:00",-2400,4600,"R199495",6,,"T",,"11/25/11 14:54:00","11/22/11 16:16:00",,,,,
997068,178,"11/18/03 19:34:00","03/13/06 23:00:00",-2400,4600,"R200306",10,,"T",,"11/28/11 16:41:00","11/22/11 16:16:00",,,,,
997069,178,"03/13/06 23:00:00","06/16/08 06:00:00",-2400,4950,"B200608",8,,"T",,"01/09/12 11:30:00","11/28/11 16:44:00",,,,,"station à herbes, CTH en 2006,2007,2008"
997070,178,"06/16/08 06:00:00","01/01/12 18:10:00",-2400,4950,"R200812R",6,,"T",,"01/30/12 09:22:00","11/28/11 16:44:00",,,,,"station à herbes, CTH en 2006,2007,2008,2009,2010,2011"
997071,178,"01/01/12 18:10:00","02/28/15 22:00:00",-2400,4950,"H201215",11,,"T","12/29/14 11:23:00","04/17/15 11:15:00","11/28/11 16:44:00",,,,,"station à herbes, CTH en 2012
CTH en 2013 en février pb découlement avec l'yevre"
997072,178,"02/28/15 22:00:00","11/04/16 12:00:00",-2400,4950,"H201516",12,,"T","02/17/17 11:36:00","02/17/17 11:36:00","11/28/11 16:44:00",,,"H201516",0,
997074,178,"02/28/15 22:00:00","11/04/16 12:00:00",-2400,4950,"H201516",12,,"T",,,,,,"H201516",,
997078,179,"10/01/61 00:00:00","11/01/64 00:00:00",-550,6100,"C196164",9,,"T",,,,,,,,
997079,179,"05/27/59 00:00:00","08/01/61 00:00:00",-410,6100,"C195961",5,,"T",,,,,,,,
997080,179,"07/01/57 00:00:00","05/27/59 00:00:00",-480,6100,"C195759",5,,"T",,,,,,,,
997081,179,"09/01/55 00:00:00","07/01/57 00:00:00",-400,6100,"C195557",6,,"T",,,,,,,,
997082,179,"01/01/54 00:00:00","09/01/55 00:00:00",-300,6100,"C195455",6,,"T",,,,,,,,
997083,179,"10/08/84 09:00:00","09/11/85 00:00:00",-200,6100,"H198485",14,,"T",,,,,,,,
997084,179,"06/04/84 12:00:00","10/08/84 09:00:00",-200,6100,"H198484",13,,"T",,,,,,,,
997085,179,"09/30/83 00:00:00","06/04/84 12:00:00",-200,6100,"H198384",15,,"T",,,,,,,,
997086,179,"02/21/77 08:00:00","02/28/83 00:00:00",-1300,6100,"H197783",9,,"T",,,,,,,,
997087,179,"02/14/75 10:00:00","02/21/77 08:00:00",-1300,6100,"H197577",9,,"T",,,,,,,,
997088,179,"06/29/70 18:00:00","02/14/75 10:00:00",-950,6100,"H197075",6,,"T",,,,,,,,
997089,179,"01/08/68 12:00:00","06/29/70 18:00:00",-1000,6100,"H196870",8,,"T",,,,,,,,
997090,179,"06/02/67 00:00:00","01/08/68 12:00:00",-1000,6100,"H196768",8,,"T",,,,,,,,
997091,179,"11/01/64 00:00:00","06/01/67 00:00:00",-800,6100,"H196467",8,,"T",,,,,,,,
997092,179,"02/28/83 00:00:00","09/30/83 00:00:00",-900,6080,"H198383",5,,"T",,,,,,,,
997093,179,"12/29/90 12:00:00","04/10/93 00:00:00",180,3500,"H199093",9,,"T",,,,,,,,
997094,179,"10/12/88 16:00:00","12/29/90 12:00:00",10,6100,"H198890",11,,"T",,,,,,,,
997095,179,"04/05/87 11:00:00","10/12/88 16:00:00",80,6100,"H198788",10,,"T",,,,,,,,
997096,179,"10/03/85 12:00:00","04/05/87 11:00:00",80,6100,"H198587",10,,"T",,,,,,,,
997097,179,"09/11/85 00:00:00","10/03/85 12:00:00",-100,6100,"H198585",13,,"T",,,,,,,,
997098,179,"04/10/93 00:00:00","10/14/96 12:00:00",130,6100,"H199396",10,,"T",,,,,,,,
997099,179,"10/14/96 12:00:00","11/12/96 23:00:00",201,500,"H199696",6,,"C",,,,,,,,"courbe transitoire suite à travaux enrochements"
997100,179,"11/12/96 23:00:00","08/20/98 00:00:00",170,6100,"H199698",9,,"T",,,,,,,,
997101,179,"12/03/03 00:00:00","08/31/05 00:00:00",230,5550,"H200305G",12,,"T","02/09/07 10:05:00","03/12/07 09:50:00","11/24/04 11:02:00",,,,,
997102,179,"08/31/05 00:00:00","03/03/07 12:00:00",230,5550,"H200507G",11,,"T","06/10/08 10:48:00","01/04/12 11:44:00","03/12/07 00:00:00",,,,,
997103,179,"03/03/07 12:00:00","11/04/08 12:00:00",230,5550,"H200708G",10,,"T","11/25/09 10:14:00","01/04/12 11:45:00","04/10/08 00:00:00",,,,,
997104,179,"11/04/08 12:00:00","11/17/10 15:00:00",230,5550,"H200810J",11,,"T","09/16/11 11:29:00","01/04/12 11:54:00","11/23/10 10:00:00",,,,,"courbe modifiée suite crue novembre 2008"
997105,179,"11/17/10 15:00:00","01/19/12 04:00:00",230,5550,"H201012",10,,"T","05/29/12 11:48:00","07/30/12 11:00:00","11/23/10 10:00:00",,,,,"courbe modifiée suite jaugeage du 03/01/2012"
997106,179,"08/20/98 00:00:00","12/03/03 00:00:00",210,6000,"H199850G",13,,"T",,"04/08/15 12:34:00","12/17/03 10:26:00",,,,,
997107,179,"01/19/12 04:00:00","07/29/13 12:00:00",230,5550,"H201213",12,,"T","12/15/14 10:43:00","03/06/17 10:26:00","11/23/10 10:00:00",,,"H201213",0,"Nouvelle courbe suite crue de janvier 2012."
997108,179,"07/29/13 12:00:00","11/06/14 10:30:00",230,5550,"H201314",9,,"T","10/17/16 10:43:00","03/06/17 10:27:00","10/17/16 10:00:00",,,"H201314",0,
997109,179,"11/06/14 10:30:00","12/02/20 19:55:00",240,5000,"H201420",10,,"T","12/03/19 08:45:00","01/22/21 10:00:00","10/17/16 10:30:00",,,"H201420",0,
997110,179,"12/31/21 15:00:00","06/26/22 15:20:00",240,5000,"H202122",10,,"T","01/05/23 10:31:00","01/05/23 11:03:00","10/17/16 10:30:00",,,"H202122",0,"PG"
997111,179,"12/02/20 19:55:00","12/31/21 15:00:00",276,5000,"H202021",9,,"T","01/03/23 15:38:00","01/26/23 16:19:00","10/17/16 10:30:00",,,"H202021",0,"Modification de la CT suite crue 30/12/2021 eaux moyennes  un détarrage constaté"
997112,179,"06/26/22 15:20:00","04/19/50 00:00:00",240,5000,"H202250",10,,"T","12/15/23 12:44:00","02/26/24 09:16:00","01/05/23 10:30:00",,,"H202250",0,"Modification de la CT en eaux moyennes suite à un détarrage constaté
ajustement CT supervision suite jaugage crue 15/12/2023"
997113,179,"06/26/22 15:20:00","04/19/50 00:00:00",240,5000,"H202250DB",8,,"T","03/11/24 21:43:00","03/11/24 21:47:00","01/05/23 10:30:00",,,"H202250DB",0,"Modification de la CT en eaux moyennes suite à un détarrage constaté
ajustement CT supervision suite jaugage crue du 15/12/2023 puis  crue de mars 2024 "
997114,180,"01/01/68 00:00:00","01/01/71 11:00:00",860,7000,"H196871",7,,"T",,,,,,,,
997115,180,"01/01/71 11:00:00","12/29/71 12:00:00",700,7000,"H197171",5,,"T",,,,,,,,
997116,180,"12/29/71 12:00:00","06/18/73 00:00:00",720,7000,"H197173",7,,"T",,,,,,,,
997117,180,"06/18/73 00:00:00","03/30/74 00:00:00",720,7000,"H197374",7,,"T",,,,,,,,
997118,180,"03/30/74 00:00:00","09/20/74 00:00:00",720,7100,"H197474",9,,"T",,,,,,,,
997119,180,"09/20/74 00:00:00","02/22/77 00:00:00",700,7000,"H197477",6,,"T",,,,,,,,
997120,180,"02/22/77 00:00:00","07/02/78 20:00:00",730,6750,"H197778",6,,"T",,,,,,,,
997121,180,"07/02/78 20:00:00","12/31/80 00:00:00",700,7100,"H197880",7,,"T",,,,,,,,
997122,180,"05/19/83 12:00:00","04/05/85 12:00:00",720,7100,"H198384",5,,"T",,,,,,,,
997123,180,"04/05/85 12:00:00","03/26/87 00:00:00",790,7100,"H198586",7,,"T",,,,,,,,
997124,180,"12/31/80 00:00:00","05/19/83 12:00:00",400,7100,"H198083",8,,"T",,,,,,,,
997125,180,"03/26/87 00:00:00","12/07/88 12:00:00",750,7100,"H198788",8,,"T",,,,,,,,
997126,180,"12/07/88 12:00:00","02/16/90 02:00:00",750,7100,"H198990",10,,"T",,,,,,,,
997127,180,"02/16/90 02:00:00","12/28/90 19:00:00",750,7100,"H199090",9,,"T",,,,,,,,
997128,180,"12/28/90 19:00:00","06/25/91 10:00:00",730,7100,"H199091",8,,"T",,,,,,,,
997129,180,"06/25/91 10:00:00","05/05/92 08:00:00",740,7100,"H199192",6,,"T",,,,,,,,"TRAVAUX PONT SNCF"
997130,180,"05/05/92 08:00:00","12/17/92 12:00:00",730,7100,"H199292",8,,"T",,,,,,,,
997131,180,"12/17/92 12:00:00","03/31/94 00:00:00",720,7100,"H199294",6,,"T",,,,,,,,
997132,180,"03/31/94 00:00:00","11/20/94 09:00:00",720,7100,"H199494",7,,"T",,,,,,,,
997133,180,"11/20/94 09:00:00","02/22/99 10:00:00",730,7100,"H19949",9,,"T",,,,,,,,
997134,180,"02/22/99 10:00:00","05/06/01 20:00:00",740,7100,"H199901",8,,"T",,,,,,,,
997135,180,"03/15/06 00:00:00","11/04/08 18:00:00",500,7200,"H200608g",9,,"T","09/15/09 15:54:00","01/06/12 11:40:00","04/10/08 00:00:00",,,,,"courbe à confirmer entre 1.80 m et 2.20 m  (100 et 170 m3/s)
trois débits différents actuellement jaugeages n°224  considéré comme douteux"
997136,180,"04/18/05 15:00:00","03/15/06 00:00:00",380,7200,"H200506",8,,"T","08/10/07 16:48:00","01/06/12 11:40:00","08/11/05 09:02:00",,,,,
997137,180,"12/06/03 20:00:00","04/18/05 15:00:00",450,7000,"H200305R",7,,"T","01/05/05 11:35:00","01/06/12 11:40:00","08/04/04 09:28:00",,,,,"nouvelle courbe en attente de confirmation du détarage"
997138,180,"05/06/01 20:00:00","12/06/03 20:00:00",750,7000,"H200103R",9,,"T","12/04/03 10:01:00","01/06/12 11:41:00",,,,,,
997139,180,"11/04/08 18:00:00","01/10/12 13:00:00",500,7200,"H200812R",9,,"T","02/06/12 09:59:00","03/23/12 10:32:00","04/10/08 00:00:00",,,,,"courbe à confirmer entre 1.80 m et 2.20 m  (100 et 170 m3/s)
trois débits différents actuellement jaugeages n°224  considéré comme douteux"
997140,180,"01/31/15 12:00:00","11/24/16 10:00:00",500,7200,"H201516",9,,"T","03/10/17 13:14:00","03/10/17 13:14:00","03/10/16 00:00:00",,,"H201516",0,
997141,180,"05/03/13 12:00:00","01/31/15 12:00:00",500,7200,"H201315",10,,"T","03/10/17 13:12:00","03/10/17 13:15:00","03/10/17 00:00:00",,,"H201315",0,
997142,180,"01/10/12 13:00:00","05/03/13 12:00:00",500,7200,"H201213",8,,"T","03/10/17 13:16:00","03/10/17 13:16:00","03/10/17 00:00:00",,,"H201213",0,
997143,180,"11/24/16 10:00:00","01/01/18 00:00:00",500,7200,"H201618",9,,"T","11/07/17 11:40:00","01/15/18 17:31:00","03/10/17 00:00:00",,,"H201618",0,
997144,180,"01/01/18 00:00:00","08/07/18 09:00:00",500,7200,"H201818",9,,"T","09/06/18 15:23:00","02/11/19 13:36:00","01/01/18 00:00:00",,,"H201818",0,"Nouvelle courbe provisoire de crue
suite travaux 2017 arches extérieures  - lit majeur -  du pont SNCF comblées. Ajustement étiage pour 2018"
997145,180,"09/04/18 11:00:00","12/01/18 00:00:00",500,7200,"H201818c",9,,"T","09/06/18 15:25:00","02/14/19 09:14:00","01/01/18 00:00:00",,,"H201818c",0,"Nouvelle courbe provisoire d'étiage
suite des travaux 2018  - batardeau retiré,  les arches (lit majeur) toujours encombrées"
997146,180,"08/07/18 09:00:00","09/04/18 11:00:00",650,7200,"H201818b",15,,"T","02/14/19 09:11:00","02/14/19 09:14:00","08/17/18 16:00:00",,,"H201818b",0,"Nouvelle courbe provisoire d'étiage
 ajustement étiage suite nouveaux travaux sncf 2018 - mise en place d'un batardeau en lit mineur"
997147,180,"12/01/18 00:00:00","12/30/21 23:33:00",850,5040,"H201821",10,,"T","02/23/23 13:44:00","02/23/23 13:44:00","12/01/18 00:00:00",,,"H201821",0,"Nouvelle courbe provisoire liée à suppression des encombrements des arches extérieures (suite à la fin des travaux en 2018)  ....
Courbe construite sur un fictif du 27/04/19 à 3h."
997151,183,"01/01/00 00:00:00","12/31/05 00:00:00",50,5300,"GAZO",3,,"T",,,,,,,,
997201,190,"01/08/08 00:00:00","07/01/09 00:00:00",380,6000,"H200809",10,,"T","03/26/14 10:47:00","12/29/16 09:48:00","04/24/08 12:00:00",,,"H200809",0,"Ajustement CT suite aux hautes eaux du début d'année 2008"
997202,190,"01/01/07 00:00:00","01/08/08 00:00:00",380,6000,"H200708p",8,,"T","03/26/14 10:47:00","12/29/16 09:50:00","04/04/08 12:00:00",,,"H20078p",0,"Ajustement de courbe suite à détarage à partir des premières crues de 
Décembre "
997203,190,"01/01/05 00:00:00","01/01/07 00:00:00",380,6000,"H200507",9,,"T","03/26/14 10:46:00","12/29/16 09:53:00","09/13/06 15:11:00",,,"H200507",0,
997204,190,"01/01/04 00:00:00","01/01/05 00:00:00",440,6000,"H200405",9,,"T","03/26/14 10:54:00","12/29/16 09:55:00","04/27/05 09:57:00",,,"H200405",0,
997205,190,"01/10/20 00:00:00","02/04/21 00:00:00",300,6000,"H202021",12,,"T","04/07/21 09:15:00","04/06/22 15:11:00","05/07/20 00:00:00",,,"H202021",0,"New courbe H201825p
La date bonne serait 05/12/2018 12:00 et Mettre Cth entre 10/04/2019 et 01/07/2019 
recoupez avec la H201819  annule complétement H201925 "
997206,190,"03/17/19 00:00:00","01/10/20 00:00:00",300,6000,"H201920",13,,"T","09/06/19 11:48:00","04/06/22 15:14:00","08/22/16 00:00:00",,,"H201920",0,
997207,190,"01/23/18 00:00:00","03/17/19 00:00:00",300,6000,"H201819",13,,"T","10/01/18 11:28:00","04/07/22 15:01:00","08/22/16 00:00:00",,,"H201819",0,
997208,190,"06/02/16 00:00:00","01/23/18 00:00:00",300,6000,"H201618",13,,"T","10/30/17 15:42:00","04/07/22 15:06:00","08/22/16 00:00:00",,,"H201618",0,
997209,190,"01/01/15 00:00:00","06/02/16 00:00:00",300,6000,"H201516",13,,"T","06/01/16 12:00:00","04/07/22 15:09:00","04/24/08 12:00:00",,,"H201516",0,"Reprise extrapolation sup suite jaugeage du 02/06 (190 m3/s pour 541 mm)."
997210,190,"12/27/13 18:50:00","01/01/15 00:00:00",300,6000,"H201315",11,,"T","10/23/15 10:42:00","04/07/22 15:13:00","04/24/08 12:00:00",,,"H201315",0,"pascal amelioration du bas de courbe"
997211,190,"05/01/12 00:00:00","12/27/13 18:50:00",300,6000,"H201213",10,,"T","05/14/14 14:29:00","04/07/22 15:34:00","04/24/08 12:00:00",,,"H201213",0,
997212,190,"03/01/11 00:00:00","05/01/12 00:00:00",200,6000,"H201112",11,,"T","03/26/14 11:01:00","04/07/22 15:37:00","04/24/08 12:00:00",,,"H201112",0,
997213,190,"07/01/09 00:00:00","03/01/11 00:00:00",150,6000,"H200911",13,,"T","03/26/14 12:17:00","04/07/22 15:40:00","04/24/08 12:00:00",,,"H200911",0,
997253,192,"10/01/91 00:00:00","03/17/93 00:00:00",120,2380,"H199193bd",10,,"T",,"06/14/06 14:08:00","06/12/06 09:16:00",,,,,
997254,192,"03/17/93 00:00:00","01/28/95 00:00:00",120,2380,"H199395bd",9,,"T",,"06/14/06 14:08:00","06/12/06 09:31:00",,,,,
997255,192,"01/28/95 00:00:00","08/14/97 00:00:00",120,2380,"H199597bd",10,,"T",,"06/14/06 14:09:00","06/12/06 15:47:00",,,,,
997256,192,"08/14/97 00:00:00","01/01/00 00:00:00",120,2380,"H199700bd",10,,"T",,"06/14/06 14:09:00","06/12/06 15:53:00",,,,,
997257,192,"01/01/00 00:00:00","08/01/02 00:00:00",120,2380,"H200002bd",9,,"T",,"06/14/06 14:10:00","06/12/06 16:03:00",,,,,
997258,192,"08/01/02 00:00:00","01/01/04 00:00:00",120,2380,"H200204bd",9,,"T",,"04/14/09 10:18:00","06/12/06 16:20:00",,,,,
997259,192,"08/20/09 00:00:00","01/12/13 00:00:00",50,2380,"H200913",13,,"T","02/11/13 10:23:00","12/29/16 15:07:00","04/02/09 09:35:00",,,"H200913",0,"station à herbes, CTH 2009 2010 2011
Seuil encombré à partir du 03/02/2012"
997260,192,"01/01/04 00:00:00","08/20/09 00:00:00",120,2380,"H200409",14,,"T","03/31/14 10:41:00","12/29/16 15:42:00","04/02/09 09:35:00",,,"H200409",0,
997261,192,"01/12/13 00:00:00","02/15/17 00:00:00",50,2380,"H201317",11,,"T","10/28/16 11:24:00","02/24/17 14:32:00","01/12/13 09:35:00",,,"H201317",0,"Reprise extrapolation sup suite à jaugeage du 01/06 (101 m3/s pour 231 mm)...à affiner FG"
997262,192,"02/02/19 00:00:00","12/31/21 00:00:00",50,2380,"H201921",14,,"T","08/07/20 10:55:00","08/04/22 11:21:00","01/12/13 09:35:00",,,"H201921",0,"Reprise extrapolation sup suite à jaugeage du 01/06 (101 m3/s pour 231 mm)...à affiner FG
Extrapolation à 2.80m demande SPC."
997263,192,"01/01/00 01:01:00","04/29/02 02:02:00",12,5000,"CT_inf",100,,"C",,,,,,,,"h/q Baratin : Qmin"
997264,192,"01/01/00 01:01:00","04/29/02 02:02:00",12,5000,"CT_sup",100,,"C",,,,,,,,"h/q Baratin : Qmax"
997265,192,"01/01/00 01:01:00","04/29/02 02:02:00",12,5000,"CT",100,,"C",,,,,,,,"h/q Baratin : Qmaxpost"
997266,192,"02/15/17 00:00:00","01/15/18 00:00:00",50,2380,"H201718",12,,"T","01/15/18 10:54:00","09/07/18 15:32:00","01/12/13 09:35:00",,,"H201718",0,"Reprise extrapolation sup suite à jaugeage du 01/06 (101 m3/s pour 231 mm)...à affiner FG
Extrapolation à 2.80m demande SPC."
997267,192,"01/15/18 00:00:00","02/02/19 00:00:00",50,2380,"H201819",12,,"T","09/07/18 15:34:00","03/18/19 14:38:00","01/12/13 09:35:00",,,"H201819",0,"Reprise extrapolation sup suite à jaugeage du 01/06 (101 m3/s pour 231 mm)...à affiner FG
Extrapolation à 2.80m demande SPC."
997268,192,"12/31/21 00:00:00","12/25/22 10:00:00",50,2380,"H202122",14,,"T","12/16/22 11:44:00","02/16/23 13:21:00","01/12/13 09:35:00",,,"H202122",0,
997270,194,"10/13/93 00:00:00","01/01/94 00:00:00",160,2000,"H199394bd",5,,"T",,"06/08/06 15:24:00","06/01/06 15:24:00",,,,,
997271,194,"01/01/94 00:00:00","06/01/94 00:00:00",160,2000,"H199494bd",5,,"T",,"06/08/06 15:24:00","06/01/06 15:42:00",,,,,
997272,194,"06/01/94 00:00:00","10/18/94 00:00:00",160,2000,"H199494bd",5,,"T",,"06/08/06 15:24:00","06/01/06 15:49:00",,,,,
997273,194,"10/18/94 00:00:00","03/23/95 00:00:00",160,2000,"H199495bd",4,,"T",,"06/08/06 15:24:00","06/01/06 15:54:00",,,,,
997274,194,"06/17/96 00:00:00","10/01/96 00:00:00",100,2000,"H199696bd",5,,"T",,"06/08/06 15:25:00","06/01/06 16:17:00",,,,,
997275,194,"10/01/96 00:00:00","06/01/97 00:00:00",100,2000,"H199697bd",5,,"T",,"06/08/06 15:25:00","06/01/06 16:31:00",,,,,
997276,194,"06/01/97 00:00:00","09/01/97 00:00:00",100,400,"H199797bd",3,,"T",,"06/08/06 15:25:00","06/06/06 08:12:00",,,,,
997277,194,"09/01/97 00:00:00","01/01/99 00:00:00",100,2000,"H199799bd",6,,"T",,"06/08/06 15:26:00","06/06/06 08:30:00",,,,,
997278,194,"01/01/99 00:00:00","10/01/99 00:00:00",100,2000,"H199999bd",6,,"T",,"06/08/06 15:26:00","06/06/06 08:38:00",,,,,
997279,194,"10/01/99 00:00:00","06/01/01 00:00:00",100,2000,"H199901bd",5,,"T",,"06/08/06 15:27:00","06/06/06 10:00:00",,,,,
997280,194,"06/01/01 00:00:00","04/15/03 00:00:00",100,2000,"H200103bd",5,,"T",,"06/08/06 15:27:00","06/07/06 08:44:00",,,,,
997281,194,"04/15/03 00:00:00","09/01/05 00:00:00",100,2000,"H200305bd",5,,"T",,"06/08/06 15:27:00","06/07/06 08:54:00",,,,,
997282,194,"09/01/05 00:00:00","04/10/07 00:00:00",100,2000,"H200508PG",8,,"T","03/31/10 10:37:00","03/31/10 10:37:00","06/08/06 13:29:00",,,,,
997283,194,"04/10/07 00:00:00","07/29/08 00:00:00",100,2000,"H200508PG",7,,"T","09/22/08 11:10:00","03/31/10 10:43:00","06/08/06 13:29:00",,,,,
997284,194,"07/29/08 00:00:00","06/02/10 00:00:00",47,2042,"H200810",10,,"T","01/01/10 00:00:00","03/13/17 14:03:00","06/08/06 13:29:00",,,"H200810",0,"station CTH en 2009"
997285,194,"04/01/21 08:30:00","04/14/22 12:00:00",1,2543,"H202122",8,,"T","08/04/22 13:46:00","08/04/22 13:53:00","07/01/15 00:00:00",,,"H202122",0,"modiffication Crue 
"
997286,194,"02/11/20 11:05:00","04/01/21 08:30:00",0,2507,"H202021",10,,"T","06/04/21 14:41:00","01/17/22 15:38:00","07/01/15 00:00:00",,,"H202021",0,"
"
997287,194,"01/17/18 10:47:00","06/18/19 12:18:00",0,2507,"H201819",12,,"T","07/31/19 09:01:00","01/17/22 15:46:00","07/01/15 00:00:00",,,"H201819",0,"
"
997288,194,"06/02/10 00:00:00","08/08/12 00:00:00",20,2048,"H201012",12,,"T","07/29/13 14:49:00","04/05/22 15:11:00","06/02/10 00:00:00",,,"H201012",0,"station CTH en 2010
station CTH en 2011"
997289,194,"06/18/19 12:18:00","02/11/20 11:05:00",0,2507,"H201920",12,,"T","08/31/20 11:07:00","04/05/22 15:23:00","07/01/15 00:00:00",,,"H201920",0,"
"
997290,194,"07/15/15 11:25:00","01/17/18 10:47:00",-1,2565,"H201518",17,,"T","04/05/22 15:25:00","04/05/22 15:31:00","07/01/15 00:00:00",,,"H201518",0,"Reprise extrapolation sup suite à jaugeage du 31/05/16.
"
997291,194,"07/03/14 00:00:00","07/15/15 11:25:00",-1,2558,"H201415",8,,"T","04/05/22 15:35:00","04/05/22 15:36:00","01/01/15 15:15:00",,,"H201415",0,"
"
997292,194,"07/24/13 07:55:00","07/03/14 00:00:00",-1,2543,"H201314",12,,"T","04/05/22 15:40:00","04/05/22 15:40:00","06/01/11 15:15:00",,,"H201314",0,"
"
997293,194,"08/08/12 00:00:00","07/24/13 07:55:00",-1,2549,"H201213",8,,"T","04/05/22 15:18:00","04/05/22 15:44:00","06/01/11 15:15:00",,,"H201213",0,"
"
997294,194,"07/29/08 00:00:00","06/01/10 23:59:00",0,2546,"H200810",9,,"T","04/05/22 16:21:00","04/05/22 16:24:00",,,,"H200810",0,"station CTH en 2009"
997295,194,"04/14/22 12:00:00","12/06/22 12:50:00",1,2543,"H202222",9,,"T","07/24/23 11:26:00","07/24/23 11:26:00","07/01/15 00:00:00",,,"H202222",0,"modiffication Crue 
"
997297,195,"01/01/89 00:00:00","11/21/89 00:00:00",-700,2000,"H198989bd",9,,"T",,"06/08/06 15:28:00","05/30/06 13:37:00",,,,,
997298,195,"11/21/89 00:00:00","10/17/90 00:00:00",-800,2000,"H198990bd",8,,"T",,"06/08/06 15:28:00","05/30/06 13:53:00",,,,,
997299,195,"10/17/90 00:00:00","06/12/91 00:00:00",-700,2000,"H199091bd",8,,"T",,"06/08/06 15:28:00","05/30/06 14:01:00",,,,,
997300,195,"06/12/91 00:00:00","06/01/92 00:00:00",-800,2000,"H199192bd",6,,"T",,"06/08/06 15:29:00","05/30/06 14:50:00",,,,,
997301,195,"06/01/92 00:00:00","11/10/92 00:00:00",-800,90,"H199292bd",4,,"T",,"06/08/06 15:29:00","05/30/06 16:22:00",,,,,
997302,195,"11/10/92 00:00:00","06/01/93 00:00:00",-800,2100,"H199293bd",6,,"T",,"06/08/06 15:30:00","05/30/06 16:30:00",,,,,
997303,195,"06/01/93 00:00:00","12/14/93 00:00:00",-800,430,"H199393bd",5,,"T",,"06/08/06 15:30:00","05/30/06 16:42:00",,,,,
997304,195,"12/14/93 00:00:00","10/19/94 00:00:00",-800,2000,"H199394bd",6,,"T",,"06/08/06 15:30:00","05/31/06 08:30:00",,,,,
997305,195,"10/19/94 00:00:00","08/23/95 00:00:00",-800,2000,"H199495bd",5,,"T",,"06/08/06 15:30:00","05/31/06 09:05:00",,,,,
997306,195,"08/23/95 00:00:00","07/01/96 00:00:00",-800,2000,"H199596bd",7,,"T",,"06/08/06 15:31:00","05/31/06 09:39:00",,,,,
997307,195,"07/01/96 00:00:00","06/01/97 00:00:00",-950,2000,"H199697bd",7,,"T",,"06/08/06 15:31:00","05/31/06 10:49:00",,,,,
997308,195,"06/01/97 00:00:00","04/18/98 00:00:00",-860,2000,"H199798bd",7,,"T",,"06/08/06 15:31:00","05/31/06 11:15:00",,,,,
997309,195,"10/08/14 13:05:00","03/06/16 10:40:00",-850,4656,"H201416",12,,"T","11/22/16 15:43:00","11/22/16 15:48:00","09/27/06 15:20:00",,,"H201416",0,
997310,195,"06/11/13 10:15:00","10/08/14 13:05:00",-850,2000,"H201314",11,,"T","08/04/14 10:54:00","03/13/17 15:22:00","09/27/06 15:20:00",,,"H201314",0,
997311,195,"08/30/12 09:00:00","06/11/13 10:15:00",-850,2000,"H201213",11,,"T","07/09/14 15:59:00","03/13/17 15:23:00","09/27/06 15:20:00",,,"H201213",0,
997312,195,"09/01/06 00:00:00","07/01/09 00:00:00",-850,2000,"H200609",10,,"T","06/30/10 16:06:00","03/13/17 15:24:00","09/27/06 15:20:00",,,"H200609",0,
997313,195,"02/01/06 00:00:00","09/01/06 00:00:00",-850,2000,"H200606bd",7,,"T","07/04/07 11:11:00","03/13/17 15:25:00","09/27/06 15:20:00",,,"H200606bd",0,
997314,195,"10/01/05 00:00:00","02/01/06 00:00:00",-830,2000,"H200506bd",6,,"T","09/28/06 10:26:00","03/13/17 15:25:00","05/30/06 08:09:00",,,"H200506bd",0,
997315,195,"10/25/04 00:00:00","10/01/05 00:00:00",-820,2000,"H200405bd",7,,"T",,"03/13/17 15:26:00","05/30/06 09:52:00",,,"H200405bd",0,
997316,195,"07/11/02 00:00:00","10/25/04 00:00:00",-860,2000,"H200204bd",9,,"T",,"03/13/17 15:27:00","05/30/06 10:46:00",,,"H200204bd",0,
997317,195,"04/13/01 00:00:00","07/11/02 00:00:00",-840,2100,"H200102bd",8,,"T",,"03/13/17 15:27:00","05/31/06 13:21:00",,,"H200102bd",0,
997318,195,"12/18/98 00:00:00","04/13/01 00:00:00",-840,2000,"H199801bd",7,,"T",,"03/13/17 15:28:00","05/31/06 12:26:00",,,"H199801bd",0,
997319,195,"04/18/98 00:00:00","12/18/98 00:00:00",-840,1500,"H199898bd",6,,"T",,"03/13/17 15:30:00","05/31/06 12:21:00",,,"H199898bd",0,
997320,195,"07/01/09 00:00:00","08/30/12 09:00:00",-850,2000,"H200912",11,,"T","10/04/13 15:01:00","02/09/18 15:17:00","09/27/06 15:20:00",,,"H200912",0,
997321,195,"03/06/16 10:40:00","08/01/18 08:40:00",-850,4656,"H201618",13,,"T","09/21/18 14:38:00","09/21/18 14:39:00","09/27/06 15:20:00",,,"H201618",0,
997322,195,"08/01/18 08:40:00","08/06/20 11:20:00",-980,4656,"H201820",14,,"T","10/05/20 09:03:00","10/05/20 09:03:00","09/27/06 15:20:00",,,"H201820",0,
997323,195,"08/06/20 11:20:00","10/06/21 12:30:00",-980,4656,"H202021",12,,"T","12/01/21 11:51:00","12/01/21 11:51:00","09/27/06 15:20:00",,,"H202021",0,
997325,195,"10/06/21 12:30:00","11/23/23 12:00:00",-812,4656,"H202123",13,,"T","01/22/24 15:23:00","01/22/24 15:23:00","09/27/06 15:20:00",,,"H202123",0,
997379,213,"03/12/92 00:00:00","12/16/92 00:00:00",80,1200,"00001",11,,"C",,,,,,,,
997380,213,"12/17/92 00:00:00","11/06/94 00:00:00",80,1200,"00002",13,,"C",,,,,,,,
997381,213,"05/06/01 00:00:00","12/30/01 00:00:00",80,1500,"00008",14,,"C",,,,,,,,"modification du contrôle à partir de la crue du 06/05/2001. Courbe transmise sur Hydro le 23/10/2001"
997382,213,"02/21/99 00:00:00","05/06/01 00:00:00",80,1500,"00007",14,,"C",,,,,,,,"courbe sans influence d'encombrement sous le pont
transmise sur HYDRO le 23/11/2000"
997383,213,"06/15/98 00:00:00","02/21/99 00:00:00",80,1500,"00006",13,,"C",,,,,,,,"essai d'ajustement bas de C.T. modifications en fonction de l'état de la passe R.D. du pont transmise sur HYDRO le 09/07/1999"
997384,213,"11/04/97 00:00:00","06/15/98 00:00:00",80,1500,"00005",11,,"C",,,,,,,,"essai d'ajustement1997 (encombrement passe R.D.) TRANSMISE SUR HYDRO le 15/07/98"
997385,213,"02/13/96 00:00:00","11/04/97 00:00:00",80,1500,"00004",12,,"C",,,,,,,,"NETTOYAGE DU LIT PAR PETITE CRUE DU 13/02/96"
997386,213,"11/06/94 00:00:00","02/13/96 00:00:00",80,1500,"00003",12,,"C",,,,,,,,"modification du lit (passe R.D.) depuis 06/11/94"
997387,213,"12/30/01 00:00:00","01/15/04 00:00:00",80,1500,"00009",15,,"C",,,,,,,,"modification du contrôle à partir de la crue du 30/12/2001. Courbe transmise sur Hydro le 07/08/2002.Ajustement extrapolation, transmis sur HYDRO le 27/01/2004"
997388,213,"01/15/04 00:00:00","05/01/04 00:00:00",80,1500,"00010",15,,"C",,,,,,,,"modification de la courbe suite à crues de janvier 2004. Transmise sur HYDRO le 15/06/2004"
997389,213,"05/01/04 00:00:00","11/05/04 00:00:00",80,1500,"00011",16,,"C",,"03/25/05 08:54:00",,,,,,"modification du controle en Moyennes eaux
transmis sur hydro le 25/08/2004"
997390,213,"11/05/04 00:00:00","07/01/06 00:00:00",80,1500,"00012",17,,"C",,"03/16/07 11:54:00","03/25/05 08:52:00",,,,,"Détarage suite à modification de la topographie du lit a proximité du pont.Ajustements basses eaux, transmis sur Hydro le 25/07/2006."
997391,213,"10/01/08 00:00:00","06/01/10 00:00:00",50,2000,"H200810",10,,"T","03/26/12 11:14:00","03/26/12 11:14:00","03/16/07 11:43:00",,,,,
997392,213,"07/01/06 00:00:00","11/01/07 00:00:00",50,2000,"H200607",10,,"T","06/27/08 15:56:00","03/26/12 11:14:00","03/16/07 11:43:00",,,,,"Détarage basses eaux et ajustement sur crue du 02 mars 2007."
997393,213,"11/01/07 00:00:00","10/01/08 00:00:00",50,2000,"H200708",10,,"T","09/14/09 15:09:00","03/26/12 11:14:00","03/16/07 11:43:00",,,,,"Détarage basses eaux et ajustement sur crue du 02 mars 2007."
997394,213,"06/01/10 00:00:00","03/01/12 00:00:00",50,2000,"H201012",11,,"T","04/19/12 09:34:00","06/21/12 16:44:00","03/16/07 11:43:00",,,,,
997395,213,"03/01/12 00:00:00","01/27/14 16:00:00",50,2000,"H201214",13,,"T","10/04/13 09:45:00","06/13/14 11:17:00","03/16/07 11:43:00",,,,,
997396,213,"01/27/14 16:00:00","06/16/16 20:40:00",50,2500,"H201416",10,,"T","09/27/16 15:29:00","09/27/16 15:30:00","06/13/14 11:00:00",,,"H201416",0,
997397,213,"01/01/01 00:00:00","02/02/01 00:00:00",12,5000,"CT_inf",100,,"C",,,,,,,,"h/q Baratin : Qmin"
997398,213,"01/01/01 00:00:00","02/02/01 00:00:00",12,5000,"CT_sup",100,,"C",,,,,,,,"h/q Baratin : Qmax"
997399,213,"01/01/01 00:00:00","02/02/01 00:00:00",12,5000,"CT",100,,"C",,,,,,,,"h/q Baratin : Qmaxpost"
997400,213,"05/31/21 00:00:00","12/30/21 03:33:00",80,2500,"H202121",15,,"T","08/12/22 13:34:00","08/12/22 15:17:00","07/05/21 13:30:00",,,"H202121",0,"Nouvelle courbe de crue avec baratin 17/10/2016"
997401,213,"06/16/16 20:40:00","06/09/19 13:00:00",80,2500,"H201619",13,,"T","07/01/19 10:56:00","07/01/19 10:59:00","09/27/16 15:00:00",,,"H201619",0,"Nouvelle courbe de crue avec baratin 17/10/2016"
997402,213,"06/09/19 13:00:00","05/31/21 00:00:00",80,2500,"H201921",14,,"T","07/05/21 13:49:00","07/05/21 13:50:00","07/01/19 11:00:00",,,"H201921",0,"Nouvelle courbe de crue avec baratin 17/10/2016"
997403,213,"12/30/21 03:34:00","12/31/22 00:00:00",95,2500,"H202122",13,,"T","09/23/22 16:31:00","07/03/23 15:52:00","07/05/21 13:30:00",,,"H202122",0,"Nouvelle courbe suite à crue de décembre 2022"
997408,219,"04/05/76 00:00:00","09/30/76 00:00:00",-125,520,"00009",9,,"C",,,,,,,,
997409,219,"10/01/76 00:00:00","12/02/76 00:00:00",-125,610,"00010",9,,"C",,,,,,,,
997410,219,"12/03/76 00:00:00","02/02/77 00:00:00",10,650,"00011",9,,"C",,,,,,,,
997411,219,"02/03/77 00:00:00","06/02/77 00:00:00",430,1400,"00012",6,,"C",,,,,,,,
997412,219,"06/03/77 00:00:00","02/10/79 00:00:00",290,1500,"00013",10,,"C",,,,,,,,
997413,219,"02/11/79 00:00:00","04/24/81 00:00:00",250,1500,"00014",9,,"C",,,,,,,,
997414,219,"04/25/81 00:00:00","01/13/82 00:00:00",280,1400,"00015",8,,"C",,,,,,,,
997415,219,"01/14/82 00:00:00","01/23/86 00:00:00",200,1400,"00016",10,,"C",,,,,,,,
997416,219,"01/24/86 00:00:00","07/27/87 00:00:00",230,1400,"00017",10,,"C",,,,,,,,
997417,219,"07/28/87 00:00:00","12/31/88 00:00:00",230,1400,"00018",11,,"C",,,,,,,,
997418,219,"01/01/89 00:00:00","02/14/90 00:00:00",210,1400,"00019",11,,"C",,,,,,,,
997419,219,"02/15/90 00:00:00","04/01/92 00:00:00",5,1400,"00020",18,,"C",,,,,,,,
997420,219,"04/01/92 00:00:00","01/26/95 00:00:00",5,1400,"00021",19,,"C",,,,,,,,
997421,219,"01/26/95 00:00:00","11/20/95 00:00:00",100,1000,"00022",19,,"C",,,,,,,,
997422,219,"06/01/07 00:00:00","12/09/07 00:00:00",250,700,"H200707g",10,,"T","01/28/08 13:30:00","12/01/09 17:14:00","08/02/07 13:30:00",,,,,"Léger détarage suite à modification influence aval. transmis sur Hydro le 02/08/2007"
997423,219,"11/01/04 00:00:00","05/01/05 00:00:00",200,1000,"H200405",20,,"C",,"02/14/12 15:38:00","02/22/05 16:03:00",,,,,"Modification courbe suite à la disparition des herbes aquatiques en aval du seuil . "
997424,219,"07/01/03 00:00:00","11/01/04 00:00:00",100,800,"H200304",23,,"C",,"02/14/12 15:38:00",,,,,,"Modification courbe suite à croissance végétale en aval du seuil, rendu inefficace. Transmis sur HYDRO le 18/05/2004."
997425,219,"09/12/99 00:00:00","12/28/99 00:00:00",100,1000,"H1999",21,,"C",,"02/15/12 11:37:00",,,,,,"courbe de seuil influencé en aval 
transmise sur HYDRO le 02/03/2000"
997426,219,"03/20/98 00:00:00","09/12/99 00:00:00",0,900,"H199899",20,,"C",,"02/15/12 11:43:00",,,,,,"Courbe d'étiage avec estimation du début d'écoulement, transmise sur HYDRO le 26/08/1999"
997427,219,"09/29/97 00:00:00","03/20/98 00:00:00",100,1000,"H199798",19,,"C",,"02/15/12 11:46:00",,,,,,"diminution de l'influence aval au dessus de 0.300 m3/s
transmise sur HYDRO le 02/03/2000"
997428,219,"03/26/97 00:00:00","09/29/97 00:00:00",100,1000,"H1997",18,,"C",,"02/15/12 11:51:00",,,,,,"probable influence aval à partir d'un certain débit (0.300 m3/s)
transmise sur HYDRO le 02/03/2000"
997429,219,"09/01/96 00:00:00","03/26/97 00:00:00",100,1000,"H199697",19,,"C",,"02/15/12 11:54:00",,,,,,"petite modification du controle pendant asec de l'été 96"
997430,219,"11/20/95 00:00:00","09/01/96 00:00:00",100,1000,"H199596",18,,"C",,"02/15/12 14:03:00",,,,,,"depuis curage rivière vers 20/11/95"
997431,219,"03/01/01 00:00:00","12/30/01 00:00:00",100,800,"H2001",16,,"C",,"08/28/15 15:07:00",,,,,,"courbe influencée ajustée, transmise sur HYDRO le 17/04/2003"
997432,219,"12/28/99 00:00:00","03/01/02 00:00:00",100,1000,"H199901",17,,"C",,"08/28/15 15:08:00",,,,,,"liaison de la courbe non influencée ( Q<0.5m3/s ) et influencée. Modifiée et  transmise sur HYDRO le22/02/2002."
997433,219,"12/30/01 00:00:00","01/05/03 00:00:00",100,800,"H200103",23,,"C",,"08/28/15 15:09:00",,,,,,"courbe influencée ajustée (retour vers courbe de référence seuil), transmise sur HYDRO le 17/04/2003."
997434,219,"01/05/03 00:00:00","07/01/03 00:00:00",100,800,"H2003",21,,"C",,"08/28/15 15:45:00",,,,,,"courbe provisoire ajustée (retour plus prononcé vers ct de référence), transmise sur HYDRO le 07/05/2003"
997435,219,"10/01/06 00:00:00","06/01/07 00:00:00",250,700,"H200607g",8,,"T",,"08/28/15 16:08:00","04/20/07 13:50:00",,,,,"Courbe sous influence aval. Végétalisation importante du lit mineur."
997436,219,"05/01/05 00:00:00","10/01/06 00:00:00",200,1000,"H200506",14,,"C",,"08/28/15 16:12:00","05/30/06 13:40:00",,,,,"Modification suite à influence végétation à l'aval du seuil. Transmis sur HYDRO le 30/05/2006."
997437,219,"02/05/14 10:10:00","07/01/15 09:50:00",-1,2119,"H201415",9,,"T","12/29/15 14:32:00","03/14/17 09:45:00","07/21/10 09:20:00",,,"H201415",0,
997438,219,"02/14/13 10:00:00","02/05/14 10:10:00",100,2119,"H201314",10,,"T","03/06/14 15:53:00","03/14/17 10:19:00","07/21/10 09:20:00",,,"H201314",0,
997439,219,"06/28/11 12:40:00","02/14/13 10:00:00",180,900,"H201113",9,,"T","02/15/13 14:29:00","03/14/17 10:19:00","07/21/10 09:20:00",,,"H201113",0,
997440,219,"10/28/08 00:00:00","04/19/09 15:00:00",250,700,"H200809P",7,,"T",,"03/14/17 10:25:00","02/03/09 15:37:00",,,"H200809P",0,"Nouvelle courbe suite à modification de l'influence avale. A ajuster avec prochains jaugeages...transmis sur hydro le 03/02/2009."
997441,219,"07/01/15 09:50:00","11/15/17 12:10:00",0,2009,"H201517",10,,"T","06/30/17 15:08:00","12/19/17 15:11:00","01/01/15 09:20:00",,,"H201517",0,"extrapolation DB. Cote cassure à vérifier avec cote de débordement RG."
997442,219,"11/15/17 12:10:00","01/24/18 09:53:00",0,2009,"H201718",10,,"T","03/02/18 11:50:00","03/02/18 11:55:00","01/01/15 09:20:00",,,"H201718",0,"extrapolation DB. Cote cassure à vérifier avec cote de débordement RG."
997443,219,"04/19/09 15:00:00","06/09/10 09:00:00",180,700,"H200910",13,,"T","04/09/10 11:14:00","12/12/18 14:21:00","06/05/09 10:08:00",,,"H200910",0,"retour a la courbe non influencé. transmis sur hydro le 04/06/2009. ajustée après validation débits 2008 et 2009.
ex cbe du 09/04/2010 11:14"
997444,219,"06/09/10 09:00:00","06/28/11 12:40:00",180,900,"H201011",12,,"T","01/22/13 09:59:00","12/12/18 14:40:00","07/21/10 09:20:00",,,"H201011",0,"Nouvelle courbe non influencé, transmise sur hydro le 2 avril 12. Branchages faisant remonter la ligne d""eau à l'aval du seuil qui est noyé. Influence traitée en CORTH dans Hydro"
997445,219,"12/09/07 00:00:00","10/28/08 00:00:00",250,700,"H200708F",9,,"T","10/22/08 15:08:00","12/12/18 14:58:00","04/20/07 13:50:00",,,"H200708F",0,"Courbe sous influence aval. Encombrement en aval par des arbustes entrai-
nant la modification de la partie moyenne de la courbe."
997446,219,"01/24/18 09:53:00","10/01/19 00:00:00",200,2009,"H201819",12,,"T","07/09/20 09:22:00","03/20/23 14:03:00","01/01/15 09:20:00",,,"H201819",0,
997447,219,"10/01/19 00:00:00","01/01/22 20:00:00",100,2009,"H201922",12,,"T","03/25/22 09:25:00","04/22/24 15:51:00","01/01/15 09:20:00",,,"H201922",0,"
"
997448,219,"01/01/22 20:00:00","07/25/23 04:00:00",195,2009,"H202223",8,,"T",,"08/04/23 10:58:00",,,,"H202223",0,
997453,220,"10/20/82 00:00:00","08/26/86 00:00:00",150,1100,"00004",14,,"C",,,,,,,,
997454,220,"08/27/86 00:00:00","01/04/88 00:00:00",190,1100,"00005",12,,"C",,,,,,,,
997457,220,"01/05/93 00:00:00","03/20/95 00:00:00",60,1000,"00008",16,,"C",,,,,,,,
997458,220,"03/20/95 00:00:00","12/31/99 00:00:00",60,1000,"00009",18,,"C",,,,,,,,"modif amont du pont depuis crue du 20/03/95"
997459,220,"02/26/97 00:00:00","07/31/01 12:00:00",60,1000,"00010",17,,"C",,,,,,,,"Ajustement moyennes eaux, transmis le 12/01/2000."
997460,220,"08/02/01 10:30:00","10/25/01 09:00:00",60,1000,"00011",18,,"C",,,,,,,,"Courbe suite a modification du seuil (travaux) et deplacement provisoire de l'echelle 1ére pile. Transmis sur HYDRO le 26/10/2001."
997461,220,"10/25/01 09:00:00","09/01/03 23:59:00",60,1000,"00012",19,,"C",,"06/13/06 13:44:00",,,,,,"Changement de situation de l'échelle le 25/10/2001. léger décalage de l'échelle (-20 mm) par rapport à la courbe précédente. Courbe de T. entrée sur HYDO le 26/10/2001 et modifiée en bas le 23/05/2002.Ajustement bas de courbe le 20/05/2005. "
997462,220,"07/01/05 00:00:00","03/01/06 00:00:00",100,500,"H200506g",9,,"T",,"04/20/07 11:55:00","04/16/07 13:02:00",,,,,"Ajustements basse eaux."
997463,220,"09/01/03 00:00:00","07/01/05 00:00:00",60,1000,"00013",21,,"C",,"05/23/07 08:20:00","06/13/06 13:42:00",,,,,"Modification des conditions d'amenée sur seuil. Transmis sur Hydro le 13/06/2006"
997464,220,"07/23/07 00:00:00","12/09/07 18:30:00",100,500,"H200707g",4,,"T","01/28/08 15:00:00","03/04/08 09:31:00","07/27/07 13:32:00",,,,,"Détarage courbe, nouveau contrôle hydraulique plus en aval rendant le seuil inefficace.Ajustments transmis sur hydro le 28/09/2007"
997465,220,"03/01/06 00:00:00","07/23/07 00:00:00",100,500,"H200607g",8,,"T","03/06/08 11:40:00","03/06/08 14:25:00","04/16/07 10:00:00",,,,,"Ajustement courbe, basses et moyennes eaux. Transmis sur HYDRO le 22/06/2007."
997466,220,"12/09/07 18:30:00","07/15/08 00:00:00",100,2000,"H200708p",7,,"T","06/13/08 15:30:00","02/09/09 15:12:00","01/28/08 15:00:00",,,,," Nouvelle courbe suite à la fin d'influence de la végétation à partir des 
crues de Décembre 2007.Ajustement effectué le 05/02/08.Nouvel ajustement pour les bas débits<1m3/s effectué le 13/06/08.Cloture courbe suite à détarage aux faibles débits, transmis le 09/02/2009."
997467,220,"01/01/11 00:00:00","08/01/11 00:00:00",150,3649,"H201111",11,,"T","08/09/12 17:54:00","03/13/17 15:16:00","06/05/09 13:12:00",,,"H201111",0,"courbe  de ref . Ajustement très basses eaux transmis sur Hydro le 29/06/2010"
997468,220,"04/23/09 00:00:00","11/25/09 12:00:00",150,500,"H200909",7,,"T","07/06/12 14:11:00","03/13/17 15:19:00","06/05/09 13:12:00",,,"H200909",0,"Courbe influencée par ecluse de la folie ajustée beasses eaux.Transmis sur hydro le 09/07/2009."
997469,220,"07/15/08 00:00:00","02/01/09 00:00:00",150,450,"H200809P",7,,"T","02/03/09 16:16:00","03/13/17 15:21:00","10/30/08 11:09:00",,,"H200809P",0,"Retour vers courbe non influencée. influence en novembre et décembre 2008 suite à tempête et influences arbres couchés en aval du seui traitée par CorTHl.
Transmis le 09/02/2009."
997470,220,"05/31/16 16:35:00","03/07/17 10:00:00",0,3800,"H201617",11,,"T","04/14/17 11:40:00","10/08/18 15:33:00","02/10/10 12:00:00",,,"H201617",0,"Nouvelle courbe suite a un détarage, estimation débordement
"
997471,220,"11/21/15 00:00:00","05/31/16 16:35:00",0,3800,"H201516",10,,"T","08/11/16 15:13:00","10/08/18 15:35:00","02/10/10 12:00:00",,,"H201516",0,"Nouvelle courbe suite a un détarage, estimation débordement
"
997472,220,"04/12/13 14:00:00","09/26/14 08:40:00",86,3658,"H201314",10,,"T","04/30/15 10:47:00","10/08/18 16:03:00","02/10/10 12:00:00",,,"H201314",0,"
"
997473,220,"09/26/14 08:40:00","11/21/15 00:00:00",86,3649,"H201415",12,,"T","11/30/15 15:19:00","10/08/18 16:04:00","02/10/10 12:00:00",,,"H201415",0,"
"
997474,220,"08/01/11 00:00:00","04/12/13 14:00:00",83,3646,"H201113",13,,"T","08/20/13 16:49:00","10/08/18 16:21:00","06/05/09 13:12:00",,,"H201113",0,"courbe  de ref . Ajustement très basses eaux transmis sur Hydro le 29/06/2010"
997475,220,"11/25/09 12:00:00","01/01/11 00:00:00",150,3631,"H200911",12,,"T","08/09/12 17:54:00","12/12/18 15:15:00","06/05/09 13:12:00",,,"H200911",0,"courbe  de ref . Ajustement très basses eaux transmis sur Hydro le 29/06/2010"
997476,220,"03/07/17 10:00:00","05/30/18 00:00:00",0,3800,"H201718",10,,"T","06/18/18 10:52:00","12/14/18 10:45:00","02/10/10 12:00:00",,,"H201718",0,
997477,220,"05/30/18 00:00:00","12/04/18 12:00:00",0,3800,"H201818P",12,,"T","12/17/18 14:17:00","07/09/20 12:05:00","02/10/10 12:00:00",,,"H201818P",0,"même courbe mais nouvelle date de fin"
997483,230,"04/15/92 00:00:00","12/31/99 00:00:00",0,800,"00003",18,,"C",,,,,,,,
997484,230,"09/04/86 00:00:00","04/14/92 00:00:00",0,900,"00002",12,,"C",,,,,,,,"nouvelle échelle plus basse de 185 mm environ (pour le mème débit les hauteurs sont majorées de cette valeur)"
997485,230,"09/01/97 00:00:00","10/01/00 00:00:00",0,1000,"00005",25,,"C",,"06/12/06 11:34:00",,,,,,"ajustement transmis sur HYDRO le 07/01/2000. Extrapolation sup suite crue 01/2003, transmis le 09/01/2003. nouvel ajustement transmis le 19/05/2005
"
997486,230,"01/01/96 00:00:00","09/01/97 00:00:00",0,1000,"00004",21,,"C",,,,,,,,"léger ajustement de la courbe précédente le calage de l'échelle ayant peut-être varié (gel du bief).Modification d'un point pivot transmis sur HYDRO le 18/06/99."
997487,230,"10/01/00 00:00:00","12/31/04 00:00:00",0,1000,"00006",25,,"C",,"06/12/06 11:40:00","05/22/06 11:17:00",,,,,"détarage suite à mise en place vanne de désenvasement sur seuil.Transmis sur HYDRO le 12/06/2006"
997488,230,"12/31/04 00:00:00","03/01/06 00:00:00",450,1000,"H200406",7,,"T","03/31/10 12:30:00","04/06/12 10:23:00","03/19/07 14:35:00",,,,,
997489,230,"05/01/07 00:00:00","09/01/07 00:00:00",450,1000,"H2007",9,,"T","10/22/08 14:33:00","04/06/12 10:26:00","10/22/08 11:18:00",,,,,"Nouvelle courbe ajustée après détarage étiage 2007."
997490,230,"09/01/07 00:00:00","12/01/08 00:00:00",450,1000,"H200708",9,,"T","03/31/10 13:02:00","04/06/12 10:27:00","10/22/08 11:18:00",,,,,"Nouvelle courbe ajustée après détarage étiage 2007."
997491,230,"12/01/08 00:00:00","01/20/11 00:00:00",450,1000,"H200811",10,,"T","05/12/11 15:56:00","04/06/12 10:29:00","10/22/08 11:18:00",,,,,"Nouvelle courbe ajustée après détarage étiage 2007."
997492,230,"03/01/06 00:00:00","05/01/07 00:00:00",450,1000,"H200607",7,,"T",,"04/06/12 10:34:00","10/22/08 13:14:00",,,,,"reprise et modification de l'ancienne courbe suite a lègée détarage en fin d'étiage. "
997493,230,"01/20/11 00:00:00","09/27/12 00:00:00",312,1003,"H201112",8,,"T","02/15/12 15:52:00","07/05/13 15:23:00","05/12/11 15:44:00",,,,,"
"
997494,230,"09/27/12 00:00:00","01/01/20 00:00:00",0,995,"H201220",9,,"T","07/24/15 11:48:00","07/24/15 11:49:00","08/06/13 09:06:00",,,,,"pascal nouveau bas de courbe
"
997495,231,"08/29/19 00:00:00","09/24/20 00:00:00",60,2400,"H201920",11,,"T","07/15/20 16:44:00","12/16/20 16:27:00","07/15/20 16:00:00",,,"H201920",0,"le début de validité correspond à une période d'assec
la fin de validité correspond à la fin des travaux d'arasement du contrôle"
997496,231,"10/29/73 00:00:00","09/06/75 00:00:00",100,1000,"C10595",10,,"C",,,,,,,,
997497,231,"09/06/75 00:00:00","06/09/76 00:00:00",100,1200,"C10596",16,,"C",,,,,,,,
997498,231,"01/25/78 00:00:00","07/22/80 00:00:00",100,1650,"C10599",21,,"C",,,,,,,,
997499,231,"07/22/80 00:00:00","10/07/80 00:00:00",160,185,"C10600",7,,"C",,,,,,,,
997500,231,"01/01/71 00:00:00","03/01/72 00:00:00",135,1450,"C10591",13,,"C",,"10/26/12 15:23:00",,,,,,
997501,231,"03/01/72 00:00:00","05/01/72 00:00:00",180,800,"C10592",4,,"C",,"10/26/12 15:25:00",,,,,,
997502,231,"05/01/72 00:00:00","01/18/73 00:00:00",120,570,"C10593",8,,"C",,"10/26/12 15:25:00",,,,,,
997503,231,"01/18/73 00:00:00","10/29/73 00:00:00",110,1180,"C10594",10,,"C",,"10/26/12 15:27:00",,,,,,
997504,231,"06/09/76 00:00:00","07/04/76 00:00:00",50,210,"C10597",6,,"C",,"10/26/12 15:33:00",,,,,,
997505,231,"07/04/76 00:00:00","01/25/78 00:00:00",170,1650,"C10598",12,,"C",,"10/26/12 15:34:00",,,,,,
997506,231,"03/09/94 00:00:00","01/09/96 00:00:00",80,1550,"C10605",20,,"C",,"01/09/17 12:20:00",,,,,0,
997507,231,"01/01/82 00:00:00","01/01/89 00:00:00",170,1300,"C10602",15,,"C",,"01/09/17 14:48:00",,,,,0,
997508,231,"01/01/89 00:00:00","01/01/94 00:00:00",0,1300,"C10603",19,,"C",,"01/09/17 14:49:00",,,,,0,
997509,231,"01/01/94 00:00:00","03/09/94 00:00:00",80,1550,"C10604",20,,"C",,"01/09/17 14:52:00",,,,,0,
997510,231,"10/07/80 00:00:00","01/01/82 00:00:00",230,1200,"C10601",15,,"C",,"01/09/17 16:19:00",,,,,0,
997511,231,"01/09/96 00:00:00","06/01/05 00:00:00",80,1550,"00016",22,,"C",,"01/09/17 16:23:00",,,,,0,
997512,231,"06/01/05 00:00:00","09/15/07 00:00:00",100,1600,"H200512g",9,,"T","04/03/08 11:01:00","01/09/17 16:24:00","03/16/07 12:50:00",,,,0,"la fin de validité correspond à la fin de l'étiage 2007"
997513,231,"09/15/07 00:00:00","12/31/09 00:00:00",80,1600,"H200720F",11,,"T","11/12/12 16:12:00","01/09/17 16:25:00","04/03/08 11:00:00",,,,0,"le début de validité correspond à la fin de l'étiage 2007
le fin de validité correspond au détarage suite à la crue du 31/12/2009"
997514,231,"12/31/09 00:00:00","07/22/11 00:00:00",80,1600,"H200920",11,,"T","11/12/12 16:12:00","01/09/17 16:26:00","04/03/08 11:00:00",,,,0,"le début de validité correspond au détarage suite à la crue du 31/12/2009
le fin de validité correspond à un détarage pour raison encore inconnue"
997515,231,"07/22/11 00:00:00","04/09/13 00:00:00",80,1600,"H201120",10,,"T","12/26/12 14:15:00","01/09/17 16:27:00","04/13/12 15:00:00",,,,0,"le début de validité correspond à un détarage pour raison encore inconnue
la fin de validité correspond à un détarage suite à la crue du 12/04/2013"
997516,231,"04/09/13 00:00:00","08/14/14 00:00:00",80,1600,"H201320",10,,"T","06/13/14 14:27:00","01/09/17 16:30:00","04/25/13 14:00:00",,,"H201320",0,"le début de validité correspond à un détarage suite à la crue du 12/04/2013
la fin de validité correspond à un détarage suite à la crue du 14/08/204"
997517,231,"08/14/14 00:00:00","05/29/16 00:00:00",80,2400,"H201420",11,,"T","09/30/16 14:59:00","01/09/17 16:31:00","02/26/15 16:45:00",,,"H201420",0,"le début de validité correspond à un détarage suite à la crue du 14/08/2014
la fin de validité correspond à un détarage en hautes eaux ponctuel (écoulement faible en débordement)"
997518,231,"05/29/16 00:00:00","07/01/16 00:00:00",80,2400,"H2016161",11,,"T","01/06/17 16:39:00","01/09/17 16:32:00","02/26/15 16:45:00",,,"H2016161",0,"le début de validité correspond à un détarage suite à la crue du 01/06/2016 (écoulement faible en débordement)
La date de fin correspond au retour du contrôle antérieur en hautes eaux"
997519,231,"07/01/16 00:00:00","02/19/18 00:00:00",80,2400,"H201620",11,,"T","07/10/17 10:50:00","07/27/18 09:43:00","01/06/17 16:40:00",,,"H201620",0,"le début de validité correspond au retour à la courbe d'avant l'événement crue juin 2016
la fin de validité correspond à la crue du 19/02/2018"
997520,231,"02/19/18 00:00:00","08/29/19 00:00:00",60,2400,"H201819",13,,"T","08/22/19 16:24:00","10/06/21 09:55:00","07/27/18 09:30:00",,,"H201819",0,"le début de validité correspond au détarage basses eaux suite à  la crue du 19/02/2018
La fin de validité correspond à une période d'assec"
997521,231,"09/24/20 00:00:00","01/22/21 00:00:00",-270,1100,"H202021",7,,"T","05/05/21 11:07:00","04/07/22 12:14:00","09/25/20 14:00:00",,,"H202021",0,"le début de validité correspond à la fin des travaux d'arasement du contrôle, modification de la CT moyenne eaux.Stabilisation du nouveau contrôle, en bas eaux."
997522,231,"01/22/21 00:00:00","12/30/21 00:00:00",-270,1100,"H202121-1",8,,"T","02/17/23 16:05:00","02/17/23 16:06:00",,,,"H202121-1",0,"le début de validité correspond à la crue 02/2021."
997523,231,"03/01/72 00:00:00","05/01/72 00:00:00",0,8000,"C10592",4,,"C",,,,,,"C10592",,
997524,231,"12/30/21 00:00:00","01/19/23 10:00:00",-280,1500,"H202123",11,,"T","06/19/23 10:42:00","06/19/23 10:42:00",,,,"H202123",0,"le début de validité correspond à la crue 12/2021
19/07/2022 Modification bas de CT"
997526,233,"10/28/85 00:00:00","01/01/89 00:00:00",0,1500,"00001",10,,"C",,,,,,,,
997527,233,"01/01/89 00:00:00","01/01/90 00:00:00",200,700,"00002",13,,"C",,,,,,,,
997528,233,"01/01/90 00:00:00","12/01/91 00:00:00",200,700,"00003",18,,"C",,,,,,,,
997529,233,"12/01/91 00:00:00","11/22/92 00:00:00",200,700,"00004",15,,"C",,,,,,,,
997530,233,"11/22/92 00:00:00","09/01/93 00:00:00",200,700,"00005",15,,"C",,,,,,,,
997531,233,"09/01/93 00:00:00","11/07/94 00:00:00",200,700,"00006",15,,"C",,,,,,,,
997532,233,"11/07/94 00:00:00","11/26/97 00:00:00",-200,1600,"00007",17,,"C",,,,,,,,"Courbe ajustée en puissance et extrapolée, transmise sur HYDRO le 11/05/2001."
997533,233,"11/26/97 00:00:00","04/25/98 23:45:00",-200,700,"00008",13,,"C",,,,,,,,"Courbe transitoire aprés travaux et avant stabilisation du lit, transmise sur HYDRO le 11/05/2001."
997534,233,"04/25/98 23:45:00","06/01/99 00:00:00",-200,1600,"00009",20,,"C",,,,,,,,"Courbe avec seuil ajustée et extrapolée, transmise sur HYDRO le 02/07/2001. "
997535,233,"04/25/98 23:45:00","06/01/99 00:00:00",-200,2100,"00009b",17,,"C",,,,,,,,
997536,233,"11/26/97 00:00:00","04/25/98 23:45:00",-200,1440,"00008b",16,,"C",,,,,,,,
997537,233,"11/07/94 00:00:00","11/26/97 00:00:00",-200,1600,"00007b",16,,"C",,,,,,,,
997538,233,"04/01/93 00:00:00","11/07/94 00:00:00",200,700,"00006b",15,,"C",,,,,,,,
997539,233,"10/28/85 00:00:00","12/31/49 00:00:00",1150,1700,"crues",7,,"C",,,,,,,,
997540,233,"06/01/87 00:00:00","01/01/90 00:00:00",200,700,"00002b",14,,"C",,,,,,,,
997541,233,"01/28/85 00:00:00","06/01/87 00:00:00",0,1500,"00001b",13,,"C",,,,,,,,
997542,233,"01/28/85 00:00:00","01/01/90 00:00:00",0,1500,"01020",14,,"C",,,,,,,,"Regroupement de la courbe 0001 et 0002."
997543,233,"03/01/91 00:00:00","11/22/92 00:00:00",200,700,"00004b",17,,"C",,,,,,,,
997544,233,"01/01/90 00:00:00","03/01/91 00:00:00",200,700,"00003b",21,,"C",,,,,,,,
997545,233,"11/22/92 00:00:00","04/01/93 00:00:00",200,700,"00005b",13,,"C",,,,,,,,
997546,233,"06/01/99 00:00:00","06/01/03 00:00:00",-200,1600,"00010",22,,"C",,"05/16/06 10:20:00",,,,,,"Ajustement basses eaux. Transmis sur HYDRO le 16/05/2006
"
997547,233,"06/01/03 00:00:00","06/01/07 00:00:00",-200,1600,"00011",18,,"C","09/04/07 00:00:00","09/04/07 14:33:00",,,,,,"Modification des conditions d'écoulement en basses et moyennes eaux. Transmis le 04/09/2007"
997548,233,"09/19/07 00:00:00","01/01/10 00:00:00",0,2000,"H200710",6,,"T","04/23/12 10:39:00","04/23/12 11:25:00","08/14/08 10:27:00",,,,,
997549,233,"06/01/07 00:00:00","09/19/07 16:00:00",-200,1600,"K2007007",18,,"C","11/16/07 11:26:00","03/26/13 11:50:00","07/11/07 00:00:00",,,,,"Modification des conditions d'écoulement en basses et moyennes eaux suite
à une forte croissante de la végétation en Avril/Mai .Fin de l'influence après
élimination de l'herbier le 19/09/2007."
997550,233,"01/01/10 00:00:00","04/06/11 00:00:00",400,1905,"H201011",6,,"T","11/12/12 09:55:00","03/27/13 15:07:00","08/14/08 10:27:00",,,,,
997551,233,"04/06/11 00:00:00","12/31/12 00:00:00",480,2000,"H201112",10,,"T","03/27/13 11:13:00","06/28/13 10:21:00","08/14/08 10:27:00",,,,,
997552,233,"12/31/12 00:00:00","01/01/15 00:00:00",-152,1763,"H201215",7,,"T","06/28/13 10:33:00","06/28/13 10:33:00","08/14/08 10:27:00",,,,,
997553,234,"01/01/66 00:00:00","05/04/69 00:00:00",50,1600,"00001",6,,"C",,,,,,,,
997554,234,"05/05/69 00:00:00","05/18/69 00:00:00",100,1500,"00002",6,,"C",,,,,,,,
997555,234,"05/19/69 00:00:00","11/27/70 00:00:00",50,1200,"00003",6,,"C",,,,,,,,
997556,234,"11/28/70 00:00:00","11/18/72 00:00:00",100,1600,"00004",7,,"C",,,,,,,,
997557,234,"11/19/72 00:00:00","06/01/73 00:00:00",50,1600,"00005",6,,"C",,,,,,,,
997558,234,"06/02/73 00:00:00","12/21/73 00:00:00",100,1600,"00006",7,,"C",,,,,,,,
997559,234,"12/22/73 00:00:00","11/17/74 00:00:00",50,1600,"00007",8,,"C",,,,,,,,
997560,234,"11/18/74 00:00:00","11/16/75 00:00:00",100,1600,"00008",8,,"C",,,,,,,,
997561,234,"11/17/75 00:00:00","02/14/76 00:00:00",50,1600,"00009",6,,"C",,,,,,,,
997563,234,"06/05/78 00:00:00","11/03/80 00:00:00",50,1600,"00011",13,,"C",,,,,,,,
997564,234,"11/04/80 00:00:00","04/19/82 00:00:00",50,1600,"00012",9,,"C",,,,,,,,
997567,234,"10/14/82 00:00:00","12/28/82 00:00:00",50,1600,"00015",7,,"C",,,,,,,,
997569,234,"08/24/83 00:00:00","02/08/84 00:00:00",-50,1500,"00017",7,,"C",,,,,,,,
997570,234,"02/09/84 00:00:00","05/02/84 00:00:00",50,2000,"00018",10,,"C",,,,,,,,
997571,234,"05/03/84 00:00:00","11/08/84 00:00:00",-20,2000,"00019",11,,"C",,,,,,,,
997572,234,"11/09/84 00:00:00","02/24/86 00:00:00",-50,2000,"00020",10,,"C",,,,,,,,
997573,234,"02/25/86 00:00:00","10/09/86 00:00:00",-50,2000,"00021",10,,"C",,,,,,,,
997574,234,"10/10/86 00:00:00","11/07/86 00:00:00",-50,2000,"00022",5,,"C",,,,,,,,
997575,234,"11/08/86 00:00:00","09/14/87 00:00:00",-50,2000,"00023",10,,"C",,,,,,,,
997576,234,"09/15/87 00:00:00","10/12/87 00:00:00",-50,2000,"00024",6,,"C",,,,,,,,
997577,234,"10/13/87 00:00:00","01/25/88 00:00:00",-50,2000,"00025",10,,"C",,,,,,,,
997578,234,"01/26/88 00:00:00","05/26/88 00:00:00",-50,2000,"00026",10,,"C",,,,,,,,
997579,234,"05/27/88 00:00:00","05/21/89 00:00:00",-50,2000,"00027",9,,"C",,,,,,,,
997580,234,"05/22/89 00:00:00","05/07/90 00:00:00",-100,2000,"00028",8,,"C",,,,,,,,
997581,234,"05/08/90 00:00:00","09/09/91 00:00:00",-100,2000,"00029",12,,"C",,,,,,,,
997582,234,"09/10/91 00:00:00","02/24/92 00:00:00",-100,2000,"00030",11,,"C",,,,,,,,
997583,234,"02/25/92 00:00:00","11/22/92 00:00:00",-100,2000,"00031",14,,"C",,,,,,,,
997584,234,"11/23/92 00:00:00","12/31/93 00:00:00",-100,2000,"00032",11,,"C",,,,,,,,
997585,234,"01/01/94 00:00:00","03/21/95 00:00:00",-50,1500,"00033",12,,"C",,,,,,,,
997586,234,"03/21/95 00:00:00","02/14/96 00:00:00",-50,1500,"00034",15,,"C",,,,,,,,
997587,234,"06/01/97 00:00:00","09/30/97 00:00:00",-50,1500,"00036",17,,"C",,,,,,,,"modification du contrôle (instable) apres l'hiver"
997588,234,"02/14/96 00:00:00","06/01/97 00:00:00",-150,1500,"00035",14,,"C",,,,,,,,"MODIF DEPUIS PETITE CRUE 14/02/96"
997589,234,"10/13/87 00:00:00","05/21/89 00:00:00",-20,2000,"***25",18,,"C",,,,,,,,"Essai de regroupement des courbes 25,26,27"
997590,234,"05/19/69 00:00:00","12/31/70 00:00:00",100,1500,"****3",10,,"C",,,,,,,,"allure courbe extrapolee avant 1979"
997591,234,"10/07/97 00:00:00","07/01/03 00:00:00",200,1500,"00037",21,,"C",,"12/10/04 08:49:00",,,,,,"essai d'ajustement moyennes eaux  transmis sur HYDRO le 12/05/99. Ajustement basses eaux, transmis sur HYDRO le 13/01/2004."
997592,234,"05/15/05 00:00:00","07/15/06 00:00:00",500,2000,"H200820PG",10,,"T","03/31/10 11:10:00","03/31/10 11:12:00","12/09/08 13:50:00",,,,,
997593,234,"07/15/06 00:00:00","07/15/07 00:00:00",500,2000,"H200820PG",10,,"T","03/31/10 11:10:00","03/31/10 11:16:00","12/09/08 13:50:00",,,,,
997594,234,"07/15/07 00:00:00","05/15/09 00:00:00",500,2000,"H200820PG",8,,"T","03/31/10 11:10:00","03/13/17 14:41:00","12/09/08 13:50:00",,,,0,
997597,234,"05/15/09 00:00:00","05/25/10 00:00:00",500,2000,"H200910",12,,"T","06/30/11 14:19:00","05/16/17 10:25:00","12/09/08 13:50:00",,,"H200910",0,
997603,234,"01/01/02 00:00:00","04/01/03 00:00:00",120,2884,"H200203",8,,"T","04/07/22 10:46:00","04/07/22 10:47:00","12/09/08 13:50:00",,,"H200203",0,
997604,234,"04/01/03 00:00:00","05/15/05 00:00:00",117,2301,"H200305",9,,"T","04/07/22 11:03:00","04/07/22 11:08:00","12/09/08 13:50:00",,,"H200305",0,
997608,235,"11/19/69 00:00:00","02/13/73 00:00:00",40,760,"00001",19,,"C",,,,,,,,
997609,235,"02/14/73 00:00:00","06/13/73 00:00:00",30,760,"00002",15,,"C",,,,,,,,
997610,235,"06/14/73 00:00:00","02/05/74 00:00:00",54,760,"00003",18,,"C",,,,,,,,
997611,235,"02/06/74 00:00:00","06/28/74 00:00:00",70,760,"00004",12,,"C",,,,,,,,
997612,235,"06/29/74 00:00:00","10/03/74 00:00:00",65,360,"00005",10,,"C",,,,,,,,
997613,235,"10/04/74 00:00:00","12/31/74 00:00:00",90,560,"00006",8,,"C",,,,,,,,
997614,235,"01/01/75 00:00:00","04/03/75 00:00:00",30,650,"00007",8,,"C",,,,,,,,
997615,235,"04/04/75 00:00:00","05/22/75 00:00:00",45,650,"00008",11,,"C",,,,,,,,
997616,235,"05/23/75 00:00:00","12/31/75 00:00:00",180,810,"00009",14,,"C",,,,,,,,
997617,235,"01/01/76 00:00:00","08/23/76 00:00:00",200,1000,"00010",11,,"C",,,,,,,,
997618,235,"08/24/76 00:00:00","02/20/77 00:00:00",200,1000,"00011",11,,"C",,,,,,,,
997619,235,"02/21/77 00:00:00","06/18/77 00:00:00",260,1000,"00012",9,,"C",,,,,,,,
997620,235,"06/19/77 00:00:00","10/22/77 00:00:00",200,1000,"00013",10,,"C",,,,,,,,
997621,235,"10/23/77 00:00:00","01/23/78 00:00:00",200,1000,"00014",9,,"C",,,,,,,,
997622,235,"01/24/78 00:00:00","11/06/78 00:00:00",180,1000,"00015",9,,"C",,,,,,,,
997623,235,"11/07/78 00:00:00","07/19/83 00:00:00",200,1000,"00016",13,,"C",,,,,,,,
997624,235,"07/20/83 00:00:00","01/01/95 00:00:00",370,1000,"00017",17,,"C",,,,,,,,
997625,235,"01/01/95 00:00:00","03/13/01 22:30:00",370,1350,"00018",22,,"C",,,,,,,,"Modification extrapolation supérieure suite à crue de mars. Transmis sur HYDRO le 29/03/2001."
997626,235,"03/13/01 22:30:00","01/01/03 00:00:00",370,1350,"00019",23,,"C",,"01/28/22 16:01:00",,,,"00019",0,"Ajustement de la courbe suite à crue de mi-mars 2001. Détarage en moyennes eaux et étiages suite à la formation d'un gué aval modifiant le controle."
997627,235,"12/22/18 00:00:00","10/01/20 00:00:00",370,1890,"H201820",10,,"T","06/22/20 16:02:00","04/06/22 08:54:00","05/07/20 00:00:00",,,"H201820",0,
997628,235,"01/26/18 09:00:00","12/22/18 00:00:00",400,1890,"H201818",8,,"T","08/31/18 14:03:00","04/06/22 08:58:00","06/07/16 11:10:00",,,"H201818",0,"Extrapolation à 2.00m demande SPC.
Nouvelle courbe pascal"
997629,235,"06/01/16 00:00:00","01/26/18 09:00:00",400,1890,"H201618",7,,"T","07/20/18 14:51:00","04/06/22 09:02:00","06/07/16 11:10:00",,,"H201618",0,"Extrapolation à 2.00m demande SPC."
997630,235,"12/18/14 02:00:00","06/01/16 00:00:00",390,1890,"H201416",10,,"T","06/24/16 09:39:00","04/06/22 09:04:00","06/07/16 11:10:00",,,"H201416",0,"Extrapolation sup suite à jaugeage du 31/05"
997631,235,"12/06/11 00:00:00","12/18/14 02:00:00",390,1890,"H201114",10,,"T","05/31/15 13:57:00","04/06/22 09:06:00","12/06/11 14:39:00",,,"H201114",0,"Début des données le 11 juin 2012. Détarage important. Extrapolation sup suite à jaugeage du 31/05 (20 m3/s pour 160 mm)...à reprendre FG"
997632,235,"10/01/20 00:00:00","01/01/22 00:00:00",370,1890,"H202022",10,,"T","04/06/22 08:46:00","07/05/22 10:47:00","05/07/20 00:00:00",,,"H202022",0,"Nouvelle CT suite au jaugeage du 30/12/2021
"
997635,242,"04/01/92 00:00:00","06/30/92 00:00:00",200,600,"00001",10,,"C",,,,,,,,"gué de l' église"
997636,242,"07/01/92 00:00:00","12/31/99 00:00:00",200,600,"00002",9,,"C",,,,,,,,"gué de l' église"
997637,242,"01/01/93 00:00:00","01/01/95 00:00:00",100,500,"00003",10,,"C",,,,,,,,"essai"
997638,242,"01/01/95 00:00:00","12/31/95 00:00:00",100,500,"00004",10,,"C",,,,,,,,"essai apres crues de l' hiver 94/95"
997639,242,"08/22/96 00:00:00","07/03/97 09:00:00",200,2000,"H199697",18,,"C","03/26/14 14:41:00","03/26/14 14:41:00",,,,,,"Modif. aprés petite poussée le 22 aout 96"
997640,242,"06/11/96 00:00:00","08/22/96 00:00:00",200,1900,"H199696",20,,"C","03/26/14 14:41:00","03/26/14 14:41:00",,,,,,
997641,242,"07/03/97 09:00:00","08/01/98 00:00:00",200,1900,"H199798",21,,"C","03/26/14 14:44:00","03/26/14 14:44:00",,,,,,"Courbe modifiée au 03/07/97 suite à petite crue.Transmise sur HYDRO 23/07/98"
997642,242,"08/01/98 00:00:00","12/15/99 00:00:00",200,1300,"H199899",22,,"C","03/26/14 14:46:00","03/26/14 14:46:00",,,,,," Ajustement bas de CT, transmise sur hydro le 16/09/99."
997643,242,"12/15/99 00:00:00","03/14/01 00:00:00",200,1850,"H199901",20,,"C","03/26/14 14:46:00","03/26/14 14:47:00",,,,,,"Nouvelle courbe depuis construction du pont a deux arche.  Ajustements étiage.Transmis sur hydro le 01/06/2001"
997644,242,"03/14/01 00:00:00","02/04/03 00:00:00",200,1400,"H200103",19,,"C","03/26/14 14:49:00","03/26/14 14:49:00",,,,,,"Légère modification du contrôle depuis la crue du 14/03/2001et ajustement basses eaux. Transmis sur HYDRO le 24/07/2002."
997645,242,"02/04/03 00:00:00","09/01/04 00:00:00",200,1930,"H200304",19,,"C","03/26/14 14:50:00","03/26/14 14:51:00",,,,,,"modification du contrôle depuis la crue du 04/02/2003
transmise sur HYDRO le 14/08/2003. Extrapolation supérieure transmise sur HYDRO le 23/01/2004"
997646,242,"09/01/04 00:00:00","09/01/06 00:00:00",210,1900,"H200406",17,,"C","03/26/14 14:51:00","03/26/14 14:51:00",,,,,,"transmise dans HYDRO le 18/05/2005"
997647,242,"09/01/06 00:00:00","07/12/07 00:00:00",210,1400,"H200607",16,,"C","03/26/14 14:52:00","03/26/14 14:58:00","09/01/06 15:00:00",,,,,"transmise dans HYDRO le 18/05/2005 .Modifié et transmis dans Hydro le
29/10/2007"
997648,242,"07/12/07 00:00:00","11/11/13 00:00:00",210,1400,"H200713",10,,"T","03/26/14 14:53:00","01/11/16 15:07:00","07/11/08 17:31:00",,,,,
997649,242,"11/11/13 00:00:00","04/01/15 12:00:00",210,1400,"H201315",9,,"T","04/01/15 00:00:00","01/11/16 15:33:00","07/11/08 17:31:00",,,,,"ARRET DE LA STATION FIN MARS 2015.Remplacé par Ménétréol 2"
997650,244,"08/01/06 00:00:00","03/02/07 00:00:00",200,2900,"H200612R",2,,"T","09/24/07 13:50:00","09/24/07 13:50:00","03/07/07 13:58:00",,,,,
997651,244,"08/01/06 00:00:00","03/02/07 00:00:00",200,2900,"H200607g",4,,"T","09/24/07 13:52:00","04/14/09 16:02:00","03/07/07 13:58:00",,,,,
997652,244,"03/02/07 00:00:00","10/01/08 00:00:00",200,2900,"H200708",9,,"T","02/23/09 09:46:00","10/07/10 09:57:00","07/10/07 00:00:00",,,,,
997653,244,"10/01/08 00:00:00","12/01/09 00:00:00",300,2900,"H200809",7,,"T","06/17/11 15:16:00","06/17/11 15:26:00","07/10/07 00:00:00",,,,,
997654,244,"08/12/96 00:00:00","01/20/97 00:00:00",200,1500,"00001",21,,"C",,"02/22/16 10:22:00",,,,,,"transmise sur HYDRO mais encore en cours d'élaboration"
997655,244,"02/01/01 00:00:00","08/29/01 10:00:00",200,1600,"00006",26,,"C",,"02/22/16 10:47:00",,,,,,"détarage suite a crues janvier et mai 2001(section plus passante, affouillement), sur HYDRO la 11/07/2002."
997656,244,"01/20/97 00:00:00","12/22/97 00:00:00",200,1500,"00002",24,,"C",,"02/22/16 10:53:00",,,,,,"Transmis sur HYDRO le 10/06/98."
997657,244,"12/22/97 00:00:00","02/21/99 00:00:00",200,1600,"00003",23,,"C",,"02/22/16 10:53:00",,,,,,"TRANSMIS SUR HYDRO le 12/03/1999"
997658,244,"02/21/99 00:00:00","12/28/99 00:00:00",200,1600,"00004",23,,"C",,"02/22/16 10:53:00",,,,,,"Ajustements étiages et extrapolation supérieure. Transmis sur HYDRO le 10/05/2001."
997659,244,"12/28/99 00:00:00","02/01/01 00:00:00",200,1600,"00005",25,,"C",,"02/22/16 10:53:00",,,,,,"Ajustements de la courbe, sur HYDRO le 11/07/2002."
997660,244,"08/29/01 10:00:00","02/21/02 00:00:00",200,1600,"00007",27,,"C",,"02/22/16 10:53:00",,,,,,"Transmise sur hydro le 10/04/2003"
997661,244,"02/21/02 00:00:00","01/24/05 00:00:00",200,1600,"00008",26,,"C",,"02/22/16 10:53:00",,,,,,"Ajustement basses eaux, transmise sur HYDRO le 05/09/2005"
997662,244,"01/24/05 00:00:00","08/01/06 00:00:00",200,1600,"00009",25,,"C",,"02/22/16 10:54:00","12/01/05 09:34:00",,,,,"Courbe modifiée suite à crue de janvier 2005. Ajustements transmis sur HYDRO le 16/05/2006"
997663,244,"02/02/13 14:00:00","02/11/14 15:00:00",310,2900,"H201314",5,,"T","07/05/13 14:28:00","10/07/16 11:19:00","07/10/07 00:00:00",,,"H201314",0,
997664,244,"12/01/09 00:00:00","02/02/13 14:00:00",310,2900,"H200913",8,,"T","01/21/13 14:48:00","10/07/16 11:20:00","07/10/07 00:00:00",,,"H200913",0,
997665,244,"02/11/14 15:00:00","02/02/19 12:00:00",310,2900,"H201419",9,,"T","07/12/19 16:23:00","07/12/19 16:24:00","02/11/14 00:00:00",,,"H201420",0,
997666,244,"02/02/19 12:00:00","02/07/21 00:00:00",310,2900,"H201921",7,,"T","04/23/21 12:07:00","06/17/21 11:22:00","07/12/19 16:00:00",,,"H201921",0,
997667,244,"02/07/21 00:00:00","12/30/21 00:00:00",350,2900,"H202121",7,,"T","02/15/22 09:56:00","04/19/22 10:41:00","07/12/19 16:00:00",,,"H201921",0,
997668,244,"12/30/21 00:00:00","04/16/23 00:00:00",350,2900,"H202123",7,,"T","07/07/23 09:20:00","07/07/23 09:20:00","07/12/19 16:00:00",,,"H202123",0,
997669,244,"04/16/23 00:00:00","09/18/23 09:50:00",350,2900,"H2023231",7,,"T","10/06/23 11:38:00","02/21/24 12:23:00","07/07/23 09:00:00",,,"H2023231",0,"Courbe créée suite à fort coup d'eau du mois d'Avril 2023"
997670,244,"09/18/23 09:50:00","12/13/23 06:00:00",350,2900,"H2023232",6,,"T","01/19/24 16:29:00","02/21/24 12:22:00","10/06/23 11:39:00",,,"H2023232",0,"Courbe créée suite à fort coup d'eau du mois de septembre 2023 arrétée en décembre 2023"
997688,250,"10/27/68 00:00:00","05/22/71 00:00:00",240,1590,"00001",13,,"C",,,,,,,,
997689,250,"05/22/71 00:00:00","06/03/73 00:00:00",250,1590,"00002",13,,"C",,,,,,,,
997690,250,"06/03/73 00:00:00","09/10/73 00:00:00",200,1290,"00003",9,,"C",,,,,,,,
997691,250,"09/10/73 00:00:00","07/03/74 00:00:00",200,990,"00004",9,,"C",,,,,,,,
997692,250,"07/03/74 00:00:00","01/28/75 00:00:00",200,1490,"00005",10,,"C",,,,,,,,
997693,250,"01/28/75 00:00:00","11/16/75 00:00:00",180,1699,"00006",13,,"C",,,,,,,,
997694,250,"11/16/75 00:00:00","02/20/77 00:00:00",181,1900,"00007",16,,"C",,,,,,,,
997695,250,"02/20/77 00:00:00","01/24/78 00:00:00",191,1899,"00008",15,,"C",,,,,,,,
997696,250,"01/24/78 00:00:00","01/01/81 00:00:00",181,1900,"00009",17,,"C",,,,,,,,
997697,250,"01/01/81 00:00:00","04/09/83 00:00:00",220,1900,"00010",19,,"C",,,,,,,,
997698,250,"04/09/83 00:00:00","01/24/84 00:00:00",220,1890,"00011",14,,"C",,,,,,,,
997699,250,"01/24/84 00:00:00","01/04/89 00:00:00",220,1900,"00012",18,,"C",,,,,,,,
997700,250,"01/04/89 00:00:00","01/11/91 00:00:00",170,1250,"00013",10,,"C",,,,,,,,
997701,250,"01/11/91 00:00:00","11/29/97 00:00:00",140,1700,"00014",16,,"C",,,,,,,,
997702,250,"11/29/97 00:00:00","03/14/01 00:00:00",140,1700,"00015",17,,"C",,,,,,,,"Début de validité: détarage à l'étiage estimé le 29/11/1997 et modification en htes eaux afin de tenir compte du mauvais suivi de la mesure capteur.
Fin de validité: détarage à l'étiage suite à la crue du 14/03/2001"
997703,250,"03/14/01 00:00:00","02/23/05 12:00:00",150,1700,"00016",17,,"C",,,,,,,,"Début de validité: détarage suite à la crue du 14/03/2001
Fin de validité: Changement de section pour la mesure du capteur ( environ 6 m en amont de la précédente)"
997704,251,"01/01/92 00:00:00","05/15/00 00:00:00",70,380,"00001",15,,"C",,,,,,,,"Le début de validité correspond à la mise en service de la station
Le fin de validité correspond à la destruction de l'échelle et du support du capteur par un accident de la circulation"
997705,251,"05/15/00 00:00:00","07/19/00 11:00:00",120,250,"00002",14,,"C",,,,,,,,"Période de l'installation provisoire d'une échelle suite à l'accident de la circulation du 15/05/2000"
997706,251,"07/19/00 14:20:00","03/03/07 00:00:00",70,380,"00003",17,,"C","03/04/08 14:04:00","03/04/08 14:06:00",,,,,,"Le début de validité correspond à la remise en état définitive de l'échelle et du support du capteur
le fin de validité correspond à la date de la HT maxi en 2007"
997707,251,"03/03/07 00:00:00","11/01/08 00:00:00",120,350,"H200720F",6,,"T",,"09/08/09 16:18:00","09/08/09 15:49:00",,,,,"le début de validité correspond à la date de la HT maxi en 2007
la fin de validité correspond à la fin de l'étiage 2008"
997708,251,"11/01/08 00:00:00","12/16/11 12:00:00",100,350,"H200820F",8,,"T","02/15/13 16:58:00","12/02/13 17:33:00","09/08/09 16:18:00",,,,,"le début de validité correspond à la fin de l'étiage 2008
le fin de validité correspond au détarage suite à la crue du 16/12/2011"
997709,251,"12/16/11 12:00:00","07/05/19 00:00:00",100,350,"H201119",10,,"T","08/14/19 10:06:00","07/10/20 14:14:00","12/02/13 17:00:00",,,"H201119",0,"le début de validité correspond au détarage suite à la crue du 16/12/2011
"
997710,251,"07/05/19 00:00:00","04/01/20 00:00:00",80,350,"H201920",9,,"T","07/10/20 13:33:00","08/31/20 10:07:00","07/10/20 13:00:00",,,"H201920",0,"le début de validité correspond au constat d'un détarage à l'étiage 2019"
997711,251,"04/01/20 00:00:00","08/15/22 00:02:00",80,350,"H202050",9,,"T","04/02/21 14:22:00","12/08/22 09:03:00","08/31/20 09:00:00",,,"H202050",0,"le début de validité correspond au constat d'un détarage à l'étiage 2020"
997713,252,"03/20/94 00:00:00","06/13/96 00:00:00",-10,1950,"00017",21,,"C",,,,,,,,
997714,252,"12/04/92 00:00:00","03/20/94 00:00:00",-10,1950,"00016",20,,"C",,,,,,,,
997715,252,"02/16/91 00:00:00","12/04/92 00:00:00",-15,1950,"00015",20,,"C",,,,,,,,
997716,252,"01/01/66 00:00:00","04/30/70 00:00:00",130,1430,"C11016",11,,"C",,,,,,,," "
997717,252,"04/30/70 00:00:00","11/19/70 00:00:00",200,1140,"C11017",8,,"C",,,,,,,," "
997718,252,"11/19/70 00:00:00","01/01/74 00:00:00",130,1430,"C11018",9,,"C",,,,,,,," "
997719,252,"01/01/74 00:00:00","10/19/74 00:00:00",140,1400,"C11019",14,,"C",,,,,,,," "
997720,252,"10/19/74 00:00:00","04/02/75 00:00:00",140,1400,"C11020",11,,"C",,,,,,,," "
997721,252,"04/02/75 00:00:00","09/30/75 00:00:00",120,1400,"C11021",20,,"C",,,,,,,," "
997722,252,"09/30/75 00:00:00","05/04/76 00:00:00",140,1400,"C11022",11,,"C",,,,,,,," "
997723,252,"05/04/76 00:00:00","12/02/76 00:00:00",140,1400,"C11023",13,,"C",,,,,,,," "
997724,252,"12/02/76 00:00:00","03/20/78 00:00:00",120,1970,"C11024",12,,"C",,,,,,,," "
997725,252,"03/20/78 00:00:00","03/28/79 00:00:00",120,1950,"C11025",15,,"C",,,,,,,," "
997726,252,"03/28/79 00:00:00","01/04/81 00:00:00",100,1950,"C11026",15,,"C",,,,,,,," "
997727,252,"01/04/81 00:00:00","12/20/82 00:00:00",100,1950,"C11027",15,,"C",,,,,,,," "
997728,252,"12/20/82 00:00:00","05/12/85 00:00:00",100,1950,"C11028",12,,"C",,,,,,,," "
997729,252,"05/12/85 00:00:00","03/01/86 00:00:00",100,1950,"C11029",13,,"C",,,,,,,," "
997730,252,"03/01/86 00:00:00","04/22/87 00:00:00",80,1950,"C11030",13,,"C",,,,,,,," "
997731,252,"04/22/87 00:00:00","02/07/88 00:00:00",60,1950,"C11031",14,,"C",,,,,,,," "
997732,252,"02/07/88 00:00:00","01/01/90 00:00:00",25,1950,"C11032",13,,"C",,,,,,,," "
997733,252,"01/01/90 00:00:00","02/16/91 00:00:00",10,130,"C11033",12,,"C",,,,,,,," "
997734,252,"12/28/99 00:00:00","11/10/05 00:00:00",170,2000,"00019",24,,"C",,"05/31/13 11:47:00",,,,,,"Début de validité: Raison indéterminée
Fin de validité: Nettoyage du seuil"
997735,252,"06/13/96 00:00:00","12/28/99 00:00:00",195,1950,"00018",24,,"C",,"05/31/13 11:53:00",,,,,,"Le début de validité correspond à la construction d'un seuil béton et déplacement de la station de l'aval à l'amont du pont
Fin de validité: Nettoyage du seuil"
997736,252,"11/10/05 00:00:00","05/28/08 00:00:00",170,2000,"H200520F",14,,"T","10/03/08 11:02:00","05/31/13 11:55:00",,,,,,"Début de validité: 10/11/2005 nettoyage du seuil
La fin de validité correspond à la dernière crue du printemps 2008
"
997737,252,"05/28/08 00:00:00","01/24/09 00:00:00",170,2000,"H200820F",14,,"T","06/04/10 14:05:00","01/04/17 15:49:00","10/03/08 00:00:00",,,,0,"le début de validité correspond à l'installation de mousses sur le seuil
La fin de validité correspond au nettoyage du seuil par la crue du 24/01/2009"
997738,252,"01/24/09 00:00:00","12/16/11 00:00:00",190,2000,"H200911",17,,"T","12/20/11 11:40:00","01/04/17 15:54:00","08/08/11 09:00:00",,,,0,"le début de validité correspond au nettoyage du seuil par la crue du 24/01/2009
La fin de validité correspond à la crue du 16/12/2011"
997739,252,"12/16/11 00:00:00","12/31/20 00:00:00",190,2000,"H201120",19,,"T","03/10/14 16:22:00","01/04/17 16:21:00","08/08/11 09:00:00",,,,0,"le début de validité correspond à la crue du 16/12/2011"
997740,253,"03/22/74 00:00:00","02/21/77 00:00:00",220,1660,"00001",15,,"C",,,,,,,,
997741,253,"02/21/77 00:00:00","07/08/77 00:00:00",340,1700,"00002",16,,"C",,,,,,,,
997742,253,"07/08/77 00:00:00","12/05/78 00:00:00",420,1700,"00003",15,,"C",,,,,,,,
997743,253,"12/05/78 00:00:00","03/04/80 00:00:00",365,1753,"00004",16,,"C",,,,,,,,
997744,253,"03/04/80 00:00:00","12/21/82 00:00:00",320,1850,"00005",14,,"C",,,,,,,,
997745,253,"12/21/82 00:00:00","04/27/86 00:00:00",330,1850,"00006",14,,"C",,,,,,,,
997746,253,"04/27/86 00:00:00","11/09/87 00:00:00",330,1850,"00007",15,,"C",,,,,,,,
997747,253,"11/09/87 00:00:00","03/31/88 00:00:00",450,1200,"00008",10,,"C",,,,,,,,
997748,253,"03/31/88 00:00:00","10/07/89 00:00:00",0,450,"00009",11,,"C",,,,,,,,
997749,253,"10/07/89 00:00:00","02/17/91 00:00:00",-20,400,"00010",13,,"C",,,,,,,,
997750,253,"02/17/91 00:00:00","01/15/92 00:00:00",0,400,"00011",12,,"C",,,,,,,,
997751,253,"01/15/92 00:00:00","09/28/92 00:00:00",-50,100,"00012",15,,"C",,,,,,,,
997752,253,"11/02/93 00:00:00","05/01/98 19:00:00",185,1650,"00014",19,,"C",,,,,,,,
997753,253,"09/28/92 00:00:00","11/02/93 00:00:00",180,1650,"00013",18,,"C",,,,,,,,
997754,253,"05/01/98 19:00:00","05/01/01 00:00:00",185,1650,"00015",23,,"C",,,,,,,,"Derniére mise à jour:09/08/2004 (harmonisation avec la n°17)"
997755,253,"05/01/01 00:00:00","01/18/04 00:00:00",185,1650,"00016",24,,"C",,,,,,,,"La fin de validité correspond à la date de la crue maxi de janvier (après un événement pluvieux important, le seuil a semble-t-il été nettoyé), on revient sur la courbe précédente. Dernière mise à jour le 09/08/2004."
997756,253,"01/18/04 00:00:00","01/07/08 00:00:00",185,1650,"00017",23,,"C","04/30/08 15:29:00","04/30/08 15:29:00",,,,,,"Le début de validité correspond à la date de la crue maxi de janvier (après un événement pluvieux important, le seuil a semble-t-il été nettoyé) .La fin de validité correspond à la crue du 07/01/2008"
997757,253,"01/07/08 00:00:00","09/12/10 12:00:00",185,1500,"H200820F",10,,"T","02/08/11 16:05:00","02/08/11 16:20:00","04/30/08 15:25:00",,,,,"Le début de validité correspond à la crue du 07/01/2008
Le fin de validité correspond au début de la période des pêches d'étangs"
997758,253,"09/12/10 12:00:00","07/11/12 14:00:00",185,1500,"H201020F",10,,"T","12/26/12 17:00:00","12/26/12 17:35:00","02/08/11 15:40:00",,,,,"Le début de validité correspond au début de la période des pêches d'étangs
La fin de validité correspond à la remise en état du support d'échelle."
997759,253,"07/11/12 14:00:00","02/14/14 00:00:00",185,1700,"H201220",12,,"T","02/21/14 14:46:00","08/05/14 16:03:00","12/26/12 17:00:00",,,,,"Le début de validité correspond à la remise en état du support d'échelle.
La fin de validité correspond au détarage suite à la crue du 14/02/2014"
997760,253,"02/14/14 00:00:00","01/26/18 00:00:00",185,2000,"H201420",14,,"T","02/15/18 16:11:00","01/14/19 16:58:00","08/05/14 16:00:00",,,"H201420",0,"Le début de validité correspond au détarage suite à la crue du 14/02/2014
La fin de validité correspond au détarage suite à la crue du 26/01/2018"
997761,253,"01/26/18 00:00:00","02/11/19 00:00:00",185,2000,"H201819",14,,"T","01/14/19 16:55:00","08/26/19 14:54:00","01/14/19 16:00:00",,,"H201819",0,"Le début de validité correspond au détarage suite à la crue du 26/01/2018
La fin de validité correspond a un léger détarage en basses eaux après la période hivernale"
997762,253,"02/11/19 00:00:00","03/06/20 00:00:00",185,2000,"H201920",10,,"T","08/26/19 14:50:00","09/01/20 15:44:00","08/14/19 00:00:00",,,"H201920",0,"Léger détarage en basses eaux après la période hivernale"
997764,253,"03/06/20 00:00:00","03/01/24 12:00:00",185,2000,"H202024",11,,"T","08/26/21 10:02:00","05/03/24 15:13:00","09/01/20 15:00:00",,,"H202024",0,"Léger détarage en basses eaux après la période hivernale"
997802,259,"07/27/06 00:00:00","08/01/08 00:00:00",300,1000,"H200620F",8,,"T","03/06/09 10:46:00","03/06/09 11:15:00","04/18/08 11:52:00",,,,,"Le début de validité correspond à la fin de vidange de la nappe.
le fin de validité correspond à la fin de l'influence de la végétation suite au faucardage avec malgré tout une constante de mousse sur le seuil."
997803,259,"02/20/98 00:00:00","07/27/06 00:00:00",290,1050,"00002",16,,"C","03/06/09 11:16:00","03/06/09 11:18:00",,,,,,"Le début de validité correspond à la date de construction du seuil bétonné.
Le fin de validité correspond à la fin de vidange de la nappe de l'année 2006"
997804,259,"08/01/96 00:00:00","02/20/98 00:00:00",150,320,"C7624",11,,"C",,"10/26/12 16:44:00",,,,,,
997805,259,"08/01/08 00:00:00","10/06/15 04:00:00",300,1000,"H200820F",8,,"T","02/15/13 11:23:00","11/10/15 12:20:00","03/06/09 09:48:00",,,,,"le début de validité correspond à la fin de l'influence de la végétation suite au faucardage avec malgré tout une constante de mousse sur le seuil.
la fin de validité correspond à une nouvelle période de bon contrôle du seuil"
997806,259,"10/06/15 04:00:00","08/09/20 00:00:00",300,1000,"H201520",8,,"T","01/28/16 15:54:00","07/01/21 14:25:00","11/06/15 17:00:00",,,"H201520",0,"le début de validité correspond à une nouvelle période de bon contrôle du seuil"
997807,259,"08/09/20 00:01:00","11/03/21 00:00:00",300,730,"H202021",9,,"T","12/08/20 14:42:00","04/07/22 11:45:00","12/08/20 11:00:00",,,"H202021",0,"le début de validité correspond à une nouvelle période de bon contrôle du seuil"
997808,259,"08/01/96 00:00:00","02/20/98 00:00:00",150,320,"C7624",11,,"C",,,,,,"C7624",,
997810,259,"11/03/21 00:00:00","10/26/23 20:00:00",240,950,"H202223",10,,"T","12/08/20 14:42:00","02/22/24 17:13:00","12/08/20 11:00:00",,,"H202223",0,"le début de validité correspond à une nouvelle période de bon contrôle du seuil"
997818,262,"05/25/07 15:00:00","11/19/09 00:00:00",250,950,"H200720F",3,,"T","02/11/10 16:19:00","04/25/13 11:27:00","12/07/07 14:19:00",,,,,"le début de validité correspond à la pointe du vannage du 25/05/2007
La fin de validité correspond à la fin de l'influence de la végétation aquatique"
997819,262,"08/22/06 00:00:00","05/25/07 15:00:00",250,950,"H200612g",5,,"T","02/11/08 10:06:00","04/25/13 11:31:00","04/20/07 10:18:00",,,,,"Première courbe de la station. la fin de validité correspond à la pointe du vannage du 25/05/2007"
997820,262,"11/19/09 00:00:00","07/27/13 03:00:00",250,950,"H200920F",4,,"T","10/25/13 09:00:00","10/25/13 12:32:00","02/11/10 15:45:00",,,,,"le début de validité correspond à la fin de la période d'influence de la végétation aquatique.
la fin de validité correspond à la modification du contrôle par l'apport de graviers dû à la pluie orageuse du 27/07
"
997821,262,"07/27/13 03:00:00","11/18/14 09:00:00",400,950,"H201320",4,,"T","02/21/14 11:31:00","02/26/15 15:26:00","02/11/10 15:45:00",,,,,"le début de validité correspond à la modification du contrôle par l'apport de graviers dû à la pluie orageuse du 27/07
La fin de validité correspond à la modification du contrôle suite à la petite crue du 18/11/2014
"
997822,262,"11/18/14 09:00:00","09/15/16 00:00:00",250,1000,"H201420",4,,"T","06/08/16 15:48:00","11/14/16 16:41:00","02/26/15 15:00:00",,,"H201420",0,"Le début de validité correspond à la modification du contrôle suite à la petite crue du 18/11/2014 
La fin de validité correspond au retour d'un contrôle stable après une période d'influence aval forte
"
997823,262,"09/15/16 00:00:00","11/21/18 10:00:00",250,1000,"H201620",4,,"T","08/17/17 10:24:00","01/10/19 15:49:00","11/14/16 16:30:00",,,"H201620",0,"Le début de validité correspond au retour d'un contrôle stable après une période d'influence aval forte
La fin de validité correspond au détarage dû au nettoyage de branchages immergés en aval immédiat du contrôle
"
997826,262,"08/24/21 10:00:00","06/22/23 07:30:00",270,830,"H202123",7,,"T",,"08/04/23 14:43:00",,,,"H202123",0,"Nouvelle courbe,
 suite aux des derniers jaugeages indiquant, certainement une influence en aval,de source in
connue."
997828,267,"03/27/21 00:00:00","12/28/21 07:00:00",300,1900,"H202121-1",10,,"T","09/01/21 11:25:00","11/16/22 15:15:00","04/13/21 09:00:00",,,"H202121-1",0,"Nouveau contrôle d'origine inconnue
"
997829,267,"01/30/08 00:00:00","11/27/09 00:00:00",300,1750,"H200820F",9,,"T","02/04/10 10:13:00","02/04/10 10:13:00","03/31/08 15:34:00",,,,,"retour à la courbe antérieur au 15/10/2007 après une période inexpliquée
la fin de validité correspond à la fin de la période d'influence de la végétation aquatique en 2009"
997830,267,"11/27/09 00:00:00","04/29/10 16:00:00",300,1750,"H200920F",10,,"T","02/04/10 09:51:00","03/03/11 10:42:00","02/04/10 09:00:00",,,,,"Le début de validité correspond à la fin de l'influence de la végétation aquatique
La fin de validité correspond à la date du constat d'une influence aval (végétation et autres)"
997831,267,"02/13/14 00:00:00","12/25/15 00:00:00",300,1700,"H201420",11,,"T","12/22/15 11:38:00","06/10/16 11:24:00","02/21/14 15:00:00",,,"H201420",0,"Le début de validité correspond au détarage suite à la crue de la mi-fevrier 2014
La fin de validité correspond au détarage suite à la crue du début janvier 2016"
997832,267,"01/05/12 03:00:00","02/13/14 00:00:00",300,1700,"H201120J",11,,"T","02/18/13 13:25:00","06/10/16 11:26:00","04/23/12 10:00:00",,,"H201120J",0,"Le début de validité correspond au détarage suite à la crue du 05/01/2012
La fin de validité correspond au détarage suite à la crue de la mi-fevrier 2014"
997833,267,"01/08/11 17:00:00","01/05/12 03:00:00",300,1750,"H201120F",10,,"T","04/23/12 10:16:00","06/10/16 11:31:00","03/03/11 10:00:00",,,,0,"Le début de validité correspond au détarage suite à la crue du 08/01/2011"
997834,267,"04/29/10 16:00:00","01/08/11 17:00:00",300,1750,"H201020F",10,,"T","01/13/12 11:30:00","06/10/16 11:40:00","03/02/11 16:00:00",,,,0,"Le début de validité correspond à la date du constat d'une influence aval (végétation et autre influence).
La fin de validité correspond au détarage suite à la crue du 08/01/2011"
997835,267,"12/25/15 00:00:00","01/05/17 00:00:00",300,1900,"H201520",10,,"T","02/27/17 14:57:00","02/02/18 10:37:00","01/15/16 11:00:00",,,"H201520",0,"Le début de validité correspond au détarage suite à la crue du début janvier 2016
La fin de validité correspond au détarage suite au conséquence des levées d'ouvrages pendant la saison hivernale dans le troncon"
997836,267,"01/05/17 00:00:00","08/06/19 14:00:00",300,1900,"H201719",11,,"T","03/15/19 14:11:00","12/20/19 10:47:00","04/18/17 11:00:00",,,"H201719",0,"Le début de validité correspond au détarage suite au conséquence des levées d'ouvrages pendant la saison hivernale dans le troncon (effet de nettoyage du lit lorsque les vitesses sont suffisantes)"
997837,267,"12/15/05 00:00:00","01/30/08 00:00:00",300,1750,"H200508F",9,,"T","11/14/12 10:00:00","04/22/20 16:37:00",,,,,0,"Le début et la fin de validité correspond à un détarage d'origine inconnu"
997838,267,"11/18/98 00:00:00","12/15/05 00:00:00",300,1750,"1",20,,"C","11/14/12 09:58:00","04/22/20 16:38:00",,,,,0,"le début de validité correspond à la mise en service de la station. 
La fin de validité correspond à un détarage encore inexpliqué"
997839,267,"08/06/19 14:00:00","07/24/20 00:00:00",300,1900,"H201920",10,,"T","08/14/20 14:52:00","09/24/20 15:56:00","12/20/19 10:00:00",,,"H201920",0,"Courbe créée après constat d'une influence aval permanente"
997840,267,"07/24/20 00:00:00","10/25/20 12:00:00",300,1900,"H2020201",10,,"T","09/24/20 15:25:00","12/18/20 15:35:00","09/24/20 15:00:00",,,"H2020201",0,"Détarage en basses eaux, modification de l'influence aval
"
997841,267,"10/25/20 12:00:00","12/28/20 12:00:00",300,1900,"H2020202",10,,"T","12/18/20 14:47:00","01/18/21 10:50:00","12/18/20 14:00:00",,,"H2020202",0,"Détarage en basses et moyennes eaux, modification de l'influence aval suite à un embâcle d'arbres et bois flottants
"
997842,267,"12/28/20 12:00:00","02/08/21 00:00:00",300,1900,"H202021",10,,"T","01/20/21 11:05:00","03/31/21 14:51:00","01/18/20 10:00:00",,,"H202021",0,"le début de validation correspond à un nouvel état de l'embâcle aval
La fin de validation correspond à un nouveau contrôle après les crues hivernales"
997843,267,"02/08/21 00:00:00","03/27/21 00:00:00",300,1900,"H202121",10,,"T","03/31/21 13:52:00","04/13/21 09:29:00","03/31/21 13:45:00",,,"H202121",0,"Nouveau contrôle après crues hivernales"
997844,267,"12/28/21 07:00:00","01/15/23 17:22:00",250,1350,"H202123",10,,"T","03/09/22 11:29:00","03/06/24 15:18:00","03/09/22 09:00:00",,,"H202123",0,"Nouveau contrôle d'origine inconnue
, après la crue de décembre 2021
"
997846,269,"10/19/00 15:45:00","01/27/04 00:00:00",150,1250,"00001",19,,"C",,,,,,,,"Début de validité correspond à la mise en service de la station et la fin de validité au détarage suite aux crues de janvier 2004"
997847,269,"01/27/04 00:00:00","10/06/05 00:00:00",50,1250,"00002",21,,"C",,,,,,,,"Dernière mise à jour le 31/01/2006 - 
le début de validité correspond à un détarage suite aux crues de janvier 2004
La fin de validité correspond au nettoyage du contrôle naturel."
997848,269,"10/06/05 00:00:00","10/01/06 00:00:00",50,1250,"00003",18,,"C","01/03/08 17:15:00","01/04/08 15:21:00",,,,,,"Le début de validité correspond au nettoyage du contrôle naturel.
La fin de validité correspond à la fin de l'étiage"
997849,269,"10/01/06 00:00:00","05/28/08 00:00:00",100,1200,"H200620F",10,,"T",,"10/03/08 10:07:00","01/04/08 15:20:00",,,,,"Le début de validité correspond à la fin de l'étiage 2006
La fin de validité correspond au détarage suite à la dernière crue du printemps 2008"
997850,269,"05/28/08 00:00:00","01/25/09 00:00:00",100,1200,"H200820F",10,,"T","05/04/09 16:54:00","05/04/09 16:55:00","10/03/08 00:00:00",,,,,"Le début de validité correspond à la dernière crue du printemps 2008
La fin de validité correspond à la crue du 25/01/2009"
997851,269,"10/07/11 00:00:00","04/12/12 18:00:00",0,1200,"H201120Q",16,,"T","06/29/12 13:00:00","04/02/13 14:57:00","04/02/12 14:40:00",,,,,"Le début de validité correspond à la date du nettoyage du seuil 07/10/2011
Le fin de validité correspond à la date d'une intervention sur le seuil (pierres enlevées pour consolider un perret en RD)"
997852,269,"12/09/10 05:00:00","10/07/11 00:00:00",0,1200,"H201020Q",16,,"T","04/02/12 15:59:00","04/02/13 14:59:00","02/28/11 14:40:00",,,,,"Le début de validité correspond à la crue du 09/12/2010 la fin de validité correspond à la date du nettoyage du seuil 07/10/2011"
997853,269,"01/25/09 00:00:00","12/09/10 05:00:00",100,1200,"H200920F",11,,"T","08/08/11 15:56:00","04/02/13 15:00:00","05/04/09 16:40:00",,,,,"Le début de validité correspond à la crue du 25/01/2009 
la fin de validité correspond à la crue du 09/12/2010
05h00"
997854,269,"04/12/12 18:00:00","02/02/13 00:00:00",20,1200,"H201220F",17,,"T","02/15/13 16:41:00","08/13/13 10:30:00","06/29/12 13:20:00",,,,,"Le début de validité correspond à la date d'une intervention sur le seuil (pierres enlevées pour consolider un perret en RD)
Le début de validité correspond au détarage suite à la crue du 02/02/2013"
997855,269,"02/02/13 00:00:00","03/01/14 00:00:00",20,1200,"H201320",16,,"T","11/29/13 15:34:00","08/27/14 11:18:00","04/02/13 00:00:00",,,,,"Le début de validité correspond au détarage suite à la crue du 02/02/2013
La fin de validité correspond au détarage suite à la crue du 01/03/2014"
997856,269,"03/01/14 00:00:00","10/04/14 00:00:00",20,1200,"H2014141",17,,"T","08/27/14 10:20:00","01/30/15 08:57:00","04/02/13 00:00:00",,,,,"Le début de validité correspond au détarage suite à la crue du 01/03/2014"
997857,269,"10/04/14 00:00:00","01/30/15 00:00:00",20,1200,"H201420",18,,"T","01/27/15 14:43:00","03/12/15 15:47:00","01/27/15 00:00:00",,,,,"Le début de validité correspond au détarage suite à une raison encore inconnue"
997858,269,"01/30/15 00:00:00","01/02/16 00:00:00",20,1200,"H201520",19,,"T","12/21/15 09:25:00","02/26/16 13:34:00","03/12/15 00:00:00",,,,,
997859,269,"01/02/16 00:00:00","11/01/18 00:00:00",20,1200,"H201618",20,,"T","08/10/18 15:20:00","12/26/18 11:11:00","03/12/15 00:00:00",,,"H201618",0,"la fin de validité corerspond à la remise en eau suite à un assec constaté"
997860,269,"11/01/18 00:01:00","03/08/19 00:00:00",20,1200,"H201819",20,,"T","03/12/19 09:50:00","06/17/19 09:58:00","12/18/18 00:00:00",,,"H201819",0,"La fin de validité correspond à un détarrage inconnu

"
997861,269,"03/08/19 00:00:00","09/01/20 00:00:00",20,1200,"H201920",18,,"T","06/17/19 10:17:00","01/19/21 14:46:00","05/02/19 00:00:00",,,"H201920",0,"Le début de validité correspond à un détarrage d'origine inconnu
La fin de validité correspond à un détarage pérenne par la végétation
"
997862,269,"09/01/20 00:00:00","12/30/22 00:00:00",20,1200,"H202022",19,,"T","02/10/23 16:00:00","01/22/24 08:58:00","01/19/21 14:00:00",,,"H202022",0,"Le début de validité correspond à un détarrage dû à la végétation pérenne
"
997864,270,"09/01/05 00:00:00","05/01/07 00:00:00",200,650,"H200612g",7,,"T","11/12/12 15:21:00","06/24/13 11:05:00","04/20/07 11:31:00",,,,,"La début de validité correspond à l'étiage 2005.
La fin de validité correspond à un léger détarage (cause mal définie)"
997865,270,"03/10/04 11:00:00","09/01/05 00:00:00",200,650,"4",17,,"C","11/12/12 15:20:00","06/24/13 11:06:00",,,,,,"Le début de validité correspond au nettoyage complet du seuil béton.
La fin de validité correspond à l'étiage 2005."
997866,270,"08/15/03 00:00:00","03/10/04 11:00:00",250,650,"3",12,,"C","11/12/12 15:16:00","06/24/13 11:09:00",,,,,,"Le début de validité est peut-être un nettoyage involontaire de la mousse sur le seuil entre le 19/08 et le 24/09.
la fin de validité est le jour d'un nettoyage de la mousse sur le seuil par nos soins.
Dernière mise à jour:15/06/2004"
997867,270,"09/13/01 14:30:00","08/15/03 00:00:00",250,650,"2",10,,"C","11/12/12 15:30:00","06/24/13 11:15:00",,,,,,"Le début de validité correspond au déplacement de la station, 2m en amont du seuil, rive droite.
La fin de validité est peut-être un nettoyage involontaire de la mousse sur le seuil entre le 19/08 et le 24/09."
997868,270,"02/01/98 00:00:00","09/13/01 14:30:00",20,400,"1",13,,"C","11/12/12 15:38:00","06/24/13 11:19:00",,,,,,"Le début de validité correspond à la mise en service du seuil béton, la référence hauteur est l'échelle en amont du pont, rive gauche.
La fin de validité correspond au déplacement de la station, 2m en amont du seuil, rive droite."
997869,270,"11/03/11 00:00:00","04/03/12 06:00:00",200,650,"H201120F",9,,"T","07/05/12 15:00:00","06/24/13 11:28:00","03/12/11 14:00:00",,,,,"le début de validité correspond a un détarage d'origine indéterminée
le fin de validité correspond a un détarage d'origine indéterminée"
997870,270,"04/03/12 06:00:00","06/17/13 12:00:00",200,650,"H201220F",10,,"T","06/24/13 10:34:00","09/13/13 10:40:00","07/05/12 14:00:00",,,,,"le début de validité correspond a un détarage d'origine indéterminée
la fin de validité correspond a un détarage suite à la crue du 17/06/2013"
997871,270,"09/28/08 00:00:00","11/03/11 00:00:00",200,650,"H200821F",8,,"T","03/12/12 14:49:00","12/27/13 15:34:00","11/12/08 00:00:00",,,,,"le début de validité correspond a un détarage d'origine indéterminée
le fin de validité correspond a un détarage d'origine indéterminée"
997872,270,"06/17/13 12:00:00","02/25/15 11:15:00",200,650,"H201320",9,,"T","02/26/15 16:16:00","04/17/15 14:29:00","09/13/13 10:00:00",,,,,"le début de validité correspond a un détarage suite à la crue du 17/06/2013
la fin de validité correspond à un détarage d'origine inconnu"
997873,270,"05/01/07 00:00:00","09/28/08 00:00:00",200,650,"H200720F",8,,"T","11/12/12 15:23:00","04/08/16 14:28:00","12/20/07 10:47:00",,,,0,"Le début de validité correspond à un léger détarage (cause mal définie)
la fin de validité correspond au faucardage de la végétation sur la section de l'échelle"
997874,270,"02/25/15 11:15:00","08/27/15 00:00:00",200,650,"H2015151",9,,"T","07/30/15 11:52:00","07/13/16 14:19:00","04/17/15 14:00:00",,,"H2015151",0,"le début de validité correspond à un détarage (origine inconnue)
La fin de validité correspond à un détarage (origine inconnue)"
997875,270,"04/01/16 00:00:00","06/24/19 00:00:00",200,700,"H201619",8,,"T","08/22/19 11:28:00","07/08/20 15:05:00","07/13/16 13:30:00",,,"H201619",0,"le début de validité correspond à un détarage suite à la crue du 01/04/2016
"
997876,270,"08/27/15 00:00:00","04/01/16 00:00:00",200,650,"H201520",9,,"T","03/24/16 14:18:00","07/02/21 16:00:00","12/11/15 16:30:00",,,"H201520",0,"le début de validité correspond à un détarage (origine inconnue)
la fin de validité correspond à un détarage suite à la crue du 01/04/2016
"
997877,270,"06/24/19 00:00:00","09/02/21 11:00:00",200,780,"H201921",8,,"T","08/23/21 16:15:00","04/12/22 11:20:00","07/08/20 11:00:00",,,"H201921",0,"le début de validité correspond à un détarage suite à la crue du 05/03/2020
"
997878,270,"09/02/21 11:00:00","07/25/22 06:00:00",200,780,"H202122",8,,"T","03/27/23 09:19:00","03/27/23 09:20:00","03/11/22 14:00:00",,,"H202122",0,"le début de validité correspond a une végétation installée dans le lit de la rivière"
997879,270,"07/25/22 06:00:00","12/31/50 00:00:00",200,780,"H202250",8,,"T","03/27/23 09:18:00","07/04/23 09:24:00","03/27/23 09:00:00",,,"H202250",0,"le début de validité correspond a une nouvelle implantation de l' échelle en amont du pont
"
997880,272,"10/07/14 14:00:00","11/17/15 12:15:00",120,500,"H201415",12,,"T","09/28/15 10:39:00","03/13/17 14:32:00","10/07/14 14:00:00",,,"H201415",0,
997881,272,"12/12/13 09:05:00","10/07/14 14:00:00",120,500,"H201314",11,,"T","04/29/15 16:11:00","03/13/17 14:32:00","08/04/07 10:00:00",,,"H201314",0,
997882,272,"05/01/09 00:00:00","12/12/13 09:05:00",120,500,"H200913",15,,"T","10/10/14 15:06:00","03/13/17 14:33:00","08/04/07 10:00:00",,,"H200913",0,
997883,272,"04/15/08 00:00:00","05/01/09 00:00:00",120,500,"H200809",9,,"T","12/01/14 11:19:00","03/13/17 14:35:00","08/04/07 10:00:00",,,"H200809",0,"Nouvelle courbe par ajustement suite à un léger détarage
"
997884,272,"04/01/07 00:00:00","04/15/08 00:00:00",250,500,"H200708",7,,"T","12/01/14 10:30:00","03/13/17 14:36:00","08/02/07 13:51:00",,,"H200708",0,"Nouvelle courbe par ajustement suite à un léger détarage"
997885,272,"06/15/06 00:00:00","04/01/07 00:00:00",84,619,"H200607",9,,"T","11/26/14 15:39:00","03/13/17 14:37:00","04/01/07 00:00:00",,,"H200607",0," "
997886,272,"07/16/04 00:00:00","06/15/06 00:00:00",0,617,"H200406",8,,"T","11/26/14 14:45:00","03/13/17 14:39:00","03/16/07 11:05:00",,,"H200406",0,"Courbe extrapolée suite à crue du mois de mars 2007"
997887,272,"11/17/15 12:15:00","02/21/17 10:15:00",120,718,"H201517",8,,"T","05/12/17 14:55:00","02/23/18 15:18:00","04/04/16 13:43:00",,,"H201517",0,
997888,272,"02/21/17 10:15:00","12/01/18 00:00:00",120,718,"H201718",10,,"T","12/10/18 09:35:00","12/10/18 09:35:00","04/04/16 13:43:00",,,"H201718",0,
997889,272,"12/01/18 00:00:00","11/19/19 11:00:00",-75,718,"H201819",10,,"T","08/31/20 10:32:00","08/31/20 10:39:00","04/04/16 13:43:00",,,"H201819",0,"Nouvelle courbe suite au travaux sur le seuil.
mi-novembre 2018."
997893,273,"09/10/19 00:00:00","02/13/21 13:00:00",400,3150,"H201921",17,,"T","11/15/22 15:50:00","11/15/22 15:52:00","09/20/19 10:55:00",,,"H201921",0,
997894,273,"04/23/08 00:00:00","11/02/10 11:00:00",450,2700,"H200821F",14,,"T","02/04/11 18:08:00","04/24/13 13:51:00","03/05/09 10:05:00",,,,,"le début de validité correspond à la crue la plus forte en débit de pointe du printemps 2008 - retour sur la courbe H200620F
La fin de validité correspond au démontage de la station pour cause de travaux d'enrochement sur la culée RD du pont."
997895,273,"01/09/08 00:00:00","04/23/08 00:00:00",500,2750,"H200820F",11,,"T","03/05/09 10:16:00","04/24/13 13:57:00",,,,,,"le début de validité correspond à la crue du 9/01/2008
la fin de validité correspond à la crue la forte en débit de pointe du printemps 2008"
997896,273,"02/21/06 00:00:00","01/09/08 00:00:00",400,2750,"H200620F",12,,"T","12/14/09 16:09:00","04/24/13 13:59:00",,,,,,"Début de validité: modification des moyennes eaux attribuée à la montée du 21/02/2006
Fin de validité: crue du 09/01/2008 (détarage)"
997897,273,"09/19/03 00:00:00","02/21/06 00:00:00",400,2750,"H200306F",20,,"C","01/14/08 14:12:00","04/24/13 16:04:00",,,,,,"Début de validité: mise en service de la station
Fin de validité: modification des moyennes eaux attribuée à la montée du 21/02/2006
"
997898,273,"11/02/10 11:00:00","12/30/13 00:00:00",400,2750,"H201020F",18,,"T","08/30/13 09:32:00","06/06/14 14:24:00","02/04/11 18:00:00",,,,,"le début de validité correspond au démontage de la station pour cause de travaux d'enrochement sur la culée RD du pont."
997899,273,"12/30/13 00:00:00","10/18/14 00:00:00",400,2750,"H2014141",19,,"T","06/06/14 14:05:00","12/09/14 14:04:00","12/09/14 14:00:00",,,,,"le début de validité correspond au détarage suite à la crue du 30/12/2013"
997900,273,"01/03/16 00:00:00","09/10/19 00:00:00",400,3150,"H201619",19,,"T","09/20/19 10:50:00","09/20/19 10:51:00","04/18/16 10:00:00",,,"H201619",0,
997901,273,"10/18/14 00:00:00","02/01/15 00:00:00",400,3000,"H201415",20,,"T","02/06/15 16:30:00","06/21/19 09:41:00","02/04/11 18:00:00",,,"H201415",0,"le début de validité correspond au détarage suite à la crue du 18/10/2014
La fin de validité correspond au détarage suite à la crue du 01/02/2015"
997902,273,"02/01/15 00:00:00","01/03/16 00:00:00",400,3000,"H201516",19,,"T","04/18/16 10:02:00","10/22/21 10:42:00","03/12/15 16:20:00",,,"H201516",0,"le début de validité correspond au détarage suite à la crue du 01/02/2015"
997904,274,"01/01/97 00:00:00","12/31/49 23:59:00",100,800,"****1J",9,,"C",,,,,,,,
997905,274,"01/01/04 00:00:00","05/01/04 00:00:00",100,800,"****2J",9,,"C",,,,,,,,
997906,274,"05/01/04 00:00:00","11/01/04 00:00:00",100,800,"****3J",9,,"C",,,,,,,,
997907,274,"11/01/04 00:00:00","12/31/08 00:00:00",100,800,"****4",9,,"C",,"08/29/08 14:38:00","01/25/05 13:37:00",,,,,
997908,274,"01/01/12 00:00:00","01/01/50 00:00:00",160,450,"bidon",6,,"T",,"08/30/12 11:41:00","08/30/12 11:41:00",,,,,
997909,278,"01/01/77 00:00:00","12/02/80 00:00:00",200,3000,"C11071",9,,"C",,"11/30/12 15:11:00",,,,,,
997910,278,"12/02/80 00:00:00","04/22/82 00:00:00",190,3000,"C11072",9,,"C",,"11/30/12 15:12:00",,,,,,
997911,278,"04/22/82 00:00:00","06/08/83 00:00:00",320,3200,"C11073",7,,"C",,"11/30/12 15:12:00",,,,,,
997912,278,"07/27/84 00:00:00","10/22/84 00:00:00",250,1450,"C11075",11,,"C",,"05/31/13 16:14:00",,,,,,
997913,278,"12/06/10 12:00:00","12/16/11 00:00:00",120,3200,"H201021F",14,,"T","12/20/11 10:40:00","06/28/16 10:59:00","12/08/10 14:00:00",,,,0,"Le début de validité correspond au début de la période où il y a eu seulement de 2 vannes sur 3 d'ouvertes au moulin aval pendant les crues.
La fin de validité correspond à la crue du 16/12/2011"
997914,278,"01/02/10 00:00:00","12/06/10 12:00:00",120,3200,"H201020F",15,,"T","02/08/11 14:02:00","06/28/16 11:01:00","07/09/10 10:00:00",,,,0,"Le début de validité  correspond au détarage suite à la crue du 02/01/2010
La fin de validité correspond au début de la période où il y a eu seulement de 2 vannes sur 3 d'ouvertes au moulin aval"
997915,278,"01/25/09 00:00:00","01/02/10 00:00:00",120,3200,"H200920F",16,,"T","07/09/10 10:17:00","06/28/16 11:02:00","06/04/10 15:00:00",,,,0,"Le début de validité  correspond au détarage suite à la crue du 25/01/2009
La fin de validité  correspond au détarage suite à la crue du 02/01/2010"
997916,278,"03/03/07 00:00:00","01/25/09 00:00:00",120,3200,"H200720F",13,,"T","06/04/10 15:04:00","06/28/16 11:03:00","04/01/08 13:40:00",,,,0,"Le début de validité correspond à la date du maxi de la crue du 03/03/2007
La fin de validité correspond au détarage suite à la crue du 25/01/2009"
997917,278,"03/05/06 00:00:00","03/03/07 00:00:00",120,3200,"00014",28,,"C","06/14/10 16:39:00","06/28/16 12:07:00",,,,,0,"Le début de validité correspond à la crue du 04 et 05 mars 2006
Dernière MAJ: 30/03/2007 - modif des points pivots en basses eaux.
01/10/2007 : je mets la fin de validité le jour du point le plus haut de la crue du 03/03/2007 à cause des jaugeages suivant qui ne tombent pas sur la courbe"
997918,278,"02/09/99 16:30:00","03/05/06 00:00:00",190,3200,"00013",27,,"C","07/13/10 15:29:00","06/28/16 12:09:00",,,,,0,"La fin de validité correspond à la crue du 04 et 05 mars 2006. Détarage"
997919,278,"01/19/98 23:00:00","02/09/99 16:30:00",210,3200,"00012",28,,"C",,"06/28/16 12:10:00",,,,,0,
997920,278,"06/09/94 00:00:00","01/19/98 23:00:00",210,3200,"00011",23,,"C",,"06/28/16 12:14:00",,,,,0,
997921,278,"03/22/91 00:00:00","06/09/94 00:00:00",210,3200,"C11080",25,,"C",,"06/28/16 12:15:00",,,,,0,
997922,278,"11/15/89 00:00:00","03/22/91 00:00:00",220,3200,"C11079",20,,"C",,"06/28/16 12:16:00",,,,,0,
997923,278,"03/01/86 00:00:00","11/15/89 00:00:00",250,3200,"C11078",18,,"C",,"06/28/16 12:17:00",,,,,0,
997924,278,"02/08/85 00:00:00","03/01/86 00:00:00",250,3200,"C11077",16,,"C",,"06/28/16 12:18:00",,,,,0,
997925,278,"10/22/84 00:00:00","02/08/85 00:00:00",260,3200,"C11076",15,,"C",,"06/28/16 12:19:00",,,,,0,
997926,278,"06/08/83 00:00:00","07/27/84 00:00:00",190,3200,"C11074",15,,"C",,"06/28/16 12:21:00",,,,,0,
997927,278,"12/16/11 00:00:00","02/14/14 00:00:00",120,3200,"H201120",17,,"T","08/12/14 10:27:00","02/05/19 11:40:00","12/08/10 14:00:00",,,"H201120",0,"Le début de validité correspond au détarage suite à la crue du 16/12/2011
La fin de validité correspond au détarage suite à la crue du 14/02/2014"
997928,278,"06/01/16 00:00:00","12/01/20 00:00:00",120,3200,"H201620",18,,"T","08/14/19 16:38:00","01/29/21 11:53:00","10/23/17 11:00:00",,,"H201620",0,"Le début de validité correspond au détarage suite à la crue du 31/05/2016
La fin de validité correspond au détarage suite à une nouvelle ligne d'eau aval dépendante des ouvrages du moulin des roches

"
997929,278,"02/14/14 00:00:00","06/01/16 00:00:00",120,3200,"H201420",18,,"T","09/04/17 10:26:00","03/15/21 09:55:00","03/12/15 10:00:00",,,"H201420",0,"Le début de validité correspond au détarage suite à la crue du 13/02/2014
La fin de validité correspond au détarage suite à la crue du 31/05/2016

"
997930,278,"12/01/20 00:00:00","01/24/23 00:00:00",120,3200,"H202023",21,,"T","01/29/21 11:27:00","04/17/23 15:10:00","01/29/21 11:00:00",,,"H202023",0,"Le début de validité correspond au détarage suite à une nouvelle ligne d'eau aval dépendante des ouvrages du moulin des roches

"
997934,280,"10/09/01 15:00:00","09/05/05 12:00:00",170,2000,"H200105F",17,,"C",,"03/15/19 10:46:00",,,,"H200105F",0,"Début de validité: mise en service
Fin de validité: détarage estimé après la crue du 05/09/2005"
997935,280,"09/05/05 12:00:00","02/06/08 00:00:00",150,2000,"H200520F",11,,"T","12/13/10 16:03:00","03/15/19 10:47:00",,,,"H200520F",0,"Début de validité: détarage après la crue du 05/09/2005
Fin de validité: détarage en basses eaux suite à la crue du 06 février 2008"
997936,280,"02/06/08 00:00:00","02/04/13 00:00:00",150,2000,"H200820F",11,,"T","02/15/13 11:06:00","03/15/19 10:48:00","09/17/08 00:00:00",,,"H200820F",0,"Début de validité: détarage en basses eaux suite à la crue du 06 février 2008"
997939,280,"12/23/18 00:00:00","03/06/20 00:00:00",165,2000,"H201820",12,,"T","03/19/20 16:22:00","08/14/20 15:01:00","06/18/19 10:30:00",,,"H201820",0,"Création nouvelle courbe suite au détarage du à la crue du 22/12/2018
La fin de validité correspond au détarage du à la crue du 06/03/2020"
997940,280,"03/06/20 00:00:00","06/22/21 16:50:00",165,2000,"H202021",12,,"T","03/14/22 17:03:00","03/14/22 17:04:00","08/14/20 14:55:00",,,"H202021",0,"Création nouvelle courbe suite au détarage du à la crue du 06/03/2020"
997942,281,"01/01/83 00:00:00","09/11/86 12:30:00",141,1631,"H198386",7,,"T","02/20/14 10:13:00","04/14/14 14:38:00","02/20/14 09:41:00",,,,,
997943,281,"09/11/86 12:30:00","08/11/88 00:00:00",400,1050,"H198688",8,,"C","02/21/14 11:40:00","04/14/14 14:46:00","04/17/07 18:16:00",,,,,
997944,281,"08/11/88 00:00:00","09/27/89 00:00:00",300,1200,"H198889",9,,"C","04/14/14 16:24:00","04/18/14 15:29:00","04/18/07 17:06:00",,,,,
997945,281,"09/27/89 00:00:00","12/01/93 00:00:00",200,1200,"H198993",16,,"C","04/18/14 15:47:00","04/18/14 15:47:00","04/20/07 11:08:00",,,,,
997950,281,"05/11/05 11:00:00","01/01/06 00:00:00",700,1400,"H200506",5,,"T","02/08/08 14:21:00","03/13/17 14:10:00","07/19/07 15:12:00",,,"H200506",0,
997951,281,"05/01/04 00:00:00","05/11/05 11:00:00",700,1400,"H200405",9,,"C","03/31/14 16:14:00","03/13/17 14:11:00",,,,"H200405",0,
997952,281,"03/22/00 12:00:00","05/01/04 00:00:00",800,1500,"H200004",11,,"C","03/26/14 16:03:00","03/13/17 14:12:00",,,,"H200004",0,
997954,281,"10/18/16 11:00:00","08/26/18 13:00:00",680,2067,"H201618",10,,"T","03/04/19 14:15:00","03/04/19 14:16:00","08/20/09 10:14:00",,,"H201618",0,"Nouvelle Courbe suite a jaugeage crue mai 2016.
"
997955,281,"08/26/18 13:00:00","08/18/20 12:34:00",599,2067,"H201820",12,,"T","09/28/20 09:00:00","09/28/20 09:01:00","08/20/09 10:14:00",,,"H201820",0,"
"
997956,281,"11/20/14 15:00:00","03/17/15 10:40:00",595,2071,"H201415",6,,"T","06/08/15 10:18:00","04/08/22 08:48:00","08/20/09 10:14:00",,,"H201415",0,"Retour à la courbe non influencé.
Enlèvement des arbres dans le lit de la riviere le 31/10/2014"
997957,281,"03/17/15 10:40:00","10/18/16 11:00:00",600,2052,"H201516",9,,"T","11/18/16 14:00:00","04/08/22 09:11:00","08/20/09 10:14:00",,,"H201516",0,"Nouvelle Courbe suite a jaugeage crue mai 2016.
"
997958,281,"08/18/20 12:34:00","10/26/22 12:00:00",594,2067,"H202022",9,,"T","02/06/23 09:24:00","02/06/23 09:28:00","08/20/09 10:14:00",,,"H202022",0,"
"
997959,281,"10/26/22 12:00:00","08/01/23 12:10:00",594,2067,"H202223",9,,"T","01/10/24 11:11:00","01/10/24 11:11:00","08/20/09 10:14:00",,,"H202223",0,"

"
997960,281,"09/03/96 05:30:00","03/22/00 12:00:00",640,1030,"H199600",8,,"C","02/20/14 15:52:00","01/10/24 18:21:00",,,,"H199600",0,"Début de nouvelle courbe dû à un détarage progressif entre le 27/08/1996 et le 03/09/1996  "
997961,281,"12/01/93 00:00:00","09/03/96 05:30:00",300,1200,"H199396",15,,"C","04/08/14 16:12:00","01/10/24 17:46:00","05/03/07 12:14:00",,,"H199396",0,"Détarage progressif entre le 27/08/1996 et le 03/09/1996 (géré par Corth)"
997963,282,"04/01/02 00:00:00","03/21/06 00:00:00",300,500,"8",2,,"C",,"05/07/07 14:57:00",,,,,,
997964,282,"11/01/99 12:00:00","04/01/02 00:00:00",300,600,"7",2,,"C",,"05/07/07 16:53:00",,,,,,
997965,282,"03/01/98 00:00:00","11/01/99 12:00:00",200,500,"6",2,,"C",,"05/07/07 16:53:00",,,,,,
997966,282,"10/01/92 00:00:00","03/01/98 00:00:00",200,400,"5",3,,"C",,"05/07/07 15:04:00",,,,,,
997967,282,"06/01/90 00:00:00","10/01/92 00:00:00",200,500,"4",2,,"C",,"05/07/07 14:58:00",,,,,,
997968,282,"01/01/84 00:00:00","06/01/90 00:00:00",300,500,"3",2,,"C",,"05/07/07 14:58:00",,,,,,
997969,282,"01/01/77 00:00:00","01/01/84 00:00:00",240,500,"2",2,,"C",,"05/07/07 14:58:00",,,,,,
997970,282,"01/01/68 00:00:00","01/01/77 00:00:00",290,350,"1",2,,"C",,"05/07/07 15:01:00",,,,,," "
997971,282,"03/21/06 00:00:00","04/01/07 00:00:00",300,500,"9",2,,"C","11/07/07 17:10:00","11/07/07 17:09:00",,,,,,"Fermeture du by-pass en aval station entrainant une augmentation de hauteur d'environ 60 mm .Présence de la végétation nécessitant un CORTH."
997972,282,"04/01/07 00:00:00","11/21/08 00:00:00",250,650,"H200708",6,,"T",,"05/03/11 16:49:00","05/02/11 11:29:00",,,,,"Courbe pseudo influencée. Travaux sur bypass octobre/novembre 2007 traités en CORTH ainsi que l'étiage 2008 jusqu'au faucardage."
997973,282,"07/21/09 00:00:00","08/02/10 00:00:00",250,650,"H200910",8,,"T",,"05/03/11 17:30:00","05/03/11 14:33:00",,,,,"Courbe pseudo influencée 2009/10 jusqu'au faucardage du 02/08/2010.
Influence croissance d'herbes à partir de mars 2010 traitée en CORTH dans Hydro"
997974,282,"11/21/08 00:00:00","07/20/09 00:00:00",250,650,"H200809",2,,"T",,"10/21/11 15:57:00","05/03/11 13:27:00",,,,,"Courbe non influencée hiver 2008/09 jusqu'au faucardage du 20/07/2009.
Influence croissance d""herbe à partir de mai 2009
traitée en CORTH dans Hydro."
997975,282,"08/02/10 00:00:00","05/11/11 09:10:00",250,650,"H201011",6,,"T","10/21/11 15:58:00","03/28/12 15:25:00","04/08/09 10:28:00",,,,,"Courbe pseudo influencée avec présence d'herbes en hiver.

"
997976,282,"05/11/11 18:30:00","07/08/12 04:00:00",250,550,"H201112",5,,"T","03/19/12 10:52:00","10/25/12 11:40:00","05/13/11 09:26:00",,,,,"Courbe non influencée avec contrôle hydraulique par canal sous le moulin.
A confirmer...
CTH en 2011"
997977,282,"07/08/12 04:00:00","09/25/12 08:00:00",165,643,"H201212",4,,"T","08/10/12 11:31:00","12/07/12 12:14:00","04/08/09 10:28:00",,,,,
997978,282,"09/25/12 08:00:00","10/26/12 18:00:00",250,550,"H2012",5,,"T","12/07/12 11:52:00","12/10/12 10:36:00","05/13/11 09:26:00",,,,,"Retour a la courbe non influencée avec contrôle hydraulique par canal sous le moulin.
A confirmer..."
997979,282,"10/26/12 18:00:00","06/26/14 21:45:00",143,652,"H201214",4,,"T","10/24/14 16:01:00","12/22/14 11:30:00","05/13/11 09:26:00",,,,,"Retour a la courbe non influencée avec contrôle hydraulique par canal sous le moulin.
A confirmer..."
997980,282,"06/26/14 21:45:00","01/15/15 10:00:00",142,512,"H201415",5,,"T","12/22/14 11:54:00","02/02/15 10:46:00","05/13/11 09:26:00",,,,,
997981,282,"01/15/15 10:00:00","01/01/20 00:00:00",142,512,"H201520",6,,"T","02/02/15 10:19:00","02/02/15 10:54:00","05/13/11 09:26:00",,,,,"Nouvelle Courbes suite au chutes de pierres en aval de la station constaté le 15/01/2015, avant le moulin."
997982,283,"06/02/94 00:00:00","05/01/98 00:00:00",30,2000,"H199498",8,,"T","02/17/12 12:01:00","02/20/12 14:47:00","07/21/08 09:17:00",,,,,"station herbes et feuilles, CTH 1998"
997983,283,"05/01/98 00:00:00","12/31/01 00:00:00",30,2000,"H199801",9,,"T","02/17/12 12:01:00","02/20/12 14:48:00","07/21/08 09:17:00",,,,,"station herbes feuilles,CTH 1998 1991 2000"
997984,283,"12/31/01 00:00:00","01/24/05 00:00:00",30,2000,"H200105",7,,"T","02/17/12 12:01:00","02/20/12 14:49:00","07/21/08 09:17:00",,,,,"station herbes feuilles, CTH 2004 2005"
997985,283,"04/01/05 00:00:00","12/07/10 00:00:00",30,2000,"H200509",8,,"T","02/17/12 14:28:00","02/20/12 14:50:00","07/21/08 09:17:00",,,,,"station herbes feuilles, CTH 2005 2006 2007 2008
2009 2010"
997986,283,"12/07/10 00:00:00","02/14/12 00:00:00",30,2000,"H201012",7,,"T","04/19/12 09:34:00","10/09/12 14:02:00","07/21/08 09:17:00",,,,,"station herbes feuilles, CTH 2011"
997987,283,"02/14/12 00:00:00","04/01/15 00:00:00",30,2000,"H201215",12,,"T","12/17/12 11:13:00","07/26/13 11:04:00","07/21/08 09:17:00",,,,,"station herbes feuilles, CTH 2012"
998033,289,"05/31/97 00:00:00","11/18/97 00:00:00",350,550,"H199797",8,,"T","02/16/12 10:45:00","02/16/12 10:50:00","02/16/12 10:46:00",,,,,
998034,289,"11/18/97 00:00:00","05/01/04 00:00:00",300,1600,"H199704",14,,"T","02/16/12 11:03:00","02/16/12 11:52:00","02/16/12 10:55:00",,,,,
998035,289,"05/01/04 00:00:00","01/01/07 00:00:00",270,1600,"H200407",14,,"T","02/16/12 11:14:00","02/16/12 11:53:00","02/16/12 10:55:00",,,,,
998036,289,"01/01/07 00:00:00","12/19/07 12:00:00",230,1600,"H200707",14,,"T","02/16/12 11:27:00","02/16/12 11:54:00","02/16/12 10:55:00",,,,,
998037,289,"12/19/07 12:00:00","11/28/08 12:00:00",240,1600,"H200708",12,,"T","02/16/12 11:35:00","02/16/12 11:56:00","02/16/12 10:55:00",,,,,
998038,289,"11/28/08 12:00:00","05/01/13 00:00:00",240,1600,"H200813",10,,"T","06/18/12 09:41:00","06/03/13 11:01:00","02/16/12 10:55:00",,,,,"station feuilles, CTH 2011 et 2012"
998039,289,"05/01/13 00:00:00","04/01/15 00:00:00",240,1600,"H201315",10,,"T","07/19/13 12:20:00","07/19/13 12:20:00","02/16/12 10:55:00",,,,,
998054,302,"01/01/07 00:00:00","08/21/08 00:00:00",200,350,"H200709F",4,,"T","09/19/08 14:22:00","02/16/09 16:47:00","03/13/08 17:45:00",,,,,"Période de mesures ponctuelles avec repère sur le tablier du pont"
998055,302,"08/25/09 17:00:00","02/28/10 00:00:00",150,1000,"H200920F",7,,"T","12/14/10 11:55:00","12/14/10 11:55:00","12/04/09 15:18:00",,,,,"Le début de validité correspond à l'arasement d'un barrage de pierre fait un mois plus tôt par les riverains
La fin de validité correspond à la cue du 26/02 au 01/03/2010"
998056,302,"08/21/08 00:00:00","08/25/09 17:00:00",150,600,"H200820F",7,,"T","12/14/10 12:03:00","12/14/10 12:03:00","09/19/08 14:00:00",,,,,"Le début de validité correspond à la mise en place de la station (échelle+enregistreur)
la fin de validité correspond à l'arasement d'un barrage de pierre fait un mois plus tôt par les riverains"
998057,302,"02/28/10 00:00:00","12/23/10 00:00:00",150,1000,"H201020F",9,,"T","02/28/11 14:51:00","02/28/11 14:51:00","09/24/10 16:00:00",,,,,"Le début de validité correspond au détarage suite à la cue du 26/02 au 01/03/2010.
La fin de validité correspond au détarage suite à la dernière crue de décembre 2010 soit le 23/12/2010."
998058,302,"12/23/10 00:00:00","12/31/20 00:00:00",240,1000,"H201021F",11,,"T","09/19/11 13:56:00","11/13/12 12:15:00","02/28/11 14:00:00",,,,,"Le début de validité correspond au détarage suite à la dernière crue de décembre 2010 soit le 23/12/2010."
998138,310,"04/09/06 00:00:00","07/26/07 00:00:00",150,3000,"H200612",7,,"T","07/22/08 16:49:00","09/03/08 17:07:00","11/27/07 12:25:00",,,,,"NOUVELLE COURBE SUITE AU JAUGEAGE DE CRUE DU 10/04/2006"
998139,310,"07/26/07 00:00:00","05/15/08 12:00:00",150,3000,"H200612P",8,,"T","03/23/09 17:32:00","03/23/09 17:32:00","11/27/07 12:25:00",,,,,"
"
998140,310,"05/15/08 12:00:00","02/28/11 12:00:00",150,3000,"H200811J",8,,"T","08/01/11 10:47:00","08/01/11 10:50:00","03/23/09 00:00:00",,,,,"
"
998141,310,"02/28/11 12:00:00","08/25/12 20:00:00",100,3000,"H201112",9,,"T","03/26/12 11:28:00","10/26/12 12:13:00","03/23/09 00:00:00",,,,,"
"
998142,310,"08/25/12 20:00:00","01/20/13 12:00:00",100,3000,"H201213",9,,"T","06/25/13 10:51:00","06/25/13 10:52:00","03/23/09 00:00:00",,,,,"
"
998143,310,"01/01/14 00:00:00","09/13/15 00:00:00",80,3200,"H201415",10,,"T","12/11/15 09:18:00","11/29/16 15:53:00","03/23/09 00:00:00",,,"H201415",0,
998144,310,"01/20/13 12:00:00","01/01/14 00:00:00",100,3000,"H201314",10,,"T","09/27/13 15:03:00","11/29/16 15:54:00","03/23/09 00:00:00",,,"H201314",0,"Travaux sur le pont de la station modifiant la ligne d'eau depuis la mi novembre 2013. Pas de données depuis cette date."
998145,310,"06/29/21 00:00:00","06/30/22 00:00:00",60,3200,"H202122",9,,"T","04/04/22 10:44:00","08/04/22 14:10:00","07/31/18 10:00:00",,,"H202122",0,"-Changement de courbe suite à la crue de juin 2021.
"
998146,310,"09/13/15 00:00:00","11/24/16 00:00:00",80,3200,"H201516",11,,"T","03/15/17 14:10:00","05/19/17 13:40:00","09/13/15 00:00:00",,,"H201516",0,"Travaux sur le pont de la station modifiant la ligne d'eau depuis la mi décembre 2013. Pas de données depuis cette date.Début des données à partir de janvier 2014 (nouvelle courbe)."
998147,310,"01/04/18 15:00:00","03/15/19 00:00:00",80,3200,"H201819",11,,"T","03/15/19 11:11:00","04/19/19 14:22:00","07/31/18 10:00:00",,,"H201819",0,"jaugeage de crue 04 janvier 2018 (nouvelle courbe)."
998148,310,"11/24/16 00:00:00","01/04/18 15:00:00",80,3200,"H201618",11,,"T","07/31/18 12:02:00","04/19/19 14:30:00","09/13/15 00:00:00",,,"H201618",0,"Travaux sur le pont de la station modifiant la ligne d'eau depuis la mi décembre 2013. Pas de données depuis cette date.Début des données à partir de janvier 2014 (nouvelle courbe)."
998149,310,"03/15/19 00:00:00","08/08/20 00:00:00",60,3200,"H201920",12,,"T","12/13/19 15:07:00","11/23/20 11:46:00","07/31/18 10:00:00",,,"H201920",0,"  ..."
998150,310,"07/01/97 00:00:00","01/23/05 00:00:00",120,1000,"H199705",24,,"C","03/04/22 09:07:00","03/04/22 09:30:00","07/01/97 00:00:00",,,"H199705",0,
998151,310,"01/23/05 00:00:00","04/09/06 00:00:00",100,1600,"H200506",19,,"C",,"03/04/22 09:47:00","01/18/06 15:01:00",,,"H200506",0,
998153,310,"06/30/22 00:00:00","05/15/23 06:00:00",60,3200,"H202223",10,,"T","12/29/22 10:55:00","07/31/23 11:35:00","07/31/18 10:00:00",,,"H202223",0,"-Changement de courbe suite à la crue de juin 2021.
"
998154,310,"07/01/97 00:00:00","01/23/05 00:00:00",120,1000,"H199705",24,,"C",,,,,,"H199705",,
998155,310,"05/15/23 06:00:00","01/18/24 12:00:00",60,3200,"H202324",12,,"T","07/31/23 11:12:00","02/21/24 17:10:00","07/31/23 11:00:00",,,"H202324",0,"-Changement de courbe suite à la crue de Mai 2023

"
998156,310,"08/08/20 00:00:00","06/29/21 00:00:00",60,3200,"H202021",10,,"T","01/21/21 15:54:00","02/21/24 16:56:00","07/31/18 10:00:00",,,"H202021",0,"  ..."
998200,315,"11/30/03 00:00:00","05/01/04 00:00:00",400,2200,"cc2004",19,,"C",,,,,,,,
998201,315,"07/01/97 00:00:00","11/30/03 00:00:00",360,1810,"ACOL98",23,,"C",,,,,,,,
998202,315,"05/01/04 00:00:00","01/23/05 00:00:00",400,1810,"ACOLIN04",19,,"C",,,,,,,,
998203,315,"01/23/05 00:00:00","03/06/06 00:00:00",500,2830,"CC012005",18,,"C","09/05/08 15:23:00","09/05/08 15:23:00",,,,,,
998204,315,"03/06/06 00:00:00","03/20/07 00:00:00",680,2800,"H200607g",10,,"T","09/05/08 15:21:00","09/05/08 15:24:00","12/03/07 15:25:00",,,,,
998205,315,"03/20/07 00:00:00","05/20/09 00:00:00",680,2800,"H200709",8,,"T","09/03/08 15:59:00","10/07/10 09:40:00","03/25/08 00:00:00",,,,,"nouvelle courbe provisoire"
998206,315,"05/20/09 00:00:00","02/26/12 05:00:00",680,2550,"H200912",8,,"T","04/16/12 11:30:00","04/16/12 11:32:00","03/25/08 00:00:00",,,,,
998207,315,"02/26/12 05:00:00","07/10/12 05:00:00",680,2550,"H201212",9,,"T","10/26/12 14:14:00","01/11/13 12:09:00","03/25/08 00:00:00",,,,,
998208,315,"07/10/12 05:00:00","01/01/20 00:00:00",680,2550,"H201220",9,,"T","01/11/13 11:59:00","01/11/13 12:13:00","03/25/08 00:00:00",,,,,
998267,322,"06/13/07 06:20:00","01/08/12 18:10:00",-250,1200,"H200712",17,,"T","12/12/11 16:05:00","03/05/12 09:51:00","11/30/07 13:55:00",,,,,"CTH en 2009,2010,2011"
998268,322,"01/08/12 18:10:00","05/01/13 20:00:00",-250,1200,"H201213",15,,"T","03/15/13 15:08:00","06/03/13 09:31:00","11/30/07 13:55:00",,,,,
998269,322,"05/01/13 20:00:00","01/01/20 00:00:00",-250,1800,"H201320",13,,"T","04/04/14 14:12:00","12/19/14 16:25:00","11/30/07 13:55:00",,,,,
998278,324,"12/03/12 10:10:00","11/12/13 13:53:00",200,1832,"H201213",8,,"T","07/10/14 14:39:00","06/10/16 11:11:00","02/05/13 12:23:00",,,"H201213",0,"Détarage courbe en haute eaux suite à jaugeage du 04/02/2013. "
998279,324,"11/12/13 13:53:00","11/12/14 00:00:00",200,1832,"H201314",11,,"T","06/03/16 13:19:00","03/14/17 09:31:00","02/05/13 12:23:00",,,"H201314",0,"Détarage courbe en haute eaux suite à jaugeage du 04/02/2013. Reprise extrapolation sup suite à jaugeage du 01/06 (80 m3/s pour 173 mm)...prolongation CT suite jaugeage du 03/06 (126 m3/s pour 202 mm) ...à affiner FG"
998280,324,"01/05/12 10:10:00","12/03/12 00:00:00",-76,1855,"H201212",7,,"T","07/16/12 12:13:00","03/14/17 09:40:00","11/30/07 14:09:00",,,"H201212",0,"Changement de courbe suite a la crue"
998281,324,"11/01/09 00:00:00","01/05/12 10:10:00",200,1864,"H200912",9,,"T","04/11/11 12:17:00","03/14/17 09:41:00","11/30/07 14:09:00",,,"H200912",0,"station à herbes cth en 2010 et en 2011"
998282,324,"12/16/08 22:00:00","11/01/09 00:00:00",200,1919,"H200809",7,,"T","06/23/10 12:49:00","03/14/17 09:42:00","11/30/07 14:09:00",,,"H200809",0,
998283,324,"10/04/07 00:00:00","12/16/08 22:00:00",200,1957,"H200708",8,,"T","03/23/09 13:17:00","03/14/17 09:43:00","11/30/07 14:09:00",,,"H200708",0,
998284,324,"01/26/16 13:35:00","03/08/17 00:00:00",200,2244,"H201617",12,,"T","01/04/18 09:38:00","01/04/18 09:39:00","02/05/13 12:23:00",,,"H201617",0,"Extrapolation hivernale."
998285,324,"11/12/14 00:00:00","01/26/16 13:35:00",200,1832,"H201416",11,,"T","06/10/16 11:22:00","06/26/18 11:42:00","02/05/13 12:23:00",,,"H201416",0,
998286,324,"03/08/17 00:00:00","08/07/19 07:50:00",200,1800,"H201719",15,,"T","10/11/19 15:01:00","10/11/19 15:01:00","02/05/13 12:23:00",,,"H201719",0,"Extrapolation hivernale."
998287,324,"08/07/19 07:50:00","02/12/21 13:10:00",200,1800,"H201921",9,,"T","05/21/21 09:27:00","05/21/21 09:32:00","02/05/13 12:23:00",,,"H201921",0,"Extrapolation hivernale."
998288,324,"02/12/21 13:10:00","02/01/23 20:00:00",200,1800,"H202123",10,,"T","03/03/23 09:47:00","03/03/23 09:47:00","02/05/13 12:23:00",,,"H202123",0,"Extrapolation hivernale."
998289,324,"02/12/21 13:10:00","02/01/23 20:00:00",200,1800,"H202123",10,"Extrapolation hivernale.","T",,,,,,"H202123",,
998292,325,"01/01/08 00:00:00","09/16/08 00:00:00",500,600,"H200801F",2,,"T",,"03/09/09 16:20:00","01/12/09 19:05:00",,,,,"Le début de validité correspond au début de l'année de l'installation du limni (22août2008)
La fin de validité correspond à une manoeuvre d'ouvrage"
998293,325,"09/16/08 00:00:00","10/30/08 00:00:00",400,500,"H200802F",2,,"T",,"03/09/09 16:21:00","01/12/09 19:05:00",,,,,"La début et la fin de validité correspond à une manoeuvre de l'ouvrage aval"
998294,325,"10/30/08 00:00:00","01/29/09 12:00:00",450,550,"H200803F",2,,"T","03/09/09 16:01:00","03/09/09 16:21:00","01/12/09 19:05:00",,,,,"La début et la fin de validité correspond à une manoeuvre de l'ouvrage aval"
998295,325,"01/29/09 16:00:00","02/10/09 14:00:00",450,550,"H200901F",2,,"T","03/09/09 15:50:00","03/10/09 17:09:00","03/09/09 15:50:00",,,,,"La début et la fin de validité correspond à une manoeuvre de l'ouvrage aval"
998296,325,"02/25/09 19:00:00","03/25/10 00:00:00",400,500,"H200902F",2,,"T","05/11/09 16:28:00","05/11/09 16:48:00","03/10/09 16:33:00",,,,,"La début et la fin de validité correspond à une manoeuvre de l'ouvrage aval
"
998297,325,"03/25/09 15:00:00","06/07/20 15:00:00",400,500,"H200903F",2,,"T","05/11/09 16:28:00","06/08/11 17:14:00","03/10/09 16:33:00",,,,,"La début et la fin de validité correspond à une manoeuvre de l'ouvrage aval"
998298,326,"10/31/07 00:00:00","12/31/12 00:00:00",410,600,"H200712f",2,,"T",,"06/11/08 16:00:00","06/09/08 15:51:00",,,,,
998309,332,"01/01/00 01:00:00","01/01/50 00:00:00",0,990,"devers edf",48,,"C",,"06/19/09 15:51:00","05/14/06 14:00:00",0,990,,,
998322,334,"05/23/11 00:00:00","06/01/13 02:00:00",80,3500,"H201113",10,,"T","02/11/13 10:50:00","12/28/16 14:53:00","06/20/11 09:49:00",,,"H201113",0,"CTH en 2011"
998323,334,"11/07/09 00:00:00","05/23/11 00:00:00",80,3500,"H200911",13,,"T","06/20/11 09:50:00","12/28/16 14:54:00","09/07/09 10:19:00",,,"H200911",0,
998324,334,"07/23/09 00:00:00","11/07/09 00:00:00",100,3500,"H200909",7,,"T","06/23/10 13:13:00","12/28/16 14:55:00","09/07/09 10:19:00",,,"H200909",0,
998325,334,"05/09/19 00:00:00","12/18/19 21:30:00",0,3500,"H201919",13,,"T","11/22/19 15:17:00","04/07/22 16:15:00","08/10/15 10:00:00",,,"H201919",0,
998326,334,"12/18/19 21:30:00","11/06/20 00:00:00",0,3500,"H201920",11,,"T","12/21/20 09:04:00","04/07/22 16:20:00","05/07/20 10:00:00",,,"H201920",0,"attention nouvelle courbe étiage dans Hydro et PhyC pour l'instant .....
choisir vieille courbe ou nouvelle"
998327,334,"05/02/15 08:30:00","06/01/16 12:00:00",0,3500,"H201516",12,,"T","06/24/16 09:56:00","04/07/22 16:28:00","08/10/15 10:00:00",,,"H201516",0,"nouvelle courbe, reprise extrapolation sup suite à crue  de fin Mai 2016...à valider selon résultat jaugeage (100 m3/s pour 330mm)"
998328,334,"06/01/16 12:00:00","06/07/18 00:00:00",0,3500,"H201618",14,,"T","01/15/18 10:47:00","04/07/22 16:28:00","08/10/15 10:00:00",,,"H201618",0,"nouvelle courbe, suite à la crue de Mai 2016.
extrapolation haute à 3.80m demande SPC."
998329,334,"06/07/18 00:00:00","05/09/19 00:00:00",0,3500,"H201819",14,,"T","01/18/19 16:13:00","04/07/22 16:29:00","08/10/15 10:00:00",,,"H201819",0,"nouvelle courbe, suite à la crue de Mai 2016.
extrapolation haute à 3.80m demande SPC."
998330,334,"06/01/13 02:00:00","05/02/15 08:30:00",0,3500,"H201315",9,,"T","08/10/15 16:43:00","04/07/22 16:32:00","06/20/11 09:49:00",,,"H201315",0,
998331,334,"11/06/20 00:00:00","01/09/22 00:00:00",0,3500,"H202022",12,,"T","03/28/22 10:26:00","05/13/22 10:07:00","05/07/20 10:00:00",,,"H202022",0,"     attention nouvelle courbe étiage dans Hydro et PhyC pour l'instant .....
choisir vieille courbe ou nouvelle"
998334,335,"03/01/12 00:00:00","12/31/20 00:00:00",100,2700,"P201220F",11,,"T","04/02/13 15:41:00","04/02/13 15:45:00","10/01/12 16:00:00",,,,,"courbe provisoire
"
998335,335,"01/01/09 00:00:00","03/01/12 00:00:00",100,1250,"P200920F",11,,"T","09/13/11 11:17:00","04/02/13 15:48:00","09/11/09 12:00:00",,,,,"courbe provisoire
"
998336,336,"01/01/09 00:00:00","03/01/12 00:00:00",100,2600,"P200920Q",12,,"T","10/22/12 12:29:00","02/09/18 15:45:00","09/11/09 11:46:00",,,,0,
998337,336,"03/01/12 00:00:00","02/06/13 00:00:00",50,2600,"H201220F",10,,"T","02/15/13 11:19:00","02/09/18 15:56:00","10/01/12 00:00:00",,,"H201220F",0,"La fin de validité correspond au détarage suite à la crue du 06/02/2013"
998339,336,"02/06/13 00:00:00","02/14/14 00:00:00",50,2600,"H201320",11,,"T","08/05/14 14:36:00","02/09/18 15:55:00","09/02/13 16:00:00",,,"H201320",0,"Le début de validité correspond au détarage suite à la crue du 06/02/2013
La fin de validité correspond au détarage suite à la crue du 14/02/2014"
998340,336,"01/01/01 00:00:00","01/01/02 00:00:00",12,5000,"Barat3_inf",100,,"C",,,,,,,,"h/q Baratin : Qmin"
998341,336,"01/01/01 00:00:00","01/01/02 00:00:00",12,5000,"Barat3_sup",100,,"C",,,,,,,,"h/q Baratin : Qmax"
998342,336,"01/01/01 00:00:00","01/01/02 00:00:00",12,5000,"Barat3",100,,"C",,,,,,,,"h/q Baratin : Qmaxpost"
998343,336,"01/01/00 00:00:00","01/01/01 00:00:00",12,5000,"CT-M2J_inf",100,,"C",,,,,,,,"h/q Baratin : Qmin"
998344,336,"01/01/00 00:00:00","01/01/01 00:00:00",12,5000,"CT-M2J_sup",100,,"C",,,,,,,,"h/q Baratin : Qmax"
998345,336,"01/01/00 00:00:00","01/01/01 00:00:00",12,5000,"CT-M2J",100,,"C",,,,,,,,"h/q Baratin : Qmaxpost"
998346,336,"04/22/16 00:00:00","07/27/16 14:00:00",50,2800,"H2016161",13,,"T","07/18/16 13:50:00","08/17/16 16:40:00","05/29/16 14:00:00",,,"H2016161",0,"Le début et la fin de validité correspond à une période de détarage en hautes eaux (période d'encombrements du lit majeur par la végétation) et à la modification du contrôle aval (vanne mobile)"
998349,336,"03/01/12 00:00:00","02/06/13 00:00:00",50,2600,"H201220F",33,,"C",,,,,,"H201220F",,"La fin de validité correspond au détarage suite à la crue du 06/02/2013"
998350,336,"03/01/12 00:00:00","02/06/13 00:00:00",50,2600,"H201220F",33,,"C",,,,,,"H201220F",,"La fin de validité correspond au détarage suite à la crue du 06/02/2013"
998351,336,"03/01/12 00:00:00","02/06/13 00:00:00",50,2600,"H201220F",33,,"C",,,,,,"H201220F",,"La fin de validité correspond au détarage suite à la crue du 06/02/2013"
998352,336,"02/06/13 00:00:00","02/14/14 00:00:00",50,2600,"H201320",11,,"T",,,,,,"H201320",,"Le début de validité correspond au détarage suite à la crue du 06/02/2013
La fin de validité correspond au détarage suite à la crue du 14/02/2014"
998353,336,"02/14/14 00:00:00","02/03/15 00:00:00",50,2600,"H201420",11,,"T",,,,,,"H201420",,"Le début de validité correspond au détarage suite à la crue du 14/02/2014"
998354,336,"02/03/15 00:00:00","04/22/16 00:00:00",50,2600,"H201520",13,,"T",,,,,,"H201520",,"Le début de validité correspond au détarage en basse eaux
La fin de validité correspond à un détarage suite à la modification du contrôle aval (vanne mobile) et à une période d'encombrements du lit majeur par la végétation"
998355,336,"04/08/18 00:00:00","05/21/19 12:00:00",200,2600,"H201819",11,,"T",,,,,,"H201819",,"Le début de validité  correspond a un détarage suite à la modification du contrôle aval (vanne mobile)"
998356,336,"03/01/12 00:00:00","02/06/13 00:00:00",50,2600,"H201220F",33,,"C",,,,,,"H201220F",,"La fin de validité correspond au détarage suite à la crue du 06/02/2013"
998357,336,"03/01/12 00:00:00","02/06/13 00:00:00",50,2600,"H201220F",33,,"C",,,,,,"H201220F",,"La fin de validité correspond au détarage suite à la crue du 06/02/2013"
998358,336,"03/01/12 00:00:00","02/06/13 00:00:00",50,2600,"H201220F",33,,"C",,,,,,"H201220F",,"La fin de validité correspond au détarage suite à la crue du 06/02/2013"
998359,336,"03/01/12 00:00:00","02/06/13 00:00:00",50,2600,"H201220F",33,,"C",,,,,,"H201220F",,"La fin de validité correspond au détarage suite à la crue du 06/02/2013"
998360,336,"03/01/12 00:00:00","02/06/13 00:00:00",50,2600,"H201220F",33,,"C",,,,,,"H201220F",,"La fin de validité correspond au détarage suite à la crue du 06/02/2013"
998361,336,"02/06/13 00:00:00","02/14/14 00:00:00",50,2600,"H201320",11,,"T",,,,,,"H201320",,"Le début de validité correspond au détarage suite à la crue du 06/02/2013
La fin de validité correspond au détarage suite à la crue du 14/02/2014"
998364,336,"07/27/16 14:00:00","04/08/18 00:00:00",200,2600,"H2016162",11,,"T",,,,,,"H2016162",,
998365,336,"05/21/19 12:00:00","10/11/21 12:00:00",0,2600,"H201921",14,,"T",,,,,,"H201921",,"Détarage en basses eaux - Infuences ponctuelles de l'ouvrage en aval de la station"
998366,336,"03/01/12 00:00:00","02/06/13 00:00:00",50,2600,"H201220F",33,,"C",,,,,,"H201220F",,"La fin de validité correspond au détarage suite à la crue du 06/02/2013"
998368,338,"01/01/10 00:00:00","01/01/50 00:00:00",700,2000,"H201001F",9,,"T","11/22/10 13:27:00","11/22/10 13:27:00","09/10/10 10:00:00",,,,,"Courbe provisoire"
998432,345,"01/01/12 00:00:00","01/01/14 00:00:00",300,3000,"Hancien",5,,"T","04/19/12 09:40:00","01/28/13 11:44:00","01/10/12 16:36:00",,,,,"Pose de l'échelle d'étiage et de crue le 20/11/2012.
Hauteur rapportée jusqu""au jaugeage n°7."
998433,345,"01/01/00 00:00:00","01/02/00 00:00:00",12,5000,"B2023_inf",100,"h/q Baratin : Qmin","C",,,,,,,,
998434,345,"01/01/00 00:00:00","01/02/00 00:00:00",12,5000,"B2023_sup",100,"h/q Baratin : Qmax","C",,,,,,,,
998435,345,"01/01/00 00:00:00","01/02/00 00:00:00",12,5000,"B2023",100,"h/q Baratin : Qmaxpost","C",,,,,,,,
998436,345,"12/25/22 00:00:00","09/11/23 17:30:00",200,3000,"H202223",11,,"T","01/08/24 16:39:00","01/08/24 16:41:00","07/31/23 10:00:00",,,"H202223",0,"Nouvelle CT en haute eau aprés aprés la crue du 12/2022 modification du haut de courbe suite a exercice baratin le 08/01/2024

"
998437,345,"12/30/21 12:00:00","12/25/22 00:00:00",200,3000,"H202122",11,,"T","07/31/23 10:02:00","01/08/24 17:15:00","02/17/23 11:00:00",,,"H202122",0,"Nouvelle CT en haute eau aprés aprés la crue du 12/2021

"
998438,345,"01/29/21 23:00:00","12/30/21 12:00:00",200,3000,"H202121",10,,"T","02/17/23 15:25:00","01/09/24 09:15:00","02/01/22 10:00:00",,,"H202121",0,"Nouvelle CT en haute eau aprés aprés la crue du 12/2021

"
998439,345,"07/01/20 00:00:00","01/29/21 23:00:00",200,3000,"H202021",7,,"T","12/10/21 15:05:00","01/09/24 09:26:00","10/16/20 11:16:00",,,"H202021",0,"Pose de l'échelle d'étiage et de crue le 20/11/2012.
Hauteur rapportée jusqu""au jaugeage n°7."
998440,345,"08/01/16 00:00:00","07/01/20 00:00:00",200,3000,"H201620",8,,"T",,"01/09/24 09:29:00",,,,"H201620",0,"Pose de l'échelle d'étiage et de crue le 20/11/2012.
Hauteur rapportée jusqu""au jaugeage n°7."
998441,345,"01/01/12 00:00:00","08/01/16 00:00:00",200,3000,"H201216",8,,"T",,"01/09/24 09:32:00",,,,"H201216",0,"Pose de l'échelle d'étiage et de crue le 20/11/2012.
Hauteur rapportée jusqu""au jaugeage n°7."
998442,345,"09/11/23 17:30:00","12/12/23 21:00:00",200,3000,"H202323",6,,"T","02/22/24 18:12:00","02/22/24 18:14:00","07/31/23 10:00:00",,,"H202323",0,"Changement de courbe suite à travaux sur le controle
"
998444,347,"09/19/21 13:30:00","09/29/22 06:40:00",70,2800,"H202122",11,,"T","10/19/21 10:24:00","11/04/22 15:52:00","10/19/21 10:00:00",,,"H202122",0,"le début de validité correspond à un détarage en basses eaux suite à une crue de mi-juillet

"
998445,347,"01/01/11 00:00:00","06/01/12 00:00:00",40,3000,"P201120F",9,,"T","02/15/13 11:14:00","05/31/13 17:54:00","10/01/12 00:00:00",,,,,"la fin de validité est d'origine inconnue"
998446,347,"06/01/12 00:00:00","02/11/14 00:00:00",40,3000,"H201220",9,,"T","06/28/13 15:34:00","05/14/14 11:05:00","04/02/13 00:00:00",,,,,"le début de validité est d'origine inconnu
la fin de validité correspond au détarage suite à la crue du 11/02/2014"
998447,347,"02/11/14 00:00:00","10/28/14 00:00:00",40,3000,"H2014141",13,,"T","12/03/14 12:34:00","01/30/15 11:48:00","05/14/14 10:00:00",,,,,"le début de validité correspond au détarage suite à la crue du 11/02/2014"
998448,347,"10/28/14 00:00:00","01/02/16 00:00:00",40,3000,"H201420",14,,"T","11/30/15 09:47:00","05/23/16 08:08:00","01/30/15 10:00:00",,,"H201420",0,"le début de validité correspond au détarage suite à la crue du 09/10/2014"
998449,347,"03/07/17 00:00:00","01/07/18 09:00:00",20,2800,"H201718",13,,"T","08/10/18 15:10:00","10/08/18 09:42:00","07/03/17 11:00:00",,,"H201718",0,"le début de validité correspond à un détarage suite à la crue du 07/03/2017
la fin de validité correspond à un détarage suite à la crue du 07/01/2018"
998450,347,"01/07/18 09:00:00","09/07/18 12:00:00",20,2800,"H201818",13,,"T","08/10/18 15:10:00","10/08/18 09:54:00","07/03/17 11:00:00",,,"H201818",0,"le début de validité correspond à un détarage suite à la crue du 07/01/2018
la fin de validité correspond à un détarage en basses eaux d'origine inconnue"
998451,347,"09/07/18 12:00:00","05/11/20 00:00:00",-30,2800,"H201820",14,,"T","10/31/19 10:37:00","12/16/20 13:36:00","10/08/18 09:45:00",,,"H201820",0,"le début de validité correspond à un détarage en basses eaux d'origine inconnue
la fin de validité correspond à un détarage en moyennes eaux suite à une crue
"
998452,347,"06/04/16 00:00:00","09/15/16 00:00:00",20,3000,"H2016162",14,,"T","05/31/17 11:40:00","03/10/21 14:57:00","07/18/16 14:00:00",,,"H2016162",0,"le début de validité correspond à un détarage suite à la crue du 01/06/2016
la fin de validité correspond à un détarage d'origine inconnue"
998453,347,"09/15/16 00:00:00","03/07/17 00:00:00",20,3000,"H2016163",12,,"T","05/31/17 11:40:00","03/10/21 15:04:00","07/18/16 14:00:00",,,"H2016163",0,"le début de validité correspond à un détarage d'origine inconnue
la fin de validité correspond à un détarage suite à la crue du 07/03/2017"
998454,347,"01/02/16 00:00:00","06/04/16 00:00:00",40,3000,"H2016161",14,,"T","05/23/16 08:00:00","03/10/21 15:07:00","05/20/16 17:00:00",,,"H2016161",0,"le début de validité correspond à un détarage d'origine inconnue
la fin de validité correspond à un détarage suite à la crue du 01/06/2016"
998455,347,"05/11/20 00:00:00","02/08/21 00:00:00",-30,2800,"H202021",15,,"T","12/16/20 12:18:00","04/02/21 11:44:00","12/16/20 12:00:00",,,"H202021",0,"le début de validité correspond à un détarage en moyennes eaux suite à une crue
La fin de validité correspond à un détarage en basses eaux suite à une crue
"
998456,347,"02/08/21 00:00:00","09/19/21 13:30:00",200,2800,"H202121",12,,"T","05/05/21 16:53:00","10/19/21 10:42:00","04/02/21 11:00:00",,,"H202121",0,"le début de validité correspond à un détarage en basses eaux suite à une crue
"
998457,347,"09/29/22 06:40:00","04/17/23 11:59:00",70,2800,"H202223",11,,"T","11/04/22 15:42:00","06/02/23 14:09:00","11/04/22 15:30:00",,,"H202223",0,"Détarage bas de courbe

"
998459,350,"07/17/21 00:00:00","06/21/22 21:00:00",120,3900,"H202122",13,,"T","10/05/21 14:37:00","02/14/24 15:31:00","10/05/21 14:30:00",,,"H202122",0,"Le début de validité correspond à un détarage suite à une crue le 17/07/2021"
998460,350,"10/01/00 00:00:00","10/01/04 00:00:00",130,650,"CT-ESSAI01",3,,"T","03/14/12 09:33:00","03/14/12 09:42:00","03/14/12 09:00:00",,,,,"Ebauche de courbe avec les jaugeages DDT41"
998461,350,"10/01/11 00:00:00","03/01/12 00:00:00",130,650,"CT-ESSAI03",3,,"T","10/15/12 10:29:00","10/15/12 10:30:00","06/05/12 12:00:00",,,,,"Ebauche de courbe avec nos jaugeages"
998462,350,"10/01/04 00:00:00","10/01/11 00:00:00",130,650,"CT-ESSAI02",3,,"T","10/15/12 10:31:00","10/15/12 10:31:00","02/23/12 13:00:00",,,,,"courbe avec les jaugeages DDT41"
998463,350,"03/03/14 00:00:00","05/04/15 00:00:00",130,3400,"H201420",10,,"T","05/11/15 16:30:00","08/23/16 11:16:00","05/26/14 10:00:00",,,,0,"Le début de validité correspond au détarage suite à la crue du 03 mars 2014
La fin de validité correspond au détarage suite à la crue du 04 mai 2015"
998464,350,"04/14/13 00:00:00","03/03/14 00:00:00",130,2800,"H201320",10,,"T","06/08/15 09:27:00","08/23/16 11:16:00","08/12/13 16:00:00",,,,0,"Le début de validité correspond au détarage suite à une crue
La fin de validité correspond au détarage suite à la crue du 03 mars 2014"
998465,350,"03/01/12 00:00:00","04/14/13 00:00:00",130,2500,"H201220",8,,"T","08/12/13 08:00:00","08/23/16 11:17:00","10/15/12 09:00:00",,,,0,"Le début de validité correspond au détarage suite à une crue
La fin de validité correspond au détarage suite à une crue"
998466,350,"05/04/15 00:00:00","02/02/16 00:00:00",130,3400,"H201520",11,,"T","09/28/15 14:41:00","08/23/16 11:33:00","06/02/15 15:00:00",,,"H201520",0,"Le début de validité correspond au détarage suite à la crue du 04 mai 2015
La fin de validité correspond au détarage suite à la crue du 02 Février 2016"
998467,350,"02/02/16 00:00:00","06/22/16 00:00:00",130,3400,"H2016161",13,,"T","06/23/16 15:50:00","08/23/16 11:55:00","07/22/16 11:00:00",,,"H2016161",0,"Le début de validité correspond au détarage suite à la crue du 02 Février 2016
La fin de alidité correspond à un détarage d'origine inconnue"
998468,350,"04/01/17 00:00:00","02/03/19 00:00:00",130,3400,"H201719",14,,"T",,"12/13/19 15:21:00",,,,"H201719",0,"Le début de validité correspond à un détarage suite à la crue du 08 et 09/03/2017
Le fin de validité correspond à un détarage suite à la crue du 03/02/2019"
998469,350,"06/22/16 00:00:00","04/01/17 00:00:00",130,3400,"H201620",13,,"T","02/24/17 15:06:00","12/13/19 15:21:00","07/22/16 11:45:00",,,"H201620",0,"Le début de validité correspond à un détarage d'origine inconnue
La fin de validité correspond à un détarage suite à la crue du 08 et 09/03/2017"
998470,350,"02/03/19 00:00:00","03/08/20 00:00:00",80,3400,"H201920",14,,"T","02/14/20 12:21:00","02/17/21 11:32:00","07/19/19 00:00:00",,,"H201920",0,"Le début de validité correspond à un détarage suite à la crue du 03/02/2019
La fin de validité correspond à un détarage suite à la crue du 08/03/2020"
998471,350,"03/08/20 00:00:00","07/17/21 00:00:00",80,3400,"H202021",13,,"T","02/17/21 11:27:00","10/05/21 14:34:00","07/17/20 15:00:00",,,"H202021",0,"Le début de validité correspond à un détarage suite à la crue du 08/03/2020
La fin de validité correspond à un détarage suite à une crue le 17/07/2021"
998472,350,"06/21/22 21:00:00","07/08/23 03:15:00",100,3900,"H202223",14,,"T","07/24/23 18:10:00","02/14/24 15:36:00","06/21/22 21:00:00",,,"H202223",0,"Le début de validité correspond à un détarage suite à une crue du 21/06/2022."
998474,351,"12/30/93 00:00:00","03/12/98 16:15:00",-2400,2750,"C10669",10,,"C",,,,,,,," "
998475,351,"12/30/93 00:00:00","03/12/98 16:19:00",-2400,2750,"C10669",10,,"C",,,,,,,," "
998476,351,"01/01/98 00:00:00","12/31/99 00:00:00",500,4700,"C9899",3,,"T",,,,,,,,
998477,351,"10/01/98 00:00:00","12/31/99 00:00:00",600,4700,"C98992",6,,"T",,,,,,,,
998478,351,"01/01/93 00:00:00","12/31/95 00:00:00",-2400,2900,"C9395",6,,"T",,,,,,,,
998479,351,"07/17/98 00:00:00","01/01/00 00:00:00",500,4500,"C99",6,,"T",,,,,,,,
998480,351,"01/01/98 00:00:00","12/31/02 00:00:00",600,4700,"C2000",6,,"T",,,,,,,,
998481,351,"01/01/99 00:00:00","12/31/11 00:00:00",-2550,2500,"sacpuiss",5,,"T",,,,,,,,
998482,351,"01/01/99 00:00:00","12/31/10 00:00:00",-2500,2000,"sac",12,,"C",,,,,,,,
998483,351,"01/01/00 00:00:00","12/31/05 00:00:00",-2500,2800,"C200005",6,,"T",,,,,,,,
998484,351,"06/01/01 00:00:00","12/31/04 00:00:00",-2650,3000,"PAS200004",6,,"T",,,,,,,,
998485,351,"01/01/02 00:00:00","01/01/05 00:00:00",-2970,5000,"R200205",7,,"T",,"01/22/04 17:06:00",,,,,,"changement etiage juin 2003"
998486,351,"01/01/03 00:00:00","01/01/06 00:00:00",-2900,4500,"h200306p",5,,"T",,"07/30/04 16:25:00","07/30/04 16:25:00",,,,,
998487,351,"02/01/03 00:00:00","12/10/03 00:00:00",-3100,6800,"H200325R",6,,"T","10/10/03 00:00:00","08/02/04 16:16:00","03/11/04 14:49:00",,,,,
998488,351,"12/10/03 00:00:00","12/31/05 00:00:00",-2700,4000,"H200405",5,,"T",,"08/02/04 16:17:00","08/02/04 10:17:00",,,,,
998489,351,"12/10/03 00:00:00","01/01/26 00:00:00",-3000,6500,"H200326R",5,,"T","09/03/04 06:42:00","12/07/05 10:14:00","09/03/04 06:42:00",,,,,
998490,351,"12/10/03 00:00:00","12/10/04 00:00:00",-2700,4000,"H200304",5,,"T","11/23/06 10:12:00","11/23/06 10:12:00","08/02/04 10:17:00",,,,,
998491,351,"12/31/05 00:00:00","10/15/07 00:00:00",-2800,4000,"H200608R",7,,"T","12/01/08 15:41:00","12/01/08 15:42:00","11/23/06 10:40:00",,,,,"la fin de validité correspond à la fin de l'étiage 2007"
998492,351,"10/15/07 00:00:00","12/11/10 15:00:00",-2800,4000,"H200720F",7,,"T","03/14/11 11:45:00","03/14/11 11:46:00","12/01/08 14:00:00",,,,,"le début de validité correspond à la fin de l'étiage 2007
la fin de validité correspond au détarage suite à la crue du 11/12/2010"
998493,351,"12/11/10 15:00:00","12/31/20 00:00:00",-2800,4000,"H201020F",8,,"T","03/14/11 11:40:00","08/23/11 14:56:00","03/14/11 11:00:00",,,,,"le début de validité correspond au détarage suite à la crue du 11/12/2010"
998539,357,"01/01/81 00:00:00","06/28/81 00:00:00",280,2440,"81000",22,,"C",,,,,,,,
998540,357,"06/29/81 00:00:00","03/10/82 00:00:00",280,2440,"81179",21,,"C",,,,,,,,
998541,357,"03/11/82 00:00:00","04/25/83 00:00:00",280,2440,"82069",19,,"C",,,,,,,,
998542,357,"04/26/83 00:00:00","12/31/83 00:00:00",280,2440,"83115",18,,"C",,,,,,,,
998543,357,"01/01/84 00:00:00","01/23/85 00:00:00",280,2440,"84000",13,,"C",,,,,,,,
998544,357,"01/24/85 00:00:00","04/09/85 00:00:00",280,2440,"85023",12,,"C",,,,,,,,
998545,357,"04/10/85 00:00:00","09/19/85 00:00:00",230,2440,"85099",6,,"C",,,,,,,,
998546,357,"09/20/85 00:00:00","12/31/87 00:00:00",260,2100,"85262",6,,"C",,,,,,,,
998547,357,"01/01/88 00:00:00","10/14/93 00:00:00",50,1500,"88000",15,,"C",,,,,,,,
998548,357,"10/14/93 00:00:00","07/11/06 00:00:00",50,2450,"93001",21,,"C",,"06/15/09 17:14:00",,,,,,
998549,357,"07/11/06 00:00:00","07/01/09 00:00:00",50,2450,"ciry2008",25,,"C",,"02/10/12 15:39:00","06/15/09 16:12:00",,,,,
998550,357,"07/01/09 00:00:00","02/01/11 00:00:00",200,2400,"CIR2012",26,,"C",,"08/31/12 11:02:00","02/10/12 15:30:00",,,,,
998551,357,"02/01/11 00:00:00","07/01/50 00:00:00",100,2650,"CIR2012bb",17,,"C","02/10/14 00:00:00","02/11/14 10:37:00","02/27/12 16:50:00",,,,,
998552,357,"02/01/11 00:00:00","07/01/50 00:00:00",0,3600,"H201150",7,,"T","02/19/14 16:06:00","02/19/14 16:12:00","02/19/14 00:00:00",,,,,"Clone CT CIR2012bb en puissance"
998553,357,"01/01/18 00:00:00","07/01/50 00:00:00",0,3600,"20180103ex",8,,"T","01/03/18 07:47:00","01/03/18 07:48:00","02/19/14 00:00:00",,,,0,"Extrapolation DREAL C-VL"
998616,364,"01/01/13 00:00:00","01/01/20 00:00:00",1100,1500,"P201320",9,,"T","09/03/13 17:21:00","09/03/13 17:21:00","07/17/13 10:00:00",,,,,"Courbe provisoire"
998617,365,"03/01/15 12:00:00","09/11/15 12:00:00",-500,4000,"H201515",12,,"T","12/19/16 10:08:00","12/19/16 10:09:00","02/25/16 00:00:00",,,"H201515",0,
998618,365,"09/11/15 12:00:00","11/03/16 03:20:00",-520,4020,"H201516",13,,"T","12/27/16 15:14:00","01/16/17 11:36:00","02/25/16 00:00:00",,,"H201516",0,"reprise bas de CT suite crue de juin 2016"
998619,365,"05/21/14 12:00:00","03/01/15 12:00:00",-500,4000,"H201415",11,,"T","02/25/16 15:02:00","04/26/17 15:23:00","02/25/16 00:00:00",,,"H201415",0,
998624,366,"03/03/14 00:00:00","02/01/16 00:00:00",-950,4900,"H201416",10,,"T","06/02/16 09:46:00","12/02/16 10:47:00","03/03/14 00:00:00",,,"H201416",0,"courbe en  construction avec échelle sur la pile amont RG. Début des données Hydro Mars 2014. Reprise
Extrapolation suite à jaugeage du 02/06 (297 m3/s pour 4.65 mm ?) ... à affiner FG"
998625,366,"01/01/13 00:00:00","03/03/14 00:00:00",-150,4900,"H201314",9,,"T","03/28/14 14:35:00","12/29/16 10:44:00","09/03/13 00:00:00",,,"H201314",0,"courbe provisoire avec échelle sur la pile amont RG
"
998626,366,"01/01/22 00:00:00","09/01/22 00:00:00",-950,4900,"H202222",12,,"T","08/26/22 11:54:00","10/06/22 16:31:00","03/03/14 00:00:00",,,"H202222",0,
998627,366,"01/26/18 00:00:00","11/02/18 00:00:00",-950,4900,"H201818",13,,"T","08/31/18 13:54:00","11/30/18 12:01:00","03/03/14 00:00:00",,,"H201818",0,"courbe en  construction avec échelle sur la pile amont RG. Début des données Hydro Mars 2014. Reprise
Extrapolation suite à jaugeage du 02/06 (297 m3/s pour 4.65 mm ?) ... à affiner FG"
998628,366,"11/02/18 00:00:00","09/25/19 00:00:00",-950,4900,"H201819",15,,"T","07/12/19 07:47:00","10/29/19 12:07:00","03/03/14 00:00:00",,,"H201819",0,
998630,366,"09/25/19 00:00:00","01/01/22 00:00:00",-950,4900,"H201922",13,,"T","10/29/19 12:04:00","04/19/22 14:31:00","03/03/14 00:00:00",,,"H201922",0,
998631,366,"02/01/16 00:00:00","01/26/18 00:00:00",-950,4900,"H201618",13,,"T","01/24/18 09:04:00","12/12/22 17:07:00","03/03/14 00:00:00",,,"H201618",0,"courbe en  construction avec échelle sur la pile amont RG. Début des données Hydro Mars 2014. Reprise
Extrapolation suite à jaugeage du 02/06 (297 m3/s pour 4.65 mm ?) ... à affiner FG"
998632,367,"01/01/00 00:00:00","01/01/01 00:00:00",12,5000,"CT-BAR_inf",100,,"C",,,,,,,,"h/q Baratin : Qmin"
998633,367,"01/01/00 00:00:00","01/01/01 00:00:00",12,5000,"CT-BAR_sup",100,,"C",,,,,,,,"h/q Baratin : Qmax"
998634,367,"01/01/00 00:00:00","01/01/01 00:00:00",12,5000,"CT-BAR",100,,"C",,,,,,,,"h/q Baratin : Qmaxpost"
998635,367,"02/12/14 00:00:00","05/03/14 00:00:00",550,2200,"H2014141",13,,"T","07/01/14 17:35:00","03/21/17 14:01:00","12/09/14 16:00:00",,,"H2014141",0,"Le début de validité correspond au détarage suite à la crue du 12/02/2014
La fin de validité correspond au détarage suite à la crue du 03/05/2014"
998636,367,"03/07/17 00:00:00","11/05/19 06:00:00",480,3000,"H201719",14,,"T","10/02/20 16:03:00","10/05/20 09:49:00","07/07/17 14:00:00",,,"H201719",0,"Le début de validité correspond au détarage suite à la crue du 07 mars 2017"
998637,367,"11/05/19 06:00:00","12/20/20 00:00:00",480,3000,"H201920",14,,"T",,,,,,"H201920",,"Le début de validité correspond au détarage observé sur les derniers jaugeages"
998638,367,"05/03/14 00:00:00","03/07/17 00:00:00",520,3000,"H201417",14,,"T","03/21/17 13:56:00","05/04/22 15:36:00","10/21/16 14:00:00",,,"H201417",0,"Le début de validité correspond au détarage suite à la crue du 03 mai 2014
La fin de validité correspond au détarage suite à la crue du 07 mars 2017"
998639,367,"01/01/13 00:00:00","02/12/14 00:00:00",550,2200,"H201314",13,,"T","07/01/14 12:16:00","05/04/22 15:37:00","09/30/13 16:00:00",,,"H201314",0,
998640,367,"12/20/20 00:00:00","12/05/21 00:00:00",480,3300,"H202021",12,,"T","11/25/22 15:00:00","11/25/22 15:20:00","03/01/21 00:00:00",,,"H202021",0,"Amélioration de la courbe en basse eaux"
998641,367,"12/05/21 00:00:00","01/20/23 19:00:00",470,3300,"H202123",12,,"T","08/24/23 11:07:00","02/22/24 16:26:00","11/25/22 15:00:00",,,"H202123",0,"Amélioration de la courbe en basse eaux
"
998645,369,"01/01/13 00:00:00","01/01/50 00:00:00",-210,-90,"H201325",4,,"T",,"10/15/13 16:06:00","09/25/13 13:19:00",-200,-100,,,"intercomparaison"
998646,370,"03/09/20 00:00:00","10/17/22 21:30:00",50,2800,"H202022",13,,"T","12/16/20 14:48:00","11/04/22 15:28:00","12/16/20 14:30:00",,,"H202022",0,"Le début de validité correspond au détarage suite à influence pérenne hivernale




"
998647,370,"05/28/16 00:00:00","01/07/18 00:00:00",0,2800,"H201620",13,,"T","03/01/18 16:54:00","12/17/18 15:31:00","03/12/15 14:00:00",,,"H201620",0,"Le début de validité correspond au détarage suite crue du 28/05/2016.
La fin de validité correspond au détarage suite crue du 07/01/2018."
998648,370,"01/07/18 00:00:00","09/26/19 00:00:00",0,2800,"H201820",13,,"T","11/04/19 11:44:00","02/05/20 16:32:00","12/17/18 14:00:00",,,"H201820",0,"Le début de validité correspond au détarage suite le début de validité correspond au détarage suite à la crue du 07/01/2018
La fin de validité correspond à un détarage suite à l'étiage 2019"
998649,370,"09/26/19 00:00:00","03/09/20 00:00:00",0,2800,"H201920",13,,"T","02/05/20 16:28:00","12/16/20 14:52:00","11/04/19 10:14:00",,,"H201920",0,"Le début de validité correspond au détarage suite à l'étiage 2019
La fin de validité correspond au détarage suite à influence pérenne hivernale





"
998650,370,"01/01/13 00:00:00","08/01/14 00:00:00",100,2800,"H201314",12,,"T","06/06/14 15:42:00","02/02/24 10:35:00","11/29/13 16:00:00",,,"H201314",0,"Début de validité correspond au début des observations
La fin de validité correspond au début de la période de contrôle par la végétation aquatique"
998651,370,"08/01/14 00:00:00","02/02/15 00:00:00",100,2800,"H201415",11,,"T","02/06/15 14:45:00","02/02/24 10:35:00","11/29/13 16:00:00",,,"H201415",0,"La début de validité correspond au début de la période de contrôle par la végétation aquatique
La fin de validité correspond à la fin de la période de contrôle par la végétation aquatique"
998652,370,"02/02/15 00:00:00","05/28/16 00:00:00",0,2800,"H201516",14,,"T","01/11/16 17:24:00","02/02/24 10:36:00","03/12/15 14:00:00",,,"H201516",0,"début de validité suite crue du 01/02/15"
998666,372,"08/10/20 00:00:00","12/27/20 17:00:00",100,600,"H202020",4,,"T","01/31/20 14:46:00","04/12/22 15:35:00","01/31/20 14:00:00",,,"H202020",0,"période d'influence multiples, embâcles de branches d'arbres et barrage de castors..."
998667,372,"12/27/20 17:00:00","03/13/21 08:35:00",150,450,"H202021",4,,"T","04/16/21 14:40:00","04/12/22 15:39:00","04/16/21 14:00:00",,,"H202021",0,"nouveau contrôle depuis le début de l'année après une petite montée d'eau"
998668,372,"01/01/98 00:00:00","08/10/20 00:00:00",310,450,"H201420",3,,"T","08/17/17 11:00:00","04/12/22 15:40:00","06/13/14 14:00:00",,,"H201420",0,
998669,372,"03/13/21 08:35:00","03/13/22 14:59:00",100,450,"H202122",5,,"T",,"02/24/23 10:52:00",,,,"H202122",0,"Courbe avec influence aval"
998670,372,"03/13/22 15:00:00","08/11/22 02:20:00",120,450,"H202222",5,,"T","04/05/22 16:51:00","01/19/24 11:06:00","05/05/21 14:00:00",,,"H202222",0,"Courbe avec influence aval"
998675,374,"10/02/96 00:00:00","05/22/02 00:00:00",740,2600,"C9901",20,,"C",,,,,,,,
998676,374,"05/22/02 00:00:00","01/01/06 00:00:00",260,1300,"2002",17,,"C",,"03/02/12 12:14:00",,,,,,
998677,374,"01/01/06 00:00:00","11/01/09 00:00:00",250,1450,"2009",22,,"C",,"03/02/12 14:11:00","07/24/09 10:00:00",,,,,
998678,374,"11/01/09 00:00:00","01/01/50 00:00:00",250,1450,"2012",14,,"C","02/10/14 00:00:00","02/11/14 10:37:00","03/02/12 14:08:00",,,,,
998679,374,"11/01/09 00:00:00","01/01/50 00:00:00",180,2910,"H200950",7,,"T","02/19/14 16:13:00","02/19/14 16:19:00","02/19/14 00:00:00",,,,,"Clone CT 2012 en puissance"
998680,374,"01/01/18 00:00:00","01/01/50 00:00:00",180,2910,"20180103ex",8,,"T","01/03/18 07:41:00","01/03/18 07:42:00","02/19/14 00:00:00",,,,0,"Extrapolation DREAL C-VL"
998681,375,"07/28/82 00:00:00","09/28/84 00:00:00",50,2000,"83000",24,,"C",,"02/14/12 14:01:00",,,,,,
998682,375,"07/05/91 00:00:00","02/10/04 00:00:00",100,2000,"91185",29,,"C",,"02/14/12 14:09:00",,,,,,
998683,375,"02/10/04 00:00:00","12/05/05 00:00:00",100,2000,"2004",27,,"C",,"02/14/12 14:14:00",,,,,,
998684,375,"09/28/84 00:00:00","07/05/91 00:00:00",50,2000,"84272",24,,"C",,"02/14/12 14:27:00",,,,,,
998685,375,"01/01/68 00:00:00","06/26/72 00:00:00",50,2300,"68001",23,,"C",,"01/21/13 10:52:00",,,,,,
998686,375,"06/26/72 00:00:00","07/15/77 00:00:00",50,2000,"72000",22,,"C",,"01/21/13 10:52:00",,,,,,
998687,375,"07/15/77 00:00:00","07/28/82 00:00:00",50,2000,"78000",25,,"C",,"01/21/13 10:52:00",,,,,,
998688,375,"12/05/05 00:00:00","10/20/12 00:00:00",50,2000,"2006",33,,"C",,"07/29/13 10:07:00","04/10/07 09:17:00",,,,,
998689,375,"10/20/12 00:00:00","01/01/50 00:00:00",50,2000,"Va2013",30,,"C","01/03/18 14:32:00","01/03/18 14:32:00",,,,,0,
998690,376,"08/15/01 00:00:00","02/01/10 00:00:00",100,1680,"2002",26,,"C",,"02/13/12 16:28:00",,,,,,
998691,376,"12/30/99 00:00:00","08/15/01 00:00:00",30,1600,"99001",23,,"C",,"02/14/12 13:08:00",,,,,,
998692,376,"01/16/96 00:00:00","12/30/99 00:00:00",30,1600,"S9601",26,,"C",,"02/14/12 13:08:00",,,,,,
998693,376,"02/01/10 00:00:00","01/01/50 00:00:00",100,1680,"2010",30,,"C","02/10/14 00:00:00","02/11/14 10:38:00","05/18/11 15:13:00",,,,,
998694,376,"04/15/14 00:00:00","01/01/50 00:00:00",100,1750,"2015",24,,"C","01/03/18 14:31:00","01/03/18 14:31:00",,,,,0,
998695,377,"01/01/69 00:00:00","03/02/75 00:00:00",450,2700,"69000",13,,"C",,,,,,,,
998696,377,"03/02/75 00:00:00","12/02/75 00:00:00",320,1600,"75060",16,,"C",,,,,,,,
998697,377,"12/02/75 00:00:00","08/29/77 00:00:00",600,2550,"75335",16,,"C",,,,,,,,
998698,377,"08/29/77 00:00:00","03/19/82 00:00:00",670,2500,"77240",20,,"C",,,,,,,,
998699,377,"03/19/82 00:00:00","12/18/82 00:00:00",650,2300,"82077",18,,"C",,,,,,,,
998700,377,"12/18/82 00:00:00","01/03/85 00:00:00",550,2600,"82351",19,,"C",,,,,,,,
998701,377,"04/26/85 00:00:00","05/19/88 00:00:00",30,1400,"85115",15,,"C",,,,,,,,
998702,377,"05/19/88 00:00:00","12/24/89 00:00:00",130,1650,"88139",13,,"C",,,,,,,,
998703,377,"02/01/90 00:00:00","02/23/91 00:00:00",60,1200,"90031",12,,"C",,,,,,,,
998704,377,"02/23/91 00:00:00","11/23/92 00:00:00",80,750,"91053",14,,"C",,,,,,,,
998705,377,"11/23/92 00:00:00","07/01/99 00:00:00",80,2600,"92327",19,,"C",,,,,,,,
998706,377,"07/01/99 00:00:00","04/01/02 00:00:00",60,2600,"99001",17,,"C",,,,,,,,
998707,377,"04/01/02 00:00:00","03/31/04 00:00:00",0,2600,"2002",19,,"C",,"07/17/07 10:51:00",,,,,,"cette courbe n'est pas dans hydro"
998708,377,"03/31/04 00:00:00","03/31/05 00:00:00",10,2600,"2004",18,,"C",,"07/17/07 11:57:00","07/17/07 10:53:00",,,,,
998709,377,"10/01/06 00:00:00","09/29/07 00:00:00",100,2580,"2007",19,,"C",,"02/13/12 15:00:00","07/17/07 11:39:00",,,,,
998710,377,"09/29/07 00:00:00","10/01/08 00:00:00",50,2580,"2008",18,,"C",,"02/13/12 15:07:00","05/28/09 10:24:00",,,,,
998711,377,"10/01/08 00:00:00","03/17/10 00:00:00",11,2580,"2009",24,,"C",,"02/13/12 15:19:00","06/15/09 15:16:00",,,,,
998712,377,"03/31/05 00:00:00","10/01/06 00:00:00",50,2580,"2006",18,,"C",,"02/13/12 15:25:00","04/06/07 10:29:00",,,,,
998713,377,"03/17/10 00:00:00","12/31/50 23:00:00",-50,2600,"2010",22,,"C","01/03/18 14:27:00","01/03/18 14:27:00",,,,,0,
998714,378,"01/01/13 00:00:00","07/17/14 00:00:00",339,560,"H201314",3,,"T","05/20/16 14:47:00","04/04/22 15:02:00","04/18/16 00:00:00",,,,0,
998715,378,"02/02/16 00:00:00","01/01/17 00:00:00",301,722,"H201617",5,,"T","04/14/17 14:06:00","04/05/22 09:57:00","04/18/16 00:00:00",,,"H201617",0,
998716,378,"04/14/15 00:00:00","02/02/16 00:00:00",298,1005,"H201516",4,,"T","05/20/16 14:52:00","04/05/22 09:58:00","04/18/16 00:00:00",,,"H201516",0,
998717,378,"07/17/14 00:00:00","04/14/15 00:00:00",310,554,"H201415",5,,"T","04/05/22 10:46:00","04/05/22 10:48:00","04/18/16 00:00:00",,,"H201415",0,
998732,380,"08/31/16 14:00:00","11/02/19 11:59:00",0,2400,"H201619",16,,"T","01/16/20 16:34:00","05/31/21 11:31:00","09/05/14 00:00:00",,,"H201619",0,"le début de validité correspond à la modification du contrôle (contraction de l'écoulement)"
998733,380,"11/02/19 12:00:00","02/09/21 18:00:00",0,2400,"H201921",16,,"T","12/08/20 15:40:00","03/04/22 11:35:00","12/08/20 11:00:00",,,"H201921",0,"le début de validité correspond à la modification du contrôle (déplacement des pierres dans la chute,du radier)"
998734,380,"01/01/14 00:00:00","08/31/16 14:00:00",0,2400,"H201416",12,,"T","09/02/16 10:10:00","03/04/22 14:12:00","09/05/14 00:00:00",,,"H201416",0,"le début de validité correspond au début des observations (mesures de débit)
la fin de validité correspond à la modification du contrôle (contraction de l'écoulement)"
998737,381,"01/01/14 00:00:00","12/01/14 20:00:00",700,3041,"H201414",10,,"T","06/09/16 14:27:00","06/09/16 14:27:00","01/01/14 00:00:00",,,"H201414",0,
998738,381,"12/01/14 20:00:00","07/01/15 07:33:00",700,3041,"H201415",12,,"T","06/09/16 14:18:00","06/09/16 14:29:00","01/01/14 00:00:00",,,"H201415",0,
998739,381,"07/01/15 07:33:00","03/11/16 07:33:00",700,4211,"H201516",13,,"T","07/29/16 14:28:00","07/29/16 14:45:00","01/01/14 00:00:00",,,"H201516",0,"Prolongation du haut de courbe suite a la crue de Juin 2016.
"
998740,381,"03/11/16 07:33:00","11/02/16 13:44:00",237,4211,"H201616",9,,"T","10/03/16 12:02:00","01/16/17 14:43:00","07/29/16 00:00:00",,,"H201616",0,"Prolongation du haut de courbe suite a la crue de Juin 2016.
Ajustement en bas de courbe suite a un détarage du a la Crue de juine 2016.

"
998741,381,"11/02/16 13:44:00","12/14/17 13:08:00",678,4211,"H201617",11,,"T","03/02/18 14:16:00","03/02/18 14:16:00","07/29/16 00:00:00",,,"H201617",0,"Prolongation du haut de courbe suite a la crue de Juin 2016.
Ajustement en bas de courbe suite a un détarage du a la Crue de juine 2016.

"
998742,381,"12/14/17 13:08:00","11/07/18 11:35:00",678,4211,"H201718",11,,"T","05/29/19 11:37:00","05/29/19 11:37:00","07/29/16 00:00:00",,,"H201718",0,
998743,381,"11/07/18 11:35:00","05/14/19 12:12:00",680,4211,"H201819",12,,"T","10/25/19 14:28:00","10/25/19 15:21:00","07/29/16 00:00:00",,,"H201819",0,
998744,381,"05/14/19 00:00:00","12/31/20 00:00:00",12,5000,"BarS20_inf",100,,"C",,,,,,,,"h/q Baratin : Qmin"
998745,381,"05/14/19 00:00:00","12/31/20 00:00:00",12,5000,"BarS20_sup",100,,"C",,,,,,,,"h/q Baratin : Qmax"
998746,381,"05/14/19 00:00:00","12/31/20 00:00:00",12,5000,"BarS20",100,,"C",,,,,,,,"h/q Baratin : Qmaxpost"
998747,381,"05/14/19 12:12:00","01/17/21 02:15:00",660,4183,"H201921",9,,"T","07/24/20 10:40:00","02/22/23 10:59:00","04/27/20 17:00:00",,,"H201921",0,"Modif provisoire suite aux jaugeages du 27/05/2020
FC/AA en bas de courbe."
998748,381,"01/17/21 02:15:00","01/05/22 08:35:00",660,4183,"H202122",9,,"T","02/25/22 15:40:00","02/22/23 11:26:00","04/27/20 17:00:00",,,"H202122",0,"
"
998749,381,"01/05/22 08:35:00","01/20/23 00:00:00",720,4183,"H202223",10,,"T","06/02/22 17:42:00","06/05/23 09:47:00","04/27/20 17:00:00",,,"H202223",0,
998750,381,"01/20/23 00:00:00","10/01/23 00:00:00",720,4183,"H202323",9,,"T",,"01/19/24 14:36:00",,,,"H202323",0,"détarage de la  CTen basse eaux, suite coup d' eau de fin janvier 2023."
998770,384,"12/20/12 10:50:00","01/01/50 00:00:00",200,2000,"FE2013",21,,"C",,,,,,,,
998771,384,"01/01/12 00:00:00","01/01/50 00:00:00",185,2730,"H201250",17,,"T","09/11/14 16:30:00","09/11/14 14:33:00","09/11/14 00:00:00",,,,,
998772,384,"01/01/18 00:00:00","01/01/50 00:00:00",200,2000,"20180103ex",22,,"C","01/03/18 07:42:00","01/03/18 07:44:00",,,,,0,"Extrapolation DREAL C-VL"
998773,388,"01/01/01 12:00:00","12/01/01 12:00:00",12,5000,"CTMENE",100,,"C",,,,,,,,"h/q Baratin : Qmaxpost"
998774,388,"01/01/01 00:00:00","02/02/01 00:00:00",12,5000,"MENET_inf",100,,"C",,,,,,,,"h/q Baratin : Qmin"
998775,388,"01/01/01 00:00:00","02/02/01 00:00:00",12,5000,"MENET_sup",100,,"C",,,,,,,,"h/q Baratin : Qmax"
998776,388,"01/01/01 00:00:00","02/02/01 00:00:00",12,5000,"MENET",100,,"C",,,,,,,,"h/q Baratin : Qmaxpost"
998777,388,"02/10/21 00:00:00","06/22/22 00:00:00",210,2300,"H202122",9,,"T","07/05/22 11:11:00","08/04/22 11:48:00","04/01/15 00:00:00",,,"H202122",0," Nouvelle station suite au déplacement de l'échelle (15m en aval). Reprise extrapolation sup suite à jaugeage 01/06 (93 m3/s pour 206 mm)."
998778,388,"01/01/15 00:00:00","01/26/18 00:00:00",210,2300,"H201518",9,,"T","02/19/18 10:00:00","02/19/18 10:06:00","04/01/15 00:00:00",,,"H201518",0,"Nouvelle station suite au déplacement de l'échelle (15m en aval). Reprise extrapolation sup suite à jaugeage 01/06 (93 m3/s pour 206 mm)."
998779,388,"01/26/18 00:00:00","12/28/18 00:00:00",210,2300,"H201818",10,,"T","02/15/19 11:39:00","05/13/19 16:23:00","04/01/15 00:00:00",,,"H201818",0," Nouvelle station suite au déplacement de l'échelle (15m en aval). Reprise extrapolation sup suite à jaugeage 01/06 (93 m3/s pour 206 mm)."
998780,388,"12/28/18 00:00:00","03/06/20 00:00:00",210,2300,"H201820",10,,"T","05/13/19 16:36:00","08/07/20 10:43:00","04/01/15 00:00:00",,,"H201820",0," Nouvelle station suite au déplacement de l'échelle (15m en aval). Reprise extrapolation sup suite à jaugeage 01/06 (93 m3/s pour 206 mm)."
998781,388,"03/06/20 00:00:00","02/10/21 00:00:00",210,2300,"H202021",11,,"T","12/24/20 10:00:00","04/30/21 11:28:00","04/01/15 00:00:00",,,"H202021",0," Nouvelle station suite au déplacement de l'échelle (15m en aval). Reprise extrapolation sup suite à jaugeage 01/06 (93 m3/s pour 206 mm)."
998835,391,"01/01/00 00:00:00","04/01/17 00:00:00",250,550,"P201420",3,,"T","09/29/14 10:30:00","04/23/18 15:03:00","06/13/14 14:50:00",,,,0,"en cours de tarage"
998836,391,"04/01/17 00:00:00","01/01/50 00:00:00",250,550,"P201720",2,,"T","04/23/18 15:00:00","04/23/18 15:03:00","04/23/18 15:00:00",,,,0,
998876,403,"04/01/11 00:00:00","01/01/50 00:00:00",120,2340,"2011 13112",41,,"C",,,,,,"2011 1311261421",,
998877,403,"01/01/18 00:00:00","01/01/50 00:00:00",120,2340,"20180103ex",42,,"C","01/03/18 07:37:00","01/03/18 07:38:00",,,,"2011 1311261421",0,"extrapolation DREAL C-VL"
998878,404,"01/20/10 00:00:00","11/10/13 23:59:00",70,1800,"poi2011 13",24,,"C",,,,,,"poi2011 1311261422",,
998879,404,"11/11/13 00:00:00","01/01/50 00:00:00",70,1800,"2014 14120",17,,"C",,,,,,"2014 1412052038",,
998908,413,"01/16/20 00:00:00","12/31/21 00:00:00",12,5000,"BarLF2_sup",100,,"C",,"05/02/22 16:17:00",,,,,0,"h/q Baratin : Qmax"
998909,413,"01/16/18 00:00:00","12/31/18 00:00:00",12,5000,"BarLF2_inf",100,,"C",,"05/02/22 16:19:00",,,,,0,"h/q Baratin : Qmin"
998910,413,"01/16/19 00:00:00","12/31/19 00:00:00",12,5000,"BarLF2",100,,"C",,"05/02/22 16:20:00",,,,,0,"h/q Baratin : Qmaxpost"
998914,413,"01/01/00 00:00:00","01/02/00 00:00:00",12,5000,"CT_inf",100,"h/q Baratin : Qmin","C",,,,,,,,
998915,413,"01/01/00 00:00:00","01/02/00 00:00:00",12,5000,"CT_sup",100,"h/q Baratin : Qmax","C",,,,,,,,
998916,413,"01/01/00 00:00:00","01/02/00 00:00:00",12,5000,"CT",100,"h/q Baratin : Qmaxpost","C",,,,,,,,
998921,415,"12/31/92 00:00:00","01/01/95 00:00:00",200,1950,"C10864",18,,"C",,,,,,,,
998922,415,"01/01/95 00:00:00","12/31/96 00:00:00",180,1950,"C10865",20,,"C",,,,,,,,
998923,415,"12/31/96 00:00:00","12/31/98 00:00:00",120,2510,"C96982",33,,"C",,,,,,,,
998924,415,"12/31/98 00:00:00","07/01/00 00:00:00",120,2980,"H200001",28,,"C",,,,,,,,
998925,415,"07/01/00 00:00:00","04/01/02 00:00:00",180,2060,"H200002",29,,"C",,,,,,,,
998926,415,"04/01/02 00:00:00","10/01/04 00:00:00",70,2870,"H200206",49,,"C",,,,,,,,
998927,415,"10/01/04 00:00:00","09/01/05 00:00:00",70,2880,"H200406",43,,"C",,,,,,,,
998928,415,"09/01/05 00:00:00","06/11/06 00:00:00",120,3070,"H200506",40,,"C",,,,,,,,
998935,418,"03/06/20 00:00:00","08/04/22 09:00:00",230,1650,"H202022",7,,"T","08/08/22 16:12:00","09/09/22 14:01:00","03/14/19 14:52:00",,,"H202022",0,"Jaugeages n°36,37 et 38  influencés par barage anthropique en aval."
998936,418,"01/01/18 00:00:00","03/06/20 00:00:00",240,1600,"H201820",7,,"T","03/06/20 11:53:00","04/08/22 13:48:00","03/14/19 14:52:00",,,"H201820",0,
998937,418,"08/04/22 09:00:00","12/13/23 02:00:00",230,1650,"H202223",5,,"T","01/12/24 16:11:00","01/12/24 16:11:00","03/14/19 14:52:00",,,"H202223",0,"Changement de courbe suite au nettoyage du seuil le 03/08/2022 fin de courbe suite à crue du 13/12/2023"
998938,418,"12/13/23 02:00:00","04/01/24 00:00:00",230,1650,"H202324",4,,"T","04/22/24 10:19:00","04/22/24 10:20:00","01/12/24 16:00:00",,,"H202324",0,"Changement de courbe suite a crue du 13/12/2023
MAJ CT crue 02 2024 DB"
998940,419,"01/01/16 00:00:00","12/31/20 00:00:00",12,5000,"BarV20_inf",100,,"C",,,,,,,,"h/q Baratin : Qmin"
998941,419,"01/01/16 00:00:00","12/31/20 00:00:00",12,5000,"BarV20_sup",100,,"C",,,,,,,,"h/q Baratin : Qmax"
998942,419,"01/01/16 00:00:00","12/31/20 00:00:00",12,5000,"BarV20",100,,"C",,,,,,,,"h/q Baratin : Qmaxpost"
998943,419,"01/01/16 00:00:00","02/03/21 08:15:00",180,2100,"H201621",14,,"T","08/31/21 08:57:00","08/31/21 08:57:00","01/01/16 00:00:00",,,"H201621",0,"Courbe extrapolée à l'aide de Baratin"
998944,419,"02/03/21 08:15:00","03/03/22 08:48:00",141,3955,"H202122",11,,"T","06/14/22 11:58:00","06/14/22 11:58:00","01/01/16 00:00:00",,,"H202122",0,"Courbe extrapolée à l'aide de Baratin"
998954,422,"01/01/09 00:00:00","01/01/21 00:00:00",1200,2100,"H200921",6,,"T","11/14/22 15:33:00","11/14/22 16:13:00","02/14/13 14:15:00",950,2500,"H200921",0,
998956,423,"01/01/00 00:00:00","01/01/11 00:00:00",10,29900,"HYDRO",6,,"C",,"03/04/05 08:42:00","03/04/05 08:42:00",,,,,
998957,423,"09/01/10 00:00:00","10/01/12 00:00:00",3200,5000,"H201020F",8,,"T","02/15/13 11:22:00","02/09/18 16:37:00","05/16/11 14:00:00",,,,0,
998958,423,"10/01/12 00:00:00","12/01/14 00:00:00",3200,5000,"H201220",7,,"T","07/05/13 12:17:00","02/09/18 16:30:00","07/05/12 12:00:00",,,,0,
998959,423,"05/01/04 00:00:00","04/24/07 00:00:00",3400,3550,"C200509",7,,"T","08/18/05 16:27:00","02/09/18 16:40:00","08/09/05 00:00:00",,,,0,"courbe provisoire"
998960,423,"01/01/01 00:00:00","05/01/04 00:00:00",3400,3550,"C200104",9,,"T","08/09/05 15:42:00","02/09/18 16:41:00",,,,,0,"courbe provisoire"
998961,423,"07/01/15 00:00:00","10/01/15 00:00:00",3200,5000,"H2015151",8,,"T","08/28/15 16:38:00","02/09/18 16:23:00","08/28/15 00:00:00",,,,0,"Le début de validité correspond à la mise en place du battardeau sur la passe RG des moulins an aval pour travaux (date à préciser)
La fin de validité correspond à la suppression du battardeau sur la passe RG des moulins an aval pour travaux (date à préciser)"
998962,423,"12/01/14 00:00:00","07/01/15 00:00:00",3200,5000,"H201420",8,,"T","08/28/15 16:37:00","02/09/18 16:27:00","04/17/15 00:00:00",,,,0,"Le début de validité correspond au détarage suite au nettoyage des abords du moulin en rive gauche
La fin de validité correspond à la mise en place du battardeau sur la passe RG des moulins an aval pour travaux (date à préciser)"
998963,423,"04/24/07 00:00:00","09/01/10 00:00:00",3200,5000,"H200720F",9,,"T","06/04/15 17:17:00","02/09/18 16:39:00","11/20/09 14:50:00",,,,0,"le début de validité correspond une petite crue
la fin de validité correspond une petite crue"
998964,423,"10/01/15 00:00:00","01/28/18 00:00:00",3340,5000,"H201518",8,,"T","01/29/19 15:37:00","05/14/19 10:13:00","04/17/15 00:00:00",3150,7500,"H201518",0,"Le début de validité correspond à la suppression du battardeau sur la passe RG des moulins en aval pour travaux
La fin de validité correspond au détarage suite à la crue du 28/01/2018"
998965,423,"01/28/18 00:00:00","01/31/19 12:00:00",3340,5000,"H201819",9,,"T","08/02/19 13:51:00","09/20/19 11:56:00","05/14/19 10:00:00",3150,7500,"H201819",0,"Le début de validité correspond au détarage suite à la crue du 28/01/2018 "
998966,423,"01/31/19 12:00:00","12/18/19 00:00:00",3100,5000,"H201919",11,,"T","12/02/19 11:31:00","08/10/20 16:12:00","12/02/19 11:00:00",3000,7500,"H201919",0,"Le début de validité correspond à un détarage discerné à l'étiage
La fin de validité correspond à un détarage suite à la crue du 18/12/2019


"
998980,425,"01/01/00 00:00:00","01/01/01 00:00:00",12,5000,"BarV1_inf",100,,"C",,,,,,,,"h/q Baratin : Qmin"
998981,425,"01/01/00 00:00:00","01/01/01 00:00:00",12,5000,"BarV1_sup",100,,"C",,,,,,,,"h/q Baratin : Qmax"
998982,425,"01/01/00 00:00:00","01/01/01 00:00:00",12,5000,"BarV1",100,,"C",,,,,,,,"h/q Baratin : Qmaxpost"
998990,426,"02/01/21 20:30:00","12/29/21 00:00:00",300,1530,"H202121",8,,"T","11/16/22 16:41:00","11/16/22 16:41:00","11/23/20 00:00:00",,,"H202121",0,"Courbe provisoire, modifié DB. Mettre CORTH pour la branche cf jaugeage du 27/07 ?"
998991,426,"02/25/20 00:00:00","02/01/21 20:30:00",205,804,"H202021",8,,"T","11/16/22 16:45:00","11/16/22 16:46:00","11/23/20 00:00:00",,,"H202021",0,"Courbe provisoire "
998992,426,"01/01/16 00:00:00","02/25/20 00:00:00",300,2150,"H201620",7,,"T","11/16/22 16:49:00","11/16/22 16:49:00","01/01/16 00:00:00",,,"H201620",0,"Courbe provisoire "
998993,426,"12/29/21 00:00:00","12/24/22 00:00:00",250,2150,"H202122",7,,"T","07/28/23 14:28:00","07/28/23 14:29:00","11/23/20 00:00:00",,,"H202122",0,"Changement de courbe suite à crue de décembre
modification le 12/09/2022 suite à jaugeage du 06/09/2022"
998994,426,"12/24/22 00:00:00","09/12/23 00:00:00",250,2150,"H202223",8,,"T","09/15/23 16:16:00","09/15/23 16:16:00","07/28/23 14:29:00",,,"H202223",0,"Changement de courbe suite à coup d'eau du 24/12/2022 00.00"
998995,426,"09/12/23 00:00:00","12/13/23 14:00:00",250,2150,"H202323",7,,"T","02/22/24 18:03:00","02/22/24 18:03:00","09/15/23 16:08:00",,,"H202323",0,"Nouvelle courbe suite a travaux réalisés sur le controle
MAJ CT suite crue de décembre 2023"
998997,427,"01/01/18 00:00:00","01/01/50 00:00:00",-800,3000,"Modèle SPC",17,,"C",,"01/30/20 09:10:00",,,,,0,
998998,427,"01/01/18 00:00:00","01/01/50 00:00:00",-300,3000,"Corr NOV19",14,,"C",,,,,,,,
998999,427,"01/01/20 00:00:00","01/01/30 00:00:00",-800,1000,"H201930exp",5,,"T",,"10/08/20 10:59:00","01/29/20 00:00:00",,,"K430001001",0,
999001,428,"05/01/21 00:00:00","01/01/22 00:00:00",-750,1000,"H202022",7,,"T","06/24/21 11:40:00","01/27/23 16:23:00","02/14/20 14:00:00",,,"H202022",0,"Contrôle aval visiblement relevé"
999006,431,"10/12/19 00:00:00","07/19/22 12:00:00",55,358,"H201922",7,,"T","08/12/22 17:13:00","08/12/22 17:15:00","10/12/19 00:00:00",,,"H201922",0,"fin de validité suite à pose d'un seuil sur le radier"
1000734,587,"01/01/01 00:00:00","01/02/01 00:00:00",12,5000,"B2023_inf",100,"h/q Baratin : Qmin","C",,,,,,,,
1000735,587,"01/01/01 00:00:00","01/02/01 00:00:00",12,5000,"B2023_sup",100,"h/q Baratin : Qmax","C",,,,,,,,
1000736,587,"01/01/01 00:00:00","01/02/01 00:00:00",12,5000,"B2023",100,"h/q Baratin : Qmaxpost","C",,,,,,,,
1000754,422,"01/01/21 00:00:00","01/01/50 00:00:00",1200,2100,"H202124",3,,"T","11/14/22 16:12:00","05/15/24 10:49:00","02/14/13 14:15:00",950,2500,"H202124",0,"Bas de CT modifiée à partir du jaugeages du 26/01/2021"
1007611,572,"09/13/23 08:00:00","12/28/23 12:02:00",200,2700,"H202323",5,,"T","05/28/24 10:33:00","05/28/24 10:38:00","01/24/24 13:45:00",,,"H202323",0,"Création de la première courbe,  a affinée avec d'autres jaugeages....
extrapolation suivi crue cassure à caler avec cote débordement ? (D Besson)"
1009890,26,"03/02/23 20:00:00","01/17/24 08:50:00",-1400,3650,"H202324",14,"
","T","05/28/24 11:42:00","05/28/24 11:47:00","07/06/21 08:40:00",,,"H202324",0,"



"
1011931,380,"02/09/21 18:00:00","09/07/22 12:00:00",30,2400,"H202122",16,,"T","03/04/22 11:34:00","05/31/24 10:40:00","03/04/22 11:00:00",,,"H202122",0,"le début de validité correspond à la modification du contrôle (déplacement des pierres dans la chute,du radier), aprés une petite crue 02/2021"
1011932,380,"09/07/22 12:00:00","11/14/23 20:30:00",30,2400,"H202223",16,,"T","03/04/22 11:34:00","05/31/24 10:54:00","03/04/22 11:00:00",,,"H202223",0,
1015349,84,"12/31/21 00:00:00","03/12/23 12:00:00",-210,2750,"H202123",13,,"T","09/18/23 10:35:00","06/05/24 11:30:00","11/16/14 00:00:00",,,"H202123",0,"Détarage bas de courbe suite crue de décembre 2021
"
1015350,84,"04/15/20 00:00:00","12/31/21 00:00:00",-210,2750,"H202021",12,,"T","02/14/22 08:50:00","06/05/24 11:33:00","11/16/14 00:00:00",,,"H202021",0,
1015351,84,"01/04/18 16:00:00","04/15/20 00:00:00",-210,2750,"H201820",11,,"T","11/04/19 15:47:00","06/05/24 11:35:00","11/16/14 00:00:00",,,"H201820",0,"Détarage suite a des travaux  sur pile centrale du pont  en aout septembre 2017.
Extrapolation à 3.20m demande SPC."
1015352,84,"07/23/16 00:00:00","01/04/18 16:00:00",-200,2750,"H201617",10,,"T","07/31/18 16:53:00","06/05/24 11:36:00","11/16/14 00:00:00",,,"H201617",0,"Détarage suite à la  la crue de juin 2016"
1015361,235,"01/01/22 00:00:00","12/13/23 15:45:00",390,1890,"H202223",10,,"T","06/06/24 09:07:00","06/06/24 10:05:00","05/07/20 00:00:00",,,"H202223",0,"ARRET DE LA COURBE SUITE DETARAGE CONSTATE LE 28/12/2023"
1015364,334,"01/09/22 00:00:00","05/04/24 09:30:00",0,3500,"H202224",12,,"T","06/06/24 13:06:00","06/06/24 13:06:00","01/09/22 00:00:00",,,"H202224",0,
1015369,33,"11/21/21 00:00:00","08/18/22 10:20:00",-30,4500,"H202122",10,,"T","06/06/24 15:14:00","06/06/24 15:14:00","08/09/21 12:00:00",,,"H202122",0,"Courbe suite au jaugeage du 22/12/2021 
retour à une courbe antérieur 2015-2018"
1015370,41,"04/15/21 12:01:00","03/25/24 17:00:00",170,2800,"H202124",14,,"T","01/26/24 14:40:00","06/07/24 10:53:00","10/31/19 11:00:00",,,"H202124",0,"le début de validité correspond à un détarage constaté après l'étiage 2021




"
1015378,431,"07/19/22 12:00:00","03/11/23 00:00:00",60,130,"H202223",7,,"T","06/07/24 12:22:00","06/07/24 15:25:00","08/12/22 17:00:00",,,"H202223",0,"Nouvelle courbe suite à pose d'un nouveau seuil sur le radier. Courbe provisoire en construction"
1018800,75,"10/04/22 11:20:00","01/01/50 00:00:00",300,5500,"H202250",11,,"T","06/10/24 11:47:00","06/10/24 11:47:00","01/06/23 11:00:00",,,"H202250",0,"Courbe qui correspond à la fin de l'influence au 04/10/2022 et qui permet une meilleure gestion des CORTH."
1018801,75,"01/01/22 18:00:00","10/04/22 11:20:00",300,5500,"H202222",11,,"T","06/10/24 11:47:00","06/10/24 11:49:00","04/04/22 11:10:00",,,"H202222",0,"Le début de validité correspond à une influence de végétations d'hiver installée."
1018807,423,"12/18/19 00:00:00","04/01/24 12:00:00",3100,5000,"H201924",9,,"T","06/21/21 15:06:00","06/14/24 13:43:00","08/10/20 16:00:00",3000,7500,"H201924",0,"Le début de validité correspond à un détarage suite à la crue du 18/12/2019


"
1018808,55,"09/22/21 12:00:00","10/02/22 00:00:00",-1800,7000,"H202122",9,,"T","06/14/24 15:27:00","06/14/24 15:27:00","05/13/20 06:00:00",-1800,7000,"H202122",0,"ajustement bas  CT suite jaugeage 16/05/22


MAJ provisoire DB, FC
"
1022249,45,"09/05/19 05:00:00","02/20/22 14:00:00",-1450,7000,"H201922",16,,"T","08/19/22 11:40:00","06/21/24 09:21:00","02/16/18 00:00:00",,,"H201922",0,
1022251,45,"02/20/22 14:00:00","05/11/24 20:30:00",-1450,7000,"H202224",12,,"T","06/21/24 09:40:00","06/21/24 09:40:00","08/19/22 00:00:00",,,"H202224",0,"Nouvelle courbe"
1022259,76,"01/20/23 18:30:00","05/19/24 12:10:00",-2000,6500,"H202324",7,,"T","06/21/24 13:22:00","06/21/24 13:22:00","05/05/23 14:00:00",,,"H202324",0,"Nouvelle courbe suite à jaugeages et qui correspond au retour à une courbe de 2020."
1022261,76,"06/29/22 12:00:00","01/20/23 18:30:00",-2000,6500,"H202223",9,,"T","05/05/23 15:05:00","06/21/24 13:23:00","08/17/22 12:00:00",,,"H202223",0,"Modif du bas de courbe suite au  jaugeage 2 dernier jaugeages . provisoire
"
1022263,76,"12/31/21 23:00:00","06/29/22 12:00:00",-2000,6500,"H202222",9,,"T","11/22/22 15:04:00","06/21/24 13:24:00","08/17/22 12:00:00",,,"H202222",0,"Modif du bas de courbe suite à la reprise du jaugeage du 22/06/2022. FC
"
1024311,191,"05/16/23 14:20:00","06/19/24 00:00:00",-500,1640,"H202324",9,,"T","10/06/23 15:59:00","06/23/24 16:19:00","04/10/18 09:45:00",,,"H202324",0,
1024314,324,"02/01/23 20:00:00","06/15/24 00:00:00",200,1800,"H202324",7,,"T","04/05/24 16:38:00","06/23/24 17:14:00","02/05/13 12:23:00",,,"H202324",0,"Extrapolation hivernale."
1024319,39,"04/17/23 12:00:00","06/20/24 12:00:00",200,2400,"H202324",10,,"T","06/02/23 09:00:00","06/25/24 13:28:00","06/02/23 09:00:00",,,"H202324",0,"Le début de validité correspond à un détarage de la petite crue du 15 avril 2023
"
1024326,40,"10/01/22 00:01:00","06/22/24 07:59:00",-400,3000,"H202224",11,,"T","02/22/22 14:30:00","06/25/24 13:57:00","02/22/22 14:30:00",,,"H202224",0,"Modification courbe d'après influence
"
1024328,278,"01/24/23 00:01:00","05/02/24 12:00:00",120,3200,"H202324",21,,"T","04/17/23 15:00:00","06/25/24 14:19:00","04/17/23 15:00:00",,,"H202324",0,"Le début de validité correspond à un léger détarage suite au coup d'eau de janvier 2023

"
1031178,46,"06/17/20 13:00:00","05/29/24 14:20:00",300,5000,"C202024",11,,"T","07/01/24 15:11:00","07/01/24 15:11:00","08/07/20 00:00:00",,,"C202024",0,"Modif hydromel du 20/02/2023 
(Suppression du point pivot à la cote 107cm"
1034626,366,"09/01/22 00:00:00","06/25/24 23:30:00",-400,4900,"H202224",11,,"T","07/12/24 12:15:00","07/12/24 12:15:00","09/01/22 00:00:00",,,"H202224",0,"Nouvelle courbe sans influence de la végétation."
1039474,388,"06/22/22 00:00:00","12/27/23 11:18:00",210,2300,"H202223",10,,"T","07/16/24 11:29:00","07/16/24 11:29:00","04/01/15 00:00:00",,,"H202223",0," Nouvelle station suite au déplacement de l'échelle (15m en aval). Reprise extrapolation sup suite à jaugeage 01/06 (93 m3/s pour 206 mm)."
1039488,4,"04/26/22 17:00:00","12/15/23 00:00:00",-400,4000,"H202223",10,,"T","02/27/23 12:30:00","07/17/24 15:23:00",,,,"H202223",0,"modification de courbe suite jaugeage du 28/07/22"
1039494,432,"10/01/22 00:00:00","04/01/23 00:00:00",200,1400,"H202223",6,,"T","01/19/22 10:20:00","07/18/24 10:34:00","07/15/20 11:00:00",,,"H202223",0,
1196004,439,"09/24/22 17:46:00","05/02/24 00:00:00",300,1720,"H202230",6,,"T",,"07/26/24 07:11:00","08/23/23 09:00:00",135,2000,"H202230",0,"étiage 2023"
1196005,440,"01/01/72 00:00:00","03/20/72 00:00:00",0,1500,"1972_1",22," ","C",,,,,,,,
1196006,440,"03/20/72 00:00:00","10/28/75 00:00:00",0,1500,"1972_2",21," ","C",,,,,,,,
1196007,440,"10/28/75 00:00:00","01/31/81 00:00:00",260,1990,"1975_1",16," ","C",,,,,,,,
1196008,440,"01/31/81 00:00:00","01/01/90 00:00:00",250,1500,"1981_1",32," ","C",,,,,,,,
1196009,440,"01/01/90 00:00:00","01/01/01 00:00:00",270,2000,"1990_1",20,,"C",,,,,,,,
1196010,440,"01/01/08 00:00:00","01/01/11 00:00:00",280,1500,"h200811",8," ","C",,"12/12/24 14:31:00",,,,"H2008-11",0,
1196011,440,"01/01/11 00:00:00","09/01/14 00:00:00",280,1500,"h2011-1",8,,"T",,"12/12/24 14:33:00","06/11/12 11:11:00",,,"H2004-14",0,
1196012,440,"01/01/01 00:00:00","04/18/05 00:00:00",280,1500,"2001-1",7,,"C",,"12/12/24 14:35:00","01/27/11 11:50:00",,,"H2001-05",0,
1196013,440,"04/18/05 00:00:00","01/01/08 00:00:00",280,1500,"2005-1",9,,"C",,"12/12/24 14:40:00","01/27/11 11:47:00",,,"H2005-08",0,
1196014,440,"09/01/14 00:00:00","01/01/50 00:00:00",300,1500,"h2014-1",10,,"T",,"03/29/22 16:42:00","07/01/15 14:46:00",,,"h2014-1",0,
1196015,441,"10/15/24 12:00:00","01/01/50 00:00:00",40,1210,"H202450ET",6,"Courbe faisant suite aux travaux sur le seuil du 15/10/2024 12:00","T","11/04/24 14:20:00","05/23/25 10:46:00","11/04/24 14:37:00",,,"H202450",0,"modifié suite aux jaugeages du 25/05/2025 aprés la crue du 24/05/2025 (HB).
15/04/2025 Repris par ET et DB"
1196016,441,"11/29/23 12:30:00","10/15/24 12:00:00",40,1210,"H202324ET",9,,"T","06/28/24 14:26:00","05/23/25 10:54:00","06/28/24 12:30:00",,,"H202324",0,"15/04/2025 Repris par DB et ET
Ajustement et simplification du tracé de bas courbe suite au jaugeage du 06/08/24
Modifiée suite au coup d'eau du 29/11/2023.


"
1196017,441,"01/01/69 00:00:00","01/05/81 00:00:00",20,650,"1969_1",37," ","C",,"05/23/25 12:04:00",,,,,0,
1196018,441,"01/05/81 00:00:00","12/28/11 16:26:00",0,850,"1981_1",14," ","C",,"05/23/25 12:18:00",,,,"H1981_2011",0,
1196019,441,"12/28/11 16:26:00","07/08/17 05:30:00",0,2000,"H201317",15,"courbe refaite suite à la crue du 31/12/11","T","05/16/13 10:14:00","05/23/25 12:20:00","05/16/13 10:00:00",0,2000,"H201317",0,
1196020,441,"07/08/17 05:30:00","06/26/22 16:33:00",40,1210,"H201722",12,"nouvelle courbe qui prend en compte la cassure entre 39 et 43 cm , zone où l'eau passe du canal à toute la surface du seuil.","T","04/11/22 14:41:00","05/23/25 12:21:00","08/01/18 15:00:00",0,2000,"H201722",0,
1196021,441,"06/26/22 16:33:00","11/29/23 12:30:00",40,1210,"H202223",16,,"T","11/02/23 10:27:00","05/23/25 12:23:00","11/02/23 10:30:00",0,2000,"H202223",0,"modification du bas de courbe de 0 à 12 cm.
suite du coup d'eau du 26/06/2022"
1196022,442,"11/24/02 00:00:00","12/04/03 00:00:00",70,840,"2003_01",18,,"C",,,,,,,,
1196023,442,"01/01/02 00:00:00","11/24/02 00:00:00",0,840,"2002_1",16,,"C",,,,,,,,
1196024,442,"05/17/01 00:00:00","09/19/01 00:00:00",110,600,"2001_2",11,,"C",,,,,,,,
1196025,442,"06/20/96 00:00:00","05/17/01 00:00:00",140,580,"1996_1",10,,"C",,,,,,,,
1196026,442,"12/04/03 00:00:00","04/27/09 00:00:00",70,600,"2004_01",11,,"C",,"06/03/10 09:35:00",,,,,,
1196027,442,"04/27/09 00:00:00","09/01/09 00:00:00",25,750,"2009_06",8,"Courbe modifiée suite à la crue du 27/04/2009.
DD","T",,"06/03/10 09:36:00","06/19/09 16:26:00",,,,,
1196028,442,"12/04/03 00:00:00","04/27/09 00:00:00",70,600,"2004_essai",16,,"C",,"01/15/13 11:24:00",,,,,,
1196029,442,"09/01/09 00:00:00","05/27/12 02:30:00",50,750,"201006dd",6,"Courbe modifiée suite à des travaux dans la section","T","10/15/10 11:29:00","02/15/13 09:46:00","06/03/10 09:00:00",,,,,
1196030,442,"12/30/71 00:00:00","07/29/72 00:00:00",100,800,"C10179",15,"Courbe reprise à partir du borderau d'Hydro par DD pour essai","T",,"02/20/13 12:24:00","02/20/13 12:08:00",,,,,
1196031,442,"07/29/72 00:00:00","08/29/72 00:00:00",120,1400,"C10180",10,"Courbe recrée par DD","T",,"02/20/13 12:29:00","02/20/13 12:29:00",,,,,
1196032,442,"08/29/72 00:00:00","02/16/78 00:00:00",410,810,"C10181",9,"Courbe recrée par DD","T","02/20/13 13:29:00","02/20/13 13:34:00","02/20/13 13:34:00",,,,,
1196033,442,"02/16/78 00:00:00","03/12/81 00:00:00",400,1500,"C10182",14,"Courbe reprise à partir du borderau sous hydro par DD","T","02/20/13 13:46:00","02/26/13 11:28:00","02/20/13 13:50:00",,,,,
1196034,442,"10/01/89 00:00:00","11/06/91 00:00:00",0,300,"C10185",7,"Courbe reprise à partir du borderau sous hydro par DD.","T","02/26/13 11:19:00","02/26/13 11:29:00","02/26/13 11:26:00",,,,,
1196035,442,"11/06/91 00:00:00","12/21/91 00:00:00",0,770,"C10186",6,"Courbe reprise à partir du borderau sous hydro par DD. 1 jaugeage sur la période.
","T","02/26/13 11:30:00","02/26/13 11:39:00","02/26/13 11:38:00",,,,,
1196036,442,"12/21/91 00:00:00","04/07/92 00:00:00",150,1000,"C10187",8,"Courbe reprise à partir du borderau sous hydro par DD.","T","02/26/13 12:06:00","02/26/13 12:18:00","02/26/13 12:13:00",,,,,
1196037,442,"04/07/92 00:00:00","01/05/94 00:00:00",170,1260,"C10188",13,"Courbe reprise à partir du borderau sous hydro par DD.","T","02/26/13 12:38:00","02/26/13 13:32:00","02/26/13 12:40:00",,,,,
1196038,442,"01/05/94 00:00:00","01/07/94 00:00:00",180,1260,"C10189",15,"Courbe reprise à partir du borderau sous hydro par DD.","T","02/26/13 14:00:00","02/26/13 14:24:00","02/26/13 14:02:00",,,,,
1196039,442,"01/07/94 00:00:00","11/04/94 00:00:00",180,1260,"C10190",15,"Courbe reprise à partir du borderau sous hydro par DD. Identique à la C10189. ","T","02/26/13 14:27:00","02/26/13 14:41:00","02/26/13 14:28:00",,,,,
1196040,442,"11/04/94 00:00:00","01/24/95 00:00:00",120,1260,"C10191",16,"Courbe reprise à partir du borderau sous hydro par DD.","T","02/26/13 14:47:00","02/26/13 15:01:00","02/26/13 14:54:00",,,,,
1196041,442,"01/24/95 00:00:00","06/20/96 00:00:00",130,1260,"C10192",20,"Courbe reprise à partir du borderau sous hydro par DD.","T","02/26/13 15:18:00","02/26/13 15:42:00","02/26/13 15:38:00",,,,,
1196042,442,"09/19/01 23:00:00","12/31/01 23:59:00",50,800,"2001_3",10,"Actualisation de l'heure pour cohérence avec Hydro.
Correction de l'unité pour la hauteur; par ex 360 cm sont en fait 36 cm. Pour la côte - 40, je la transforme en 4 cm. DD","C","02/27/13 11:03:00","03/18/13 12:43:00",,,,,,
1196043,442,"09/25/89 00:00:00","10/01/89 00:00:00",0,500,"C10184",6,"Courbe reprise à partir du borderau sous hydro par DD,  pas de jaugeages sur la courte période !","T","02/26/13 10:34:00","02/26/13 10:46:00","02/26/13 10:38:00",,,,,
1196044,442,"03/12/81 00:00:00","07/09/89 00:00:00",400,1000,"C10183",18,"Courbe reprise à partir du borderau sous hydro par DD","T","02/26/13 09:26:00","02/26/13 11:28:00","02/26/13 09:48:00",,,,,
1196045,442,"05/27/12 02:30:00","01/01/50 00:00:00",50,1000,"H2013-1",10,"détarage de la courbe précédente, des dépôts de fine et la végétation sur la rive gauche à l'amont de la station referme le lit, causant une accélération de la vitesse sur le seuil.","T","02/15/13 09:32:00","01/09/20 10:37:00","02/15/13 09:00:00",50,1000,"H2013-1",0,
1196046,443,"03/01/99 00:00:00","01/01/02 00:00:00",10,400,"1999_1",10," ","C",,,,,,,,
1196047,443,"01/01/02 00:00:00","01/01/03 00:00:00",70,800,"2002_1",8,,"C",,,,,,,,
1196048,443,"01/01/03 00:00:00","07/01/10 00:00:00",110,520,"2005-1",14," CT fermée à la date de fermeture de la station","C",,"12/07/20 16:28:00",,,,"2005-1",0,
1196049,444,"05/02/24 00:00:00","01/01/50 00:00:00",250,1700,"h2024-1",6,,"T",,"03/20/25 10:17:00",,,,"H2024-50",0,"modif hs
20/03/2025 modif DR "
1196050,444,"06/12/20 00:00:00","05/02/24 00:00:00",200,1700,"h2020-50",17,,"T","09/05/23 07:22:00","03/20/25 10:16:00","02/19/18 14:54:00",,,"H2020-24",0,
1196051,444,"11/01/97 00:00:00","01/01/02 00:00:00",-90,600,"1997_1",14," ","C",,,,,,,,
1196052,444,"01/01/02 00:00:00","10/03/03 00:00:00",150,600,"2002_1",17,,"C",,,,,,,,
1196053,444,"10/03/03 00:00:00","08/21/06 00:00:00",260,710,"2003_1",19," ","C",,"12/14/07 15:54:00",,,,,,
1196054,444,"08/21/06 00:01:00","03/05/09 00:00:00",260,1250,"ct0801",11,,"T",,"03/22/11 10:56:00","11/06/08 15:15:00",,,,,
1196055,444,"03/05/09 00:00:00","03/08/11 00:00:00",300,1250,"h200911",7,,"T",,"08/01/13 12:25:00","06/03/10 14:54:00",,,,,
1196056,444,"06/01/17 00:00:00","12/01/50 00:00:00",12,5000,"CT_inf",100,"h/q Baratin : Qmin","C",,,,,,,,
1196057,444,"06/01/17 00:00:00","12/01/50 00:00:00",12,5000,"CT_sup",100,"h/q Baratin : Qmax","C",,,,,,,,
1196058,444,"10/03/03 00:00:00","08/21/06 00:00:00",120,1600,"h2003-1",11,,"T","01/17/18 12:31:00","01/17/18 12:47:00","01/17/18 12:46:00",,,,,
1196059,444,"08/21/06 00:01:00","03/05/09 00:00:00",120,1250,"h2006-1",22,,"T",,"01/17/18 14:41:00","11/06/08 15:15:00",,,,,
1196060,444,"03/08/11 00:00:00","08/26/14 00:00:00",120,1600,"h2011-1",15,,"T",,"01/17/18 15:31:00","06/03/10 14:54:00",,,,,
1196061,444,"06/12/20 00:00:00","05/02/24 00:00:00",250,2900,"CT",89,"h/q Baratin : Qmaxpost","C",,"07/26/24 07:26:00",,,,,0,
1196062,444,"08/21/06 00:01:00","03/05/09 00:00:00",260,1160,"2006_1",20," ","C",,"09/24/21 07:47:00",,,,,0,
1196063,444,"08/26/14 00:00:00","06/12/20 00:00:00",200,1250,"h2014-20",21,,"T","10/01/18 09:00:00","04/06/22 15:06:00","02/19/18 14:54:00",,,"h2014-20",0,
1196064,444,"03/05/09 00:00:00","03/08/11 00:00:00",300,1250,"h200911",7,,"T",,"12/22/22 11:17:00","06/03/10 14:54:00",,,"h200911",0,
1196065,444,"03/05/09 00:00:00","03/08/11 00:00:00",100,1250,"h2009-1",11,,"T",,"12/22/22 11:32:00","06/03/10 14:54:00",,,"h2009-1",0,
1196066,445,"01/14/24 23:20:00","01/01/50 00:00:00",-40,1100,"H2024_50",13,,"T","07/31/24 08:43:00","03/21/25 10:49:00","10/03/24 08:45:00",,,"H2024_50",0,"Courbe modifiée suite au détarage apparu à l'étiage.
Suite à la crue du 14/01/2024"
1196067,445,"05/01/02 01:01:00","12/25/03 00:00:00",4,1100,"2002_1",16,"MAJ 18/02/99","C",,,,,,,,
1196068,445,"11/01/97 00:00:00","05/01/02 00:00:00",4,850,"1997_1",7,,"C",,,,,,,,
1196069,445,"12/25/03 00:00:00","01/23/09 12:30:00",10,800,"2003_1",13,"MAJ 16-55 le 05/10/06
MAJ 18/02/99","C","10/05/06 14:43:00","04/18/12 14:59:00",,,,,,
1196070,445,"08/01/19 00:00:00","09/01/19 00:00:00",10,1500,"H2018-1",8,"
 ","T",,"05/31/22 11:08:00","07/11/19 11:00:00",10,1500,"H2019-19",0,
1196071,445,"09/01/19 00:00:00","07/01/20 00:00:00",10,1100,"H2018-1",11,"
 ","T",,"05/31/22 11:09:00","07/11/19 11:00:00",,,"H2019-20",0,
1196072,445,"12/22/18 01:50:00","08/01/19 00:00:00",10,1100,"H2018-1",12,"Nouvelle CT suite  à crue du 22/12/2018 
 ","T",,"05/31/22 11:49:00","07/11/19 11:00:00",,,"H2018-19",0,
1196073,445,"09/01/19 00:00:00","07/01/20 00:00:00",10,1100,"H2018-1",11,"
 ","T",,"05/31/22 12:15:00","07/11/19 11:00:00",,,"H2019-20",0,
1196845,503,"11/28/14 18:30:00","07/03/17 06:00:00",160,1500,"H2014-1",6,"modification suite à la crue du 28/11/2014
clôture courbe suite fermeture définitive de la station
","T",,"08/24/18 10:29:00","04/18/17 08:00:00",84,2950,"H2014-1",0,
1196846,504,"01/01/00 00:00:00","11/01/01 00:00:00",360,1630,"2000_01",13,,"C",,,,,,,,
1196847,504,"05/17/24 03:40:00","01/01/50 00:00:00",165,1610,"H202430",5,,"T",,"02/28/25 11:48:00","07/10/24 00:00:00",0,1700,"H202430",0,
1196848,504,"11/01/01 00:00:00","02/07/08 00:00:00",120,1500,"2001_01",10,"MAJ le 19/12/05 H45-65 le 28/03/06 H23 le 29/06/06
MAJ 85-175 le 02/04/07","C","03/28/06 11:03:00","04/26/10 12:17:00",,,,,,
1196849,504,"02/07/08 00:00:00","07/13/10 00:00:00",170,1250,"2008-1",5,,"T",,"01/18/12 16:14:00","12/03/10 00:00:00",0,1599,,,
1196850,504,"01/01/12 00:00:00","01/01/49 00:00:00",150,1600,"HBara1_inf",97,"h/q courbe Baratin : Qmin","C",,"01/18/16 14:36:00",,150,1600,,,
1196851,504,"01/01/12 00:00:00","01/01/49 00:00:00",150,1600,"HBara1",97,"h/q courbe Baratin : Qmaxpost","C","01/01/49 00:00:00","01/18/16 15:07:00","02/15/16 00:00:00",150,1600,,,
1196852,504,"07/13/10 00:00:00","01/02/12 00:00:00",150,1250,"H201050",41,,"C",,,,,,,,
1196853,504,"01/02/12 00:00:00","01/01/50 00:00:00",150,1250,"H201250",9,"Modifié le 18/01/2016 suite à jaugeage de crue 07/01/2016 en se basant sur BaRatin
Prolongée jusqu'à 170cm suite crue de février 2016
","T","03/04/16 15:38:00","03/04/16 15:39:00","05/16/13 00:00:00",150,1700,,,
1196854,504,"01/02/12 00:00:00","11/28/14 20:00:00",150,1300,"H2012-1",7,"Modifié le 18/01/2016 suite à jaugeage de crue 07/01/2016 en se basant sur BaRatin
Prolongée jusqu'à 170cm suite crue de février 2016
","T","08/24/18 13:38:00","08/24/18 15:45:00","05/16/13 00:00:00",34,2000,"H2012-1",0,
1196855,504,"11/28/14 20:00:00","01/10/16 20:00:00",150,1300,"H2014-1",6,,"T","08/24/18 13:28:00","08/24/18 15:46:00","07/26/18 13:00:00",110,2000,"H2014-1",0,
1196856,504,"01/10/16 20:00:00","05/06/20 11:17:00",150,1300,"H201620",8,"Modifié le 18/01/2016 suite à jaugeage de crue 07/01/2016 en se basant sur BaRatin
Prolongée jusqu'à 170cm suite crue de février 2016
","T","03/04/16 15:38:00","10/21/21 15:04:00","05/16/13 00:00:00",10,2000,"H201620",0,
1196857,504,"05/06/20 11:17:00","02/04/21 22:50:00",200,1600,"H202021",15,,"C",,"10/21/21 15:45:00","10/21/21 14:00:00",130,1700,"H202021",0,
1196858,504,"06/29/22 15:52:00","05/17/24 03:40:00",165,1610,"H202224",18,,"C","04/26/23 12:55:00","07/10/24 13:49:00","01/25/23 10:00:00",0,1700,"H202224",0,
1196859,504,"02/04/21 22:50:00","06/29/22 15:52:00",225,1600,"H202122",23,"détarage suite à la crue du 01/02/2021
MAJ étiage 2022 :
","C","06/17/22 10:56:00","07/10/24 13:45:00","10/21/21 15:00:00",0,1700,"H202122",0,
1196860,505,"06/01/01 00:00:00","02/01/03 00:00:00",90,600,"2001_1",9,,"C",,,,,,,,
1196861,505,"02/01/03 00:00:00","08/07/03 00:00:00",80,500,"2003_1",11,,"C",,,,,,,,
1196862,505,"08/07/03 00:00:00","01/13/04 00:00:00",250,1000,"2003_2",15,,"C",,,,,,,,
1196863,505,"12/05/05 23:59:00","05/26/08 00:00:00",60,1300,"2005-01",8,"ajout 175 cm ","T",,"08/10/09 15:57:00","07/28/09 17:20:00",,,,,
1196864,505,"12/28/21 08:01:00","01/28/24 19:05:00",145,1670,"H202224",22,"MAJ étiage 2023","C","09/08/23 14:25:00","03/21/25 13:10:00","03/01/23 14:00:00",65,1760,"H202224",0,
1196865,505,"01/28/24 19:05:00","01/01/50 00:00:00",237,1670,"H202430",6,,"T","03/21/25 12:57:00","03/21/25 13:15:00","08/30/24 10:30:00",50,1760,"H202430",0,"modif suite crue decembre 2023
MAJ entre30<H<50
"
1196866,505,"01/13/04 00:02:00","12/05/05 00:00:00",250,300,"2004_1",15,,"C",,"04/20/11 15:26:00",,,,,,
1196867,505,"05/26/08 00:00:00","02/14/11 00:00:00",60,1300,"2009_1",5,"ajout 175 cm ","T",,"04/17/12 15:18:00","08/03/09 10:19:00",,,,,
1196868,505,"12/16/11 17:00:00","11/28/14 18:00:00",200,1600,"H2011-2",6,"Nouvelle courbe suite crue du 16/12/2011 17:00
Clôture courbe suite détarage crue 28/11/2014 18:00

","T",,"09/13/17 08:52:00","09/11/17 14:30:00",149,1750,"H2011-2",0,
1196869,505,"02/14/11 00:00:00","12/16/11 17:00:00",190,1600,"H2011-1",6,"Clôture courbe suite détarage suite crue du 16/12/2011 17:00



","T","09/11/17 14:30:00","09/25/17 15:27:00","04/17/12 14:30:00",50,1750,"H2011-1",0,
1196870,505,"11/28/14 18:00:00","07/21/18 10:20:00",190,1550,"H2014-1",8,"MaJ pour affiner ","T","07/26/18 08:00:00","03/30/22 15:32:00","09/11/17 14:00:00",119,1750,"H2014-1",0,
1196871,505,"07/21/18 10:20:00","12/28/21 08:01:00",150,1550,"H2018",17,,"C","06/18/21 12:49:00","03/01/23 13:44:00","09/09/19 00:00:00",100,1750,"H2018",0,
1196872,506,"06/01/01 00:00:00","01/13/04 00:00:00",190,370,"2001_1",13,,"C",,,,,,,,
1196873,506,"05/01/08 00:00:00","12/31/50 00:00:00",220,370,"2008_1",19,,"C",,"03/03/09 15:29:00","03/01/09 00:00:00",,,,,
1196874,506,"01/13/04 00:00:00","04/30/08 23:59:00",220,370,"2004_1",20,,"C",,"03/03/09 15:54:00",,,,,,
1196875,507,"04/29/12 07:50:00","02/16/14 23:59:00",300,2330,"H2012",6,"modif pour validation année station, continuité de débit, et toilettage (CP)","T","11/23/18 14:33:00","12/10/18 09:50:00","10/16/13 00:00:00",200,2550,"H2012",0,
1196876,507,"01/01/00 00:00:00","12/21/04 00:00:00",260,2330,"2000_1",20,"MAJ pour validation années stations","C","11/28/18 15:16:00","12/10/18 15:00:00",,200,2500,"H2000",0,
1196877,507,"12/21/04 00:00:00","01/26/09 07:40:00",260,2330,"H2004",14,"extrapolation supérieure equiv coeff=1.85
modif pour validation année station, continuité de débit, et toilettage (CP)","C","11/28/18 14:24:00","12/10/18 15:02:00","01/01/10 00:00:00",200,2550,"H2004",0,
1196878,507,"01/26/09 07:40:00","04/29/12 07:50:00",300,2330,"H2009",4,"modif pour validation année station, continuité de débit, et toilettage (CP)","T","11/23/18 15:30:00","12/10/18 15:09:00","01/24/11 00:00:00",200,2550,"H2009",0,
1196879,507,"02/16/14 23:59:00","10/07/15 08:19:00",340,2330,"H2014",23,"modif pour validation année station et continuité de débit","C",,"12/10/18 15:13:00","11/28/18 09:00:00",270,2500,"H2014",0,
1196880,507,"10/07/15 08:19:00","06/13/18 18:00:00",250,2330,"H2015",27,,"C","09/09/19 14:20:00","09/27/19 13:10:00","11/28/18 10:00:00",220,2550,"H2015",0,
1196881,507,"06/13/18 18:00:00","08/22/20 04:27:00",225,2330,"H2018",22,"Courbe d'étiage 2018-2019
MAJ pour obtention de QMJ basé sur le jaugeage du 17/09/2019 
","C","04/01/22 14:56:00","05/12/23 14:56:00","09/25/19 16:30:00",200,2560,"H2018",0,
1196882,507,"06/21/21 08:42:00","07/12/22 01:30:00",342,2330,"H202122",6,"étiage 2021","T",,"06/27/24 12:56:00","06/27/24 10:00:00",180,2560,"H202122",0,
1196883,507,"08/22/20 04:27:00","06/21/21 08:42:00",295,2330,"H202021",22,,"C",,"06/27/24 12:58:00","05/12/23 14:00:00",240,2560,"H202021",0,
1196884,507,"07/12/22 01:30:00","06/20/23 20:48:00",262,2330,"H202223",5,"étiage 2023","T",,"06/27/24 13:02:00","06/27/24 12:00:00",180,2560,"H202223",0,
1196885,507,"06/20/23 20:48:00","01/01/50 00:00:00",297,2330,"H202330",7,"MAJ étiage 2024","T","08/14/24 11:00:00","08/14/24 11:05:00","06/27/24 14:00:00",180,2560,"H202330",0,
1196886,509,"01/01/02 00:00:00","10/01/05 00:00:00",220,870,"2002_1",16,,"C",,"12/18/07 10:22:00",,,,,,
1196887,509,"10/01/05 00:01:00","01/25/10 00:00:00",220,1500,"2005_1",12,"MAJ 08/09 h35","C","09/08/06 13:30:00","01/06/11 15:05:00","04/07/06 14:45:00",,,,,
1196888,509,"01/25/10 00:00:00","01/27/11 00:00:00",235,990,"2010_1",3,,"T",,"01/18/12 11:14:00","01/06/11 15:00:00",100,1640,,,
1196889,509,"01/27/11 00:00:00","03/15/12 00:00:00",230,990,"H201112",4,,"T",,"11/19/13 16:29:00","01/18/12 00:00:00",100,1650,,,
1196890,509,"03/15/12 00:00:00","11/28/14 16:00:00",210,990,"H2012-1",5,"MaJ 23/08/2018 : courbe scindée en 2","T","08/23/18 12:00:00","08/23/18 14:18:00","11/19/13 00:00:00",152,1820,"H2012-1",0,
1196891,509,"11/28/14 16:00:00","01/07/16 16:00:00",210,990,"H2014-1",5,"courbe scindée en 2
","T",,"08/23/18 14:59:00","08/23/18 12:00:00",158,1820,"H2014-1",0,
1196892,509,"01/07/16 16:00:00","03/06/17 15:00:00",250,1200,"H2016-1",5,"Détarage constaté en basses eaux
Hautes eaux : courbe revue à la baisse suite jaugeage à 120cm à l'échelle
11/09/2017 : clôture courbe suite jaugeages étiage 2017

MaJ : mieux coller aux jaugeages


","T","09/11/17 13:00:00","08/23/18 15:05:00","09/30/16 16:30:00",227,1820,"H2016-1",0,
1196893,509,"03/06/17 15:00:00","09/26/19 13:06:00",220,1200,"H2016-2",8,"17/01/18 : MaJpour prendre en compte dernier jaugeage de crues
27/09/2019 DR maj avec dernier jaugeage et prolongement CT  jusqu'à 20cm


","T","01/17/18 08:00:00","03/01/21 16:44:00","09/11/17 13:00:00",200,1820,"H2016-2",0,
1196894,509,"09/26/19 13:06:00","02/14/21 20:34:00",225,2000,"H2019",22,"MAJ crue 2019 et 2021 ( proche décénnale)","C",,"02/16/22 15:18:00","03/01/21 15:00:00",200,2100,"H2019",0,
1196895,509,"03/25/23 04:38:00","01/01/50 00:00:00",280,2000,"H202330",5,,"T","01/17/25 11:10:00","03/14/25 13:58:00","06/28/24 10:00:00",150,2120,"H202330",0,"17/01/2025: OP, ajustement CT suite jaugeage du 14/01/25.
"
1196896,509,"02/14/21 20:34:00","09/25/22 14:11:00",270,2000,"H202122",17,"modif suite crue du 01/02/2021 et préparation étiage 2022 
MAJ étiage 2022","C","08/05/22 12:35:00","08/23/23 15:27:00","06/01/22 14:00:00",150,2120,"H202122",0,
1196897,509,"09/25/22 14:11:00","03/25/23 04:38:00",375,2000,"H202223",28,"MAJ étiage 2023","C","08/23/23 08:32:00","06/28/24 11:28:00","04/26/23 15:00:00",150,2120,"H202223",0,
1196898,512,"03/09/24 23:00:00","01/01/50 00:00:00",100,1050,"H2024-50",8,"22/03/2024: Création nouvelle CT suite à détarage lié à la crue vilente du 09/03/2024
19/04/2024: ajustement CT
","T","01/28/25 10:00:00","06/02/25 08:39:00","03/22/24 10:00:00",70,2080,"H2024-50",0,
1196899,512,"11/12/17 07:50:00","06/22/20 19:15:00",80,2080,"H2017-2",9,"reprise bas courbe detarage constaté 10/07/2019
maj : modif haut de courbe suite jaugeage H=143 cm
","T","07/06/20 14:50:00","07/06/20 14:53:00","04/16/19 13:45:00",80,2080,"H2017-2",0,
1196900,512,"10/07/17 19:00:00","11/12/17 07:50:00",80,2080,"H2017-1",10,"toilettage de la courbe
Ajustement bas de courbe H<70cm le 23/05/2019
maj : reprise haut de courbe H2017-1 et courbes plus anciennes","T","12/27/21 09:45:00","12/27/21 09:42:00","04/16/19 13:45:00",80,2080,"H2017-1",0,
1196901,512,"11/22/16 16:40:00","10/07/17 19:00:00",110,1400,"H2016-1",12,,"T",,"12/27/21 09:43:00","04/27/20 15:45:00",,,"H2016-1",0,"reprise courbes anciennes"
1196902,512,"07/22/15 18:55:00","11/22/16 16:40:00",110,1400,"H2015-1",12,,"T",,"12/27/21 09:44:00","04/27/20 16:15:00",,,"H2015-1",0,
1196903,512,"12/28/13 17:30:00","07/22/15 18:55:00",110,1400,"H2013-3",14,,"T",,"12/27/21 09:46:00","04/27/20 16:30:00",,,"H2013-3",0,
1196904,512,"07/28/13 14:35:00","12/28/13 17:30:00",110,1400,"H2013-2",12,,"T",,"12/27/21 09:48:00","04/27/20 16:45:00",,,"H2013-2",0,
1196905,512,"03/01/13 00:00:00","07/28/13 14:35:00",110,1400,"H2013-1",12,,"T",,"12/27/21 09:48:00","04/28/20 11:00:00",,,"H2013-1",0,
1196906,512,"10/15/12 00:00:00","03/01/13 00:00:00",110,1400,"H2012-1",12,,"T",,"12/27/21 09:49:00","04/28/20 11:00:00",,,"H2012-1",0,
1196907,512,"09/01/11 00:00:00","10/15/12 00:00:00",110,1400,"H2011-1",11,,"T",,"12/27/21 09:50:00","04/28/20 11:00:00",,,"H2011-1",0,
1196908,512,"09/07/10 22:00:00","09/01/11 00:00:00",110,1400,"H2010-1",11,,"T",,"12/27/21 09:50:00","04/28/20 11:00:00",,,"H2010-1",0,
1196909,512,"11/01/09 00:00:00","09/07/10 22:00:00",110,1400,"H2009-1",10,,"T",,"12/27/21 09:51:00","04/28/20 11:00:00",,,"H2009-1",0,
1196910,512,"11/02/08 09:20:00","11/01/09 00:00:00",110,1400,"H2008-2",10,,"T","04/28/20 11:00:00","12/27/21 09:52:00","10/11/06 10:53:00",,,"H2008-2",0,
1196911,512,"05/31/08 17:35:00","11/02/08 09:20:00",110,1400,"H2008-1",11,,"T",,"12/27/21 09:52:00","04/28/20 11:00:00",,,"H2008-1",0,
1196912,512,"04/10/06 05:30:00","05/31/08 17:35:00",110,1400,"H2006-1",12,,"T","04/28/20 15:00:00","12/27/21 09:54:00","10/11/06 10:53:00",,,"H2006-1",0,
1196913,512,"11/01/05 00:40:00","04/10/06 05:30:00",110,1400,"H2005-1",11,,"T","04/28/20 15:00:00","12/27/21 09:55:00","02/27/06 11:41:00",,,"H2005-1",0,
1197777,96,"04/18/96 00:00:00","05/13/96 00:00:00",630,1180,"C9532",18," ","C",,,,,,,,
1197778,96,"05/13/96 00:00:00","11/12/96 00:00:00",630,1180,"C9533",26," ","C",,,,,,,,
1197779,96,"09/20/99 00:00:00","01/11/01 00:00:00",500,1180,"9903",5,,"T",,"07/01/09 11:03:00",,,,,,
1197780,96,"01/11/01 00:00:00","01/01/02 00:00:00",400,1180,"H200102",5,,"T",,"07/01/09 11:07:00",,,,,,
1197781,96,"01/01/02 00:00:00","11/25/02 00:00:00",400,1200,"H200202",6,,"T",,"07/01/09 11:10:00",,,,,,
1197782,96,"11/25/02 00:00:00","06/10/03 00:00:00",225,2560,"H200203",8,,"T",,"07/01/09 11:17:00","03/24/04 09:37:00",,,,,
1197783,96,"06/10/03 00:00:00","12/03/03 00:00:00",225,2400,"H200303",10,,"T","03/25/04 10:00:00","07/01/09 11:22:00",,,,,,
1197784,96,"12/03/03 00:00:00","08/15/06 00:00:00",230,2400,"H200306",8,,"T","07/12/06 00:00:00","07/01/09 11:25:00","11/28/05 11:10:00",,,,,
1197785,96,"08/15/06 00:00:00","08/30/07 02:00:00",400,2400,"H200607",8,,"T","06/18/08 16:46:00","07/01/09 11:28:00","06/18/08 12:11:00",,,,,
1197786,96,"08/30/07 02:00:00","11/01/08 00:00:00",290,2500,"H200708",9,"courbe extrapolée suite crue nov 2008 à confirmer
STATION EMPORTEE A LA CRUE DE NOVEMBRE 2008--PAS DE QMJ DU  01/11/2008 AU 15/06/2009","T","07/03/09 00:00:00","07/03/09 14:43:00","06/18/08 11:53:00",,,,,
1197787,96,"11/01/08 00:00:00","11/01/10 04:00:00",120,2510,"H200810",9,"courbe extrapolée suite crue nov 2008 à confirmer
A PARTIR DU 15/06/2009 REMISE EN ROUTE DE LA STATION DE LA SEMENE AU CROUZET--LE RADAR REMPLACE LE FLOTTEUR.OK.","T","04/20/12 16:06:00","05/11/12 15:06:00","06/16/09 00:00:00",,,,,
1197788,96,"10/20/94 00:00:00","11/13/95 00:00:00",300,1200,"essai 2",6,,"T",,"01/19/15 11:31:00","06/07/13 09:58:00",,,,,
1197789,96,"11/13/95 00:00:00","01/19/97 00:00:00",300,1100,"essai 3",7,,"T",,"01/19/15 11:33:00","06/07/13 10:50:00",,,,,
1197790,96,"05/23/02 00:00:00","02/22/04 00:00:00",300,1100,"essai 6",8,,"T",,"01/19/15 11:37:00","06/07/13 10:50:00",,,,,
1197791,96,"02/22/04 00:00:00","05/13/07 00:00:00",300,1100,"essai 7",8,,"T",,"01/19/15 11:38:00","06/07/13 10:50:00",,,,,
1197792,96,"05/13/07 00:00:00","11/03/08 00:00:00",300,1100,"essai 8",8,,"T",,"01/19/15 11:39:00","06/07/13 10:50:00",,,,,
1197793,96,"06/09/00 00:00:00","05/23/02 00:00:00",300,1100,"essai 5",8,"essai LB il sait pas pourquoi ? !!

","T",,"01/19/15 11:48:00","06/07/13 10:50:00",,,,,
1197794,96,"01/19/97 00:00:00","06/09/00 00:00:00",300,1100,"essai 4",8,"

","T",,"01/19/15 11:52:00","06/07/13 10:50:00",,,,,
1197795,96,"11/27/93 00:00:00","06/01/95 00:00:00",400,1100,"ess1",7,"lb
","T",,"01/21/15 10:29:00","01/21/15 10:01:00",,,,,
1197796,96,"06/01/95 00:00:00","06/27/98 00:00:00",330,1100,"ess2",6,"lb
","T",,"01/21/15 11:04:00","01/21/15 10:33:00",,,,,
1197797,96,"06/27/98 00:00:00","01/11/01 00:00:00",400,800,"ess3",6,"lb
","T",,"01/21/15 14:25:00","01/21/15 11:06:00",,,,,
1197798,96,"11/27/93 00:00:00","10/20/94 00:00:00",600,1100,"essai",6,,"T",,"01/21/15 14:30:00","06/06/13 15:32:00",,,,,
1197799,96,"06/09/00 00:00:00","01/01/20 00:00:00",300,1100,"essEH ",8,"


","T",,"01/23/15 14:45:00","06/07/13 10:50:00",,,,,
1197800,96,"11/01/08 00:00:00","11/01/10 04:00:00",120,2510,"H200810LB",9,"courbe extrapolée suite crue nov 2008 à confirmer
A PARTIR DU 15/06/2009 REMISE EN ROUTE DE LA STATION DE LA SEMENE AU CROUZET--LE RADAR REMPLACE LE FLOTTEUR.OK.
nouvelle extrapolation haute vu DB
modifié janvier 2015 

","T","04/20/12 16:06:00","01/23/15 14:58:00","06/16/09 00:00:00",,,,,
1197801,96,"08/30/07 02:00:00","11/01/08 00:00:00",290,2500,"H200708LB",9,"courbe extrapolée suite crue nov 2008 à confirmer
STATION EMPORTEE A LA CRUE DE NOVEMBRE 2008--PAS DE QMJ DU  01/11/2008 AU 15/06/2009
nouvelle extrapolation haute vu PG
modifié janvier 2015 
","T","07/03/09 00:00:00","01/23/15 15:01:00","06/18/08 11:53:00",,,,,
1197802,96,"08/15/06 00:00:00","08/30/07 02:00:00",400,2400,"H200607LB",9,"nouvelle extrapolation haute vu PG
modifié janvier 2015 
","T","06/18/08 16:46:00","01/23/15 15:05:00","06/18/08 12:11:00",,,,,
1197803,96,"12/03/03 00:00:00","08/15/06 00:00:00",230,2400,"H200306LB",8,"nouvelle extrapolation haute vu PG
modifié janvier 2015 
","T","07/12/06 00:00:00","01/23/15 15:07:00","11/28/05 11:10:00",,,,,
1197804,96,"06/10/03 00:00:00","12/03/03 00:00:00",225,2400,"H200303LB",11,"nouvelle extrapolation haute vu PG
modifié janvier 2015 
","T","03/25/04 10:00:00","01/23/15 15:10:00",,,,,,
1197805,96,"11/25/02 00:00:00","06/10/03 00:00:00",225,2560,"H200203LB",8,"nouvelle extrapolation haute vu PG
modifié janvier 2015 
","T",,"01/23/15 15:12:00","03/24/04 09:37:00",,,,,
1197806,96,"01/01/02 00:00:00","11/25/02 00:00:00",400,1200,"H200202LB",7,"nouvelle extrapolation haute vu PG
modifié janvier 2015 

","T",,"01/23/15 15:24:00",,,,,,
1197807,96,"01/11/01 00:00:00","01/01/02 00:00:00",400,1180,"H200102LB",6,"nouvelle extrapolation haute vu PG
modifié janvier 2015 
","T",,"01/23/15 15:26:00",,,,,,
1197808,96,"11/01/10 04:00:00","01/20/17 00:00:00",150,2400,"H201017",9,"le 1/11/2010 à 04:00 h= 1.485 m 
nouvelle reprise de l'extrapolation haute en janvier 2017 vu DB 

","T","04/07/17 11:50:00","04/07/17 11:56:00","06/16/09 00:00:00",,,"H201017 ",0,
1197809,96,"01/20/17 00:00:00","01/01/50 00:00:00",170,2400,"H201750ex",9,"""détarage "" pendant la période de gel de janvier 2017 
septembre 2018 extrapolation tres hautes faite avec Baratin et validé par D.Besson 




","T","10/15/18 16:58:00","08/24/20 10:06:00","06/16/09 00:00:00",,,"H201750",0,
1197810,96,"01/20/17 00:00:00","06/13/20 10:05:00",170,2400,"H201720",9,,"T","08/24/20 10:14:00","08/24/20 11:18:00","06/16/09 00:00:00",,,"H201720",0,
1197811,96,"06/13/20 10:05:00","05/11/21 02:55:00",220,2400,"H202021",10,"le 13/06/2020 a 10:05 h=1.30m 
septembre 2018 extrapolation tres haute faite avec Baratin et validées","T","09/18/20 15:10:00","11/18/21 10:04:00",,,,"H202021",0,
1197812,96,"05/11/21 02:55:00","10/17/24 14:10:00",200,2600,"H202124",8,"le 11/05/2021 a 02:55 h=2.05 m  
le 17/10/2024 a 14:10 h=2.59



","T","01/23/25 15:00:00","01/23/25 15:08:00","06/16/09 00:00:00",,,"H202124",0,
1197813,96,"10/17/24 14:10:00","01/01/50 00:00:00",520,2600,"H202450",6,"le 17/10/2024 a 14:10 h=2.56



","T","01/23/25 15:00:00","01/30/25 15:06:00","01/23/25 15:00:00",,,"H202450",0,
1197814,96,"01/01/18 00:00:00","01/01/50 00:00:00",200,4450,"CT bar inf",100,"h/q baratin : Q min
vu DB","C",,"04/07/22 14:33:00","04/07/22 14:33:00",,,,0,
1197815,96,"01/01/18 00:00:00","01/01/50 00:00:00",200,4450,"CT bar_sup",100,"h/q Baratin: Q max
vu DB ","C",,"04/07/22 14:38:00","04/07/22 14:38:00",,,,0,
1197816,96,"01/01/18 00:00:00","01/01/50 00:00:00",200,4450,"CT bar",100,"h/q Baratin : Qmaxpost
vu DB 
","C",,"04/07/22 14:38:00","04/07/22 14:28:00",,,,0,
1197817,96,"10/01/24 00:00:00","01/01/50 00:00:00",12,5000,"B20245_inf",100,"h/q Baratin : Qmin","C",,,,,,,,
1197818,96,"10/01/24 00:00:00","01/01/50 00:00:00",12,5000,"B20245_sup",100,"h/q Baratin : Qmax","C",,,,,,,,
1197819,96,"10/01/24 00:00:00","01/01/50 00:00:00",12,5000,"B20245",100,"h/q Baratin : Qmaxpost","C",,,,,,,,
1197820,98,"05/01/13 12:30:00","01/30/15 00:00:00",40,1300,"H201315",5,"
","T","06/19/15 11:06:00","02/19/18 11:20:00","01/05/12 00:00:00",,,"H201315",0,
1197821,98,"01/07/16 18:50:00","10/14/16 17:30:00",40,1300,"H201616",6,"
","T","07/21/17 11:47:00","02/19/18 11:17:00","01/05/12 00:00:00",,,"H201616",0,
1197822,98,"01/30/15 00:00:00","01/07/16 18:50:00",40,1300,"H201516",6,"
","T","01/26/17 16:47:00","02/19/18 11:18:00","01/05/12 00:00:00",,,"H201516",0,
1197823,98,"01/05/12 21:00:00","05/01/13 12:30:00",0,1300,"H201213",6,"
","T","06/07/13 15:20:00","02/19/18 11:24:00","01/05/12 00:00:00",,,"H201213",0,
1197824,98,"10/31/10 18:50:00","01/05/12 21:00:00",0,1300,"H201012",5,"

","T","06/07/13 15:19:00","02/19/18 11:25:00","11/03/10 09:00:00",,,"H201012",0,
1197825,98,"04/18/05 19:10:00","10/31/10 18:50:00",0,1300,"H200510",6,"
","T","04/11/12 16:24:00","02/19/18 11:26:00","03/26/10 14:00:00",,,"H200510",0,
1197826,98,"10/14/00 04:50:00","04/18/05 19:10:00",0,1300,"H200005",5,,"T","04/11/12 16:23:00","02/19/18 11:28:00","11/28/05 11:30:00",,,"H200005",0,
1197827,98,"04/27/98 07:59:00","10/14/00 04:50:00",0,1300,"H199800",6,,"T","04/11/12 16:22:00","02/19/18 11:34:00",,,,"H199800",0,
1197828,98,"11/13/96 02:51:00","04/27/98 07:59:00",0,1300,"H199698",6,,"T","04/11/12 16:22:00","02/19/18 11:39:00",,,,"H199698",0,
1197829,98,"06/03/96 00:05:00","11/13/96 02:51:00",0,1300,"H199696",5,,"T","04/11/12 16:21:00","02/19/18 11:40:00",,,,,0,
1197830,98,"10/05/95 08:06:00","06/03/96 00:05:00",0,1300,"H199596",5,,"T","04/11/12 16:20:00","02/19/18 11:45:00",,,,"H199596",0,
1197831,98,"01/10/94 18:40:00","10/05/95 08:06:00",0,1300,"H199495",4,,"T","04/11/12 16:19:00","02/19/18 11:50:00",,,,"H199495",0,
1197832,98,"04/25/86 03:51:00","01/10/94 18:40:00",0,1300,"H198694",5,,"T","04/11/12 16:19:00","02/19/18 11:53:00",,,,"H198694",0,
1197833,98,"05/17/83 12:30:00","04/25/86 03:51:00",0,1300,"H198386",5,,"T","04/11/12 16:17:00","02/19/18 11:54:00",,,,"H198386",0,
1197834,98,"12/16/81 08:15:00","05/17/83 12:30:00",0,1300,"H198183",5,,"T","04/11/12 16:17:00","02/19/18 11:57:00",,,,"H198183",0,
1197835,98,"01/01/73 00:00:00","12/16/81 08:15:00",0,1300,"H197381",5,,"T","04/11/12 16:16:00","02/19/18 11:59:00",,,,"H197381",0,
1197836,98,"10/14/16 00:00:00","12/31/20 00:00:00",12,5000,"POST C_inf",100,"h/q Baratin : Qmin","C",,,,,,,,
1197837,98,"10/14/16 00:00:00","12/31/20 00:00:00",12,5000,"POST C_sup",100,"h/q Baratin : Qmax","C",,,,,,,,
1197838,98,"10/14/16 00:00:00","12/31/20 00:00:00",12,5000,"POST C",100,"h/q Baratin : Qmaxpost","C",,,,,,,,
1197839,98,"10/14/16 17:30:00","06/12/20 16:40:00",70,1300,"H201620",8,"zero écoulement estimé à -8 cm avec cassure à 0

","T","01/28/25 14:00:00","01/28/25 14:19:00","11/01/16 14:00:00",,,"H201620",0,
1197840,98,"06/12/20 16:40:00","12/31/50 00:00:00",20,1300,"H202050",7,"Crue le 12/06/2020 16h40    h:1071mm
zero écoulement estimé à -8 cm avec cassure à 0

","T","01/28/25 14:00:00","01/28/25 14:18:00","01/28/25 14:00:00",,,"H202050",0,
1197841,99,"10/18/24 01:00:00","01/01/50 00:00:00",-1200,5500,"H202450",5,,"T",,"03/19/25 15:52:00","01/13/25 11:48:00",,,"H202450",0,
1197842,99,"04/25/86 14:00:00","05/03/88 01:18:00",-1200,6000,"H198688",11,,"T","01/26/17 16:07:00","03/02/18 14:41:00","12/05/13 11:57:00",,,"H198688",0,
1197843,99,"12/02/84 08:18:00","04/25/86 14:00:00",-1200,6000,"H198486",7,,"T","01/26/17 16:07:00","03/02/18 14:42:00","12/05/13 11:57:00",,,"H198486",0,
1197844,99,"05/30/08 16:40:00","01/04/12 21:43:00",-1300,5500,"H200812",10,"courbe extrapolée suite crue nov 2008 calculs à partir de Feurs","T","01/26/17 15:55:00","03/02/18 14:22:00","09/29/08 00:00:00",,,"H200812",0,
1197845,99,"11/25/02 12:30:00","05/30/08 16:40:00",-1350,5500,"H200208",9,,"T","01/26/17 15:56:00","03/02/18 14:25:00","07/09/04 15:45:00",,,"H200208",0,
1197846,99,"05/05/01 17:10:00","11/25/02 12:30:00",-1250,5500,"H200102",9,,"T","01/26/17 15:58:00","03/02/18 14:27:00",,,,"H200102",0,
1197847,99,"05/18/99 18:31:00","05/05/01 17:10:00",-1300,5500,"H199901",9,,"T","01/26/17 15:59:00","03/02/18 14:28:00",,,,"H199901",0,
1197848,99,"05/01/98 02:00:00","05/18/99 18:31:00",-1300,5500,"H199899",8,,"T","01/26/17 16:00:00","03/02/18 14:30:00",,,,"H199899",0,
1197849,99,"11/13/96 15:15:00","05/01/98 02:00:00",-1300,5500,"H199698",9,,"T","01/26/17 16:01:00","03/02/18 14:32:00",,,,"H199698",0,
1197850,99,"04/26/95 12:04:00","11/13/96 15:15:00",-1290,5500,"H199596",8,,"T","01/26/17 16:03:00","03/02/18 14:33:00",,,,"H199596",0,
1197851,99,"10/17/93 19:22:00","04/26/95 12:04:00",-1320,5500,"H199395",8,,"T","01/26/17 16:05:00","03/02/18 14:34:00",,,,"H199395",0,
1197852,99,"05/03/88 01:18:00","10/17/93 19:22:00",-1320,5500,"H198893",9,,"T","01/26/17 16:06:00","03/02/18 14:36:00",,,,"H198893",0,
1197853,99,"12/08/82 07:30:00","12/02/84 08:18:00",-1200,6000,"H198284",8,,"T","01/26/17 16:08:00","03/02/18 14:44:00","12/05/13 11:57:00",,,"H198284",0,
1197854,99,"07/31/82 20:00:00","12/08/82 07:30:00",-1200,6000,"H198282",9,,"T","01/26/17 16:10:00","03/02/18 14:45:00","12/05/13 11:57:00",,,"H198282",0,
1197855,99,"01/01/80 00:00:00","01/01/81 00:00:00",-900,6000,"H198081",9,,"T","01/26/17 16:12:00","03/02/18 14:48:00","12/05/13 11:57:00",,,"H198081",0,
1197856,99,"01/01/79 00:00:00","01/01/80 00:00:00",-900,6000,"H197980",9,,"T","01/26/17 16:13:00","03/02/18 14:50:00","12/05/13 11:57:00",,,"H197980",0,
1197857,99,"01/01/81 00:00:00","07/31/82 20:00:00",-1200,6000,"H198182",8,,"T","01/26/17 16:12:00","03/02/18 15:35:00","12/05/13 11:57:00",,,"H198182",0,
1197858,99,"01/20/14 07:20:00","11/05/14 16:05:00",-1100,5500,"H201414",8,,"T","01/26/17 15:53:00","03/02/18 14:10:00","08/27/09 00:00:00",,,"H201414",0,
1197859,99,"05/19/13 11:55:00","01/20/14 07:20:00",-1300,5500,"H201314",8,,"T","01/26/17 15:54:00","03/02/18 14:15:00","08/27/09 00:00:00",,,"H201314",0,
1197860,99,"01/04/12 21:43:00","05/19/13 11:55:00",-1300,5500,"H201213",8,"courbe extrapolée suite crue nov 2008 calculs à partir de Feurs.

","T","01/26/17 15:55:00","03/02/18 14:16:00","08/27/09 00:00:00",,,"H201213",0,
1197861,99,"11/05/14 16:05:00","11/23/16 07:17:00",-1280,5500,"H201416",8,,"T","01/26/17 15:53:00","12/02/19 14:55:00","08/27/09 00:00:00",,,"H201416",0,
1197862,99,"11/23/16 07:17:00","06/13/20 07:00:00",-1320,5500,"H201620",12,,"T","08/24/20 16:14:00","08/24/20 16:15:00","08/27/09 00:00:00",,,"H201620",0,
1197863,99,"06/13/20 07:00:00","10/18/24 01:00:00",-1200,5500,"H202024",11,,"T","11/13/20 13:59:00","01/13/25 09:49:00","07/09/20 16:15:00",,,"H202024",0,
1197864,99,"06/13/20 07:00:00","01/01/50 00:00:00",-1200,5500,"exH202050",11,,"T","11/13/20 13:59:00","01/17/25 15:33:00","07/09/20 16:15:00",,,"exH202050",0,
1197865,100,"11/27/93 00:00:00","11/06/94 06:18:00",-1450,4340,"H199394",8,,"T","01/25/13 15:16:00","01/25/13 15:16:00",,,,,,
1197866,100,"11/06/94 06:18:00","11/13/96 18:17:00",-1450,4340,"H199496",8,,"T","01/25/13 15:17:00","01/25/13 15:17:00",,,,,,
1197867,100,"11/13/96 18:17:00","05/01/98 15:54:00",-1450,4340,"H199698",7,,"T","01/25/13 15:18:00","01/25/13 15:18:00",,,,,,
1197868,100,"05/01/98 15:54:00","02/22/99 11:09:00",-1450,4340,"H199899",7,,"T","01/25/13 15:18:00","01/25/13 15:18:00",,,,,,
1197869,100,"02/22/99 11:09:00","05/18/99 22:51:00",-1450,4340,"H199999",7,,"T","01/25/13 15:19:00","01/25/13 15:19:00",,,,,,
1197870,100,"05/18/99 22:51:00","05/05/01 16:50:00",-1650,4340,"H199901",7,,"T","01/25/13 15:19:00","01/25/13 15:20:00",,,,,,
1197871,100,"05/05/01 16:50:00","12/03/03 00:00:00",-1450,4340,"H200103",7,,"T","01/25/13 15:21:00","01/25/13 15:21:00",,,,,,
1197872,100,"12/03/03 00:00:00","04/17/05 17:49:00",-1740,4300,"H200305",7,,"T","01/25/13 15:21:00","01/25/13 15:21:00","11/09/05 11:00:00",,,,,
1197873,100,"04/17/05 17:49:00","06/01/07 00:00:00",-1740,4300,"H200507",8,,"T","01/25/13 15:22:00","01/25/13 15:22:00","11/09/05 11:00:00",,,,,
1197874,100,"06/01/07 00:00:00","11/02/08 20:00:00",-1740,4300,"H200708",8,,"T","01/25/13 15:22:00","01/25/13 15:22:00","11/09/05 11:00:00",,,,,
1197875,100,"11/02/08 20:00:00","11/13/08 10:30:00",-1450,5300,"H200808",8,"nouvelle courbe suite crue","T","01/25/13 15:23:00","01/25/13 15:23:00","11/09/05 11:00:00",,,,,
1197876,100,"11/13/08 10:30:00","08/14/09 14:50:00",-1450,5300,"H200809",8,,"T","06/07/13 15:24:00","06/07/13 15:25:00","11/09/05 11:00:00",,,,,
1197877,100,"08/14/09 14:50:00","06/26/10 06:30:00",-1450,5300,"H200910",8,"courbe extrapolée suite crue nov 2008 
LE JAUGEAGE N- 178 FAIT AVEC L'ECOULEMENT NORMAL DU BARRAGE","T","06/07/13 15:25:00","06/07/13 15:25:00","11/09/05 11:00:00",,,,,
1197878,100,"06/26/10 06:30:00","10/28/10 06:00:00",-1450,5300,"H201010",8,"courbe extrapolée suite crue nov 2008 
","T","06/07/13 15:26:00","06/07/13 15:26:00","11/03/10 10:30:00",,,,,
1197879,100,"10/28/10 06:00:00","06/27/11 14:00:00",-1450,5300,"H201011",7,"courbe extrapolée suite crue nov 2008 
","T","06/07/13 15:26:00","06/07/13 15:27:00","04/15/11 10:30:00",,,,,
1197880,100,"06/27/11 14:00:00","11/05/11 08:39:00",-1450,5300,"H201111",9,"courbe extrapolée suite crue nov 2008 
","T","06/07/13 15:27:00","06/07/13 15:27:00","04/15/11 10:30:00",,,,,
1197881,100,"11/05/11 08:39:00","01/04/12 04:09:00",-1450,5300,"H201112",7,"courbe extrapolée suite crue nov 2008 
","T","06/07/13 15:28:00","06/07/13 15:28:00","04/15/11 10:30:00",,,,,
1197882,100,"01/04/12 04:09:00","04/30/12 14:15:00",-1450,5300,"H201212",7,"courbe extrapolée suite crue nov 2008 
","T","04/11/14 14:27:00","04/11/14 14:27:00","04/15/11 10:30:00",,,,,
1197883,100,"04/30/12 14:15:00","09/24/13 09:38:00",-1450,5300,"H201213",7,"
","T","04/11/14 14:28:00","04/11/14 14:28:00","04/15/11 10:30:00",,,,,
1039498,432,"04/01/23 00:00:00","12/12/23 07:05:00",200,1400,"H202323",10,,"T","07/21/23 16:48:00","07/18/24 10:51:00","06/19/23 11:00:00",,,"H202323",0,
1039506,15,"11/27/19 00:00:00","07/31/21 00:00:00",-360,1300,"H201921",8,,"T","04/23/21 10:33:00","07/18/24 15:38:00","11/17/14 10:00:00",,,"H201921",0,
1039511,15,"07/31/21 00:00:00","12/12/22 13:30:00",-360,1000,"H202123",5,,"T","09/18/23 16:59:00","07/18/24 17:17:00","11/17/14 10:00:00",,,"H202123",0,"Modif DB en considérant que le jaugeage du 5 janvier n°255 était sous influence de Loire"
1042965,413,"02/13/22 06:00:00","01/18/23 05:40:00",1060,3600,"H202223",9,,"T","07/25/24 13:43:00","07/25/24 14:10:00","05/02/22 14:00:00",,,"H202223",0,"Fin des travaux sur la rive gauche."
1042967,413,"01/01/18 00:00:00","02/09/21 05:00:00",1050,3600,"H201821",11,,"T","07/25/24 13:40:00","07/25/24 14:55:00",,,,"H201821",0,
1042968,413,"02/09/21 05:00:00","02/13/22 06:00:00",1050,3600,"H202122",9,,"T","07/25/24 13:47:00","07/25/24 15:10:00",,,,"H202122",0,
1042973,365,"11/03/16 03:20:00","01/03/20 10:00:00",-520,4020,"H201620",11,,"T","07/26/24 15:21:00","07/26/24 15:28:00","01/16/17 11:00:00",,,"H201620",0,"
Chgt courbe suite au nettoyage pile de l' ancien pont en aval"
1042974,365,"01/03/20 10:00:00","01/01/22 09:00:00",-620,4020,"H202022",13,,"T","07/26/24 15:22:00","07/26/24 15:28:00",,,,"H202022",0,
1046417,33,"05/01/21 00:00:00","11/21/21 00:00:00",-30,4500,"H202121",9,,"T","07/29/24 15:14:00","07/29/24 15:14:00","08/09/21 12:00:00",,,"H202121",0,"Courbe d'été - forte variations du débit et influence aval ."
1046418,33,"08/25/18 09:00:00","05/22/20 06:50:00",-30,4500,"H201820",11,,"T","07/29/24 15:13:00","07/29/24 15:29:00","08/31/18 13:00:00",,,"H201820",0," changement suite detarage bas de ct"
1046419,33,"05/22/20 06:50:00","05/01/21 00:00:00",-30,4500,"H202030",11,,"T","07/29/24 15:14:00","07/29/24 15:30:00","07/06/20 10:00:00",,,"H202030",0," changement suite detarage bas de ct"
1049908,365,"01/01/13 00:00:00","05/21/14 12:00:00",-500,4000,"H201314",11,"démarrage station 
Septembre 2013","T",,,,,,"H201314",,
1049914,84,"03/17/24 00:00:00","01/01/50 00:00:00",-210,2750,"H202350",9,,"T","08/06/24 10:52:00","08/12/24 11:13:00","09/18/23 10:00:00",,,"H202350",0,"Détarage bas de courbe suite à un coup d'eau 03/2024"
1055430,569,"06/27/22 12:00:00","02/11/23 15:00:00",450,3200,"H202223",7,,"T","08/14/24 16:02:00","08/14/24 16:04:00","08/14/24 16:02:00",450,3200,"H202223",0,
1055431,569,"11/01/21 00:00:00","06/27/22 12:00:00",450,3200,"H202122",5,,"T","08/14/24 16:05:00","08/14/24 16:05:00","08/14/24 16:05:00",,,"H202122",0,
1066462,587,"01/01/23 00:00:00","01/01/24 00:00:00",200,1000,"H202324",6,,"T","08/26/24 11:05:00","08/26/24 11:05:00","01/01/23 00:00:00",,,"H202324",0,"Courbe en test. Mise en PHyC le 6/12/2023 pour un début de diffusion !!! Avec  un 1er Baratinage
MAJ supervision jaugeage crue 23/2/24 DB"
1066466,231,"01/19/23 00:00:00","06/23/24 08:15:00",-200,1500,"H202324",10,"Nouvelle CT après travaux ","T","05/24/24 10:07:00","08/26/24 15:47:00","06/19/23 10:00:00",,,"H202324",0,"le début de validité correspond à la petite crue 01/2023 ( démolition partielle du barrage de castors)
"
1066486,15,"12/12/22 13:30:00","09/22/23 15:10:00",-360,1000,"H202323",5,,"T","09/18/23 16:56:00","08/29/24 09:54:00","09/18/23 16:00:00",,,"H202323",0,"Ajustement de la CT en basse eaux"
1069970,350,"07/08/23 03:15:00","08/09/24 01:00:00",100,3900,"H202324",9,,"T","09/02/24 16:46:00","09/02/24 16:47:00","07/24/23 17:38:00",,,"H202324",0,"nouvelle courbe qui correspond au retour à une courbe de 2017. Point de cassure de la CT à 2,80m (hauteur de débordement sur le chemin)."
1069981,55,"10/02/22 00:00:00","06/04/24 00:00:00",-1800,7000,"H202224",7,,"T","09/06/24 12:17:00","09/06/24 12:18:00","09/22/22 00:00:00",-1800,7000,"H202224",0,"ajustement bas  CT suite jaugeage 19/10/22

"
1069994,336,"10/11/21 12:00:00","10/11/22 11:59:00",0,2600,"H202122",12,,"T","11/04/22 14:42:00","09/09/24 08:06:00","11/04/22 14:30:00",,,"H202122",0,"Détarage travaux"
1069998,77,"11/16/23 00:02:00","04/07/24 19:59:00",-2100,7000,"H202324",11,,"T","11/17/23 14:00:00","09/09/24 15:41:00","11/17/23 14:00:00",,,"H202324",0,"Le début de validité correspond au détarage "
1071706,313,"10/01/09 00:00:00","08/08/13 00:00:00",200,2800,"H200913",7,,"T","06/04/12 15:18:00","10/25/13 15:02:00","11/12/07 15:18:00",,,,,
1071707,313,"12/10/06 15:00:00","10/01/09 00:00:00",200,2400,"H200609",8,,"T","01/25/10 14:59:00","03/02/15 08:52:00","11/12/07 15:18:00",,,,,
1071708,313,"03/01/06 00:00:00","12/10/06 00:00:00",200,2200,"H200606",10,,"T","05/06/08 15:46:00","03/02/15 08:56:00","11/12/07 15:18:00",,,,,
1071709,313,"04/16/05 00:00:00","03/01/06 00:00:00",190,1500,"sp042005",18,,"C",,"03/02/15 09:08:00",,,,,,
1071710,313,"09/29/03 00:00:00","01/23/05 00:00:00",200,1000,"SPOCT03",13,,"C",,"03/02/15 09:20:00",,,,,,
1071711,313,"05/30/01 00:00:00","09/29/03 00:00:00",250,1000,"30052001",14,,"C",,"03/02/15 10:01:00",,,,,,
1071712,313,"08/15/98 00:00:00","12/31/00 00:00:00",280,1850,"C9899",7,,"T",,"03/02/15 10:06:00",,,,,,
1071713,313,"05/15/97 00:00:00","11/30/97 00:00:00",260,1900,"C9797",6,,"T",,"03/02/15 10:13:00",,,,,,
1071714,313,"07/11/96 00:00:00","05/15/97 00:00:00",320,1500,"C9697",6,,"T",,"03/02/15 10:15:00",,,,,,
1071715,313,"01/01/94 00:00:00","07/11/96 00:00:00",310,1500,"C9496",6,,"T",,"03/02/15 10:17:00",,,,,,
1071716,313,"01/23/05 00:00:00","04/16/05 00:00:00",190,1500,"SP2005",13,,"C",,"03/02/15 10:27:00",,,,,,
1071717,313,"12/18/14 14:45:00","01/25/16 00:00:00",200,2800,"H201416",8,,"T","03/18/16 15:44:00","10/15/21 11:24:00","12/18/14 00:00:00",,,"H201416",0,
1071718,313,"01/04/18 00:00:00","05/03/20 00:00:00",200,2700,"H201820",12,,"T","08/30/19 11:23:00","10/15/21 10:40:00","04/18/16 00:00:00",,,"H201820",0,
1071719,313,"01/25/16 00:00:00","01/04/18 00:00:00",200,2700,"H201618",10,"Extrapolation à 3.00m demande SPC.","T","01/15/18 11:18:00","10/15/21 11:16:00","04/18/16 00:00:00",,,"H201618",0,
1071720,313,"08/08/13 00:00:00","12/18/14 14:45:00",200,2700,"H201314",7,,"T","07/10/15 10:33:00","10/15/21 11:25:00","11/12/07 15:18:00",,,"H201314",0,
1071721,313,"05/03/20 00:00:00","01/01/22 00:00:00",200,2800,"H2020-22",12,,"T","02/25/22 14:39:00","06/23/22 15:03:00","04/18/16 00:00:00",,,"H2020-22",0,
1071723,312,"01/01/74 00:00:00","01/01/75 00:00:00",0,2200,"C9842",47,,"C",,,,,,"C9842",,
1071724,312,"01/01/75 00:00:00","01/01/76 00:00:00",300,2200,"C9843",30,,"C",,,,,,"C9843",,
1071725,312,"01/01/76 00:00:00","01/01/80 00:00:00",240,2500,"C9844",36,,"C",,,,,,"C9844",,
1071726,312,"01/01/80 00:00:00","07/29/82 00:00:00",300,1500,"C9845",33,,"C",,,,,,"C9845",,
1071727,312,"07/29/82 00:00:00","12/31/82 00:00:00",200,2500,"C9846",24,,"C",,,,,,"C9846",,
1071728,312,"12/31/82 00:00:00","06/13/91 00:00:00",300,1500,"C9847",33,,"C",,,,,,"C9847",,
1071729,312,"06/13/91 00:00:00","04/05/92 00:00:00",300,1500,"C9848",33,,"C",,,,,,"C9848",,
1071730,312,"04/05/92 00:00:00","01/12/95 00:00:00",200,1500,"C9849",18,,"C",,,,,,"C9849",,
1071731,312,"01/12/95 00:00:00","01/01/01 00:00:00",100,1500,"C9850",17,,"C",,,,,,"C9850",,
1071732,312,"01/01/01 00:00:00","01/21/04 00:00:00",100,1000,"c9851",17,,"C",,,,,,"c9851",,
1071733,312,"01/21/04 00:00:00","05/01/04 00:00:00",150,1000,"breuil4",17,,"C",,,,,,"breuil4",,
1071734,312,"05/01/04 00:00:00","01/24/05 00:00:00",200,1000,"BR4A",17,,"C",,,,,,"BR4A",,
1071735,312,"01/24/05 00:00:00","07/01/06 00:00:00",100,2200,"BR2005",18,,"C",,,,,,"BR2005",,
1071736,312,"07/01/06 00:00:00","03/01/08 00:00:00",100,2200,"H200608",35,,"C",,,,,,"H200608",,
1071737,312,"03/01/08 00:00:00","12/30/09 04:00:00",100,2200,"H200809",36,"arrêt de cette courbe suite à la nouvelle échelle en amont et du changement de capteur et de son emplacement le 26/11/2009 15:00","C",,,,,,"H200809",,
1071738,312,"12/30/09 04:00:00","12/01/10 04:00:00",200,2000,"H200910",38,"nouvelle courbe étiage provisoire pour 2010 avec un seul jaugeage du 09/12/2009 n°= 71 bis (changement d'échelle).","C",,,,,,"H200910",,
1071739,312,"12/01/10 04:00:00","01/01/12 06:00:00",200,2000,"H201012",32,,"C",,,,,,"H201012",,
1071740,312,"01/01/12 06:00:00","05/25/12 10:00:00",200,3000,"H201212",28,"Courbe influencée par un tronc d'arbre en aval de l'échelle relevant le niveau de l'eau de 30 à 40cm.","C",,,,,,"H201212",,
1071741,312,"05/25/12 10:00:00","09/01/12 00:00:00",200,3000,"H201212i",30,"Courbe influencée par un tronc d'arbre en aval de l'échelle relevant le niveau de l'eau de 30 à 40cm en haute eau uniquement sup à 15m3.","C",,,,,,"H201212i",,
1071742,312,"09/01/12 00:00:00","06/01/13 00:00:00",200,2200,"H201013",7,,"T",,,,,,"H201013",,
1071743,312,"06/01/13 00:00:00","01/01/16 00:00:00",160,2200,"H201316",8,,"T",,,,,,"H201316",,
1071744,312,"01/01/16 00:00:00","02/01/19 00:00:00",120,2200,"H201619",8,,"T",,,,,,"H201619",,
1071745,312,"02/01/19 00:00:00","06/13/20 00:00:00",120,2200,"H201920",7,,"T",,,,,,"H201920",,
1071746,312,"06/13/20 00:00:00","01/17/21 00:00:00",120,2200,"H202021",7,"Zéro écoulement autour de 12 cm à l'échelle.","T",,,,,,"H202021",,
1071747,312,"01/17/21 00:00:00","05/14/23 00:00:00",120,2200,"H202123",7,"Zéro écoulement autour de 12 cm à l'échelle.","T","03/09/23 13:21:00","07/28/23 10:38:00","01/17/21 00:00:00",,,"H202123",0,
1071749,420,"06/28/20 00:00:00","01/14/21 00:00:00",10,1000,"H202021",9,"Courbe en construction","T","02/05/21 11:01:00","02/25/22 16:36:00","01/01/18 00:00:00",,,"H202021",0,
1071750,420,"09/01/18 00:00:00","12/09/19 00:00:00",-30,200,"H201819",6,"Courbe en construction","T","12/12/19 11:18:00","06/05/20 15:43:00","01/01/18 00:00:00",,,"H201819",0,
1071751,420,"12/09/19 00:00:00","06/28/20 00:00:00",-30,200,"H201920",6,"Courbe en construction","T","07/02/20 11:40:00","01/28/21 16:02:00","01/01/18 00:00:00",,,"H201920",0,
1071752,420,"01/14/21 00:00:00","06/28/21 00:00:00",10,1000,"H202121",7,,"T","04/23/21 14:25:00","02/25/22 16:34:00","01/01/18 00:00:00",,,"H202121",0,
1071753,420,"06/27/22 07:10:00","12/27/22 14:00:00",-50,1700,"H202222",9,"Suite au détarage, création d'une nouvelle courbe aprés la crue du 27/06/2022.
","T",,"01/09/24 11:37:00","09/21/22 12:00:00",,,"H202222",0,
1071754,420,"06/28/21 00:00:00","06/27/22 07:10:00",-60,1600,"H202122",7,"Détarage suite à la crue du 28/06/2021 courbe en reconstruction.
Extrapolation haute D BESSON car Données TR hors CT, jaugageage laissé à 10 % car à la descente","T","09/21/22 16:06:00","01/09/24 11:52:00","01/01/18 00:00:00",,,"H202122",0,
1071755,420,"12/27/22 14:00:00","03/10/24 03:00:00",-75,1700,"H2022-24",9,"
","T","05/24/24 11:10:00","05/24/24 11:19:00","09/21/22 12:00:00",,,"H2022-24",0,"Création d'une nouvelle courbe à partir du 27/12/2022 -> nettoyage des embacles en aval de la station.
Zéro écoulement à -4.3 cm"
1071975,20,"01/01/97 00:00:00","08/17/98 00:00:00",200,2660,"C9798",5,,"T",,,,,,,,
1071976,20,"08/17/98 00:00:00","12/01/99 00:00:00",250,3150,"H199899",6,,"T",,,,,,,,
1071977,20,"12/01/99 00:00:00","10/04/00 00:00:00",250,3150,"H199900",5,,"T",,,,,,,,
1071978,20,"10/04/00 00:00:00","11/27/02 00:00:00",140,3150,"H200002",6,,"T",,,,,,,,
1071979,20,"11/27/02 00:00:00","12/03/03 00:00:00",0,3400,"H200205",7,,"T",,"03/11/04 17:37:00","01/14/04 00:00:00",,,,,
1071980,20,"12/03/03 00:00:00","03/01/05 00:00:00",10,3400,"H200305",4,,"T",,"04/12/06 10:43:00","04/12/06 00:00:00",,,,,
1071981,20,"03/01/05 00:00:00","01/01/06 00:00:00",10,3400,"H200506",5,,"T",,"11/13/07 10:31:00","04/12/06 00:00:00",,,,,
1071982,20,"01/01/06 00:00:00","11/03/08 00:00:00",200,3000,"H200608",8,,"T","09/15/09 14:27:00","10/06/10 09:49:00","11/13/07 10:11:00",,,,,
1071983,20,"11/03/08 00:00:00","05/23/12 20:00:00",100,3830,"H200812",9,,"T","05/29/12 14:33:00","07/27/12 14:27:00","11/13/07 10:11:00",,,,,
1071984,20,"05/23/12 20:00:00","07/04/13 00:00:00",100,3830,"H201213",7,"Nouvelle courbe suite à jaugeages du 23 et 24/05/2012 (bornes d'incertitude haut rallongées pour débits 140 m3/s)","T","07/27/12 14:21:00","12/04/13 11:00:00","11/13/07 10:11:00",,,,,
1071985,20,"01/01/15 00:00:00","06/01/16 00:00:00",100,3830,"H201516",10,"Changement appareil (radar le 20/08/2013)
Important travaux dans le lit de la riviere mi-octobre 2014 arrêt des données.
Fin des travaux début décembre 2014. reprise des données en janvier 2015.","T","12/04/15 11:41:00","08/05/16 09:58:00","01/01/15 10:11:00",,,"H201516",0,
1071986,20,"07/04/13 00:00:00","01/01/15 00:00:00",100,3830,"H201315",10,"Changement appareil (radar le 20/08/2013)
Important travaux dans le lit de la riviere début du mois d'octobre 2014 arrêt des données.
Fin des travaux  mi décembre 2014. reprise des données en janvier 2015.","T","02/20/14 15:18:00","08/05/16 10:02:00","11/13/07 10:11:00",,,"H201315",0,
1071987,20,"06/01/16 00:00:00","11/23/16 00:00:00",100,3830,"H201616",9,,"T","01/20/17 14:06:00","03/20/18 08:36:00","01/01/15 10:11:00",,,"H201616",0,
1071988,20,"11/23/16 00:00:00","05/15/18 00:00:00",100,3830,"H201618",12,"Extrapolation à 4.00m demande SPC...","T","03/20/18 08:32:00","06/04/18 15:21:00","01/01/15 10:11:00",,,"H201618",0,
1071989,20,"05/15/18 00:00:00","12/28/19 00:00:00",100,3830,"H201819",13,"Extrapolation à 4.00m demande SPC...","T","08/09/19 09:04:00","04/04/22 14:39:00","01/01/15 10:11:00",,,"H201819",0,
1071990,20,"12/28/19 00:00:00","01/19/21 00:00:00",100,3830,"H201921",12,"- Extrapolation à 4.00m demande SPC...","T","01/21/21 15:20:00","04/04/22 14:31:00","01/01/15 10:11:00",,,"H201921",0,
1073465,192,"12/25/22 10:00:00","11/09/23 11:42:00",50,2380,"H202223",10,,"T","09/11/24 09:12:00","09/11/24 09:12:00","01/12/13 09:35:00",,,"H202223",0,"Nouvelle courbe non influencée suite à la montée d'eau de décembre 2022 nettoyage du seuil de controle."
1073466,192,"11/09/23 11:42:00","01/01/50 00:00:00",50,2380,"H202350",10,,"T","09/11/24 09:13:00","09/11/24 09:13:00","01/12/13 09:35:00",,,"H202350",0,"Nouvelle courbe non influencée suite à la montée d'eau de décembre 2022 nettoyage du seuil de controle."
1073473,298,"01/01/07 00:00:00","01/25/09 00:00:00",-50,2500,"H200720F",10,,"T","08/28/09 10:47:00","09/12/24 12:18:00","07/05/07 15:24:00",,,"H200720F",0,"La début de validité correspond au début de l'année des premiers jaugeages
La fin de validité correspond au détarage suite à la crue du 25/01/2009"
1073474,298,"01/25/09 00:00:00","07/22/10 00:00:00",-50,2500,"H200920F",11,,"T","05/09/11 12:19:00","09/12/24 12:19:00","08/28/09 10:40:00",,,"H200920F",0,"La début de validité correspond au détarage suite à la crue du 25/01/2009
La fin de validité correspond à un détarage encore non expliqué"
1073475,298,"07/22/10 00:00:00","01/01/12 00:00:00",-50,2500,"H201020P",13,,"T","08/31/12 11:00:00","09/12/24 12:20:00","05/09/11 11:00:00",,,"H201020P",0,"La début de validité correspond à un détarage encore non expliqué
La fin de validité correspond au détarage suite à la crue du 01/01/2012"
1073476,298,"01/01/12 00:00:00","02/03/13 00:00:00",-50,2500,"H201220F",13,,"T","02/15/13 15:52:00","09/12/24 12:22:00","08/31/12 11:00:00",,,"H201220F",0,"La début de validité correspond au détarage suite à la crue du 01/01/2012"
1073477,298,"02/03/13 00:00:00","11/22/13 00:00:00",-50,2500,"H2013131",15,,"T","11/22/13 12:09:00","09/12/24 12:23:00","04/24/13 11:44:00",,,"H2013131",0,"La début de validité correspond au détarage suite à la crue du 02/02/2013
"
1073478,298,"11/22/13 00:00:00","01/30/15 12:00:00",-50,2500,"H201320",15,,"T","02/06/15 16:00:00","09/12/24 12:24:00","02/28/14 11:16:00",,,"H201320",0,"Le début de validité correspond au détarage suite à la crue du 22/11/2013
La fin de validité correspond au détarage suite à la crue du 30/01/2015

"
1073479,298,"01/30/15 12:00:00","08/09/15 07:00:00",-50,2500,"H2015151",14,,"T","12/04/15 09:00:00","09/12/24 12:25:00","04/29/15 13:00:00",,,"H2015151",0,"Le début de validité correspond au détarage suite à la crue du 30/01/2015
La fin de validité correspond au détarage suite à une petite montée pendant l'étiage

"
1073480,298,"08/09/15 07:00:00","03/07/17 00:00:00",-50,2500,"H201520",14,,"T","02/03/17 13:50:00","09/12/24 12:26:00","12/01/15 09:00:00",,,"H201520",0,"Le début de validité correspond au détarage suite à une petite montée pendant l'étiage
La fin de validité correspond au détarage suite à la crue du 07/03/2017
"
1073481,298,"03/07/17 00:00:00","06/09/18 00:00:00",-50,2500,"H201720",14,,"T","04/27/18 09:50:00","09/12/24 12:27:00","05/15/17 16:00:00",,,"H201720",0,"Le début de validité correspond au détarage suite à la crue du 07/03/2017
La fin de validité correspond au détarage suite à la crue du 09/06/2018
"
1073482,298,"06/09/18 00:00:00","12/30/19 00:00:00",-60,2500,"H201819",14,,"T","10/02/20 16:09:00","09/12/24 12:29:00","10/09/18 16:00:00",,,"H201819",0,"Le début de validité correspond au détarage suite à la crue du 09/06/2018
"
1073483,298,"12/30/19 00:00:00","11/01/21 07:00:00",-130,2550,"H201921",15,,"T",,"09/12/24 12:30:00",,,,"H201921",0,"Le début de validité correspond au détarage suite à la petite crue décembre 2019"
1073484,298,"11/01/21 07:00:00","06/04/22 09:30:00",-75,2550,"H202122",12,,"T",,"09/12/24 12:31:00",,,,"H202122",0,"Le début de validité suite aux jaugeages depuis le mois de novembre 2021
"
1073485,298,"06/04/22 09:30:00","04/16/23 00:00:00",-120,2550,"H202223",11,,"T","02/24/23 12:06:00","09/12/24 12:38:00","06/14/22 12:00:00",,,"H202223",0,"Le début de validité suite aux jaugeages d'étiages mois de juin 2022 
"
1073494,397,"11/21/23 12:00:00","06/20/24 00:00:00",-650,0,"H202424",4,,"T","01/28/22 13:33:00","09/13/24 10:36:00","04/19/24 12:00:00",,,"H202424",0,"Courbe provisoire en corrélation avec la station débit entre 1 et 20m3/s"
1073495,397,"01/01/17 00:00:00","11/21/23 12:00:00",-650,0,"H201723",4,,"T","01/28/22 13:33:00","09/13/24 10:36:00","12/18/17 00:00:00",,,"H201723",0,"Courbe provisoire en corrélation avec la station débit entre 1 et 20m3/s"
1073499,247,"01/01/22 00:00:00","12/25/22 18:00:00",190,1800,"H202222",9,,"T","09/13/24 14:11:00","09/13/24 14:11:00","12/10/10 16:25:00",,,"H202222",0," Détarage suite à la crue de Décembre2021."
1073500,247,"01/06/19 00:00:00","01/01/22 00:00:00",190,1800,"H201922",9,,"T","09/13/24 14:13:00","09/13/24 14:14:00","12/10/10 16:25:00",,,"H201922",0,"Courbe rajeunie."
1073501,247,"12/31/15 00:00:00","01/06/19 00:00:00",190,1800,"H201519",8,,"T","09/13/24 14:15:00","09/13/24 14:15:00","12/10/10 16:25:00",,,"H201519",0,"Courbe rajeunie."
1073502,247,"12/10/10 19:30:00","12/31/15 00:00:00",330,1800,"H201015",8,,"T","09/13/24 14:17:00","09/13/24 14:17:00","12/10/10 16:25:00",,,"H201015",0,
1073503,247,"01/26/09 00:00:00","12/10/10 19:30:00",400,1750,"H200910",6,,"T","04/01/11 16:00:00","09/13/24 14:18:00","08/12/09 16:25:00",,,"H200910",0,"modification courbe suite à crue de janvier 2009"
1073504,247,"01/08/08 00:00:00","01/26/09 00:00:00",400,1750,"H200809g",6,,"T",,"09/13/24 14:20:00","08/12/09 16:21:00",,,"H200809g",0,"Modification courbe suite à crue de janvier 2008"
1073505,247,"05/09/06 00:00:00","01/08/08 00:00:00",400,1750,"H200608g",6,,"T",,"09/13/24 14:21:00","08/12/09 16:31:00",,,,0,"Extrapolation supérieure( jusqu'à la mise en charge)construite à partir des lois hydrauliques sur la section de référence"
1073506,247,"01/20/04 00:00:00","05/09/06 00:00:00",350,1500,"00008",21,,"C","10/29/07 15:00:00","09/13/24 14:30:00",,,,"H200406",0,"Modification du controle suite à crue du mois de janvier 2004. Ajustement basses eaux, transmis sur Hydro le 15/05/2006"
1073507,247,"01/06/03 00:00:00","01/20/04 00:00:00",350,1500,"00007",23,,"C",,"09/13/24 15:12:00",,,,"H200304",0,"modification légère du contrôle depuis la crue du 06/01/2003
TRANSMISE SUR HYDRO le 14/08/2003"
1073508,247,"07/01/01 00:00:00","01/06/03 00:00:00",350,1500,"00006",21,,"C",,"09/13/24 15:14:00",,,,"H200103",0,"Détarage suite à mouvement des pierres sur le seuil. Transmis sur HYDRO le 07/08/2002. Extrapolation sup suite crue 01/2003, transmis le 08/01/2003."
1073511,247,"11/01/99 00:00:00","07/01/01 00:00:00",350,1400,"00005",18,,"C",,"09/13/24 15:23:00",,,,"H199901",0,"Ajustement moyennes et hautes eaux, aprés travaux sur seuil. Transmis sur hydro le 13/04/2001."
1073512,247,"03/11/99 00:00:00","11/01/99 00:00:00",350,1250,"00004",21,,"C",,"09/13/24 15:28:00",,,,"H199999",0,"ajustement bas de C.T. 1999 (creusement en RG depuis crue) transmis sur HYDRO le 29/03/2001. Ajustement extrapolation supérieure transmis sur HYDRO le 13/04/2001."
1073514,247,"08/20/98 00:00:00","03/11/99 00:00:00",400,1250,"00003",18,,"C",,"09/13/24 15:40:00",,,,"H199899",0,"Courbe de tarage modifiée suite à crue et affouillement rive gauche du seuil,
transmise sur HYDRO le 29/03/2001. Ajustement extrapolation supérieure transmis sur HYDRO le 13/04/2001.
"
1073516,247,"12/01/97 00:00:00","08/20/98 00:00:00",400,1250,"00002",14,,"C",,"09/13/24 15:43:00",,,,"H199798",0,"Courbe modifiée, transmise sur HYDRO le 13/04/2001."
1080323,281,"08/01/23 12:10:00","01/01/50 20:00:00",594,2067,"H202350",7,,"T","02/26/24 14:39:00","09/24/24 08:07:00","08/20/09 10:14:00",,,"H202350",0,"

"
1080331,14,"12/12/20 12:00:00","03/30/24 16:00:00",20,3500,"H202024",13,,"T","09/24/24 09:41:00","09/24/24 11:22:00","01/31/22 15:00:00",,,"H202024",0,"nouvelle ct moyenne et haute eau 
ajustement supervision 13/12"
1083751,428,"07/22/23 16:00:00","06/21/24 02:00:00",-830,1500,"H202324",7,,"T","05/23/24 13:53:00","10/02/24 09:37:00","11/17/23 11:15:00",,,"H202324",0,"Nouvelle courbe suite à détarage du bas de courbe"
1083768,428,"01/01/22 00:00:00","05/04/23 10:20:00",-830,1500,"H202223",8,,"T","05/12/23 17:37:00","10/02/24 13:06:00","06/08/22 09:00:00",,,"H202223",0,"Influence aval et mise en place de bornes de fiabilité.
Station inactive du 22/01/23 00 :10 au 10/05/2023 07 :10 et donc ce sont les débits de la station débitmétrique qui sont pris en compte, à cause de l'influence du vannage à l'aval."
1083769,428,"05/04/23 10:20:00","07/22/23 16:00:00",-830,1500,"H202323",7,,"T","10/02/24 12:30:00","10/02/24 13:06:00","05/12/23 17:30:00",,,"H202323",0,"Nouvelle courbe suite à l'ensablement de la rive gauche.
Station inactive du 22/01/23 00 :10 au 10/05/2023 07 :10 et donc ce sont les débits de la station débitmétrique qui sont pris en compte, à cause de l'influence du vannage à l'aval.
"
1087205,327,"03/01/11 00:00:00","12/31/50 00:00:00",0,280,"H201111fg",6,,"T","12/31/19 09:39:00","10/11/24 10:46:00","06/08/11 10:30:00",,,,0,"Pseudo courbe sous contrôle vannage la Fosse..."
1087217,244,"12/13/23 06:00:00","05/05/24 00:00:00",350,2900,"H202324",6,,"T","04/19/24 16:40:00","10/18/24 11:08:00","10/06/23 11:39:00",,,"H202324",0,"Courbe créée suite à crue de decembre 2023"
1087231,425,"06/24/21 00:00:00","12/27/21 10:00:00",180,2200,"H202121_2",9,,"T","12/30/21 10:12:00","10/21/24 11:13:00","01/01/16 00:00:00",,,"H202121_2",0,"Nouvelle courbe suite à la montée d'eau de juin 2021.
Provisoire D Besson Crue"
1087232,425,"02/01/21 16:00:00","06/24/21 00:00:00",180,2200,"H202121_1",7,,"T","06/21/21 13:27:00","10/21/24 11:26:00","01/01/16 00:00:00",,,"H202121_1",0,
1087234,425,"01/18/24 14:00:00","09/05/24 14:10:00",150,2600,"H202424",6,,"T","08/06/24 16:36:00","10/21/24 11:28:00","02/22/24 16:00:00",,,"H202424",0,"Nouvelle courbe suite à la montée d'eau de janvier 2024.  
"
1087235,425,"11/06/23 04:00:00","01/18/24 14:00:00",150,2650,"H202324",5,,"T","02/22/24 16:37:00","10/21/24 11:29:00","06/09/23 12:00:00",,,"H202324",0,"Nouvelle courbe suite à la montée d'eau de novembre 2023. modification bas de courbe suite jaugeage du 06/06/23modification haut de courbe suite à jeaugeage de crue de décembre 2023
Provisoire supervision DB
"
1087236,425,"12/25/22 00:00:00","11/06/23 04:00:00",150,2650,"H202223",8,,"T","07/31/23 10:43:00","10/21/24 11:30:00","06/09/23 12:00:00",,,"H202223",0,"Nouvelle courbe suite à la montée d'eau de décembre 2022. modification bas de courbe suite jaugeage du 06/06/23
"
1087237,425,"12/27/21 10:00:00","12/25/22 00:00:00",150,2650,"H202122",12,,"T","04/14/23 15:19:00","10/21/24 11:39:00","04/08/22 09:00:00",,,"H202122",0,"Nouvelle courbe suite à la montée d'eau de décembre 2021. modification suite jaugeage du 06/09/22
"
1087238,425,"11/01/19 00:00:00","02/01/21 16:00:00",180,2200,"H201921",7,,"T","03/11/21 09:45:00","10/21/24 11:49:00","01/01/16 00:00:00",,,"H201921",0,
1087241,582,"09/02/21 11:00:00","07/25/22 06:00:00",200,780,"H202122",8,"le début de validité correspond a une végétation installée dans le lit de la rivière","T",,"10/21/24 16:50:00",,,,"H202122",0,
1090651,336,"10/11/22 12:00:00","12/31/50 23:59:00",0,2600,"H202250",11,,"T","12/19/22 09:00:00","10/25/24 08:30:00","12/19/22 09:00:00",,,"H202250",0,"Détarage travaux
Courbe ajustée le 09/09/24 par FC (amélioration du tracé de basses eaux)
"
1090652,41,"03/25/24 17:00:00","10/19/24 11:59:00",170,2800,"H202424",11,"Courbe construite à la suite de la crue du 30 mars 2024.","T","10/25/24 11:22:00","10/25/24 11:22:00","03/30/24 22:00:00",,,"H202424",0,"Courbe construite à la suite de la crue du 30 mars 2024.




"
1090682,4,"12/15/23 00:00:00","01/01/50 00:00:00",-400,4000,"H202350",11,,"T","09/04/24 15:21:00","10/31/24 13:51:00",,,,"H202350",0,"nouvelle courbe suite à crue de décembre 2023"
1090683,180,"12/30/21 23:33:00","01/01/50 00:00:00",900,7200,"H202150",8,,"T","04/21/23 08:38:00","10/31/24 14:32:00","12/01/18 00:00:00",,,"H202150",0,"Nouvelle courbe suite à crue du 30/12/2021
"
1097590,280,"02/04/13 00:00:00","12/12/14 00:00:00",150,2000,"H201314",11,,"T","02/21/14 15:45:00","11/12/24 14:38:00","02/18/13 10:30:00",,,"H201314",0,"Création nouvelle courbe suite au détarage du à la crue du 02/02/2013"
1097591,280,"12/12/14 00:00:00","12/23/18 00:00:00",165,2000,"H201418",12,,"T","03/14/19 09:44:00","11/12/24 14:38:00","02/18/13 10:30:00",,,"H201418",0,"Création nouvelle courbe suite au détarage du à la crue du 19/11/2014
La fin de validité correspond au détarage suite à la crue du 22/12/2018"
1101031,78,"02/11/99 00:00:00","08/01/00 00:00:00",-190,3100,"M199900",8,,"T",,"11/19/24 15:42:00",,,,,0,
1101036,587,"01/01/24 00:00:00","06/19/24 10:46:00",200,1000,"H202424",6,,"T","11/27/24 15:51:00","11/27/24 15:53:00","01/01/23 00:00:00",,,"H202424",0,"Courbe en test. Mise en PHyC le 6/12/2023 pour un début de diffusion !!! Avec  un 1er Baratinage
MAJ supervision jaugeage crue 23/2/24 DB"
1104479,365,"01/01/22 09:00:00","10/22/24 00:00:00",-620,4900,"H202224",13,,"T","11/28/24 15:31:00","11/28/24 15:32:00","01/01/22 09:00:00",,,"H202224",0,"Nouvelle courbe suite à détarage après la crue du 21/01/2023
."
1104492,171,"02/04/21 00:00:00","04/17/23 01:00:00",780,6500,"H202123",15,,"T","02/22/23 11:15:00","12/05/24 16:09:00","02/28/18 09:00:00",480,7000,"H202123",0,
1110678,189,"01/01/05 00:00:00","01/02/06 00:00:00",-600,1700,"H200506ex",7,,"T","10/15/07 09:33:00","02/25/15 15:31:00","12/11/06 00:00:00",,,,,
1110679,189,"01/02/06 00:00:00","05/19/06 00:00:00",-590,1700,"H200606ex",5,,"T","10/10/07 16:18:00","02/25/15 15:32:00","12/11/06 00:00:00",,,,,
1110680,189,"05/19/06 00:00:00","11/17/06 15:10:00",-530,1700,"H2006061e",6,,"T","10/10/07 16:19:00","02/25/15 15:32:00","12/11/06 00:00:00",,,,,
1110681,189,"11/17/06 15:10:00","03/02/07 09:00:00",-500,1700,"H200607ex",5,,"T","10/10/07 16:20:00","02/25/15 15:32:00","12/11/06 00:00:00",,,,,
1110682,189,"03/02/07 09:00:00","06/14/07 20:00:00",-450,1700,"H200707ex",5,,"T","10/24/07 14:15:00","02/25/15 15:32:00","12/11/06 00:00:00",,,,,
1110683,189,"06/14/07 20:00:00","11/02/08 11:40:00",-450,1700,"H200708ex",7,"la periode du 27/7/07 au 23/10/07 et rattachée à cette courbe car des essais de courbes ont montrés que le débits ne variaient que trés peu.","T","04/24/09 16:36:00","02/25/15 15:33:00","12/11/06 00:00:00",,,,,
1110684,189,"11/02/08 11:40:00","09/08/10 04:50:00",-630,1700,"H200810ex",5,"nlle courbe suite crue 02/11/2008","T","12/27/10 10:32:00","02/25/15 15:33:00","12/11/06 00:00:00",,,,,
1110685,189,"09/08/10 04:50:00","05/22/12 17:50:00",-630,1700,"H201012ex",6,,"T","07/30/12 15:21:00","02/25/15 15:33:00","12/11/06 00:00:00",,,,,
1110686,189,"05/22/12 17:50:00","07/28/13 19:20:00",-550,1700,"H201213ex",6,"22/5/2012 H=1.35
modif extra haute pour que sa marche avec jaugeages de 2014







","T","02/20/13 17:21:00","02/25/15 15:33:00","12/11/06 00:00:00",,,,,
1110687,189,"01/01/05 00:00:00","12/31/05 20:30:00",-600,1700,"H200505",8,"nouveau haut de courbe vu DB modifié janvier 2015


","T","02/25/15 15:34:00","02/25/15 15:35:00","12/11/06 00:00:00",,,,,
1110688,189,"03/02/07 09:00:00","06/14/07 20:00:00",-450,1700,"H200707",6,"02/03/2007 a 09:00  H= 0.76
nouveau haut de courbe vu DB modifié janvier 2015


","T","02/25/15 15:38:00","02/25/15 15:41:00","12/11/06 00:00:00",,,,,
1110689,189,"06/14/07 20:00:00","11/02/08 11:40:00",-450,1700,"H200708",8,"la periode du 27/7/07 au 23/10/07 et rattachée à cette courbe car des essais de courbes ont montrés que le débits ne variaient que trés peu.
14/06/2007 a 20:00  H= 1.04
nouveau haut de courbe vu DB modifié janvier 2015

","T","02/25/15 15:39:00","02/25/15 15:42:00","12/11/06 00:00:00",,,,,
1110690,189,"11/02/08 11:40:00","09/08/10 04:50:00",-630,1700,"H200810",6,"nlle courbe suite crue 02/11/2008
02/11/2008 a 11:40  H= 1.67
nouveau haut de courbe vu DB modifié janvier 2015","T","02/25/15 15:40:00","02/25/15 15:44:00","12/11/06 00:00:00",,,,,
1110691,189,"09/08/10 04:50:00","05/22/12 17:50:00",-630,1700,"H201012",7,"08/09/2010 a 04:50  H= 0.195
nouveau haut de courbe vu DB modifié janvier 2015



","T","02/25/15 15:41:00","02/25/15 15:44:00","12/11/06 00:00:00",,,,,
1110692,189,"05/22/12 17:50:00","07/28/13 19:20:00",-550,1700,"H201213",8,"22/05/2012 a 17:50  H= 1.35
nouveau haut de courbe vu DB modifié janvier 2015








","T","02/25/15 15:42:00","02/25/15 15:46:00","12/11/06 00:00:00",,,,,
1110693,189,"11/17/06 15:10:00","03/02/07 09:00:00",-500,1700,"H200607",6,"17/11/2006 a 15:10  H= 0.19
nouveau haut de courbe vu DB modifié janvier 2015


","T","02/25/15 15:37:00","02/25/15 16:11:00","12/11/06 00:00:00",,,,,
1110694,189,"05/19/06 00:00:00","11/17/06 15:10:00",-530,1700,"H200606",7,"19/05/2006 a 00:00  H= 0.96
nouveau haut de courbe vu DB modifié janvier 2015


","T","02/25/15 15:36:00","02/25/15 16:17:00","12/11/06 00:00:00",,,,,
1110695,189,"12/31/05 20:30:00","05/19/06 00:00:00",-590,1700,"H200506",7,"31/12/2005 a 20:30  H= 0.40
nouveau haut de courbe vu DB modifié janvier 2015

","T","02/25/15 15:35:00","02/25/15 16:18:00","12/11/06 00:00:00",,,,,
1110696,189,"07/28/13 19:20:00","11/04/14 18:50:00",-450,2000,"H201314",8,"28/07/2013 a 19:20  H= 1.20
nouveau haut de courbe vu DB modifié janvier 2015



","T","02/25/15 15:42:00","08/03/15 14:56:00","12/11/06 00:00:00",,,,,
1110697,189,"11/04/14 18:50:00","01/01/20 00:00:00",-640,2000,"H201420ex",12,"04/11/2014 a 18:50  H= 1.915
nouveau haut de courbe vu DB modifié janvier 2015
","T","11/12/15 15:03:00","07/28/16 17:12:00","12/11/06 00:00:00",,,,0,
1110698,189,"11/04/14 18:50:00","04/17/16 01:30:00",-640,2000,"H201416",12,,"T","07/28/16 16:12:00","07/28/16 17:30:00","12/11/06 00:00:00",,,"H201416",0,
1110699,189,"04/17/16 01:30:00","11/22/16 19:15:00",-590,2000,"H201616",8,"le 17/4/16 à 01:30 h= 1.409 m 
","T","08/25/16 16:26:00","04/21/17 15:04:00","12/11/06 00:00:00",,,"H201616",0,
1110701,189,"11/22/16 19:15:00","01/26/18 15:00:00",-630,2000,"H201618",8,"le 22/11/16 à 19:15   h= 1.754 m 
extrap basse pour cor TH 


","T","02/13/20 16:06:00","02/13/20 17:06:00","12/11/06 00:00:00",,,"H201618",0,
1110703,189,"01/26/18 15:00:00","10/21/19 03:00:00",-630,2000,"H201819",9,"26/1/18 a 15:00 h= 1.39m
pour supp cor TH à l'année
 




","T","02/13/20 17:08:00","07/10/20 17:23:00","12/11/06 00:00:00",,,"H201819",0,
1110705,189,"10/21/19 03:00:00","12/29/21 15:05:00",-580,2000,"H201921",9,"21/10/2019 à 03:00 h= 0.605m
detarage pourrait etre le 13/6/20
","T","08/25/20 08:26:00","01/27/22 11:00:00","12/11/06 00:00:00",,,"H201921",0,
1110707,189,"12/29/21 15:05:00","02/11/24 00:14:00",-560,2000,"H202124",9,"29/12/21 à 15:05 h: 1,49 , installation de sable en aval de l'échelle
","T","09/23/24 00:14:00","09/23/24 11:26:00","01/27/22 10:45:00",,,"H202124",0,
1111153,382,"05/20/14 00:00:00","05/29/16 06:20:00",270,2800,"H201416",8,"mise service de la station le 20/5/14
1er courbe de tarage 
pont en charge à h = 2.77 
reprise extrapolation haute fevrier 2017 suite a crue 22/11/2016 



","T","02/21/17 09:55:00","02/22/17 10:41:00","11/17/14 11:17:00",,,"H201416",0,
1111154,382,"05/29/16 06:20:00","11/22/16 23:40:00",290,2800,"H201616",6,"le 29/05/2016 coup d'eau h = 2.32m à 6:20
pont en charge h = 2.77 
reprise extrapolation haute fevrier 2017 suite a crue du 22-11-2017


 

","T","02/21/17 09:59:00","02/22/17 10:42:00","11/17/14 11:17:00",,,"H201616",0,
1111155,382,"01/17/21 14:55:00","12/29/21 15:40:00",390,2840,"H202121",8,"17/01/2021 à 14:55 h=1.775 m
","T","05/20/22 14:55:00","05/20/22 14:56:00","11/17/14 11:17:00",,,"H202121",0,
1111158,382,"05/15/23 03:25:00","03/03/24 23:15:00",290,2840,"H202324",8,"
","T","07/26/24 08:00:00","07/26/24 08:13:00","11/17/14 11:17:00",,,"H202324",0,"15/05/2023 à 03:25 h=1.017 m
"
1111159,382,"12/29/21 15:40:00","05/15/23 03:25:00",285,2840,"H202123",10,"
","T","06/30/23 13:32:00","02/26/24 10:05:00","02/10/22 00:00:00",,,"H202123",0,"29/12/2021 à 15:40 h=2.49 m"
1111161,382,"11/22/16 23:40:00","03/24/17 00:50:00",460,2800,"H201617",6,"le 22/11/2016 coup d'eau h = 2.838 m à 23h40
pont en charge a h = 2.77




 

","T","02/22/17 10:43:00","01/09/19 16:50:00","11/17/14 11:17:00",,,"H201617",0,
1111163,382,"01/04/18 17:20:00","04/26/19 00:40:00",300,2840,"H201819",9,"le 4/1/18 coup d'eau H= 2.384 a 17h20
section a sable : on ecarte le 42 
haut de courbe a partir de 0.60 bas pour la courbe suivante 
septembre 2018 : mise en place de  extrapolation tres haute validée par D.Besson 



","T","12/13/19 14:16:00","06/04/20 09:46:00","11/17/14 11:17:00",,,"H201819",0,
1111165,382,"04/26/19 00:40:00","05/03/20 12:50:00",260,2840,"H201920",11,"le 26/04/2019 00:40 H = 0.88 m 
extrap bassse pour cor TH 

","T","07/10/20 15:46:00","01/28/21 17:16:00","11/17/14 11:17:00",,,"H201920",0,
1111166,382,"03/24/17 00:50:00","01/04/18 17:20:00",295,2840,"H201718",5,"le 24/03/2017 coup d'eau h = 1.636 m à 00h50






 

","T","06/25/18 15:56:00","06/04/20 09:44:00","11/17/14 11:17:00",,,"H201718",0,
1111167,382,"05/03/20 12:50:00","06/13/20 01:45:00",370,2840,"H202020",11,"03/05/2020 12:50 h=0.92 m
","T","07/10/20 15:49:00","10/01/20 09:56:00","11/17/14 11:17:00",,,"H202020",0,
1111168,382,"06/13/20 01:45:00","01/17/21 14:55:00",305,2840,"H202021",9,"13/06/2020 à 1:45 h = 2.02 m

","T","05/28/21 16:03:00","05/28/21 17:05:00","11/17/14 11:17:00",,,"H202021",0,
1111368,584,"01/01/24 00:00:00","01/01/50 00:00:00",,,"essaie",7,,"T","12/09/24 15:10:00","12/09/24 15:10:00","12/09/24 15:10:00",,,,1,
1111381,195,"11/23/23 12:00:00","09/05/24 09:43:00",-812,4656,"H202324",7,,"T","12/13/24 10:47:00","12/13/24 10:47:00","09/27/06 15:20:00",,,"H202324",0,"provisoir supervisoin crue détarage causé par les  arbres tombée en aval"
1111391,329,"12/31/16 00:00:00","01/23/18 08:00:00",58,1949,"H201618",7,,"T","01/29/18 14:55:00","12/13/24 16:24:00","03/20/17 11:26:00",,,"H201618",0,
1111394,329,"01/01/15 00:00:00","12/31/16 00:00:00",53,1955,"H201516",7,,"T","12/13/24 16:38:00","12/13/24 16:38:00","03/20/17 11:26:00",,,"H201516",0,"
"
1111395,329,"01/01/14 00:00:00","01/01/15 00:00:00",53,1947,"H201415",6,,"T","12/13/24 16:42:00","12/13/24 16:42:00","03/20/17 11:26:00",,,"H201415",0,
1111404,435,"04/03/24 12:35:00","01/01/50 00:00:00",-1190,3252,"H202450",5,"
","T","10/25/24 16:43:00","12/13/24 17:25:00","02/10/22 10:37:00",,,"H202450",0,"supervison   :extrapolation provisoire (jaugegae modèle) pour avoir des débits de crue au 18/10/2024

"
1111410,329,"09/17/19 07:10:00","02/16/21 09:15:00",57,1951,"H201921",6,,"T","12/13/24 16:47:00","12/16/24 11:45:00","03/20/17 11:26:00",,,"H201921",0,"Nouvelle courbe en haut suite a un détarage."
1111413,29,"01/17/23 09:30:00","01/01/50 00:00:00",1000,3000,"H202350",17,,"T","01/18/23 16:53:00","12/16/24 17:00:00","12/16/24 12:00:00",,,"H202350",0,"nouvelle ct: influence d' important embâcles sur le seuil"
1111414,29,"09/07/21 00:00:00","01/17/23 09:30:00",1000,3000,"H202023",18,,"T","12/16/24 17:01:00","12/16/24 17:02:00","01/18/23 16:00:00",,,"H202023",0,"Nouvelle ct avec une influence d' un arbre couché 2 m en amont du seuil rive gauche ."
1115256,220,"01/19/22 10:38:00","11/14/24 14:30:00",44,3836,"H202224",10,"

","T","12/24/24 14:35:00","12/24/24 14:35:00","02/10/10 12:00:00",,,"H202224",0,
1115258,220,"05/12/20 02:00:00","01/12/21 09:50:00",44,3800,"H202021",11,,"T","12/24/24 14:41:00","12/24/24 14:41:00","02/10/10 12:00:00",,,"H202021",0,
1115259,220,"01/12/21 09:50:00","01/19/22 10:38:00",40,3800,"H202122",11,,"T","12/24/24 14:42:00","12/24/24 14:43:00","02/10/10 12:00:00",,,"H202122",0,
1115260,220,"12/04/18 12:00:00","05/12/20 02:00:00",44,3800,"H201820",9,,"T","12/24/24 14:44:00","12/24/24 14:45:00","02/10/10 12:00:00",,,"H201820",0,
1118644,15,"09/22/23 15:10:00","05/11/24 15:00:00",-360,1000,"H202324",6,,"T","08/29/24 09:57:00","12/27/24 16:04:00","08/29/24 10:00:00",,,"H202324",0,"Ajustement de la CT en basse eaux"
1126804,428,"06/21/24 02:00:00","08/10/24 17:50:00",-1100,1500,"H202424",6,,"T","01/08/25 14:08:00","01/08/25 14:08:00","10/02/24 09:00:00",,,"H202424",0,"nouvelle CT suite à ouverture des vannes du moulin de Cellettes (4 pelles, 3Km aval station). "
1126808,410,"11/09/17 00:00:00","02/14/18 00:00:00",330,600,"H201718",11,,"T","01/09/25 10:41:00","01/09/25 10:43:00","01/23/18 11:00:00",,,"H201718",0,"1ère courbe après la mise en place du seuil en IPN"
1126809,410,"02/14/18 00:00:00","02/02/19 00:00:00",220,800,"H201819",13,,"T","01/09/25 10:44:00","01/09/25 10:46:00","05/31/18 17:00:00",,,"H201819",0,"Le début de validation correspond à un détarage suite aux petites montées d'eau pendant l'hiver, érosion du lit au niveau de l'échelle
La fin de validation correspond à un léger détarage après la plus forte montée d'eau de l'hiver"
1126810,410,"02/02/19 00:01:00","12/28/21 01:00:00",200,880,"H201921",9,,"T","01/09/25 10:47:00","01/09/25 10:48:00","01/21/20 14:00:00",,,"H201921",0,"Léger détarage après la plus forte montée d'eau de l'hiver"
1126811,410,"12/28/21 01:00:00","01/14/23 20:00:00",180,880,"H202123",9,,"T","01/09/25 10:51:00","01/09/25 10:51:00","01/31/22 10:00:00",,,"H202123",0,"Nouvelle courbe en moyennes eaux, suite à la crue du 28/12/2021
"
1126820,397,"06/20/24 00:00:00","12/31/50 00:00:00",-650,1000,"H202450",5,,"T","01/28/22 13:33:00","01/10/25 18:00:00","09/13/24 10:00:00",,,"H202450",0,"Courbe provisoire influencée d'emblâcles d' arbres en aval "
1130236,1,"01/01/00 00:00:00","01/01/01 00:00:00",12,4000,"B202450",100,"h/q Baratin : Qmaxpost","C",,"01/16/25 16:49:00",,,,,0,
1130237,1,"01/01/00 00:00:00","01/01/01 00:00:00",12,5000,"B202450sup",100,"h/q Baratin : Qmax","C",,"01/16/25 16:50:00",,,,,0,
1130238,1,"01/01/00 00:00:00","01/01/01 00:00:00",12,5000,"B202450inf",100,"h/q Baratin : Qmin","C",,"01/16/25 16:50:00",,,,,0,
1130241,329,"01/01/00 00:00:00","01/15/00 00:00:00",12,5000,"BaratinPLP",100,"h/q Baratin : Qmaxpost","C",,"01/17/25 10:36:00","01/15/25 00:00:00",,,,0,"modélisé contrôle lit majeur parabolique"
1130242,329,"01/01/00 00:00:00","01/15/01 15:28:00",12,5000,"BaratinPLR",100,"h/q Baratin : Qmaxpost","C",,"01/17/25 10:38:00","01/15/25 00:00:00",,,,0,"CT modélisée lit majeur réctangulaire "
1130243,378,"08/26/22 08:46:00","01/01/50 00:00:00",257,1004,"H202250",7,,"T","01/17/25 10:41:00","01/17/25 10:41:00","04/18/16 00:00:00",,,"H202250",0,
1130244,247,"01/01/00 00:00:00","01/02/00 00:00:00",12,5000,"B_2024_inf",100,"h/q Baratin : Qmin","C",,,,,,,,
1130245,247,"01/01/00 00:00:00","01/02/00 00:00:00",12,5000,"B_2024_sup",100,"h/q Baratin : Qmax","C",,,,,,,,
1130246,247,"01/01/00 00:00:00","01/02/00 00:00:00",12,5000,"B_2024",100,"h/q Baratin : Qmaxpost","C",,,,,,,,
1137052,7,"09/29/22 19:20:00","01/12/25 17:40:00",-320,3300,"H202225",12,,"T","01/28/25 15:26:00","01/28/25 15:27:00","12/16/22 11:00:00",,,"H202225",0,"Courbe qui correspond à la fin de l'influence au 29/09/2022 et qui permet une meilleure gestion des CORTH."
1137053,378,"01/01/17 00:00:00","08/26/22 08:46:00",257,1004,"H201722",8,,"T","12/19/22 09:05:00","01/29/25 10:10:00","04/18/16 00:00:00",,,"H201722",0,"
"
1137055,272,"11/28/24 10:50:00","01/01/50 20:00:00",-75,718,"H202450",8,,"T","01/29/25 15:27:00","01/29/25 15:27:00","04/04/16 13:43:00",,,"H202450",0,"Estimation de la hauteur pour le zéro écoulement
(-0.5 m )"
1137056,272,"07/06/23 11:40:00","11/28/24 10:50:00",-75,718,"H202324",8,,"T","01/29/25 15:28:00","01/29/25 15:28:00","04/04/16 13:43:00",,,"H202324",0,"Estimation de la hauteur pour le zéro écoulement
(-0.5 m )"
1137057,272,"02/23/21 13:30:00","07/06/23 11:40:00",-75,718,"H202123",8,"
","T","01/29/25 15:31:00","01/29/25 15:31:00","04/04/16 13:43:00",,,"H202123",0,"Estimation de la hauteur pour le zéro écoulement
(-0.5 m )"
1137059,571,"08/09/23 07:45:00","03/03/24 04:00:00",40,2700,"H202324",10,,"T","11/12/24 13:50:00","01/30/25 07:41:00","12/08/23 00:00:00",,,"H202324",0,"Première CT fait à partir de Baratin et de 3 jaugeages.
"
1137060,571,"03/03/24 04:00:00","03/30/24 20:00:00",40,2700,"H202424",8,,"T","01/30/25 07:49:00","01/30/25 07:49:00","03/03/24 00:00:00",,,"H202424",0,"nouvelle courbe suite à la crue du 03/03/2024 qui a provoqué un atterrissement au niveau du fossé situé en aval de la station côté rive droite."
1137061,571,"03/30/24 20:00:00","01/09/25 15:00:00",40,2700,"H202425",11,,"T","01/30/25 07:51:00","01/30/25 07:51:00","05/24/24 00:00:00",,,"H202425",0,"nouvelle courbe suite à la crue du 30/03/2024. Ajustement suite à la crue du 18/10/2024."
1137063,272,"11/19/19 11:00:00","02/23/21 13:30:00",-75,718,"H201921",9,,"T","01/29/25 15:43:00","01/30/25 11:15:00","04/04/16 13:43:00",,,"H201921",0,
1137070,234,"02/11/20 09:10:00","07/20/23 13:26:00",41,2873,"H202023",11,,"T","01/31/25 10:44:00","01/31/25 10:44:00","07/17/18 10:00:00",,,"H202023",0,
1137071,234,"07/20/23 13:26:00","12/10/24 09:38:00",41,2873,"H202324",13,,"T","01/31/25 10:52:00","01/31/25 10:52:00","07/17/18 10:00:00",,,"H202324",0,
1137075,262,"11/21/18 10:00:00","09/26/19 00:00:00",280,850,"H201819",7,,"T","08/22/19 15:00:00","01/31/25 17:02:00","01/10/19 15:00:00",,,"H201819",0,"Le début de validité correspond au détarage dû au nettoyage de branchages immergés en aval immédiat du contrôle
"
1137076,262,"09/26/19 00:00:00","08/24/21 10:00:00",270,850,"H201921",7,,"T","02/13/23 09:51:00","01/31/25 17:04:00","12/20/19 14:40:00",,,"H201921",0,"Nouvelle courbe,
 suite aux des derniers jaugeages indiquant, certainement une influence en aval,de source in
connue.
"
1140458,190,"07/27/23 11:10:00","01/01/50 00:00:00",300,6000,"H202350",8,,"T","02/04/25 15:52:00","02/04/25 15:52:00","05/07/20 00:00:00",,,"H202350",0,"
"
1140465,382,"03/03/24 23:15:00","07/21/24 09:00:00",405,2840,"H202424",8,"Détarge suite crue éclair du 21-07-2024.Max atteint environ 3.20m et pont totalement en charge .","T","08/02/24 14:49:00","02/05/25 11:41:00","07/26/24 08:00:00",,,"H202424",0,"03/03/2024 23:15 h= 1583 mm
"
1140469,189,"02/11/24 00:14:00","10/08/24 18:30:00",-370,2000,"H202424",8,"11/02/2024 00:14 crue, hauteur max 1136mm
","T","02/05/25 15:25:00","02/05/25 15:23:00","09/23/24 10:50:00",,,"H202424",0,
1140474,431,"03/11/23 00:00:00","01/01/50 00:00:00",60,1550,"H202350",9,"Prolongement suite à la crue de 20/06/2024
Arrêt CORTH au 19/06/24 19:00","T","06/07/24 15:30:00","02/06/25 14:47:00","07/04/23 09:00:00",,,"H202350DR",0,"Nouvelle courbe suite à coup d'eau qui a provoqué un détarage
Présence d'arbres à l'aval courbe influencé à partir d'une certaine hauteur.
Extrapolation jaugeage crue"
1140476,435,"02/03/21 00:00:00","06/10/22 12:00:00",-1200,3252,"H202122",6,"
","T","02/06/25 14:53:00","02/06/25 14:53:00","02/10/22 10:37:00",,,"H202122",0,"Modif provisoire FC suite au jgg du 11/08"
1140477,435,"06/10/22 12:00:00","12/21/23 13:39:00",-1190,3249,"H202223 ",5,,"T","02/06/25 14:56:00","02/06/25 14:56:00","02/10/22 10:37:00",,,"H202223",0,
1140479,259,"10/26/23 20:00:00","02/21/24 19:00:00",240,950,"H202324",10,,"T","01/05/24 10:48:00","02/06/25 13:57:00","01/05/24 00:00:00",,,"H202324",0,"le début de validité correspond à une nouvelle période de bon contrôle du seuil"
1140480,435,"12/21/23 13:39:00","04/03/24 12:35:00",-1190,3249,"H202324",5,,"T","02/06/25 15:01:00","02/06/25 15:01:00","02/10/22 10:37:00",,,"H202324",0,"
"
1140481,582,"07/25/22 06:00:00","01/01/50 00:00:00",200,800,"H202250",7,"le début de validité correspond a une nouvelle implantation de l' échelle en amont du pont","T","10/10/24 15:23:00","02/06/25 14:41:00","07/30/22 00:00:00",,,"H202250 ",0,"Modification haut de CT suite aux jaugeages du 10/10/2024"
1140487,433,"01/18/24 09:40:00","03/30/24 08:00:00",280,2800,"H202424",10,,"T","12/30/21 15:23:00","02/06/25 15:44:00","03/29/24 15:00:00",,,"H202424",0,
1140488,433,"01/01/20 00:00:00","01/18/24 09:40:00",280,2650,"H202024",10,,"T","12/30/21 15:23:00","02/06/25 15:45:00","09/14/20 15:00:00",,,"H202024",0,"1ère courbe: peu échantillonnées en moyennes et hautes eaux
"
1140489,571,"01/01/00 00:00:00","02/01/00 00:00:00",12,5000,"BARV3_inf",100,"h/q Baratin : Qmin","C",,,,,,,,
1140490,571,"01/01/00 00:00:00","02/01/00 00:00:00",12,5000,"BARV3_sup",100,"h/q Baratin : Qmax","C",,,,,,,,
1140491,571,"01/01/00 00:00:00","02/01/00 00:00:00",12,5000,"BARV3",100,"h/q Baratin : Qmaxpost","C",,,,,,,,
1140494,178,"01/23/20 23:00:00","01/14/22 08:10:00",-2700,5040,"H202022",8,,"T","02/07/25 09:41:00","02/07/25 09:41:00","05/25/20 10:55:00",,,"H202022",0,"chgt ct suite jaugeage sans influence"
1140495,178,"11/04/16 12:00:00","01/23/20 23:00:00",-2700,5042,"H201620",11,,"T","02/07/25 09:50:00","02/07/25 09:50:00","02/17/17 11:00:00",,,"H201620",0,"chgt ct suite jaugeage sans influence rajeunissement"
1140496,178,"01/14/22 08:10:00","02/08/24 10:59:00",-2700,5042,"H202224",12,,"T","02/07/25 09:52:00","02/07/25 09:52:00",,,,"H202224",0,"Nouvelle courbe en prennent compte de la végétations encore présente ."
1140497,178,"02/08/24 10:59:00","01/01/50 00:00:00",-2700,5040,"H202450",10,,"T","02/07/25 09:55:00","02/07/25 09:55:00",,,,"H202450",0,"Nouvelle courbe suite à détarage."
1140500,213,"12/30/22 00:00:00","04/03/24 00:00:00",95,2500,"H202224",10,,"T",,"02/07/25 15:26:00",,,,"H202224",0,"Nouvelle courbe suite à crue de décembre 2022"
1140523,372,"07/11/24 18:40:00","11/19/24 17:42:00",120,700,"H202424-4",9,,"T","08/27/24 15:25:00","02/07/25 17:32:00","08/27/24 15:00:00",,,"H202424-4",0,"Courbe avec influence aval, Castor."
1140524,372,"05/24/24 15:30:00","07/11/24 18:40:00",120,700,"H202424-3",9,,"T","07/12/24 15:28:00","02/07/25 17:33:00","07/12/24 15:00:00",,,"H202424-3",0,"Courbe avec influence aval, Castor."
1140525,372,"03/30/24 02:20:00","05/24/24 15:30:00",120,700,"H202424-2",9,,"T","02/21/24 16:10:00","02/07/25 17:33:00","04/18/24 11:00:00",,,"H202424-2",0,"Courbe avec influence aval, Castor."
1140526,372,"01/17/24 07:50:00","03/30/24 02:20:00",120,700,"H202424-1",9,,"T","02/21/24 16:10:00","02/07/25 17:34:00","02/21/24 11:00:00",,,"H202424-1",0,"Courbe avec influence aval"
1140527,372,"05/31/23 18:00:00","01/17/24 07:50:00",120,700,"H202324",9,,"T","01/19/24 11:20:00","02/07/25 17:34:00","01/19/24 11:00:00",,,"H202324",0,"Courbe avec influence aval"
1140528,372,"08/11/22 02:20:00","05/31/23 18:00:00",120,450,"H202223",7,,"T","01/19/24 11:08:00","02/07/25 17:37:00","01/19/24 11:00:00",,,"H202223",0,"Courbe avec influence aval"
1143906,381,"12/31/23 00:30:00","01/17/24 02:00:00",720,4183,"H202324",6,,"T","02/27/24 16:24:00","02/10/25 14:41:00","01/19/24 10:00:00",,,"H202324",0,"détarage de la  CTen moyenne eaux, suite coup d' eau de fin décembre 2023.
MAJ supervison : courbe influencée ? pelle aval ?"
1143908,381,"10/01/23 00:00:00","12/31/23 00:30:00",720,4183,"H202323-1",7,,"T","02/27/24 16:21:00","02/10/25 14:43:00","11/15/23 00:00:00",,,"H202323-1",0,"détarage de la  CTen basse eaux, suite coup d' eau de fin janvier 2023.
MAJ supervison : courbe influencée ? pelle aval ?"
1143910,381,"01/17/24 02:00:00","06/22/24 06:30:00",720,4183,"H202424",6,,"T",,"02/10/25 14:51:00","02/01/24 12:00:00",,,"H202424",0,"détarage de la  CTen moyenne eaux, suite coup d' eau de fin Janvier 2024
MAJ supervison : courbe influencée ? pelle aval ?"
1143916,298,"04/16/23 00:00:00","03/30/24 22:00:00",-120,2550,"H202324",11,,"T","05/15/24 10:35:00","02/10/25 16:01:00",,,,"H202324",0,"Le début de validité suite aux jaugeages d'étiages mois de juin 2023"
1147311,380,"11/14/23 20:30:00","06/18/24 13:30:00",30,2400,"H202324",15,,"T","12/16/24 10:23:00","02/17/25 13:57:00","12/29/23 00:00:00",,,"H202324",0,"le début de validité correspond à la modification du contrôle (déplacement des pierres dans la chute,du radier), aprés une petite crue 11/2023"
1147312,367,"01/20/23 19:00:00","03/29/24 20:30:00",470,3300,"H202324",9,,"T","02/12/24 10:32:00","02/17/25 15:15:00","02/12/24 11:00:00",,,"H202324",0,"Amélioration de la courbe en basse eaux
Repris CT suite à jaugeages de crue du 22/06/2024
"
1147317,1,"12/13/23 09:00:00","09/05/24 04:30:00",-157,3120,"H202324",9,,"T","08/06/24 11:10:00","02/18/25 13:34:00","07/28/23 16:36:00",,,"H202324",0,"Nouvelle courbe suite à coup d'eau du 15 mars 2023
MAJ CT supervison suite jaugage du 14/12 plus d'influence lié à l'arbre tombe en aval du pont retour sur CT ""ancienne"""
1147319,1,"03/16/23 00:00:00","12/13/23 09:00:00",-157,3120,"H202323",11,,"T","12/29/23 18:26:00","02/18/25 14:08:00","07/28/23 16:36:00",,,"H202323",0,"Nouvelle courbe suite à coup d'eau du 15 mars 2023
arret de la courbe suite à crue du 13/12/2023 "
1147322,1,"01/21/21 09:09:00","03/16/23 00:00:00",-157,3120,"H202123",13,,"T","07/28/23 16:35:00","02/18/25 14:16:00","12/13/21 09:00:00",,,"H202123",0,"Nouvelle courbe "
1147323,1,"05/15/20 08:00:00","01/21/21 09:09:00",-172,3390,"H202021",9,,"T","11/28/22 14:59:00","02/18/25 14:26:00","08/09/19 00:00:00",,,"H202021",0,
1147324,1,"03/16/19 05:15:00","05/15/20 08:00:00",-170,3500,"H201920",9,,"T","11/14/19 10:48:00","02/18/25 14:29:00","08/09/19 00:00:00",,,"H201920",0,"Nouvelle courbe d'étiage
"
1147325,1,"01/05/18 13:00:00","03/16/19 05:15:00",-170,3500,"H201819",12,,"T","08/09/19 09:34:00","02/18/25 14:36:00","03/03/17 00:00:00",,,"H201819",0,"
"
1147327,1,"11/23/16 06:00:00","01/05/18 13:00:00",-150,3500,"H201618",9,,"T",,,,,,"H201618",,
1147328,1,"06/01/16 08:00:00","11/23/16 06:00:00",-150,3500,"H201616",8,,"T","09/02/16 15:47:00","02/18/25 15:13:00","04/24/15 00:00:00",,,"H201616",0,"
"
1147329,1,"11/05/14 08:00:00","06/01/16 08:00:00",-150,3500,"H201416",8,,"T","06/07/16 11:21:00","02/18/25 15:20:00","04/24/15 00:00:00",,,"H201416",0,"
"
1147330,1,"09/27/12 22:00:00","11/05/14 08:00:00",-150,3500,"H201214",8,,"T",,"02/18/25 15:28:00",,,,"H201214",0,"Nouvelle courbe haute ."
1147331,1,"06/30/09 19:00:00","09/27/12 22:00:00",-150,3500,"H200912J",8,,"T","04/24/15 16:36:00","02/18/25 15:33:00","03/18/09 00:00:00",,,,0,
1147332,1,"08/01/08 12:00:00","06/30/09 19:00:00",-150,3500,"H200809J",8,,"T","10/05/10 09:45:00","02/18/25 15:41:00","03/18/09 00:00:00",,,,0,"nouvelle courbe  crue nov.  2008"
1147333,1,"09/29/07 05:00:00","08/01/08 12:00:00",0,3500,"H200708g",9,,"T","09/28/20 14:38:00","02/18/25 15:57:00","08/11/08 14:56:00",,,"H200708g",0,
1147335,1,"05/19/06 00:00:00","09/29/07 05:00:00",-160,3500,"H200607",8,,"T",,,,,,"H200607",,
1147337,1,"12/01/04 00:00:00","05/19/06 00:00:00",-160,3500,"H200406",8,,"T",,,,,,"H200406",,
1147339,1,"12/02/03 00:00:00","12/01/04 00:00:00",-190,3500,"H200304",37,,"C",,,,,,"H200304",,
1147340,1,"12/05/02 00:00:00","12/02/03 00:00:00",-190,3500,"H200203",7,,"T",,"02/18/25 17:00:00","01/15/04 08:45:00",,,,0,
1147341,1,"04/01/00 00:00:00","12/05/02 00:00:00",-50,3500,"H200002",7,,"T",,"02/18/25 17:03:00",,,,,0,
1147342,1,"07/01/99 00:00:00","04/01/00 00:00:00",0,3500,"H199900",7,,"T",,"02/18/25 17:08:00",,,,,0,
1147343,1,"02/15/98 00:00:00","07/01/99 00:00:00",0,3500,"C9899",9,,"T",,"02/18/25 17:13:00",,,,,0,
1147344,1,"08/12/97 00:00:00","02/15/98 00:00:00",100,3500,"C9798",8,,"T",,"02/18/25 17:17:00",,,,,0,
1147345,1,"01/01/93 00:00:00","08/12/97 00:00:00",0,3500,"C9397",31,,"C",,"02/18/25 17:20:00",,,,"C9397",0,
1147346,14,"03/30/24 16:00:00","10/20/24 14:00:00",20,3500,"H202424",11,,"T","04/22/24 10:03:00","02/19/25 13:42:00","09/24/24 15:00:00",,,"H202424",0,"nouvelle ct suite à crue du mois d'Avril




"
1147347,14,"10/20/24 14:00:00","01/01/50 00:00:00",20,3500,"H202450",10,,"T","02/19/25 13:44:00","02/19/25 13:46:00","02/19/25 11:00:00",,,"H202450",0,"nouvelle ct suite à crue du mois d'Octobre




"
1147355,53,"12/15/23 01:00:00","01/01/50 00:00:00",280,4239,"H202350",10,,"T","02/20/25 15:17:00","02/20/25 15:20:00","02/20/25 15:00:00",,,"H202350",0,"Détarage suite crue de décembre 2023
puis prise en compte de l'embacle présent sur la pile du pont dans cette courbe."
1147356,298,"03/30/24 22:00:00","01/01/50 00:00:00",-120,2600,"H202450",11,"La première cassure/redressement de la CT à la cote d'environ 215 est lié au débordement dans les champs.
La deuxième cassure/inflechissemnt à la cote d'environ 255 cm est lié au remou aval  (contraction de la vallée et végétation  (bocage  + forêt) qui innonde la route par l'aval (pas de déversement via l'amont sur la route à la cote 252)
CT tracé pour les montée de crue (montée trés rapide, sans influence de remplissage en aval, ce qui est sans doute le cas à la descente et ou en cas de second évènement très proche)

","T","09/12/24 12:06:00","02/21/25 10:33:00","05/15/24 10:00:00",,,"H202450",0,"Le début de validité suite aux jaugeages après la crue du 30/03/2024 
"
1147366,380,"06/18/24 13:30:00","02/05/25 07:38:00",30,2400,"H202424",8,,"T","12/29/23 17:10:00","02/21/25 16:32:00","12/16/24 10:00:00",,,"H202424",0,"Novelle CT de transition pour une période, ou plusieurs arbres tombés influencent fortement l'écoulement de l'aval"
1150744,345,"12/12/23 21:00:00","12/22/24 14:50:00",200,3000,"H202324",6,,"T","12/19/24 11:35:00","02/24/25 14:19:00","02/22/24 18:00:00",,,"H202324",0,"Changement de courbe suite à travaux sur le controle
"
1150746,310,"09/04/24 12:00:00","10/18/24 04:00:00",60,3200,"H202424-1",7,,"T","11/04/24 08:45:00","02/24/25 15:07:00","02/21/24 17:00:00",,,"H202424-1",0,"-Changement de courbe suite à la crue du 18 Octobre"
1150749,310,"10/18/24 04:00:00","11/26/24 13:30:00",60,3500,"H202424-2",7,,"T","11/04/24 08:45:00","02/24/25 15:23:00","11/04/24 08:45:00",,,"H202424-2",0,"-Changement de courbe suite à la crue du 18 octobre 2024"
1150750,310,"01/18/24 12:00:00","09/04/24 12:00:00",60,3200,"H202424",8,,"T","01/21/21 15:54:00","02/24/25 15:29:00","02/21/24 17:00:00",,,"H202424",0,"-Changement de courbe suite à la crue du 18 janvier 2024"
1150751,84,"03/12/23 12:00:00","03/17/24 00:00:00",-210,2750,"H202324",12,,"T","08/06/24 10:51:00","02/24/25 15:55:00","09/18/23 10:00:00",,,"H202324",0,"Détarage bas de courbe suite à un coup d'eau 03/2023"
1150755,425,"10/02/24 18:00:00","12/27/24 03:40:00",150,2750,"H202424_2",4,,"T","02/26/25 09:00:00","02/26/25 09:51:00","11/04/24 09:00:00",,,"H202424_2",0,"Nouvelle courbe suite à plusieurs montées des eaux courant octobre 2024"
1150758,425,"09/05/24 14:10:00","10/02/24 18:00:00",150,2700,"H202424_1",6,,"T","11/04/24 09:00:00","02/26/25 10:28:00","09/20/24 15:40:00",,,"H202424_1",0,"Nouvelle courbe suite à la montée d'eau de septembre2024.  
Modification de la courbe suite à la montée des eaux d'octobre 2024"
1161088,347,"04/17/23 12:00:00","07/15/24 12:00:00",70,2800,"H202324",15,,"T","06/27/24 15:00:00","03/21/25 07:27:00","06/02/23 14:00:00",,,"H202324",0,"Le début de validité correspond à un détarage de la petite crue du 15 avril 2023

"
1161090,370,"10/20/24 23:01:00","01/01/50 00:00:00",50,2800,"H202450",8,,"T","12/20/24 12:10:00","03/21/25 11:24:00","11/12/24 15:30:00",,,"H202450",0,"Changement courbe suite crue 20 octobre 2024



"
1161093,253,"03/01/24 12:01:00","12/31/50 23:59:00",185,2000,"H202450",11,,"T","08/26/21 10:02:00","03/21/25 11:42:00","09/01/20 15:00:00",,,"H202450",0,"Détarage suite à la crue du 3 mars 2024."
1161095,55,"06/04/24 00:00:00","01/01/50 00:00:00",-1800,7000,"H202450",6,,"T","03/21/25 12:05:00","03/21/25 12:05:00","09/06/24 12:00:00",-1800,7000,"H202450",0,"nouvelle CT qui correspond au retour à une courbe de 2021."
1161098,366,"06/25/24 23:30:00","01/01/50 00:00:00",-400,4900,"H202450",12,,"T","03/21/25 15:54:00","03/21/25 15:55:00","07/12/24 12:00:00",,,"H202450",0,"nouvelle CT suite à la crue du 23/06/2024 et qui correspond au retour à une courbe de 2019."
1164324,365,"10/22/24 00:00:00","01/01/50 00:00:00",-620,4900,"H202450",10,,"T","03/24/25 11:19:00","03/24/25 11:19:00","11/28/24 00:00:00",,,"H202450",0,"Nouvelle courbe suite à détarage après la crue du 21/10/2024
."
1164329,273,"09/21/24 03:00:00","06/01/50 00:00:00",500,3150,"H202450",12,,"T","03/24/25 14:50:00","03/24/25 14:51:00","03/24/25 14:00:00",,,"H202450",0,"nouvelle courbe, influencée par des arbres couchés en aval proche "
1164330,273,"02/13/21 13:00:00","09/21/24 03:00:00",500,3150,"H202124",16,,"T","11/15/22 15:58:00","03/24/25 14:52:00","03/14/22 16:00:00",,,"H202124",0,"Nouvelle CT après la crue de 02/2021
"
1164335,231,"06/23/24 08:15:00","01/10/25 12:00:00",-300,1600,"H202425",10,"Nouvelle CT sans influence apparente de barrage castors","T","08/26/24 15:46:00","03/24/25 15:53:00","08/26/24 15:00:00",,,"H202425",0,"le début de validité correspond à la petite crue 06/2024 ( démolition du barrage de castors)

"
1164338,231,"01/10/25 12:00:00","01/01/50 00:00:00",-300,1600,"H202550",8,"Nouvelle CT sans influence apparente de barrage castors","T","02/07/25 13:31:00","03/24/25 15:59:00","03/24/25 15:00:00",,,"H202550",0,"le début de validité correspond à la petite crue janvier 2025

"
1164339,7,"01/12/25 17:40:00","12/31/50 23:59:00",-320,3300,"H202550",12,,"T","03/24/25 16:01:00","03/24/25 16:01:00","01/28/25 15:00:00",,,"H202550",0,"nouvelle courbe suite à la crue du 12/01/2025 qui correspond au retour à une courbe de 2016 (H201619)."
1164343,428,"08/10/24 17:50:00","03/03/25 08:30:00",-1100,1500,"H202425",6,,"T","03/26/25 09:32:00","03/26/25 09:32:00","10/02/24 10:00:00",,,"H202425",0,"nouvelle CT suite à fermeture des vannes du moulin de Cellettes : pelles N°1, 2 et 4 fermées et pelle N°3 très légèrement ouverte."
1164344,428,"03/03/25 08:30:00","01/01/50 00:00:00",-1100,1500,"H202550",5,,"T","03/26/25 09:33:00","03/26/25 09:33:00","03/26/25 09:00:00",,,"H202550",0,"Nouvelle CT suite à ouverture des vannes du moulin de Cellettes : pelles N°1 et 3 fermées et pelles N°2 et 4 ouvertes. Et qui correspond au retour à la CT H202424."
1164346,410,"01/14/23 20:00:00","08/13/24 07:15:00",80,1100,"H202324",7,,"T","03/28/25 13:05:00","03/28/25 13:05:00","01/25/23 10:00:00",,,"H202324",0,"Nouvelle courbe en moyennes eaux, suite à la crue du 16/01/2023.
"
1164348,370,"10/17/22 21:30:00","10/20/24 23:00:00",50,2800,"H202224",9,,"T","04/08/24 17:27:00","03/28/25 15:15:00","11/04/22 15:00:00",,,"H202224",0,"Changementextrapolation pour cohérence crue fin mars 2023 car jaugage 2016 sans doute influencé par végétation



"
1164349,410,"01/01/00 00:00:00","02/01/00 00:00:00",12,5000,"BARV4_inf",100,"h/q Baratin : Qmin","C",,,,,,,,
1164350,410,"01/01/00 00:00:00","02/01/00 00:00:00",12,5000,"BARV4_sup",100,"h/q Baratin : Qmax","C",,,,,,,,
1164351,410,"01/01/00 00:00:00","02/01/00 00:00:00",12,5000,"BARV4",100,"h/q Baratin : Qmaxpost","C",,,,,,,,
1164356,278,"05/02/24 12:00:00","12/31/50 00:00:00",120,3200,"H202450",19,,"T","06/25/24 14:20:00","03/31/25 10:02:00","06/25/24 14:20:00",,,"H202450",0,"Détarage suite à la crue du 2 mai 2024.
Vu DB
"
1164361,281,"10/30/12 12:00:00","11/20/14 15:00:00",590,2066,"H201214",8,,"T","03/31/25 15:30:00","03/31/25 15:31:00","08/20/09 10:14:00",,,"H201214",0,"Courbe influencé par arbres couche sur la largeur de la rivière."
1164362,329,"01/30/25 17:30:00","01/01/50 00:00:00",220,1650,"H202550",13,,"T","03/31/25 10:03:00","03/31/25 15:33:00","03/31/25 10:00:00",,,"H202550",0,"Nouvelle Ct après le coup d'eau du 31/012025 "
1164364,329,"06/27/23 13:50:00","07/31/24 02:30:00",220,1900,"H202324",13,,"T","12/13/24 17:04:00","03/31/25 15:36:00","03/20/17 11:26:00",,,"H202324",0,
1164365,329,"07/31/24 02:30:00","01/30/25 17:30:00",220,1650,"H202450",12,,"T",,"03/31/25 15:39:00","10/14/25 12:00:00",,,"H202450",0,"Nouvelle Ct après le coup d'eau du 31/07/24 et la crue du 10/10/24 pour le haut de CT.
CT baratin PLP"
1164366,329,"09/01/22 08:15:00","06/27/23 13:50:00",58,1953,"H202223",14,,"T","12/13/24 17:00:00","03/31/25 15:43:00","03/20/17 11:26:00",,,"H202223",0,
1164367,329,"08/19/21 07:55:00","09/01/22 08:15:00",63,1948,"H202122",11,,"T","12/13/24 16:57:00","03/31/25 15:45:00","03/20/17 11:26:00",,,"H202122",0,
1164368,329,"02/16/21 09:15:00","08/19/21 07:55:00",58,1947,"H202121",12,,"T","12/13/24 16:54:00","03/31/25 15:47:00","03/20/17 11:26:00",,,"H202121",0,
1164369,329,"11/06/18 09:02:00","09/17/19 07:10:00",58,1943,"H201819",13,,"T","10/25/19 15:35:00","03/31/25 15:49:00","03/20/17 11:26:00",,,"H201819",0,"Nouvelle courbe en haut suite a un détarage."
1164370,329,"01/23/18 08:00:00","11/06/18 09:02:00",56,1954,"H201818",13,,"T","12/13/24 16:32:00","03/31/25 15:51:00","03/20/17 11:26:00",,,"H201818",0,
1167601,195,"09/05/24 09:43:00","01/01/50 00:00:00",-980,4719,"H202450",5,"
","T","02/24/25 11:27:00","04/04/25 11:23:00","09/27/06 15:20:00",,,"H202450",0,"provisoir supervisoin crue détarage causé par les  arbres tombée en aval"
1167607,230,"01/01/85 00:00:00","09/03/86 00:00:00",0,800,"00001",11,,"C",,"04/04/25 17:19:00",,,,,0,
1170882,15,"05/11/24 15:00:00","01/01/50 00:00:00",-350,1000,"H202450",5,,"T","04/10/25 10:11:00","04/10/25 10:25:00","08/29/24 10:00:00",,,"H202450",0,"Ajustement de la CT en basse eaux"
1170889,432,"10/18/24 07:13:00","03/04/25 08:40:00",200,1700,"H202425",7,,"T","05/06/24 13:10:00","04/10/25 11:05:00","10/25/24 15:00:00",,,"H202425",0,"Novelle CT suite au dernier mouvement de la vanne en aval"
1170893,419,"03/03/22 08:48:00","10/03/24 13:04:00",101,3955,"H202224",13,,"T","04/10/25 11:29:00","04/10/25 11:29:00","01/01/16 00:00:00",,,"H202224",0,"Courbe extrapolée à l'aide de Baratin"
1170895,432,"03/09/24 13:55:00","10/18/24 07:13:00",200,1700,"H202424",7,,"T","05/06/24 13:10:00","04/10/25 14:53:00","03/29/24 15:00:00",,,"H202424",0,"nouvelle CTet prolongation, suite au jaugeage de crue du 06/05/24"
1170896,432,"12/12/23 07:05:00","03/09/24 13:55:00",100,1700,"H202324",6,,"T","02/22/24 08:44:00","04/10/25 14:54:00","06/19/23 11:00:00",,,"H202324",0,"MAJ CT supervision suite jaugeage crue 23/02/2024
jaugeage 6/3/2020 pelle relevée ou pas ?
besoin de définir cote de débordement pour cassure de la ct extrapolée avec estimation crue 2016"
1170897,281,"07/16/10 00:00:00","10/30/12 12:00:00",680,2072,"H201012",12,,"T","04/10/25 15:10:00","04/10/25 15:10:00","08/20/09 10:14:00",,,"H201012",0,"Courbe non influencée suite retrait des arbres. Transmis sur hydro le 13/08/2010"
1170898,281,"10/06/09 00:00:00","07/16/10 00:00:00",589,2068,"H200910",6,,"T","04/10/25 15:17:00","04/10/25 15:17:00","08/20/09 10:14:00",,,"H200910",0,"Courbe ajustée sur début d'étiage 2009.Transmis sur Hydro le 13/08/2010 suite à retrait des arbres."
1170899,281,"05/01/07 00:00:00","10/06/09 00:00:00",592,2074,"H200709",7,,"T","04/10/25 15:32:00","04/10/25 15:32:00","05/26/08 12:00:00",,,"H200709",0," Courbe modifiée suite à  enlèvement d'un arbre sur les deux dans le lit de
la rivière en aval de la station(100m).Présence d'un deuxième arbre couché
à environ 150 à 200m en aval de la station. 
 "
1170900,281,"01/01/06 00:00:00","05/01/07 00:00:00",590,2063,"H200607",7,,"T","04/10/25 15:37:00","04/10/25 15:37:00","02/08/08 14:00:00",,,"H200607",0,
1170906,1,"09/05/24 04:30:00","02/01/25 01:00:00",-157,3120,"H202425",9,,"T","12/19/24 13:56:00","04/11/25 11:48:00","09/16/24 15:00:00",,,"H202425",0,"Nvelle courbe suite à coup d'eau du 5/09/24"
1170907,1,"02/01/25 01:00:00","01/01/50 00:00:00",-157,3120,"H202550",9,,"T","04/11/25 09:15:00","04/11/25 11:51:00","04/11/25 09:14:00",,,"H202550",0,"Nvelle courbe suite aux jaugeages du 10/04/2025.
Détarage bas de courbe.
"
1170908,234,"05/25/10 00:00:00","10/02/12 12:50:00",100,2879,"H201012",9,,"T","04/11/25 15:25:00","04/11/25 15:25:00","12/09/08 13:50:00",,,"H201012",0,"CTH en 2012"
1170909,234,"10/02/12 12:50:00","08/01/14 00:00:00",101,2877,"H201214",13,,"T","04/11/25 15:29:00","04/11/25 15:29:00","12/09/08 13:50:00",,,"H201214",0,"Nouvelle courbe suite a la crue 2013."
1170910,234,"08/01/14 00:00:00","07/15/15 08:02:00",101,2867,"H201415",9,,"T","04/11/25 15:32:00","04/11/25 15:32:00","12/09/08 13:50:00",,,"H201415",0,
1170911,234,"07/15/15 08:02:00","05/31/17 00:00:00",-1,2882,"H201517",9,,"T","04/11/25 15:34:00","04/11/25 15:34:00","07/15/15 13:50:00",,,"H201517",0," extrapolation crue 2016."
1170913,234,"05/31/17 00:00:00","01/08/18 21:15:00",-1,2877,"H201718",8,,"T","04/11/25 15:37:00","04/11/25 15:38:00","07/20/18 11:00:00",,,"H201718",0,"extrapolation hivernale"
1170915,234,"01/08/18 21:15:00","11/21/18 09:20:00",43,2879,"H201818",8,,"T","04/11/25 15:40:00","04/11/25 15:40:00","07/17/18 10:00:00",,,"H201818",0,
1170918,234,"11/21/18 09:20:00","02/11/20 09:10:00",41,2876,"H201820",9,,"T","04/11/25 15:43:00","04/11/25 15:43:00","07/17/18 10:00:00",,,"H201820",0,
1170923,422,"01/01/24 00:00:00","01/01/50 00:00:00",1200,2100,"H202450",3,,"T","05/07/24 12:51:00","04/11/25 16:16:00","02/14/13 14:15:00",950,2500,"H202450",0,"nouvelle CT suite au jaugeage de crue du 07/05/24"
1170925,413,"01/18/23 05:40:00","01/10/25 00:00:00",900,3600,"H202325",10,,"T","04/11/25 16:17:00","04/11/25 16:17:00",,,,"H202325",0,"nouvelle courbe suite au coup d'eau du 18/01/2023."
1170927,347,"07/15/24 12:01:00","03/24/25 06:00:00",70,2800,"H202425",15,,"T","04/14/25 08:25:00","04/14/25 08:31:00","03/21/25 08:00:00",,,"H202425",0,"Détarage suite à la crue du 21 juin 2024.

"
1170937,425,"12/27/24 03:40:00","03/20/25 11:15:00",150,2750,"H202425",4,,"T","04/14/25 09:10:00","04/14/25 11:41:00","02/26/25 09:00:00",,,"H202425",0,"Nouvelle courbe suite aux événements de décembre 2024 et janvier 2025"
1174175,13,"01/01/00 00:00:00","12/31/00 23:59:00",12,5000,"RIGNYBAR25",100,"h/q Baratin : Qmaxpost","C",,"04/17/25 15:39:00",,,,,0,
1174176,13,"01/01/00 00:00:00","12/31/00 23:59:00",12,5000,"RIGNYB_sup",100,"h/q Baratin : Qmax","C",,"04/17/25 15:40:00",,,,,0,
1174177,13,"01/01/00 00:00:00","12/31/00 23:59:00",12,5000,"RIGNYB_inf",100,"h/q Baratin : Qmin","C",,"04/17/25 15:40:00",,,,,0,
1174178,13,"10/20/24 00:00:00","01/01/50 00:00:00",-400,2200,"H202450",6,,"T","04/29/24 11:01:00","04/17/25 15:46:00","01/31/22 11:20:00",,,"H202450",0,
1174179,13,"04/03/24 00:00:00","10/20/24 00:00:00",-400,2200,"H202424",6,,"T","04/29/24 11:01:00","04/17/25 15:50:00","01/31/22 11:20:00",,,"H202424",0,
1174180,13,"04/18/21 19:00:00","04/03/24 00:00:00",-400,2200,"H202124",7,,"T","04/29/24 11:01:00","04/17/25 15:52:00","01/31/22 11:20:00",,,"H202124",0,"Nouvelle courbe à contrôler PG
ajustement haut CT supervision mars"
1174181,13,"01/11/21 11:35:00","04/18/21 19:00:00",-400,2200,"H202121",11,,"T","01/31/22 14:35:00","04/17/25 15:53:00","01/21/21 12:00:00",,,"H202121",0,"maj PG"
1174182,13,"12/15/19 22:30:00","01/11/21 11:35:00",-400,2200,"H201921",10,,"T","03/02/21 09:44:00","04/17/25 15:54:00","03/01/18 12:00:00",,,"H201921",0,
1174183,13,"03/17/18 07:30:00","12/15/19 22:30:00",-400,2200,"H201819",10,,"T","12/08/20 12:16:00","04/17/25 15:57:00","03/01/18 12:00:00",,,"H201819",0,"suppression du CORTH et modification de la CT"
1174184,13,"01/13/16 21:30:00","03/17/18 07:30:00",-400,2200,"H201618",9,,"T","12/08/20 14:32:00","04/17/25 15:58:00",,,,"H201618",0,"Changement de courbe pour les bas débit en 2018"
1174185,13,"02/03/13 12:00:00","11/05/14 12:00:00",-400,2200,"H201314",9,,"T","12/08/20 12:24:00","04/17/25 16:00:00","02/03/13 12:00:00",,,"H201314",0,
1174186,13,"12/09/10 01:00:00","02/03/13 12:00:00",-580,3200,"H201013",8,,"T","12/08/20 11:19:00","04/17/25 16:04:00","12/09/10 11:06:00",,,"H201013",0,"station CTH en 2010 et 2011"
1174187,13,"05/24/09 00:00:00","12/09/10 01:00:00",-520,3100,"H200910",7,,"T","12/08/20 11:14:00","04/17/25 16:05:00","03/18/09 00:00:00",,,,0,"Suite à la corrélation des débits qmj de l'arroux d' étang jusqu' au verdier
nouvelle courbe provisoire"
1174188,13,"07/26/08 12:00:00","01/25/09 12:00:00",-520,3100,"H200809g",7,,"T","12/02/09 17:37:00","04/17/25 16:20:00","03/18/09 00:00:00",,,,0,"Suite à la corrélation des débits qmj de l'arroux d' étang jusqu' au verdier
nouvelle courbe provisoire"
1174189,13,"06/17/07 00:00:00","07/26/08 12:00:00",-520,3100,"H200708",8,,"T","12/08/20 10:50:00","04/17/25 16:23:00","03/05/08 10:35:00",,,,0,"Suite à la corrélation des débits qmj de l'arroux d' étang jusqu' au verdier, les deux jaugeages n198 et 199   sont considérés comme douteux, le 14/01/2009  passage riviére gelée radar "
1174190,603,"05/01/97 00:00:00","12/31/05 00:00:00",170,820,"1",20,"Text1","C",,,,,,,,
1174191,603,"05/01/04 00:00:00","12/31/50 00:00:00",200,1000,"bn2004",21,,"C",,"10/19/05 13:53:00",,,,,,
1174192,604,"01/01/73 00:00:00","12/31/73 00:00:00",0,99990,"1",58,,"C",,,,,,,,
1174193,604,"01/01/74 00:00:00","12/31/74 00:00:00",0,99990,"2",60,,"C",,,,,,,,
1174194,604,"01/01/75 00:00:00","12/31/75 00:00:00",100,99990,"3",30,,"C",,,,,,,,
1174195,604,"01/01/76 00:00:00","12/31/77 00:00:00",50,99990,"4",42,,"C",,,,,,,,
1174196,604,"01/01/78 00:00:00","12/31/78 00:00:00",50,1600,"5",30,,"C",,,,,,,,
1174197,604,"01/01/79 00:00:00","01/25/81 00:00:00",50,1800,"6",39,,"C",,,,,,,,
1174198,604,"01/26/81 00:00:00","12/09/81 00:00:00",200,1500,"7",30,,"C",,,,,,,,
1174199,604,"12/10/81 00:00:00","07/11/82 00:00:00",50,1800,"8",39,,"C",,,,,,,,
1174200,604,"07/12/82 00:00:00","12/31/82 00:00:00",100,99990,"9",36,,"C",,,,,,,,
1174201,604,"11/05/83 00:00:00","08/31/87 00:00:00",10,99990,"11",38,,"C",,,,,,,,
1174202,604,"09/01/87 00:00:00","03/13/91 00:00:00",300,3000,"12",38,,"C",,,,,,,,
1174203,604,"03/14/91 00:00:00","09/24/91 00:00:00",50,2000,"13",27,,"C",,,,,,,,
1174204,604,"09/25/91 00:00:00","04/04/92 00:00:00",-9990,99990,"14",18,,"C",,,,,,,,
1174205,604,"04/05/92 00:00:00","12/26/93 00:00:00",50,2000,"15",25,,"C",,,,,,,,
1174206,604,"12/27/93 00:00:00","12/31/99 00:00:00",50,2000,"16",25,,"C",,,,,,,,
1174207,604,"01/19/97 00:00:00","12/31/05 00:00:00",100,2000,"17",23,,"C",,,,,,,,
1174208,604,"01/01/01 00:00:00","12/31/50 00:00:00",200,1000,"18",19,,"C",,,,,,,,
1174209,604,"11/01/00 00:00:00","12/31/50 00:00:00",100,2000,"AU2004",19,,"C",,,,,,,,
1174210,604,"10/30/03 00:00:00","12/31/50 00:00:00",500,1500,"19",15,,"C",,,,,,,,
1174211,604,"11/01/03 00:00:00","12/31/50 00:00:00",100,2000,"20",15,,"C",,,,,,,,
1174212,604,"05/14/05 00:00:00","12/31/50 00:00:00",100,2000,"AU092005",19,,"C",,"01/19/06 15:28:00",,,,,,
1174213,604,"01/02/06 00:00:00","12/31/50 00:00:00",50,3140,"AU012006",24,,"C",,"04/03/07 14:09:00","06/30/06 16:45:00",,,,,
1177532,150,"06/30/22 00:00:00","05/18/23 03:00:00",-750,7700,"H202223",6,,"T","12/12/22 13:36:00","04/22/25 14:24:00","01/14/19 11:00:00",,,"H202223",0,"nouvelle courbe suite 500 m3/s du 30/06

"
1177533,150,"06/30/22 00:00:00","05/18/23 03:00:00",-750,7700,"H202223",6,,"T","12/12/22 13:36:00","04/22/25 14:24:00","01/14/19 11:00:00",,,"H202223",1,"nouvelle courbe suite 500 m3/s du 30/06

"
1177535,21,"01/01/00 00:00:00","01/12/00 00:00:00",12,5000,"BAR25_inf",100,"h/q Baratin : Qmin","C",,,,,,,,
1177536,21,"01/01/00 00:00:00","01/12/00 00:00:00",12,5000,"BAR25_sup",100,"h/q Baratin : Qmax","C",,,,,,,,
1177537,21,"01/01/00 00:00:00","01/12/00 00:00:00",12,5000,"BAR25",100,"h/q Baratin : Qmaxpost","C",,,,,,,,
1177538,21,"12/12/23 17:32:00","01/01/50 00:00:00",0,4500,"H202350",9,,"T",,"04/23/25 15:43:00",,,,"H202350",0,"Nouvelle courbe suite à jaugeage de crue du 12/12/2023 et changement du lit par présence de pousse d'arbres sous le pont."
1177539,21,"12/24/22 00:00:00","12/12/23 17:32:00",0,4050,"H202223",9,,"T","12/29/23 18:05:00","04/23/25 15:45:00","07/31/23 12:00:00",,,"H202223",0,"MAJ FC suite Jaugeage 25/07/2023. 
bas de courbe retravaillé
courbe arreté le 12/12/2023 suite à crue et présence de végétation dans le lit pousse d'arbres"
1177540,21,"01/01/22 00:00:00","12/24/22 00:00:00",0,4050,"H202222",8,,"T","12/23/22 16:05:00","04/23/25 15:47:00",,,,"H202222",0,"MAJ DB suite Jaugeage 11/05/2022"
1177541,21,"02/03/21 00:00:00","01/01/22 00:00:00",-50,4050,"H202121",11,,"T","09/09/21 13:37:00","04/23/25 15:49:00","10/31/19 09:00:00",,,"H202121",0,
1177542,613,"06/06/04 00:00:00","06/14/05 00:00:00",300,1500,"5",17,,"C",,"01/02/08 15:51:00",,,,,,
1177543,613,"05/01/92 00:00:00","06/12/93 00:00:00",100,1700,"C10756",11,,"C",,"01/02/08 15:54:00",,,,,,
1177544,613,"06/12/93 00:00:00","03/21/95 00:00:00",200,1700,"C10757",14,,"C",,"01/02/08 15:55:00",,,,,,
1177545,613,"01/15/97 00:00:00","02/28/99 00:00:00",300,1500,"C10760",17,,"C",,"01/02/08 15:57:00",,,,,,
1177546,613,"02/28/99 00:00:00","10/30/03 00:00:00",300,1500,"FOUCT99",17,,"C",,"01/02/08 15:58:00",,,,,,
1177547,613,"06/14/05 00:00:00","08/01/06 00:00:00",250,2000,"FU092005",19,,"C","10/18/05 00:00:00","01/02/08 15:59:00","09/01/05 00:00:00",,,,,
1177548,613,"10/30/03 00:00:00","06/06/04 00:00:00",250,2500,"fu2004",19,,"C",,"01/02/08 16:01:00",,,,,,
1177549,613,"01/01/99 00:00:00","05/28/03 00:00:00",400,2600,"H199903bd",7,,"T",,"01/25/08 16:09:00","01/25/08 11:38:00",,,,,
1177550,613,"08/01/05 00:00:00","01/18/06 00:00:00",400,2600,"H200506bd",9,,"T",,"01/25/08 16:14:00","01/25/08 15:24:00",,,,,
1177551,613,"06/09/04 00:00:00","08/01/05 00:00:00",400,2600,"H200405bd",9,,"T",,"01/25/08 16:14:00","01/25/08 14:09:00",,,,,
1177552,613,"05/28/03 00:00:00","06/09/04 00:00:00",400,2600,"H200304bd",9,,"T",,"01/25/08 16:14:00","01/25/08 13:48:00",,,,,
1177553,613,"01/01/97 00:00:00","01/01/99 00:00:00",400,2600,"H199799bd",9,,"T","01/25/08 11:29:00","01/25/08 16:15:00","01/21/08 14:40:00",,,,,
1177554,613,"02/21/95 00:00:00","01/01/97 00:00:00",400,2600,"H199597bd",8,,"T",,"01/25/08 16:15:00","01/21/08 14:00:00",,,,,
1177555,613,"01/18/06 00:00:00","08/01/06 00:00:00",400,2600,"H200606bd",10,,"T",,"01/25/08 16:37:00","01/25/08 15:40:00",,,,,
1177556,613,"08/01/06 00:00:00","01/01/10 00:00:00",250,2000,"H200610bd",9,,"T","04/17/08 13:11:00","04/28/08 09:51:00","06/29/07 08:53:00",,,,,
1177557,220,"11/14/24 14:30:00","01/01/50 00:00:00",44,3836,"H202450",8,"
","T","04/25/25 10:24:00","04/25/25 10:24:00","02/10/10 12:00:00",,,"H202450",0,
1177558,259,"02/21/24 19:00:00","12/31/50 00:00:00",240,950,"H202450",9,,"T","01/20/25 16:49:00","04/25/25 10:45:00","01/20/25 15:00:00",,,"H202450",0,"le début de validité correspond à une nouvelle période avec une influence aval inconnue."
1177560,327,"01/01/23 00:00:00","01/01/50 00:00:00",8,1590,"H202350ESS",4,,"T","04/25/25 10:53:00","04/25/25 10:53:00","01/21/25 00:00:00",,,"H202350",1,
1177562,614,"12/07/71 00:00:00","08/11/74 00:00:00",280,9999,"00001",16,,"C",,,,,,,,
1177563,614,"08/12/74 00:00:00","11/09/74 00:00:00",240,9999,"00002",12,,"C",,,,,,,,
1177564,614,"11/10/74 00:00:00","11/30/74 00:00:00",250,9999,"00003",5,,"C",,,,,,,,
1177565,614,"12/01/74 00:00:00","01/20/75 00:00:00",250,310,"00004",3,,"C",,,,,,,,
1177566,614,"01/21/75 00:00:00","02/13/75 00:00:00",250,325,"00005",3,,"C",,,,,,,,
1177567,614,"02/14/75 00:00:00","02/22/75 00:00:00",250,325,"00006",4,,"C",,,,,,,,
1177568,614,"02/23/75 00:00:00","03/25/75 00:00:00",250,350,"00007",5,,"C",,,,,,,,
1177569,614,"03/26/75 00:00:00","02/19/78 00:00:00",200,660,"00008",18,,"C",,,,,,,,
1177570,614,"10/02/84 00:00:00","01/07/86 00:00:00",285,9999,"00010",8,,"C",,,,,,,,
1177571,614,"01/08/86 00:00:00","01/27/86 00:00:00",355,9999,"00011",2,,"C",,,,,,,,
1177572,614,"01/28/86 00:00:00","12/31/86 00:00:00",180,600,"00012",20,,"C",,,,,,,,
1177573,614,"01/01/89 00:00:00","12/31/90 00:00:00",190,500,"00014",10,,"C",,,,,,,,
1177574,614,"01/01/91 00:00:00","09/01/93 00:00:00",150,500,"00015",10,,"C",,,,,,,,
1177575,614,"03/20/95 00:00:00","12/21/95 00:00:00",180,500,"00017",15,"Courbe detarée suite a presence de pierres dans la section","C",,,,,,,,
1177576,614,"09/01/93 00:00:00","03/20/95 00:00:00",130,500,"00016",13,,"C",,,,,,,,
1177577,614,"01/01/87 00:00:00","01/01/89 00:00:00",270,520,"00013",10,"modification de l'extrapolation supérieure de la courbe suite a crue du 15/02/2002. Transmis sur HYDRO le 20/02/2002","C",,,,,,,,
1177578,614,"02/20/78 00:00:00","10/02/84 00:00:00",200,750,"00009",17,"Reprise de la courbe en moyennes et hautes eaux suite à crue du 15/02/2002. Transmis sur HYDRO le 19/02/2002","C",,,,,,,,
1177579,614,"12/21/95 00:00:00","06/01/03 00:00:00",130,750,"00018",20,"Retour a courbe sans pierre avec prolongement de l'extrapolation superieure suite a crue du 15/02/2002. Ajustement moyennes eaux. Transmis sur HYDRO le 19/01/2004","C",,"05/20/05 10:53:00",,,,,,
1177580,614,"06/01/03 00:00:00","12/31/49 00:00:00",130,750,"00019",20,"ajustement de la courbe en moyenne et basses eaux, suite à modification des conditions d'amenée. transmise sur Hydro le 20/05/2005.","C",,"05/20/05 10:51:00","05/20/05 10:25:00",,,,,
1177581,614,"05/01/04 00:00:00","06/01/06 00:00:00",200,800,"H200306g",6,"Ajustements basses et moyennes eaux.","T",,"05/18/07 14:14:00","04/17/07 09:15:00",,,,,
1177582,614,"03/01/03 00:00:00","05/01/04 00:00:00",200,800,"H200304g",6,"Ajustements basses et moyennes eaux","T",,"05/18/07 14:15:00","04/17/07 08:59:00",,,,,
1177583,614,"06/01/06 00:00:00","05/01/07 00:00:00",150,600,"H200607g",6,"contrôle instable (enrochements végétalisés)","T",,"06/21/07 14:54:00","04/17/07 09:43:00",,,,,
1177584,614,"05/01/07 00:00:00","02/01/08 15:00:00",150,600,"H200708P",5,"Modification des conditions d'amenée sur le seuil. Reprise de la courbe pour validation definitive et transmission sur HYDRO le 30/09/2008.","T",,"09/30/08 11:27:00","06/21/07 14:44:00",,,,,
1177585,614,"02/01/08 15:00:00","07/31/08 20:00:00",150,800,"H200808P",4,"contrôle modifié suite à crue du 01/02/2008","T",,"09/30/08 11:37:00","08/14/08 14:39:00",,,,,
1177586,614,"07/31/08 20:00:00","12/31/12 00:00:00",150,800,"H200812P",11,"Nouvelle courbe à ajuster avec prochains jaugeages...ajustement bas de courbe. transmis sur HYDRO le 10/03/2009.","T",,"08/25/11 09:55:00","09/30/08 11:32:00",,,,,
1180926,434,"01/01/19 00:00:00","06/29/21 16:30:00",350,6000,"H201921",9,"Premiére courbe","T",,,,,,"H201921",,
1180927,434,"06/29/21 16:30:00","01/02/22 08:00:00",350,6000,"H202122",8,"Nouvelle courbe.    PG.","T",,,,,,"H202122",,
1180928,434,"01/02/22 08:00:00","06/30/22 00:00:00",90,6000,"H202222",10,,"T",,,,,,"H202222",,
1180929,434,"06/30/22 00:00:00","01/21/23 02:00:00",90,6000,"H202223",11,,"T",,,,,,"H202223",,"Nouvelle courbe suite aux 500m3/s de 06/2022
Provisoire avec futur jaugeage sur l'ensemble de la loire (givry à Orléans) (100 à 250 m3/s)"
1180930,434,"01/21/23 02:00:00","02/24/25 18:20:00",90,6000,"H202325",11,,"T",,,,,,"H202325",,"modification suite aux jaugeages d'été 2023"
1180932,434,"01/01/00 00:20:00","01/01/00 00:30:00",12,5000,"Bargam",100,,"C",,,,,,,,
1180933,434,"01/01/00 00:30:00","01/01/00 00:40:00",12,5000,"Bargam_sup",100,,"C",,,,,,,,
1180934,434,"01/01/00 00:00:00","01/01/00 00:20:00",12,5000,"Bargam_inf",100,,"C",,,,,,,,
1180938,150,"05/18/23 03:00:00","02/21/25 09:40:00",-750,7700,"H202325",8,,"T","04/30/25 13:01:00","04/30/25 13:01:00",,,,"H202325",0,"nouvelle courbe suite au jaugeages d'été 2023"
1180940,313,"01/01/22 00:00:00","01/01/50 00:00:00",200,2800,"H2022-50",9,"23/06/2022 Mise à jour bas de CT DR
6/11/2024 Mise à jour bas CT YS
16/01/2025 Mise à jour CT YS
","T","01/16/25 09:34:00","05/02/25 09:39:00","04/18/16 00:00:00",,,"H2022-50",0,
1180942,17,"10/21/24 15:00:00","01/01/50 00:00:00",-550,4200,"H2024_50",7,"Changement de courbe suite à la crue du 20/10/2024","T","04/14/25 11:34:00","04/24/25 06:55:00","03/10/24 00:00:00",,,"H2024_50",0,"Mis en place d'un Corth suite à la crue du 10/05/24, nombreux embâcles posés au niveau des arches du pont aval à la station."
1180943,17,"01/01/94 00:00:00","06/16/94 00:00:00",-500,2500,"C10516",9," ","C",,,,,,,,
1180944,17,"06/16/94 00:00:00","08/21/94 00:00:00",-500,2200,"C10517",8," ","C",,,,,,,,
1180945,17,"08/21/94 00:00:00","12/31/94 00:00:00",-500,2500,"C10518",9," ","C",,,,,,,,
1180946,17,"01/01/95 00:00:00","01/01/96 00:00:00",-600,2000,"C10519",12," ","C",,,,,,,,
1180947,17,"01/01/96 00:00:00","12/30/96 00:00:00",-500,2000,"C10520",14," ","C",,,,,,,,
1180948,17,"12/30/96 00:00:00","08/31/97 16:15:00",-500,2500,"C10521",10," ","C",,,,,,,,
1180949,17,"08/01/97 00:00:00","12/01/98 00:00:00",-450,1700,"150",3,,"T",,,,,,,,
1180950,17,"01/01/97 00:00:00","01/01/98 00:00:00",-550,2000,"c9797",5,,"T",,,,,,,,
1180951,17,"01/01/66 00:00:00","05/01/67 00:00:00",-300,2000,"C6667",3,,"T",,,,,,,,
1180952,17,"05/01/67 00:00:00","12/31/67 00:00:00",-500,2000,"C6767",4,,"T",,,,,,,,
1180953,17,"01/01/68 00:00:00","12/31/68 00:00:00",-300,2000,"C6868",4,,"T",,,,,,,,
1180954,17,"01/01/69 00:00:00","12/31/70 00:00:00",-350,2000,"C6970",4,,"T",,,,,,,,
1180955,17,"01/01/71 00:00:00","12/31/72 00:00:00",-250,2000,"C7172",4,,"T",,,,,,,,
1180956,17,"01/01/73 00:00:00","12/31/75 00:00:00",-400,2000,"C7375",3,,"T",,,,,,,,
1180957,17,"01/01/76 00:00:00","12/31/77 00:00:00",-500,2000,"C7677",4,,"T",,,,,,,,
1180958,17,"01/01/78 00:00:00","12/31/79 00:00:00",-600,2000,"C7879",4,,"T",,,,,,,,
1180959,17,"01/01/80 00:00:00","09/15/81 00:00:00",-500,2000,"C8081",4,,"T",,,,,,,,
1180960,17,"09/15/81 00:00:00","12/31/83 00:00:00",-400,2000,"C8183",4,,"T",,,,,,,,
1180961,17,"01/01/84 00:00:00","12/31/87 00:00:00",-600,2000,"C8487",6,,"T",,,,,,,,
1180962,17,"01/01/88 00:00:00","12/31/89 00:00:00",-550,2000,"C8889",5,,"T",,,,,,,,
1180963,17,"01/01/90 00:00:00","12/31/90 00:00:00",-600,2000,"C9090",4,,"T",,,,,,,,
1180964,17,"09/02/98 00:00:00","01/01/00 00:00:00",-550,1500,"c9900",7,,"T",,,,,,,,
1180965,17,"01/01/00 00:00:00","05/08/01 00:00:00",-590,1500,"H200001",5,,"T",,,,,,,,
1180966,17,"05/08/01 00:00:00","11/27/02 09:00:00",-580,2450,"H200102",8,,"T",,,,,,,,
1180967,17,"11/27/02 09:00:00","05/01/03 00:00:00",-550,2400,"H200203",4,,"T",,"07/19/04 11:14:00","02/03/04 12:05:00",,,,,
1180968,17,"05/01/03 00:00:00","12/05/03 00:00:00",-550,2400,"H200303",4,,"T","07/05/04 16:51:00","09/20/04 12:13:00","04/05/04 16:57:00",,,,,
1180969,17,"12/05/03 00:00:00","05/04/04 00:00:00",-550,2400,"H200304",4,,"T",,"12/16/04 16:17:00","09/20/04 00:00:00",,,,,
1180970,17,"05/04/04 00:00:00","01/25/05 00:00:00",-550,2400,"H200405",4,,"T",,"06/08/05 08:40:00","10/25/04 00:00:00",,,,,
1180971,17,"12/10/01 00:00:00","11/27/02 00:00:00",-590,1500,"H200102Co",3,,"T",,"10/18/05 14:58:00","10/18/05 00:00:00",,,,,
1180972,17,"11/27/02 09:00:00","10/01/03 00:00:00",-550,2400,"H200203Co",4,,"T",,"05/04/06 10:35:00","02/03/04 12:05:00",,,,,
1180973,17,"09/02/98 00:00:00","01/01/00 00:00:00",-550,1500,"H199900Co",4,,"T",,"05/04/06 11:21:00",,,,,,
1180974,17,"01/01/00 00:00:00","05/08/01 00:00:00",-550,1500,"H200001Co",4,,"T",,"05/04/06 12:02:00","10/18/05 00:00:00",,,,,
1180975,17,"05/08/01 00:00:00","12/10/01 00:00:00",-500,1500,"H200101Co",4,,"T",,"05/04/06 12:11:00","10/18/05 00:00:00",,,,,
1180976,17,"10/01/03 00:00:00","01/25/05 00:00:00",-550,3000,"H200305Co",4,,"T",,"05/16/06 16:13:00","04/28/05 00:00:00",,,,,
1180977,17,"01/25/05 00:00:00","04/12/06 00:00:00",-550,3000,"H200506",4,,"T",,"07/11/06 14:31:00","06/07/05 00:00:00",,,,,
1180978,17,"04/12/06 00:00:00","11/05/08 18:00:00",-550,3000,"H200608",5,"attention confirmation jaugeage
secteur -40 cm  à  -10 cm","T","11/08/10 15:38:00","11/08/10 15:38:00","07/11/05 00:00:00",,,,,
1180979,17,"01/01/88 00:00:00","12/31/89 00:00:00",-550,2000,"R198889",5,,"T",,"05/10/11 16:13:00",,,,,,
1180980,17,"09/27/16 00:00:00","03/08/17 00:00:00",-550,4200,"H201617",7,"Changement de courbe suite aux nettoyage des piles (embacles) du pont de la station  ( fin septembre 2016 ).","T","02/24/17 14:10:00","04/18/17 14:43:00","01/21/14 00:00:00",,,"H201617",0,
1180981,17,"03/08/17 00:00:00","04/19/18 00:00:00",-550,4200,"H201718",9,,"T","02/05/18 14:08:00","06/01/18 11:03:00","01/21/14 00:00:00",,,"H201718",0,
1180982,17,"04/19/18 00:00:00","02/12/19 00:00:00",-550,4200,"H201819",8," Changement de courbe suite au probable nettoyage du seuil de controle (avril 2018)  retour à la courbe de 
2016.","T","02/12/19 00:00:00","05/15/19 11:09:00","01/21/14 00:00:00",,,"H201819",0,
1180983,17,"02/12/19 00:00:00","11/29/19 00:00:00",-550,4200,"H201919",10," Changement de courbe suite au probable nettoyage du seuil de controle (avril 2018)  retour à la courbe de 
2016.","T","12/03/19 17:34:00","01/17/20 14:47:00","01/21/14 00:00:00",,,"H201919",0,
1180984,17,"11/07/11 14:00:00","05/24/12 00:00:00",-550,3000,"H201112",8,,"T","12/03/13 11:15:00","01/30/20 13:16:00","07/21/09 00:00:00",,,"H201112",0,
1180985,17,"05/24/12 00:00:00","05/05/13 00:00:00",-550,3000,"H201213",8,,"T","12/03/13 11:15:00","01/30/20 13:18:00","07/21/09 00:00:00",,,"H201213",0,
1180986,17,"11/05/08 18:00:00","11/07/11 14:00:00",-550,3000,"H200811",9,,"T","04/17/15 10:34:00","02/03/20 09:55:00","07/21/09 00:00:00",,,"H200811",0,
1180987,17,"05/05/13 00:00:00","09/27/16 00:00:00",-550,4200,"H201316",9,,"T","07/08/16 14:42:00","02/06/20 15:06:00","01/21/14 00:00:00",,,"H201316",0,
1180988,17,"04/12/06 00:00:00","11/05/08 18:00:00",-550,3000,"H200608ES",8,"attention confirmation jaugeage
secteur -40 cm  à  -10 cm","T","11/08/10 15:38:00","03/13/20 15:46:00","07/11/05 00:00:00",,,,0,
1180989,17,"11/29/19 00:00:00","10/15/20 00:00:00",-550,4200,"H201920",10,"CHANGEMENT DE COURBE Embacle importante au niveau du pont de pierres de Moulins influance importante.","T","08/06/20 15:32:00","01/14/21 15:02:00","01/21/14 00:00:00",,,"H201920",0,
1180990,17,"10/15/20 00:00:00","12/08/20 17:00:00",-550,4200,"H202020",10,"CHANGEMENT DE COURBE Construction d'un batardeau rive gauche condamnant 4 arches du pont routiers de Moulins ( controle de la station).","T","11/02/20 10:04:00","01/14/21 16:04:00","01/21/14 00:00:00",,,"H202020",0,
1180991,17,"12/08/20 17:00:00","09/15/21 00:00:00",-550,4200,"H202021",9,"CHANGEMENT DE COURBE suite suppression batardeau rive gauche
Denouveau seuil encombré suite a la crue de Fevrier 2021.","T","08/16/21 11:20:00","10/21/21 09:22:00","01/21/14 00:00:00",,,"H202021",0,
1180992,17,"09/15/21 00:00:00","12/04/21 00:00:00",-550,4200,"H202121",9,"Changement de courbe suite au travaux rive droite (passe à poissons condanation de 3 arches +  nettoyage du seuil )","T","10/19/21 11:18:00","12/07/21 16:33:00","01/21/14 00:00:00",,,"H202121",0,
1180993,17,"12/04/21 00:00:00","03/21/22 08:00:00",-550,4200,"H202122",9,"CHANGEMENT DE COURBE Suite à la montée des eaux à partir du 04/12/2021 courbe provisoir batardeau rive droite obstruant 3 arches.","T","12/07/21 16:35:00","03/24/22 16:22:00","01/21/14 00:00:00",,,"H202122",0,
1180994,17,"11/15/23 09:00:00","10/21/24 15:00:00",-550,4200,"H2023_24",7,"Changement de courbe suite à l'enlèvement du batardeau rive droite. Reprise coube non influancée (seuil propre).","T","11/17/23 12:01:00","04/18/25 07:40:00","11/17/23 12:00:00",,,"H2023_24",0,
1180995,17,"03/21/22 08:00:00","11/15/23 09:00:00",-550,4200,"H2022_23",8,"Changement de courbe suite à l'enlèvement du batardeau rive droite. Reprise coube non influancée (seuil propre).","T","03/25/22 09:21:00","04/18/25 07:40:00","01/21/14 00:00:00",,,"H2022_23",0,
1180996,16,"04/30/98 00:00:00","07/15/98 00:00:00",-1200,2800,"C9898",4,,"T",,"02/28/13 16:28:00",,,,,,
1180997,16,"09/27/98 00:00:00","12/02/98 00:00:00",-1000,2700,"c984",4,,"T",,"02/28/13 16:31:00",,,,,,
1180998,16,"09/10/98 00:00:00","09/27/98 00:00:00",-1100,2800,"C983",7,,"T",,"02/28/13 16:32:00",,,,,,
1180999,16,"08/29/22 00:00:00","08/26/24 13:00:00",-1450,4300,"H2022_24",9,,"T","03/10/25 15:34:00","03/10/25 15:36:00","08/29/22 00:00:00",,,"H2022_24",0,"Nouvelle CT suite à détarage"
1181000,16,"08/07/97 00:00:00","01/01/98 00:00:00",-1300,2800,"C10514",4,,"T",,"02/28/13 16:34:00",,,,,,
1181001,16,"01/01/95 00:00:00","01/01/96 00:00:00",-1350,2900,"C10512",3,"date de fin non indiquée","T",,"02/28/13 16:39:00",,,,,,
1181002,16,"01/01/92 00:00:00","12/01/92 00:00:00",-1000,2700,"C9292",5,,"T",,,,,,,,
1181003,16,"01/01/83 00:00:00","12/31/85 00:00:00",-1000,2800,"C8385",4,,"T",,,,,,,,
1181004,16,"01/01/86 00:00:00","03/01/87 00:00:00",-1050,2800,"C8687",4,,"T",,,,,,,,
1181005,16,"03/01/87 00:00:00","12/31/87 00:00:00",-900,2800,"c8787",4,,"T",,,,,,,,
1181006,16,"01/01/88 00:00:00","12/31/89 00:00:00",-1250,2800,"C8889",5,,"T",,,,,,,,
1181007,16,"01/01/90 00:00:00","04/01/92 00:00:00",-1300,2800,"C9091",5,,"T",,,,,,,,
1181008,16,"04/01/92 00:00:00","04/01/93 00:00:00",-1000,2800,"C9292",4,,"T",,,,,,,,
1181009,16,"04/01/93 00:00:00","08/01/93 00:00:00",-1000,2800,"C9393",4,,"T",,,,,,,,
1181010,16,"08/01/95 00:00:00","08/10/97 00:00:00",-1200,2800,"C9597",4,,"T",,,,,,,,
1181011,16,"08/01/93 00:00:00","08/01/95 00:00:00",-1100,2800,"C9395",4,,"T",,,,,,,,
1181012,16,"01/01/98 00:00:00","04/30/98 00:00:00",-1050,2800,"C981",25," ","C",,,,,,,,
1181013,16,"01/01/98 00:00:00","12/31/98 00:00:00",-1200,3000,"pas98",9,,"C",,,,,,,,
1181014,16,"12/02/98 00:00:00","12/31/98 00:00:00",-1200,3000,"c985",8,,"T",,,,,,,,
1181015,16,"01/01/84 00:00:00","12/31/84 00:00:00",-1190,2900,"K198484",2,,"T",,,,,,,,
1181016,16,"09/04/85 00:00:00","12/31/85 00:00:00",-1490,3400,"K198585",4,,"T",,,,,,,,
1181017,16,"01/16/86 00:00:00","12/31/86 00:00:00",-1250,3400,"K1986862",3,,"T",,,,,,,,
1181018,16,"04/29/89 00:00:00","02/17/90 00:00:00",-1500,3400,"K198990",3,,"T",,,,,,,,
1181019,16,"02/17/90 00:00:00","09/01/90 00:00:00",-1550,3400,"K1990901",3,,"T",,,,,,,,
1181020,16,"09/01/90 00:00:00","12/31/90 00:00:00",-1550,3400,"K1990902",3,,"T",,,,,,,,
1181021,16,"01/01/86 00:00:00","01/16/86 00:00:00",-1440,3400,"K1986861",3,,"T",,,,,,,,
1181022,16,"01/01/87 00:00:00","02/14/88 00:00:00",-1400,3400,"K198788",3,,"T",,,,,,,,
1181023,16,"02/14/88 00:00:00","08/19/88 00:00:00",-1500,3400,"K198888",3,,"T",,,,,,,,
1181024,16,"08/19/88 00:00:00","04/28/89 00:00:00",-1450,3400,"K198889",3,,"T",,,,,,,,
1181025,16,"01/01/91 00:00:00","10/09/91 00:00:00",-1550,1000,"K199191",3,,"T",,,,,,,,
1181026,16,"12/31/98 00:00:00","01/01/00 00:00:00",-1150,2800,"c99",7,,"T",,,,,,,,
1181027,16,"11/25/02 00:00:00","11/27/03 00:00:00",-1500,3100,"H200203",5,,"T","12/01/03 15:54:00","07/19/04 09:25:00","11/26/03 10:16:00",,,,,
1181028,16,"06/28/00 00:00:00","12/12/00 00:00:00",-1390,2700,"H200000E",5,,"T",,"07/23/04 10:48:00",,,,,,
1181029,16,"02/09/00 00:00:00","03/08/00 00:00:00",-1390,2700,"H200000A",5,,"T",,"07/23/04 10:50:00",,,,,,
1181030,16,"06/20/00 00:00:00","06/28/00 00:00:00",-1390,2700,"H200000D",5,,"T",,"07/23/04 10:56:00",,,,,,
1181031,16,"04/09/00 00:00:00","06/20/00 00:00:00",-1390,2700,"H200000C",5,,"T",,"07/23/04 11:00:00",,,,,,
1181032,16,"12/12/00 00:00:00","04/29/01 00:00:00",-1390,2700,"H200001",5,,"T",,"07/23/04 11:03:00",,,,,,
1181033,16,"03/08/00 00:00:00","04/09/00 00:00:00",-1390,2700,"H200000B",5,,"T",,"07/23/04 15:41:00",,,,,,
1181034,16,"11/27/03 00:00:00","01/26/05 00:00:00",-1400,3100,"H200305",5,,"T",,"06/08/05 08:26:00","12/16/04 00:00:00",,,,,
1181035,16,"11/01/99 00:00:00","09/05/01 00:00:00",-1150,2800,"H199901Co",4,,"T",,"10/18/05 09:58:00","10/18/05 00:00:00",,,,,
1181036,16,"12/31/98 00:00:00","11/01/99 00:00:00",-1150,2800,"H199899Co",5,,"T",,"10/18/05 10:07:00","10/17/05 00:00:00",,,,,
1181037,16,"11/01/99 00:00:00","09/05/01 00:00:00",-1150,2800,"H9901CoB",5,,"T",,"10/19/05 14:35:00","10/19/05 00:00:00",,,,,
1181038,16,"04/29/01 00:00:00","11/25/02 00:00:00",-1250,3050,"H200102",7,,"T",,"05/03/06 11:03:00","05/03/06 11:03:00",,,,,
1181039,16,"07/15/07 00:00:00","11/05/08 00:00:00",-1400,3100,"H200708g",7,,"T","08/17/09 11:26:00","02/15/10 11:06:00","07/05/08 00:00:00",,,,,
1181040,16,"11/05/08 00:00:00","11/21/09 12:00:00",-1400,3100,"H200809",7,,"T","11/08/10 12:24:00","11/08/10 15:15:00","07/05/08 00:00:00",,,,,
1181041,16,"01/01/02 12:00:00","12/01/02 12:00:00",12,5000,"CHAGUI_inf",100,"h/q Baratin : Qmin","C",,,,,,,,
1181042,16,"01/01/02 12:00:00","12/01/02 12:00:00",12,5000,"CHAGUI_sup",100,"h/q Baratin : Qmax","C",,,,,,,,
1181043,16,"01/01/02 12:00:00","12/01/02 12:00:00",12,5000,"CHAGUI",100,"h/q Baratin : Qmaxpost","C",,,,,,,,
1181044,16,"12/19/14 00:00:00","07/08/15 00:00:00",-1400,4300,"H201415",8,,"T","06/27/16 15:51:00","04/25/17 16:10:00","07/12/14 00:00:00",,,"H201415",0,
1181045,16,"07/08/15 00:00:00","06/01/16 00:00:00",-1400,4300,"H201516",9,,"T","11/04/16 15:40:00","04/26/17 08:56:00","07/12/14 00:00:00",,,"H201516",0,
1181046,16,"07/12/14 00:00:00","12/19/14 00:00:00",-1400,4300,"H201414",8,,"T","06/27/16 15:51:00","04/26/17 10:10:00","07/12/14 00:00:00",,,"H201414",0,
1181047,16,"06/01/16 00:00:00","11/24/16 00:00:00",-1400,4300,"H201616",8,,"T","04/20/17 15:57:00","06/02/17 10:28:00","07/12/14 00:00:00",,,"H201616",0,
1181048,16,"11/24/16 00:00:00","09/01/17 00:00:00",-1400,4300,"H201617",9,,"T","06/30/17 09:39:00","10/30/17 16:17:00","07/12/14 00:00:00",,,"H201617",0,
1181049,16,"11/21/09 12:00:00","12/25/10 17:00:00",-1400,3100,"H200910",6,"Courbe cloturée sur les crues de fin 2010 suite à détarage observé au début de l'étiage. Voir jaugeage du 27/04/2011.","T","04/27/11 08:53:00","03/20/18 09:38:00","11/08/10 00:00:00",,,"H200910",0,
1181050,16,"12/25/10 17:00:00","11/25/12 17:00:00",-1400,3100,"H201012",7,,"T","07/10/15 10:38:00","03/20/18 10:40:00","07/12/14 00:00:00",,,"H201012",0,
1181051,16,"11/25/12 17:00:00","07/12/14 00:00:00",-1400,4300,"H201214",10,,"T","10/16/15 11:17:00","03/20/18 11:02:00","07/12/14 00:00:00",,,"H201214",0,
1181052,16,"09/01/17 00:00:00","06/14/18 00:00:00",-1400,4300,"H201718",11,,"T","04/13/18 10:04:00","07/13/18 09:26:00","07/12/14 00:00:00",,,"H201718",0,
1181053,16,"06/14/18 00:00:00","11/17/18 00:00:00",-1400,4300,"H201818",12,,"T","06/14/18 13:26:00","05/16/19 09:30:00","07/12/14 00:00:00",,,"H201818",0,
1181054,16,"01/26/05 00:00:00","02/16/06 00:00:00",-1250,3100,"H200506",5,,"T",,"03/13/20 10:44:00","04/26/06 00:00:00",,,,0,
1181055,16,"02/16/06 00:00:00","07/15/07 00:00:00",-1400,3100,"H200607",5,,"T",,"03/13/20 11:11:00","07/31/06 00:00:00",,,,0,
1181056,16,"11/17/18 00:00:00","11/27/19 00:00:00",-1400,4300,"H201819",10,,"T","10/30/19 11:03:00","06/05/20 09:24:00","07/12/14 00:00:00",,,"H201819",0,
1181057,16,"11/27/19 00:00:00","12/15/20 00:00:00",-1400,4300,"H201920",10,,"T","04/13/21 16:35:00","04/23/21 09:23:00","07/12/14 00:00:00",,,"H201920",0,
1181059,16,"12/15/20 00:00:00","08/29/22 00:00:00",-1450,4300,"H202022",13,,"T","08/25/23 12:52:00","03/19/24 15:24:00","12/15/20 00:00:00",,,"H202022",0,"MAJ DB bas débit, à voir si détarage ?
17/11/2023 modif -40 à -25 cm"
1181060,488,"12/14/23 09:40:00","10/18/24 00:00:00",280,2500,"H2023-24",14,,"T","04/12/24 09:55:00","03/28/25 11:41:00","01/26/24 13:00:00",,,"H2023-24",0,"Création d'une nouvelle CT suite à l'épisode de crue du 14/12/2023."
1181061,488,"02/14/16 00:00:00","06/28/17 00:00:00",280,2500,"H2016-1",5,"

","T","08/31/18 13:54:00","08/31/18 15:01:00","06/15/15 11:02:00",,,"H2016-1",0,
1181062,488,"06/28/17 00:00:00","01/07/18 00:00:00",300,2500,"H2017-1",4,,"T",,"04/02/20 13:44:00","08/31/18 12:12:00",,,"H2017-1",0,
1181063,488,"11/16/14 00:00:00","02/14/16 00:00:00",240,2500,"H2014-1",8,"

","T","04/11/17 17:59:00","04/02/20 13:07:00","06/15/15 11:02:00",,,"H2014-1",0,
1181064,488,"05/02/13 00:00:00","11/16/14 00:00:00",240,2500,"H2013-1",7,"

","T","04/11/17 15:43:00","04/02/20 13:08:00","11/17/14 14:03:00",,,"H2013-1",0,
1181065,488,"02/27/10 00:00:00","12/24/10 00:00:00",300,1800,"H201010",5,,"T",,"04/02/20 13:43:00","09/09/10 16:23:00",,,,0,
1181066,488,"12/24/10 00:00:00","12/31/11 00:00:00",270,1800,"H201011",12,,"T",,"04/02/20 13:43:00","02/17/12 13:42:00",,,,0,
1181067,488,"12/31/11 00:00:00","05/02/13 00:00:00",270,2500,"H2011-1",5,"
","T","04/11/17 14:55:00","04/02/20 13:44:00","10/11/13 11:26:00",,,"H2011-1",0,
1181068,488,"03/03/07 00:00:00","02/27/10 00:00:00",200,1800,"2007_1NE",5,,"T",,"04/02/20 13:47:00","01/15/10 11:15:00",,,,0,
1181069,488,"11/04/04 06:55:00","03/03/07 00:00:00",300,3000,"NEUVY05",30,,"C","04/04/07 10:50:00","04/03/20 14:24:00","01/18/06 14:24:00",,,,0,
1181070,488,"01/01/97 00:00:00","11/04/04 06:55:00",300,3000,"NEUVY97",22,,"C","04/04/07 10:50:00","04/03/20 14:26:00","01/18/06 14:24:00",,,,0,
1181072,488,"10/14/20 07:10:00","10/13/21 07:37:00",280,2500,"H2020-2",8,"assemblage courbes 2020-2 et 2020-3
maj1/2/3 : reprise courbe h = 30/35/40 cm","T","08/25/21 16:20:00","11/29/22 16:30:00","04/01/21 08:30:00",,,"H2020-2",0,
1181073,488,"05/03/20 01:30:00","10/14/20 07:10:00",300,2500,"H2020-1",13,"maj : reprise courbe H = 40 cm","T","10/28/20 10:25:00","11/29/22 16:34:00","07/21/20 11:06:00",,,"H2020-1",0,
1181074,488,"07/27/19 17:25:00","05/03/20 01:30:00",280,2500,"H2019-1",6,"nouvelle courbe suite détarage été 2019","T","07/21/20 11:15:00","11/29/22 16:35:00","03/19/20 11:00:00",,,"H2019-1",0,
1181075,488,"01/07/18 00:00:00","07/27/19 17:25:00",300,2500,"H2018-1",7,,"T","03/06/20 12:24:00","11/29/22 16:36:00","08/31/18 15:09:00",,,"H2018-1",0,
1181076,488,"10/13/21 07:37:00","07/20/22 00:00:00",280,2500,"H2021-22",10,"13/05/2022 revu le bas de CT DR
Ajuster bas de courbe suite à crue 2022","T","08/25/21 16:20:00","02/06/23 16:19:00","04/01/21 08:30:00",,,"H2021-22",0,
1181077,488,"07/20/22 00:00:00","01/20/23 00:00:00",280,2500,"H2022-23",10,,"T","01/20/23 10:54:00","02/06/23 16:42:00","07/20/22 00:00:00",,,"H2022-23",0,
1181078,488,"01/20/23 00:00:00","12/14/23 09:40:00",280,2500,"H2023-23",10,"Nouvelle courbe suite à l'enlèvements d'embacles situés à l'aval de la station le 26/01/2023.","T","02/06/23 16:38:00","02/02/24 10:26:00","02/06/23 16:00:00",,,"H2023-23",0,
1181080,562,"03/07/17 07:10:00","01/07/18 10:00:00",240,3500,"H2017-1",5,,"T","04/03/20 12:00:00","12/16/20 17:17:00","01/03/17 15:12:00",,,"H2017-1",0,
1181081,562,"01/01/16 00:00:00","03/07/17 07:10:00",240,3500,"H2016-1",5,,"T","04/03/20 12:00:00","12/16/20 17:18:00","01/03/17 15:12:00",,,"H2016-1",0,
1181082,562,"02/03/20 05:20:00","09/28/20 00:00:00",200,3500,"H2020-1",7,"Création suite à détarage février 2020","T",,"07/21/20 12:05:00","07/21/20 12:05:00",,,"H2020-1",0,
1181083,562,"09/28/20 00:00:00","02/01/21 00:00:00",200,3500,"H2020-2",5,"Création suite à détarage sept 2020
maj : reprise courbe H = 78 cm","T","02/08/21 15:15:00","12/27/21 10:38:00","11/26/20 14:30:00",,,"H2020-2",0,
1181084,562,"01/07/18 10:00:00","02/03/20 05:20:00",200,3500,"H2019-1",6,,"T","07/21/20 12:04:00","12/27/21 10:39:00","05/15/19 11:37:00",,,"H2019-1",0,
1181085,562,"12/14/23 15:00:00","10/19/24 05:00:00",200,3500,"H2023-24",8,,"T","10/11/24 10:29:00","11/04/24 12:21:00","01/26/24 13:00:00",,,"H2023-24",0,"Création d'une nouvelle CT suite à l'épisode de crue du14/12/23. Détarage probable, 1.92 m soit 9 m3/s enregistré. Effondrement du barrage à l'aval.
Détarage constaté le 05/09/24 probablement lié aux embâcles situés à l'aval de la station. Ajustement du bas de courbe."
1181086,562,"08/05/21 09:40:00","12/30/21 04:00:00",200,3500,"H2021-2",7,"Création suite à détarage septembre 2021
maj : changement période de début de la courbe","T","12/13/21 15:30:00","12/06/22 15:50:00","11/23/21 14:30:00",,,"H2021-2",0,
1181087,562,"02/01/21 00:00:00","08/05/21 09:40:00",300,3500,"H2021-1",9,"Création suite à détarage février 2021
MAJ : point d'injonction a h = 60cm
MAJ2/3/4 : reprise courbe h=25/35/40cm
maj3 : reprise courbe h=60cm
MAJ3 : reprise courbe h=50cm","T","08/25/21 15:50:00","12/12/22 15:46:00","02/23/21 10:00:00",,,"H2021-1",0,
1181088,562,"12/30/21 04:00:00","07/01/22 09:00:00",200,3500,"H2021-22",7,"Création suite à détarage décembre 2021
maj : changement période de début de la courbe","T","12/06/22 16:01:00","12/12/22 15:47:00","11/21/22 14:00:00",,,"H2021-22",0,
1181089,562,"07/01/22 09:00:00","01/20/23 15:43:00",200,3500,"H2022-23",6,"Création suite à détarage juin 2022
","T","12/12/22 15:49:00","02/24/23 10:53:00","12/12/22 14:00:00",,,"H2022-23",0,
1181090,562,"01/20/23 15:43:00","12/14/23 15:00:00",200,3500,"H2023-23",9,"Création suite à détarage lié à un barrage à l'aval
","T","04/12/24 09:34:00","04/12/24 09:36:00","12/12/22 14:00:00",,,"H2023-23",0,
1183557,211,"11/01/05 00:00:00","07/14/06 00:00:00",900,3900,"H200506R",2,,"T","10/22/07 10:48:00","10/22/07 10:49:00","04/12/06 00:00:00",,,,,
1183558,211,"07/10/07 00:00:00","11/01/07 00:00:00",940,5000,"H200707",6,,"T","06/16/08 00:00:00","06/16/08 17:16:00","04/12/06 00:00:00",,,,,
1183559,211,"11/01/07 00:00:00","06/28/08 00:00:00",940,5000,"H200708",6,,"T","09/29/08 00:00:00","01/21/09 18:29:00","09/29/08 00:00:00",,,,,
1183560,211,"11/01/07 00:00:00","06/28/08 00:00:00",940,5000,"H200708R",6,,"T","01/21/09 18:29:00","11/09/10 14:20:00","09/29/08 00:00:00",,,,,
1183561,211,"06/28/08 00:00:00","11/03/08 00:00:00",940,5000,"H200808",9,"courbe extrapolée suite crue nov 2008 ","T","08/27/09 00:00:00","08/27/09 17:11:00","04/30/09 00:00:00",,,,,
1183562,211,"05/15/07 00:00:00","07/10/07 00:00:00",940,5000,"H200707g",6,"haut de courbe provisoire","T","10/22/07 10:49:00","02/22/10 14:23:00","04/12/06 00:00:00",,,,,
1183563,211,"07/14/06 00:00:00","05/15/07 00:00:00",940,5000,"H200607g",6,,"T","10/22/07 10:49:00","02/22/10 14:45:00","04/12/06 00:00:00",,,,,
1183564,211,"11/03/08 00:00:00","11/01/10 15:00:00",940,5000,"H200810",9,"courbe extrapolée suite crue nov 2008 ","T","11/03/10 14:30:00","02/16/11 15:02:00","08/27/09 00:00:00",,,,,
1183565,211,"11/01/10 15:00:00","01/20/14 15:20:00",940,8500,"H201014",14,"courbe  arrétée le 20 janvier 2014  h=3.6 m  (beaucoup de points )






","T","05/30/14 12:33:00","05/30/14 14:36:00","02/10/11 15:00:00",,,,,
1183566,211,"01/20/14 15:20:00","01/01/20 00:00:00",1100,8500,"H201420ex",9,"nlle courbe pour valider jusqu'en 2014 avec corTH
 Le 20/1/14 h = 5.16m . modif bas de courbe pour nouveau cor TH en 2014







","T","06/30/14 17:59:00","03/20/15 15:35:00","02/10/11 15:00:00",,,,,
1183567,211,"01/20/14 15:20:00","11/05/14 16:50:00",1100,8500,"H201414",9,"nlle courbe pour valider l'année 2014 avec corTH
 Le 20/1/14 h = 5.16m  et le 5/11/14 h=4.75 m 







","T","03/20/15 15:21:00","03/20/15 15:35:00","02/10/11 15:00:00",,,,,
1183568,211,"11/05/14 16:50:00","06/09/16 12:50:00",1100,8500,"H201416",11,"nlle courbe pour 2015 
le 5/11/2014 h=4.75
bas de courbe pour pb du 21/09/2015
","T","10/02/15 17:46:00","07/13/16 17:00:00","07/13/16 17:00:00",,,,0,
1183569,211,"06/09/16 12:50:00","09/06/16 15:35:00",1480,8500,"H201616",8,"courbe saisonniere

","T","07/08/16 15:22:00","09/12/16 16:33:00","07/13/16 16:49:00",,,"H201616",0,
1183570,211,"06/09/16 12:50:00","01/01/17 00:00:00",1480,8500,"H201616ex",8,"courbe saisonniere

","T","07/08/16 15:22:00","09/12/16 16:28:00","07/13/16 16:49:00",,,,0,
1183571,211,"09/06/16 15:35:00","11/23/16 22:55:00",1100,8500,"H2016161",11,"nlle courbe pour   fin 2016
suite au vannage
fin courbe : crue 23-11-2016 pour validation 2016   









","T","09/12/16 16:40:00","02/23/17 10:25:00","02/10/11 15:00:00",,,"H2016161",0,
1183572,211,"11/23/16 22:55:00","01/01/20 00:00:00",1170,8500,"H201620ex",11,"nlle courbe pour 2017
détarage : crue 23-11-2016 à 22:55 H= 5.95 m 
septembre 2018 : extrapolation très haute mise en place et validé par D.Besson 











","T","10/19/18 09:36:00","04/15/19 11:07:00","02/10/11 15:00:00",,,"H201620",0,
1183573,211,"11/23/16 22:55:00","01/05/18 06:50:00",1170,8500,"H201618",11," courbe pour 2017
détarage : crue 23-11-2016 à 22:55 H= 5.95 m 
septembre 2018 : extrapolation très haute mise en place et validé par D.Besson 











","T","04/15/19 11:07:00","04/15/19 11:07:00","02/10/11 15:00:00",,,"H201618",0,
1183574,211,"01/05/18 06:50:00","02/21/21 00:27:00",1170,8500,"H201821",11,"nlle courbe pour 2018
détarage : crue 05/01/2018 à  6:50  H = 3.52 m
septembre 2018 : extrapolation très haute mise en place et validé par D.Besson 













","T","04/29/21 14:38:00","04/29/21 15:40:00","02/10/11 15:00:00",,,"H201821",0,
1183575,211,"02/21/21 00:27:00","01/01/25 00:00:00",1170,8500,"H202125ex",8,"nlle courbe pour 2021 suite a jaugeage du 16/3/21 et absence de vegetation vu FC
détarage en basse eau : 21/02/2021 à  00:27  H = 1.72m
septembre 2018 : extrapolation très haute mise en place et validé par D.Besson 














","T","04/29/21 15:35:00","06/11/21 18:18:00","02/10/11 15:00:00",,,"H202125",0,
1183576,211,"02/21/21 00:27:00","05/12/21 16:50:00",1170,8500,"H202121B",8,"nlle courbe pour 2021 suite a jaugeage du 16/3/21 et absence de vegetation vu FC
détarage en basse eau : 21/02/2021 à  00:27  H = 1.72m
septembre 2018 : extrapolation très haute mise en place et validé par D.Besson 














","T","04/29/21 15:35:00","06/11/21 18:20:00","02/10/11 15:00:00",,,"H202121B",0,
1183577,211,"05/12/21 16:50:00","01/01/50 00:00:00",2400,8500,"H202150",10,"detarage le 12/5/21 a 16h50 h = 4.29m
courbe modifié 9/3/23 pour jaugeage du 28/2/23vu avec FC et logique avec Vil av




","T","08/13/24 15:03:00","08/13/24 15:03:00","02/10/11 15:00:00",2390,12000,"H202150",0,"Intervalle publiable modifié"
1183578,211,"05/12/21 16:50:00","01/01/50 00:00:00",1170,8500,"H202150ex",10,"detarage le 12/5/21 a 16h50 h = 4.29m
courbe vu avec FC 


","T","08/27/21 14:23:00","02/04/25 15:06:00","02/10/11 15:00:00",,,"H202150ex",0,
1183611,103,"10/28/93 00:00:00","01/12/94 00:00:00",-150,6500,"C9714",12," ","C",,,,,,,,
1183612,103,"01/12/94 00:00:00","04/27/94 00:00:00",-200,6000,"C9715",17," ","C",,,,,,,,
1183613,103,"04/27/94 00:00:00","09/21/95 00:00:00",-200,7000,"C9716",17," ","C",,,,,,,,
1183614,103,"09/21/95 00:00:00","03/23/97 00:00:00",120,4400,"C9717",18," ","C",,,,,,,,
1183615,103,"03/23/97 00:00:00","04/30/97 00:00:00",170,6400,"C9718",17," ","C",,,,,,,,
1183616,103,"04/30/97 00:00:00","01/21/98 00:00:00",130,6400,"9702",20,,"T",,,,,,,,
1183617,103,"02/24/99 00:00:00","12/16/99 00:00:00",100,6400,"B9902",4,,"T",,,,,,,,
1183618,103,"01/01/93 00:00:00","12/31/93 00:00:00",90,6500,"93/1",3,,"T",,,,,,,,
1183619,103,"08/29/80 00:00:00","12/31/80 00:00:00",200,6400,"1980/02",37,,"C",,,,,,,,
1183620,103,"10/28/93 00:00:00","03/23/97 00:00:00",70,6550,"C199397",5,,"T",,,,,,,,
1183621,103,"03/23/97 00:00:00","01/21/98 00:00:00",70,6550,"C199798",5,,"T",,,,,,,,
1183622,103,"01/21/98 00:00:00","12/16/99 00:00:00",70,6550,"EC",5,,"T",,,,,,,,
1183623,103,"01/21/98 00:00:00","02/24/99 00:00:00",70,6550,"C199899",21,,"T",,,,,,,,
1183624,103,"02/24/99 00:00:00","12/16/99 00:00:00",200,6550,"C199999",4,,"T",,,,,,,,
1183625,103,"12/16/99 00:00:00","09/01/02 00:00:00",-100,6900,"H199950",8,,"T",,"12/18/03 09:14:00",,,,,,
1183626,103,"01/09/04 09:00:00","04/17/05 12:00:00",50,6700,"H200210T",8,,"T","10/05/05 16:03:00","10/05/05 16:04:00","06/02/04 00:00:00",,,,,
1183627,103,"04/17/05 12:00:00","04/10/06 00:00:00",50,6700,"H200210P",8,,"T","10/05/05 15:55:00","06/09/06 13:45:00","10/05/05 00:00:00",,,,,
1183628,103,"11/01/07 00:00:00","06/28/08 00:00:00",0,6800,"H200708",6,,"T","09/29/08 00:00:00","06/08/09 10:36:00","09/29/08 00:00:00",,,,,
1183629,103,"07/10/07 00:00:00","11/01/07 00:00:00",0,6800,"H200707",6,,"T","06/16/08 00:00:00","06/08/09 10:42:00","05/30/06 13:12:00",,,,,
1183630,103,"05/15/07 00:00:00","07/10/07 00:00:00",0,6800,"H200707g",6,,"T","10/22/07 10:51:00","06/08/09 10:45:00","05/30/06 13:12:00",,,,,
1183631,103,"07/14/06 00:00:00","05/15/07 00:00:00",0,6600,"H200607g",6,,"T","10/22/07 10:51:00","07/01/09 17:15:00","05/30/06 13:12:00",,,,,
1183632,103,"04/10/06 00:00:00","07/14/06 00:00:00",0,6600,"H200606",6,,"T","10/22/07 10:51:00","07/01/09 17:18:00","05/30/06 13:12:00",,,,,
1183633,103,"06/28/08 00:00:00","11/03/08 00:00:00",0,6300,"H200808",8,,"T","08/27/09 00:00:00","08/27/09 17:00:00","06/28/08 00:00:00",,,,,
1183634,103,"11/03/08 00:00:00","09/05/10 12:00:00",20,6300,"H200810",7,,"T","11/03/10 12:00:00","11/04/10 10:44:00","08/27/09 00:00:00",,,,,
1183635,103,"09/01/02 00:00:00","01/09/04 09:00:00",0,6700,"H200210",9,,"T",,"11/17/10 10:02:00","12/17/03 11:20:00",,,,,
1183636,103,"09/05/10 12:00:00","05/11/11 08:00:00",20,6300,"H201011",9,"courbe arrétée car influence herbe et mise en place Corth provisoire vu Gil MR","T","09/20/11 10:04:00","09/20/11 10:05:00","11/03/10 13:30:00",,,,,
1183639,103,"05/11/11 08:00:00","01/20/14 15:30:00",50,6300,"H201114",8,"courbe  arrétée le 20 janvier 2014  h=3.6 m  (beaucoup de points )

","T","05/30/14 12:14:00","05/30/14 14:14:00","11/03/10 13:30:00",,,,,
1183640,103,"01/20/14 15:30:00","11/05/14 17:00:00",50,6300,"H201414",8,"nlle courbe pour valider l'année 2014 avec corTH
Idem a précédente  le 20/1/14 h = 3.6 m et le 5/11/2014 h=3.22 m

","T","03/20/15 15:15:00","03/20/15 15:46:00","11/03/10 13:30:00",,,,,
1183641,103,"11/05/14 17:00:00","06/09/16 12:50:00",80,6300,"H201416",9,"nlle courbe pour année 2015 
le 5/11/14 h=3.22m 
bas de courbe pour pb du 21/09/2015
","T","11/02/15 17:48:00","07/13/16 17:05:00","07/13/16 16:22:00",,,"H201416",0,
1183642,103,"06/09/16 12:50:00","09/06/16 15:30:00",200,6300,"H201616",9,"courbe saisonniere 2016 arretée lors de la vidange


","T","07/08/16 15:26:00","02/23/17 08:41:00","07/13/16 16:12:00",,,"H201616",0,
1183643,103,"09/06/16 15:30:00","11/23/16 21:58:00",80,6300,"H2016161",9,"nlle courbe pour fin  l'année 2016
detarage pour herbe lors des vannages de vidanges
fin courbe : crue 23-11-2016 pour validation 2016 
","T","02/22/17 09:18:00","02/23/17 09:19:00","11/03/10 13:30:00",,,"H2016161",0,
1183644,103,"11/23/16 21:58:00","01/01/20 00:00:00",58,6300,"H201620ex",10,"nlle courbe pour année 2017 
détarage : crue du 23/11/2016 à 21:58 h= 4.348 m
septembre 2018 prolongement de l'extrapolation haute validé par D.Besson 



","T","10/15/18 17:27:00","04/15/19 10:18:00","11/03/10 13:30:00",,,"H201620",0,
1183645,103,"11/23/16 21:58:00","01/05/18 06:50:00",58,6300,"H201618",10,"courbe pour valider année 2017 
détarage : crue du 23/11/2016 à 21:58 h= 4.348 m
septembre 2018 prolongement de l'extrapolation haute validé par D.Besson 




","T","04/15/19 10:19:00","04/15/19 10:19:00","11/03/10 13:30:00",,,"H201618",0,
1183646,103,"01/05/18 06:50:00","02/21/21 00:51:00",58,6300,"H201821",10,"nlle courbe pour année 2018 
détarage : crue du 05/01/2018 à 6:50 h = 2.112m
septembre 2018 prolongement de l'extrapolation haute validé par D.Besson 






","T","04/29/21 14:01:00","04/29/21 15:09:00","11/03/10 13:30:00",,,"H201821",0,
1183647,103,"02/21/21 00:51:00","05/12/21 16:53:00",58,6300,"H202121F",8,"nlle courbe pour année 2021 suite a jaugeage du 16/03/2021 et abscence de vegetation vu FC 
détarage en basse eau : 21/02/2021 à 00:51 h = 0.28 m
septembre 2018 prolongement de l'extrapolation haute validé par D.Besson 







","T","04/29/21 15:07:00","06/11/21 17:47:00","11/03/10 13:30:00",,,"H202121F",0,
1183649,103,"02/24/99 00:00:00","12/16/99 00:00:00",200,6550,"C199999LB",4,,"T",,"07/08/22 12:20:00",,,,,0,
1184269,592,"08/08/24 00:00:00","01/01/25 00:00:00",830,1200,"H202424",6,"Capteur radar non fiable si nuage goutelettes jet creux barrage","T","12/10/24 09:16:00","04/18/25 10:06:00","09/01/24 00:00:00",,,"H202424",0,"Test CT ancien jaugeages"
1184340,280,"06/22/21 16:50:00","12/31/50 00:00:00",0,2000,"H202150",14,,"T","05/13/25 11:14:00","05/13/25 11:14:00","03/14/22 17:00:00",,,"H202150",0,"nouvelle CT suite au jaugeages du 29/07/2021.
Ajustement suite à la crue du 10/10/2024.
"
1184344,235,"12/13/23 15:45:00","12/15/24 00:00:00",390,1890,"H202324",6,,"T","05/13/25 12:44:00","05/13/25 12:45:00","12/12/23 10:00:00",,,"H202324",0,"Nouvelle courbe suite à la crue du 12/12/2023."
1184347,49,"09/01/23 00:02:00","05/25/24 00:00:00",-1700,4500,"H202324",8,,"T","05/13/25 13:15:00","05/13/25 13:16:00","10/18/23 10:00:00",,,"H202324",0,"détarage à la suite du CorTH

"
1184348,49,"05/25/24 00:00:00","12/31/50 00:00:00",-1700,4500,"H202450",5,,"T","05/13/25 13:18:00","05/13/25 13:24:00","07/23/24 10:00:00",,,"H202450",0,"détarage à la suite aux crues successives (mars-avril 2024)

"
1184350,235,"12/15/24 00:00:00","01/01/50 00:00:00",390,1890,"H202450",5,,"T","01/30/25 15:15:00","05/13/25 14:48:00","12/12/23 10:00:00",,,"H202450",0,"Nouvelle courbe suite à la crue de 12/2024."
1184355,48,"06/28/23 00:01:00","01/23/24 07:00:00",-1300,5000,"H202324",8,,"T","05/14/25 08:44:00","05/14/25 09:04:00",,,,"H202324",0,"détarage bas débit suite jaugeage 08/08/23"
1184361,74,"06/27/23 00:02:00","02/18/25 17:00:00",400,6000,"H202325",10,,"T","05/14/25 10:25:00","05/14/25 10:34:00","11/17/23 14:00:00",,,"H202325",0,"Le début de validité correspond à un détarage 
"
1184364,571,"01/09/25 15:00:00","03/24/25 07:20:00",40,2700,"H202550",10,,"T","05/14/25 13:04:00","05/14/25 13:04:00","01/27/25 13:00:00",,,"H202550",0,"nouvelle courbe suite à la crue du 09/01/2025."
1184366,380,"02/05/25 07:38:00","12/31/50 00:00:00",30,2400,"H202450",8,,"T","12/29/23 17:10:00","05/16/25 12:16:00","02/21/25 15:00:00",,,"H202450",0,"Novelle CT suite à un nettoyage des arbres du parc en aval.
"
1184368,381,"06/22/24 06:30:00","01/01/50 00:00:00",720,4180,"H202450",7,,"T","08/06/24 12:24:00","05/16/25 14:39:00","07/16/24 10:00:00",,,"H202450",0,"détarage de la  CTen basses eaux, suite coup d' eau de juin 2024.

"
1184378,247,"12/25/22 18:00:00","01/04/25 07:00:00",190,1780,"H202225",8,,"T",,"05/16/25 15:51:00",,,,"H202225",0,"Détarage suite à la crue de Décembre2022.
suppression CORTH"
1184391,234,"12/10/24 09:38:00","01/01/50 20:00:00",41,2873,"H202450",10,,"T","05/19/25 08:14:00","05/19/25 08:15:00","07/17/18 10:00:00",,,"H202450",0,"Coté du zéro écoulement (9.8 cm)."
1184394,251,"08/15/22 00:01:00","01/23/25 12:00:00",80,350,"H202225",9,"
","T","12/08/22 09:00:00","05/19/25 08:35:00","12/08/22 09:00:00",,,"H202225",0,"début de validité lié à un détarage
"
1184395,251,"01/23/25 12:00:00","12/31/50 00:00:00",80,350,"H202550",9,"
","T","12/08/22 09:00:00","05/19/25 08:36:00","12/08/22 09:00:00",,,"H202550",0,"début de validité lié à un détarage du 23 janvier 2025
"
1184397,39,"06/20/24 12:00:00","01/15/25 12:01:00",200,3621,"H202425",8,"

","T","05/19/25 08:30:00","05/19/25 10:06:00","05/19/25 08:30:00",,,"H202425",0,"Le début de validité correspond à un détarage de la crue du 20 juin 2024
"
1184400,367,"03/29/24 20:30:00","12/10/24 14:00:00",470,3300,"H202424",9,,"T","02/12/24 10:32:00","05/19/25 10:34:00","08/27/24 10:00:00",,,"H202424",0,"Amélioration de la courbe en basse eaux
Repris CT suite à jaugeages de crue du 31/04/2024
"
1184401,367,"12/10/24 14:00:00","01/01/50 19:00:00",470,3300,"H202450",9,,"T","02/12/24 10:32:00","05/19/25 10:40:00","08/27/24 10:00:00",,,"H202450",0,"Repris d' une CT suite à jaugeages de crue du 10/12/2024
"
1184403,26,"01/18/25 00:00:00","01/01/50 00:00:00",-1400,5000,"H202550",11,"
","T","12/13/24 10:59:00","05/19/25 10:53:00","05/19/25 10:30:00",,,"H202550",0,"Changement de courbe suite à coup d'eau de janvier 2025




"
1184404,26,"01/17/24 08:50:00","01/18/25 00:00:00",-1400,5000,"H202425",11,"
","T","12/13/24 10:59:00","05/19/25 10:54:00","07/06/21 08:40:00",,,"H202425",0,"




"
1184405,213,"04/03/24 00:00:00","01/01/50 00:00:00",95,2500,"H202450",12,,"T","05/19/25 12:40:00","05/19/25 12:41:00",,,,"H202450",0,"Nouvelle courbe suite à crue d'Avril 2024"
1184407,413,"01/10/25 00:00:00","04/24/25 19:00:00",900,3600,"H202525",8,,"T","04/11/25 16:15:00","05/19/25 16:22:00","04/11/25 16:00:00",,,"H202525",0,"nouvelle courbe suite au jaugeage du 09/04/25."
1186176,45,"05/11/24 20:30:00","01/01/50 00:00:00",-1450,7000,"H202450",13,,"T","05/22/25 07:44:00","05/22/25 07:44:00","06/21/24 09:00:00",,,"H202450",0,"nouvelle CT suite à la crue du 10/05/2024 et qui correspond au retour à une courbe de 2019."
1186177,46,"05/29/24 14:20:00","01/01/50 00:00:00",300,5000,"C202450",7,,"T","05/22/25 07:49:00","05/22/25 07:50:00","06/21/24 10:00:00",,,"C202450",0,"nouvelle CT suite à la crue du 10/05/2024."
1186186,33,"08/18/22 10:20:00","01/14/25 00:00:00",-30,4500,"H202225",10,,"T","01/30/25 13:59:00","05/22/25 13:46:00","08/09/21 12:00:00",,,"H202225",0,"Courbe qui correspond à la fin de l'influence au 18/08/2022 et qui permet une meilleure gestion des CORTH."
1186187,33,"01/14/25 00:00:00","01/01/50 00:00:00",-30,4500,"H202550",9,,"T","05/22/25 13:47:00","05/22/25 13:48:00","05/22/25 13:40:00",,,"H202550",0,"Courbe Crée suite à crue de janvier 2025"
1186191,219,"07/25/23 04:00:00","03/13/25 10:28:00",0,2009,"H202325",9,,"T","05/22/25 14:30:00","05/22/25 14:30:00","08/04/23 11:00:00",,,"H202325",0,"Courbe sous influence, application CTH sur jaugeages n°574,575,576et577 .579et580
MAJ supervision  ?? à reprendre


"
1186197,103,"05/12/21 16:53:00","10/18/24 12:00:00",58,6300,"H202124Fex",10,"Modif provisoire suite au jgg du 03 juin 2021","T","06/03/21 17:29:00","05/23/25 07:00:00",,,,"H202124F",0,
1186202,423,"04/01/24 12:00:00","03/01/25 12:00:00",3100,5000,"H202425",8,"
","T","12/20/24 13:48:00","05/23/25 11:03:00","06/14/24 13:30:00",3000,7500,"H202425",0,"Le début de validité correspond à un détarage suite à la crue du 01/04/2024


"
1186203,423,"03/01/25 12:00:00","03/01/50 12:00:00",3100,5000,"H202550",8,"
","T","05/23/25 10:00:00","05/23/25 11:05:00","05/23/25 11:00:00",3000,7500,"H202550",0,"Le début de validité correspond à un détarage suite à la crue du 27/02/2025


"
1186204,103,"05/12/21 16:53:00","10/18/24 12:00:00",58,6300,"H202124ex",9,"detarage le 12/5/21 a 16h53 h = 2.8m
courbe vu avec FC 
","T","08/27/21 14:09:00","05/23/25 09:08:00",,,,"H202124",0,
1186205,103,"05/12/21 16:53:00","10/18/24 12:00:00",58,6300,"H202124FC",7,"Modif provisoire FC sur la base des jgg du 16/06/2022","T","08/27/21 14:09:00","05/23/25 09:09:00",,,,"H202124FC",0,
1189416,220,"10/15/81 00:00:00","10/19/82 00:00:00",32,2500,"00003",12,,"C","05/27/25 10:04:00","05/27/25 10:04:00",,,,,0,
1189417,220,"01/05/88 00:00:00","12/31/90 00:00:00",62,2200,"00006",12,,"C","05/27/25 10:05:00","05/27/25 10:05:00",,,,,0,
1189418,220,"01/01/91 00:00:00","01/04/93 00:00:00",60,2197,"00007",14,,"C","05/27/25 10:18:00","05/27/25 10:18:00",,,,,0,
1189419,220,"10/27/80 00:00:00","07/30/81 00:00:00",30,2496,"H198081",12,,"C","05/27/25 09:59:00","05/27/25 10:56:00","10/27/80 00:00:00",,,"H198081",0,
1189420,220,"07/31/81 00:00:00","10/14/81 00:00:00",30,2300,"H198181",10,,"C","05/27/25 10:02:00","05/27/25 10:58:00","07/31/81 00:00:00",,,"H198181",0,
1189424,219,"06/20/75 00:00:00","04/04/76 00:00:00",0,759,"H197576",10,,"C","06/02/25 09:40:00","06/02/25 09:41:00",,,,"H197576",0,
1189426,262,"06/22/23 07:30:00","03/03/25 12:00:00",270,850,"H202325",7,,"T","08/04/23 14:00:00","06/02/25 09:42:00","08/04/23 14:00:00",,,"H202325",0,"Nouvelle courbe,
 suite aux des derniers jaugeages indiquant, certainement une influence en aval,de source in
connue."
1189428,234,"02/15/76 00:00:00","06/04/78 00:00:00",0,2098,"H197678",8,,"C","06/02/25 09:44:00","06/02/25 09:44:00","02/15/76 00:00:00",,,"H197678",0,
1189429,234,"04/20/82 00:00:00","07/19/82 00:00:00",-60,2098,"H198282",8,,"C","06/02/25 09:47:00","06/02/25 09:47:00",,,,"H198282",0,
1189430,234,"07/20/82 00:00:00","10/13/82 00:00:00",-60,150,"H198282",3,,"C","06/02/25 09:48:00","06/02/25 09:49:00",,,,"H198282",0,
1189431,234,"12/29/82 00:00:00","08/23/83 00:00:00",-60,2098,"H198283",9,,"C","06/02/25 09:51:00","06/02/25 09:51:00",,,,"H198283",0,
1189432,30,"12/15/23 13:14:00","01/01/50 00:00:00",2156,5820,"H202350",9,,"T","06/02/25 09:55:00","06/02/25 09:55:00","09/26/06 14:15:00",,,"H202350",0,
1189434,372,"11/19/24 17:42:00","05/04/25 12:00:00",120,700,"H202425",8,,"T","01/20/25 15:42:00","06/02/25 10:08:00","01/20/25 15:00:00",,,"H202425",0,
1189435,372,"05/04/25 12:00:00","12/31/50 00:00:00",120,700,"H202550",8,,"T","06/02/25 10:00:00","06/02/25 10:10:00","06/02/25 10:00:00",,,"H202550",0,
1189438,587,"06/19/24 10:46:00","05/22/25 21:00:00",0,2990,"H202425",7,,"T","05/19/25 07:54:00","06/02/25 11:27:00","12/06/23 00:00:00",,,"H202425",0,"Courbe en test. Mise en PHyC le 6/12/2023 pour un début de diffusion !!! Avec  un 1er Baratinage
MAJ supervision jaugeage crue 23/2/24 DB"
1189442,410,"08/13/24 07:15:00","03/25/25 00:00:00",80,1400,"H202425",7,,"T","06/02/25 12:55:00","06/02/25 12:55:00","09/27/24 14:00:00",,,"H202425",0,"Nouvelle courbe au 13/08/24, suite au rajout d'un IPN sur l'IPN déjà existant sur le seuil en rive droite, afin de ramener l’écoulement en rive gauche. modification du haut de courbe suite à la crue du 25/03/25.
"
1189443,410,"03/25/25 00:00:00","12/31/50 00:00:00",80,1400,"H202550",5,,"T","06/02/25 12:55:00","06/02/25 12:59:00","06/02/25 12:00:00",,,"H202550",0,"nouvelle courbe suite au jaugeage du 26/05/25."
1189445,267,"11/18/24 04:00:00","02/28/25 00:00:00",250,2000,"H202425",9,,"T","03/24/25 15:36:00","06/02/25 13:04:00","01/28/25 14:00:00",,,"H202425",0,"nouvelle courbe suite à la crue du 12/10/2024 qui correspond au retour à une courbe de 2014 (H201420).
"
1189446,267,"01/15/23 17:22:00","11/18/24 04:00:00",250,2000,"H202324",12,,"T","01/28/25 14:36:00","06/02/25 13:05:00","03/14/23 14:05:00",,,"H202324",0,"Nouvelle courbe suite à détarage après la crue du 17/01/2022 puis ajustement suite à jaugeage du 11/10/2024.
"
1189447,267,"02/28/25 00:00:00","12/31/50 23:59:00",250,2000,"H202550",8,,"T","06/02/25 13:13:00","06/02/25 13:13:00","03/24/25 14:00:00",,,"H202550 ",0,"nouvelle courbe suite à la crue du 27/02/2025."
1195857,433,"03/30/24 08:00:00","01/01/50 00:00:00",280,2800,"H202450",10,,"T","03/31/24 01:48:00","06/10/25 15:20:00","03/31/24 01:30:00",,,"H202450",0,"Nouvelle CT suite à la crue de mars 2024

"
1195865,350,"08/09/24 01:00:00","01/30/25 12:00:00",100,3900,"H202425",8,,"T","03/24/25 11:53:00","06/10/25 17:30:00","09/02/24 16:00:00",,,"H202425",0,"Nouvelle courbe suite à une modification de la berge en aval rive droite (contraction).
Point de cassure de la CT à 2,80m (hauteur de débordement sur le chemin)."
1195866,350,"01/30/25 12:00:00","01/01/50 02:00:00",100,3900,"H202450",7,,"T","06/10/25 17:31:00","06/10/25 17:31:00","06/10/25 17:30:00",,,"H202450",0,"Nouvelle courbe suiteaux coups d'eaux du début 2025"
1195869,432,"03/04/25 08:40:00","01/01/50 00:00:00",200,1700,"H202550",7,,"T","05/06/24 13:10:00","06/11/25 09:29:00","04/04/25 16:00:00",,,"H202550",0,"Novelle CT suite au dernier mouvement de la vanne en aval ( CT été)"
1195870,381,"01/01/25 00:00:00","01/01/50 00:00:00",720,4180,"H202450",7,,"T","08/06/24 12:24:00","06/11/25 10:04:00","05/26/25 10:00:00",,,"H202450 DR",0,"détarage de la  CTen basses eaux, suite coup d' eau de juin 2024.
2025-06-26 reprise suite à jaugeages à valider

"
1195881,419,"10/03/24 13:04:00","01/01/50 20:00:00",101,3955,"H202450",12,,"T","06/12/25 09:40:00","06/12/25 09:44:00","01/01/16 00:00:00",,,"H202450",0,"Courbe extrapolée à l'aide de Baratin"
1195882,219,"03/13/25 10:28:00","01/01/50 20:00:00",0,2009,"H202550",7,,"T","06/12/25 14:27:00","06/12/25 14:27:00","08/04/23 11:00:00",,,"H202550",0,"



"
1195883,345,"12/22/24 14:50:00","01/01/50 00:00:00",200,3000,"H202450",6,,"T","06/11/25 05:41:00","06/12/25 14:58:00","02/24/25 08:30:00",,,"H202450",0,"Changement de courbe suite à coup d'eau du 22/12/24

"
1195884,596,"03/20/25 11:00:00","01/01/50 00:00:00",,,"H202525ex",5,"
","C","06/12/25 15:14:00","06/12/25 15:27:00","03/20/25 10:30:00",,,"H202525ex",1,"Test création courbe à partir de Baratin. YS
Pas envoyée en PhyC
"
1195887,426,"12/13/23 14:00:00","01/01/50 00:00:00",250,2150,"H202350",8,,"T","06/12/25 15:37:00","06/12/25 15:38:00","02/22/24 17:08:00",,,"H202350",0,"nouvelle courbe suite crue de décembre 2023.
Changement haut de courbe suite à jaugeages et crue du 08/10/24
"
1195888,310,"11/26/24 13:30:00","01/01/50 00:00:00",60,3500,"H202450 ",7,,"T","06/12/25 15:35:00","06/12/25 15:39:00","11/04/24 08:45:00",,,"H202450 ",0,"-Changement de courbe suite aux événements de crue de fin novemebre et début décembre 2024
nouvelle estimation du zéro écoulement au 11/06/25"
1195890,334,"01/11/25 08:00:00","01/01/50 00:00:00",0,3500,"H202550",5,,"T","06/12/25 18:25:00","06/12/25 18:29:00","06/12/25 18:25:00",,,"H202550",0,"nouvelle CT suite à crue de 01/2025."
1195891,334,"05/04/24 09:30:00","01/11/25 08:00:00",0,3500,"H202425",7,,"T","06/12/25 18:30:00","06/12/25 18:30:00","05/22/24 16:00:00",,,"H202425",0,"nouvelle CT suite à détarage après la crue du 05/05/2024."
1195892,388,"12/27/23 11:18:00","01/01/50 00:00:00",140,2952,"H202350",9,,"T","06/12/25 18:40:00","06/12/25 18:42:00",,,,"H202350",0,"Nouvelle station suite au déplacement de l'échelle (15m en aval). Reprise extrapolation sup suite à jaugeage 01/06 (93 m3/s pour 206 mm)."
1195893,572,"12/28/23 12:02:00","01/01/50 00:00:00",200,2700,"H202350",7,"
","T","06/12/25 18:49:00","06/12/25 18:49:00","01/24/24 13:45:00",,,"H202350",0,
1195894,44,"12/16/23 00:00:00","01/01/50 00:00:00",-96,1116,"H202350",6,,"T","06/10/25 16:55:00","06/13/25 08:50:00",,,,"H202350",0,"MAJ supervision
MAJ GB:réduction écart Q Imphy/Nevers le 13/06/2025"
1195895,171,"04/04/24 14:00:00","01/01/50 00:00:00",780,6500,"H202450",6,"Nouvelle courbe suite à crue d'Avril 2024","T","06/13/25 08:56:00","06/13/25 08:57:00",,480,7000,"H202450 ",0,"MAJ GB: réduction écart Q Imphy/Nevers le 13/06/25"
1195896,587,"05/22/25 21:00:00","01/01/50 00:00:00",0,2990,"H202550",5,,"T","06/16/25 11:08:00","06/16/25 11:08:00","12/06/23 00:00:00",,,"H202550",0,"Courbe en test. Mise en PHyC le 6/12/2023 pour un début de diffusion !!! Avec  un 1er Baratinage
MAJ supervision jaugeage crue 23/2/24 DB
MAJ supervision DR 26/05/2025"
1195897,41,"10/19/24 12:00:00","12/31/50 00:00:00",170,2800,"H202450",11,"Courbe construite à la suite de la crue du 19 octobre 2024.","T","04/10/24 12:16:00","06/16/25 11:26:00","03/30/24 22:00:00",,,"H202450",0,"Courbe construite à la suite de la crue du 19 octobre 2024.




"
1195903,44,"12/16/23 00:00:00","01/01/50 00:00:00",-96,1116,"H202350",6,,"T",,"06/16/25 14:30:00",,,,"H202350 gb",1,"MAJ supervision"
1195906,418,"04/01/24 00:00:00","12/09/24 08:00:00",230,1650,"H202424",6,,"T","02/26/25 16:04:00","06/16/25 15:04:00",,,,"H202424",0,"Changement de courbe suite a crue du 30/03/2024"
1195907,418,"12/09/24 08:00:00","01/01/50 00:00:00",230,1650,"H202450",5,,"T","02/26/25 16:04:00","06/16/25 15:07:00",,,,"H202450",0,"Changement de courbe suite a crue du 09/12/2024"
1195914,269,"01/01/23 00:01:00","05/14/25 14:00:00",20,1200,"H202325",19,"
","T","01/22/24 09:00:00","06/16/25 15:22:00","01/22/24 09:00:00",,,"H202325",0,"Création de la courbe lors de la validation de l'année 2023.
"
1195917,569,"02/11/23 15:20:00","10/21/24 06:15:00",450,5500,"H202324",6,,"T","06/16/25 16:10:00","06/16/25 16:11:00","08/14/24 16:00:00",450,5500,"H202324",0,
1195918,436,"12/25/73 00:00:00","03/02/75 00:00:00",10,1300,"1973_1",15,,"C",,"06/16/09 15:39:00",,,,,,
1195919,436,"03/02/75 00:00:00","02/11/81 00:00:00",220,1000,"1975_1",31,,"C",,,,,,,,
1195920,436,"01/02/90 00:00:00","01/12/91 00:00:00",50,1000,"1990_1",17,,"C",,,,,,,,
1195921,436,"02/26/95 00:00:00","01/19/04 00:00:00",110,1170,"1995_1",20,,"C",,,,,,,,
1195922,436,"01/12/91 00:00:00","02/26/95 00:00:00",200,1000,"1991_1",17,,"C",,,,,,,,
1195923,436,"02/11/81 00:00:00","01/02/90 00:00:00",100,1000,"1981_1",17,,"C",,"05/28/09 15:30:00",,,,,,
1195924,436,"01/01/72 00:00:00","12/25/73 00:00:00",10,1000,"1972_1",17,,"C",,"06/16/09 15:39:00",,,,,,
1195925,436,"01/01/07 00:00:00","06/06/08 00:00:00",200,1000,"ct2008",9,,"T",,"06/16/09 15:05:00","10/28/08 10:50:00",,,,,
1195926,436,"05/01/12 00:00:00","09/26/14 00:00:00",200,1000,"h2012-1",7,,"T","10/26/16 11:42:00","03/07/18 09:42:00","06/23/10 10:50:00",,,"h2012-1",0,
1195927,436,"02/26/95 00:00:00","11/15/01 00:00:00",200,1300,"ct1995m",8,,"T",,"06/16/09 15:22:00","05/29/09 16:17:00",,,,,
1195928,436,"11/25/92 00:00:00","02/26/95 00:00:00",200,1300,"ct1992m",9,,"T",,"06/16/09 15:25:00","05/29/09 15:58:00",,,,,
1195929,436,"10/12/91 00:00:00","11/25/92 00:00:00",200,1300,"ct1991m",7,,"T",,"06/16/09 15:28:00","05/29/09 15:43:00",,,,,
1195930,436,"01/02/90 00:00:00","10/12/91 00:00:00",200,1300,"ct1990m",18,,"T",,"06/16/09 15:31:00","05/29/09 15:32:00",,,,,
1195931,436,"03/01/75 00:00:00","02/11/81 00:00:00",200,1300,"ct1975m",7,,"T",,"06/16/09 15:36:00","06/03/09 10:29:00",,,,,
1195932,436,"02/11/81 00:00:00","01/02/90 00:00:00",100,1300,"ct1981m",12,,"T",,"06/16/09 15:37:00","05/29/09 15:15:00",,,,,
1195933,436,"01/01/09 00:00:00","01/01/11 00:00:00",200,1000,"ct2010",8,,"T","06/23/10 10:50:00","07/31/13 14:43:00","06/23/10 10:50:00",,,,,
1195934,436,"01/01/07 00:00:00","06/06/08 00:00:00",200,1300,"h2007-1",9,,"T",,"05/03/18 09:51:00","10/28/08 10:50:00",,,,0,
1195935,436,"01/01/11 00:00:00","05/01/12 00:00:00",200,1300,"h2011-1",8,,"T","06/23/10 10:50:00","05/03/18 09:51:00","06/23/10 10:50:00",,,,0,
1195936,436,"09/26/15 00:00:00","06/13/20 12:00:00",200,1300,"h2015-1",16,"Courbe active dans Sircade/Cristal/Hydroportail DR
","T","08/05/20 09:24:00","09/22/20 08:46:00","06/23/10 10:50:00",180,1700,"h2015-1",0,
1195937,436,"06/13/20 12:00:00","01/01/50 00:00:00",130,1300,"h2024-1",9,"MODIF HAUT SUIT CRUE 
 03/2024
","T","04/08/24 10:36:00","01/09/25 12:51:00",,,,"h2024-1",0,"mise a jour nom de courbe le 11/03/2024
"
1195938,436,"09/26/14 00:00:00","09/26/15 00:00:00",190,1300,"h2014-1",5,,"T","10/26/16 10:45:00","02/05/24 15:15:00","06/23/10 10:50:00",,,"h2014-1",0,
1195939,436,"06/06/08 00:00:00","01/01/11 00:00:00",200,1300,"h2008-1",9,,"T",,"02/05/24 15:21:00","10/28/08 10:50:00",,,,0,
1195940,436,"01/19/04 00:00:00","01/01/07 00:00:00",200,1300,"ct2004_2",27," ","C",,"02/05/24 15:33:00",,,,"h2004",0,
1195941,436,"11/15/01 00:00:00","01/19/04 00:00:00",100,1300,"ct2001m",7,,"T",,"02/05/24 15:36:00","06/03/09 09:50:00",,,"h2001",0,
1195942,436,"03/22/00 00:00:00","01/19/04 00:00:00",110,1170,"1995_1m",14,,"C",,"02/05/24 15:38:00",,,,"h1995",0,
1195943,437,"10/23/19 21:00:00","06/28/21 09:00:00",-10,2200,"H2019-1",10,"MAJ : reprise points compris entre 50 et 110 cm
maj juin : reprise en fonction derniers jaugeages
maj aout : prolongement bas de courbe jusqu'à -2cm
maj mai 2021 : reprise globale","T","05/10/21 15:10:00","04/13/22 16:02:00","02/07/20 11:00:00",,,"H2019-1",0,
1195944,437,"04/15/16 21:00:00","10/23/19 21:00:00",0,2200,"H2016-1",7,,"T","04/08/20 14:10:00","04/13/22 16:04:00","02/07/20 11:00:00",,,"H2016-1",0,"reprise courbe de 50 à 110 cm"
1195945,437,"05/06/10 04:45:00","04/15/16 21:00:00",50,2200,"H2010-1",15,"Crée suite aux orages de la nuit du 05 au 06 mai 2010
","T","04/08/20 15:10:00","04/13/22 16:06:00","12/13/11 14:00:00",,,"H2010-1",0,"reprise courbe"
1195946,437,"06/01/08 23:20:00","05/06/10 04:45:00",60,2200,"H2008-1",8,,"T","04/08/20 15:10:00","04/13/22 16:11:00","07/29/09 15:49:00",,,"H2008-1",0,
1195947,437,"04/13/04 17:50:00","06/01/08 23:20:00",10,2200,"H2004-1",21,,"C",,"04/13/22 16:15:00","04/09/20 10:30:00",,,"H2004-1",0,
1195948,437,"01/24/01 23:50:00","04/13/04 17:50:00",70,2200,"H2001-1",22,,"C",,"04/13/22 17:33:00","04/09/20 10:30:00",,,"H2001-1",0,
1195949,437,"06/28/21 09:00:00","12/29/21 00:00:00",30,2200,"H2021-1",9,"nouvelle courbe suite crue 28 juin 2021
maj : reprise courbe h= 30 cm","T","06/10/22 15:55:00","06/10/22 15:55:00","09/01/21 09:00:00",,,"H2021-1",0,
1195950,437,"12/29/21 00:00:00","09/29/22 02:00:00",0,2200,"H2021-22",10,"reprise bas de courbe inférieur à 14cm suite à la crue de décembre 2021
OP: ajustement bas de courbe","T","09/23/22 15:35:00","02/23/23 14:51:00","06/10/22 10:20:00",,,"H2021-22",0,
1195951,437,"09/29/22 02:00:00","08/09/23 12:00:00",10,2200,"H2022-23",11,"13/11/2023: Clôture suite aménagement de la section au droit de l'échelle entrainant un détarage.","T","11/13/23 11:00:00","11/13/23 13:13:00","06/10/22 10:20:00",,,"H2022-23",0,"Nouvelle courbe suite à modification sur 1er contrôle aval
17/08/2023: ajustement bas de courbe

"
1195952,437,"01/01/76 00:00:00","06/01/78 00:00:00",200,2200,"H1976-1",12,,"C",,"01/26/24 16:31:00","04/09/20 10:30:00",,,"H1976-1",0,
1195953,437,"01/01/71 00:00:00","01/01/76 00:00:00",160,2200,"H1971-1",13,,"C",,"01/26/24 16:31:00","04/09/20 10:30:00",,,"H1971-1",0,
1195954,437,"06/01/78 00:00:00","01/24/01 23:50:00",-10,2200,"H1978-1",17,,"C",,"01/26/24 16:31:00","04/09/20 10:30:00",,,"H1978-1",0,
1195955,437,"08/09/23 12:00:00","01/01/50 00:00:00",10,2200,"H2023-50",9,"Nouvelle courbe suite à aménagement de section au droit de l'échelle (contraction par pose d'un IPN)","T","11/13/23 11:00:00","03/15/24 15:04:00","11/13/23 11:00:00",,,"H2023-50",0,
1195956,438,"05/29/21 09:00:00","01/01/50 00:00:00",280,1200,"h2021-1",14,"Integration Extrap CEREMA le 01/09/2020 DR
","T","07/02/24 14:56:00","03/31/25 10:14:00","09/02/16 14:00:00",,,"H2021-1",0,
1195957,438,"12/01/07 00:00:00","05/20/12 02:00:00",280,1200,"cct0801",6,"mise à jour de la courbe
","T",,"05/02/20 19:52:00","10/03/08 16:19:00",,,,0,
1195958,438,"09/26/05 00:01:00","12/01/07 00:00:00",250,1120,"c2006_01",14,,"C",,"05/02/20 19:54:00",,,,,0,
1195959,438,"12/24/02 00:00:00","09/26/05 00:00:00",250,1120,"c2002_01",12,,"C",,"05/02/20 19:59:00",,,,,0,
1195960,438,"09/26/05 00:01:00","12/01/07 00:00:00",250,1120,"2006_01",16,,"C",,"12/29/09 10:22:00",,,,,,
1195961,438,"12/24/02 00:00:00","09/26/05 00:00:00",250,1120,"2002_01",15,,"C",,"12/29/09 10:45:00",,,,,,
1195962,438,"12/01/07 00:00:00","05/20/12 02:00:00",280,1200,"ct0801",5,"mise à jour de la courbe
","T",,"05/13/13 15:22:00","10/03/08 16:19:00",,,,,
1195963,438,"01/01/72 00:00:00","01/21/73 00:00:00",280,1100,"C10163",10,"Courbe reprise à partir du bordereau des points sous hydro par DD.","T",,"02/28/13 16:05:00","02/28/13 15:59:00",,,,,
1195964,438,"01/21/73 00:00:00","01/30/74 00:00:00",150,1500,"C10164",16,"Courbe recréee à partir du bordereau des points sous hydro par DD","T","06/17/13 11:56:00","06/17/13 12:12:00","06/17/13 11:30:00",,,,,
1195965,438,"01/30/74 00:00:00","01/31/74 00:00:00",170,800,"C10165",21,"Courbe recréee à partir du bordereau des points sous hydro par DD","T","06/17/13 12:14:00","06/17/13 13:32:00","06/17/13 12:10:00",,,,,
1195966,438,"01/31/74 00:00:00","02/17/78 00:00:00",250,1200,"C10166",33,"Courbe créée à partir du bordereau des points sous Hydro par DD","T","06/17/13 14:06:00","06/17/13 14:57:00","06/17/13 00:00:00",,,,,
1195967,438,"02/17/78 00:00:00","03/02/81 00:00:00",100,1500,"C10167",16,"Courbe créée à partir du bordereau des points sous Hydro par DD","T","06/17/13 14:58:00","06/17/13 15:21:00","06/17/13 14:45:00",,,,,
1195968,438,"03/02/81 00:00:00","01/02/90 00:00:00",100,2050,"C10168",13,"Courbe créée à partir du bordereau des points sous Hydro par DD","T","06/17/13 15:45:00","06/17/13 16:05:00","06/17/13 15:45:00",,,,,
1195969,438,"01/02/90 00:00:00","12/31/90 00:00:00",0,1000,"C10169",20,"Courbe recréée à partir du bordereau de points sous Hydro par DD","T","06/19/13 09:25:00","06/19/13 10:21:00","06/19/13 09:25:00",,,,,
1195970,438,"06/13/91 00:00:00","04/07/92 00:00:00",270,1500,"C10171",15,"Courbe recréée à partir du bordereau des points sous Hydro par DD","T","06/19/13 10:31:00","06/19/13 10:30:00","06/19/13 10:30:00",,,,,
1195971,438,"12/31/90 00:00:00","06/13/91 00:00:00",300,500,"C10170",9,"Courbe recréée à partir du bordereau des points sous Hydro par DD
bornes du Bordereau de 2.9 à 11
*10
","T","06/19/13 10:21:00","06/19/13 11:05:00","06/19/13 10:20:00",,,,,
1195972,438,"04/07/92 00:00:00","07/11/93 00:00:00",300,1200,"C10172",10,"Courbe recréée à partir du bordereau des points sous Hydro par DD
","T","06/19/13 13:38:00","06/19/13 13:59:00","06/19/13 13:35:00",,,,,
1195973,438,"07/11/93 00:00:00","09/22/93 00:00:00",350,1250,"C10173",19,"Courbe recréée à partir du bordereau des points sous Hydro par DD
","T","06/19/13 15:58:00","06/19/13 16:16:00","06/19/13 15:55:00",,,,,
1195974,438,"09/22/93 00:00:00","09/23/93 00:00:00",290,1250,"C10174",11,"Courbe recréée à partir du bordereau des points sous hydro par DD","T","06/20/13 11:29:00","06/20/13 12:40:00","06/20/13 11:25:00",,,,,
1195975,438,"09/23/93 00:00:00","03/23/94 00:00:00",290,1250,"C10175",18,"Courbe recréée à partir du bordereau des points sous hydro","T","06/20/13 12:44:00","06/20/13 13:36:00","06/20/13 12:40:00",,,,,
1195976,438,"05/20/12 02:00:00","05/29/16 09:00:00",280,1200,"H2013-1",12,"mise à jour de la courbe","T","05/13/13 15:23:00","09/02/16 14:30:00","05/13/13 15:23:00",280,1200,"H2013-1",0,
1195977,438,"05/29/16 09:00:00","05/29/21 09:00:00",280,1200,"H2016-1",13,"Integration Extrap CEREMA le 01/09/2020 DR
","T","09/01/20 09:34:00","03/06/24 07:52:00","09/02/16 14:00:00",,,"H2016-1",0,
1195978,438,"05/29/21 09:00:00","01/01/50 00:00:00",280,1200,"h2021-1",13,"Integration Extrap CEREMA le 01/09/2020 DR
","T","07/02/24 14:56:00","06/16/25 15:45:00","09/02/16 14:00:00",,,"H2021-1",0,
1195979,439,"02/16/78 00:00:00","01/07/81 00:00:00",10,1490,"1978_1",17,,"C",,,,,,,,
1195980,439,"03/29/06 00:00:00","12/31/07 23:59:00",400,1440,"2007-01",14," ","C",,"10/02/08 12:42:00",,,,,,
1195981,439,"01/01/73 00:00:00","01/01/75 00:00:00",430,1400,"ct73m",9,,"T",,"06/23/09 10:28:00","06/23/09 09:53:00",,,,,
1195982,439,"02/16/78 00:00:00","01/07/81 00:00:00",10,1490,"ct78m",17,,"C",,"06/23/09 15:10:00",,,,,,
1195983,439,"10/11/16 09:30:00","05/01/18 00:00:00",250,1150,"h2016-1",15,"Changement d'échelle delta 10cm

","T","08/17/18 10:30:00","10/11/19 11:26:00","08/11/17 12:59:00",200,1300,"h2016-1",0,
1195984,439,"11/23/10 00:00:00","01/01/12 00:00:00",400,1200,"h2010-1",9,,"T",,"03/08/18 08:52:00","10/02/08 12:19:00",,,,0,
1195985,439,"10/09/85 00:00:00","12/31/89 00:00:00",200,1000,"h1985-1",13,,"T","12/10/21 13:38:00","12/10/21 13:38:00","06/23/09 11:07:00",,,"h1985-1",0,
1195986,439,"04/14/92 00:00:00","04/16/93 00:00:00",500,1200,"h1992-1",8,,"T",,"12/10/21 13:41:00","06/23/09 14:03:00",,,"h1992-1",0,
1195987,439,"04/16/93 00:00:00","02/17/94 00:00:00",500,1100,"h1993-1",6,,"T",,"12/10/21 13:42:00","06/23/09 14:15:00",,,"h1993-1",0,
1195988,439,"02/17/94 00:00:00","01/19/98 23:59:00",380,1440,"h1994-1",18,,"C",,"12/10/21 13:43:00",,,,"h1994-1",0,
1195989,439,"01/19/98 00:00:00","12/31/00 23:59:00",380,1440,"h1998-1",12,,"C",,"12/10/21 13:44:00",,,,"h1998-1",0,
1195990,439,"01/01/01 00:00:00","07/22/03 00:00:00",400,1200,"h2001-1",2,,"T",,"12/10/21 13:45:00","06/23/09 14:37:00",,,"h2001-1",0,
1195991,439,"07/22/03 00:00:00","03/29/06 00:00:00",400,1100,"h2003-1",9,,"T",,"12/10/21 13:46:00","06/23/09 14:42:00",,,"h2003-1",0,
1195992,439,"01/01/12 00:00:00","01/01/13 00:00:00",400,1300,"h2012-1",7,,"T",,"12/10/21 14:02:00","10/02/08 12:19:00",,,"h2012-1",0,
1195993,439,"01/01/13 00:00:00","10/11/16 09:30:00",395,1300,"H2013-1",11,,"T",,"12/10/21 14:04:00","06/06/14 07:56:00",,,"h2013-1",0,
1195994,439,"01/01/08 00:00:00","11/23/10 00:00:00",390,1300,"h2008-1",9,,"T",,"12/10/21 14:06:00","10/02/08 12:19:00",,,"h2008-1",0,
1195995,439,"03/29/06 00:00:00","01/01/08 23:59:00",400,1440,"H2006-1",13," ","C",,"12/10/21 14:10:00",,,,"h2006-1",0,
1195996,439,"01/01/90 00:00:00","04/14/92 00:00:00",210,1000,"h1990-1",11,,"C",,"12/13/21 07:41:00",,,,"h1990-1",0,
1195997,439,"01/07/81 00:00:00","10/09/85 00:00:00",160,1390,"h1981-1",8,,"T","12/10/21 13:36:00","12/13/21 07:42:00","06/23/09 10:42:00",,,"h1981-1",0,
1195998,439,"01/01/75 00:00:00","02/16/78 00:00:00",350,1050,"ct75m",5,,"T",,"01/14/22 09:40:00","06/23/09 10:24:00",,,"H1975-1",0,
1195999,439,"05/01/18 00:00:00","06/13/20 12:00:00",250,1900,"h2018-20",7,"

","T","08/05/20 09:33:00","04/06/22 11:36:00","10/11/19 12:00:00",200,1850,"H2018-20",0,
1196000,439,"05/02/24 06:00:00","01/01/50 00:00:00",300,1720,"H2024-1",5,,"T",,"10/25/24 07:53:00","08/23/23 09:00:00",135,2000,"H2024-1",0,"étiage 2023"
1196001,439,"06/13/20 12:00:00","01/01/21 00:00:00",250,1900,"h2020-21",9,"modif suite crue 06/2020


","T","04/06/22 11:07:00","05/20/22 15:24:00","10/11/19 12:00:00",200,1850,"H2020-21",0,
1196002,439,"01/01/21 00:00:00","09/24/22 17:46:00",250,1900,"H202122",6,"20/06/2022 Revu bas de CT DR


","T","06/20/22 16:17:00","08/23/23 10:01:00","05/20/22 12:00:00",,,"H202122",0,
1196003,439,"04/14/92 00:00:00","04/16/93 00:00:00",500,1200,"h1992-1",8,,"T",,,,,,"h1992-1",,
1196074,445,"07/01/20 00:00:00","12/29/21 00:00:00",10,1100,"H2018-1",9,"
 ","T",,"05/31/22 12:24:00","05/31/22 11:00:00",,,"H2020-21",0,
1196075,445,"09/15/13 00:00:00","09/01/16 00:00:00",80,1100,"H2009-1",12,"
","T","12/14/11 14:05:00","05/31/22 12:32:00","12/14/11 14:00:00",,,"H2013-16",0,
1196076,445,"09/01/16 12:30:00","12/22/18 00:00:00",10,1100,"H2009-1",12,"
","T","12/14/11 14:05:00","05/31/22 12:52:00","12/14/11 14:00:00",,,"H2016-18",0,
1196077,445,"12/29/21 00:00:00","01/14/24 23:20:00",-40,1100,"H2021-50",11,"Nouvelle CT suite  à crue du 29/12/2022 DR
 mise à jour bas de courbe le 17/06/2022 HB
 mise à jour bas de courbe le 04/07/2022 DR","T","07/04/22 16:00:00","07/31/24 08:54:00","05/31/22 09:00:00",,,"H2021-50",0,
1196078,446,"07/28/05 00:00:00","10/06/11 12:00:00",200,1400,"H2005-1",13,"Courbe crée suite à un changement d'échelle, qui a décalé le zéro échelle de 2 cm. 
CT extrap integrée le 28/01/2020 DR","T","01/28/20 16:16:00","01/29/20 12:22:00",,170,3600,"H2005-1",,
1196079,446,"01/01/02 00:00:00","07/28/05 00:00:00",200,1200,"H2002-1",13,"CTextrap intergrée le 29/01/2020 DR","T",,"01/29/20 13:41:00","01/29/20 13:30:00",,,"H2002-1",,
1196080,446,"05/22/12 17:20:00","01/01/50 00:00:00",150,1800,"H2012-1",17,"Courbe refaite suite à la crue du 22/05/2012.
CT extrap integrée le 28/01/2020 DR
","T","02/22/13 14:22:00","01/28/20 16:06:00","02/22/13 14:00:00",90,3600,"H2012-1",0,
1196081,446,"10/06/11 12:00:00","05/22/12 17:20:00",150,1800,"H2011-1",13,"courbe crée après pose nouvelle échelle et un étiage sévère
CTextrap integrée le 28/01/2020 DR","T",,"01/29/20 12:21:00","12/12/11 12:00:00",,,"H2011-1",,
1196082,446,"07/29/96 00:00:00","03/25/97 00:00:00",100,2000,"H1996-1997",34,,"C",,"05/02/23 14:58:00",,,,"H1996-1997",0,
1196083,446,"03/25/97 00:00:00","02/19/00 00:00:00",200,2000,"H1997-2000",27,,"C",,"05/02/23 15:05:00",,,,"H1997-2000",0,
1196084,446,"05/19/96 00:00:00","07/29/96 00:00:00",150,2000,"C10144b",16,,"C",,"05/02/23 15:06:00",,,,"H1996-1996",0,
1196085,446,"11/27/93 00:00:00","11/13/95 00:00:00",210,1020,"H199395",26,,"C",,"05/02/23 15:07:00",,,,"H1993-1995",0," arrêtée le 6/04/2001  Kléber ?"
1196086,446,"11/13/95 00:00:00","05/19/96 00:00:00",150,2000,"10143b",21,,"C",,"05/02/23 15:10:00",,,,"H1995-1996",0,
1196087,446,"02/19/00 00:00:00","01/01/02 00:00:00",260,1200,"H2000-1",13,,"T",,"05/02/23 15:18:00","01/29/20 13:45:00",,,"H2000-1",0,"CT extrap integrée le 29/01/2020 DR"
1196088,446,"01/01/22 00:00:00","01/01/50 00:00:00",150,1800,"H2022-1",17,"

","T","09/05/22 07:51:00","10/03/23 15:45:00","09/05/22 00:00:00",90,3600,"H2022-1",0,
1196089,447,"06/11/09 00:00:00","01/05/12 19:00:00",220,2500,"H2009-1",15,"03/02/2016 Extrapolation au-delà de 150 cm d'après l'étude du Cerema - Labo de Blois (2014) par modélisation hydraulique (Hec Ras) - JNA/JPF","T","02/03/16 14:33:00","03/11/16 10:31:00","06/03/10 12:00:00",220,3000,"H2009-1",,
1196090,447,"12/09/07 00:00:00","06/11/09 00:00:00",270,2500,"H2007-1",12,"courbe à reprendre
03/02/2016 Extrapolation au-delà de 150 cm d'après l'étude du Cerema - Labo de Blois (2014) par modélisation hydraulique (Hec Ras) - JNA/JPF
","T","02/03/16 14:34:00","03/11/16 10:32:00","10/03/08 15:54:00",70,3000,"H2007-1",,
1196091,447,"02/09/05 00:00:00","12/09/07 00:00:00",220,2500,"H2005-1",20,"03/02/2016 Extrapolation au-delà de 150 cm d'après l'étude du Cerema - Labo de Blois (2014) par modélisation hydraulique (Hec Ras) - JNA/JPF","C","02/03/16 14:34:00","03/11/16 10:32:00",,80,3000,"H2005-1",,
1196092,447,"11/05/94 05:30:00","02/09/05 00:00:00",400,2500,"H1994-1",33,"02/02/16 Dissociation de la période de validité de la courbe initiale 1993-01 en deux courbes de part et d'autre de la forte crue du 05/11/1994 qui a visiblement engendré un détarage important en basses et moyennes eaux.
03/02/16 Extrapolation au-delà de 150 cm d'après l'étude du Cerema - Labo de Blois (2014) par modélisation hydraulique (Hec Ras) - JNA
","C","02/03/16 14:34:00","03/11/16 10:33:00","02/02/16 11:40:00",100,3000,"H1994-1",,
1196093,447,"01/12/93 00:00:00","11/05/94 05:30:00",400,2500,"H1993-1",19," 03/02/2016 Extrapolation au-delà de 150 cm d'après l'étude du Cerema - Labo de Blois (2014) par modélisation hydraulique (Hec Ras) - JNA/JPF","C","02/03/16 14:35:00","03/11/16 10:34:00",,200,3000,"H1993-1",,
1196094,447,"01/01/91 00:00:00","01/12/93 00:00:00",200,2500,"H1991-1",18,"03/02/2016 Extrapolation au-delà de 150 cm d'après l'étude du Cerema - Labo de Blois (2014) par modélisation hydraulique (Hec Ras) - JNA/JPF
","C","02/03/16 14:35:00","03/11/16 10:42:00",,200,3000,"H1991-1",,
1196095,447,"01/01/17 00:00:00","01/01/18 00:00:00",220,2500,"H2017-1",10,,"T",,"07/24/19 10:05:00","07/24/19 10:00:00",200,3000,"H2017-1",0,
1196096,447,"01/05/12 19:00:00","01/01/17 00:00:00",220,2500,"H2012-1",21,"nouvelle courbe suite à la crue du 05/01/2012 _ 19h, H=140 cm; DD
03/02/2016 Extrapolation au-delà de 150 cm d'après l'étude du Cerema - Labo de Blois (2014) par modélisation hydraulique (Hec Ras) - JNA/JPF","T","02/03/16 14:33:00","03/01/21 14:43:00","05/07/12 14:40:00",220,3000,"H2012-1",0,
1196097,447,"01/01/18 00:00:00","01/01/21 00:00:00",220,2500,"H2018-1",10,,"T",,"10/04/23 07:35:00","07/24/19 10:00:00",200,3000,"H2018-1",0,
1196098,447,"01/01/22 00:00:00","03/09/23 00:00:00",220,2500,"h2022-1",9,,"T","09/05/22 07:30:00","11/18/24 11:40:00","07/24/19 10:00:00",200,3000,"H2022-1",0,
1196099,447,"01/01/21 00:00:00","01/01/22 00:00:00",220,2500,"h2021-1",9,,"T","09/05/22 07:30:00","11/18/24 11:43:00","07/24/19 10:00:00",200,3000,"H2021-1",0,
1196100,447,"03/09/23 00:00:00","01/01/50 00:00:00",220,2500,"h2023-1",8,,"T","09/05/22 07:30:00","12/05/24 12:07:00","07/24/19 10:00:00",200,3000,"H2023-1",0,
1196101,448,"12/28/00 00:00:00","07/01/04 00:00:00",474,1600,"2000_1",22,,"C",,,,,,,,
1196102,448,"01/01/98 00:00:00","12/28/00 00:00:00",400,1500,"1998_1",19,,"C",,,,,,,,
1196103,448,"01/01/92 00:00:00","01/01/98 00:00:00",330,1240,"1992_1",18,,"C",,,,,,,,
1196104,448,"07/01/04 00:00:00","09/29/08 00:00:00",450,1400,"2004_1",11,,"C","03/30/06 08:34:00","04/18/12 13:58:00",,,,,,
1196105,448,"09/29/08 00:00:00","12/12/11 12:37:00",400,1800,"201006lc",7,"modification suite à un début de détarage","T","02/03/11 16:07:00","05/14/13 15:41:00","06/03/10 14:00:00",,,,,
1196106,448,"12/12/11 12:37:00","03/27/18 17:30:00",400,1800,"H2011-1",12,"suite de la crue du 16/12/2012
","T","01/11/21 16:50:00","01/11/21 16:56:00","05/14/13 14:00:00",,,"H2011-1",0,"màj CT HB/DR 11/01/2021"
1196107,448,"03/27/18 17:30:00","03/11/23 00:00:00",420,1860,"H2018-1",12,"
modification à partir de 170","T","01/11/21 16:30:00","10/23/23 13:05:00","01/11/21 10:44:00",,,"H2018-1",0,"CT HB/DR 11/01/2021"
1196108,448,"03/11/23 00:00:00","01/01/50 00:00:00",420,1860,"H2023_2050",9,,"T","10/23/23 11:18:00","12/04/23 14:40:00","10/23/23 11:25:00",,,"H2023_2050",0,"modifié aprés la crue du 11/03/2023 , modification du tronçon 70 à 110 (jaugeage du 20/11/2023).
"
1196109,449,"01/02/92 00:00:00","04/27/93 00:00:00",100,500,"1992_01",6,,"C",,,,,,,,
1196110,449,"04/27/93 00:00:00","04/29/94 00:00:00",90,1240,"1993_01",27," ","C",,,,,,,,
1196111,449,"04/29/94 00:00:00","09/28/94 00:00:00",80,1240,"1994_01",25," ","C",,,,,,,,
1196112,449,"09/28/94 00:00:00","10/26/02 00:00:00",0,1240,"1994_02",12," ","C",,,,,,,,
1196113,449,"10/26/02 00:01:00","01/01/06 00:00:00",20,2040,"2002_01",11,,"C","06/16/06 14:50:00","06/30/06 11:51:00",,,,,,
1196114,449,"01/01/06 00:00:00","01/10/07 00:00:00",140,2040,"2006_12",9,"détarage hiver 05/06
30/06/2006 courbe provisoire","C","06/30/06 11:51:00","12/14/07 12:43:00","06/30/06 16:39:00",,,,,
1196115,449,"01/10/07 00:01:00","10/13/09 00:00:00",140,2040,"2007_1",10,"détarage hiver 05/06
30/06/2006 courbe provisoire","C","06/30/06 11:51:00","12/03/10 10:38:00","06/30/06 16:39:00",,,,,
1196116,449,"01/25/11 00:00:00","01/11/16 11:30:00",180,2030,"H2011-1",7,"Courbe scindée en 2 par ADD","T",,"08/09/18 15:18:00","08/09/18 13:00:00",100,2220,"H2011-1",0,
1196117,449,"01/04/18 00:00:00","01/01/50 00:00:00",30,3000,"CT BARATIN",100,"Courbe extrapolation BARATIN réalisée le 21/08/2018 par JNA/ADD avec données relevées sur le terrain en 2017
A suivre pour une hauteur allant jusqu'à 3.00m, grosse incertitude pour des hauteurs supérieures","C",,"08/21/18 16:46:00",,,,,0,
1196118,449,"01/04/18 00:00:00","01/01/50 00:00:00",30,3000,"CT_BAR_sup",100,"h/q Baratin : Qmax","C",,"08/21/18 16:46:00",,,,,0,
1196119,449,"01/04/18 00:00:00","01/01/50 00:00:00",30,3000,"CT_BAR_inf",100,"h/q Baratin : Qmin","C",,"08/21/18 16:47:00",,,,,0,
1196120,449,"01/19/24 12:50:00","01/01/50 00:00:00",145,2040,"H202430",9,,"T",,"09/11/24 13:25:00","06/19/24 12:30:00",0,2210,"H202430",0,
1196121,449,"01/04/18 03:15:00","12/16/20 12:30:00",80,2030,"H2018-1",10,"Nouvelle courbe suite étiage 2018 : ADD
MAJ étiage 2022
","T","08/05/22 12:40:00","12/27/22 13:57:00","08/09/18 12:00:00",0,2220,"H2018-1",0,
1196122,449,"10/13/09 00:00:00","01/25/11 00:00:00",245,1620,"2009-1",4,,"T",,"06/09/23 13:19:00","05/18/10 00:00:00",,,,0,
1196123,449,"01/11/16 11:30:00","01/04/18 03:15:00",120,2030,"H2016-1",7,"Courbe scindée en 2 par ADD
validation année station 2016 corrigé : CP","T","09/01/23 15:22:00","09/01/23 15:25:00","08/09/18 13:00:00",50,2220,"H2016-1",0,
1196124,449,"12/16/20 12:30:00","01/19/24 12:50:00",80,2040,"H202024",29,,"C",,"06/19/24 12:43:00","12/27/22 13:00:00",0,2210,"H202024",0,
1196125,449,"11/18/00 13:04:00","11/18/50 13:04:00",12,5000,"barV3_sup",100,"h/q Baratin : Qmax","C",,"11/18/24 16:11:00",,,,"barV3_sup",0,
1196126,449,"11/18/00 13:04:00","11/18/50 13:04:00",12,5000,"barV3",100,"h/q Baratin : Qmaxpost","C",,"11/18/24 16:23:00",,,,"barV3-moy",0,
1196127,449,"11/18/00 13:04:00","11/18/50 13:04:00",12,5000,"barV3_inf",100,"h/q Baratin : Qmin","C",,"11/18/24 16:24:00",,,,"barV3_inf",0,
1196128,451,"03/17/00 00:00:00","10/13/02 00:00:00",120,2400,"H2000-2002",4,,"T",,"05/16/25 11:14:00",,,,"H2000-2002",0,
1196129,451,"03/22/06 00:01:00","09/03/08 00:00:00",100,1450,"2006_1",11,,"C",,"04/20/11 14:17:00",,,,,,
1196130,451,"09/03/08 00:00:00","11/29/14 00:00:00",110,1450,"H2008-1",7,,"T","09/01/16 00:00:00","09/02/16 09:09:00","03/04/10 00:00:00",89,2200,"H2008-1",0,
1196131,451,"10/13/02 00:00:00","05/24/05 19:15:00",100,1450,"2002_1",18,"Reprise extrap suite crue du 01/02/2021
MAJ CP","C","04/30/21 14:02:00","04/30/21 15:07:00",,89,2500,"2002_1",0,
1196132,451,"05/24/05 19:15:00","05/31/06 13:00:00",100,1120,"2005_1",10,"MAJ CP suite étude extrap (crue du 01/02/2021) : reprise des périodes pour assurer une continuité de débit.","C","04/30/21 15:10:00","04/30/21 15:18:00",,90,1450,"2005_1",0,
1196133,451,"11/21/15 00:00:00","02/05/17 10:45:00",125,1890,"H2015-1",7,"Créee suite aux jaugeages étiages été 2016
13/01/17 : MàJ suite jaugeages automne/début hiver en basses eaux
11/07/17 : MàJ basses eaux


","T","07/11/17 12:00:00","04/30/21 15:28:00","09/01/16 00:00:00",80,1890,"H2015-1",0,
1196134,451,"11/29/14 00:00:00","11/21/15 00:00:00",110,1450,"H2014-1",6,,"T",,"04/30/21 15:48:00","09/01/16 00:00:00",80,1800,"H2014-1",0,
1196135,451,"02/05/17 10:45:00","07/16/18 23:00:00",114,1900,"H2017-1",9,"Créée suite jaugeages d'étiage été 2017
7/3/18 : Mise à jour haut de la courbe (mise en charge pile rive gauche de la passerelle=>courbe qui s'applanit)
MAJ 04/09/20 : extrap bas / point à 8.5 le 05/08/2020
26/7 et 9/8 et 29/8: MaJ bas courbe pour prendre en compte jaugeages étiage
","T","08/29/18 08:00:00","04/30/21 17:29:00","09/01/17 11:00:00",106,2490,"H2017-1",0,
1196136,451,"07/16/18 23:00:00","12/29/19 08:10:00",110,2150,"H201819",23,"Modifiée pour prendre en compte les crues 2018 et 2021 (mise en charge au droit de l'échelle : perte de charge observée d'environ 50cm pour H=243cm)","C",,"10/17/23 15:56:00","10/17/23 16:00:00",80,2600,"H201819",0,"CT 2018 scindé 2018_2019
MAJ pour validation année-station 2018 à 2023"
1196137,451,"12/29/19 08:10:00","01/01/50 00:00:00",112,2430,"H202030",5,,"T",,"10/17/23 16:39:00","10/17/23 16:00:00",80,2600,"H202030",0,"CT 2018 scindé en 201819 et 202030
MAJ pour validation années station 2018 à 2023"
1196138,452,"11/27/93 00:00:00","08/24/94 00:00:00",290,1820,"H1993-1",36,"04/03/2016 Prise en compte extrapolation LR Blois par modélisation hydraulique HEC Ras (2015), qui montre un passage en régime noyé du seuil de la station à partir de 140 cm échelle.","C","03/04/16 12:00:00","03/14/16 15:14:00",,280,3700,"H1993-1",0,
1196139,452,"08/24/94 00:00:00","01/24/95 00:00:00",280,1800,"H1994-1",32,"04/03/2016 Prise en compte extrapolation LR Blois par modélisation hydraulique HEC Ras (2015), qui montre un passage en régime noyé du seuil de la station à partir de 140 cm échelle.","C","03/04/16 12:00:00","03/14/16 15:13:00",,280,3700,"H1994-1",0,
1196140,452,"01/13/04 00:00:00","12/24/10 00:00:00",320,1800,"H2004-1",37,"04/03/2016 Prise en compte extrapolation LR Blois par modélisation hydraulique HEC Ras (2015), qui montre un passage en régime noyé du seuil de la station à partir de 140 cm échelle.","C","03/04/16 12:00:00","03/14/16 15:01:00","03/23/06 00:00:00",250,3700,"H2004-1",0,
1196141,452,"03/01/03 00:00:00","01/13/04 00:00:00",320,1820,"H2003-1",36,"04/03/2016 Prise en compte extrapolation LR Blois par modélisation hydraulique HEC Ras (2015), qui montre un passage en régime noyé du seuil de la station à partir de 140 cm échelle.","C","03/04/16 00:00:00","03/14/16 15:05:00",,210,3700,"H2003-1",0,
1196142,452,"08/26/02 00:00:00","03/01/03 00:00:00",370,1800,"H2002-1",36,"04/03/2016 Prise en compte extrapolation LR Blois par modélisation hydraulique HEC Ras (2015), qui montre un passage en régime noyé du seuil de la station à partir de 140 cm échelle.","C","03/04/16 12:00:00","03/14/16 15:06:00",,280,3700,"H2002-1",0,
1196143,452,"06/11/00 00:00:00","08/26/02 00:00:00",300,1800,"H2000-2",35,"04/03/2016 Prise en compte extrapolation LR Blois par modélisation hydraulique HEC Ras (2015), qui montre un passage en régime noyé du seuil de la station à partir de 140 cm échelle.","C","03/04/16 12:00:00","03/14/16 15:07:00",,300,3700,"H2000-2",0,
1196144,452,"03/05/00 00:00:00","06/11/00 00:00:00",300,1800,"H2000-1",33,"04/03/2016 Prise en compte extrapolation LR Blois par modélisation hydraulique HEC Ras (2015), qui montre un passage en régime noyé du seuil de la station à partir de 140 cm échelle.","C","03/04/16 12:00:00","03/14/16 15:08:00",,300,3700,"H2000-1",0,
1196145,452,"01/29/99 00:00:00","03/05/00 00:00:00",300,1800,"H1999-1",34,"04/03/2016 Prise en compte extrapolation LR Blois par modélisation hydraulique HEC Ras (2015), qui montre un passage en régime noyé du seuil de la station à partir de 140 cm échelle.","C","03/04/16 12:00:00","03/14/16 15:08:00",,300,3700,"H1999-1",0,
1196146,452,"02/16/97 00:00:00","05/07/97 00:00:00",320,1800,"H1997-1",34,"04/03/2016 Prise en compte extrapolation LR Blois par modélisation hydraulique HEC Ras (2015), qui montre un passage en régime noyé du seuil de la station à partir de 140 cm échelle.","C","03/04/16 12:00:00","03/14/16 15:10:00",,300,3700,"H1997-1",0,
1196147,452,"05/07/97 00:00:00","01/29/99 00:00:00",350,1800,"H1997-2",36,"04/03/2016 Prise en compte extrapolation LR Blois par modélisation hydraulique HEC Ras (2015), qui montre un passage en régime noyé du seuil de la station à partir de 140 cm échelle.","C","03/04/16 12:00:00","03/14/16 15:10:00",,280,3700,"H1997-2",0,
1196148,452,"01/03/96 00:00:00","02/16/97 00:00:00",320,1800,"H1996-1",34,"04/03/2016 Prise en compte extrapolation LR Blois par modélisation hydraulique HEC Ras (2015), qui montre un passage en régime noyé du seuil de la station à partir de 140 cm échelle.","C","03/04/16 12:00:00","03/14/16 15:11:00",,300,3700,"H1996-1",0,
1196149,452,"01/24/95 00:00:00","01/03/96 00:00:00",330,1800,"H1995-1",30,"04/03/2016 Prise en compte extrapolation LR Blois par modélisation hydraulique HEC Ras (2015), qui montre un passage en régime noyé du seuil de la station à partir de 140 cm échelle.","C","03/04/16 12:00:00","03/14/16 15:12:00",,330,3700,"H1995-1",0,
1196150,452,"04/23/17 00:00:00","07/16/19 00:00:00",270,1600,"H2017-1",8,"CT extrapolée par CEREMA
CT Arrêté au 16/07/2019 (mouvements de vannes béal) DR
","T","11/28/18 15:39:00","07/19/19 11:14:00","07/24/17 10:34:00",,,"H2017-1",0,
1196151,452,"07/31/19 00:00:00","06/13/20 12:00:00",115,1200,"H2019-1",10,"CT suite à modification vannes Béal DR
","T","09/22/20 11:22:00","09/22/20 11:22:00","08/08/19 15:00:00",105,3730,"H2019-1",0,
1196152,452,"12/24/10 00:00:00","01/01/14 00:00:00",270,1800,"H2010-1",32,"04/03/2016 Prise en compte extrapolation LR Blois par modélisation hydraulique HEC Ras (2015), qui montre un passage en régime noyé du seuil de la station à partir de 140 cm échelle.","C","09/22/20 11:23:00","09/22/20 11:23:00","06/04/15 12:00:00",220,3700,"H2010-1",0,
1196153,452,"01/01/14 00:00:00","04/23/17 00:00:00",270,1800,"H2014-1",7,"Revisé pour prendre en compte le fonctionnement de la dérivation à l'étiage.
","T",,"09/22/20 11:44:00","09/02/16 12:00:00",210,3700,"H2014-1",0,
1196154,452,"06/13/20 12:00:00","01/20/21 16:00:00",115,1800,"H2020-21",7,"CT suite à modification crue juin 2020
","T","09/22/20 11:44:00","04/07/22 11:25:00","08/08/19 15:00:00",105,3730,"H2020-21",0,
1196155,452,"01/20/21 16:00:00","01/01/50 00:00:00",115,1200,"H2021-1",8,"ct modifie suite a mise en place seuil sur beal","T",,,,105,3730,"H2021-1",,
1196156,452,"01/20/21 16:00:00","12/31/50 00:00:00",115,1200,"H2021-50",11,"ct modifie suite a mise en place seuil sur beal

","T","08/31/21 14:36:00","06/21/22 14:54:00","08/08/19 15:00:00",105,3730,"h2021-50",0,
1196157,452,"03/12/23 07:00:00","06/13/23 01:24:00",350,3753,"H2023-23",6,"

","T","06/23/23 14:49:00","06/28/23 11:09:00","08/08/19 15:00:00",,,"H2023-23",0,
1196158,452,"01/01/22 00:00:00","03/12/23 07:00:00",250,3753,"H2022-23",11,"

","T","06/21/22 15:53:00","06/28/23 11:10:00","08/08/19 15:00:00",,,"H2022-23",0,"21/06/2022 Repris bas de CT DR"
1196159,452,"06/13/23 01:24:00","06/29/23 06:00:00",350,3753,"H2023-23-2",6,"30/06/2023 : Arrêt de la courbe de tarage au 29/06/2023 06:00 date de début d'influences travaux

","T","06/28/23 11:09:00","06/30/23 09:28:00","08/08/19 15:00:00",,,"H2023-23 -2",0,"21/06/2023 ReprisCT hs bas de courbe à partir du 13/06/2023 
30/06/2023 : Arrêt de la CT au 29/06/2023 06:00 date de début d'influences travaux DR"
1196160,453,"03/10/06 00:00:00","10/15/08 00:00:00",10,2600,"H2006-1",7,,"T","09/11/07 15:13:00","10/10/19 15:06:00","03/20/06 09:45:00",,,"H2006-1",0,
1196161,453,"10/15/08 00:00:00","01/01/10 00:00:00",0,2800,"H2008-1",20,,"C","02/02/11 15:35:00","10/10/19 15:03:00","02/02/11 15:30:00",0,3000,"H2008-1",0,
1196162,453,"02/04/03 00:00:00","03/10/06 00:00:00",10,2600,"H2003-1",5,,"T","09/11/07 15:13:00","10/10/19 15:08:00","01/15/04 11:43:00",,,"H2003-1",0,
1196163,453,"03/02/02 00:00:00","02/04/03 00:00:00",200,1100,"H2002-1",5,"arrêté le 2 mai 2002

Kléber","T","09/11/07 15:13:00","10/10/19 15:14:00",,,,"H2002-1",0,
1196164,453,"01/19/98 00:00:00","01/01/00 00:00:00",120,2000,"H1998-1",7,,"T","09/11/07 15:12:00","10/10/19 15:17:00","03/20/06 09:45:00",,,"H1998-1",0,
1196165,453,"10/20/94 00:00:00","03/21/95 00:00:00",120,2000,"H1994-1",6,,"T","09/11/07 15:11:00","10/10/19 15:58:00","03/20/06 09:45:00",,,"H1994-1",0,
1196166,453,"11/27/93 00:00:00","10/20/94 00:00:00",120,2000,"H1993-1",6,,"T","09/11/07 15:11:00","10/10/19 16:00:00","03/20/06 09:45:00",,,"H1993-1",0,
1196167,453,"03/21/95 00:00:00","01/19/98 00:00:00",120,2000,"H1995-1",7,,"T","09/11/07 15:12:00","10/10/19 16:47:00","03/20/06 09:45:00",,,"H1995-1",0,
1196168,453,"01/01/10 00:00:00","12/30/17 05:50:00",0,3100,"H2010-1",10,"Modification du haut de la courbe afin d'integrer le modéle d'extrapolation du LRPC
","T","12/14/11 16:10:00","09/26/18 14:03:00","12/14/11 16:00:00",0,3100,"H2010-1",0,
1196169,453,"01/01/00 00:00:00","03/02/02 00:00:00",190,1090,"H2000-1",7,,"T","09/11/07 15:12:00","10/10/19 15:14:00",,,,"H2000-1",0,
1196170,453,"12/30/17 05:50:00","01/01/50 00:00:00",0,3100,"H2018-1",10,"modif suite à la crue du 05/01/2018
","T","10/10/19 14:55:00","02/07/25 08:22:00","12/14/11 16:00:00",,,"H2018-1",0,
1196171,454,"10/28/93 00:00:00","09/24/94 17:00:00",0,4900,"H1993-1",15,,"T","05/06/20 17:20:00","05/07/25 12:29:00",,0,4900,"H1993-94",0,"maj : reprise courbe en tronçons (coeffs a et b)"
1196172,454,"09/24/94 17:00:00","01/11/95 16:15:00",0,4900,"H1994-1",16,,"T","05/06/20 17:20:00","05/07/25 12:30:00",,0,4900,"H1994-95",0,"maj : reprise courbe en tronçons (coeffs a et b)"
1196173,454,"01/11/95 16:15:00","07/09/96 06:30:00",0,4900,"H1995-1",16,,"T","05/06/20 17:20:00","05/07/25 12:30:00",,0,4900,"H1995-96",0,"maj : reprise courbe en tronçons (coeffs a et b)"
1196174,454,"07/09/96 06:30:00","12/03/03 01:20:00",0,4900,"H1996-1",18,,"T","05/06/20 17:20:00","05/07/25 12:30:00",,0,4900,"H1996-03",0,"maj : reprise courbe en tronçons (coeffs a et b)"
1196175,454,"12/03/03 01:20:00","10/29/04 23:40:00",0,4900,"H2003-1",15,,"T","05/06/20 12:35:00","05/07/25 12:31:00","07/29/05 17:30:00",0,4900,"H2003-04",0,"maj : reprise courbe en tronçons (coeffs a et b)"
1196176,454,"10/29/04 23:40:00","04/17/05 08:30:00",0,4900,"H2004-1",13,,"T",,"05/07/25 12:31:00","05/06/20 12:35:00",0,4900,"H2004-05",0,"maj : reprise courbe en tronçons (coeffs a et b)"
1196177,454,"04/17/05 08:30:00","10/03/06 16:40:00",0,4900,"H2005-1",15,,"T","05/06/20 12:35:00","05/07/25 12:31:00","09/04/06 11:07:00",0,4900,"H2005-06",0,"maj : reprise courbe en tronçons (coeffs a et b)"
1196178,454,"10/03/06 16:40:00","11/02/08 00:00:00",0,4900,"H2006-1",16,,"T","05/06/20 12:35:00","05/07/25 12:31:00","03/16/07 15:28:00",0,4900,"H2006-08",0,"maj : reprise courbe en tronçons (coeffs a et b)"
1196179,454,"11/02/08 00:00:00","08/19/19 00:30:00",0,4900,"H2008-1",18,"CT issu du modele au pk 15041, profil V_2013_6 fusionné avec CT actuelle pour Q < 50m3
modification bas de courbe suite à jaugeage étiage","T","08/28/20 10:36:00","05/07/25 12:32:00","07/10/18 00:00:00",0,4900,"H2008-19",0,"maj : reprise courbe en tronçons (coeffs a et b)"
1196180,454,"08/19/19 00:30:00","01/01/50 00:00:00",0,4800,"H2019-1",8,"maj : modif  h=150 cm
redécoupage courbe suite crue juin 2020
CT issu du modele au pk 15041, profil V_2013_6 
16/09/2022 Ajustement bas de CT
fusionné avec CT actuelle pour Q  et lt; 50m3
maj 09/21 modification bas de courbe suite à jaugeage étiage
MAJ étiage 2022 : 05/08/2022","T","09/03/22 09:40:00","05/07/25 12:32:00","07/06/20 14:30:00",-110,4800,"H2019-50",0,"maj : reprise courbe en tronçons (coeffs a et b)
24/08/2023: ajustement bas de courbe suite jaugeage à 4.6 cm"
1196181,455,"07/27/98 00:00:00","04/01/99 00:00:00",-280,3000,"H199899",4,,"T",,"09/11/07 11:36:00","09/11/07 11:36:00",,,,,
1196182,455,"04/01/99 00:00:00","08/07/99 00:25:00",-150,3000,"H199999",4,,"T","09/11/07 11:37:00","09/11/07 11:37:00",,,,,,
1196183,455,"08/07/99 00:25:00","11/25/02 08:05:00",-340,3000,"H199902",4,,"T","09/11/07 11:37:00","09/11/07 11:37:00",,,,,,
1196184,455,"11/25/02 08:05:00","06/26/03 11:00:00",-400,3000,"H200203",4,,"T","09/11/07 11:37:00","09/11/07 11:38:00","03/01/05 17:24:00",,,,,
1196185,455,"06/26/03 11:00:00","11/01/03 01:40:00",-350,3000,"H200303",4,,"T","09/11/07 11:38:00","09/11/07 11:38:00","07/12/04 15:16:00",,,,,
1196186,455,"10/15/04 21:10:00","10/05/05 01:20:00",-400,3000,"H200405",4,,"T","09/11/07 11:40:00","09/11/07 12:25:00","04/27/06 00:00:00",,,,,
1196187,455,"08/24/04 15:50:00","10/15/04 21:10:00",-300,3000,"H2004043",3,,"T","09/11/07 11:39:00","09/11/07 12:25:00","04/27/06 00:00:00",,,,,
1196188,455,"06/11/04 20:00:00","08/24/04 15:50:00",-200,3000,"H2004042",3,,"T","09/11/07 11:39:00","09/11/07 12:25:00","04/10/06 00:00:00",,,,,
1196189,455,"03/14/04 00:20:00","06/11/04 20:00:00",-300,3000,"H2004041",3,,"T","09/11/07 11:38:00","09/11/07 12:25:00","04/27/06 00:00:00",,,,,
1196190,455,"11/01/03 01:40:00","03/14/04 00:20:00",-200,3000,"H200304",4,,"T","09/11/07 11:38:00","09/11/07 12:25:00","04/27/06 00:00:00",,,,,
1196191,455,"10/28/93 00:00:00","01/05/94 00:00:00",-300,3000,"H199394",3,,"T",,"09/11/07 12:16:00","09/11/07 12:01:00",,,,,
1196192,455,"01/05/94 00:00:00","06/28/94 00:00:00",-300,3000,"H199494",4,,"T",,"09/11/07 12:19:00","09/11/07 12:05:00",,,,,
1196193,455,"06/28/94 00:00:00","01/20/97 00:00:00",-200,3000,"H199497",5,,"T",,"09/11/07 12:21:00","09/11/07 12:09:00",,,,,
1196194,455,"01/20/97 00:00:00","01/22/98 00:00:00",-350,3000,"H199798",4,,"T",,"09/11/07 12:23:00","09/11/07 12:14:00",,,,,
1196195,455,"05/15/07 00:00:00","01/01/12 00:00:00",-230,3000,"H200712",4,,"T","09/11/07 11:41:00","09/11/07 12:23:00","11/20/06 00:00:00",,,,,
1196196,455,"09/25/06 07:40:00","05/15/07 00:00:00",-340,3000,"H200607",5,,"T","09/11/07 11:40:00","09/11/07 12:23:00","11/20/06 00:00:00",,,,,
1196197,455,"06/18/06 00:00:00","09/25/06 07:40:00",-200,3000,"H200606",4,,"T","09/11/07 11:40:00","09/11/07 12:24:00","10/26/06 00:00:00",,,,,
1196198,455,"10/05/05 01:20:00","06/18/06 00:00:00",-200,3000,"H200506",4,,"T","09/11/07 11:40:00","09/11/07 12:24:00","09/07/06 00:00:00",,,,,
1196199,455,"01/22/98 00:00:00","07/27/98 00:00:00",-200,3000,"H199898",4,,"T","09/11/07 11:30:00","12/06/07 14:53:00",,,,,,
1196200,455,"05/15/07 00:00:00","01/01/10 00:00:00",-150,2300,"2007_2SP",4,"Attention, un CORTH a été appliqué l'été 2010
","T",,"06/06/17 14:14:00","03/13/09 11:11:00",,,,0,
1196201,455,"01/01/10 00:00:00","12/17/11 00:00:00",-150,2300,"H2010-1",6,,"T",,"06/19/17 11:01:00","06/06/17 11:11:00",,,"H2010-1",0,
1196202,455,"12/17/11 00:00:00","12/18/12 00:00:00",-150,2300,"H2011-1",6,"
","T",,"06/19/17 11:01:00","06/06/17 11:45:00",,,"H2011-1",0,
1196203,455,"12/18/12 00:00:00","01/01/21 00:00:00",-220,2300,"H201221",15,"ATTENTION  : cette station est soumise à l'influence saisonnière de la végétation aquatique. Les hauteurs enregistrées sont ensuite corrigées pour calculer les débits (traitement de type CORTH)
","T","10/23/24 09:06:00","10/23/24 09:06:00","06/06/17 13:30:00",,,"H201221",0,
1196204,455,"01/01/21 00:00:00","12/31/50 00:00:00",-220,2300,"H202150",15,"ATTENTION  : cette station est soumise à l'influence saisonnière de la végétation aquatique. Les hauteurs enregistrées sont ensuite corrigées pour calculer les débits (traitement de type CORTH)
","T","11/22/24 10:17:00","01/27/25 15:38:00","10/23/24 09:00:00",,,"H202150",0,
1196205,456,"01/10/25 20:00:00","01/01/50 00:00:00",-20,3000,"H202450",6,"suite détarage lié àla  crue du 10/01/2025
","T","02/20/25 10:13:00","05/19/25 07:28:00","02/20/25 10:00:00",,,"H202450",0,
1196206,456,"11/01/08 00:00:00","12/31/50 23:59:00",12,5000,"HBarat",97,"h/q courbe Baratin : Qmaxpost","C",,,,,,,,
1196207,456,"11/01/08 00:00:00","12/31/50 23:59:00",12,5000,"HBarat_inf",97,"h/q courbe Baratin : Qmin","C",,,,,,,,
1196208,456,"11/01/08 00:00:00","12/31/50 23:59:00",12,5000,"HBarat_sup",97,"h/q courbe Baratin : Qmax","C",,,,,,,,
1196209,456,"01/03/96 02:15:00","11/30/96 10:55:00",-60,3500,"H199696",5,,"T","09/11/07 10:48:00","09/11/07 15:06:00","08/17/07 09:58:00",,,,,
1196210,456,"01/11/95 16:50:00","01/03/96 02:15:00",-60,3500,"H199596",5,,"T","09/11/07 10:48:00","09/11/07 10:48:00","08/14/07 15:38:00",,,,,
1196211,456,"11/27/93 00:00:00","07/02/94 07:15:00",-60,3300,"H199394",5,,"T","09/11/07 10:47:00","09/11/07 10:47:00","06/15/07 10:51:00",,,,,
1196212,456,"07/02/94 07:15:00","01/11/95 16:50:00",60,3500,"H199495",5,,"T","09/11/07 10:48:00","09/11/07 10:48:00","08/17/07 09:49:00",,,,,
1196213,456,"11/30/96 10:55:00","01/19/98 13:35:00",-50,3500,"H199698",5,,"T","09/11/07 10:48:00","09/11/07 10:49:00",,,,,,
1196214,456,"01/19/98 13:35:00","04/27/98 04:35:00",-100,3500,"H199898",5,,"T","09/11/07 10:49:00","09/11/07 10:49:00","08/17/07 10:49:00",,,,,
1196215,456,"04/27/98 04:35:00","02/09/99 18:45:00",-90,3500,"H199899",5,,"T","09/11/07 10:49:00","09/11/07 10:49:00","08/17/07 11:34:00",,,,,
1196216,456,"02/09/99 18:45:00","12/28/99 10:05:00",-100,3500,"H199999",6,,"T","09/11/07 10:49:00","09/11/07 10:49:00",,,,,,
1196217,456,"12/28/99 10:05:00","02/04/03 01:00:00",-100,3500,"H199903",5,,"T","09/11/07 10:49:00","09/11/07 10:49:00",,,,,,
1196218,456,"02/04/03 01:00:00","01/21/04 03:40:00",-100,3500,"H200304",6,,"T","09/11/07 10:50:00","09/11/07 10:50:00","12/20/06 00:00:00",,,,,
1196219,456,"01/21/04 03:40:00","01/24/05 02:30:00",-50,3500,"H200405",6,,"T","09/11/07 10:50:00","09/11/07 10:50:00","07/03/06 00:00:00",,,,,
1196220,456,"01/24/05 02:30:00","03/10/06 02:00:00",0,3500,"H200506",6,,"T","09/11/07 10:53:00","09/11/07 10:53:00","11/20/06 00:00:00",,,,,
1196221,456,"03/10/06 02:00:00","03/02/07 09:20:00",0,3700,"H200607",6,,"T","09/11/07 10:53:00","09/11/07 14:33:00","11/20/06 00:00:00",,,,,
1196222,456,"03/02/07 09:20:00","06/01/08 00:00:00",100,3150,"H200723",6,,"T","09/11/07 10:54:00","09/03/09 14:37:00","11/20/06 00:00:00",,,,,
1196223,456,"11/04/09 00:00:00","12/14/11 00:00:00",100,3150,"H200911",9,,"T","01/15/13 15:50:00","02/06/13 16:24:00","02/08/12 10:59:00",,,,,
1196224,456,"06/01/08 00:00:00","11/04/09 00:00:00",100,3150,"H200809",5,"
","T",,"02/06/13 16:23:00","01/31/13 14:40:00",,,,,
1196225,456,"12/14/11 00:00:00","08/08/12 00:00:00",60,3150,"H201112",9,"
","T","01/17/13 15:15:00","02/06/13 17:16:00","07/05/12 09:45:00",,,,,
1196226,456,"03/02/07 09:20:00","05/31/08 00:00:00",100,3150,"H200723",6,,"T","09/11/07 10:54:00","07/17/15 09:25:00","11/20/06 00:00:00",,,,,
1196227,456,"03/02/07 09:20:00","05/31/08 00:00:00",100,3150,"H200723",6,,"T","09/11/07 10:54:00","07/17/15 09:25:00","11/20/06 00:00:00",,,,,
1196228,456,"11/15/14 00:00:00","02/15/16 00:00:00",10,3100,"H2014-2",8,,"T","04/11/17 09:41:00","04/11/17 10:16:00","06/15/15 15:08:00",,,"H2014-2",0,
1196229,456,"01/05/18 00:00:00","08/24/18 00:00:00",20,2500,"H2018-1",7,"
","T","01/29/19 14:30:00","04/22/20 08:51:00","07/02/18 09:00:00",,,"H2018-1",0,
1196230,456,"02/15/16 00:00:00","03/07/17 00:00:00",0,2500,"H2016-1",9,,"T","01/29/18 11:00:00","01/29/19 11:09:00","09/05/16 18:26:00",,,"H2016-1",0,
1196231,456,"03/07/17 00:00:00","01/05/18 00:00:00",50,2500,"H2017-1",6,"

","T","01/29/19 11:30:00","01/29/19 11:47:00","07/03/17 15:34:00",,,"H2017-1",0,
1196232,456,"01/25/14 00:00:00","11/15/14 00:00:00",40,3100,"H2014-1",6,,"T",,"05/07/20 08:32:00","06/15/15 15:08:00",,,"H2014-1",0,
1196233,456,"01/21/13 00:00:00","01/25/14 00:00:00",40,3100,"H2013-1",6,,"T","06/15/15 14:58:00","05/07/20 08:33:00","07/17/13 08:54:00",,,"H2013-1",0,
1196234,456,"08/24/18 00:00:00","11/01/19 00:00:00",-3,3000,"H2018-2",13,"
","T","04/01/20 09:17:00","07/02/20 20:24:00","03/04/20 11:45:00",,,"H2018-2",0,
1196235,456,"08/08/12 00:00:00","01/21/13 00:00:00",40,3100,"H2012-1",7,"Détarage attribué au nettoyage des embâcles dans la rivière par les agents du CG fin juillet 2012
","T",,"05/07/20 08:34:00","01/23/13 10:22:00",,,"H2012-1",0,
1196236,456,"11/01/19 00:00:00","10/19/20 00:00:00",-3,3000,"H2019-1",13,"
","T","07/02/20 19:39:00","05/07/21 08:42:00","03/04/20 11:45:00",,,"H2019-1",0,
1196237,456,"10/19/20 00:00:00","12/28/21 00:00:00",-3,3000,"H2020-1",13,"détarage suite au nettoyage des berges CD03
modif seb 
Modification bas de CT le 26/08/2021 DR ","T","09/03/21 14:27:00","06/01/22 12:10:00","12/04/20 11:45:00",,,"H2020-1",0,
1196238,456,"06/20/24 17:00:00","01/10/25 20:00:00",-80,3000,"H202425",7,"01/08/2024: Création CT suite détarage lié à crue du 20/06/2024
","T","02/20/25 10:16:00","02/20/25 10:16:00","08/01/24 13:00:00",,,"H202425",0,"SJ suite à détarage et ajustement bas de courbe"
1196239,456,"12/28/21 00:00:00","05/11/23 20:00:00",-3,3000,"H202223",14,"modification de 0 à 60cm suite à la crue de décembre 2021
Ajustement bas de courbe inf 4cm","T","06/02/23 10:35:00","06/02/23 10:39:00","06/01/22 12:00:00",,,"H202223",0,
1196240,456,"05/11/23 20:00:00","06/20/24 17:00:00",-30,3000,"H202324",12,"Création CT suite détarage mai 2023
Ajustement bas de CT 22/08/2023
MAJ DB
01/08/2024: Clôture CT suite à détarage lié à crue du 20/06/2024","T","08/01/24 13:00:00","08/01/24 12:48:00","08/24/23 15:00:00",,,"H202324",0,
1196241,457,"01/10/25 22:20:00","01/01/50 00:00:00",-940,3000,"H202550",18,"embâcle parti suite à la crue du 10/01/25","T","02/20/25 09:35:00","05/19/25 06:58:00","08/22/23 12:00:00",-940,5300,"H202550",0,
1196242,457,"10/28/93 00:00:00","08/04/94 00:00:00",-950,4000,"H199394",5,,"T","09/11/07 11:47:00","09/11/07 11:47:00","08/29/07 16:09:00",,,,,
1196243,457,"08/04/94 00:00:00","02/28/96 00:00:00",-950,4000,"H199496",5,,"T","09/11/07 11:47:00","09/11/07 11:47:00","08/29/07 16:31:00",,,,,
1196244,457,"02/28/96 00:00:00","01/20/97 00:00:00",-950,4000,"H199698",5,,"T","09/11/07 11:47:00","09/11/07 11:47:00","08/29/07 17:02:00",,,,,
1196245,457,"01/20/97 00:00:00","01/20/98 00:00:00",-900,4000,"H199798",5,,"T","09/11/07 11:47:00","09/11/07 11:48:00",,,,,,
1196246,457,"01/20/98 00:00:00","04/27/98 00:00:00",-900,4000,"H199898",4,,"T","09/11/07 11:48:00","09/11/07 11:48:00",,,,,,
1196247,457,"04/27/98 00:00:00","01/14/99 00:00:00",-750,4000,"H199899",4,,"T","09/11/07 11:48:00","09/11/07 11:48:00","12/20/06 00:00:00",,,,,
1196248,457,"01/14/99 00:00:00","12/28/99 00:00:00",-830,4000,"H199999",4,,"T","09/11/07 11:49:00","09/11/07 11:49:00","12/20/06 00:00:00",,,,,
1196249,457,"05/14/01 00:00:00","01/18/04 00:00:00",-1000,4000,"H200104",5,,"T","09/11/07 11:49:00","09/11/07 11:49:00","12/20/06 00:00:00",,,,,
1196250,457,"01/18/04 00:00:00","01/23/05 00:00:00",-860,4000,"H200405",4,,"T","09/11/07 11:49:00","09/11/07 11:49:00","12/20/06 00:00:00",,,,,
1196251,457,"01/23/05 00:00:00","03/09/06 00:00:00",-1000,4000,"H200506",5,,"T","09/11/07 11:49:00","09/11/07 11:49:00","12/20/06 00:00:00",,,,,
1196252,457,"03/09/06 00:00:00","07/07/06 00:00:00",-1040,4000,"H200606",5,,"T","09/11/07 11:50:00","09/11/07 11:50:00","09/06/06 00:00:00",,,,,
1196253,457,"07/07/06 07:00:00","12/14/07 00:00:00",-850,4000,"H200619",5,,"T","09/11/07 11:50:00","03/16/11 08:21:00","09/06/06 00:00:00",,,,,
1196254,457,"12/14/07 00:00:00","11/25/08 00:00:00",-700,3000,"H200708",8,"Débit Sioule et dérivation
","T",,"03/14/13 14:39:00","03/12/13 09:00:00",,,,,
1196255,457,"11/25/08 00:00:00","09/04/09 00:00:00",-720,3000,"H200809",9,"Débit Sioule et dérivation
","T",,"03/14/13 14:40:00","03/13/13 09:12:00",,,,,
1196256,457,"09/04/09 00:00:00","01/06/12 00:00:00",-800,3000,"H200912",10,"Débit Sioule et dérivation. Courbe extrapolée fortement en étiage pour estimer le débit très faible du 04/10/2011 ( chute enregistrée à la station de Chatel de Neuvre également)
","T",,"05/07/14 15:03:00","03/13/13 14:10:00",,,,,
1196257,457,"01/01/16 00:00:00","12/07/16 08:00:00",-800,3000,"H2016-1",13,"Courbe provisoire pendant que le bief n'est plus alimenté. La date de ré-alimentation du canal au 07/12/2016 a été fournie par l'entreprise en charge des travaux.

","T","07/11/17 10:14:00","07/11/17 10:19:00","08/02/16 15:44:00",,,"H2016-1",0,
1196258,457,"12/28/99 00:00:00","05/14/01 00:00:00",-910,4000,"H199901",4,,"T","09/11/07 11:49:00","09/11/07 11:49:00","12/20/06 00:00:00",,,,,
1196259,457,"12/07/16 08:00:00","07/26/20 15:00:00",-800,3000,"H2016-2",19,"Débit Sioule et dérivation. La partie haute de la courbe a été modélisée par le LRPC de Blois, à considérer avec la plus grande prudence compte tenu des très fortes incertitudes liées à la mise en charge de la passerelle au delà de 3.50 m","T","08/13/20 15:46:00","02/24/21 14:49:00","08/02/17 17:41:00",-1000,5300,"H2016-2",0,"Modif partie basse le 13/082020 SJ/DR"
1196260,457,"01/06/12 00:00:00","01/01/16 00:00:00",-800,3000,"H2012-1",13,"Débit Sioule et dérivation. La partie haute de la courbe a été modélisée par le LRPC de Blois, à considérer avec la plus grande prudence compte tenu des très fortes incertitudes liées à la mise en charge de la passerelle au delà de 3.50 m","T","07/11/17 10:20:00","02/24/21 15:03:00","05/07/14 09:12:00",,,"H2012-1",0,
1196261,457,"10/01/24 00:00:00","01/10/25 22:20:00",-940,3000,"H202425",19,"courbe tenant en compte l'arbre tombé dans le contrôle aval et en attendant son retrait","T","02/20/25 09:39:00","02/20/25 09:40:00","12/18/24 12:00:00",-940,5300,"H202425",0,
1196262,457,"06/19/23 00:00:00","10/01/24 00:00:00",-940,3000,"H202324",18,"Création CT suite à crue du 19/06/2023","T","01/29/25 15:08:00","01/29/25 15:08:00","08/22/23 12:00:00",-940,5300,"H202324",0,
1196263,457,"09/01/21 00:00:00","07/26/22 07:10:00",-850,3000,"H202122",24,"Nouvelle courbe suite à démolition et reconstruction de la passerelle.
Echelle cassée -9 cm","T","03/17/23 15:58:00","03/21/23 12:12:00","09/27/21 07:30:00",-1000,5300,"H202122",0,"Crée suite à détarage SJ/RD
Date de début à affiner
"
1196264,457,"07/26/20 15:00:00","07/26/21 07:30:00",-850,3000,"H2020-1",25,"Crée suite à détarage DR
màj 24/02/2021 suite à jaugeage octobre/novembre 2020 DR/SJ, puis jusqu'aux travaux démolition passerelle","T","08/03/22 14:51:00","03/21/23 12:16:00","08/01/20 12:00:00",-1000,5300,"H2020-1",0,"Crée suite à détarage SJ/RD
Date de début à affiner"
1196265,457,"07/26/22 07:10:00","06/19/23 00:00:00",-850,3000,"H202223",26,"Nouvelle courbe suite à démolition et reconstruction de la passerelle puis refixation de l'échelle d'étiage à la côte avant travaux
Echelle cassée -9 cm","T","03/17/23 15:58:00","08/22/23 14:21:00","09/27/21 07:30:00",-1000,5300,"H202223",0,"Crée suite à détarage SJ/RD
Date de début à affiner
"
1196266,458,"11/21/90 00:00:00","06/12/92 00:00:00",-50,500,"1990_2",14,,"C",,,,,,,,
1196267,458,"02/14/90 00:00:00","11/21/90 00:00:00",-50,500,"1990_1",14,,"C",,,,,,,,
1196268,458,"01/01/87 00:00:00","01/01/88 00:00:00",220,960,"1987_1",13,,"C",,,,,,,,
1196269,458,"01/01/88 00:00:00","01/01/89 00:00:00",-50,2000,"1988_1",16,,"C",,,,,,,,
1196270,458,"01/01/89 00:00:00","02/14/90 00:00:00",-50,500,"1989_1",14," ","C",,,,,,,,
1196271,458,"06/12/92 00:00:00","11/20/92 00:00:00",-50,500,"1992_1",14,,"C",,,,,,,,
1196272,458,"11/20/92 00:00:00","10/19/05 00:00:00",-50,1400,"2004_1",11,"MAJ haute 27/03/06 ","C","03/28/06 10:02:00","03/28/08 09:54:00",,,,,,
1196273,458,"06/16/10 13:00:00","01/01/50 00:00:00",12,5000,"barH20_inf",100,"h/q Baratin : Qmin","C",,,,,,,,
1196274,458,"06/16/10 13:00:00","01/01/50 00:00:00",12,5000,"barH20_sup",100,"h/q Baratin : Qmax","C",,,,,,,,
1196275,458,"06/16/10 13:00:00","01/01/50 00:00:00",12,5000,"barH20",100,"h/q Baratin : Qmaxpost","C",,,,,,,,
1196276,458,"10/19/05 00:00:00","06/16/10 13:00:00",-50,1400,"2005_1",15,"MAJ haute 27/03/06 
MAJ2 : fonction des jaugeages de 2010 à 2018","C","03/28/06 10:02:00","11/15/19 14:23:00",,-200,1600,"2005_1",0,
1196277,458,"06/16/10 13:00:00","05/04/17 23:48:00",-20,1400,"H2010",6,"Meilleure prise en compte des jaugeages en moyennes et hautes eaux
suppression ""vieux jaugeages"" associés en moyennes eaux
","T","10/19/16 00:00:00","04/16/20 10:04:00","04/23/12 12:00:00",-200,1600,"H2010",0,
1196278,458,"05/04/17 23:48:00","02/04/21 17:40:00",20,1400,"H2017",22,"ajustement extrapolation haute sur baratin + toilettage
MAJ crue 01/02/2021 (débordement si H>130 cm)
","C","03/08/21 15:49:00","08/23/21 10:28:00","04/15/20 00:00:00",-200,1600,"H2017",0,
1196279,458,"02/04/21 17:40:00","01/01/50 00:00:00",180,1400,"H2021",25,"modifiée suite crue du 01/02/2021","C","02/16/22 15:53:00","05/26/23 14:21:00","08/20/21 12:00:00",-200,1600,"H2021",0,
1196280,459,"01/01/88 00:00:00","01/01/89 00:00:00",110,1490,"1988_1",13," ","C",,,,,,,,
1196281,459,"01/01/87 00:00:00","01/01/88 00:00:00",120,630,"1987_1",13," ","C",,,,,,,,
1196282,459,"01/01/89 00:00:00","07/01/01 00:00:00",60,1000,"1989_1",11,,"C",,,,,,,,
1196283,459,"07/01/01 00:01:00","01/13/04 00:00:00",35,600,"2001_1",11,,"C","11/04/05 14:54:00","11/04/05 14:55:00",,,,,,
1196284,459,"01/13/04 00:00:00","01/01/06 00:00:00",50,750,"2004_1",10,"MAJ 04/11/05; 03/01/06 et 27/03/06","C","03/27/06 16:07:00","09/11/06 10:58:00","11/04/05 14:58:00",,,,,
1196285,459,"08/30/08 22:52:00","11/05/11 22:00:00",75,820,"2009-1",14,"modif de 9 à 82 cm + continuité de débit et validation années station","C","12/18/18 15:43:00","12/18/18 15:44:00","08/10/09 15:18:00",50,1080,"2009_1",0,
1196286,459,"01/01/06 00:00:00","08/30/08 22:52:00",50,1050,"2006_1",10,"MAJ 80-155 le 02/04/07","C",,"12/18/18 15:45:00","07/17/08 00:00:00",20,1550,"2006_1",0,
1196287,459,"11/05/11 22:00:00","11/27/16 15:00:00",80,820,"H201116",3,"
","T",,"03/26/25 16:14:00","01/08/13 00:00:00",0,1305,"H201116",0,
1196288,459,"11/27/16 15:00:00","01/12/19 18:10:00",67,970,"H201619",5,,"T",,"03/26/25 16:58:00","03/26/25 15:00:00",0,1300,,0,"Validation année station 2020 et antérieur"
1196289,459,"01/12/19 18:10:00","11/20/19 00:00:00",0,1300,"H2019",4,,"T",,"03/26/25 16:56:00","03/26/25 16:56:00",112,970,"H2019",0,"H2016 scindé en 3 CT pour validation année station 2020 et antérieur"
1196290,459,"11/20/19 00:00:00","02/04/21 15:35:00",77,960,"H201921",5,,"T",,"03/26/25 16:00:00","03/26/25 16:00:00",0,1300,"H201921",0,"H2016 scindé en 3 CT suite à validation année station 2020 et antérieures"
1196291,459,"02/04/21 15:35:00","01/08/22 20:37:00",68,970,"H202122",21,"modification suite à la crue du 01/02/2021","C",,"03/26/25 17:22:00","05/13/22 09:25:00",0,1300,"H202122",0,
1196292,459,"01/08/22 20:37:00","03/11/23 09:30:00",68,970,"H202223",21,,"C",,"03/29/24 15:53:00","02/24/23 15:00:00",0,1300,"H202223",0,
1196293,459,"03/11/23 09:30:00","12/11/23 13:00:00",77,970,"H2023",4,,"T",,"03/29/24 16:29:00","03/29/24 16:16:00",0,1300,"H2023",0,"modif suite crue du 11/03/2023"
1196294,459,"12/11/23 13:00:00","01/01/50 00:00:00",225,970,"H202330",6,,"T","06/19/24 13:28:00","08/14/24 14:25:00","03/29/24 16:24:00",0,1300,"H202330",0,"modif suite crue 11/12/2023
MAJ suite travaux sur le pont : desherbage du pont jeté au droit de l'échelle"
1196295,460,"01/01/88 00:00:00","12/31/50 23:59:00",12,5000,"HBar16",97,"h/q courbe Baratin : Qmaxpost","C",,,,,,,,
1196296,460,"01/01/88 00:00:00","12/31/50 23:59:00",12,5000,"HBar16_inf",97,"h/q courbe Baratin : Qmin","C",,,,,,,,
1196297,460,"01/01/88 00:00:00","12/31/50 23:59:00",12,5000,"HBar16_sup",97,"h/q courbe Baratin : Qmax","C",,,,,,,,
1196298,460,"03/27/08 00:00:00","12/03/11 13:00:00",200,1200,"2008-1",31,"Modification du haut de courbe (en dessus de 80cm) suite à jaugeages de crue et étude BaRatin
","C","01/21/16 13:35:00","01/21/16 14:14:00",,160,1800,,,
1196299,460,"06/01/04 00:00:00","03/27/08 00:00:00",160,1300,"2005_1",13,"MAJ 90-200 le 28/03/06
MAJ 125-160 le 02/04/07
MAJ 16/12/05 
station alimentée par canal en basses eaux dans configuration été 2005
MAJ 21/01/2016 modification haut courbe > 120cm suite à jaugeages crues et modelisation BaRatin
","C","01/21/16 14:17:00","01/21/16 14:35:00","10/03/05 14:41:00",160,1800,,,
1196300,460,"03/04/89 00:00:00","12/22/91 00:00:00",150,1000,"C5533",15,,"C",,,,,,,,
1196301,460,"12/22/91 00:00:00","06/12/92 00:00:00",150,1000,"C5534",15,,"C",,,,,,,,
1196302,460,"11/19/92 00:00:00","12/31/95 00:00:00",220,1610,"1992_1",8,,"C",,"01/22/16 15:10:00",,220,1800,,,
1196303,460,"11/09/01 00:00:00","06/01/04 00:00:00",220,1610,"2001_1",10,"MAJ 21/01/2016 modification haut courbe > 120cm suite à jaugeages crues et modelisation BaRatin
MAJ 03/02/2016 modification bas de courbe <30cm

","C",,"02/03/16 10:16:00",,90,1800,,,
1196304,460,"12/03/11 13:00:00","10/31/17 16:40:00",200,1300,"H2011-1",20,"MAJ le 21/10/2016 suite à jaugeages de crue et modélisation BaRatin (JNA)

","C","01/21/16 00:00:00","03/07/18 10:30:00",,200,2500,"H2011-1",0,
1196305,460,"10/31/17 16:40:00","07/18/20 13:50:00",85,1500,"H2017_1",21,"MODIFICATION ECHELLE RG. DE L'ETIAGE A 61.5 DECALAGE DE -10 CM SUR CETTE FOURCHETTE PAR RAPPORT A LA PRECEDENTE COURBE 
H201150a
MAJ étiage 2019
","C","09/09/19 14:13:00","09/18/24 13:02:00","03/01/18 00:00:00",20,2530,"H2017_1",0,
1196306,460,"07/18/20 13:50:00","12/15/23 08:25:00",102,1270,"H202023",22,"MAJ étiage 2022
22/02/2022 : MAJ validation année station","C","08/05/22 11:10:00","01/29/25 15:56:00","03/26/21 15:00:00",0,2200,"H202023",0,
1196307,460,"12/15/23 08:25:00","01/01/50 00:00:00",160,1500,"H202430",4,,"T",,"01/29/25 15:51:00","01/29/24 15:00:00",0,2200,"H202430",0,
1196308,461,"05/13/96 00:00:00","12/31/00 23:59:00",30,1250,"1996_4",14,,"C",,,,,,,,
1196309,461,"01/01/88 00:00:00","01/01/89 00:00:00",30,2000,"1988_1",16,,"C",,,,,,,,
1196310,461,"01/01/89 00:00:00","01/04/96 00:00:00",30,750,"1989_1",15,,"C",,,,,,,,
1196311,461,"01/04/96 00:00:00","02/14/96 00:00:00",-500,750,"1996_1",15,,"C",,,,,,,,
1196312,461,"02/14/96 00:00:00","02/15/96 00:00:00",-450,1750,"1996_2",15,,"C",,,,,,,,
1196313,461,"02/15/96 00:00:00","05/13/96 00:00:00",-550,1450,"1996_3",15,,"C",,,,,,,,
1196314,461,"01/01/01 00:00:00","09/10/03 00:00:00",30,1000,"2001_1",11,"MAJ 21/10/05
extrapolation supérieure suivant coeff 1,5
MAJ 30/08/06
courbe relevée entre 30 et 100 cm","C","10/21/05 12:16:00","12/18/07 09:27:00",,,,,,
1196315,461,"09/10/03 00:01:00","07/05/06 23:59:00",30,1000,"2003_1",13,"MAJ 21/10/05
extrapolation supérieure suivant coeff 1,5
MAJ 30/08/06
courbe relevée entre 30 et 100 cm","C","10/21/05 12:16:00","12/18/07 12:19:00",,,,,,
1196316,461,"07/06/06 00:01:00","05/25/10 00:00:00",30,1000,"2006_1",13,"MAJ 21/10/05
extrapolation supérieure suivant coeff 1,5
MAJ 30/08/06
courbe relevée entre 30 et 100 cm","C","10/21/05 12:16:00","07/08/11 13:59:00",,,,,,
1196317,461,"05/25/10 00:00:00","01/14/13 00:00:00",45,970,"H201050",3,"reprise extrapolation haute : non publiée le 20/04/2012

","T",,"10/16/13 16:12:00","07/08/11 14:00:00",14,1440,,,
1196318,461,"01/14/13 00:00:00","11/04/13 12:45:00",43,1000,"H2013-1",6,"prolongement jusqu'à 160cm le 4/3/2016 suite crue février 2016","T","03/04/16 15:54:00","09/06/16 15:21:00","10/16/13 00:00:00",14,1600,"H2013-1",0,
1196319,461,"11/04/13 12:45:00","01/09/16 05:00:00",50,1100,"H2013-2",5,"Détarage constaté, nouvelle courbe basses eaux



","T",,"07/12/17 16:39:00","08/02/16 14:30:00",10,1600,"H2013-2",0,
1196320,461,"01/09/16 05:00:00","08/28/17 15:40:00",50,1100,"H2016-1",8,"Détarage constaté, nouvelle courbe basses eaux
clôture courbe suite travaux sur le seuil 10m à l'aval de l'échelle



","T",,"02/21/20 14:21:00","07/12/17 14:30:00",10,1600,"H2016-1",0,
1196321,461,"08/28/17 15:40:00","10/15/19 04:31:00",17,1400,"H2017-1",7,"Création courbe suite travaux sur le seuil situé 10m à l'aval de l'échelle
modifié pour affiner l'étiage 2018, 2020
modifié pour extrapolation à 180 cm suite crue du 15/09/2021 
MAJ étiage 2022 10/08/2022","T","08/07/18 09:00:00","12/27/22 15:35:00","11/09/17 14:37:00",-30,1800,"H2017-1",0,
1196322,461,"10/15/19 04:31:00","06/26/22 07:50:00",35,1410,"H201922",20,,"C",,"03/10/25 14:54:00","12/27/22 15:00:00",-30,1800,"H201922",0,
1196323,461,"06/26/22 07:50:00","01/01/50 00:00:00",17,1390,"H202230",28,,"C","03/22/23 15:35:00","03/10/25 14:53:00","11/16/22 14:00:00",-30,1800,"H202230",0,"étiage 2023
MAJ 10//03/2025 pour 25<H<30"
1196324,462,"01/01/88 00:00:00","09/25/89 00:00:00",50,1500,"1988_1",13," ","C",,,,,,,,
1196325,462,"09/25/89 00:00:00","02/15/90 00:00:00",60,1500,"1989_1",13," ","C",,,,,,,,
1196326,462,"02/15/90 00:00:00","10/29/90 00:00:00",50,1500,"1990_1",14," ","C",,,,,,,,
1196327,462,"10/29/90 00:00:00","11/20/91 00:00:00",60,1500,"1990_2",13," ","C",,,,,,,,
1196328,462,"11/20/91 00:00:00","06/11/92 00:00:00",50,1500,"1991_1",14," ","C",,,,,,,,
1196329,462,"06/11/92 00:00:00","01/10/04 00:00:00",80,1500,"1992_1",17," ","C",,,,,,,,
1196330,462,"01/10/04 00:00:00","02/12/07 18:00:00",60,1500,"2004_1",12,,"C",,"12/17/07 10:01:00",,,,,,
1196331,462,"02/12/07 18:00:00","02/25/09 00:00:00",60,1870,"2007_1",13,,"C",,"05/11/10 11:44:00",,,,,,
1196332,462,"02/25/09 00:00:00","10/14/10 00:00:00",70,2540,"2009-1",4,"modifier de 1 à 7","T","07/08/11 14:33:00","08/25/11 11:30:00","05/11/10 00:00:00",10,2540,,,
1196333,462,"10/14/10 00:00:00","03/06/12 00:00:00",50,2540,"2010_1",2,"etiage 2011","T",,"12/04/12 11:19:00","08/25/11 00:00:00",10,2550,,,
1196334,462,"03/06/12 00:00:00","11/22/15 00:00:00",45,2540,"H2012-1",9,,"T","09/01/16 00:00:00","03/07/18 15:35:00","12/04/12 00:00:00",0,2600,"H2012-1",0,
1196335,462,"11/22/15 00:00:00","12/10/17 18:15:00",90,2500,"H2015-1",8,"Créee suite aux jaugeages étiages 2016
13/01/17, 12/07/17 : MaJ pour mieux coller aux jaugeages en basses eaux
07/03/2018 : MaJ haut de courbe suite jaugeage
03/05/17 : MaJ hautes eaux pour passer par jaugeage le plus haut


","T","03/07/18 14:00:00","08/05/20 15:34:00","09/01/16 00:00:00",40,2700,"H2015-1",0,
1196336,462,"12/10/17 18:15:00","12/25/18 05:25:00",30,2500,"H2017-1",8,"créée suite étiage 2018



","T","08/29/18 07:00:00","08/05/20 16:32:00","07/26/18 07:30:00",-17,2760,"H2017-1",0,
1196337,462,"12/25/18 05:25:00","11/01/19 21:46:00",50,2500,"H2019-1",6,"créée suite étiage 2019




","T","09/06/19 14:59:00","02/19/25 10:18:00","08/27/19 11:00:00",30,2700,"H2019-1",0,
1196338,462,"11/01/19 21:46:00","01/28/21 02:00:00",90,2670,"H2019_2",8,"reprise crues fin 2019 et étiage 2020
","T","03/07/18 14:00:00","02/19/25 10:24:00","08/05/20 15:36:00",20,2900,"H2019_2",0,
1196339,462,"01/28/21 02:00:00","01/02/22 07:00:00",225,2660,"H2021",23,"MAJ crue et étiage 2021 : CP","C",,"02/19/25 10:31:00","06/18/21 10:40:00",20,3000,"H2021",0,
1196340,462,"01/02/22 07:00:00","03/12/23 00:18:00",160,2630,"H202223",21,"prise en compte de la crue du 29/12/2021 :détarage pour H<36cm par rapport à H2021
MAJ étiage 2022","C","06/17/22 09:15:00","06/09/23 10:37:00","03/14/22 10:00:00",20,3000,"H202223",0,
1196341,462,"11/04/23 18:50:00","01/01/50 00:00:00",100,2660,"H2023-230",5,"modification suite aux crues de novembre et décembre 2023","T","03/27/24 13:45:00","10/25/24 14:26:00","02/09/24 11:20:00",0,3050,"H2023-230",0,"modification suite aux crues de novembre et décembre 2023"
1196342,462,"03/12/23 00:18:00","11/04/23 18:50:00",135,2660,"H2023-1",7,"modification suite à la crue du 11/03/2023
MAJ étiage 2023
reMAJ pour H=30 le 25/10/2023
reMAJ crue 12/2023 le 15/12/2023","T","08/11/23 07:57:00","02/09/24 11:25:00","06/09/23 10:00:00",0,3000,"H2023-1",0,
1196343,463,"01/01/88 00:00:00","01/01/89 00:00:00",60,2400,"1988_01",15,,"C",,,,,,,,
1196344,463,"01/01/89 00:00:00","01/08/91 00:00:00",0,1000,"1989_01",16,,"C",,,,,,,,
1196345,463,"01/08/91 00:00:00","08/24/91 00:00:00",0,1000,"1991_01",17,,"C",,,,,,,,
1196346,463,"08/24/91 00:00:00","07/17/96 00:00:00",0,1000,"1991_02",18,,"C",,,,,,,,
1196347,463,"07/17/96 00:00:00","02/19/00 00:00:00",280,1500,"1996_1",8,,"C","10/07/05 11:31:00","10/07/05 11:33:00",,,,,,
1196348,463,"01/19/04 00:01:00","08/24/06 00:00:00",220,1000,"2004_1",8,,"C",,"12/17/07 14:01:00","10/07/05 11:37:00",,,,,
1196349,463,"02/19/00 00:00:00","01/19/04 00:00:00",220,1000,"2000_1",9,,"C",,"12/17/07 13:50:00","10/07/05 11:37:00",,,,,
1196350,463,"01/11/19 21:45:00","12/13/19 23:16:00",258,1500,"H2019-1",5,"Créée suite jaugeages étiage 2019
Modifié suite crue decembre 2019
MAJ suite étiage 2020 le 21/08/2020
MAJ suite crue 01/02/2021


","T","10/18/19 14:16:00","02/19/21 14:34:00","08/31/17 10:30:00",220,2000,"H2019-1",0,
1196351,463,"02/05/17 08:15:00","01/11/19 21:45:00",275,1350,"H2017-1",6,"Créée suite jaugeages étiage été 2017
22/06/2018 : MaJ pour mieux coller aux jaugeages
26/07/2018 : MaJ pour mieux coller aux jaugeages
07/08/2018 : MaJ suite jaugeages étiage
","T","08/07/18 08:30:00","02/19/21 14:48:00","08/31/17 10:30:00",209,2060,"H2017-1",0,
1196352,463,"03/31/11 20:08:00","02/05/17 08:15:00",280,1350,"H2011-1",7,"13/07/17 : modifs entre 45 et 110cm
13/02/17 modif portion entre 30 et 50 et >90 : mieux coller aux jaugeages
01/09/2017 : clôture courbe suite constatation détarage suite jaugeages étiage été 2017
","T","09/01/17 08:00:00","02/19/21 15:07:00","12/11/12 00:00:00",209,2000,"H2011-1",0,
1196353,463,"08/24/06 00:01:00","03/31/11 20:08:00",220,1100,"2006_1",9,,"C",,"02/19/21 15:08:00","10/07/05 11:37:00",200,2400,,0,
1196354,463,"12/13/19 23:16:00","02/06/21 04:05:00",245,2050,"H2020",26,"MAJ crue 2019 ET 2020
MAJ étiage 2022","C","08/05/22 12:49:00","12/29/22 10:26:00","02/19/21 14:00:00",180,2060,"H2020",0,
1196355,463,"08/16/23 13:56:00","01/01/50 00:00:00",270,2020,"H202330",5,"courbe d'étiage 2023
MAJ CP le 11/02/2025","T","02/11/25 14:58:00","02/11/25 15:10:00",,180,2080,"H202330",0,
1196356,463,"02/06/21 04:05:00","08/16/23 13:56:00",245,2020,"H202123",23,"Modification suite à la crue du 01/02/2022","C",,"02/11/25 15:07:00","12/29/22 10:00:00",180,2080,"H202123",0,
1196357,464,"01/01/87 00:00:00","01/01/88 00:00:00",180,680,"1987_1",14,,"C",,,,,,,,
1196358,464,"01/01/88 00:00:00","01/01/89 00:00:00",60,680,"1988_1",15,,"C",,,,,,,,
1196359,464,"01/01/89 00:00:00","01/12/04 00:00:00",50,680,"1989_1",9," ","C",,"10/21/05 14:48:00",,,,,,
1196360,464,"12/01/98 00:00:00","01/12/04 00:00:00",50,1600,"2001_1",11,,"C",,"10/21/05 15:38:00",,,,,,
1196361,464,"01/12/04 00:00:00","10/21/05 00:00:00",50,1500,"2004_1",10,"MAJ 55-150 le 28/03/06
MAJ 23 le 11/09/06
MAJ 150-170 le 02/04/07","C","09/11/06 10:47:00","03/03/08 10:34:00","10/21/05 00:00:00",,,,,
1196362,464,"10/21/05 00:00:00","04/26/09 23:00:00",50,1500,"2005_1",12,"MAJ 55-150 le 28/03/06
MAJ 23 le 11/09/06
MAJ 150-170 le 02/04/07
MAJ CP le 13/07/2018 pour continuité de débit et validation année station hydro2","C","09/11/06 10:47:00","07/18/18 15:21:00","10/21/05 00:00:00",,,,0,
1196363,464,"04/26/09 23:00:00","04/02/15 05:10:00",115,1000,"2009-1",40,"MAJ CP le 13/07/2018 pour continuité de débit et validation année station hydro2 (idem sur 2005-1)","C",,"03/28/25 14:21:00","02/04/11 14:00:00",0,1700,"2009-1",0,
1196364,464,"04/02/15 05:10:00","07/05/18 22:40:00",100,1200,"H201518",4,"REPRISE EN HAUTES EAUX
MAJ CP le 13/07/2018 pour continuité de débit et validation année station hydro2

","T","10/21/16 00:00:00","03/28/25 14:24:00","02/04/11 14:00:00",0,1700,"H201518",0,"remaj 17/03/2025 : cohérence validation annèe station/discontinuité de débit/H201521 scindée en trois CT"
1196365,464,"07/05/18 22:40:00","09/26/19 15:30:00",75,1160,"H201819",6,,"T","03/17/25 09:33:00","03/28/25 14:30:00","02/26/25 14:29:00",0,1700,"H201819",0,"cohérence validation annèe station/discontinuité de débit/H201521 scindée en trois CT"
1196366,464,"09/26/19 15:30:00","01/28/21 18:00:00",125,1250,"H201921",5,,"T","03/17/25 09:38:00","03/28/25 14:31:00","02/26/25 15:08:00",0,1690,"H201921",0,"cohérence validation annèe station/discontinuité de débit/H201521 scindée en trois CT"
1196367,464,"01/28/21 18:00:00","01/01/22 00:00:00",225,1250,"H2021",4,,"T",,"03/28/25 14:40:00","02/26/25 15:25:00",0,1690,"H2021",0,
1196368,464,"06/05/22 08:44:00","12/30/22 00:00:00",145,1250,"H2022_2",4,,"T",,"03/28/25 16:02:00","02/26/25 16:15:00",0,1690,"H2022_2",0,"cohérence validation annèe station/discontinuité de débit/H201521 scindée en trois CT"
1196369,464,"12/30/22 00:00:00","08/15/24 04:55:00",170,1250,"H202324",5,,"T","10/25/23 12:51:00","03/28/25 16:03:00","08/25/23 08:41:00",0,1700,"H202324",0,"MAJ étiage 2023
reMAJ crue 12/2023 le 15/12/2023"
1196370,464,"08/15/24 04:55:00","01/01/50 00:00:00",170,1250,"H202430",3,,"T","03/12/25 14:15:00","03/12/25 14:19:00","09/27/24 10:00:00",0,1700,"H202430",0,
1196371,464,"01/01/22 00:00:00","06/05/22 08:44:00",265,1250,"H2022_1",4,,"T",,"03/17/25 10:55:00","02/26/25 16:03:00",0,1690,"H2022_1",0,"cohérence validation annèe station/discontinuité de débit/H201521 scindée en trois CT"
1196372,465,"01/01/88 00:00:00","01/01/89 00:00:00",230,1500,"H1",15,,"C",,,,,,,,
1196373,465,"01/01/89 00:00:00","03/03/96 00:00:00",100,800,"H2",15,,"C",,,,,,,,
1196374,465,"03/03/96 00:00:00","05/04/01 00:00:00",100,800,"C5548",17,"CT fermée à la date de fermeture de la station","C",,"12/07/20 16:44:00",,,,"C5548",0,
1196375,466,"12/15/11 13:00:00","01/05/18 05:10:00",900,2200,"H201218",9,,"T","05/14/13 11:58:00","07/25/18 10:33:00","05/14/13 11:50:00",900,2200,"H201218",0,
1196376,466,"01/05/18 05:10:00","07/23/18 00:00:00",955,1740,"H2018_1",19,"MAJ suite à la crue du 05/01/2018","C",,"09/24/20 16:42:00","07/23/18 00:00:00",894,2210,"H2018_1",0,
1196377,466,"07/23/18 00:00:00","09/30/19 00:00:00",900,2210,"H2018_2",12,,"T",,"09/25/20 15:59:00","07/03/20 07:50:00",,,"H2018_2",0,
1196378,466,"09/30/19 00:00:00","01/11/21 14:30:00",900,2210,"H2019_1",7,"24/09/2020 Prise en comte jaugeage étiage 2020 DR","T","09/24/20 14:34:00","04/06/22 14:26:00","07/03/20 08:30:00",,,"H2019_1",0,
1196379,466,"03/25/11 09:30:00","12/15/11 13:00:00",900,2200,"H201112",10,"modification du bas de la courbe","T","12/14/11 09:42:00","02/05/24 14:18:00","12/14/11 09:00:00",900,2200,"H201112",0,
1196380,466,"06/16/10 08:00:00","03/25/11 09:30:00",900,2200,"0211hb",13,"modifiée suite à la crue du 16/06/2010","C","02/03/11 15:27:00","02/05/24 14:18:00","02/02/11 15:00:00",900,2200,"0211hb",0,
1196381,466,"09/13/06 00:00:00","06/16/10 08:00:00",910,1900,"2006_1",8,,"C",,"02/05/24 14:18:00","07/26/07 09:06:00",,,"2006_1",0,
1196382,466,"07/01/04 00:00:00","09/13/06 00:00:00",700,1800,"2004_1",11,"MAJ 116-190 le 29/03/06
MAJ 160-220 le 02/04/07","C","03/28/06 16:26:00","02/05/24 14:18:00",,,,"2004_1",0,
1196383,466,"12/30/01 00:00:00","07/01/04 00:00:00",700,1700,"2002_1",12,,"C",,"02/05/24 14:19:00",,,,"2002_1",0,
1196384,466,"01/01/92 00:00:00","07/13/93 00:00:00",400,1000,"C10230",9,,"C",,,,,,"C10230",,
1196385,466,"07/13/93 00:00:00","10/20/93 00:00:00",350,1300,"C10231",11,,"C",,,,,,"C10231",,
1196386,466,"10/20/93 00:00:00","08/01/94 00:00:00",380,1000,"C10232",10,,"C",,,,,,"C10232",,
1196387,466,"08/01/94 00:00:00","01/23/95 00:00:00",550,1190,"C10233",10,,"C",,,,,,"C10233",,
1196388,466,"01/23/95 00:00:00","01/01/99 00:00:00",700,1670,"C10234",9,,"C",,,,,,"C10234",,
1196389,466,"01/01/99 00:00:00","12/30/01 00:00:00",330,1740,"2000-1",16,,"C",,,,,,"2000-1",,
1196390,466,"01/11/21 14:30:00","03/11/23 08:58:00",850,2600,"H202150",18,"modification de la courbe suite à la crue du12/01/2021","T","04/06/22 12:04:00","07/05/24 12:13:00","04/06/22 11:30:00",850,2600,"H202150",0,
1196391,466,"03/11/23 08:58:00","11/01/23 00:40:00",850,2600,"H2023-23",14,"mise à jour aprés la crue du 11/03/2023","T","11/04/23 00:40:00","07/12/24 15:43:00","10/23/23 14:55:00",,,"H2023-23",0,"25/06/2024 Zéro écoulement : 58.3cm (à verifier en étiage) "
1196392,466,"11/01/23 00:40:00","01/01/50 00:00:00",900,2500,"H2023_50",9,,"T","07/05/24 11:53:00","11/18/24 12:14:00","07/05/24 11:55:00",,,"H2023_50",0,"courbe modifiée suite à la crue du 01/11/2023"
1196393,467,"01/01/87 00:00:00","01/26/88 00:00:00",150,650,"H1987-1",16,,"C",,"05/07/25 11:49:00",,,,"H1987-88",0,
1196394,467,"01/26/88 00:00:00","05/12/93 00:00:00",100,650,"H1988-1",18,,"C",,"05/07/25 11:50:00",,,,"H1988-93",0,
1196395,467,"05/12/93 00:00:00","09/23/94 00:00:00",100,700,"H1993-1",13,,"C",,"05/07/25 11:50:00",,,,"H1993-94",0,
1196396,467,"09/23/94 00:00:00","01/01/96 00:00:00",100,700,"H1994-1",7,,"C",,"05/07/25 11:50:00",,,,"H1994-96",0,
1196397,467,"10/29/04 16:55:00","04/09/06 21:05:00",100,1000,"H2004-1",10,,"C",,"05/07/25 11:51:00",,,,"H2004-06",0,
1196398,467,"04/09/06 21:05:00","09/22/07 19:10:00",100,1000,"H2006-1",11,,"C",,"05/07/25 11:51:00",,,,"H2006-07",0,
1196399,467,"09/22/07 19:10:00","10/08/08 07:40:00",100,1000,"H2007-1",13,,"C",,"05/07/25 11:52:00",,,,"H2007-08",0,
1196400,467,"10/08/08 07:40:00","06/17/10 11:10:00",100,1500,"H2008-1",6,"détarage suiteà un orage le 03/07/08","T","04/10/20 12:00:00","05/07/25 11:52:00","06/04/10 11:15:00",,,"H2008-10",0,
1196401,467,"01/01/96 00:00:00","10/29/04 16:55:00",100,1000,"H1996-1",8,,"C",,"05/07/25 11:58:00",,,,"H1996-04",0,
1196402,467,"06/27/17 22:30:00","01/20/19 17:30:00",135,1110,"H2017-1",16,,"C","04/10/20 10:40:00","05/07/25 11:53:00","12/17/18 00:00:00",100,1500,"H2017-19",0,"maj : périodes de validité"
1196403,467,"01/20/19 17:30:00","06/01/20 17:50:00",80,1100,"H2019-1",7,"modif suite détarage juin 2020
maj 2021 : prolongation 8 < H < 10 cm","T","06/04/21 14:45:00","05/07/25 11:53:00","09/23/19 11:35:00",,,"H2019-20",0,
1196404,467,"11/15/20 19:30:00","06/01/21 18:40:00",80,1100,"H2020-3",6,"création suite détarage novembre 2020
maj : reprise h= 20 cm
prolongation courbe 8<H<10 cm","T","06/04/21 14:55:00","05/07/25 11:54:00","12/08/20 15:00:00",,,"H2020-21",0,
1196405,467,"06/01/20 17:50:00","07/22/20 12:50:00",100,1100,"H2020-1",4,"création suite détarage juin 2020
maj : reprise bas de courbe","T","07/21/20 09:45:00","05/07/25 13:23:00","06/22/20 12:00:00",,,"H2020-20-1",0,
1196406,467,"07/22/20 12:50:00","11/15/20 19:30:00",100,1100,"H2020-2",6,"nouvelle courbe suite détarage juillet 2020
maj : reprise bas de courbe","T","11/16/20 16:30:00","05/07/25 13:24:00","09/02/20 10:00:00",,,"H2020-20-2",0,
1196407,467,"06/01/21 18:40:00","07/24/21 00:00:00",100,1100,"H2021-1",6,"création suite détarage juin 2021
maj : reprise courbe h=10/30cm","T","07/13/21 14:05:00","05/07/25 13:24:00","06/23/21 15:15:00",,,"H2021-21-1",0,
1196408,467,"07/24/21 00:00:00","12/28/21 00:00:00",80,1100,"H2021-2",5,"retour courbe 2020-3 après orages juin/juillet 2021
maj : reprise courbe h =15cm
maj 2 : reprise courbe h=20cm
maj 3 : reprise haut de courbe depuis H2017-1","T","12/15/21 13:52:00","05/07/25 13:25:00","07/29/21 14:35:00",,,"H2021-21-2",0,
1196409,467,"06/17/10 11:10:00","06/27/17 22:30:00",100,1500,"H2010-1",8,"detarage suite aux travaux de réengavement de clermont communauté (travaux fait sans concertation)
","T","04/10/20 12:00:00","05/07/25 11:53:00","12/14/11 10:30:00",,,"H2010-17",0,"nouvelle courbe couvrant une plus longue période au vu des jaugeages"
1196410,467,"08/16/23 11:30:00","01/01/50 00:00:00",130,1300,"H2023-50",6,"13/11/2023: Création nouvelle CT suite à détarage conséqutifs à plusieurs orages vilents successifs dans le le mois d'aôut 2023 (apport de sable sur la station)
.","T","11/13/23 14:00:00","05/07/25 11:56:00","11/13/23 14:00:00",,,"H2023-50",0,
1196411,467,"12/28/21 00:00:00","08/16/23 11:30:00",130,1300,"H2021-23",7,"SJ reprise courbe après crue décembre 2021
23/02/2023: Ajustement entre 15 et 25cm
28/07/2023: ajustement bas de courbe
13/11/2023: Détarage en aout suite à plusieurs coups d'eau violents successifs (orage d'été)
","T","11/13/23 14:00:00","05/07/25 12:02:00","08/05/22 10:30:00",,,"H2021-23",0,
1196412,468,"03/17/93 00:00:00","12/31/97 00:00:00",100,2000,"2",12,,"C",,,,,,,,
1196413,468,"01/01/98 00:00:00","02/01/00 00:00:00",200,1000,"3",9,,"C",,,,,,,,
1196414,468,"04/01/07 00:00:00","01/07/10 00:00:00",220,1450,"2008 01",6,,"T",,"04/18/12 13:39:00","10/07/08 13:59:00",,,,,
1196415,468,"04/24/05 00:00:00","04/01/07 00:00:00",200,1500,"na092005",13,,"C",,"04/18/12 13:40:00",,,,,,
1196416,468,"02/01/00 00:00:00","04/24/05 00:00:00",220,1500,"AULNAT2",11,,"C",,"04/18/12 13:42:00",,,,,,
1196417,468,"04/01/07 00:00:00","01/07/10 00:00:00",220,1450,"H200710",5,"Reprise du haut de ct pour harmonisation. L'ancienne version est sur bareme (2008 01)

","T",,"10/24/14 13:50:00","10/24/14 10:27:00",,,,,
1196418,468,"06/16/10 00:00:00","01/01/14 01:00:00",250,2000,"h201112",11,"suite aux orages de juin (16/06/10)","T","12/13/11 12:12:00","03/30/20 11:50:00","12/13/11 12:00:00",250,3400,"H2010-2",0,
1196419,468,"01/07/10 00:00:00","06/16/10 00:00:00",200,2500,"0211hb",12,,"C",,"03/30/20 11:51:00",,,,"H2010-1",0,
1196420,469,"01/01/69 00:00:00","05/19/69 00:00:00",100,1200,"1",20,,"C",,,,,,,,
1196421,469,"05/20/69 00:00:00","12/31/75 00:00:00",50,800,"2",20,,"C",,,,,,,,
1196422,469,"01/01/76 00:00:00","12/31/79 00:00:00",40,99990,"3",40,,"C",,,,,,,,
1196423,469,"01/01/80 00:00:00","12/31/88 00:00:00",50,99990,"4",26,,"C",,,,,,,,
1196424,469,"01/01/89 00:00:00","12/31/90 00:00:00",-9990,99990,"5",28,,"C",,,,,,,,
1196425,469,"01/01/91 00:00:00","10/09/08 00:00:00",10,1100,"6",29,,"C",,"12/14/11 14:31:00",,,,,,
1196426,469,"10/09/08 00:00:00","06/09/11 14:20:00",10,900,"H200811",6,"La crue de juin 2010 a provoqué un amoncellement de galets en amont du radier, cet amoncellement a été évacué le 09 juin 2011. Entre ces 2 dates, les données sont douteuses (1an).
","T",,"12/14/11 15:01:00","12/14/11 15:00:00",,,,,
1196427,469,"06/09/11 14:20:00","05/01/12 00:00:00",10,900,"H201112",6,,"T",,"11/07/12 11:59:00","12/14/11 15:10:00",,,,,
1196428,469,"05/01/12 00:00:00","11/24/17 14:00:00",10,900,"H201217",6,,"T",,"11/28/17 14:30:00","11/07/12 10:37:00",,,,0,
1196429,469,"11/24/17 14:00:00","01/01/50 00:00:00",-70,1020,"H2017-1",9,"station à l'amont du pont
01/07/2021 Reprise haut de courbe suite à jaugeage crue H101cm le 28/06/2021","T","12/11/24 08:27:00","12/11/24 08:27:00","03/27/17 11:20:00",,,"H2017-1",0,"modification haut de courbe"
1196430,470,"06/29/87 00:00:00","06/29/87 00:00:00",-50,600,"1",21,,"C",,,,,,,,
1196431,470,"06/30/87 00:00:00","01/06/91 00:00:00",-999,9999,"2",21,,"C",,,,,,,,
1196432,470,"01/07/91 00:00:00","05/31/92 00:00:00",-999,9999,"3",22,,"C",,,,,,,,
1196433,470,"06/01/92 00:00:00","12/31/99 00:00:00",300,800,"4",19,,"C",,,,,,,,
1196434,470,"01/01/98 00:00:00","12/31/50 00:00:00",200,450,"5",13,,"C",,,,,,,,
1196435,470,"01/01/98 00:00:00","02/23/99 00:00:00",200,600,"SEP98",18,,"C",,,,,,,,
1196436,470,"11/06/94 00:00:00","05/27/96 00:00:00",250,450,"C10278",15,,"C",,,,,,,,
1196437,470,"05/27/96 00:00:00","01/01/98 00:00:00",230,1000,"C10279",13,,"C",,,,,,,,
1196438,470,"03/08/06 00:00:00","06/17/10 00:00:00",250,1000,"H200610",4,,"T","07/20/11 15:33:00","11/08/12 09:52:00","01/15/10 11:48:00",,,,,
1196439,470,"06/17/10 00:00:00","10/17/16 12:00:00",200,1000,"H2010-1",5,"Arrêtée au début des travaux remaniment section

","T",,"11/04/16 16:11:00","11/07/12 15:23:00",,,"H2010-1",0,
1196440,470,"10/17/16 12:00:00","10/06/17 09:35:00",300,640,"H2016-1",4,,"T","09/07/18 16:20:00","09/07/18 16:40:00","11/18/16 16:39:00",,,"H2016-1",0,
1196441,470,"10/06/17 09:35:00","08/01/18 00:00:00",300,640,"H2017-1",4,,"T","09/07/18 16:44:00","05/20/19 16:46:00","03/01/18 13:46:00",,,"H2017-1",0,
1196442,470,"08/01/18 00:00:00","07/17/19 00:00:00",300,640,"H2018-1",10,"Prise en compte jaugeages haut et étiage","T","07/26/19 12:07:00","04/29/20 09:49:00","05/20/19 16:00:00",,,"H2018-1",0,
1196443,470,"03/08/06 00:00:00","06/17/10 00:00:00",210,1000,"JO012006",19,,"C",,"03/31/25 11:24:00","04/05/06 09:12:00",,,,0,
1196444,470,"04/17/05 00:00:00","03/08/06 00:00:00",250,600,"JO092005",18,,"C",,"03/31/25 11:25:00",,,,,0,
1196445,470,"12/05/03 00:00:00","04/17/05 00:00:00",200,500,"7",22,,"C",,"03/31/25 11:25:00",,,,,0,
1196446,470,"02/23/99 00:00:00","12/05/03 00:00:00",230,600,"6",22,,"C",,"03/31/25 11:26:00",,,,,0,
1196447,470,"09/01/22 00:00:00","01/01/50 00:00:00",250,1030,"H202250",16,,"T","01/28/25 09:50:00","01/28/25 09:50:00","03/10/23 10:00:00",,,"H202250",0,
1196448,470,"07/17/19 00:00:00","09/01/22 00:00:00",280,1030,"H2019-1",16,"Prise en compte jaugeages haut et étiage
01/07/2021 Prolongement haut de CT suite au jaugeage du 29/06/2021 à  H 102cm","T","03/10/23 12:06:00","03/10/23 12:06:00","05/20/19 16:00:00",,,"H2019-1",0,
1196449,471,"01/02/85 00:00:00","12/24/85 00:00:00",-9990,99990,"1",13,,"C",,,,,,,,
1196450,471,"12/25/85 00:00:00","05/21/86 00:00:00",-9990,99990,"2",13,,"C",,,,,,,,
1196451,471,"05/22/86 00:00:00","12/17/86 00:00:00",-9990,99990,"3",11,,"C",,,,,,,,
1196452,471,"12/18/86 00:00:00","09/15/87 00:00:00",-9990,99990,"4",13,,"C",,,,,,,,
1196453,471,"09/16/87 00:00:00","12/05/87 00:00:00",-9990,99990,"5",11,,"C",,,,,,,,
1196454,471,"12/06/87 00:00:00","05/14/91 00:00:00",-9990,99990,"6",13,,"C",,,,,,,,
1196455,471,"05/15/91 00:00:00","02/21/93 00:00:00",300,600,"7",13,,"C",,,,,,,,
1196456,471,"02/22/93 00:00:00","01/02/94 00:00:00",300,600,"8",13,,"C",,,,,,,,
1196457,471,"01/03/94 00:00:00","01/12/95 00:00:00",300,600,"9",9,,"C",,,,,,,,
1196458,471,"01/12/95 00:00:00","12/31/05 00:00:00",390,600,"BE95",13,,"C",,,,,,,,
1196459,471,"01/23/05 00:00:00","07/20/07 00:00:00",400,600,"BE2005",19,,"C",,"10/19/10 16:44:00",,,,,,
1196460,471,"07/20/07 00:00:00","09/08/10 00:00:00",410,600,"2007_1BE",2,,"T",,"12/14/11 16:43:00","04/03/09 14:42:00",,,,,
1196461,471,"11/05/11 00:00:00","01/01/50 00:00:00",430,750,"A201150",2,,"T","12/07/12 09:50:00","06/16/15 15:57:00","04/13/12 13:54:00",,,,,
1196462,471,"09/08/10 00:00:00","11/28/11 00:00:00",430,750,"H201011",3,,"T","06/16/15 16:37:00","06/16/15 16:37:00","12/14/11 15:42:00",,,,,
1196463,471,"11/28/11 00:00:00","08/08/13 12:00:00",430,750,"H201113",4,,"T",,"06/16/15 16:40:00","06/16/15 14:44:00",,,,,
1196464,471,"08/08/13 12:00:00","01/01/50 00:00:00",440,750,"H201350",3,,"T",,"09/21/15 10:25:00","06/16/15 15:46:00",,,,,
1196465,471,"01/01/45 00:00:00","01/01/46 00:00:00",12,5000,"2016_0_sup",100,"h/q Baratin : Qmax","C",,,,,,,,
1196466,471,"01/01/45 00:00:00","01/01/46 00:00:00",12,5000,"2016_0",100,"h/q Baratin : Qmaxpost","C",,,,,,,,
1196467,471,"01/01/45 00:00:00","01/01/46 00:00:00",500,800,"2016_0_inf",100,"h/q Baratin : Qmin","C",,"06/16/16 14:21:00",,,,,,
1196468,472,"01/01/73 00:00:00","02/28/75 00:00:00",0,99990,"1",25,,"C",,,,,,,,
1196469,472,"03/01/75 00:00:00","12/31/75 00:00:00",150,9999,"2",11,,"C",,,,,,,,
1196470,472,"01/01/76 00:00:00","04/06/81 00:00:00",70,9999,"3",42,,"C",,,,,,,,
1196471,472,"04/07/81 00:00:00","01/18/87 00:00:00",90,9999,"4",22,,"C",,,,,,,,
1196472,472,"01/19/87 00:00:00","12/24/89 00:00:00",100,200,"5",29,,"C",,,,,,,,
1196473,472,"12/25/89 00:00:00","01/02/92 00:00:00",-999,9999,"6",16,,"C",,,,,,,,
1196474,472,"01/03/92 00:00:00","01/08/93 00:00:00",10,200,"7",9,,"C",,,,,,,,
1196475,472,"01/10/93 00:00:00","04/29/93 00:00:00",10,200,"8",9,,"C",,,,,,,,
1196476,472,"04/30/93 00:00:00","12/31/99 00:00:00",10,200,"9",8,,"C",,,,,,,,
1196477,472,"02/16/97 00:00:00","02/01/98 00:00:00",50,200,"10",11,,"C",,,,,,,,
1196478,472,"08/04/98 00:00:00","11/29/00 00:00:00",50,200,"11",13,,"C",,,,,,,,
1196479,472,"11/29/00 00:00:00","12/31/05 00:00:00",250,400,"GE",13,,"C",,,,,,,,
1196480,472,"05/31/01 00:00:00","09/21/01 00:00:00",30,150,"GE082001",13,,"C",,,,,,,,
1196481,472,"04/30/93 00:00:00","02/16/97 00:00:00",10,200,"C10305",8,,"C",,,,,,,,
1196482,472,"02/16/97 00:00:00","08/03/98 00:00:00",50,250,"021997",11,,"C",,,,,,,,
1196483,472,"08/03/98 00:00:00","11/30/00 00:00:00",50,250,"081998",13,,"C",,,,,,,,
1196484,472,"11/30/00 00:00:00","05/31/01 00:00:00",260,430,"GE112000",12,,"C",,,,,,,,
1196485,472,"04/07/05 00:00:00","02/01/09 00:00:00",250,400,"GE092005",10,,"C",,"01/14/10 15:11:00",,,,,,
1196486,472,"02/01/09 00:00:00","08/01/19 00:00:00",270,400,"H2009-1",4,"Haut de CT >35 cm calé sur la courbe théorique calculée en 2011 par DL
","T",,"05/06/21 14:54:00","09/25/17 11:25:00",,,"H2009-1",0,
1196487,472,"09/21/01 00:00:00","04/07/05 00:00:00",250,400,"GE102001",13,,"C",,"05/06/21 14:57:00",,,,,0,
1196488,472,"08/01/19 00:00:00","01/01/50 00:00:00",255,400,"H2021-1",10,"
","T","02/08/24 11:36:00","06/17/24 15:09:00","05/06/21 11:25:00",,,"H2021-1",0,"modif seb suite au nettoyage du canal"
1196489,473,"01/01/17 00:00:00","06/25/21 00:00:00",200,1700,"H2017-1",13,"Modifier suite à la jaugeage étiage 2019","T","04/05/22 09:33:00","05/07/25 12:19:00","06/05/19 15:00:00",110,2000,"H2017-21",0,
1196490,473,"03/11/23 03:00:00","01/01/50 00:00:00",200,1700,"H2023-50",8,"Nouvelle courbe suite à crue du 11/03/2023



","T","01/17/24 14:00:00","05/07/25 12:20:00","01/17/24 14:00:00",,,"H2023-50",0,
1196491,473,"01/01/00 00:00:00","01/01/01 00:00:00",12,5000,"B2023_inf",100,"h/q Baratin : Qmin","C",,"11/30/23 10:11:00",,,,,0,
1196492,473,"01/01/00 00:00:00","01/01/01 00:00:00",12,5000,"B2023_sup",100,"h/q Baratin : Qmax","C",,"11/30/23 10:11:00",,,,,0,
1196493,473,"01/01/00 00:00:00","01/01/01 00:00:00",12,5000,"Bar2023",100,"h/q Baratin : Qmaxpost","C",,"11/30/23 10:13:00",,,,,0,
1196494,473,"06/27/22 07:00:00","03/11/23 03:00:00",200,1700,"H2022-23",7,"Nouvelle courbe suite à la crue du 27/06/2022
24/07/2023: Ajustement CT, bas de courbe.
17/01/2024: Changement de CTsuite à crue du 11/03/2023

","T","01/17/24 14:00:00","05/07/25 12:20:00","06/05/23 14:00:00",,,"H2022-23",0,
1196495,473,"05/31/83 23:59:00","01/22/84 00:00:00",50,2700,"3",37,,"C",,"05/07/25 12:21:00",,,,"H1983-84",0,
1196496,473,"01/01/76 00:00:00","10/07/77 11:00:00",200,1800,"1",22,,"C",,"05/07/25 12:11:00",,,,"H1976-77",0,
1196497,473,"10/07/77 11:00:00","05/31/83 23:59:00",100,800,"C10307",30,,"C",,"05/07/25 12:12:00",,,,"H1977-83",0,"Prolongée à la cote min de 5,5 cm par FC
le 25/01/2024 et à la cote max 295 cm suivant le Baratin 2023 (à prolonger encore ...)"
1196498,473,"03/21/91 00:00:00","01/02/93 00:00:00",200,1200,"6",33,,"C",,"05/07/25 12:16:00",,,,"H1991-93",0,
1196499,473,"01/02/93 00:00:00","01/24/05 00:00:00",100,1000,"7",17,,"C",,"05/07/25 12:17:00",,,,"H1993-05",0,
1196500,473,"01/24/05 00:00:00","07/28/08 00:00:00",100,1600,"ct2005",15,,"C",,"05/07/25 12:18:00",,,,"H2005-08",0,
1196501,473,"07/28/08 00:00:00","06/18/10 00:00:00",240,1600,"H2008-10",3,,"T",,"05/07/25 12:18:00","08/28/09 10:41:00",,,"H2008-10",0,
1196502,473,"06/18/10 00:00:00","01/01/12 00:00:00",250,1700,"H2010-1",5,"Haut de la courbe corrigé suite à la crue du 08 aout 2013
","T","06/06/19 16:00:00","05/07/25 12:19:00","08/26/13 15:15:00",150,2000,"H2010-12",0,
1196503,473,"01/01/12 00:00:00","07/01/15 00:00:00",250,1700,"H2012-1",9,"

","T","06/06/19 15:57:00","05/07/25 12:19:00","08/21/15 11:56:00",150,2000,"H2012-15",0,
1196504,473,"07/01/15 00:00:00","01/01/17 00:00:00",250,1700,"H2015-1",10,"

","T","06/06/19 16:02:00","05/07/25 12:19:00","05/19/17 12:13:00",150,2000,"H2015-17",0,
1196505,473,"06/25/21 00:00:00","06/27/22 07:00:00",200,1700,"H2021-22",8,"


","T","06/05/23 16:17:00","05/07/25 12:20:00","04/04/22 14:00:00",110,2000,"H2021-22",0,"détarage crue de janvier 2021
voir ajustement haut de courbe lors de la prochaine crue"
1196506,473,"01/22/84 00:00:00","09/13/89 00:00:00",20,2700,"4",38,,"C",,"05/07/25 12:22:00",,,,"H1984-89",0,
1196507,473,"09/13/89 00:00:00","03/21/91 00:00:00",50,1600,"5",30,,"C",,"05/07/25 12:23:00",,,,"H1989-91",0,
1196508,474,"01/01/70 00:00:00","04/30/72 00:00:00",150,550,"1",20,,"C",,,,,,,,
1196509,474,"05/01/72 00:00:00","04/26/73 00:00:00",100,550,"2",20,,"C",,,,,,,,
1196510,474,"04/27/73 00:00:00","12/31/73 00:00:00",100,390,"3",20,,"C",,,,,,,,
1196511,474,"01/01/74 00:00:00","12/31/75 00:00:00",200,550,"4",20,,"C",,,,,,,,
1196512,474,"01/01/76 00:00:00","12/31/77 00:00:00",100,9999,"5",60,,"C",,,,,,,,
1196513,474,"01/01/78 00:00:00","12/31/79 00:00:00",100,1650,"6",27,,"C",,,,,,,,
1196514,474,"01/01/80 00:00:00","03/05/81 00:00:00",180,1650,"7",30,,"C",,,,,,,,
1196515,474,"03/06/81 00:00:00","12/31/99 00:00:00",150,9999,"8",21,,"C",,,,,,,,
1196516,475,"01/15/23 00:00:00","08/13/24 16:00:00",190,1400,"H2023-24",10,"Nouvelle courbe suite à détarage, événement hydrologique du 15/01/23","T","03/10/23 15:29:00","03/20/25 10:43:00","03/10/23 15:00:00",,,"H2023-24",0,
1196517,475,"08/13/24 16:00:00","01/01/50 00:00:00",270,1980,"H2024_50",3,,"T","03/20/25 10:14:00","03/20/25 10:41:00","03/17/25 12:16:00",,,"H2024_50",0,"Changement de CT suite à la crue du 13/08/24"
1196518,475,"01/02/00 00:00:00","01/03/00 00:00:00",12,5000,"B202250inf",100,"Baratin : Courbe INF","C","12/12/22 14:00:00","12/12/22 15:16:00","12/12/22 08:00:00",,,"B202250_Inf",0,
1196519,475,"01/03/00 00:00:00","01/04/00 00:00:00",12,5000,"B202250sup",100,"Baratin : Courbe_SUP","C","12/12/22 14:00:00","12/12/22 15:16:00","12/12/22 08:00:00",,,"B202250_Sup",0,
1196520,475,"01/01/00 00:00:00","01/02/00 00:00:00",12,5000,"B202250",100,"Baratinage FC ","C","12/12/22 14:00:00","12/12/22 15:19:00","12/12/22 08:00:00",,,"B202250",0,
1196521,475,"07/10/14 08:45:00","03/04/16 18:25:00",170,1220,"H2014-1",7,,"T",,"12/14/22 10:53:00","04/30/20 14:30:00",,,"H2014-1",0,
1196522,475,"11/10/13 08:10:00","07/10/14 08:45:00",180,1220,"H2013-1",5,,"T",,"12/14/22 10:55:00","04/30/20 14:30:00",,,"H2013-1",0,
1196523,475,"12/15/12 02:20:00","11/10/13 08:10:00",180,1220,"H2012-1",5,,"T",,"12/14/22 10:56:00","04/30/20 14:30:00",,,"H2012-1",0,
1196524,475,"11/04/11 21:30:00","12/15/12 02:20:00",180,1220,"H2011-1",5,,"T",,"12/14/22 10:58:00","04/30/20 14:30:00",,,"H2011-1",0,
1196525,475,"07/17/09 02:40:00","11/04/11 21:30:00",180,1220,"H2009-2",6,,"T",,"12/14/22 10:59:00","04/30/20 14:30:00",,,"H2009-2",0,
1196526,475,"03/11/09 00:30:00","07/17/09 02:40:00",180,1220,"H2009-1",6,,"T",,"12/14/22 11:01:00","04/30/20 14:30:00",,,"H2009-1",0,
1196527,475,"11/02/08 07:50:00","03/11/09 00:30:00",180,1220,"H2008-1",4,,"T",,"12/14/22 11:02:00","04/30/20 14:30:00",,,"H2008-1",0,
1196528,475,"06/14/07 16:55:00","11/02/08 07:50:00",180,1220,"H2007-1",6,,"T",,"12/14/22 11:03:00","04/30/20 14:30:00",,,"H2007-1",0,
1196529,475,"08/01/06 00:00:00","06/14/07 16:55:00",180,1220,"H2006-2",6,,"T",,"12/14/22 11:04:00","04/30/20 14:30:00",,,"H2006-2",0,
1196530,475,"01/02/06 05:00:00","08/01/06 00:00:00",180,1220,"H2006-1",4,,"T",,"12/14/22 11:06:00","04/30/20 14:30:00",,,"H2006-1",0,
1196531,475,"04/17/05 00:00:00","01/02/06 05:00:00",180,1220,"H2005-1",6,,"T",,"12/14/22 11:07:00","04/30/20 14:30:00",,,"H2005-1",0,
1196532,475,"12/02/03 04:15:00","04/17/05 00:00:00",180,1220,"H2003-1",5,,"T",,"12/14/22 11:08:00","04/30/20 14:30:00",,,"H2003-1",0,
1196533,475,"09/01/02 00:00:00","12/02/03 04:15:00",180,1220,"H2002-2",8,,"T",,"12/14/22 11:10:00","04/30/20 14:30:00",,,"H2002-2",0,
1196534,475,"07/01/02 00:00:00","09/01/02 00:00:00",180,1220,"H2002-1",6,,"T",,"12/14/22 11:11:00","04/30/20 14:30:00",,,"H2002-1",0,
1196535,475,"11/18/99 19:35:00","07/01/02 00:00:00",180,1220,"H1999-1",6,,"T",,"12/14/22 11:13:00","04/30/20 14:30:00",,,"H1999-1",0,
1196536,475,"05/11/97 22:00:00","11/18/99 19:35:00",180,1220,"H1997-1",6,,"T",,"12/14/22 11:14:00","04/30/20 14:30:00",,,"H1997-1",0,
1196537,475,"11/30/96 12:55:00","05/11/97 22:00:00",180,1220,"H1996-1",5,,"T",,"12/14/22 11:15:00","04/30/20 14:30:00",,,"H1996-1",0,
1196538,475,"01/01/95 00:00:00","11/30/96 12:55:00",180,1220,"H1995-1",5,,"T",,"12/14/22 11:16:00","04/30/20 14:30:00",,,"H1995-1",0,
1196539,475,"09/28/20 13:50:00","01/01/22 00:00:00",150,1500,"H2020-2",16,"nouvelle courbe suite détarage sept 2020
maj : reprise courbe H= 45/50cm
maj juin : adaptation jaugeage doublé
maj dec 2021 : reprise début de période validation année station","C","12/15/21 09:55:00","12/14/22 11:19:00","11/18/20 16:00:00",150,1230,"H2020-2",0,
1196540,475,"01/08/20 12:20:00","09/28/20 13:50:00",150,1500,"H2020-1",17,"Etiage 2020 (CP)
maj : reprise bas de courbe","C","12/15/21 09:55:00","12/14/22 11:20:00","08/14/20 14:00:00",150,1230,"H2020-1",0,
1196541,475,"04/25/19 16:40:00","01/08/20 12:20:00",175,1220,"H2019-1",10,"DR : modification suite à jaugeage étiage 2019","T","03/06/20 15:30:00","12/14/22 11:21:00","07/16/19 14:00:00",175,1500,"H2019-1",0,
1196542,475,"01/04/18 07:50:00","04/25/19 16:40:00",170,1220,"H2018-1",7,,"T",,"12/14/22 11:21:00","04/30/20 14:30:00",,,"H2018-1",0,
1196543,475,"03/05/17 22:10:00","01/04/18 07:50:00",170,1220,"H2017-1",7,,"T",,"12/14/22 11:22:00","04/30/20 14:30:00",,,"H2017-1",0,
1196544,475,"03/04/16 18:25:00","03/05/17 22:10:00",170,1220,"H2016-1",7,,"T",,"12/14/22 11:24:00","04/30/20 14:30:00",,,"H2016-1",0,
1196545,475,"01/01/22 00:00:00","09/28/22 09:00:00",240,1400,"H2022-22",9,,"T",,"01/06/23 11:19:00","05/20/22 10:00:00",,,"H2022-22",0,
1196546,475,"09/22/22 09:00:00","01/15/23 00:00:00",190,1400,"H2022-23",8,"14/12/2022 Modification bas de courbe DR","T","01/06/23 11:12:00","01/10/24 09:47:00","10/25/22 16:00:00",,,"H2022-23",0,
1196547,476,"08/30/17 21:00:00","02/03/19 04:20:00",110,2000,"H2017-1",17,,"T","04/16/20 11:15:00","06/15/20 08:21:00","01/01/19 12:00:00",120,2000,"H2017-1",0,"reprise courbes anciennes"
1196548,476,"01/01/00 00:00:00","01/01/01 00:00:00",250,3120,"CT-Extrap",13,"Cette courbe de tarage est obtenue par modélisation hydraulique sous le logiciel HEC-RAS.- Etude CEREMA Centre-Est (Clermont-Fd) 2018","C",,"04/17/20 12:36:00",,,,,0,
1196549,476,"11/22/07 15:10:00","07/03/08 09:30:00",110,1050,"H2007-1",17,,"C",,"04/17/20 13:08:00",,,,"H2007-1",0,"reprise courbes anciennes"
1196550,476,"10/07/06 01:30:00","11/22/07 15:10:00",110,1050,"H2006-1",15,,"C",,"04/17/20 13:10:00",,,,"H2006-1",0,"reprise courbes anciennes"
1196551,476,"12/02/03 13:30:00","10/07/06 01:30:00",110,1050,"H2003-1",17,,"C",,"04/17/20 13:11:00",,,,"H2003-1",0,"reprise courbes anciennes"
1196552,476,"07/03/08 09:30:00","05/22/12 21:20:00",50,1300,"H2008-1",18,,"C","04/16/20 11:15:00","04/17/20 13:17:00","07/04/11 15:00:00",,,"H2008-1",0,"reprise courbes anciennes"
1196553,476,"06/02/94 00:00:00","12/02/03 13:30:00",110,1050,"H1994-1",17,,"C",,"04/17/20 13:22:00",,,,"H1994-1",0,"reprise courbes anciennes"
1196554,476,"05/29/16 02:00:00","08/30/17 21:00:00",50,2000,"H2016-1",18,"Essai prise en compte jaugeage bas été 2017 DR
","T","04/16/20 11:15:00","06/15/20 08:26:00","08/18/17 09:00:00",50,2000,"H2016-1",0,"reprise courbes anciennes"
1196555,476,"06/27/22 06:30:00","01/01/50 00:00:00",120,2200,"H2022-50",15,"DR 10/11/2022 Nouvelle CT étiage suite crue du 27/06/2022","T",,"01/29/25 09:50:00","11/10/22 12:20:00",,,"H2022-50",0,
1196556,476,"05/22/12 21:20:00","05/29/16 02:00:00",50,2000,"H2012-1",16,,"T","04/16/20 11:15:00","11/30/22 10:53:00","06/06/12 09:00:00",,,"H2012-1",0,"reprise courbes anciennes"
1196557,476,"02/03/19 04:20:00","06/18/20 16:40:00",110,2000,"H2019-1",14,"DR CT suite jaugeage étiage 2019
maj : reprise bas de courbe suite modif jaugeage 23/08/2019
maj 19/10 : reprise courbe h=35 cm","T","10/19/20 15:30:00","11/30/22 11:21:00","01/01/19 12:00:00",,,"H2019-1",0,
1196558,476,"06/18/20 16:40:00","01/17/21 11:50:00",110,2000,"H2020-1",14,"nouvelle courbe suite détarage octobre 2020
maj : reprise courbe H = 64 cm
","T","11/30/22 11:00:00","11/30/22 11:26:00","12/30/20 11:00:00",,,"H2020-1",0,
1196559,476,"06/02/94 00:00:00","12/02/03 13:30:00",110,1050,"H1994-1",17,,"C",,,,,,"H1994-1",,
1196560,476,"06/28/21 09:00:00","06/27/22 06:30:00",110,2200,"H2021-2",16,"nouvelle courbe suite détarage juin 2021
maj : reprise courbe h=35 cm
maj2 : reprise courbe h = 100 cm (prise en compte végétation ???)
","T","11/10/22 12:20:00","01/10/24 15:25:00","08/23/21 16:00:00",,,"H2021-2",0,
1196561,476,"01/17/21 11:50:00","06/28/21 09:00:00",110,2200,"H2021-1",15,"nouvelle courbe suite détarage janvier 2021
maj : reprise courbe h=40cm
","T","07/13/21 13:40:00","01/10/24 15:26:00","03/22/21 15:40:00",,,"H2021-1",0,
1196562,477,"01/01/73 00:00:00","12/31/73 00:00:00",0,99990,"1",27,,"C",,,,,,,,
1196563,477,"01/01/74 00:00:00","12/31/74 00:00:00",0,99990,"2",29,,"C",,,,,,,,
1196564,477,"01/01/75 00:00:00","12/31/75 00:00:00",200,99990,"3",24,,"C",,,,,,,,
1196565,477,"01/01/76 00:00:00","12/31/76 00:00:00",150,99990,"4",30,,"C",,,,,,,,
1196566,477,"01/01/77 00:00:00","12/31/77 00:00:00",100,99990,"5",24,,"C",,,,,,,,
1196567,477,"01/01/78 00:00:00","12/31/79 00:00:00",200,1700,"6",30,,"C",,,,,,,,
1196568,477,"01/01/80 00:00:00","05/13/81 00:00:00",200,1700,"7",27,,"C",,,,,,,,
1196569,477,"05/14/81 00:00:00","12/30/81 00:00:00",200,99990,"8",30,,"C",,,,,,,,
1196570,477,"12/31/81 00:00:00","01/07/82 00:00:00",200,1700,"9",27,,"C",,,,,,,,
1196571,477,"01/08/82 00:00:00","12/31/82 00:00:00",200,99990,"10",18,,"C",,,,,,,,
1196572,477,"06/01/83 00:00:00","03/29/85 00:00:00",100,99990,"12",20,,"C",,,,,,,,
1196573,477,"03/30/85 00:00:00","12/08/88 00:00:00",300,1400,"13",19,,"C",,,,,,,,
1196574,477,"12/09/88 00:00:00","06/05/91 00:00:00",150,1400,"14",22,,"C",,,,,,,,
1196575,477,"01/06/96 00:00:00","12/31/05 00:00:00",150,2000,"15",18,,"C",,,,,,,,
1196576,477,"01/02/06 00:00:00","07/04/08 00:00:00",150,2000,"LO012006",21,,"C",,"09/03/09 14:36:00","03/02/06 16:24:00",,,,,
1196577,477,"07/03/08 00:00:00","06/10/10 00:00:00",200,2000,"2008_2LO",8,,"T",,"07/01/11 08:46:00","04/03/09 15:03:00",,,,,
1196578,477,"06/10/10 00:00:00","08/10/13 00:00:00",150,2000,"H201013",7,,"T","12/08/14 10:32:00","07/08/15 12:04:00","10/28/13 10:35:00",,,,,
1196579,477,"08/10/13 00:00:00","11/23/16 00:00:00",150,2000,"H2013-1",10,,"T","07/24/17 15:50:00","07/24/17 15:50:00","10/02/15 09:04:00",,,"H2013-1",0,
1196580,477,"11/23/16 00:00:00","01/07/18 00:00:00",170,2000,"H2016-1",9,"
","T","07/20/18 12:33:00","07/20/18 14:01:00","07/24/17 15:50:00",,,"H2016-1",0,
1196581,477,"01/07/18 00:00:00","10/30/18 00:00:00",170,2000,"H2018-1",11,"
","T","09/03/18 09:29:00","03/31/20 07:58:00","07/09/18 10:58:00",70,2300,"H2018-1",0,
1196582,477,"08/10/13 00:00:00","11/23/16 00:00:00",150,2000,"H201350",8,"Cette CT n'est pas identique à la CT H201350 de la banque Hydro. Une modification a été enregistrée par erreur (haut de la CT) le 29/11/2016. A supprimer lorsque la courbe d'essai en cours sera validée.
","T","07/17/15 10:36:00","03/31/25 11:21:00","07/08/15 12:04:00",,,,0,
1196583,477,"07/02/08 23:59:00","07/03/08 00:00:00",200,2000,"2008_1LO",5,,"T",,"03/31/25 11:22:00","04/03/09 15:03:00",,,,0,
1196584,477,"01/07/96 00:00:00","01/23/05 00:00:00",200,2000,"16",16,,"C",,"03/31/25 11:27:00",,,,,0,
1196585,477,"10/30/18 00:00:00","09/15/20 00:00:00",110,2000,"H2018-2",16,"
","T","03/04/20 15:11:00","05/07/21 09:17:00","03/04/20 15:13:00",70,2200,"H2018-2",0,
1196586,477,"09/15/20 00:00:00","06/24/21 00:00:00",110,2000,"H2020-1",17,"modif seb suite détarage dû aux barrage de pierres
","T","07/19/21 11:21:00","07/19/21 11:21:00","09/20/20 15:13:00",70,2200,"H2020-1",0,
1196587,477,"05/06/24 14:00:00","01/01/50 00:00:00",150,2290,"H2024-50",9,"Création suitre détarage 06/05/2024
","T","09/05/24 14:19:00","02/20/25 08:25:00","08/01/24 14:00:00",,,"H2024-50",0,
1196588,477,"01/23/05 00:00:00","01/02/06 00:00:00",200,2000,"LO2005",19,,"C",,"03/31/25 11:28:00",,,,,0,
1196589,477,"06/24/21 00:00:00","08/17/23 08:30:00",110,2290,"H2021-23",12,"modif seb suite à la crue de juin 2021
modif point d'inflexion
","T","02/21/23 10:55:00","08/22/23 14:51:00","09/20/20 15:13:00",,,"H2021-23",0,
1196590,477,"08/17/23 08:30:00","05/06/24 14:00:00",110,2290,"H2023-24",14,"Création suitre détarage aout 2023
01/08/2024: Clôture CT suite à détarage lié à crue du 06/05/2024","T","08/01/24 13:00:00","08/01/24 13:10:00","08/22/23 12:00:00",,,"H2023-24",0,
1196591,478,"01/01/74 00:00:00","01/01/76 00:00:00",100,900,"1",60,,"C",,"06/09/20 14:59:00",,,,"1",0,
1196592,478,"01/01/76 00:00:00","01/01/91 00:00:00",100,900,"2",60,,"C",,"06/09/20 15:00:00",,,,,0,
1196593,478,"01/01/91 00:00:00","01/16/05 00:00:00",100,1000,"H1991-1",11,,"C",,"06/09/20 15:22:00",,,,"H1991-1",0,
1196594,478,"05/28/08 00:00:00","09/20/17 00:00:00",100,1000,"H2008-1",11,,"T","12/15/11 09:30:00","04/28/20 08:42:00","01/15/10 10:41:00",,,"H2008-1",0,"ancienne E200850"
1196595,478,"01/16/05 00:00:00","05/28/08 00:00:00",100,1000,"H2005-1",9,,"T",,"05/07/20 08:35:00","01/15/10 10:41:00",,,"H2005-1",0,
1196596,478,"09/20/17 00:00:00","04/30/21 00:00:00",-20,1000,"H2017-1",13,"CT nouvelle échelle aval","T","12/21/21 13:46:00","12/21/21 14:02:00","07/20/18 11:22:00",-70,1000,"H2017-1",0,
1196597,478,"03/09/24 00:00:00","01/01/50 00:00:00",-20,1000,"H2024-50",7,"modif Seb suite à un détarage","T","09/19/24 11:25:00","06/13/25 10:40:00","04/25/24 10:40:00",-20,1000,"H2024-50",0,
1196598,478,"04/30/21 00:00:00","03/09/24 00:00:00",-20,1000,"H2021-24",11,"modif Seb suite à un détarage","T","07/27/23 10:22:00","07/24/24 09:53:00","10/12/21 12:34:00",-20,1000,"H2021-24",0,
1196599,479,"06/02/94 00:00:00","01/10/96 00:00:00",800,1500,"94152",23,,"C",,,,,,,,
1196600,479,"01/10/96 00:00:00","12/31/99 00:00:00",750,1500,"96010",18,,"C",,,,,,,,
1196601,479,"06/02/94 00:00:00","01/10/96 00:00:00",800,1500,"C10523",23,,"C",,,,,,,,
1196602,479,"01/10/96 00:00:00","01/19/97 00:00:00",750,1500,"C10524",18,,"C",,,,,,,,
1196603,479,"01/19/97 00:00:00","12/31/50 00:00:00",750,1500,"BURGE1",14,,"C",,,,,,,,
1196604,479,"05/01/04 00:00:00","12/31/50 00:00:00",800,2000,"BURGE04",16,,"C",,,,,,,,
1196605,479,"01/02/06 00:00:00","06/01/08 00:00:00",900,3000,"VC022006",15,,"C",,"06/15/09 10:38:00","03/02/06 15:20:00",,,,,
1196606,479,"06/01/08 00:00:00","01/26/09 00:00:00",900,3000,"2008-1VC",4,,"T",,"09/03/09 15:45:00","04/03/09 11:41:00",,,,,
1196607,479,"01/26/09 00:00:00","12/31/50 00:00:00",900,3000,"2009_1VC",4,,"T",,"01/14/10 09:05:00","06/15/09 10:37:00",,,,,
1196608,479,"01/26/09 00:00:00","06/19/10 00:00:00",900,3000,"E200910",9,,"T",,"02/03/12 11:10:00","02/03/12 10:37:00",,,,,
1196609,479,"01/26/09 00:00:00","06/30/10 00:00:00",900,3000,"2009_2VC",6,,"T",,"03/28/12 10:31:00","06/15/09 10:37:00",,,,,
1196610,479,"01/01/13 00:00:00","01/01/50 00:00:00",1000,3000,"H201350",10,,"T","09/02/13 16:53:00","09/02/13 16:54:00","04/26/13 15:25:00",,,,,
1196611,479,"01/01/13 00:00:00","01/01/50 00:00:00",1000,3000,"E2015",9,"STATION DE MERDE
","T",,"06/06/16 17:52:00","06/15/15 10:46:00",,,,,
1196612,480,"06/02/94 00:00:00","06/06/02 01:45:00",50,1700,"H1994-1",12,,"C","04/02/20 13:20:00","04/03/20 10:22:00","03/29/06 11:41:00",,,,0,"maj : reprise courbes périodes de validité et tracé"
1196613,480,"06/06/02 01:45:00","07/01/04 00:00:00",50,1700,"H2002-1",12,,"C","04/02/20 13:20:00","04/03/20 10:22:00","03/29/06 11:41:00",,,,0,"maj : reprise courbes périodes de validité et tracé"
1196614,480,"07/01/04 00:00:00","07/15/05 00:00:00",50,1700,"H2004-1",12,,"C","04/02/20 13:20:00","04/03/20 10:22:00","03/29/06 11:41:00",,,,0,"maj : reprise courbes périodes de validité et tracé"
1196615,480,"07/15/05 00:00:00","01/18/06 14:00:00",50,1700,"H2005-1",12,,"C","04/02/20 13:20:00","04/03/20 10:22:00","03/29/06 11:41:00",,,,0,"maj : reprise courbes périodes de validité et tracé"
1196616,480,"01/18/06 14:00:00","09/18/06 00:00:00",50,1700,"H2006-1",13,,"C","04/02/20 13:20:00","04/03/20 10:22:00","03/29/06 11:41:00",,,,0,"maj : reprise courbes périodes de validité et tracé"
1196617,480,"01/07/08 18:10:00","05/28/08 05:00:00",50,1700,"H2008-1",13,,"C","04/02/20 13:20:00","04/03/20 10:22:00","03/29/06 11:41:00",,,,0,"maj : reprise courbes périodes de validité et tracé"
1196618,480,"05/28/08 05:00:00","01/25/09 00:00:00",50,1700,"H2008-2",12,,"C","04/02/20 13:20:00","04/03/20 10:23:00","03/29/06 11:41:00",,,,0,"maj : reprise courbes périodes de validité et tracé"
1196619,480,"01/25/09 00:00:00","12/31/09 09:00:00",95,2000,"H2009-1",10,,"T","04/02/20 13:15:00","04/03/20 10:23:00","03/26/12 11:40:00",,,,0,"maj : reprise courbes périodes de validité et tracé"
1196620,480,"12/31/09 09:00:00","12/01/10 00:00:00",95,2000,"H2009-2",9,,"T","04/02/20 13:15:00","04/03/20 10:23:00","03/26/12 11:40:00",,,,0,"maj : reprise courbes périodes de validité et tracé"
1196621,480,"09/18/06 00:00:00","01/07/08 18:10:00",50,1700,"H2006-2",13,,"C","04/02/20 13:20:00","04/03/20 10:23:00","03/29/06 11:41:00",,,,0,"maj : reprise courbes périodes de validité et tracé"
1196622,480,"05/21/13 22:40:00","01/01/15 00:00:00",90,2000,"H2013-1",10,,"T","04/01/20 13:20:00","12/16/20 17:34:00","07/04/14 10:16:00",,,"H2013-1",0,"maj : reprise courbe"
1196623,480,"12/01/10 00:00:00","05/21/13 22:40:00",90,2000,"H2010-1",10,,"T","04/01/20 13:20:00","12/16/20 17:34:00","03/26/12 14:18:00",,,"H2010-1",0,"maj : reprise courbe"
1196624,481,"10/23/03 00:00:00","02/13/05 00:00:00",200,300,"oct2003",5,,"C",,"03/31/25 11:09:00",,,,,0,
1196625,481,"01/01/90 00:00:00","01/07/91 00:00:00",-999,9999,"1",18,,"C",,,,,,,,
1196626,481,"01/08/91 00:00:00","12/31/99 00:00:00",200,300,"2",18,,"C",,,,,,,,
1196627,481,"01/04/95 00:00:00","05/26/98 00:00:00",200,400,"C10454",10,,"C",,,,,,,,
1196628,481,"05/26/98 00:00:00","12/31/05 00:00:00",100,300,"051998",5,,"C",,,,,,,,
1196629,481,"02/13/05 00:00:00","01/01/09 00:00:00",100,700,"CE092005",9,,"C",,"02/15/12 11:36:00",,,,,,
1196630,481,"01/01/09 00:00:00","04/01/10 00:00:00",200,300,"H200910",2,"ATTENTION cette courbe ne tient compte que du débit au droit de l'échelle, conformémént au commentaire sous hydro, depuis 2006 on ne fournit plus que le débit qui transite par le canal, on ne mesure pas ce qui passe par le moulin.","T",,"02/15/12 15:36:00","03/23/10 10:55:00",,,,,
1196631,481,"09/01/16 00:00:00","07/24/19 00:00:00",160,240,"H2016-1",9,,"T",,"04/14/20 09:44:00","09/23/19 14:30:00",,,"H2016-1",0,
1196632,481,"05/30/12 09:00:00","09/01/16 00:00:00",100,350,"H2012-1",87,,"C",,"09/23/19 15:13:00","06/07/12 14:00:00",,,"H2012-1",0,
1196633,481,"04/01/10 00:00:00","05/30/12 09:00:00",180,300,"H201050",4,"ATTENTION cette courbe ne tient compte que du débit au droit de l'échelle, conformémént au commentaire sous hydro, depuis 2006 on ne fournit plus que le débit qui transite par le canal, on ne mesure pas ce qui passe par le moulin.","T",,"04/14/20 09:43:00","02/15/12 10:17:00",,,,0,
1196634,481,"07/24/19 00:00:00","12/24/19 00:00:00",160,240,"H2019-1",8,,"T","03/04/20 11:19:00","01/08/21 15:27:00","03/04/20 11:19:00",,,"H2019-1",0,"présence d'une planche en bois en travers du canal rive droite"
1196635,481,"06/28/21 00:00:00","01/01/50 00:00:00",120,240,"H202150",8,"crue de juin2021
","T","11/07/24 11:32:00","01/08/25 10:30:00","10/24/22 14:00:00",,,"H202150",0,"Nouvelle CT suite au retrait d'une planche en bois en travers du canal rive droite
"
1196636,481,"12/24/19 00:00:00","06/28/21 00:00:00",150,240,"H2019-2",10,"ajustement courbe seb","T","10/24/22 14:58:00","10/24/22 14:58:00","12/18/20 09:50:00",,,"H2019-2",0,"Nouvelle CT suite au retrait d'une planche en bois en travers du canal rive droite"
1196637,482,"01/01/70 00:00:00","03/31/72 00:00:00",130,510,"1",21,,"C",,,,,,,,
1196638,482,"04/01/72 00:00:00","12/31/72 00:00:00",160,420,"2",20,,"C",,,,,,,,
1196639,482,"01/01/73 00:00:00","04/16/73 00:00:00",200,510,"3",20,,"C",,,,,,,,
1196640,482,"04/17/73 00:00:00","05/31/73 00:00:00",160,420,"4",21,,"C",,,,,,,,
1196641,482,"06/01/73 00:00:00","12/31/73 00:00:00",80,510,"5",20,,"C",,,,,,,,
1196642,482,"01/01/74 00:00:00","12/31/75 00:00:00",110,360,"6",20,,"C",,,,,,,,
1196643,482,"01/01/76 00:00:00","12/31/76 00:00:00",30,9999,"7",36,,"C",,,,,,,,
1196644,482,"01/01/77 00:00:00","12/31/77 00:00:00",30,9999,"8",42,,"C",,,,,,,,
1196645,482,"01/01/78 00:00:00","02/25/85 00:00:00",130,600,"9",34,,"C",,,,,,,,
1196646,482,"02/26/85 00:00:00","04/04/87 00:00:00",130,1000,"10",38,,"C",,,,,,,,
1196647,482,"04/05/87 00:00:00","05/05/90 00:00:00",150,1000,"11",32,,"C",,,,,,,,
1196648,482,"05/06/90 00:00:00","06/05/91 00:00:00",-999,9999,"12",18,,"C",,,,,,,,
1196649,482,"06/06/91 00:00:00","02/24/93 00:00:00",-999,9999,"13",18,,"C",,,,,,,,
1196650,482,"02/25/93 00:00:00","12/31/99 00:00:00",100,800,"14",11,,"C",,,,,,,,
1196651,482,"02/25/93 00:00:00","03/13/98 00:00:00",100,1800,"C10502",15,,"C",,,,,,,,
1196652,482,"05/27/08 10:30:00","06/26/09 00:00:00",60,1000,"2008_1FO",7,,"T",,"10/19/10 14:52:00","08/28/09 12:14:00",,,,,
1196653,482,"04/30/04 00:00:00","05/27/08 10:30:00",50,1000,"FOURIL04",20,,"C",,"10/19/10 15:10:00",,,,,,
1196654,482,"06/26/09 00:00:00","12/05/10 00:00:00",70,1000,"2009_1FO",4,,"T",,"02/17/12 13:44:00","06/28/10 10:47:00",,,,,
1196655,482,"10/27/12 12:00:00","01/20/13 02:00:00",130,1000,"H201213",3,,"T",,"11/04/14 11:41:00","10/21/14 17:35:00",,,,,
1196656,482,"12/05/10 00:00:00","10/27/12 12:00:00",70,1000,"H201012",5,"
","T",,"10/21/14 17:45:00","10/21/14 14:24:00",,,,,
1196657,482,"01/20/13 02:00:00","01/20/14 00:00:00",130,1000,"H201314",3,"
","T",,"11/04/14 11:42:00","10/24/14 17:19:00",,,,,
1196658,482,"01/20/14 00:00:00","09/11/14 00:00:00",130,1000,"H201414",4,"
","T","06/19/15 11:32:00","06/19/15 11:33:00","10/24/14 17:30:00",,,,,
1196659,482,"09/11/14 00:00:00","02/23/17 00:00:00",90,1500,"H2014-2",3,"
","T","06/16/16 10:21:00","08/02/17 16:46:00","06/19/15 11:40:00",43,2300,"H2014-2",0,
1196660,482,"09/01/17 00:00:00","10/01/18 00:00:00",180,650,"H2017-2",8,,"T","08/02/17 16:47:00","05/05/20 10:07:00","02/23/17 00:00:00",,,"H2017-2",0,
1196661,482,"03/13/98 00:00:00","10/01/03 00:00:00",120,1800,"FO1998",15,,"C",,"03/31/25 11:17:00",,,,,0,
1196662,482,"10/01/03 00:00:00","04/30/04 00:00:00",60,1000,"FO2003",16,,"C",,"03/31/25 11:18:00",,,,,0,
1196663,482,"04/30/04 00:00:00","05/27/08 10:30:00",60,1000,"FOURILess",18,,"C",,"03/31/25 11:19:00",,,,,0,
1196664,482,"02/23/17 00:00:00","09/01/17 00:00:00",180,650,"H2017-1",6,,"T","08/02/17 16:47:00","04/02/20 08:28:00","02/23/17 00:00:00",,,"H2017-1",0,
1196665,482,"10/01/18 00:00:00","06/22/20 00:00:00",180,650,"H2018-1",12,"le seuil aval en enrochements est colmaté","T","04/02/20 08:04:00","12/21/21 14:44:00","03/04/20 08:00:00",,,"H2018-1",0,
1196666,482,"06/22/20 00:00:00","02/07/25 14:00:00",170,650,"H2020-1",13,"le seuil aval en enrochements est colmaté affinage bas de courbe seb
prolongé jusqu'à 251cm suite à la crue de mai 2023
07/02/2025 14:00 Fermeture station suite à l'audit SCHAPI.                              ","T","02/27/25 11:37:00","02/27/25 11:38:00","09/10/20 08:00:00",,,"H2020-25",0,
1196667,484,"07/08/97 00:00:00","01/01/02 00:00:00",280,1250,"1997_1",13,"Text1","C",,,,,,,,
1196668,484,"09/01/02 00:00:00","01/01/03 00:00:00",280,1250,"2002_1",11,,"C",,,,,,,,
1196669,484,"07/21/03 00:00:00","09/09/03 00:00:00",231,601,"2003_2",8,"courbe de tarage faite pendant la période étiage
barrage 20 m aval station","C",,,,,,,,
1196670,484,"01/01/03 00:00:00","07/21/03 00:00:00",240,1690,"2003_1",13,,"C",,,,,,,,
1196671,484,"04/24/05 19:00:00","03/02/07 12:30:00",285,2500,"H2005-1",8,"Nouvelle courbe suite crue du 24/04/2005
Extrapolation haut de courbe avec résultat BaRatin 2018
Cloture courbe suite crue du 02/03/2007
","T","04/10/18 08:00:00","04/11/18 10:03:00",,203,2900,"H2005-1",0,
1196672,484,"03/02/07 12:30:00","04/29/09 00:30:00",270,2500,"H2007-1",9,"Nouvelle courbe suite crue du 02/03/2007
Extrapolation haut de courbe suite résultats Baratin 2018
Cloture courbe suite crue du 29/04/2009","T","04/10/18 08:30:00","04/11/18 10:14:00",,136,2900,"H2007-1",0,
1196673,484,"04/29/09 00:30:00","03/31/10 23:00:00",350,2500,"H2009-1",9,"Nouvelle courbe suite crue du 29/04/2009
Extrapolation haut de courbe avec Baratin en 2018
Clôture courbe suite crue du 31/03/2010","T","04/10/18 08:30:00","04/11/18 10:21:00",,346,2900,"H2009-1",0,
1196674,484,"03/31/10 23:00:00","01/05/12 23:00:00",285,2500,"H2010-1",9,"créée suite crue du 31/03/2010
Extrapolation haut de courbe avec résultats Baratin (2018)
Clôture courbe suite crue du 23/01/2012","T","04/11/18 08:00:00","04/11/18 10:29:00","01/18/12 00:00:00",120,2900,"H2010-1",0,
1196675,484,"01/05/12 23:00:00","03/30/13 05:30:00",350,2500,"H2012-1",9,"15/02/2017 : MaJ : courbe scindée en 3 nouvelles courbes pour prendre en compte les détarages
11/04/2018 :  MAJ : modif début période validité (crue du 05/01/2012), Extrapolation haut de courbe avec Baratin (2018), Clôture courbe suite crue du 30/03/2013
","T","04/11/18 08:30:00","04/11/18 11:00:00","01/09/13 11:00:00",120,2900,"H2012-1",0,
1196676,484,"03/30/13 05:30:00","11/28/14 16:15:00",350,2500,"H2013-1",7,"Nouvelle courbe suite crue du 30/03/2013
Extrapolation haut de courbe avec Baratin (2018)
clôture courbe suite crue du 28/11/2014","T","04/10/18 14:00:00","04/11/18 14:15:00","02/15/17 15:00:00",113,2900,"H2013-1",0,
1196677,484,"07/17/04 08:15:00","04/24/05 19:00:00",300,2500,"H2004-1",7,"Nouvelle courbe suite détarrage du 17/07/2004 (barrage artificiel créée et non enlevé à l'époque)
Extrapolation haut de courbe suite résultat Baratin 2018. Cloture courbe suite crue du 24/04/2005","T","04/10/18 08:00:00","04/12/18 12:28:00",,132,2900,"H2004-1",0,
1196678,484,"09/09/03 00:00:00","07/17/04 08:15:00",240,2500,"H2003-3",10,"Courbe de tarage cloturée car barrage artificiel créée dans le contrôle hydraulique le 17/07/2004 
et non enlevé à l'époque. Extrapolation haut de courbe d'après résultats étude Baratin 2018","T","04/10/18 08:00:00","04/12/18 12:30:00",,165,2900,"H2003-3",0,
1196679,484,"11/28/14 16:15:00","07/17/18 01:43:00",285,2500,"H2014-1",12,"Nouvelle courbe suite crue du 28/11/2014
11/04/2018 : Retravaillée avec résultat BaRatin (2018)
22/06/2018 : MaJ pour mieux coller aux jaugeages
26/07/2018 : MaJ pour affiner partie basse
","T","07/26/18 08:00:00","07/04/19 16:48:00","02/15/17 13:00:00",120,2900,"H2014-1",0,
1196680,484,"07/17/18 01:43:00","03/13/19 02:50:00",285,2500,"H2018",33,"reprise d'étiage 2019 et alignement sur xtcbara","C","07/06/19 16:00:00","08/05/20 14:37:00","06/28/19 15:00:00",120,2900,"H2018",0,
1196681,484,"03/13/19 02:50:00","02/02/21 20:36:00",350,2550,"H2019",17,"reprise étiage 2020 et crue 2019","C",,"03/11/22 15:02:00","08/05/20 16:20:00",270,2900,"H2019",0,
1196682,484,"01/29/25 00:00:00","01/01/50 00:00:00",485,2620,"H202530",3,,"T",,"05/23/25 13:41:00","05/23/25 09:00:00",265,2900,"H202530",0,
1196683,484,"10/18/23 12:10:00","01/29/25 00:00:00",388,2620,"H202325",11,,"T",,"05/23/25 12:22:00","04/24/24 10:00:00",260,2900,"H202325",0,"MAJ validation 2023"
1196684,484,"02/02/21 20:36:00","10/18/23 12:10:00",350,2620,"H202123",23,"Modif suite crue du 01/02/2021
MAJ validation année 2022 et étiage 2023","C","08/16/23 12:33:00","04/24/24 12:55:00","03/11/21 12:00:00",270,2900,"H202123",0,
1196685,485,"01/01/00 00:00:00","01/01/10 00:00:00",12,5000,"barVer",96,"h/q courbe Baratin : Qmaxpost","C",,,,,,,,
1196686,485,"01/01/00 00:00:00","01/01/10 00:00:00",12,5000,"barVer_inf",96,"h/q courbe Baratin : Qmin","C",,,,,,,,
1196687,485,"01/01/00 00:00:00","01/01/10 00:00:00",12,5000,"barVer_sup",96,"h/q courbe Baratin : Qmax","C",,,,,,,,
1196688,485,"01/01/01 00:00:00","10/27/02 17:55:00",280,1650,"2001_1",18,"MAJ le 22/01/16 de la partie haute >60cm suite à jaugeage de crue et modelisation BaRatin
MAJ pour validation année-station le 10/04/2019 continuité de débit
","C","01/22/16 10:27:00","04/10/19 14:48:00","01/01/01 00:00:00",220,1900,"2001_1",0,
1196689,485,"10/27/02 17:55:00","02/05/03 08:00:00",280,1650,"2002_1",15,"MAJ le 22/01/16 de la partie haute >70cm suite à jaugeage de crue et modelisation BaRatin
MAJ pour validation année-station le 10/04/2019 continuité de débit
","C","01/22/16 10:17:00","04/10/19 14:51:00",,220,1900,"2002_1",0,
1196690,485,"02/05/03 08:00:00","06/24/05 20:37:00",200,1100,"2003_1",22,"MAJ le 22/01/16 de la partie haute >100cm suite à jaugeage de crue et modelisation BaRatin
MAJ pour validation année-station le 10/04/2019 continuité de débit","C","01/22/16 10:16:00","04/10/19 14:54:00",,200,1900,"2003_1",0,
1196691,485,"06/24/05 20:37:00","09/28/08 23:57:00",150,1700,"2005_1",20,"MAJ 75-200 le 02/04/07
MAJ le 22/01/16 de la partie haute >70cm suite à jaugeage de crue et modelisation BaRatin
MAJ le 29/03/2019 validation années station continuité de débit modif période de validité 02/07/08  au lieu de 04/09/08 00:00
","C","01/22/16 10:35:00","04/19/19 12:55:00","09/01/08 00:00:00",150,2050,"2005_1",0,
1196692,485,"07/22/10 17:00:00","06/12/13 00:00:00",310,1650,"H2010",26,"MAJ le 22/01/16 de la partie haute >70cm suite à jaugeage de crue et modelisation BaRatin
MAJ le 4/03/16, prolongement courbe jusqu'à 205cm
scindée le 12/06/2019 ","C",,"06/12/19 15:03:00","06/12/19 10:00:00",220,2050,"H2010",0,
1196693,485,"09/28/08 23:57:00","07/22/10 17:00:00",270,1650,"H2008-1",7,"MAJ le 22/01/16 de la partie haute >70cm suite à jaugeage de crue et modelisation BaRatin
MAJ le 4/03/16, prolongement courbe jusqu'à 205cm suite crue février 2016
MAJ pour validation année-station le 10/04/2019 continuité de débit
","T","06/12/19 15:46:00","06/12/19 15:46:00","05/17/10 00:00:00",220,2050,"H2008-1",0,
1196694,485,"06/12/13 00:00:00","12/09/15 00:00:00",305,1650,"H2013",23,"MAJ le 22/01/16 de la partie haute >70cm suite à jaugeage de crue et modelisation BaRatin
MAJ le 4/03/16, prolongement courbe jusqu'à 205cm
scindée le 12/06/2019 ","C",,"06/19/19 10:44:00","06/12/19 16:00:00",220,2050,"H2013",0,
1196695,485,"12/09/15 00:00:00","01/01/19 18:14:00",270,1650,"H2015",25,"MAJ le 22/01/16 de la partie haute >70cm suite à jaugeage de crue et modelisation BaRatin
MAJ le 4/03/16, prolongement courbe jusqu'à 205cm
scindée le 12/06/2019 ","C",,"09/20/19 14:01:00","06/12/19 17:00:00",220,2050,"H2015",0,
1196696,485,"01/01/19 18:14:00","01/20/20 15:20:00",255,1650,"H2019",26,"création suite aux jaugeages d'étiage 2019","C",,"08/14/20 13:34:00","09/20/19 00:00:00",200,2050,"H2019",0,
1196697,485,"01/20/20 15:20:00","11/06/21 20:00:00",275,1800,"H202021",16,"Reprise étiage 2020 et extrapolation crue 15/09/2021 ","C","09/11/20 10:15:00","06/17/22 13:06:00","08/14/20 15:00:00",200,2260,"H2020",0,
1196698,485,"11/06/21 20:00:00","12/11/23 22:50:00",300,1800,"H202123",26,"Modification suite crue du 15/09/2021 et étiage 2022
MAJ étiage et crues 2023","C","08/05/22 12:31:00","08/14/24 10:51:00","06/17/22 14:00:00",200,2250,"H202123",0,
1196699,485,"12/11/23 22:50:00","01/01/50 00:00:00",325,1800,"H202430",5,,"T","12/20/24 15:08:00","12/20/24 15:09:00","08/14/24 10:00:00",200,2260,"H202430",0,
1196700,486,"10/21/02 02:40:00","04/13/04 17:50:00",50,300,"H2002-1",13,"MAJ 04/10/05
extrapolation supérieure étendue
23/05/2016 renomé CT: 2003_1 -> H2004-1
partie basse revue supérieure à 97-03 (matériaux sous le pont)
","C","03/30/20 09:30:00","05/07/25 12:03:00","11/03/05 09:00:00",0,1000,"H2002-04",0,"maj : reprise et redécoupage anciennes courbes pour maj dans Hydro2"
1196701,486,"04/13/04 17:50:00","11/02/05 23:55:00",50,300,"H2004-1",13,"MAJ 04/10/05 extrapolation supérieure étendue 23/05/2016 renomé CT: 2003_1 -> H2004-1 partie basse revue supérieure à 97-03 (matériaux sous le pont)","C",,"05/07/25 12:04:00","03/30/20 11:20:00",,,"H2004-05",0,"maj : reprise anciennes courbes et périodes de validité pour maj dans Hydro2
Reprise extrap Baratin 2016"
1196702,486,"11/02/05 23:55:00","11/29/08 19:00:00",20,250,"H2005-1",20,"23/05/2016 Modification haut de courbe (H>26cm) suite  à modélisation Baratin
13/01/2017 recoupé la CT H2015-1 en 3 CT (H2015-1; H2008-1 et H2009-1)","C","03/30/20 13:30:00","05/07/25 12:04:00","11/03/05 15:23:00",0,1000,"H2005-08",0,"Reprise anciennes courbes pour maj dans Hydro2"
1196703,486,"11/29/08 19:00:00","07/14/09 19:45:00",20,250,"H2008-1",20,"23/05/2016 Modification haut de courbe (H>26cm) suite  à modélisation Baratin
13/01/2017 création suite à coupure H2005-1","C","03/30/20 15:50:00","05/07/25 12:04:00","11/03/05 15:23:00",0,1000,"H2008-09",0,"Reprise anciennes courbes pour maj dans Hydro2"
1196704,486,"07/14/09 19:45:00","03/26/10 04:50:00",20,250,"H2009-1",19,"23/05/2016 Modification haut de courbe (H>26cm) suite  à modélisation Baratin
13/01/2017 recoupé la CT H2015-1 en 3 CT (H2015-1; H2008-1 et H2009-1)","C","03/30/20 13:50:00","05/07/25 12:04:00","11/03/05 15:23:00",0,1000,"H2009-10",0,"Reprise anciennes courbes pour maj dans Hydro2"
1196705,486,"03/26/10 04:50:00","10/26/12 22:30:00",-60,1000,"H2010-1",17,"23/05/2016 Modification haut de courbe (H>26cm) suite à modélisation Baratin","T","05/23/16 15:30:00","05/07/25 12:05:00","12/14/11 11:00:00",-60,1000,"H2010-12",0,"Reprise anciennes courbes pour maj dans Hydro2"
1196706,486,"10/26/12 22:30:00","01/17/17 00:00:00",-60,1000,"H2012-1",19,"13/01/2017 modification bas de courbe en prenant en compte les jaugeages au sel
","T","03/30/20 15:50:00","05/07/25 12:05:00","01/13/17 12:00:00",-60,1000,"H2012-17",0,"Reprise anciennes courbes pour maj dans Hydro2"
1196707,486,"01/17/17 00:00:00","08/31/17 01:00:00",25,300,"H2017-1",9,"modification de la courbe pour prendre en compte les jaugeages au sel","T","07/06/17 09:51:00","05/07/25 12:05:00","07/06/17 09:50:00",-60,1000,"H2017-17",0,"Reprise anciennes courbes pour maj dans Hydro2"
1196708,486,"01/01/00 00:00:00","01/01/01 00:00:00",12,5000,"BaratinInf",97,"h/q courbe Baratin : Qmin","C",,"06/11/20 10:07:00",,,,,0,
1196709,486,"01/01/00 00:00:00","01/01/01 00:00:00",12,5000,"BaratinSup",97,"h/q courbe Baratin : Qmax","C",,"06/11/20 10:07:00",,,,,0,
1196710,486,"01/01/00 00:00:00","01/01/01 00:00:00",12,5000,"Baratin",97,"h/q courbe Baratin : Qmoyen","C",,"06/11/20 10:08:00",,,,,0,
1196711,486,"08/31/17 01:00:00","07/01/19 15:50:00",0,350,"H2017-2",7,,"T","03/30/20 15:50:00","05/07/25 12:05:00","12/11/19 17:28:00",,,"H2017-19",0,"Reprise anciennes courbes pour maj dans Hydro2"
1196712,486,"05/07/23 14:45:00","01/01/50 00:00:00",-30,350,"H2023-50",7,"création suite détarage mai 2023
02/01/2024: maj
12/072024: Ajustement CT
11/10/2024: Ajustement CT




","T","07/12/24 16:00:00","10/11/24 15:23:00","04/16/23 10:30:00",,,"H2023-50",0,
1196713,486,"07/01/19 15:50:00","12/22/19 02:00:00",-10,350,"H2019-19",5,"maj : suite à détarage décembre 2019
02/01/2024: maj","T","01/02/24 11:40:00","01/02/24 11:41:00","01/20/20 16:00:00",,,"H2019-19",0,
1196714,486,"12/22/19 02:00:00","03/07/21 19:00:00",-10,350,"H2019-21",6,"maj : suite à détarage décembre 2019
02/01/2024: maj","T","01/02/24 12:00:00","01/02/24 11:47:00","01/02/24 12:00:00",,,"H2019-21",0,
1196715,486,"03/07/21 19:00:00","11/27/21 19:00:00",-10,350,"H2021-21",13,"création suite détarage décembre 2019
maj : reprise bas de courbe
02/01/2024: Maj","T","01/02/24 10:30:00","01/02/24 11:55:00","06/22/20 11:20:00",,,"H2021-21",0,
1196716,486,"11/27/21 19:00:00","05/07/23 14:45:00",-10,350,"H2021-23",11,"création suite détarage décembre 2019
maj : reprise bas de courbe
02/01/2024: Maj","T","01/02/24 10:30:00","01/02/24 12:04:00","06/22/20 11:20:00",,,"H2021-23",0,
1196717,486,"09/09/97 00:00:00","10/21/02 02:40:00",0,310,"H1997-1",24,"13/01/2016 réduit la période de validité (date fin  passe du 01/04/2004 au 21/10/2002 02:40)
+ prise en compte extrapolation baratin H>35cm

","C",,"05/07/25 12:03:00","03/27/20 15:40:00",,,"H1997-02",0,"Remplacement de la courbe dans Hydro2 en prenant en compte l'extrapolation Baratin de mai 2016
Courbe retouchée entre 5 et 10 cm"
1196718,487,"01/01/04 00:00:00","06/02/06 00:00:00",170,530,"2004_1",22,,"C",,"06/08/06 10:32:00","06/08/06 10:30:00",,,,,
1196719,487,"06/02/06 00:00:00","06/16/10 00:00:00",380,600,"2006_1",11,"remontée du plan d'eau par barrage","C","03/10/09 11:00:00","04/18/12 14:59:00","06/07/06 00:00:00",,,,,
1196720,487,"06/16/10 00:00:00","01/12/15 09:19:00",290,950,"201101hb",13,,"C","12/14/11 14:35:00","10/03/19 15:21:00","01/26/11 14:00:00",250,1000,"201101hb",0,
1196721,487,"04/08/21 12:12:00","12/11/22 12:40:00",300,800,"H2021 1",9,,"T",,"06/30/23 10:24:00","01/05/23 10:15:00",270,800,"H2021 1",0,
1196722,487,"12/11/22 12:40:00","01/01/50 00:00:00",260,900,"H2023-1",11,,"T","07/03/23 10:48:00","11/22/24 08:58:00","06/30/23 10:15:00",,,"H2023-2050",0,"Modifiée le 30/06/2023 suite à la crue du 14/12/2022 et quelques travaux de nettoyage en amont (faits par les ayants droit).
07/11/2023 Alongement de la CT jusqu'à 86 cm"
1196723,487,"01/12/15 09:19:00","04/08/21 12:12:00",300,600,"H2015_1",14,"MODIF ETIAGE 2019","C","10/03/19 15:14:00","02/12/24 14:39:00","12/08/17 11:00:00",,,"H2015_1",0,
1196724,489,"05/12/23 16:00:00","01/01/50 00:00:00",270,2200,"H2023-50",16,"Création suite à modification de l'ouverture de la vanne de désensablage au niveau du seuil.","T","01/02/23 10:23:00","12/18/24 11:26:00","06/16/23 12:00:00",,,"H2023-50",0,
1196725,489,"01/01/00 00:00:00","01/02/00 00:00:00",500,3700,"CT-Extrap",23,"Courbe extrapolation CEREMA Clermont-Fd - Février 2018 DR
Modèle 1D = HEC-RAS","T",,"09/01/20 10:49:00","09/01/20 10:45:00",,,,0,
1196726,489,"05/26/16 20:15:00","01/01/19 00:00:00",400,2600,"H2017-1",23,"Nouvelle courbe suite à detarge bas de courbe (crue du 26/05/2016)
maj :prise en compte extrap à partir de 140","T","09/04/20 15:00:00","09/04/20 14:56:00","07/06/17 12:00:00",400,2600,"H2017-1",0,
1196727,489,"04/11/13 15:15:00","05/26/16 20:15:00",400,2600,"H2013-1",24,"modification du bas de la courbe
maj : prise en compte extrap à partir de 140 cm","T","09/04/20 15:00:00","09/04/20 14:57:00","07/08/15 15:00:00",400,2600,"H2013-1",0,
1196728,489,"05/19/12 22:43:00","04/11/13 15:15:00",100,2600,"H2012-1",25,"modifi&é suite  à la crue du 22/05/2012
maj : prise en compte extrap à partir de 140 cm","T","09/04/20 15:00:00","09/04/20 15:00:00","05/16/13 11:00:00",100,2600,"H2012-1",0,
1196729,489,"07/22/10 02:30:00","05/19/12 22:43:00",300,2300,"H2010-1",24,"reprise haut de courbe suite cure du 22/05/12
maj : prise en compte extrap à partir de 140 cm","T","09/04/20 15:00:00","09/04/20 15:01:00","12/14/11 15:15:00",300,2300,"H2010-1",0,
1196730,489,"04/17/05 00:00:00","07/22/10 02:30:00",100,1500,"H2005-1",27,"maj : prise en compte extrap à partir de 140 cm","C","09/04/20 15:00:00","09/04/20 15:03:00","12/21/05 14:40:00",,,"H2005-1",0,
1196731,489,"12/02/03 00:00:00","04/17/05 00:00:00",350,1400,"H2003-1",26,"maj : prise en compte extrap à partir de 140 cm","C","09/04/20 15:00:00","09/04/20 15:04:00",,,,"H2003-1",0,
1196732,489,"07/03/00 00:00:00","12/02/03 00:00:00",350,1400,"H2000-1",26,"maj : prise en compte extrap à partir de 140 cm","C","09/04/20 15:00:00","09/04/20 15:05:00",,,,"H2000-1",0,
1196733,489,"07/01/97 00:00:00","07/03/00 00:00:00",390,1350,"H1997-1",20,"maj : prise en compte extrap à partir de 140 cm","C","09/04/20 15:00:00","09/04/20 15:06:00",,,,"H1997-1",0,
1196734,489,"12/27/19 18:00:00","08/14/20 11:00:00",280,810,"H2019-2",24,"nouvelle courbe suite détarage décembre 2019
modif henri début août 2020
prolongement bas de courbe
Integration CT extraoplation H>140cm 03/09/2020 DR","T","09/18/20 09:45:00","09/18/20 09:46:00","07/21/20 10:45:00",,,"H2019-2",0,"maj : suppression jaugeages associés entre 70 et 90 cm et modif courbe entre 70 et 90 cm"
1196735,489,"08/14/20 11:00:00","02/01/21 23:30:00",220,810,"H2020-1",21,"nouvelle courbe suite détarage aout 2020
Integration CT extrapolation H>140cm 03/09/2020 DR
maj : reprise courbe H=80 cm","T","02/17/21 09:30:00","03/22/21 16:07:00","09/18/20 09:30:00",,,"H2020-1",0,"maj : suppression jaugeages associés entre 70 et 90 cm et modif courbe entre 70 et 90 cm"
1196736,489,"01/01/19 00:00:00","12/27/19 18:00:00",280,810,"H2019-1",24,"Nouvelle courbe suite crue du 02/12/2018
date de début période validité à caler
maj : prise en compte extrap à partir de 140","T","09/04/20 14:20:00","06/04/21 15:16:00","01/02/19 12:00:00",,,"H2019-1",0,"maj : suppression jaugeages associés entre 70 et 90 cm et modif courbe entre 70 et 90 cm"
1196737,489,"06/28/21 05:00:00","09/21/21 02:00:00",220,810,"H2021-2",18,"nouvelle courbe suite détarage juin 2021
maj : reprise courbe h=45cm
maj2 : reprise milieu de courbe suite jaugeage sept 2021","T","09/24/21 10:40:00","10/28/21 09:42:00","07/13/21 13:45:00",,,"H2021-2",0,"maj : suppression jaugeages associés entre 70 et 90 cm et modif courbe entre 70 et 90 cm"
1196738,489,"02/01/21 23:30:00","06/28/21 05:00:00",220,810,"H2021-1",21,"nouvelle courbe suite détarage février 2021
maj1/2 : reprise h=70cm
maj 3 : reprise h= 60cm","T","06/18/21 14:50:00","10/28/21 09:53:00","03/22/21 16:00:00",,,"H2021-1",0,"maj : suppression jaugeages associés entre 70 et 90 cm et modif courbe entre 70 et 90 cm"
1196739,489,"09/21/21 02:00:00","06/27/22 11:00:00",220,2200,"H202122",21,"nouvelle courbe suite crue sept 2021
maj : reprise courbe h= 115/120 cm","T","08/04/22 10:43:00","01/10/24 10:12:00","10/28/21 09:35:00",,,"H202122",0,"maj : suppression jaugeages associés entre 70 et 90 cm et modif courbe entre 70 et 90 cm"
1196740,489,"06/27/22 11:00:00","05/12/23 16:00:00",270,2200,"H2022-2023",22,"Création nouvelle courbe suite crue de juin 2022","T","01/02/23 10:23:00","01/10/24 10:19:00","11/02/22 09:35:00",,,"H2022-2023",0,"FV Création nouvelle courbe suite crue de juin 2022
maj : suppression jaugeages associés entre 70 et 90 cm et modif courbe entre 70 et 90 cm"
1196741,490,"01/24/05 00:00:00","05/24/10 00:00:00",400,1250,"PG012005",19,,"C","07/28/09 00:00:00","05/07/25 13:17:00","07/28/09 00:00:00",,,"H2005-10",0,
1196742,490,"05/22/12 16:45:00","11/22/16 19:45:00",200,2100,"H2012-1",8,"NOUVELLE COURBE APRES LA CRUE DU 22/05/2012","T","03/26/20 11:30:00","05/07/25 13:19:00","07/03/12 15:00:00",140,2100,"H2012-16",0,"rmaj : découpage en 2 courbes de la courbe en cours (création 2016-1)"
1196743,490,"08/01/19 00:00:00","01/17/21 07:35:00",200,2100,"H2019-1",23,"création nouvelle courbe suite détarage été 2019
maj : reprise courbe entre 22 et 46 cm","C","11/16/20 16:30:00","05/07/25 13:20:00","06/18/20 11:30:00",,,"H2019-21",0,
1196744,490,"05/01/04 00:00:00","01/24/05 00:00:00",400,1250,"PG2004",17,,"C",,"05/07/25 13:16:00",,,,"H2004-05",0,
1196745,490,"05/24/10 00:00:00","05/22/12 16:45:00",400,2100,"H2010-12",14,"modification du haut de la courbe suite à la crue du 22/05/2012   H:205cm","T","06/06/12 11:59:00","05/07/25 13:18:00","12/14/11 14:30:00",,,"H2010-12",0,
1196746,490,"05/05/24 23:00:00","01/01/50 00:00:00",190,2000,"H2024-50",5,"22/11/2022: Création CT suite à constatation d'un léger détarage depuis l'épisode de crue entre le 02 et le 08/05/2024.","T","02/28/25 14:00:00","06/13/25 08:33:00","02/28/25 14:00:00",,,"H2024-50",0,
1196747,490,"01/17/21 07:35:00","05/05/24 23:00:00",190,2000,"H2021-24",6,"22/11/2022: Création (courbe troncon au lieu de point par point)
28/02/2025: Fermeture de la CT suite à confirmation d'un léger dé-tarage 
lié à l'épisode de crue entre le 02 et le 08/05/2024.","T","02/28/25 14:00:00","02/28/25 13:57:00","11/22/22 10:00:00",,,"H2021-24",0,
1196748,490,"07/01/97 00:00:00","05/01/04 00:00:00",400,1250,"CRED98",16,,"C",,"05/07/25 13:15:00",,,,"H1997-04",0,
1196749,490,"11/22/16 19:45:00","08/01/19 00:00:00",200,2100,"H2016-1",38,,"C",,"05/07/25 13:19:00",,,,"H2016-19",0,
1196750,491,"12/01/97 00:00:00","12/31/50 00:00:00",100,200,"9701",13," ","C",,"08/06/07 08:23:00",,,,,,
1196751,491,"01/01/07 00:00:00","12/31/50 00:00:00",110,200,"9701",6," ","C",,"02/26/09 15:10:00",,,,,,
1196752,492,"01/01/90 00:00:00","02/26/95 00:00:00",160,1600,"1990_01",22,,"C",,,,,,,,
1196753,492,"02/26/95 00:00:00","12/01/97 00:00:00",110,1730,"1995_01",13,,"C",,,,,,,,
1196754,492,"12/01/97 00:00:00","07/01/03 00:00:00",100,1670,"1997_01",14," ","C",,,,,,,,
1196755,492,"07/01/03 00:00:00","04/24/05 00:00:00",100,1670,"2003_01",16,,"C",,,,,,,,
1196756,492,"04/24/05 00:00:00","01/21/09 00:00:00",60,1000,"2005_01",8,"MAJ 28/11/05 et 30/03/06
","C","03/30/06 14:46:00","06/07/10 14:25:00",,,,,,
1196757,492,"01/21/09 00:00:00","01/14/13 00:00:00",110,1450,"2009_1",3,,"T",,"09/06/16 16:22:00","06/07/10 00:00:00",70,1600,,0,
1196758,492,"01/14/13 00:00:00","01/05/16 00:00:00",135,1450,"H2013-1",18,"Mis à jour le 20/07/2016 pour mieux prendre en compte les jaugeages sur la période de validité
","C","07/20/16 00:00:00","09/06/16 16:27:00","07/20/16 00:00:00",70,1600,"H2013-1",0,
1196759,492,"01/05/16 00:00:00","12/10/17 16:30:00",70,1500,"H2016-1",6,"Mise  à jour suite jaugeage étiage 2017
","T","09/01/17 14:00:00","06/22/18 15:39:00","07/19/16 00:00:00",2,1600,"H2016-1",0,
1196760,492,"12/10/17 16:30:00","12/27/18 01:20:00",60,1500,"H2017-1",5,"Création nouvelle suite crues du 10/12/2017, détarage constaté
MaJ pour prendre en compte jaugeages étiage 2018

","T","07/19/18 13:00:00","07/19/19 15:17:00","06/22/18 12:00:00",0,1600,"H2017-1",0,
1196761,492,"12/27/18 01:20:00","10/09/20 13:20:00",60,1500,"H2018-1",17,"MAJ étiage 2019","C",,"05/13/22 13:34:00","07/19/19 10:00:00",-30,1600,"H2018-1",0,"DR modif nom H2019 -> H2018-1"
1196762,492,"12/11/23 00:00:00","01/01/50 00:00:00",60,1380,"H202430",5,,"T","11/06/24 15:11:00","03/10/25 08:56:00","03/22/24 13:00:00",-35,1620,"H202430",0,"détarage suite crue 11/12/2023"
1196763,492,"10/09/20 13:20:00","12/24/22 04:40:00",30,1500,"H202022",15,"MAJ étiage 2022","C","08/05/22 12:03:00","12/13/23 12:15:00","05/13/22 13:33:00",-30,1600,"H202022",0,
1196764,492,"12/24/22 04:40:00","12/11/23 00:00:00",60,1380,"H2023",6,,"T","06/26/24 15:06:00","06/26/24 15:07:00","12/12/23 10:00:00",-35,1600,"H2023",0,"MAJ validation 2023"
1196765,493,"01/01/98 00:00:00","02/08/05 00:00:00",-100,350,"1998_1",15,,"C",,"12/14/07 15:24:00",,,,,,
1196766,493,"02/08/05 00:01:00","12/10/08 23:59:00",0,570,"2005_1",15,,"C",,"06/03/10 15:26:00",,,,,,
1196767,493,"12/11/08 00:00:00","08/01/11 00:00:00",0,600,"2008-1",6,,"T",,"02/22/22 08:33:00","06/03/10 15:24:00",,,,0,
1196768,493,"08/01/11 00:00:00","01/01/16 00:00:00",-10,600,"H2011-1",8,,"T",,"02/22/22 08:33:00","06/03/10 15:24:00",,,,0,
1196769,493,"04/14/21 00:00:00","05/02/24 11:00:00",-50,750,"h2021-1",8,,"T","10/08/18 11:08:00","02/28/25 09:56:00","08/07/17 15:59:00",-50,900,"H2021-1",0,
1196770,493,"09/01/17 00:00:00","03/21/19 00:00:00",-50,750,"H2017-1",11,,"T","10/08/18 11:08:00","07/05/22 11:07:00","08/07/17 15:59:00",-50,900,"H2017-1",0,
1196771,493,"01/01/16 00:00:00","09/01/17 00:00:00",-50,750,"H2016-1",11,,"T","10/08/18 11:08:00","07/05/22 11:09:00","08/07/17 15:59:00",-50,900,"H2016-1",0,
1196772,493,"03/21/19 00:00:00","04/14/21 00:00:00",-50,750,"h2019-1",10,,"T","10/08/18 11:08:00","07/05/22 11:17:00","08/07/17 15:59:00",-50,900,"H2019-1",0,
1196773,493,"05/02/24 11:00:00","12/31/50 00:00:00",-50,750,"h2024-1",4,,"T","10/08/18 11:08:00","02/28/25 09:58:00","08/07/17 15:59:00",-50,900,"H2024-1",0,
1196774,494,"03/10/24 00:00:00","01/01/50 00:00:00",315,1200,"H2024-1",5,,"T",,"05/19/25 10:06:00",,315,1600,"H2024-1",0,"06/07/2020 Prolongement CT jusqu'à 160cm
Zéro écoulement = 30 cm ( /09/2024)"
1196775,494,"10/01/97 00:00:00","12/19/02 00:00:00",4,850,"1997_1",18," ","C",,,,,,,,
1196776,494,"12/20/02 00:01:00","11/21/06 00:00:00",310,925,"2002_1",16,,"C",,"12/14/07 12:24:00",,,,,,
1196777,494,"01/01/12 00:00:00","06/13/18 10:00:00",230,1200,"H2012-1",16,,"T","01/10/19 14:35:00","04/03/19 12:34:00","10/03/08 09:02:00",230,1250,"H2012-1",0,
1196778,494,"11/21/06 00:00:00","01/01/12 00:00:00",310,1010,"ct0801",8,,"T",,"07/26/24 07:35:00","10/03/08 09:02:00",,,,0,
1196779,494,"06/13/18 10:00:00","06/13/20 12:00:00",230,1200,"H2018-1",8,,"T","09/28/20 15:18:00","09/28/20 15:18:00","04/02/19 13:51:00",230,1600,"H2018-1",0,"06/07/2020 Prolongement CT jusqu'à 160cm"
1196780,494,"06/13/20 12:00:00","09/19/21 00:00:00",230,1200,"H2020-1",6,,"T",,,,230,1600,"H2020-1",,"06/07/2020 Prolongement CT jusqu'à 160cm"
1196781,494,"09/10/22 00:00:00","03/10/24 00:00:00",300,1200,"H2022-1",6,,"T","09/28/20 15:17:00","09/16/24 10:56:00","04/02/19 13:51:00",300,1600,"H2022-1",0,"reprise hs"
1196782,494,"01/09/00 14:18:00","01/09/50 14:18:00",12,5000,"Céroux_inf",100,"h/q Baratin : Qmin","C",,,,,,,,
1196783,494,"01/09/00 14:18:00","01/09/50 14:18:00",12,5000,"Céroux_sup",100,"h/q Baratin : Qmax","C",,,,,,,,
1196784,494,"01/09/00 14:18:00","01/09/50 14:18:00",12,5000,"Céroux",100,"h/q Baratin : Qmaxpost","C",,,,,,,,
1196785,494,"09/19/21 00:00:00","09/10/22 00:00:00",240,1200,"H2021-1",6,,"T",,"09/03/24 10:57:00",,240,1600,"H2021-1",0,"06/07/2020 Prolongement CT jusqu'à 160cm"
1196786,495,"08/20/12 17:00:00","06/30/21 00:00:00",150,700,"H2012-21",6,"
","T","05/07/25 09:00:00","05/07/25 09:21:00","04/15/13 11:32:00",,,"H2012-21",0,
1196787,495,"03/09/24 22:00:00","12/31/50 00:00:00",150,700,"H2024-50",5,"19/04/2024 14:00: Création nouvelle CT suite à détarage consécutif au creusement du lit lors du pique de crue brutal du 09/03/2024 22:00.","T","04/19/24 14:00:00","05/07/25 09:26:00","04/19/24 14:00:00",,,"H2024-50",0,
1196788,495,"02/06/93 00:00:00","11/25/96 00:00:00",150,1000,"C10285",15,"
","C","05/07/25 09:00:00","05/07/25 09:11:00",,,,"H1993-96",0,
1196789,495,"11/25/96 00:00:00","07/01/04 00:00:00",150,1000,"C10286",16,,"C","05/07/25 09:00:00","05/07/25 09:13:00",,,,"H1996-04",0,
1196790,495,"07/01/04 00:00:00","09/03/04 00:00:00",300,1000,"za2004",16,,"C","05/07/25 09:00:00","05/07/25 09:14:00",,,,"H2004-04",0,
1196791,495,"09/03/04 00:00:00","04/23/05 00:00:00",300,1000,"ZA0904",16,,"C","05/07/25 09:00:00","05/07/25 09:15:00",,,,"H2004-05",0,
1196792,495,"04/23/05 00:00:00","04/24/06 00:00:00",300,1000,"ZA092005",13,,"C","05/07/25 09:00:00","05/07/25 09:17:00",,,,"H2005-06",0,
1196793,495,"06/30/21 00:00:00","03/09/24 22:00:00",150,700,"H2021-24",11,"modif Seb du bas de courbe suite à la crue de juin 2021
ajusté bas de courbe
19/04/2024: fermeture CT suite à détarage lié à pique de crue brutal du 09/03/2024 (creusement du lit)","T","04/19/24 14:00:00","04/19/24 13:40:00","04/15/13 11:32:00",,,"H2021-24",0,
1196794,495,"04/24/06 00:00:00","12/05/08 00:00:00",100,1200,"ZA102006",15,,"C","05/07/25 09:00:00","05/07/25 09:18:00","03/02/06 16:06:00",,,"H2006-08",0,
1196795,495,"12/05/08 00:00:00","09/15/11 00:00:00",100,1000,"2008_1ZA",5,,"T","05/07/25 09:00:00","05/07/25 09:19:00","05/25/09 15:25:00",,,"H2008-11",0,
1196796,495,"09/15/11 00:00:00","08/20/12 17:00:00",150,1000,"H2011-12",3,"
","T","05/07/25 09:00:00","05/07/25 09:20:00","07/06/12 12:37:00",,,"H2011-12",0,
1196797,497,"08/01/00 00:00:00","12/02/03 00:00:00",50,300,"SL2000",16,,"C","05/07/25 09:30:00","05/07/25 09:30:00",,,,"H2000-03",0,
1196798,497,"08/25/04 00:00:00","01/23/05 00:00:00",100,400,"SL0904",17,,"C","05/07/25 09:30:00","05/07/25 09:32:00",,,,"H2004-05",0,
1196799,497,"12/02/03 00:00:00","08/25/04 00:00:00",100,400,"SL2004",18,,"C","05/07/25 09:30:00","05/07/25 09:30:00",,,,"H2003-04",0,
1196800,497,"06/27/24 22:30:00","01/01/50 00:00:00",200,950,"H2024-50",5,"12/07/2024: Création nouvelle CT suite à détarage consécutif au violent pic de crue du 27/06/2024 ayant déposé de gros embâcles à l'amont de l'aménagement de la section au droit de l'échelle. Ces embâcles sont restés en plac une dizaine de jours","T","05/07/25 09:30:00","05/07/25 09:40:00","07/12/24 12:00:00",,,"H2024-50",0,
1196801,497,"10/04/13 18:00:00","08/21/21 08:50:00",70,1600,"H2013-21",22,"Modif du nom par CP sur H2 et Phyc ","T","05/07/25 09:30:00","05/07/25 09:37:00","06/15/15 16:00:00",8,1600,"H2013-21",0,
1196802,497,"01/23/05 00:00:00","04/17/05 00:00:00",100,600,"SL2005",17,,"C","05/07/25 09:30:00","05/07/25 09:33:00",,,,"H2005-05",0,
1196803,497,"04/17/05 00:00:00","07/03/08 00:00:00",100,1750,"SL042005",18,,"C","05/07/25 09:30:00","05/07/25 09:34:00",,,,"H2004-07",0,
1196804,497,"07/03/08 00:00:00","12/30/09 00:00:00",70,1000,"H2008-09",3,,"T","05/07/25 09:30:00","05/07/25 09:35:00","08/27/09 16:58:00",,,"H2008-09",0,
1196805,497,"12/30/09 00:00:00","11/05/11 00:00:00",70,1000,"H2009-11",3,,"T","05/07/25 09:30:00","05/07/25 09:35:00","07/05/12 10:00:00",,,"H2009-11",0,
1196806,497,"11/05/11 00:00:00","02/05/13 20:00:00",70,1600,"H2011-13",4,,"T","05/07/25 09:30:00","05/07/25 09:36:00","08/27/13 14:02:00",,,"H2011-13",0,
1196807,497,"02/05/13 20:00:00","10/04/13 18:00:00",70,1600,"H2013-13",3,,"T","05/07/25 09:30:00","05/07/25 09:37:00","06/15/15 16:00:00",,,"H2013-13",0,
1196808,497,"08/21/21 08:50:00","06/01/22 00:00:00",50,1600,"H2021-22",16,"
","T","05/07/25 09:30:00","05/07/25 09:38:00","08/26/21 15:00:00",25,1600,"H2021-22",0,
1196809,497,"06/01/22 00:00:00","09/27/23 13:30:00",50,1600,"H2022-23",8,"Nouvelle CT suite à détarage consecutive au nettoyage des canaux (y compris enlevement bloc béton) DR - ajustement bas de courbe suite au nettoyage du canal RG
28/07/2023: Ajustement bas de courbe.
27/09/2023 13:30: clôture de la CT suite aux travaux d'aménagement de la section au droit de l'échelle.","T","05/07/25 09:30:00","05/07/25 09:39:00","03/28/23 11:00:00",25,1600,"H2022-23",0,"12/07/2023 Suppression CORTH + intergration des jaugeages en dessous de 7.5 à la CT DR"
1196810,497,"09/27/23 13:00:00","02/10/24 20:00:00",200,450,"H2023-24",6,"17/10/2023: Création nouvelle CT suite aménagement de la section au droit de l'échelle (Destruction cloisons canaux + pose IPN restreignant section)","T","05/07/25 09:30:00","05/07/25 09:39:00","10/26/23 00:00:00",,,"H2023-24",0,"26/10/2023 Passage en CT Tronçon
 + prise en compte jaugeage du 25/10/2023 DR
15/11/2023 Modification haut de courbe pour mise en cohérence avec maringues suite à crue du 5/11/2023 en attendant jaugeages de controle
29/02/2024: fermeture de la CT suite à detarage consécutif à l'accumulation de matériaux (vases, brindilles, graviers...) à l'amont des IPN installés en octobre 2023.
"
1196811,497,"02/10/24 20:00:00","06/27/24 22:30:00",200,1550,"H2024-24",5,"29/02/2024: Création nouvelle CT suite à détarage consécutif à l'accumulation de matériaux à l'amont de l'aménagement de la section au droit de l'échelle 
(Destruction cloisons canaux + pose IPN restreignant section)
12/07/2024: clôture de la CT suite à détarage lié au violent pic de crue du 27/06/2024 ayant déposé de gros embâcles au droit de l'échelle, restés en place pendant environ 10 jours.","T","05/07/25 09:30:00","05/07/25 09:40:00","02/29/24 13:30:00",,,"H2024-24",0,
1196812,498,"01/01/19 00:00:00","11/01/21 00:00:00",350,1300,"H2019-21",18,"Modifier par DR le 18/06/2021 (reprise des CT H2019-1 et H2019-3 => H2019-1)
","T","05/07/25 10:00:00","05/07/25 09:52:00","06/27/19 00:00:00",220,2500,"H2019-21",0,
1196813,498,"08/27/11 00:00:00","01/01/19 00:00:00",350,1300,"H2011-19",4,"
","T","05/07/25 10:00:00","05/07/25 09:52:00","08/01/12 14:22:00",,,"H2011-19",0,
1196814,498,"06/28/22 10:00:00","01/01/50 00:00:00",350,1300,"H2022-50",8,"Ajustement bas de courbe
24/07/2023: Ajustement CT.Bas de courbe.","T","05/07/25 10:00:00","05/07/25 09:55:00",,220,2500,"H2022-50",0,
1196815,498,"11/01/21 00:00:00","06/28/22 10:00:00",350,1300,"H2021-22",10,"Ajustement bas de courbe
24/07/2023: Ajustement CT.Bas de courbe.
13/11/2023 : Changement de courbe
","T","11/13/23 15:00:00","11/13/23 15:37:00","06/27/19 00:00:00",220,2500,"H2021-22",0,
1196816,498,"08/02/00 00:00:00","01/18/04 00:00:00",500,1000,"2004",11,,"C","05/07/25 10:00:00","05/07/25 09:47:00",,,,"H2000-04",0,
1196817,498,"01/18/04 00:00:00","01/17/05 00:00:00",500,1000,"EN2004",13,,"C","05/07/25 10:00:00","05/07/25 09:48:00",,,,"H2004-05",0,
1196818,498,"01/17/05 00:00:00","06/05/07 00:00:00",200,2210,"EN2005",17,,"C","05/07/25 10:00:00","05/07/25 09:50:00",,,,"H2005-07",0,
1196819,498,"06/05/07 00:00:00","06/17/10 00:00:00",400,1500,"2007_1EN",4,,"T","05/07/25 10:00:00","05/07/25 09:50:00","01/15/10 10:29:00",,,"H2007-10",0,
1196820,498,"06/17/10 00:00:00","08/27/11 00:00:00",350,1300,"H2010-11",3,,"T","05/07/25 10:00:00","05/07/25 09:51:00","02/25/13 15:55:00",,,"H2010-11",0,
1196821,499,"01/07/18 15:20:00","02/04/19 00:00:00",620,3300,"H2018-1",13,,"T",,"04/16/20 07:39:00","04/07/20 09:50:00",500,3560,"H2018-1",0,"Reprise courbes anciennes : création d'une H2018-1"
1196822,499,"11/05/15 00:00:00","06/01/16 12:00:00",620,3300,"H2015-1",13,,"T","04/07/20 11:00:00","04/08/20 10:01:00","06/16/16 12:05:00",500,3560,"H2015-1",0,"maj : période de validité"
1196823,499,"03/02/14 00:00:00","11/05/15 00:00:00",550,3300,"H2014-1",15,,"T","06/16/16 11:37:00","04/08/20 10:01:00","05/28/14 10:51:00",500,3560,"H2014-1",0,
1196824,499,"05/02/13 00:00:00","03/02/14 00:00:00",550,3200,"H2013-1",13,,"T",,"04/08/20 10:03:00","06/16/15 11:21:00",,,"H2013-1",0,
1196825,499,"11/05/11 00:00:00","05/02/13 00:00:00",530,3000,"H2011-1",12,,"T","04/15/13 16:34:00","04/08/20 10:03:00","04/06/12 11:26:00",,,"H2011-1",0,
1196826,499,"12/24/10 00:00:00","11/05/11 00:00:00",530,3000,"H2010-1",12,,"T","04/15/13 15:15:00","04/08/20 10:05:00","01/20/12 10:38:00",,,"H2010-1",0,
1196827,499,"05/31/08 20:50:00","12/24/10 00:00:00",550,3000,"H2008-1",12,,"T",,"04/08/20 10:06:00","01/18/12 16:03:00",,,"H2008-1",0,
1196828,499,"05/01/04 08:00:00","05/31/08 20:50:00",500,3000,"H2004-1",26,,"C",,"04/08/20 10:07:00","03/07/06 16:08:00",,,"H2004-1",0,
1196829,499,"10/26/02 14:00:00","05/01/04 08:00:00",700,1500,"H2002-1",22,,"C",,"04/08/20 10:09:00",,,,"H2002-1",0,
1196830,499,"04/27/98 06:00:00","10/26/02 14:00:00",-250,2400,"H1998-1",17,,"C",,"04/08/20 10:10:00",,,,,0,
1196831,499,"01/01/97 00:00:00","04/27/98 06:00:00",-250,2400,"H1997-1",14," ","C",,"04/08/20 10:11:00",,,,"H1997-1",0,
1196832,499,"01/01/94 00:00:00","01/01/97 00:00:00",-200,2000,"H1994-1",18,,"C",,"04/08/20 10:12:00","04/07/20 14:00:00",,,,0,
1196833,499,"03/07/17 14:20:00","01/07/18 15:20:00",620,3300,"H2017-1",13,,"T",,"04/08/20 10:26:00","04/07/20 10:10:00",500,3560,"H2017-1",0,"Reprise courbes anciennes : création d'une H2017-1"
1196834,499,"06/01/16 12:00:00","03/07/17 14:20:00",620,3300,"H2016-1",13,,"T",,"04/08/20 10:26:00","04/07/20 10:20:00",500,3560,"H2016-1",0,"Reprise courbes anciennes : création d'une H2016-1"
1196835,499,"07/29/19 01:10:00","10/02/20 12:50:00",600,3300,"H2019-2",13,"maj : modif bas de courbe suite jaugeage à 58.5 cm
maj 28/10 : légère retouche H = 66 cm","T","10/28/20 10:30:00","11/27/20 09:42:00","03/26/20 10:30:00",550,3500,"H2019-2",0,"Courbe suite découpage en 2 courbes pour l'année 2019"
1196836,499,"10/02/20 12:50:00","02/01/21 00:00:00",600,3300,"H2020-1",13,"nouvelle courbe suite détarage octobre 2020
maj : modif courbe H=87cm","T","12/30/20 10:15:00","02/23/21 09:37:00","11/27/20 09:40:00",550,3500,"H2020-1",0,"Courbe suite découpage en 2 courbes pour l'année 2019"
1196837,499,"02/04/19 00:00:00","07/29/19 01:10:00",580,3300,"H2019-1",13,,"T",,"06/04/21 16:01:00","03/26/20 10:40:00",,,"H2019-1",0,"Courbe suite découpage en 2 courbes pour l'année 2019"
1196838,499,"02/01/21 00:00:00","09/20/21 11:00:00",600,3300,"H2021-1",13,"nouvelle courbe suite crue février 2021
maj : reprise courbe h=70/80cm
maj2/3 : reprise courbe h=65cm
","T","08/25/21 16:05:00","11/23/21 09:43:00","02/23/21 09:30:00",550,3500,"H2021-1",0,"Courbe suite découpage en 2 courbes pour l'année 2019"
1196839,499,"09/20/21 11:00:00","12/30/21 13:50:00",600,3300,"H2021-2",15,"nouvelle courbe suite crue septembre 2021

","T",,"04/13/22 14:33:00","11/23/21 09:40:00",550,3500,"H2021-2",0,"Courbe suite découpage en 2 courbes pour l'année 2019"
1196840,499,"12/30/21 13:50:00","01/01/50 00:00:00",580,3300,"H202250",14,"nouvelle courbe suite crue decembre 2021","T",,"09/22/23 15:27:00","05/18/22 00:00:00",,,"H202250",0,
1196841,503,"01/01/00 00:00:00","06/07/07 00:00:00",230,1500,"2000_01",9,"MAJ 04/10/05
extrapolation supérieure ""minimum"" avec coeff < 2
débit 0 à revoir
MAJ 01/07/07 jqu'à 260cm

MAJ 23/01/06 après crue","C","01/23/06 10:35:00","08/10/09 10:25:00",,,,,,
1196842,503,"06/07/07 00:00:00","01/21/09 00:00:00",230,1500,"2009_01",12,"MAJ 04/10/05
extrapolation supérieure ""minimum"" avec coeff < 2
débit 0 à revoir
MAJ 01/07/07 jqu'à 260cm

MAJ 23/01/06 après crue","C",,"10/20/11 10:24:00","08/05/09 10:07:00",,,,,
1196843,503,"01/21/09 00:00:00","08/31/11 00:00:00",260,1030,"2009_2",4,"modifier depuis la crue du 31/08/2011","T",,"11/05/13 11:41:00","10/20/11 00:00:00",60,2950,,,
1196844,503,"08/31/11 00:00:00","11/28/14 18:30:00",170,1500,"H2011-1",5,"modification suite à la crue du 31/08/2011 
","T","04/18/17 08:00:00","04/18/17 09:58:00","04/26/12 00:00:00",85,2950,"H2011-1",0,
1196914,512,"10/30/04 00:50:00","11/01/05 00:40:00",110,1400,"H2004-1",12,,"T",,"12/27/21 09:55:00","04/28/20 11:00:00",,,"H2004-1",0,
1196915,512,"12/02/03 13:30:00","10/30/04 00:50:00",110,1400,"H2003-1",13,,"T",,"12/27/21 09:57:00","04/28/20 11:00:00",,,"H2003-1",0,
1196916,512,"11/25/02 02:00:00","12/02/03 13:30:00",110,1400,"H2002-1",10,,"T","04/28/20 15:45:00","12/27/21 09:57:00","01/23/07 10:56:00",,,"H2002-1",0,
1196917,512,"11/30/01 10:00:00","11/25/02 02:00:00",110,1400,"H2001-2",10,,"T",,"12/27/21 09:58:00","04/28/20 11:00:00",,,"H2001-2",0,
1196918,512,"06/09/01 17:00:00","11/30/01 10:00:00",110,1400,"H2001-1",11,,"T",,"12/27/21 09:58:00","04/28/20 11:00:00",,,"H2001-1",0,
1196919,512,"03/01/00 11:00:00","06/09/01 17:00:00",110,1400,"H2000-1",13,,"T",,"12/27/21 09:59:00","04/28/20 11:00:00",,,"H2000-1",0,
1196920,512,"09/26/99 01:00:00","03/01/00 11:00:00",110,1400,"H1999-2",11,,"T",,"12/27/21 09:59:00","04/28/20 11:00:00",,,"H1999-2",0,
1196921,512,"02/21/99 05:00:00","09/26/99 01:00:00",110,1400,"H1999-1",11,,"T",,"12/27/21 10:00:00","04/28/20 11:00:00",,,"H1999-1",0,
1196922,512,"01/02/98 19:00:00","02/21/99 05:00:00",110,1400,"H1998-1",12,,"T",,"12/27/21 10:02:00","04/28/20 11:00:00",,,"H1998-1",0,
1196923,512,"03/07/97 00:00:00","01/02/98 19:00:00",110,1400,"H1997-1",11,,"T",,"12/27/21 10:02:00","04/28/20 11:00:00",,,"H1997-1",0,
1196924,512,"08/29/96 00:00:00","03/07/97 00:00:00",110,1400,"H1996-2",9,,"T",,"12/27/21 10:03:00","04/28/20 11:00:00",,,"H1996-2",0,
1196925,512,"01/03/96 02:00:00","08/29/96 00:00:00",110,1400,"H1996-1",9,,"T",,"12/27/21 10:03:00","04/28/20 11:00:00",,,"H1996-1",0,
1196926,512,"02/25/95 10:00:00","01/03/96 02:00:00",110,1400,"H1995-1",9,,"T",,"12/27/21 10:04:00","04/28/20 11:00:00",,,"H1995-1",0,
1196927,512,"09/17/94 00:00:00","02/25/95 10:00:00",110,1400,"H1994-2",9,,"T",,"12/27/21 10:04:00","04/28/20 11:00:00",,,"H1994-2",0,
1196928,512,"02/24/94 16:00:00","09/17/94 00:00:00",110,1400,"H1994-1",10,,"T",,"12/27/21 10:05:00","04/28/20 11:00:00",,,"H1994-1",0,
1196929,512,"12/01/93 00:00:00","02/24/94 16:00:00",110,1400,"H1993-1",9,,"T",,"12/27/21 10:07:00","04/28/20 11:00:00",,,"H1993-1",0,
1196930,512,"12/15/20 23:48:00","12/29/21 01:59:00",80,2080,"H2020-21",9,,"T","12/26/22 15:52:00","12/26/22 15:53:00","04/01/21 08:35:00",80,2080,"H2020-21",0,
1196931,512,"06/22/20 19:15:00","12/15/20 23:48:00",80,2080,"H2020-20",8,"
","T","12/26/22 15:48:00","12/26/22 15:53:00","07/06/20 09:40:00",80,2080,"H2020-20",0,
1196932,512,"12/29/21 01:59:00","03/09/24 23:00:00",110,2080,"H2021-2024",13,"24/07/2023: Ajustement CT, bas de courbe.
24/08/2023: ajustement CT bas de courbe suite à jaugeage à 10.5cm
09/03/2024: Détarage suite à vilente crue","T",,"01/28/25 11:02:00",,,,"H2021-2024",0,
1196933,513,"11/25/02 04:00:00","09/09/03 15:00:00",180,1930,"H2002-3",14,,"T","04/20/20 14:50:00","04/20/20 12:56:00","01/22/07 14:24:00",,,"H2002-3",0,
1196934,513,"10/30/17 11:00:00","01/01/19 00:00:00",150,2470,"H2017-2",13,"intégration de l'extrapolation haute de 194 à 247.
modification du bas de courbe le 23/05/2019","T","04/20/20 14:50:00","04/20/20 13:05:00","04/16/19 10:00:00",150,2470,"H2017-2",0,"maj :reprise toutes courbes anciennes (prise en compte extrap)"
1196935,513,"03/02/15 15:20:00","02/03/17 05:50:00",160,1930,"H2015-1",16,,"T","04/20/20 14:50:00","04/20/20 12:53:00","12/07/06 15:37:00",,,"H2015-1",0,
1196936,513,"06/28/06 00:00:00","03/02/15 15:20:00",160,1930,"H2006-2",13,,"T","04/20/20 14:50:00","04/20/20 12:53:00","12/07/06 15:37:00",,,"H2006-2",0,
1196937,513,"01/18/06 22:30:00","06/28/06 00:00:00",180,1930,"H2006-1",18,,"T","04/20/20 14:50:00","04/20/20 12:53:00","12/07/06 14:50:00",,,"H2006-1",0,
1196938,513,"07/19/05 13:00:00","01/18/06 22:30:00",270,1930,"H2005-1",11,,"T","04/20/20 14:50:00","04/20/20 12:54:00","09/15/05 15:40:00",,,"H2005-1",0,
1196939,513,"07/07/04 14:00:00","10/30/04 01:00:00",150,1930,"H2004-1",11,,"T","04/20/20 14:50:00","04/20/20 12:55:00","09/03/04 11:13:00",,,"H2004-1",0,
1196940,513,"09/09/03 15:00:00","07/07/04 14:00:00",190,1930,"H2003-1",13,,"T","04/20/20 14:50:00","04/20/20 12:55:00","01/22/07 15:26:00",,,"H2003-1",0,
1196941,513,"08/26/02 11:00:00","11/25/02 04:00:00",250,1930,"H2002-2",14,,"T","04/20/20 14:50:00","04/20/20 12:56:00","01/22/07 11:36:00",,,"H2002-2",0,
1196942,513,"01/16/02 05:00:00","08/26/02 11:00:00",200,1930,"H2002-1",14,,"T","04/20/20 14:50:00","04/20/20 12:57:00","01/22/07 11:05:00",,,"H2002-1",0,
1196943,513,"02/03/17 05:50:00","10/30/17 11:00:00",250,1430,"H2017-1",13,"Essai courbe pour prendre en compte jaugeage été 2017 DR","T","04/20/20 14:50:00","04/20/20 12:52:00","12/07/06 15:37:00",160,1930,"H2017-1",0,
1196944,513,"08/21/01 16:00:00","01/16/02 05:00:00",220,1930,"H2001-1",14,,"T","04/20/20 14:50:00","04/20/20 12:57:00","01/22/07 10:11:00",,,"H2001-1",0,
1196945,513,"12/19/99 01:40:00","08/21/01 16:00:00",200,1930,"H1999-2",10,,"T","04/20/20 14:50:00","04/20/20 12:58:00","01/22/07 09:45:00",,,"H1999-2",0,
1196946,513,"08/07/99 02:00:00","12/19/99 01:40:00",240,1930,"H1999-1",14,,"T","04/20/20 14:50:00","04/20/20 12:58:00","01/22/07 09:24:00",,,"H1999-1",0,
1196947,513,"11/27/98 16:00:00","08/07/99 02:00:00",220,1930,"H1998-3",14,,"T","04/20/20 14:50:00","04/20/20 12:59:00","01/22/07 09:09:00",,,"H1998-3",0,
1196948,513,"07/03/98 08:00:00","11/27/98 16:00:00",250,1930,"H1998-2",11,,"T","04/20/20 14:50:00","04/20/20 12:59:00","01/19/07 18:22:00",,,"H1998-2",0,
1196949,513,"01/19/98 08:30:00","07/03/98 08:00:00",200,1930,"H1998-1",12,,"T","04/20/20 14:50:00","04/20/20 13:00:00","01/19/07 17:41:00",,,"H1998-1",0,
1196950,513,"10/19/97 00:00:00","01/19/98 08:30:00",240,1930,"H1997-2",13,,"T","04/20/20 14:50:00","04/20/20 13:00:00","01/19/07 17:22:00",,,"H1997-2",0,
1196951,513,"07/10/97 22:00:00","10/19/97 00:00:00",220,1930,"H1997-1",12,,"T","04/20/20 14:50:00","04/20/20 13:00:00","01/19/07 17:00:00",,,"H1997-1",0,
1196952,513,"11/13/96 05:00:00","07/10/97 22:00:00",200,1930,"H1996-3",13,,"T","04/20/20 14:50:00","04/20/20 13:01:00","01/19/07 15:51:00",,,"H1996-3",0,
1196953,513,"08/11/96 01:00:00","11/13/96 05:00:00",240,1930,"H1996-2",13,,"T","04/20/20 14:50:00","04/20/20 13:01:00","01/19/07 10:39:00",,,"H1996-2",0,
1196954,513,"01/03/96 03:00:00","08/11/96 01:00:00",250,1930,"H1996-1",12,,"T","04/20/20 14:50:00","04/20/20 13:02:00","01/18/07 14:29:00",,,"H1996-1",0,
1196955,513,"09/18/95 16:30:00","01/03/96 03:00:00",250,1930,"H1995-2",14,,"T","04/20/20 14:50:00","04/20/20 13:02:00","01/19/07 12:28:00",,,"H1995-2",0,
1196956,513,"07/03/95 02:00:00","09/18/95 16:30:00",200,1930,"H1995-1",13,,"T","04/20/20 14:50:00","04/20/20 13:02:00","01/19/07 11:40:00",,,"H1995-1",0,
1196957,513,"10/20/94 23:35:00","07/03/95 02:00:00",250,1930,"H1994-2",14,,"T","04/20/20 14:50:00","04/20/20 13:03:00","01/18/07 12:10:00",,,"H1994-2",0,
1196958,513,"09/14/94 09:45:00","10/20/94 23:35:00",210,1930,"H1994-1",12,,"T","04/20/20 14:50:00","04/20/20 13:03:00","01/18/07 12:00:00",,,"H1994-1",0,
1196959,513,"11/27/93 00:00:00","09/14/94 09:45:00",210,1930,"H1993-1",12,,"T","04/20/20 14:50:00","04/20/20 13:04:00","01/18/07 12:00:00",,,"H1993-1",0,
1196960,513,"01/01/00 00:00:00","01/01/01 00:00:00",600,2476,"H2018-ext",28,"Courbe de tarage extrapolée par modélisation hdyraulique - calée sur jaugeages 1992-2018 supérieurs à 60 cm - JN AUDOUY Juillet 2018","C",,"06/11/20 10:01:00",,,,,0,
1196961,513,"09/01/21 00:00:00","05/03/25 19:30:00",200,1500,"H2021-25",8,"22/11/2022 creation OP/DR
02/06/2025: Cloture CT suite à détarage lié aux pic de crue du 03/05/2025 19:30
","T","06/02/25 09:00:00","06/02/25 09:03:00","11/22/22 10:10:00",150,2470,"H2021-25",0,
1196962,513,"01/01/19 00:00:00","08/23/19 05:10:00",150,2470,"H2019-1",14,"intégration de l'extrapolation haute
modification du bas de courbe le 23/05/2019
maj 2021 : modif fin de période pour validation année","T","12/14/21 14:50:00","12/14/21 14:48:00","04/16/19 10:00:00",150,2470,"H2019-1",0,
1196963,513,"08/23/19 05:10:00","06/12/20 16:50:00",150,2470,"H2019-2",14,"nouvelle courbe suite détarage été 2019
maj :légère modif jaugeage 120 cm","T","12/14/21 14:50:00","12/14/21 14:49:00","05/29/20 15:10:00",150,2470,"H2019-2",0,
1196964,513,"05/03/25 19:30:00","01/01/50 00:00:00",300,1500,"H2025-50",6,"02/06/2025: Création CT suite à détarage lié aux pics de crue du 03/05/2025 19:30","T","06/02/25 09:00:00","06/02/25 09:11:00","11/22/22 10:10:00",150,2470,"H2025-50",0,
1196965,513,"06/12/20 16:50:00","09/01/21 00:00:00",150,2470,"H2020-1",12,"nouvelle courbe suite crue 12/06/20
maj : modif bas de courbe","T","11/22/22 11:31:00","11/22/22 11:31:00","07/06/20 10:10:00",150,2470,"H2020-1",0,
1196966,514,"08/18/22 13:50:00","07/25/24 13:20:00",620,4000,"H2022-24",9,"maj : etiage 2022 (crue du 18/08/2022
28/10/2022: ajustement bas de courbe en dessous 110 cm
11/04/2025: Clôture CT suite à la pose d'une nouvelle échelle 50cm en amont de la précédente le 25/07/2024
","T","04/10/25 10:00:00","04/11/25 11:44:00","07/29/21 15:10:00",500,4500,"H2022-24",0,
1196967,514,"07/25/24 13:20:00","01/01/50 00:00:00",620,4000,"H2024-50",8,"11/04/2025: Création nouvelle CT correspondant à la pose d'une nouvelle échelle 50 cm en amont de la précédente.
","T","04/11/25 10:00:00","04/11/25 11:44:00","04/11/25 10:00:00",500,4500,"H2024-50",0,
1196968,514,"04/26/19 06:10:00","06/13/20 05:50:00",300,4500,"H2019-1",22,"redécoupage courbes 2018>2020","T",,"05/12/21 10:29:00","05/12/21 10:00:00",300,4500,"H2019-1",0,
1196969,514,"01/26/18 15:15:00","04/26/19 06:10:00",300,4500,"H2018-1",23,"Reprise CT < 180cm
maj : reprise courbe entre 260 et 360 cm
                                         h=150cm
redécoupage courbes 2018>2020","T","05/12/21 10:00:00","05/12/21 10:34:00","09/21/19 11:00:00",300,4500,"H2018-1",0,
1196970,514,"06/13/20 05:50:00","07/15/21 00:00:00",300,4500,"H2020-1",23,"redécoupage courbes 2018>2020","T",,"07/29/21 15:08:00","05/12/21 10:00:00",300,4500,"H2020-1",0,
1196971,514,"08/06/17 08:40:00","01/26/18 15:15:00",300,4500,"H2017-1",28,"Integration extrapolation de la CT réalisé par JN AUDOUY  à partir d'1m + reprise du bas de courbe
Repris bas de courbe H<140cm le 23/05/2019
maj dec 2021 : reprise haut de courbe avec jaugeage du 13/06/2020 sur H2017-1 et anterieures","T","12/15/21 15:20:00","12/15/21 15:20:00","04/15/19 14:17:00",300,4500,"H2017-1",0,
1196972,514,"07/22/14 10:00:00","08/06/17 08:40:00",450,4000,"H2014-1",32,,"C","04/23/20 14:30:00","12/15/21 15:22:00",,450,4000,"H2014-1",0,"prise en compte extrap haute"
1196973,514,"09/02/11 05:30:00","07/22/14 10:00:00",450,4000,"H2011-1",29,,"C","04/23/20 14:30:00","12/15/21 15:23:00",,450,4000,"H2011-1",0,"prise en compte extrap haute"
1196974,514,"08/25/09 01:30:00","09/02/11 05:30:00",450,4000,"H2009-1",24,,"C","04/23/20 14:30:00","12/15/21 15:24:00",,450,4000,"H2009-1",0,"prise en compte extrap haute"
1196975,514,"11/02/08 14:00:00","08/25/09 01:30:00",450,4000,"H2008-1",25,"détarage suite à la crue du 02/11/2008","C","04/23/20 14:30:00","12/15/21 15:25:00","02/03/11 11:00:00",450,4000,"H2008-1",0,"prise en compte extrap haute"
1196976,514,"04/10/06 14:00:00","11/02/08 14:00:00",450,4000,"H2006-1",29,,"C","04/23/20 14:30:00","12/15/21 15:26:00",,450,4000,"H2006-1",0,"prise en compte extrap haute"
1196977,514,"04/17/05 04:50:00","04/10/06 14:00:00",450,4000,"H2005-1",27,,"C","04/23/20 14:30:00","12/15/21 15:27:00",,450,4000,"H2005-1",0,"prise en compte extrap haute"
1196978,514,"12/02/03 20:30:00","04/17/05 04:50:00",450,4000,"H2003-1",27,,"C","04/23/20 14:30:00","12/15/21 15:28:00",,450,4000,"H2003-1",0,"prise en compte extrap haute"
1196979,514,"11/25/02 12:00:00","12/02/03 20:30:00",450,4000,"H2002-3",29,,"C","04/23/20 14:30:00","12/15/21 15:30:00",,450,4000,"H2002-3",0,"prise en compte extrap haute"
1196980,514,"08/26/02 14:40:00","11/25/02 12:00:00",450,4000,"H2002-2",21,,"C","04/23/20 14:30:00","12/15/21 15:31:00",,450,4000,"H2002-2",0,"prise en compte extrap haute"
1196981,514,"05/23/02 14:30:00","08/26/02 14:40:00",450,4000,"H2002-1",28,,"C","04/23/20 14:30:00","12/15/21 15:32:00",,450,4000,"H2002-1",0,"prise en compte extrap haute"
1196982,514,"03/13/01 05:40:00","05/23/02 14:30:00",450,4000,"H2001-1",19,,"C","04/23/20 14:30:00","12/15/21 15:33:00",,450,4000,"H2001-1",0,"prise en compte extrap haute"
1196983,514,"07/03/98 04:50:00","03/13/01 05:40:00",450,4000,"H1998-2",24,,"C","04/23/20 14:30:00","12/15/21 15:34:00",,450,4000,"H1998-2",0,"prise en compte extrap haute"
1196984,514,"01/19/98 19:45:00","07/03/98 04:50:00",450,4000,"H1998-1",21,,"C","04/23/20 14:30:00","12/15/21 15:35:00",,450,4000,"H1998-1",0,"prise en compte extrap haute"
1196985,514,"08/28/97 21:20:00","01/19/98 19:45:00",450,4000,"H1997-2",23,,"C","04/23/20 14:30:00","12/15/21 15:36:00",,450,4000,"H1997-2",0,"prise en compte extrap haute"
1196986,514,"07/12/97 08:45:00","08/28/97 21:20:00",450,4000,"H1997-1",28,,"C","04/23/20 14:30:00","12/15/21 15:37:00",,450,4000,"H1997-1",0,"prise en compte extrap haute"
1196987,514,"12/01/96 02:05:00","07/12/97 08:45:00",450,4000,"H1996-4",25,,"C","04/23/20 14:30:00","12/15/21 15:38:00",,450,4000,"H1996-4",0,"prise en compte extrap haute"
1196988,514,"10/02/96 09:00:00","12/01/96 02:05:00",450,4000,"H1996-3",21,,"C","04/23/20 14:30:00","12/15/21 15:39:00",,450,4000,"H1996-3",0,"prise en compte extrap haute"
1196989,514,"07/08/96 12:20:00","10/02/96 09:00:00",450,4000,"H1996-2",19,,"C","04/23/20 14:30:00","12/15/21 15:40:00",,450,4000,"H1996-2",0,"prise en compte extrap haute"
1196990,514,"05/19/96 15:00:00","07/08/96 12:20:00",450,4000,"H1996-1",25,,"C","04/23/20 14:30:00","12/15/21 15:41:00",,450,4000,"H1996-1",0,"prise en compte extrap haute"
1196991,514,"09/11/95 00:00:00","05/19/96 15:00:00",450,4000,"H1995-1",25,,"C","04/23/20 14:30:00","12/15/21 15:42:00",,450,4000,"H1995-1",0,"prise en compte extrap haute"
1196992,514,"07/15/21 00:00:00","08/18/22 13:50:00",650,4500,"H2021-1",21,"nouvelle courbe suite détarage juillet 2021
maj : reprise bas de courbe étiage","T","09/03/21 09:50:00","09/01/22 17:55:00","07/29/21 15:10:00",,,"H2021-1",0,
1196993,515,"01/01/00 00:00:00","01/01/01 00:00:00",0,4000,"extra",29,"CT modele mascaret permanent recolle a CT actuelle pour moyenne et basses eaux","C",,"06/11/20 10:02:00",,,,,0,
1196994,515,"05/20/12 18:00:00","04/29/13 15:00:00",0,5950,"H2012-1",19,"modification du bas de la courbe 

","T","04/23/20 09:50:00","04/23/20 07:56:00","05/15/13 09:00:00",,,"H2012-1",0,"prise en compte extrap haute"
1196995,515,"01/01/16 00:00:00","05/15/18 15:50:00",0,5950,"H2016-1",21,"Modification bas CT DR","T","04/22/20 15:40:00","04/23/20 07:53:00","07/31/13 09:30:00",,,"H2016-1",0,"prise en compte extrapolation haut de courbe"
1196996,515,"04/29/13 15:00:00","01/01/16 00:00:00",0,5950,"H2013-1",20,"suite de la  crue de mai 2013 pour le bas de la courbe","T","04/22/20 15:40:00","04/23/20 07:54:00","07/31/13 09:30:00",,,"H2013-1",0,"prise en compte courbe extrap haute"
1196997,515,"09/02/11 00:00:00","05/20/12 18:00:00",0,4500,"H2011-1",10,"modification du bas de la courbe aprés la crue du 25/05/2012","T","04/23/20 09:50:00","04/23/20 07:59:00","06/04/12 15:20:00",,,"H2011-1",0,"prise en compte extrap haute"
1196998,515,"11/15/10 17:30:00","09/02/11 00:00:00",0,4500,"H2010-1",18,"modification du bas de la courbe aprés la crue du 25/05/2012","T","04/23/20 09:50:00","04/23/20 08:01:00","06/04/12 15:20:00",,,"H2010-1",0,"prise en compte extrap haute"
1196999,515,"08/25/09 07:50:00","11/15/10 17:30:00",0,4500,"H2009-1",12,"modification du bas de la courbe aprés la crue du 25/05/2012","T","04/23/20 09:50:00","04/23/20 08:03:00","06/04/12 15:20:00",,,"H2009-1",0,"prise en compte extra haute"
1197000,515,"11/03/08 11:15:00","08/25/09 07:50:00",0,4500,"H2008-1",13,"modification du bas de la courbe aprés la crue du 25/05/2012","T","04/23/20 09:50:00","04/23/20 08:04:00","06/04/12 15:20:00",,,"H2008-1",0,"prise en compte extrap haute"
1197001,515,"11/01/05 09:00:00","11/03/08 11:15:00",0,4500,"H2005-2",13,"bas de courbe","T","04/23/20 09:50:00","04/23/20 08:07:00","06/19/06 15:07:00",,,"H2005-2",0,"prise en compte extrap haute"
1197002,515,"01/23/05 20:10:00","11/01/05 09:00:00",-100,5700,"H2005-1",12,,"T","04/23/20 09:50:00","04/23/20 08:08:00","08/19/05 10:32:00",,,"H2005-1",0,"prise en compte extrap haute"
1197003,515,"12/02/03 22:00:00","01/23/05 20:10:00",40,5700,"H2003-1",16,,"T","04/23/20 09:50:00","04/23/20 08:10:00","02/18/05 11:52:00",,,"H2003-1",0,"prise en compte extrap haute"
1197004,515,"11/25/02 08:00:00","12/02/03 22:00:00",0,4000,"H2002-1",21,,"T","04/23/20 09:50:00","04/23/20 08:12:00","02/19/07 18:10:00",,,"H2002-1",0,"prise en compte extrap haute"
1197005,515,"05/05/01 15:10:00","11/25/02 08:00:00",130,4000,"H2001-1",19,,"T","04/23/20 09:50:00","04/23/20 08:13:00","02/09/07 17:46:00",,,"H2001-1",0,"prise en compte extrap haute"
1197006,515,"02/21/99 06:55:00","05/05/01 15:10:00",0,4000,"H1999-1",24,,"T","04/23/20 09:50:00","04/23/20 08:22:00","02/09/07 17:20:00",,,"H1999-1",0,"prise en compte extrap haute"
1197007,515,"04/27/98 16:00:00","02/21/99 06:55:00",240,4000,"H1998-1",24,,"T","04/23/20 09:50:00","04/23/20 08:30:00","02/09/07 16:39:00",,,"H1998-1",0,"prise en compte extrap haute"
1197008,515,"05/13/97 07:40:00","04/27/98 16:00:00",150,4000,"H1997-1",27,,"T","04/23/20 09:50:00","04/23/20 08:37:00","02/09/07 16:08:00",,,"H1997-1",0,"prise en compte extrap haute"
1197009,515,"12/01/96 01:45:00","05/13/97 07:40:00",240,4000,"H1996-1",19,,"T","04/23/20 09:50:00","04/23/20 08:42:00","02/09/07 12:21:00",,,"H1996-1",0,"prise en compte extrap haute"
1197010,515,"06/01/95 08:30:00","12/01/96 01:45:00",250,4000,"H1995-2",24,,"T","04/23/20 09:50:00","04/23/20 08:48:00","02/09/07 11:46:00",,,"H1995-2",0,"prise en compte extrap haute"
1197011,515,"02/26/95 14:15:00","06/01/95 08:30:00",200,4000,"H1995-1",21,,"T","04/23/20 09:50:00","04/23/20 08:55:00","02/09/07 09:29:00",,,,0,"prise en compte extrap haute"
1197012,515,"11/27/93 00:00:00","02/26/95 14:15:00",200,4000,"H1993-1",15,,"T","04/23/20 09:50:00","04/23/20 09:01:00","02/09/07 08:36:00",,,"H1993-1",0,"prise en compte extrap haute"
1197013,515,"05/15/18 15:50:00","06/12/20 14:15:00",0,5950,"H2018-1",12,"Crée suite à détarage bas de courbe etiage 2018
maj : ajout et suppression de jaugeages associés, modif suite fermeture courbe
maj : modif fin période validation année","T","12/14/21 17:30:00","12/14/21 17:30:00","06/29/18 09:30:00",,,"H2018-1",0,"maj : reprise courbe pour meilleurs alignements avec les jaugeages dont les associés entre 125 et 310 cm
et prise en compte extrap haut de courbe"
1197014,515,"06/12/20 14:15:00","02/02/21 09:00:00",0,5950,"H2020-1",14,"nouvelle courbe suite crue juin 2020 
maj : reprise courbe h=75 cm
maj2 : reprise h=25cm et 50 cm","T","12/14/21 17:30:00","12/14/21 17:30:00","09/02/20 10:45:00",,,"H2020-1",0,"maj : reprise courbe pour meilleurs alignements avec les jaugeages dont les associés entre 125 et 310 cm
et prise en compte extrap haut de courbe"
1197015,515,"01/01/23 00:00:00","10/07/24 13:40:00",-140,5950,"H2023-2050",14,"13/03/2023 Nouvelle CT suite à crue","T","10/23/23 10:09:00","03/14/25 14:50:00","10/23/23 10:00:00",,,"H2023-2050",0,
1197016,515,"10/07/24 13:40:00","01/01/50 00:00:00",-140,5950,"H2025-2050",12,,"T","03/14/25 14:52:00","03/14/25 15:14:00","02/14/25 14:50:00",,,"H2025-2050",0,"Modification de la courbe suite à la crue du 09/10/2024"
1197017,515,"02/02/21 09:00:00","03/01/23 05:00:00",-110,5950,"H2021-2023",14,"22/06/2022 Ajustement bas de CT DR
04/08/2022 modif bas de courbe suite au jaugeage de juillet 
ajustement CT suite au jaugeage du 10/08/2022 : CP","T","10/20/23 16:07:00","10/23/23 10:21:00","08/24/21 14:45:00",,,"H2021-2023",0,"maj : reprise courbe pour meilleurs alignements avec les jaugeages dont les associés entre 125 et 310 cm
et prise en compte extrap haut de courbe
mise à jour du bas de courbe faisant suite aux jaugeages du 16/10/23"
1197018,516,"11/02/08 07:20:00","12/30/11 09:06:00",50,2050,"H2008-1",15,"03/03/2016 Prise en compte extrapolation CT LR Blois 2013 à partir de 90cm


","T","03/03/16 11:09:00","03/11/16 11:24:00","06/06/12 14:30:00",50,2700,"H2008-1",,
1197019,516,"01/11/95 16:00:00","04/27/95 05:00:00",100,2050,"H1995-1",14,"03/03/2016 Prise en compte extrapolation CT LR Blois 2013 à partir de 90cm
","T","03/03/16 12:30:00","03/11/16 11:34:00","02/02/07 09:45:00",100,2700,"H1995-1",,
1197020,516,"11/19/94 03:55:00","01/11/95 16:00:00",20,2050,"H1994-2",15,"03/03/2016 Prise en compte extrapolation CT LR Blois 2013 à partir de 90cm
","T","03/03/16 16:06:00","03/11/16 11:38:00","02/02/07 09:17:00",20,2700,"H1994-2",,
1197021,516,"09/14/94 01:20:00","11/19/94 03:55:00",40,2050,"H1994-1",14,"03/03/2016 Prise en compte extrapolation CT LR Blois 2013 à partie de 90cm

","T","03/03/16 12:35:00","03/11/16 11:38:00","02/02/07 09:10:00",40,2700,"H1994-1",,
1197022,516,"12/02/03 12:00:00","04/17/05 02:00:00",20,2050,"H2003-2",14,"03/03/2016 Prise en compte extrapolation CT LR Blois 2013 à partir de 90cm
","T","03/03/16 11:31:00","03/11/16 11:26:00","07/28/05 14:39:00",20,2700,"H2003-2",,
1197023,516,"02/04/03 01:00:00","12/02/03 12:00:00",30,2050,"H2003-1",15,"03/03/2016 Prise en compte extrapolation CT LR Blois 2013 à partir de 90cm","T","03/03/16 11:28:00","03/11/16 11:27:00","02/08/07 18:34:00",30,2700,"H2003-1",,
1197024,516,"08/29/01 15:00:00","02/04/03 01:00:00",70,2050,"H2001-1",13,"03/03/2016 Prise en compte extrapolation CT LR Blois 2013 à partir de 90cm
","T","03/03/16 11:37:00","03/11/16 11:28:00","02/08/07 17:36:00",60,2700,"H2001-1",,
1197025,516,"08/12/00 20:00:00","08/29/01 15:00:00",60,2050,"H2000-1",15,"03/03/2016 Prise en compte extrapolation CT LR Blois 2013 à partir de 90cm

","T","03/03/16 11:42:00","03/11/16 11:29:00","02/08/07 16:34:00",60,2700,"H2000-1",,
1197026,516,"10/03/99 12:00:00","11/18/99 18:00:00",60,2050,"H1999-2",14,"03/03/2016 Prise en compte extrapolation CT LR Blois 2013 à partir de 90cm","T","03/03/16 11:49:00","03/11/16 11:30:00","02/08/07 15:11:00",60,2700,"H1999-2",,
1197027,516,"02/20/99 18:00:00","10/03/99 12:00:00",40,2050,"H1999-1",16,"03/03/2016 Prise en compte extrapolation CT LR Blois 2013 à partir de 90cm

","T","03/03/16 11:52:00","03/11/16 11:30:00","02/08/07 14:47:00",40,2700,"H1999-1",,
1197028,516,"03/12/98 06:00:00","02/20/99 18:00:00",40,2050,"H1998-1",16,"03/03/2016 Prise en compte extrapolation CT LR Blois 2013
","T","03/03/16 11:59:00","03/11/16 11:30:00","02/08/07 11:51:00",40,2700,"H1998-1",,
1197029,516,"12/19/97 15:00:00","03/12/98 06:00:00",40,2050,"H1997-3",13,"03/03/2016 Prise en compte extrapolation CT LR Blois 2013 à partir de 90cm
","T","03/03/16 12:22:00","03/11/16 11:31:00","02/05/07 19:23:00",40,2700,"H1997-3",,
1197030,516,"05/12/97 18:00:00","12/19/97 15:00:00",0,2050,"H1997-2",16,"03/03/2016 Prise en compte extrapolation CT LR Blois 2013 à partir de 90cm
","T","03/03/16 12:22:00","03/11/16 11:31:00","02/05/07 17:42:00",0,2700,"H1997-2",,
1197031,516,"04/02/97 12:00:00","05/12/97 18:00:00",0,2050,"H1997-1",14,"03/03/2016 Prise en compte extrapolation CT LR Blois 2013 à partir de 90cm
","T","03/03/16 12:07:00","03/11/16 11:32:00","02/08/07 09:19:00",0,2700,"H1997-1",,
1197032,516,"12/23/96 18:00:00","04/02/97 12:00:00",0,2050,"H1996-3",15,"03/03/2016 Prise en compte extrapolation CT LR Blois 2013
","T","03/03/16 12:16:00","03/11/16 11:32:00","02/02/07 16:30:00",0,2700,"H1996-3",,
1197033,516,"07/08/96 03:00:00","12/23/96 18:00:00",0,2050,"H1996-2",16,"03/03/2016 Prise en compte extrapolation CT LR Blois 2013 à partir de 90cm
","T","03/03/16 12:21:00","03/11/16 11:33:00","02/02/07 15:50:00",0,2700,"H1996-2",,
1197034,516,"01/02/96 16:00:00","07/08/96 03:00:00",100,2050,"H1996-1",14,"03/03/2016 Prise en compte extrapolation CT LR Blois 2013 à partir de 90cm

","T","03/03/16 12:21:00","03/11/16 11:33:00","02/02/07 14:39:00",50,2700,"H1996-1",,
1197035,516,"11/27/93 00:00:00","09/14/94 01:20:00",40,2050,"H1993-1",15,"03/03/2016 Prise en compte extrapolation CT LR Blois 2013 à partir de 90cm
","T","03/03/16 12:37:00","03/03/16 17:15:00","02/01/07 08:57:00",40,2700,,,
1197036,516,"11/01/05 01:10:00","11/02/08 07:20:00",50,2050,"H2005-2",12,"03/03/2016 Prise en compte extrapolation CT LR Blois 2013 à partir de 90cm","T","03/03/16 11:19:00","03/11/16 11:25:00","03/16/07 16:08:00",50,2700,"H2005-2",,
1197037,516,"04/17/05 02:00:00","11/01/05 01:10:00",20,2050,"H2005-1",13,"03/03/2016 Prise en compte extrapolation CT LR Blois 2013 à partir de 90cm","T","03/03/16 11:21:00","03/11/16 11:25:00","08/19/05 10:23:00",20,2700,"H2005-1",,
1197038,516,"11/18/99 18:00:00","08/12/00 20:00:00",60,2050,"H1999-3",14,"03/03/2016 Prise en compte extrapolation CT LR Blois 2013 à partir de 90cm
","T","03/03/16 11:47:00","03/11/16 11:29:00","02/08/07 15:43:00",50,2700,"H1999-3",,
1197039,516,"10/05/95 14:00:00","01/02/96 16:00:00",90,2050,"H1995-3",16,"03/03/2016 Prise en compte extrapolation CT LR Blois 2013 à partir de 90cm

","T","03/03/16 12:26:00","03/11/16 11:34:00","02/02/07 10:52:00",90,2700,"H1995-3",,
1197040,516,"04/27/95 05:00:00","10/05/95 14:00:00",40,2050,"H1995-2",16,"03/03/2016 Prise en compte extrapolation CT LR Blois 2013 à partir de 90cm
","T","03/03/16 12:28:00","03/11/16 11:34:00","02/02/07 10:35:00",40,2700,"H1995-2",,
1197041,516,"12/30/11 09:06:00","12/04/18 17:10:00",50,2050,"H2011-1",36,"Crée suite à détarage lié à la crue du 30/12/2011
03/03/2016 Prise en compte extrapolation CT LR Blois 2013 à partir de 90 cm","C","03/03/16 12:40:00","10/31/19 10:15:00","05/16/13 00:00:00",50,2700,"H2011-1",0,
1197042,516,"12/04/18 17:10:00","01/15/21 07:30:00",110,360,"H2018-1",7,"Nvelle courbe suite crue du 02/12/2018
maj : reprise bas de courbe
maj 2021 : reprise période de validité","T","04/01/21 09:45:00","04/01/21 09:45:00","09/09/19 15:27:00",,,"H2018-1",0,
1197043,516,"01/01/22 00:00:00","01/01/50 00:00:00",110,1500,"H2022-50",8,"21/11/2022 creation CT OP/DR
23/03/2023: ajustement de 20 à 80cm
05/06/2023: ajustements de 30 à 40 cm
15/09/2023: ajustement ","T","02/20/25 15:00:00","03/31/25 11:58:00","11/22/22 10:00:00",,,"H2022-50",0,
1197044,516,"01/15/21 07:30:00","01/01/22 00:00:00",110,1470,"H2021-1",11,"Nvelle courbe suite crue janvier 2021
maj 1/2 : reprise h= 20/30 cm
MAJ étiage 2022","T","11/22/22 11:34:00","11/22/22 11:34:00","04/01/21 09:50:00",0,2000,"H2021-1",0,
1197045,517,"02/20/99 16:00:00","12/18/99 21:00:00",180,2400,"H1999-99",19,"maj prise en compte extrap","T","10/14/20 11:00:00","05/07/25 12:38:00","01/31/07 17:00:00",,,"H1999-99",0,
1197046,517,"05/03/20 00:00:00","07/14/21 16:15:00",300,2500,"H2020-21",21,"création suite détarage mai 2020
maj : reprise courbe h = 50 cm
","T","06/01/21 11:30:00","05/07/25 12:52:00","04/01/21 08:50:00",,,"H2020-21",0,
1197047,517,"10/07/18 11:20:00","05/03/20 00:00:00",300,800,"H2018-20",41,"maj : suppression H2019-1 redécoupage courbes maj integration extrap","C",,"05/07/25 12:52:00",,,,"H2018-20",0,
1197048,517,"09/04/24 21:10:00","01/01/50 00:00:00",300,1600,"H2024-50",16,"13/09/2024:Création nouvelle CT suite à détarage provoqué par crue violente du 04/09/2024
20/02/2025: La CT est publiée après avoir était une CT de travail depuis 09/2024.","T","02/20/24 14:00:00","06/13/25 06:32:00","09/13/24 16:00:00",200,1900,"H2024-50",0,
1197049,517,"12/29/21 12:00:00","09/04/24 21:10:00",300,1600,"H2022-24",17,"
22/11/2022: création 
05/06/2023: ajustements
20/02/2025: Clôture CT suite à détarage du 04/09/2024.
","T","02/20/25 14:00:00","02/20/25 13:55:00","11/22/22 10:00:00",200,1900,"H2022-24",0,
1197050,517,"11/27/93 00:00:00","06/09/94 10:30:00",250,2400,"H1993-94",19,"maj prise en compte extrap","T","10/14/20 11:10:00","05/07/25 12:35:00","01/30/07 10:37:00",,,"H1993-94",0,
1197051,517,"06/09/94 10:30:00","01/11/95 15:00:00",260,2400,"H1994-95",20,"maj prise en compte extrap","T","10/14/20 11:10:00","05/07/25 12:35:00","01/30/07 11:45:00",,,"H1994-95",0,
1197052,517,"01/11/95 15:00:00","02/06/96 00:00:00",250,2400,"H1995-96",20,"maj prise en compte extrap","T","10/14/20 11:10:00","05/07/25 12:36:00","01/30/07 12:02:00",,,"H1995-96",0,
1197053,517,"02/06/96 00:00:00","11/30/96 12:30:00",230,2400,"H1996-96",20,"maj prise en compte extrap","T","10/14/20 11:05:00","05/07/25 12:36:00","01/30/07 18:07:00",,,"H1996-96",0,
1197054,517,"11/30/96 12:30:00","10/16/97 04:00:00",230,2400,"H1996-97",19,"maj prise en compte extrap","T","10/14/20 11:05:00","05/07/25 12:37:00","01/31/07 14:55:00",,,"H1996-97",0,
1197055,517,"10/16/97 04:00:00","06/12/98 13:00:00",200,2400,"H1997-98",19,"maj prise en compte extrap","T","10/14/20 11:05:00","05/07/25 12:37:00","01/31/07 16:13:00",,,"H1997-98",0,
1197056,517,"06/12/98 13:00:00","02/20/99 16:00:00",220,2400,"H1998-99",19,"maj prise en compte extrap","T","10/14/20 11:00:00","05/07/25 12:38:00","01/31/07 16:32:00",,,"H1998-99",0,
1197057,517,"12/18/99 21:00:00","08/29/01 20:00:00",220,2400,"H1999-01",19,"maj prise en compte extrap","T","10/14/20 10:45:00","05/07/25 12:39:00","01/31/07 17:17:00",,,"H1999-01",0,
1197058,517,"08/29/01 20:00:00","12/02/03 12:00:00",220,2400,"H2001-03",19,"maj  prise en compte extrap","T","10/14/20 10:40:00","05/07/25 12:40:00","01/31/07 18:14:00",,,"H2001-03",0,
1197059,517,"12/02/03 12:00:00","08/17/04 13:40:00",220,2400,"H2003-04",19,"maj prise en compte extrap","T","10/14/20 10:40:00","05/07/25 12:40:00","12/22/03 16:45:00",,,"H2003-04",0,
1197060,517,"08/17/04 13:40:00","10/30/04 00:00:00",250,2400,"H2004-04",19,"maj : prise en compte extrap","T","10/14/20 10:25:00","05/07/25 12:41:00","11/23/04 16:46:00",,,"H2004-04",0,
1197061,517,"10/30/04 00:00:00","11/01/05 00:00:00",250,2400,"H2004-05",18,"maj priseen compte extrap","T","10/14/20 10:25:00","05/07/25 12:41:00","07/29/05 16:06:00",,,"H2004-05",0,
1197062,517,"11/01/05 00:00:00","03/31/06 00:00:00",240,2400,"H2005-06",18,"maj prise en compte extrap","T","10/14/20 10:20:00","05/07/25 12:41:00","03/24/06 10:25:00",,,"H2005-06",0,
1197063,517,"03/31/06 00:00:00","08/18/06 03:00:00",280,2400,"H2006-06-1",19,"maj prise en compte extrap","T","10/14/20 10:20:00","05/07/25 12:43:00","06/19/06 12:08:00",,,"H2006-06-1",0,
1197064,517,"08/18/06 03:00:00","11/17/06 08:20:00",280,2400,"H2006-06-2",19,"maj prise en compte extrap","T","10/14/20 10:15:00","05/07/25 12:43:00","04/02/07 16:36:00",,,"H2006-06-2",0,
1197065,517,"11/17/06 08:20:00","05/21/12 00:30:00",250,2400,"H2006-12",32,"maj prise en compte extrap","C","10/14/20 10:10:00","05/07/25 12:44:00",,,,"H2006-12",0,
1197066,517,"05/21/12 00:30:00","06/12/14 17:40:00",400,1300,"H2012-14",37,"redécoupage fin de période courbe
maj prise en compte extrap","C","10/14/20 10:10:00","05/07/25 12:45:00","02/12/20 10:30:00",,,"H2012-14",0,
1197067,517,"06/12/14 17:40:00","06/12/16 19:30:00",300,800,"H2014-16",45,"redécoupage courbes et changement nom H2015 en H2014
maj :prise en compte extrap","C","10/14/20 10:10:00","05/07/25 12:45:00","02/18/20 10:30:00",,,"H2014-16",0,
1197068,517,"06/12/16 19:30:00","05/07/17 11:00:00",300,800,"H2016-17",44,"redécoupage courbes
maj : prise en compte extrap","C","10/14/20 10:00:00","05/07/25 12:51:00","07/02/20 14:30:00",,,"H2016-17",0,
1197069,517,"05/07/17 11:00:00","10/07/18 11:20:00",300,800,"H2017-18",47,"redécoupage courbes
maj : prise en compte extrap","C","10/14/20 09:40:00","05/07/25 12:51:00","07/02/20 14:30:00",,,"H2017-18",0,
1197070,517,"07/14/21 16:15:00","12/29/21 12:00:00",300,800,"H2021-21",34,"nouvelle courbe suite détarage juillet 2021
maj 1/2/3 : reprise courbe h=40/50cm","C",,"05/07/25 13:00:00",,,,"H2021-21",0,
1197071,522,"01/01/00 00:00:00","01/01/01 00:00:00",2120,3080,"CTextrapol",14,"Extrapolation de la CT par le CEREMA de Blois (Février 2014)

","C",,"01/25/16 15:40:00","01/26/16 15:32:00",,,,,
1197072,522,"11/27/93 00:00:00","02/26/95 00:00:00",350,2500,"H1993-1",18,"Extrapolation pour H>200 cm environ par le Cerema - Labo de Blois en Février 2014. JNA

","T","02/03/16 15:28:00","12/14/18 11:08:00","03/27/07 11:17:00",,,"H1993-1",0,
1197073,522,"02/26/95 00:00:00","08/08/95 00:00:00",480,2600,"H1995-1",18,"Extrapolation pour H>200 cm environ par le Cerema - Labo de Blois en Février 2014. JNA

","T","02/03/16 15:27:00","12/14/18 11:09:00",,,,"H1995-1",0,
1197074,522,"11/29/14 00:00:00","01/04/18 00:00:00",390,2300,"H2014-1",8,"Extrapolation pour H>200 cm environ par le Cerema - Labo de Blois en Février 2014. JNA
","T","12/14/18 15:58:00","12/14/18 15:58:00","11/05/18 11:36:00",,,"H2014-1",0,
1197075,522,"03/28/96 00:00:00","08/22/96 00:00:00",480,1850,"H1996-1",18,"Extrapolation pour H>200 cm environ par le Cerema - Labo de Blois en Février 2014. JNA
","T","02/03/16 15:23:00","12/14/18 11:10:00",,,,"H1996-1",0,
1197076,522,"08/22/96 00:00:00","03/09/98 00:00:00",470,1850,"H1996-2",20,"Extrapolation pour H>200 cm environ par le Cerema - Labo de Blois en Février 2014. JNA

","T","02/03/16 15:20:00","12/14/18 11:08:00",,,,"H1996-2",0,
1197077,522,"08/08/95 00:00:00","03/28/96 00:00:00",480,1850,"H1995-2",18,"Extrapolation pour H>200 cm environ par le Cerema - Labo de Blois en Février 2014. JNA
","T","02/03/16 15:25:00","12/14/18 11:09:00",,,,"H1995-2",0,
1197078,522,"03/09/98 00:00:00","12/27/99 00:00:00",470,1850,"H1998-1",20,"n° 217 non retenu c'est le seul sur 25 qui ne rentre pas dans les 10%. Serge Solari. Extrapolation pour H>200 cm environ par le Cerema - Labo de Blois en Février 2014. JNA
","T","02/03/16 15:18:00","12/14/18 11:27:00",,,,"H1998-1",0,
1197079,522,"12/27/99 00:00:00","02/04/03 00:00:00",550,1830,"H1999-1",19,"Extrapolation pour H>200 cm environ par le Cerema - Labo de Blois en Février 2014. JNA
","T","02/03/16 15:17:00","12/14/18 11:30:00",,,,"H1999-1",0,
1197080,522,"02/04/03 00:00:00","04/30/04 00:00:00",430,2030,"H2003-1",18,"Extrapolation pour H>200 cm environ par le Cerema - Labo de Blois en Février 2014. JNA


","T","02/03/16 15:12:00","12/14/18 11:35:00",,,,"H2003-1",0,
1197081,522,"04/30/04 00:00:00","05/28/08 00:00:00",430,2000,"H2004-1",7,"Extrapolation pour H>200 cm environ par le Cerema - Labo de Blois en Février 2014. JNA
","T","12/14/18 13:52:00","12/14/18 13:58:00","05/06/05 14:52:00",,,"H2004-1",0,
1197082,522,"05/28/08 00:00:00","01/24/09 00:00:00",500,2000,"H2008-1",8,"Extrapolation pour H>200 cm environ par le Cerema - Labo de Blois en Février 2014. JNA
","T",,"12/14/18 15:06:00","12/14/18 09:26:00",,,"H2008-1",0,
1197083,522,"01/24/09 00:00:00","02/02/13 00:00:00",390,2000,"H2009-1",15,"Extrapolation pour H>200 cm environ par le Cerema - Labo de Blois en Février 2014. JNA
","T",,"12/14/18 15:42:00","12/13/18 14:52:00",,,"H2009-1",0,
1197084,522,"02/02/13 00:00:00","11/29/14 00:00:00",390,2000,"H2013-1",15,"Extrapolation pour H>200 cm environ par le Cerema - Labo de Blois en Février 2014. JNA
","T",,"12/14/18 15:52:00","12/14/18 15:17:00",,,"H2013-1",0,
1197085,522,"11/27/93 00:00:00","02/26/95 00:00:00",350,2500,"H199395",29,,"C",,,,,,,,
1197086,522,"01/04/18 00:00:00","01/01/50 00:00:00",430,2300,"H2018-1",12,"Extrapolation pour H>200 cm environ par le Cerema - Labo de Blois en Février 2014. JNA
Prolongement extrap de 310 à 340 cm pour atteindre zone alerte ""rouge"" DR
","T","03/20/23 10:29:00","06/16/25 12:12:00","11/05/18 11:36:00",230,3400,"H2018-1",0,
1197087,523,"01/13/04 00:00:00","10/15/05 00:00:00",460,2100,"H2004-1",16,"27/02/2020 Integration CTextrap CEREMA Blois pour Q>130m3/s HB/DR","T","09/11/07 15:05:00","02/27/20 15:40:00","06/30/04 16:14:00",,,"H2004-1",0,
1197088,523,"11/25/02 00:00:00","01/13/04 00:00:00",430,1800,"H2002-3",17,"27/02/2020 Integration CTextrap CEREMA Blois pour Q>130m3/s HB/DR","T","09/11/07 15:05:00","02/27/20 15:47:00",,,,"H2002-3",0,
1197089,523,"05/22/02 12:00:00","11/25/02 00:00:00",550,1600,"H2002-2",15,"27/02/2020 Integration CTextrap CEREMA Blois pour Q>130m3/s HB/DR","T","09/11/07 15:06:00","02/27/20 15:52:00",,,,"H2002-2",0,
1197090,523,"05/14/02 00:00:00","05/22/02 12:00:00",550,1600,"H2002-1",15,"27/02/2020 Integration CTextrap CEREMA Blois pour Q>130m3/s HB/DR","T","09/11/07 15:06:00","02/27/20 15:53:00",,,,"H2002-1",0,
1197091,523,"11/18/99 00:00:00","05/14/02 00:00:00",550,1600,"H1999-3",15,"27/02/2020 Integration CTextrap CEREMA Blois pour Q>130m3/s HB/DR","T","09/11/07 15:06:00","02/27/20 16:02:00",,,,"H1999-3",0,
1197092,523,"10/24/99 00:00:00","11/18/99 00:00:00",530,1600,"H1999-2",14,"27/02/2020 Integration CTextrap CEREMA Blois pour Q>130m3/s HB/DR","T","09/11/07 15:06:00","02/27/20 16:05:00","04/25/07 10:06:00",,,"H1999-2",0,
1197093,523,"02/22/99 00:00:00","10/24/99 00:00:00",530,1600,"H1999-1",14,"27/02/2020 Integration CTextrap CEREMA Blois pour Q>130m3/s HB/DR","T","09/11/07 15:06:00","02/27/20 16:06:00","04/25/07 10:06:00",,,"H1999-1",0,
1197094,523,"09/03/97 00:00:00","02/22/99 00:00:00",530,1600,"H1997-2",14,"27/02/2020 Integration CTextrap CEREMA Blois pour Q>130m3/s HB/DR","T","09/11/07 15:06:00","02/27/20 16:07:00","04/25/07 10:06:00",,,"H1997-2",0,
1197095,523,"05/10/97 00:00:00","09/03/97 00:00:00",530,1600,"H1997-1",14,"27/02/2020 Integration CTextrap CEREMA Blois pour Q>130m3/s HB/DR","T","09/11/07 15:07:00","02/27/20 16:08:00","04/25/07 10:06:00",,,"H1997-1",0,
1197096,523,"07/10/96 00:00:00","05/10/97 00:00:00",530,1600,"H1996-2",14,"27/02/2020 Integration CTextrap CEREMA Blois pour Q>130m3/s HB/DR","T","09/11/07 15:07:00","02/27/20 16:10:00","04/25/07 10:06:00",,,"H1996-2",0,
1197097,523,"02/27/96 00:00:00","07/10/96 00:00:00",460,1600,"H1996-1",14,"27/02/2020 Integration CTextrap CEREMA Blois pour Q>130m3/s HB/DR","T","09/11/07 15:07:00","02/27/20 16:11:00","04/25/07 10:06:00",,,"H1996-1",0,
1197098,523,"11/13/95 00:00:00","02/27/96 00:00:00",460,1600,"H1995-1",15,"27/02/2020 Integration CTextrap CEREMA Blois pour Q>130m3/s HB/DR","T","09/11/07 15:07:00","02/27/20 16:12:00","04/25/07 10:06:00",,,"H1995-1",0,
1197099,523,"11/06/94 00:00:00","11/13/95 00:00:00",460,1600,"H1994-1",15,"27/02/2020 Integration CTextrap CEREMA Blois pour Q>130m3/s HB/DR","T","09/11/07 15:07:00","02/27/20 16:14:00","04/25/07 10:06:00",,,"H1994-1",0,
1197100,523,"11/27/93 00:00:00","11/06/94 00:00:00",460,1600,"H1993-1",17,"27/02/2020 Integration CTextrap CEREMA Blois pour Q>130m3/s HB/DR","T","12/31/93 00:00:00","02/27/20 16:27:00","01/01/93 00:00:00",,,"H1993-1",0,
1197101,523,"10/15/05 00:00:00","01/01/20 00:00:00",450,2100,"H2005-1",17,"27/02/2020 Integration CTextrap CEREMA Blois pour Q>130m3/s HB/DR","T","02/27/20 15:18:00","04/06/22 14:59:00","02/06/06 15:00:00",,,"H2005-1",0,
1197102,523,"01/01/20 00:00:00","01/01/50 00:00:00",450,2100,"H2020-50",22,,"T","02/27/20 15:18:00","02/07/25 08:19:00","04/06/22 15:00:00",,,"H2020-50",0,
1197103,526,"01/01/01 00:00:00","11/25/02 01:10:00",0,2700,"H200102",4,"arrêté le 7 avril 2003

Kléber","T","09/11/07 10:20:00","09/11/07 10:20:00",,,,,,
1197104,526,"11/25/02 01:10:00","12/03/03 12:00:00",-20,2700,"H200203",5,,"T","09/11/07 10:21:00","09/11/07 10:21:00",,,,,,
1197105,526,"12/03/03 12:00:00","04/17/04 18:00:00",-50,2700,"H200304",4,,"T","09/11/07 10:21:00","09/11/07 10:21:00","01/06/04 16:16:00",,,,,
1197106,526,"04/17/04 18:00:00","10/30/04 01:00:00",-200,2700,"H200404",5,,"T","09/11/07 10:21:00","09/11/07 10:21:00","09/06/04 11:19:00",,,,,
1197107,526,"03/08/06 00:00:00","11/17/06 15:30:00",-130,2500,"H200606",4,,"T","09/11/07 10:22:00","09/11/07 10:22:00","11/24/06 09:42:00",,,,,
1197108,526,"10/30/04 01:00:00","09/01/05 15:00:00",-200,2700,"H200405",4,,"T","09/11/07 10:21:00","09/11/07 10:22:00","06/07/05 09:07:00",,,,,
1197109,526,"09/01/05 15:00:00","03/08/06 00:00:00",-150,2700,"H200506",4,,"T","09/11/07 10:22:00","09/11/07 10:22:00","03/06/06 15:56:00",,,,,
1197110,526,"11/17/06 15:30:00","07/02/07 01:50:00",-150,2700,"H200607",6,,"T","09/11/07 10:22:00","03/21/11 13:39:00","03/27/07 11:53:00",,,,,
1197111,526,"07/02/07 01:50:00","06/18/09 00:00:00",-100,2700,"H200707",6,,"T","09/11/07 10:22:00","07/04/11 14:30:00","03/27/07 11:53:00",,,,,
1197112,526,"06/18/09 00:00:00","01/01/12 00:00:00",-100,2700,"H200906",7,"Fin de période de valdité modifiée suite au déplacement de l'échelle en amont du pont à compter du 01/01/2012","T","09/11/07 10:22:00","07/15/13 10:17:00","03/27/07 11:53:00",,,,,
1197113,526,"07/02/07 01:50:00","06/18/09 00:00:00",-100,2700,"H2007071",6,,"T","09/11/07 10:22:00","07/29/13 15:01:00","03/27/07 11:53:00",,,,,
1197114,526,"01/01/12 00:00:00","12/11/13 00:00:00",300,2700,"H201220",8,"Date de changement de section  et mise en place echelle amont au 01/01/2012, fin de validité au 01/01/2050
","T","09/11/07 10:22:00","04/02/14 13:00:00","03/27/07 11:53:00",,,,,
1197115,526,"12/11/13 00:00:00","01/13/14 00:00:00",300,2700,"H201350",4,"Date de changement de section  suite a refection du pont 
","T","06/06/14 10:12:00","06/09/15 11:15:00","04/02/14 13:05:00",,,,,
1197116,526,"01/13/14 00:00:00","01/01/17 00:00:00",80,3250,"H2014-1",20,"
","C","07/17/15 16:01:00","03/30/20 11:25:00","06/09/15 00:00:00",,,"H2014-1",0,
1197117,526,"01/01/17 00:00:00","06/13/20 12:00:00",140,3250,"H2017-1",28,"Créé suite à étiage 2017 DR

","C","06/17/19 14:26:00","09/22/20 09:05:00","06/09/15 00:00:00",140,3250,"H2017-1",0,
1197118,526,"03/10/24 00:00:00","01/01/50 00:00:00",140,3250,"H2024-1",6,"hs","T","08/02/24 09:23:00","09/12/24 09:42:00","03/18/24 12:00:00",,,"H2024-1",0,"hs"
1197119,526,"01/01/22 00:00:00","01/01/23 00:00:00",100,3250,"H2022-50",24,"20/06/2022 Repris bas de CT DR
","C","08/04/22 09:34:00","03/20/24 10:16:00","06/13/20 00:00:00",,,"H2022-50",0,
1197120,526,"06/13/20 12:00:00","01/01/22 00:00:00",140,3250,"H2020-22",7,"hs","T","03/20/24 10:46:00","03/22/24 14:08:00","03/20/24 11:03:00",,,"H2020-22",0,"hs
"
1197121,526,"01/01/22 00:00:00","01/01/23 00:00:00",140,3250,"h2022-23",7,"hs

","T",,"03/22/24 14:12:00","03/20/24 11:32:00",,,"H2022-23",0,"hs
"
1197122,526,"01/01/23 00:00:00","03/10/24 00:00:00",140,3250,"H2023-2050",6,"hs","T",,"08/02/24 09:38:00","03/18/24 12:00:00",,,"H2023-2050",0,"hs"
1197123,527,"11/27/93 00:00:00","09/24/94 03:00:00",350,2000,"H199394",5,,"T","09/11/07 10:13:00","09/11/07 10:13:00","05/16/07 15:43:00",,,,,
1197124,527,"09/24/94 03:00:00","08/05/95 21:00:00",350,2000,"H199495",4,,"T","09/11/07 10:14:00","09/11/07 10:14:00","05/16/07 16:20:00",,,,,
1197125,527,"08/05/95 21:00:00","01/02/96 19:20:00",350,2000,"H199596",4,,"T","09/11/07 10:14:00","09/11/07 10:14:00","05/16/07 16:36:00",,,,,
1197126,527,"01/02/96 19:20:00","11/13/96 08:30:00",370,2000,"H199696",4,,"T","09/11/07 10:14:00","09/11/07 10:14:00","05/16/07 16:52:00",,,,,
1197127,527,"11/13/96 08:30:00","07/11/97 21:00:00",330,2000,"H199697",4,,"T","09/11/07 10:14:00","09/11/07 10:15:00","05/16/07 17:09:00",,,,,
1197128,527,"07/11/97 21:00:00","02/21/99 07:00:00",320,1800,"H199799",5,,"T","09/11/07 10:15:00","09/11/07 10:15:00","05/18/07 15:22:00",,,,,
1197129,527,"02/21/99 07:00:00","05/18/99 10:30:00",290,1800,"H199999",4,,"T","09/11/07 10:16:00","09/11/07 10:16:00","05/18/07 15:32:00",,,,,
1197130,527,"05/18/99 10:30:00","09/29/00 18:00:00",330,1800,"H199900",4,,"T","09/11/07 10:16:00","09/11/07 10:16:00","05/18/07 16:32:00",,,,,
1197131,527,"09/29/00 18:00:00","03/02/02 00:00:00",350,1800,"H200002",5,,"T","09/11/07 10:17:00","09/11/07 10:17:00","05/21/07 16:08:00",,,,,
1197132,527,"03/02/02 00:00:00","08/26/02 09:00:00",330,1200,"H200202",5,"arrêté le 19 février 2003

Kléber","T","09/11/07 10:17:00","09/11/07 10:17:00",,,,,,
1197133,527,"08/26/02 09:00:00","02/04/03 06:00:00",330,1200,"H200203",4,,"T","09/11/07 10:17:00","09/11/07 10:17:00",,,,,,
1197134,527,"02/04/03 06:00:00","12/03/03 12:00:00",300,1800,"H200303",5,,"T","09/11/07 10:18:00","09/11/07 10:18:00",,,,,,
1197135,527,"11/02/08 12:00:00","01/01/11 00:00:00",360,2000,"ct10-01",10,,"T","06/28/10 10:41:00","07/29/13 14:03:00","03/26/07 11:38:00",,,,,
1197136,527,"09/15/06 19:00:00","11/01/08 00:00:00",360,2000,"H2006201",6,,"T","09/11/07 10:18:00","07/29/13 14:43:00","03/26/07 11:38:00",,,,,
1197137,527,"01/02/11 00:00:00","01/19/14 03:00:00",350,1050,"h201250",15,,"C",,"06/09/15 14:12:00","07/04/11 10:47:00",,,,,
1197138,527,"01/19/14 03:00:00","12/01/16 00:00:00",400,1200,"H201550",14,"Reprise de la courbe à la crue du 19/01/2014","C","06/09/15 14:12:00","03/26/18 10:02:00","06/09/15 14:10:00",,,,0,
1197139,527,"12/03/03 12:00:00","03/25/04 16:00:00",310,2000,"H200304",5,,"T",,"06/18/04 09:26:00","01/06/04 16:38:00",,,,,
1197140,527,"03/25/04 16:00:00","10/30/04 00:00:00",330,2000,"H200404",5,,"T","01/27/05 11:40:00","01/27/05 11:40:00","07/19/04 15:43:00",,,,,
1197141,527,"10/30/04 00:00:00","04/16/05 20:30:00",330,2000,"H200405",5,,"T","07/01/05 09:38:00","07/01/05 09:38:00","12/23/04 17:46:00",,,,,
1197142,527,"04/16/05 20:30:00","11/01/05 04:20:00",330,2000,"H200505",5,,"T","03/31/06 11:41:00","03/31/06 11:41:00","08/19/05 09:39:00",,,,,
1197143,527,"11/01/05 04:20:00","09/15/06 19:00:00",360,2000,"H200506",5,,"T","12/15/06 11:49:00","12/15/06 11:50:00","09/07/06 12:27:00",,,,,
1197144,527,"09/15/06 19:00:00","01/01/20 00:00:00",360,2000,"H200620",6,,"T","09/11/07 10:18:00","11/07/08 16:23:00","03/26/07 11:38:00",,,,,
1197145,527,"12/01/16 00:00:00","02/01/21 23:40:00",400,1150,"H2016-21",17,,"T","07/06/20 10:35:00","04/13/22 15:34:00","08/11/17 12:43:00",400,1900,"H2016-21",0,
1197146,527,"01/19/14 00:00:00","12/01/16 00:00:00",450,1200,"h2014-16",7,,"T","03/26/18 10:33:00","06/28/24 16:27:00","03/26/18 11:20:00",,,"h2014-16",0,
1197147,527,"02/01/21 23:41:00","01/01/22 00:00:00",400,1400,"h2021-22",5,,"T",,"06/28/24 16:28:00","05/21/21 05:38:00",,,"h2021-22",0,
1197148,527,"03/11/24 00:00:00","01/01/50 00:00:00",350,1600,"H2024-50",6,,"T","07/03/24 14:44:00","01/28/25 13:48:00",,,,"H2024-1",0,
1197149,527,"01/01/22 00:00:00","03/11/24 00:00:00",350,1600,"H2022-50",7,,"T","04/02/24 14:31:00","01/28/25 13:59:00",,,,"H2022-50",0,
1197150,527,"01/02/11 00:00:00","01/06/13 00:00:00",400,1200,"h2011-1",5,,"T","03/26/18 11:58:00","06/28/24 16:26:00","03/26/18 12:39:00",,,,0,
1197151,528,"11/27/93 00:00:00","04/17/94 20:45:00",250,2500,"H199394",5,,"T","09/11/07 11:21:00","09/11/07 11:21:00","08/16/07 11:43:00",,,,,
1197152,528,"04/17/94 20:45:00","02/25/95 20:30:00",270,2500,"H199495",5,,"T","09/11/07 11:21:00","09/11/07 11:21:00","08/16/07 12:00:00",,,,,
1197153,528,"02/25/95 20:30:00","11/30/96 17:35:00",260,2500,"H199596",4,,"T","09/11/07 11:21:00","09/11/07 11:21:00","08/16/07 15:56:00",,,,,
1197154,528,"11/30/96 17:35:00","01/19/98 13:00:00",170,2500,"H199698",4,,"T","09/11/07 11:21:00","09/11/07 11:21:00","08/16/07 17:03:00",,,,,
1197155,528,"01/19/98 13:00:00","05/21/99 13:25:00",200,2500,"H199899",4,,"T","09/11/07 11:22:00","09/11/07 11:22:00",,,,,,
1197156,528,"05/21/99 00:00:00","05/14/01 00:00:00",200,2500,"H199901",4,,"T","09/11/07 11:22:00","09/11/07 11:22:00",,,,,,
1197157,528,"05/14/01 00:00:00","06/09/02 00:00:00",200,2500,"H200102",4,,"T","09/11/07 11:24:00","09/11/07 11:24:00","01/18/07 00:00:00",,,,,
1197158,528,"06/09/02 00:00:00","10/01/04 00:00:00",200,2400,"H200204",6,,"T","09/11/07 11:25:00","09/11/07 11:25:00","06/07/05 00:00:00",,,,,
1197159,528,"10/01/04 00:00:00","03/04/06 00:00:00",200,2400,"H200406",5,,"T","09/11/07 11:25:00","09/11/07 11:25:00","10/20/05 00:00:00",,,,,
1197160,528,"03/04/06 00:00:00","01/01/08 00:00:00",200,2500,"H200650",5,,"T","09/11/07 11:25:00","11/18/16 11:49:00","11/20/06 00:00:00",,,,0,
1197161,528,"12/03/07 00:00:00","06/10/10 00:00:00",200,2000,"H200710",3,,"T","09/11/07 11:25:00","07/13/11 15:26:00","11/20/06 00:00:00",,,,,
1197162,528,"01/01/86 00:00:00","01/01/50 00:00:00",800,3000,"Hextrapol",28,"Courbe de tarage extrapolée par JNA par modélisation hydraulique 1D (HEC-RAS) - calée sur jaugeages de crue (>80 cm) 1986-2018, notamment ceux récents (2010-2018) - tracé arrêté à un niveau correspondant au début de mise en charge du pont de la station et au début d'écoulement par dessus la route en rive droite.","C","03/02/18 14:21:00","03/02/18 14:23:00","03/02/18 14:00:00",780,3000,,0,
1197163,528,"06/10/10 00:00:00","01/01/21 00:00:00",200,2000,"oldH201050",4,,"T",,"03/31/25 11:23:00","01/15/10 11:43:00",,,,0,
1197164,528,"06/10/10 00:00:00","01/01/21 00:00:00",110,2200,"H201021",14,"Courbe de tarage extrapolée par JNA par modélisation hydraulique 1D (HEC-RAS) - calée sur jaugeages de crue (>80 cm) 1986-2018, notamment ceux récents (2010-2018) - tracé arrêté à un niveau correspondant au début de mise en charge du pont de la station et au début d'écoulement par dessus la route en rive droite.
","T","10/23/24 08:57:00","10/23/24 08:57:00","01/15/10 11:43:00",105,2900,"H201021",0,
1197165,528,"01/01/21 00:00:00","01/01/50 00:00:00",110,2200,"H202150",14,,"T","10/23/24 08:52:00","01/27/25 15:41:00","10/23/24 08:45:00",105,2900,"H202150",0,
1197166,529,"02/16/13 00:00:00","10/06/22 11:50:00",700,3000,"H2013-1old",6," A supprimer ","T",,"03/31/25 11:14:00","03/01/17 10:48:00",,,"H2013-1",0,
1197167,529,"11/24/02 00:00:00","10/01/03 00:00:00",570,3500,"H200203",5,,"T",,"09/11/07 15:52:00","09/11/07 15:52:00",,,,,
1197168,529,"11/27/93 00:00:00","01/12/95 00:00:00",550,3500,"H199395",6,,"T","09/11/07 10:56:00","09/11/07 10:56:00","08/20/07 11:38:00",,,,,
1197169,529,"01/12/95 00:00:00","09/24/95 00:00:00",600,3500,"H199595",5,,"T","09/11/07 10:57:00","09/11/07 10:57:00","08/20/07 11:51:00",,,,,
1197170,529,"09/24/95 00:00:00","12/01/96 00:00:00",570,3500,"H199596",5,,"T","09/11/07 10:57:00","09/11/07 10:57:00","08/20/07 12:02:00",,,,,
1197171,529,"12/01/96 00:00:00","01/19/98 00:00:00",600,3500,"H199698",5,,"T","09/11/07 10:57:00","09/11/07 10:57:00","08/20/07 14:25:00",,,,,
1197172,529,"01/19/98 00:00:00","10/04/98 00:00:00",500,3000,"H199898",5,,"T","09/11/07 10:58:00","09/11/07 10:58:00",,,,,,
1197173,529,"10/04/98 00:00:00","05/14/01 00:00:00",700,3000,"H199801",5,,"T","09/11/07 10:58:00","09/11/07 10:58:00",,,,,,
1197174,529,"05/14/01 00:00:00","11/24/02 00:00:00",600,3000,"H200102",5,,"T","09/11/07 10:58:00","09/11/07 10:58:00",,,,,,
1197175,529,"06/26/06 00:00:00","09/05/06 00:00:00",600,3200,"H2006062",5,,"T","09/11/07 11:00:00","09/11/07 11:00:00","09/07/06 00:00:00",,,,,
1197176,529,"10/01/03 00:00:00","05/01/04 00:00:00",620,3500,"H200304",5,,"T","09/11/07 10:59:00","09/11/07 10:59:00","10/06/05 00:00:00",,,,,
1197177,529,"05/01/04 00:00:00","10/01/04 00:00:00",630,3500,"H200404",4,,"T","09/11/07 10:59:00","09/11/07 10:59:00","09/07/06 00:00:00",,,,,
1197178,529,"10/01/04 00:00:00","09/17/05 00:00:00",630,3500,"H200405",5,,"T","09/11/07 10:59:00","09/11/07 10:59:00","09/07/06 00:00:00",,,,,
1197179,529,"09/17/05 00:00:00","03/09/06 00:00:00",580,3500,"H200506",5,,"T","09/11/07 10:59:00","09/11/07 10:59:00","09/07/06 00:00:00",,,,,
1197180,529,"03/09/06 00:00:00","06/26/06 00:00:00",540,3500,"H2006061",5,,"T","09/11/07 11:00:00","09/11/07 11:00:00","09/07/06 00:00:00",,,,,
1197181,529,"09/05/06 00:00:00","05/29/08 00:00:00",560,3500,"H200624",5,,"T","06/20/07 15:39:00","09/03/09 14:43:00","11/20/06 00:00:00",,,,,
1197182,529,"05/29/08 00:00:00","02/10/10 00:00:00",560,3100,"2008_1CN",5,,"T","06/20/07 15:39:00","03/09/11 15:05:00","11/20/06 00:00:00",,,,,
1197183,529,"02/10/10 00:00:00","08/14/10 00:00:00",700,3100,"2010_1CN",5,,"T",,"03/10/11 15:49:00","05/26/10 09:49:00",,,,,
1197184,529,"08/14/10 00:00:00","01/06/12 00:00:00",700,3000,"H2010-2",6,,"T",,"06/19/17 16:09:00","02/28/17 15:30:00",,,"H2010-2",0,
1197185,529,"01/06/12 00:00:00","02/16/13 00:00:00",700,3000,"H2012-1",6,,"T",,"06/19/17 16:09:00","03/01/17 14:46:00",,,"H2012-1",0,
1197186,529,"01/01/00 00:00:00","01/02/00 00:00:00",700,5156,"CT-extrap",37,"Courbe extrapolation - Modèle 1D  HEC-RAS
Etude interne JN AUDOUY - Juillet 2018
","T",,"09/01/20 12:06:00","09/01/20 11:00:00",,,,0,
1197187,529,"02/16/13 00:00:00","10/06/22 11:50:00",700,3500,"H2013-1",29,"Intergation extrapolation JNA H>190 cm
détarage suite à travaux dans le seuil aval rive gauche","T","03/07/23 12:28:00","03/07/23 12:28:00","03/01/17 10:48:00",,,"H2013-1",0,
1197188,529,"10/06/22 11:50:00","05/27/23 09:00:00",700,3500,"H202223",34,"modification courbe suite à enlèvement rondins bois dans le seuil aval rive gauche le 06/10/22","T","07/27/23 10:06:00","07/27/23 10:08:00","02/17/23 10:48:00",,,"H202223",0,
1197189,529,"05/27/23 09:00:00","12/31/50 00:00:00",680,3500,"H202350",28,,"T","01/08/24 13:40:00","05/08/24 07:59:00","07/27/23 09:45:00",,,"H202350",0,"détarage suite à fin de travaux dans le bief
ajustement bas de courbe
"
1197190,530,"11/27/93 00:00:00","04/18/94 00:00:00",-740,2500,"H199394",3,,"T","09/11/07 11:03:00","09/11/07 11:03:00","12/22/06 00:00:00",,,,,
1197191,530,"04/18/94 00:00:00","02/27/95 00:00:00",-680,2500,"H199495",3,,"T","09/11/07 11:04:00","09/11/07 11:04:00","12/21/06 00:00:00",,,,,
1197192,530,"02/27/95 00:00:00","01/05/96 00:00:00",-670,2500,"H199596",4,,"T","09/11/07 11:04:00","09/11/07 11:04:00","12/21/06 00:00:00",,,,,
1197193,530,"01/05/96 00:00:00","01/21/97 00:00:00",-670,2500,"H199697",4,,"T","09/11/07 11:05:00","09/11/07 11:05:00","12/21/06 00:00:00",,,,,
1197194,530,"01/21/97 00:00:00","08/24/98 00:00:00",-660,2500,"H199798",4,,"T","09/11/07 11:05:00","09/11/07 11:05:00","12/21/06 00:00:00",,,,,
1197195,530,"08/24/98 00:00:00","02/23/99 00:00:00",-660,2500,"H199899",4,,"T","09/11/07 11:06:00","09/11/07 11:06:00","12/20/06 00:00:00",,,,,
1197196,530,"02/23/99 00:00:00","05/14/01 00:00:00",-650,2500,"H199901",4,,"T","09/11/07 11:06:00","09/11/07 11:06:00","12/20/06 00:00:00",,,,,
1197197,530,"05/14/01 00:00:00","03/29/03 00:00:00",-660,2500,"H200103",4,,"T","09/11/07 11:06:00","09/11/07 11:06:00","12/20/06 00:00:00",,,,,
1197198,530,"03/29/03 00:00:00","01/24/05 00:00:00",-700,2500,"H200305",5,,"T","09/11/07 11:06:00","09/11/07 11:06:00","06/07/06 00:00:00",,,,,
1197199,530,"01/24/05 00:00:00","05/29/08 00:00:00",-700,2500,"H200515",4,,"T","09/11/07 11:07:00","09/03/09 14:42:00","11/20/06 00:00:00",,,,,
1197200,530,"05/29/08 00:00:00","06/11/10 00:00:00",-700,2400,"2008_1EB",17,,"T",,"12/16/13 16:22:00","08/27/09 10:32:00",,,,,
1197201,530,"05/29/08 00:00:00","06/01/08 00:00:00",-700,2400,"CT_JNA",17,,"T",,"12/16/13 16:23:00","08/27/09 10:32:00",,,,,
1197202,530,"01/01/21 00:00:00","12/31/50 00:00:00",-670,2200,"H202150",26,"
","T","10/23/24 08:31:00","02/06/25 14:15:00","10/23/24 08:00:00",,2450,"H202150",0,
1197203,530,"06/11/10 00:00:00","01/01/21 00:00:00",-660,2200,"H201021",26,"
ajustement bas de courbe","T","10/23/24 08:34:00","02/06/25 14:15:00","02/14/12 11:45:00",,2450,"H201021",0,
1197204,545,"10/01/10 00:00:00","09/11/12 00:00:00",350,800,"E200950",3,"Courbe qui correspond à l'ancienne échelle posée le 18/11/2009 environ 30m en amont du pont et supprimée le 11/09/2012. Attention, la côte des jaugeages du 29/07 et du 06/09/2011 est probablement ""trop élevée"" (présence d'un arbre en travers de la section (retiré le 30/09/2011).
","T",,"12/18/12 14:50:00","01/27/10 11:11:00",,,,,
1197205,545,"09/11/12 00:00:00","11/10/13 12:00:00",300,1500,"H2012-1",5,,"T",,"04/03/20 08:42:00","07/10/17 10:40:00",,,"H2012-1",0,"modification haut de courbe"
1197206,545,"11/10/13 12:00:00","02/10/16 00:00:00",300,1500,"H2013-1",5,,"T",,"04/03/20 08:44:00","07/10/17 11:47:00",,,"H2013-1",0,"modification haut de courbe"
1197207,545,"02/10/16 00:00:00","03/07/17 00:00:00",300,1700,"H2016-1",6,,"T",,"06/09/20 11:53:00","07/10/17 11:47:00",,,"H2016-1",0,"modification haut de courbe"
1197208,545,"09/27/24 08:45:00","01/01/50 00:00:00",200,1700,"H202450",10,,"T","04/10/25 14:16:00","04/10/25 14:24:00","04/10/25 12:00:00",,,"H202450",0,"modification de la courbe suite au retrait de la souche dans le contrôle aval"
1197209,545,"03/07/17 00:00:00","05/23/23 07:00:00",200,1700,"H201723",11,,"T","04/10/25 14:25:00","04/10/25 14:41:00","02/01/18 10:10:00",,,"H201723",0,
1197210,545,"05/23/23 07:00:00","09/27/24 08:45:00",200,1700,"H202324",10,,"T","04/10/25 14:37:00","04/10/25 14:46:00","04/10/25 14:00:00",,,"H202324",0,"dépose embâcle dans le contrôle aval lors de la crue du 23/05"
1197211,546,"10/01/09 00:00:00","11/14/14 18:50:00",440,3800,"H201050",13,,"T",,"06/11/15 12:06:00","06/29/10 10:43:00",,,,,
1197212,546,"11/14/14 18:50:00","04/28/15 22:00:00",400,3800,"H201550",8,"modification du bas de la courbe suite à la crue du 14/11/2014","T","06/11/15 12:09:00","08/29/16 11:24:00","06/11/15 12:00:00",400,3800,,0,
1197213,546,"04/28/15 22:00:00","06/01/16 05:00:00",400,3800,"H2015-1",12,"Modification du bas de la courbe suite à la crue du 28/04/2015","T","02/01/17 10:49:00","02/02/17 12:09:00","08/29/16 11:22:00",350,3800,"H2015-1",0,
1197214,546,"06/01/16 05:00:00","04/26/19 01:50:00",400,3800,"H2016-1",12,"Créer JNA suite à jaugeages été 2016 détarage en dessous de 48cm par rapport à CT H2015-1 après crue du 01/06/2016","T","02/01/17 10:45:00","06/12/19 12:06:00","02/01/17 09:00:00",350,3800,"H2016-1",0,
1197215,546,"04/26/19 01:50:00","07/26/19 07:00:00",300,3800,"H2019-1",13,"Créer DR suite à jaugeages mai 209 détarage en dessous de 60cm par rapport à CT H2016-1 après crue du 26/04/2019","T","02/01/17 10:45:00","07/06/20 14:42:00","06/12/19 00:00:00",300,3800,"H2019-1",0,
1197216,546,"07/26/19 07:00:00","06/12/20 00:00:00",300,3800,"H2019-2",17,"Modification suite détarage intervenu aprés le  passage du 26/07/2019 à 07:00,peut être à cause du passage à gué 200 métres à l'aval","T","07/03/20 05:51:00","07/10/20 09:42:00","07/03/20 05:51:00",300,3800,"H2019-2",0,
1197217,546,"05/01/24 00:00:00","12/24/24 00:00:00",280,3000,"H2024-25",7,,"T","06/28/23 16:03:00","06/13/25 13:50:00","08/04/21 11:00:00",,,"H2024-25",0,"Zéro ecoulement 28cm

"
1197218,546,"12/24/24 00:00:00","01/01/50 00:00:00",280,3000,"H2025-50",7,,"T","06/28/23 16:03:00","06/13/25 13:52:00","08/04/21 11:00:00",,,"H2025-50",0,"Zéro écoulement 28 cm

"
1197219,546,"05/15/23 15:30:00","05/01/24 00:00:00",280,3000,"H2023-24",7,,"T","06/28/23 16:03:00","06/13/25 13:58:00","08/04/21 11:00:00",,,"H2023-24",0,"28/06/2023 Création CT - DR modifiée le 31/07/2023 prise en compte des jaugeages d'étiage"
1197220,546,"06/12/20 00:00:00","03/15/21 12:10:00",300,3000,"H2020-21",12,,"T","06/28/23 16:13:00","06/28/23 16:21:00","07/10/20 05:51:00",,,"H2020-21",0,"Modification bas de courbe suite détarage (crue du 12/06/2020) DR
28/06/2023 reprise CT DR"
1197221,546,"03/15/21 12:10:00","09/21/22 12:12:00",300,3000,"H2021-22",13,,"T","06/28/23 16:16:00","06/28/23 16:24:00","08/04/21 11:00:00",,,"H2021-22",0,"mise à jour du bas de courbe (0 à 80) , suite à l'épisode pluvieux du 15/03/2021
21/06/2022 Repris CT - DR
28/06/2023 Arrêt CT au 21/09/2022 - DR"
1197222,546,"09/21/22 12:12:00","05/15/23 15:30:00",300,3000,"H2022-23",12,,"T","06/28/23 16:03:00","06/28/23 16:28:00","08/04/21 11:00:00",,,"H2022-23",0,"28/06/2023 Repris CT - DR"
1197223,548,"05/21/23 17:00:00","01/01/50 00:00:00",200,1600,"H2023-50",8,"23/06/2023: Création nouvelle CT suite à fort détarage consécutif à l'effondrement d'une partie du seuil du contrôle aval.
15/09/2023: ajustement bas de courbe

28/07/2023: reprise bas de courbe suite à jaugeage bas niveau

24/07/2023: Ajustement CT, bas de courbe.

","T","06/23/23 14:30:00","03/27/25 10:19:00","06/23/23 14:30:00",,,"H2023-50",0,
1197224,548,"09/28/20 08:35:00","01/15/21 08:00:00",90,1550,"H2020-1",16,"courbe créée suite mise en lumière détarage septembre 2020
maj: reprise haut de courbe suite crue janvier 2021
","C","02/17/21 09:30:00","05/07/25 13:06:00","11/18/20 16:30:00",0,2000,"H2020-21",0,
1197225,548,"01/15/21 08:00:00","07/24/21 12:00:00",90,1550,"H2021-1",9,"courbe créée suite crue janvier 2021
maj 1/2/3: reprise courbe h=30/50 cm
","C","07/13/21 14:00:00","05/07/25 13:08:00","02/17/21 09:00:00",0,2000,"H2021-21-1",0,
1197226,548,"12/27/19 13:50:00","09/28/20 08:35:00",90,1550,"H2019-2",19,"courbe créée suite mise en lumière détarage
maj : reprise bas de courbe H=40cm
maj 2 : reprise haut de courbe H2019-2 et précédentes","C","12/27/21 10:25:00","05/07/25 13:06:00","06/18/20 11:30:00",0,2000,"H2019-20",0,
1197227,548,"12/01/16 00:00:00","06/26/17 23:00:00",400,1600,"H2016-1",12,"Mise en service station le 01/12/2016
Prise en compte jaugeages réalisés depuis 2012
","C","01/09/17 14:48:00","05/07/25 13:02:00","12/01/16 00:00:00",400,1600,"H2016-17",0,
1197228,548,"06/26/17 23:00:00","12/07/17 13:10:00",140,2000,"H2017-1",8,"nouvelle courbe pour prendre en compte les débits d'étiage de l'été 2017","T","09/06/17 11:25:00","05/07/25 13:03:00","09/06/17 11:15:00",140,2000,"H2017-17",0,
1197229,548,"12/07/17 13:10:00","12/02/18 00:00:00",35,2000,"H2018-1",8,"nouvelle courbe qui prend en compte la disparition des embacles 30m en aval,pendant l'épisode de crues de décembre 2017","T","09/05/18 10:18:00","05/07/25 13:04:00","07/20/18 11:00:00",35,2000,"H2017-18",0,
1197230,548,"12/02/18 00:00:00","05/24/19 11:30:00",0,800,"H2018-2 ",19,"reprise courbe actuelle en fonction des derniers jaugeages
maj : reprise courbe pour envoi en phyc (validation 
annee station)
maj2 :changement fin période validation année station","C","12/14/21 16:45:00","05/07/25 13:04:00",,,,"H2018-19",0,
1197231,548,"05/24/19 11:30:00","12/27/19 13:50:00",-10,800,"H2019-1",24,"courbe créée suite mise en lumière détarage","C","12/14/21 16:45:00","05/07/25 13:05:00",,,,"H2019-19",0,
1197232,548,"12/29/21 00:00:00","06/04/22 03:40:00",100,1550,"H2021-4",4,"Nouvelle CT suite à la crue du 29/12/20221","T","05/17/22 16:27:00","05/07/25 13:10:00","05/17/22 00:00:00",,,"H2021-22",0,
1197233,548,"06/04/22 03:40:00","06/26/22 17:40:00",90,1550,"H2022-22",11,"


","C","06/21/22 17:34:00","10/28/22 11:16:00","10/28/21 10:05:00",,,"H2022-22",0,
1197234,548,"06/26/22 17:40:00","05/21/23 17:00:00",-30,1600,"H2022-23",8,"28/10/2022 Nouvelle CT suite à détarage (26/06/2022)
18/11/2022: modification
17/03/2023: ajustement courbe suite à jaugeages sur hauteur 30 à 35 cm
 courbe suite à nouveau jaugeage doublé à 31.5.
","T",,"01/10/24 14:48:00","10/28/22 10:00:00",,,"H2022-23",0,"Arrêt de la CT au 21/05/2023: déterrioration du seuil aval (DR)"
1197235,548,"07/24/21 12:00:00","09/15/21 06:40:00",90,1550,"H2021-2",13,"courbe créée suite crues juillet 2021
maj : reprise milieu de courbe suite jaugeage sept 2021
","C","09/24/21 11:10:00","05/07/25 13:08:00","08/24/21 14:15:00",0,2000,"H2021-21-2",0,
1197236,548,"09/15/21 06:40:00","12/29/21 00:00:00",90,1550,"H2021-3",15,"création suite crue sept 2021
maj : reprise courbe h = 80/100 cm
","C","12/10/21 11:55:00","05/07/25 13:09:00","10/28/21 10:05:00",0,2000,"H2021-21-3",0,
1197237,549,"10/01/10 00:00:00","01/01/50 00:00:00",10,300,"KINDSVATER",30,,"C",,"01/11/11 17:26:00","01/11/11 17:26:00",,,,,
1197238,549,"11/03/10 00:00:00","01/01/16 00:00:00",90,130,"H2010-1",2,,"T",,"04/10/20 09:48:00","09/25/17 14:37:00",,,"H2010-1",0,
1197239,549,"01/01/16 00:00:00","01/01/50 00:00:00",75,130,"H2016-1",8,"ajustement courbe seb","T","04/09/21 13:59:00","01/12/24 07:25:00","04/01/20 12:00:00",,,"H2016-1",0,
1197240,550,"11/03/10 00:00:00","03/08/11 00:00:00",60,100,"H201011",31,"Courbe construite théoriquement par DL, applicable à l'ancien seuil, avant destruction par le riverain


","C",,"12/15/11 11:33:00","12/15/11 11:28:00",,,,,
1197241,550,"11/01/10 00:00:00","01/01/11 00:00:00",20,120,"E201050",2,,"T",,"03/22/13 14:07:00","10/28/11 10:29:00",,,,,
1197242,550,"10/01/10 00:00:00","01/01/11 00:00:00",10,300,"KINDSVATER",30,,"C",,"03/22/13 14:08:00","01/11/11 17:11:00",,,,,
1197243,550,"05/26/11 00:00:00","01/01/18 00:00:00",20,100,"H2011-1",4,"La partie haute de la CT a été calée sur la courbe théorique étudiée par DL en 2011.
","T",,"04/14/20 13:48:00","09/25/17 09:48:00",,,"H2011-1",0,
1197244,550,"01/01/18 00:00:00","01/01/50 00:00:00",0,100,"H2018-1",11,,"T","05/07/21 09:29:00","01/11/24 13:58:00",,,,"H2018-1",0,
1197245,552,"06/01/17 00:00:00","03/30/18 10:10:00",290,550,"H2017-1",18,"Création de la station fin juillet 2017
","C",,"07/11/18 13:41:00","06/01/17 00:00:00",250,634,"H2017-1",0,
1197246,552,"10/07/24 17:50:00","01/01/50 00:00:00",255,570,"H202430",6,,"T","03/12/25 12:55:00","05/21/25 09:00:00","01/24/25 16:00:00",145,1160,"H202430",0,"REMAJ le 21/05/2025 suite aux jaugeages du 07/05/2025"
1197247,552,"03/30/18 10:10:00","11/09/19 16:25:00",250,570,"H2018_1",17,"reprise étiage 2018
Reprise crue du 14/12/19 extrapolation jusqu'à 81 cm
ReMAJ crue du 01/05/2020 jusqu'à 97cm","C","01/10/20 15:05:00","08/12/20 13:41:00","07/11/18 00:00:00",200,970,"H2018_1",0,
1197248,552,"11/09/19 16:25:00","12/29/21 18:30:00",250,570,"H2019-1",22,"courbe étiage 2020 (CP)","C",,"04/22/22 14:36:00","08/12/20 13:00:00",200,1150,"H2019-1",0,
1197249,552,"12/11/23 11:50:00","10/07/24 17:50:00",230,570,"H202324",5,,"T","09/02/24 13:18:00","01/24/25 16:26:00","02/21/24 14:00:00",186,1150,"H202324",0,"étiage 2024"
1197250,552,"12/29/21 18:30:00","12/11/23 11:50:00",280,570,"H202223",17,"détarge suite à la crue du 28/12/2021
MAJ validation 2022
MAJ crue 12/2023
MAJ validation 2023 pour H=39.5","C","02/10/23 15:06:00","02/21/24 14:36:00","04/22/22 16:00:00",150,1160,"H202223",0,
1197251,553,"12/01/16 00:00:00","06/13/20 12:00:00",320,2100,"H2016-20",5,"
","T","09/22/20 11:34:00","04/12/22 10:23:00","10/16/18 09:12:00",,,"H2016-20",0,
1197252,553,"01/01/23 00:00:00","01/01/50 00:00:00",320,2100,"H2023-2050",5,"
","T","11/14/23 15:46:00","11/14/23 15:59:00","11/14/23 15:00:00",,,"H2023-2050",0,"Date période validité à affiner DR"
1197253,553,"06/13/20 12:00:00","01/01/23 00:00:00",320,2100,"H2020-23",6,"

","T","09/22/20 11:34:00","11/14/23 16:14:00","10/16/18 09:12:00",,,"H2020-23",0,"crue 06/2020"
1197254,554,"08/01/19 00:00:00","01/20/21 16:00:00",200,2400,"H2019-21",9,,"T","09/02/21 11:45:00","04/07/22 10:20:00","07/08/20 17:00:00",,,"H2019-21",0,
1197255,554,"05/24/17 00:00:00","08/01/19 00:00:00",270,2400,"H2018-19",18,"

","T","07/06/20 11:09:00","04/07/22 10:26:00","10/05/18 08:23:00",130,2500,"H2018-19",0,
1197256,554,"01/20/21 16:00:00","01/01/50 00:00:00",200,2400,"H2021-50",11,,"T","09/02/21 11:43:00","06/21/22 14:51:00","07/08/20 17:00:00",,,"H2021-50",0,
1197257,554,"01/01/22 00:00:00","06/13/23 01:24:00",250,2200,"H2022-23",8,,"T","06/21/22 15:46:00","06/28/23 11:13:00","07/08/20 17:00:00",,,"H2022-23",0,"21/06/2022 Repris bas de CT DR"
1197258,554,"01/20/21 16:00:00","01/01/22 00:00:00",200,2400,"H2021-22",11,,"T",,"06/28/23 11:14:00",,,,"H2021-22",0,
1197259,554,"06/13/23 01:24:00","06/29/23 06:00:00",350,2400,"H2023-23",10,,"T","06/30/23 09:24:00","06/30/23 09:25:00","07/08/20 17:00:00",,,"H2023-23",0,"30/06/2023 : Arrêt de la CT au 29/06/2023 06:00 date de début d'influences travaux DR"
1197260,556,"03/11/23 06:30:00","01/01/50 00:00:00",160,1350,"H2023-2050",9,,"T","09/27/24 15:52:00","01/20/25 12:08:00","06/21/19 00:00:00",,,"H2023-2050",0,"DR reprise CT suite à crue 11/03/2023 06:30"
1197261,556,"01/01/19 00:00:00","06/27/22 00:00:00",160,1230,"H2019-1",12,"SJ : prolongement de la courbe jusqu'à 95 cm le 18/12/20 suite au jaugeage du 14/12/20
DR 15/01/2021: prolonger jusqu'à 110cm suite au jaugeage du 13&15/01/2021
SJ/DR19/01/21 : prolonger jusqu'à150cm suite au jaugeage du 24/01/2021","T","10/28/22 15:32:00","10/28/22 15:32:00","06/21/19 00:00:00",,,"H2019-1",0,
1197262,556,"06/27/22 00:00:00","03/11/23 06:30:00",160,1230,"H2022-2023",10,"SJ : reprise courbe suite à la crue de juin 2022","T","10/28/22 14:51:00","06/27/23 08:34:00","06/21/19 00:00:00",,,"H2022-2023",0,
1197263,556,"01/06/00 13:45:00","01/06/50 13:45:00",12,5000,"BaraL_inf",100,"h/q Baratin : Qmin","C",,,,,,,,
1197264,556,"01/06/00 13:45:00","01/06/50 13:45:00",12,5000,"BaraL_sup",100,"h/q Baratin : Qmax","C",,,,,,,,
1197265,556,"01/06/00 13:45:00","01/06/50 13:45:00",12,5000,"BaraL",100,"h/q Baratin : Qmaxpost","C",,,,,,,,
1197266,557,"07/12/23 13:50:00","01/01/50 00:00:00",160,1100,"H2023-2050",11,"nouvelle courbe suite au travaux de restauration de la continuité écologique.
Modification du haut de courbe suite aux crues de novembre 2023","T","11/06/23 16:54:00","02/18/25 14:39:00","10/03/23 15:00:00",,,"H2023-2050",0,"la date de début est fixée au jour de remise en service par la maintenance."
1197267,557,"01/01/20 00:00:00","06/21/23 00:00:00",160,900,"H2020-2023",14,"03/07/2023 Arrêt CT suite à travaux de restauration de la continuité écologique depuis le 21/06/2023 00:00","T","01/09/23 14:11:00","07/03/23 14:58:00","06/15/20 12:30:00",,,"H2020-2023",0,"25/01/2021 DR prolongement CT suite à jaugeage du 22/01/2021
prolongée le 04/03/2021 suite aux crues de fin janvier et début février
modification de 17 à 20 cm le 18/11/2022 prise en compte des derniers jaugeages"
1197268,559,"02/01/20 00:00:00","11/14/23 08:20:00",20,1000,"H2020-1",12,,"T","11/24/20 08:01:00","08/12/24 10:06:00","11/24/20 08:00:00",,,"H2020-1",0,
1197269,559,"02/01/20 00:00:00","11/14/23 08:20:00",20,1000,"H2020-1",5,"db

","T",,"08/12/24 10:09:00",,,,"H2020-1DB",0,"MAJ supervision"
1197270,559,"11/14/23 08:20:00","01/01/50 00:00:00",20,1000,"H2023-1",4,"
","T","07/22/24 13:43:00","11/07/24 11:46:00",,,,"H2023-1",0,"MAJ supervision
dbh
"
1197271,564,"05/20/69 00:00:00","01/01/76 00:00:00",50,800,"H1969-2",20,,"C",,"02/12/21 14:20:00",,,,"H1969-2",0,"Ancienne C10266"
1197272,564,"01/01/76 00:00:00","01/01/80 00:00:00",40,1300,"H1976-1",40,,"C",,"02/12/21 14:22:00",,,,"H1976-1",0,"Ancienne C10267"
1197273,564,"01/01/80 00:00:00","01/01/89 00:00:00",50,1300,"H1980-1",26,,"C",,"02/12/21 14:23:00",,,,"H1980-1",0,"Ancienne C10268"
1197274,564,"01/01/89 00:00:00","01/01/91 00:00:00",10,1350,"H1989-1",28,,"C",,"02/12/21 14:24:00",,,,"H1989-1",0,"Ancienne C10269"
1197275,564,"01/01/91 00:00:00","10/09/08 00:00:00",10,1100,"H1991-1",29,,"C",,"02/12/21 14:25:00",,,,"H1991-1",0,"Ancienne C10270"
1197276,564,"10/09/08 00:00:00","06/09/11 14:20:00",10,900,"H2008-1",6,"La crue de juin 2010 a provoqué un amoncellement de galets en amont du radier, cet amoncellement a été évacué le 09 juin 2011. Entre ces 2 dates, les données sont douteuses (1an).
","T",,"02/12/21 14:27:00","12/14/11 15:00:00",,,"H2008-1",0,"Ancienne H200811"
1197277,564,"05/01/12 00:00:00","11/24/17 14:00:00",10,900,"H2012-1",6,,"T",,"02/12/21 14:29:00","11/07/12 10:37:00",,,"H2012-1",0,"Ancienne H201250
24/11/2017 14:00 Changement échelle (remontée en amont du pont)"
1197278,564,"01/01/69 00:00:00","05/20/69 00:00:00",100,1200,"H1969-1",20,,"C",,"02/12/21 14:34:00",,,,"H1969-1",0,"Ancienne C10265"
1197279,564,"06/09/11 14:20:00","05/01/12 00:00:00",10,900,"H2011-1",6,,"T",,"02/12/21 16:08:00","12/14/11 15:10:00",,,"H2011-1",0,"Ancienne H201212"
1197280,565,"10/01/24 00:00:00","01/01/50 00:00:00",-800,1500,"H202425",11,"courbe prenant en compte l'embâcle dans le contrôle aval en attendant son retrait","T","12/18/24 10:37:00","12/18/24 10:43:00","12/18/24 06:00:00",,,"H202425",0,
1197281,565,"07/26/20 12:00:00","01/01/22 00:00:00",-800,1500,"H2021-1",19,"18/06/2021 ajustement bas CT suite jaugeage DR
01/07/2021 reprise CT en fonction des jaugeages du 28&29/06","T","07/01/21 14:57:00","06/01/22 14:24:00","04/12/21 00:00:00",,,"H2021-1",0,
1197282,565,"01/01/22 00:00:00","10/01/24 00:00:00",-800,1500,"H202224",19,"ajusté bas de courbe","T","01/29/25 15:11:00","01/29/25 15:11:00","06/01/22 12:00:00",,,"H202224",0,
1197283,566,"09/29/08 00:00:00","12/12/11 12:37:00",400,1800,"201006lc",33,,"C",,"10/18/21 10:15:00",,,,"H2008-1",0,
1197284,566,"01/01/92 00:00:00","12/31/97 23:59:00",330,1240,"C10235",18,,"C",,"10/18/21 10:16:00",,,,"H1992-1",0,
1197285,566,"12/28/00 00:00:00","07/01/04 00:00:00",474,1600,"2003-1",22,,"C",,"10/18/21 10:18:00",,,,"H2000-1",0,
1197286,566,"01/01/98 00:00:00","12/28/00 00:00:00",300,1500,"2000-1",19,,"C",,"10/18/21 10:18:00",,,,"H1998-1",0,
1197287,566,"07/01/04 00:00:00","09/29/08 00:00:00",450,1400,"2004-01",12,,"C",,"10/18/21 10:19:00",,,,"H2004-1",0,
1197288,567,"01/01/75 00:00:00","02/16/78 00:00:00",350,1050,"H1975-1978",9,,"C",,"04/15/22 15:04:00",,,,"H1975-1978",0,
1197289,567,"01/01/73 00:00:00","01/01/75 00:00:00",420,1400,"H1973-1975",11,,"C",,"04/15/22 15:25:00","06/23/09 09:53:00",,,"H1973-1975",0,
1197290,567,"02/16/78 00:00:00","01/04/84 00:00:00",350,1500,"H1978-1984",13,,"C",,"04/15/22 16:51:00",,,,"H1978-1984",0,
1197291,567,"01/01/84 00:00:00","04/27/89 00:00:00",300,1400,"H1984-1989",8,,"T",,"04/15/22 17:25:00","06/23/09 12:42:00",,,"H1984-1989",0,
1197292,567,"04/27/89 00:00:00","02/01/92 00:00:00",200,1100,"H1989-1992",5,,"T",,"04/15/22 17:27:00","04/15/22 15:51:00",,,"H1989-1992",0,
1197293,568,"01/01/01 00:00:00","11/25/02 01:10:00",0,2700,"H2001-2002",36,"arrêté le 7 avril 2003  Kléber","C",,,,,,"H2001-2002",,
1197294,568,"11/25/02 01:10:00","12/03/03 12:00:00",-20,2700,"H2002-2003",40,,"C",,,,,,"H2002-2003",,
1197295,568,"12/03/03 12:00:00","04/17/04 18:00:00",-50,2700,"H2003-2004",38,,"C",,,,,,"H2003-2004",,
1197296,568,"04/17/04 18:00:00","10/30/04 01:00:00",-200,2700,"H2004-2004",34,,"C",,,,,,"H2004-2004",,
1197297,568,"10/30/04 01:00:00","09/01/05 15:00:00",-200,2700,"H2004-2005",34,,"C",,,,,,"H2004-2005",,
1197298,568,"09/01/05 15:00:00","03/08/06 00:00:00",-150,2700,"H2005-2006",37,,"C",,,,,,"H2005-2006",,
1197299,568,"03/08/06 00:00:00","11/17/06 15:30:00",-130,2500,"H2006-2006",35,,"C",,,,,,"H2006-2006",,
1197300,568,"11/17/06 15:30:00","07/02/07 01:50:00",-150,2700,"H2006-2007",34,,"C",,,,,,"H2006-2007",,
1197301,568,"07/02/07 01:50:00","06/18/09 00:00:00",-100,2700,"H2007-2009",31,,"C",,,,,,"H2007-2009",,
1197302,568,"06/18/09 00:00:00","01/01/12 00:00:00",-100,2700,"H2009-2012",37,"Fin de période de valdité modifiée suite au déplacement de l'échelle en amont du pont à compter du 01/01/2012","C",,,,,,"H2009-2012",,
1197303,117,"09/07/22 18:00:00","01/01/50 00:00:00",1400,5500,"H202250",15,"Ajustement de courbe étiage 2023","T","08/17/23 13:30:00","03/20/25 10:28:00","08/17/23 13:30:00",,,"H202250",0,
1197304,117,"09/15/98 00:00:00","12/29/99 00:00:00",450,7500,"R199899",11,,"T",,"02/14/11 19:23:00","02/02/11 18:18:00",,,,,
1197305,117,"11/30/01 00:00:00","12/04/03 00:00:00",950,8900,"R200103",6,,"T","12/04/03 11:35:00","02/14/11 19:25:00","12/04/03 11:35:00",,,,,
1197306,117,"12/29/99 00:00:00","11/30/01 00:00:00",1000,7500,"R199901",5,,"T",,"02/14/11 19:25:00",,,,,,
1197307,117,"09/09/03 12:04:00","12/04/03 00:00:00",950,8900,"R200303",7,,"T","12/04/03 11:35:00","04/08/11 16:27:00","12/04/03 11:35:00",,,,,
1197308,117,"07/03/98 05:47:00","09/15/98 00:00:00",450,7500,"R199898",11,,"T",,"07/20/11 15:26:00","02/02/11 18:18:00",,,,,
1197309,117,"01/01/75 00:00:00","01/01/77 00:00:00",3000,6000,"H197577 GC",5,,"T",,"02/25/13 14:10:00","02/25/13 14:10:00",,,,,
1197310,117,"01/01/93 00:00:00","08/01/94 15:40:00",450,7500,"R199394",10,,"T",,"11/28/13 14:51:00","02/02/11 18:18:00",,,,,
1197311,117,"08/01/94 15:40:00","03/16/97 00:00:00",450,7500,"R199497",11,"travaux seuil B de France sept 1996","T",,"11/28/13 14:51:00","02/02/11 18:18:00",,,,,
1197312,117,"03/16/97 00:00:00","07/03/98 05:47:00",450,7500,"R199798",11,"reprise après travaux seuil","T",,"11/28/13 14:51:00","02/02/11 18:18:00",,,,,
1197313,117,"12/04/03 00:00:00","01/01/25 00:00:00",950,8900,"R200325anc",8,,"T","04/20/12 15:59:00","03/06/15 09:48:00","09/02/05 11:46:00",,,,,
1197314,117,"12/04/03 00:00:00","07/01/20 00:00:00",950,4500,"H200320",8,"Pas de debits dans Hydro2 sur juillet-octobre 2020 durant durée des travaux passe Canoe et passes poissons sur RG du seuil hydraulique.","T","12/10/19 10:35:00","03/19/21 16:12:00","09/02/05 11:46:00",,,"H200320",0,
1197315,117,"09/01/20 00:00:00","02/02/21 05:00:00",1400,4500,"H202021",10,"Mise en place d'une nouvelle courbe de tarage à l'issue des travaux  entre juillet et aout 2020 sur le contrôle hydraulique pour mise  en conformité","T","04/22/21 12:26:00","04/22/21 12:26:00","11/18/20 00:00:00",,,"H202021",0,
1197316,117,"02/02/21 05:00:00","01/01/22 00:00:00",1500,5500,"H202122",14,"Détarage crue  02-02-2021 05:00 TU Hmax 367 cm et Qmax 312 m3/s..Convergence CT H202021 sur jaug 459 du 08-02-21 H 280.5cm et Q 146m3/s.
","T","08/19/21 16:41:00","06/02/22 09:40:00","11/18/20 00:00:00",,,"H202122",0,
1197317,117,"01/01/22 00:00:00","09/07/22 18:00:00",1500,5500,"H202250",14,"
modifié le 16/09/2022 avec le jaugeage du 14/09/22","T","08/17/23 14:00:00","08/17/23 13:48:00","05/19/22 15:30:00",,,"H202250",0,"Suite à détarage crue décembre 2021 - DR"
1197318,117,"09/07/22 18:00:00","01/01/50 00:00:00",1400,5500,"H202250DB",12,"
Ajustement de courbe étiage 2023","T","08/06/24 14:38:00","08/07/24 13:58:00","08/17/23 13:30:00",,,"H202250DB",0,"MAJ supervision DB"
1197319,118,"12/15/04 00:00:00","12/01/06 00:00:00",-400,6100,"H200406jp",7,"courbe établie avec hauteurs échelle amont
jaugeages fait a VIC le COMTE","T","05/11/09 13:55:00","05/11/09 15:35:00","05/05/09 15:20:00",,,,,
1197320,118,"12/01/06 00:00:00","05/30/08 00:00:00",-400,6100,"H200608jp",6,"courbe établie avec les hauteurs de l'échelle amont
jaugeages réalisés aVIC le COMTE","T","05/11/09 13:54:00","05/11/09 15:35:00","05/05/09 15:20:00",,,,,
1197321,118,"11/27/93 00:00:00","11/01/94 00:00:00",-650,5100,"R199394",6,,"T",,"07/19/11 16:33:00","07/19/11 16:24:00",,,,,
1197322,118,"11/01/94 00:00:00","07/06/96 10:14:00",-650,5100,"R199496",5,,"T",,"07/19/11 17:47:00","07/19/11 16:24:00",,,,,
1197323,118,"07/03/98 03:16:00","09/06/98 09:14:00",-650,5100,"R199898",6,,"T",,"07/19/11 18:00:00","07/19/11 16:24:00",,,,,
1197324,118,"07/09/00 07:20:00","01/01/02 00:00:00",-650,5100,"R200002",10,,"T",,"07/19/11 18:14:00","07/19/11 16:24:00",,,,,
1197325,118,"09/06/98 09:14:00","07/09/00 07:20:00",-650,5100,"R199800",7,,"T",,"07/19/11 18:16:00","07/19/11 16:24:00",,,,,
1197326,118,"07/06/96 10:14:00","07/03/98 03:16:00",-650,5100,"R199698",6,,"T",,"07/20/11 09:58:00","07/19/11 16:24:00",,,,,
1197327,118,"12/04/03 12:10:00","12/15/04 00:00:00",-400,6100,"H200404jp",7,"1ere courbe faite avec les hauteurs de l'échelle amont a COUDES
les jaugeages sont fait a VIC le COMTE","T","05/11/09 13:55:00","07/20/11 10:31:00","05/05/09 15:20:00",,,,,
1197328,118,"01/01/02 00:00:00","12/04/03 12:10:00",-650,5100,"R200204",8,,"T",,"07/20/11 10:31:00","07/19/11 16:24:00",,,,,
1197329,118,"05/30/08 00:00:00","12/24/10 16:40:00",-400,6100,"H200810",6,"courbe établie avec hauteurs échelle amont
jaugeages réalisés a VIC le COMTE","T","06/17/13 14:46:00","06/17/13 14:47:00","05/05/09 15:20:00",,,,,
1197330,118,"12/24/10 16:40:00","01/01/50 00:00:00",-400,6100,"H201050ess",6,"courbe établie avec hauteurs échelle amont
jaugeages réalisés a VIC le COMTE","T",,"01/03/14 09:42:00","07/21/11 18:18:00",,,,,
1197331,118,"02/06/13 00:00:00","01/01/50 00:00:00",-400,6100,"H201050amo",6,"courbe établie avec hauteurs échelle amont
jaugeages réalisés a VIC le COMTE","T",,"07/09/15 09:08:00","01/16/15 16:00:00",,,,,
1197332,118,"12/24/10 16:40:00","02/06/13 00:00:00",-400,6100,"H201013",6,"courbe établie avec hauteurs échelle amont
jaugeages réalisés a VIC le COMTE","T","06/17/13 14:47:00","08/19/15 16:31:00","07/21/11 18:18:00",,,,,
1197333,118,"02/06/13 00:00:00","01/01/20 00:00:00",-400,6100,"H201320jpe",7,"Majorité de jaugeage à coudes 
Cote à environ 0.64 au moment du détarage","T","08/19/15 14:29:00","07/09/18 15:57:00","01/16/15 16:00:00",,,,0,
1197334,118,"02/06/13 00:00:00","02/05/17 21:05:00",-400,6100,"H201317",6,"Majorité de jaugeage à coudes 
Cote à environ 0.64 au moment du détarage","T","08/10/18 12:02:00","08/10/18 13:03:00","01/16/15 16:00:00",,,"H201317",0,
1197335,118,"02/05/17 21:05:00","01/01/30 00:00:00",-400,6100,"H201730anc",6," 
","T","08/10/18 13:01:00","04/07/21 11:39:00","01/16/15 16:00:00",,,"H201720",0,
1197336,118,"02/05/17 21:05:00","06/13/20 20:40:00",-400,6100,"H201720",8," 
","T","04/07/21 12:35:00","04/07/21 12:35:00","01/16/15 16:00:00",,,"H201720",0,
1197337,118,"06/13/20 20:40:00","01/01/30 00:00:00",-400,6100,"H202030",11," Crue du 13 juin 2020 pour Hmax 359cm 
et Qmax 789 m3/s
","T","09/16/22 10:50:00","03/30/23 11:20:00","01/16/15 16:00:00",,,"H202030",0,"modifié le tracé entre 30 et 50 pour mieux prendre en compte les 3 derniers jaugeages (30/03/2023) "
1197338,176,"06/13/20 08:20:00","01/23/21 04:55:00",240,5900,"H202021",5,"Detarage crue de juin 2020 (les tas de cailloux en rive droite de l'orage de l'auzon de 2014 ? son parti) Détarage cote 4.60m","T","04/06/22 16:43:00","04/06/22 16:43:00","07/21/11 16:26:00",,,"H202021",0,
1197339,176,"10/21/06 12:50:00","11/02/08 00:00:00",200,5900,"R200608",6,,"T","04/03/09 14:34:00","07/21/11 15:41:00","02/06/06 15:15:00",,,,,
1197340,176,"11/01/05 00:00:00","10/21/06 12:50:00",200,5900,"R200506",6,,"T","05/21/07 13:56:00","07/21/11 15:42:00","02/06/06 15:15:00",,,,,
1197341,176,"11/02/08 00:00:00","08/13/09 11:10:00",260,5900,"R200809",9,,"T","09/11/09 17:00:00","07/21/11 15:49:00","02/06/06 15:15:00",,,,,
1197342,176,"02/13/05 00:00:00","11/01/05 00:00:00",300,5900,"R200505",6,,"T","09/02/05 11:32:00","07/21/11 15:49:00","09/02/05 11:32:00",,,,,
1197343,176,"08/18/04 00:00:00","02/13/05 00:00:00",0,5900,"R200405",5,,"T","05/17/05 15:14:00","07/21/11 15:49:00","11/18/04 16:39:00",,,,,
1197344,176,"08/01/98 00:00:00","10/21/01 10:03:00",300,5500,"R199801",9,,"T",,"07/21/11 11:04:00","07/20/11 16:48:00",,,,,
1197345,176,"01/01/93 00:00:00","12/31/93 10:42:00",300,5500,"R199393",4,,"T",,"07/21/11 12:37:00","07/20/11 16:48:00",,,,,
1197346,176,"12/31/93 10:42:00","09/24/94 17:35:00",300,5500,"R199394",6,,"T",,"07/21/11 12:39:00","07/20/11 16:48:00",,,,,
1197347,176,"09/24/94 17:35:00","04/26/95 11:13:00",300,5500,"R199495",7,,"T",,"07/21/11 12:40:00","07/20/11 16:48:00",,,,,
1197348,176,"10/21/01 10:03:00","12/04/03 05:40:00",300,5500,"R200103",8,,"T",,"07/21/11 12:48:00","07/20/11 16:48:00",,,,,
1197349,176,"12/04/03 05:40:00","08/18/04 00:00:00",0,5900,"R200304",5,,"T","07/06/04 11:35:00","07/21/11 12:49:00","06/10/04 12:10:00",,,,,
1197350,176,"01/03/96 03:54:00","08/01/98 00:00:00",300,5500,"R199698",8,,"T",,"07/21/11 15:10:00","07/20/11 16:48:00",,,,,
1197351,176,"04/26/95 11:13:00","01/03/96 03:54:00",300,5500,"R199596",8,,"T",,"07/21/11 15:13:00","07/20/11 16:48:00",,,,,
1197352,176,"08/13/09 11:10:00","11/01/10 11:40:00",260,5900,"H200910",6,,"T",,"07/21/11 16:25:00","07/21/11 16:25:00",,,,,
1197353,176,"11/01/10 11:40:00","06/04/11 17:40:00",260,5900,"H201011",7,,"T","09/01/11 14:25:00","09/01/11 14:25:00","07/21/11 16:26:00",,,,,
1197354,176,"06/04/11 17:40:00","09/07/15 00:00:00",260,5900,"H201115",7,,"T","06/06/16 10:00:00","06/06/16 10:00:00","07/21/11 16:26:00",,,,,
1197355,176,"09/07/15 00:00:00","05/31/20 12:00:00",260,5900,"CTmodele",8,"extrapolation haute realisée par le laboratoire de BLOIS
","T","12/04/17 15:04:00","12/04/17 15:50:00","07/21/11 16:26:00",,,"CT modele",0,
1197356,176,"09/07/15 00:00:00","05/15/18 09:02:00",260,5900,"H201518",6,,"T","06/06/16 10:01:00","08/12/19 14:39:00","07/21/11 16:26:00",,,"H201518",0,
1197357,176,"05/15/18 09:02:00","06/13/20 08:20:00",240,5900,"H201820",4,,"T","07/31/20 13:45:00","07/31/20 14:08:00","07/21/11 16:26:00",,,"H201820",0,
1197358,176,"01/23/21 04:55:00","06/28/22 00:00:00",240,5900,"H2021-30",5,"Détarage coup d'eau de janvier 2021 cote 1.475m","T","04/06/22 16:44:00","10/16/23 14:44:00","07/21/11 16:26:00",,,"H2021-30",0,
1197359,176,"06/28/22 00:00:00","01/01/50 00:00:00",240,5900,"H2021-50",5,"Nouvelle courbe suite au coup d'eau de juin 2022.","T","04/06/22 16:44:00","12/04/23 15:37:00","07/21/11 16:26:00",,,"H2021-50",0,
1197360,129,"11/27/93 00:00:00","01/01/94 00:00:00",-200,2920,"C10321",10," ","C",,,,,,,,
1197361,129,"01/01/94 00:00:00","09/26/94 00:00:00",-300,3500,"C10322",12," ","C",,,,,,,,
1197362,129,"09/26/94 00:00:00","09/20/95 00:00:00",-50,3300,"C10323",14," ","C",,,,,,,,
1197363,129,"02/27/97 00:00:00","04/27/98 00:00:00",-90,3300,"97/2",5,,"T",,"06/29/20 11:34:00",,,,,0,
1197364,129,"09/20/95 00:00:00","02/27/97 00:00:00",-90,3300,"9601",5,,"T",,"06/29/20 11:35:00",,,,,0,
1197365,129,"04/27/98 00:00:00","03/01/02 00:00:00",-150,3500,"H199802",6,,"T",,"06/29/20 11:37:00",,,,,0,
1197366,129,"10/01/04 00:00:00","05/01/05 00:00:00",-460,3000,"H200405",7,,"T","05/17/05 15:16:00","06/29/20 11:21:00","12/17/04 15:44:00",,,,0,
1197367,129,"11/25/03 00:00:00","10/01/04 00:00:00",-460,3000,"H200304",7,,"T","07/22/04 06:51:00","06/29/20 11:30:00","07/22/04 06:51:00",,,,0,
1197368,129,"11/25/02 00:00:00","11/25/03 00:00:00",-500,3000,"H200203",5,,"T",,"06/29/20 11:31:00",,,,,0,
1197369,129,"03/01/02 00:00:00","11/25/02 00:00:00",-500,3000,"H200202",5,,"T",,"06/29/20 11:32:00",,,,,0,
1197370,129,"05/01/05 00:00:00","08/18/06 00:00:00",-460,3000,"H200506",6,,"T","06/21/06 15:28:00","06/29/20 11:41:00","01/27/06 10:05:00",,,,0,
1197371,129,"08/18/06 00:00:00","12/03/07 00:00:00",-460,3000,"H200607",6,,"T","07/23/08 11:24:00","06/29/20 11:09:00","01/27/06 10:05:00",,,,0,
1197372,129,"12/03/07 00:00:00","07/03/08 00:00:00",-460,3500,"H200708",6,"courbe changée suite aux travavaux de nettoyage de la pile du milieu du pont coté amont (embacle suite a la crue de décembre 2003)
les travaux ont commencé la semaine 49 en 2007
renseignements recus aupres de la DDE 63","T","09/15/08 15:38:00","06/29/20 11:18:00","01/27/06 10:05:00",,,,0,
1197373,129,"07/03/08 00:00:00","12/25/10 02:40:00",-460,3000,"H200810",7,,"T","03/14/11 09:53:00","06/29/20 11:11:00","02/08/10 10:54:00",,,,0,
1197374,129,"01/01/75 00:00:00","01/01/77 00:00:00",250,3400,"H197577 GC",4,,"T",,"02/25/13 14:25:00","02/25/13 14:25:00",,,,,
1197375,129,"01/01/75 00:00:00","01/01/77 00:00:00",250,3400,"H197577GC2",4,,"T",,"02/25/13 15:44:00","02/25/13 14:25:00",,,,,
1197376,129,"05/04/13 08:00:00","05/31/30 12:00:00",-750,4000,"H201330anc",7,"Modif GC suite jaugeage  astreinte crue du  24-11-2019..","T","11/25/19 14:57:00","06/29/20 10:45:00","02/08/10 10:54:00",,,"H201330",0,
1197377,129,"05/24/12 00:00:00","05/04/13 08:00:00",-750,3000,"H201213",7,,"T","08/10/12 15:25:00","06/29/20 10:57:00","02/08/10 10:54:00",,,,0,
1197378,129,"12/25/10 02:40:00","05/24/12 00:00:00",-460,3000,"H201012",7,,"T","08/10/12 15:24:00","06/29/20 11:16:00","02/08/10 10:54:00",,,,0,
1197379,129,"05/04/13 08:00:00","06/14/20 19:00:00",-750,3000,"H201320",8,"Modification  TB  zone de cassure CT pour zone de débordement suite 2 jaugeages astreinte  crue du 14-06-20","T","06/26/20 09:39:00","07/22/20 16:10:00","02/08/10 10:54:00",,,"H201320",0,
1197380,129,"06/14/20 19:00:00","02/02/21 17:00:00",-500,3000,"H202021",10,"
","T","02/23/21 16:39:00","02/23/21 17:39:00","07/22/20 16:11:00",,,"H202021",0,
1197381,129,"02/02/21 17:00:00","05/01/24 00:00:00",-800,3000,"H202150",13,"2/2/2021 17:00 max h = 1.89m
mise à jour pour prendre en compte les jaugeages d'août (HB)
Modification du bas de courbe pour prendre en compte le dernier jaugeage bas
","T","04/14/23 13:33:00","07/31/24 09:56:00","07/21/20 16:11:00",,,"H202150",0,
1197382,129,"05/01/24 00:00:00","01/01/50 00:00:00",-800,3000,"H2024_50",11,,"T","07/31/24 09:57:00","08/09/24 08:51:00","07/31/24 10:00:00",,,"H2024_50",0,"Rétarage apparu en basses eaux aprés la derniére crue du 01/05/2024"
1197383,123,"11/27/93 00:00:00","01/01/94 00:00:00",0,5000,"C10418",11," ","C",,,,,,,,
1197384,123,"01/01/94 00:00:00","01/04/94 00:00:00",0,5000,"C10419",16," ","C",,,,,,,,
1197385,123,"01/04/94 00:00:00","09/26/94 00:00:00",0,5000,"C10420",15," ","C",,,,,,,,
1197386,123,"09/26/94 00:00:00","10/22/94 00:00:00",600,5000,"C10421",9," ","C",,,,,,,,
1197387,123,"10/22/94 00:00:00","09/21/95 00:00:00",310,4520,"C10422",15," ","C",,,,,,,,
1197388,123,"09/21/95 00:00:00","01/04/96 00:00:00",230,4520,"C10423",14," ","C",,,,,,,,
1197389,123,"01/04/96 00:00:00","08/12/96 00:00:00",350,4520,"C10424",17," ","C",,,,,,,,
1197390,123,"08/12/96 00:00:00","09/22/96 00:00:00",350,4520,"C10425",5," ","C",,,,,,,,
1197391,123,"09/22/96 00:00:00","01/23/97 00:00:00",350,4520,"C10426",14," ","C",,,,,,,,
1197392,123,"01/23/97 00:00:00","01/20/98 00:00:00",350,4520,"C10427",15," ","C",,,,,,,,
1197393,123,"01/20/98 00:00:00","05/22/99 00:00:00",350,4520,"9802",24,,"T",,,,,,,,
1197394,123,"01/01/67 00:00:00","01/01/69 00:00:00",-560,5800,"R196770",6,,"T",,,,,,,,
1197395,123,"01/01/73 00:00:00","06/01/73 00:00:00",-520,5100,"R197373",4,,"T",,,,,,,,
1197396,123,"06/01/73 00:00:00","01/01/74 00:00:00",-550,5100,"R197374",8,,"T",,,,,,,,
1197397,123,"01/01/74 00:00:00","07/01/77 00:00:00",-700,5200,"R197476",8,,"T",,,,,,,,
1197398,123,"06/01/76 00:00:00","01/01/77 00:00:00",-720,5200,"R197677",7,,"T",,,,,,,,
1197399,123,"01/01/77 00:00:00","11/01/77 00:00:00",-730,5100,"R197777",7,,"T",,,,,,,,
1197400,123,"08/01/78 00:00:00","08/29/79 00:00:00",-730,5100,"R197879",9,,"T",,,,,,,,
1197401,123,"11/01/77 00:00:00","08/01/78 00:00:00",-730,5100,"R197778",9,,"T",,,,,,,,
1197402,123,"05/22/99 00:00:00","10/01/00 00:00:00",230,5000,"H199900",5,,"T",,,,,,,,
1197403,123,"10/01/00 00:00:00","10/08/03 00:00:00",40,2700,"H200003",5,,"T",,"05/24/05 17:12:00","06/30/04 15:53:00",,,,,
1197404,123,"10/08/03 00:00:00","11/05/04 00:00:00",40,7000,"H200304",4,,"T","07/05/04 16:47:00","06/07/05 15:22:00","04/19/04 00:00:00",,,,,
1197405,123,"11/05/04 00:00:00","08/15/05 00:00:00",120,7000,"H200405",4,,"T","06/27/06 00:00:00","06/27/06 14:13:00","09/05/05 12:04:00",,,,,
1197406,123,"05/22/99 00:00:00","10/01/00 00:00:00",200,5000,"H199900Co",4,,"T",,"01/16/07 10:13:00","01/16/07 00:00:00",,,,,
1197407,123,"08/15/05 00:00:00","08/15/07 00:00:00",120,7000,"H200507",4,,"T","07/23/08 11:28:00","06/17/09 11:43:00","06/19/06 00:00:00",,,,,
1197408,123,"08/15/07 00:00:00","11/02/08 00:00:00",120,7000,"H200708",5,"détarage suite crues passage proche jaugeage edf","T","07/17/09 17:01:00","07/17/09 17:01:00","06/19/06 00:00:00",,,,,
1197409,123,"11/02/08 00:00:00","02/27/10 00:00:00",120,7000,"H200810",6,"détarage suite crues passage proche jaugeage edf","T","07/15/10 15:21:00","07/15/10 15:21:00","06/19/06 00:00:00",,,,,
1197410,123,"02/27/10 00:00:00","11/20/13 15:50:00",120,7000,"H201013",5,"détarage suite crues passage proche jaugeage edf","T","06/01/12 14:08:00","04/14/14 09:21:00","06/19/06 00:00:00",,,,,
1197411,123,"11/20/13 15:50:00","03/03/15 13:20:00",120,7000,"H201315",5,"détarage suite crues passage proche jaugeage edf","T","07/03/15 10:29:00","07/03/15 10:30:00","06/19/06 00:00:00",,,,,
1197412,123,"03/03/15 13:20:00","01/05/18 11:37:00",0,7000,"H201518",5,"détarage suite crues passage proche jaugeage edf","T","08/02/18 16:09:00","08/03/18 09:53:00","06/19/06 00:00:00",,,"H201518",0,
1197413,123,"01/05/18 11:37:00","06/15/20 00:00:00",0,7000,"H201820",7," 
","T","07/22/20 16:22:00","07/22/20 17:04:00","08/02/18 16:00:00",,,"H201820",0,
1197414,123,"06/15/20 00:00:00","02/02/21 23:00:00",100,4000,"H202021",10,"Détarage suite crue du 14-15juin 2020.
Comblement important du lit au niveau  contrôle hydraulique.","T","04/27/21 15:40:00","04/27/21 16:05:00","07/22/20 16:45:00",,,"H202021",0,
1197415,123,"01/01/24 00:00:00","01/01/50 00:00:00",-250,4000,"H202150",10,"Crue 02/02/2021 23:00 Hmax 288cm
 et Qmax 471 m3/s
bas de courbe échelle et capteurs dénoyés","T","08/05/22 09:37:00","06/02/25 10:22:00","04/27/21 00:00:00",,,"H202150DR",0,"Modification entre 15 et 80 pour prendre en compte le détarage en cours
"
1197416,123,"02/02/21 23:00:00","01/01/24 00:00:00",-250,4000,"H202124",16,"Crue 02/02/2021 23:00 Hmax 288cm
 et Qmax 471 m3/s
bas de courbe échelle et capteurs dénoyés","T","08/05/22 09:37:00","11/18/24 15:23:00","04/27/21 00:00:00",-250,4000,"H202124",0,"Modification entre 15 et 80 pour prendre en compte le détarage en cours
"
1197417,333,"01/25/96 00:00:00","01/23/97 00:00:00",-310,4400,"C10249",15," ","C",,,,,,,,
1197418,333,"01/23/97 00:00:00","07/03/98 00:00:00",-260,4400,"9801",19,,"T",,,,,,,,
1197419,333,"07/03/98 00:00:00","05/20/99 00:00:00",-300,4400,"9802",21,,"T",,,,,,,,
1197420,333,"05/20/99 00:00:00","12/29/99 00:00:00",-300,4400,"B9902",5,,"T",,,,,,,,
1197421,333,"11/27/93 00:00:00","03/02/94 00:00:00",-500,4000,"C10243",13," ","C",,,,,,,,
1197422,333,"03/02/94 00:00:00","06/27/94 00:00:00",-500,4000,"C10244",13," ","C",,,,,,,,
1197423,333,"06/27/94 00:00:00","01/24/95 00:00:00",-600,4000,"C10245",14," ","C",,,,,,,,
1197424,333,"01/24/95 00:00:00","08/09/95 00:00:00",-200,4400,"C10246",14," ","C",,,,,,,,
1197425,333,"08/09/95 00:00:00","09/02/95 00:00:00",-310,4400,"C10247",12," ","C",,,,,,,,
1197426,333,"09/02/95 00:00:00","01/25/96 00:00:00",-310,4400,"C10248",15," ","C",,,,,,,,
1197427,333,"12/29/99 00:00:00","11/30/01 00:00:00",-500,4000,"H199901",5,,"T",,,,,,,,
1197428,333,"11/30/01 00:00:00","01/01/10 00:00:00",-740,6100,"H200110",7,,"T","12/04/03 11:32:00","12/11/03 14:36:00","12/04/03 11:32:00",,,,,
1197429,573,"01/01/73 00:00:00","03/01/75 00:00:00",700,1900,"C10297",25,,"C",,"01/21/22 17:08:00",,,,"H1973-1",0,
1197430,573,"03/01/75 00:00:00","01/01/76 00:00:00",150,360,"C10298",11,,"C",,"01/21/22 17:09:00",,,,"H1975-1",0,
1197431,573,"04/07/81 00:00:00","01/19/87 00:00:00",90,300,"C10300",22,,"C",,"01/21/22 17:11:00",,,,"H1981-1",0,
1197432,573,"01/01/76 00:00:00","04/07/81 00:00:00",70,300,"C10299",42,,"C",,"01/21/22 17:11:00",,,,"H1976-1",0,
1197433,573,"01/19/87 00:00:00","12/25/89 00:00:00",100,200,"C10301",29,,"C",,"01/21/22 17:12:00",,,,"H1987-1",0,
1197434,573,"12/25/89 00:00:00","01/03/92 00:00:00",10,300,"C10302",16,,"C",,"01/21/22 17:13:00",,,,"H1989-1",0,
1197435,573,"01/03/92 00:00:00","01/09/93 00:00:00",10,200,"C10303",9,,"C",,"01/21/22 17:13:00",,,,"H1992-1",0,
1197436,573,"01/10/93 00:00:00","04/30/93 00:00:00",10,200,"C10304",9,,"C",,"01/21/22 17:14:00",,,,"H1993-1",0,
1197437,573,"04/30/93 00:00:00","02/16/97 00:00:00",10,200,"C10305",8,,"C",,"01/21/22 17:15:00",,,,"H1993-2",0,
1197438,573,"02/16/97 00:00:00","08/03/98 00:00:00",50,250,"021997",11,,"C",,"01/21/22 17:16:00",,,,"H1997-1",0,
1197439,573,"08/03/98 00:00:00","11/30/00 00:00:00",50,250,"081998",13,,"C",,"01/21/22 17:16:00",,,,"H1998-1",0,
1197440,574,"12/03/11 13:00:00","10/31/17 16:40:00",200,1300,"H2011-1",20,"MAJ le 21/10/2016 suite à jaugeages de crue et modélisation BaRatin (JNA)","C",,,,,,"H2011-1",,
1197441,574,"03/11/08 15:38:00","12/03/11 13:00:00",200,1200,"H2008-1",31,"Modification du haut de courbe (en dessus de 80cm) suite à jaugeages de crue et étude BaRatin","C",,"02/17/22 08:48:00",,,,"H2008-1",0,
1197442,574,"05/31/04 00:00:00","03/11/08 15:38:00",160,1300,"H2005-1",13,"MAJ 90-200 le 28/03/06 MAJ 125-160 le 02/04/07 MAJ 16/12/05  station alimentée par canal en basses eaux dans configuration été 2005 MAJ 21/01/2016 modification haut courbe > 120cm suite à jaugeages crues et modelisation BaRatin","C",,"02/17/22 08:48:00",,,,"H2005-1",0,
1197443,574,"11/09/01 00:00:00","05/31/04 00:00:00",220,1610,"H2001-1",10,"MAJ 21/01/2016 modification haut courbe > 120cm suite à jaugeages crues et modelisation BaRatin MAJ 03/02/2016 modification bas de courbe <30cm","C",,"02/17/22 08:49:00",,,,"H2001-1",0,
1197444,574,"11/19/92 00:00:00","11/09/01 00:00:00",190,1610,"1992_1",9,,"C",,"02/17/22 08:49:00",,,,"H1992-1",0,
1197445,574,"01/01/89 00:00:00","03/04/89 00:00:00",100,1250,"C5532",14,,"C",,"02/17/22 08:51:00",,,,"H1989-1",0,
1197446,574,"03/04/89 00:00:00","12/22/91 00:00:00",150,1000,"C5533",15,,"C",,"02/17/22 08:51:00",,,,"H1989-2",0,
1197447,574,"01/01/88 00:00:00","01/01/89 00:00:00",200,2500,"C5531",17,,"C",,"02/17/22 08:52:00",,,,"H1988-1",0,
1197448,574,"12/22/91 00:00:00","11/19/92 00:00:00",150,1000,"C5534",15,,"C",,"02/17/22 09:47:00",,,,"H1991-1",0,
1197449,575,"04/01/10 00:00:00","05/30/12 09:00:00",180,300,"H2010-2012",11,"ATTENTION cette courbe ne tient compte que du débit au droit de l'échelle, conformémént au commentaire sous hydro, depuis 2006 on ne fournit plus que le débit qui transite par le canal, on ne mesure pas ce qui passe par le moulin.","C",,"04/19/22 11:30:00",,,,"H2010-2012",0,
1197450,575,"01/01/09 00:00:00","04/01/10 00:00:00",200,300,"H2009-2010",4,"ATTENTION cette courbe ne tient compte que du débit au droit de l'échelle, conformémént au commentaire sous hydro, depuis 2006 on ne fournit plus que le débit qui transite par le canal, on ne mesure pas ce qui passe par le moulin.","C",,"04/19/22 11:31:00",,,,"H2009-2010",0,
1197451,575,"02/13/05 00:00:00","01/01/09 00:00:00",100,700,"H2005-2009",6,,"C",,"04/19/22 11:32:00",,,,"H2005-2009",0,
1197452,575,"10/23/03 00:00:00","02/13/05 00:00:00",200,350,"H2003-2005",5,,"C",,"04/19/22 11:33:00",,,,"H2003-2005",0,
1197453,575,"05/26/98 00:00:00","10/23/03 00:00:00",100,300,"H1998-2003",5,,"C",,"04/19/22 11:34:00",,,,"H1998-2003",0,
1197454,575,"01/04/95 00:00:00","05/26/98 00:00:00",200,400,"H1995-1998",10,,"C",,"04/19/22 11:34:00",,,,"H1995-1998",0,
1197455,575,"01/08/91 00:00:00","01/04/95 00:00:00",200,300,"H1991-1995",18,,"C",,"04/19/22 11:35:00",,,,"H1991-1995",0,
1197456,575,"01/01/90 00:00:00","01/08/91 00:00:00",0,360,"H1990-1991",18,,"C",,"04/19/22 11:36:00",,,,"H1990-1991",0,
1197457,576,"01/01/76 00:00:00","01/01/91 00:00:00",60,1300,"C10462",65,,"C",,"04/19/22 15:28:00",,,,"H1976-1991",0,
1197458,576,"05/28/08 00:00:00","09/20/17 00:00:00",100,1000,"H2008-1",11,,"T",,"04/19/22 15:29:00",,,,"H2008-2017",0,
1197459,576,"01/01/74 00:00:00","01/01/76 00:00:00",100,1300,"C10461",61,,"C",,"04/19/22 15:30:00",,,,"H1974-1976",0,
1197460,576,"01/16/05 00:00:00","05/28/08 00:00:00",100,1000,"H2005-1",9,,"T",,"04/19/22 15:31:00",,,,"H2005-2008",0,
1197461,576,"01/01/91 00:00:00","01/16/05 00:00:00",100,1000,"H1991-1",11,,"C",,"04/19/22 15:32:00",,,,"H1991-2005",0,
1197462,578,"01/01/73 00:00:00","02/06/81 00:00:00",400,2100,"H1973-1981",26,,"C",,,,,,"H1973-1981",,
1197463,578,"02/06/81 00:00:00","11/26/92 00:00:00",300,2100,"H1981-1992",26,,"C",,,,,,"H1981-1992",,
1197464,579,"11/26/92 00:00:00","03/19/95 00:00:00",230,950,"H1992-1995",20,,"C",,,,,,"H1992-1995",,
1197465,579,"03/19/95 00:00:00","05/01/99 00:00:00",330,950,"H1995_1999",13,,"C",,,,,,"H1995_1999",,
1197466,79,"04/15/22 12:00:00","03/11/23 22:00:00",-50,2580,"H2022-23",12,"12/07/2022 Création nouvelle courbe suite à enlevement des embâcles le 15/04/2022 DR","T",,"01/09/25 09:36:00",,,,"H2022-23",0,
1197467,79,"07/18/18 00:00:00","04/15/22 12:00:00",25,2580,"H201830",8,,"T","07/05/21 09:09:00","01/09/25 09:40:00","08/31/18 00:00:00",,,"H201830",0,
1197468,79,"03/11/23 22:00:00","06/14/24 00:00:00",-50,2580,"H2023-24",7,"Changement de courbe de tarage suite à la crue du 12/03/2023","T","01/07/25 11:02:00","01/30/25 16:03:00","09/19/24 10:01:00",,,"H2023-24",0,
1197469,79,"10/31/03 00:00:00","06/01/04 00:00:00",-190,1490,"H200304",10,,"T","02/24/05 00:00:00","10/17/05 15:38:00","06/14/04 10:36:00",,,,,
1197470,79,"01/01/06 00:00:00","05/26/07 00:00:00",-100,2500,"H200607",8,,"T",,"10/08/10 12:36:00","03/12/07 09:10:00",,,,,
1197471,79,"08/16/01 22:10:00","10/31/03 00:00:00",-155,1270,"H200103",10,,"T","02/24/05 00:00:00","10/11/10 16:12:00",,,,,,
1197472,79,"06/01/04 00:00:00","01/01/06 00:00:00",-330,1550,"H200406",9,,"T",,"10/11/10 16:33:00","10/11/10 16:25:00",,,,,
1197473,79,"10/01/08 00:00:00","01/10/12 06:00:00",180,2000,"H200812",14,,"T","09/02/11 14:54:00","01/09/25 09:54:00","06/10/10 10:00:00",,,,0,
1197474,79,"10/01/07 00:00:00","10/01/08 00:00:00",180,2120,"H200708",8,,"T","07/31/08 09:04:00","01/03/17 09:57:00","11/22/07 14:15:00",,,"H200708",0,
1197475,79,"01/01/99 00:00:00","08/16/01 22:10:00",-190,1270,"H199901",10,,"T",,"02/06/17 14:57:00",,,,"H199901",0,
1197476,79,"09/09/16 21:20:00","07/18/18 00:00:00",-100,2580,"H201618",12,"detarage bas de ct","T","08/31/18 13:47:00","01/09/25 09:44:00","12/12/16 11:00:00",,,"H201618",0,
1197477,79,"11/18/13 00:00:00","09/09/16 21:20:00",-100,2580,"H201316",13,,"T","12/12/16 10:28:00","01/09/25 09:48:00","11/25/13 00:00:00",,,"H201316",0,
1197478,79,"01/10/12 06:00:00","11/18/13 00:00:00",180,2000,"H201213",13,,"T","11/25/13 14:17:00","01/09/25 09:51:00","06/10/10 10:00:00",,,"H201213",0,
1197479,79,"06/14/24 00:00:00","01/01/50 00:00:00",-50,2580,"H2024-50",8,,"T","01/30/25 15:22:00","01/30/25 16:05:00","01/30/25 15:27:00",,,"H2024-50",0,"Changement de CT à compter du 14/06/24.
Détarage en moyennes et basses eaux."
1197480,343,"10/17/24 18:00:00","01/01/50 00:00:00",480,1750,"H2024_50",4,,"T","03/17/25 11:23:00","06/06/25 11:27:00","03/17/25 11:34:00",,,"H2024_50",0,"Création d'une nouvelle CT suite au détarage lié à la crue du 18/10/2024 (165 cm pour 21.5 m3/s)."
1197481,343,"07/01/14 00:00:00","06/14/16 15:00:00",480,1750,"H201416",18,,"T","02/12/18 10:01:00","02/12/18 11:20:00","11/10/11 11:49:00",,,"H201416",0,
1197482,343,"11/02/11 10:25:00","07/01/14 00:00:00",480,1750,"H201114",17,,"T","02/12/18 11:22:00","02/12/18 11:24:00","11/10/11 11:49:00",,,"H201114",0,
1197483,343,"06/14/16 15:00:00","07/01/19 00:00:00",480,1750,"H201619",16,,"T","07/19/19 10:40:00","07/19/19 10:41:00","08/05/16 15:00:00",,,"H201619",0,
1197484,343,"01/01/00 00:00:00","01/01/01 00:00:00",12,5000,"BARHyp_inf",100,"h/q Baratin : Qmin","C",,,,,,,,
1197485,343,"01/01/00 00:00:00","01/01/01 00:00:00",12,5000,"BARHyp_sup",100,"h/q Baratin : Qmax","C",,,,,,,,
1197486,343,"01/01/00 00:00:00","01/01/01 00:00:00",12,5000,"BARHyp",100,"h/q Baratin : Qmaxpost","C",,,,,,,,
1197487,343,"07/01/19 00:00:00","01/01/22 00:00:00",480,1750,"H2019_22",9,"changement suite cote 0 debit
Provisoire DB","T","12/29/21 16:56:00","06/01/22 15:41:00","07/19/19 10:45:00",,,"H2019_22",0,
1197488,343,"01/01/22 00:00:00","10/18/24 12:00:00",480,1750,"H2022_24",10,,"T","03/17/25 11:35:00","03/17/25 11:36:00","06/01/22 15:00:00",,,"H2022_24",0,
1197489,81,"07/11/22 12:00:00","06/21/24 19:00:00",30,2000,"H2022_24",12,"Création d'une nouvelle courbe suite au travaux d'aménagement du tronçon, pose d'une contraction sur le seuil, et enrochements à l'aval.","T","09/13/24 11:10:00","09/13/24 11:32:00","07/22/22 12:00:00",,,"H2022_24",0,"Détarage suite à la crue du 21/06/2024"
1197490,81,"06/21/24 19:00:00","01/01/50 00:00:00",30,2000,"H2024_50",9,"Création d'une nouvelle courbe de tarage suite à la crue du 21/06/2024.
Modifiée suite au jaugeage du 10/01/2025.
","T","01/10/25 12:54:00","06/06/25 11:45:00","09/13/24 11:30:00",,,"H2024_50",0,"Effacement du seuil estimé à 22 cm => cassure n°1"
1197491,81,"10/07/00 16:05:00","10/07/50 16:05:00",12,5000,"Gouzon_inf",100,"h/q Baratin : Qmin","C",,,,,,,,
1197492,81,"10/07/00 16:05:00","10/07/50 16:05:00",12,5000,"Gouzon_sup",100,"h/q Baratin : Qmax","C",,,,,,,,
1197493,81,"10/07/00 16:05:00","10/07/50 16:05:00",12,5000,"Gouzon",100,"h/q Baratin : Qmaxpost","C",,,,,,,,
1197494,81,"01/01/74 00:00:00","01/01/75 00:00:00",0,99990,"H197475",17,,"C",,"10/26/10 16:17:00",,,,,,
1197495,81,"01/01/75 00:00:00","01/01/76 00:00:00",50,1700,"H197576",21,,"C",,"10/26/10 16:20:00",,,,,,
1197496,81,"01/01/76 00:00:00","01/01/77 00:00:00",30,1700,"H197677",21,,"C",,"10/26/10 16:21:00",,,,,,
1197497,81,"01/01/77 00:00:00","01/01/78 00:00:00",70,1700,"H197778",16,,"C",,"10/26/10 16:23:00",,,,,,
1197498,81,"07/31/78 00:00:00","01/01/79 00:00:00",50,1700,"H197879",17,,"C",,"10/26/10 16:27:00",,,,,,
1197499,81,"01/01/79 00:00:00","01/01/80 00:00:00",50,1700,"H197980",15,,"C",,"10/26/10 16:28:00",,,,,,
1197500,81,"06/02/89 00:00:00","02/14/90 00:00:00",40,1400,"H198990",14,,"C",,"10/26/10 16:44:00",,,,,,
1197501,81,"02/14/90 00:00:00","01/01/91 00:00:00",50,1400,"H199091",14,,"C",,"10/26/10 16:45:00",,,,,,
1197502,81,"01/01/91 00:00:00","01/01/92 00:00:00",40,1400,"H199192",14,,"C",,"10/26/10 16:47:00",,,,,,
1197503,81,"01/01/92 00:00:00","01/01/93 00:00:00",50,1400,"H199293",15,,"C",,"10/26/10 16:48:00",,,,,,
1197504,81,"01/01/93 00:00:00","01/01/94 00:00:00",80,1400,"H199394",22,,"C",,"10/26/10 16:49:00",,,,,,
1197505,81,"01/01/94 00:00:00","01/24/95 00:00:00",80,1400,"H199495",22,,"C",,"10/26/10 16:50:00",,,,,,
1197506,81,"01/24/95 00:00:00","01/11/96 00:00:00",80,1400,"H199596",20,,"C",,"10/26/10 16:51:00",,,,,,
1197507,81,"01/11/96 00:00:00","01/20/98 00:00:00",60,1400,"H199698",20,,"C",,"10/26/10 16:52:00",,,,,,
1197508,81,"01/20/98 00:00:00","01/01/00 00:00:00",40,1600,"H199800",19,,"C",,"10/26/10 16:53:00",,,,,,
1197509,81,"01/01/00 00:00:00","11/01/01 00:00:00",50,2200,"H200001",10,,"T",,"10/26/10 16:55:00",,,,,,
1197510,81,"09/15/05 00:00:00","04/01/07 00:00:00",37,1620,"H200507",9,,"T","06/19/06 10:55:00","10/26/10 17:05:00","10/14/05 10:10:00",,,,,
1197511,81,"01/01/73 00:00:00","01/01/74 00:00:00",0,99990,"H197374",15,,"C",,"10/27/10 10:01:00",,,,,,
1197512,81,"01/01/78 00:00:00","07/31/78 00:00:00",70,1700,"H197878",17,,"C",,"10/27/10 10:12:00",,,,,,
1197513,81,"01/01/80 00:00:00","01/01/81 00:00:00",50,1700,"H198081",17,,"C",,"10/26/10 16:30:00",,,,,,
1197514,81,"01/01/81 00:00:00","01/01/83 00:00:00",50,1700,"H198183",17,,"C",,"10/26/10 16:32:00",,,,,,
1197515,81,"01/01/83 00:00:00","01/01/84 00:00:00",60,1700,"H198384",17,,"C",,"10/26/10 16:34:00",,,,,,
1197516,81,"01/01/84 00:00:00","01/01/85 00:00:00",60,1700,"H198485",19,,"C",,"10/26/10 16:35:00",,,,,,
1197517,81,"01/01/85 00:00:00","01/01/86 00:00:00",40,1700,"H198586",15,,"C",,"10/26/10 16:36:00",,,,,,
1197518,81,"01/01/86 00:00:00","01/01/87 00:00:00",40,1700,"H198687",15,,"C",,"10/26/10 16:38:00",,,,,,
1197519,81,"01/01/87 00:00:00","01/05/88 00:00:00",50,1700,"H198788",16,,"C",,"10/26/10 16:39:00",,,,,,
1197520,81,"01/05/88 00:00:00","01/01/89 00:00:00",50,1400,"H198889",13,,"C",,"10/26/10 16:40:00",,,,,,
1197521,81,"01/01/89 00:00:00","06/02/89 00:00:00",50,1400,"H198989",13,,"C",,"10/26/10 16:42:00",,,,,,
1197522,81,"01/01/04 00:00:00","09/15/05 00:00:00",63,1510,"H200405",10,,"T",,"10/14/05 09:25:00","05/30/05 11:17:00",,,,,
1197523,81,"11/04/09 13:59:00","01/27/14 06:00:00",40,2000,"H200914",13,"station CTH en 2011 et 2012","T","11/22/13 11:47:00","06/13/14 09:37:00","10/09/07 11:51:00",,,,,
1197524,81,"10/10/00 12:00:00","02/01/01 12:00:00",12,5000,"CT GOU_inf",100,"h/q Baratin : Qmin","C",,,,,,,,
1197525,81,"10/10/00 12:00:00","02/01/01 12:00:00",12,5000,"CT GOU_sup",100,"h/q Baratin : Qmax","C",,,,,,,,
1197526,81,"10/10/00 12:00:00","02/01/01 12:00:00",12,5000,"CT GOU",100,"h/q Baratin : Qmaxpost","C",,,,,,,,
1197527,81,"01/01/01 00:00:00","01/02/01 00:00:00",12,5000,"CT_inf",100,"h/q Baratin : Qmin","C",,,,,,,,
1197528,81,"01/01/01 00:00:00","01/02/01 00:00:00",12,5000,"CT_sup",100,"h/q Baratin : Qmax","C",,,,,,,,
1197529,81,"01/01/01 00:00:00","01/02/01 00:00:00",12,5000,"CT",100,"h/q Baratin : Qmaxpost","C",,,,,,,,
1197530,81,"11/01/01 00:00:00","01/01/04 00:00:00",30,280,"H200104",12,,"T","02/17/04 00:00:00","01/03/17 10:39:00",,,,"H200104",0,
1197531,81,"04/01/07 00:00:00","11/04/09 13:59:00",40,2000,"H200709",11,,"T","11/09/09 16:58:00","01/03/17 10:47:00","10/09/07 11:51:00",,,"H200709",0,
1197532,81,"08/07/14 00:00:00","06/15/16 00:00:00",10,2000,"H201416",10,,"T","08/05/16 14:34:00","01/03/17 11:04:00","06/12/14 10:00:00",,,"H201416",0,
1197533,81,"01/27/14 06:00:00","08/07/14 00:00:00",40,2000,"H201414",10,,"T","02/27/17 16:15:00","03/20/17 14:24:00","06/12/14 10:00:00",,,"H201414",0,
1197534,81,"01/00/00 00:00:00","01/00/00 00:00:00",12,5000,"BGou2_inf",100,"h/q Baratin : Qmin","C",,,,,,,,
1197535,81,"01/00/00 00:00:00","01/00/00 00:00:00",12,5000,"BGou2_sup",100,"h/q Baratin : Qmax","C",,,,,,,,
1197536,81,"01/00/00 00:00:00","01/00/00 00:00:00",12,5000,"BGou2",100,"h/q Baratin : Qmaxpost","C",,,,,,,,
1197537,81,"06/15/16 00:00:00","01/15/20 00:00:00",35,2000,"H201620",12,"modif.detarrage bas de courbe
Nouvelle courbe de crue avec baratin","T","02/06/20 09:30:00","02/06/20 09:39:00","08/05/16 15:00:00",,,"H201620",0,
1197538,81,"01/15/20 00:00:00","04/20/21 00:00:00",35,2000,"H202021",11,"ct rajeuni ","T","02/09/21 16:06:00","05/10/21 10:50:00","02/06/20 15:00:00",,,"H202021",0,
1197539,81,"04/20/21 00:00:00","01/01/22 00:00:00",35,2000,"H2021_22",14,,"T","09/21/21 14:48:00","06/01/22 15:11:00","05/10/21 10:00:00",,,"H2021_22",0,
1197540,81,"01/01/22 00:00:00","07/11/22 12:00:00",35,2000,"H2022_22",11,,"T",,"07/22/22 12:14:00","06/01/22 10:00:00",,,"H2022_22",0,
1197541,198,"07/01/22 00:00:00","01/01/50 00:00:00",-1258,4500,"H2022_50",12,"Nouvelle courbe : détarage suite à la crue du 30/06/2022.","T","12/15/22 15:22:00","02/14/25 10:07:00","12/15/22 12:00:00",,,"H2022_50",0,"Zéro écoulement à -129.2 cm"
1197542,198,"01/01/01 12:00:00","02/01/01 12:00:00",12,5000,"CT_inf",100,"h/q Baratin : Qmin","C",,,,,,,,
1197543,198,"01/01/01 12:00:00","02/01/01 12:00:00",12,5000,"CT_sup",100,"h/q Baratin : Qmax","C",,,,,,,,
1197544,198,"01/01/01 12:00:00","02/01/01 12:00:00",12,5000,"CT",100,"h/q Baratin : Qmaxpost","C",,,,,,,,
1197545,198,"04/01/07 14:00:00","12/25/10 08:10:00",-1160,5000,"H200710",11,,"T","03/04/11 12:23:00","01/03/17 11:22:00","09/03/08 09:27:00",,,,0,
1197546,198,"01/01/05 00:00:00","04/01/07 14:00:00",-1160,3300,"H200507",8,,"T","10/26/10 10:28:00","01/09/17 09:56:00","11/23/07 11:15:00",,,"H200507",0,
1197547,198,"12/25/10 08:10:00","01/08/14 08:00:00",-1260,5000,"H201014",11,,"T","07/24/15 17:04:00","02/20/17 16:01:00","09/03/08 09:27:00",,,,0,
1197548,198,"07/09/15 12:00:00","06/04/17 21:00:00",-1230,3000,"H201517",13,"Nouvelle courbe de crue avec Baratin 23/05/2016
","T","08/07/17 11:46:00","11/13/17 08:24:00","08/05/16 12:00:00",,,"H201517",0,
1197549,198,"01/08/14 08:00:00","07/09/15 12:00:00",-1230,5000,"H201415",12,,"T","11/02/15 09:55:00","11/13/17 08:54:00","07/24/15 17:00:00",,,"H201415",0,
1197550,198,"06/04/17 21:00:00","06/11/19 22:30:00",-1150,4500,"H201719",13,"Nouvelle courbe de crue avec Baratin 23/05/2016
","T","07/01/19 11:21:00","07/01/19 11:22:00","08/07/17 12:00:00",,,"H201719",0,
1197551,198,"06/11/19 22:30:00","07/01/22 00:00:00",-1200,4500,"H201930",12,"Nouvelle courbe de crue avec Baratin 23/05/2016
MAJ étiage 2022
","T","10/12/21 14:34:00","12/15/22 15:26:00","08/07/17 12:00:00",-1230,4500,"H201930",0,
1197552,196,"01/25/23 15:00:00","10/18/24 00:00:00",-1350,3500,"H2023-24",12,"Création d'une nouvelle courbe suite au détarage du aux lachers du barrage de Rochebrut fin janvier.","T","08/21/24 13:10:00","03/28/25 14:48:00","02/24/23 10:00:00",,,"H2023-24",0,
1197553,196,"12/30/21 00:00:00","01/25/23 15:00:00",-1300,3500,"H2021_23",13,"Création d'une nouvelle courbe suite au coup d'eau du 30/12/2021","T","02/24/23 10:32:00","03/28/25 14:57:00","12/16/22 10:30:00",,,"H2021_23",0,
1197554,196,"10/18/24 00:00:00","01/01/50 00:00:00",-1350,3500,"H2024_50",5,,"T","03/28/25 14:34:00","05/22/25 15:07:00","10/18/24 00:00:00",,,"H2024_50",0,"Création d'une nouvelle CT suite au détarage lié à la crue du 18/10/2024"
1197555,196,"04/01/09 00:00:00","10/26/12 14:00:00",-1343,2700,"H200912",18,"station CTH en 2011 et 2012","T","11/07/12 14:20:00","10/31/14 14:01:00","09/26/08 10:32:00",,,,,
1197556,196,"05/23/08 00:00:00","04/01/09 00:00:00",-1300,2700,"H200809",7,,"T","11/09/09 15:34:00","10/31/14 14:09:00","09/26/08 10:32:00",,,,,
1197557,196,"01/01/07 00:00:00","05/23/08 00:00:00",-1300,2700,"H200708",9,,"T","07/31/08 09:08:00","10/31/14 14:10:00","04/16/07 09:35:00",,,,,
1197558,196,"12/31/03 00:00:00","01/01/07 00:00:00",-1280,1000,"H200307",14,,"C",,"10/31/14 14:12:00",,,,,,
1197559,196,"10/26/12 14:00:00","02/01/15 14:00:00",-1400,2700,"H201215",10,"Courbe refaite suite aux points Points modèles DB","T","12/15/14 09:58:00","06/29/15 09:36:00","09/26/08 10:32:00",,,,,
1197560,196,"08/12/92 00:00:00","12/31/03 00:00:00",-1280,2800,"H199203",8,,"C",,"01/09/17 11:07:00",,,,"H199203",0,
1197561,196,"02/01/15 14:00:00","09/04/16 12:00:00",-1400,2700,"H201516",11,"Courbe refaite suite aux points Points modèles DB haut de courbe","T","06/09/17 11:08:00","06/09/17 11:08:00","09/26/08 10:32:00",,,"H201516",0,
1197562,196,"01/01/00 00:00:00","01/01/01 00:00:00",12,5000,"CT mon_inf",100,"h/q Baratin : Qmin","C",,,,,,,,
1197563,196,"01/01/00 00:00:00","01/01/01 00:00:00",12,5000,"CT mon_sup",100,"h/q Baratin : Qmax","C",,,,,,,,
1197564,196,"01/01/00 00:00:00","01/01/01 00:00:00",12,5000,"CT mon",100,"h/q Baratin : Qmaxpost","C",,,,,,,,
1197565,196,"09/04/16 12:00:00","02/23/19 00:00:00",-1300,2700,"H201619",12,"Courbe refaite suite aux nouveaux points points modèles SPC. Uniquement Haut de courbe : > H = 100cm pris en compte le bas de la CT modèle ne respectant pas les mesures hors mis la mesure de la crue de 2003","T","04/24/19 09:38:00","04/24/19 09:39:00","09/26/08 10:32:00",,,"H201619",0,
1197566,196,"01/00/00 00:00:00","01/00/00 00:00:00",12,5000,"BavecD_inf",100,"h/q Baratin : Qmin","C",,,,,,,,
1197567,196,"01/00/00 00:00:00","01/00/00 00:00:00",12,5000,"BavecD_sup",100,"h/q Baratin : Qmax","C",,,,,,,,
1197568,196,"01/00/00 00:00:00","01/00/00 00:00:00",12,5000,"BavecD",100,"h/q Baratin : Qmaxpost","C",,,,,,,,
1197569,196,"01/00/00 00:00:00","01/00/00 00:00:00",12,5000,"BARAve_inf",100,"h/q Baratin : Qmin","C",,,,,,,,
1197570,196,"01/00/00 00:00:00","01/00/00 00:00:00",12,5000,"BARAve_sup",100,"h/q Baratin : Qmax","C",,,,,,,,
1197571,196,"01/00/00 00:00:00","01/00/00 00:00:00",12,5000,"BARAve",100,"h/q Baratin : Qmaxpost","C",,,,,,,,
1197572,196,"02/23/19 00:00:00","12/30/21 00:00:00",-1300,2700,"H201921",13,"Courbe refaite suite aux nouveaux points points modèles SPC. Uniquement Haut de courbe : > H = 100cm pris en compte le bas de la CT modèle ne respectant pas les mesures hors mis la mesure de la crue de 2003","T","10/19/21 09:43:00","12/16/22 11:08:00","04/24/19 09:00:00",,,"H201921",0,
1197573,580,"06/13/23 01:24:00","10/11/23 13:00:00",650,1400,"H2023-23",20,"
","T","09/28/23 10:59:00","10/18/23 17:43:00","06/05/23 14:27:00",,,"H2023-23",0,"07/07/2023 Application de l'extrapolation CT DPECI DR
11/07 Prolongement CT + ajustement bas de CT DR
28/09 Ajustement bas de CT DR"
1197574,580,"10/11/23 10:30:00","01/01/50 00:00:00",600,1400,"H2023-50",12,"
","T","10/19/23 13:28:00","11/14/23 16:26:00","06/05/23 14:27:00",,,"H2023-50",0,"18/10/2023 ajustement CT suite fin des travaux  de la passe à poissons et du seuil
14/11/2023 ajustement CT suite jaugeage
"
1197575,580,"01/01/23 00:00:00","06/13/23 01:24:00",850,1400,"h2023-02",4,,"T","06/05/23 14:27:00","06/28/24 16:39:00","06/05/23 14:27:00",,,"h2023-02",0,
1197576,580,"10/11/23 10:30:00","01/01/50 00:00:00",600,1400,"H2023",6,"
","T","12/14/23 09:35:00","08/06/24 13:46:00","06/05/23 14:27:00",,,"H2023-50",0,"18/10/2023 ajustement CT suite fin des travaux  de la passe à poissons et du seuil
14/11/2023 ajustement CT suite jaugeage
MAJ supervision : supression points pivots et ajustement avec jaugeage crue 12/12"
1197577,581,"06/13/23 12:30:00","07/12/23 12:30:00",350,640,"H2023-23-2",2,,"T",,"07/18/24 17:31:00","06/26/23 12:00:00",,,"H2023-23-2",0,"12/07/2023 CT prenant en compte le changement d'influence"
1197578,581,"07/12/23 12:30:00","08/21/23 08:15:00",350,500,"H2023-23-3",2,,"T",,"07/18/24 17:21:00","06/26/23 12:00:00",,,"H2023-23-3",0,"12/07/2023 CT prenant en compte le changement d'influence
18/10/2023 modification DR (CT coupé en 2 3 et 3b)"
1197579,581,"06/01/23 00:00:00","06/13/23 12:30:00",490,640,"H2023-23",2,,"T","06/09/23 11:03:00","07/18/24 17:34:00","06/09/23 11:05:00",,,"H2023-23",0,
1197580,581,"08/21/23 08:15:00","09/23/23 19:00:00",340,500,"H2023-23-4",2,,"T",,"07/19/24 11:29:00","06/26/23 12:00:00",,,"H2023-23-4",0,"12/07/2023 CT prenant en compte le changement d'influence
18/10/2023 modification DR (CT coupé en 2 3 et 3b)"
1197581,581,"01/01/24 00:00:00","01/01/50 00:00:00",280,750,"H2024-50",4,,"T",,"08/06/24 14:04:00","07/18/24 10:00:00",,,"H2024-50",0,"Courbe ""sans influence"" + mise  en place CORTH"
1197582,581,"09/23/23 19:00:00","01/01/24 00:00:00",310,680,"H2023-23-5",3,,"T","11/07/23 09:19:00","07/18/24 17:25:00","10/18/23 15:00:00",,,"H2023-23-5",0,"Création le 18/10/2023 pour reprendre en compte le détarage = changement influence végétation en aval ? DR
14/11/2023 ajustement suite jaugeage DR
07/11/2023 prologement CT jusqu'à 70 cm"
1197583,585,"08/28/23 00:00:00","01/01/50 00:00:00",300,1260,"H2023-50",4,"Création d'une nouvelle courbe de tarage suite à l'instalation d'une nouvelle station.","T","10/12/23 14:31:00","05/12/25 14:49:00","10/12/23 00:00:00",,,"H2023-50",0,"Création d'une nouvelle courbe de tarage"
1197584,585,"08/28/23 00:00:00","12/09/24 00:00:00",280,1300,"H2023-24",5,"Création d'une nouvelle courbe de tarage suite à l'instalation d'une nouvelle station.","T","06/02/25 11:19:00","06/02/25 11:20:00","10/12/23 00:00:00",,,"H2023-24",0,"Création d'une nouvelle courbe de tarage
Modif suite crue 03/24 supervision
Zéro écoulement mesuré à 17.5cm le 20/06/24"
1197585,585,"12/09/24 00:00:00","01/01/50 00:00:00",280,1300,"H2024-50",4,,"T","06/02/25 11:26:00","06/02/25 11:38:00","06/02/25 11:00:00",,,"H2024-50",0,"Création d'une nouvelle courbe de tarage
Modif suite crue 12/24 
Zéro écoulement mesuré à 17.5cm le 20/06/24"
1197586,586,"11/03/23 14:52:00","01/01/50 00:00:00",120,1000,"H2023-50",6,"Création nouvelle CT suite à installation nouvelle échelle 10m en amont.","T","11/10/23 15:00:00","05/07/25 10:00:00","11/10/23 15:00:00",,,"H2023-50",0,"
"
1197587,586,"11/03/23 14:52:00","11/03/50 14:53:00",0,1000,"Jauron_inf",99,"h/q Baratin : Qmin","C","11/20/24 10:00:00","01/02/25 11:24:00","11/20/24 10:00:00",,,,0,
1197588,586,"11/03/23 14:52:00","11/03/50 14:53:00",0,1000,"Jauron_sup",99,"h/q Baratin : Qmax","C","11/20/24 10:00:00","01/02/25 11:26:00","11/20/24 10:00:00",,,,0,
1197589,586,"11/03/23 14:52:00","11/03/50 14:53:00",0,1000,"Jauron",99,"h/q Baratin : Qmaxpost","C","11/20/24 10:00:00","01/02/25 11:24:00","11/20/24 10:00:00",,,,0,
1197590,615,"01/03/96 00:00:00","09/21/96 00:00:00",300,1320,"C10195",17," ","C",,,,,,,,
1197591,615,"09/21/96 00:00:00","02/16/97 00:00:00",300,1320,"C10196",19," ","C",,,,,,,,
1197592,615,"02/16/97 00:00:00","05/07/97 00:00:00",300,1320,"C10197",16," ","C",,,,,,,,
1197593,615,"05/07/97 00:00:00","01/20/98 00:00:00",300,1320,"C10198",15," ","C",,,,,,,,
1197594,615,"01/20/98 00:00:00","09/30/98 00:00:00",250,1950,"9802",4,,"T",,,,,,,,
1197595,615,"09/30/98 00:00:00","12/31/50 00:00:00",250,1950,"9803",4,,"T",,,,,,,,
1197596,616,"08/30/93 00:00:00","04/18/94 00:00:00",500,3490,"C10738",13," ","C",,,,,,,,
1197597,616,"04/18/94 00:00:00","11/27/94 00:00:00",500,3500,"C10739",19," ","C",,,,,,,,
1197598,616,"11/27/94 00:00:00","02/28/95 00:00:00",500,3500,"C10740",19," ","C",,,,,,,,
1197599,616,"02/28/95 00:00:00","09/09/95 00:00:00",480,2800,"C10741",21," ","C",,,,,,,,
1197600,616,"09/09/95 00:00:00","01/11/96 00:00:00",550,2800,"C10742",22," ","C",,,,,,,,
1197601,616,"01/11/96 00:00:00","04/06/96 00:00:00",500,2790,"C10743",23," ","C",,,,,,,,
1197602,616,"04/06/96 00:00:00","01/25/97 00:00:00",470,2800,"C10744",32," ","C",,,,,,,,
1197603,616,"01/25/97 00:00:00","01/19/98 00:00:00",530,2800,"C10745",16," ","C",,,,,,,,
1197604,616,"02/24/99 00:00:00","12/28/99 00:00:00",550,3500,"99/01",19,,"T",,,,,,,,
1197605,616,"01/01/98 00:00:00","12/31/05 00:00:00",550,3520,"CTEST2002",8,,"T",,,,,,,,
1197606,616,"09/17/02 00:00:00","01/01/12 00:00:00",410,4500,"H200212R",8,,"T",,"01/15/04 13:15:00","01/15/04 13:15:00",,,,,
1197607,616,"12/28/99 00:00:00","01/01/00 00:00:00",550,4500,"99/02",4,,"T",,"03/03/05 15:21:00",,,,,,
1197608,616,"01/01/00 00:00:00","09/17/02 00:00:00",470,3520,"H200002",9,,"T",,"03/03/05 15:24:00",,,,,,
1197609,616,"01/01/04 00:00:00","12/31/06 00:00:00",600,4140,"H200406",10,,"T","04/03/06 10:16:00","05/11/06 08:53:00","08/30/04 11:45:00",,,,,
1197610,616,"01/01/06 00:00:00","12/31/08 00:00:00",520,4500,"H200606",6,,"T","10/23/06 15:51:00","02/05/07 15:04:00","10/23/06 15:51:00",,,,,
1197611,616,"09/17/02 00:00:00","12/31/06 00:00:00",593,4140,"H200203",13,,"T","01/09/04 00:00:00","10/28/10 10:33:00",,,,,,
1197612,616,"01/19/98 00:00:00","12/31/99 00:00:00",550,3500,"98/02",4,,"T",,"10/28/10 10:34:00",,,,,,
1197613,617,"11/27/93 00:00:00","09/26/94 00:00:00",180,3000,"C10729",24," ","C",,,,,,,,
1197614,617,"09/26/94 00:00:00","02/27/95 00:00:00",200,3500,"C10730",21," ","C",,,,,,,,
1197615,617,"02/27/95 00:00:00","02/28/95 00:00:00",450,1600,"C10731",18," ","C",,,,,,,,
1197616,617,"02/28/95 00:00:00","01/11/96 00:00:00",400,3000,"C10732",20," ","C",,,,,,,,
1197617,617,"01/11/96 00:00:00","07/11/96 00:00:00",400,3000,"C10733",20," ","C",,,,,,,,
1197618,617,"05/18/97 00:00:00","07/08/97 00:00:00",400,3000,"C10735",20," ","C",,,,,,,,
1197619,617,"07/08/97 00:00:00","10/17/97 00:00:00",500,3000,"C10736",20," ","C",,,,,,,,
1197620,617,"10/17/97 00:00:00","01/21/98 00:00:00",400,3000,"C10737",23," ","C",,,,,,,,
1197621,617,"01/21/98 00:00:00","12/31/99 00:00:00",350,3000,"98/02",17," ","C",,,,,,,,
1197622,617,"01/21/92 00:00:00","12/31/99 00:00:00",350,3000,"Essai DR",16," ","C",,"08/23/07 10:29:00",,,,,,
1197623,323,"01/01/00 00:01:00","01/01/00 00:02:00",2350,4000,"modeleCete",6,,"T","02/04/15 09:46:00","02/04/15 10:27:00","11/30/07 14:05:00",,,,,"modele Cete pour utiliser la pente de l'extrapolation
"
1197624,323,"01/01/00 01:00:00","01/01/00 02:00:00",10,3000,"H201220DB",16,,"T","12/15/14 10:14:00","02/04/15 10:28:00","11/30/07 14:05:00",,,,,"modification extrapolation sur base modele Cete (d besson)
"
1197625,323,"12/01/07 20:40:00","12/01/12 00:00:00",70,1700,"H200712",20,,"T","02/09/15 11:12:00","02/09/15 11:13:00","11/30/07 14:05:00",,,,,"CTH en 2009 en 2011 et en 2012
"
1197626,323,"12/01/12 00:00:00","09/01/14 00:00:00",10,3000,"H201214",16,,"T","07/24/15 15:13:00","07/24/15 15:26:00","11/30/07 14:05:00",,,,,"Modif haut de CT suite aux modeles (n°modeleCete)
                                            (n°201220DB) 2014
"
1197627,323,"09/01/14 00:00:00","08/28/16 06:10:00",10,3000,"H201416",14,,"T","04/21/17 14:16:00","04/21/17 14:17:00","06/09/16 11:00:00",,,"H201416",0,"Modif haut de CT suite aux modeles (n°modeleCete)
                                            (n°201220DB) 2014
"
1197628,323,"08/28/16 06:10:00","12/12/18 12:00:00",10,3500,"H201618",17,,"T","07/19/19 11:52:00","08/26/19 16:49:00","06/09/16 11:00:00",,,"H201618",0,"Modif haut de CT suite aux modeles (n°modeleCete)
                                            (n°201220DB) 2014
"
1197629,323,"12/12/18 12:00:00","03/20/21 00:00:00",30,3500,"H201821",16,,"T","07/05/21 12:03:00","11/24/22 11:01:00","06/09/16 11:00:00",,,"H201821",0,"
 "
1197630,323,"03/20/21 00:00:00","06/01/30 00:00:00",30,3500,"H202130",16,,"T","06/24/22 11:21:00","03/05/25 08:27:00","07/05/21 12:15:00",,,"H202130",0,"
Provisoire crue"
1197631,285,"01/01/22 00:00:00","04/01/25 00:00:00",120,4200,"H202225",16,,"T","05/26/25 10:34:00","05/26/25 10:34:00","02/06/20 11:15:00",,,"H202225",0,"CT  nouvelle sans cth arbres multiples en travers de la riviere
fermée suite au changement d'antenne 01/05/2025"
1197632,285,"04/01/25 00:00:00","01/01/50 00:00:00",120,4200,"H202550",15,,"T","05/26/25 10:31:00","05/26/25 10:38:00","02/06/20 11:15:00",,,"H202550",0,"CT  nouvelle sans cth arbres multiples en travers de la riviere
modification suite au changement d'antenne 01/05/2025"
1197633,285,"06/02/94 00:00:00","01/02/96 00:00:00",200,4000,"H199496",10,,"T","02/16/12 16:20:00","02/17/12 10:28:00","01/02/08 10:28:00",,,,,
1197634,285,"01/02/96 00:00:00","09/01/98 00:00:00",200,4000,"H199698",10,,"T","02/17/12 08:53:00","02/17/12 10:28:00","01/02/08 10:28:00",,,,,
1197635,285,"09/01/98 00:00:00","01/01/01 00:00:00",200,4000,"H199801",12,,"T","02/17/12 09:37:00","02/17/12 10:28:00","01/02/08 10:28:00",,,,,
1197636,285,"10/24/03 00:00:00","08/01/05 00:00:00",200,4000,"H200305",13,,"T","02/17/12 10:03:00","02/17/12 10:28:00","01/02/08 10:28:00",,,,,
1197637,285,"08/01/05 00:00:00","03/01/06 00:00:00",200,4000,"H200506",11,,"T","02/17/12 10:10:00","02/17/12 10:29:00","01/02/08 10:28:00",,,,,
1197638,285,"01/01/01 00:00:00","10/24/03 00:00:00",200,4000,"H200103",12,,"T","02/17/12 09:51:00","02/17/12 10:28:00","01/02/08 10:28:00",,,,,
1197639,285,"04/01/08 00:00:00","12/31/09 15:00:00",200,4000,"H200809",15,,"T","02/17/12 10:27:00","04/16/12 09:37:00","01/02/08 10:28:00",,,,,
1197640,285,"12/31/09 15:00:00","12/31/11 10:30:00",200,4000,"H200911",15,,"T","04/19/12 09:31:00","07/16/12 09:20:00","01/02/08 10:28:00",,,,,"station feuilles, CTH 2011"
1197641,285,"12/31/11 10:30:00","07/15/14 10:30:00",140,4000,"H201114",17,,"T","07/24/15 16:18:00","07/24/15 16:19:00","01/02/08 10:28:00",,,,,
1197642,285,"07/15/14 10:30:00","10/01/15 03:00:00",140,4000,"H201415",12,,"T","12/07/15 11:29:00","12/07/15 11:29:00","01/02/08 10:28:00",,,,,
1197643,285,"03/01/06 00:00:00","04/01/08 00:00:00",200,4000,"H200608",12,,"T","02/17/12 10:16:00","01/03/17 14:52:00","01/02/08 10:28:00",,,"H200608",0,
1197644,285,"10/01/15 03:00:00","06/01/16 12:00:00",120,4200,"H201516",13,,"T","06/09/17 12:05:00","06/09/17 12:05:00","01/02/08 10:28:00",,,"H201516",0,"nouvelle courbe de crue avec baratin"
1197645,285,"06/01/16 12:00:00","12/01/19 00:00:00",200,4200,"H201619",17,,"T","02/06/20 11:12:00","02/06/20 11:15:00","06/01/16 12:10:00",,,"H201619",0,"nouvelle courbe de crue avec baratin
aprés crue 01/06/2016"
1197646,285,"01/01/01 00:00:00","01/01/01 01:00:00",12,5000,"CT VIE_inf",100,,"C",,"01/10/22 16:50:00",,,,,0,"h/q Baratin : Qmin"
1197647,285,"01/01/01 01:00:00","01/01/01 02:00:00",12,5000,"CT VIE",100,,"C",,"01/10/22 16:51:00",,,,,0,"h/q Baratin : Qmaxpost"
1197648,285,"01/01/01 02:00:00","01/01/01 03:00:00",12,5000,"CT VIE_sup",100,,"C",,"01/10/22 16:51:00",,,,,0,"h/q Baratin : Qmax"
1197649,285,"12/01/19 00:00:00","01/01/22 00:00:00",160,4200,"H201922",15,,"T","10/12/21 11:53:00","03/20/23 15:45:00","02/06/20 11:15:00",,,"H201922",0,"CT  nouvelle sans cth arbres multiples en travers de la riviere"
1197650,24,"07/21/24 12:00:00","06/01/50 00:00:00",-100,3850,"H202450",9,,"T","05/26/25 10:23:00","05/26/25 10:24:00","02/06/20 15:10:00",,,"H202450",0,"  Modification bas de courbe suite crue 21 juillet 2024
modification suite à changement d'antenne"
1197651,24,"12/31/95 00:00:00","06/25/98 00:00:00",-70,2400,"H199598",55,,"C",,"10/28/10 14:53:00",,,,,,
1197652,24,"12/30/93 00:00:00","12/31/94 00:00:00",-80,2520,"H199394",15,,"C",,"10/28/10 14:53:00",,,,,,
1197653,24,"12/31/94 00:00:00","12/31/95 00:00:00",-90,2520,"H199495",20,,"C",,"10/28/10 14:53:00",,,,,,
1197654,24,"06/25/98 00:00:00","12/31/98 00:00:00",-150,3000,"H199898",15,,"T",,"10/28/10 14:55:00",,,,,,
1197655,24,"12/31/98 00:00:00","06/10/99 00:00:00",-180,3000,"H199899",12,,"T",,"10/28/10 14:55:00",,,,,,
1197656,24,"06/10/99 00:00:00","01/01/00 00:00:00",-160,3070,"H199900",9,,"T",,"10/28/10 14:55:00",,,,,,
1197657,24,"01/01/00 00:00:00","04/04/01 00:00:00",-100,4650,"H200001",10,,"T",,"10/28/10 14:56:00",,,,,,
1197658,24,"04/04/01 00:00:00","12/31/01 00:00:00",-147,5890,"H200101",12,,"T",,"10/28/10 14:56:00","03/03/05 00:00:00",,,,,
1197659,24,"12/31/01 00:00:00","01/01/04 00:00:00",-105,4640,"H200104",12,,"T",,"10/28/10 14:57:00","06/17/04 15:33:00",,,,,
1197660,24,"01/01/04 00:00:00","07/31/04 00:00:00",-100,4640,"H200404",11,,"T","10/19/04 00:00:00","10/28/10 14:57:00",,,,,,
1197661,24,"07/31/04 00:00:00","10/12/05 10:00:00",-107,3950,"H200405",10,,"T","09/12/05 10:35:00","10/28/10 15:32:00","05/30/05 09:16:00",,,,,
1197662,24,"10/12/05 10:00:00","06/21/06 02:50:00",-70,3850,"H200506",10,,"T","06/24/08 11:18:00","10/28/10 15:40:00","10/16/07 08:57:00",,,,,
1197663,24,"06/21/06 02:50:00","01/09/08 00:00:00",-70,3850,"H200608",12,,"T","09/02/08 13:01:00","10/28/10 15:41:00","10/16/07 08:57:00",,,,,
1197664,24,"01/09/08 00:00:00","01/07/12 03:00:00",-90,3850,"H200812",16,,"T","03/05/12 10:45:00","03/05/12 10:45:00","10/16/07 08:57:00",,,,,"Modification bas de courbe suite à jaugeage du 03/08/2011."
1197665,24,"01/07/12 03:00:00","08/25/12 05:30:00",-90,3850,"H201212",11,,"T","08/29/12 10:22:00","01/30/17 14:15:00","10/16/07 08:57:00",,,,0,
1197666,24,"08/25/12 05:30:00","05/01/14 00:00:00",-90,3850,"H201214",10,,"T","07/27/15 15:26:00","01/30/17 14:18:00","07/27/15 08:00:00",,,,0,
1197667,24,"05/01/14 00:00:00","10/10/16 10:00:00",-100,3850,"H201416",13,,"T","10/28/16 11:55:00","04/24/17 15:02:00","07/27/15 08:57:00",,,"H201416",0,
1197668,24,"10/10/16 10:00:00","01/15/20 00:00:00",-100,3850,"H201620",14,,"T","02/06/20 15:09:00","02/06/20 15:16:00","01/30/17 13:30:00",,,"H201620",0,
1197669,24,"01/15/20 00:00:00","01/01/22 00:00:00",-100,3850,"H202022",14,,"T","06/08/21 08:31:00","03/29/23 10:05:00","02/06/20 15:10:00",,,"H202022",0,"CT rajeunie.prolongation ct -20cm suite etiage sévère"
1197670,24,"01/01/22 00:00:00","01/19/23 02:00:00",-100,3850,"H202223",12,,"T","08/12/22 10:51:00","07/04/23 11:16:00","02/06/20 15:10:00",,,"H202223",0,"  Modification bas de courbe."
1197671,24,"01/19/23 02:00:00","07/21/24 11:59:00",-100,3850,"H202224",12,,"T","08/12/22 10:51:00","09/06/24 14:43:00","02/06/20 15:10:00",,,"H202224",0,"  Modification bas de courbe."
1197672,287,"03/03/24 14:00:00","01/01/50 00:00:00",40,3000,"H2024_50",7,,"T","04/04/25 11:55:00","05/22/25 15:46:00","04/19/24 17:20:00",,,"H2024_50",0,"nouvelle courbe suite coup d'eau de mars 2024"
1197673,287,"07/01/97 00:00:00","05/01/01 00:00:00",0,3000,"H199701",13,,"T","02/16/12 14:36:00","02/16/12 15:12:00","02/16/12 12:38:00",,,,,
1197674,287,"05/01/01 00:00:00","07/01/04 00:00:00",0,3000,"H200104",13,,"T","02/16/12 14:36:00","02/16/12 15:13:00","02/16/12 12:38:00",,,,,
1197675,287,"07/01/04 00:00:00","01/01/07 00:00:00",0,3000,"H200407",15,,"T","02/16/12 14:50:00","02/16/12 15:13:00","02/16/12 12:38:00",,,,,
1197676,287,"04/15/09 00:00:00","12/31/11 08:15:00",0,3000,"H200911",11,,"T","04/19/12 09:31:00","07/16/12 09:53:00","02/16/12 12:38:00",,,,,"station à pb de feuilles sur le seuil naturel, CTH 2011"
1197677,287,"12/31/11 08:15:00","08/01/14 08:15:00",10,3000,"H201114",13,,"T","04/03/15 16:13:00","07/24/15 15:55:00","02/16/12 12:38:00",,,,,
1197678,287,"08/01/14 08:15:00","06/15/16 19:00:00",10,3000,"H201416",13,,"T","08/05/16 14:52:00","08/05/16 14:52:00","02/16/12 12:38:00",,,"H201416",0,
1197679,287,"01/01/07 00:00:00","04/15/09 00:00:00",0,3000,"H200709",11,,"T","02/16/12 14:59:00","01/03/17 14:24:00","02/16/12 12:38:00",,,"H200709",0,
1197680,287,"06/15/16 19:00:00","01/29/19 00:00:00",20,3000,"H201619",11,,"T","02/01/19 11:56:00","02/01/19 11:57:00","08/05/16 15:00:00",,,"H201619",0,"detarage suite travaux pile de pont"
1197681,287,"01/29/19 00:00:00","09/22/20 04:00:00",60,3000,"H201920",12,,"T","02/05/21 11:57:00","03/22/23 16:34:00","02/01/19 12:00:00",,,"H201920",0,"changement ct suite travaux pile de pont"
1197682,287,"09/22/20 04:00:00","03/03/24 14:00:00",40,3000,"H202024",12,,"T","04/19/24 17:18:00","02/07/25 16:00:00","02/05/21 12:00:00",,,"H202024",0,
1197683,288,"01/01/24 00:00:00","01/01/50 00:00:00",200,2000,"H2024_50",6,,"T","05/22/25 11:53:00","05/22/25 12:15:00","02/06/20 11:00:00",,,"H2024_50",0,"CT rajeunie.
"
1197684,288,"01/01/22 00:00:00","01/01/24 00:00:00",200,2000,"H2022_24",12,,"T","01/09/23 16:14:00","05/22/25 12:18:00","02/06/20 11:00:00",,,"H2022_24",0,"CT rajeunie.
Haut de courbe sans prise en compte du dernier jgg de crue jugé douteux."
1197685,288,"01/01/76 00:00:00","01/01/85 00:00:00",250,99990,"H197685",31,,"C",,"10/28/10 11:56:00",,,,,,
1197686,288,"01/01/73 00:00:00","01/01/75 00:00:00",0,99990,"H197375",39,,"C",,"10/28/10 11:54:00",,,,,,
1197687,288,"01/01/75 00:00:00","01/01/76 00:00:00",200,99990,"H197576",32,,"C",,"10/28/10 11:55:00",,,,,,
1197688,288,"01/01/85 00:00:00","08/01/89 00:00:00",400,2000,"H198589",40,,"C",,"10/28/10 11:57:00",,,,,,
1197689,288,"08/01/89 00:00:00","01/23/05 00:00:00",250,1200,"H198905",40,,"C",,"10/28/10 11:59:00",,,,,,
1197690,288,"01/23/05 00:00:00","03/01/07 00:00:00",100,2000,"H200507",9,,"T","10/28/10 12:12:00","10/28/10 12:13:00","10/28/10 12:13:00",,,,,
1197691,288,"03/01/07 00:00:00","05/23/12 18:45:00",200,1700,"H200712",18,,"T","04/19/12 09:31:00","07/16/12 10:35:00","06/29/07 09:47:00",,,,,
1197692,288,"05/23/12 18:45:00","02/06/13 19:00:00",200,1700,"H201213",14,,"T","11/09/12 09:25:00","02/25/13 11:35:00","06/29/07 09:47:00",,,,,
1197693,288,"02/06/13 19:00:00","11/16/13 00:00:00",200,1700,"H201313",14,,"T","11/22/13 11:07:00","02/28/14 16:06:00","06/29/07 09:47:00",,,,,
1197694,288,"01/01/00 00:00:00","02/02/00 00:00:00",12,5000,"CT_inf",100,,"C",,,,,,,,"h/q Baratin : Qmin"
1197695,288,"01/01/00 00:00:00","02/02/00 00:00:00",12,5000,"CT_sup",100,,"C",,,,,,,,"h/q Baratin : Qmax"
1197696,288,"01/01/00 00:00:00","02/02/00 00:00:00",12,5000,"CT",100,,"C",,,,,,,,"h/q Baratin : Qmaxpost"
1197697,288,"11/16/13 00:00:00","10/06/16 13:00:00",200,2000,"H201316",12,,"T","01/30/17 12:15:00","01/30/17 12:15:00","06/29/07 09:47:00",,,"H201316",0,
1197698,288,"10/06/16 13:00:00","01/15/20 00:00:00",200,2000,"H201620",11,,"T","02/06/20 10:55:00","02/06/20 10:56:00","01/30/17 12:15:00",,,"H201620",0,
1197699,288,"01/15/20 00:00:00","01/01/22 00:00:00",200,2000,"H202022",11,,"T","09/28/20 09:19:00","04/29/22 11:36:00","02/06/20 11:00:00",,,"H202022",0,"Modification courbe de tarage en tenant conte de l'influance (arbres en travers de la rivière).
Haut de courbe sans prise en compte du dernier jgg de crue jugé douteux."
1197700,88,"11/27/93 00:00:00","05/16/94 00:00:00",100,2000,"C9959",19," ","C",,,,,,,,
1197701,88,"05/16/94 00:00:00","11/04/94 00:00:00",40,4000,"C9960",28," ","C",,,,,,,,
1197702,88,"11/04/94 00:00:00","04/22/95 00:00:00",60,4000,"C9961",23," ","C",,,,,,,,
1197703,88,"04/22/95 00:00:00","08/07/95 00:00:00",140,3200,"C9962",26," ","C",,,,,,,,
1197704,88,"08/07/95 00:00:00","01/24/96 00:00:00",140,3200,"C9963",26," ","C",,,,,,,,
1197705,88,"01/24/96 00:00:00","07/06/96 00:00:00",140,3180,"C9964",27," ","C",,,,,,,,
1197706,88,"07/06/96 00:00:00","07/29/96 00:00:00",140,3180,"C9965",15," ","C",,,,,,,,
1197707,88,"07/29/96 00:00:00","08/12/96 00:00:00",140,3180,"C9966",13," ","C",,,,,,,,
1197708,88,"08/12/96 00:00:00","01/23/97 00:00:00",140,3180,"C9967",23," ","C",,,,,,,,
1197709,88,"01/23/97 00:00:00","01/12/98 00:00:00",140,3180,"C9968",24," ","C",,,,,,,,
1197710,88,"01/12/98 00:00:00","09/07/98 00:00:00",140,3880,"9802",5,,"T",,,,,,,,
1197711,88,"09/07/98 00:00:00","05/20/99 00:00:00",140,3880,"9803",6,,"T",,,,,,,,
1197712,88,"05/20/99 00:00:00","10/23/99 00:00:00",140,3880,"99/01",14,,"T",,,,,,,,
1197713,88,"10/23/99 00:00:00","02/09/01 00:00:00",260,3880,"99/02",5,,"T",,,,,,,,
1197714,88,"02/09/01 00:00:00","10/20/01 00:00:00",130,1200,"H200101",6,,"T",,,,,,,,
1197715,88,"10/20/01 00:00:00","11/23/03 00:00:00",100,3500,"H200103",8,,"T","07/06/04 10:35:00","07/06/04 10:36:00",,,,,,
1197716,88,"01/01/90 00:00:00","12/31/97 00:00:00",150,3150,"Hpopol",3,,"T",,"09/28/17 11:07:00",,,,,0,
1197717,88,"11/23/03 00:00:00","11/10/04 00:00:00",100,3500,"H200304",8,,"T",,"02/11/08 16:24:00","09/07/04 17:07:00",,,,,
1197718,88,"11/10/04 00:00:00","07/25/07 00:00:00",100,3500,"H200407",8,,"T","01/28/08 09:06:00","02/12/08 10:20:00","11/10/05 15:57:00",,,,,
1197719,88,"07/25/07 00:00:00","11/02/08 00:00:00",100,3500,"H200708",9,,"T","07/17/09 15:41:00","07/17/09 15:42:00","11/10/05 15:57:00",,,,,
1197720,88,"11/02/08 00:00:00","10/21/09 00:00:00",100,3500,"H200809",8,,"T","08/23/10 09:05:00","08/23/10 09:06:00","11/10/05 15:57:00",,,,,
1197721,88,"04/27/86 00:00:00","11/27/93 00:00:00",100,2000,"C9958",27," ","C",,"12/22/10 14:23:00",,,,,,
1197722,88,"10/21/09 00:00:00","11/04/11 01:30:00",100,3500,"H200911",10,,"T","07/01/15 07:50:00","07/01/15 07:50:00","11/10/05 15:57:00",,,,,
1197723,88,"11/04/11 01:30:00","10/12/14 12:30:00",100,3500,"H201114",10,,"T","07/01/15 07:51:00","07/01/15 07:51:00","01/21/15 15:40:00",,,,,
1197724,88,"10/12/14 12:30:00","01/01/20 00:00:00",100,3500,"H201420jpe",10,,"T","03/31/16 14:03:00","07/09/18 14:34:00","01/21/15 15:40:00",,,"H201420jpe",0,
1197725,88,"11/09/18 16:49:00","06/01/20 00:00:00",100,3500,"H201820ANC",10,,"T","07/19/19 14:56:00","09/18/19 16:03:00","06/24/19 16:20:00",,,"H201820",0,
1197726,88,"10/12/14 12:30:00","11/09/18 16:49:00",100,3500,"H201418ex",9,,"T","06/27/19 16:14:00","07/10/20 09:22:00","01/21/15 15:40:00",,,"H201418",0,
1197727,88,"10/12/14 12:30:00","11/09/18 16:49:00",100,3500,"H201418",8,"12/10/2014 a 12:30 h = 1.94 
reprise du haut de courbe en juin 2020 suite a jaugeage 
","T","06/27/19 16:14:00","07/10/20 09:24:00","01/21/15 15:40:00",,,"H201418",0,
1197728,88,"11/09/18 16:49:00","06/01/30 00:00:00",60,3500,"H201830ex ",10,"haut de courbe modifié en juin 2020 suite a jaugeage de crue du 12/6/2020
","T","07/10/20 09:41:00","08/24/20 08:36:00","06/24/19 16:20:00",,,"H201830",0,
1197729,88,"11/09/18 16:49:00","06/01/30 00:00:00",60,3500,"H201830exe",11,,"T","12/17/19 10:17:00","08/24/20 08:37:00","06/24/19 16:20:00",,,"H201830",0,
1197730,88,"06/12/20 16:30:00","06/01/30 00:00:00",160,3500,"H202030ex",7,"le 12/6/2020 a 16:30 h= 3.675 m 
haut de courbe modifié en juin 2020 suite a jaugeage de crue du 12/6/2020
","T","03/04/21 14:30:00","07/22/22 09:08:00","06/24/19 16:20:00",,,"H202030",0,
1197731,88,"06/12/20 16:30:00","06/01/30 00:00:00",120,3500,"H202030",9,"le 12/6/2020 a 16:30 h= 3.675 m 
haut de courbe modifié en juin 2020 suite a jaugeage de crue du 12/6/2020
","T","07/22/22 09:05:00","02/01/23 11:28:00","06/24/19 16:20:00",,,"H202030",0,
1197732,88,"11/09/18 16:49:00","06/12/20 16:30:00",60,3500,"H201820",11,"haut de courbe modifié en juin 2020 suite a jaugeage de crue du 12/6/2020
","T","08/24/20 08:38:00","02/01/23 11:30:00","06/24/19 16:20:00",,,"H201820",0,
1197733,88,"01/01/20 00:00:00","12/31/22 00:00:00",12,5000,"B20202_inf",100,"h/q Baratin : Qmin","C",,,,,,,,
1197734,88,"01/01/20 00:00:00","12/31/22 00:00:00",12,5000,"B20202_sup",100,"h/q Baratin : Qmax","C",,,,,,,,
1197735,88,"01/01/20 00:00:00","12/31/22 00:00:00",12,5000,"B20202",100,"h/q Baratin : Qmaxpost","C",,,,,,,,
1197736,88,"11/02/08 00:00:00","12/31/50 00:00:00",12,5000,"CT_inf",51,"h/q Baratin : Qmin","C",,,,,,,,
1197737,88,"11/02/08 00:00:00","12/31/50 00:00:00",12,5000,"CT_sup",51,"h/q Baratin : Qmax","C",,,,,,,,
1197738,88,"11/02/08 00:00:00","12/31/50 00:00:00",12,5000,"CT",51,"h/q Baratin : Qmaxpost","C",,,,,,,,
1197739,93,"11/27/93 00:00:00","02/06/94 00:00:00",160,1000,"C9454",23," ","C",,,,,,,,
1197740,93,"02/06/94 00:00:00","05/24/94 00:00:00",250,1000,"C9455",17," ","C",,,,,,,,
1197741,93,"05/24/94 00:00:00","08/11/94 00:00:00",160,1000,"C9456",23," ","C",,,,,,,,
1197742,93,"08/11/94 00:00:00","09/24/94 00:00:00",200,1500,"C9457",27," ","C",,,,,,,,
1197743,93,"09/24/94 00:00:00","10/22/94 00:00:00",200,1200,"C9458",22," ","C",,,,,,,,
1197744,93,"10/22/94 00:00:00","02/26/95 00:00:00",180,1200,"C9459",25," ","C",,,,,,,,
1197745,93,"02/26/95 00:00:00","06/23/95 00:00:00",330,1250,"C9460",20," ","C",,,,,,,,
1197746,93,"06/23/95 00:00:00","11/28/95 00:00:00",260,1250,"C9461",20," ","C",,,,,,,,
1197747,93,"11/28/95 00:00:00","06/05/96 00:00:00",340,1250,"C9462",30," ","C",,,,,,,,
1197748,93,"06/05/96 00:00:00","05/12/97 00:00:00",280,1250,"C9463",14," ","C",,,,,,,,
1197749,93,"05/12/97 00:00:00","01/20/98 00:00:00",260,1250,"C9464",14," ","C",,,,,,,,
1197750,93,"01/20/98 00:00:00","04/30/98 00:00:00",260,1250,"9802",24,,"T",,,,,,,,
1197751,93,"04/30/98 00:00:00","09/20/99 00:00:00",250,1250,"9803",23,,"T",,,,,,,,
1197752,93,"09/20/99 00:00:00","06/12/00 00:00:00",250,1250,"B9902",5,,"T",,,,,,,,
1197753,93,"06/12/00 00:00:00","06/06/02 00:00:00",250,1250,"H200002",6,,"T",,,,,,,,
1197754,93,"11/25/02 01:00:00","12/02/03 00:00:00",200,1300,"H200203",5,,"T",,"06/18/04 09:02:00","04/21/04 09:58:00",,,,,
1197755,93,"06/06/02 00:00:00","11/25/02 01:00:00",250,1250,"H200202 ",6,,"T",,"06/18/04 09:04:00",,,,,,
1197756,93,"12/02/03 00:00:00","11/01/05 11:00:00",200,1400,"H200305",7,"Courbe reprise suite au jaugeage du 31/10/2010","T","11/26/10 11:30:00","11/26/10 11:33:00","05/10/05 16:24:00",,,,,
1197757,93,"11/01/05 11:00:00","02/12/07 20:10:00",200,1430,"H200507",7,"courbe reprise suite au jaugeage du 31/10/2010","T","11/26/10 11:34:00","11/26/10 11:34:00","06/12/06 10:28:00",,,,,
1197758,93,"02/12/07 20:10:00","06/20/07 22:10:00",200,1400,"H200707",6,"courbe reprise suite au jaugeage du 31/10/2010","T","05/26/11 17:03:00","05/26/11 17:03:00","03/26/07 10:14:00",,,,,
1197759,93,"06/20/07 22:10:00","10/23/09 13:20:00",210,1400,"H200709",6,"courbe reprise suite au jaugeage du 31/10/2010","T","05/26/11 17:03:00","05/26/11 17:03:00","03/26/07 10:14:00",,,,,
1197760,93,"10/23/09 13:20:00","01/01/17 00:00:00",240,1400,"H200916",6,"courbe élaborée suite au jaugeage du 31 octobre 2010","T","04/20/12 16:34:00","09/15/16 14:07:00","03/26/07 10:14:00",,,,,
1197761,96,"11/12/96 00:00:00","01/24/97 00:00:00",580,1180,"C9534",16," ","C",,,,,,,,
1197762,96,"01/24/97 00:00:00","11/14/97 00:00:00",300,1180,"C9535",27," ","C",,,,,,,,
1197763,96,"11/14/97 00:00:00","04/11/98 00:00:00",300,1180,"9703",24,,"T",,,,,,,,
1197764,96,"04/11/98 00:00:00","09/05/98 00:00:00",500,1180,"9802",19,,"T",,,,,,,,
1197765,96,"09/05/98 00:00:00","09/20/99 00:00:00",500,1180,"9803",22,,"T",,,,,,,,
1197766,96,"11/27/93 00:00:00","03/22/94 00:00:00",780,1180,"C9521",20," ","C",,,,,,,,
1197767,96,"03/22/94 00:00:00","05/19/94 00:00:00",660,1180,"C9522",17," ","C",,,,,,,,
1197768,96,"05/19/94 00:00:00","03/30/95 00:00:00",440,1180,"C9523",18," ","C",,,,,,,,
1197769,96,"03/30/95 00:00:00","04/23/95 00:00:00",580,1180,"C9524",17," ","C",,,,,,,,
1197770,96,"04/23/95 00:00:00","07/22/95 00:00:00",780,1180,"C9525",22," ","C",,,,,,,,
1197771,96,"07/22/95 00:00:00","09/20/95 00:00:00",390,1180,"C9526",15," ","C",,,,,,,,
1197772,96,"09/20/95 00:00:00","11/13/95 00:00:00",390,1180,"C9527",11," ","C",,,,,,,,
1197773,96,"11/13/95 00:00:00","11/27/95 00:00:00",390,1180,"C9528",15," ","C",,,,,,,,
1197774,96,"11/27/95 00:00:00","01/13/96 00:00:00",630,1180,"C9529",10," ","C",,,,,,,,
1197775,96,"01/13/96 00:00:00","03/27/96 00:00:00",630,1180,"C9530",16," ","C",,,,,,,,
1197776,96,"03/27/96 00:00:00","04/18/96 00:00:00",780,1180,"C9531",6," ","C",,,,,,,,
1197884,100,"09/24/13 09:38:00","01/20/14 10:10:00",-1450,5300,"H201314",7,"
","T","04/18/14 16:00:00","04/18/14 16:08:00","04/15/11 10:30:00",,,,,
1197885,100,"01/01/93 00:00:00","11/06/94 06:18:00",-1450,4340,"H199394JPG",9,"ESSAI","T",,"05/30/14 11:45:00",,,,,,
1197886,100,"01/20/14 10:10:00","10/01/21 12:00:00",-1200,5300,"H201450",6,"
","T","02/19/18 15:33:00","11/12/24 16:04:00","04/15/11 10:30:00",,,"H201450",0,
1197887,101,"03/05/16 00:35:00","09/19/16 15:20:00",680,3200,"H201616",7,,"T",,"12/31/21 12:23:00","09/07/07 09:00:00",,,"H201616",0,
1197888,101,"09/19/16 15:20:00","04/26/17 00:35:00",680,3200,"H201617",8,,"T","07/21/17 11:41:00","12/31/21 12:24:00","09/07/07 09:00:00",,,"H201617",0,
1197889,101,"11/21/15 06:00:00","03/05/16 00:35:00",800,3200,"H201516",8,,"T","07/01/16 11:46:00","12/31/21 12:25:00","09/07/07 09:00:00",,,"H201516",0,
1197890,101,"07/06/14 22:30:00","11/21/15 06:00:00",670,3200,"H201415",7,,"T","07/01/16 11:43:00","12/31/21 12:27:00","09/07/07 09:00:00",,,"H201415",0,
1197891,101,"08/07/13 00:00:00","07/06/14 22:30:00",740,3200,"H201314",7,,"T","07/01/16 11:42:00","12/31/21 12:29:00","09/07/07 09:00:00",,,"H201314",0,
1197892,101,"12/31/11 09:30:00","08/07/13 00:00:00",800,3200,"H201113",8,,"T","07/01/16 11:41:00","12/31/21 12:30:00","09/07/07 09:00:00",,,"H201113",0,
1197893,101,"07/20/11 15:20:00","12/31/11 09:30:00",760,3200,"H201111",7,,"T","07/01/16 11:40:00","12/31/21 12:31:00","09/07/07 09:00:00",,,"H201111",0,
1197894,101,"11/15/10 09:20:00","07/20/11 15:20:00",810,3200,"H201011",7,,"T","07/01/16 11:39:00","12/31/21 12:33:00","09/07/07 09:00:00",,,"H201011",0,
1197895,101,"03/02/07 08:10:00","11/15/10 09:20:00",850,3200,"H200710",8,,"T","07/01/16 11:38:00","12/31/21 12:34:00","09/07/07 09:00:00",,,"H200710",0,
1197896,101,"01/23/05 16:10:00","03/02/07 08:10:00",790,3200,"H200507",7,,"T","07/01/16 11:35:00","12/31/21 12:36:00","07/09/04 14:59:00",,,"H200507",0,
1197897,101,"10/30/04 02:20:00","01/23/05 16:10:00",850,3200,"H200405",6,,"T","09/16/13 12:00:00","12/31/21 12:37:00","07/09/04 14:59:00",,,"H200405",0,
1197898,101,"12/02/03 17:40:00","10/30/04 02:20:00",810,3200,"H200304",6,,"T","09/16/13 11:59:00","12/31/21 12:38:00","07/09/04 14:59:00",,,"H200304",0,
1197899,101,"07/15/03 16:50:00","12/02/03 17:40:00",800,3200,"H200303",7,,"T","09/16/13 11:58:00","12/31/21 12:39:00","07/09/04 14:59:00",,,"H200303",0,
1197900,101,"11/25/02 01:10:00","07/15/03 16:50:00",800,3200,"H200203",7,,"T","09/16/13 11:57:00","12/31/21 12:40:00",,,,"H200203",0,
1197901,101,"05/05/01 07:30:00","11/25/02 01:10:00",930,3200,"H200102",7,,"T","09/16/13 11:56:00","12/31/21 12:41:00","05/05/01 07:30:00",,,"H200102",0,
1197902,101,"04/27/98 05:47:00","05/05/01 07:30:00",860,3200,"H199801",6,,"T","09/16/13 11:53:00","12/31/21 12:42:00",,,,"H199801",0,
1197903,101,"01/02/96 17:18:00","04/27/98 05:47:00",940,3200,"H199698",7,,"T","09/16/13 11:52:00","12/31/21 12:43:00",,,,"H199698",0,
1197904,101,"02/25/95 18:04:00","01/02/96 17:18:00",940,3200,"H199596",7,,"T","09/16/13 11:51:00","12/31/21 12:43:00",,,,"H199596",0,
1197905,101,"11/27/93 00:00:00","02/25/95 18:04:00",900,3200,"H199395",7,,"T","09/16/13 11:50:00","12/31/21 12:45:00",,,,"H199395",0,
1197906,101,"05/02/24 08:30:00","01/01/50 00:00:00",700,3200,"H202450",6,"Détarage suite à la crue du 02-05-24","T","08/08/24 15:45:00","02/05/25 11:57:00","08/08/24 15:45:00",,,"H202450",0,
1197907,101,"04/26/17 00:35:00","05/02/24 08:30:00",700,3200,"H201724",9,"Extension extrap Sup  besoin SPC jusque H 484cm.
Debordements  pour H>310cm.


0cm
","T","12/31/21 12:20:00","02/05/25 11:56:00","09/07/07 09:00:00",,,"H201724",0,
1197908,105,"01/01/98 00:00:00","09/01/98 00:00:00",490,1590,"98/1",4,,"T",,,,,,,,
1197909,105,"09/01/98 00:00:00","01/01/00 00:00:00",280,1590,"98/2",5,,"T",,,,,,,,
1197910,105,"01/01/00 00:00:00","01/01/01 00:00:00",200,1100,"H200001",7,,"T",,,,,,,,
1197911,105,"01/01/01 00:00:00","01/01/03 00:00:00",110,1400,"H200103",5,,"T",,"06/24/04 16:39:00",,,,,,
1197912,105,"04/01/21 00:00:00","06/01/30 00:00:00",320,1400,"H202130ex",6,"nlle courbe pour l'année 2021 et 2022


","T","12/16/22 09:18:00","05/10/23 14:07:00","07/10/14 09:00:00",,,"H202130",0,
1197913,105,"04/01/21 00:00:00","12/04/22 07:56:00",220,1400,"H202122",7,"



","T","06/16/23 14:17:00","06/16/23 15:17:00","07/10/14 09:00:00",,,"H202122",0,"nlle courbe pour l'année 2021 et 2022 / bas de CT modifié suite jaugeage du 3/5/23
"
1197914,105,"04/29/23 09:38:00","06/01/30 00:00:00",220,1400,"H202330",7,,"T","06/16/23 15:16:00","06/16/23 17:14:00","07/10/14 09:00:00",,,"H202330",0,"nlle courbe pour l'année 2023 car pb de publication  de Q vu FC / bas de CT modifié suite jaugeage du 3/5/23"
1197915,105,"01/01/03 00:00:00","04/05/11 00:00:00",250,1400,"H200311R",8,,"T","08/25/11 16:23:00","08/25/11 16:24:00",,,,,,
1197916,105,"04/05/11 00:00:00","06/09/13 12:00:00",250,1400,"H201113",4,,"T","06/12/13 15:57:00","06/12/13 16:14:00",,,,,,
1197917,105,"06/09/13 12:00:00","06/15/15 00:00:00",250,1400,"H201315",4,,"T","07/10/14 09:46:00","07/31/15 10:11:00","07/10/14 09:00:00",,,,,
1197918,105,"06/09/13 12:00:00","01/01/20 00:00:00",250,1400,"H201320CTH",4,"Pour CORTH si on y reviens ???","T","07/10/14 09:46:00","08/20/15 10:11:00","07/10/14 09:00:00",,,,,
1197919,105,"06/15/15 00:00:00","01/01/20 00:00:00",250,1400,"H201520ex",3,,"T","07/31/15 10:10:00","07/28/16 17:00:00","07/10/14 09:00:00",,,,0,
1198724,92,"10/23/19 23:00:00","11/23/19 09:40:00",350,2800,"H201919 ",14,"Modification du controle apres crue du 23 octobre2019.
courbe essai pour extrap sup TB avec Baratin

","T","01/17/20 15:46:00","03/15/24 16:02:00","10/23/19 12:00:00",,,"H201919",0,
1198725,92,"06/29/16 23:40:00","11/22/16 17:40:00",340,2250,"H201616",11,,"T","02/17/17 15:49:00","03/15/24 16:04:00","07/15/09 14:34:00",,,"H201616",0,
1198726,92,"10/17/24 12:10:00","03/22/25 21:45:00",430,3000,"H202450ex",11,"Détarage suite crue 17 obtobre 2024.

","T","04/28/25 10:20:00","05/05/25 08:56:00","03/29/24 12:00:00",,,"H202450ex",0,
1198727,379,"01/01/21 00:00:00","01/01/30 00:00:00",1130,5000,"H202130ex",5,"Détarage au 1 janvier 2021 (pour coller mieux à la crue du 11 mai non influencé)  et pour ne pas modifier  les corTH les crues de 2020 influencées","T","12/22/23 12:20:00","12/09/24 16:28:00","04/14/14 11:45:00",,,"H202130ex",0,
1198728,379,"11/23/19 16:25:00","01/01/21 00:00:00",1100,5000,"H201921",3,"A l'aide de baratin  et des crues historiques Détarage suite à la crue de novembre 2019","T","04/30/21 11:52:00","01/21/22 16:48:00","04/14/14 11:45:00",1050,10000,"H201921",0,
1198729,379,"01/01/14 00:00:00","01/01/20 00:00:00",12,5000,"B1420S_inf",100,"h/q Baratin : Qmin","C",,,,,,,,
1198730,379,"01/01/14 00:00:00","01/01/20 00:00:00",12,5000,"B1420S_sup",100,"h/q Baratin : Qmax","C",,,,,,,,
1198731,379,"01/01/14 00:00:00","01/01/20 00:00:00",12,5000,"B1420S",100,"h/q Baratin : Qmaxpost","C",,,,,,,,
1198732,379,"01/01/14 00:00:00","01/01/20 00:00:00",12,5000,"B6380_inf",100,"h/q Baratin : Qmin","C",,,,,,,,
1198733,379,"01/01/14 00:00:00","01/01/20 00:00:00",12,5000,"B6380_sup",100,"h/q Baratin : Qmax","C",,,,,,,,
1198734,379,"01/01/14 00:00:00","01/01/20 00:00:00",12,5000,"B6380",100,"h/q Baratin : Qmaxpost","C",,,,,,,,
1198735,379,"01/01/14 00:00:00","11/01/14 00:00:00",1150,5000,"H201430ANC",3,"A l'aide de baratin  et des crues historiques ","T","05/24/19 16:29:00","02/24/20 14:51:00","04/14/14 11:45:00",1100,10000,"H201430",0,
1198736,379,"11/01/14 00:00:00","01/01/19 00:00:00",1100,4200,"H201418",3,"Haut légerement modfiée avec les données de lachapelette (crue du 04/11/2015) et laisse 4.45 m (vu avec DB). Courbe sans extrapolation baratin mais adpté aux évenements de la période ","T","05/24/19 16:00:00","02/24/20 15:13:00","04/14/14 11:45:00",1050,5000,"H201418",0,
1198737,379,"01/01/14 00:00:00","11/01/14 00:00:00",1100,5000,"H201419",3,"A l'aide de baratin  et des crues historiques ","T","02/27/20 11:10:00","02/27/20 11:18:00","04/14/14 11:45:00",1050,10000,"H201419",0,
1198738,379,"11/23/19 16:25:00","01/01/30 00:00:00",1100,5000,"H201930anc",3,"A l'aide de baratin  et des crues historiques Détarage suite à la crue de novembre 2019","T","02/27/20 11:11:00","04/30/21 11:53:00","04/14/14 11:45:00",1050,10000,"H201930",0,
1198739,379,"10/17/24 13:15:00","01/01/30 00:00:00",1400,8000,"H202430",5,"Détarage crue du 17/10/2024","T","12/09/24 16:30:00","12/09/24 16:31:00","04/14/14 11:45:00",,,"H202430",0,
1198740,379,"01/01/21 00:00:00","10/17/24 13:15:00",1130,8000,"H202124",5,"Détarage au 1 janvier 2021 (pour coller mieux à la crue du 11 mai non influencé)  et pour ne pas modifier  les corTH les crues de 2020 influencées","T","12/09/24 16:29:00","12/09/24 16:36:00","04/14/14 11:45:00",,,"H202124",0,
1198741,389,"03/22/25 21:20:00","01/01/40 00:00:00",520,2600,"H202540ex",11,"Crue le 22/03/2025 21:20 h=1.20



","T","04/18/25 11:20:00","06/12/25 14:30:00","12/19/24 13:50:00",,,"H202540ex",0,"Possible remobilisation du lit pendant quelques temps"
1198742,389,"03/22/25 21:20:00","01/01/40 00:00:00",520,2600,"H202540",11,"Crue le 22/03/2025 21:20 h=1.20



","T","06/12/25 14:30:00","06/12/25 14:35:00","12/19/24 13:50:00",,,"H202540",0,"Possible remobilisation du lit pendant quelques temps"
1198743,389,"06/12/20 17:30:00","01/01/30 00:00:00",330,2600,"H202030ex",7,"le12/06/2020 17:30 h=1.85m
Septembre 2018 mise en place d un tres haut de courbe avec Baratin et validé par D.Besson .



","T","11/24/20 15:30:00","07/22/22 10:38:00","09/24/15 08:31:00",,,"H202030",0,
1198744,389,"06/12/20 17:30:00","01/01/30 00:00:00",315,2600,"H202030ex",8,"le12/06/2020 17:30 h=1.85m
Septembre 2018 mise en place d un tres haut de courbe avec Baratin et validé par D.Besson .



","T","07/22/22 10:30:00","04/02/24 11:52:00","07/01/20 09:00:00",,,"H202030",0,
1198745,389,"06/08/15 00:00:00","01/01/50 00:00:00",500,1100,"H201520ex",6,"1 er courbe de tarage 
debut de la station 8/6/15
","T","09/20/16 17:03:00","01/04/17 11:31:00","09/24/15 08:31:00",,,"H201520",0,
1198746,389,"06/08/15 00:00:00","11/22/16 17:30:00",500,2400,"H201516",7,"1 er courbe de tarage 
debut de la station 8/6/15
extrapolation fait avec jaugeages de crue du 22 et 24/11/2016 

","T","01/04/17 11:32:00","01/04/17 11:34:00","09/24/15 08:31:00",,,"H201516",0,
1198747,389,"11/22/16 17:30:00","01/01/20 00:00:00",500,2400,"H201620ex",5,"crue le 22/11/2016 a 17:30 H= 2.39
extrapolation fait avec jaugeages de crue du 22 et 24/11/2016 

","T","01/04/17 11:44:00","06/21/17 09:34:00","09/24/15 08:31:00",,,"H201620",0,
1198748,389,"11/22/16 17:30:00","06/13/17 19:50:00",450,2600,"H201617",6,"crue le 22/11/2016 a 17:30 H= 2.39
extrapolation fait avec jaugeages de crue du 22 et 24/11/2016 et tiré pour h =340 d'aprés Baratin vu DB
nouvelle modification de l'extrapolation haute suite à la crue du 13/06/17 


","T","07/20/17 15:43:00","07/20/17 15:53:00","09/24/15 08:31:00",,,"H201617",0,
1198749,389,"03/10/24 00:35:00","10/17/24 11:20:00",375,2600,"H202424",11,"Crue le10/03/2024 00:35 h=2.25m 



","T","12/19/24 13:50:00","02/07/25 10:59:00","06/07/24 10:15:00",,,"H202424",0,
1198750,389,"06/13/17 19:50:00","08/27/17 21:00:00",298,2600,"H201717",7,"le 13/06/2017 a 19:50 h= 3.22m
nouvelle extrapolation du haut de courbe suite à la crue  du 13/06/2017","T","01/29/18 16:15:00","12/28/18 14:47:00","09/24/15 08:31:00",,,"H201717",0,
1198751,389,"08/27/17 21:00:00","01/01/20 00:00:00",310,2600,"H201717lbe",8,"le 27/08/2017 a 21:00 h= 0.40m
Suite à la crue  du 13/06/2017 et le creusement , la section se remblaie petit a petit ...suite 


","T","01/29/18 15:25:00","08/27/18 16:06:00","09/24/15 08:31:00",,,"H2017171",0,
1198752,389,"08/27/17 21:00:00","01/01/30 00:00:00",310,2600,"H201730ex",7,"le 27/08/2017 a 21:00 h= 0.40m
Suite à la crue  du 13/06/2017 et le creusement , la section se remblaie petit a petit ...suite 
septembre 2018 mise en place d un tres haut de courbe avec Baratin et validé par D.Besson .

","T","10/15/18 15:48:00","11/06/19 14:30:00","09/24/15 08:31:00",,,"H201730",0,
1198753,389,"11/22/16 17:30:00","01/01/20 00:00:00",500,2600,"H201620ex",6,"crue le 22/11/2016 a 17:30 H= 2.39
extrapolation fait avec jaugeages de crue du 22 et 24/11/2016 et tiré pour h =340 d'aprés Baratin vu DB 


","T","06/21/17 09:35:00","12/28/18 09:24:00","09/24/15 08:31:00",,,"H201620",0,
1198754,389,"08/30/18 00:00:00","01/01/50 00:00:00",12,5000,"CT sup DB ",100,"h/q Baratin : Qmax","C",,"08/31/18 11:46:00",,,,,0,
1198755,389,"08/30/18 00:00:00","01/01/50 00:00:00",12,5000,"CT_inf DB ",100,"h/q Baratin : Qmin","C",,"08/31/18 11:47:00",,,,,0,
1197920,105,"06/15/15 00:00:00","01/01/20 00:00:00",250,1400,"H201326ess",4,,"T",,"01/13/16 10:11:00","07/10/14 09:00:00",,,,,
1197921,105,"06/15/15 00:00:00","06/01/16 00:00:00",250,1400,"H201516",3,,"T","07/28/16 16:00:00","07/28/16 17:02:00","07/10/14 09:00:00",,,"H201516",0,
1197922,105,"06/01/16 00:00:00","06/15/18 00:00:00",250,1400,"H201618",4,,"T","07/28/16 16:59:00","08/10/18 08:40:00","07/10/14 09:00:00",,,"H201618",0,
1197923,105,"06/15/18 00:00:00","06/01/30 00:00:00",250,1400,"H201830ex ",3,,"T","12/17/19 10:17:00","07/06/21 14:37:00","07/10/14 09:00:00",,,"H201830",0,
1197924,105,"06/15/18 00:00:00","04/01/21 00:00:00",250,1400,"H201821",3,"courbe de JPF ","T","07/06/21 14:00:00","07/06/21 14:40:00","07/10/14 09:00:00",,,"H201821",0,
1197925,106,"11/27/93 00:00:00","05/15/94 00:00:00",400,4000,"C9981",24," ","C",,,,,,,,
1197926,106,"05/15/94 00:00:00","08/09/94 00:00:00",500,4000,"C9982",23," ","C",,,,,,,,
1197927,106,"08/09/94 00:00:00","01/29/95 00:00:00",450,4000,"C9983",22," ","C",,,,,,,,
1197928,106,"01/29/95 00:00:00","05/11/95 00:00:00",500,4000,"C9984",17," ","C",,,,,,,,
1197929,106,"05/11/95 00:00:00","06/04/96 00:00:00",600,4000,"C9985",21," ","C",,,,,,,,
1197930,106,"06/04/96 00:00:00","01/23/97 00:00:00",530,4000,"C9986",19," ","C",,,,,,,,
1197931,106,"01/23/97 00:00:00","01/14/98 00:00:00",530,4000,"C9987",21," ","C",,,,,,,,
1197932,106,"01/23/97 00:00:00","01/14/98 00:00:00",570,1080,"essai",4,,"T",,,,,,,,
1197933,106,"01/14/98 00:00:00","06/26/98 00:00:00",530,4000,"9801",24,,"T",,,,,,,,
1197934,106,"06/26/98 00:00:00","01/19/99 00:00:00",530,4000,"9802",23,,"T",,,,,,,,
1197935,106,"10/21/99 00:00:00","10/20/01 00:00:00",500,2500,"H199901",4,,"T",,,,,,,,
1197936,106,"01/19/99 00:00:00","10/21/99 00:00:00",500,2500,"H199999",4,,"T",,,,,,,,
1197937,106,"10/20/01 00:00:00","11/25/02 00:00:00",500,2600,"H200102",4,,"T",,,,,,,,
1197938,106,"11/25/02 00:00:00","04/01/03 00:00:00",550,2500,"H200203ex",4,,"T",,"03/31/17 14:56:00",,,,,0,
1197939,106,"04/01/03 00:00:00","11/05/04 00:00:00",210,3900,"H200304ex",6,,"T","07/06/04 10:56:00","03/31/17 14:57:00","06/25/04 15:53:00",,,,0,
1197940,106,"11/05/04 00:00:00","11/15/05 00:00:00",210,3900,"H200405ex",6,,"T","06/21/06 14:21:00","03/31/17 14:59:00","06/13/05 10:14:00",,,,0,
1197941,106,"11/15/05 00:00:00","05/15/07 00:00:00",260,3900,"H200507ex",6,,"T","07/23/08 08:47:00","03/31/17 15:00:00","06/19/06 15:00:00",,,,0,
1197942,106,"05/15/07 00:00:00","08/01/07 00:00:00",260,3900,"H200707ex",6,"courbe appliccable pendant la période ou l'herbe dans la riviere influence la 
vitesse et la hauteur d'eau a l'échelle","T","07/23/08 08:50:00","03/31/17 15:02:00","06/19/06 15:00:00",,,,0,
1197943,106,"08/01/07 00:00:00","11/02/08 00:00:00",260,3900,"H200708ex",6,,"T","04/03/09 14:18:00","03/31/17 15:03:00","06/19/06 15:00:00",,,,0,
1197944,106,"10/17/24 13:20:00","05/31/30 12:00:00",600,4100,"H202430",4," détarage crue octobre  2024 (cote 4.02m)
Baratin 2017","T","03/19/25 17:02:00","03/19/25 17:02:00","10/19/20 12:00:00",,,"H202430",0,"Matériaux raporter en RD voir photo post crue"
1197945,106,"11/02/08 00:00:00","10/08/09 00:00:00",260,3900,"H200809ex",6,,"T","11/12/09 17:08:00","03/31/17 15:04:00","06/19/06 15:00:00",,,,0,
1197946,106,"11/25/02 00:00:00","04/01/03 00:00:00",550,2500,"H200203",4,"Baratin 2017","T","03/31/17 14:56:00","03/31/17 14:57:00",,,,,0,
1197947,106,"04/01/03 00:00:00","11/05/04 00:00:00",210,3900,"H200304",6,"Baratin2017","T","03/31/17 14:58:00","03/31/17 14:58:00","06/25/04 15:53:00",,,,0,
1197948,106,"11/05/04 00:00:00","11/15/05 00:00:00",210,3900,"H200405",6,"Baratin2017","T","03/31/17 14:59:00","03/31/17 15:00:00","06/13/05 10:14:00",,,,0,
1197949,106,"11/15/05 00:00:00","05/15/07 00:00:00",260,3900,"H200507",6,"Baratin2017","T","03/31/17 15:01:00","03/31/17 15:01:00","06/19/06 15:00:00",,,,0,
1197950,106,"05/15/07 00:00:00","08/01/07 00:00:00",260,3900,"H200707",6,"courbe appliccable pendant la période ou l'herbe dans la riviere influence la 
vitesse et la hauteur d'eau a l'échelle
Baratin2017","T","03/31/17 15:02:00","03/31/17 15:03:00","06/19/06 15:00:00",,,,0,
1197951,106,"08/01/07 00:00:00","11/02/08 00:00:00",260,3900,"H200708",6,"Baratin2017","T","03/31/17 15:04:00","03/31/17 15:04:00","06/19/06 15:00:00",,,,0,
1197952,106,"11/02/08 00:00:00","10/21/09 21:50:00",260,3900,"H200809",6,"Baratin2017","T","03/31/17 15:05:00","03/31/17 15:05:00","06/19/06 15:00:00",,,,0,
1197953,106,"10/08/09 00:00:00","11/04/11 05:00:00",250,4100,"H200911ex",7,,"T","03/09/12 10:43:00","03/31/17 15:06:00","11/05/11 14:09:00",,,,0,
1197954,106,"10/21/09 21:50:00","11/04/11 05:00:00",250,4100,"H200911",6,"Baratin 2017","T","03/31/17 15:06:00","03/31/17 15:06:00","11/05/11 14:09:00",,,,0,
1197955,106,"11/04/11 05:00:00","06/12/20 18:49:00",250,4100,"H201120",6,"Baratin 2017","T","11/13/20 10:51:00","11/13/20 10:51:00","11/05/11 14:09:00",,,"H201120",0,
1197956,106,"06/12/20 18:49:00","10/17/24 13:20:00",350,4100,"H202024",4," détarage crue de juin 2020 (cote 3.28m)
Baratin 2017","T","12/09/24 14:28:00","12/09/24 14:28:00","10/19/20 12:00:00",,,"H202024",0,
1197957,141,"01/04/18 10:45:00","12/29/21 16:00:00",100,2500,"H201821",14,,"T","10/22/21 09:45:00","02/27/23 11:32:00","05/07/18 14:30:00",,,"H201821",0,
1197958,141,"11/02/08 08:00:00","11/15/10 10:30:00",60,2800,"H200810",7,"


","T","01/08/18 12:04:00","01/08/18 13:53:00","01/28/08 10:22:00",,,"H200810",0,
1197959,141,"12/02/03 15:20:00","11/02/08 08:00:00",0,2800,"H200308",9,"Mise à jour du tracé sur le troncon 60-280cm suite au jaugeage de crue du 4 janvier 2018.","T","01/08/18 12:02:00","01/08/18 13:53:00","09/30/05 10:36:00",,,"H200308",0,
1197960,141,"11/25/02 00:30:00","12/02/03 15:20:00",-40,2800,"H200203",9,,"T","01/08/18 11:57:00","01/08/18 13:53:00",,,,"H200203",0,
1197961,141,"02/14/90 13:50:00","11/25/02 00:30:00",50,2800,"H199002",8,,"T","01/08/18 11:54:00","01/08/18 13:54:00",,,,"H199002",0,
1197962,141,"01/01/73 00:00:00","02/14/90 13:50:00",90,2800,"H197390",7,,"T","01/08/18 11:51:00","01/08/18 13:54:00",,,,"H197390",0,
1197963,141,"11/15/10 10:30:00","07/19/15 02:00:00",110,2800,"H201015",7,"
","T","01/08/18 13:49:00","01/08/18 13:53:00","01/28/08 10:22:00",,,"H201015",0,
1197964,141,"07/19/15 02:00:00","01/04/18 10:45:00",125,2500,"H201518",8,"Modification du tracé sur gamme  60-270 cm suite au jaugeage de crue du 4 janvier 2018.



","T","05/07/18 14:32:00","04/07/22 11:36:00","01/28/08 10:22:00",,,"H201518",0,
1197965,141,"12/29/21 16:00:00","01/01/50 00:00:00",90,2400,"H202150",10,"Crue du 29-12-2021 Hmax 16H TU 149 cm et Qimax. 45 m3/s entre Q2 et Q5
Jaugeage astreinte crue fait ce jour pour H  130cm

","T","01/25/24 09:50:00","01/25/24 09:50:00","09/08/22 15:27:00",,,"H202150",0,
1197966,145,"01/01/80 00:00:00","12/31/97 00:00:00",-1100,3600,"01",3,,"T",,,,,,,,
1197967,145,"01/01/94 00:00:00","02/26/95 00:00:00",-1220,4000,"C9513",15," ","C",,,,,,,,
1197968,145,"12/20/24 05:45:00","01/01/50 00:00:00",-1080,5240,"H202450",6,,"T","04/14/25 14:11:00","04/14/25 14:17:00","11/04/24 09:30:00",,,"H202450",0,"Retour sur une base de courbe sans végétation, type 2008, changement courbe dans l'été et remonter de la courbe du à une destruction de la végétation. "
1197969,145,"06/12/20 23:15:00","01/01/30 12:00:00",-1350,5240,"H202030ex",9," le 12/06/2020 à 23:15 h=2.65 m /extrap haute ""descendue"" avec projet BARATINdu 09/2021 vu DB  pour influence vegetation au controle aval en crue 





","T","10/01/21 18:06:00","08/05/22 14:26:00","09/29/08 00:00:00",,,"H202030",0,"Retour sur une base de courbe en hiver même si précense d'herbe (vu avec DB)"
1197970,145,"06/12/20 23:15:00","06/01/24 00:00:00",-1350,5240,"H202024",9," le 12/06/2020 à 23:15 h=2.65 m /extrap haute ""descendue"" avec projet BARATINdu 09/2021 vu DB  pour influence vegetation au controle aval en crue 





","T","11/04/24 09:45:00","11/04/24 10:05:00","09/29/08 00:00:00",,,"H202024",0,"Retour sur une base de courbe en hiver même si précense d'herbe (vu avec DB)"
1197971,145,"05/19/96 00:00:00","09/16/96 00:00:00",-1130,2260,"C9518",17," ","C",,,,,,,,
1197972,145,"09/16/96 00:00:00","01/23/97 00:00:00",-1150,3700,"C9519",14," ","C",,,,,,,,
1197973,145,"10/28/93 00:00:00","01/01/94 00:00:00",-1200,6650,"C9512",13," ","C",,,,,,,,
1197974,145,"02/26/95 00:00:00","07/12/95 00:00:00",-1100,6050,"C9514",16," ","C",,,,,,,,
1197975,145,"01/23/97 00:00:00","05/01/98 00:00:00",-1190,3700,"C9520",16," ","C",,,,,,,,
1197976,145,"05/01/98 00:00:00","01/02/99 00:00:00",-1050,3700,"9802",20,,"T",,,,,,,,
1197977,145,"01/02/99 00:00:00","06/08/99 00:00:00",-1050,3700,"9902",17,,"T",,,,,,,,
1197978,145,"07/12/95 00:00:00","08/12/95 00:00:00",-1110,2260,"C9515",5,,"C",,,,,,,,
1197979,145,"08/12/95 00:00:00","04/19/96 00:00:00",-1130,2260,"C9516",14,,"C",,,,,,,,
1197980,145,"04/19/96 00:00:00","05/19/96 00:00:00",-1130,2260,"C9517",5,,"C",,,,,,,,
1197981,145,"06/07/07 00:00:00","06/19/08 00:00:00",-1430,5100,"H200708",7,,"T","09/29/08 00:00:00","03/10/10 16:21:00","09/29/08 00:00:00",,,,,
1197982,145,"06/01/06 00:00:00","06/07/07 00:00:00",-1410,4500,"H200607",6,,"T","06/16/08 00:00:00","03/10/10 16:23:00","09/06/07 12:00:00",,,,,
1197983,145,"12/02/03 00:00:00","06/01/06 00:00:00",-1430,4500,"H200306",7,,"T","09/06/07 12:00:00","03/10/10 16:26:00","11/28/05 10:55:00",,,,,
1197984,145,"06/08/99 00:00:00","10/20/01 00:00:00",-1150,3700,"H199901",4,,"T",,"03/10/10 16:34:00",,,,,,
1197985,145,"10/20/01 00:00:00","11/25/02 09:00:00",-1100,3700,"H200102",4,"barème arrêté le 6 mai 2002

Kléber","T",,"03/10/10 16:36:00",,,,,,
1197986,145,"11/25/02 09:00:00","12/02/03 00:00:00",-1240,4800,"H200203",6,,"T",,"03/10/10 16:38:00",,,,,,
1197987,145,"05/19/13 03:30:00","01/20/14 01:00:00",-1320,5240,"H201314ex",9,"19/5/13 crue H=125 cm
","T","03/18/14 15:10:00","01/13/17 14:30:00","09/29/08 00:00:00",,,,0,
1197988,145,"01/20/14 01:00:00","11/05/14 00:40:00",-1300,5240,"H201414ex",9,"20/01/2014 à  01:00 crue H=72
 cm
incertutude sur bas de courbe et corTH lies a herbe
","T","03/27/15 14:09:00","01/13/17 14:33:00","09/29/08 00:00:00",,,,0,
1197989,145,"06/19/08 00:00:00","05/19/13 03:30:00",-1420,5240,"H200813ex",10,,"T","06/12/12 16:34:00","01/13/17 14:26:00","09/29/08 00:00:00",,,,0,
1197990,145,"06/19/08 00:00:00","05/19/13 03:30:00",-1420,5240,"H200813",11,"16/08/2008 a 00:00 h = - 0.554 (date ???) mais pas de saut de courbe avec la précedente 
rectif haut de courbe janvier 2017 : vu avec 
D.Besson

","T","01/13/17 14:27:00","01/13/17 14:27:00","09/29/08 00:00:00",,,"H200813",0,
1197991,145,"05/19/13 03:30:00","01/20/14 01:00:00",-1320,5240,"H201314",10,"19/5/13 crue H=125 cm
reprise haut de courbe janvier 2017 : vu D.B.

","T","01/13/17 14:30:00","01/13/17 14:31:00","09/29/08 00:00:00",,,"H201314",0,
1197992,145,"01/20/14 01:00:00","11/05/14 00:40:00",-1300,5240,"H201414",9,"20/01/2014 à  01:00 crue H= 0.72 m
incertutude sur bas de courbe et corTH lies a herbe
reprise haut de courbe janvier 2017 :vu DB 





","T","01/13/17 14:34:00","01/13/17 14:36:00","09/29/08 00:00:00",,,"H201414",0,
1197993,145,"11/05/14 00:40:00","11/23/16 02:30:00",-1360,5240,"H201416ex",8,"5/11/14 à  00:40 crue H=1.49 cm
bas de courbe calé aprés disparition des herbes
bonne fiabilité basse pour CorTH 


 









","T","01/13/17 14:39:00","11/18/19 11:53:00","09/29/08 00:00:00",,,"H201416",0,
1197994,145,"05/16/18 04:40:00","11/23/19 17:40:00",-1310,5240,"H201819",9," le 16/05/18 à 04:35 h= 0.285 m 
modif haute de courbe lié à vegetation en aval pour prendre en compte jaugeage de crue 2019 / decalage de la courbe par translation sur toute l'extrap haute 







 









","T","02/20/20 14:51:00","02/20/20 15:52:00","09/29/08 00:00:00",,,"H201819",0,"Retour sur une base de courbe en hiver même si précense d'herbe (vu avec DB)"
1197995,145,"03/01/19 00:00:00","01/01/20 12:00:00",-1360,5240,"H201820DB",7,"MAJ DB pour suivi crue","T",,"10/30/19 17:39:00",,,,"H201820DB",0,
1197996,145,"11/05/14 00:40:00","04/07/16 01:10:00",-1360,5240,"H201416",8,"5/11/14 à  00:40 crue H=1.49 cm
bas de courbe calé aprés disparition des herbes
bonne fiabilité basse pour CorTH 


 









","T","11/18/19 11:12:00","11/18/19 11:53:00","09/29/08 00:00:00",,,"H201416",0,
1197997,145,"05/16/18 04:40:00","01/01/30 12:00:00",-1310,5240,"H201830ex",9," le 16/05/18 à 04:35 h= 0.285 m 






 









","T","11/18/19 11:58:00","02/20/20 15:54:00","09/29/08 00:00:00",,,"H201830",0,"Retour sur une base de courbe en hiver même si précense d'herbe (vu avec DB)"
1197998,145,"11/23/19 17:40:00","06/12/20 23:15:00",-1190,5240,"H201920",9," le 23/11/2019 à 17:40 h=3.37 m /extrap haute ""descendue"" de 250m3/s pour influence vegetation au controle aval en crue 
","T","08/10/20 13:16:00","08/10/20 15:15:00","09/29/08 00:00:00",,,"H201920",0,"Retour sur une base de courbe en hiver même si précense d'herbe (vu avec DB)"
1197999,145,"04/07/16 01:10:00","05/16/18 04:40:00",-1340,5240,"H201618",9,"détarage en basse eau pour modification haut de courbe validé par DB 
novembre 2018 prolongement de l'extrapolation haute validé DB suite a demande SHPEC ( tableau hauteur usage) crue octobre 1846 h= 7m pour 4500m3/s


","T","11/18/19 11:10:00","01/20/21 17:25:00","09/29/08 00:00:00",,,"H201618",0,
1198000,145,"01/01/16 00:00:00","01/01/50 00:00:00",12,5000,"CT bar_inf",100,"h/q Baratin : Qmin","C",,,,,,,,
1198001,145,"01/01/16 00:00:00","01/01/50 00:00:00",12,5000,"CT bar_sup",100,"h/q Baratin : Qmax","C",,,,,,,,
1198002,145,"01/01/16 00:00:00","01/01/50 00:00:00",12,5000,"CT bar2019",100,"h/q Baratin : Qmaxpost","C",,"09/27/21 17:41:00",,,,,0,
1198003,145,"01/01/06 00:00:00","01/01/10 00:00:00",12,5000,"CT bas_inf",100,"h/q Baratin : Qmin","C",,,,,,,,
1198004,145,"01/01/06 00:00:00","01/01/10 00:00:00",12,5000,"CT bas_sup",100,"h/q Baratin : Qmax","C",,,,,,,,
1198005,145,"01/01/06 00:00:00","01/01/10 00:00:00",12,5000,"CT bas2008",100,"h/q Baratin : Qmaxpost","C",,"09/27/21 17:47:00",,,,,0,
1198006,145,"06/01/24 00:00:00","12/20/24 05:45:00",-1350,5240,"H202424",9," Crue le 16et17/10/24 h: 4850 mm ","T","01/27/25 15:58:00","01/27/25 15:58:00","11/04/24 09:30:00",,,"H202424",0,"Retour sur une base de courbe sans végétation, type 2008, changement courbe dans l'été et remonter de la courbe du à une destruction de la végétation. "
1198007,149,"07/01/97 00:00:00","08/30/97 00:00:00",40,760,"C9501",7," ","C",,,,,,,,
1198008,149,"08/30/97 00:00:00","10/08/97 00:00:00",40,760,"C9502",17," ","C",,,,,,,,
1198009,149,"10/08/97 00:00:00","11/08/97 00:00:00",40,760,"C9503",19," ","C",,,,,,,,
1198010,149,"11/14/95 00:00:00","01/13/96 00:00:00",200,650,"C9493",14," ","C",,,,,,,,
1198011,149,"08/02/95 00:00:00","11/14/95 00:00:00",200,650,"C9492",14," ","C",,,,,,,,
1198012,149,"01/13/96 00:00:00","05/20/96 00:00:00",200,650,"C9494",18," ","C",,,,,,,,
1198013,149,"01/24/97 00:00:00","02/16/97 00:00:00",90,760,"C9498",6," ","C",,,,,,,,
1198014,149,"02/16/97 00:00:00","05/13/97 00:00:00",90,760,"C9499",19," ","C",,,,,,,,
1198015,149,"05/13/97 00:00:00","07/01/97 00:00:00",40,760,"C9500",17," ","C",,,,,,,,
1198016,149,"05/20/96 00:00:00","08/04/96 00:00:00",200,650,"C9495",17," ","C",,"02/22/08 10:10:00",,,,,,
1198017,149,"11/13/96 00:00:00","01/24/97 00:00:00",90,760,"C9497",20," ","C",,"02/22/08 10:12:00",,,,,,
1198018,149,"08/04/96 00:00:00","11/13/96 00:00:00",160,650,"C9496",20," ","C",,"02/22/08 10:18:00",,,,,,
1198019,149,"09/17/94 00:00:00","08/02/95 00:00:00",0,2000,"C9491",22," ","C",,"02/22/08 10:20:00",,,,,,
1198020,149,"01/01/94 00:00:00","09/17/94 00:00:00",0,2000,"C9490",18," ","C",,"02/22/08 10:22:00",,,,,,
1198021,149,"11/23/19 12:20:00","12/16/20 03:20:00",40,2400,"H201920",6,"Détarage crue de novembre 2019","T","02/12/21 12:05:00","01/30/23 15:00:00","12/11/08 12:11:00",0,3500,"H201920",0,
1198022,149,"08/03/12 12:15:00","01/01/50 00:00:00",180,3300,"H201250anc",8,"
Détarage barrage de cailloux
","T","11/16/12 11:23:00","06/28/13 13:55:00","12/11/08 12:11:00",,,,,
1198023,149,"10/17/24 12:30:00","02/07/25 13:31:00",300,3000,"H202425",6,"
 ","T","03/17/25 14:19:00","03/17/25 14:19:00","12/11/08 12:11:00",,,"H202425",0,"Détarage cru d'octobre 2024"
1198024,149,"02/07/25 13:31:00","01/01/30 00:00:00",300,3000,"H202530",6,"Détarage travaux syndicat de rivière 04 et 07 février 2025","T","03/17/25 14:21:00","03/17/25 14:21:00","12/11/08 12:11:00",,3500,"H202530",0,"Corth de transition cote 40cm  = 26mm d'écart"
1198025,149,"12/25/21 23:00:00","10/17/24 12:30:00",30,3000,"H202124",6,"Fin de corTH bararge de cailloux à la fin du gel cote 38.6 avec corTH de rattrapage. L 'ancien controle est réapparu
 ","T","11/27/24 17:36:00","11/27/24 17:37:00","12/11/08 12:11:00",-20,3500,"H202124",0,
1198026,149,"07/13/11 16:40:00","08/03/12 12:15:00",180,3300,"H201112anc",7,"

","T","05/25/12 11:24:00","06/28/13 13:55:00","12/11/08 12:11:00",,,,,
1198027,149,"11/02/08 02:30:00","07/13/11 16:40:00",140,3300,"H200810anc",8,"nvelle courbe en fonction du profil de la station (nivellement) MR
affinage bas de courbe LB","T","12/19/11 14:21:00","06/28/13 13:56:00","12/11/08 12:11:00",,,,,
1198028,149,"07/13/11 16:40:00","08/03/12 12:15:00",180,3300,"H201112",7,"Mise à jour suite jaugeage mai 2013 GC

","T","06/28/13 13:00:00","06/28/13 14:02:00","12/11/08 12:11:00",,,,,
1198029,149,"11/02/08 02:30:00","07/13/11 16:40:00",140,3300,"H200811",8,"nvelle courbe en fonction du profil de la station (nivellement) MR
affinage bas de courbe LB
Modif suite jaugeage mai 2013 GC","T","06/28/13 12:00:00","06/28/13 14:03:00","12/11/08 12:11:00",,,,,
1198030,149,"08/03/12 12:15:00","05/18/13 17:00:00",180,3300,"H201213",8,"Détarage suite au barrage de cailloux 
Mise à jour suite crue mai 2013 (jaugeage crue + détarage liés à la dispariton du barrage ce cailloux).
","T","06/28/13 13:00:00","06/28/13 14:04:00","12/11/08 12:11:00",,,,,
1198031,149,"05/18/13 17:00:00","11/04/14 22:00:00",180,3300,"H201314",7,"Détarage suite jaugeage juin 2013 le barrage de cailloux à sauté au dernier coup d'eau (retour sur la courbe de H201112)

","T","01/30/15 11:52:00","01/30/15 14:39:00","12/11/08 12:11:00",,,,,
1198032,149,"11/08/97 00:00:00","09/05/98 00:00:00",130,760,"9708anc",19,,"T",,"01/29/16 15:06:00",,,,,,
1198033,149,"11/11/98 00:00:00","03/05/99 00:00:00",200,760,"9803anc",3,,"T",,"01/29/16 15:06:00",,,,,,
1198034,149,"09/05/98 00:00:00","11/11/98 00:00:00",200,760,"9802anc",21,,"T",,"01/29/16 15:06:00",,,,,,
1198035,149,"03/05/99 00:00:00","05/05/01 00:00:00",200,760,"9902anc",4,,"T",,"01/29/16 15:07:00",,,,,,
1198036,149,"05/05/01 00:00:00","04/01/02 00:00:00",60,760,"H200102anc",4,"arrêté le 23/10/2001

Kléber","T",,"01/29/16 15:07:00",,,,,,
1198037,149,"04/01/02 00:00:00","08/15/02 00:00:00",10,1550,"H200202anc",4,,"T",,"01/29/16 15:07:00",,,,,,
1198038,149,"11/26/02 00:00:00","08/21/03 00:00:00",30,800,"H200203anc",6,,"T",,"01/29/16 15:08:00",,,,,,
1198039,149,"08/15/02 00:00:00","11/26/02 00:00:00",80,1500,"H200202a",4,,"T",,"01/29/16 15:08:00",,,,,,
1198040,149,"08/21/03 00:00:00","12/03/03 00:00:00",55,1000,"H200303anc",5,,"T",,"01/29/16 15:08:00","02/06/04 09:26:00",,,,,
1198041,149,"12/03/03 00:00:00","08/02/04 21:00:00",40,1000,"H200304anc",4,,"T","01/06/05 00:00:00","01/29/16 15:09:00","07/07/04 08:35:00",,,,,
1198042,149,"08/02/04 21:00:00","10/26/04 00:00:00",40,1000,"H200404anc",4,,"T",,"01/29/16 15:09:00","01/06/05 10:07:00",,,,,
1198043,149,"10/26/04 00:00:00","05/01/06 00:00:00",40,1010,"H200406anc",7,,"T","11/13/06 10:53:00","01/29/16 15:09:00","11/13/06 00:00:00",,,,,
1198044,149,"05/01/06 00:00:00","11/02/08 02:30:00",10,3300,"H200608anc",8,"nvelle courbe en fonction profil
Pas de mise à jour suite au jaugeage de mai 2013 (car trop d'écart entre les courbes) GC","T","12/11/08 12:11:00","01/29/16 15:09:00","12/11/08 12:11:00",,,,,
1198045,149,"11/08/97 00:00:00","11/02/08 02:30:00",50,3000,"H199708",6,"Courbe d'ensemble avec Corth pour gérer les barrages de cailloux.","T","01/29/16 11:34:00","01/29/16 15:11:00","01/21/16 17:10:00",,,,,
1198046,149,"01/01/14 00:00:00","01/01/20 00:00:00",12,5000,"CT_inf",100,"h/q Baratin : Qmin","C",,,,,,,,
1198047,149,"01/01/14 00:00:00","01/01/20 00:00:00",12,5000,"CT_sup",100,"h/q Baratin : Qmax","C",,,,,,,,
1198048,149,"01/01/14 00:00:00","01/01/20 00:00:00",12,5000,"CT",100,"h/q Baratin : Qmaxpost","C",,,,,,,,
1198049,149,"05/15/18 12:32:00","11/23/19 12:20:00",90,2400,"H201819",6,,"T","05/27/20 17:18:00","06/03/20 16:19:00","12/11/08 12:11:00",90,3500,"H201819",0,
1198050,149,"11/22/16 17:55:00","05/15/18 12:32:00",110,2400,"H201618",6,"Léger détarage suite crue de novembre 2016 cote 2.482 m","T","08/03/18 10:27:00","01/11/21 17:06:00","12/11/08 12:11:00",100,3500,"H201618",0,
1198051,149,"11/04/14 22:00:00","11/22/16 17:55:00",120,2400,"H201416",6,"Détarage cote 2.167 m","T","06/26/17 14:32:00","01/11/21 17:08:00","12/11/08 12:11:00",100,3500,"H201416",0,
1198052,149,"12/16/20 03:20:00","12/25/21 23:00:00",100,2400,"H202021",6,"Fin de corTH bararge de cailloux  H=66 cm
Barrage résiduell intégré durablement dans le controle ","T","02/28/22 16:38:00","02/28/22 16:39:00","12/11/08 12:11:00",90,3500,"H202021",0,
1198053,161,"11/04/04 16:00:00","06/25/05 16:20:00",250,1250,"H200405",5,"Baratin 2021 pente à 4% + incertitude élargie J bv réduit détarage cote 0.803 m","T","04/07/22 15:45:00","04/07/22 15:47:00","10/07/05 10:02:00",,,"H200405",0,
1198054,161,"02/04/03 04:20:00","11/04/04 16:00:00",250,1200,"H200304",7,"Baratin 2021 pente à 4% + incertitude élargie J bv réduit
Détarage février 2003 cote 0.81m","T","04/07/22 15:51:00","04/07/22 15:51:00","04/21/04 10:37:00",,,"H200304",0,
1198055,161,"06/25/05 16:20:00","02/15/06 20:50:00",200,1300,"H200506",5,"Baratin 2021 pente à 4% + incertitude élargie J BV réduit
Juin 2005 détarage cote 0.43m","T","04/07/22 15:43:00","04/07/22 15:43:00","03/24/06 16:22:00",,,"H200506",0,
1198056,161,"02/15/06 20:50:00","08/22/06 08:14:00",220,1400,"H200606",5,"Baratin 2021 pente à 4% + incertitude élargie J BV réduit
Février 2006 Détarage cote 0.61m","T","04/07/22 15:39:00","04/07/22 15:41:00","06/12/06 11:48:00",,,"H200606",0,
1198057,161,"01/01/01 00:00:00","02/04/03 04:20:00",250,1200,"H200103",7,"Baratin 2021 pente à 4% + incertitude élargie J bv réduit","T","04/07/22 15:52:00","04/07/22 15:53:00","01/30/04 17:24:00",,,"H200103",0,
1198058,161,"11/02/08 06:15:00","08/25/09 19:40:00",230,1200,"H200809",5,"Baratin 2021 pente à 4% + incertitude élargie J bv réduit
Détarage cure de novembre 2008 cote 1.55m","T","04/07/22 15:29:00","04/07/22 15:34:00","03/27/07 09:59:00",,,"H200809",0,
1198059,161,"08/26/11 12:50:00","01/01/20 00:00:00",230,1200,"H201120anc",5,"Sans détarage à la crue de mai 2013","T","01/27/14 14:26:00","01/23/15 12:11:00","03/27/07 09:59:00",,,,,
1198060,161,"08/25/09 19:40:00","02/19/10 19:40:00",230,1200,"H200910",5,"Baratin 2021 pente à 4% + incertitude élargie J bv réduit
Détarage aout 2009 cote 0.36m","T","04/07/22 15:27:00","04/07/22 15:28:00","03/27/07 09:59:00",,,"H200910",0,
1198061,161,"01/01/13 00:00:00","12/31/22 00:00:00",12,5000,"B201320BV",100,"Avec jaugeage crue  réduit du BV","C",,"04/07/22 14:51:00",,,,,0,
1198062,161,"01/01/13 00:00:00","12/31/22 00:00:00",12,5000,"B20132BVsu",100,"Avec jaugeage crue reduit du BV","C","04/07/22 14:54:00","04/07/22 14:54:00",,,,,0,
1198063,161,"01/01/13 00:00:00","12/31/22 00:00:00",12,5000,"B20132BVin",100,"Avec jaugeage crue rapport BV","C","04/07/22 14:54:00","04/07/22 14:55:00",,,,,0,
1198064,161,"02/19/10 19:40:00","08/26/11 12:50:00",230,1200,"H201011",5,"Baratin 2021 pente à 4% + incertitude élargie J bv réduit
Détarage février 2010 cote 0.58m","T","04/07/22 15:25:00","04/07/22 15:26:00","03/27/07 09:59:00",,,"H201011",0,
1198065,161,"08/26/11 12:50:00","05/01/13 03:00:00",230,1200,"H201113 ",4," baratin 2021 pente 4% incertitudé élargie J reduit BV
Détarage aout 2011 cote 30.8 cm","T","04/07/22 15:26:00","04/07/22 15:26:00","03/27/07 09:59:00",,,"H201113",0,
1198066,161,"02/12/07 22:00:00","06/13/07 17:00:00",160,1400,"H200707",5,"Baratin 2021 pente à 4% + incertitude élargie JBV réduit
Détarage février 2007 cote 0.406m","T","04/07/22 15:35:00","04/07/22 15:36:00","03/27/07 09:59:00",,,"H200707",0,
1198067,161,"08/22/06 08:15:00","02/12/07 22:00:00",100,1400,"H200607",5,"Baratin 2021 pente à 4% + incertitude élargie J BV réduit 
Détarge étiage avec CortH transitoire (Cv 2021)","T","04/07/22 15:38:00","04/07/22 15:38:00","03/27/07 09:59:00",,,"H200607",0,
1198068,161,"06/13/07 17:00:00","11/02/08 06:15:00",200,1200,"H200708",6,"Baratin 2021 pente à 4% + incertitude élargie  J bv réduit
Détarage juin 2017 cote 83 cm","T","04/07/22 15:31:00","04/07/22 16:00:00","03/27/07 09:59:00",,,"H200708",0,
1198069,161,"01/01/13 00:00:00","12/31/22 00:00:00",12,5000,"B20132",100,"Baratin avec incertitude élargie et jaugeage camera du 11/05/2021","C","04/04/22 10:21:00","04/04/22 10:24:00",,,,,0,
1198070,161,"01/01/13 00:00:00","12/31/22 00:00:00",50,3000,"B20132_sup",100,"Baratin avec incertitude élargie et jaugeage camera du 11/05/2021","C","04/04/22 10:20:00","04/04/22 10:24:00",,,,,0,
1198071,161,"01/01/13 00:00:00","12/31/22 00:00:00",12,5000,"B20132_inf",100,"Baratin avec incertitude élargie et jaugeage camera du 11/05/2021","C","04/04/22 10:20:00","04/04/22 10:24:00",,,,,0,
1198072,161,"05/01/13 03:00:00","06/04/23 07:30:00",250,1400,"H201323",5,"Détarage léger crue du 01/05/2013  1.07m extrapolation baratin2022pente à 4% vue DB avec incertitude élargie et jaugeage reduit du BV","T","03/07/24 15:26:00","03/07/24 15:26:00","03/27/07 09:59:00",,,"H201323",0,
1198073,161,"06/03/23 22:45:00","01/01/30 00:00:00",250,1400,"H202330",5,"Détarage léger (déversement de gravat ?) au 03/06/2024 22h45  0.475m (pour coller avec la précédente)
extrapolation baratin2022pente à 4% vue DB avec incertitude élargie et jaugeage reduit du BV","T","12/09/24 16:22:00","02/14/25 09:44:00","03/27/07 09:59:00",,,"H202330",0,
1198074,164,"11/01/97 00:00:00","05/18/99 00:00:00",350,5770,"B9801",44,,"C",,,,,,,,
1198075,164,"09/10/05 00:00:00","07/29/08 00:00:00",210,6400,"H200508",12,,"T","09/29/08 00:00:00","06/30/09 16:27:00","09/29/08 00:00:00",,,,,
1198076,164,"04/01/24 03:30:00","01/01/30 00:00:00",350,7850,"H202430",8,,"T","11/18/24 11:40:00","03/19/25 09:21:00","05/31/24 12:00:00",,,"H202430",0,
1198077,164,"06/12/20 19:13:00","04/01/24 03:30:00",270,7850,"H202024",8,"le 12/06/2020 a 19:13  h= 5.20 m
janvier 2019 mise en place des extrapolations du DPEC / vu  et validé par DB








","T","05/31/24 11:28:00","03/19/25 10:20:00","08/20/09 15:00:00",,,"H202024",0,
1198078,164,"05/18/99 00:00:00","01/24/02 00:00:00",360,5700,"H199902",5,,"T",,"07/01/09 08:43:00",,,,,,
1198079,164,"01/24/02 00:00:00","12/02/03 00:00:00",30,6400,"H200203",8,,"T",,"07/01/09 08:44:00",,,,,,
1198080,164,"12/02/03 00:00:00","09/10/05 00:00:00",210,6400,"H200305",10,,"T","11/10/06 15:14:00","07/01/09 08:50:00","05/23/05 14:44:00",,,,,
1198081,164,"07/29/08 00:00:00","11/01/08 00:00:00",110,7850,"H200808",10,"Courbe extrapolée par JV en attente de la nouvelle courbe suite à la crue du 02/11/2008","T","08/20/09 15:00:00","08/20/09 15:32:00","09/29/08 00:00:00",,,,,
1198082,164,"11/01/08 00:00:00","05/22/12 22:40:00",170,7860,"H200812",10,"Courbe extrapolée par JV en attente de la nouvelle courbe suite à la crue du 02/11/2008","T","04/20/12 16:04:00","09/21/12 15:44:00","08/20/09 15:00:00",,,,,
1198083,164,"05/22/12 22:40:00","05/19/13 02:30:00",240,7860,"H201213",6,"nouvelle courbe suite coup d'eau de mai 2012 



","T","10/05/12 11:00:00","10/03/13 10:50:00","08/20/09 15:00:00",,,,,
1198084,164,"06/13/17 23:25:00","06/12/20 19:13:00",350,7860,"H201720ex",9,"le 13/06/2017 a 23:25  h= 6.15 m
janvier 2019 mise en place des extrapolations du DPEC / vu  et validé par DB






","T","08/10/20 14:37:00","03/11/21 11:37:00","08/20/09 15:00:00",,,"H201720",0,
1198085,164,"06/13/17 23:25:00","01/01/20 00:00:00",350,7860,"H201720lbe",5,"le 13/06/2017 a 23:25  h= 6.15 m

","T","08/29/17 10:07:00","03/09/21 17:07:00","08/20/09 15:00:00",,,"H201720",0,
1198086,164,"05/19/13 02:30:00","11/22/16 20:40:00",288,7860,"H201316exE",5,"LE 19/5/2013 H 3.392


","T","01/14/19 16:45:00","03/11/21 11:25:00","08/20/09 15:00:00",,,"H201316",0,
1198087,164,"11/22/16 20:40:00","06/13/17 23:25:00",520,7860,"H201617exE",5,"le 20/11/2016 a 20:40 h= 6.38 m
","T","07/21/17 10:05:00","03/11/21 11:28:00","08/20/09 15:00:00",,,"H201617",0,
1198088,164,"05/19/13 02:30:00","11/22/16 20:40:00",288,7860,"H201316ex",7,"LE 19/5/2013 H 3.392
mise a jour extrap haut 01/2019 vu avec DB 



","T","01/14/19 16:46:00","03/11/21 11:29:00","08/20/09 15:00:00",,,"H201316",0,
1198089,164,"05/19/13 02:30:00","11/24/16 16:40:00",288,7860,"H201316",7,,"T","03/11/21 11:30:00","03/11/21 11:31:00","08/20/09 15:00:00",,,"H201316",0,
1198090,164,"11/22/16 20:40:00","06/13/17 23:25:00",520,7860,"H201617ex",7,"le 20/11/2016 a 20:40 h= 6.38 m
mise a jour extrap haute 01/2019 vu DB 

","T","03/11/21 11:33:00","03/11/21 11:33:00","08/20/09 15:00:00",,,"H201617",0,
1198091,164,"11/24/16 16:40:00","06/13/17 23:25:00",520,7860,"H201617",6,"le 24/11/2016 a 16:40 h= 3.01 m date pour detarer en eau moyenne 
mise a jour extrap haute 01/2019 vu DB 
modif haut de courbe vu CG DB 

","T","03/11/21 11:33:00","03/11/21 11:33:00","08/20/09 15:00:00",,,"H201617",0,
1198092,164,"06/13/17 23:25:00","06/12/20 19:13:00",350,7860,"H201720",7,"le 13/06/2017 a 23:25  h= 6.15 m
janvier 2019 mise en place des extrapolations du DPEC / vu  et validé par DB






","T","03/11/21 11:38:00","03/11/21 11:38:00","08/20/09 15:00:00",,,"H201720",0,
1198093,166,"07/06/72 00:00:00","12/31/72 00:00:00",600,1900,"es 72-2",20,,"C",,,,,,,,
1198094,166,"09/21/71 00:00:00","12/31/71 00:00:00",650,2200,"es 71-2",22,,"C",,,,,,,,
1198095,166,"01/01/71 00:00:00","09/20/71 00:00:00",500,1700,"es 71-1",20,,"C",,,,,,,,
1198096,166,"01/01/70 00:00:00","07/31/70 00:00:00",720,2200,"es 70-1",25,,"C",,,,,,,,
1198097,166,"08/01/70 00:00:00","12/31/70 00:00:00",520,1700,"es 70-2",20,,"C",,,,,,,,
1198098,166,"01/01/69 00:00:00","08/01/69 00:00:00",620,2000,"es 69-1",22,,"C",,,,,,,,
1198099,166,"08/02/69 00:00:00","12/31/69 00:00:00",560,2000,"es 69-2",23,,"C",,,,,,,,
1198100,166,"01/01/68 00:00:00","07/29/68 00:00:00",640,1900,"es 68-1",18,,"C",,,,,,,,
1198101,166,"07/30/68 00:00:00","09/02/68 00:00:00",580,1900,"es 68-2",18,,"C",,,,,,,,
1198102,166,"01/01/67 00:00:00","12/31/67 00:00:00",490,1900,"es 67-1",20,,"C",,,,,,,,
1198103,166,"01/01/66 00:00:00","12/31/66 00:00:00",500,1900,"es 66-1",20,,"C",,,,,,,,
1198104,166,"01/01/65 00:00:00","12/31/65 00:00:00",610,3000,"ess 65-1",41,,"C",,,,,,,,
1198105,166,"01/01/64 00:00:00","08/22/64 00:00:00",350,930,"es 64-1",25,,"C",,,,,,,,
1198106,166,"08/23/64 00:00:00","12/31/64 00:00:00",530,1300,"es 64-2",21,,"C",,,,,,,,
1198107,166,"01/01/63 00:00:00","08/11/63 00:00:00",530,3500,"es 63-1",44,,"C",,,,,,,,
1198108,166,"08/12/63 00:00:00","12/31/63 00:00:00",910,3500,"es 63-2",39,,"C",,,,,,,,
1198109,166,"10/07/97 00:00:00","03/26/99 00:00:00",-10,2300,"9705",19,,"T",,,,,,,,
1198110,166,"02/19/00 00:00:00","01/11/01 00:00:00",70,2490,"H200001",6,,"T",,,,,,,,
1198111,166,"01/01/81 00:00:00","09/26/81 00:00:00",250,6500,"01",2,,"T",,,,,,,,
1198112,166,"01/01/82 00:00:00","11/08/82 00:00:00",350,6500,"02",2,,"T",,,,,,,,
1198113,166,"11/27/93 00:00:00","04/09/94 00:00:00",130,7000,"C9475",15," ","C",,,,,,,,
1198114,166,"04/09/94 00:00:00","05/15/94 00:00:00",300,7000,"C9476",16," ","C",,,,,,,,
1198115,166,"05/15/94 00:00:00","06/21/94 00:00:00",150,7000,"C9477",25," ","C",,,,,,,,
1198116,166,"06/21/94 00:00:00","04/23/95 00:00:00",150,3500,"C9478",22," ","C",,,,,,,,
1198117,166,"04/23/95 00:00:00","06/29/95 00:00:00",270,2540,"C9479",27," ","C",,,,,,,,
1198118,166,"06/29/95 00:00:00","07/20/95 00:00:00",270,390,"C9480",15," ","C",,,,,,,,
1198119,166,"07/20/95 00:00:00","10/15/95 00:00:00",150,2540,"C9481",21," ","C",,,,,,,,
1198120,166,"10/15/95 00:00:00","01/24/96 00:00:00",270,2540,"C9482",28," ","C",,,,,,,,
1198121,166,"01/24/96 00:00:00","05/20/96 00:00:00",150,2540,"C9483",24," ","C",,,,,,,,
1198122,166,"05/20/96 00:00:00","11/14/96 00:00:00",150,2540,"C9484",29," ","C",,,,,,,,
1198123,166,"11/14/96 00:00:00","01/24/97 00:00:00",790,2360,"C9485",7," ","C",,,,,,,,
1198124,166,"01/24/97 00:00:00","02/16/97 00:00:00",320,750,"C9486",5," ","C",,,,,,,,
1198125,166,"02/16/97 00:00:00","07/05/97 00:00:00",160,2490,"C9487",23," ","C",,,,,,,,
1198126,166,"07/05/97 00:00:00","10/07/97 00:00:00",40,2490,"C9488",23," ","C",,,,,,,,
1198127,166,"01/01/76 00:00:00","07/19/76 00:00:00",470,840,"es 76-1",15,,"C",,,,,,,,
1198128,166,"07/20/76 00:00:00","12/31/76 00:00:00",460,1300,"es 76-2",36,,"C",,,,,,,,
1198129,166,"01/11/01 00:00:00","11/30/01 00:00:00",70,2500,"H200101",6,"arrêté le 23/10/2001

Kléber","T",,,,,,,,
1198130,166,"11/30/01 00:00:00","11/26/02 00:00:00",100,2500,"H200102",7,,"T",,"01/30/04 15:04:00",,,,,,
1198131,166,"11/26/02 00:00:00","12/03/03 00:00:00",-100,3500,"H200203",8,,"T",,"03/23/04 16:27:00",,,,,,
1198132,166,"01/01/75 00:00:00","06/30/75 00:00:00",830,1300,"es 75-1",19,,"C",,,,,,,,
1198133,166,"07/01/75 00:00:00","08/12/75 00:00:00",180,700,"es 75-2",14,,"C",,,,,,,,
1198134,166,"08/13/75 00:00:00","09/30/75 00:00:00",550,1000,"es 75-3",20,,"C",,,,,,,,
1198135,166,"10/01/75 00:00:00","12/31/75 00:00:00",570,1000,"es 75-4",14,,"C",,,,,,,,
1198136,166,"01/01/74 00:00:00","03/17/74 00:00:00",830,1300,"es 74-1",14,,"C",,,,,,,,
1198137,166,"03/18/74 00:00:00","07/31/74 00:00:00",540,860,"es 74-2",17,,"C",,,,,,,,
1198138,166,"08/01/74 00:00:00","08/31/74 00:00:00",540,650,"es 74-3",6,,"C",,,,,,,,
1198139,166,"09/01/74 00:00:00","10/25/74 00:00:00",630,850,"es 74-4",9,,"C",,,,,,,,
1198140,166,"10/26/74 00:00:00","12/31/74 00:00:00",660,1300,"es 74-5",17,,"C",,,,,,,,
1198141,166,"01/01/73 00:00:00","06/06/73 00:00:00",740,950,"es 73-1",13,,"C",,,,,,,,
1198142,166,"06/07/73 00:00:00","07/26/73 00:00:00",630,850,"es 73-2",9,,"C",,,,,,,,
1198143,166,"07/27/73 00:00:00","10/03/73 00:00:00",610,1600,"es 73-3",19,,"C",,,,,,,,
1198144,166,"10/04/73 00:00:00","12/31/73 00:00:00",670,2500,"es 73-4",27,,"C",,,,,,,,
1198145,166,"01/01/72 00:00:00","06/06/72 00:00:00",850,1500,"es 72-1",13,,"C",,,,,,,,
1198146,166,"03/26/99 00:00:00","02/19/00 00:00:00",-10,2300,"9902",7,,"T",,"09/28/07 15:46:00",,,,,,
1198147,166,"12/03/03 00:00:00","03/15/05 00:00:00",-50,3500,"H200305",6,,"T",,"09/28/07 15:50:00","06/15/04 12:01:00",,,,,
1198148,166,"03/15/05 00:00:00","07/21/06 05:10:00",0,3500,"H200506",7,"modification courbe suite changement gestionnaire","T","09/30/08 10:31:00","10/03/08 14:15:00","09/05/07 11:00:00",,,,,
1198149,166,"07/21/06 05:10:00","07/06/08 22:40:00",-50,2800,"H200608",8,"jaugeage n°327 : douteux
changement extrapolation haute (+20%)","T","09/30/08 10:42:00","10/03/08 14:17:00","09/05/07 11:00:00",,,,,
1198150,166,"07/06/08 22:40:00","10/22/09 00:00:00",-50,2800,"H200809",7,,"T","11/13/09 15:20:00","11/13/09 16:04:00","09/05/07 11:00:00",,,,,
1198151,166,"10/22/09 00:00:00","06/16/10 12:40:00",-50,2800,"H200910",8,"nlle courbe suite jaugeage octobre 2009
étiage important été 2009  coup d'eau en octobre 
arret : coup d'eau 16/6/2010","T","08/02/10 09:46:00","08/02/10 10:14:00","09/05/07 11:00:00",,,,,
1198152,166,"06/16/10 12:40:00","09/08/10 01:40:00",-50,2800,"H201010",7,"nlle courbe suite coup d'eau 16/06/2010","T","10/18/10 18:05:00","10/18/10 18:07:00","09/05/07 11:00:00",,,,,
1198153,166,"09/08/10 01:40:00","12/23/10 18:45:00",0,2800,"H2010101",8,"nlle courbe suite coup d'eau 08/09/2010","T","07/01/11 14:29:00","07/01/11 14:46:00","09/05/07 11:00:00",,,,,
1198154,166,"11/27/93 00:00:00","04/23/95 00:00:00",130,2000,"C9475 GC",23," ","C",,"03/17/14 16:39:00",,,,,,
1198155,166,"11/14/96 00:00:00","09/01/97 00:00:00",50,2000,"H199697 GC",4,,"T",,"03/21/14 11:31:00","03/21/14 11:31:00",,,,,
1198156,166,"10/17/24 09:43:00","01/01/50 00:00:00",200,4500,"H202450",5," Baratin 2025 (détarage crue octobre 2024 5.80m)","T","01/31/25 10:47:00","02/05/25 13:54:00","09/05/07 11:00:00",,,"H202450",0,
1198157,166,"11/27/93 00:00:00","10/15/95 00:00:00",100,2000,"H199395 GC",4,"Ajout estimation crue de 1980 plus fusion de plusieurs courbes","T",,"03/21/14 11:54:00","03/17/14 16:49:00",,,,,
1198158,166,"10/15/95 00:00:00","11/14/96 00:00:00",100,2000,"H199596 GC",4,,"T",,"03/21/14 12:21:00","03/17/14 17:02:00",,,,,
1198159,166,"04/01/14 00:00:00","02/20/24 00:00:00",12,5000,"B20142_inf",100,"h/q Baratin : Qmin","C",,,,,,,,
1198160,166,"04/01/14 00:00:00","02/20/24 00:00:00",12,5000,"B20142_sup",100,"h/q Baratin : Qmax","C",,,,,,,,
1198161,166,"04/01/14 00:00:00","02/20/24 00:00:00",12,5000,"B20142",100,"h/q Baratin : Qmaxpost","C",,,,,,,,
1198162,166,"12/23/10 18:45:00","10/12/14 22:20:00",-50,2800,"H201014",7,"Baratin 2025","T","01/31/25 10:40:00","01/31/25 10:41:00","09/05/07 11:00:00",-80,6000,"H201014",0,
1198163,166,"10/12/14 22:20:00","08/05/19 14:15:00",-80,3000,"H201419",6,"Détarage crue d'octobre 2014 2,403m
Baratin 2025","T","01/31/25 10:43:00","01/31/25 10:43:00","09/05/07 11:00:00",-100,6000,"H201419",0,
1198164,166,"08/05/19 14:15:00","10/17/24 09:43:00",-130,4500,"H201924",6,"Baratin 2025 Détarage Q rev on part du jaugeage au sel commun au deux courbe du 5 aout  ","T","01/31/25 10:45:00","01/31/25 10:45:00","09/05/07 11:00:00",,,"H201924 ",0,
1198165,167,"05/11/21 03:15:00","01/01/30 19:30:00",-655,1000,"H202130",14,"le 11/05/2021 à 03:15 h= 0.20 m

","T","07/11/22 08:30:00","02/22/23 09:31:00","06/29/21 16:00:00",,,"H202130",0,
1198166,167,"11/27/93 00:00:00","02/04/94 00:00:00",100,1500,"C9422",12," ","C",,,,,,,,
1198167,167,"02/04/94 00:00:00","05/15/94 00:00:00",180,1500,"C9423",19," ","C",,,,,,,,
1198168,167,"05/15/94 00:00:00","08/07/94 00:00:00",200,2000,"C9424",19," ","C",,,,,,,,
1198169,167,"08/07/94 00:00:00","09/09/94 00:00:00",250,2000,"C9425",18," ","C",,,,,,,,
1198170,167,"09/09/94 00:00:00","09/24/94 00:00:00",250,2000,"C9426",15," ","C",,,,,,,,
1198171,167,"09/24/94 00:00:00","01/06/95 00:00:00",250,2000,"C9427",19," ","C",,,,,,,,
1198172,167,"01/06/95 00:00:00","02/25/95 00:00:00",280,950,"C9428",19," ","C",,,,,,,,
1198173,167,"02/25/95 00:00:00","04/23/95 00:00:00",280,950,"C9429",12," ","C",,,,,,,,
1198174,167,"04/23/95 00:00:00","06/02/95 00:00:00",280,950,"C9430",19," ","C",,,,,,,,
1198175,167,"06/02/95 00:00:00","08/07/95 00:00:00",280,950,"C9431",6," ","C",,,,,,,,
1198176,167,"08/07/95 00:00:00","09/19/95 00:00:00",280,950,"C9432",19," ","C",,,,,,,,
1198177,167,"09/19/95 00:00:00","11/27/95 00:00:00",270,950,"C9433",19," ","C",,,,,,,,
1198178,167,"11/27/95 00:00:00","01/24/96 00:00:00",280,950,"C9434",18," ","C",,,,,,,,
1198179,167,"01/24/96 00:00:00","02/03/96 00:00:00",280,950,"C9435",4," ","C",,,,,,,,
1198180,167,"02/03/96 00:00:00","03/01/96 00:00:00",280,950,"C9436",15," ","C",,,,,,,,
1198181,167,"03/01/96 00:00:00","11/13/96 00:00:00",280,950,"C9437",17," ","C",,,,,,,,
1198182,167,"11/27/93 00:00:00","08/07/94 00:00:00",360,950,"C199394",4,,"T",,,,,,,,
1198183,167,"11/13/96 00:00:00","09/16/97 00:00:00",-310,210,"C199697",5,,"T",,,,,,,,
1198184,167,"09/16/97 00:00:00","04/16/98 00:00:00",-660,210,"C199798",5,,"T",,,,,,,,
1198185,167,"04/16/98 00:00:00","05/18/99 00:00:00",-660,210,"C199899",5,,"T",,,,,,,,
1198186,167,"03/29/05 00:00:00","11/02/05 00:00:00",-535,2000,"H200505",13,,"T","11/10/06 14:43:00","09/28/07 14:57:00","09/16/05 09:26:00",,,,,
1198187,167,"05/19/03 15:45:00","12/03/03 00:00:00",-595,2000,"H200303",7,,"T","12/02/03 14:44:00","09/28/07 15:02:00","12/02/03 14:42:00",,,,,
1198188,167,"11/25/02 00:00:00","05/19/03 15:45:00",-590,500,"H200202",6,,"T",,"09/28/07 15:04:00",,,,,,
1198189,167,"10/20/01 16:00:00","11/25/02 00:00:00",-610,1550,"H200102",7,,"T",,"09/28/07 15:09:00",,,,,,
1198190,167,"02/02/00 00:00:00","01/12/01 15:40:00",-430,210,"H200001",4,"arrêté le 23/10/2001

Kléber","T",,"09/28/07 15:20:00",,,,,,
1198191,167,"11/02/05 00:00:00","08/29/07 19:00:00",-580,2000,"H200507",5,,"T","09/05/07 09:50:00","10/03/07 12:17:00","09/05/07 09:50:00",,,,,
1198192,167,"01/12/01 15:40:00","10/20/01 16:00:00",-530,300,"H200101",4,"arrêté le 24/10/2001

Kléber","T",,"10/08/07 09:41:00",,,,,,
1198193,167,"05/18/99 00:00:00","02/02/00 00:00:00",-660,210,"C199900",5,,"T",,"01/28/08 10:16:00",,,,,,
1198194,167,"08/29/07 19:00:00","05/30/08 00:00:00",-490,2000,"H200708",6,,"T","09/29/08 00:00:00","10/09/08 09:38:00","09/29/08 00:00:00",,,,,
1198195,167,"12/03/03 00:00:00","03/29/05 00:00:00",-530,2000,"H200305",11,,"T","02/11/09 15:06:00","02/11/09 15:08:00","02/11/09 15:06:00",,,,,
1198196,167,"05/30/08 00:00:00","11/02/08 01:00:00",-300,2000,"H200808",5,,"T","09/29/08 00:00:00","02/11/09 16:57:00","09/29/08 00:00:00",,,,,
1198197,167,"11/02/08 01:00:00","12/25/09 00:00:00",-590,2000,"H200809",9,,"T","03/02/10 10:00:00","03/02/10 10:27:00","09/29/08 00:00:00",,,,,
1198198,167,"12/25/09 00:00:00","09/07/10 10:00:00",-590,2000,"H200910",8,,"T","11/03/10 10:00:00","11/04/10 09:41:00","03/02/10 10:00:00",,,,,
1198199,167,"09/07/10 10:00:00","12/23/10 17:50:00",-600,2000,"H201010",8,,"T","07/01/11 14:36:00","07/01/11 14:36:00","11/03/10 10:00:00",,,,,
1198200,167,"12/23/10 17:50:00","11/04/11 19:30:00",-540,2000,"H201011",8,,"T","11/15/11 15:51:00","11/15/11 15:53:00","11/03/10 10:00:00",,,,,
1198201,167,"11/04/11 19:30:00","05/01/13 10:00:00",-480,1000,"H201113",6,"nouvelle courbe LB suite a crue du 04/11/2011  
","T","04/28/14 10:41:00","04/28/14 11:41:00","11/03/10 10:00:00",,,,,
1198202,167,"05/01/13 10:00:00","11/04/14 03:50:00",-480,1000,"H201314",7,"nouvelle courbe LB suite a crue 01/05/2013 h=0.30 a 10h00
","T","12/12/14 10:37:00","01/09/17 11:10:00","11/03/10 10:00:00",,,"H201314",0,
1198203,167,"11/04/14 03:50:00","11/22/16 16:45:00",-420,1000,"H201416",8,"4/11/2014   03:50   h 0.635
borne de fiabilité basse pour cor TH 
","T","01/09/17 10:23:00","01/09/17 10:25:00","11/03/10 10:00:00",,,"H201416",0,
1198204,167,"11/22/16 16:45:00","03/24/17 16:35:00",-300,1000,"H201617",8,"22/11/2016 a 16h45 h = 0.907m
","T","05/11/17 15:06:00","05/11/17 15:06:00","11/03/10 10:00:00",,,"H201617",0,
1198205,167,"03/24/17 16:35:00","06/13/17 20:20:00",-320,1000,"H201717",8,,"T","05/11/17 14:16:00","07/10/17 10:55:00","11/03/10 10:00:00",,,"H201717",0,
1198206,167,"06/13/17 20:20:00","01/08/18 21:40:00",-360,1000,"H201718",4,"13/06/2017 à 20h20   h = 0.987m


","T","06/18/18 13:11:00","06/18/18 14:12:00","11/03/10 10:00:00",,,"H201718",0,
1198207,167,"01/08/18 21:40:00","11/09/18 10:20:00",-360,1000,"H201818",7,"08/01/2018 à 21h40   h = 0.074m





","T","02/11/19 11:19:00","06/04/20 17:18:00","11/03/10 10:00:00",,,"H201818",0,
1198208,167,"11/09/18 10:20:00","01/01/30 19:30:00",-340,1000,"H201830ex",8,"09/11/2018 à 10h20   h = 0.61m







","T","08/02/19 17:40:00","11/05/19 16:52:00","11/03/10 10:00:00",,,"H201830",0,
1198209,167,"10/20/19 16:10:00","11/23/19 07:50:00",-180,1000,"H201919",7,"20/10/2019 a 16:10   h = 1.11m








","T","12/10/19 09:09:00","12/10/19 09:23:00","11/03/10 10:00:00",,,"H201919",0,
1198210,167,"11/23/19 07:50:00","01/01/30 19:30:00",-570,1000,"H201930ex",8,"23/11/2019 a 07:50   h = 1.16m








","T","02/18/20 08:09:00","07/06/20 11:35:00","11/03/10 10:00:00",,,"H201930",0,
1198211,167,"05/01/13 10:00:00","11/04/14 03:50:00",-480,1000,"H201314",7,"nouvelle courbe LB suite a crue 01/05/2013 h=0.30 a 10h00","T",,,,,,"H201314",,
1198212,167,"11/09/18 10:20:00","10/20/19 16:10:00",-364,1000,"H201819",8,"09/11/2018 à 10h20   h = 0.61m







","T","11/05/19 16:52:00","01/29/21 16:10:00","11/03/10 10:00:00",,,"H201819",0,
1198213,167,"10/23/20 14:35:00","01/22/21 01:15:00",-550,1000,"H202021",11,"23/10/2020 a 14:35  h = - 0.154m












","T","05/28/21 16:36:00","05/28/21 18:25:00","11/03/10 10:00:00",,,"H202021",0,
1198214,167,"01/22/21 01:15:00","01/01/30 19:30:00",-570,1000,"H202130ex",12,"le 22/01/2021 1:15 h=-0.25 m
","T","06/02/21 14:49:00","08/06/21 16:38:00","11/03/10 10:00:00",,,"H202130",0,
1198215,167,"01/22/21 01:15:00","05/11/21 03:15:00",-570,1000,"H202121",11,"le 22/01/2021 1:15 h=-0.25 m
","T","08/06/21 15:45:00","08/06/21 16:45:00","11/03/10 10:00:00",,,"H202121",0,
1198216,167,"06/12/20 17:45:00","10/23/20 14:35:00",-620,1000,"H202020",9,"12/06/2020 a 17:45  h =0.52m









","T","11/05/20 15:16:00","05/04/22 11:27:00","11/03/10 10:00:00",,,"H202020",0,
1198217,167,"11/23/19 07:50:00","06/12/20 17:45:00",-580,1000,"H201920",8,"23/11/2019 a 07:50   h = 1.16m








","T","02/18/20 08:09:00","05/04/22 11:32:00","11/03/10 10:00:00",,,"H201920",0,
1198218,168,"01/01/98 00:00:00","08/25/98 00:00:00",370,2150,"98 01",4,,"T",,"07/01/09 08:27:00",,,,,,
1198219,168,"08/25/98 00:00:00","12/08/00 00:00:00",360,2150,"H199800",5,,"T",,"07/01/09 08:28:00",,,,,,
1198220,168,"12/08/00 00:00:00","10/08/02 00:00:00",390,3500,"H200002",6,"arrêté le 19 février 2003

Kléber","T",,"07/01/09 08:32:00",,,,,,
1198221,168,"10/08/02 00:00:00","12/02/03 00:00:00",160,4000,"H200203",8,,"T",,"07/01/09 08:33:00",,,,,,
1198222,168,"12/02/03 00:00:00","05/01/06 00:00:00",20,4000,"H200306",11,,"T","11/13/06 10:06:00","07/01/09 08:34:00","11/13/06 00:00:00",,,,,
1198223,168,"05/01/06 00:00:00","09/01/07 00:00:00",50,4000,"H200607",7,,"T","06/16/08 00:00:00","07/01/09 08:35:00","11/13/06 00:00:00",,,,,
1198224,168,"09/01/07 00:00:00","11/02/08 00:00:00",0,4800,"H200708",6,"Courbe extrapolée par mr en attente de la novelle courbe  suite à la crue du 02/11/2008
courbe extrapolée suite crue nov 2008  et calculs amont aval","T","08/24/09 00:00:00","08/27/09 15:14:00","08/24/08 00:00:00",,,,,
1198225,168,"10/08/02 00:00:00","12/02/03 00:00:00",200,3500,"H200203JPG",8,,"T",,"08/11/16 11:28:00",,,,,0,
1198226,168,"12/02/03 00:00:00","11/04/11 23:10:00",0,3500,"H200311JPG",9,,"T","11/13/06 10:06:00","08/11/16 11:32:00","11/13/06 00:00:00",,,,0,
1198227,168,"11/04/11 23:10:00","01/01/50 00:00:00",150,4810,"H201150JPG",7,"Courbe extrapolée par mr en attente de la novelle courbe  suite à la crue du 02/11/2008
courbe extrapolée suite crue nov 2008  et calculs amont aval","T",,"08/11/16 11:35:00","08/24/09 00:00:00",,,,0,
1198228,168,"12/08/00 00:00:00","10/08/02 00:00:00",350,3500,"H200002JPG",7,"arrêté le 19 février 2003

Kléber","T",,"08/11/16 11:39:00",,,,,0,
1198229,168,"08/25/98 00:00:00","10/20/01 16:00:00",300,3500,"H199801JPG",7,,"T",,"08/11/16 12:04:00",,,,,0,
1198230,168,"12/19/97 00:00:00","08/25/98 00:00:00",300,3500,"H199798JPG",6,,"T",,"08/11/16 12:38:00",,,,,0,
1198231,168,"11/02/08 00:00:00","11/04/11 23:10:00",-50,4810,"H200811",9,"Courbe extrapolée par mr en attente de la novelle courbe  suite à la crue du 02/11/2008
courbe extrapolée suite crue nov 2008  et calculs amont aval","T","04/20/12 16:03:00","05/11/12 14:14:00","08/24/09 00:00:00",,,,,
1198232,168,"11/04/11 23:10:00","11/15/14 02:50:00",70,4810,"H201114",9,,"T","07/05/13 08:32:00","09/29/15 08:53:00","08/24/09 00:00:00",,,,,
1198233,168,"11/15/14 02:50:00","01/01/20 00:00:00",95,4810,"H201420",10,"15/11/2014 02:50 h=2.57 
","T","09/29/15 08:54:00","02/26/18 16:03:00","08/24/09 00:00:00",,,"H201420",0,
1198234,169,"05/19/99 00:00:00","09/20/99 00:00:00",310,3490,"H199999",26,,"C",,,,,,,,
1198235,169,"11/27/93 00:00:00","01/26/94 00:00:00",150,5000,"C9404",13," ","C",,,,,,,,
1198236,169,"06/27/94 00:00:00","09/09/94 00:00:00",200,5000,"C9408",24," ","C",,,,,,,,
1198237,169,"09/09/94 00:00:00","09/25/94 00:00:00",200,5000,"C9409",23," ","C",,,,,,,,
1198238,169,"09/25/94 00:00:00","11/06/94 00:00:00",200,5000,"C9410",23," ","C",,,,,,,,
1198239,169,"11/06/94 00:00:00","01/24/95 00:00:00",200,3500,"C9411",19," ","C",,,,,,,,
1198240,169,"05/12/95 00:00:00","08/08/95 00:00:00",500,2850,"C9414",21," ","C",,,,,,,,
1198241,169,"08/08/95 00:00:00","03/01/96 00:00:00",480,3330,"C9415",16," ","C",,,,,,,,
1198242,169,"03/01/96 00:00:00","03/28/96 00:00:00",660,3330,"C9416",4," ","C",,,,,,,,
1198243,169,"02/28/94 00:00:00","03/01/94 00:00:00",150,5000,"C9406",13," ","C",,,,,,,,
1198244,169,"03/01/94 00:00:00","06/27/94 00:00:00",300,5000,"C9407",17," ","C",,,,,,,,
1198245,169,"01/24/95 00:00:00","04/23/95 00:00:00",200,3500,"C9412",22," ","C",,,,,,,,
1198246,169,"03/28/96 00:00:00","04/24/96 00:00:00",480,3330,"C9417",15," ","C",,,,,,,,
1198247,169,"01/26/94 00:00:00","02/28/94 00:00:00",600,5000,"C9405",13,,"C",,,,,,,,
1198248,169,"04/23/95 00:00:00","05/12/95 00:00:00",600,2850,"C9413",20,,"C",,,,,,,,
1198249,169,"04/24/96 00:00:00","07/11/96 00:00:00",460,3330,"C9418",18,,"C",,,,,,,,
1198250,169,"07/11/96 00:00:00","01/01/97 00:00:00",470,3330,"C9419",17,,"C",,,,,,,,
1198251,169,"01/01/97 00:00:00","06/18/97 00:00:00",360,3370,"C199797",23,,"C",,,,,,,,
1198252,169,"06/18/97 00:00:00","09/08/98 00:00:00",330,3370,"C199798",44,,"C",,,,,,,,
1198253,169,"03/22/25 22:35:00","01/01/50 00:00:00",1620,6700,"H202550",5,,"T","06/12/25 15:40:00","06/12/25 15:42:00","06/07/24 12:00:00",,,"H202550",0,"possible remobilisation du lit pendant quelque temps"
1198254,169,"09/08/98 00:00:00","05/19/99 00:00:00",330,3370,"C199800",44,,"C",,,,,,,,
1198255,169,"05/11/21 03:10:00","05/27/24 00:00:00",580,4500,"H202124",5,"le 12/06/2020 à 19h50 = 3.86m 
septembre 2018 extrapolation haute et trés hautes pour DPEC vu et validée avec D.Besson 









 
","T","06/07/24 15:03:00","03/18/25 15:24:00","11/05/11 13:57:00",,,"H202124",0,
1198256,169,"05/27/24 00:00:00","10/17/24 02:00:00",1000,4750,"H202424",7,"Détarage imputable aux transport matériaux de l'affluent l'Horme avec rédéposition sur zone contrôle hydraulique station Goudet.Réaction importante affluent suite orages locailsés avec pluies intenses sur zone.","T","11/18/24 09:56:00","03/18/25 15:26:00","06/07/24 12:00:00",,,"H202424",0,
1198257,169,"10/17/24 02:00:00","03/22/25 22:35:00",1710,6700,"H202425",4,"Détarage suite à la crue du 16-17 octobre 2024","T","04/18/25 14:51:00","04/18/25 14:51:00","06/07/24 12:00:00",,,"H202425",0,
1198258,169,"09/20/99 00:00:00","02/03/00 13:00:00",460,3370,"H199900",5,,"T",,"10/08/10 15:38:00",,,,,,
1198259,169,"02/03/00 13:00:00","10/20/01 13:00:00",460,3370,"H200001",5,,"T",,"10/08/10 15:39:00",,,,,,
1198260,169,"10/20/01 13:00:00","05/10/02 14:00:00",520,4300,"H200102",7,"les jaugeages 147 et 149 erronés ne sont pas pris en compte","T",,"10/08/10 15:41:00",,,,,,
1198261,169,"05/10/02 14:00:00","11/25/02 12:00:00",510,4300,"H200202",7,"les numeros 147 et 149 errones ne sont pas pris en compte","T",,"10/08/10 15:42:00",,,,,,
1198262,169,"11/25/02 12:00:00","12/02/03 12:00:00",520,3500,"H200203",6,,"T",,"10/08/10 15:42:00","06/08/04 08:47:00",,,,,
1198263,169,"12/02/03 12:00:00","06/07/07 12:00:00",660,4300,"H200307",6,"jaugeage n°189 du 13/03/2007  hauteur +0.83    DOUTEUX","T","09/05/07 08:00:00","10/08/10 15:45:00","09/05/07 08:00:00",,,,,
1198264,169,"06/07/07 12:00:00","08/30/07 13:10:00",660,4300,"H200707",5,"jaugeage n°189 du 13/03/2007  hauteur +0.83    DOUTEUX","T","09/05/07 08:00:00","10/08/10 15:47:00","09/05/07 08:00:00",,,,,
1198265,169,"08/30/07 13:10:00","11/02/08 12:00:00",700,5200,"H200708",8,"Courbe extrapolée par JV en attente de la nouvelle courbe suite à la crue du 02/11/2008
jaugeage n°189 du 13/03/2007  hauteur +0.83    DOUTEUX
extrapolation réestimée par mr","T","05/15/09 00:00:00","10/08/10 15:48:00","09/29/08 00:00:00",,,,,
1198266,169,"12/01/09 11:00:00","11/01/10 08:00:00",1060,5210,"H200910",6,"Courbe extrapolée par JV en attente de la nouvelle courbe suite à la crue du 02/11/2008
jaugeage n°189 du 13/03/2007  hauteur +0.83    DOUTEUX
extrapolation réestimée par mr","T","03/07/11 10:00:00","03/07/11 10:09:00","12/01/09 11:00:00",,,,,
1198267,169,"07/11/96 00:00:00","06/18/97 00:00:00",460,3370,"H199697JPG",6,,"T",,"10/11/11 17:00:00",,,,,,
1198268,169,"01/23/96 16:49:00","11/11/96 19:40:00",460,3370,"H199696JPG",7,,"T",,"10/14/11 11:43:00",,,,,,
1198269,169,"11/01/10 08:00:00","11/04/11 21:50:00",1000,5000,"H201011R",8,"courbe revue haut de courbe R ","T","11/15/11 14:02:00","11/15/11 14:45:00","11/05/11 13:57:00",,,,,
1198270,169,"11/02/08 12:00:00","12/01/09 11:00:00",1050,5210,"H200809",38,"Courbe extrapolée par JV en attente de la nouvelle courbe suite à la crue du 02/11/2008 jaugeage n°189 du 13/03/2007  hauteur +0.83    DOUTEUX extrapolation réestimée par mr","C",,,,,,,,
1198271,169,"11/27/93 00:00:00","11/05/94 12:00:00",350,3000,"H199394LB",6,,"T",,"02/21/12 14:47:00",,,,,,
1198272,169,"08/08/95 00:00:00","01/23/96 16:49:00",400,3500,"H199596LB",6,,"T",,"02/21/12 15:23:00",,,,,,
1198273,169,"11/05/94 12:00:00","08/08/95 00:00:00",400,3500,"H199495LB",5,,"T",,"02/21/12 15:24:00",,,,,,
1198274,169,"11/04/11 21:50:00","05/22/12 18:20:00",1290,5000,"H201112 ",7,"
","T","07/30/12 14:16:00","07/30/12 14:16:00","11/05/11 13:57:00",,,,,
1198275,169,"05/22/90 18:20:00","01/01/50 00:00:00",1290,5000,"HessaiLB",7,"
","T","07/30/12 14:17:00","09/17/12 15:16:00","11/05/11 13:57:00",,,,,
1198276,169,"05/22/12 18:20:00","10/07/12 06:20:00",1250,5000,"H201212",7,"
attention a étiage : chgt de courbe  suivante

","T","09/21/12 15:13:00","06/24/13 15:11:00","11/05/11 13:57:00",,,,,
1198277,169,"10/07/12 06:20:00","05/18/13 22:50:00",1250,5000,"H201213",7,"
detarer a etiage (debut de courbe)


","T","06/24/13 15:11:00","08/05/13 11:31:00","11/05/11 13:57:00",,,,,
1198278,169,"05/18/13 22:50:00","01/19/14 07:40:00",1250,5000,"H201314",8,"
detarage suite au coup d'eau de mai 2013


","T","07/04/14 10:50:00","07/04/14 10:50:00","11/05/11 13:57:00",,,,,
1198279,169,"08/09/14 04:00:00","01/01/20 00:00:00",1300,5000,"H201420DB ",7,"ex LB validé  par D Besson pour modification haut de courbe 


","T","12/11/14 12:24:00","06/26/15 14:56:00","11/05/11 13:57:00",,,,,
1198280,169,"01/19/14 07:40:00","08/09/14 04:00:00",1300,5000,"H201414",8,"detarage suite au coup d'eau de janvier 2014 le 19 a 7:40 h = 2.15
détarage fictif le 9/8/14 à 4:00 h=1.848 m  pour modif haut de courbe validé par D Besson





","T","06/26/15 14:05:00","06/26/15 15:50:00","11/05/11 13:57:00",,,,,
1198281,169,"08/09/15 07:50:00","11/22/16 18:00:00",1200,5000,"H201516",8,"détarage pour bas de courbe suite à coup d'eau du 09/08/2015 à 7:50 h=1.345

","T","10/03/16 17:49:00","03/17/17 10:46:00","11/05/11 13:57:00",,,"H201516",0,
1198282,169,"08/09/14 04:00:00","10/12/14 21:30:00",1300,5000,"H2014141",8,"détarage fictif le 9/8/14 à 4:00 h=1.848 m  pour modif haut de courbe validé par D Besson
détarage le 12/10/14 a 21:30 h= 3.85 m 







","T","06/26/15 14:05:00","03/17/17 11:04:00","11/05/11 13:57:00",,,"H2014141",0,
1198283,169,"10/12/14 21:30:00","08/09/15 07:50:00",1220,5000,"H201415",7,"detarage suite au coup d'eau du 12/10/2014  H 3.85
haut de courbe  modifié validé par D Besson






","T","07/10/15 15:40:00","03/17/17 11:06:00","11/05/11 13:57:00",,,"H201415",0,
1198284,169,"11/22/16 18:00:00","06/13/17 15:25:00",1200,5000,"H201617",7,"détarage suite à crue du 22/11/2016 max à 18:00 h= 4.65 m
arret courbe suite a episode du 13/6/17 sur Fourragette et Olme 



","T","08/03/17 15:09:00","01/19/18 14:29:00","11/05/11 13:57:00",,,"H201617",0,
1198285,169,"06/13/17 15:25:00","06/13/18 01:55:00",1180,3300,"H201718",10,"nlle courbe suite a episode du 13/06/2017 
extrapolation haute vu avec DB ainsi que 
valable pour la crue 
cor TH pour chgt de courbe : evite saut des débits


","T","06/18/18 15:55:00","07/13/18 10:59:00","11/05/11 13:57:00",,,"H201718",0,
1198286,169,"06/13/17 15:25:00","01/01/20 00:00:00",1180,3300,"H201720DB ",8,"nlle courbe suite a episode du 13/06/2017 
extrapolation haute vu avec DB ainsi que 
valable pour la crue 
cor TH pour chgt de courbe : evite saut des débits


","T","01/01/18 10:03:00","08/30/18 16:12:00","11/05/11 13:57:00",,,"H201720",0,
1198287,169,"11/22/16 18:00:00","06/13/17 20:05:00",1200,5000,"H201617lb",7,"détarage suite à crue du 22/11/2016 max à 18:00 h= 4.65 m
arret courbe suite a episode du 13/6/17 sur Fourragette et Olme 



","T","08/03/17 15:09:00","01/29/19 15:53:00","11/05/11 13:57:00",,,"H201617",0,
1198288,169,"06/13/17 15:25:00","01/01/20 00:00:00",1180,3300,"H201720lbe",10,"nlle courbe suite a episode du 13/06/2017 
valable pour la crue 
cor TH pour chgt de courbe : evite saut des débits
extrapolation haute et tres haute pour DPEC vu et validé par  D.Besson



","T","01/01/18 12:03:00","10/01/18 15:38:00","11/05/11 13:57:00",,,"H201720",0,
1198289,169,"06/13/17 20:05:00","06/13/18 01:55:00",1180,3300,"H201718lb",10,"nlle courbe suite a episode du 13/06/2017 
extrapolation haute vu avec DB ainsi que 
valable pour la crue 
cor TH pour chgt de courbe : evite saut des débits


","T","06/18/18 15:55:00","01/29/19 15:54:00","11/05/11 13:57:00",,,"H201718",0,
1198290,169,"06/13/18 01:55:00","11/09/18 12:45:00",1190,3700,"H201818",7,"le 13/06/2018 h = 2.50m à 01:55
septembre 2018 extrapolation haute et trés hautes pour DPEC vu et validée avec D.Besson 








 
","T","01/26/19 16:10:00","01/26/21 16:20:00","11/05/11 13:57:00",,,"H201818",0,
1198291,169,"10/20/19 21:40:00","11/23/19 10:25:00",1260,4650,"H201919ex",7,"le 20/10/2019 h= 4.58m  a 21:40
septembre 2018 extrapolation hautes et tres haute pour DPEC vu et validée avec D B 


","T","12/10/19 10:31:00","04/08/24 16:37:00","11/05/11 13:57:00",,,"H201919ex",0,
1198292,169,"06/12/20 19:50:00","05/11/21 03:10:00",650,4500,"H202021ex",7,"le 12/06/2020 à 19h50 = 3.86m 
septembre 2018 extrapolation haute et trés hautes pour DPEC vu et validée avec D.Besson 









 
","T","07/06/21 11:48:00","04/08/24 16:40:00","11/05/11 13:57:00",,,"H202021ex",0,
1198293,169,"11/09/18 12:45:00","10/20/19 21:40:00",1180,4650,"H201819",6,"le 9/11/2018 h=3.63m à 12:45
septembre 2018 extrapolation haute et tres haute pour DPEC vu et validée avec D Besson 

","T","04/08/24 16:19:00","04/08/24 16:32:00","11/05/11 13:57:00",,,"H201819",0,
1198294,169,"10/20/19 21:40:00","11/23/19 10:25:00",1260,4650,"H201919",4,"le 20/10/2019 h= 4.58m  a 21:40
septembre 2018 extrapolation hautes et tres haute pour DPEC vu et validée avec D B 


","T","04/08/24 15:20:00","04/08/24 16:38:00","11/05/11 13:57:00",,,"H201919",0,
1198295,169,"11/23/19 10:25:00","05/11/21 03:10:00",650,4500,"H201921",5,"le 12/06/2020 à 19h50 = 3.86m 
septembre 2018 extrapolation haute et trés hautes pour DPEC vu et validée avec D.Besson 









 
","T","04/08/24 15:33:00","04/08/24 16:41:00","11/05/11 13:57:00",,,"H201921",0,
1198296,169,"05/11/21 03:10:00","10/03/21 19:55:00",630,4500,"H202121ex",7,"le 11/05/2021 à 03h10 = 2.51m 
septembre 2018 extrapolation haute et trés hautes pour DPEC vu et validée 
","T","10/05/21 14:11:00","04/08/24 16:42:00","11/05/11 13:57:00",,,"H202121ex",0,
1198297,170,"11/23/19 09:25:00","06/12/20 18:10:00",780,6500,"H201920",8,,"T","01/31/23 16:43:00","02/01/23 10:33:00","11/05/11 14:01:00",,,"H201920",0,
1198298,170,"06/12/20 18:10:00","05/11/21 03:05:00",690,6500,"H202021",8,"12/06/2020 à 18:10 h=4.32m : crue 
detarage lies a ecoulement en RD qui s'est ouvert (suite des travaux)
Extrap haute baratin mise a jour 31/1/23








","T","01/31/23 16:49:00","02/01/23 10:37:00","11/05/11 14:01:00",,,"H202021",0,
1198299,170,"12/04/22 22:25:00","05/31/30 12:00:00",730,6500,"H202230ex",8,"04/12/2022 à 22:25 h=0.92m 
Extrap haute baratin mise à jour 31/1/23
","T","02/10/23 11:57:00","04/20/23 09:07:00","11/05/11 14:01:00",,,"H202230",0,
1198300,170,"05/11/21 03:05:00","04/23/22 20:10:00",620,6500,"H202122",9,"11/05/2021 à 03:05 h=1.86m 
possibilité détarage le 03/10/2021 à 17:45 h=1.99m
","T","05/16/22 17:41:00","06/12/23 18:08:00","11/05/11 14:01:00",,,"H202122",0,
1198301,170,"11/27/93 00:00:00","03/01/94 00:00:00",550,3500,"C9971",17," ","C",,,,,,,,
1198302,170,"03/01/94 00:00:00","08/09/94 00:00:00",550,3500,"C9972",16," ","C",,,,,,,,
1198303,170,"08/09/94 00:00:00","01/18/95 00:00:00",550,5000,"C9973",20," ","C",,,,,,,,
1198304,170,"01/18/95 00:00:00","08/25/95 00:00:00",570,3200,"C9974",18," ","C",,,,,,,,
1198305,170,"08/25/95 00:00:00","01/24/96 00:00:00",570,3200,"C9975",20," ","C",,,,,,,,
1198306,170,"01/24/96 00:00:00","01/23/97 00:00:00",570,4020,"C9976",20," ","C",,,,,,,,
1198307,170,"01/23/97 00:00:00","06/30/97 00:00:00",570,4020,"C9977",21," ","C",,,,,,,,
1198308,170,"06/30/97 00:00:00","04/15/98 00:00:00",570,4020,"01",4,,"T",,,,,,,,
1198309,170,"04/15/98 00:00:00","05/20/99 00:00:00",650,4020,"98/2",91,,"C",,,,,,,,
1198310,170,"07/15/01 00:00:00","10/20/01 14:00:00",600,3450,"H2001011",6,"arrêté le 06/09/2001
Kléber","T",,"01/28/08 10:19:00",,,,,,
1198311,170,"03/08/01 00:00:00","07/15/01 00:00:00",700,3450,"H200101",5,,"T",,"01/28/08 10:23:00",,,,,,
1198312,170,"04/23/00 00:00:00","03/08/01 00:00:00",660,3450,"00/01",5,,"T",,"01/28/08 10:25:00",,,,,,
1198313,170,"05/20/99 00:00:00","04/23/00 00:00:00",650,4800,"99/01",5,,"T",,"01/28/08 10:27:00",,,,,,
1198314,170,"10/20/01 14:00:00","11/02/08 06:00:00",380,5000,"H200108",11,,"T","04/03/09 11:12:00","04/17/09 11:22:00","11/25/03 10:41:00",,,,,
1198315,170,"04/23/22 20:10:00","01/01/40 00:00:00",560,6500,"H202240",10,"23/04/2022 à 20:10 h=1.26m 
Extrap haute baratin mise à jour 31/1/23


","T","04/20/23 09:08:00","03/20/25 15:20:00","11/05/11 14:01:00",,,"H202240",0,
1198316,170,"11/02/08 06:00:00","10/16/09 00:00:00",380,6540,"H200809",9,"courbe refaite, surtout la partie haute suite au calcul du jaugeage avec les
vitesses de surface prises pendant la crue (au mileu de chaque arche) du 02/11/2008 et au calcul de la section de jaugeage au droit du pont","T","11/12/09 17:05:00","11/12/09 17:05:00","03/27/09 16:52:00",,,,,
1198317,170,"10/16/09 00:00:00","12/23/10 18:20:00",650,6540,"H200910",6,"courbe refaite, surtout la partie haute suite au calcul du jaugeage avec les
vitesses de surface prises pendant la crue (au mileu de chaque arche) du 02/11/2008 et au calcul de la section de jaugeage au droit du pont","T","04/29/11 08:43:00","04/29/11 08:43:00","03/27/09 16:52:00",,,,,
1198318,170,"12/23/10 18:20:00","05/31/20 12:00:00",460,6500,"H201020anc",7,,"T","08/27/12 15:36:00","01/20/17 14:26:00","11/05/11 14:01:00",,,,0,
1198319,170,"12/23/10 18:20:00","05/31/20 12:00:00",12,5000,"B20102_inf",99,"h/q Baratin : Qmin","C",,,,,,,,
1198320,170,"12/23/10 18:20:00","05/31/20 12:00:00",12,5000,"B20102_sup",99,"h/q Baratin : Qmax","C",,,,,,,,
1198321,170,"12/23/10 18:20:00","05/31/20 12:00:00",12,5000,"B20102",99,"h/q Baratin : Qmaxpost","C",,,,,,,,
1198322,170,"12/23/10 18:20:00","05/31/20 12:00:00",460,6500,"H201020jpe",9,,"T","01/20/17 13:27:00","07/09/18 14:43:00","11/05/11 14:01:00",,,"H201020",0,
1198323,170,"12/23/10 18:20:00","04/25/19 20:50:00",460,6500,"H201019",8,"FC","T","11/05/19 16:50:00","04/07/20 15:03:00","11/05/11 14:01:00",,,"H201019",0,
1198324,170,"04/25/19 20:50:00","11/23/19 09:25:00",460,6500,"H201919",8,"courbe arrétée par Luc /en période de coronavirus pour pb débit du  ""triangle"" / suite à travaux 

","T","05/07/20 16:16:00","05/07/20 16:18:00","11/05/11 14:01:00",,,"H201919",0,
1198325,174,"11/27/93 00:00:00","05/15/94 00:00:00",450,3000,"C9995",19," ","C",,,,,,,,
1198326,174,"05/15/94 00:00:00","07/29/94 00:00:00",500,3000,"C9996",17," ","C",,,,,,,,
1198327,174,"07/29/94 00:00:00","07/16/95 00:00:00",400,4500,"C9997",25," ","C",,,,,,,,
1198328,174,"07/16/95 00:00:00","05/20/96 00:00:00",540,3590,"C9998",29," ","C",,,,,,,,
1198329,174,"05/20/96 00:00:00","01/23/97 00:00:00",540,3590,"C9999",30," ","C",,,,,,,,
1198330,174,"01/23/97 00:00:00","05/05/97 00:00:00",540,3590,"C10000",31," ","C",,,,,,,,
1198331,174,"05/05/97 00:00:00","05/12/97 00:00:00",540,3590,"C10001",10," ","C",,,,,,,,
1198332,174,"05/12/97 00:00:00","11/08/97 00:00:00",540,3590,"C10002",30," ","C",,,,,,,,
1198333,174,"11/08/97 00:00:00","02/16/98 00:00:00",540,3590,"C10003",28," ","C",,,,,,,,
1198334,174,"02/16/98 00:00:00","02/24/99 00:00:00",540,3590,"98/2",5,,"T",,,,,,,,
1198335,174,"02/24/99 00:00:00","11/01/99 00:00:00",320,4400,"H199999",6,,"T",,,,,,,,
1198336,174,"11/27/93 00:00:00","05/12/97 13:55:00",500,3500,"H199397LB",7,"courbe à 10% revu par Luc","T","02/01/11 14:40:00","02/07/11 10:13:00","11/19/07 15:00:00",,,,,
1198337,174,"05/12/97 13:55:00","04/26/98 22:58:00",500,3500,"H199798LB",7,"courbe à 10% revu par Luc","T","02/01/11 14:40:00","02/07/11 10:45:00","11/19/07 15:00:00",,,,,
1198338,174,"04/26/98 22:58:00","10/21/99 10:00:00",540,3590,"H199899LB",6,,"T","02/01/11 15:27:00","02/11/11 16:31:00",,,,,,
1198339,174,"11/01/99 00:00:00","12/03/03 18:20:00",450,3500,"H199903",7,"n 124 douteux ??
Fusion de queqlues courbe avant 2003 + extrapolation baratin ","T","02/22/19 16:56:00","02/22/19 17:06:00",,400,4900,,0,
1198340,174,"12/03/03 18:20:00","01/01/30 14:45:00",400,3500,"H200330",7,"Courbe avec Baratin et fusionne toutes les courbes depuis la crue de 2003","T","06/08/20 16:12:00","04/02/25 16:58:00","11/19/07 15:00:00",,,"H200330",0,
1198341,175,"11/22/16 18:18:00","06/12/20 18:25:00",1580,3030,"H201620",9,"Extrap haute et basse mise a jour vu FC
Borne de fiabilité vu ok 

","T","01/31/23 17:53:00","02/01/23 11:46:00","01/21/15 15:30:00",,,"H201620",0,
1198342,175,"09/04/00 00:00:00","10/20/01 00:00:00",1680,3390,"H200001",5,,"T",,,,,,,,
1198343,175,"05/01/97 00:00:00","07/17/98 00:00:00",1910,2030,"9801",2,,"T",,,,,,,,
1198344,175,"07/17/98 00:00:00","01/01/99 00:00:00",1750,3390,"9802",4,,"T",,,,,,,,
1198345,175,"01/01/99 00:00:00","04/04/00 00:00:00",1750,3900,"99/01",4,,"T",,,,,,,,
1198346,175,"04/04/00 00:00:00","09/04/00 00:00:00",1680,3390,"K00/01",5,,"T",,,,,,,,
1198347,175,"11/22/16 18:18:00","06/12/20 18:25:00",1550,4000,"H201620ex",8,"
","T","12/16/19 10:28:00","02/01/23 09:10:00","01/21/15 15:30:00",,,"H201620",0,
1198348,175,"06/12/20 18:25:00","03/10/24 00:50:00",1480,3030,"H202024",9,"Le 12/06/2020 a 18:25 H = 5.46 m
ttt de ts les jaugeages ss Qrev
Extrap haute et basse mise a jour vu FC


","T","04/20/23 09:34:00","05/15/25 11:12:00","01/21/15 15:30:00",,,"H202024",0,
1198349,175,"10/20/01 00:00:00","11/02/08 00:00:00",1550,4000,"H200108",6,,"T","07/17/09 16:06:00","07/17/09 16:06:00","04/03/09 10:00:00",,,,,
1198350,175,"03/10/24 00:50:00","01/01/40 00:00:00",1600,3030,"H202440",8,"Crue du 10/03/2024 a 00:50 H = 4.28 m



","T","05/15/25 11:00:00","05/15/25 11:14:00","04/25/24 14:00:00",,,"H202440",0,
1198351,175,"06/12/20 18:25:00","12/20/30 00:05:00",1530,4000,"H202030ex",9,"Le 12/06/2020 a 18:25 H = 5.46 m
ttt de ts les jaugeages ss Qrev
Extrap haute et basse mise a jour vu FC


","T","12/16/22 10:39:00","02/01/23 09:16:00","01/21/15 15:30:00",,,"H202030",0,
1198352,175,"06/12/20 18:25:00","01/01/50 00:00:00",1500,3030,"H202030ex",9,,"T",,"04/20/23 09:24:00",,,,"H202030",0,
1198353,175,"11/02/08 00:00:00","10/31/10 22:20:00",1550,4000,"H200810",6,,"T","03/14/11 08:52:00","03/14/11 08:58:00","04/03/09 10:00:00",,,,,
1198354,175,"10/31/10 22:20:00","11/04/11 21:50:00",1550,4000,"H201011",6,,"T","03/08/12 15:49:00","03/08/12 15:49:00","04/03/09 10:00:00",,,,,
1198355,175,"10/12/14 16:01:00","12/31/20 00:00:00",1550,4000,"H201420anc",7,,"T","04/23/15 08:49:00","01/20/17 09:43:00","01/21/15 15:30:00",,,,0,
1198356,175,"10/12/14 16:01:00","11/22/16 18:18:00",1550,4000,"H201416",7,,"T","01/20/17 09:49:00","01/20/17 09:49:00","01/21/15 15:30:00",,,"H201416",0,
1198357,175,"11/04/11 21:50:00","10/12/14 16:01:00",1550,4000,"H201114",8,,"T","04/23/15 08:49:00","01/20/17 10:44:00","04/03/09 10:00:00",,,"H201114",0,
1198358,182,"08/18/04 00:00:00","01/01/30 00:00:00",-150,5000,"H200430",7,"Baratin 2023 + cohérence crue 2024","T","03/19/25 14:22:00","03/19/25 14:23:00","06/19/06 09:56:00",,,"H200430",0,"5.75m nivellement du maximum de la crue du 02/11/2008"
1198359,182,"01/01/02 00:00:00","08/18/04 00:00:00",-150,4000,"H200204",6,"baratin2017","T","03/31/17 16:21:00","03/31/17 16:34:00","06/19/06 09:56:00",-200,6000,"H200204",0,
1198360,185,"12/10/02 00:00:00","11/24/03 15:00:00",640,2000,"H200203anc",5,,"T",,"06/29/18 14:17:00","01/30/04 16:06:00",,,,0,
1198361,185,"11/24/03 15:00:00","10/26/04 00:30:00",640,2000,"H200304anc",7,,"T","01/27/05 11:30:00","06/29/18 14:17:00","04/26/04 17:23:00",,,,0,
1198362,185,"10/26/04 00:30:00","01/01/05 23:00:00",650,2000,"H200405anc",4,,"T","09/05/05 10:31:00","06/29/18 14:18:00","06/22/05 15:31:00",,,,0,
1198363,185,"01/01/05 23:00:00","02/16/06 13:00:00",630,2310,"H200506anc",5,,"T","06/22/06 09:58:00","06/29/18 14:28:00","06/22/06 09:10:00",,,,0,
1198364,185,"02/16/06 13:00:00","12/08/06 22:40:00",630,2000,"H200606anc",5,,"T","04/10/07 15:52:00","06/29/18 14:18:00","10/11/06 11:56:00",,,,0,
1198365,185,"12/08/06 22:40:00","06/06/07 23:40:00",650,2000,"H200607anc",4,,"T","11/02/07 14:29:00","06/29/18 14:26:00","03/22/07 11:56:00",,,,0,
1198366,185,"10/03/24 12:00:00","01/01/40 00:00:00",770,2400,"H202440ex",4,"A l'aide de baratin (extrapolation crue 2018)
Travaux echancrure du 2 au 3 octobre 2024, cote basse relevée 0.46m dans l'échancrure
","T","09/05/22 11:00:00","06/12/25 08:39:00","10/03/18 07:15:00",460,3000,"H202440ex",0,
1198367,185,"10/03/24 12:00:00","01/01/40 00:00:00",770,2400,"H202440",4,"A l'aide de baratin (extrapolation crue 2018)
Travaux echancrure du 2 au 3 octobre 2024, cote basse relevée 0.46m dans l'échancrure
","T","06/10/25 16:00:00","06/12/25 08:40:00","10/03/18 07:15:00",460,3000,"H202440",0,
1198368,185,"08/21/18 10:05:00","10/03/24 12:00:00",635,2400,"H201824",5,"A l'aide de baratin (extrapolation crue 2018)
Seuil levé  à environ 0.600 m
Détarage  comblement passage d'eau RD cote 74","T","09/05/22 11:00:00","10/07/24 17:03:00","10/03/18 07:15:00",605,3000,"H201824",0,
1198369,185,"06/06/07 23:40:00","12/09/07 15:00:00",650,2000,"H200707anc",6,,"T","10/06/08 15:17:00","06/29/18 14:26:00","03/22/07 11:56:00",,,,0,
1198370,185,"01/01/13 00:00:00","01/01/20 00:00:00",12,5000,"B20132_inf",100,"h/q Baratin : Qmin","C",,,,,,,,
1198371,185,"01/01/13 00:00:00","01/01/20 00:00:00",12,5000,"B20132_sup",100,"h/q Baratin : Qmax","C",,,,,,,,
1198372,185,"01/01/13 00:00:00","01/01/20 00:00:00",12,5000,"B20132",100,"h/q Baratin : Qmaxpost","C",,,,,,,,
1198373,185,"12/10/02 00:00:00","05/08/06 20:00:00",640,2400,"H200206",4,"Extrapolation crue avec baratin juin 2018","T","06/29/18 14:14:00","06/29/18 14:14:00","03/22/07 11:56:00",,,"H200206",0,
1198374,185,"05/08/06 20:00:00","05/01/13 13:38:00",640,2400,"H200613",4,"Extrapolation crue avec baratin juin 2018","T","06/29/18 14:19:00","06/29/18 14:25:00","03/22/07 11:56:00",,,"H200613",0,
1198375,185,"12/09/07 15:00:00","05/01/13 13:38:00",650,2000,"H200713anc",4,"Extrapolation crue avec baratin juin 2018*
Mis le detarage au 08 mai 2006","T","06/29/18 11:00:00","06/29/18 14:27:00","03/22/07 11:56:00",,,,0,
1198376,185,"05/01/13 13:38:00","08/21/18 10:05:00",640,2400,"H201318",4,"A l'aide de baratin (extrapolation crue 2018)
Seuil levé  à environ 0.600 m
Détarage à la cote 1.48 m (mai 2013)","T","01/02/20 16:03:00","01/02/20 16:05:00","03/22/07 11:56:00",605,3000,"H201318",0,
1198377,317,"01/04/18 05:46:00","02/01/21 22:20:00",300,1700,"H201821",16,"Courbe d'essai -Détarage avec la crue du 01-02-21.

","T","02/26/21 11:34:00","02/23/23 15:37:00","11/20/09 11:02:00",,,"H201821",0,
1198378,317,"01/04/18 00:00:00","12/31/50 00:00:00",210,2900,"scenar_sup",100,"h/q Baratin : Qmax","C",,"02/26/24 10:19:00",,,,"B_scenario2_sup",0,
1198379,317,"11/27/93 00:00:00","01/02/96 11:55:00",300,1500,"H199396",6,,"T","04/12/12 11:34:00","06/24/22 10:55:00","02/21/12 14:37:00",,,"H199396",0,
1198380,317,"12/29/21 12:00:00","01/01/50 00:00:00",300,1500,"H202150",16,"Détarage post crue 29-12-2021 avec pluie accompagné redoux en  altitude et fonte manteau neigeux.Hmax crue 183 cm mi-journée.29-12-2021.","T","10/06/22 11:10:00","04/17/24 14:43:00","06/24/22 10:00:00",,,"H202150",0,
1198381,317,"01/02/96 11:55:00","04/27/98 00:15:00",300,1500,"H199698",8,,"T","04/12/12 11:34:00","06/24/22 10:55:00","12/12/07 11:43:00",,,"H199698",0,
1198382,317,"04/27/98 00:15:00","12/29/01 12:00:00",300,1100,"H199801",8,,"T","01/03/13 15:39:00","06/24/22 10:55:00","12/12/07 11:43:00",,,"H199801",0,
1198383,317,"02/01/21 22:20:00","12/29/21 12:00:00",450,1700,"H202121",8,"detarage suite  crue du 01-02-2021  22h avec Qimax voisin de 44 m3/s pour Hmax environ 170 cm.
","T","06/24/22 10:08:00","06/24/22 11:03:00","03/10/21 09:15:00",,,"H202121",0,
1198384,317,"12/29/01 12:00:00","04/08/05 02:10:00",300,1500,"H200105",8,,"T","01/03/13 15:41:00","06/24/22 10:56:00","12/12/07 11:43:00",,,"H200105",0,
1198385,317,"04/08/05 02:10:00","09/28/07 13:00:00",300,1500,"H200507",10,,"T","06/27/14 10:44:00","06/24/22 10:56:00","12/12/07 11:43:00",,,"H200507",0,
1198386,317,"09/28/07 13:00:00","08/24/09 18:48:00",300,1500,"H200709",7,,"T","04/12/12 11:33:00","06/27/22 09:50:00","12/12/07 11:43:00",,,"H200709",0,
1198387,317,"08/24/09 18:48:00","01/05/12 16:20:00",290,1500,"H200912",8,"courbe crée suite à la crue du 24/08/2009","T","12/07/12 16:01:00","06/27/22 09:49:00","11/20/09 11:02:00",,,"H200912",0,
1198388,317,"01/05/12 16:20:00","08/06/13 21:00:00",300,1700,"H201213",9,,"T","01/28/14 10:29:00","06/24/22 10:57:00","11/20/09 11:02:00",,,"H201213",0,
1198389,317,"08/06/13 21:00:00","01/04/18 05:46:00",310,1700,"H201318",10,"Profil en long (2009) réalisé 100m amont-90m aval echelle station pour une pente moyenne terrain de 30 millième.
","T","08/02/18 13:00:00","06/24/22 11:01:00","11/20/09 11:02:00",,,"H201318",0,
1198390,317,"01/04/18 05:46:00","12/31/50 00:00:00",260,1700,"H201820old",15,"Ancienne Extrap sup courbe ","T","06/08/20 15:24:00","02/19/24 13:12:00","11/20/09 11:02:00",,,"OldH201820",0,
1198391,317,"01/04/18 00:00:00","12/31/50 00:00:00",250,2900,"scenar_sup",100,"h/q Baratin : Qmax","C",,"02/26/24 10:20:00",,,,"B_scenario1_sup",0,
1198392,317,"01/04/18 00:00:00","12/31/50 00:00:00",250,2900,"scenar_inf",100,"h/q Baratin : Qmin","C",,"02/26/24 10:21:00",,,,"B_scenario2_inf",0,
1198393,317,"01/04/18 00:00:00","12/31/50 00:00:00",250,2900,"scenar_inf",100,"h/q Baratin : Qmin","C",,"02/26/24 10:22:00",,,,"B_scenario1_inf",0,
1198394,317,"01/04/18 00:00:00","12/31/50 00:00:00",250,2900,"scenar",100,"h/q Baratin : Qmaxpost","C",,"02/26/24 10:22:00",,,,"B_scenario2",0,
1198395,317,"01/04/18 00:00:00","12/31/50 00:00:00",250,2900,"scenar",100,"h/q Baratin : Qmaxpost","C",,"02/26/24 10:23:00",,,,"B_scenario1",0,
1198396,318,"12/29/21 18:00:00","01/01/50 00:00:00",-70,2200,"H202150",9,"Détarage suite crue 5ans du 29-12-2021 avec Hmax 177cm et jaugeage astreinte crue fait proche max debit 38 m3/s.","T","08/25/23 15:22:00","05/22/25 09:20:00","06/24/22 11:35:00",,,"H202150",0,
1198397,318,"09/19/21 01:00:00","12/29/21 18:00:00",-50,2000,"H202121",11,"Détarage sur la gamme d'eau  inférieure à 1 m3/s sachant module 2.5 m3/s et QMNA5  0.180 m3/s.
déplacement pierres lit mineur entre aout -sept 2021.

","T","06/24/22 11:34:00","06/27/22 09:43:00","12/07/07 14:37:00",,,"H202121",0,
1198398,318,"12/31/11 11:30:00","07/06/12 01:30:00",-70,2000,"H201112",8,,"T","06/27/14 10:51:00","10/25/21 11:13:00","12/07/07 14:37:00",,,"H201112",0,
1198399,318,"07/06/12 00:00:00","12/31/50 00:00:00",12,2700,"B4cont_inf",100,"h/q Baratin : Qmin","C",,"01/21/22 12:04:00",,,,,0,
1198400,318,"07/06/12 00:00:00","12/31/50 00:00:00",12,2700,"B4cont_sup",100,"h/q Baratin : Qmax","C",,"01/21/22 12:05:00",,,,,0,
1198401,318,"07/06/12 00:00:00","12/31/50 00:00:00",12,2700,"B4contr",100,"h/q Baratin : Qmaxpost","C",,"01/21/22 12:06:00",,,,,0,
1198402,318,"11/02/08 08:13:00","09/29/09 01:35:00",-100,2000,"H200809",8,,"T","09/25/13 16:09:00","10/25/21 11:15:00","12/07/07 14:37:00",,,"H200809",0,
1198403,318,"09/28/07 11:00:00","11/02/08 08:13:00",-130,2000,"H200708",7,,"T","09/25/13 16:09:00","10/25/21 11:16:00","12/07/07 14:37:00",,,"H200708",0,
1198404,318,"12/02/03 17:40:00","09/28/07 11:00:00",-65,2000,"H200307",7,,"T","09/25/13 16:08:00","10/25/21 11:17:00","12/07/07 14:37:00",,,"H200307",0,
1198405,318,"05/05/01 11:30:00","12/02/03 17:40:00",-10,2000,"H200103",8,,"T","09/25/13 16:08:00","10/25/21 11:18:00","12/07/07 14:37:00",,,"H200103",0,
1198406,318,"05/18/99 07:04:00","05/05/01 11:30:00",0,2000,"H199901",9,,"T","09/25/13 16:07:00","10/25/21 11:19:00","12/07/07 14:37:00",,,"H199901",0,
1198407,318,"11/30/96 16:59:00","05/18/99 07:04:00",40,2000,"H199699",8,,"T","09/25/13 16:07:00","10/25/21 11:19:00","12/07/07 14:37:00",,,"H199699",0,
1198408,318,"06/05/92 02:29:00","11/30/96 16:59:00",50,2000,"H199296",8,,"T","09/25/13 16:06:00","10/25/21 11:20:00","12/07/07 14:37:00",,,"H199296",0,
1198409,318,"02/14/90 10:07:00","06/05/92 02:29:00",0,2000,"H199092",7,,"T","09/25/13 16:06:00","10/25/21 11:20:00","12/07/07 14:37:00",,,"H199092",0,
1198410,318,"03/18/88 15:24:00","02/14/90 10:07:00",-100,2000,"H198890",6,,"T","09/25/13 16:05:00","10/25/21 11:21:00","12/07/07 14:37:00",,,"H198890",0,
1198411,318,"01/20/81 16:29:00","03/18/88 15:24:00",-75,2000,"H198188",7,,"T","09/25/13 16:05:00","10/25/21 11:21:00","12/07/07 14:37:00",,,"H198188",0,
1198412,318,"12/02/76 09:38:00","01/20/81 16:29:00",-50,2000,"H197681",7,,"T","09/25/13 16:04:00","10/25/21 11:22:00","12/07/07 14:37:00",,,"H197681",0,
1198413,318,"02/06/74 09:34:00","12/02/76 09:38:00",-20,2000,"H197476",7,,"T","09/25/13 16:04:00","10/25/21 11:23:00","12/07/07 14:37:00",,,"H197476",0,
1198414,318,"01/01/73 00:00:00","02/06/74 09:34:00",0,2000,"H197374",7,,"T","09/25/13 16:04:00","10/25/21 11:24:00","12/07/07 14:37:00",,,"H197374",0,
1198415,318,"09/29/09 01:35:00","12/31/11 11:30:00",-100,2000,"H200911",9,"changement du haut de courbe suite au jaugeage du 15/11/2010 ","T","06/27/14 10:50:00","11/22/21 15:41:00","12/07/07 14:37:00",,,"H200911",0,
1198416,318,"07/06/12 01:30:00","09/19/21 01:00:00",-100,2300,"H201221",14,,"T","11/22/21 15:52:00","04/06/22 09:42:00","12/07/07 14:37:00",,,"H201221",0,
1198417,319,"11/27/93 00:00:00","02/25/95 14:16:00",20,1500,"H199395",5,,"T","08/08/12 14:59:00","08/08/12 14:59:00","12/12/07 15:33:00",,,,,
1198418,319,"02/25/95 14:16:00","11/25/96 16:33:00",50,1500,"H199596",7,,"T","08/08/12 15:00:00","08/08/12 15:00:00","12/12/07 15:33:00",,,,,
1198419,319,"11/25/96 16:33:00","10/06/97 02:24:00",10,1500,"H199697",6,,"T","08/08/12 15:01:00","08/08/12 15:01:00","12/12/07 15:33:00",,,,,
1198420,319,"10/06/97 02:24:00","12/27/99 04:12:00",10,1500,"H199799",8,,"T","08/08/12 15:01:00","08/08/12 15:01:00","12/12/07 15:33:00",,,,,
1198421,319,"12/27/99 04:12:00","10/14/00 05:41:00",10,1500,"H199900",6,,"T","08/08/12 15:02:00","08/08/12 15:02:00","12/12/07 15:33:00",,,,,
1198422,319,"10/14/00 05:41:00","02/27/02 15:40:00",80,1500,"H200002",7,,"T","08/08/12 15:02:00","08/08/12 15:02:00","12/12/07 15:33:00",,,,,
1198423,319,"02/27/02 15:40:00","12/02/03 13:40:00",50,1500,"H200203",7,,"T","08/08/12 15:03:00","08/08/12 15:03:00","12/12/07 15:33:00",,,,,
1198424,319,"12/02/03 13:40:00","08/19/04 03:20:00",80,1500,"H200304",6,,"T","08/08/12 15:03:00","08/08/12 15:04:00","12/12/07 15:33:00",,,,,
1198425,319,"08/19/04 03:20:00","04/08/05 03:50:00",80,1500,"H200405",7,,"T","08/08/12 15:04:00","08/08/12 15:04:00","12/12/07 15:33:00",,,,,
1198426,319,"04/08/05 03:50:00","11/02/08 06:00:00",80,1500,"H200508",7,,"T","08/08/12 15:05:00","08/08/12 15:05:00","12/12/07 15:33:00",,,,,
1198427,319,"11/02/08 06:00:00","08/24/09 22:25:00",0,1500,"H200809",6,,"T","08/08/12 15:05:00","08/08/12 15:06:00","12/12/07 15:33:00",,,,,
1198428,319,"08/24/09 22:25:00","06/22/11 17:15:00",0,1500,"H200911",7,,"T","08/08/12 15:06:00","08/08/12 15:06:00","11/20/09 10:19:00",,,,,
1198429,319,"06/22/11 17:15:00","01/01/17 00:00:00",0,1500,"H201117",6,,"T","08/08/12 15:07:00","08/08/12 16:42:00","11/20/09 10:19:00",,,,,
1198430,321,"10/19/71 00:00:00","10/01/07 00:00:00",110,1000,"1",21,,"C","10/20/03 11:44:00","10/03/08 15:30:00",,,,,,
1198431,321,"10/01/07 00:00:00","07/13/11 11:20:00",300,1000,"H200711",7,"h = +1.79 : débordement
nouvelle courbe changement de gestionnaire   ","T","12/19/11 11:22:00","12/19/11 11:23:00","12/13/07 10:34:00",,,,,
1198432,321,"01/20/14 17:45:00","01/01/20 00:00:00",300,1000,"H201420LB",6,"si detarage 
20/1/2014 h = 67.5 cm
","T","08/27/12 00:00:00","06/16/14 11:18:00","12/13/07 10:34:00",,,,,
1198433,321,"07/13/11 11:20:00","01/01/50 00:00:00",300,1000,"H201150ex",7,,"T","08/27/12 11:05:00","06/27/14 09:20:00","12/13/07 10:34:00",,,,,
1198434,321,"07/13/11 11:20:00","01/01/20 00:00:00",300,1000,"H201120",8,"

","T","06/27/14 09:21:00","06/27/14 09:22:00","12/13/07 10:34:00",,,,,
1198435,303,"12/01/97 00:00:00","12/31/02 00:00:00",80,700,"1997_1",10," ","C",,,,,,,,
1198436,303,"01/01/06 00:00:00","10/01/07 00:00:00",20,1000,"H200607",4,"COURBE REPRISE SUITE AUX  JAUGEAGES ASSOCIES ,  POSTERIEURS AUX  DATES D'APPLICATION","T","11/26/10 15:32:00","11/26/10 15:34:00","12/12/07 16:01:00",,,,,
1198437,303,"10/01/07 00:00:00","02/20/08 00:00:00",20,1000,"H200708",4,,"T","11/26/10 15:36:00","11/26/10 15:37:00","12/12/07 16:01:00",,,,,
1198438,303,"02/20/08 00:00:00","10/08/08 10:15:00",20,900,"H200808",4,"courbe refaite suite aux jaugeages associés , postérieurs aux dates d'application","T","11/26/10 16:09:00","11/26/10 16:09:00","01/09/09 16:33:00",,,,,
1198439,303,"12/31/02 00:00:00","01/01/06 00:00:00",40,870,"2003_1",20,"date d'applications changées suite aux modifications des courbes suivantes","C","11/26/10 16:24:00","11/26/10 16:34:00",,,,,,
1198440,303,"10/08/08 10:15:00","02/06/09 17:58:00",30,900,"H200809",3,"courbe refaite suite à l'association des jaugeages postérieurs aux dates d'application","T","05/26/11 17:07:00","05/26/11 17:08:00","12/12/07 16:01:00",,,,,
1198441,303,"10/31/10 17:10:00","01/01/17 00:00:00",30,1300,"H201017anc",4,"courbe crée suite au jaugeage du16/06/2010 et
modifiée  suite au jaugeage à la cote de 1,16m
du 31/10/2010. Remise à jour le 22/10/12
","T",,"10/22/12 15:12:00","12/12/07 16:01:00",,,,,
1198442,303,"02/06/09 17:58:00","10/31/10 17:10:00",30,1300,"H200910anc",5,"courbe crée suite au jaugeage du16/06/2010 et
modifiée  suite au jaugeage à la cote de 1,16m
du 31/10/2010
","T","05/26/11 17:08:00","10/22/12 15:13:00","12/12/07 16:01:00",,,,,
1198443,303,"02/06/09 17:58:00","01/01/17 00:00:00",30,1300,"H200917",6,"fusion  courbe H200910 et H201017
","T","10/22/12 13:50:00","10/22/12 15:15:00","12/12/07 16:01:00",,,,,
1198444,305,"10/01/07 00:00:00","11/02/08 09:00:00",250,2600,"H200708",5,"nouvelle courbe aprés prise en main de la station
courbe suite crue nov 2008  confirmée mr
extrapolation légèrement modifiée suite nivellement jaugeage lb
(à suivre : inflection à environ 2.5m car débordement ) ","T","07/09/10 15:50:00","07/09/10 15:50:00","11/19/07 15:21:00",,,,,
1198445,305,"12/02/03 00:00:00","07/01/05 00:00:00",290,3000,"H200307",7,,"T",,"01/06/11 15:19:00","01/06/11 14:56:00",,,,,
1198446,305,"10/01/97 00:00:00","01/31/00 00:00:00",290,3000,"H199700",9,,"T",,"01/07/11 11:36:00","01/06/11 14:56:00",,,,,
1198447,305,"01/31/00 00:00:00","12/02/03 00:00:00",290,3000,"H200003",8,,"T",,"01/07/11 11:36:00","01/06/11 14:56:00",,,,,
1198448,305,"02/12/06 07:00:00","10/01/07 00:00:00",290,3000,"H200607",8,,"T",,"01/07/11 12:02:00","01/06/11 14:56:00",,,,,
1198449,305,"07/01/05 00:00:00","02/12/06 07:00:00",290,3000,"H200506",7,,"T",,"01/07/11 12:02:00","01/06/11 14:56:00",,,,,
1198450,305,"11/02/08 09:00:00","10/31/10 18:40:00",160,2600,"H200810",7,"courbe à 10 vu PG","T","07/08/11 15:22:00","07/08/11 15:23:00","11/19/07 15:21:00",,,,,
1198451,305,"10/31/10 18:40:00","02/25/12 00:00:00",220,2600,"H201012",7,"nlle courbe suite crue 31/10/2010
","T","08/03/12 09:36:00","08/03/12 10:01:00","11/19/07 15:21:00",,,,,
1198452,305,"03/27/21 10:10:00","06/13/23 16:30:00",190,2600,"H202123",7,"Détaré suite à la traversé du tracteur pour nettoyage en RD? date de détarage au pic du 27/03 à 55.4cm
3.15m limitte de débordement en RG selon le profil ","T","07/22/22 11:20:00","08/24/23 09:49:00","04/28/21 15:30:00",,,"H202123",0,
1198453,305,"05/01/13 13:50:00","01/19/14 17:00:00",260,2600,"H201314",7,"Détarage suite à la crue du 1er mai (uniquement en bas de courbe )
","T","06/27/14 12:31:00","06/27/14 12:32:00","11/19/07 15:21:00",,,,,
1198454,305,"06/13/23 16:30:00","01/01/30 00:00:00",230,2600,"H202330ex",6,"Détaré suite à un pic et à un passage de tracteur le 13/06 à 70cm
3.15m limitte de débordement en RG selon le profil ","T","02/07/24 15:30:00","01/29/25 14:37:00","08/24/23 09:40:00",,,"H202330",0,
1198455,305,"02/25/12 00:00:00","05/01/13 13:50:00",240,2600,"H201213",6,"Détaragé éffectué au coup d'eau du dégel","T","11/09/12 11:42:00","04/23/15 14:20:00","11/19/07 15:21:00",,,,,
1198456,305,"01/19/14 17:00:00","10/11/14 11:07:00",260,2600,"H201414",5,"Détarage suite à la crue du 19 janvier
","T","04/24/15 09:08:00","04/24/15 09:08:00","11/19/07 15:21:00",,,,,
1198457,305,"10/11/14 11:07:00","02/10/19 22:55:00",240,2600,"H201419",4,"3.15m limitte de débordement en RG selon le profil ","T","05/06/20 16:00:00","05/06/20 16:17:00","11/19/07 15:21:00",220,3150,"H201419",0,
1198458,305,"02/10/19 22:55:00","06/12/20 17:10:00",250,2600,"H201920",4,"3.15m limitte de débordement en RG selon le profil ","T","07/01/20 16:00:00","05/09/22 14:03:00","11/19/07 15:21:00",220,3150,"H201920",0,
1198459,305,"06/12/20 17:10:00","03/27/21 10:10:00",250,2600,"H202021",5,"Détaré à la crue de juin 2020 cote 1.712m
3.15m limitte de débordement en RG selon le profil ","T","09/14/20 16:55:00","05/09/22 14:12:00","11/19/07 15:21:00",,,"H202021",0,
1198460,305,"06/13/23 16:30:00","01/01/40 00:00:00",230,2600,"H202340",12,"Détaré suite à un pic et à un passage de tracteur le 13/06 à 70cm
Au dessus de 3.2m : Baratin 2024","T","01/29/25 14:30:00","01/29/25 15:58:00","08/24/23 09:40:00",,,"H202340",0,
1198461,305,"01/01/24 00:00:00","01/01/50 00:00:00",12,5000,"B2024_inf",100,"h/q Baratin : Qmin","C",,,,,,,,
1198462,305,"01/01/24 00:00:00","01/01/50 00:00:00",12,5000,"B2024_sup",100,"h/q Baratin : Qmax","C",,,,,,,,
1198463,305,"01/01/24 00:00:00","01/01/50 00:00:00",12,5000,"B2024",100,"h/q Baratin : Qmaxpost","C",,,,,,,,
1198464,306,"01/01/98 00:00:00","10/01/02 00:00:00",20,480,"1998_1",21," ","C",,,,,,,,
1198465,306,"10/01/02 00:00:00","11/17/06 00:00:00",20,1210,"2002-01",9,,"C",,"12/04/06 11:00:00",,,,,,
1198466,306,"11/17/06 00:00:00","10/01/07 00:00:00",20,1350,"2006-01",12,,"C",,"03/18/08 10:44:00",,,,,,
1198467,306,"03/31/24 21:30:00","01/01/30 00:00:00",200,3200,"H202450",7,"Détarage 1.81m correspond au baratin post crue octobre 2024
Pour mémoire : 0 écoulement à 8cm relevé 02-08-2022 et inflexion à 15 cm (passage d'un seuil étroit à rectangulaire)","T","03/14/25 11:31:00","03/14/25 11:31:00","03/18/08 14:32:00",,,"H202450",0,
1198468,306,"11/06/18 10:05:00","03/31/24 21:30:00",150,2000,"H201824",7,"Détarage 1.64m extrap baratin 2022
0 écoulement à 8cm relevé 02-08-2022 et inflexion à 15 cm (passage d'un seuil étroit à rectangulaire)","T","02/05/25 14:42:00","02/05/25 14:46:00","03/18/08 14:32:00",,,"H201824",0,
1198469,306,"10/20/19 00:00:00","12/31/22 00:00:00",12,5000,"B20192",100,"Baratin avril 2022 avec J202022 et jaugeage sup 3m3/s depuis 2015","C",,"04/08/22 11:09:00",,,,,0,
1198470,306,"10/20/19 00:00:00","12/31/22 00:00:00",12,5000,"B20192_sup",100,"Baratin avril 2022 avec J202022 et jaugeage sup 3m3/s depuis 2015","C",,"04/08/22 11:10:00",,,,,0,
1198471,306,"10/20/19 00:00:00","12/31/22 00:00:00",12,5000,"B20192_inf",100,"h/q Baratin : Qmin","C",,"04/08/22 11:10:00",,,,,0,
1198472,306,"08/01/15 00:00:00","11/06/18 10:05:00",150,1800,"H2001518",5,"Débordement au environ de 1.30/1.40m
Extrap baratin 2022","T","04/08/22 11:28:00","04/08/22 11:28:00","03/18/08 14:32:00",100,2200,"H2001518",0,
1198473,306,"10/01/07 10:00:00","08/01/15 00:00:00",30,1700,"H200715",5,"Reprise en un seul courbe depuis 2007 avec le profil en travers réalisé en 2012 (hétérogénéité des points plus liées à l'incertitude de mesure qu'a un réel détarage)","T","02/09/15 16:07:00","08/31/15 12:07:00","03/18/08 14:32:00",,,,,
1198474,306,"08/01/15 00:00:00","01/01/20 00:00:00",12,5000,"B20152",100,"h/q Baratin : Qmaxpost","C",,"03/27/17 14:25:00",,,,,0,
1198475,306,"08/01/15 00:00:00","01/01/20 00:00:00",12,5000,"B20152_sup",100,"h/q Baratin : Qmax","C",,"03/27/17 14:25:00",,,,,0,
1198476,306,"08/01/15 00:00:00","01/01/20 00:00:00",12,5000,"B20152_inf",100,"h/q Baratin : Qmin","C",,"03/27/17 14:27:00",,,,,0,
1198477,307,"12/01/98 00:00:00","04/30/01 23:59:00",20,990,"1998_1",6,,"C",,,,,,,,
1198478,307,"05/01/01 00:00:00","05/01/02 00:00:00",100,990,"2001_1",7,,"C",,,,,,,,
1198479,307,"05/01/02 00:00:00","10/01/07 00:00:00",0,500,"2006.01",22,,"C","11/20/06 14:09:00","10/03/08 14:31:00",,,,,,
1198480,307,"10/01/07 00:00:00","04/18/08 21:30:00",0,400,"H200708",4,"nouvelle courbe aprés prise en main station","T","05/29/09 16:37:00","05/29/09 16:39:00","12/07/07 14:22:00",,,,,
1198481,307,"04/18/08 21:30:00","11/02/08 01:40:00",0,400,"H200808",6,,"T","05/29/09 16:38:00","05/29/09 16:39:00","12/07/07 14:22:00",,,,,
1198482,307,"11/02/08 01:40:00","02/25/10 23:10:00",-30,1000,"H200810",5,"courbe suite crue 02/11/2008
apport et enlèvement de gravats sur le radier en beton modifiant la section
arretée suite à eau du 25/02/2010 extra haute modidfiée avec jaugeage du 16/6/2010 vu PG","T","07/09/10 16:27:00","07/09/10 17:02:00","12/07/07 14:22:00",,,,,
1198483,307,"02/25/10 23:10:00","10/31/10 18:50:00",-20,1000,"H201010",5,"apport et enlèvement de gravats sur le radier en beton modifiant la section
","T","08/01/11 14:42:00","08/01/11 14:45:00","12/07/07 14:22:00",,,,,
1198484,307,"10/31/10 18:50:00","07/13/11 13:20:00",-30,1000,"H201011",6,"apport et enlèvement de gravats sur le radier en beton modifiant la section
courbe vu PG","T","12/19/11 11:55:00","12/19/11 12:09:00","12/07/07 14:22:00",,,,,
1198485,307,"07/13/11 13:20:00","02/27/13 11:00:00",-30,1100,"H201113",5,"
","T","12/18/12 16:17:00","03/15/13 15:57:00","12/07/07 14:22:00",,,,,
1198486,307,"02/27/13 11:00:00","06/01/13 00:00:00",-30,1100,"H201313",5,"Fin de la coube piour cause de fermeture de la station. ","T","09/17/13 14:24:00","09/17/13 14:25:00","12/07/07 14:22:00",,,,,
1198487,308,"01/01/98 00:00:00","12/15/03 00:00:00",150,1200,"1998_1",12,,"C",,,,,,,,
1198488,308,"12/15/03 00:00:00","11/17/06 00:00:00",150,820,"2003_1",15," ","C",,"12/04/06 11:30:00",,,,,,
1198489,308,"11/17/06 00:00:00","10/01/07 00:00:00",150,1250,"2006_1",15," ","C",,"03/18/08 10:46:00",,,,,,
1198490,308,"01/01/98 00:00:00","12/01/03 15:00:00",130,1800,"H199803 GC",4,"Recréation de la courbe suite au jaugeage de mai 2013 GC","T",,"06/10/13 11:51:00","06/07/13 12:04:00",,,,,
1198491,308,"03/12/20 09:00:00","10/17/24 10:50:00",130,3500,"H202024",5,"Détarage suite nettoyage controle (rattrapé avec le corTH)
ATTENTION faire commencer à 9h01 dans Hydro 2 et doit commencer à 09h00 et 1 s dans la phyc (l'injecter avant la précédente)","T","03/17/25 14:38:00","03/17/25 14:39:00","12/14/07 09:13:00",,,"H202024",0,"Baratin 2024"
1198492,308,"10/17/24 10:50:00","01/01/25 00:00:00",550,3500,"H202425",4,,"T","03/17/25 14:39:00","03/17/25 14:39:00","12/14/07 09:13:00",,,"H202425",0,"Baratin 2024 + post crue tiens compte en corrélation avec Vaubarlet d'un arbre en travers à l'aval pouvant influéncer au dessus de 10m3/s"
1198493,308,"01/01/25 00:00:00","01/01/30 00:00:00",550,3500,"H202530",4,,"T","03/17/25 14:40:00","03/17/25 14:40:00","12/14/07 09:13:00",,,"H202530",0,"Baratin 2024 + post crue ne tiens plus compte de l'arbre en travers à l'aval (jaugeage de janvier = absence d'arbre : nettoyé?)"
1198494,308,"12/01/03 15:00:00","11/17/06 00:00:00",150,1800,"H200306 GC",4,"Recréation de courbe suite jaugeage mai 2013 GC ","T",,"01/09/14 09:08:00","06/07/13 00:00:00",,,,,
1198495,308,"11/17/06 00:00:00","11/02/08 00:06:00",150,1800,"H200608 GC",6,"modification extrapolation haute
en corrélation avec débits vaubarlet pg
Mise à jour avec le jaugeage de mai 2013 et fusionn avce la courbe de 2006 GC ","T",,"01/09/14 09:09:00","12/14/07 09:13:00",,,,,
1198496,308,"01/01/98 15:00:00","11/17/06 00:00:00",150,1800,"H199806GC2",4,"Recréation de courbe suite jaugeage mai 2013 GC ","T",,"02/05/16 12:22:00","06/07/13 00:00:00",,,,,
1198497,308,"01/01/98 00:00:00","11/02/08 00:06:00",150,1800,"H199808GC3",6,"modification extrapolation haute
en corrélation avec débits vaubarlet pg
Mise à jour avec le jaugeage de mai 2013 et fusion aveC la courbe de 2006 GC ","T",,"02/05/16 15:20:00","12/14/07 09:13:00",,,,,
1198498,308,"03/12/20 00:00:00","01/01/30 00:00:00",12,5000,"B202030",100,"Courbe Baratin avec jaugeage 202024 + sup à 10 m3/s","C","07/18/24 15:07:00","07/18/24 15:07:00",,,,,0,
1198499,308,"05/18/13 16:20:00","02/07/16 11:00:00",180,2200,"H201316",5,"Détarage suite crue mai 2013","T","07/18/24 16:11:00","07/18/24 16:11:00","12/14/07 09:13:00",160,3300,"H201316",0,"Baratin 2024"
1198500,308,"02/07/16 11:00:00","11/22/16 17:20:00",180,2200,"H201616",5,"Détarage suite hiver 2016 (cote 66 cm)","T","07/18/24 16:12:00","07/18/24 16:12:00","12/14/07 09:13:00",160,3300,"H201616",0,"Baratin 2024"
1198501,308,"03/12/20 00:00:00","01/01/30 00:00:00",12,5000,"B202030sup",100,"h/q Baratin : Qmax","C","07/18/24 15:07:00","07/18/24 15:08:00",,,,,0,
1198502,308,"03/12/20 00:00:00","01/01/30 00:00:00",12,5000,"B20203_inf",100,"Courbe Baratin avec jaugeage 202024 + sup à 10 m3/s","C","07/18/24 15:08:00","07/18/24 15:08:00",,,,,0,
1198503,308,"10/01/07 00:00:00","11/02/08 00:06:00",150,1250,"H200708",7,"modification extrapolation haute
en corrélation avec débits vaubarlet pg
Revue avec jaugeage de nov 2014","T","07/18/24 16:03:00","07/18/24 16:05:00","12/14/07 09:13:00",,,"H200708",0,"Baratin 2024"
1198504,308,"11/02/08 00:06:00","05/18/13 16:20:00",220,2000,"H200813",5,,"T","07/18/24 16:09:00","07/18/24 16:10:00","12/14/07 09:13:00",,,"H200813",0,"Baratin 2024"
1198505,308,"11/22/16 17:20:00","03/12/20 09:00:00",170,2200,"H201620",5,"Détarage suite crue novembre 2016 cote 2.27 m","T","07/18/24 16:12:00","07/18/24 16:13:00","12/14/07 09:13:00",160,3300,"H201620",0,"Baratin 2024"
1198506,309,"01/02/81 00:00:00","02/01/82 00:00:00",200,3700,"1981_1",17,,"C",,,,,,,,
1198507,309,"01/01/90 00:00:00","01/02/90 00:00:00",100,1890,"1990_1",21,,"C",,,,,,,,
1198508,309,"06/16/10 15:00:00","11/05/11 02:10:00",100,2000,"H201011",8,"Extrapolation baratin 2021","T","02/11/21 14:31:00","02/11/21 15:35:00","11/19/07 16:53:00",,,,0,
1198509,309,"01/02/90 00:00:00","01/03/90 00:00:00",100,1890,"1990_2",20,,"C",,,,,,,,
1198510,309,"01/04/90 00:00:00","04/06/92 00:00:00",100,1890,"1990_3",20,,"C",,,,,,,,
1198511,309,"04/06/92 00:00:00","04/07/92 00:00:00",150,1000,"1992_1",13,,"C",,,,,,,,
1198512,309,"02/01/82 00:00:00","01/01/90 00:00:00",100,1820,"1982_1",21,,"C",,,,,,,,
1198513,309,"12/30/76 00:00:00","03/12/81 00:00:00",200,2000,"1976_1",18,,"C",,,,,,,,
1198514,309,"04/07/92 00:00:00","11/23/07 06:10:00",120,1700,"1992_2",16,"Courbe de tarage mise a jour en fonction du jaugeage 73 de déc 03 ","C",,"03/18/08 10:51:00",,,,,,
1198515,309,"11/23/07 06:10:00","11/02/08 07:20:00",120,2000,"H200708",7,,"T","02/11/21 14:33:00","02/11/21 15:42:00","11/19/07 16:53:00",,,,0,
1198516,309,"11/02/08 07:20:00","06/16/10 15:00:00",150,2000,"H200810",8,"Extrapolation baratin 2021
courbe  à 10 vu PG","T","02/11/21 14:32:00","02/11/21 15:36:00","11/19/07 16:53:00",,,,0,
1198517,309,"01/01/11 00:00:00","01/01/30 00:00:00",12,2750,"B1130",100,"Courbe baratin avec profil levé sans modif","C",,"08/10/20 17:02:00",,,,,0,
1198518,309,"01/01/11 00:00:00","01/01/30 00:00:00",12,2750,"B1130_sup",100,"Courbe baratin avec profil levé sans modif","C",,"08/10/20 17:02:00",,,,,0,
1198519,309,"01/01/11 00:00:00","01/01/30 00:00:00",12,2700,"B1130_inf",100,"Courbe baratin avec profil levé sans modif","C",,"08/10/20 17:03:00",,,,,0,
1198520,309,"11/05/11 02:10:00","06/12/20 17:25:00",70,2000,"H201120",5,"Extrapolation baratin 2021","T","02/11/21 14:30:00","02/11/21 16:12:00","11/19/07 16:53:00",,,"H201120",0,
1198521,309,"06/12/20 17:25:00","01/01/30 00:00:00",80,2000,"H202030",5,"Détarage crue de juin 2020
Extrapolation baratin 2021 suite crue février 2021","T","01/29/25 13:56:00","01/29/25 13:57:00","11/19/07 16:53:00",,,"H202030",0,
1198522,184,"06/01/20 12:00:00","01/01/50 00:00:00",600,4500,"H202050",4,"Post travaux aénagement RD mcrocentrale et passes-poissons (cf evenements station)","T",,"03/17/25 15:02:00","11/12/24 15:54:00",5000,,"H202050",0,
1198523,184,"01/01/94 00:00:00","06/01/20 12:00:00",600,4500,"H199420",4,"Extension extrap Sup pour besoin SPC de  Hmax 5.50 m à 6m

","T","02/16/18 10:18:00","03/17/25 15:03:00",,5000,,"H199420",0,
1198524,102,"01/11/25 05:00:00","01/01/50 00:00:00",800,3200,"H202550",10,,"T","06/19/24 10:12:00","05/22/25 10:55:00","06/19/24 10:00:00",,,"H202550",0,
1198525,102,"01/17/10 07:45:00","11/15/10 19:20:00",600,3600,"H201010",11,,"T","02/27/13 11:50:00","12/31/21 11:31:00","09/06/07 15:00:00",,,"H201010",0,
1198526,102,"02/07/09 04:20:00","01/17/10 07:45:00",630,3300,"H200910",9,,"T","02/27/13 11:49:00","12/31/21 11:35:00","09/06/07 15:00:00",,,"H200910",0,
1198527,102,"11/02/08 17:00:00","02/07/09 04:20:00",630,3300,"H200809",7,,"T","02/27/13 11:49:00","12/31/21 11:38:00","09/06/07 15:00:00",,,"H200809",0,
1198528,102,"01/01/12 06:42:00","05/01/13 22:05:00",600,3600,"H201213",8,,"T","08/14/13 11:02:00","12/31/21 11:19:00","09/06/07 15:00:00",,,"H201213",0,
1198529,102,"11/15/10 19:20:00","01/01/12 06:42:00",630,3600,"H201012",10,,"T","02/27/13 11:51:00","12/31/21 11:22:00","09/06/07 15:00:00",,,"H201012",0,
1198530,102,"12/02/03 22:50:00","11/05/04 00:40:00",470,3400,"H200304",6,,"T","02/27/13 11:46:00","12/31/21 11:48:00","04/19/05 10:42:00",,,"H200304",0,
1198531,102,"11/25/02 09:40:00","12/02/03 22:50:00",450,3400,"H200203",7,,"T","08/06/12 18:16:00","12/31/21 11:50:00",,,,"H200203",0,
1198532,102,"11/30/01 16:54:00","11/25/02 09:40:00",450,3400,"H200102",7,,"T","08/06/12 18:16:00","12/31/21 11:52:00",,,,,0,
1198533,102,"12/14/19 21:00:00","06/13/20 02:30:00",750,3600,"H201920",15,"Détarage suite crue 14 decembre 2019.
Ensablement important au voisinage amont-aval station.","T","07/03/20 14:51:00","12/31/21 11:04:00","04/04/19 14:47:00",,,"H201920",0,
1198534,102,"03/15/19 16:30:00","12/14/19 21:00:00",750,3600,"H201919",10,,"T","02/13/20 12:02:00","12/31/21 11:07:00","04/04/19 14:47:00",,,"H201919",0,
1198535,102,"01/04/18 17:00:00","11/07/18 15:30:00",600,3600,"H201818",13,"Détarage suite à la crue du 4 janvier 2018 sur le Lignon du Forez.



","T","11/30/18 10:49:00","12/31/21 11:13:00","06/21/18 14:00:00",,,"H201818",0,
1198536,102,"03/14/23 18:00:00","05/02/24 15:30:00",600,3500,"H202324",9,"
","T","06/19/24 10:11:00","06/19/24 10:11:00","08/11/22 16:50:00",,,"H202324",0,
1198537,102,"02/02/21 04:00:00","05/11/21 05:00:00",800,3500,"H202121",11,"Modif du contrôle naturel après crue 01-02-2021","T","08/23/21 14:32:00","12/31/21 10:57:00","03/12/21 14:50:00",,,"H202121",0,
1198538,102,"06/13/20 02:30:00","10/03/20 04:45:00",800,3600,"H202020",11,"Modification du contrôle suite à la crue du 12-13 juin 2020.    Hmax 251cm pour Qmax 72 m3/s","T","08/24/20 16:31:00","12/31/21 11:01:00","07/03/20 14:52:00",,,"H202020",0,
1198539,102,"11/07/18 15:30:00","03/15/19 16:30:00",850,3600,"H201819",12,"Intervention d'un engin sur le contrôle-Nivellement des Ilettes faites le 07 novembre 2018.



","T","04/04/19 14:47:00","12/31/21 11:10:00","06/21/18 14:00:00",,,"H201819",0,
1198540,102,"05/01/13 22:05:00","01/04/18 17:00:00",600,3600,"H201318",12,"Concaténation H201314 et H201420.
Modif tracé sur 150-270cm .","T","08/02/18 10:00:00","12/31/21 11:17:00",,,,"H201318",0,
1198541,102,"03/31/06 12:00:00","11/02/08 17:00:00",480,3400,"H200608",11,,"T","02/27/13 11:48:00","12/31/21 11:40:00","09/06/07 15:00:00",,,"H200608",0,
1198542,102,"11/05/04 00:40:00","03/31/06 12:00:00",480,3400,"H200406",10,,"T","02/27/13 11:48:00","12/31/21 11:46:00","09/06/07 15:00:00",,,"H200406",0,
1198543,102,"10/14/00 18:45:00","11/30/01 16:54:00",450,3400,"H200001",7,,"T","08/06/12 18:15:00","12/31/21 11:55:00",,,,"H200001",0,
1198544,102,"05/18/99 15:10:00","10/14/00 18:45:00",480,3400,"H199900",7,,"T","08/06/12 18:15:00","12/31/21 11:56:00",,,,"H199900",0,
1198545,102,"04/24/97 23:29:00","05/18/99 15:10:00",450,3400,"H199799",7,,"T","08/06/12 18:14:00","12/31/21 11:58:00","12/09/08 11:07:00",,,"H199799",0,
1198546,102,"11/30/96 23:49:00","04/24/97 23:29:00",450,3400,"H199697",7,,"T","08/06/12 18:13:00","12/31/21 11:59:00","12/09/08 11:14:00",,,,0,
1198547,102,"10/03/20 04:45:00","02/02/21 04:00:00",700,3500,"H202021",26,"Modification de la zone d'ecoulement au voisinage des ilettes - Retour sur CTH201920 avant crue du 13-06-2020.","C","03/12/21 14:51:00","04/06/22 14:37:00","11/04/20 15:50:00",,,"H202021",0,
1198548,102,"01/02/96 23:03:00","11/30/96 23:49:00",450,3400,"H199696",7,,"T","08/06/12 18:13:00","12/31/21 12:00:00","12/09/08 11:18:00",,,,0,
1198549,102,"02/26/95 01:35:00","01/02/96 23:03:00",450,3400,"H199596",6,,"T","08/06/12 18:12:00","12/31/21 12:02:00","12/09/08 11:23:00",,,,0,
1198550,102,"01/03/94 06:36:00","02/26/95 01:35:00",500,3400,"H199495",6,,"T","08/06/12 18:11:00","12/31/21 12:04:00","12/09/08 11:39:00",,,,0,
1198551,102,"10/15/92 00:00:00","01/03/94 06:36:00",450,3200,"H199294",6,"1ere courbe sur nouvelle station","T","08/06/12 18:10:00","12/31/21 12:06:00","12/09/08 11:47:00",,,,0,
1198552,102,"05/02/24 15:30:00","01/11/25 05:00:00",800,3200,"H202425",9,"Remobilisation materiaux fins aval pont suite montée d'eau du 11-01-2025","T","01/11/25 05:00:00","03/27/25 14:58:00","06/19/24 10:00:00",,,"H202425",0,
1198553,102,"05/11/21 05:00:00","03/14/23 18:00:00",600,3500,"H202123",15,"
","T","10/06/22 14:18:00","10/03/24 11:39:00","08/11/22 16:50:00",,,"H202123",0,
1198554,339,"05/10/21 21:00:00","01/01/40 00:00:00",-40,1205,"H202140gn",11,"Suite crue mai 2021, détarage 1.1m

","T","04/05/22 14:30:00","01/18/23 14:56:00","08/12/21 08:00:00",,,"H202140",0,
1198555,339,"05/10/21 21:00:00","12/15/22 16:35:00",-40,1205,"H202122",11,"Suite crue mai 2021, détarage 1.1m


","T","05/12/23 13:51:00","05/12/23 14:52:00","08/12/21 08:00:00",,,"H202122",0,
1198556,339,"05/01/10 00:00:00","03/01/11 00:00:00",330,660,"Havant",6,"courbe faite avec jaugeages avant mise en service station 
revue aprés jaugeage de h = 80 du 18/5/13
","T","09/12/11 14:32:00","03/27/15 16:02:00","07/25/11 10:00:00",,,,,
1198557,339,"03/01/11 00:00:00","08/24/11 11:26:00",200,1050,"H201111",6,"1 er courbe 
reprise extrapolation haute mars 2015 ","T","03/30/15 13:33:00","03/30/15 14:34:00","07/25/11 10:00:00",,,,,
1198558,339,"05/10/21 21:00:00","01/01/40 00:00:00",-40,1205,"H202140ex",11,"Suite crue mai 2021, détarage 1.1m

","T","04/05/22 14:30:00","05/12/23 14:50:00","08/12/21 08:00:00",,,"H202140",0,
1198559,339,"08/24/11 11:26:00","05/18/13 20:20:00",240,1050,"H201113",7,"24/8/11 h =0.224
reprise extrapolation haute mars 2015 

","T","03/30/15 13:40:00","03/30/15 14:35:00","07/25/11 10:00:00",,,,,
1198560,339,"05/18/13 20:20:00","04/27/15 20:20:00",280,1050,"H201315",7,,"T","06/12/15 14:27:00","07/25/16 16:43:00","07/25/11 10:00:00",,,"H201315",0,
1198561,339,"08/09/15 01:40:00","05/14/16 16:50:00",267,1050,"H201516",6,"09/8/15   h = 0.46
reprise extrapolation haute mars 2015 





","T","07/25/16 16:22:00","07/25/16 16:24:00","07/25/11 10:00:00",,,"H201516",0,
1198562,339,"04/27/15 20:20:00","08/09/15 01:40:00",255,1050,"H201515",6,"27/4/15   h = 0.76
reprise extrapolation haute mars 2015 




","T","10/16/15 10:52:00","07/25/16 16:42:00","07/25/11 10:00:00",,,"H201515",0,
1198563,339,"05/14/16 16:50:00","11/22/16 12:28:00",285,1050,"H201616",8,"14/5/16 16:50 h=0.745
reprise extrapolation haute en mars 2015 et janvier 2017 suite a crue 22/11/16 
 







","T","01/09/17 14:07:00","01/09/17 14:10:00","07/25/11 10:00:00",,,"H201616",0,
1198564,339,"11/22/16 12:28:00","03/16/18 23:20:00",220,1050,"H201618",10,,"T","06/18/18 13:45:00","06/18/18 14:45:00","07/25/11 10:00:00",,,"H201618",0,
1198565,339,"03/16/18 23:20:00","01/01/30 00:00:00",240,1050,"H201830ex",12,"le 16/3/2018 à 23:20 h=0.68
a suivre détarage le 14/5/2018 à 10h50 H= 0.76m?
septembre 2018 extrapolation tres haute faite avec Baratin et validé par D.B 



","T","10/15/18 16:25:00","01/31/20 16:26:00","07/25/11 10:00:00",,,"H201830",0,
1198566,339,"03/16/18 23:20:00","11/23/19 09:10:00",230,1050,"H201819",13,"le 16/3/18 à 23:20 h= 0.68 m
à suivre détarage le 14/5/18 à 10:50 h= 0.76 m ?
septembre 2018 extrapolation tres haute faite avec Baratin et validé par D.Besson 


","T","01/31/20 16:24:00","01/31/20 16:27:00","07/25/11 10:00:00",,,"H201819",0,
1198567,339,"11/23/19 09:10:00","06/12/20 16:10:00",220,1050,"H201920",11,"le 23/11/2019 à 09:10 h= 1.49 m
septembre 2018 extrapolation tres haute faite avec Baratin et validé par D.Besson 



","T","07/06/20 10:11:00","07/06/20 10:52:00","07/25/11 10:00:00",,,"H201920",0,
1198568,339,"06/12/20 16:10:00","10/02/20 19:40:00",30,1050,"H202020",10,"le 12/06/2020 16:10 h=2.226m
septembre 2018 extrapolation tres haute faite avec Baratin et validé par D.Besson ","T","11/24/20 15:18:00","11/24/20 16:18:00","07/25/11 10:00:00",,,"H202020",0,
1198569,339,"12/15/22 16:35:00","08/28/23 14:10:00",0,1205,"H202223",11,"le 15/12/2022 à 16:35 H = 0.584 m 


","T","08/18/23 10:00:00","11/03/23 15:50:00","01/18/23 10:00:00",,,"H202223",0,
1198570,339,"02/12/21 19:39:00","05/10/21 21:00:00",135,1050,"H202121",9,"Suite crue février 2021

","T","04/23/21 15:00:00","07/30/21 15:49:00","07/25/11 10:00:00",,,"H202121",0,
1198571,339,"10/02/20 19:40:00","02/12/21 19:39:00",150,1050,"H202021",9,"le 02/10/2020 19:40 h=0.43m
septembre 2018 extrapolation tres haute faite avec Baratin et validé par D.Besson 
","T","11/24/20 16:21:00","05/09/22 15:59:00","07/25/11 10:00:00",,,"H202021",0,
1198572,339,"08/28/23 14:10:00","03/10/24 02:10:00",45,1205,"H202324",10,"le 28/08/2023 à 14:10 182mm plus modification du controle avec installation d'un nouveau radar pour éviter de taper dans les cailloux en basses eaux


","T","12/21/23 11:00:00","06/14/24 14:33:00","11/03/23 15:45:00",,,"H202324",0,
1198573,339,"03/10/24 02:10:00","01/01/40 00:00:00",150,1205,"H202450ex",10,"le 10/03/2024 à 2:10    H = 1.287 m 


","T","07/12/24 11:00:00","08/12/24 08:42:00","04/12/24 14:00:00",,,"H202450",0,
1198574,339,"03/10/24 02:10:00","01/01/40 00:00:00",65,1205,"H202450",10,"le 10/03/2024 à 2:10    H = 1.287 m 


","T","01/23/25 14:04:00","01/29/25 15:43:00","04/12/24 14:00:00",,,"H202450",0,
1198575,340,"10/17/24 22:05:00","01/01/50 00:00:00",320,1600,"H202450",8,"Détarage suite crue du 17/10/2024
","T","06/12/25 10:21:00","06/12/25 10:21:00","08/04/23 11:29:00",,,"H202450",0,
1198576,340,"06/30/23 05:00:00","10/17/24 22:05:00",200,1600,"H202324",10,"Détarage suite crue orage localisé 30-06-2023
Hmax 173cm et débit environ 65 m3/s .
","T","01/17/25 11:11:00","03/14/25 10:33:00","08/04/23 11:29:00",,,"H202324",0,
1198577,340,"02/27/15 08:20:00","05/11/16 21:55:00",280,1600,"H201516",8,,"T","03/20/17 14:59:00","09/16/22 14:31:00","03/28/11 00:00:00",,,"H201516",0,
1198578,340,"06/12/20 00:00:00","05/11/21 00:00:00",12,5000,"BH2020_inf",100,"h/q Baratin : Qmin","C",,,,,,,,
1198579,340,"06/12/20 00:00:00","05/11/21 00:00:00",12,5000,"BH2020_sup",100,"h/q Baratin : Qmax","C",,,,,,,,
1198580,340,"06/12/20 00:00:00","05/11/21 00:00:00",12,5000,"BH2020",100,"h/q Baratin : Qmaxpost","C",,,,,,,,
1198581,340,"06/12/20 17:00:00","05/11/21 02:00:00",270,1600,"H202021",12,"Détarage suite crue du  12-06-2020.
Max hauteur 170 cm et Qmax environ 69 m3/s.
","T","05/06/21 09:04:00","09/16/22 14:19:00","06/26/20 13:00:00",,,"H202021",0,
1198582,340,"11/23/19 10:00:00","06/12/20 17:00:00",290,1600,"H201920",10,"Creusement lit entre station et contrôle.
Détarage suite crue du 23 novembre 2019.","T","02/12/20 11:22:00","09/16/22 14:20:00","01/15/20 15:49:00",,,"H201920",0,
1198583,340,"11/23/18 21:10:00","11/23/19 10:00:00",320,1600,"H201819",11,,"T","09/20/19 09:20:00","09/16/22 14:24:00","03/15/18 16:00:00",,,"H201819",0,
1198584,340,"05/11/21 02:00:00","09/03/22 17:00:00",100,1600,"H202122",17,"detarage crue 11-05-2021 avec hmax 137cm et debit
36 m3/s.
","T","11/07/22 16:47:00","12/26/22 09:40:00","07/11/22 09:30:00",,,"H202122",0,
1198585,340,"09/03/22 17:00:00","06/30/23 05:00:00",200,1600,"H202223",11,"Suite à l'étiage tres sévère 2022 et sa durée augmentation emprise herbe en RG au voisinage contrôle.Débitance moindre pour 1 même niveau.","T","12/26/22 09:20:00","08/04/23 11:28:00","12/26/22 09:20:00",,,"H202223",0,
1198586,340,"03/12/18 09:00:00","11/23/18 21:10:00",370,1600,"H201818",9,,"T","08/02/19 09:52:00","09/16/22 14:25:00","03/15/18 16:00:00",,,"H201818",0,
1198587,340,"01/27/17 18:20:00","10/02/17 10:00:00",420,1600,"H201717",7,"
","T","09/25/17 15:21:00","09/16/22 14:27:00","03/28/11 00:00:00",,,"H201717",0,
1198588,340,"11/22/16 13:40:00","01/27/17 18:20:00",540,1600,"H201617",5,,"T","05/05/17 10:10:00","09/16/22 14:28:00","03/28/11 00:00:00",,,"H201617",0,
1198589,340,"05/11/16 21:55:00","11/22/16 13:40:00",270,1600,"H201616",8,,"T","01/26/17 15:10:00","09/16/22 14:30:00","03/28/11 00:00:00",,,"H201616",0,
1198590,340,"10/02/17 10:00:00","03/12/18 09:00:00",420,1600,"H201718",9,"



","T","06/04/18 14:38:00","09/16/22 14:32:00","03/28/11 00:00:00",,,"H201718",0,
1198591,340,"12/20/13 01:55:00","02/27/15 08:20:00",290,1200,"H201315",8,,"T","03/20/17 00:00:00","09/16/22 14:34:00","03/28/11 00:00:00",,,"H201315",0,
1198592,340,"07/10/13 08:30:00","12/20/13 01:55:00",300,1600,"H201313",8,,"T","03/20/17 00:00:00","09/16/22 14:34:00","03/28/11 00:00:00",,,"H201313",0,
1198593,340,"05/22/12 16:30:00","07/10/13 08:30:00",270,1600,"H201213",8,"ARRET DE LA DATE DE VALIDITE A LA FIN DES TRAVAUX SUR L' ENROCHEMENT DE LA RIVE DROITE (SICALA), le 10/07/2013","T","01/26/17 15:14:00","09/16/22 14:35:00","03/28/11 00:00:00",,,"H201213",0,
1198594,340,"03/28/11 00:00:00","05/22/12 16:30:00",290,1600,"H201112",8,"1° COURBE","T","01/26/17 15:15:00","09/16/22 14:36:00","03/28/11 00:00:00",,,"H201112",0,
1198595,340,"06/30/23 05:00:00","01/01/50 00:00:00",200,1600,"H202350ex",11,"Détarage suite crue orage localisé 30-06-2023
Hmax 173cm et débit environ 65 m3/s .
","T","03/07/24 15:53:00","11/18/24 13:36:00","08/04/23 11:29:00",,,"H202350ex",0,
1198596,340,"10/17/24 22:05:00","01/01/50 00:00:00",390,1600,"H202450ex",9,"Détarage suite crue du 17/10/2024
","T","01/17/25 10:26:00","02/14/25 11:46:00","08/04/23 11:29:00",,,"H202450",0,
1198597,344,"08/17/22 15:00:00","06/30/23 06:15:00",220,1300,"H202223ex",10,"Etiage important à partir de juin 2022 suivi d'un gros coup d'eau: installation de sable au controle
Regroupement deux courbes","T","06/24/22 10:25:00","02/23/24 09:45:00","07/09/21 14:00:00",,,"H202223ex",0,
1198598,344,"03/05/16 00:50:00","11/22/16 18:40:00",150,1270,"H201616",7,,"T","09/29/17 15:12:00","09/29/17 15:12:00","01/12/12 10:17:00",,,"H201616",0,
1198599,344,"05/10/21 23:00:00","08/17/22 15:00:00",90,1300,"H202122",11,"Suite crue du 10/05/21
","T","06/24/22 10:25:00","10/10/22 14:50:00","07/09/21 14:00:00",,,"H202122",0,
1198600,344,"05/01/13 13:15:00","01/19/14 10:15:00",160,1250,"H201314",6,,"T","01/26/17 16:40:00","01/26/17 17:53:00","01/12/12 10:17:00",180,1200,"H201314",0,
1198601,344,"01/19/14 10:15:00","09/13/15 05:40:00",165,1270,"H201415",8,,"T","01/26/17 16:39:00","01/26/17 17:55:00","01/12/12 10:17:00",180,1200,"H201415",0,
1198602,344,"09/13/15 05:40:00","03/05/16 00:50:00",190,1270,"H201516",6,,"T","01/26/17 16:38:00","01/26/17 17:55:00","01/12/12 10:17:00",190,1200,"H201516",0,
1198603,344,"06/30/23 06:15:00","01/01/50 00:00:00",120,1300,"H202350ex",8,"Changement du controle suite un coup d'eau du 30juin 2023 94.2 cm
0 écoulement estimé à 10cm
Regroupement de deux courbes","T","08/24/23 10:00:00","02/23/24 09:45:00","07/20/23 10:00:00",,,"H202350ex",0,
1198604,344,"10/02/20 22:30:00","05/10/21 23:00:00",300,1300,"H202021",14,"Suite crue  12-13  juin 2020 et coup d'eau en
 octobre 2020  un bloc beton est positionné en aval immédiat echelle coté RD pouvant influencer contrôle hauteur en Moy Eaux (50cm Ech)","T","07/14/21 11:00:00","04/06/22 10:31:00","04/23/21 11:00:00",,,"H202021",0,
1198605,344,"10/21/11 00:00:00","05/01/13 13:15:00",180,1250,"H201113",6,"1° COURBE DEPUIS LA MISE EN SERVICE DE LA STATION","T","01/26/17 16:40:00","01/26/17 17:52:00","01/12/12 10:17:00",180,1200,"H201113",0,
1198606,344,"11/22/16 18:40:00","07/22/17 19:20:00",155,1270,"H201617",7,,"T","09/29/17 15:18:00","09/29/17 15:20:00","01/12/12 10:17:00",,,"H201617",0,
1198607,344,"07/22/17 19:20:00","06/05/18 19:00:00",140,1600,"H201718",8,,"T","10/03/18 17:02:00","01/11/19 10:17:00","01/12/12 10:17:00",,,"H201718",0,
1198608,344,"06/05/18 19:00:00","06/12/20 18:00:00",140,1600,"H201820 ",10,,"T","08/17/20 14:00:00","08/17/20 16:26:00","01/12/12 10:17:00",,,"H201820",0,
1198609,344,"06/12/20 18:00:00","10/02/20 22:30:00",150,1300,"H202020",14,"Suite crue  12-13  juin 2020  un bloc beton est positionné en aval immédiat echelle coté RD pouvant influencer contrôle hauteur en Moy Eaux (50cm Ech)","T","01/28/21 09:47:00","04/27/21 11:35:00","08/17/20 16:13:00",,,"H202020",0,
1198610,344,"08/17/22 15:00:00","05/02/24 02:47:00",100,1300,"H202224",9,"Etiage important à partir de juin 2022 suivi d'un gros coup d'eau: installation de sable au controle
0 écoulement estimé à 10cm","T","01/28/25 14:09:00","01/28/25 15:46:00","07/09/21 14:00:00",,,"H202224",0,
1198611,344,"05/02/24 02:47:00","01/01/50 00:00:00",250,1300,"H202450",8,"Crue du 2/05/2024 à 2:47 Hmax = 1170mm","T","02/14/25 14:54:00","02/14/25 14:54:00","07/09/21 14:00:00",,,"H202450",0,
1198612,352,"01/01/12 00:00:00","05/03/13 10:50:00",210,500,"H201213",4,"

","T",,"09/20/13 09:55:00","09/19/13 15:58:00",,,,,
1198613,352,"05/03/13 10:50:00","01/01/50 00:00:00",220,500,"H201350ex",4,,"T","09/20/13 09:52:00","05/28/14 14:28:00","09/19/13 16:01:00",,,,,
1198614,352,"05/03/13 10:50:00","04/24/14 19:10:00",220,500,"H201314ex",5,"courbe stoppée suite a barrage en pierre 
correction des hauteurs
","T","05/28/14 14:16:00","07/11/14 16:39:00","09/19/13 16:01:00",,,,,
1198615,352,"05/03/13 10:50:00","01/01/20 00:00:00",200,500,"H201320ex",4,"courbe avec cor TH car barrage de pierre été 2014 ","T","07/11/14 16:38:00","11/13/15 08:20:00","09/19/13 16:01:00",,,,,
1198616,352,"05/03/13 10:50:00","01/01/20 00:00:00",160,700,"H201320",5,"courbe avec cor TH car barrage de pierre été 2014 
fiabilité bas pour cor TH 
","T","11/13/15 08:19:00","03/20/17 14:47:00","09/19/13 16:01:00",,,"H201320",0,
1198617,361,"10/18/24 03:05:00","01/01/50 00:00:00",760,2800,"H202450gn",6,"Détarage crue 18/10/2024 à h: 1984 mm
","T","06/10/25 14:45:00","06/10/25 14:48:00","10/29/24 08:50:00",,,"H202450gn",0,
1198618,361,"02/19/13 00:00:00","05/01/13 03:50:00",580,2200,"H201313",5,"Détarage supposé crue 1er mai 2013  mais courbe très jeune 
Extrapolation crue de 2020","T","07/01/20 00:00:00","07/15/20 17:07:00","05/15/13 00:00:00",580,3000,"H201313",0,
1198619,361,"06/12/20 17:00:00","03/10/24 16:15:00",415,2800,"H202024",7,"Détarage crue 12/06/2020 cote 2.512m
Extrapolation baratin au B1920
","T","02/21/24 16:08:00","03/18/25 08:30:00","05/15/13 00:00:00",,,"H202024",0,
1198620,361,"10/18/24 03:05:00","01/01/50 00:00:00",760,2800,"H202450ex",6,"Détarage crue 18/10/2024 à h: 1984 mm
","T","12/19/24 14:05:00","04/08/25 15:47:00","10/29/24 08:50:00",,,"H202450ex",0,
1198621,361,"05/01/13 03:50:00","01/01/20 00:00:00",12,5000,"B20132_inf",100,"h/q Baratin : Qmin","C",,,,,,,,
1198622,361,"11/23/19 18:15:00","06/12/20 17:00:00",510,2800,"H201920",6,"Détarage crue 23/11/2019 cote 2.026m
Extrapolation baratin au B1920
","T","07/01/20 15:30:00","05/06/22 15:10:00","05/15/13 00:00:00",430,4000,"H201920",0,
1198623,361,"03/10/24 16:15:00","10/18/24 03:05:00",410,2800,"H202424",6,"Détarage crue 10/03/2024 à h: 2019 mm
","T","12/19/24 14:05:00","12/19/24 14:06:00","08/30/24 08:30:00",,,"H202424",0,
1198624,361,"02/19/13 00:00:00","05/01/13 03:50:00",580,2200,"H201313",5,"Détarage supposé crue 1er mai 2013  mais courbe très jeune 
Extrapolation crue de 2020","T",,,,,,"H201313",,
1198625,361,"10/18/24 03:05:00","01/01/50 00:00:00",760,2800,"H202450",6,"Détarage crue 18/10/2024 à h: 1984 mm
","T","04/08/25 15:45:00","04/08/25 15:48:00","10/29/24 08:50:00",,,"H202450",0,
1198626,361,"05/01/13 03:50:00","01/01/20 00:00:00",12,5000,"B20132_sup",100,"h/q Baratin : Qmax","C",,,,,,,,
1198627,361,"05/01/13 03:50:00","01/01/20 00:00:00",12,5000,"B20132",100,"h/q Baratin : Qmaxpost","C",,,,,,,,
1198628,361,"01/01/13 00:00:00","01/01/20 00:00:00",12,5000,"B2018_inf",100,"h/q Baratin : Qmin","C",,,,,,,,
1198629,361,"01/01/13 00:00:00","01/01/20 00:00:00",12,5000,"B2018_sup",100,"h/q Baratin : Qmax","C",,,,,,,,
1198630,361,"01/01/13 00:00:00","01/01/20 00:00:00",12,5000,"B2018",100,"h/q Baratin : Qmaxpost","C",,,,,,,,
1198631,361,"07/21/17 12:39:00","11/23/19 18:15:00",440,2200,"H201719",6,"Détarage lié au long étiage de 2017 cote 0.768m
Extrapolation suite crue de 2020
","T","07/01/20 00:00:00","07/15/20 16:54:00","05/15/13 00:00:00",430,4000,"H201719",0,
1198632,361,"01/01/20 01:00:00","01/01/30 01:01:00",12,5000,"B20203_inf",100,"h/q Baratin : Qmin","C",,,,,,,,
1198633,361,"05/01/13 03:50:00","07/21/17 12:39:00",440,2200,"H201317",6,"Détarage crue du 1er mai 2013
Extrapolation crue 2020","T","07/01/20 00:00:00","07/15/20 16:54:00","05/15/13 00:00:00",430,4000,"H201317",0,
1198634,361,"01/01/20 01:00:00","01/01/30 01:01:00",450,4900,"B20203",100,"crue de 2020 + jaugeage supérieur à 15 M3/S
Configuration hydraulique à 7 controles","C",,"07/15/20 16:56:00",,,,,0,
1198635,361,"01/01/20 01:00:00","01/01/30 01:01:00",12,5000,"B20203_sup",100,"h/q Baratin : Qmax","C",,,,,,,,
1198636,362,"10/17/24 11:50:00","01/01/50 00:00:00",260,1800,"H202450",6,"Détarge suite crue du 17/10/2024 . H max= 2,59m
","T","06/12/25 11:32:00","06/12/25 11:32:00","12/19/24 14:00:00",,,"H202450",0,
1198637,362,"06/12/20 16:40:00","03/09/24 22:00:00",90,2000,"H202024",13,"Crue 12-06-20  max h 2.34m à 16h40
","T","04/19/24 13:57:00","03/17/25 09:58:00","06/26/20 15:45:00",,,"H202024",0,
1198638,362,"11/22/16 17:40:00","07/21/18 18:30:00",195,2000,"H201618",10,"modification du haut de courbe  suite au jaugeage 35 du 22-11-2016 et extrap inf (16-19cm).","T","08/02/18 13:46:00","11/21/22 16:59:00","11/12/13 11:31:00",,,"H201618",0,
1198639,362,"01/01/11 00:00:00","11/22/16 17:40:00",250,900,"H201116",7," haut de courbe extrapolation suite au levé du profil en travers le 12-03-2015 et nivellement des repéres de crue.","T","01/26/17 15:45:00","11/21/22 16:59:00","11/12/13 11:31:00",,,"H201116",0,
1198640,362,"06/12/20 16:40:00","12/31/50 00:00:00",70,2000,"H202050LD",13,"Crue 12-06-20  max h 2.34m à 16h40
","T","01/20/22 10:13:00","12/19/24 09:56:00","06/26/20 15:45:00",,,"H202050OLD",0,
1198641,362,"03/09/24 22:00:00","10/17/24 11:50:00",120,1800,"H202424",6,"Détarge suite crue morphogène du 9-10 mars 2024 .
H max atteint 215 cm et débit max environ 38 m3/s.","T","12/19/24 10:20:00","12/19/24 10:29:00","04/19/24 14:00:00",,,"H202424",0,
1198642,362,"07/21/18 18:30:00","06/12/20 16:40:00",170,2000,"H201820",14,,"T","06/08/20 15:30:00","06/26/20 15:52:00","11/12/13 11:31:00",,,"H201820",0,
1198643,363,"10/23/19 20:07:00","01/01/30 00:00:00",420,1750,"H201930",8,"coup d'eau 23/10/2019  a 20h07  H =1.161
haut de courbe REfait aout 2022 à l 'aide de BARATIN et validé DB

 



","T","01/30/23 17:03:00","01/30/23 17:04:00","05/31/13 11:13:00",,,"H201930",0,
1198644,363,"03/19/13 00:00:00","01/01/20 00:00:00",460,850,"H201320exe",6,,"T","01/27/14 16:09:00","09/21/15 11:50:00","05/31/13 11:13:00",,,,,
1198645,363,"04/25/14 13:30:00","11/28/14 20:45:00",470,800,"H201414ex",8,"coup d'eau 25/4/2014 a 13:30  H 68.5
haut de courbe fait par Besson D. suite coup d'eau de fin 2014 pour coherence avec Goudet Pont de la Borie 


","T","01/11/16 09:20:00","04/07/17 15:54:00","05/31/13 11:13:00",,,"H201414",0,
1198646,363,"11/22/16 18:32:00","10/23/19 20:07:00",440,1250,"H201619",7,"coup d'eau 22/11/2016  a 18h32  H =1.457
haut de courbe REfait aout 2022 à l 'aide de BARATIN et validé DB.
 


","T","08/19/22 15:45:00","08/19/22 17:04:00","05/31/13 11:13:00",,,"H201619",0,
1198647,363,"10/23/19 20:07:00","01/01/30 00:00:00",440,1100,"H201930ex",7,"coup d'eau 23/10/2019  a 20h07  H =1.161
haut de courbe REfait aout 2022 à l 'aide de BARATIN et validé DB

 



","T","08/19/22 16:42:00","11/02/22 11:38:00","05/31/13 11:13:00",,,"H201930",0,
1198648,363,"04/25/14 13:30:00","11/28/14 20:45:00",470,1100,"H201414",6,"coup d'eau 25/4/2014 a 13:30  H 68.5
haut de courbe refait suite a crue du 22-11-2016 (vu DB) 



","T","01/11/16 09:20:00","04/07/17 15:56:00","05/31/13 11:13:00",,,"H201414",0,
1198649,363,"04/05/16 16:22:00","11/22/16 18:32:00",450,1100,"H201616",7,"coup d'eau 05/04/2016  a 16h22  H =0.915
haut de courbe REfait aout 2022 à l 'aide de BARATIN et validé DB.




","T","08/19/22 15:48:00","08/19/22 17:02:00","05/31/13 11:13:00",,,"H201616",0,
1198650,363,"08/31/18 00:00:00","01/01/50 00:00:00",210,2900,"B201850inf",100,"h/q Baratin : Qmin","C",,"04/15/22 11:58:00",,,,,0,
1198651,363,"08/31/18 00:00:00","01/01/50 00:00:00",210,2900,"B201850sup",100,"h/q Baratin : Qmax","C",,"04/15/22 11:59:00",,,,,0,
1198652,363,"04/05/16 16:22:00","11/22/16 18:32:00",450,1100,"H201616ex",6,"coup d'eau 05/04/2016  a 16h22  H =0.915
haut de courbe fait par Besson D. suite coup d'eau de fin 2014 pour coherence avec Goudet Pont de la Borie 
haut courbe repris suite a crue  du 22/11/2016 vu DB 




","T","01/09/17 09:12:00","08/19/22 17:02:00","05/31/13 11:13:00",,,"H201616",0,
1198653,363,"11/22/16 18:32:00","10/23/19 20:07:00",440,1250,"H201619ex",7,"coup d'eau 22/11/2016  a 18h32  H =1.457
haut de courbe fait septembre 2018 fait à l 'aide de BARATIN et validé par Besson D. 


","T","06/08/20 14:03:00","08/19/22 17:03:00","05/31/13 11:13:00",,,"H201619",0,
1198654,363,"08/31/18 00:00:00","01/01/50 00:00:00",210,2950,"B201850",100,"h/q Baratin : Qmaxpost
nom de la courbe dans Baratin : ""courbe Luc avec plus de 1 cube incertitude PLUS et rugosité PLUS ""

","C",,"04/15/22 12:00:00",,,,,0,
1198655,363,"01/01/22 00:00:00","01/01/50 00:00:00",210,2950,"B202250",100,"h/q Baratin : Qmaxpost
nouveau barartin validé DB ","C","04/15/22 12:02:00","04/15/22 12:06:00",,,,,0,
1198656,363,"11/28/14 20:45:00","04/05/16 16:22:00",465,800,"H201416ex",8,"coup d'eau 28/11/2014 a 20:45  H =139
haut de courbe fait par Besson D. suite coup d'eau de fin 2014 pour coherence avec Goudet Pont de la Borie 


","T","01/11/16 10:17:00","04/07/17 15:58:00","05/31/13 11:13:00",,,"H201416",0,
1198657,363,"11/28/14 20:45:00","04/05/16 16:22:00",465,1100,"H201416",6,"coup d'eau 28/11/2014 a 20:45  H =139
haut de courbe refait suite crue du 22-11-2016 (vu DB)

","T","01/11/16 10:17:00","04/07/17 15:59:00","05/31/13 11:13:00",,,"H201416",0,
1198658,363,"03/19/13 00:00:00","04/25/14 13:30:00",460,800,"H201314ex",7,"coup d'eau 25/4/2014 a 13:30  H 68.5
 haut de courbe refait par Besson D. suite coup d'eau de fin 2014 pour coherence avec Goudet Pont de la Borie 


","T","09/21/15 09:50:00","04/07/17 15:50:00","05/31/13 11:13:00",,,"H201314",0,
1198659,363,"03/19/13 00:00:00","04/25/14 13:30:00",460,1100,"H201314",5,"coup d'eau 25/4/2014 a 13:30  H 68.5
 haut de courbe refait suite a crue du 22-11-2016 ( vu DB)





","T","09/21/15 09:50:00","04/07/17 15:52:00","05/31/13 11:13:00",,,"H201314",0,
1198660,363,"01/01/22 00:00:00","01/01/50 00:00:00",210,2950,"B202250sup",100,"h/q Baratin : Qmax","C","04/15/22 12:03:00","04/15/22 12:04:00",,,,,0,
1198661,363,"01/01/22 00:00:00","01/01/50 00:00:00",210,2950,"B202250inf",100,"h/q Baratin : Qmin","C","04/15/22 12:04:00","04/15/22 12:05:00",,,,,0,
1198662,363,"11/22/16 18:32:00","01/01/30 00:00:00",440,1100,"H201630ex",7,"coup d'eau 22/11/2016  a 18h32  H =1.457
haut de courbe fait septembre 2018 fait à l 'aide de BARATIN et validé par Besson D. 


","T","12/23/19 16:04:00","06/08/20 14:02:00","05/31/13 11:13:00",,,"H201630",0,
1198663,59,"11/02/08 00:00:00","12/31/20 00:00:00",300,1000,"EDF",18,,"T",,"08/30/13 16:55:00","08/30/13 16:16:00",,,,,
1198664,59,"11/02/08 00:00:00","12/31/20 00:00:00",500,1550,"H200820ex",9,,"T","04/10/15 15:06:00","08/14/15 16:19:00","08/30/13 16:16:00",,,,,
1198665,59,"10/03/15 16:20:00","12/31/20 00:00:00",620,1550,"H201520ex ",8,"03/10/2015 16:20 h=0.897 
","T","01/15/16 09:38:00","03/17/17 10:04:00","08/30/13 16:16:00",,,,0,
1198666,59,"11/23/19 09:25:00","09/18/23 07:40:00",590,2000,"H201923",9,"détarage :  max crue du 23/11/2019 à 09:25 h =3.147m
EXTRAP tres haute SHPEC vu avec DB 09/2018
 



","T","09/04/23 11:50:00","11/13/23 15:42:00","08/30/13 16:16:00",,,"H201923",0,
1198667,59,"11/23/19 09:25:00","01/01/30 00:00:00",510,2800,"H201930EX2",10,"détarage :  max crue du 23/11/2019 à 09:25 h =3.147m
EXTRAP tres haute SHPEC vu avec DB 09/2018
 



","T","04/04/22 14:29:00","09/04/23 11:49:00","08/30/13 16:16:00",,,"H201930EX2",0,
1198668,59,"10/03/15 16:20:00","11/22/16 15:22:00",620,2000,"H201516",8,"03/10/2015 16:20 h=0.897 
","T","01/15/16 09:38:00","03/17/17 10:11:00","08/30/13 16:16:00",,,"H201516",0,
1198669,59,"02/27/15 09:40:00","10/03/15 16:20:00",620,1550,"H201515",9,"27/02/2015 09:40 h=0.90


","T","01/14/16 09:34:00","03/17/17 10:23:00","08/30/13 16:16:00",,,"H201515",0,
1198670,59,"11/02/08 00:00:00","02/27/15 09:40:00",500,1550,"H200815",9,,"T","08/13/15 11:08:00","03/17/17 10:24:00","08/30/13 16:16:00",,,"H200815",0,
1198671,59,"11/22/16 15:22:00","12/31/20 00:00:00",560,2000,"H201620lbe",10,"détarage :  max crue du 22/11/2016 à 15:22 h =3.756m
","T","10/01/17 15:13:00","06/11/18 16:48:00","08/30/13 16:16:00",,,"H201620",0,
1198672,59,"11/22/16 15:22:00","12/31/20 00:00:00",560,2000,"H201620DB",9,"détarage :  max crue du 22/11/2016 à 15:22 h =3.756m
","T","10/01/17 15:13:00","08/30/18 16:03:00","08/30/13 16:16:00",,,"H201620",0,
1198673,59,"11/22/16 15:22:00","12/31/20 00:00:00",560,2000,"H201620ex",9,"détarage :  max crue du 22/11/2016 à 15:22 h =3.756m
EXTRAP tres haute SHPEC vu avec DB 09/2018
 

","T","09/03/18 14:53:00","07/11/19 08:03:00","08/30/13 16:16:00",,,"H201620",0,
1198674,59,"11/22/16 15:22:00","01/01/30 00:00:00",560,2000,"H201630ex",9,"détarage :  max crue du 22/11/2016 à 15:22 h =3.756m
EXTRAP tres haute SHPEC vu avec DB 09/2018
 

","T","12/23/19 15:31:00","07/06/20 18:55:00","08/30/13 16:16:00",,,"H201630",0,
1198675,59,"11/22/16 15:22:00","11/12/18 11:05:00",560,2000,"H201618",9,"détarage :  max crue du 22/11/2016 à 15:22 h =3.756m
EXTRAP tres haute SHPEC vu avec DB 09/2018
 

","T","07/06/20 17:57:00","07/06/20 18:57:00","08/30/13 16:16:00",,,"H201618",0,
1198676,59,"11/12/18 11:05:00","01/01/30 00:00:00",560,2000,"H201830ex",10,"détarage :  max crue du 12/11/2018 à 11:05 h =1.88m (pb cassure a 0.90)
EXTRAP tres haute SHPEC vu avec DB 09/2018
 



","T","07/06/20 19:00:00","11/05/20 14:31:00","08/30/13 16:16:00",,,"H201830",0,
1198677,59,"11/12/18 11:05:00","11/23/19 09:25:00",560,2000,"H201819",10,"détarage :  max crue du 12/11/2018 à 11:05 h =1.88m (pb cassure a 0.90)
EXTRAP tres haute SHPEC vu avec DB 09/2018
 



","T","11/05/20 14:30:00","11/05/20 14:36:00","08/30/13 16:16:00",,,"H201819",0,
1198678,59,"01/01/24 00:00:00","03/31/24 22:18:00",300,7500,"H202424cru",4,,"T","04/09/24 17:43:00","04/09/24 17:57:00",,250,7500,"H202424cru",0,"test encoche après travaux DBesson"
1198679,59,"03/31/24 22:18:00","10/17/24 07:40:00",160,6000,"H202424cr2",4,,"T","11/04/24 14:26:00","11/04/24 14:26:00","04/09/24 00:00:00",150,7000,"H202424cr2",0,"test encoche après travaux DBesson"
1198680,59,"10/17/24 07:40:00","01/01/50 00:00:00",160,6000,"H202450cru",5,,"T","02/20/25 12:31:00","02/20/25 12:31:00","04/09/24 00:00:00",150,7000,"H202450cru",0,"test encoche après travaux DBesson"
1198681,371,"02/09/24 07:00:00","12/31/25 23:59:00",570,2400,"H202425 P3",5,"Détaré 19 octobre herbes qui freinent l'écoulement sur l'atterissement de cailloux bras droit corth impossible car pas d'influence en basses eau  = courbe en peigne","T","03/18/25 13:06:00","03/18/25 15:43:00","02/05/14 15:27:00",,,"H202425 P3",0,
1198682,371,"10/29/13 15:30:00","08/07/15 06:30:00",580,1800,"H201315",4,"CV avec tout les jaugeages
Extrapolation baratin","T","05/06/20 09:57:00","05/06/20 09:58:00","02/05/14 15:27:00",550,2500,"H201315",0,
1198683,371,"06/12/18 00:15:00","06/12/20 18:55:00",550,2250,"H201820",4,"Détaré au printemps 2018 
Extrapolation baratiN","T","07/01/20 14:50:00","07/01/20 15:08:00","02/05/14 15:27:00",540,3000,"H201820",0,
1198684,371,"08/07/15 06:30:00","11/22/16 20:10:00",550,2000,"H201516",4,"Détaré au mvt  du 7 aout : enfants qui jouent avec les cailloux ?
Extrapolation baratiN","T","05/06/20 10:07:00","05/06/20 10:07:00","02/05/14 15:27:00",540,2500,"H201516",0,
1198685,371,"11/22/16 20:10:00","06/12/18 00:15:00",550,2000,"H201618",4,"
Extrapolation baratiN","T","05/06/20 10:09:00","05/06/20 10:10:00","02/05/14 15:27:00",540,2500,"H201618",0,
1198686,371,"01/01/17 00:00:00","01/01/20 00:00:00",12,5000,"B2017C",100,"Jaugeage de 2017 au 08/02/2018 + tout les jaugeage supérieur à 10m3/s du début jusqu'au 08/02/2018","C",,"05/06/20 10:21:00",,,,,0,
1198687,371,"01/01/17 00:00:00","01/01/20 00:00:00",12,5000,"B2017C_inf",100,"Jaugeage de 2017 au 08/02/2018 + tout les jaugeage supérieur à 10m3/s du début jusqu'au 08/02/2018","C",,"05/06/20 10:21:00",,,,,0,
1198688,371,"01/01/17 00:00:00","01/01/20 00:00:00",12,5000,"B2017C_sup",100,"Jaugeage de 2017 au 08/02/2018 + tout les jaugeage supérieur à 10m3/s du début jusqu'au 08/02/2018","C",,"05/06/20 10:21:00",,,,,0,
1198689,371,"06/12/20 18:55:00","03/11/23 19:25:00",500,2250,"H202023",5,"Détaré à la crue de juin 2020","T","05/17/23 15:37:00","05/17/23 15:38:00","02/05/14 15:27:00",,,"H202023",0,
1198690,371,"03/11/23 19:25:00","10/19/23 20:20:00",500,2250,"H202323",5,"Détaré à la coup d'eau 11/03/23 chasse sable herbes  (mortes étiage 2022) vers la point de l'ile ","T","02/16/24 09:21:00","02/16/24 09:21:00","02/05/14 15:27:00",,,"H202323",0,
1198691,371,"10/19/23 20:20:00","01/14/24 11:00:00",500,2250,"H202324 P1",5,"Détaré 19 octobre herbes qui freinent l'écoulement sur l'atterissement de cailloux bras droit corth impossible car pas d'influence en basses eau  = courbe en peigne","T","02/16/24 09:38:00","02/16/24 09:38:00","02/05/14 15:27:00",,,"H202324 P1",0,
1198692,371,"01/14/24 11:00:00","02/09/24 07:00:00",500,2250,"H202424 P2",5,"Détaré 19 octobre herbes qui freinent l'écoulement sur l'atterissement de cailloux bras droit corth impossible car pas d'influence en basses eau  = courbe en peigne","T","02/16/24 09:38:00","02/16/24 09:38:00","02/05/14 15:27:00",,,"H202424 P2",0,
1198693,92,"10/17/24 12:10:00","01/01/50 00:00:00",560,3000,"H202450",9,"Détarage suite crue 17 obtobre 2024.

","T","06/12/25 10:56:00","06/12/25 10:58:00","03/29/24 12:00:00",,,"H202450",0,
1198694,92,"05/22/12 16:20:00","05/01/13 11:29:00",260,2250,"H201213",13,,"T","01/28/14 10:42:00","02/21/20 14:43:00","07/15/09 14:34:00",,,"H201213",0,
1198695,92,"11/01/10 03:20:00","05/22/12 16:20:00",210,2250,"H201012",14,,"T","06/07/13 15:15:00","02/21/20 14:46:00","07/15/09 14:34:00",,,"H201012",0,
1198696,92,"08/24/09 22:35:00","11/01/10 03:20:00",180,2250,"H200910",13,,"T","06/07/13 15:14:00","02/21/20 14:49:00","07/15/09 14:34:00",,,"H200910",0,
1198697,92,"11/22/16 17:40:00","01/01/20 00:00:00",330,2250,"H201620Old",39,"Courbe initiale CT H201620 avant jaugeage crue 23-11-2019. et  Baratinade","C","09/27/19 12:00:00","02/19/20 16:26:00","11/23/16 10:00:00",,,"H201620",0,
1198698,92,"10/03/15 20:50:00","06/29/16 23:40:00",340,2250,"H201516",12,,"T","01/22/16 14:38:00","02/21/20 14:35:00","07/15/09 14:34:00",,,"H201516",0,
1198699,92,"11/04/14 20:10:00","10/03/15 20:50:00",320,2250,"H201415",14,,"T","01/22/16 14:38:00","02/21/20 14:38:00","07/15/09 14:34:00",,,"H201415",0,
1198700,92,"05/01/13 11:29:00","11/04/14 20:10:00",305,2250,"H201314",13,,"T","01/22/16 14:38:00","02/21/20 14:40:00","07/15/09 14:34:00",,,"H201314",0,
1198701,92,"11/02/08 02:40:00","08/24/09 22:35:00",180,2250,"H200809",14,"courbe modifiée suite détarage crue du 02/11/2008","T","01/22/16 14:39:00","02/21/20 14:56:00","07/15/09 14:34:00",,,"H200809",0,
1198702,92,"08/29/07 21:00:00","11/02/08 02:40:00",300,2250,"H200708",13,,"T","01/22/16 14:41:00","02/21/20 14:58:00","03/13/07 09:26:00",,,"H200708",0,
1198703,92,"11/17/06 19:20:00","08/29/07 21:00:00",270,2250,"H200607",12,,"T","01/22/16 14:41:00","02/21/20 14:59:00","03/13/07 09:26:00",,,"H200607",0,
1198704,92,"11/01/05 02:10:00","11/17/06 19:20:00",270,2250,"H200506",14,,"T","02/25/16 14:46:00","02/21/20 15:01:00","03/13/07 09:26:00",,,"H200506",0,
1198705,92,"12/01/50 00:00:00","12/31/50 00:00:00",12,5000,"B 6_inf",100,"h/q Baratin : Qmin
Substitution   controle ""orifice"" en phase de mise en charge arche pont par 2 contrôles chenal  successifs.","C",,"01/21/22 12:00:00",,,,,0,
1198706,92,"12/01/50 00:00:00","12/31/50 00:00:00",12,5000,"B 6_sup",100,"h/q Baratin : Qmax
Substitution   controle ""orifice"" en phase de mise en charge arche pont par 2 contrôles chenal  successifs.","C",,"01/21/22 12:00:00",,,,,0,
1198707,92,"12/01/50 00:00:00","12/31/50 00:00:00",12,5000,"B6",100,"h/q Baratin : Qmaxpost.
Substitution   controle ""orifice"" en phase de mise en charge arche pont par 2 contrôles chenal  successifs.","C",,"01/21/22 12:01:00",,,,,0,
1198708,92,"01/01/50 00:00:00","12/31/50 00:00:00",12,5000,"B 5_sup",100,"h/q Baratin : Qmax
Utilisation d'un controle ""orifice"" en phase de mise en charge arche pont","C",,"01/21/22 12:01:00",,,,,0,
1198709,92,"01/01/50 00:00:00","12/31/50 00:00:00",12,5000,"B 5",100,"h/q Baratin : Qmaxpost
Utilisation d'un controle ""orifice"" en phase de mise en charge arche pont","C",,"01/21/22 12:01:00",,,,,0,
1198710,92,"01/01/50 00:00:00","12/31/50 00:00:00",12,5000,"B 5_inf",100,"h/q Baratin : Qmin
Utilisation d'un controle ""orifice"" en phase de mise en charge arche pont","C",,"01/21/22 12:02:00",,,,,0,
1198711,92,"03/10/24 00:00:00","10/17/24 12:10:00",430,3000,"H202424",10,"Détarage suite crue 10 mars 2024.
Hmax  2.35m pour Qmax 84 m3/s.
","T","02/14/25 16:23:00","02/14/25 16:24:00","03/29/24 12:00:00",,,"H202424",0,
1198712,92,"11/22/16 17:40:00","10/23/19 23:00:00",330,2800,"H201619",17,"courbe avec  extrap sup TB avec Baratin","T","11/15/19 12:45:00","03/15/24 16:03:00","07/15/09 14:34:00",,,"H201619",0,
1198713,92,"05/11/21 03:00:00","03/10/24 00:00:00",330,3000,"H202124",16,"Détarage suite crue 10-11 mai 2021.
Max crue 11-05-2021 03:00 environ 50m3/s","T","09/06/22 13:32:00","02/10/25 11:56:00","07/01/21 15:20:00",,,"H202124",0,
1198714,92,"12/02/03 08:00:00","11/01/05 02:10:00",260,2250,"H200305",15,,"T","02/25/16 14:45:00","02/21/20 15:03:00","03/13/07 09:26:00",,,"H200305",0,
1198715,92,"05/18/99 03:39:00","10/14/00 03:31:00",200,2250,"H199900",13,,"T","01/22/16 14:46:00","02/21/20 15:08:00","05/22/09 00:00:00",,,"H199900",0,
1198716,92,"11/01/96 00:00:00","06/29/97 00:00:00",320,2250,"H199697",14,,"T","01/22/16 14:49:00","02/24/20 08:50:00","05/22/09 00:00:00",,,"H199697",0,
1198717,92,"10/14/00 03:31:00","11/24/02 22:09:00",250,2250,"H200002",13,,"T","02/25/16 14:43:00","02/24/20 09:10:00","05/22/09 00:00:00",,,"H200002",0,
1198718,92,"11/24/02 22:09:00","12/02/03 08:00:00",200,2250,"H200203",16,,"T","02/25/16 14:45:00","02/24/20 09:10:00","01/16/04 15:50:00",,,"H200203",0,
1198719,92,"06/29/97 00:00:00","06/03/98 15:26:00",320,2250,"H199798",14,,"T","01/22/16 14:49:00","02/24/20 08:52:00","05/22/09 00:00:00",,,"H199798",0,
1198720,92,"06/03/98 15:26:00","09/04/98 15:13:00",320,2250,"H199898",13,,"T","01/22/16 14:48:00","02/24/20 08:54:00","05/22/09 00:00:00",,,"H199898",0,
1198721,92,"09/04/98 15:13:00","05/18/99 03:39:00",340,2250,"H199899",15,,"T","01/22/16 14:47:00","02/24/20 08:59:00","05/22/09 00:00:00",,,"H199899",0,
1198722,92,"06/12/20 16:45:00","05/11/21 03:00:00",400,3000,"H202021",19,"Détarage crue 12-06-2020 16h45
Hmax 206cm Qmax 67m3/s","T","07/01/21 15:19:00","03/15/24 16:00:00","06/29/20 16:29:00",,,"H202021",0,
1198723,92,"11/23/19 09:40:00","06/12/20 16:45:00",400,2800,"H201920",23,"courbe essai pour extrap sup TB avec Baratin suite 2 jaugeages crue nov 2019
","T","06/26/20 14:45:00","03/15/24 16:01:00","02/10/20 16:48:00",,,"H201920",0,
1198756,389,"08/30/18 00:00:00","01/01/50 00:00:00",12,5000,"CT DB",100,"h/q Baratin : Qmaxpost","C",,"08/31/18 11:48:00",,,,,0,
1198757,389,"10/20/19 17:20:00","06/12/20 17:30:00",420,2600,"H201920",6,"le 20/10/2019 a 17:20 h=1.77m
Suite à la crue  du 13/06/2017 et le creusement , la section se remblaie petit a petit ...suite 
septembre 2018 mise en place d un tres haut de courbe avec Baratin et validé par D.Besson .

","T","02/18/20 17:24:00","07/06/20 12:06:00","09/24/15 08:31:00",,,"H201920",0,
1198758,389,"10/20/19 17:20:00","01/01/30 00:00:00",420,2600,"H201930ex",6,"le 20/10/2019 a 17:20 h=1.77m
Suite à la crue  du 13/06/2017 et le creusement , la section se remblaie petit a petit ...suite 
septembre 2018 mise en place d un tres haut de courbe avec Baratin et validé par D.Besson .

","T","02/18/20 17:24:00","07/06/20 12:05:00","09/24/15 08:31:00",,,"H201930",0,
1198759,389,"08/27/17 21:00:00","10/20/19 17:20:00",280,2600,"H201719",7,"Suite à la crue  du 13/06/2017 et le creusement , la section se remblaie petit a petit ...suite 
septembre 2018 mise en place d un tres haut de courbe avec Baratin et validé par D.Besson .



","T","11/06/19 14:30:00","01/29/21 15:49:00","09/24/15 08:31:00",,,"H201719",0,
1198760,389,"06/12/20 17:30:00","03/10/24 00:35:00",315,2600,"H202024",13,"le12/06/2020 17:30 h=1.85m
Mars 2024 changement baratin suite crue 



","T","06/07/24 10:15:00","06/07/24 10:20:00","07/01/20 09:00:00",,,"H202024",0,
1198761,389,"06/12/20 00:00:00","01/01/50 00:00:00",12,5000,"B2024_inf",100,"h/q Baratin : Qmin","C",,,,,,,,
1198762,389,"06/12/20 00:00:00","01/01/50 00:00:00",12,5000,"B2024_sup",100,"h/q Baratin : Qmax","C",,,,,,,,
1198763,389,"06/12/20 00:00:00","01/01/50 00:00:00",12,5000,"B2024",100,"h/q Baratin : Qmaxpost","C",,,,,,,,
1198764,389,"10/17/24 11:20:00","03/22/25 21:20:00",520,2600,"H202425",11,"Crue le 17/10/2024 11:20 h=3.55



","T","04/18/25 11:20:00","04/18/25 14:32:00","12/19/24 13:50:00",,,"H202425",0,
1198765,390,"10/26/24 16:00:00","01/01/50 00:00:00",600,1600,"H202430",3,"Détaré coup d'eau 26/10/24 = fin de corth à la cote 1.50m ","T","03/20/24 14:10:00","03/21/25 11:26:00","08/04/21 07:27:00",,,"H202430",0,
1198766,390,"12/28/21 12:00:00","10/26/24 16:00:00",200,1600,"H202224",3,"0 écoulement nivelé le 12-04-2022 aux alentous de la cote 12cm. Controle chenal aux alentours de 85 cm  ","T","03/21/25 10:58:00","03/21/25 11:24:00","08/04/21 07:27:00",,,"H202224",0,
1198767,390,"01/01/09 00:00:00","01/27/11 00:00:00",220,2000,"H2009-1",7,,"T","04/10/07 16:18:00","10/12/20 12:31:00","03/27/07 10:53:00",,,"H2009-1",0,
1198768,390,"01/27/11 00:00:00","01/01/13 00:00:00",220,2000,"H2011-1",7,,"T","04/10/07 16:18:00","10/12/20 12:34:00","03/27/07 10:53:00",,,"H2011-1",0,
1198769,390,"01/01/13 00:00:00","01/27/14 00:00:00",220,2000,"H2013-1",7,,"T","04/10/07 16:18:00","10/12/20 12:37:00","03/27/07 10:53:00",,,"H2013-1",0,
1198770,390,"10/28/93 00:00:00","01/04/94 12:10:00",230,2000,"H199394",4,,"T","09/11/07 10:38:00","09/11/07 10:38:00","04/30/07 14:20:00",,,,,
1198771,390,"01/04/94 12:10:00","07/25/94 00:00:00",170,2000,"H199494",4,,"T","09/11/07 10:38:00","09/11/07 10:38:00","04/30/07 15:01:00",,,,,
1198772,390,"07/25/94 00:00:00","01/24/95 01:55:00",150,2000,"H199495",4,,"T","09/11/07 10:38:00","09/11/07 10:38:00","04/30/07 15:24:00",,,,,
1198773,390,"01/24/95 01:55:00","09/19/95 11:35:00",170,2000,"H199595",4,,"T","09/11/07 10:38:00","09/11/07 10:38:00","05/04/07 09:19:00",,,,,
1198774,390,"09/19/95 11:35:00","07/27/96 17:40:00",170,2000,"H199596",4,,"T","09/11/07 10:39:00","09/11/07 10:39:00","05/04/07 10:05:00",,,,,
1198775,390,"07/27/96 17:40:00","01/21/97 19:55:00",170,2000,"H199697",4,,"T","09/11/07 10:39:00","09/11/07 10:39:00","05/04/07 10:55:00",,,,,
1198776,390,"01/21/97 19:55:00","08/05/97 00:00:00",170,2000,"H199797",4,,"T","09/11/07 10:39:00","09/11/07 10:39:00","05/04/07 11:15:00",,,,,
1198777,390,"08/05/97 00:00:00","01/19/98 13:30:00",180,2000,"H199798",3,,"T","09/11/07 10:39:00","09/11/07 10:39:00","05/04/07 11:32:00",,,,,
1198778,390,"01/19/98 13:30:00","06/04/98 07:05:00",170,2000,"H199898",3,,"T","09/11/07 10:40:00","09/11/07 10:40:00","05/04/07 12:12:00",,,,,
1198779,390,"06/04/98 07:05:00","02/17/99 21:25:00",170,2000,"H199899",4,,"T","09/11/07 10:40:00","09/11/07 10:40:00","05/04/07 15:23:00",,,,,
1198780,390,"02/17/99 21:25:00","12/28/99 01:25:00",190,2000,"H199999",5,,"T","09/11/07 10:40:00","09/11/07 10:40:00","05/11/07 10:09:00",,,,,
1198781,390,"12/28/99 01:25:00","05/05/01 12:30:00",160,2000,"H199901",3,,"T","09/11/07 10:40:00","09/11/07 10:40:00","05/11/07 11:08:00",,,,,
1198782,390,"05/05/01 12:30:00","01/24/02 06:15:00",190,2000,"H200102",4,,"T","09/11/07 10:41:00","09/11/07 10:41:00","05/11/07 11:57:00",,,,,
1198783,390,"01/24/02 06:15:00","02/04/03 02:00:00",190,2000,"H200203",4,,"T","09/11/07 10:41:00","09/11/07 10:41:00","05/11/07 14:22:00",,,,,
1198784,390,"03/05/06 06:10:00","07/06/06 07:30:00",180,2000,"H2006061",5,,"T","12/15/06 12:02:00","04/10/07 16:14:00","06/19/06 15:52:00",,,,,
1198785,390,"02/04/03 02:00:00","10/06/03 00:00:00",170,2000,"H2003031",4,,"T","09/11/07 10:41:00","09/11/07 10:41:00","05/11/07 15:58:00",,,,,
1198786,390,"07/06/06 07:30:00","12/08/06 20:00:00",220,2000,"H2006062",5,,"T","04/10/07 16:17:00","04/10/07 16:17:00","11/14/06 08:45:00",,,,,
1198787,390,"10/06/03 00:00:00","12/03/03 17:30:00",190,2000,"H2003032",4,,"T","09/11/07 10:41:00","09/11/07 10:41:00","05/14/07 14:39:00",,,,,
1198788,390,"12/03/03 17:30:00","07/16/04 19:40:00",120,1350,"H200304",5,,"T","12/06/04 18:00:00","12/17/04 09:43:00","10/22/04 11:00:00",,,,,
1198789,390,"06/13/21 00:00:00","12/28/21 12:00:00",220,1600,"H2021_01",9,,"T","04/13/22 16:08:00","04/13/22 16:08:00","08/04/21 07:27:00",300,1000,"H2021_01",0,
1198790,390,"07/16/04 19:40:00","04/25/05 04:30:00",120,1350,"H200405",4,,"T","09/05/05 10:53:00","09/05/05 10:53:00","10/22/04 10:30:00",,,,,
1198791,390,"04/25/05 04:30:00","09/07/05 06:00:00",150,2000,"H200505",5,,"T","10/18/05 11:28:00","10/18/05 11:28:00","08/16/05 09:40:00",,,,,
1198792,390,"09/07/05 06:00:00","03/05/06 06:10:00",160,2080,"H200506",6,,"T","06/22/06 09:57:00","06/22/06 09:57:00","03/06/06 15:21:00",,,,,
1198793,390,"12/08/06 20:00:00","01/01/09 00:00:00",220,2000,"H200620",14,,"C",,"03/21/11 11:14:00","03/27/07 10:53:00",,,,,
1198794,390,"01/27/14 00:00:00","04/04/17 00:00:00",300,2000,"H2014-1",3,,"T","07/17/15 15:07:00","01/09/18 14:02:00","07/01/15 09:09:00",,,"H2014-1",0,
1198795,390,"01/01/09 00:00:00","01/27/14 00:00:00",220,2000,"H2009-1",7,,"T","04/10/07 16:18:00","01/09/18 14:03:00","03/27/07 10:53:00",,,"H2009-1",0,
1198796,390,"04/04/17 00:00:00","06/13/20 12:00:00",280,1500,"H2017-1",14,"Création CT suite à detarage lié au nettoyage de berge
09/01/2018 prolongement de la CT à 150cm
modif etiage 

","C","07/23/20 16:17:00","09/22/20 08:59:00","06/19/17 09:40:00",250,1720,"H2017-1",0,
1198797,390,"06/13/20 12:00:00","06/12/21 23:59:00",280,1500,"H2020-1",15,"Création CT suite à detarage crue 06/2020


modif etiage 

","C","09/22/20 08:57:00","08/04/21 10:01:00","06/19/17 09:40:00",250,1720,"H2020-1",0,
1198798,395,"01/01/13 01:00:00","01/01/20 01:00:00",12,5000,"B20132_inf",100,"h/q Baratin : Qmin","C",,,,,,,,
1198799,395,"01/01/13 01:00:00","01/01/20 01:00:00",12,5000,"B20132_sup",100,"h/q Baratin : Qmax","C",,,,,,,,
1198800,395,"01/01/13 01:00:00","01/01/20 01:00:00",12,5000,"B20132",100,"h/q Baratin : Qmaxpost","C",,,,,,,,
1198801,395,"01/01/13 00:00:00","01/01/20 00:00:00",12,5000,"B1320C_inf",100,"h/q Baratin : Qmin","C",,,,,,,,
1198802,395,"01/01/13 00:00:00","01/01/20 00:00:00",12,5000,"B1320C_sup",100,"h/q Baratin : Qmax","C",,,,,,,,
1198803,395,"01/01/13 00:00:00","01/01/20 00:00:00",12,5000,"B1320C",100,"h/q Baratin : Qmaxpost","C",,,,,,,,
1198804,395,"08/27/13 09:30:00","10/17/24 10:30:00",60,3000,"H201324",4,"zero écoulement a  3 cm et grand seuil à 29.5 cm ","T","11/27/24 17:18:00","11/27/24 17:18:00","03/23/16 16:02:00",,,"H201324",0,
1198805,395,"08/27/13 09:30:00","01/01/30 00:00:00",60,1400,"H201330ex",4,"zero écoulement a  3 cm et grand seuil à 29.5 cm ","T","12/22/23 11:52:00","11/27/24 17:15:00","03/23/16 16:02:00",,,"H201330",0,
1198806,395,"10/17/24 10:30:00","01/01/50 00:00:00",60,3000,"H202450",4,"zero écoulement a  3 cm et grand seuil cassé suite à la crue","T","02/05/25 14:57:00","02/05/25 14:57:00","03/23/16 16:02:00",,,"H202450",0,
1198807,412,"02/26/20 09:31:00","02/09/22 14:55:00",310,1200,"H202022",7,"courbe mousse avec l'aide de B202022","T","07/22/22 15:32:00","09/05/22 15:20:00","10/27/17 00:00:00",305,3700,"H202022",0,
1198808,412,"07/01/16 00:00:00","01/01/20 00:00:00",12,5000,"B20162_inf",100,"h/q Baratin : Qmin","C",,,,,,,,
1198809,412,"07/01/16 00:00:00","01/01/20 00:00:00",12,5000,"B20162_sup",100,"h/q Baratin : Qmax","C",,,,,,,,
1198810,412,"07/01/16 00:00:00","01/01/20 00:00:00",12,5000,"B20162",100,"h/q Baratin : Qmaxpost","C",,,,,,,,
1198811,412,"01/01/16 00:00:00","01/01/20 00:00:00",12,5000,"B1620J_inf",100,"h/q Baratin : Qmin","C",,,,,,,,
1198812,412,"01/01/16 00:00:00","01/01/20 00:00:00",12,5000,"B1620J_sup",100,"h/q Baratin : Qmax","C",,,,,,,,
1198813,412,"01/01/16 00:00:00","01/01/20 00:00:00",12,5000,"B1620J",100,"h/q Baratin : Qmaxpost","C",,,,,,,,
1198814,412,"01/01/16 00:00:00","01/01/20 00:00:00",12,5000,"B1620J_inf",100,"h/q Baratin : Qmin","C",,,,,,,,
1198815,412,"01/01/16 00:00:00","01/01/20 00:00:00",12,5000,"B1620J_sup",100,"h/q Baratin : Qmax","C",,,,,,,,
1198816,412,"01/01/16 00:00:00","01/01/20 00:00:00",300,3500,"B1620J19",100,"h/q Baratin : Qmaxpost","C",,"04/26/19 12:24:00",,,,,0,
1198817,412,"07/20/16 00:00:00","02/26/20 09:31:00",330,1200,"H201620",6,"Avec l'aide de baratin (février 2022)","T","02/24/22 12:18:00","02/24/22 12:19:00","10/27/17 00:00:00",320,3700,"H201620",0,
1198818,412,"02/09/22 14:55:00","08/21/23 15:25:00",310,1200,"H202223",6,"courbe sans mousse avec l'aide de B202022. Fin de courbe travaux seuil","T","08/24/23 09:35:00","08/24/23 09:53:00","10/27/17 00:00:00",305,3700,"H202223",0,
1198819,412,"08/21/23 15:25:00","01/01/30 00:00:00",310,1200,"H202330",6,"Courbe avec nouveau seuil avec l'aide de B202022 pour l'extrapolation en crue","T","12/22/23 11:52:00","06/17/24 09:07:00","10/27/17 00:00:00",,,"H202330",0,
1198820,412,"02/26/20 09:31:00","02/24/22 00:00:00",310,3000,"B20202",100,"Fait avec les jaugeage de février 2021 (et historique supérieur à 2m3/s) et des observation du 28/12/2021 d'effacement vers la cote 0.60 m du seuil","C",,"02/24/22 11:28:00",,,,,0,
1198821,412,"02/26/20 09:31:00","02/24/22 00:00:00",12,5000,"B20202_sup",100,"Fait avec les jaugeage de février 2021 (et historique supérieur à 2m3/s) et des observation du 28/12/2021 d'effacement vers la cote 0.60 m du seuil","C",,"02/24/22 11:28:00",,,,,0,
1198822,412,"02/26/20 09:31:00","02/24/22 00:00:00",12,5000,"B20202_inf",100,"Fait avec les jaugeage de février 2021 (et historique supérieur à 2m3/s) et des observation du 28/12/2021 d'effacement vers la cote 0.60 m du seuil","C",,"02/24/22 11:29:00",,,,,0,
1198823,399,"09/18/15 00:00:00","01/01/50 00:00:00",100,3500,"essai LB",9,"courbe EDF retanscrit en tronçons dans BAREME



","T",,"03/19/25 16:13:00","01/05/17 08:19:00",,,,0,
1198824,399,"09/18/15 00:00:00","01/01/50 00:00:00",100,3500,"ct EDF TR",9,"courbe EDF retanscrit en tronçons dans BAREME



","T",,"03/19/25 16:13:00","01/05/17 08:19:00",,,,0,
1198825,399,"09/18/15 00:00:00","01/01/50 00:00:00",100,3500,"EDF TR DB ",6,"courbe EDF retanscrit en tronçons dans BAREME  





","T","09/21/18 15:45:00","03/19/25 16:14:00","01/05/17 08:19:00",,,,0,
1198826,399,"09/18/15 00:00:00","01/01/50 00:00:00",100,3500,"ct EDF COU",94,"retranscrit depuis les données EDF en limitant le nombre de points pour bareme 

","C",,"03/24/25 11:50:00","12/13/16 00:00:00",,,,0,
1198827,399,"11/21/16 00:00:00","01/01/30 00:00:00",600,4600,"H201630",4,"Trappe à sédiments qui se bouche ou se nettoie au grès des coups d'eaux : Valeur incertaine en basses eaux

","T","03/07/24 12:02:00","02/05/25 09:19:00","01/05/17 08:19:00",,,"H201630",0,"Avec baratin GC sur la base de la trappe à sédiments bouchées (A priori de la crue du 3 octobre 2021 à la crue de du 09 mars 2024 la trappe à sediement semble bouchée)
"
1198828,399,"01/01/16 00:00:00","01/01/30 00:00:00",12,5000,"B2022DB",100,"Courbe DB 2022 v3","C",,"01/12/24 11:41:00",,,,,0,
1198829,399,"01/01/16 00:00:00","01/01/30 00:00:00",12,5000,"B2022DBinf",100,"Courbe DB 2022 v3","C",,"01/12/24 11:42:00",,,,,0,
1198830,399,"01/01/16 00:00:00","01/01/30 00:00:00",12,5000,"B2024GC",100,"h/q Baratin : Qmaxpost","C",,"01/12/24 11:43:00",,,,,0,
1198831,399,"01/01/16 00:00:00","01/01/30 00:00:00",12,5000,"B2024GCsup",100,"BARATIN2024 GC avec crue et trappe bouchée","C",,"01/12/24 11:43:00",,,,,0,
1198832,399,"01/01/16 00:00:00","01/01/30 00:00:00",12,5000,"B2024G_inf",100,"BARATIN2024 GC avec crue et trappe bouchée","C",,"01/12/24 11:43:00",,,,,0,
1198833,399,"01/01/16 00:00:00","01/01/30 00:00:00",12,5000,"B2022DBsup",100,"Courbe DB 2022 v3","C",,"01/12/24 11:44:00",,,,,0,
1198834,414,"01/01/17 00:00:00","01/01/30 00:00:00",380,3000,"H201720LBe",6,"1er courbe base sur des jaugeages fait avant implantation echelle station le 23/8/17 
courbe de reference non influencée par la vegetation 

","T",,"02/17/20 16:58:00","10/10/17 00:00:00",,,,0,
1198835,414,"01/01/17 00:00:00","01/01/30 00:00:00",380,3000,"H201720LB",6,"1er courbe base sur des jaugeages fait avant implantation echelle station le 23/8/17 
courbe de reference non influencée par la vegetation 

","T",,"11/30/20 17:33:00","10/10/17 00:00:00",,,,0,
1198836,414,"01/01/17 00:00:00","01/01/30 00:00:00",800,3000,"H201730ex",4,"1er courbe 
pour les moyennes eaux et le crue
 

","T","11/08/24 08:12:00","11/18/24 11:05:00","10/10/17 00:00:00",,,"H201730ex",0,
1198837,414,"01/01/17 00:00:00","01/01/30 00:00:00",800,3000,"H201730",4,"1er courbe 
pour les moyennes eaux et le crue
 

","T","11/08/24 08:12:00","11/18/24 11:05:00","10/10/17 00:00:00",,,"H201730",0,
1198838,416,"05/03/24 00:00:00","01/01/50 00:00:00",400,2200,"H202450",7,"Remobilisation du sable lit mineur rivière suite crue 02 -03 mai 2024 et Hmax 2.35 m et Qmax environ 17 m3/s.","T","06/19/24 10:44:00","05/22/25 10:29:00","06/19/24 11:00:00",,,"H202450",0,
1198839,416,"12/29/21 11:00:00","10/22/22 23:00:00",200,2200,"H202122",10,"Détarage crue du 29-12-2021 sur le bassin du lignon du forez Hmax atteint 218 cm pour un débit de 15m3/s.","T","12/12/22 14:28:00","06/19/24 11:34:00","06/24/22 14:39:00",,,"H202122",0,
1198840,416,"06/13/20 03:00:00","01/01/50 00:00:00",300,1300,"ExH202050",9,"Courbe démarrage station vant jaugeages crue.
","T","03/12/21 14:54:00","10/03/24 11:34:00","07/03/20 14:50:00",,,"ExH202050",0,
1198841,416,"06/13/20 03:00:00","12/29/21 11:00:00",300,2400,"H202021",8,"Détarage crue 12-13 juin 2020
Hmax 2.95m-debit estimée 35m3/s","T","12/12/22 14:29:00","06/19/24 11:32:00","07/03/20 14:50:00",,,"H202021",0,
1198842,416,"09/07/18 00:00:00","06/13/20 03:00:00",300,2200,"H201920",10,"Détarage crue 12-13 juin
Hmax 2.95m-debit estimée 35m3/s","T","12/31/21 09:42:00","06/19/24 11:30:00","07/01/19 00:00:00",,,"H201920",0,
1198843,416,"10/22/22 23:00:00","05/03/24 00:00:00",200,2000,"H202224",8,,"T","06/19/24 10:44:00","06/19/24 11:37:00","10/22/22 00:00:00",,,"H202224",0,
1198844,402,"06/30/16 00:00:00","11/23/16 01:59:00",120,1950,"1",14,,"C",,,,,,"1",,
1198845,402,"11/23/16 02:00:00","01/01/50 00:00:00",30,1950,"2-1",16,,"C",,,,,,"2-1",,
1198846,424,"06/01/19 00:00:00","01/01/50 00:00:00",50,1800,"CTprovLB",4,,"T",,"03/20/25 08:09:00","09/20/19 16:02:00",,,,0,
1198847,424,"12/29/20 00:00:00","05/11/21 02:05:00",190,1720,"H202021",4,"CT pour 2021  Cote plafonée à 3.05m
","T","02/07/22 16:03:00","02/07/22 16:09:00","09/20/19 16:02:00",,,"H202021",0,
1198848,424,"05/11/21 02:05:00","04/29/23 02:10:00",40,1720,"H202123",7,"



","T","07/31/23 10:35:00","07/31/23 10:37:00","09/20/19 16:02:00",,,"H202123",0,"le 11/05/2021 à 02:05 h = 1.75 m Cote plafonée à 3.05m extrap fait avec l'aide de baratin"
1198849,424,"01/01/19 00:00:00","12/31/21 00:00:00",12,3000,"B20192",100,"Baratin mars 2021 avec jaugeage 2019 à debut 2021","C",,"03/26/21 10:43:00",,,,,0,
1198850,424,"01/01/19 00:00:00","12/31/21 00:00:00",12,3000,"B20192_sup",100,"Baratin mars 2021 avec jaugeage 2019 à debut 2021","C",,"03/26/21 10:43:00",,,,,0,
1198851,424,"01/01/19 00:00:00","12/31/21 00:00:00",12,3000,"B20192_inf",100,"Baratin mars 2021 avec jaugeage 2019 à debut 2021","C",,"03/26/21 10:44:00",,,,,0,
1198852,424,"04/29/23 02:10:00","09/15/50 00:00:00",50,1720,"H202350",6,"



","T","10/03/24 10:59:00","10/03/24 11:01:00","09/20/19 16:02:00",,,"H202350",0,"le 29/04/2023 à 02:10 H = 1.30 m Cote plafonée à 3.05m extrap fait avec l'aide de baratin


"
1198853,429,"01/01/00 00:00:00","01/01/50 00:00:00",18100,19800,"LOI DE SEU",17,,"C",,"03/19/25 16:18:00","01/03/20 17:25:00",,,,0,
1198854,429,"01/01/18 00:00:00","01/01/50 00:00:00",18020,20500,"2020",2,"Utilisé des valeur en m en indiquant que c'est des cm","T",,"01/03/20 17:33:00","01/03/20 16:57:00",,,,0,
1198855,558,"03/09/24 22:00:00","10/17/24 09:30:00",60,1700,"H202424",10,"Modification du controle suite à la crue du 9 et 10 mars, moins de végétation H=1.14
mise à jour haut de courbe suite a creation baratin","T","08/29/24 14:30:00","03/19/25 15:17:00","12/15/22 10:45:00",,,"H202424",0,
1198856,558,"10/17/24 09:30:00","01/01/50 00:00:00",160,1700,"H202440ex",8,"Détarage suite à la crue du 17/10/24 h:3280","T","03/26/25 08:30:00","06/02/25 14:43:00","10/29/24 10:30:00",,,"H202440ex",0,
1198857,558,"10/17/24 09:30:00","01/01/50 00:00:00",120,1700,"H202440",8,"Détarage suite à la crue du 17/10/24 h:3280","T","06/02/25 14:41:00","06/02/25 14:44:00","10/29/24 10:30:00",,,"H202440",0,
1198858,558,"01/01/19 00:00:00","07/01/20 00:00:00",100,1700,"H2019-1",6,,"T","10/15/20 07:45:00","09/23/21 10:06:00","06/01/20 00:00:00",50,1660,"H2019-1",0,
1198859,558,"07/01/20 00:00:00","01/01/22 00:00:00",100,1700,"H2020-1",5,,"T","10/15/20 07:45:00","05/16/22 11:17:00","09/20/21 15:00:00",50,1660,"H2020-1",0,
1198860,558,"08/14/22 10:00:00","03/09/24 22:00:00",130,1700,"H202224",11,"Modification du controle suite à la pousse de la vegetation en berge
mise à jour haut de courbe suite a creation baratin","T","03/21/24 14:40:00","04/25/24 10:22:00","12/15/22 10:45:00",,,"H202224",0,
1198861,558,"01/01/19 00:00:00","01/01/50 00:00:00",12,5000,"CT Bar_inf",100,"h/q Baratin : Qmin","C",,,,,,,,
1198862,558,"01/01/19 00:00:00","01/01/50 00:00:00",12,5000,"CT Bar_sup",100,"h/q Baratin : Qmax","C",,,,,,,,
1198863,558,"01/01/19 00:00:00","01/01/50 00:00:00",12,5000,"CT Bar",100,"h/q Baratin : Qmaxpost","C",,,,,,,,
1198864,558,"01/01/22 00:00:00","08/14/22 10:00:00",85,1700,"H202222",12,"Changement de gestionnaire au 1er janvier 2022","T","07/22/22 09:30:00","03/21/24 15:00:00","01/01/22 00:00:00",,,"H202222",0,
1198865,518,"01/01/22 00:00:00","03/09/24 23:05:00",150,2000,"H202224",9,"AMONT PONT SNCF 200 METRES NIVEAU PASSERELLE BOIS EN AVAL
Modification haut de courbe suite à crues du 09/11/2018","T","08/22/24 16:20:00","03/20/25 11:18:00","01/01/22 00:00:00",,,"H202224",0,
1198866,518,"03/09/24 23:05:00","01/01/50 00:00:00",210,2000,"H202450",9,"Suite crue 09/03/2024   h:1275","T","08/22/24 16:20:00","03/20/25 11:27:00","08/22/24 16:20:00",,,"H202450",0,
1198867,518,"01/01/08 00:00:00","01/01/14 00:00:00",100,2100,"H2008-1",13,"AMONT PONT SNCF 200 METRES NIVEAU PASSERELLE BOIS EN AVAL

","T",,"12/14/21 09:13:00","06/22/10 12:00:00",100,2700,"H2008-1",0,
1198868,518,"03/15/00 14:00:00","01/01/08 00:00:00",200,1700,"H2000-1",29,"1ère CT suite au déplacement de la stations à la passerelle bois (200m en aval du PONT SNCF)
","C","12/11/20 13:35:00","12/11/20 13:37:00","06/22/10 00:00:00",,,"H2000-1",0,
1198869,518,"01/01/14 00:00:00","01/01/50 00:00:00",100,2000,"H2014-1",12,"AMONT PONT SNCF 200 METRES NIVEAU PASSERELLE BOIS EN AVAL
Modification haut de courbe suite à crues du 09/11/2018","T","07/06/20 11:22:00","12/08/21 15:09:00","06/22/10 12:00:00",95,2100," H2014-1",0,
1198870,518,"01/01/14 00:00:00","01/01/22 00:00:00",100,2000,"H201422",12,"AMONT PONT SNCF 200 METRES NIVEAU PASSERELLE BOIS EN AVAL
Modification haut de courbe suite à crues du 09/11/2018","T","07/06/20 11:22:00","05/16/22 11:40:00","06/22/10 12:00:00",95,2100,"H201422",0,
1198871,521,"01/01/22 00:00:00","01/01/50 00:00:00",0,1900,"H202250ex",10,"modifié le haut de la courbe suite à la crue du 30/11/2014 et du 09/11/2018
","T","07/22/22 13:45:00","02/10/23 14:11:00","01/01/22 00:00:00",,,"H202250",0,
1198872,521,"01/01/13 00:00:00","11/30/14 00:00:00",100,1400,"h201350",10,"modifié le haut de la courbe suite à la crue du 30/11/2014","T",,"02/18/25 16:12:00","02/27/12 15:11:00",100,1800,"H201314",0,
1198873,521,"11/30/14 00:00:00","01/01/22 00:00:00",20,1900,"H2014-1",11,"modifié le haut de la courbe suite à la crue du 30/11/2014 et du 09/11/2018
","T","07/06/20 11:27:00","02/18/25 16:15:00","10/04/16 00:00:00",20,2100,"H201422",0,
1198874,521,"01/01/22 00:00:00","01/01/50 00:00:00",0,1900,"H202250ex",10,"modifié le haut de la courbe suite à la crue du 30/11/2014 et du 09/11/2018","T",,"02/20/25 16:15:00",,,,"H202250ex",0,
1198875,521,"01/01/22 00:00:00","01/01/50 00:00:00",0,1900,"H202250",8,"modifié le haut de la courbe suite à la crue du 30/11/2014 et du 09/11/2018","T","02/20/25 16:14:00","02/20/25 16:16:00",,,,"H202250",0,
1198876,519,"09/24/94 00:00:00","05/11/00 00:00:00",120,1000,"94/95",24,,"C",,,,,,,,
1198877,519,"05/11/00 00:00:00","07/01/02 23:45:00",140,1000,"00/02",28,,"C",,,,,,,,
1198878,519,"07/01/02 23:45:00","01/10/08 23:59:00",70,1000,"1Aval",29,,"C",,"10/03/08 09:39:00",,,,,,
1198879,519,"01/11/08 00:00:00","11/23/10 00:00:00",80,1200,"H200810",10,,"T",,"07/31/13 15:51:00","09/23/08 11:58:00",,,,,
1198880,519,"07/01/02 23:45:00","01/11/08 00:00:00",70,1000,"h2002-1",29,,"C",,"03/09/18 10:59:00",,,,,0,
1198881,519,"01/11/08 00:00:00","11/23/10 00:00:00",80,1470,"H2008-1",12,,"T",,"02/13/19 12:14:00","09/23/08 11:58:00",80,1500,"H2008-1",0,
1198882,519,"11/23/10 00:00:00","01/26/15 00:00:00",65,1470,"H2010-1",33,,"C",,"04/25/19 10:36:00","11/23/11 13:57:00",65,1500,"H2010-1",0,
1198883,519,"11/23/10 00:00:00","01/26/15 00:00:00",50,1200,"h201015",28,,"C",,"12/09/21 12:23:00","11/23/11 13:57:00",50,1200,"h201015",0,
1198884,519,"01/26/15 00:00:00","01/01/17 00:00:00",50,1470,"H2015-1",24,,"C","10/13/16 14:56:00","12/09/21 12:36:00","11/23/11 13:57:00",50,1500,"H2015-1",0,
1198885,519,"01/01/17 00:00:00","12/28/21 16:00:00",60,1470,"H2017-1",16,"Modification haut de CT suite à crue du 09/11/2018","T","02/13/19 00:00:00","05/16/22 15:17:00","07/25/17 02:57:00",40,1600,"H2017-1",0,
1198886,519,"11/30/22 10:40:00","01/01/50 00:00:00",210,1470,"H202250ex2",8,"Changement de courbe du à un gros nettoyage du contrôle avec fin de corth","T","04/07/22 09:40:00","07/27/23 15:39:00","01/18/22 11:11:00",,,"H202250rx2",0,
1198887,519,"11/30/22 10:40:00","03/10/24 01:20:00",160,1470,"H202224",8,"Changement de courbe du à un gros nettoyage du contrôle avec fin de corth","T","09/06/24 14:25:00","02/05/25 10:16:00","01/18/22 11:11:00",,,"H202224",0,
1198888,519,"12/28/21 16:00:00","11/30/22 10:40:00",60,1470,"H202222",9,"Reprise station
","T","05/16/22 15:10:00","12/15/22 13:54:00","01/18/22 11:11:00",,,"H202222",0,
1198889,519,"03/10/24 01:20:00","01/01/50 00:00:00",130,1470,"H202450ex",8,"Changement de courbe du à la crue du 10/03/2024","T","09/06/24 10:25:00","10/11/24 10:24:00","01/18/22 11:11:00",,,"H202450",0,
1198890,519,"03/10/24 01:20:00","01/01/50 00:00:00",130,1470,"H202450",8,"Changement de courbe du à la crue du 10/03/2024","T","10/11/24 10:19:00","10/11/24 10:24:00","01/18/22 11:11:00",,,"H202450",0,
1198891,520,"01/01/22 00:00:00","12/31/50 00:00:00",100,3000,"B_InfH2022",87,"h/q Baratin : Qmin","C",,"07/18/24 16:50:00",,,,"B_InfH202250",0,
1198892,520,"01/01/22 00:00:00","12/31/50 00:00:00",100,3000,"B_SupH2022",87,"h/q Baratin : Qmax","C",,"07/18/24 16:51:00",,,,"B_SupH202250",0,
1198893,520,"01/01/22 00:00:00","12/31/50 00:00:00",100,3000,"B_PostH202",87,"h/q Baratin : Qmaxpost","C",,"07/18/24 16:52:00",,,,"B_PostH202250",0,
1198894,520,"06/01/14 00:00:00","12/31/21 15:50:00",150,1300,"H2014-1",9,,"T","10/15/19 17:06:00","07/18/24 17:42:00","11/02/15 15:05:00",,,"H2014-1",0,
1198895,520,"04/30/04 00:00:00","06/01/14 00:00:00",150,1300,"H2004-1",36,,"C",,"07/18/24 17:43:00","08/17/05 11:31:00",150,1300,"H2004-1",0,
1198896,520,"11/30/96 00:00:00","04/30/04 00:00:00",170,1300,"H1996-1",40,,"C",,"07/18/24 17:45:00",,170,1300,"H1996-1",0,
1198897,520,"09/23/94 00:00:00","11/30/01 00:00:00",200,1100,"H1994-1",33,,"C",,"07/18/24 17:45:00",,,,"H1994-1",0,
1198898,520,"12/31/21 15:50:00","01/01/50 00:00:00",110,1500,"H202250",11,"Changement gestionnaire station début 2022","T","04/07/23 15:17:00","02/07/25 10:12:00","01/01/22 00:00:00",,,"H202250",0,
1198899,500,"01/01/22 00:00:00","04/24/25 11:15:00",-10,1000,"H202225",6,,"T",,"05/05/25 18:00:00","03/11/22 14:19:00",,,"H202225",0,"Fermeture CT à la date de fermeture de la station DR"
1198900,500,"12/20/97 00:00:00","02/22/99 00:00:00",90,880,"H199799",20,,"C",,,,,,,,
1198901,500,"05/13/97 00:00:00","12/20/97 00:00:00",120,880,"H199797",26,,"C",,,,,,,,
1198902,500,"11/27/93 00:00:00","06/20/94 00:00:00",270,880,"H199394",22,"arrêtée le 5/04/2001  Kléber","C",,,,,,,,
1198903,500,"02/22/99 00:00:00","05/03/00 00:00:00",50,570,"1999_1",11,,"C",,"03/14/08 14:18:00",,,,,,
1198904,500,"05/03/00 00:00:00","08/02/04 00:00:00",50,570,"2000_1",11,,"C",,"03/14/08 14:19:00",,,,,,
1198905,500,"08/02/04 00:00:00","09/24/07 23:59:00",50,570,"2004_1",11,,"C",,"10/03/08 09:35:00",,,,,,
1198906,500,"01/01/12 00:00:00","07/17/14 00:00:00",50,950,"H2012-1",6,,"T",,"02/27/18 11:21:00","05/14/13 11:15:00",50,1050,"H2012-1",0,
1198907,500,"09/25/07 00:00:00","01/01/11 00:00:00",75,970,"h2007-1",11,,"T","06/21/18 08:02:00","06/21/18 08:03:00","01/16/18 10:54:00",50,1050,,0,
1198908,500,"05/16/18 00:00:00","01/01/50 00:00:00",75,950,"H2018-1",6,,"T","01/16/18 12:51:00","06/19/20 11:42:00","07/18/14 00:00:00",50,1100,"H2018-1",0,
1198909,500,"07/17/14 00:00:00","05/16/18 00:00:00",40,950,"H2014-1",9,,"T","01/16/18 12:51:00","12/09/21 13:36:00","07/18/14 00:00:00",40,1050,"H2014-1",0,
1198910,500,"01/01/11 00:00:00","01/01/12 00:00:00",40,900,"H2011-1",9,,"T",,"12/14/21 09:47:00","10/03/08 09:29:00",40,1050,"H2011-1",0,
1198911,500,"05/16/18 00:00:00","01/01/22 00:00:00",75,950,"H201822",8,"CT Modifiée suite à la crue de juin 2020 (jaugeage)","T","01/16/18 12:51:00","03/11/22 15:17:00","07/18/14 00:00:00",50,1100,"H201822",0,
1198912,500,"06/20/94 00:00:00","05/13/97 00:00:00",130,600,"H199497",12,"arrêtée le 5/04/2001  Kléber","C",,"02/10/25 14:53:00",,,,,0,
1198913,501,"01/01/22 00:00:00","05/23/23 00:00:00",350,1000,"H202223",7,"Changement gestionnaire au 01-01-2022. Crue 23-05-23 Débit max environ 6-7m3/s.","T","06/29/23 15:59:00","02/10/25 14:14:00","03/11/22 15:00:00",,,"H202223",0,
1198914,501,"12/17/95 00:00:00","10/16/96 00:00:00",-210,650,"1995_1",17," ","C",,,,,,,,
1198915,501,"10/16/96 00:00:00","01/20/99 00:00:00",-250,650,"1996_1",19,"arrêtée le 6/04/2001  Kléber","C",,,,,,,,
1198916,501,"03/28/03 00:00:00","01/27/04 00:00:00",610,850,"H2003-1",17,,"C",,"02/15/18 10:28:00",,,,,,
1198917,501,"01/27/04 00:00:00","06/14/07 00:00:00",590,870,"H2004-1",10,,"C",,"02/16/18 13:54:00",,,,,,
1198918,501,"11/09/10 10:50:00","01/01/12 00:00:00",410,850,"h2010-1",10,,"T","06/21/18 09:05:00","06/21/18 09:59:00","06/21/18 09:13:00",410,1000,,0,
1198919,501,"06/14/07 00:00:00","08/19/09 10:50:00",530,1150,"H2007-1",18,"FIN DE COURBE SUITE A NETTOYAGE RIVIERE","C",,"02/15/18 15:39:00",,,,,,
1198920,501,"01/28/99 00:00:00","03/28/03 00:00:00",-180,800,"H1999-1",17,,"C",,"02/16/18 11:02:00",,,,,,
1198921,501,"08/19/09 10:50:00","11/09/10 10:50:00",370,1150,"H2009-1",11,"DEBUT DE COURBE SUITE A NETTOYAGE DE LA RIVIERE 
","C",,"02/15/18 15:39:00",,,,,,
1198922,501,"01/01/12 10:00:00","06/01/13 00:00:00",410,950,"H2012-1",7,,"T",,"12/11/18 13:57:00","04/22/13 10:40:00",410,1000,"H2012-1",0,
1198923,501,"06/01/13 00:00:00","06/01/15 00:00:00",410,950,"H2013-1",7,,"T",,"12/11/18 13:57:00","04/22/13 10:40:00",410,1000,"H2013-1",0,
1198924,501,"11/05/23 02:00:00","12/31/50 00:00:00",420,1000,"H202350",5,"Post crue 05-11-2023  exhaussemnt au niveau contrôle.hydraulique.","T","02/08/24 14:03:00","02/10/25 13:45:00","06/29/23 16:12:00",,,"H202350",0,
1198925,501,"05/23/23 00:00:00","11/05/23 02:00:00",400,1000,"H202323",7,"Sur décrue 23-05-23 max 6-7 m3/s atterissemnt  matériaux sur contrôle sous pont station et léger exhaussemnt au niveau contrôle.hydraulique.(photos)","T",,"02/10/25 14:13:00","06/29/23 16:12:00",,,"H202323",0,
1198926,501,"11/05/23 02:00:00","04/25/25 10:00:00",420,1000,"H202350TB",5,"Post crue 05-11-2023  exhaussemnt au niveau contrôle.hydraulique.","T","02/08/24 14:03:00","05/05/25 17:50:00","06/29/23 16:12:00",,,"H202325",0,"Fermeture CT à la date de fermeture de la station DR"
1198927,501,"06/01/15 10:00:00","01/01/22 00:00:00",410,980,"H201522",8,"CT modifiée suite à crue de juin 2020 (jaugeage).","T","06/20/18 00:00:00","02/10/25 14:15:00","04/22/13 10:40:00",410,1000,"H201522",0,
1198928,524,"01/01/22 00:00:00","04/30/25 00:00:00",280,1200,"H202225",9,"Fixation vegetation RD contrôle+colmatage ecoult entre pierres .En TBE QMNA5  ecoult préferentiel se fait sur 1er tiers depuis RG ou le controle est en partie effondree.","T","05/30/24 14:13:00","05/05/25 17:45:00","03/11/22 10:00:00",,,"H202225",0,"CT Fermée à la date de fermeture de la station DR"
1198929,524,"11/27/93 00:00:00","08/19/94 00:00:00",310,1350,"H199394",5,,"T","09/11/07 15:15:00","08/11/23 11:04:00","03/30/07 14:57:00",,,,0,
1198930,524,"08/19/94 00:00:00","11/10/94 00:00:00",110,1400,"H199494",5,,"T","09/11/07 15:15:00","08/11/23 11:04:00","03/30/07 15:16:00",,,,0,
1198931,524,"12/31/15 00:00:00","01/01/22 00:00:00",170,1200,"H201522",14,"redecoupage de la courbe pour plus de precicion 
herve sauvayre.Changement gestionnaire station au 01-01-2022.
","T","03/11/22 11:53:00","08/11/23 11:03:00","06/19/06 10:58:00",170,1550,"H201522",0,
1198932,524,"11/10/94 00:00:00","04/26/95 00:00:00",320,1300,"H199495",5,,"T","09/11/07 15:16:00","08/11/23 11:04:00","03/30/07 15:35:00",,,,0,
1198933,524,"04/26/95 00:00:00","09/18/95 00:00:00",210,1200,"H199595",5,,"T","09/11/07 15:16:00","08/11/23 11:05:00","03/30/07 15:56:00",,,,0,
1198934,524,"09/18/95 00:00:00","03/18/96 00:00:00",300,1200,"H199596",7,,"T","09/11/07 15:16:00","08/11/23 11:05:00","03/30/07 16:10:00",,,,0,
1198935,524,"03/18/96 00:00:00","09/07/96 00:00:00",350,1200,"H199696",7,,"T","09/11/07 15:17:00","08/11/23 11:05:00","04/02/07 09:13:00",,,,0,
1198936,524,"09/07/96 00:00:00","11/14/96 00:00:00",400,1200,"H1996961",5,,"T","09/11/07 15:19:00","08/11/23 11:06:00","04/02/07 09:22:00",,,,0,
1198937,524,"11/14/96 00:00:00","05/13/97 00:00:00",400,1200,"H199697",7,,"T","09/11/07 15:20:00","08/11/23 11:07:00","04/02/07 09:30:00",,,,0,
1198938,524,"05/13/97 00:00:00","12/19/97 00:00:00",400,1200,"H199797",7,,"T","09/11/07 15:20:00","08/11/23 11:08:00","04/02/07 09:40:00",,,,0,
1198939,524,"12/19/97 00:00:00","01/10/99 00:00:00",310,1200,"H199799",5,,"T","09/11/07 15:20:00","08/11/23 11:08:00",,,,,0,
1198940,524,"05/18/99 00:00:00","06/11/00 00:00:00",300,1200,"H199900",5,,"T","09/11/07 15:21:00","08/11/23 11:09:00",,,,,0,
1198941,524,"06/11/00 00:00:00","05/05/01 00:00:00",350,1190,"H200001",4,,"T","09/11/07 15:22:00","08/11/23 11:11:00",,,,,0,
1198942,524,"05/05/01 00:00:00","11/25/02 00:00:00",250,1400,"H200102",8,"arêté le 3 avril 2003

Kléber","T","09/11/07 15:22:00","08/11/23 11:12:00",,,,,0,
1198943,524,"11/25/02 00:00:00","02/17/06 00:00:00",250,1200,"H200206",11,,"T","09/11/07 15:22:00","08/11/23 11:12:00","07/19/04 08:47:00",250,1300,,0,
1198944,524,"02/17/06 00:00:00","12/31/08 00:00:00",250,1200,"H2006-01",8,"redecoupage de la courbe pour plus de precicion 
herve sauvayre","T","06/20/18 09:00:00","08/11/23 11:13:00","06/19/06 10:58:00",250,1300,,0,
1198945,524,"12/31/08 00:00:00","12/31/10 00:00:00",200,1200,"H2008-01",8,"redecoupage de la courbe pour plus de precicion 
herve sauvayre","T","06/20/18 09:22:00","08/11/23 11:14:00","06/19/06 10:58:00",200,1300,,0,
1198946,524,"12/31/10 00:00:00","12/31/15 00:00:00",250,1200,"H2010-01",10,"redecoupage de la courbe pour plus de precicion 
herve sauvayre","T","06/20/18 09:30:00","08/11/23 11:15:00","06/19/06 10:58:00",250,1300,,0,
1198947,524,"01/10/99 00:00:00","05/18/99 00:00:00",310,1200,"H199999",20,,"C",,,,,,"H199999",,
1198948,525,"01/01/16 00:00:00","01/01/22 00:00:00",150,1050,"H2020-1",11,,"T",,"09/06/22 15:20:00",,,,"H2020-1",0,
1198949,525,"01/01/22 00:00:00","01/01/50 00:00:00",80,1050,"H202250",8,"Changement gestionnaire au 01-01-2022","T","01/16/23 10:45:00","01/16/23 11:42:00","06/22/10 00:00:00",,,"H202250",0,
1198950,525,"11/27/93 00:00:00","11/05/94 14:20:00",100,1800,"H199394",4,,"T","09/11/07 10:27:00","09/11/07 10:27:00","03/05/07 14:39:00",,,,,
1198951,525,"11/05/94 14:20:00","01/31/95 17:50:00",180,1800,"H199495",3,,"T","09/11/07 10:27:00","09/11/07 10:27:00","03/05/07 15:53:00",,,,,
1198952,525,"01/31/95 17:50:00","06/02/95 01:45:00",60,1800,"H199595",3,,"T","09/11/07 10:28:00","09/11/07 10:28:00","03/05/07 16:10:00",,,,,
1198953,525,"05/13/97 07:45:00","01/19/98 14:30:00",100,1800,"H199798",3,,"T","09/11/07 10:29:00","09/11/07 10:29:00","05/16/07 09:43:00",,,,,
1198954,525,"01/19/98 14:30:00","07/27/98 23:30:00",100,1800,"H199898",3,,"T","09/11/07 10:29:00","09/11/07 10:29:00","05/16/07 09:52:00",,,,,
1198955,525,"07/27/98 23:30:00","05/18/99 09:30:00",100,1800,"H199899",4,,"T","09/11/07 10:29:00","09/11/07 10:29:00","05/16/07 14:33:00",,,,,
1198956,525,"05/18/99 09:30:00","05/05/01 15:30:00",170,1050,"H199901",5,,"T","09/11/07 10:29:00","09/11/07 10:29:00",,,,,,
1198957,525,"05/05/01 15:30:00","11/25/02 02:00:00",170,1050,"H200102",4,,"T","09/11/07 10:30:00","09/11/07 10:30:00",,,,,,
1198958,525,"11/25/02 02:00:00","12/03/03 22:00:00",140,1050,"H200203",6,,"T","09/11/07 10:30:00","09/11/07 10:30:00",,,,,,
1198959,525,"10/12/06 12:55:00","07/09/07 03:00:00",70,1800,"H200607",4,,"T","09/11/07 10:30:00","09/11/07 10:30:00","03/26/07 10:53:00",,,,,
1198960,525,"11/13/96 07:05:00","05/13/97 07:45:00",100,1750,"H199697",3,,"T","09/11/07 10:28:00","09/11/07 14:37:00","03/12/07 17:04:00",,,,,
1198961,525,"06/02/95 01:45:00","07/28/96 01:45:00",70,1800,"H199596",4,,"T","09/11/07 10:28:00","09/11/07 14:42:00","03/05/07 16:57:00",,,,,
1198962,525,"07/28/96 01:45:00","11/13/96 07:05:00",80,1750,"H199696",3,,"T","09/11/07 10:28:00","09/11/07 14:42:00","03/12/07 16:15:00",,,,,
1198963,525,"11/01/05 08:30:00","10/12/06 12:55:00",110,1800,"H200506",4,,"T","09/08/06 09:46:00","04/10/07 15:49:00","09/04/06 10:27:00",,,,,
1198964,525,"12/03/03 22:00:00","08/27/04 00:00:00",100,1700,"H200304",5,,"T","09/05/05 10:39:00","09/05/05 10:39:00","04/23/04 09:53:00",,,,,
1198965,525,"08/27/04 00:00:00","11/01/05 08:30:00",120,1800,"H200405",4,,"T","03/31/06 11:18:00","03/31/06 11:18:00","08/18/05 09:48:00",,,,,
1198966,525,"07/09/07 03:00:00","01/01/09 00:00:00",90,1800,"H200720",4,,"T","09/11/07 10:31:00","08/01/13 13:00:00","03/26/07 10:53:00",,,,,
1198967,525,"10/12/06 12:55:00","07/09/07 03:00:00",70,1800,"H2006-01",4,,"T","09/11/07 10:30:00","06/22/18 07:42:00","03/26/07 10:53:00",,,,0,
1198968,525,"01/01/14 00:00:00","01/01/16 00:00:00",150,900,"H2014-01",11,,"T",,"06/22/18 08:53:00","06/22/10 00:00:00",,,,0,
1198969,525,"01/01/09 00:00:00","01/01/14 00:00:00",150,900,"h2009-01",11,,"T",,"06/22/18 09:00:00","06/22/10 00:00:00",,,,0,
1198970,525,"07/09/07 03:00:00","01/01/09 00:00:00",90,1800,"H2007-1",5,,"T","09/11/07 10:31:00","05/03/18 14:33:00","03/26/07 10:53:00",,,,0,
1198971,588,"12/01/23 00:00:00","12/31/50 00:00:00",200,700,"H202350TB",6,"Nouvelle station 100m amont pont station","T","02/08/24 15:53:00","02/10/25 10:23:00","02/08/24 15:58:00",,,"H202350TB",0,
1198972,588,"12/01/23 00:00:00","12/31/50 00:00:00",200,700,"H202350",5,"Nouvelle station 100m amont pont station","T","02/08/24 15:53:00","02/10/25 10:47:00","02/08/24 15:58:00",,,"H202350",0,
1198973,590,"10/17/24 07:40:00","01/01/50 00:00:00",450,5500,"H202450",6,,"T","06/12/25 14:09:00","06/12/25 14:11:00","03/29/24 14:14:00",,,"H202450",0,
1198974,590,"10/17/24 07:40:00","01/01/50 00:00:00",450,5500,"H202450GC",6,,"T","06/12/25 14:09:00","06/16/25 12:19:00","03/29/24 14:14:00",,,"H202450GC",0,
1198975,590,"01/01/24 00:00:00","03/31/24 21:30:00",550,4500,"H202424",4,,"T","11/04/24 13:47:00","11/04/24 13:47:00","03/29/24 14:14:00",,,"H202424",0,
1198976,590,"03/31/24 21:30:00","10/17/24 07:40:00",530,5500,"H202424-2",5,,"T","11/04/24 13:44:00","11/04/24 13:49:00","03/29/24 14:14:00",,,"H202424-2",0,"Détarage 4.45m 31/03/2024 21:30"
1198977,590,"10/17/24 07:40:00","01/01/50 00:00:00",530,5500,"H202450ex",5,,"T","12/02/24 08:38:00","02/03/25 13:33:00","03/29/24 14:14:00",,,"H202450ex",0,
1198978,591,"10/16/24 07:55:00","01/01/50 00:00:00",270,600,"H202450",5,"Crue le 16/10/24 07:55 H=1523mm","T","02/21/25 10:00:00","05/22/25 11:23:00","12/16/24 13:30:00",40,900,"H202450",0,
1198979,591,"10/16/24 07:55:00","01/01/50 00:00:00",140,600,"H202450ex",5,"Crue le 16/10/24 07:55 H=1523mm","T","12/16/24 13:30:00","02/21/25 10:01:00","12/16/24 13:30:00",40,900,"H202450ex",0,
1198980,591,"06/01/24 00:00:00","10/16/24 07:55:00",140,600,"H202424",5,"Nouvelle station juin 2024","T","08/29/24 15:30:00","01/16/25 13:57:00","08/29/24 15:30:00",40,900,"H202424",0,
1198981,593,"10/17/24 15:08:00","01/01/50 00:00:00",350,4600,"H202450gn",6,"Courbe post crue
","T","05/28/25 10:30:00","05/28/25 10:32:00","11/06/24 17:15:00",,,"H202450gn",0,"Cv 2024 Modifié pour passer sous Prades de 60 à 120m3/s"
1198982,593,"10/17/24 15:08:00","01/01/50 00:00:00",350,4600,"H202450ex",5,"Courbe post crue
","T","03/20/25 13:46:00","06/02/25 17:23:00","11/06/24 17:15:00",,,"H202450ex",0,"Cv 2024 Modifié pour passer sous Prades de 60 à 120m3/s"
1198983,593,"10/17/24 15:08:00","01/01/50 00:00:00",250,4600,"H202450",6,"Courbe post crue
","T","06/02/25 17:39:00","06/02/25 17:39:00","11/06/24 17:15:00",,,"H202450",0,"Cv 2024 Modifié pour passer sous Prades de 60 à 120m3/s"
1198984,593,"10/11/24 00:00:00","10/17/24 15:08:00",350,4600,"H202424",5,,"T","01/13/25 14:57:00","01/13/25 14:57:00","11/06/24 17:15:00",,,"H202424",0,"Courbe avant crue basée sur un fictif (nvm + st bonnet)"
1198985,111,"11/20/23 00:00:00","10/16/24 15:00:00",-200,6000,"H2024-1",7,"Nettoyage ile aval (arbres enlevés) le 20/11/2023","T","12/18/24 11:25:00","12/18/24 11:48:00",,,,"H202324",0,"CT Phyc
"
1198986,111,"10/28/93 00:00:00","11/27/93 00:00:00",-350,3000,"C10103",12," ","C",,,,,,,,
1198987,111,"11/27/93 00:00:00","07/25/94 00:00:00",-300,6000,"C10104",17," ","C",,,,,,,,
1198988,111,"07/25/94 00:00:00","11/06/94 00:00:00",-300,5000,"C10105",15," ","C",,,,,,,,
1198989,111,"11/06/94 00:00:00","02/28/95 00:00:00",-200,5000,"C10106",17," ","C",,,,,,,,
1198990,111,"02/28/95 00:00:00","01/23/97 00:00:00",-60,4500,"C10107",14," ","C",,,,,,,,
1198991,111,"01/23/97 00:00:00","01/20/98 00:00:00",-150,5000,"9801",7,,"T",,,,,,,,
1198992,111,"01/20/98 00:00:00","12/31/98 00:00:00",-150,5000,"9802",7,,"T",,,,,,,,
1198993,111,"12/04/03 00:00:00","05/01/05 00:00:00",-450,7000,"H200305",9,,"T","09/02/05 11:26:00","11/14/05 08:49:00","09/02/05 11:24:00",,,,,
1198994,111,"01/01/99 00:00:00","11/25/02 00:00:00",-150,4000,"H199902",6,,"T","11/14/06 14:51:00","11/14/06 14:51:00",,,,,,
1198995,111,"11/25/02 00:00:00","12/04/03 00:00:00",-350,7200,"H200203",9,,"T","11/14/06 14:53:00","11/14/06 14:53:00",,,,,,
1198996,111,"05/01/05 00:00:00","11/20/23 00:00:00",-200,6000,"H200527",9,"Extrapolation basse avec le 0 écoulement estimé par levé terrain  aux alentours de 0.93 m","T","12/18/24 11:49:00","12/18/24 11:50:00","11/08/05 19:19:00",,,"H200523",0,
1198997,111,"10/16/24 15:00:00","01/01/50 00:00:00",-200,6000,"H202450",9,,"T","12/18/24 11:49:00","01/06/25 14:37:00","11/08/05 19:19:00",,,"H202450",0,"Détarage crue octobre 2024"
1198998,165,"12/20/97 00:00:00","02/22/99 00:00:00",740,4100,"98/2",4,,"T",,,,,,,,
1198999,165,"02/22/99 00:00:00","06/13/00 00:00:00",740,4100,"99/1",4,,"T",,,,,,,,
1199000,165,"11/27/93 00:00:00","04/26/94 00:00:00",500,4000,"C10079",19," ","C",,,,,,,,
1199001,165,"04/26/94 00:00:00","05/15/94 00:00:00",550,4000,"C10080",24," ","C",,,,,,,,
1199002,165,"05/15/94 00:00:00","07/24/94 00:00:00",600,4000,"C10081",17," ","C",,,,,,,,
1199003,165,"07/24/94 00:00:00","08/12/94 00:00:00",600,4000,"C10082",18," ","C",,,,,,,,
1199004,165,"08/12/94 00:00:00","11/06/94 00:00:00",550,4500,"C10083",19," ","C",,,,,,,,
1199005,165,"11/06/94 00:00:00","01/20/95 00:00:00",700,4500,"C10084",18," ","C",,,,,,,,
1199006,165,"01/20/95 00:00:00","06/03/95 00:00:00",800,4100,"C10085",18," ","C",,,,,,,,
1199007,165,"06/03/95 00:00:00","01/14/96 00:00:00",800,4100,"C10086",16," ","C",,,,,,,,
1199008,165,"01/14/96 00:00:00","11/13/96 00:00:00",800,4100,"C10087",16," ","C",,,,,,,,
1199009,165,"11/13/96 00:00:00","01/23/97 00:00:00",800,4100,"C10088",17," ","C",,,,,,,,
1199010,165,"01/23/97 00:00:00","05/14/97 00:00:00",770,4100,"C10089",18," ","C",,,,,,,,
1199011,165,"05/14/97 00:00:00","12/20/97 00:00:00",780,4100,"C10090",17," ","C",,,,,,,,
1199012,165,"06/13/00 00:00:00","07/15/01 00:00:00",680,4100,"H200001",5,,"T",,"11/14/06 14:36:00",,,,,,
1199013,165,"07/15/01 00:00:00","11/24/03 00:00:00",680,4400,"H200103ex",5,,"T","11/14/06 14:21:00","03/31/17 15:44:00",,,,,0,
1199014,165,"11/24/03 00:00:00","07/01/06 00:00:00",590,5600,"H200306ex",7,,"T","11/14/06 14:22:00","03/31/17 15:48:00","09/02/05 11:17:00",,,,0,
1199015,165,"11/02/08 00:00:00","05/14/10 00:00:00",590,5300,"H200810ex",8,"nouvelle courbe suite a crue du 02/11/2008. Hauteurs rectifiées dans la 
banque apres nivellement du 27/11/2008 
H nivelée 5.30  alors que maxi enregistré sur lpn8  5.00","T","06/08/10 15:47:00","03/31/17 15:51:00","09/02/05 11:17:00",,,,0,
1199016,165,"08/01/10 00:00:00","05/23/12 04:00:00",500,5400,"H201012",7,,"T","07/26/12 14:34:00","07/26/12 14:35:00","11/05/11 13:39:00",,,,,
1199017,165,"05/23/12 04:00:00","05/31/20 12:00:00",500,5400,"H201220anc",7,,"T","09/07/12 10:59:00","06/27/13 09:03:00","11/05/11 13:39:00",,,,,
1199018,165,"05/23/12 04:00:00","05/19/13 07:10:00",500,5400,"H201213",7,,"T","06/27/13 09:07:00","06/27/13 09:10:00","11/05/11 13:39:00",,,,,
1199019,165,"05/19/13 07:10:00","05/31/20 12:00:00",500,5400,"H201320an2",8,,"T",,"09/23/13 10:30:00","11/05/11 13:39:00",,,,,
1199020,165,"05/19/13 07:10:00","08/06/13 22:00:00",500,5400,"H201313",7,"Modif gc pour détarage en basses eaux le 06/08","T","09/23/13 10:31:00","09/23/13 10:33:00","11/05/11 13:39:00",,,,,
1199021,165,"08/06/13 22:00:00","05/31/20 12:00:00",500,5400,"H201320ess",7,"Modif GC suite jaugeage du 19 septembre","T",,"03/01/17 15:24:00","11/05/11 13:39:00",,,,0,
1199022,165,"08/06/13 22:00:00","05/31/20 12:00:00",12,5000,"B20132_inf",77,"h/q Baratin : Qmin","C",,,,,,,,
1199023,165,"08/06/13 22:00:00","05/31/20 12:00:00",12,5000,"B20132_sup",77,"h/q Baratin : Qmax","C",,,,,,,,
1199024,165,"08/06/13 22:00:00","05/31/20 12:00:00",12,5000,"B20132",77,"h/q Baratin : Qmaxpost","C",,,,,,,,
1199025,165,"11/24/03 17:00:00","06/27/06 21:20:00",590,5000,"H200306",6,"baratin 2017","T","03/31/17 15:49:00","03/31/17 15:49:00","09/02/05 11:17:00",,,,0,
1199026,165,"07/01/06 00:00:00","11/02/08 00:00:00",590,5300,"H200608Rex",8,"observations: nouvelle courbe suite a crue du 02/11/2008. Hauteurs rectifieés dans la banque apres nivellement du 27/11/2008
H nivellé 5.30 alors que maxi enregistré sur lpn8  5.00","T","12/17/09 14:54:00","03/31/17 15:50:00","09/02/05 11:17:00",,,,0,
1199027,165,"01/01/16 00:00:00","02/02/17 21:00:00",500,5400,"H201617",5,"Baratin 2017
Modif haut courbe suite au nettoyage de l'ile à l'automne 2015. D'où le détarage au 01/01/2016.","T","07/17/17 09:42:00","07/17/17 09:42:00","11/05/11 13:39:00",,,"H201617",0,
1199028,165,"07/15/01 00:00:00","01/01/03 00:00:00",680,4400,"H200103",4,"Baratin2017","T","03/31/17 15:44:00","03/31/17 15:45:00",,,,,0,
1199029,165,"01/01/03 00:00:00","11/24/03 17:00:00",680,4400,"H200303",4,"Baratin 2017","T","03/31/17 15:47:00","03/31/17 15:47:00",,,,,0,
1199030,165,"06/27/06 21:20:00","11/02/08 12:40:00",590,5300,"H200608",7,"Baratin 2017
H nivellé 5.30 alors que maxi enregistré sur lpn8  5.00","T","03/31/17 15:50:00","03/31/17 15:50:00","09/02/05 11:17:00",,,,0,
1199031,165,"11/02/08 12:40:00","05/14/10 00:00:00",590,5300,"H200810",7,"Baratin 2017
Hauteurs rectifiées dans la 
banque apres nivellement du 27/11/2008 
H nivelée 5.30  alors que maxi enregistré sur lpn8  5.00","T","03/31/17 15:52:00","03/31/17 15:52:00","09/02/05 11:17:00",,,,0,
1199032,165,"05/14/10 00:00:00","08/01/10 00:00:00",590,5300,"H201010ex",6,"nouvelle courbe suite a crue du 02/11/2008. Hauteurs rectifiées dans la 
banque apres nivellement du 27/11/2008 
H nivelée 5.30  alors que maxi enregistré sur lpn8  5.00","T","09/01/11 11:33:00","03/31/17 15:53:00","09/02/05 11:17:00",,,,0,
1199033,165,"05/14/10 00:00:00","08/01/10 00:00:00",590,5300,"H201010",6,"Baratin 2017","T","03/31/17 15:53:00","03/31/17 15:54:00","09/02/05 11:17:00",,,,0,
1199034,165,"08/06/13 22:00:00","05/31/20 12:00:00",500,5400,"H201320ex",7,"Modif GC suite jaugeage du 19 septembre","T","09/23/13 10:34:00","03/31/17 15:55:00","11/05/11 13:39:00",,,,0,
1199035,165,"08/06/13 22:00:00","01/01/16 00:00:00",500,5400,"H201316",7,"Baratin2017","T","03/31/17 15:56:00","03/31/17 16:01:00","11/05/11 13:39:00",,,"H201316",0,
1199036,165,"02/02/17 21:00:00","05/31/20 12:00:00",500,5400,"H201720anc",5,,"T","08/25/17 08:23:00","12/10/19 09:18:00","11/05/11 13:39:00",,,"H201720",0,
1199037,165,"02/02/17 21:00:00","11/23/19 17:00:00",500,5400,"H201719",6,,"T","10/07/20 13:50:00","10/07/20 14:09:00","11/05/11 13:39:00",,,"H201719",0,
1199038,165,"11/23/19 17:00:00","05/31/30 12:00:00",670,5400,"H201930",5,"detarage crue novembre 2019","T","10/07/20 13:55:00","03/28/23 10:03:00","10/07/20 13:55:00",,,"H201930",0,
1199039,563,"09/09/05 00:00:00","01/01/13 00:00:00",90,1300,"1c",39,,"C",,"11/23/21 15:33:00",,,,"H2005-2013",0,
1199040,563,"10/26/04 00:00:00","09/09/05 00:00:00",100,1300,"1 b",39,,"C",,"11/23/21 15:46:00",,,,"H2004-2005",0,
1199041,563,"09/24/94 00:00:00","10/26/04 00:00:00",110,1900,"1a",38,,"C",,"11/23/21 15:47:00",,,,"H1994-2004",0,
1199042,563,"01/01/79 00:00:00","09/24/94 00:00:00",105,1900,"1",36,,"C",,"11/23/21 15:52:00",,,,"H1979-1994",0,
1199043,563,"12/31/73 00:00:00","01/01/79 00:00:00",140,1260,"0 b.",29,,"C",,"11/23/21 16:05:00",,,,"H1973-1979",0,
1199044,563,"12/31/72 00:00:00","12/31/73 00:00:00",185,1100,"0 a.",29,,"C",,"11/23/21 16:15:00",,,,"H1972-1973",0,
1199045,563,"01/01/71 00:00:00","12/31/72 00:00:00",175,1100,"0 .",51,,"C",,"11/23/21 16:47:00",,,,"H1971-1972",0,
1199046,606,"02/09/11 08:00:00","01/01/20 00:00:00",500,1500,"H201116",5,"
","T","05/26/11 16:55:00","01/29/18 12:22:00","12/15/08 09:53:00",,,,0,
1199047,606,"10/01/07 00:00:00","11/03/08 06:20:00",140,1000,"H200708",6,,"T","12/15/08 16:06:00","01/29/18 12:28:00","12/07/07 15:36:00",,,,0,
1199048,606,"12/02/03 00:00:00","10/01/07 00:00:00",180,1000,"2003_2",30,,"C",,"01/29/18 12:30:00",,,,,0,
1199049,606,"12/14/08 14:00:00","10/08/09 13:00:00",580,1500,"H200809",8,,"T","03/15/10 11:20:00","01/29/18 12:27:00","12/15/08 09:53:00",,,,0,
1199050,606,"12/23/10 19:40:00","02/09/11 08:00:00",400,1500,"H201011",5,"detarage suite à des travaux effectués par la commune de Blavozy sous l'arche droite, au droit de l'échelle ( remblaiement  de pierres  contre la buse - voir photos )","T","04/15/11 16:03:00","01/29/18 12:23:00","12/15/08 09:53:00",,,,0,
1199051,606,"11/01/10 02:50:00","12/23/10 19:40:00",520,1500,"H2010102",5,"courbe crée suite à un detarage due à la montée des eaux le 01/11/2010","T","04/15/11 16:00:00","01/29/18 12:24:00","12/22/10 10:48:00",,,,0,
1199052,606,"03/01/10 00:00:00","11/01/10 02:50:00",530,1500,"H2010101",6,"detarage suite à des travaux effectués par la commune de Blavozy sous l'arche droite, au droit de l'échelle ( remblaiement  de pierres  contre la buse - voir photos )","T","04/15/11 15:57:00","01/29/18 12:25:00","12/15/08 09:53:00",,,,0,
1199053,606,"10/08/09 13:00:00","03/01/10 00:00:00",690,1500,"H200910",7,,"T","04/15/11 15:55:00","02/05/18 14:27:00","12/15/08 09:53:00",,,,0,
1199054,606,"11/03/08 06:20:00","12/14/08 14:00:00",660,1500,"H200808",4,"courbe elaborée suite à important détarage crue du 02 nov 2008","T","03/20/09 09:16:00","01/29/18 12:27:00","12/15/08 09:53:00",,,,0,
1199055,606,"01/01/02 00:00:00","12/02/03 00:00:00",160,1000,"2003_1",20,,"C",,"01/29/18 12:34:00",,,,,0,
1199056,606,"01/01/97 00:00:00","01/01/02 00:00:00",270,1400,"9801",16,,"C",,"02/05/18 14:46:00",,,,,0,
1199057,607,"01/01/71 00:00:00","05/17/83 15:00:00",150,1100,"1",23,,"C",,,,,,,,
1199058,607,"05/17/83 15:00:00","11/16/92 01:00:00",130,1100,"2",29,,"C",,,,,,,,
1199059,607,"11/16/92 01:00:00","06/01/95 06:00:00",250,1100,"3",26,,"C",,,,,,,,
1199060,607,"06/01/95 06:00:00","10/14/00 11:00:00",140,1100,"4",27," ","C",,,,,,,,
1199061,607,"10/14/00 11:00:00","04/20/05 12:00:00",140,1100,"5",26,,"C","08/12/05 10:45:00","08/12/05 10:45:00",,,,,,
1199062,607,"04/20/05 12:00:00","10/01/07 00:00:00",85,1100,"H200507",17,,"C","06/16/08 00:00:00","06/16/08 15:05:00","08/12/05 10:52:00",,,,,
1199063,607,"10/01/07 00:00:00","01/01/20 00:00:00",120,1300,"H200720",8,,"T","09/29/08 00:00:00","10/09/08 10:08:00","01/24/08 16:53:00",,,,,
1199064,608,"11/27/93 00:00:00","02/05/94 00:00:00",500,2500,"C10042",14," ","C",,,,,,,,
1199065,608,"02/05/94 00:00:00","03/02/94 00:00:00",1100,2400,"C10043",8," ","C",,,,,,,,
1199066,608,"03/02/94 00:00:00","06/09/94 00:00:00",500,2500,"C10044",14," ","C",,,,,,,,
1199067,608,"06/09/94 00:00:00","06/29/94 00:00:00",700,1300,"C10045",8," ","C",,,,,,,,
1199068,608,"06/29/94 00:00:00","11/06/94 00:00:00",500,5600,"C10046",18," ","C",,,,,,,,
1199069,608,"11/06/94 00:00:00","06/12/95 00:00:00",1000,2500,"C10047",19," ","C",,,,,,,,
1199070,608,"06/12/95 00:00:00","07/13/95 00:00:00",600,3000,"C10048",17," ","C",,,,,,,,
1199071,608,"01/24/96 00:00:00","01/23/97 00:00:00",600,3000,"C10050",24," ","C",,,,,,,,
1199072,608,"01/23/97 00:00:00","05/13/97 00:00:00",600,3000,"C10051",21," ","C",,,,,,,,
1199073,608,"05/13/97 00:00:00","12/19/97 00:00:00",600,3000,"C10052",18," ","C",,,,,,,,
1199074,608,"07/13/95 00:00:00","01/24/96 00:00:00",700,3000,"9503",3,,"T",,,,,,,,
1199075,608,"12/19/97 00:00:00","03/18/99 00:00:00",600,3000,"H199799",4,,"T",,"01/20/04 17:51:00",,,,,,
1199076,608,"12/07/99 00:00:00","07/10/01 00:00:00",500,2500,"H199901",4,,"T",,"01/20/04 18:01:00",,,,,,
1199077,608,"07/10/01 00:00:00","07/16/02 00:00:00",550,4500,"H200102",4,,"T",,"03/17/05 10:44:00",,,,,,
1199078,608,"07/16/02 00:00:00","11/24/03 15:40:00",550,4500,"H200203",4,,"T","05/19/05 14:56:00","05/19/05 14:58:00",,,,,,
1199079,608,"11/24/03 15:40:00","12/03/03 22:20:00",600,5300,"H200303",6,,"T","05/19/05 14:59:00","05/19/05 15:00:00","03/08/05 10:03:00",,,,,
1199080,608,"12/03/03 22:20:00","08/18/04 01:00:00",600,5300,"H200304",7,,"T","09/05/05 10:45:00","09/05/05 10:45:00","03/16/05 16:41:00",,,,,
1199081,608,"08/18/04 01:00:00","01/01/15 00:00:00",500,5300,"H200415",5,,"T","06/23/08 10:38:00","06/23/08 15:40:00","11/22/05 12:09:00",,,,,
1199082,609,"11/27/93 00:00:00","01/01/94 00:00:00",-200,9000,"C9465",16," ","C",,,,,,,,
1199083,609,"01/01/94 00:00:00","06/27/94 00:00:00",-150,6000,"C9466",22," ","C",,,,,,,,
1199084,609,"06/27/94 00:00:00","01/13/95 00:00:00",-100,5300,"C9467",18," ","C",,,,,,,,
1199085,609,"01/13/95 00:00:00","06/02/95 00:00:00",230,4250,"C9468",21," ","C",,,,,,,,
1199086,609,"06/02/95 00:00:00","07/12/95 00:00:00",160,4250,"C9469",19," ","C",,,,,,,,
1199087,609,"07/12/95 00:00:00","11/10/96 00:00:00",80,4250,"C9470",19," ","C",,,,,,,,
1199088,609,"11/10/96 00:00:00","03/26/98 09:28:00",80,4420,"C9471",20," ","C",,,,,,,,
1199089,609,"01/01/73 00:00:00","12/31/76 00:00:00",250,4500,"1976",23,,"C",,,,,,,,
1199090,609,"01/01/73 00:00:00","12/31/76 00:00:00",250,4500,"brives73",26,,"C",,,,,,,,
1199091,609,"01/01/73 00:00:00","12/31/76 00:00:00",250,4500,"1973",25,,"C",,,,,,,,
1199092,609,"11/01/97 00:00:00","12/31/50 00:00:00",350,5770,"B9801",3,,"T",,,,,,,,
1199093,610,"07/27/95 00:00:00","06/04/96 00:00:00",80,280,"C9583",17," ","C",,,,,,,,
1199094,610,"06/04/96 00:00:00","12/14/96 00:00:00",110,280,"C9584",18," ","C",,,,,,,,
1199095,610,"12/14/96 00:00:00","07/18/97 00:00:00",150,1050,"C9585",15," ","C",,,,,,,,
1199096,610,"07/18/97 00:00:00","10/02/98 16:46:00",80,280,"C9586",18," ","C",,,,,,,,
1199097,611,"11/27/93 00:00:00","01/04/94 00:00:00",300,2500,"C9699",18," ","C",,,,,,,,
1199098,611,"01/04/94 00:00:00","05/25/94 00:00:00",460,2500,"C9700",10," ","C",,,,,,,,
1199099,611,"05/25/94 00:00:00","03/02/95 00:00:00",460,2500,"C9701",20," ","C",,,,,,,,
1199100,611,"03/02/95 00:00:00","04/29/95 00:00:00",460,2500,"C9702",10," ","C",,,,,,,,
1199101,611,"04/29/95 00:00:00","01/05/96 00:00:00",620,3220,"C9703",15," ","C",,,,,,,,
1199102,611,"01/05/96 00:00:00","12/01/96 00:00:00",580,2200,"C9704",20," ","C",,,,,,,,
1199103,611,"12/01/96 00:00:00","05/08/97 00:00:00",670,2200,"C9705",18," ","C",,,,,,,,
1199104,611,"05/08/97 00:00:00","10/17/97 00:00:00",580,2200,"C9706",11," ","C",,,,,,,,
1199105,611,"10/17/97 00:00:00","05/19/99 00:00:00",600,3200,"9802",21,,"T",,,,,,,,
1199106,611,"05/19/99 00:00:00","09/20/99 00:00:00",600,3200,"9902",25,,"T",,,,,,,,
1199107,611,"09/20/99 00:00:00","12/28/99 00:00:00",600,3200,"9903",4,,"T",,,,,,,,
1199108,611,"12/28/99 00:00:00","07/04/00 00:00:00",600,3200,"9904",4,,"T",,,,,,,,
1199109,611,"07/04/00 00:00:00","05/05/01 00:00:00",600,3200," H200001",5,,"T",,,,,,,,
1199110,611,"05/05/01 00:00:00","12/01/01 00:00:00",600,3200,"H200101",5,,"T",,,,,,,,
1199111,611,"12/01/01 00:00:00","11/25/02 09:00:00",450,3100,"H200102",6,,"T",,,,,,,,
1199112,611,"11/25/02 09:00:00","01/01/07 00:00:00",420,3400,"H200207",8,,"T",,,,,,,,
1199113,611,"11/25/02 09:00:00","03/14/03 00:00:00",420,3400,"200207-A-",6,,"T",,"02/23/04 15:23:00","02/23/04 15:09:00",,,,,
1199114,611,"03/14/03 00:00:00","01/01/07 00:00:00",420,3400,"200207-AL",8,,"T",,"02/23/04 15:27:00","02/23/04 11:02:00",,,,,
1199115,560,"04/22/95 00:00:00","01/24/96 00:00:00",380,1200,"H1995-1",24,"Station Pont SNCF","C",,"12/11/20 15:11:00",,,,"H1995-1",0,"CT 95/1 renommé H1995-1"
1199116,560,"01/24/96 00:00:00","04/01/97 00:00:00",0,1200,"H1996-1",28,"Station Pont SNCF","C",,"12/11/20 15:17:00",,,,"H1996-1",0,"CT 2 renommé H1996-1"
1199117,560,"04/01/97 00:00:00","01/01/99 00:00:00",0,1200,"H1997-1",28,,"C",,"12/11/20 15:20:00",,,,"H1997-1",0,"CT 2a renommé H1997-1"
1199118,560,"01/01/99 00:00:00","03/15/00 14:00:00",0,1200,"H1999-1",28,,"C",,"12/11/20 15:23:00",,,,"H1999-1",0,"CT 2b renommée H1999-1"
1199119,612,"11/17/06 00:00:00","01/01/09 00:00:00",20,1350,"2006-01",12,,"C",,"04/23/25 09:34:00",,,,"H2006-2009",0,
1199120,612,"10/01/02 00:00:00","11/17/06 00:00:00",20,1210,"2002-01",9,,"C",,"04/23/25 09:35:00",,,,"H2002-2006",0,
1199121,612,"01/01/98 00:00:00","10/01/02 00:00:00",20,480,"1998_1",21," ","C",,"04/23/25 09:36:00",,,,"H1998-2002",0,
1199122,619,"07/31/84 00:00:00","10/01/07 00:00:00",280,800,"1",19,,"C","07/06/06 16:26:00","10/03/08 15:03:00",,,,,,
1199123,619,"10/01/07 00:00:00","01/01/50 00:00:00",300,800,"H200750",3,"
nouvelle courbe suite prise en main station","T","10/03/08 15:04:00","10/03/08 15:05:00","02/15/08 17:00:00",,,,,
1199124,619,"11/02/08 07:00:00","01/01/50 00:00:00",310,800,"H200750LB",4,"
","T","10/03/08 15:04:00","06/19/09 15:21:00","02/15/08 17:00:00",,,,,
1199125,171,"04/04/24 14:00:00","01/01/50 00:00:00",780,6500,"H202450",6,"Nouvelle courbe suite à crue d'Avril 2024","T",,"06/17/25 07:56:00",,480,7000,"H202450 gb",1,
1199128,620,"05/07/25 00:00:00","01/01/50 00:00:00",,3000,"GMP_c1010",4,"EDF Montpezat - Clapet 1010 - été","T",,"06/17/25 09:57:00",,,,"GMP_c1010",1,"Courbe modifiée pour permettre le calcul du débit nul sous la cote 0m
"
1199129,620,"11/29/24 12:00:00","05/07/25 00:00:00",,3000,"GMP_c1005",5,"EDF Montpezat - Clapet 1005 - hiver","T",,"06/17/25 10:01:00",,,,"GMP_c1005",0,"Courbe modifiée pour permettre le calcul du débit nul sous la cote -5m
"
1199131,312,"05/14/23 00:00:00","01/01/50 00:00:00",150,2200,"H202350",8,,"T","07/28/23 09:56:00","06/19/25 13:16:00","05/14/23 00:00:00",,,"H202350",0,"Création d'une nouvelle courbe suite détarage probable à partir du coup d'eau du 14/05/23, confirmé par 2 jaugeages successifs les 18/07 et 25/07 à plus de 40% d'écart à la courbe."
1199133,425,"03/20/25 11:15:00","01/01/50 00:00:00",150,2750,"H202550 ",4,,"T","04/14/25 09:22:00","06/19/25 16:31:00","04/14/25 09:00:00",,,"H202550",0,"Nouvelle courbe pour cause de détarage du bas de courbe"
1199135,20,"01/19/21 00:00:00","12/11/24 14:00:00",100,3600,"H202124",12,"- Extrapolation à 4.00m demande SPC...
Changement de courbe suite à la crue de juin 2021 et jaugeage de janvier 2022.
29/06/22, reprise de la courbe suite jaugeage point haut le 27/06/22.","T","06/24/22 15:38:00","06/20/25 06:21:00","01/01/15 10:11:00",,,"H202124",0,
1199136,20,"12/11/24 14:00:00","01/01/50 00:00:00",100,3600,"H202450",10,"- Extrapolation à 4.00m demande SPC...

","T","06/20/25 06:15:00","06/20/25 06:25:00","06/20/25 06:14:00",,,"H202450",0,"Nouvelle CT suite à la crue du 10/12/2024 et jaugeages de 2025
"
1199137,420,"03/10/24 03:00:00","01/01/50 00:00:00",-50,1700,"H202450",7,"
","T","06/19/25 13:42:00","06/20/25 07:52:00","05/17/24 13:55:00",,,"H202450",0,"Création d'une nouvelle CT suite à la crue du 10/03/2024"
1199138,571,"03/24/25 07:20:00","01/01/50 00:00:00",40,2700,"H202550",11,,"T","06/20/25 11:10:00","06/20/25 11:10:00","05/14/25 12:00:00",,,"H202550",0,"nouvelle courbe suite au jaugeage du 07/05/25.

"
1199140,48,"01/23/24 07:00:00","01/01/50 00:00:00",-1300,5000,"H202450",7,,"T","05/14/25 08:28:00","06/20/25 11:33:00",,,,"H202450",0,"détarage suite au niveau d'eau début 2024"
1199142,74,"02/18/25 17:00:00","12/31/50 00:00:00",400,6000,"H202550",7,,"T","06/20/25 12:09:00","06/20/25 12:09:00","05/14/25 10:00:00",,,"H202550",0,"nouvelle courbe suite au jaugeage du 06/05/25.
"
1199143,77,"04/07/24 20:00:00","12/31/50 23:59:00",-2100,7000,"H202450",9,,"T","06/20/25 13:04:00","06/20/25 13:05:00","09/09/24 15:00:00",,,"H202450",0,"Détarage suite crue début juillet 2024."
1199144,191,"06/19/24 00:00:00","01/01/50 00:00:00",-1256,1700,"H202450",8,,"T","06/20/25 14:35:00","06/20/25 14:36:00","06/23/24 15:00:00",,,"H202450",0,"Courbe provisoire ""été"": le jaugeage du 23/06/24 s'aligne sur celui du 2/06/2016. A voir on garde cette CT sur les jaugeages réels ou si on applique du CORTH sur les 2 jaugeages en conservant l'ancienne CT fait sur les points obtenus par calcul débit par la section. DR"
1199145,324,"06/15/24 00:00:00","01/01/50 00:00:00",-82,2550,"H202450",6,,"T","06/20/25 14:58:00","06/20/25 14:59:00",,,,"H202450",0,"CT provisoire ""été"" : pour prendre influence de la végétation, à voir si on conserve cette CT basé sur des jaugeages réels de juin ou si on garde la courbe d'hiver et qu'on applique du CORTH DR"
1199146,592,"01/01/25 00:00:00","01/01/50 00:00:00",830,3000,"H202550",4,"Installation 2 sondes puits tranquilisé capteurs fiables mi-dec 2024.Echelle parfois peu lisibles non accessibles(herbes).","T","06/02/25 15:55:00","06/23/25 12:34:00","09/01/24 00:00:00",,,"H202550",0,"Fait avec les jaugeages GC et appliqué à partir de janvier 2025 car hauteur trafiqué avant. "
1199147,569,"10/21/24 06:15:00","01/01/50 00:00:00",450,5500,"H202450",6,,"T","06/16/25 15:17:00","06/23/25 13:37:00","06/16/25 15:00:00",450,5500,"H202450",0,"Nouvelle courbe créée par GB le 16/06/25, suite à crue d'octobre 2024"
1199148,194,"08/22/24 08:31:00","01/01/50 00:00:00",20,2543,"H202450",7,,"T","06/23/25 15:16:00","06/23/25 15:23:00","01/01/24 00:00:00",,,"H202450",0,"MAJ pour crue influence embâcle"
1199149,194,"12/06/22 12:50:00","08/22/24 08:31:00",20,2543,"H202224",9,,"T","06/23/25 15:27:00","06/23/25 15:29:00","01/01/22 20:00:00",,,"H202224",0,"MAJ pour crue influence embâcle"
1199151,16,"08/26/24 13:00:00","01/01/50 00:00:00",-1450,4300,"H202450",5,"
","T","06/24/25 15:07:00","06/24/25 15:07:00","03/10/25 12:00:00",,,"H202450",0,"Création d'une nouvelle CT suite à un détarage probable lié à la crue du 04/05/24.

"
1199152,16,"08/26/24 13:00:00","01/01/50 00:00:00",-1450,4300,"H202450YS",5,"
","T","06/24/25 15:09:00","06/24/25 15:11:00","03/10/25 12:00:00",,,"H202450YS",1,"Création d'une nouvelle CT suite à un détarage probable lié à la crue du 04/05/24."
1199154,244,"05/05/24 00:00:00","01/01/50 00:00:00",350,1900,"H202450",5,,"T",,"06/25/25 16:16:00",,,,"H202450",0,"Courbe créée suite à crue d'Avril 2024, abaissement du bas de courbe le 22 mai"
1199156,347,"03/24/25 06:00:00","03/24/50 06:00:00",70,2800,"H202550",11,,"T","04/14/25 08:25:00","06/27/25 11:27:00","04/14/25 08:25:00",,,"H202550",0,"Détarage suite à la crue du 24 mars 2025
"
1199157,40,"06/22/24 08:00:00","12/31/50 23:59:00",-400,3000,"H202250",10,,"T","06/24/24 08:36:00","06/27/25 11:29:00","02/22/22 14:30:00",,,"H202250",0,"Détarage suite à la crue du 22 juin 2024."
1199158,262,"03/03/25 12:00:00","01/01/50 00:00:00",270,850,"H202550",7,,"T","06/02/25 10:00:00","06/27/25 11:29:00","06/02/25 10:00:00",,,"H202550",0,"Détarage suite à la crue de fin février 2025"
1199160,247,"01/04/25 07:00:00","01/04/50 00:00:00",190,1780,"H202550",7,,"T","06/27/25 12:00:00","06/27/25 12:00:00","05/13/25 00:00:00",,,"H202550",0,"Détarage suite à la crue de janvier 2025.
"
1199161,382,"07/21/24 09:00:00","01/01/50 00:00:00",280,2000,"H202450",8,"Détarage suite crue éclair du 21-07-2024.Max atteint environ 3.20m et pont totalement en charge 
","T","06/27/25 09:43:00","06/27/25 11:12:00","08/02/24 13:58:00",,,"H202450",0,
1199162,76,"05/19/24 12:10:00","01/01/50 00:00:00",-2000,6500,"H202450",8,,"T","06/27/25 13:13:00","06/27/25 13:13:00","06/20/24 15:00:00",,,"H202450",0,"nouvelle CT suite à la crue du 09/05/2024 et qui correspond au retour à une courbe de 2022."
1199163,562,"10/19/24 05:00:00","01/01/50 00:00:00",180,3500,"H202450",7,,"T","06/27/25 11:28:00","06/27/25 11:31:00","11/04/24 13:55:00",,,"H202450",0,"Création d'une nouvelle courbe de tarage suite à la crue du 19/10/24 , avec une hauteur enregistrée de 3.63 m au pic."
1199164,189,"10/08/24 18:30:00","01/01/40 00:00:00",-500,2000,"H202440",8,"08/10/2024 18h30 crue, hauteur max 1510mm
","T","06/27/25 11:47:00","06/27/25 11:49:00","10/31/24 10:30:00",,,"H202440",0,
1199165,103,"10/18/24 12:00:00","01/01/50 00:00:00",58,6300,"H202450",9,,"T","06/06/25 11:12:00","06/27/25 12:00:00","05/22/25 10:00:00",,,"H202450",0,"Nouvelle courbe suite à la crue du 18/10/2024.
"
1199168,39,"01/15/25 12:01:00","06/20/50 12:00:00",200,3621,"H202550",7,"

","T","05/19/25 08:30:00","06/27/25 14:20:00","05/19/25 08:30:00",,,"H202550",0,"Le début de validité correspond à un détarage de la crue du 15 janvier 2025



"
1199170,488,"10/18/24 00:00:00","01/01/50 00:00:00",280,2500,"H202450",5,"
","T","06/24/25 17:33:00","06/27/25 14:28:00","03/28/25 11:31:00",,,"H202450",0,"Création d'une nouvelle courbe de tarage suite à la crue du 18/10/2024"
1199171,434,"02/24/25 18:20:00","01/01/50 00:00:00",90,6000,"H202550",7,,"T","06/27/25 14:01:00","06/27/25 14:36:00","04/29/25 08:00:00",,,"H202550",0,"nouvelle courbe pour la cohérence entre nouveau et vieux pont pour la gamme d'eau inférieure à 400m3/s."
1199172,150,"02/21/25 09:40:00","01/01/50 00:00:00",-750,7700,"H202550",7,,"T","06/27/25 14:36:00","06/27/25 14:36:00","04/29/25 08:00:00",,,"H202550",0,"nouvelle courbe pour la cohérence entre nouveau et vieux pont pour la gamme d'eau inférieure à 400m3/s."
1199173,269,"05/14/25 14:00:00","12/30/50 00:00:00",20,1200,"H202550",19,"

","T","01/22/24 09:00:00","06/27/25 14:43:00","01/22/24 09:00:00",,,"H202550",0,"
"
1199174,413,"04/24/25 19:00:00","06/25/25 18:40:00",900,3600,"H202525",7,,"T","06/16/25 11:28:00","06/27/25 14:54:00","05/19/25 16:00:00",,,"H202525",0,"nouvelle courbe suite au jaugeage du 15/05/25."
1199175,413,"06/25/25 18:40:00","01/01/50 00:00:00",900,3600,"H202550",6,,"T","06/27/25 14:55:00","06/27/25 14:58:00","06/27/25 14:30:00",,,"H202550",0,"nouvelle courbe suite au jaugeage du 26/06/2025"
