numero,nosta,datedeb,datefin,nature,detail,comment,datemaj,dateenregistrement,datecreation
101988,265,"06/12/02 00:00:00",,"5","50","Photos",,,
102017,268,"06/12/02 00:00:00",,"5","50",,,,
197030,41,"11/15/11 00:00:00","11/28/11 00:00:00","1","11","absence de données",,"12/07/11 08:48:00","12/07/11 08:48:00"
197031,41,"12/06/11 00:00:00",,"3","30",,,"12/07/11 08:49:00","12/07/11 08:49:00"
197032,41,"12/02/11 10:15:00",,"5","50","nettoyage du contrôle (végétation et branchages). cote avant:0.308m - cote après: 0.295m- arrêt du CORTH ce jour",,"02/27/13 11:01:00","02/27/13 11:00:00"
197033,48,"11/09/08 00:00:00",,"2","21",,,"01/25/10 17:23:00","01/25/10 17:23:00"
197034,48,"03/06/07 00:00:00",,"2","21",,,"01/25/10 17:24:00","01/25/10 17:24:00"
197035,48,"07/09/08 00:00:00",,"5","50","Photos du site de la station",,"01/25/10 17:41:00","01/25/10 17:26:00"
197036,48,"06/05/09 00:00:00",,"5","50","Photos de l'environnement de la station",,"01/25/10 17:28:00","01/25/10 17:28:00"
197037,48,"11/27/09 00:00:00",,"5","50","Photos du nettoyage aux abords de la prise de pression",,"01/25/10 17:40:00","01/25/10 17:40:00"
197038,49,"09/01/09 00:00:00",,"5","50","Nivellement du "" 0 "" de l'échelle par un cabinet de géomètre-Cote (IGN 69): 59.64m
",,"02/17/12 14:17:00","02/17/12 14:16:00"
197039,55,"01/01/02 00:00:00",,"2","24","en 2002 la digue et le déversoir rive gauche a été entierement refaite
en 2003 la crue de décembre a modifier les travaux de 2002 réparer sur l'année 2004
en  2008 la chevrette rive gauche a été enlevée à partir de la station vers l'aval modifiant complettement le controle de la courbe de tarage faible eau et étiage",,"03/18/09 09:32:00","03/18/09 09:09:00"
197040,55,"07/05/23 00:00:00",,"3","32","Chantier installation de 2 nouveaux capteurs en remplacement des 2 anciens capteurs, en cours. Effectué par P.GUICHON, V.BERTHEAU et Patrick IMBERT (HBTP). ",,"07/07/23 11:49:00","07/07/23 11:49:00"
197041,74,"03/11/10 00:00:00",,"5","50","Essai d'un radar télétransmis sur la partie centrale du lit mineur.",,"02/17/12 11:49:00","02/17/12 11:49:00"
197042,74,"03/08/11 00:00:00",,"3","31","Mise en service officielle du radar télétransmis sur la partie centrale du lit mineur utilisée comme voie principale hauteur",,"02/17/12 11:50:00","02/17/12 11:50:00"
197043,75,"01/04/10 00:00:00","01/15/10 00:00:00","5","50","Baisse progressive de la vanne au Moulin de Ballan",,"01/18/10 10:46:00","01/18/10 10:46:00"
197044,75,"10/24/08 00:00:00",,"2","24","Mise en position hivervale de la vanne du Moulin de Ballan",,"01/18/10 11:08:00","01/18/10 11:08:00"
197048,4,"08/02/19 00:00:00",,"2","20","Déplacement de l'échelle d'étiage.",,"08/05/19 16:03:00","08/05/19 16:03:00"
197049,7,"01/07/11 00:00:00","01/12/11 00:00:00","1","12",,,"01/09/13 09:46:00","01/09/13 09:46:00"
197050,7,"01/30/11 00:00:00","02/18/11 00:00:00","1","12",,,"01/09/13 09:47:00","01/09/13 09:47:00"
197051,13,"01/14/09 00:00:00",,"5","50","riviére gelée pendant cette période
radar visant la glace
cote échelle 0.06 cm",,"01/19/09 09:32:00","01/19/09 09:27:00"
197052,13,"01/24/17 00:00:00","01/26/17 00:00:00","5","50","Gel rivière et échelle constaté le 24/01/2017 , pas de mesure possible.","01/27/17 10:20:00","01/27/17 10:20:00","01/27/17 10:20:00"
197053,14,"12/01/15 00:00:00",,"2","26","Remplacement des passages buzés sous la chaussée rive gauche , influence en crue constaté sur le jaugeage 
N°: 285 .
Nouvelle CT suite à cette mesure.",,"02/29/16 10:53:00","02/29/16 10:53:00"
197054,15,"12/15/07 00:00:00","12/23/07 00:00:00","5","50","dernier jaugeages en juillet 2007 travaux passe à poissons
fin des travaux  decembre 2007 reprise des jaugeages",,"01/11/10 16:39:00","01/11/10 16:37:00"
197055,21,"01/24/17 00:00:00","01/26/17 00:00:00","5","50","Gel rivière et échelle constaté le 24/01/2017 , pas de mesure possible.","01/27/17 10:19:00","01/27/17 10:19:00","01/27/17 10:19:00"
197056,26,"05/01/09 00:00:00","10/31/09 00:00:00","5","50","travaux sous le pont renforcement des piles.
le lit de la riviére sera obstrué sur toute la période",,"08/21/09 16:13:00","08/21/09 16:13:00"
197057,29,"06/10/11 00:00:00","06/23/11 00:00:00","1","17","Dysfonctionnement de l'appareil LPN8",,"08/01/11 14:55:00","08/01/11 14:55:00"
197058,33,"11/04/15 09:00:00","11/04/15 12:00:00","5","50","Nettoyage des embâcles sur les piles du pont",,"01/29/16 11:54:00","01/29/16 11:54:00"
197059,40,"01/06/10 00:00:00",,"5","50","photos du seuil",,"02/10/10 14:20:00","02/10/10 14:20:00"
197284,180,"09/01/17 00:00:00",,"2","26","Travaux sur le pont. Modification de la section de crue avec comblement des premières arches rives droite et gauche. Eté 2018 travaux avec déplacement d'un batardeau dans le lit mineur.",,"09/05/18 17:13:00","09/05/18 10:47:00"
197301,213,"10/17/16 00:00:00",,"5","50","Nouvelle courbe de crue avec baratin
",,"10/17/16 10:42:00","10/17/16 10:42:00"
197302,220,"05/30/16 00:00:00","06/02/16 00:00:00","5","50","MAI-JUIN 2016 CRUE Importante de la Bezonde. Hauteur Maxi observer est de 3m67 le 1 juin16 a 7h00.
Voir Photos du débordement des Dossier Station de PANNES.
Pour information: A environ 180m de la Bezonde a Pannes au 585 rue de la Varenne, 70cms d'eau dans la maison.",,"01/30/17 16:20:00","01/04/17 11:15:00"
197303,231,"01/16/67 15:00:00",,"5","50","Mise en service de la station",,"01/25/10 13:57:00","01/25/10 13:57:00"
197304,231,"04/07/92 00:00:00",,"5","50","Curage aval",,"01/25/10 13:58:00","01/25/10 13:58:00"
197305,231,"03/09/94 00:00:00",,"5","50","Changement d'échelle",,"01/25/10 13:58:00","01/25/10 13:58:00"
197306,231,"03/10/94 00:00:00",,"3","30","Installation d'une centrale d'acquisition et télétransmission",,"01/25/10 14:00:00","01/25/10 14:00:00"
197307,231,"04/19/99 00:00:00",,"3","32","changement de centrale d'acquisition et pose d'un panneau solaire",,"01/25/10 14:08:00","01/25/10 14:01:00"
197308,231,"03/07/07 00:00:00",,"5","50","nivellement du zéro de l'échelle (D. RONCERAY & V. LELUAN) zéro échelle : 78.70m",,"01/25/10 14:02:00","01/25/10 14:01:00"
197309,231,"12/20/96 00:00:00",,"3","32","changement de centrale d'acquisition",,"01/25/10 14:05:00","01/25/10 14:05:00"
197310,231,"07/16/97 00:00:00",,"3","32","changement de centrale d'acquisition",,"01/25/10 14:05:00","01/25/10 14:05:00"
197311,231,"07/21/97 00:00:00",,"3","32","changement de centrale d'acquisition",,"01/25/10 14:05:00","01/25/10 14:05:00"
197312,231,"02/19/98 00:00:00",,"3","32","changement de centrale d'acquisition",,"01/25/10 14:06:00","01/25/10 14:06:00"
197313,231,"11/05/98 00:00:00",,"3","32","changement de centrale d'acquisition",,"01/25/10 14:07:00","01/25/10 14:07:00"
197314,231,"01/05/99 00:00:00",,"3","32","changement de centrale d'acquisition",,"01/25/10 14:07:00","01/25/10 14:07:00"
197315,231,"08/18/99 00:00:00",,"3","32","changement de centrale d'acquisition, installation d'une ALCYR",,"01/25/10 14:09:00","01/25/10 14:09:00"
197316,231,"10/12/99 00:00:00",,"5","50","Nettoyage de la sonde USi avec la pompe d'aspiration",,"01/25/10 14:11:00","01/25/10 14:11:00"
197317,231,"01/01/71 00:00:00",,"2","26",,,"01/25/10 14:45:00","01/25/10 14:45:00"
197318,231,"03/01/72 00:00:00",,"2","26",,,"01/25/10 14:45:00","01/25/10 14:45:00"
197319,231,"05/01/72 00:00:00",,"2","26",,,"01/25/10 14:45:00","01/25/10 14:45:00"
197320,231,"01/18/73 00:00:00",,"2","26",,,"01/25/10 14:46:00","01/25/10 14:46:00"
197321,231,"10/29/73 00:00:00",,"2","26",,,"01/25/10 14:46:00","01/25/10 14:46:00"
197322,231,"09/06/75 00:00:00",,"2","26",,,"01/25/10 14:47:00","01/25/10 14:47:00"
197323,231,"06/09/76 00:00:00",,"2","26",,,"01/25/10 14:47:00","01/25/10 14:47:00"
197324,231,"07/05/76 00:00:00",,"2","26",,,"01/25/10 14:48:00","01/25/10 14:48:00"
197325,231,"01/25/78 00:00:00",,"2","26",,,"01/25/10 14:48:00","01/25/10 14:48:00"
197326,231,"07/22/80 00:00:00",,"2","26",,,"01/25/10 14:49:00","01/25/10 14:49:00"
197327,231,"10/07/80 00:00:00",,"2","26",,,"01/25/10 14:49:00","01/25/10 14:49:00"
197328,231,"01/01/82 00:00:00",,"2","26",,,"01/25/10 14:49:00","01/25/10 14:49:00"
197329,231,"01/01/93 00:00:00",,"2","26",,,"01/25/10 14:50:00","01/25/10 14:50:00"
197330,231,"01/01/94 00:00:00",,"2","26",,,"01/25/10 14:50:00","01/25/10 14:50:00"
197331,231,"03/09/94 00:00:00",,"2","26",,,"01/25/10 14:50:00","01/25/10 14:50:00"
197332,231,"01/09/96 00:00:00",,"2","26",,,"01/25/10 14:50:00","01/25/10 14:50:00"
197333,231,"06/01/05 00:00:00",,"2","26",,,"01/25/10 14:51:00","01/25/10 14:51:00"
197334,231,"09/15/07 00:00:00",,"2","26","Correspond à la fin de l'étiage 2007",,"01/25/10 14:52:00","01/25/10 14:52:00"
197335,231,"03/23/09 00:00:00",,"5","50","Photos du site de la station",,"01/25/10 15:02:00","01/25/10 15:02:00"
197336,231,"01/16/81 00:00:00",,"5","50","Photos(2) papier de la station",,"01/25/10 15:04:00","01/25/10 15:04:00"
197337,231,"12/12/13 14:45:00",,"5","50","remplacement de l'échelle",,"02/25/15 15:09:00","02/25/15 15:09:00"
197338,231,"08/12/20 00:00:00","08/19/20 00:00:00","1","16","Démolition du radier","03/14/22 09:53:00","03/14/22 09:57:00","03/14/22 09:53:00"
197339,231,"09/30/20 00:00:00",,"2","26","Instalation après travaux ( démolition du radier) d' une échelle d' étiage et  doublage du capteur",,"06/19/23 10:23:00","06/19/23 10:23:00"
197340,250,"11/12/68 00:00:00",,"5","50","Mise en service",,,
197341,250,"06/19/69 00:00:00","06/27/69 00:00:00","1","11",,,,
197342,250,"06/28/69 00:00:00","07/18/69 00:00:00","1","11",,,,
197343,250,"07/23/69 00:00:00","07/28/69 00:00:00","1","11",,,,
197344,250,"11/04/69 00:00:00",,"5","50","Retrait d'une poutre (-3cm)",,,
197345,250,"11/26/69 00:00:00","12/15/69 00:00:00","1","11",,,,
197346,250,"12/22/69 00:00:00","01/23/70 00:00:00","1","11",,,,
197347,250,"01/28/69 00:00:00","01/31/70 00:00:00","1","11",,,,
197348,250,"01/28/70 00:00:00","01/31/70 00:00:00","1","11",,,,
197349,250,"05/22/71 00:00:00",,"2","21",,,,
197350,250,"01/12/72 00:00:00","02/17/72 00:00:00","1","11",,,,
197351,250,"05/24/72 00:00:00","05/26/72 00:00:00","1","11",,,,
197352,250,"06/03/73 00:00:00",,"2","21",,,,
197353,250,"09/10/73 00:00:00",,"2","21",,,,
197354,250,"07/03/74 00:00:00",,"2","26",,,,
197355,250,"01/28/75 00:00:00",,"2","21",,,,
197356,250,"05/07/75 00:00:00","05/20/75 00:00:00","1","10",,,,
197357,250,"11/16/75 00:00:00",,"2","22",,,,
197358,250,"10/30/75 00:00:00",,"5","50","Constaté recalibrage de la Brenne sur 25m en amont de la station. Egalement suppression ilot à 50m aval de la station.",,,
197359,250,"02/20/77 00:00:00",,"2","21",,,,
197360,250,"03/01/77 00:00:00",,"5","50","Echelle détériorée (Changement)
",,,
197361,250,"01/22/78 00:00:00",,"2","21",,,,
197362,250,"06/27/79 00:00:00","07/12/79 00:00:00","1","13",,,,
197363,250,"08/18/80 00:00:00","08/22/80 00:00:00","1","11",,,,
197364,250,"01/01/81 00:00:00",,"2","26",,,,
197365,250,"05/09/83 00:00:00",,"5","50","Remplacement de l'échelle",,,
197366,250,"04/09/83 00:00:00",,"2","21",,,,
197367,250,"01/21/85 00:00:00",,"5","50","Recalage suite à la fonte de la glace dans la colonne.",,,
197368,250,"02/24/87 00:00:00",,"5","50","Constaté ce-jour que le cable du flotteur se trouvait hors de la gorge de la poulie du bras mobile.",,,
197369,250,"06/08/88 00:00:00","06/30/88 00:00:00","4","42","Pollution de la Brenne par l'usine Protex, située 1km en amont de la station, mise en place d'un boudin absorbant sous le pont, surélévation du plan d'eau de 3,5cm.",,,
197370,250,"11/23/84 00:00:00",,"5","50","Série de photos de la crue du jour (1,82m)",,,
197371,250,"08/06/92 00:00:00","08/12/92 00:00:00","1","17","Observation de la ht max pendant l'absence d'info sur la platine du OTTXX (0,33m)",,,
197372,250,"08/30/93 00:00:00","09/06/93 00:00:00","1","10",,,,
197373,250,"11/04/96 00:00:00","11/08/96 00:00:00","1","16","Démontage de la colonne pour modernisation, consolidation de la pile RD par une protection d'enrochement sur 20m de long.
Série de photos des travaux finis",,,
197374,250,"11/08/96 00:00:00",,"3","30","Mise en place d'une centrale CR2M alimentée en solaire avec une sonde Ultra-Son. ",,,
197375,250,"02/26/97 01:00:00","02/27/97 10:00:00","1","12","Envasement de la sonde, repérage du maxi de la crue du 26/02 par les laissés de crue (1,77m)",,,
197376,250,"01/19/98 19:00:00","01/20/98 15:00:00","1","12","Tube PVC détruit par un corps flottant.",,,
197377,250,"01/25/98 03:30:00","01/27/98 13:00:00","1","12","Envasement de la sonde",,,
197378,250,"06/19/98 00:00:00",,"3","32","Installation d'une alimentation solaire.",,,
197379,250,"01/23/99 05:00:00","01/25/99 16:00:00","1","12","Envasement de la sonde",,,
197380,250,"09/30/99 10:00:00","10/04/99 19:00:00","1","12","Envasement de la sonde",,,
197381,250,"10/05/99 19:00:00","10/14/99 09:00:00","1","12","Envasement de la sonde",,,
197382,250,"01/24/84 00:00:00",,"2","21","Légère modification en étiage.",,,
197383,250,"01/04/89 00:00:00",,"2","26","Légère modification en étiage",,,
197384,250,"01/10/91 00:00:00",,"2","21","Légère modification en étiage",,,
197385,250,"11/29/97 00:00:00",,"2","26","Légère modification en étiage",,,
197386,250,"12/29/99 00:00:00","01/13/00 00:00:00","4","42","Nettoyage du radier (Petit arbre en travers)",,,
197387,250,"01/17/00 00:00:00",,"5","50","Nettoyage curatif de la sonde.",,,
197388,250,"05/17/00 00:00:00",,"5","50","Nettoyage curatif de la sonde.",,,
197389,250,"05/13/00 23:00:00","05/16/00 00:00:00","1","12","Sonde envasée.",,,
197390,250,"11/21/00 21:00:00","11/22/00 11:30:00","1","12","Sonde envasée. Nettoyage provisoire(sonde inaccessible)",,,
197391,250,"12/01/00 12:00:00",,"5","50","Changement du dispositif PVC (support de sonde à double tube)",,,
197392,250,"12/14/00 15:25:00",,"5","50","La lecture de l'échelle est très difficile en crue (rupture de pente au niveau de l'échelle associé aux turbulences du tube de la sonde USi).
Il faut envisager un déplacement quelques mètres en amont.",,,
197393,250,"01/24/01 14:00:00",,"5","50","Confirmation de la difficulté de lecture de l'échelle en crue et de la nécessité de son déplacement.",,,
197394,250,"03/15/01 12:30:00","03/22/01 22:45:00","1","12","Suite à la crue du 13 au 14/03, du sable et alluvions ont réussit à pénétrer dans le dispositif PVC(Bidim en partie distendu)",,,
197395,250,"03/22/01 00:00:00",,"5","50","Photo de l'aménagement d'un accès à l'échelle dans un enrochement. Installation provisoire du sonde pression en 3ème voie quelques mètres en amont pour voir la différence d'enregistrement des crues.",,,
197396,250,"03/14/01 00:00:00",,"2","21","Modification de la courbe en basses eaux.",,,
197397,250,"09/19/01 08:30:00",,"5","50","Déplacement de la sonde pression (voie d'essai) sur la section de l'échelle du pont. Nettoyage (bloc de pierre tombé dans le lit) du futur emplacement d'échelle situé environ à 7m en amont du pont;  ",,,
197398,250,"10/09/01 11:00:00","10/09/01 15:00:00","5","50","Mise en place de l'échelle en amont du pont afin de mieux lire les cotes en hautes eaux, sera installé sur cette même section un nouveau système de mesure des hauteurs ""le nilomètre"".
Nivellement entre les 2 échelles: le zéro de l'échelle amont est 37mm plus bas que celui de l'échelle au pont.
Remise en place de la sonde pression sur la section de l'échelle amont.
Photos",,,
197399,250,"11/12/01 12:00:00",,"5","50","Mise en service du Nilomêtre par la société SEROSI.
Les hauteurs traités sont toujours celles de la sonde U.S.(CRM2) tant que la courbe de tarage, correspondant à la section de l'échelle amont, n'a pas était établie de façon satisfaisante. ",,,
197400,250,"03/27/01 00:00:00",,"5","50","nettoyage sonde U.S",,,
197401,250,"12/01/96 00:00:00",,"5","50","Photos",,,
197402,250,"02/18/99 00:00:00",,"5","50","Photos",,,
197403,250,"10/22/03 00:00:00",,"5","50","Nettoyage du seuil avec peu d'effet sur la hauteur",,,
197404,250,"11/25/03 00:00:00",,"5","50","Nettoyage du seuil : baisse de 1 centimètre",,,
197405,250,"07/01/04 00:00:00","12/31/04 00:00:00","5","50","Présence d'étaies métalliques (8) sous le pont afin de renforcés celui-ci lors des passges de poids lourds(restauration du moulin). Cette précence a occasionné plusieurs petits embâcles pendant cette période.",,,
197406,250,"02/23/05 00:00:00",,"2","20","Après 3 ans d'observations sur la section située une dizaine de mètres plus en amont, le déplacement de la station sur cette section amont est effectif ce jour.",,"06/14/07 12:18:00",
197407,250,"04/21/04 00:00:00",,"5","50","PHOTOS",,,
197408,250,"08/23/05 00:00:00",,"5","50","PHOTO",,,
197409,250,"11/08/05 00:00:00",,"5","50","PHOTOS",,,
197410,251,"05/15/00 16:00:00",,"2","20","Suite à un accident de la circulation, qui a déterioré l'échelle, une échelle provisoire a été installé.
Le ""0"" de l'échelle, mis au hasard, semble être environ 2cm plus haut que le précédant.",,,
197411,251,"05/14/00 12:00:00","05/16/00 16:00:00","1","17","Accident de la circulation, détérioration du support de la sonde U.S. et de l'échelle
Photo des dégats.",,,
197412,251,"07/19/00 11:00:00","07/19/00 14:20:00","1","16",,,,
197413,251,"07/19/00 14:20:00",,"2","20","Remise en place définitive de l'échelle.
Nivellement du ""0"" de l'échelle par rapport au repère NGF(Alt. 154m), situé sur le mur de soutien du talus en amont et rive droite du pont. L'altitude du ""0"" est à 151,957m.",,,
197414,251,"10/18/91 00:00:00",,"5","50","Pose d'un seuil béton sous le pont dans l'axe de la chaussée, élévation du plan d'eau de 6 à 7cm.
Série de photos du seuil avant et après la pose.",,,
197415,251,"01/15/92 14:20:00",,"5","50","Mise en service",,,
197416,251,"08/28/93 06:00:00","09/03/93 12:30:00","1","11",,,,
197417,251,"01/01/92 00:00:00","01/15/92 00:00:00","4","43","Estimation des qj pour compléter l'année.",,,
197418,251,"04/21/00 00:00:00",,"5","50","Changement de connecteur série sur la centrale.",,,
197419,251,"03/28/01 00:00:00",,"5","50","Série de photos argentiques de la station pour l'aménagement d'un escalier béton.",,,
197420,251,"04/01/99 12:00:00",,"5","50","travaux entre la section de mesure et la vanne amont, adduction d'une ligne fibre optique le long de la départemental.",,,
197421,251,"05/27/99 00:00:00",,"5","50","nettoyage sonde",,,
197422,251,"12/01/91 00:00:00",,"5","50","Photos",,,
197423,251,"03/28/98 00:00:00",,"5","50","Photos",,,
197424,251,"02/04/99 00:00:00",,"5","50","Photos",,,
197425,251,"03/04/99 00:00:00",,"5","50","Photos",,,
197426,251,"10/17/02 00:00:00",,"5","50","Nettoyage du radier et du seuil: baisse du plan d'eau de 5mm.",,,
197427,251,"12/20/02 10:00:00","12/30/02 15:50:00","1","11",,,,
197428,251,"07/09/03 10:35:00",,"5","50","Nettoyage de la sonde USi",,,
197429,251,"08/19/05 00:00:00",,"3","32","Changement d'alim, sur batterie 12v maintenant.",,,
197430,251,"11/15/05 00:00:00",,"3","32","Changement de la centrale pour une Alcyr2",,,
197431,251,"06/20/05 13:23:00",,"5","50","nettoyage contrôle",,,
197432,251,"10/06/05 10:35:00",,"5","50","nettoyage seuil",,,
197433,252,"02/21/66 00:00:00",,"5","50","Mise en service.",,,
197434,252,"07/22/67 00:00:00","07/24/67 00:00:00","4","42","Barrage 150m en aval(+10cm)",,,
197435,252,"06/23/69 00:00:00","06/26/69 00:00:00","4","43","Reconstitution, de ces 4 jours, faites avec une courbe spéciale pour cette crue d'été mesurée le 24,25,26,27juin",,,
197436,252,"04/30/70 00:00:00",,"2","26","Modification en basses et moyennes eaux",,,
197437,252,"09/16/70 00:00:00","11/18/70 00:00:00","4","42","Décalage pour de 0 à 75mm pour harmoniser le passage d'une courbe de tarage à une autre dont la cause du changement de  courbe est inconnue. ",,,
197438,252,"05/03/71 00:00:00","05/04/71 00:00:00","1","11",,,,
197439,252,"05/26/71 00:00:00","06/01/71 00:00:00","1","11","Horloge arrêtée.",,,
197440,252,"07/12/72 00:00:00","07/28/72 00:00:00","1","11","Plume du stylet bouchée.",,,
197441,252,"10/11/72 00:00:00","10/17/72 00:00:00","1","10","Bobine papier épuisé",,,
197442,252,"09/04/73 00:00:00","09/19/73 00:00:00","1","10","Papier froissé.",,,
197443,252,"01/01/74 00:00:00",,"2","26","Modification en basses et moyennes eaux",,,
197444,252,"10/19/74 00:00:00",,"2","26","Modification en basses et moyennes eaux",,,
197445,252,"04/02/75 00:00:00",,"2","21","Modification en basses et moyennes eaux",,,
197446,252,"05/04/76 00:00:00",,"2","26","Modification en basses et moyennes eaux",,,
197447,252,"12/02/76 00:00:00",,"2","21","Modification des moyennes et hautes eaux",,,
197448,252,"06/18/77 00:00:00","06/27/77 00:00:00","1","11",,,,
197449,252,"04/01/76 00:00:00",,"5","50","Photos(2) de la station ",,,
197450,252,"03/20/78 00:00:00",,"2","21","Modification en basses et moyennes eaux",,,
197451,252,"03/28/79 00:00:00",,"2","21","Modification en basses et moyennes eaux",,,
197452,252,"09/15/80 00:00:00","09/19/80 00:00:00","1","11",,,,
197453,252,"01/04/81 00:00:00",,"2","21","Modification en basses et moyennes eaux",,,
197454,252,"12/20/82 00:00:00",,"2","21","Modification en basses et moyennes eaux",,,
197455,252,"11/01/81 00:00:00",,"5","50","Série de photos des ponts (3) sur la section de la station.",,,
197456,252,"05/12/85 00:00:00",,"2","21","Modification en basses et moyennes eaux",,,
197457,252,"03/01/86 00:00:00",,"2","21","Modification en basses et moyennes eaux",,,
197458,252,"04/22/87 00:00:00",,"2","22","Nettoyage des rives en aval de la station
Série de photos après le nettoyage
Modification en basses et moyennes eaux",,,
197459,252,"08/11/87 00:00:00",,"5","50","Colonne envasée, le flotteur talonne.",,,
197460,252,"10/26/87 00:00:00","11/03/87 00:00:00","1","11",,,,
197461,252,"11/05/87 00:00:00","11/09/87 00:00:00","1","11",,,,
197462,252,"12/07/87 00:00:00","12/14/87 00:00:00","1","11",,,,
197463,252,"02/07/88 00:00:00",,"2","21","Modification en basses et moyennes eaux",,,
197464,252,"08/25/88 00:00:00","09/21/98 00:00:00","4","42","Barrage de branchages en aval de la station sur le seuil naturel de contrôle, -2cm après le nettoyage.",,,
197465,252,"09/21/88 00:00:00","10/18/88 00:00:00","4","42","Barrage de branchages en aval de la station sur le seuil naturel de contrôle, -2cm après le nettoyage.",,,
197466,252,"12/20/82 00:00:00",,"5","50","Photos de la crue (1,95m) par M. GHIO( SEMA Orléans)
Cote à l'echelle de Montrésor sur l'Indrois: 2,80m",,,
197467,252,"12/23/88 00:00:00",,"5","50","Suite au risque de talonnage du flotteur dans la colonne, descente de celle-ci de 7cm environ",,,
197468,252,"01/10/89 00:00:00",,"3","31","changement de flotteur et contre-poids, on a enlevé un 110mm pour remettre un 200mm.",,,
197469,252,"05/31/89 00:00:00",,"5","50","Suite aux travaux de curage de 1987 en aval, changement d'emplacement de l'échelle. Un décalage se produisait entre la cote de l'échelle et celle enregistrée sur le limni.
Fixée auparavant contre l'appui du pont en RD et sur le radier, l'échelle est maintenant sur la colonne(aval immédiat du radier).
L'échelle a été calé à la même hauteur qu'a son ancien emplacement. Il y avait, ce jour, 2cm d'écart de niveau d'eau entre celui situé sur le radier et celui situé à la colonne.",,,
197470,252,"01/01/90 00:00:00",,"2","26","Modification en basses et moyennes eaux",,,
197471,252,"02/16/91 00:00:00",,"2","21","Modification en basses et moyennes eaux",,,
197472,252,"12/04/92 00:00:00",,"2","21","Modification en basses eaux",,,
197473,252,"04/07/92 00:00:00","04/08/92 00:00:00","1","11",,,,
197474,252,"08/08/92 20:00:00","09/21/92 19:30:00","4","42","Suite à une tornade, les peupliers cassés à l'aval ont obstrués le lit de la rivière.
Photos des dégats(2).",,,
197475,252,"03/20/94 00:00:00",,"2","26","Modification en basses et moyennes eaux",,,
197476,252,"05/21/95 00:00:00",,"5","50","Photo de la crue (aval de la station)",,,
197477,252,"01/22/96 00:00:00","01/23/96 00:00:00","1","11",,,,
197478,252,"06/13/96 13:40:00",,"2","24","Changement d'emplacement de la station, elle est située maintenant à l'amont immédiat du pont.
Construction d'un seuil de contrôle en béton sur le radier.
Installation d'une centrale CR2M télétransmise avec capteur US.
",,,
197479,252,"06/20/96 16:00:00",,"5","50","Correspondance d'échelle entre l'ancien et le nouvel emplacement.
Ancien Ht: 0,015m
Nouvel Ht: 0,202m
Série de photos du nouvel emplacement. ",,,
197480,252,"10/01/96 13:00:00",,"5","50","A la cote de 0,26m, l'eau passe sous les deux arches du pont.",,,
197481,252,"01/01/99 00:00:00",,"5","50","Photo de la station",,,
197482,252,"11/02/99 09:00:00","11/09/99 11:00:00","1","12","Sonde envasée. Repérage des laissés de crue pour la reconstitution des débits. Ht max a été environ de 1,20m.",,,
197483,252,"04/02/98 19:00:00","04/03/98 19:00:00","1","12","Sonde envasée.",,,
197484,252,"04/22/98 03:00:00","04/27/98 14:00:00","1","12","Sonde envasée.",,,
197485,252,"12/28/99 00:00:00",,"2","21","Modification en basses eaux.
Les causes de ce détarage sont inconnues, le seuil et l'échelle semble en bon état.",,,
197486,252,"04/07/99 00:00:00",,"5","50","Photos de ????",,,
197487,252,"07/24/00 12:00:00","08/07/00 12:30:00","5","50","Obstruction du seuil par deux rondins de bois.",,,
197488,252,"05/19/00 00:00:00",,"5","50","Installation d'un dispositif double tube pour la sonde U.S.",,,
197489,252,"04/18/00 00:00:00",,"5","50","Changement de connecteur série sur la centrale.",,,
197490,252,"08/01/00 00:00:00",,"5","50","Début du soutien d'étiage par la retenue de Nouans-Les-Fontaines.",,,
197491,252,"09/05/00 00:00:00",,"5","50","Visite à la retenue de NOUANS, débit de sortie mesuré: 0,140 m3/s.
La retenue semble être vidée des 2/3.",,,
197492,252,"03/23/00 00:00:00",,"5","50","Visite à la retenue de Nouans, débit de sortie: 0,018 m3/s.
La retenue est pleine mais l'eau ne passe pas par le déversoir.
Les apports en amont semblent être de l'ordre du débit de sortie.",,,
197493,252,"10/05/00 13:55:00",,"5","50","Visite à la retenue de NOUANS, débit de sortie mesuré: 1 l/s.
La retenue est vidée et la vanne fermée.
Seuil légèrement encombré de feuilles et branchages
Ht avant nettoyage:220mm
Ht après nettoyage:215mm",,,
197494,252,"06/24/01 20:00:00","07/11/01 11:40:00","5","50","Hauteur influencée par un dépot de bois sur le seuil. Nettoyage le 11/07 -> influence: -18mm.",,,
197495,252,"11/14/01 13:20:00",,"5","50","Nettoyage du seuil.  -> influence: -8mm.
Photos",,,
197496,252,"09/10/01 13:45:00",,"5","50","Nettoyage du seuil.  -> influence: -15mm.",,,
197497,252,"08/03/01 10:00:00",,"5","50","Début du soutien d'étiage par la retenue de Nouans-Les-Fontaines.",,,
197498,252,"09/25/97 00:00:00",,"5","50","nettoyage radier",,,
197499,252,"02/12/98 00:00:00",,"5","50","nettoyage radier",,,
197500,252,"07/01/98 00:00:00",,"5","50","nettoyage seuil",,,
197501,252,"06/02/98 00:00:00",,"5","50","nettoyage seuil",,,
197502,252,"07/27/99 00:00:00",,"5","50","buches sur le seuil + nettoyage sonde",,,
197503,252,"06/12/01 00:00:00",,"5","50","nettoyage sonde",,,
197504,252,"05/01/87 00:00:00",,"5","50","Photos",,,
197505,252,"01/25/96 00:00:00",,"5","50","Photos",,,
197506,252,"01/23/99 00:00:00",,"5","50","Photos",,,
197507,252,"02/09/99 00:00:00",,"5","50","Photos",,,
197508,252,"03/21/01 00:00:00",,"5","50","Photos",,,
197509,252,"11/19/70 00:00:00",,"2","26",,,,
197510,252,"09/30/75 00:00:00",,"2","26",,,,
197511,252,"08/02/02 00:00:00","09/29/02 00:00:00","5","50","Soutien de l'étiage par la retenue de Nouans les Fontaines",,,
197512,252,"06/09/04 00:00:00",,"3","32","Changement de modem et d'alim (batterie 12v maintenant)",,,
197513,252,"04/20/04 00:00:00",,"5","50","PHOTOS",,,
197514,252,"03/08/05 12:10:00",,"5","50","nettoyage seuil",,,
197515,252,"09/26/05 10:40:00",,"5","50","nettoyage seuil",,,
197516,252,"11/10/05 12:15:00",,"5","50","nettoyage seuil",,,
197517,253,"04/19/00 00:00:00",,"5","50","Changement de connecteur série sur la centrale.",,,
197518,253,"07/12/00 00:00:00",,"5","50","Nettoyage préventif de la sonde.",,,
197519,253,"07/20/00 00:00:00",,"3","32","Installation d'une alimentation solaire.",,,
197520,253,"10/10/00 11:05:00",,"5","50","Petit nettoyage en aval immédiat du seuil(feuilles et branches)
Ht avant nettoyage: 277mm
Ht après nettoyage: 272mm",,,
197521,253,"12/21/67 15:00:00",,"5","50","Mise en service de la station.",,,
197522,253,"02/24/70 00:00:00",,"2","21","Modification en basses et moyennes eaux.",,,
197523,253,"09/16/70 00:00:00",,"2","26","Modification en basses et moyennes eaux.",,,
197524,253,"05/07/72 00:00:00",,"2","26","Modification en basses et moyennes eaux.
Pas d'information sur cette période du 7/5 au 7/9/1972",,,
197525,253,"09/07/72 00:00:00",,"2","26","Reprise de la courbe antérieure au 7/5/1972",,,
197526,253,"01/11/73 00:00:00","03/14/73 00:00:00","1","16","Travaux de curage",,,
197527,253,"01/12/73 00:00:00",,"2","22",,,,
197528,253,"03/22/74 00:00:00",,"2","21","Modification en basses eaux.",,,
197529,253,"02/21/77 00:00:00",,"2","21","Modification en basses eaux.",,,
197530,253,"07/07/77 00:00:00",,"5","50","Un orage de grande intensité (ex: à Tauxigny, 115mm ont été receuillis en deux heures environ) a apporté sur le bassin de l'Echandon une pluie moyenne de 80mm.",,,
197531,253,"07/08/77 00:00:00",,"2","21","La station est endommagée par la crue exceptionnelle ( serait de l'ordre de la centennale).",,,
197532,253,"07/21/77 00:00:00","07/22/77 00:00:00","1","16","Travaux de remise en état de la station.",,,
197533,253,"02/20/78 00:00:00","03/23/78 00:00:00","1","16","Station endommagée par un accident de la circulation, le limnigraphe est déplacé quelques dizaines de mètres en amont. L'échelle serait restée à son emplacement.",,,
197534,253,"12/05/78 00:00:00",,"2","26","Modification en basses eaux.",,,
197535,253,"03/04/80 00:00:00",,"2","26","Modification en basses eaux.",,,
197536,253,"12/21/82 00:00:00",,"2","21","Modification en basses eaux.",,,
197537,253,"04/27/86 00:00:00",,"2","21","Modification en basses eaux.",,,
197538,253,"11/09/87 00:00:00",,"2","20","Début des travaux de réfection du pont, échelle démontée sans repère par l'entreprise.
Un repère (Goujon de fixation de l'échelle) est toutefois trouvé et estimé à la cote de 1,92m.",,,
197539,253,"11/30/87 00:00:00",,"5","50","Pose d'une échelle provisoire sur la passerelle en bois construite provisoirement pour les travaux.
Pas de trace de repérage par rapport à l'échelle d'origine.",,,
197540,253,"03/08/88 00:00:00",,"5","50","Démontage de la passerelle provisoire ainsi que l'échelle.",,,
197541,253,"03/31/88 00:00:00",,"2","20","Installation d'une échelle(Tronçon de 1m) dans la section de la prise d'eau du limnigraphe, coté RD.
Modification de la courbe sur toute la gamme de hauteurs.",,,
197542,253,"01/13/89 00:00:00",,"5","50","Nivellement de rattachement à l'échelle d'origine: le ""0"" de la nouvelle échelle est à -34cm par rapport à celui d'origine.",,,
197543,253,"06/20/88 00:00:00",,"5","50","Pose d'une échelle à l'aplomb de la colonne du limnigraphe (RG) et à la même cote que celle en RD.
Série de photos de la station et de ses environs.",,,
197544,253,"10/07/89 00:00:00",,"2","24","Barrage de pierre construit par des pécheurs où autre personnes.
Malgré un étalement vers l'aval des pierres formant le barrage sur le contrôle, le12/10/1989, celui-ci se trouve modifié.
Modification en basses eaux.",,,
197545,253,"10/12/89 00:00:00",,"5","50","Etalement vers l'aval des pierres formant le barrage sur le contrôle.",,,
197546,253,"08/17/89 00:00:00",,"5","50","Photo de la trés forte eutrophisation à cette période de sécheresse.",,,
197547,253,"11/15/81 00:00:00",,"5","50","Série de photos de la station et de ses environs.",,,
197548,253,"05/01/90 00:00:00","09/01/90 00:00:00","5","50","Très forte eutrophisation à cause de la sécheresse entre le seuil naturel de contrôle et la station. Influence sur les hauteurs constatées. ",,,
197549,253,"02/17/91 00:00:00",,"2","21","Modification en basses eaux",,,
197550,253,"01/15/92 00:00:00",,"2","26","Modification en basses eaux.",,,
197551,253,"09/03/92 00:00:00","09/28/92 00:00:00","5","50","Installation d'un limnigraphe provisoirement sous le pont, le temps de la construction d'un seuil en béton situé dans l'axe de la section du limnigraphe démonté.Nivellement du ""0"" de l'échelle avant démontage par rapport à un repère situé sur l'extrémité de la rembarde béton(l'arrondi) coté amont RG. Le ""0"" est à -5,265m du repère. A noter que ce repère s'ajoute à celui pris le 13/01/1989.
Série de photos des travaux.",,,
197552,253,"09/28/92 00:00:00",,"2","24","Les travaux du seuil béton sont terminé, installation 5m en amont de celui-ci de l'échelle et du limnigraphe.
Modification en basses et moyennes eaux.",,,
197553,253,"09/29/92 00:00:00",,"5","50","Nivellement du ""0"" de l'échelle par rapport au repère situé sur la rembarde(3/9/1992).
Le ""0"" est à -5,275m du repère soit 1cm plus bas que celui d'avant et à -35cm par rapport à celui de l'échelle d'origine.
L'écoulement nul se situe aproximativement à la cote de 0,13m.",,,
197554,253,"11/02/93 00:00:00",,"2","24","Mise en place d'un enrochement complémentaire en aval immédiat du seuil sur une dizaine de mètre.
L'enrochement n'a pas été assez enfoncé et les basses eaux en sont influencées. ",,,
197555,253,"05/27/94 00:00:00",,"3","30","Installation d'une centrale d'acquisition télétransmise CR2M fixée sur la rambarde béton du pont et d'un capteur USi.",,,
197556,253,"12/11/98 00:00:00",,"5","50","Mr LACOTE se présente comme technicien de rivière, employé par le syndicat de l'échandon à raison d'une journée par semaine. Le reste du temps, il s'occupe des rivières de la vallée de l'Indre située entre Courcay et Pont-de-Ruan.
Il a un bureau à la mairie d'Artannes et joignable au 06 83 10 09 06",,,
197557,253,"11/02/95 00:00:00",,"5","50","Constat d'un chantier de nettoyage des rives et du lit de l'échandon en amont de la station. Ce chantier a débuté vraisemblablement mi-octobre et fini fin novembre.",,,
197558,253,"05/01/98 19:00:00",,"2","21","Changement de courbe de tarage en basses eaux. Le changement a été effectué au moment de la crue mais le changement s'est fait progressivement sans doute avant et après cette crue. Ce changement est plutôt dû a une accumulation de dépôt de toute sorte dans l'enrochement aval du seuil et par conséquence modifie le contrôle.
",,,
197559,253,"01/15/98 00:00:00",,"3","32","Changement de sonde USi",,,
197560,253,"08/04/98 00:00:00",,"5","50","Nettoyage préventif de la sonde.",,,
197561,253,"10/23/98 00:00:00","11/16/98 10:30:00","4","42","Nettoyage du seuil (petit tronc d'arbre bloqué) et nettoyage préventif de la sonde.",,,
197562,253,"04/27/99 00:00:00",,"5","50","Nettoyage préventif de la sonde.",,,
197563,253,"10/25/99 00:00:00","10/28/99 00:00:00","5","50","Travaux d'aménagement des accès à la centrale et à l'échelle. ",,,
197564,253,"12/20/99 00:00:00",,"5","50","Nettoyage du seuil (branchages) Ht: 725mm -> 705mm",,,
197565,253,"02/12/01 08:00:00","03/09/01 14:35:00","1","17","Vol de l'armoire avec les appareils ainsi que le panneau solaire entre le 12/02 et le 16/02/2001.",,,
197566,253,"03/09/01 14:35:00",,"5","50","Installation provisoire d'une centrale dans une cabine métallique.
Les traces du maxi de la dernière montée est relevée à la cote de 920mm.",,,
197567,253,"02/20/01 10:10:00","02/20/01 10:30:00","5","50","Passage à la station pendant la période d'absence d'information, le jaugeage a été fait à la côte:  433mm.",,,
197568,253,"08/30/01 00:00:00",,"3","30","installation définitive après le vol: armoire + nouveaux appareils
Photos",,,
197569,253,"09/25/01 14:20:00","10/16/01 13:15:00","1","11","Défaut de télétransmission ayant conduit à la perte des données. Débranchement du modem.",,,
197570,253,"01/01/93 00:00:00",,"5","50","Photos",,,
197571,253,"01/25/95 00:00:00",,"5","50","Photos",,,
197572,253,"12/01/98 00:00:00",,"5","50","Photos",,,
197573,253,"02/10/99 00:00:00",,"5","50","Photos",,,
197574,253,"05/25/99 00:00:00",,"5","50","Photos",,,
197575,253,"06/17/02 00:00:00",,"3","32","Changement de centrale et de modem",,,
197576,253,"05/01/01 00:00:00",,"2","26","Changement de courbe de tarage en basses eaux. Le changement a été effectué au moment de la crue maxi de l'année mais le changement s'est fait progressivement sans doute avant et après cette crue. Ce changement est plutôt dû a une accumulation de dépôt de toute sorte dans l'enrochement aval du seuil et par conséquence modifie le contrôle. C'est la deuxième fois que le phénomène est constaté depuis la mise en place du seuil, le 02/11/1993. A moins que ce ne soit le seuil qui remonte...
",,,
197577,253,"11/24/03 00:00:00",,"5","50","Souche sur seuil pas enlevé, influence estimé à environ 8 mm.",,,
197578,253,"01/18/04 00:00:00",,"2","21","Après des événements pluvieux importants, le seuil a, semble-t-il, été nettoyé. La courbe revient sur la pécédente.",,,
197579,253,"04/20/04 00:00:00",,"5","50","PHOTOS",,,
197580,253,"09/26/05 09:30:00",,"5","50","seuil légèrement encombré",,,
197581,253,"11/14/05 11:00:00",,"5","50","buche sur seuil, montée rapide",,,
197582,253,"10/13/05 12:38:00",,"5","50","constat de vidange d'étang, mise en test de la centrale n°4957",,,
197740,259,"08/01/96 14:00:00",,"5","50","Mise en service de la station.",,,
197741,259,"11/24/94 00:00:00","07/30/96 00:00:00","5","50","Réalisation de mesures ponctuelles (1/mois)",,,
197742,259,"07/27/97 04:01:00","07/29/97 10:06:00","1","11",,,,
197743,259,"04/01/99 00:00:00","06/29/99 00:00:00","4","43","Ht-Temps influençées par la végétation aquatique.",,,
197744,259,"02/20/98 00:00:00",,"2","24","Construction d'un seuil en béton
L'altitude du point bas du seuil: 112,20m (à vérifier)
Soit un DEBIT NUL à la cote de 0.17m à l'échelle
fini le 26/02/1998",,,
197745,259,"02/10/98 00:00:00","02/20/98 00:00:00","4","41","Durée des travaux de construction du seuil",,,
197746,259,"12/24/97 00:00:00",,"5","50","Nivellement du ""0"" de l'échelle par rapport au repère NGF situé sur le pont en aval R.D.(voir événement du 27/01/2003)
Altitude du NGF: 115,822m
Altitude du ""0"" de l'échelle: 112,03m
",,,
197747,259,"03/12/98 00:00:00","03/13/98 00:00:00","5","50","Série de photos après la construction du seuil",,,
197748,259,"01/15/98 00:00:00",,"5","50","Série de photos avant la construction du seuil",,,
197749,259,"05/30/00 14:00:00",,"3","32","Mise en place d'une alimentation solaire
Série de photos (seuil noyé)",,,
197750,259,"03/15/00 00:00:00","11/01/00 00:00:00","5","50","Ht-Temps influençées par la végétation aquatique.",,"04/08/09 09:05:00",
197751,259,"11/10/00 00:00:00",,"5","50","Constat que le seuil n'est presque plus sous l'influence aval.",,,
197752,259,"02/15/01 14:00:00",,"5","50","Constat que le seuil est noyé mais à cause de l'importance du débit (3,77m3/s). ",,,
197753,259,"11/20/96 00:00:00",,"5","50","nettoyage section de mesure",,,
197754,259,"12/17/96 00:00:00",,"3","32","changement centrale",,,
197755,259,"06/03/97 00:00:00",,"5","50","nettoyage autour sonde",,,
197756,259,"10/23/97 00:00:00",,"5","50","nettoyage section de mesure",,,
197757,259,"11/13/97 00:00:00",,"5","50","nettoyage section de mesure",,,
197758,259,"11/18/97 00:00:00",,"5","50","nettoyage section de mesure",,,
197759,259,"02/07/98 00:00:00","02/10/98 00:00:00","1","11","changement piles",,,
197760,259,"03/17/98 00:00:00",,"5","50","nettoyage sonde",,,
197761,259,"03/25/98 00:00:00",,"3","32","changement centrale",,,
197762,259,"10/20/98 00:00:00",,"3","32","changement centrale (3301)",,,
197763,259,"03/11/99 00:00:00",,"3","32","changement centrale (4955)",,,
197764,259,"05/18/99 00:00:00",,"5","50","seuil noyé",,,
197765,259,"04/04/00 00:00:00",,"5","50","seuil noyé",,,
197766,259,"08/29/00 00:00:00",,"3","32","changement modem",,,
197767,259,"07/31/01 08:01:00","08/02/01 13:34:00","1","11","reset : réveil impossible",,,
197768,259,"08/21/02 09:51:00","08/29/02 13:41:00","1","11","Changement de centrale",,,
197769,259,"05/25/01 00:00:00","01/01/02 00:00:00","5","50","Ht-Temps influençées par la végétation aquatique.",,,
197770,259,"10/04/01 00:00:00","10/06/01 00:00:00","5","50","Faucardage de la végétation aquatique par le syndicat de la Conie.Confirmé par M.Vandromme(Président)",,,
197771,259,"09/25/00 00:00:00",,"5","50","Faucardage de la végétation aquatique par le syndicat de la Conie.",,,
197772,259,"06/29/99 00:00:00",,"5","50","Faucardage de la végétation aquatique par le syndicat de la Conie, non confirmé par celui-ci.",,,
197773,259,"01/27/03 16:00:00",,"5","50","Après renseignement auprès de l'IGN de Blois (Mr Guichard 02 54 78 60 80), le repére NGF(n°128) situé sur le parapet du pont (D1117), coté aval et rive droite, est à une altitude de 115,822m
L'altitude du ""0"" de l'échelle est donc de 112,03m
",,,
197774,259,"06/20/02 00:00:00",,"5","50","Changement de centrale d'acquisition et nettoyage de la sonde.",,,
197775,259,"06/25/03 00:00:00",,"5","50","Faucardage de la végétation aquatique par le syndicat de la Conie. Confirmé par M.Vandromme(Président)",,,
197776,259,"03/18/03 00:00:00","09/23/03 00:00:00","5","50","Influence de la végétation aval, correction des hauteurs",,,
197777,259,"07/25/05 00:00:00",,"5","50","Faucardage de la végétation aquatique par le syndicat de la Conie. Confirmé par M.Vandromme(Président)",,,
197778,259,"05/11/04 00:00:00",,"3","32","Toujours avec le même capteur USi, remplacement de la centrale CR2M par une ALCYR2",,,
197779,259,"04/15/04 00:00:00",,"5","50","PHOTOS",,,
197780,259,"08/19/03 00:00:00",,"2","26","nettoyage de la sonde",,,
197781,259,"06/07/04 14:00:00",,"3","32","plus de ligne téléphonique",,,
197782,259,"06/14/04 14:15:00",,"2","26","influence aval visible",,,
197783,259,"10/26/04 13:40:00",,"5","50","RAZ fichier",,,
197784,259,"05/12/05 12:53:00",,"2","26","influence aval",,,
197785,259,"06/14/05 13:09:00",,"2","26","seuil noyé",,,
197786,259,"09/22/05 13:38:00",,"2","26","sous influence aval",,,
197787,259,"12/01/05 13:32:00",,"2","26","nettoyage sonde",,,
197826,262,"06/12/02 00:00:00",,"5","50","Photos du site des mesures ponctuelles. Aval de Meung, à la hauteur de l'ancienne station d'épuration",,"01/25/10 10:31:00",
197827,262,"09/16/04 00:00:00",,"5","50","Photos de reconnaissance de site pour l'installation d'une station de mesure.
1er site: Aval de Meung, à la hauteur de l'ancienne station d'épuration
2ème site: au lieu-dit""Baulette"" à Baule",,"01/25/10 10:49:00","01/25/10 10:49:00"
197828,262,"09/05/06 00:00:00",,"5","50","Photos du site après l'installation de la station",,"01/25/10 10:50:00","01/25/10 10:50:00"
197829,262,"08/01/06 00:00:00",,"5","50","Déboisement de la rive gauche à la hauteur de la futur station et sur 100m en amont.",,"01/25/10 10:53:00","01/25/10 10:53:00"
197830,262,"11/21/06 00:00:00",,"5","50","Photos du site de la station",,"01/25/10 10:53:00","01/25/10 10:53:00"
197831,262,"05/06/08 00:00:00",,"5","50","Photos du site de la station envahie par la végétation aquatique.",,"01/25/10 10:55:00","01/25/10 10:55:00"
197832,262,"03/23/09 00:00:00",,"5","50","Photos du site de la station",,"01/25/10 10:55:00","01/25/10 10:55:00"
197833,262,"08/22/06 16:45:00",,"5","50","Mise en service de la station",,"01/25/10 10:59:00","01/25/10 10:59:00"
197834,262,"03/06/07 00:00:00",,"5","50","Nivellement du ""0"" de l'échelle(D.Roncery et V.Leluant) - Altitude: 83.17m",,"01/25/10 11:00:00","01/25/10 11:00:00"
197835,262,"07/28/09 04:00:00","07/28/09 16:00:00","1","16","Modernisation CRISTAL de la station",,"01/29/10 11:07:00","01/25/10 11:01:00"
197836,262,"07/25/07 00:00:00",,"2","26","Détarage suite à un vannage",,"01/25/10 11:03:00","01/25/10 11:03:00"
197837,262,"11/06/08 23:30:00","11/09/08 18:00:00","1","17","Passage du pic de crue de la Loire: refoulement des eaux de la Loire dans le lit des Mauves",,"01/28/10 16:42:00","01/28/10 16:42:00"
197838,262,"03/20/09 15:00:00","04/28/09 12:00:00","1","13",,,"01/29/10 11:01:00","01/29/10 11:01:00"
197839,262,"07/14/09 09:00:00","07/17/09 15:00:00","1","17","Vol de l'alimentation (batterie et panneau solaire",,"01/29/10 11:02:00","01/29/10 11:02:00"
197840,262,"08/07/09 20:12:00","08/10/09 13:18:00","1","12","défaut de l'interface Alcomus",,"01/29/10 11:04:00","01/29/10 11:04:00"
197841,262,"10/24/09 03:49:00","10/26/09 01:50:00","1","17","Défaut de collecte des données",,"01/29/10 11:05:00","01/29/10 11:05:00"
197842,262,"12/12/09 19:20:00","12/16/09 11:00:00","1","17","Défaut d'alimentation et modem",,"01/29/10 11:06:00","01/29/10 11:06:00"
197843,262,"07/28/11 00:00:00","07/31/11 00:00:00","1","11","défaut d'alimentation",,"07/20/12 10:09:00","07/20/12 10:08:00"
197844,262,"06/10/14 07:30:00",,"5","50","Faucardage en cours en amont du moulin par les agents municipaux",,"02/26/15 15:47:00","02/26/15 15:47:00"
197845,267,"11/18/98 15:00:00",,"5","50","Mise en service",,,
197846,267,"04/18/00 00:00:00",,"5","50","Photos de l'amont et l'aval immédiat du pont de ""Perreux""",,,
197847,267,"03/10/99 00:00:00",,"3","32","Mise en place d'une alimentation solaire",,,
197848,267,"03/22/01 00:00:00",,"5","50","Constat que le panneau solaire a été volé!",,,
197849,267,"12/15/98 00:00:00",,"3","32","installation téléphone",,,
197850,267,"01/06/99 00:00:00",,"3","32","changement centrale (4955)",,,
197851,267,"03/10/99 00:00:00",,"3","32","installation solaire + changement centrale? modem?",,,
197852,267,"09/21/99 00:00:00",,"3","32","changement centrale (6014 -> 5977)",,,
197853,267,"09/16/99 00:00:00",,"3","32","changement centrale (5977 -> 6014) + nettoyage sonde",,,
197854,267,"04/18/00 00:00:00",,"5","50","tronc sur radier -> photos / enlevé le 19/04/00",,,
197855,267,"06/15/99 00:00:00",,"3","32","changement centrale (4954 -> 5977)",,,
197856,267,"05/05/99 00:00:00",,"5","50","nettoyage sonde",,,
197857,267,"03/08/02 00:00:00",,"3","32","changement centrale (5977 -> 4954)",,,
197858,267,"07/09/02 00:00:00",,"5","50","Nettoyage de la sonde US.",,,
197859,267,"07/16/03 00:00:00",,"5","50","Encombrement sur le seuil.",,,
197860,267,"05/21/03 00:00:00",,"5","50","Changement de batterie.",,,
197861,267,"08/05/03 00:00:00",,"5","50","Souche+influence aval",,,
197862,267,"08/13/03 00:00:00",,"5","50","Pas d'infleunce aval",,,
197863,267,"08/23/05 09:50:00",,"3","32","Installation d'un panneau solaire",,,
197864,267,"09/22/05 10:00:00",,"5","50","Réfection du support de l'échelle, remis à la même altitude.",,,
197865,267,"08/31/04 00:00:00","09/02/04 00:00:00","1","11",,,,
197866,267,"04/14/05 09:13:00",,"5","50","nettoyage seuil",,,
197867,267,"05/17/05 09:10:00",,"5","50","influence aval",,,
197868,267,"04/21/04 00:00:00",,"5","50","PHOTOS",,,
197869,267,"02/24/06 16:15:00",,"3","32","Changement de modem",,"06/14/07 11:50:00","06/14/07 11:50:00"
197870,267,"02/27/06 12:00:00",,"3","32","Changement de centrale",,"06/14/07 11:51:00","06/14/07 11:51:00"
197871,267,"05/29/06 08:14:00",,"5","50","Constat de la chute d'un arbre, 20m en aval du contrôle(radier du pont)",,"06/14/07 11:52:00","06/14/07 11:52:00"
197872,267,"12/07/06 10:24:00",,"5","50","Nettoyage du radier => -5mm",,"07/16/07 16:20:00","07/16/07 16:20:00"
197873,269,"10/19/00 15:45:00",,"5","50","Mise en service
Equipement: Centrale CR2M avec capteur Ultra-Son, alimentation solaire 12V.",,,
197874,269,"12/15/00 14:40:00",,"5","50","Nivellement du ""0"" de l'échelle: -4036mm par rapport au repère NGF situé au milieu du parapet, coté amont du pont",,,
197875,269,"12/15/00 10:15:00",,"3","30","Installation d'une alimentation solaire, d'une centrale et d'un modem neuf.
Mise en service de la ligne téléphonique par FRANCE-TELECOM.",,,
197876,269,"12/19/00 12:00:00",,"5","50","Changement de centrale défectueuse",,,
197877,269,"12/15/00 10:30:00","12/19/00 12:35:00","1","11","Centrale défectueuse(sous garantie). Changement le 19/12.",,,
197878,269,"12/27/00 15:15:00","12/28/00 13:10:00","1","11","Problème de structure de fichier, centrale réinitialisée.",,,
197879,269,"01/29/01 08:45:00","02/07/01 14:30:00","1","11","Centrale restée active, transfert du fichier impossible. Changement de centrale CR2M",,,
197880,269,"02/05/01 10:30:00",,"5","50","Connection à la station par téléphone, la hauteur était de 434mm.",,,
197881,269,"03/28/01 14:15:00",,"5","50","Série de photos argentiques de la station.",,,
197882,269,"12/17/01 09:00:00","12/21/01 14:15:00","1","11","Centrale restée active, transfert du fichier impossible. Changement de centrale CR2M",,,
197883,269,"09/18/01 08:00:00","09/25/01 12:45:00","1","11","Tranfert des données sur site impossible. Problème lié à la télétransmission.",,,
197884,269,"03/26/01 08:00:00","03/28/01 12:45:00","1","11","Problème de structure de fichier, centrale réinitialisée.",,,
197885,269,"11/15/01 14:20:00",,"5","50","Nettoyage de la section de contrôle (branchages), influence:-20mm.",,,
197886,269,"06/26/98 00:00:00",,"5","50","Photos",,,
197887,269,"07/23/98 00:00:00",,"5","50","Photos",,,
197888,269,"09/19/00 00:00:00",,"5","50","Photos",,,
197889,269,"02/07/01 00:00:00",,"3","32","changement centrale",,,
197890,269,"03/11/02 08:15:00","03/15/02 14:15:00","1","11",,,,
197891,269,"03/18/02 07:00:00","03/25/02 13:45:00","1","11",,,,
197892,269,"01/09/02 00:00:00",,"5","50","Nettoyage de la sonde U.S.",,,
197893,269,"07/26/02 00:00:00",,"5","50","Nettoyage de la sonde U.S.",,,
197894,269,"08/20/02 00:00:00",,"3","32","Changement de la sonde U.S.",,,
197895,269,"10/17/02 00:00:00",,"5","50","Nettoyage du contrôle(branchages, feuilles), baisse du niveau de 12mm.",,,
197896,269,"11/06/02 00:00:00",,"3","32","Echange de matériel d'acquisition et de télétransmission avec la station de Villedieu.",,,
197897,269,"11/21/02 00:00:00",,"5","50","Nettoyage du contrôle(souche), baisse du niveau de 15mm.",,,
197898,269,"02/12/03 00:00:00",,"3","32","Remplacement du matériel CR2M par une centrale Alnaée de FARECO",,,
197899,269,"03/12/03 17:00:00","04/23/03 14:15:00","1","11","Perte des données suite à des problèmes de télétransmission et de défaut des nouvelles centrales Alnaée.",,,
197900,269,"08/07/03 00:00:00","10/03/03 00:00:00","5","50","Il n'y a plus d'écoulement (à sec)",,,
197901,269,"11/06/03 00:00:00",,"5","50","Nettoyage du contrôle (-20mm)",,,
197902,269,"01/27/04 00:00:00",,"2","21","modification en basses eaux",,,
197903,269,"10/12/05 00:00:00",,"5","50","Levé par géomètre pour un projet de la céation d'un seuil de contrôle -altitude du ""0"" de l'échelle: 141.09m",,,
197904,269,"12/30/03 00:00:00",,"3","32","Changement de centrale, mise en place d'une Alcyr2",,,
197905,269,"06/05/04 00:00:00","09/05/04 00:00:00","5","50","Correction des hauteurs (influence de la végétation aquatique)",,,
197906,269,"10/06/05 00:00:00",,"2","24","nettoyage du contrôle après des petits barrages successifs",,,
197907,269,"06/28/05 12:46:00",,"5","50","nettoyage contrôle + PHOTOS",,,
197908,269,"08/04/05 12:53:00",,"5","50","nettoyage contrôle",,,
197909,269,"11/15/05 11:40:00",,"5","50","enlèvement du barrage",,,
197910,269,"11/16/09 23:46:00","11/19/09 00:00:00","1","11",,,"02/01/10 11:57:00","02/01/10 11:57:00"
197911,270,"09/13/01 14:30:00",,"2","20","Reprise de la station par le SEMA.
Intallation d'une nouvelle échelle en  rive droite aval du pont à 2 où 3m du seuil béton pour se prémunir de l'influence de la végétation.
Changement complet d'appareillage, intallation d'une centrale CR2M LUSI et capteur USI avec une alimentation solaire.
Photos",,,
197912,270,"10/05/01 00:00:00",,"3","32","installation cable RTC + terre",,,
197913,270,"07/31/01 00:00:00",,"5","50","Photos",,,
197914,270,"01/01/66 00:00:00",,"5","50","Mise en service de la station par le SBLB.",,,
197915,270,"01/01/96 00:00:00",,"5","50","Arrêt des observations du SBLB.",,,
197916,270,"05/28/96 00:00:00",,"5","50","Début d'un suivi (mesures ponctuelles) par l'équipe de Tours du SEMA. ",,,
197917,270,"01/14/97 00:00:00",,"5","50","Constat de nettoyage des rives en amont et aval de la station.",,,
197918,270,"01/13/98 00:00:00",,"5","50","Seuil de contrôle en construction, existence d'un batardeau.",,,
197919,270,"02/10/98 00:00:00",,"2","24","Constat que le seuil béton est en service. Le SBLB remet en service une centrale d'acquisition.",,,
197920,270,"04/17/02 00:00:00",,"5","50","Constat du vol du panneau solaire.",,,
197921,270,"04/01/03 00:00:00",,"5","50","Série de photos de la station et son environnement.",,,
197922,270,"08/15/03 00:00:00",,"2","24","Nettoyage involontaire du seuil par des éléments extérieurs au service (passage de canoës où autre...)",,,
197923,270,"04/22/03 13:15:00","04/25/03 10:50:00","1","11",,,,
197924,270,"03/10/04 00:00:00",,"2","24","Nettoyage volontaire du seuil par le service",,,
197925,270,"01/27/05 11:10:00",,"2","24","nettoyage du seuil",,,
197926,270,"06/14/05 10:10:00",,"2","24","nettoyage du seuil",,,
197927,270,"07/20/05 09:40:00",,"3","32","changement batterie",,,
197928,270,"08/19/05 10:10:00",,"2","24","nettoyage du seuil",,,
197929,270,"12/01/05 11:10:00",,"2","24","nettoyage du seuil",,,
197930,270,"04/15/04 00:00:00",,"5","50","PHOTOS",,,
197931,270,"02/10/04 10:55:00",,"2","26","branches sur seuil",,,
197932,270,"05/13/04 11:20:00",,"2","24","nettoyage du seuil",,,
197933,270,"06/14/04 10:35:00",,"2","26","nettoyage d'herbes en amont du seuil",,,
197934,270,"08/25/04 10:25:00",,"2","24","nettoyage du seuil",,,
197935,270,"09/27/04 10:45:00",,"3","32","changement batterie",,,
197936,272,"03/06/16 00:00:00","03/07/16 00:00:00","4","43","jaugeage à la limite du débordement 
hauteur 0.482 m    q= 3.34
repére pour les seuils",,"03/08/16 10:49:00","03/08/16 10:49:00"
197937,273,"09/19/03 00:00:00",,"5","50","Installation d'appareillages et d'une échelle.",,,
197938,273,"10/08/03 00:00:00",,"3","32","changement de centrale d'acquisition",,,
197939,273,"03/15/05 00:00:00",,"3","31","Passage d'un capteur USi à un capteur bulle à bulle (Nimbus OTT)",,,
197940,273,"01/06/05 14:37:00",,"5","50","changement de piles",,,
197941,273,"05/27/03 00:00:00",,"5","50","PHOTOS",,,
197942,273,"06/30/04 00:00:00",,"5","50","PHOTOS",,,
197943,278,"08/19/77 00:00:00",,"5","50","Mise en service
Cote du ""0"" de l'échelle par rapport au repère scellé dans le pont en RD(Dessus du petit tube carré):-1,437m",,,
197944,278,"11/09/77 00:00:00","11/22/77 00:00:00","1","17","Station endommagée par la DDE de Loches.",,,
197945,278,"12/07/77 00:00:00","12/09/77 00:00:00","1","11",,,,
197946,278,"05/10/79 00:00:00","05/22/79 00:00:00","1","11",,,,
197947,278,"06/11/79 00:00:00","06/12/79 00:00:00","1","11",,,,
197948,278,"10/29/80 00:00:00","11/06/80 00:00:00","1","11","Horloge bloquée.",,,
197949,278,"12/22/80 00:00:00","12/24/80 00:00:00","1","11",,,,
197950,278,"12/30/80 00:00:00","12/31/80 00:00:00","1","11",,,,
197951,278,"01/04/81 00:00:00","01/06/81 00:00:00","1","11",,,,
197952,278,"12/02/80 00:00:00",,"2","22","Recalibrage aval de la station, nettoyage de rives et sous le pont.",,,
197953,278,"01/26/78 00:00:00",,"5","50","Photos de la station et de l'aval du pont.",,,
197954,278,"04/22/82 00:00:00",,"2","25","Déplacement de la station 30m en aval, pour cause d'élargissement de la chaussée du pont.",,,
197955,278,"06/08/83 00:00:00",,"2","25","Remise en place de la station en amont du pont.
Le ""0"" de l'échelle a été remis à la même cote qu'avant les travaux du pont, soit 1,44m sous le repère.",,,
197956,278,"03/02/79 00:00:00",,"5","50","Les vannes du déversoir de la retenue de Chemillé s/ Indrois ont été levées entièrement.",,,
197957,278,"02/28/83 00:00:00",,"5","50","constaté ce jour que la cote de débordement en aval est de 1,60m à l'échelle provisoire aval(Période de travaux de réfection du pont). ",,,
197958,278,"07/27/84 00:00:00",,"2","24","Construction d'un seuil en pierres sur l'arche centrale du pont.
Augmentation du plan d'eau à l'échelle :7cm",,,
197959,278,"09/30/83 10:30:00","10/11/83 11:30:00","4","42","Correction de l'influence des vannes du Moulin des Roches en aval.",,,
197960,278,"10/22/84 00:00:00",,"2","24","Ouverture d'une brèche dans le seuil de pierres sur la passe centrale, par le SIVOM, pour faciliter des travaux de traversée de canalisation dans la rivière en amont du pont.",,,
197961,278,"02/08/85 00:00:00",,"2","24","Comblement de la brèche dans le seuil. Travaux efffectués par le SIVOM, le seuil semble avoir été remis dans le même état qu'initialement.",,,
197962,278,"10/22/84 00:00:00","11/01/84 00:00:00","1","17","Travaux sur la section de prise d'eau du limni.",,,
197963,278,"12/01/81 00:00:00",,"5","50","Série de photos de la station et son environnement.",,,
197964,278,"02/01/83 00:00:00",,"5","50","Série de photos de la station provisoirement déplaçée et de son environnement.",,,
197965,278,"07/25/84 00:00:00","07/26/84 00:00:00","5","50","Série de photos du seuil de pierre sur la passe centrale.",,,
197966,278,"12/01/84 00:00:00",,"5","50","Photo de la station;",,,
197967,278,"01/25/95 00:00:00",,"5","50","Photos de la crue (amont et aval du pont).",,,
197968,278,"08/24/98 00:00:00",,"5","50","Série de photos de l'eutrophisation à la station.",,,
197969,278,"12/14/98 00:00:00",,"5","50","Photos de la station.",,,
197970,278,"12/20/82 00:00:00",,"5","50","Mesure de la crue à 16h20, pas de possibilité de lire l'échelle et encore moins sur le limni (station provisoirement mis à l'aval dans la zone inondable). Bas de la cabine noyée sur environ 10cm à 17h00.
Le maxi de la crue semble avoir eu lieu à 19h00(environ 20cm de plus que la cote de 17h00).
Transports solides nombreux en surface.
Photos prises par M.GHIO du SEMA.",,,
197971,278,"03/01/83 00:00:00",,"2","21",,,,
197972,278,"10/04/86 00:00:00","11/23/86 00:00:00","4","42","Encombrement du radier par les feuilles tombées.",,,
197973,278,"12/13/88 00:00:00","12/14/88 00:00:00","1","11",,,,
197974,278,"03/01/86 00:00:00",,"2","21",,,,
197975,278,"10/25/89 00:00:00","11/15/89 00:00:00","4","42","Brêche dans le seuil de la passe centrale faites vraisemblablement par des enfants + vannage provoqué pour faciliter la remise en état du seuil.",,,
197976,278,"04/23/89 00:00:00","04/25/89 00:00:00","1","10","Fin de rouleau.",,,
197977,278,"11/15/89 00:00:00",,"2","24","Remise en état du seuil.",,,
197978,278,"07/01/90 00:00:00","07/10/90 00:00:00","1","11",,,,
197979,278,"03/22/91 00:00:00",,"2","21",,,,
197980,278,"10/26/92 12:00:00","11/02/92 18:00:00","4","42","Influence supposée du Moulin des Roches.( Les vannes n'ont pas été levées pour cette première petite crue de la saison hivernale)",,,
197981,278,"10/04/93 00:00:00","10/11/93 00:00:00","4","42","Influence supposée du Moulin des Roches.",,,
197982,278,"12/21/93 00:00:00","12/24/93 00:00:00","1","11",,,,
197983,278,"11/25/96 00:00:00","11/30/96 00:00:00","4","42","Influence constatée du Moulin des Roches. Visite ce jour au moulin, les vannes sont baissées.
Propriétaire du moulin: Mr et Mme Mieville Clive -  Tél:0247595658",,,
197984,278,"05/11/98 00:00:00","05/26/98 00:00:00","1","11","Défaut d'alimentation de la centrale",,,
197985,278,"06/09/94 00:00:00",,"3","30","Installation d'une centrale d'acquisition CR2M télétransmise avec capteur Ultra-Son.",,,
197986,278,"06/09/94 00:01:00",,"2","26","Suite à la modernisation malgré que l'échelle ait été remis au même emplacement et à la même cote.
Modification en basses et moyennes eaux.",,"05/31/13 15:34:00",
197987,278,"01/19/98 00:00:00",,"2","21","Modification en basses et moyennes eaux.",,,
197988,278,"06/14/99 00:00:00","06/24/99 00:00:00","1","11","Fichier irrécupérable sur le site. Problème de télétransmission générant un déformatage du fichier.",,,
197989,278,"10/01/99 00:00:00","10/18/99 13:30:00","4","42","Embâcle enlevé par la DDE suite à la crue de fin septembre.",,,
197990,278,"10/25/95 00:00:00",,"5","50","Nettoyage du radier.",,,
197991,278,"11/02/95 00:00:00",,"5","50","Nettoyage du radier.",,,
197992,278,"03/13/97 00:00:00",,"5","50","Constat d'un léger embâcle suite à une crue. Vu le service technique de la mairie pour son retrait.",,,
197993,278,"04/10/97 00:00:00",,"5","50","Nettoyage du radier.",,,
197994,278,"10/21/97 00:00:00",,"5","50","Nettoyage du radier.",,,
197995,278,"03/10/98 00:00:00",,"5","50","Nettoyage du radier.",,,
197996,278,"11/16/98 00:00:00",,"5","50","Nettoyage du radier + nettoyage sonde",,,
197997,278,"01/02/00 03:40:00","01/05/00 10:00:00","1","11","Fichier irrécupérable sur le site. Problème de télétransmission générant un déformatage du fichier.",,,
197998,278,"07/18/00 00:00:00",,"5","50","Nettoyage préventif de la sonde U.S.",,,
197999,278,"10/24/00 10:00:00",,"5","50","Nettoyage du seuil: Ht : 302mm -> 297mm",,,
198000,278,"01/12/00 00:00:00",,"3","32","changement complet de centrale et modem après plusieurs essais infructueux pour détecter les problèmes de télétransmission.",,,
198001,278,"05/05/99 00:00:00",,"5","50","nettoyage sonde",,,
198002,278,"06/07/99 00:00:00",,"3","32","changement modem (4858)",,,
198003,278,"07/27/99 00:00:00",,"5","50","Eutrophysation importante en amont du pont",,,
198004,278,"09/21/99 00:00:00",,"3","32","changement centrale (3303 -> 1473)",,,
198005,278,"12/23/99 00:00:00",,"3","32","changement centrale",,,
198006,278,"04/11/00 00:00:00",,"3","32","changement modem (6315 -> 6316)",,,
198007,278,"02/09/99 00:00:00",,"5","50","Photos",,,
198008,278,"03/23/00 00:00:00",,"5","50","Photos",,,
198009,278,"03/21/01 00:00:00",,"5","50","Photos",,,
198010,278,"11/14/01 00:00:00",,"5","50","Photos",,,
198011,278,"06/12/01 00:00:00",,"5","50","nettoyage sonde",,,
198012,278,"12/23/99 23:59:00","12/25/99 00:00:00","4","41",,,,
198013,278,"07/24/99 23:59:00","07/27/99 09:57:00","4","41",,,,
198014,278,"09/25/02 00:00:00",,"5","50","Nettoyage du seuil: Ht : 270mm -> 265mm",,,
198015,278,"04/30/02 00:00:00",,"5","50","Nettoyage du seuil: Ht : 303mm -> 285mm",,,
198016,278,"12/08/05 00:00:00",,"2","24","nettoyage du contrôle suite aux petits barrages succéssifs. Détarage",,,
198017,278,"05/18/05 10:45:00",,"5","50","nettoyage radier",,,
198018,278,"07/18/05 12:15:00",,"5","50","enlèvement d'un barrage sur le seuil + PHOTOS",,,
198019,278,"11/10/05 11:20:00",,"5","50","nettoyage seuil",,,
198020,280,"11/12/01 12:00:00",,"5","50","Mise en service avec un Nilomètre de la société SEROSI",,"06/14/07 12:03:00","06/14/07 12:03:00"
198021,280,"04/21/04 00:00:00",,"5","50","PHOTOS",,"06/14/07 12:05:00","06/14/07 12:05:00"
198022,280,"07/01/04 00:00:00","12/31/04 00:00:00","5","50","Présence d'étaies métalliques(8) sous le pont afin de renforcé celui-ci lors des passages de poids lourds(restauration du moulin). Cette présence a occasionné plusieurs petites embâcles pendant cette période.",,"06/14/07 12:08:00","06/14/07 12:08:00"
198023,280,"08/23/05 00:00:00",,"5","50","PHOTOS",,"06/14/07 12:09:00","06/14/07 12:09:00"
198024,280,"09/05/05 00:00:00",,"2","21","détarage estimé après la petite montée du 05/09/2005",,"06/14/07 12:11:00","06/14/07 12:11:00"
198025,280,"11/03/05 00:00:00",,"5","50","suppression d'un barrage de pierres sur le radier",,"06/14/07 12:12:00","06/14/07 12:12:00"
198026,280,"11/08/05 00:00:00",,"5","50","PHOTOS",,"06/14/07 12:12:00","06/14/07 12:12:00"
198027,280,"02/23/05 12:00:00",,"3","31","Installation d'une centrale CR2M et d'un capteur USi",,"06/14/07 12:15:00","06/14/07 12:15:00"
198032,298,"11/01/07 00:00:00",,"5","50","Mise en service",,"02/11/10 15:04:00","02/11/10 15:04:00"
198182,324,"01/12/16 00:00:00",,"5","50","Application d'un CorTH du a un arbre couché sur le seuil, entainent une influence.",,"01/15/16 15:32:00","01/15/16 15:32:00"
198183,324,"06/22/23 00:00:00","06/28/23 00:00:00","4","43","Crue ""estivale"" en cours suite aux orages. Les données sont très affectées par la végétation (aquatique, en berge et les embâcles associés). Les incertitudes induites dépasse les 20cm sur la mesure de hauteur et approche les 50% sur le calcul du débit. Des correctifs ont été appliqués suite aux jaugeages du 22/06 matin mais les débits resteront très incertains dans les prochains jours.",,"07/21/23 15:18:00","07/21/23 15:18:00"
198184,335,"06/25/09 00:00:00",,"5","50","prise de 2 repères sur la 1ere pile rive gauche coté Perruson
repère amont + 0.035 par rapport repere aval ( cote 1m de l'echelle)
voir carnet de jaugeage pour les croquis",,"01/11/10 15:27:00","01/11/10 15:27:00"
198185,336,"06/25/09 00:00:00","06/26/09 00:00:00","5","50","repère amont + 0.035 par rapport repere aval ( cote 1m de l'echelle)","04/15/10 17:32:00","04/15/10 17:33:00","04/15/10 17:32:00"
198221,345,"11/20/12 00:00:00",,"2","26","Pose de l'échelle d'étiage et de crue ce jour . Jusqu'au jaugeage N°7 , cote faite par nivellement.
Le ZERO de l'échelle est au fond.",,"11/23/12 15:39:00","11/23/12 15:39:00"
198246,367,"07/18/22 15:00:00",,"2","24","Barrage en pierre sur le contrôle (nettoyage le 09/08/2022 13:00) -1.1 cm",,"08/12/22 14:06:00","08/12/22 14:04:00"
198263,372,"06/12/02 00:00:00",,"5","50","Photos",,,
198282,391,"06/12/02 00:00:00",,"5","50","Photos",,,
198307,413,"02/02/23 00:00:00",,"5","50","Déplacement de l'échelle et du capteur à l'amont du pont pour diminuer l'influence de la buse de la STEU.",,"02/02/23 16:44:00","02/02/23 15:47:00"
198314,428,"11/09/22 00:00:00",,"2","26","Flexion dans la courbe pour prise en compte de l'activation de l'arche rive gauche (à environ - 50cm)",,"11/09/22 15:24:00","11/09/22 15:24:00"
198315,428,"06/14/23 00:00:00","10/25/23 12:00:00","5","50","Mise à jour firmware 3.950 et changement type de vitesse :""Velocity (X,Z).X center beam 1 only"".","10/27/23 10:44:00","10/27/23 10:44:00","06/23/23 17:06:00"
198316,428,"10/25/23 12:00:00",,"5","50","Réglage effectué dans ""flow configuration"" puis ""vitesse moyenne"" puis ""type de vitesse"" mettre ""Vx principal"" ce qui permet d'avoir la vitesse des faisceaux 1 et 2 dans le sens du courant (donc ne prend pas en compte les faisceaux latéraux dont celui qui tape dans la palplanche).",,"10/27/23 11:00:00","10/27/23 11:00:00"
198317,431,"07/19/22 12:00:00",,"2","24","Pose d'un seuil IPN de 20cm. demandera un changement de courbe.",,"07/22/22 14:34:00","07/22/22 14:34:00"
198318,431,"09/27/23 00:00:00",,"2","24","supression des rochers situés derrière la goulotte. des embâcles se déposé souvent sur ces rochers et obstruaient la goulotte.",,"10/23/23 15:02:00","10/23/23 15:02:00"
198319,433,"02/19/19 08:55:00","04/13/21 12:00:00","4","43","Mise en place de l' échelle,  3 m en amont du pont, en rive droite.
La côte prise avant la pose de l' échelle était prise sur le haut de la palplanche, à l' endroit actuel de l' échelle.
côte repére 1.680 m pour 0.0 m de l' échelle.",,"04/15/21 16:07:00","04/15/21 15:51:00"
198877,350,"05/06/24 00:00:00",,"5","50","Estimation du point de cassure de la CT à 2,80m (hauteur de débordement sur le chemin).",,"05/23/24 14:52:00","05/23/24 14:52:00"
207623,410,"08/13/24 00:00:00",,"2","24","Rajout d'un IPN sur l'IPN déjà existant sur le seuil en rive droite, afin de ramener l’écoulement en rive gauche.",,"08/30/24 10:42:00","08/26/24 16:42:00"
208707,244,"07/30/24 00:00:00",,"5","50","Construction d'un barrage de cailloux a 30m en aval de l'echelle constaté le 21/08/24.
Mis en place d'un CORTH de 88mm du 30/07/24 au 6/09/24 (destruction barrage).",,"09/12/24 11:49:00","09/12/24 11:49:00"
209796,428,"09/18/24 00:00:00",,"5","50","Mise à jour firmware 4.0 ",,"09/27/24 13:13:00","09/27/24 13:13:00"
214382,189,"02/01/12 00:00:00","02/29/12 00:00:00","1","17","février 2012 période de (fort) gel : absence de hauteurs du 3/2 04:00 au 21/02/2012 08:00",,"03/09/12 09:32:00","03/09/12 09:32:00"
214656,382,"07/21/24 09:00:00",,"2","21","Détarage suite crue du 21-07-24 avec modification contrôle redéposition matériaux lors de la décrue coté RD voisinage controle.(photos faite 01-08-24).
Nivellement laisses crues coté amont pont fait le 01-08-24.Visée echelle depuis RD amont pont sur replat. On a visée topo sur echelle 285 cm et 2 laisses jugés authentiques RD avec nivellement sur  echelle 2.85+0.35 et 2.85+0.27.1 seule laisse RG vis a vis de 1ère RD à 2.85+0.35.En moy nivellement echelle possible 2.85+0.30 soit 3.15-3.20m.",,"08/02/24 13:40:00","08/02/24 13:40:00"
214657,382,"07/21/24 09:00:00",,"5","50","Comportement hydraulique crue 21-07-2024
suite visite terrain 01-08-2024 et recherche limites ecoulement et nivellement laisse de crue au max crue le pont était 
totalement en charge cependant pas de débordemnt sur la route departementale (aucune trace apparente) et début débordement-stockage sur pré paturage coté RG amont immédiat pont.",,"08/02/24 13:54:00","08/02/24 13:54:00"
226799,211,"02/01/12 00:00:00","02/29/12 00:00:00","5","50","février 2012 période de (fort) gel mais pas d'absence de hauteurs ",,"03/09/12 09:31:00","03/09/12 09:31:00"
226800,211,"08/13/24 00:00:00",,"5","50"," A partir du 13-08-2024,un intervalle de publication a été mise en place sur  la courbe de tarage de Villerest Pont.
Seuls les débits de Villerest Pont supérieur à 100 m3/s seonbt visualisables dnas Hydroportail et Vigicrue.",,"09/02/24 11:41:00","09/02/24 11:41:00"
226806,103,"05/11/11 00:00:00",,"5","50","clou repere : centre boulon fermeture cabine h = 11.518        pont: sur pont déviation de Roanne 1 clou coté aval en rive droite      et un clou coté amont en rive gauche",,"05/16/11 13:57:00","05/16/11 13:57:00"
226807,103,"02/01/12 00:00:00","02/29/12 00:00:00","5","50","février 2012 période de (fort) gel mais pas  d'absence de hauteurs ",,"03/09/12 09:30:00","03/09/12 09:30:00"
226808,103,"09/05/24 13:00:00",,"5","50","Arrêt du corth herbes sur le contrôle de Villerest aval suite au déstockage barrage initié le 05-09-24 vers 5h00 TU avec des débits de pointe de 200m3/s entrainant l'arrachement des herbes et ramenant à zéro la valeur du Corth.",,"09/12/24 09:42:00","09/12/24 09:42:00"
227162,592,"09/09/24 09:20:00",,"5","50","Lors de la visite du 09-09-24 le Jet creux est en action le Niveau NGF echelle est à 271.05 m et le capteur radar 28116m  !!
Influence probable et  momentanée  ""embruns"" gouttelettes quand le jet creux est jet creux est en action  sur la rmesure du tirant d'air par le radar. (echos parasites sur nuage goutelettes).Le phénomène s'est reproduit idem 07-09-24.Ce problème calage capteur quand le jet creux est actif semble systématique.
Un deuxième capteur immergé serait dans le puit de service serait souhaiatble.à l'avenir.
",,"09/12/24 15:22:00","09/12/24 11:47:00"
227163,592,"12/13/24 00:00:00",,"3","31","Données douteuses du radar en raison de l'influence du jet creux-Chronique hauteurs prevalidés incertaines sur période aout-decembre 2024.
Installation 2 sondes courant décembre dans puits tranquilisé sortie barrage et données ht bonnes hydroportail depuis 01-01-2025.",,"02/05/25 09:07:00","02/05/25 09:07:00"
229079,117,"07/21/03 00:00:00","09/08/03 00:00:00","5","50","suite aux travaux du seuil du 21/07/2003 au 08-09-2003 les débits sont calculés avec un CorTH",,"07/20/11 15:22:00","07/20/11 15:22:00"
229080,117,"01/01/08 00:00:00",,"5","50","a partir du 01/01/2008 les horaires des jaugeages passent en heure TU",,"02/21/12 09:37:00","02/21/12 09:37:00"
229081,117,"09/02/10 00:00:00",,"5","50","le 2/09/2010 remplacement échelle de 1 a 2m , mise en place nouvelle échelle crue de 4 a 8m ,changement bas de gaine du flotteur , travaux réalisés avec DREAL AUVERGNE
",,"02/21/12 10:23:00","02/21/12 09:49:00"
229082,117,"09/01/10 00:00:00",,"5","50","le 01/09/2010 branchement radar VEGA+61 et sonde de pression . Le radar est installé sur la cabine du flotteur et la sonde de pression est placée dans la colonne du flotteur",,"02/21/12 10:23:00","02/21/12 10:07:00"
229083,117,"09/01/20 00:00:00",,"2","24","Travaux de mise en conformité du seuil de la station durant les mois de juillet et aout 2020.Pas de publication de débits sur la période.
Construction d'une nouvelle courbe de tarage notoirement différente des précédentes au vu de l'intervention réalisé.",,"12/09/20 14:54:00","12/04/20 12:11:00"
229084,118,"07/20/11 00:00:00",,"5","50","Toutes les courbes de tarage du 27-11-1993 au 15-12-2004 ont été revues et corrigées dans HYDRO",,"07/20/11 11:53:00","07/20/11 11:53:00"
229085,118,"01/01/08 00:00:00",,"5","50","a partir du 01/01/2008 les horaires des jaugeages passent en heure TU",,"02/21/12 09:32:00","02/21/12 09:32:00"
229086,118,"06/01/09 00:00:00",,"5","50"," a du 01/06/2009 on ne tient plus compte des hauteurs a l'échelle aval ,on lit UNIQUEMENT l'ECHELLE AMONT ",,"02/21/12 09:35:00","02/21/12 09:35:00"
229087,118,"07/30/15 16:00:00",,"2","20","Remplacement du madrier et de l'échelle ",,"08/19/15 16:33:00","08/19/15 16:33:00"
229088,176,"09/20/11 00:00:00",,"3","32","réfection et changement prise de pression avec DREAL AUVERGNE (ancienne completement corrosée)",,"02/21/12 09:30:00","11/28/11 10:10:00"
229089,176,"01/01/08 00:00:00",,"5","50","a partir du 01/01/2008 les horaires des jaugeages passent en heure TU",,"02/21/12 09:29:00","02/21/12 09:29:00"
229090,129,"07/12/11 00:00:00",,"5","50","remplacement ancienne échelle avvec DREL AUVERGNE ( LENNE D, BERNARD H, LOURADOUR D, PIGEOLAT C, GROLET JP, GROLET A, FILERE JP ) nouvelle échelle en un seul élément de -0.80m a 4m ( photos dans fiche sécurité)",,"02/21/12 10:11:00","07/13/11 16:14:00"
229091,129,"01/01/08 00:00:00",,"5","50","a partir du 01/01/2008 les horaires des jaugeages passent en heure TU",,"02/21/12 10:10:00","02/21/12 10:10:00"
229092,129,"06/14/20 13:30:00",,"5","50","                                               Crue Allier 14/06/2020-Astreinte Jaugeage
Début de débordement en amont RD et remplissage de la zone correspondant à la zone du périmètre de captage.Le débordement sur la Route departementale entre le pont station et Puy Guillaume se réalisera graduellement à partir de 3.05m echelle (environ 4m3/s) sur une largeur de 50m evironLa hauteur max atteinte sur la crue se situant vers 3.15m..",,"06/22/20 08:48:00","06/22/20 08:48:00"
229093,123,"01/01/67 00:00:00",,"5","50","01/01/1967 debut d'exploitation de la station de St Yorre (avant : station de Billy)",,"02/04/11 14:52:00","02/04/11 14:52:00"
229094,123,"07/12/11 00:00:00",,"5","50","changement prise de presion du LPN8 avecDREAL AUVVERGNE (LENNE D, BERNARD H, LOURADOUR D, PIGEOLEAT C, GROLET JP, GROLET A, FILERE JP ) mise en place d'une sonde de température et remplacement échelle de 0 a 2m",,"07/13/11 16:11:00","07/13/11 16:11:00"
229095,123,"01/01/08 00:00:00",,"5","50","a partir du 01/01/2008 les horaires des jaugeages passent en heure TU",,"02/21/12 10:13:00","02/21/12 10:13:00"
229096,123,"01/15/20 00:00:00",,"2","21","Modification imortante de la morphologie du lit mineur de la rivière par comblement et redéposition de matériaux en aval de la station hydrométrique.
Détarage significatif sur la courbe de tarage à compter de la crue du 14-15 juin 2020.",,"07/24/20 11:35:00","07/24/20 11:35:00"
229097,79,"02/10/15 00:00:00",,"2","24","tronçonnage tronc d'arbres au niveau de l'echelle modif. CTH",,"03/16/15 11:37:00","03/16/15 10:57:00"
229098,343,"07/21/15 00:00:00",,"5","50","Absence de debit  à la cote 47 cm à l'echelle (dans une marre d'eau )",,"07/24/15 12:31:00","07/24/15 12:25:00"
229099,343,"11/24/15 00:00:00","01/05/16 12:00:00","5","50","arbres en travers de la riviere 10 m en aval cth.05/01/2016 tronçonnage arbres fin CTH",,"01/11/16 11:26:00","11/27/15 15:57:00"
229100,343,"10/02/18 00:00:00","11/14/18 00:00:00","5","50","CORTH arbres retirés .10 m en aval de l'echelle",,"11/16/18 13:29:00","11/16/18 13:29:00"
229101,81,"10/20/15 00:00:00","01/05/16 12:00:00","5","50","jaugeage d'automne feuilles mortes petits branchages sur le seuil au niveau de l' echelle.nettoyage du seuil fin CTH",,"01/11/16 11:29:00","11/03/15 13:59:00"
229102,81,"10/17/16 00:00:00",,"2","26","nouvelle courbe de crue avec baratin 2 metres apres debut de pont en charge",,"10/17/16 10:49:00","10/17/16 10:49:00"
229103,198,"07/21/15 00:00:00",,"5","50","Absence de debit à - 1.22 à l'echelle","07/24/15 12:31:00","07/24/15 12:31:00","07/24/15 12:31:00"
229104,198,"07/09/15 00:00:00",,"2","20","nivelement echelle d'etiage recalage par rapport au zero de l'echelle de crue (meme enplacement)",,"11/02/15 11:09:00","11/02/15 11:09:00"
229105,198,"09/20/16 00:00:00",,"5","50","pas d'ecoulement  pas de hauteur hechelle et sonde hors d'eau",,"10/17/16 10:46:00","10/17/16 10:46:00"
229106,285,"11/02/09 00:00:00","11/04/09 00:00:00","4","42","Jaugeage sous influence, emcombrement environ 5cm prise en compte sur hauteur de rattachement de la mesure.",,"02/02/10 11:46:00","02/02/10 11:46:00"
229107,285,"10/17/16 00:00:00",,"2","26","nouvelle courbe de crue avec baratin",,"10/17/16 10:51:00","10/17/16 10:51:00"
229108,288,"11/24/15 00:00:00","01/06/16 12:00:00","5","50","Arbres en travers de la riviere en aval à environ 150 m cth . 06/01/2016 tronçonnage arbres (photo dossier station)",,"01/11/16 11:24:00","11/27/15 16:00:00"
229109,288,"01/13/22 00:00:00","01/22/22 00:00:00","4","42","Reconstitution des hauteurs (valeurs douteuses) par comparaison du tarissement observé à cette même station entre le 19/12/2021 et le 24/12/2021, et en cohérence avec les débits observés à Cosne d'Allier.",,"02/08/22 16:12:00","02/08/22 16:12:00"
229110,88,"01/01/08 00:00:00",,"5","50","a partir du 01/01/2008 horaire des jaugeages en heure TU",,"02/21/12 09:13:00","02/21/12 09:10:00"
229111,93,"02/03/12 00:00:00","02/18/12 14:00:00","4","42","Reconstitution des hauteurs suite au gel du mois de février 2012",,"09/07/12 14:08:00","03/09/12 14:15:00"
229112,93,"05/09/12 13:30:00",,"3","30","Modernisation sation CPL+ sur grille et modernisation capteur (CBS30)",,"01/07/13 09:28:00","01/07/13 09:26:00"
229113,96,"02/01/12 00:00:00","02/29/12 00:00:00","1","17","février 2012 période de (fort) gel : absence de hauteurs du 2/2 18:50 au 27/2/2012 05:30",,"03/09/12 09:28:00","03/09/12 09:28:00"
229114,98,"02/26/18 00:00:00","03/01/18 00:00:00","4","42","Données ht faussés par la période de gel (le flotteur dans la colonne est pris dns la glace).",,"01/25/19 15:01:00","02/27/18 16:02:00"
229115,98,"01/01/17 00:00:00","01/10/17 00:00:00","4","42","Présence de gel dans la colonne faussant les hauteurs sur la période.
Les hauteurs sont reconstituées bonne sur cette période stable par corréaltion avec la station du Bled à Saint Marcellin.","01/25/19 14:44:00","01/25/19 14:44:00","01/25/19 14:44:00"
229116,99,"07/25/18 12:00:00",,"5","50","Présence d'herbes sur le contrôle depuis fin juillet 2018.",,"08/30/18 15:08:00","08/30/18 15:08:00"
229117,99,"04/17/19 08:00:00",,"5","50","Présence significative d'herbes sur la largeur du contrôle hydraulique aval avec des photos prise depuis le pont station.
Mise en place d'un Corth pour prise en compte de la surcôte résultante.",,"04/19/19 11:52:00","04/19/19 11:52:00"
229118,99,"06/13/20 07:00:00",,"2","21","Modification de la zone de contrôle hydraulique suite à la crue du 13 juin 2020. pour une Hmax 2.47mà 07h00 TU et un débit estimé à 980 m3/s
",,"07/09/20 16:02:00","07/09/20 16:01:00"
229119,99,"11/15/22 00:00:00","12/13/22 00:00:00","5","50","herbes sur le contrôle en quantité modérée plus particulierement coté RG du contrôle hydraulique station.
1ere mesure le 16-11-2022 avec un corth de 2 cm environ sur la base du jaugeage.
Photos faites ce jour.
Arrêt corth restant suite jaugeage du 04-01-2022 en se basant sur le passage en mode usine du
barrage de Grangent à savoir vers le 13-12-2022.",,"01/09/23 08:50:00","11/21/22 09:27:00"
229120,99,"04/25/23 00:00:00","09/21/23 00:00:00","5","50","Mise en place Corth herbes au printemps 2023 et suppression Corth résiduel suite jaugeage du 04-10-23 calé sur la date du  21-09-23 correspondant à un lacher à 80 m3/s sur le barrage de Grangent.",,"10/10/23 12:02:00","10/10/23 12:02:00"
229121,99,"10/28/23 12:00:00","10/30/23 12:00:00","4","42","Dysfonctionnement du bulleur ou canne bullage encombré surpression avec augmentation brutale de la cote de 55cm avant retour à la normale le 30-10 midiTU.
Reconstitution des Ht en se basant sur la courbe de tendance du capteur de secours à savoir le radar.
Nettoyage prise pression par la maintenance le 07-11-2023 qui était partiellement bouchée.",,"02/20/24 15:49:00","02/20/24 15:34:00"
229122,100,"06/01/20 00:00:00",,"2","26","Travaux de réfection et modernisation Barrage Feurs mai-octobre 2020 coté RD et mai-octobre 2021 coté RG ace des poses de batardeaux sucessifs.
Objectifs poursuivis: consolidation du barrage, création  d'une micro centrale  hydro-electrique et une passe à poissons coté RD.
Ces travaux entraîneront 1 modification significative de la correspondance hauteur-débit, en  particulier  des crues.",,"11/07/24 16:49:00","11/07/24 16:46:00"
229123,101,"11/27/18 15:30:00","11/27/18 15:50:00","5","50","Nettoyage du seuil de contrôle hydraulique.
Enlèvement des branches et feuilles.
Niveau initial  echelle 99.7cm -Niveau final après stabilisation 94 cm vers 15h50 soit un écart haut d'nviron 5cm.
Jaugeage ok avec tarage à 94cm.---> Arrêt du corth ce jour.",,"12/07/18 09:23:00","12/07/18 09:23:00"
229124,101,"12/02/18 12:00:00",,"2","26","Mise en place d'un Corth correspondant à la présence d'un tronc d'arbre en appui sur le seuil sur le tiers de la rivière depuis la RD.Photo réalisé en janvier 2019.
On note une Meilleure cohérence des QMM et QMJ entre Poncins et Boen depuis la prise ne compte du  Corth à Boen.",,"03/08/19 15:59:00","02/27/19 15:16:00"
229125,101,"03/05/19 14:00:00",,"2","26","Deuxième nettoyage après celui de fin novembre 2018N. Enlèvement branches et feuilles positionnées coté RD.Varaition du niveau à l'échelle avant-après intervention environ 2.3cm à la baisse.
Suppression du Corth vers 14h20 TU.Un jaugeage a été réalisé à la cote 115cm a 14h30TU confirmant la courbe de tarage de référence.",,"03/08/19 16:00:00","03/08/19 15:40:00"
229126,101,"08/28/19 08:30:00",,"5","50","Enlèvement d'une palette du contrôle hydaulique.
Des cables soutenant le bras du radar sont détachés -Important recalage entre la valeur du capteur  niveau radar
86.1cm et la valeur échelle 90.5cm",,"08/29/19 11:48:00","08/29/19 11:48:00"
229127,101,"09/19/20 06:00:00","09/25/20 00:00:00","5","50","Corth feuilles mortes sur le contrôle se traduisant par une montée de la ligne d'eau sur la période en absence de précipitations.Disparition des feuilles sur le contrôle suite à la séquence pluvieuse en fin de mois.",,"10/05/20 11:06:00","10/05/20 11:04:00"
229128,101,"09/18/22 00:00:00","01/26/23 00:00:00","5","50","Nettoyage du contrôle très encombré le 26-01-2023 (photos reseau) et fin du Corth correspondant sur la période suite au nettoyage sur séquence stable on passe du niveau echelle 127cm 13h15 TU à 116cm vers 15h00 TU.
La mesure ADCP du matin toujours au niveau 127cm donnait un corth d'environ de 10cm avec une incertitude de 5%.A Lincertitude de mesure ptès on est bien de retour sur le tracé de la CTH201750.",,"01/27/23 10:57:00","01/27/23 10:57:00"
229129,101,"09/18/22 00:00:00",,"5","50","Encombrement du contrôle constaté lors du passage Jaugeage le 04/10/2022.Chutes de feuilles et Branches sur le contrôle ayant une influence sur la valeur échelle (photos faites ce jour pour dossier stationsur reseau)
Le calage date de départ est fait en utilisant chronique température air station meteo Boen qui montre un décrochage des températures la nuit vers le 18-09-2022.",,"10/06/22 13:44:00","10/06/22 13:42:00"
229130,101,"07/17/23 00:00:00","07/18/23 11:00:00","5","50","Nettoyage Branches et feuilles accumumlés sur le contrôle à l'issue du jaugeage.Avant nettoyage hauteur echelle a 10h30TU 98cm et vers 11h15 TU après nettoyage plan d'eau échelle niveau 94.5cm.
Mise en place corth entre montée d'eau du 16-17 juillet et fin jaugeage du 18 juillet 2023.","07/31/23 15:46:00","07/31/23 15:46:00","07/31/23 15:44:00"
229131,101,"10/20/23 00:00:00","12/11/23 00:00:00","5","50","Corth Troncs-Branches et feuilles initiés le 20-10-2023 et arrêt le 11-12-2023.Suite à la montée d'eau du 11-12-2023 ou le débit max a été voisin de 29m3/s les embacles ont été chassé du contrôle.Le calage du Corth debut-fin et son évolution dans le temps ont été calage par la supervision des débits sur le tronçon Boen-Poncins.",,"01/04/24 12:22:00","01/04/24 12:22:00"
229132,105,"01/01/08 00:00:00",,"5","50","a partir du 01/01/2008 horaires des jaugeages en heures TU",,"02/03/11 17:58:00","02/03/11 17:58:00"
229133,106,"11/02/08 00:00:00",,"5","50","échelle arrachée et emportée",,"12/30/08 09:13:00","12/30/08 09:13:00"
229134,106,"05/27/09 00:00:00",,"5","50","mise en place d'une échelle de 0 a 6m (ancienne échelle arrachée lors de la crue du 02/11/2008)
pose d'un clou repère situé a 10.36m sur la pile de l'ancien pont rive droite coté jardin
la photo de ce clou se trouve dans la fiche sécuritéde la station
avons trouvé un repère de crue datant de octobre 1878 donnant une cote de 4.11m (nivelé avec nouvelle échelle)",,"06/02/09 10:38:00","06/02/09 10:35:00"
229135,106,"09/21/09 10:00:00",,"5","50","enrochements rive droite 30m aval station pour protection maison Mme COULON
travaux réalisés par entreprise MASSEBOEUF a JAGONZAC commune de SAINT HAON 43340
les travaux ont durés du 21/09/2009 au 08/10/2009
constatation d'un détarage lors du dernier jaugeage du 28/10/2009 (+22% sur courbe tarage H200825)
photos dans fiche sécurité station",,"11/02/09 10:31:00","11/02/09 10:31:00"
229136,106,"01/01/08 00:00:00",,"5","50","a partir du 01/01/2008 les horaires des jaugeages passent en heures TU",,"02/21/12 09:17:00","02/21/12 09:17:00"
229137,106,"12/18/21 11:50:00","12/23/21 04:30:00","4","42","Gel données reconstituées bonnes à partir de lavalette",,"01/04/22 16:57:00","01/04/22 16:57:00"
229138,106,"01/15/22 11:05:00","01/19/22 20:15:00","4","42","Gel : données reconstituées bonnes à partir de lavalette",,"02/02/22 08:39:00","02/02/22 08:39:00"
229139,106,"01/24/22 03:20:00","01/30/22 00:20:00","4","42","Gel : données reconstituées bonnes à partir de lavalette",,"02/02/22 08:42:00","02/02/22 08:42:00"
229140,106,"01/22/23 09:00:00","02/01/23 09:30:00","4","42","Gel : données resconstituées bonnes à partir de lavalette",,"03/03/23 11:51:00","03/03/23 11:51:00"
229141,106,"02/08/23 13:20:00","02/18/23 18:00:00","4","42","Gel : données reconstituées bonnes à partir de Lavalette",,"03/03/23 11:52:00","03/03/23 11:52:00"
229142,106,"05/25/23 13:00:00","12/12/23 00:00:00","5","50","CorTH herbes",,"01/04/24 12:16:00","01/04/24 12:16:00"
229143,106,"01/10/24 00:00:00","01/22/24 00:00:00","5","50","Gel par intermitence données reconstituées bonnes le 10 -14 et 21 janvier",,"02/12/24 15:22:00","02/12/24 15:22:00"
229144,106,"01/14/25 01:05:00","01/17/25 09:15:00","5","50","Gel : données reconstituées bonnes ",,"02/03/25 16:43:00","02/03/25 16:43:00"
229145,141,"12/22/91 07:00:00",,"2","26","Détachement d'un morceau de béton sur le seuil,de une courbe on passe à 2 (date supposée).Modifié le 20/09/99.",,,
229146,141,"03/18/92 00:00:00",,"3","30","Début centrale CR2M et sonde ultra-sons",,,
229147,141,"09/16/09 00:00:00",,"5","50","Mise en place des clous reperes  pour les crues : pour la hauteur clous repere au pied de la station H =5.77 + 0.10 à l'horizontale       pour le jaugeage 2 clous reperes : 1 cote amont et 1 cote aval ",,"04/13/10 08:35:00","04/13/10 08:35:00"
229148,141,"12/15/11 00:00:00",,"3","31","changement de capteur : remplacement du codeur OWK 16 (au cm) par une roue codeuse SE 200 (au mm) de OTT et suppresion de l'enregistrement papier
changement de la centrale d'aquisition : remplacement de la Plq 2000 par une CPL ",,"12/16/11 10:24:00","12/16/11 10:24:00"
229149,145,"02/01/12 00:00:00","02/29/12 00:00:00","1","17","février 2012 période de (fort) gel mais pas  d'absence de hauteurs ",,"03/09/12 09:27:00","03/09/12 09:27:00"
229150,145,"12/20/24 00:00:00",,"2","26","Lors de la crue du 17/10/2024, il n'a pas été observé de détarage mais la végétation en berge a été nettoyé à l'extreme. Par contre on abserve aprés le coup d'eau du 20/10/2024 une sous estimation du débit en correlation avec les stations alentours (chadrac, pont de lignon, bérard) et un changement au niveau du contrôle (des amats de cailloux sont partis)",,"01/28/25 08:39:00","01/28/25 08:39:00"
229151,149,"12/13/11 00:00:00",,"3","31","changement de capteur : remplacement du codeur opto (au cm) par une roue codeuse SE 200 (au mm) de OTT et suppresion de l'enregistrement papier
changement de la centrale d'aquisition : remplacement de la Plq 2000 par une CPL ",,"12/16/11 10:14:00","12/16/11 10:14:00"
229152,149,"02/02/12 00:40:00","03/01/12 20:00:00","4","42","Reconstitution des hauteurs suite au gel du mois de février 2012",,"09/07/12 14:14:00","03/09/12 14:29:00"
229153,149,"07/13/11 00:00:00",,"2","21","Orage violent ",,"06/01/12 09:47:00","06/01/12 09:47:00"
229154,149,"12/02/03 12:00:00",,"5","50","Cote à 264 cm",,"06/01/12 10:56:00","06/01/12 10:55:00"
229155,149,"08/02/04 00:00:00",,"2","24","Detarage le 02/08/2004 on observe une montée de l'eau à Vaubarlet du 02 au 04 aout par rapport à dunières sans évolution majeur du débit (dossier graphyte). La montée ce maintien (donc orage localisé exclu). Explication possible : barage par des enfants car la staion se situe à coté du camping.",,"06/01/12 14:24:00","06/01/12 14:19:00"
229156,149,"06/22/12 10:10:00",,"3","31","remplacement SE200 290608 par Végapuls 61 ns 18075129 réglage 0et 100% ",,"07/02/12 15:29:00","07/02/12 15:29:00"
229157,149,"08/03/12 12:15:00",,"2","24","Barrage de cailloux constaté le jeudi 23 aout (barrage du 03/08/2012 l'après-midi ?) mais pas de détarage constaté lors du jaugeage. Les jaugeages suivant ont montré l'exitence d'un détarage avec l'élévation du niveua d'eau le 23/08/12 le niveau était trop faible pour que le barrage puisse faire remonter la ligne d'eau jusqu'à l'échelle.",,"11/16/12 10:56:00","09/07/12 14:19:00"
229158,149,"02/23/13 23:00:00","02/26/13 20:08:00","4","42","Reconstitution des hauteurs suite au gel",,"03/11/13 16:23:00","03/11/13 16:23:00"
229159,149,"05/18/13 17:00:00",,"2","21","Détarage suite à la crue du 18/19 mai 2013 (reprise des courbes jusqu'a la crue de 2008)",,"07/26/13 14:44:00","07/26/13 14:44:00"
229160,149,"11/23/13 04:50:00","11/28/13 13:35:00","5","50","Hauteur abaissée de 1 cm pour cause de branche tombée dans la rivière (pas de corth car pas jaugeage intermédiaire).",,"12/02/13 10:25:00","12/02/13 10:25:00"
229161,149,"08/01/13 02:00:00","09/19/13 14:45:00","5","50","Mise en place d'un CORTH à cause des barrages de cailloux éffectués par les campeurs ",,"12/02/13 10:29:00","12/02/13 10:29:00"
229162,149,"10/21/16 07:45:00","10/21/16 08:15:00","5","50","Destruction du barrage de cailloux = fin du corth",,"10/21/16 15:24:00","10/21/16 15:24:00"
229163,149,"07/16/16 14:50:00","10/21/16 08:15:00","5","50","Corth mis en place pour cause de barrage de cailloux ",,"10/21/16 15:34:00","10/21/16 15:34:00"
229164,149,"08/21/17 15:30:00","09/05/17 09:30:00","5","50","Corth à cause de barrage de cailloux. Destruction du barrage le 05-09-2018",,"01/14/19 16:19:00","01/14/19 16:18:00"
229165,149,"09/30/17 00:00:00","11/05/17 06:30:00","5","50","Corth pour cause de feuilles dans le controle aval",,"01/14/19 16:25:00","01/14/19 16:25:00"
229166,149,"08/03/18 14:40:00","11/23/18 23:55:00","5","50","Corth à cause du barrage de cailloux + feuilles à l'automne ",,"01/14/19 16:27:00","01/14/19 16:27:00"
229167,149,"07/19/19 00:00:00","11/23/19 00:00:00","5","50","CorTH barrage de Cailloux + feuilles ",,"03/11/20 17:01:00","03/11/20 17:01:00"
229168,149,"07/09/20 08:50:00","12/16/20 03:20:00","5","50","CorTH barrage de cailloux (pas de crue à l'automne pour l'effacer). Le reste du barrage s'intégre durablement dans le controle = remplacement par une courbe ",,"02/12/21 12:21:00","01/11/21 15:33:00"
229169,149,"11/23/19 12:20:00",,"2","21","Détarage cote 1.751 m",,"01/11/21 17:02:00","01/11/21 17:01:00"
229170,149,"11/22/16 17:55:00",,"2","21","Léger détarage suite crue de novembre 2016 cote 2.482 m",,"01/11/21 17:06:00","01/11/21 17:05:00"
229171,149,"11/04/14 22:00:00",,"2","21","Détarage cote 2.167 m",,"01/11/21 17:08:00","01/11/21 17:08:00"
229172,149,"12/06/21 12:35:00","12/09/21 19:10:00","1","17","coupures du cable : données reconstiuées bonnes à partir de dunières ",,"12/30/21 16:12:00","12/30/21 16:12:00"
229173,149,"12/22/21 02:50:00","12/23/21 19:10:00","4","42","gel données reconstituées bonnes à partir de dunières ",,"01/04/22 16:54:00","12/30/21 16:13:00"
229174,149,"07/26/21 10:04:00","12/25/21 23:00:00","5","50","CortH à cause de barrage de cailloux (plus un peu de feuilles qui colmatent à l'automne)",,"01/13/22 12:21:00","01/13/22 12:21:00"
229175,149,"01/26/22 00:00:00","01/29/22 23:59:00","4","42","Gel par intermitence le 26 et du 27 au 29 janvier: données reconstituées bonnes (avec l'aide de dunières) ",,"02/02/22 08:34:00","02/02/22 08:34:00"
229176,149,"07/26/22 10:04:00","12/07/22 13:40:00","5","50","CorTH Barrage de cailloux + feuilles à l'automne (en corrélation avec Dunières)",,"01/02/23 14:29:00","01/02/23 14:29:00"
229177,149,"02/11/23 00:00:00","02/13/23 00:00:00","4","42","Gel par intermitence le 11 et 12 février : données reconstituées bonnes (avec l'aide de dunières) ",,"03/02/23 16:19:00","03/02/23 16:19:00"
229178,149,"08/19/23 21:30:00","08/26/23 12:45:00","5","50","CorTH barrage de cailloux (enfant canicule) de faible durée cette année ",,"01/04/24 11:41:00","01/04/24 11:41:00"
229179,149,"01/14/24 00:00:00","01/15/24 00:00:00","5","50","Gel données reconstituées bonnes",,"02/12/24 15:23:00","02/12/24 15:23:00"
229180,149,"07/24/24 12:15:00","09/05/24 04:50:00","5","50","CorTH barrage de cailloux",,"01/29/25 15:39:00","01/29/25 15:39:00"
229181,149,"01/14/25 02:15:00","01/16/25 07:20:00","5","50","Gel donneés reconstituées bonnes",,"02/03/25 16:36:00","02/03/25 16:36:00"
229182,149,"02/04/25 08:45:00","02/07/25 13:31:00","5","50","Intervention syndicat de rivière",,"02/14/25 11:58:00","02/14/25 11:58:00"
229183,161,"02/03/12 12:30:00","02/20/12 11:20:00","4","42","Reconstitution des hauteurs suite au gel du mois de février 2012",,"09/07/12 14:08:00","03/09/12 14:18:00"
229184,161,"05/09/12 13:00:00",,"3","30","Mise en place CPL +",,"06/04/12 11:03:00","06/04/12 11:03:00"
229185,161,"08/26/11 12:50:00",,"2","24","Détarage à la baisse (encrassement du controle aval déchet ou apport naturel?)",,"01/07/13 09:23:00","11/05/12 13:02:00"
229186,161,"11/02/12 09:30:00","11/05/12 15:40:00","1","11","Absence de donnée du capteur valide (reconstitué bon à partir des stations à régime similaire du bassin)",,"12/14/12 11:35:00","12/14/12 11:35:00"
229187,161,"12/05/12 13:00:00",,"5","50","Mise en place d'un escalier et d'un caillebotis pour accéder à l'échelle (de la terre pendant les travaux est tombée dans le lit de la rivière)",,"12/14/12 11:40:00","12/14/12 11:40:00"
229188,161,"09/27/13 14:00:00","11/21/13 14:43:00","5","50","CorTH à cause des feuilles aux niveaux du control aval ",,"12/02/13 11:43:00","12/02/13 11:43:00"
229189,161,"09/12/15 09:50:00","12/29/15 14:00:00","5","50","Corth lié à la présence de feuille au niveau du control aval",,"04/01/16 15:20:00","04/01/16 15:20:00"
229190,161,"02/27/18 02:30:00","02/28/18 11:15:00","4","42","Gel stations : données reconstitutées bonnes ",,"03/15/18 12:13:00","03/12/18 12:53:00"
229191,161,"10/13/16 00:00:00","11/25/16 09:00:00","5","50","CorTH lié à la présence de feuilles au controle aval ",,"03/12/18 12:54:00","03/12/18 12:54:00"
229192,161,"09/25/17 13:45:00","01/09/18 02:40:00","5","50","CorTH lié à la présence de feuilles au controle ",,"03/12/18 12:55:00","03/12/18 12:55:00"
229193,161,"09/04/18 21:30:00","11/01/18 00:00:00","5","50","Corth pour cause de présence de feuilles au controle aval",,"02/11/19 16:31:00","02/11/19 16:31:00"
229194,161,"09/13/19 00:00:00","11/23/19 00:00:00","5","50","CorTH feuilles ",,"03/11/20 17:06:00","03/11/20 17:06:00"
229195,161,"08/21/20 16:45:00","10/01/20 14:35:00","5","50","CortH feuilles(sécheresse été) Enlevement feuilles à la fin -0.5 cm",,"01/11/21 15:23:00","10/02/20 08:30:00"
229196,161,"10/01/20 15:15:00","11/24/20 11:20:00","5","50","CorTH feuilles (automnales)",,"01/11/21 15:25:00","01/11/21 15:25:00"
229197,161,"05/01/13 03:00:00",,"2","21",,,"01/11/21 16:41:00","01/11/21 16:41:00"
229198,161,"03/23/21 00:00:00",,"5","50","baratinage et aménagement section perche",,"03/29/21 12:46:00","03/29/21 12:46:00"
229199,161,"06/07/06 08:10:00","06/22/06 08:15:00","5","50","CV 2021 Changement courbe de tarrage lié au travaux de l'escalier ? Rien de bien visible sur les hauteurs. Donc CorTH entre les jaugeages pour faire un tarrisement à la place d'un saut",,"04/13/21 17:19:00","04/13/21 17:19:00"
229200,161,"04/13/21 00:00:00",,"2","26","Extrapolation Baratin sur toutes les courbes de tarage. La mise en charge de la tranchée couverte du puy est aux  alentours de 80m3/s. Transposition de l'orage de 2017 avec valeur pluvio de goudet déplacer sur Cayres et le Puy = 233 m3/s estimé avec le modele de chadrac et 204 m3/s estimé  avec le modele spécifique.",,"04/30/21 09:31:00","04/13/21 17:20:00"
229201,161,"10/20/21 08:00:00","12/29/21 19:35:00","5","50","CorTH feuilles (cortH automnal habituel)",,"01/13/22 12:23:00","01/13/22 12:23:00"
229202,161,"04/07/21 00:00:00",,"2","26","Toute les courbes de tarage ont été reprise (rapport de BV pour les jaugeages de crues)",,"04/07/22 16:18:00","04/07/22 16:18:00"
229203,161,"08/01/22 00:00:00","08/08/22 14:40:00","1","17","Rocher sur la prise de pression = hauteur revu du 01/08/2022 au jaugeage de 08/08/2022",,"08/29/22 14:52:00","08/29/22 14:52:00"
229204,161,"09/07/22 10:00:00","12/07/22 16:10:00","5","50","CorTH automnale présence de feuilles au controle",,"01/02/23 14:18:00","01/02/23 14:18:00"
229205,161,"09/03/23 15:40:00","12/13/23 16:10:00","5","50","CorTH automnale en 2 temps (premiers coups de saleté debut septembre nettoyé) puis automne tardif",,"01/04/24 11:37:00","01/04/24 11:37:00"
229206,161,"06/04/23 07:30:00",,"2","24","Suspicion déversement gravat",,"02/19/24 11:02:00","02/19/24 11:02:00"
229207,161,"09/25/24 19:35:00","10/17/24 14:25:00","5","50","CorTH automnale présence de feuilles",,"01/03/25 11:03:00","01/03/25 11:03:00"
229208,164,"09/20/80 00:00:00","09/21/80 00:00:00","5","50","GRANDE  CRUE DU 20/09/1980  EVALUEE  A 8.80m POUR UN DEBIT DE 2000M3/S ENVIRON  NON JAUGE",,"01/09/09 16:10:00","01/09/09 16:10:00"
229209,164,"11/11/96 00:00:00","11/12/96 00:00:00","5","50","CRUE IMPORTANTE DE LA LOIRE 11/11/1996  EVALUEE A 6.50m POUR UN DEBIT DE 1250 M3/S ENVIRON 
JAUGEAGE FAIT LE 11/11/1996 ( 4.40  4.48  4.30 M ) POUR 462 M3/S JAUGE----LA STATION - LIMNIMETRIQUE
EMPORTEE PAR CETTE CRUE -",,"01/09/09 16:19:00","01/09/09 16:16:00"
229210,164,"11/01/97 00:00:00","11/02/97 00:00:00","5","50","NOUVELLE STATION DE LA LOIRE A CHADRAC-PONT ( PRES DU MONTEIL ) ECHELLE + LPN8",,"01/09/09 16:33:00","01/09/09 16:33:00"
229211,164,"05/18/99 00:00:00","05/19/99 00:00:00","5","50","CRUE DE LA LOIRE DU 18/05/1999 HAUTEUR MAXI 5.81 m   JAUGEAGE FAIT LE 18/05/1999 A ( 5.77--5.56 m )
POUR UN DEBIT DE 627 M3/S JAUGE",,"01/09/09 16:36:00","01/09/09 16:36:00"
229212,164,"12/02/03 00:00:00","12/03/03 00:00:00","5","50","CRUE DU 02/12/2003 HAUTEUR MAXI 6.25 m  JAUGEAGE FAIT LE 02/12/2003 A 5.59 m POUR UN DEBIT DE 682 M3/S JAUGE",,"01/09/09 16:39:00","01/09/09 16:39:00"
229213,164,"11/02/08 00:00:00","11/03/08 00:00:00","5","50","CRUE DE LA LOIRE DU 02/11/2008 HAUTEUR MAXI 7.56 m  JAUGEAGE FAIT LE 02/11/2008 A 7.10 m POUR UN 
DEBIT DE 1030 M3/S JAUGE",,"01/09/09 16:42:00","01/09/09 16:42:00"
229214,164,"02/01/12 00:00:00","02/29/12 00:00:00","1","17","février 2012 période de (fort) gel : absence de hauteurs du 3/2 00:00 au24/02/2012 00:30",,"03/09/12 09:25:00","03/09/12 09:25:00"
229215,166,"06/09/11 00:00:00",,"5","50","pose clou repere 
Echelle : amont pont rive gauche a 16 m du debut du pont H = 12.74 m 
Jaugeage : aval pont en rive droite a 16 m du début du pont 
Ouverture du pont = 24.10 m a la base",,"06/10/11 09:39:00","06/10/11 09:39:00"
229216,166,"06/30/11 00:00:00",,"5","50","Travaux sur pile du pont Rive Gauche coté aval suite affouillement . Vu entreprise . Travaux commencés ce jour pour une semaine environ : un tractopelle est dans la riviere",,"06/30/11 12:09:00","06/30/11 12:09:00"
229217,166,"02/03/12 08:00:00","02/23/12 23:00:00","4","42","Reconstitution des hauteurs suite au gel du mois de février 2012",,"09/07/12 14:10:00","03/09/12 14:21:00"
229218,166,"02/22/13 16:50:00","02/28/13 21:20:00","4","42","Reconstitution des hauteurs suite au gel ",,"03/11/13 16:07:00","03/11/13 16:02:00"
229219,166,"10/17/13 09:50:00",,"3","30","Une sonde remplace le radar (k0403010). Le radar remplace le thalimède (k0403020) et sera transmis via une CPL ( par téléphone + radio)",,"11/08/13 16:09:00","11/08/13 16:09:00"
229220,166,"11/27/14 12:00:00",,"3","32","Déménagement de la la CPL de la sonde (K0403010) dans la nouvelle cabine
Le radar (k0403020) a été changé (vega 65 remplacé par un vega 61) et ramené en RG ",,"12/08/14 09:41:00","12/01/14 16:03:00"
229221,166,"02/11/15 04:45:00","02/12/15 05:10:00","1","17","Gel : hauteurs reconstiuées bonnes ",,"03/06/15 12:01:00","03/06/15 12:01:00"
229222,166,"10/12/14 22:20:00",,"2","21","Détarage crue d'octobre 2014 2,403m",,"01/11/21 16:56:00","07/09/15 10:44:00"
229223,166,"12/10/17 18:00:00","06/20/18 08:10:00","5","50","Présence d'herbe lié à l'étiage prolongé sur la partie rive gauche du seuil (par momment des branches ou le gel se sont ajoutées)",,"01/14/19 12:42:00","02/16/18 14:28:00"
229224,166,"07/25/17 08:15:00","11/22/17 09:15:00","5","50","Corth pour cause de feuille dans le controle aval (allongé critique Validation 2020)",,"05/06/20 19:36:00","02/16/18 14:31:00"
229225,166,"02/25/18 00:10:00","02/26/18 13:20:00","4","42","Gel stations : données reconstituées bonnes ",,"03/12/18 13:31:00","03/12/18 13:31:00"
229226,166,"07/26/18 07:15:00","11/01/18 03:00:00","5","50","Corth automnale pour cause de feuilles dans le controle aval enlevé par la fonte des grosses chutes de neige de fin octobre 2018 (allongé lors de la critique validation 2020)",,"05/06/20 19:35:00","01/14/19 12:44:00"
229227,166,"09/18/19 00:00:00","10/15/19 00:00:00","5","50","Corth automnale : feuilles",,"03/11/20 16:59:00","03/11/20 16:59:00"
229228,166,"03/01/21 00:00:00",,"5","50","Tronçonnage des arbres du seuil au controle aval depuis le jaugeage précédent (20-01-2021)",,"03/02/21 08:58:00","03/02/21 08:58:00"
229229,166,"12/20/21 01:25:00","12/20/21 14:30:00","4","42","Gel : données recontituées bonnes ",,"01/04/22 16:52:00","01/04/22 16:49:00"
229230,166,"01/14/22 00:00:00","01/22/22 23:59:00","4","42","Gel par intermitence le 14,15,19 et 22 janvier : données reconstituées bonnes (avec l'aide de Pont-marie) ",,"02/02/22 08:35:00","02/02/22 08:28:00"
229231,166,"08/25/22 00:00:00","12/07/22 10:00:00","5","50","CorTH de feuilles (fin d'été sécheresse + automne)",,"01/02/23 14:23:00","01/02/23 14:23:00"
229232,166,"01/21/24 00:00:00","01/22/24 00:00:00","5","50","Gel données reconstituées bonnes",,"02/12/24 15:26:00","02/12/24 15:26:00"
229233,166,"09/24/23 05:00:00","10/20/23 08:30:00","5","50","CorTH de feuilles automnales",,"02/21/24 16:42:00","02/21/24 16:42:00"
229234,166,"08/17/23 13:30:00","08/27/23 00:10:00","5","50","CorTH estival de feuille ",,"02/21/24 16:49:00","02/21/24 16:49:00"
229235,166,"01/14/25 00:30:00","01/15/25 11:45:00","5","50","Gel donneés reconstituées bonnes",,"02/03/25 16:17:00","02/03/25 16:17:00"
229236,167,"11/10/92 00:00:00","11/11/92 00:00:00","5","50","CHANGEMENT DU LIT DE LA RIVIERE",,"01/09/09 11:15:00","01/09/09 11:15:00"
229237,167,"05/20/93 00:00:00","05/21/93 00:00:00","5","50","CRUE DU 20/05/1993  HAUTEUR 1.24m  NON JAUGE",,"01/09/09 15:50:00","01/09/09 11:22:00"
229238,167,"07/12/95 00:00:00","07/13/95 00:00:00","5","50","BARRAGE EN AVAL DE L'ECHELLE ????",,"01/09/09 11:24:00","01/09/09 11:24:00"
229239,167,"09/02/96 00:00:00","09/03/96 00:00:00","5","50","BARRAGE  EN AVAL DE L 'ECHELLE ??????",,"01/09/09 11:25:00","01/09/09 11:25:00"
229240,167,"11/12/96 00:00:00","11/13/96 00:00:00","5","50","CRUE DU 12/11/1996  HAUTEUR 1.86m --DETARAGE  SEVERE DE LA STATION--  JAUGEAGE FAIT LE 13/11/1996  A LA COTE DE 0.21m ",,"01/09/09 15:52:00","01/09/09 11:34:00"
229241,167,"09/13/97 00:00:00","09/14/97 00:00:00","5","50","MODIFICATION DU LIT --EGALISER AU DROIT DE LA SECTION DE JAUGEAGE--FAIT PAR ENTREPRISE",,"01/09/09 11:37:00","01/09/09 11:37:00"
229242,167,"05/18/99 00:00:00","05/19/99 00:00:00","5","50","CRUE DU 18/05/1999 ---HAUTEUR 1.03m",,"01/09/09 11:38:00","01/09/09 11:38:00"
229243,167,"11/25/02 00:00:00","11/26/02 00:00:00","5","50","CRUE DU 25/11/2002 ---HAUTEUR 0.705",,"01/09/09 11:40:00","01/09/09 11:40:00"
229244,167,"12/02/03 00:00:00","12/03/03 00:00:00","5","50","CRUE DU 02/12/2003  HAUTEUR--MAXI 1.14m --  JAUGEAGE FAIT LE 02/12/2003  A LA COTE DE 0.61m",,"01/09/09 15:54:00","01/09/09 11:42:00"
229245,167,"11/01/08 00:00:00","11/02/08 00:00:00","5","50","CRUE DU 01/12/2008  HAUTEUR 1.81m--LE LIT EST ENCORE MODIFIE PAR LA CRUE  ---  NON JAUGE",,"01/09/09 15:55:00","01/09/09 11:45:00"
229246,167,"09/21/11 00:00:00",,"3","30","modernisation de la station d'enregistrement (plq devient cpl) + refection  toiture fait par la maintenance Declines  Chabanel Bigereau  Richard                                                                                                                    ",,"10/25/11 16:00:00","10/25/11 16:00:00"
229247,167,"02/01/12 00:00:00","02/29/12 00:00:00","1","17","février 2012 période de (fort) gel : absence de hauteurs du 30/1 00:40 au 27/02/2012 10:10",,"03/09/12 09:22:00","03/09/12 09:22:00"
229248,168,"09/20/80 00:00:00","09/21/80 00:00:00","5","50","CRUE DE LA LOIRE DU 20/09/1980---DE GROS DEGATS--LE PONT EMPORTE----",,"01/09/09 15:11:00","01/09/09 15:11:00"
229249,168,"11/12/96 00:00:00","11/13/96 00:00:00","5","50","CRUE DU 12/11/1996  ----HAUTEUR MAXI   5.27m    JAUGEAGE FAIT A LA COTE 2.15m",,"01/09/09 15:32:00","01/09/09 15:12:00"
229250,168,"11/06/97 00:00:00","11/07/97 00:00:00","5","50","CONSTRUCTION DE LA CABINE --COTE AVAL DU PONT --RIVE DROITE----",,"01/09/09 15:16:00","01/09/09 15:16:00"
229251,168,"09/10/99 00:00:00","10/20/99 00:00:00","5","50","FIN DU LIMNI OTT A BALANCE----  POUR Y METTRE UN LPN8---",,"01/09/09 15:18:00","01/09/09 15:18:00"
229252,168,"12/02/03 00:00:00","12/03/03 00:00:00","5","50","CRUE DU 02/12/2003  HAUTEUR MAXI  2.98m    NON JAUGE",,"01/09/09 15:33:00","01/09/09 15:21:00"
229253,168,"06/23/05 00:00:00","06/24/05 00:00:00","5","50"," MIS EN PLACE DU RADAR LE 23/06/2005",,"01/09/09 15:27:00","01/09/09 15:27:00"
229254,168,"11/02/08 00:00:00","11/03/08 00:00:00","5","50","CRUE DE LA LOIRE   HAUTEUR  MAXI  4.64m  NON JAUGE",,"01/09/09 15:28:00","01/09/09 15:28:00"
229255,168,"02/01/12 00:00:00","02/29/12 00:00:00","1","17","février 2012 période de (fort) gel : absence de hauteurs du 3/2 14:40 au 24/2/2012 00:00",,"03/09/12 09:23:00","03/09/12 09:23:00"
229256,169,"01/01/07 00:00:00","01/02/07 00:00:00","5","50","CRUE DE 1907 --LE JOUR ET LE MOIS ?????

HAUTEUR  4.60",,"01/09/09 10:05:00","01/09/09 10:04:00"
229257,169,"09/20/80 00:00:00",,"3","30","STATION  D'ARLEMPES ETAIT INSTALLEE AVANT MAIS EMPORTEE PAR LA CRUE DU 20/09/1980---

PUIS CHANGEMENT DE SITE ---VIA  GOUDET--",,"01/09/09 10:10:00","01/09/09 10:10:00"
229258,169,"01/23/96 00:00:00","01/24/96 00:00:00","5","50","CRUE DU 23/01/1996   HAUTEUR  3.44m   JAUGEAGE FAIT A LA COTE  3.35m",,"01/09/09 15:36:00","01/09/09 10:14:00"
229259,169,"11/12/96 00:00:00","11/13/96 00:00:00","5","50","CRUE DU 12/11/1996  HAUTEUR 3.85 m---------LES CAPTEURS EMPORTES PAR LA CRUE--TRAVAUX DE REMISE EN PLACE NOYE DANS DU BETON----JAUGEAGE FAIT A LA COTE 3.37m",,"01/09/09 15:42:00","01/09/09 10:22:00"
229260,169,"10/22/98 00:00:00","10/23/98 00:00:00","5","50","MISE EN PLACE D'UN RADAR DU 22/10/1998",,"01/09/09 10:23:00","01/09/09 10:23:00"
229261,169,"12/02/03 00:00:00","12/03/03 00:00:00","5","50","CRUE DU 02/12/2003  HAUTEUR 3.66m   JAUGEAGE FAIT A LA COTE DE  2.985m",,"01/09/09 15:44:00","01/09/09 10:26:00"
229262,169,"08/29/07 00:00:00","08/30/07 00:00:00","5","50","CRUE DE LA PETITE RIVIERE --L' HOLME LE 29/08/2007 -- A LA CONFLUENCE AVEC LA LOIRE ,--LE LIT DE LA LOIRE A BEAUCOUP CHANGE A CET ENDROIT--",,"01/09/09 10:32:00","01/09/09 10:32:00"
229263,169,"11/01/08 00:00:00","11/02/08 00:00:00","5","50","CRUE DU 02/11/2008  HAUTEUR 4.97m    NON  JAUGE",,"01/09/09 15:45:00","01/09/09 10:35:00"
229264,169,"10/12/93 00:00:00","10/13/93 00:00:00","5","50","CRUE DE LA LOIRE  HAUTEUR  MAXI  3.70m  JAUGEAGE FAIT A LA COTE 2.60m",,"01/09/09 15:38:00","01/09/09 15:38:00"
229265,169,"02/01/12 00:00:00","02/29/12 00:00:00","1","17","février 2012 période de (fort) gel : absence de hauteurs du 30/1 12:00 au 2/3/12 11:00",,"03/09/12 09:21:00","03/09/12 09:21:00"
229266,169,"06/27/12 00:00:00",,"5","50","mise en place d'un clou repere de l'echelle sur le bord de la chaussée du pont . Situé sur l'arche rive droite en rive gauche H = 11.59 m + 0.11 m a plat sur la chaussée",,"06/29/12 13:51:00","06/29/12 13:51:00"
229267,169,"05/27/24 00:00:00",,"2","21","Détarage de la station imputable à la réaction de l 'affluent Horme suite orages localisés et pluie intense du 27-05-24. Transport trés importants et redéposition au voisinage zone de contrôle hydraulique de la statison de Goudet entraînant un détarage très significatif avec un décalage d 'environ 45 cm sur la précedente correpondance Hauteur-débit du tarage CTH202124. Photos faites les 06 et 7 juin 2024.
Mise en place d'un corth positif temporaire juste avant le détarage pour éviter d'avoir une ""marche d'escalier"" sur hydrogramme au moment du détarage.
",,"06/10/24 10:16:00","06/07/24 16:00:00"
229268,169,"10/17/24 00:00:00",,"2","21","grosse crue du 17/10/2024",,"01/09/25 15:10:00","01/09/25 15:10:00"
229269,170,"06/10/09 00:00:00",,"5","50","Doublage échelle 1a2m  et  2a3m     Conservation échelle  3a5m   Prolongement échelle 5 a 8 m pour hautes eaux 

Pose également d'un clou repère situé a 11m au dessus du zéro de l'échelle , la photo du clou se trouve dans la fiche sécurité station
Pose d'un clou sur parapet du pont rive droite indiquant l'abcisse 0 pour les jaugeages au camion
",,"06/12/09 10:26:00","06/12/09 10:02:00"
229270,170,"10/06/09 10:00:00",,"5","50","travaux nettoyage de la berge rive droite sur 100m en amont du pont et 100m en aval du pont 
travaux réalisés du 6/10/2009 au 16/10/2009
constatation d'un détarage lors du jaugeage du 27/10/2009  (écart +18% sur courbe de tarage H200810)
des photos sont visibles sur la fiche sécurité",,"11/02/09 10:13:00","11/02/09 10:11:00"
229271,170,"01/01/08 00:00:00",,"5","50","a partir du 01/01/2008  les heures des jaugeages sont en TU",,"02/02/11 11:03:00","02/02/11 10:53:00"
229272,174,"06/09/09 12:00:00","06/09/09 15:30:00","5","50","remplacement de l'échelle ( de 0 à 2 m) + rajout pour crue  donc  de 0.3 m à 5 m + pose d'un clou repère H = 14.55 m ",,"06/12/09 11:57:00","06/12/09 11:57:00"
229273,174,"06/08/11 00:00:00",,"5","50","pose clou repere pour jaugeage au pont de Laval Atger",,"06/10/11 09:45:00","06/10/11 09:45:00"
229274,174,"08/11/11 00:00:00",,"3","30","modernisation de la station d'enregistrement (plq devient cpl) ",,"10/25/11 16:03:00","10/25/11 16:03:00"
229275,174,"02/03/12 04:50:00","02/24/12 01:50:00","1","17","Reconstitution des hauteurs suite au gel du mois de février 2012",,"09/07/12 14:22:00","03/09/12 14:35:00"
229276,174,"10/23/12 08:00:00",,"5","50","Mise en place d'un escalier pour accéder à l'échelle",,"12/14/12 11:41:00","12/14/12 11:41:00"
229277,174,"12/10/17 06:00:00",,"5","50","Corth pour cause d'herbes (qui ont poussées pendant l'étiage)",,"02/16/18 14:34:00","02/16/18 14:34:00"
229278,174,"12/03/03 18:20:00","08/01/14 00:00:00","5","50","Echelle de 0 à 1 m arrachée : Remise en aout 2004 ??",,"03/06/19 09:12:00","03/06/19 09:12:00"
229279,174,"08/09/19 00:00:00","09/04/19 00:00:00","5","50","CorTH branches (élagage lignes électrique)",,"03/11/20 17:13:00","03/11/20 17:13:00"
229280,174,"12/20/21 12:25:00","12/23/21 12:10:00","4","42","Gel données reconstituées bonnes",,"01/04/22 16:58:00","01/04/22 16:58:00"
229281,174,"01/14/22 05:15:00","01/17/22 08:15:00","4","42","Gel : données reconstituées bonnes avec l'aide de Grandrieu et débit réservé prise d'eau chapeauroux",,"02/02/22 08:44:00","02/02/22 08:44:00"
229282,174,"01/24/22 12:55:00","01/28/22 18:05:00","4","42","Gel : données reconstituées bonnes avec l'aide de Grandrieu et débit réservé prise d'eau chapeauroux",,"02/02/22 08:45:00","02/02/22 08:45:00"
229283,174,"09/15/22 14:25:00",,"3","30","Rajout d'un radar en plus de l'hydro 1000",,"10/03/22 11:43:00","10/03/22 11:43:00"
229284,174,"01/13/25 00:00:00","01/14/25 00:00:00","5","50","Influence du gel sur hauteurs sur la séquence avec rétention du BV sur les horaires températures plus froides et baisse hauteurs puis fonte en fin matinée quand températures positives et hausse niveau.
Pas de modif lors trait hauteur (contrôle non influencé).",,"02/05/25 09:27:00","02/05/25 09:27:00"
229285,175,"11/02/08 00:00:00",,"5","50","échelle arrachée et emportée",,"12/30/08 09:14:00","12/30/08 09:14:00"
229286,175,"05/26/09 00:00:00",,"5","50","mise en place rive gauche d'une échelle de 1m a 5m (arrachement de l'ancienne située rive droite suite a crue du 02/11/2008) 
pose également d'un clou repère a 5m, la photo se trouve dans la fiche sécurité station",,"06/02/09 10:28:00","06/02/09 10:27:00"
229287,175,"01/01/08 00:00:00",,"5","50","a paritr du 01/01/2008 horaire des jaugeages passe en heures TU ",,"02/03/11 11:13:00","02/03/11 11:13:00"
229288,175,"11/15/11 00:00:00",,"3","31","mise en place d'un radar VEGA+ en remplacement de la prise de pression du LPN8 déteriorée lors de la crue du 04/11/2011. radar installée par la DIREN AUVERGNE",,"11/28/11 10:03:00","11/28/11 10:03:00"
229289,182,"02/04/12 00:30:00","02/24/12 10:00:00","4","42","Reconstitution des hauteurs suite au gel du mois de février 2012",,"09/07/12 14:23:00","03/09/12 14:38:00"
229290,182,"11/05/11 02:40:00",,"2","21","Crue de novemebre 2011 cote maxi 353.2 cm",,"09/23/13 14:41:00","09/23/13 14:41:00"
229291,182,"05/26/15 12:00:00",,"3","32","Changement LPN car pic ",,"06/30/15 12:31:00","06/30/15 12:31:00"
229292,182,"06/26/15 09:00:00",,"3","32","Changement de LPN car pb de valeur inférieur (perte de compression ?)",,"06/30/15 12:33:00","06/30/15 12:33:00"
229293,182,"09/30/22 15:05:00",,"3","30","Rajout du radar en plus de la sonde ",,"10/03/22 11:42:00","10/03/22 11:42:00"
229294,185,"02/03/12 19:50:00","02/23/12 12:30:00","4","42","Reconstitution des hauteurs suite au gel du mois de février 2012",,"09/07/12 14:07:00","03/09/12 14:06:00"
229295,185,"09/30/13 10:00:00",,"3","32","Reduction de la longeur de la prise de pression pour cause d'ensablement régulier ",,"11/12/13 11:19:00","11/12/13 11:19:00"
229296,185,"09/30/13 04:00:00","10/02/13 05:30:00","1","12","Hauteur réconstitué bonne suite à l'anomalie capteur liéé au travaux de modification de la prise de pression",,"11/12/13 11:21:00","11/12/13 11:21:00"
229297,185,"05/01/13 13:38:00",,"2","21","Détarage à la cote 1.48 m  persistence ou non d'une voie d'eau dans le seuil ?",,"07/09/15 10:24:00","07/09/15 10:23:00"
229298,185,"06/12/20 12:00:00",,"5","50","Modification de la  hauteur max de la crue suite au levé des laisses (envrion 1.70m) : 1.785 au lieu de 1.95m (calé avec les sauts capteur)",,"07/01/20 17:08:00","07/01/20 17:05:00"
229299,185,"08/21/18 10:05:00",,"2","24","Passage d'eau en rive droite comblé et influence de Qrev ensuite",,"01/11/21 15:45:00","01/11/21 15:44:00"
229300,317,"11/15/00 00:00:00",,"5","50","Transfert de la station de la DIREN de Bassin Loire-Bretagne à SEMA Lyon Département",,,
229301,317,"12/14/00 14:00:00",,"3","30","Installation d'un codeur-enregistreur OTT Thalimèdes avec flotteur, et d'un Modem Eurocom pour la télétransmission.",,,
229302,317,"07/18/95 05:19:00","10/15/95 12:28:00","1","10","Hauteurs douteuses.Sur le limni papier,problèmes de retournements,mauvais calages,estimations.Impossible à rectifier de façon certaine.Hauteurs supprimées sur Hydro.",,,
229303,317,"10/24/00 00:00:00","10/30/00 00:00:00","1","12","Problème de stylet (limni papier loire Bretagne).",,,
229304,317,"12/14/00 14:30:00",,"3","30","Début de la télétransmission.
",,,
229305,317,"01/07/19 17:00:00","01/09/19 10:20:00","1","12","Batterie faible pas de données disponibles sur cette période.
En l'absence de précipitations ou fontes nivales (période courte et stable), les hauteurs ont été reconstitués bonne par interpolation linéaire.","01/24/19 15:27:00","01/24/19 15:28:00","01/24/19 15:27:00"
229306,317,"05/21/22 00:00:00","05/24/22 00:00:00","1","11","Absence données 21-24 mai 2022 dysfonctionnement LNS aprés mise à jour firmware.
Séquence stable reconstitution des hauteurs sur la base des 3 jours précdents.",,"06/07/22 10:54:00","06/07/22 10:54:00"
229307,317,"08/14/23 16:00:00","08/17/23 09:30:00","1","12","Absence de données entre le 14 et 17 aout suite à une action de vendalisme coté riviére cablage panneau solaire arraché.Reconstitution sur une période stable en se basant sur l'évolution des débits sur les Cotes et Boen. ",,"09/01/23 13:34:00","09/01/23 13:34:00"
229308,317,"02/16/23 15:00:00","02/17/23 08:00:00","4","42","Problème TBR transmission données déportées vers LNS.Reconstitution Ht bonnes sur séquence stable hydrologique et en l'absence de manoeuvres micro-centrale sur la période",,"02/19/24 10:46:00","02/19/24 10:46:00"
229309,317,"04/21/23 23:00:00","04/24/23 06:00:00","4","42","Panne TBR (chgt matériel) données déportées capteur vers LNS.Reconstitution Bonne des Ht sur une séquence stable météo et période sans manoeuvre micro-centrale.",,"02/19/24 11:23:00","02/19/24 11:23:00"
229310,317,"07/26/23 12:00:00","07/27/23 09:00:00","4","42","Chgt antenne TBR.Reconstitution des ht bonne séquence météo stable",,"02/19/24 11:36:00","02/19/24 11:36:00"
229311,317,"08/14/23 17:00:00","08/17/23 09:30:00","1","12","Plantage transmission radio.Traitement des données sur la séquence via la collecte direct sur la LNS lors passage terrain maintenance.",,"02/19/24 11:45:00","02/19/24 11:45:00"
229312,318,"01/01/72 00:00:00",,"5","50","Mise en route de la station.Mais limnis depuis le 29/06/1970 à 12:00,et jaugeages depuis le 09/07/1970.",,,
229313,318,"11/15/00 00:00:00",,"5","50","Transfert de la station de la DIREN de Bassin Loire-Bretagne à SEMA Lyon Département",,,
229314,318,"01/30/01 14:00:00",,"3","30","Installation d'un codeur-enregistreur OTT Thalimèdes avec flotteur, et d'un Modem Eurocom pour la télétransmission à la place d'un Newlog de la DIREN de Bassin Loire-Bretagne.",,,
229315,318,"07/13/92 19:22:00","07/28/92 16:12:00","1","17","Cabine détériorée par un camion ,stylet sauté.",,,
229316,318,"05/29/93 20:00:00","06/09/93 08:16:00","1","11",,,,
229317,318,"06/15/01 00:00:00","06/26/01 11:30:00","1","11","Batterie de la centrale Thalimèdes descendue à 8,99V.",,,
229318,318,"01/12/02 00:00:00","01/23/02 11:35:00","1","11","Panne sur la centrale Nimbus.",,,
229319,318,"01/12/02 00:00:00","01/23/02 11:35:00","4","42","Références: Lignon du Forez à Boën et l' Aix à St Germain Laval.",,,
229320,318,"06/15/01 00:00:00","06/26/01 00:00:00","4","43","Déclaration dans hydro des QJ manquants inconnu faible <5 m3/s ; QIX <10 m3/s et QMM >0.5 m3/s.",,,
229321,318,"07/28/18 10:00:00",,"2","26","Déclaration d'un Corth provisoire suite à la constitution d'un barrage artificiel  de cailloux en aval station environ 20m. (photos sur terrain réalisées).",,"08/10/18 09:26:00","08/10/18 09:26:00"
229322,318,"11/27/18 10:50:00",,"5","50","Nettoyage branches dans lit rivièr e en amont immédiat pont station.
Enlèvement barrages de cailloux estivales et feuilles 30m en aval station.
Fin de la courbe de correction des hauteurs.",,"11/28/18 17:42:00","11/28/18 17:42:00"
229323,318,"04/02/19 09:20:00",,"5","50","TRAVAUX DE NETTOYAGE DES BERGES ENTRE LA STATION ET LE SEUIL AVAL",,"04/04/19 10:24:00","04/04/19 10:24:00"
229324,318,"09/17/20 00:00:00",,"5","50","Mise en place d'un Corth pour prise en compte influence des feuilles en automne au niveau du contrôle aval ",,"11/06/20 10:06:00","11/06/20 10:06:00"
229325,318,"12/29/21 18:00:00",,"2","21","Détarage suite crue du 29-12-2021 de frequence de retour eniron 5ans.",,"06/24/22 11:55:00","06/24/22 11:55:00"
229326,318,"08/15/21 00:00:00",,"2","26","Déplacements de caillous dans le lit mineur entre15 aout et 20 septembre pendant la période vacances estivale.",,"06/24/22 11:58:00","06/24/22 11:58:00"
229327,318,"08/01/22 00:00:00",,"5","50","Premier assec est intervenu entre le 01 et le 05-08-2022 interrompu entre le 05 et le 08 aout (pluie sur le BV le 05-08-22) puis nouvel assec a compter du 08-08-22. Passage terrain pour constatation assec le 01-08-2022  Maintenance puis le 09-08-2022 Jaugeurs.
sur passage 09-08--22 on a un filet d'eau 20m amont (1-2 l/s) puis infiltration avant pont station et resurgence filet d'eau ecoulement au delà du seuil maconné situé 400m en aval station (écoult intermittent  d'infiltration par tronçon)",,"08/11/22 11:47:00","08/11/22 11:38:00"
229328,318,"08/08/22 00:00:00","08/14/22 00:00:00","5","50","Période assec sans écoulement superficiel de la rivière constaté le 09-08-2022 lors d'une visite terrain. ",,"02/24/23 09:08:00","09/05/22 17:06:00"
229329,318,"09/12/23 00:00:00","09/13/23 00:00:00","5","50","Assec temporaire de l'ecoulement superficiel de l'Anzon- suite à canicule aout 2023 et en l'absence de précipitations depuis une longue période.
Débit Zero estimé au voisinage de -12cm sur le tarage en vigueur",,"09/29/23 11:32:00","09/29/23 11:29:00"
229330,319,"11/15/00 00:00:00",,"5","50","Transfert de la station de la DIREN de Bassin Loire-Bretagne à SEMA Lyon Département",,,
229331,319,"12/21/00 14:00:00",,"3","30","Installation d'un codeur-enregistreur OTT Thalimèdes avec flotteur.",,,
229332,319,"07/30/98 13:00:00","08/03/98 16:00:00","4","42","Référence ?.Hauteurs douteuse dans Hydro.",,,
229333,319,"10/15/02 10:19:00","11/12/02 12:59:00","1","17","Hauteurs incertaines suite à la colonne bouchée.",,,
229334,319,"10/15/02 00:00:00","11/12/02 00:00:00","4","43","Déclaration dans hydro de tous les QJ manquants inconnu faible <3 m3/s ; QIX d'octobre <4 m3/s, QIX de novembre le 25/11 00:39 #8.06 m3/s et QMM >0.120 m3/s pour les 2 mois.",,,
229335,319,"02/12/03 00:10:00","03/13/03 08:30:00","1","17","Fichier Hauteur-temps pésent, mais douteux.",,"03/04/04 13:58:00",
229336,319,"02/12/03 00:10:00","03/13/03 08:30:00","4","42","Référence stations Chevelières et Les Cotes.",,,
229337,319,"07/30/03 00:00:00",,"5","50","Début de la télétransmition.",,"03/09/04 11:09:00","03/09/04 11:09:00"
229338,321,"02/19/97 14:00:00",,"3","30","Début centrale CR2M et sonde ultra-sons.",,,
229339,321,"05/05/90 10:00:00","05/19/90 08:45:00","1","14",,,,
229340,321,"05/05/90 10:00:00","05/09/90 08:45:00","4","42","Références Rivières de Roanne.",,,
229341,321,"10/20/71 12:00:00",,"5","50","Mise en service de la station.",,,
229342,321,"06/04/73 16:40:00","07/02/73 01:58:00","4","42","Références Rivières de Roanne. Hauteurs déclarées estimées dans hydro.",,,
229343,321,"06/04/73 16:40:00","07/02/73 01:58:00","1","17","??",,,
229344,321,"10/25/86 09:10:00","11/07/86 09:00:00","1","11","Problème de stylet.

",,,
229345,321,"10/25/86 09:10:00","11/07/86 09:00:00","4","42","Références Rivières de Roanne.",,,
229346,321,"11/22/01 15:00:00",,"3","30","Installation d'un codeur-enregistreur OTT Thalimèdes avec flotteur, et Modem Eurocom (en prévision de la télétransmission).",,,
229347,321,"12/14/01 12:00:00",,"5","50","Début de la télétransmition.",,,
229348,321,"02/15/07 00:00:00",,"5","50","Chute d'un arbre sur la ligne téléphonique",,"02/15/07 16:35:00","02/15/07 16:35:00"
229349,321,"10/01/07 00:00:00",,"5","50","A partir de octobre 2007 gestion de la statio par la DIREN CENTRE
station jusque là gérée par la DIREN RHONE ALPES",,"01/09/09 15:59:00","01/09/09 15:59:00"
229350,321,"10/01/07 00:00:00",,"2","26","nouvelle courbe de tarage suite changement de gestionnaire",,"01/09/09 16:00:00","01/09/09 16:00:00"
229351,321,"11/02/08 00:00:00",,"5","50","pas de trace de la crue du 02/11/2008 (pas de trace sur le terrain non plus)",,"01/09/09 16:02:00","01/09/09 16:02:00"
229352,321,"06/23/09 00:00:00",,"3","30","Cristalisation de la station : mise en place d'une CPL et conservation du thalimède comme capteur (B Richard JL Declines)",,"06/26/09 14:50:00","06/26/09 14:50:00"
229353,321,"05/11/11 00:00:00",,"5","50","mise en place d'un clou repere au dessus de l'échelle en rive gauche h = +3.15 m",,"05/13/11 15:50:00","05/13/11 15:50:00"
229354,321,"02/01/12 00:00:00","02/29/12 00:00:00","1","17","février 2012 période de (fort) gel : absence de hauteurs du 3/2 23:50 au 20/02/2012 12:15",,"03/09/12 09:33:00","03/09/12 09:33:00"
229355,303,"02/01/12 21:00:00","02/18/12 17:00:00","4","42","Reconstitution des hauteurs suite au gel du mois de février 2012",,"09/07/12 14:07:00","03/09/12 14:09:00"
229356,303,"06/13/12 00:00:00",,"3","31","Mise en place d'un radar en remplacement du LPN. Une échelle de crue a été rajoutée et l'échelle existante a été remplacée.",,"01/07/13 09:21:00","06/18/12 09:24:00"
229357,303,"07/19/12 07:00:00",,"3","31","Remplacement du radar vega 65 par un radar vega 61",,"07/31/12 16:11:00","07/31/12 16:09:00"
229358,305,"11/02/08 00:00:00",,"5","50","crue le 02/11/2008  max codeur 2.597m à 09:06 (nivelement laisses les plus hautes : codeur OK)",,"01/09/09 15:19:00","01/09/09 15:19:00"
229359,305,"10/01/07 00:00:00",,"2","26","nouvelle courbe de tarage suite changement gestionnaire",,"01/09/09 15:20:00","01/09/09 15:20:00"
229360,305,"10/01/07 00:00:00",,"5","50","A partir de octobre 2007 gestion de la station par la DIREN CENTRE
station jusque là gérée par la DIREN AUVERGNE",,"01/09/09 15:22:00","01/09/09 15:22:00"
229361,305,"03/31/09 00:00:00",,"3","30","remplacement de l'échelle (basse eau)    changement de capteur ALFEE remplacé par LPN 8     station ""CRISTALISEE""   + pose d'un clou repere (voir photo dans fiche sécurité) au dos de la cabine H =6.06 m",,"04/01/09 17:39:00","04/01/09 17:25:00"
229362,305,"08/04/10 00:00:00",,"3","32","refection complete de la prise de pression ",,"08/06/10 15:25:00","08/06/10 15:25:00"
229363,305,"01/07/11 00:00:00",,"2","26","courbes Diren Auvergne revues et corrigées par MR",,"01/07/11 16:10:00","01/07/11 16:10:00"
229364,305,"02/03/12 17:30:00","02/23/12 17:00:00","4","42","Reconstitution des hauteurs suite au gel du mois de février 2012",,"09/07/12 14:09:00","03/09/12 14:20:00"
229365,305,"05/01/13 13:50:00",,"2","21","Détarage suite à la crue du 1er mai 2013",,"07/26/13 15:11:00","07/26/13 15:11:00"
229366,305,"09/22/15 15:50:00","11/05/15 14:50:00","5","50","Corth lié à la présence de feuille au niveau du control aval",,"04/01/16 15:37:00","04/01/16 15:36:00"
229367,305,"06/12/20 17:10:00",,"2","21","Détaré à la crue de juin 2020 cote 1.712m",,"01/11/21 16:43:00","01/11/21 16:43:00"
229368,305,"02/27/18 00:10:00","02/28/18 23:35:00","4","42","Gel station : données reconstituées bonnes ",,"03/12/18 12:58:00","03/12/18 12:58:00"
229369,305,"06/26/16 06:50:00","09/05/16 14:40:00","5","50","Corth lié à la présence de barrage de cailloux ",,"03/12/18 13:05:00","03/12/18 13:05:00"
229370,305,"09/05/16 14:40:00","11/22/16 19:10:00","5","50","Corth lié à la présence de feuilles ",,"03/12/18 13:06:00","03/12/18 13:06:00"
229371,305,"07/16/17 12:22:00","09/04/17 13:30:00","5","50","Corth lié à la présence de barrage de cailloux (détruit le 04/09 lors d'un jaugeage) ",,"03/12/18 13:07:00","03/12/18 13:07:00"
229372,305,"09/30/17 09:00:00","12/22/17 01:20:00","5","50","Corth lié à la présence de feuilles ",,"03/12/18 13:08:00","03/12/18 13:08:00"
229373,305,"09/23/18 15:50:00","11/09/18 15:20:00","5","50","Corth lié à la présence de feuille ",,"02/11/19 16:22:00","02/11/19 16:22:00"
229374,305,"09/15/19 00:00:00","10/20/19 00:00:00","5","50","CorTH feuilles ",,"03/11/20 17:03:00","03/11/20 17:03:00"
229375,305,"10/11/14 11:07:00",,"2","21",,,"01/11/21 16:45:00","01/11/21 16:45:00"
229376,305,"02/10/19 22:55:00",,"2","26","Critique validation 2020",,"01/11/21 16:49:00","01/11/21 16:49:00"
229377,305,"01/19/14 17:00:00",,"2","21",,,"01/11/21 16:50:00","01/11/21 16:50:00"
229378,305,"03/27/21 10:10:00",,"2","24","Détaré suite à la traversé du tracteur pour nettoyage en RD? date de détarage au pic du 27/03 à 55.4cm",,"04/30/21 10:20:00","04/30/21 10:20:00"
229379,306,"10/01/07 00:00:00",,"2","26","nouvelle courbe de tarage suite changement de gestionnaire",,"01/09/09 15:24:00","01/09/09 15:24:00"
229380,306,"10/01/07 00:00:00",,"5","50","A partir de octobre 2007 gestion de la station par la DIREN CENTRE
station jusque là gérée par la DIREN AUVERGNE",,"01/09/09 15:26:00","01/09/09 15:26:00"
229381,306,"11/02/08 00:00:00",,"5","50","crue le 02/11/2008 max codeur 2.268m à 01:50 (nivellement laisses les plus hautes : codeur OK)",,"01/09/09 15:28:00","01/09/09 15:28:00"
229382,306,"06/09/11 00:00:00",,"5","50","Pose de Clou repere 
Echelle :aval pont en rive gauche H = 6.30 m
Jaugeage : aval pont rive droite
Ouverture pont =14 m",,"06/10/11 09:43:00","06/10/11 09:43:00"
229383,306,"02/03/12 17:30:00","02/23/12 16:30:00","4","42","Reconstitution des hauteurs suite au gel du mois de février 2012",,"09/07/12 14:12:00","03/09/12 14:25:00"
229384,306,"04/25/12 12:00:00",,"5","50","Mise en place d'une échelle de crue en rive droite ",,"06/14/12 15:57:00","06/14/12 15:57:00"
229385,306,"07/24/12 14:00:00",,"5","50","Réalisation du profil en travers à Pont-marie ",,"07/31/12 16:25:00","07/31/12 16:25:00"
229386,306,"09/10/13 12:58:00",,"3","31","Le LPN/8 a été remplcé par une sonde Vega",,"11/08/13 16:02:00","11/08/13 16:02:00"
229387,306,"10/15/13 00:00:00",,"3","32","Déplacement de l'échelle d'étiage en rive gauche ",,"11/08/13 16:03:00","11/08/13 16:03:00"
229388,306,"03/26/15 12:00:00",,"5","50","Nivellement vis porte à 7.265 m en prévision des travaux du pont ",,"03/27/15 10:01:00","03/27/15 10:01:00"
229389,306,"05/18/15 08:00:00","11/12/15 15:10:00","1","16","Réfection du pont station arreté provisoirement",,"11/16/15 14:13:00","06/12/15 10:41:00"
229390,306,"07/23/15 12:00:00",,"5","50","Mise en place la nouvelle échelle suite aux travaux (non calé par rapport à l'ancienne échelle)",,"10/22/15 14:19:00","10/22/15 14:19:00"
229391,306,"11/12/15 15:10:00",,"3","32","Mise en place d'une sonde vegaweel52 suite au travaux du pont. ",,"11/16/15 14:16:00","11/16/15 14:16:00"
229392,306,"07/25/16 14:00:00",,"5","50","Pose d'un clou repère de l'échelle sur le trotoire du pont (aval) en rive droite nivelé 6.21m
Réalisation de 2 profils (droit de l'échelle + 5 m amont pour svr) et du marquage du pont ",,"07/28/16 15:47:00","07/28/16 15:47:00"
229393,306,"02/13/18 03:30:00","02/13/18 19:00:00","5","50","Gel du controle aval (corth)",,"03/15/18 12:17:00","02/16/18 14:32:00"
229394,306,"02/25/18 23:10:00","02/28/18 21:40:00","4","42","Gel station : données reconstituées bonnes ",,"03/15/18 12:16:00","03/15/18 12:16:00"
229395,306,"10/03/21 11:30:00","10/04/21 07:40:00","1","17","Le capteur à totalement dérivé pendant le coup d'eau. Un levé des laisse de crue à eu lieu le 06 octobre .
Levée laisse de crue visé niveau =2.70 m 
Laisse RD proche échelle =2.70 -1.50 (- 1.54 et -1.47) = 1.20m 
Laisse RG =2.70- 1.60 = 1.10m 
Moyenne des laisses 1.15 m avec les reclages capteurs et le limni cote maxi retenue = 1.156 m le 03/10/2021 à 23h45",,"12/01/21 08:44:00","12/01/21 08:44:00"
229396,306,"09/18/21 16:55:00","09/23/21 18:25:00","1","17","Dérive capteur données reconstituées bonnes en QMJ à partir des stations avoisinantes.",,"12/01/21 08:47:00","12/01/21 08:46:00"
229397,306,"01/13/22 00:00:00","01/27/22 23:59:00","4","42","Gel par intermitence le 13,14,15,16 et 22,24,25,26,27 janvier : données reconstituées bonnes (avec l'aide de chambon) ",,"02/02/22 08:35:00","02/02/22 08:29:00"
229398,306,"12/21/21 03:02:00","12/22/21 13:15:00","4","42","Gel : données reconstituées bonnes ",,"01/04/22 16:52:00","01/04/22 16:50:00"
229399,306,"04/08/22 00:00:00",,"2","26","Modif de l'extrap des courbes de tarrage avec Baratin avril 2022 depuis 2015 (réfection du pont)",,"04/08/22 11:34:00","04/08/22 11:34:00"
229400,306,"01/13/24 00:00:00","01/14/24 00:00:00","5","50","Gel données reconstituées bonnes",,"02/12/24 15:26:00","02/12/24 15:26:00"
229401,306,"01/13/25 00:00:00","01/15/25 23:59:00","5","50","Gel intermitent :  données reconstituées bonnes",,"02/04/25 08:15:00","02/03/25 16:32:00"
229402,307,"10/01/07 00:00:00",,"5","50","A partir de octobre 2007 gestion de la station par la DIREN CENTRE
station jusque là gérée par la DIREN AUVERGNE",,"01/08/09 18:12:00","01/08/09 18:12:00"
229403,307,"10/01/07 00:00:00",,"2","26","nouvelle courbe de tarage suite à changement de gestionnaire",,"01/08/09 18:14:00","01/08/09 18:14:00"
229404,307,"11/02/08 00:00:00",,"5","50","crue le 02/11/2008 max codeur 2.513 m à 01:40  (controle laisses les plus hautes 2.30m donc capteur = logique)",,"01/09/09 15:14:00","01/09/09 09:20:00"
229405,307,"05/12/09 10:00:00",,"3","30","CRISTALISATION de la station + Alfee remplacé par LPN 8  +  ajout de l'échelle 1 à 2 m  + pose clous h = 5.5 m",,"05/22/09 09:13:00","05/22/09 09:13:00"
229406,307,"07/27/10 09:00:00",,"3","32","Remplacement prise de pression + remplacement echelle etiage + ajout echelle de crue jusqu'a 3 M",,"07/30/10 14:01:00","07/30/10 14:01:00"
229407,307,"02/02/12 00:00:00","02/23/12 18:30:00","4","42","Reconstitution des hauteurs suite au gel du mois de février 2012",,"09/07/12 14:13:00","03/09/12 14:26:00"
229408,307,"07/11/12 10:20:00",,"3","31","Doublement du LPN par une sonde piézo ( les donnees de la sonde piezo remplace celle du LPN depuis le 20/08 à 14h50 )",,"01/07/13 09:29:00","07/31/12 16:17:00"
229409,307,"01/17/13 02:00:00","01/19/13 00:30:00","4","42","Reconstitution des hauteurs suite au gel ",,"03/11/13 16:18:00","03/11/13 16:18:00"
229410,307,"02/14/13 00:00:00","02/14/13 12:00:00","4","42","Reconstitution des hauteurs suite au gel ",,"03/11/13 16:20:00","03/11/13 16:20:00"
229411,307,"02/23/13 03:30:00","02/27/13 05:25:00","4","42","Reconstitution des hauteurs suite au gel ",,"03/11/13 16:21:00","03/11/13 16:21:00"
229412,307,"02/27/13 11:00:00",,"2","26","Détarage au niveau du controle aval situé dans le champ vraisemblablement suite au gel ",,"03/15/13 16:13:00","03/15/13 16:13:00"
229413,308,"10/01/07 00:00:00",,"5","50","A partir de octobre 2007 gestion de la station par la DIREN CENTRE
station jusque là gérée par la DIREN AUVERGNE",,"01/09/09 15:30:00","01/09/09 15:30:00"
229414,308,"10/01/07 00:00:00",,"2","26","nouvelle courbe de tarage suite changement de gestionnaire",,"01/09/09 15:31:00","01/09/09 15:31:00"
229415,308,"11/02/08 00:00:00",,"5","50","crue le 02/11/2008 max codeur 3.256m à 00:06 (nivellement laisses les plus hautes : codeur OK)",,"01/09/09 15:33:00","01/09/09 15:33:00"
229416,308,"06/16/09 00:00:00",,"3","30","""cristalisation"" de la station + changement cabine + remplacement de l'Alfee par Lpn 8 ( Decline Filère Bérion)",,"06/19/09 11:45:00","06/19/09 11:45:00"
229417,308,"08/03/10 00:00:00",,"3","32","refection complete prise de pression",,"08/06/10 15:28:00","08/06/10 15:28:00"
229418,308,"02/03/12 14:47:00","02/18/12 10:30:00","4","42","Reconstitution des hauteurs suite au gel du mois de février 2012",,"09/07/12 14:16:00","03/09/12 14:31:00"
229419,308,"06/22/12 08:20:00",,"3","31","Remplacement du LPN par un radar véga 65",,"07/31/12 16:22:00","07/31/12 16:22:00"
229420,308,"11/10/12 12:00:00","11/11/12 19:00:00","1","11","Données capteur non valide : reconstiuées bon à partir de Vaubarlet",,"12/14/12 11:55:00","12/14/12 11:55:00"
229421,308,"02/22/13 23:50:00","02/27/13 08:50:00","4","42","Reconstitution des hauteurs suite au gel ",,"03/11/13 16:25:00","03/11/13 16:25:00"
229422,308,"05/18/13 16:20:00",,"2","21","Détarage suite à la crue du 18/19mai 2013 (reprise des courbes avec le nouveaux jaugeage jusqu'a la crue de 2008)",,"07/26/13 14:47:00","07/26/13 14:47:00"
229423,308,"11/20/13 02:00:00","12/19/13 06:21:00","5","50","Mise en place d'un Corth à la suite de chute d'arbre dans la rivière ",,"06/12/15 10:31:00","12/02/13 10:26:00"
229424,308,"02/27/18 01:50:00","02/28/18 19:00:00","4","42","Gel stations : données reconstituées bonnes ",,"03/15/18 12:20:00","03/15/18 12:20:00"
229425,308,"10/31/18 07:30:00","11/20/18 14:45:00","5","50","Corth pour cause de branche et feuilles tombées suite aux grosses chutes de neige de fin octobre 2018",,"02/11/19 16:00:00","02/11/19 16:00:00"
229426,308,"01/21/20 14:35:00","03/12/20 09:00:00","5","50","CorTH branches + détarage après le nettoyage (l'eau a creusé pour passer en dessous)",,"01/11/21 15:39:00","01/11/21 15:39:00"
229427,308,"10/25/20 23:50:00","11/06/20 14:50:00","5","50","CorTH branches",,"01/11/21 15:41:00","01/11/21 15:41:00"
229428,308,"11/22/16 17:20:00",,"2","21","Détarage suite crue novembre 2016 cote 2.27 m",,"01/11/21 17:14:00","01/11/21 15:42:00"
229429,308,"10/31/22 23:00:00","12/04/22 06:55:00","5","50","CortH de feuilles",,"01/02/23 14:33:00","01/02/23 14:33:00"
229430,309,"10/25/21 15:35:00","12/04/21 17:05:00","5","50","CorTH cran bizarre : embacle ? ",,"02/02/23 11:36:00","02/02/23 11:36:00"
229431,309,"10/01/07 00:00:00",,"5","50","A partir de octobre 2007 gestion de la station par la DIREN CENTRE
station jusque là gérée par la DIREN AUVERGNE",,"01/09/09 15:35:00","01/09/09 15:35:00"
229432,309,"10/01/07 00:00:00",,"2","26","nouivelle courbe de tarage suite changement de gestionnaire",,"01/09/09 15:36:00","01/09/09 15:36:00"
229433,309,"11/02/08 00:00:00",,"5","50","crue le 02/11/2008 max codeur 2.189 à 07:20 ",,"01/09/09 15:38:00","01/09/09 15:38:00"
229434,309,"02/18/09 00:00:00",,"3","31","remplacement LPN 8 par RADAR ( JL Declines)",,"04/24/09 15:20:00","04/24/09 15:20:00"
229435,309,"02/04/12 02:30:00","02/24/12 22:50:00","4","42","Reconstitution des hauteurs suite au gel du mois de février 2012",,"09/07/12 14:21:00","03/09/12 14:33:00"
229436,309,"11/05/11 02:10:00",,"2","21","Détarage à la crue de début novembre (cependant possibilté de détarage pendant l'étiage mais rien ne peut l'étayer pour l'instant)",,"06/04/12 10:00:00","06/04/12 10:00:00"
229437,309,"05/24/12 14:00:00",,"3","30","Remplacement station Noé par CplPLUS 3221 Génindus 9581111777 
",,"06/04/12 11:07:00","06/04/12 11:07:00"
229438,309,"02/22/13 22:27:00","02/28/13 10:00:00","4","42","Reconstitution des hauteurs suite au gel",,"03/11/13 16:27:00","03/11/13 16:27:00"
229439,309,"03/14/19 19:40:00","03/20/19 14:48:00","5","50","Corth à cause de branches sur la pile ammenées  lors du coup d'eau",,"03/29/19 10:31:00","03/29/19 10:31:00"
229440,309,"02/15/20 00:00:00",,"5","50","Refection des enrochements en aval dupont rive Gauche travaux courant février 2020 ? ",,"02/27/20 08:59:00","02/27/20 08:59:00"
229441,309,"03/15/19 00:00:00","03/20/19 00:00:00","5","50","CortH branches",,"03/11/20 17:11:00","03/11/20 17:11:00"
229442,309,"12/01/92 00:00:00","12/03/92 00:00:00","1","17","Pb d'unité de Hauteur (mm rentré pour des cm = valeur *10) modifié 07/01/21",,"01/07/21 16:50:00","01/07/21 16:50:00"
229443,309,"02/10/21 09:00:00",,"3","31","Remplacment du radar par un radar C23 car l'ancien radar se décalait trop en crue ",,"02/11/21 16:54:00","02/11/21 16:54:00"
229444,309,"02/11/21 00:00:00",,"2","26","DE 2007 à 2021 mise en place de l'extrapolation baratin avec la crue de février 2021",,"02/11/21 16:55:00","02/11/21 16:55:00"
229445,309,"12/19/21 00:00:00","12/26/21 00:00:00","4","42","Gel données reconstituées bonnes à partir de Berard",,"01/04/22 16:52:00","01/04/22 16:51:00"
229446,309,"12/28/21 09:15:00","12/29/21 07:55:00","4","42","Panne capteur : données reconstituées bonnes à partir de berard",,"01/04/22 16:54:00","01/04/22 16:54:00"
229447,309,"07/16/22 14:02:00","10/20/22 08:41:00","5","50","CorTH barrage de cailloux avec feuilles à l'automne",,"01/02/23 14:38:00","01/02/23 14:38:00"
229448,309,"08/19/23 09:20:00","08/24/23 08:10:00","5","50","CortH barrage de cailloux",,"01/04/24 11:46:00","01/04/24 11:46:00"
229449,309,"09/11/23 07:30:00","10/20/23 07:45:00","5","50","CorTH creusement de lit pour renforcement pile centrale qui s'est comblé au premier coup d'eau",,"01/04/24 11:48:00","01/04/24 11:48:00"
229450,184,"06/01/20 00:00:00",,"2","24","Travaux de réfection et modernisation Barrage Feurs mai-octobre 2020 coté RD et mai-octobre 2021 coté RG ace des poses de batardeaux sucessifs.
Objectifs poursuivis: consolidation du barrage, création  d'une micro centrale  hydro-electrique et une passe à poissons coté RD.
Ces travaux entraîneront 1 modification significative de la correspondance hauteur-débit, en  particulier  des crues.",,"11/12/24 15:35:00","11/12/24 15:35:00"
229451,102,"10/22/08 00:00:00",,"5","50","suite au jaugeage de poncins pour Q= 51.2m3/s, le Vizezy a été jaugé à 1km en amont de sa confluence avec le Lignon au streampro pour un resultat Q= 18.5m3/s
Qmaxi à Boen/Lignon=28.1m3/s + 18.5m3/s = 46.6m3/s",,"10/24/08 15:41:00","10/24/08 15:09:00"
229452,102,"10/15/92 18:55:00",,"2","25","création de la station de PONCINS K0773220 en remplacement de la station de FEURS LIGNON K0773210

conservation de la station de FEURS LIGNON jusqu'en 1996  ",,"12/10/08 10:58:00","12/10/08 10:53:00"
229453,102,"10/15/92 00:00:00","12/31/20 00:00:00","5","50","En très hautes eaux (au delà de 250cm echelle), débordements depuis l' amont RG vers le Stade de Foot et Tennis. L 'eau s'évacue depuis cette zone via un ponceau situé sur la route d'accès vers la station.
Ces dimensions sont les suivantes: 4m de largeur, 0.80 m de hauteur sur ces piles et 1.20 au centre.
",,"01/12/18 10:30:00","01/12/18 09:59:00"
229454,102,"01/04/18 17:00:00",,"2","21","Modification morphologie de la rivière et du contrôle  du niveau au voisinage du pont station-(rédéposition  de matériaux fins lors de la baisse de niveau après la crue du 4 janvier 2018 sur le lignon du Forez (pluie et fonte nivale avec redoux en altitude).",,"08/30/18 15:43:00","06/21/18 15:23:00"
229455,102,"11/07/18 15:30:00",,"2","24","Nivellement des îlettes et suppression végétalisation par intervention d'un engin mécanique dans la rivière.

Modification artificiel du contrôle aval intervenu le 7 novembre 2018 se traduisant par une remontée brutale de la ligne d'eau en l'absence d'évènement hydrologique sur cette période.
Photos terrain faites le 27-11-2018.
",,"11/30/18 10:47:00","11/30/18 10:47:00"
229456,102,"03/15/19 16:30:00",,"2","26","Instabilité du lit depuis l'intervention en rivière par un engin en novembre2018. La montée d'eau du 15 mars 2019 a modifié la morphologie de la rivière vers un retour  au contrôle antérieur à novembre 2018 (en proximité avec H201818 et H201318 pour gamme de débit au delà de 5m3/s (mesuré le 02 avril 2019 +photos)",,"04/04/19 15:02:00","04/04/19 14:46:00"
229457,102,"12/15/19 00:00:00",,"2","21","Suite à la crue du 14-15 décembre ensablement important sur tout le troncon et en particulier au voisinage amont et aval du pont station avec un comblement important sous le pont.",,"01/30/20 10:39:00","01/30/20 10:39:00"
229458,102,"03/14/23 12:00:00",,"2","21","Léger détarage sur la gamme de débit 1.5 à 9m3/s suite à la montée d'eau du 14 mars 2023 40 m3/s (déplacement bancs de sable aval pont station.Remise en cohérence de la supervision Boen-Poncins sur la période avril juin par rapport au cacul debit qui était fait avec  avec la CTH202150.",,"08/03/23 10:47:00","08/03/23 10:47:00"
229459,102,"05/02/24 15:30:00",,"2","21"," Remobilisation des matériaux fins en aval pont station entraînant une modification du tartage en basses Eaux.
Photos du contrôle hydraulique fait lors tournée jaugeages du 18-06-24.",,"06/19/24 10:26:00","06/19/24 10:26:00"
229460,339,"02/01/12 00:00:00","02/29/12 00:00:00","1","17","février 2012 période de (fort) gel : absence de hauteurs du 2/2 04:30 au 27/2/2012 13:00",,"03/09/12 09:26:00","03/09/12 09:26:00"
229461,339,"03/24/11 00:00:00",,"5","50","Création de la station : début enregistrement des hauteurs le 24/03/2011",,"03/09/12 09:44:00","03/09/12 09:44:00"
229462,340,"11/01/08 00:00:00",,"2","21","important détarage suite à crue de nov2008",,"12/15/08 15:29:00","12/15/08 15:29:00"
229463,340,"12/21/21 00:00:00","12/23/21 19:00:00","4","42","Période de gel avec cycle nuit-jour se traduisant par des montées et descentes sur une période sans pluie sur un cours d'eau non influencé.",,"01/12/22 14:25:00","01/12/22 14:25:00"
229464,340,"10/04/17 12:00:00",,"2","26","Détarage artificiel par déplacements de caillous du lit de la rivière (redéposés 6 m en aval station au centre de la confluence des 2 bras d' écoulements).",,"10/23/17 16:45:00","10/23/17 16:00:00"
229465,340,"02/26/18 22:00:00","03/28/18 12:00:00","5","50","Gel station modifiant le controle aval de la hauteur  coté Rive Gauche (photos sur dossier valid nnuelle 2018).
Les Ht ont été reconsttituées sur la période (stable et sans pluie).",,"04/09/18 09:39:00","03/05/18 14:29:00"
229466,340,"03/12/18 09:10:00",,"2","24","Décrochage limni SUSPECT  d'environ 2cm le 12 mars entre 9h et 9h20 TU.
Photos du contrôle faites le 14 mars lors du jaugeage.
Intervention sur le contrôle naturel par un tiers.Blocs de terres  fraichement déposées sur ""ilot aval"".
L'écoulement est davantage marqué coté RD en aval station.
Etablissement d'une nouvelle courbe  de tarage.",,"04/23/18 09:53:00","03/15/18 09:46:00"
229467,340,"11/02/08 02:40:00","05/18/09 09:40:00","1","16","Lors de la crue exceptionnelle de novembre 2008,le pont de la station est endommagée.La station ne fournit plus de données.
Remise en service après les travaux de consolidation de l'ouvrage en mai 2009. ",,"04/09/18 11:16:00","04/09/18 11:16:00"
229468,340,"03/12/18 09:00:00",,"2","24","Décrochage limni suspect  de 1.6cm le 12 mars entre 9h et 9h20 TU.Passage équipe maintenance le 09 mars: RAS.
Photos du contrôle faites le 14 mars lors du jaugeage:Mottes de terres et herbes déposés sur ilot aval echelle.

Depuis les travaux dans le lit de la Sumène en 2013,l'écoulement préférentiel en basses eaux se fait progressivement sur la RD en aval proche station.La RD , le long du muret s'est végétalisée.",,"04/18/18 14:28:00","04/18/18 14:22:00"
229469,340,"10/04/18 12:40:00",,"5","50","Lors du passage terrain du 03-10-2018 non concordance du plan eau echelle et capteur radar avec difficultés arrivée eau sur l'échelle (atterissement matériaux fins).
Nettoyage lit au voisinage amont echelle et voisinage capteur afin de rétablir un plan eau unique correspondant au niveau rivière.Lecture initial echelle était de36 cm et radar 36.5 cm.
Après nettoyage le niveau échelle passe à 38cm (+2cm) et le radar à 34 cm (calage final du capteur à 38cm).
Hauteur minimale atteinte entre aout et début octobre 375 mm. Prise en compte sur le trait ht de la période.
",,"10/08/18 10:28:00","09/28/18 15:59:00"
229470,340,"11/15/18 14:00:00",,"5","50","Barrage de branches 10m en aval  coté rive  suite épisode neigeux et pluie tout début novembre 2018 :colmatage de l'ecoulement et son renvoi coté rive gauche.
Prise ne compte de la surcôte provisoire par la mise en place d'un Corth.
Photos réalisés lors du jaugeage du 15 novembre 2018",,"11/16/18 12:39:00","11/16/18 09:43:00"
229471,340,"12/20/18 08:00:00",,"5","50","Nettoyage du contrôle aval avec l'enlèvement des branches et feuilles accumulées. Variation du niveau de 2.5cm .Le niveau passant de 72.5 cm à 69.8cm après stabilisation de l'écoulement.
Jaugeage réalisé ce jour démontrant le retour sur la courbe de tarage initiale.",,"12/26/18 16:39:00","12/26/18 16:39:00"
229472,340,"11/23/19 10:00:00",,"5","50","Suppression Corth Branches  coté seuil RD suite à la crue du 23 novembre 2019.
(photo réalisée le 24-11-19 lors de la prise du profil bathymétrique pour dépuillement jaugeage SVR).",,"12/02/19 14:19:00","12/02/19 14:19:00"
229473,340,"05/01/20 00:00:00",,"2","26","Redeposition materiaux en amont seuil cote RG  qui contrôle le niveau pour les hauteurs <50cm echelle -Détarage pour les tres basses eaux (photos).",,"06/04/20 16:28:00","05/28/20 15:12:00"
229474,340,"06/12/20 17:00:00",,"2","21","Décapage du contrôle et disparition de l'ilot central-Les blocs rocheux apparaissent à nus.
Grosse modification de la morphologie de la rivière tant en amont qu' en aval du contrôle.Détarage certain
",,"06/22/20 12:57:00","06/22/20 12:57:00"
229475,340,"01/01/22 00:00:00","01/31/22 00:00:00","4","42","Periode de gel sur la période du 13-16 janvier 2022 ainsi que du 24-28 janvier 2022.On retrouve l'influence du gel  sur le contrôle aval sur les stations de Blavozy-Pandraux et Pont de Molines.
L'influence se situant sur une période stable sans précipitations on choisira une reconstitution linéaire des hauteurs-temps sur la période de gel.",,"02/14/22 10:14:00","02/14/22 10:13:00"
229476,340,"01/07/22 10:00:00","01/07/22 10:30:00","5","50","Après nettoyage  branches sur contrôle coté RD et stabilisation la cote echelle passe de 46.5 cm à 44.2cm arrêt Corth",,"02/14/22 10:34:00","02/14/22 10:34:00"
229477,340,"01/14/22 00:00:00","01/17/22 00:00:00","1","17","Période de gel influencant la hauteur sur la station sur une période sans précipitations.
Reconstitution des Ht sur cette courte période à la main sachant que le problème est identique pour les stations du viosinage en particulier Lantriac et les Pandraux.",,"02/22/23 09:20:00","04/08/22 11:41:00"
229478,340,"03/07/22 00:00:00","03/09/22 00:00:00","1","17","Reconstitution manuelle sur période de gel  stable sans précipitation du 7 au 9 mars 2022",,"04/11/22 09:57:00","04/11/22 09:57:00"
229479,340,"05/11/21 02:20:00",,"2","21","Détarage suite à la crue intervenuie le 11-05-2021 Hmax atteinte 136cm capteur et débit max 36 m3/s.
Le seuil d'enrochements est fragilisé depuis la crue de juin 2020 dont la frequence de retour est superieur à 10 ans.",,"07/11/22 11:45:00","07/11/22 11:45:00"
229480,340,"08/31/22 13:00:00",,"5","50","Enlèvement d'un caillou déposé sur échancrure seuil coté RD sur la zone principale d'écoulement ce jour.
Hauteur initale echelle était de 27.2 cm-hauteur finale non influencé passe à 24 cm pour l'échelle.",,"09/02/22 09:51:00","09/02/22 09:51:00"
229481,340,"09/03/22 00:00:00",,"2","26","Détarage suite au long étiage 2022 qui a entrainé une augmentation de l'emprise de l'herbe en RG au voisinage du contrôle réduisant la débitance pour un même niveau à l'échelle.
Le tracé de la CTH202250 se trouve sous la CT précédente pour les basses et moyennes eaux.
La prise de date sur une montée d'eau au 03/09/2022 avec le jeu de données jaugeages est fictive sachant que le détarage s'est fait de manière graduelle.",,"12/27/22 16:39:00","12/27/22 16:39:00"
229482,340,"01/25/22 00:00:00","01/31/22 00:00:00","1","17","Période de gel influencant la hauteur sur la station sur une période sans précipitations.
Reconstitution des ht via une courbe de tendance.",,"02/22/23 09:22:00","02/22/23 09:22:00"
229483,340,"02/11/23 00:00:00","03/17/23 00:00:00","4","42","Période de gel soutenue sans précipitation en se basant sur station météo Chadrac avec une influence du gel sur la chronique ht en fonction du cycle jour-nuit avec des zones de creux suspectes. Correction de ces anomalies par reconstitution des hauteurs par une courbe de tendance sur ces séquences courtes et stable.
",,"03/06/23 12:01:00","03/06/23 12:01:00"
229484,340,"10/01/23 00:00:00","10/15/23 00:00:00","5","50","Remontée des hauteurs d'eau sur cette séquence en  l'absence de  pluvio.Colmatage des 2 buses  feuilles d'automne au voisinage du contrôle.Nettoyage des après montée d'eau du 20-10-23.Passage terrain le 03-11-23 les buses sont propres ecoulement libre.Le contrôle hydraulique est libre.",,"11/03/23 14:26:00","11/03/23 14:26:00"
229485,340,"11/04/23 13:00:00",,"5","50","Décrochage suspect du limni d'environ 1.5 cm suite à une intervention probable d'une personne extérieur.Nettoyage des 2 buses coté Droit du contrôle plus de feuilles et branches. Il se traduit par une baisse instantanée de la hauteur echelle de 1.5 cm vers 13h00 TU.Cette date et heure correspond à la fin du corth.",,"01/06/25 16:10:00","12/08/23 15:37:00"
229486,340,"06/30/23 09:00:00",,"5","50","Crue fréquence de retour environ 5 ans suite à un orage localisée en période de chaleur.
Changement de tarage suite a cette crue. sur les jaugeages en suivant  les 2 canlisations coté RD du contrôle sont restés en partie obstrués d'ou le corth en juillet-sept.
Nettoyage complet fait en octobre.(branches feuilles et terrres)",,"01/18/24 15:43:00","07/05/24 15:36:00"
229487,340,"01/13/24 19:00:00","01/14/24 19:00:00","5","50","Période de gel /dégel n'affectant pas de manière significative le seuil hydraulique et  la hauteur du plan d'au echelle.
La variation du limni traduit plutôt une rétention sur l'amont du BV pendant la période de fort gel suivi  par un relachement de fonte durant la période de température supérieur à zéro.",,"01/22/24 13:37:00","01/22/24 12:17:00"
229488,340,"03/06/24 00:00:00",,"5","50","Nettoyage d'un embacle. La côte est passé de 0.581m à 0.560m aprés nettoyage.",,"03/25/24 13:43:00","03/25/24 13:43:00"
229489,340,"03/12/24 00:00:00",,"5","50","Suite à la crue du 10/03/2024, l'échelle a été tordue.",,"03/25/24 13:45:00","03/25/24 13:45:00"
229490,340,"12/18/24 00:00:00",,"5","50","Nettoyage des deux buses au contrôle. La côte passe de 47,8cm à 47cm. ",,"01/09/25 14:08:00","01/03/25 15:55:00"
229491,340,"01/17/24 00:00:00",,"5","50","nettoyage des buses au contrôle induisant une diminition de la hauteur d'eau de 8mm. ",,"01/09/25 14:10:00","01/09/25 14:10:00"
229492,340,"07/04/24 00:00:00",,"5","50","nettoyage des buses au contrôle induisant une diminition de la hauteur d'eau de 1cm. CorTH appliqué du 10/03/2024 (dernier coup d'eau) jusqu'au 4/07/2024 jour du nettoyage.",,"01/09/25 14:14:00","01/09/25 14:14:00"
229493,344,"02/26/18 00:00:00","03/01/18 00:00:00","1","17","Gel station Variation des hauteurs temps sur une séquence courte  stable sans apport de  pluie.
Reconstitution des hauteurs temps lors du traitement.",,"06/18/18 15:30:00","03/05/18 14:57:00"
229494,344,"11/15/17 00:00:00","01/16/18 00:00:00","5","50","Mise en place d'un Corth  ""feuilles mortes"" présentes sur le contrôle naturel aval.",,"03/30/18 08:49:00","03/30/18 08:49:00"
229495,361,"02/19/13 14:50:00",,"5","50","Début de transmission des données limnimétriques ",,"03/11/13 15:58:00","03/11/13 15:58:00"
229496,361,"09/22/19 00:00:00","10/20/19 00:00:00","5","50","CorTH feuilles",,"03/11/20 17:04:00","03/11/20 17:04:00"
229497,361,"09/21/14 15:57:00","10/11/14 07:30:00","5","50","CorTH automnal établi lors de la critique validation en 2020",,"05/06/20 09:45:00","05/06/20 09:45:00"
229498,361,"09/23/15 09:00:00","02/10/16 09:35:00","5","50","CortH automnale critique Validation 2020",,"05/06/20 12:41:00","05/06/20 12:41:00"
229499,361,"09/18/20 00:00:00","09/20/20 13:40:00","1","12","Reconstitué bon à partir de la rochelambert et Vals",,"01/11/21 15:12:00","01/11/21 15:12:00"
229500,361,"10/17/17 00:00:00","12/12/17 02:40:00","5","50","CorTH feuilles",,"01/11/21 15:17:00","01/11/21 15:17:00"
229501,361,"10/19/20 10:20:00","12/10/20 14:20:00","5","50","CorTH feuilles",,"01/11/21 15:18:00","01/11/21 15:18:00"
229502,361,"06/12/20 17:00:00",,"2","21","Détarage crue 12/06/2020 cote 2.512m",,"01/11/21 15:47:00","01/11/21 15:47:00"
229503,361,"11/23/19 18:15:00",,"2","21","Détarage crue 23/11/2019 cote 2.026m",,"01/11/21 15:48:00","01/11/21 15:48:00"
229504,361,"07/21/17 12:39:00",,"2","26","Détarage lié au long étiage de 2017 cote 0.768m",,"01/11/21 16:08:00","01/11/21 15:49:00"
229505,361,"05/01/13 03:50:00",,"2","21",,,"01/11/21 16:09:00","01/11/21 16:09:00"
229506,361,"01/28/21 13:54:00",,"3","30","Changement pour une LNS, soucis de hauteur les jours suivants",,"02/08/21 09:26:00","02/08/21 09:26:00"
229507,362,"01/21/21 00:00:00","01/23/21 12:00:00","4","42","Période de gel avec cycle nuit-jour se traduisant par des montées et descentes sur une période sans pluie sur un cours d'eau non influencé.",,"01/12/22 14:26:00","01/12/22 14:26:00"
229508,362,"02/26/18 22:00:00","03/01/18 10:30:00","1","17","Présence de  gel entre le 26 et 28 fevrier sur une période sans apport pluvio - Valeurs brutes hauteurs aberrantes vus par le radar en raison de la glace.",,"03/26/18 10:32:00","03/26/18 10:32:00"
229509,362,"07/20/18 18:30:00",,"2","21","Modification du lit de la rivière suite à la crue éclair du 20 juillet 2018 suite à un orage localisée entre Lantriac et Saint Germain Laprade.( (creusement du lit et redéposition de matériaux fins en fin d'évènement).
Jaugeage de contrôle réalisée le 2 aout 2018.
",,"08/02/18 14:40:00","08/02/18 14:36:00"
229510,362,"10/02/18 13:05:00",,"5","50","Suite à la crue de fin juillet aterrissemnt de sable fins coté RD à l'aplomb du radar pouvant fausser les mesures pour des valeurs inférieur à 20cm. (nettoyage de cette zone).",,"10/03/18 08:41:00","10/03/18 08:41:00"
229511,362,"09/19/19 12:00:00",,"3","32","Mise ne place d'un Coth correspondant à la chute de feuille automnale venant se fixer sur le contrôle hydraulique naturel de la station pour les basses eaux.",,"09/30/19 11:04:00","09/30/19 11:04:00"
229512,362,"01/01/22 00:00:00","01/31/22 00:00:00","4","42","Periode de gel sur la période du 13-16 janvier 2022 ainsi que du 24-28 janvier 2022.On retrouve l'influence du gel  sur le contrôle aval sur les stations de Blavozy-Pandraux et Pont de Molines.
L'influence se situant sur une période stable sans précipitations on choisira une reconstitution linéaire des hauteurs-temps sur la période de gel.",,"02/14/22 10:14:00","02/14/22 10:13:00"
229513,362,"01/09/21 09:00:00","01/13/21 09:00:00","1","11","Absence de hauteurs-temps suite à un problème d'alimentation (neige sur panneau solaire) du 09 au 11-01-2021 suivi influence gel du 11 au 13 en l'absence de précipitations.
Reconstitution hauteurs temps sur la période 09 au 11 avec Les Pandraux.
Reconstitution période de gel (-5 à -10 degres) du  11 au 13 janvier à la main les stations du voisinage étant elles aussi influencées par le gel.",,"04/08/22 11:08:00","04/08/22 10:40:00"
229514,362,"03/07/22 00:00:00","03/08/22 00:00:00","1","17","reconstitution ht sur periode de gel au 07-03-2022",,"04/11/22 11:51:00","04/11/22 11:51:00"
229515,362,"08/24/23 15:00:00","08/27/23 17:00:00","5","50","CANICULE 2023 ASSEC  ECOULEMENT SURFACE.
GOUILLE RESIDUELLE VOISINAGE ECHELLE.DEBIT ZERO AU VOISINAGE DE 7CM ECHELLE.
",,"09/01/23 15:07:00","08/29/23 09:49:00"
229516,362,"01/13/24 04:00:00","01/14/24 09:00:00","4","42","Influence du gel sur le contrôle avec une surcote-Reconstitution des hauteurs.",,"02/09/24 17:35:00","02/09/24 17:33:00"
229517,362,"03/19/24 22:00:00",,"2","21"," Détarage en basses et moyennes Eaux suite à la crue morphogène du 09-10 mars 2024 avec jaugeage astreinte réalisée le 09 mars 2024 en début soirée. Max hauteur atteinte 215-220 cm pour un débit max d'environ 38 m3/s.",,"04/19/24 14:02:00","04/19/24 14:02:00"
229518,363,"01/08/24 00:00:00","01/12/24 00:00:00","4","42","episode de gel qui ont influencé le contrôle",,"01/18/24 16:35:00","01/18/24 16:35:00"
229519,371,"08/12/21 23:25:00","11/01/21 14:40:00","5","50","Corth : présence d'herbes au controle aval (à voir si on peut pas faire une courbe car l'herbe resiste même l'hiver on ne connait pas la courbe de base depuis la crue de juin 2020)",,"01/13/22 12:16:00","01/13/22 12:16:00"
229520,371,"10/17/13 12:00:00",,"5","50","Pose de l'échelle",,"12/02/13 15:06:00","12/02/13 15:06:00"
229521,371,"10/29/13 15:45:00",,"5","50","Début de transmission des données liminitriques ",,"12/02/13 15:10:00","12/02/13 15:10:00"
229522,371,"06/22/18 07:55:00","11/07/18 15:50:00","5","50","Corth pour cause d'herbe et de barrage de cailloux. + branches fin octobre à cause des chutes de neige. Tout a été nettoyé le 07 novembre lors du jaugeage.",,"02/11/19 15:53:00","02/11/19 15:53:00"
229523,371,"01/01/17 19:30:00","01/10/17 02:50:00","5","50","Corth pour cause de glace",,"02/11/19 15:55:00","02/11/19 15:55:00"
229524,371,"01/01/18 00:10:00","01/02/18 20:55:00","1","11","Données reconstituées bonnes à partir des stations avoisinantes ",,"02/11/19 16:29:00","02/11/19 16:29:00"
229525,371,"03/23/19 00:00:00","08/20/19 00:00:00","5","50","CorTH herbes ",,"03/11/20 17:07:00","03/11/20 17:07:00"
229526,371,"09/22/19 00:00:00","10/20/19 00:00:00","5","50","CorTH feuilles ",,"03/11/20 17:09:00","03/11/20 17:09:00"
229527,371,"09/03/20 09:35:00",,"5","50","Abbatage des arbres en aval de la station",,"09/08/20 18:53:00","09/08/20 18:53:00"
229528,371,"06/12/20 18:55:00","11/04/20 11:15:00","5","50","Corth barrage de cailloux + feuilles ",,"11/04/20 17:50:00","11/04/20 17:50:00"
229529,371,"12/23/19 17:15:00","03/12/20 12:05:00","5","50","CorTH branches : abbattage sur le talus qui fini dans la rivière",,"11/06/20 09:10:00","11/06/20 09:10:00"
229530,371,"03/03/21 12:00:00",,"3","30","Déplacement du radar, déplacement de la cabine +mise en place de l'accès, mise en fonctionnement de la caméra",,"03/04/21 12:57:00","03/04/21 12:57:00"
229531,371,"04/13/22 20:35:00","04/14/22 03:28:00","1","11","Données reconstituées bonnes à partir de bas en basset",,"05/03/22 14:26:00","05/03/22 14:26:00"
229532,371,"02/16/22 10:10:00","11/22/22 13:30:00","5","50","CorTH herbes RG et barrage de cailloux RD",,"01/02/23 14:40:00","01/02/23 14:40:00"
229533,371,"02/11/23 00:00:00","02/15/23 23:59:00","4","42","Gel février par intermittence du 11 au 15 février 2023 données reconstituées bonnes",,"03/03/23 09:29:00","03/03/23 09:29:00"
229534,371,"05/16/23 12:00:00","10/20/23 16:20:00","5","50","CorTH estival d'herbes",,"01/04/24 11:54:00","01/04/24 11:54:00"
229535,371,"06/12/24 00:00:00","09/05/24 06:35:00","5","50","CorTH estival Herbes",,"01/29/25 15:48:00","01/29/25 15:48:00"
229536,371,"06/04/24 14:35:00","06/05/24 07:00:00","1","17","Données reconstituées bonnes à partir des stations avoisinantes",,"03/19/25 08:43:00","03/19/25 08:43:00"
229537,92,"10/17/24 00:00:00","10/18/24 00:00:00","4","42","Suite au relevé des laisses de la crue du 17/10/2024 il semble que les capteurs aient bien fonctionné mais ils ne représentent pas le débit d'eau réellement passé. Le pont était en charge et de l'eau à débrodé e rive droite ce qui a créé un ""creu"" en aval du pont où se trouve les capteurs. En amont du pont l'eau est montée jusqu'à 4,16m alors qu'en aval l'eau est monté jusqu'à 3,40m. Les hauteurs sur le pics de crue ont donc été reconstituées (et qualifiées en valeures incertaines) pour monter à 4,16m et la CT a été modifiée pour prendre en compte qu'il n'y a probablement qu'environ 15m3/s qui a du débroder.",,"01/02/25 10:22:00","01/02/25 10:22:00"
229538,92,"09/30/17 00:00:00",,"2","23","En l'absence de pluie , surcôte des hauteurs en lien avec le stockage des feuilles sur le contôle aval  expliquant le décalage provisoire avec la courbe de tarage (mise en place d'un Corth sur cette période).",,"10/23/17 11:14:00","10/23/17 11:13:00"
229539,92,"12/22/21 00:00:00","12/23/21 12:00:00","5","50","Influence du gel sur les Hauteurs Temps-Montée du niveau dans la nuit pendant les temperatures les plus froides et redescente dans la journée.Pas de précipitations sur la période.Correction lors du traitement des hauteurs temps .M^me constat sur les stations voisines de Blavozy et Pont de molines.",,"01/18/22 17:01:00","01/18/22 17:01:00"
229540,92,"11/02/08 12:00:00","05/18/09 12:00:00","1","16","Suite à la crue du 2 novembre 2008 le pont de la station a été endommagée ainsi que l'instrumentation de la station.
Le niveau max avant submersion du pont se situe à priori entre 4.10 et 4.30m (dépassé en nov  2008)
Reprise d 'activité de la sttation après travaux en mai 2009.
",,"01/26/18 09:17:00","01/26/18 09:14:00"
229541,92,"02/26/18 00:00:00","03/01/18 10:00:00","1","17","Le niveau d'eau est faussé par la période de gel.(idem sur la journée du 13  février 2018).
Les rivees droites et gauches sont prises dans la glace-ecoulement sur la aprtie centrale de l'écoulement au droit de la station. Présence de gels sur les rochers aval du contrôle hydraulique.
Photos terrains faites le 27 fevrier à 17h mis sur le dossier validations annuelles stations 2018 (lecteur reseau du Puy).Reconstitution des Ht sur cette séquence courte et stable.","03/02/18 09:33:00","03/05/18 14:30:00","02/27/18 16:08:00"
229542,92,"05/18/16 00:00:00","05/22/16 00:00:00","1","12","Dysfonctionnement capteur entre 18 et 22 mai.
Reconstitution des ht en se basant sur les stations de Lantriac,Blavozy (période stable sans pluie)",,"04/09/18 11:07:00","04/09/18 11:07:00"
229543,92,"06/14/18 12:00:00","06/19/18 12:00:00","1","17","Données bruitées sur le bulleur LPN8 résolu le 19 par une serie de bullage et un nettoyage de la prise de pression.",,"07/02/18 09:55:00","07/02/18 09:55:00"
229544,92,"08/01/18 12:00:00",,"5","50","Barrages de cailloux 30m en aval de la station depuis la RD (photos faites ce jour).Influence sur le contrôle de la hauteur à l'échelle station.
Mise en place d'un Corth.",,"08/30/18 15:02:00","08/30/18 15:02:00"
229545,92,"11/01/18 00:00:00",,"5","50","L 'écoulement à nouveau libre: plus de feuilles sur  contrôle aval (suppression du Corth) suite à l épisode neigeux tout début novembre suivi par un épisode de redoux avec pluie sur la semaine du 5 au 10 novembre.",,"11/16/18 11:18:00","11/16/18 11:18:00"
229546,92,"02/03/19 08:00:00","02/04/19 12:00:00","5","50","Gel sur la zone ou se trouve le capteur affectant la qualité de la mesure  sur la période.
Les données hauteurs-temps ont été reconstitués bonnes par extrapolation linéaire en l'absence de précipitations.",,"02/15/19 09:33:00","02/15/19 09:12:00"
229547,92,"09/12/19 12:00:00",,"5","50","Mise ne place d'un Coth correspondant à la chute de feuille automnale venant se fixer sur le contrôle hydraulique naturel de la station pour les basses eaux.",,"09/30/19 11:05:00","09/30/19 11:05:00"
229548,92,"11/23/19 09:30:00",,"2","21","Modification du lit de lma rivière suite à la crue du 23 novembre 2019.
Ensablement tès important au voisinage du pont avec comblement du creux sous l'arche.
La canne de bullage a du être désensablé début janvier.",,"01/13/20 16:42:00","01/13/20 16:42:00"
229549,92,"01/01/22 00:00:00","01/31/22 00:00:00","4","42","Periode de gel sur la période du 13-16 janvier 2022 ainsi que du 24-28 janvier 2022.On retrouve l'influence du gel  sur le contrôle aval sur les stations de Blavozy-Pandraux et Pont de Molines.
L'influence se situant sur une période stable sans précipitations on choisira une reconstitution linéaire des hauteurs-temps sur la période de gel.",,"02/14/22 10:14:00","02/14/22 10:07:00"
229550,92,"01/11/21 00:00:00","01/13/21 00:00:00","4","42","Période de gel influencant la hauteur sur la station sur une période sans précipitations.
Reconstitution des Ht sur cette courte période à la main sachant que le problème est identique pour les stations du viosinage en particulier Lantriac et Blavozy.",,"04/08/22 11:41:00","04/08/22 11:41:00"
229551,92,"06/11/22 00:00:00","06/20/22 09:00:00","1","11","Panne du dispositif d'enregistrement sur une période stable sans pluie dans la période caniculaire de juin 2022.

Reconstitution des ht en se basant sur la station de Blavozy.
",,"07/04/22 12:29:00","07/04/22 12:29:00"
229552,92,"09/21/22 00:00:00","12/21/22 14:20:00","5","50","début du corth feuilles automne.
Fin du corth après chutes feuilles et nettoyage du contrôle fait à la suite du jaugeage du 21/12/2022.",,"12/26/22 10:52:00","11/21/22 09:53:00"
229553,92,"01/13/22 00:00:00","01/17/22 12:00:00","4","42","Influence du gel sur une période stable sans précipitations  avec station Loudes et Chadrac.Reconstitution des hauteurs avec une courbe de tendance.Cohérence avec station de Lantriac et Blavozy.",,"02/22/23 09:33:00","02/20/23 12:04:00"
229554,92,"01/25/22 00:00:00","01/31/22 12:00:00","4","42","Influence du gel sur une période stable sans précipitations  avec station Loudes et Chadrac.Reconstitution des hauteurs ave une courbe de tendance.Cohérence avec station de Lantriac et Blavozy.",,"02/22/23 09:33:00","02/20/23 12:04:00"
229555,92,"02/11/23 00:00:00","02/17/23 00:00:00","5","50","période de gel sur la station en particulier au voisinage du contrôle.",,"03/06/23 12:03:00","03/06/23 12:03:00"
229556,92,"01/13/24 18:30:00","01/14/24 13:15:00","4","42","Reconstitution des hauteurs validés bonne sur une période de gel au niveau du contrôle par contraction de la zone écoulement.Surcôte durant le gel sur une periode stable sans pluviométrie .",,"01/22/24 11:25:00","01/22/24 11:25:00"
229557,92,"01/21/24 02:30:00","01/21/24 10:30:00","4","42","Reconstitution des hauteurs validés bonne sur une période de gel au niveau du contrôle par contraction de la zone écoulement.Surcôte durant le gel sur une periode stable sans pluviométrie .",,"01/22/24 11:26:00","01/22/24 11:26:00"
229558,92,"01/13/24 22:00:00","01/14/24 15:00:00","4","42","Influence du gel sur le contrpôle hydraulique-Surcote temporaire du plan d'eau échelle. et aussi période 20-21 vjanvier 2024",,"02/09/24 11:58:00","02/09/24 11:53:00"
229559,92,"03/10/24 00:00:00",,"2","21","Détarage suite à la crue du 10/03/2024. ",,"03/29/24 12:19:00","03/29/24 12:19:00"
229560,379,"11/08/13 12:00:00",,"5","50","Mise en place de l'échelle d'étiage ",,"02/05/14 15:43:00","02/05/14 15:43:00"
229561,379,"09/18/14 14:00:00",,"3","30","Paramètrage du RQ30 et de la CPL = début de transmission des donnees hauteurs correctes.",,"09/23/14 15:28:00","09/23/14 15:28:00"
229562,379,"11/04/14 23:50:00",,"5","50","Echelle d'étiage emportée ainsi qu'une partie de l'échelle de crue ",,"02/18/15 16:03:00","02/18/15 16:03:00"
229563,379,"12/19/14 09:00:00",,"5","50","Nivellement laisse de crue du 4 novembre à 4.47 m à l'amont et 4.43m à l'aval (moyenne 4.45 m pour un max enregistrè à 4.197 m)",,"02/18/15 16:08:00","02/18/15 16:07:00"
229564,379,"12/03/14 08:50:00","12/05/14 09:20:00","1","12","Comblé à partir de Bas en Basset-1h -1.2Chadrac+9h - 1Berard",,"03/06/15 11:48:00","03/06/15 11:45:00"
229565,379,"12/19/14 14:10:00","12/22/14 11:00:00","1","11","Comblé à partir de Bas en Basset-1h -1.2Chadrac+9h - 1Berard",,"03/06/15 11:48:00","03/06/15 11:48:00"
229566,379,"06/01/15 12:00:00",,"5","50","Remise en place de l'échelle d'étaige emportée par la crue du 4 novembre ",,"06/12/15 10:34:00","06/12/15 10:34:00"
229567,379,"01/22/16 00:00:00","01/25/16 23:59:00","1","11","QMJ reconstituées bas -2 h -1.3 chadrac+8h - berard-1h",,"04/01/16 15:02:00","04/01/16 15:02:00"
229568,379,"01/09/16 23:40:00","01/12/16 09:50:00","1","11","HT reconstituées bonnes  bas -1h -1.3 chadrac+8h - 1 berard",,"04/01/16 15:11:00","04/01/16 15:11:00"
229569,379,"01/15/16 00:00:00","01/18/16 14:10:00","1","11","HT reconstituées bonnes  bas -1h -1.3 chadrac+8h - 1 berard",,"04/01/16 15:12:00","04/01/16 15:12:00"
229570,379,"06/12/20 17:00:00","06/13/20 10:30:00","5","50","Crue avec remous de Loire = CorTH sur la base de la stattion débimétrique vu avec DB",,"01/15/21 11:46:00","01/15/21 11:46:00"
229571,379,"11/23/19 09:40:00","11/26/19 00:00:00","5","50","Crue avec remous de Loire = CorTH sur la base de la station débimétrique vu avec DB",,"01/15/21 11:45:00","05/06/20 09:17:00"
229572,379,"03/11/21 00:00:00",,"3","32","Rajout d'un radar Vega en en plus de RQ 30",,"03/16/21 11:02:00","03/16/21 11:02:00"
229573,379,"03/08/22 13:15:00",,"5","50","Publication dans la PHYC en K04630100201 du radar vega indépendant",,"05/03/22 12:00:00","05/03/22 12:00:00"
229574,379,"10/17/24 12:00:00",,"5","50","Crue : post crue nivellement de la pile à 4.40m qui peut influencé les vitesses du RQ 30. Position du RQ30 à 22.60m.
Le 05 novembre changement des échelles d'étiages par la maintenance (détérioré par la crue)",,"11/19/24 10:52:00","11/19/24 10:52:00"
229575,379,"03/09/24 21:00:00","03/12/24 12:00:00","5","50","CorTH influence de la Loire",,"01/03/25 11:14:00","01/03/25 11:14:00"
229576,379,"03/31/24 14:00:00","04/02/24 06:00:00","5","50","CorTH influence de la Loire ",,"01/03/25 11:16:00","01/03/25 11:16:00"
229577,379,"10/17/24 13:30:00","10/19/24 00:00:00","5","50","CorTH influence de la Loire",,"01/03/25 11:17:00","01/03/25 11:17:00"
229578,390,"11/03/22 00:45:00","11/07/22 14:00:00","1","11","2 Periodes de pannes de la LNS du 03/11/22 00:45 au 04/11/22 14:15 et du 06/11/22 05:31 au 07/11/22 14:00
Hauteur reconstituées bonnes avec la tendance de la Virlange",,"11/21/22 11:14:00","11/21/22 11:14:00"
229579,390,"04/12/22 12:00:00","12/16/22 00:00:00","5","50","CortH végétation ",,"05/02/23 15:53:00","01/02/23 14:54:00"
229580,390,"01/22/23 00:00:00","01/30/23 23:59:00","4","42","Gel par intermittence données reconstituées bonnes le 22/01 et le 30/01",,"02/09/23 14:58:00","02/09/23 14:58:00"
229581,390,"04/12/23 18:35:00","11/05/23 05:40:00","5","50","CortH d'herbes ",,"01/04/24 12:17:00","01/04/24 12:17:00"
229582,395,"09/02/22 11:05:00",,"3","32","Mise en place du radar avec début de transmission",,"10/03/22 11:40:00","10/03/22 11:40:00"
229583,395,"01/20/23 00:00:00","02/03/23 23:59:00","4","43","Recosntitution des débits en QMJ à partir de chambon pour cause de gel ",,"02/09/23 14:59:00","02/09/23 14:59:00"
229584,412,"01/19/23 00:00:00","02/28/23 23:59:00","4","42","Gel par intermittence données reconstituées bonnes le 19/01, le 22/01, le 08/02, 09/02,13/02,14/02,15/02,16/02 et le 28/02",,"03/03/23 09:53:00","02/09/23 14:56:00"
229585,412,"10/06/17 09:00:00",,"5","50","Mise en place de l'échelle et calage de l'hydo1000 par rapport à l'échelle de référence 
Calage des jaugeages nivelés par rapport au seuil 5cm sur le seuil = 35.7cm à l'échelle",,"10/23/17 10:32:00","10/13/17 15:31:00"
229586,412,"04/07/21 08:00:00","02/09/22 14:55:00","5","50","Corth mousse sur les seuil (alors que c'est déjà une coubre mousse) + herbes/algues par moment + foins par moment + réduction de la largeur du lit (croissances de la végétation)",,"01/02/23 14:42:00","01/13/22 12:20:00"
229587,412,"02/13/18 03:30:00","02/13/18 11:00:00","5","50","Gel de la station (corth gel réalisé)",,"03/15/18 12:25:00","02/16/18 14:25:00"
229588,412,"11/08/17 11:12:00",,"3","31","remplacement Hydro 1000 par sonde Cnr 6437 ",,"02/16/18 14:27:00","02/16/18 14:26:00"
229589,412,"02/26/18 03:05:00","02/28/18 18:15:00","4","42","Gel stations données reconstituées bonnes ",,"03/15/18 12:24:00","03/15/18 12:24:00"
229590,412,"02/17/18 09:55:00","02/21/18 07:40:00","1","12","Defaut capteur mesure reconstituées bonnes à l'aide de Sauvessanges ",,"02/04/19 16:46:00","02/04/19 16:46:00"
229591,412,"07/18/18 07:35:00","09/19/18 14:35:00","5","50","Corth à cause de la présence de mousse sur le seuil : nettoyage le 19/09/2018 aux alentours de 14h30",,"02/04/19 16:48:00","02/04/19 16:48:00"
229592,412,"11/23/18 13:50:00","01/17/19 14:20:00","5","50","Corth pour cause de motte d'herbe au controle enlevé le 17/01/2019 à 14h20",,"02/04/19 16:49:00","02/04/19 16:49:00"
229593,412,"01/27/21 00:00:00",,"5","50","Jaugeage ancien reclaculé avec Qrev :
-le 26/04/19 2,67 m³/s donne 2,70 m³/s incertitude 7 %
-le 05/01/18 1,50 m³/s donne 1,40 m³/s incertitude 8 %
-le 14/06/18 1,10 m³/s Ras incertitude 11 %

Celui du 13/06/20 est inchangé parcontre l’incertitude est modifié car elle intégre oursin : elle passe de 16 à 19 % (ça reste faible vu l’impact du débit de berge). 
",,"01/27/21 16:47:00","01/27/21 16:47:00"
229594,412,"11/14/19 09:20:00","02/26/20 09:30:00","5","50","CorTH mousse nettoyé le 28 janvier mais qui a repoussé aussi vite. Du 28 janvier au 26 février corTH pour faire la transition vers la courbe mousse. ",,"01/27/21 17:06:00","01/27/21 17:06:00"
229595,412,"02/26/20 09:31:00",,"2","23","Courbe mousse (introduite par corTH transitoire)",,"01/27/21 17:06:00","01/27/21 17:06:00"
229596,412,"12/12/21 00:00:00","12/20/21 23:59:00","4","42","Plusieurs petites periodes de gel traitées ",,"01/04/22 16:55:00","01/04/22 16:55:00"
229597,412,"01/14/22 00:00:00","01/29/22 23:59:00","4","42","Gel par intermitence le 14,15,16 et 22,24,25,26,27,28,29 janvier : données reconstituées bonnes ",,"02/02/22 08:38:00","02/02/22 08:38:00"
229598,412,"03/07/22 00:00:00","04/04/22 23:55:00","4","42","Gel le 07/03, le 08/03 et le 04/04 données réconstituées bonnes",,"04/11/22 12:05:00","04/11/22 12:05:00"
229599,412,"12/05/22 00:00:00","12/18/22 23:59:00","4","42","Gel par intermittence données reconstituées bonnes le 06/12 et le 18/12",,"01/02/23 14:19:00","01/02/23 14:16:00"
229600,412,"07/27/22 10:00:00","08/03/22 09:17:00","5","50","CorTH mousse sur le seuil avant nettoyage",,"01/02/23 14:43:00","01/02/23 14:43:00"
229601,412,"08/21/23 15:25:00",,"2","24","Mise en place d'une contraction au niveau du controle",,"08/24/23 16:19:00","08/24/23 16:19:00"
229602,412,"03/13/23 13:30:00","08/21/23 09:35:00","5","50","Corth d'herbes au niveau de l'échelle +  mousse au niveau du controle variation en fonction de la croissance de l'herbe et des nettoyage du seuil. Arret du corTH lors des travaux de mise en place la contraction.",,"01/04/24 12:02:00","01/04/24 12:02:00"
229603,412,"01/10/24 00:00:00","01/22/24 00:00:00","5","50","Gel par intermitence données reconstituées bonnes le 10,13,14,20 et 21 janvier ",,"02/12/24 15:25:00","02/12/24 15:25:00"
229604,412,"07/20/24 18:45:00","07/29/24 12:15:00","5","50","CorTH saleté sur le seuil (coup d'eau) nettoyé lors du jaugeage.",,"01/29/25 15:54:00","01/29/25 15:54:00"
229605,412,"01/14/25 00:00:00","01/18/25 23:59:00","5","50","Gel par intermitence le 14,15 et 18 janvier : données reconstituées bonnes ",,"02/03/25 16:39:00","02/03/25 16:39:00"
229606,416,"10/12/19 12:00:00",,"5","50","Installation de l'instrumention station (LNS associé avec un radar Cruzoé).",,"04/19/19 11:48:00","04/19/19 11:48:00"
229607,416,"03/05/19 12:00:00",,"5","50","Installation de l'échelle station avec serge Biguerau",,"04/19/19 11:49:00","04/19/19 11:49:00"
229608,416,"12/15/19 00:00:00",,"2","21","Remobilisation et déposition de matériaux fins sur le lit de la rivière pour le troncon amont-aval station.
Phénomène ensablement consécutif à la crue intervenue le 14 et 15 décembre 2019.",,"01/30/20 10:37:00","01/30/20 09:10:00"
229609,416,"12/29/21 00:00:00",,"2","21","Détarage suite à la crue du 21-12-2021 sur le bassin du Forez.",,"06/24/22 14:57:00","06/24/22 14:57:00"
229610,416,"07/03/22 00:00:00","07/05/22 00:00:00","5","50","Anomalie sur la courbe de récession d'étiage entre le 03 et 05 juillet ou on oberve un replat très suspect .
Pas de pluie sur la période en question...quid d'une manoeuvre sur l'artère de Poncins sur le canal du forez  qui traverse cette zone  depuis Montbrison ???
Pas d'anomalie capteur constaté lors passage du 12-07-2022.
",,"07/28/22 16:15:00","07/28/22 16:15:00"
229611,416,"02/10/24 22:00:00",,"2","21","Détarage suite montée d'eau du 10 fevrier avec une pointe vers 7m3/s entrainant une remobilisation du fond sableux du lit mineur.",,"02/23/24 11:19:00","02/23/24 11:19:00"
229612,520,"01/14/24 00:00:00","01/14/24 09:00:00","4","42","Effet du gel sur le contrôle .Les températures sont descendus dans la nuit du 13 au 14 degrés a moins 15 degrés.",,"02/05/24 16:36:00","02/05/24 16:36:00"
229613,520,"01/14/25 00:00:00","01/20/25 00:00:00","5","50","Influence du gel sur hauteurs sur la séquence avec rétention du BV sur les horaires températures plus froides et baisse hauteurs puis fonte en fin matinée quand températures positives et hausse niveau.
Pas de modif lors trait hauteur (contrôle non influencé).",,"02/05/25 09:29:00","02/05/25 09:29:00"
229614,500,"01/01/22 00:00:00","01/31/22 00:00:00","4","42","Période de gel sur une periode stable sans précipitations-reconstitution de la hauteur pour prise en compte gel sur la période  13-29 janvier 2022 en sebasant sur le site phyc météo de Saugues (pluvio et temperatures)",,"02/27/23 15:04:00","02/24/22 12:09:00"
229615,500,"01/01/22 00:00:00",,"5","50","Changement de gestionnaire station de l'antenne hydro de Clermont vers le Puy en velay à compter du 01-01-2022.",,"02/28/22 10:20:00","02/28/22 10:20:00"
229616,500,"12/19/21 00:00:00","12/24/21 00:00:00","4","42","1 période gel entre le 19-24 decembre 2021 avec une surcôte.Reconstitution des hauteurs sur periode courte et stable par une courbe de tendance.
Période de gel en conformité avec  chronique station météo Saugues.",,"02/27/23 15:53:00","02/27/23 15:53:00"
229617,500,"01/11/24 00:00:00","01/15/24 12:00:00","4","41","Influence du gel sur contrôle.",,"02/16/24 10:35:00","02/09/24 11:16:00"
229618,501,"01/13/22 00:00:00","01/29/22 00:00:00","4","42","Période de gel sur une periode stable sans précipitations-reconstitution de la hauteur pour prise en compte gel sur la période  13-29 janvier 2022 en sebasant sur le site phyc météo de Saugues (pluvio et temperatures).
Reconstitution des hauteurs sur période stable par une courbe de tendance sur 2 séquences influencées",,"02/27/23 15:04:00","02/24/22 14:46:00"
229619,501,"01/01/22 00:00:00",,"5","50","Changement de gestionnaire station de l'antenne hydro de Clermont vers le Puy en velay à compter du 01-01-2022.",,"02/28/22 10:20:00","02/28/22 10:20:00"
229620,501,"05/23/23 00:00:00",,"2","21","Suite à une perturbation pluvio orageuse sur zone Saint Prjet Saugues.Le lit du Panis s'est un peu modifié au voisinage de son contrôle au pont station.Atterissemnt matériausx lors de la décrue (max 6- 7 m3/s)..On a un exhaussemnt du contrôle  qui fait que pour une m^me hauteur on a moins de débit.C'est toujours la même tendance depuis 2010 quand onn prend l historique des coiurbes de tarage.",,"06/29/23 16:26:00","06/29/23 16:26:00"
229621,501,"01/13/24 00:00:00","01/15/24 00:00:00","4","41","Reconstitution des hauteurs influence du gel-dégel sur le contrôle.Période la plus froide sur janvier 2024 .",,"02/16/24 09:49:00","02/16/24 09:49:00"
229622,524,"01/13/22 00:00:00","01/31/22 00:00:00","4","42","Période de gel sur une periode stable sans précipitations-reconstitution de la hauteur pour prise en compte gel sur la période  13-29 janvier 2022 en sebasant sur le site phyc météo de Saugues (pluvio et temperatures).

Même observation pour les 7-8 mars 2022.",,"02/27/23 15:06:00","02/24/22 14:03:00"
229623,524,"01/01/22 00:00:00",,"5","50","Changement de gestionnaire station de l'antenne hydro de Clermont vers le Puy en velay à compter du 01-01-2022.",,"02/28/22 10:19:00","02/28/22 10:19:00"
229624,524,"01/01/22 00:00:00",,"2","26","Changement de gestionnaire station au 01-01-2022 vers le Puy en Velay.Cette station était gérée antérieurement par l'échelon hydrométrique de Clermont Ferrand.",,"03/11/22 12:13:00","03/11/22 12:12:00"
229625,524,"05/23/22 12:00:00",,"5","50","Herbes se fixant sur le contrôle mais pas de branches obstruant l'écoulemnent.
Pour cette gamme d'eau l 'écoulement se fait sous la zone herbeuse et n' influe pas à priori sur la hauteur echelle.
L'ecoulement au niveau du contrôle  se fait presque exclusivement coté RG qui est plus ouvert.Présence pierres depuis la RD sur la moitié ecoulement.
Lors de l'intercomparaison des 23-24 mai 2022, la retenue d'eau était quasi pleine le 23 et pleine sur le24 mai.
On note sur les photos dossier station que pour ce niveau aval max, le contrôle reste dénoyé (dénivelé restant environ 15cm). On en conclut qu'il n'y a pas d'influence aval et donc que la correspondance hauteur echelle-débit reste univoque.
",,"06/10/22 15:49:00","06/10/22 15:48:00"
229626,524,"05/24/22 00:00:00",,"5","50","Fixation vegetation RD sur contrôle+colmatage ecoult entre pierres jusque centre rivière .En TBE  ecoult préferentiel se fait sur 1er tiers depuis RG ou controle en partie effondree.(cf photos dossier station lecteur reseau S)
Quand la retenue d'eau de Saint Prejet en aval station a son plein niveau en particulier sur periode estivale, l'ecoulement se faisant sur le dernier tiers depuis la RG ou le contrôle est en partie effondrée,le seuil finit par être noyé pour des hauteurs echelles inférieures à 35cm. 
Dans ce dernier cas c'est la retenue du plan d'eau qui prend le contrôle de la hauteur echelle à la station.",,"07/04/22 10:51:00","07/04/22 10:51:00"
229627,524,"05/13/23 22:00:00",,"2","21","Suite à la crue du 13/05/2023 modification du contrôle.A noter que la végétation qui s'est fixé tout along de l'étiage 2022-2023 sur la moitié des enrochements restants du sur la moitié du contrôle depuis la RD ont été couchés par la crue dès que le débit a atteint les 2 m3/s soit vers 60 cm echelle.
Lors de la crue 23-05-2023 la retenue de Saint Préjet est débordante sur toute la largeur.Le contrôle Hydraulique station est encore apparent mais ecoulement chenalisé.
Sachant que pour les gammes debit inférieures à 4 m3/s la végétation n'a pas d'impact sur le niveau échelle.",,"06/02/23 11:31:00","05/30/23 16:46:00"
229628,524,"12/12/23 00:00:00",,"5","50","DEPUIS FIN OCTOBRE PAS D 4INFLUENCE DE LA RETENUE DE SAINT PREJET SUR LE PLAN EAU ECHELLE 5NON PLEINE.EN REVANCHE POUR LA GAMME DEBIT AU DELA DE 2M3 PAR SECONDE INFLUENCE DE LA MASSE HERBEUSE FIXEE SUR LES ENROCHEMENTS COT2 RD -REHAUSSE DE LA LIGNE EAU ",,"12/13/23 16:04:00","12/13/23 16:04:00"
229629,524,"01/13/24 17:00:00","01/14/24 18:00:00","4","42","Reconstitution des hauteurs sur période stable-influence du gel sur le plan d'eau échelle.",,"02/09/24 10:54:00","02/09/24 10:31:00"
229630,525,"01/13/22 00:00:00","01/29/22 00:00:00","4","42","Période de gel sur une periode stable sans précipitations-reconstitution de la hauteur pour prise en compte gel sur la période  13-29 janvier 2022 en se basant sur le site phyc météo de Saugues (pluvio et temperatures).
2 séquences de gel entre le 14 et 29 janvier 2022 en conformité avec données meteo station Saugues
Reconstitution hauteurs sur période stable sans précipitations sur la base d'une courbe de tendance.

",,"02/27/23 15:23:00","02/24/22 15:29:00"
229631,525,"01/01/22 00:00:00",,"5","50","Changement de gestionnaire station de l'antenne hydro de Clermont vers le Puy en velay à compter du 01-01-2022.",,"02/28/22 10:20:00","02/28/22 10:20:00"
229632,525,"03/07/22 00:00:00","03/08/22 00:00:00","1","17","Petite Periode de gel en absence précipitations validé avec station météo de Saugues.Reconstitution manuelle des HT entre le 07-03-2022 et 08-03-2022 12:00 TU.",,"04/14/22 11:34:00","04/14/22 11:34:00"
229633,525,"05/15/22 00:00:00",,"5","50","Tresses d'herbes au voisinage du contrôle hydraulique observées lors du jaugeage 277 réalisé le 31-05-2022.
Photos des herbes sur le dossier station sur le lecteur réseau Orléans.
Mise en place d'un Corth temporaire à compter du 15-05-2022.Dernière mesure sans herbes faite le 12-04-22.",,"06/10/22 11:05:00","06/10/22 11:05:00"
229634,525,"01/13/24 17:00:00","01/14/24 12:30:00","4","42","Reconstitution bonne des hauteurs sur période de gel affectant le plan d'eau échelle( surcôte)",,"02/08/24 09:34:00","01/22/24 14:20:00"
229635,525,"04/13/24 00:00:00",,"2","26","Début croissance tresses herbes au voisinage du contrôle avec influence significative sur le plan eau échelle.
Photos faite sur passage jaugeage au 28-05-24 et deltaH 3.5cm.",,"05/31/24 10:33:00","05/31/24 10:32:00"
229636,525,"01/14/25 00:00:00","01/15/25 00:00:00","4","42","Influence du gel sur la séquence correspondant aux plus faibles températures du mois.
Séquence 14 janvier hausse suspecte niveau matinée quand températures +froides en absence précipoitations. Séquence hauteur reconstitué bonne.",,"02/05/25 09:17:00","02/05/25 09:17:00"
229637,588,"01/13/25 00:00:00","01/15/25 00:00:00","5","50","Influence du gel sur hauteurs sur la séquence avec rétention du BV sur les horaires températures plus froides et baisse hauteurs puis fonte en fin matinée quand températures positives et hausse niveau.
Pas de modif lors trait hauteur (contrôle non influencé).",,"02/05/25 09:24:00","02/05/25 09:24:00"
229638,590,"08/13/24 07:50:00",,"3","32","Mise en place d'un capot sur le radar pour protéger du soleil",,"10/03/24 09:07:00","10/03/24 09:07:00"
229639,593,"10/18/24 00:00:00","10/19/24 00:00:00","1","17","Données reconstituées bonnes à partir des stations avoisinantes",,"03/19/25 09:08:00","03/19/25 09:08:00"
229640,111,"11/02/08 00:00:00","11/03/08 00:00:00","4","43","reprise des hauteurs dans baque hydro suite a photo du maxi de la crue du 02/11/2008 photo prise par SPC 63
indiquant une cote de 5.50 alors que l'enregistrement du lpn8 indique 5.075",,"12/30/08 16:37:00","12/30/08 16:35:00"
229641,111,"01/01/08 00:00:00",,"5","50","a partir du 01/01/2008 les horaires des jaugeages passent en heure TU",,"02/21/12 09:27:00","02/21/12 09:27:00"
229642,111,"10/29/12 00:00:00",,"5","50","installation d'une passerelle pour accéder a la cabine par DREAL AUVERGNE",,"01/07/13 10:55:00","01/07/13 10:55:00"
229643,111,"07/07/21 00:00:00",,"2","26","Extrapolation du 0 écoulement avec Baratin",,"04/07/22 16:19:00","04/07/22 16:19:00"
229644,165,"11/13/11 00:00:00",,"3","32","réfection prise de pression du LPN8 + rajout sonde de pression et sonde température PT100 travaux réalisés avec DREAL AUVERGNE.Les 3 prises sont dans un camembert fixé au pied de l'échelle ( photos dans fiche sécurité)",,"02/21/12 09:23:00","02/15/12 08:46:00"
229645,165,"01/01/08 00:00:00",,"5","50","a partir du 01/01/2008 les horaires jaugeage passent en heures TU",,"02/21/12 09:24:00","02/21/12 09:24:00"
229646,606,"11/01/08 00:00:00",,"2","21","important détarage suite à crue de nov2008",,"12/15/08 15:29:00","12/15/08 15:29:00"
229647,607,"07/01/70 12:00:00",,"5","50","Mise en route de la station.
En réalité le 01/01/1971 (mais limnis depuis le 06/07/1970,jaugeages depuis le 08/07/1970 et CT depuis le 01/01/1971).",,,
229648,607,"11/15/00 00:00:00",,"5","50","Transfert de la station de la DIREN de Bassin Loire-Bretagne à SEMA Lyon Département",,,
229649,607,"12/13/00 14:00:00",,"3","30","Installation d'un codeur-enregistreur OTT Thalimèdes avec flotteur.",,,
229650,607,"07/21/94 12:51:00","08/01/94 11:54:00","1","14",,,,
229651,607,"03/29/00 08:13:00","04/28/00 07:55:00","1","11","Mouvement d'orlogerie bloqué.",,,
229652,607,"06/03/00 17:09:00","06/08/00 10:07:00","1","11","Stylet sauté.",,,
229653,607,"12/10/00 18:00:00","12/13/00 11:30:00","1","11","Stylet sauté.",,,
229654,607,"12/10/00 18:00:00","12/13/00 11:30:00","4","42","Référence la station : La Mare à Vérines",,,
229655,607,"06/03/00 17:09:00","06/08/00 10:07:00","4","42","Référence la station : La Mare à Vérines",,,
229656,607,"03/29/00 00:00:00","04/28/00 00:00:00","4","43","Déclaration dans hydro des QJ manquants inconnu faible <4.9 m3/s ; QIX <8 m3/s et QMM >0.15 m3/s pour les mois de mars et avril.",,,
229657,607,"09/29/83 00:00:00",,"5","50","Refection du seuil, détruit après la crue du 17 septembre 1983.
",,,
229658,607,"12/03/03 03:30:00","12/09/03 11:00:00","1","12","Fils du flotteur et du contre-poid enmêlés et donc flotteur bloqué à 1,719 m.",,"01/09/04 12:10:00","01/09/04 12:06:00"
229659,607,"12/03/03 03:30:00","12/09/03 11:00:00","4","42","Reconstitution d'une partie de la décrue.Référence la Semène à Jonzieux.",,"01/09/04 12:14:00","01/09/04 12:12:00"
229660,619,"11/15/89 00:00:00","01/17/90 00:00:00","4","42","Ligne droite",,,
229661,619,"10/31/89 00:00:00","03/10/90 00:00:00","4","43","Reprise d'un limni à l'occasion de la critique",,,
229662,619,"09/24/97 00:00:00","10/23/97 00:00:00","1","11","Problème de piles déchargées prématuréments",,,
229663,619,"04/27/95 00:00:00","05/05/95 00:00:00","4","43","Reprise d'un limni à l'occasion de la critique",,,
229664,619,"08/14/88 00:00:00","09/15/88 00:00:00","4","43","Reprise d'un limni à l'occasion de la critique",,,
229665,619,"06/06/91 00:00:00","07/19/91 00:00:00","4","43","Reprise d'un limni à l'occasion de la critique",,,
229666,619,"02/23/94 00:00:00","03/04/94 00:00:00","4","43","Reprise d'un limni à l'occasion de la critique",,,
229667,619,"11/14/94 00:00:00","11/26/95 00:00:00","4","43","Reprise d'un limni à l'occasion de la critique",,,
229668,619,"09/11/97 00:00:00","10/23/97 00:00:00","4","43","Reprise d'un limni à l'occasion de la critique",,,
229669,619,"08/02/84 00:00:00",,"5","50","Mise en service de la station.",,,
229670,619,"03/18/92 00:00:00","05/06/92 00:00:00","1","14","Limni non reçu.",,,
229671,619,"02/11/96 00:00:00","02/16/96 00:00:00","1","17","Cabine accidentée,stylet sauté.",,,
229672,619,"05/14/98 00:00:00","07/06/98 00:00:00","1","13","Pas d'enregistrement suite à un mauvais branchement des fils.",,,
229673,619,"07/19/96 00:00:00","07/25/96 00:00:00","1","14","Limni non reçu.",,,
229674,619,"08/15/96 00:00:00","08/22/96 00:00:00","1","17","Cabine et colonne couchées dans la rivière.",,,
229675,619,"12/07/96 00:00:00","12/13/96 00:00:00","1","17","Limni non relevé.",,,
229676,619,"06/05/97 00:00:00",,"3","30","Début cetrale CR2M et sonde à pression.",,,
229677,619,"06/06/96 00:00:00","06/20/96 00:00:00","1","14","Limni non reçu.",,,
229678,619,"03/18/92 00:00:00","05/06/92 00:00:00","4","43","Déclaration dans Hydro des QJ inconnu fort >0.050 m3/s,des QIX inconnu fort >0.050 m3/s et des QMM inconnu fort >0.100 m3/s.",,,
229679,619,"02/11/96 00:00:00","02/16/96 00:00:00","4","43","Déclaration dans Hydro des QJ inconnu fort >0.130 m3/s,du QIX inconnu fort >0.700 m3/s et du QMM inconnu fort >0.020 m3/s.",,,
229680,619,"06/06/96 00:00:00","06/20/96 00:00:00","4","43","Déclaration dans Hydro des QJ inconnu fort >0.130 m3/s,du QIX inconnu fort >0.700 m3/s et du QMM inconnu fort >0.020 m3/s.",,,
229681,619,"07/19/96 00:00:00","07/25/96 00:00:00","4","43","Déclaration dans Hydro des QJ inconnu fort >0.130 m3/s,du QIX inconnu fort >0.700 m3/s et du QMM inconnu fort >0.020 m3/s.",,,
229682,619,"08/15/96 00:00:00","08/22/96 00:00:00","4","43","Déclaration dans Hydro des QJ inconnu fort >0.130 m3/s,du QIX inconnu fort >0.700 m3/s et du QMM inconnu fort >0.020 m3/s.",,,
229683,619,"12/07/96 00:00:00","12/13/96 00:00:00","4","43","Déclaration dans Hydro des QJ inconnu faible <1 m3/s,du QIX inconnu faible <3.5 m3/s et du QMM inconnu fort >0.020 m3/s.",,,
229684,619,"09/24/97 00:00:00","10/23/97 00:00:00","4","43","Déclaration dans Hydro des QJ inconnu faible <2.2 m3/s,des QIX inconnu faible <3 m3/s et des QMM inconnu fort >0.010 m3/s.",,,
229685,619,"05/14/98 00:00:00","07/06/98 00:00:00","4","43","Déclaration dans Hydro des QJ inconnu faible <2.2 m3/s,des QIX inconnu faible <3 m3/s et des QMM inconnu fort >0.015 m3/s.",,,
229686,619,"07/31/84 23:00:00","08/02/84 12:18:00","4","42","Lors de la critique le 29/06/2000 insertion d'un point le 31/07/1984 à 23:00 pour avoir le mois d'aout complet.",,,
229687,619,"05/09/01 14:00:00",,"3","32","Installation d'un codeur-enregistreur OTT Thalimèdes avec flotteur.",,,
229688,619,"07/13/01 00:00:00","08/08/01 08:00:00","1","11","Batterie de la centrale Thalimèdes déchargée prématurément (hauteurs enregistrées jusqu'au 13 juillet)",,,
229689,619,"10/06/01 12:25:00","10/10/01 12:25:00","1","11","Batterie de la centrale Thalimèdes descendue à 2,16V.",,,
229690,619,"07/13/01 00:00:00","08/08/01 00:00:00","4","43","Déclaration dans hydro des QJ manquants inconnu faible <0.4 m3/s ; QIX <1 m3/s pour les deux mois et QMM >0.25 m3/s pour juillet et <0.023 m3/s pour août.",,,
229691,619,"10/06/01 00:00:00","10/10/01 00:00:00","4","43","Déclaration dans hydro des QJ manquants inconnu faible <0.4 m3/s ; QIX <1 m3/s et QMM >0.025 m3/s.",,,
229692,619,"10/01/07 00:00:00",,"5","50","A paritr de octobre 2007 gestion de la station par la DIREN CENTRE
station jusque là gérée par la DIREN RHONE ALPES",,"01/09/09 15:43:00","01/09/09 15:43:00"
229693,619,"11/02/08 00:00:00",,"5","50","crue le 02/11/2008 max codeur 1.335m à 07:00 (controle laisse les plus hautes : codeur OK)",,"01/09/09 15:54:00","01/09/09 15:54:00"
229694,619,"10/01/07 00:00:00",,"2","26","nouvelle courbe de tarage suite changement gestionnaire",,"01/09/09 15:56:00","01/09/09 15:56:00"
