DateTime,deltaH,Station
2015-03-31 23:00:00,0,K209081001
2015-04-07 12:00:00,-0.03,K209081001
2015-05-19 12:00:00,-0.045,K209081001
2015-06-23 12:15:00,-0.065,K209081001
2015-07-20 11:55:00,-0.037,K209081001
2015-07-28 13:00:00,-0.035,K209081001
2015-08-19 09:00:00,-0.02,K209081001
2015-09-01 12:35:00,-0.02,K209081001
2015-09-21 14:10:00,0,K209081001
2015-10-15 00:00:00,0,K209081001
2016-06-14 14:15:00,0,K209081001
2016-07-28 08:20:00,-0.02,K209081001
2016-08-31 12:25:00,-0.02,K209081001
2016-10-19 11:40:00,0,K209081001
2016-10-30 00:00:00,0,K209081001
2017-06-07 12:30:00,0,K209081001
2017-06-30 08:50:00,-0.01,K209081001
2017-08-03 07:45:00,-0.02,K209081001
2017-09-05 15:00:00,-0.02,K209081001
2017-10-16 09:00:00,-0.025,K209081001
2017-11-09 14:00:00,0,K209081001
2018-03-23 00:00:00,0,K209081001
2018-05-09 07:25:00,-0.02,K209081001
2018-06-20 12:30:00,-0.05,K209081001
2018-07-12 12:15:00,-0.04,K209081001
2018-07-24 13:05:00,-0.035,K209081001
2018-08-06 13:15:00,-0.03,K209081001
2018-09-04 12:05:00,-0.02,K209081001
2018-10-04 06:55:00,-0.02,K209081001
2018-10-24 13:00:00,-0.05,K209081001
2018-10-31 04:40:00,-0.05,K209081001
2018-11-09 13:40:00,0,K209081001
2018-11-30 00:00:00,0,K209081001
2019-06-12 07:30:00,0,K209081001
2019-08-05 09:55:00,-0.02,K209081001
2019-10-23 13:15:00,-0.02,K209081001
2019-11-23 13:30:00,-0.02,K209081001
2019-11-28 13:30:00,-0.02,K209081001
2020-01-10 00:00:00,0,K209081001
2020-09-23 07:00:00,0,K209081001
2020-10-07 13:30:00,-0.02,K209081001
2020-11-04 14:45:00,-0.02,K209081001
2020-12-01 14:20:00,-0.01,K209081001
2020-12-15 07:00:00,-0.01,K209081001
2020-12-20 18:00:00,0,K209081001
2021-05-19 13:15:00,0,K209081001
2021-07-20 12:10:00,-0.01,K209081001
2021-08-20 06:55:00,-0.015,K209081001
2022-03-13 00:00:00,-0.015,K209081001
2022-03-17 00:00:00,0,K209081001
2022-05-10 06:40:00,0,K209081001
2022-06-29 06:45:00,-0.02,K209081001
2022-10-19 14:05:00,-0.01,K209081001
2023-02-09 13:00:00,-0.02,K209081001
2023-02-25 00:00:00,0,K209081001
2023-05-25 13:00:00,0,K209081001
2023-07-11 12:40:00,-0.015,K209081001
2023-07-26 12:40:00,-0.045,K209081001
2023-08-22 13:45:00,-0.03,K209081001
2023-09-20 13:40:00,-0.015,K209081001
2023-10-17 06:40:00,-0.01,K209081001
2023-11-16 13:00:00,0,K209081001
2009-03-23 00:00:00,0,K650091001
2009-04-16 00:00:00,-0.015,K650091001
2009-05-08 00:00:00,-0.03,K650091001
2009-05-30 00:00:00,-0.05,K650091001
2009-06-09 00:00:00,-0.057,K650091001
2009-06-20 00:00:00,-0.057,K650091001
2009-06-25 00:00:00,-0.055,K650091001
2009-07-01 00:00:00,-0.05,K650091001
2009-07-08 00:00:00,-0.04,K650091001
2009-08-01 00:00:00,0,K650091001
2010-03-22 00:00:00,0,K650091001
2010-03-30 00:00:00,-0.01,K650091001
2010-04-06 00:00:00,-0.02,K650091001
2010-04-15 00:00:00,-0.04,K650091001
2010-04-24 00:00:00,-0.07,K650091001
2010-05-04 00:00:00,-0.09,K650091001
2010-05-15 00:00:00,-0.1,K650091001
2010-05-21 00:00:00,-0.103,K650091001
2010-06-13 00:00:00,-0.105,K650091001
2010-06-17 00:00:00,-0.09,K650091001
2010-06-20 00:00:00,-0.06,K650091001
2010-06-25 00:00:00,-0.025,K650091001
2010-07-01 00:00:00,-0.01,K650091001
2010-07-10 00:00:00,0,K650091001
2011-04-20 00:00:00,0,K650091001
2011-04-25 13:00:00,-0.002,K650091001
2011-04-30 13:00:00,-0.006,K650091001
2011-05-10 09:00:00,-0.018,K650091001
2011-05-17 21:00:00,-0.03,K650091001
2011-05-23 02:00:00,-0.037,K650091001
2011-05-28 05:00:00,-0.04,K650091001
2011-05-31 14:00:00,-0.04,K650091001
2011-06-04 00:00:00,-0.039,K650091001
2011-06-10 00:00:00,-0.032,K650091001
2011-06-26 00:00:00,-0.019,K650091001
2011-07-03 12:30:00,-0.016,K650091001
2011-07-03 12:37:00,-0.016,K650091001
2011-09-21 02:54:00,-0.009,K650091001
2011-09-21 03:00:00,-0.009,K650091001
2011-11-14 04:00:00,0,K650091001
2012-04-08 00:00:00,0,K650091001
2012-04-15 00:00:00,-0.02,K650091001
2012-04-24 00:00:00,-0.045,K650091001
2012-04-28 00:00:00,-0.055,K650091001
2012-05-05 00:00:00,-0.065,K650091001
2012-05-21 00:00:00,-0.075,K650091001
2012-05-25 00:00:00,-0.115,K650091001
2012-05-31 00:00:00,-0.14,K650091001
2012-06-11 00:00:00,-0.146,K650091001
2012-06-11 07:38:00,-0.147,K650091001
2012-06-18 00:00:00,-0.131,K650091001
2012-06-18 20:50:00,-0.132,K650091001
2012-06-24 00:00:00,-0.108,K650091001
2012-06-24 09:00:00,-0.108,K650091001
2012-07-04 00:00:00,-0.06,K650091001
2012-07-04 05:37:00,-0.06,K650091001
2012-07-11 00:00:00,-0.037,K650091001
2012-07-11 14:33:00,-0.037,K650091001
2012-07-14 00:00:00,-0.028,K650091001
2012-07-14 21:26:00,-0.029,K650091001
2012-07-22 00:00:00,-0.022,K650091001
2012-07-22 17:02:00,-0.022,K650091001
2012-08-23 00:00:00,-0.013,K650091001
2012-08-23 12:12:00,-0.013,K650091001
2012-10-13 00:00:00,-0.013,K650091001
2012-10-13 17:46:00,-0.014,K650091001
2012-10-15 18:48:00,0,K650091001
2012-10-16 00:00:00,0,K650091001
2019-05-15 00:00:00,0,K650091001
2019-06-12 11:30:00,-0.035,K650091001
2019-06-25 09:05:00,-0.044,K650091001
2019-07-11 11:00:00,-0.034,K650091001
2019-07-25 10:40:00,-0.032,K650091001
2019-08-22 07:51:00,-0.032,K650091001
2019-09-19 08:40:00,-0.012,K650091001
2019-10-24 08:12:00,0,K650091001
2022-04-01 00:00:00,0,K650091001
2022-04-13 13:03:00,-0.075,K650091001
2022-05-31 11:49:00,-0.141,K650091001
2022-07-07 10:56:00,-0.127,K650091001
2022-07-21 10:08:00,-0.049,K650091001
2022-08-18 10:20:00,0,K650091001
2023-03-31 00:00:00,0,K650091001
2023-05-05 10:40:00,-0.034,K650091001
2023-06-16 11:35:00,-0.053,K650091001
2023-06-23 09:30:00,-0.053,K650091001
2023-06-25 00:00:00,-0.216,K650091001
2023-06-27 00:00:00,-0.053,K650091001
2023-07-18 08:33:00,0,K650091001
2023-10-19 00:00:00,0,K650091001
2023-10-19 10:00:00,-0.012,K650091001
2023-12-19 13:00:00,0,K650091001
2003-04-01 00:00:00,0,K485300001
2003-04-12 00:00:00,-0.005,K485300001
2003-04-20 00:00:00,-0.01,K485300001
2003-05-01 00:00:00,-0.025,K485300001
2003-05-12 00:00:00,-0.05,K485300001
2003-05-22 00:00:00,-0.075,K485300001
2003-05-27 00:00:00,-0.08,K485300001
2003-06-02 00:00:00,-0.083,K485300001
2003-06-12 00:00:00,-0.08,K485300001
2003-06-21 00:00:00,-0.075,K485300001
2003-07-11 00:00:00,-0.06,K485300001
2003-07-21 00:00:00,-0.045,K485300001
2003-07-31 00:00:00,-0.025,K485300001
2003-08-11 00:00:00,0,K485300001
2004-05-05 00:00:00,0,K485300001
2004-05-27 00:00:00,-0.023,K485300001
2004-06-05 00:00:00,-0.028,K485300001
2004-06-21 00:00:00,-0.028,K485300001
2004-07-03 00:00:00,-0.028,K485300001
2004-07-18 00:00:00,-0.02,K485300001
2004-07-27 00:00:00,-0.012,K485300001
2004-08-10 00:00:00,0,K485300001
2006-05-08 00:00:00,0,K485300001
2006-05-14 00:00:00,-0.01,K485300001
2006-05-21 00:00:00,-0.025,K485300001
2006-05-26 00:00:00,-0.035,K485300001
2006-05-29 00:00:00,-0.04,K485300001
2006-06-05 19:00:00,-0.04,K485300001
2006-06-06 08:00:00,-0.02,K485300001
2006-06-07 00:00:00,-0.01,K485300001
2006-06-14 00:00:00,0,K485300001
2007-06-15 00:00:00,0,K485300001
2007-06-26 00:00:00,-0.01,K485300001
2007-07-03 00:00:00,-0.025,K485300001
2007-07-13 00:00:00,-0.045,K485300001
2007-07-17 00:00:00,-0.05,K485300001
2007-07-21 00:00:00,-0.045,K485300001
2007-07-26 00:00:00,-0.025,K485300001
2007-07-30 00:00:00,-0.022,K485300001
2007-08-03 00:00:00,-0.02,K485300001
2007-08-25 00:00:00,-0.02,K485300001
2007-09-03 00:00:00,-0.02,K485300001
2007-09-17 00:00:00,-0.015,K485300001
2007-10-03 00:00:00,-0.007,K485300001
2007-10-14 00:00:00,-0.003,K485300001
2007-10-25 00:00:00,0,K485300001
2008-04-10 00:00:00,0,K485300001
2008-04-30 00:00:00,-0.03,K485300001
2008-05-17 00:00:00,-0.05,K485300001
2008-06-10 00:00:00,-0.07,K485300001
2008-07-01 00:00:00,-0.084,K485300001
2008-07-14 11:30:00,-0.09,K485300001
2008-07-15 00:00:00,-0.06,K485300001
2008-07-20 00:00:00,-0.05,K485300001
2008-07-25 00:00:00,-0.045,K485300001
2008-08-14 00:00:00,-0.035,K485300001
2008-09-01 00:00:00,-0.03,K485300001
2008-10-28 00:00:00,-0.017,K485300001
2008-11-16 00:00:00,-0.01,K485300001
2008-12-05 00:00:00,0,K485300001
2009-04-04 00:00:00,0,K485300001
2009-04-11 00:00:00,-0.01,K485300001
2009-05-01 00:00:00,-0.03,K485300001
2009-05-16 00:00:00,-0.06,K485300001
2009-06-08 08:00:00,-0.1,K485300001
2009-06-09 07:00:00,-0.08,K485300001
2009-06-17 00:00:00,-0.08,K485300001
2009-06-26 00:00:00,-0.075,K485300001
2009-06-30 00:00:00,-0.07,K485300001
2009-07-07 00:00:00,-0.055,K485300001
2009-07-22 07:15:00,-0.013,K485300001
2009-07-22 20:00:00,-0.08,K485300001
2009-07-29 00:00:00,-0.06,K485300001
2009-08-04 00:00:00,-0.04,K485300001
2009-08-10 00:00:00,-0.025,K485300001
2009-08-15 00:00:00,-0.02,K485300001
2009-08-25 00:00:00,-0.02,K485300001
2009-09-02 00:00:00,-0.025,K485300001
2009-11-10 00:00:00,-0.025,K485300001
2009-11-18 00:00:00,-0.01,K485300001
2009-11-27 00:00:00,0,K485300001
2010-04-01 00:00:00,0,K485300001
2010-04-29 16:00:00,-0.056,K485300001
2010-04-29 16:01:00,0,K485300001
2010-04-30 00:00:00,0,K485300001
2010-05-21 00:00:00,-0.031,K485300001
2010-05-25 00:00:00,-0.045,K485300001
2010-05-30 00:00:00,-0.06,K485300001
2010-06-04 00:00:00,-0.095,K485300001
2010-06-10 00:00:00,-0.115,K485300001
2010-06-16 00:00:00,-0.118,K485300001
2010-06-22 00:00:00,-0.114,K485300001
2010-06-27 00:00:00,-0.08,K485300001
2010-07-01 00:00:00,-0.065,K485300001
2010-07-10 00:00:00,-0.047,K485300001
2010-07-26 00:00:00,-0.025,K485300001
2010-08-01 00:00:00,-0.023,K485300001
2010-08-06 00:00:00,-0.025,K485300001
2010-08-26 00:00:00,-0.039,K485300001
2010-09-03 00:00:00,-0.043,K485300001
2010-09-10 00:00:00,-0.043,K485300001
2010-09-16 00:00:00,-0.04,K485300001
2010-09-22 00:00:00,-0.035,K485300001
2010-10-03 00:00:00,-0.01,K485300001
2010-10-10 00:00:00,0,K485300001
2011-03-25 00:00:00,0,K485300001
2011-04-01 18:00:00,-0.029,K485300001
2011-04-11 00:00:00,-0.055,K485300001
2011-04-18 03:00:00,-0.072,K485300001
2011-04-25 06:00:00,-0.089,K485300001
2011-04-28 01:30:00,-0.095,K485300001
2011-05-04 23:00:00,-0.081,K485300001
2011-05-11 06:00:00,-0.071,K485300001
2011-05-18 20:00:00,-0.066,K485300001
2011-06-04 12:00:00,-0.065,K485300001
2011-06-07 11:00:00,-0.065,K485300001
2011-06-07 22:00:00,-0.105,K485300001
2011-06-14 16:00:00,-0.105,K485300001
2011-06-15 08:00:00,-0.065,K485300001
2011-06-17 03:00:00,-0.056,K485300001
2011-06-19 20:00:00,-0.048,K485300001
2011-06-22 08:00:00,-0.045,K485300001
2011-07-06 09:00:00,-0.04,K485300001
2011-07-12 00:00:00,-0.04,K485300001
2011-07-19 12:00:00,-0.185,K485300001
2011-07-20 12:00:00,-0.19,K485300001
2011-07-22 00:00:00,-0.19,K485300001
2011-07-23 00:00:00,-0.183,K485300001
2011-07-24 16:00:00,-0.166,K485300001
2011-07-27 15:00:00,-0.139,K485300001
2011-07-30 12:00:00,-0.117,K485300001
2011-08-01 15:00:00,-0.104,K485300001
2011-08-03 02:00:00,-0.102,K485300001
2011-08-04 21:00:00,-0.114,K485300001
2011-08-06 22:00:00,-0.135,K485300001
2011-08-09 08:00:00,-0.15,K485300001
2011-08-13 00:00:00,-0.153,K485300001
2011-08-19 01:00:00,-0.152,K485300001
2011-09-19 00:00:00,-0.102,K485300001
2011-10-17 02:00:00,-0.062,K485300001
2011-11-11 23:00:00,-0.026,K485300001
2011-12-01 05:00:00,0,K485300001
2012-03-20 00:00:00,0,K485300001
2012-04-04 00:00:00,-0.025,K485300001
2012-05-08 00:00:00,-0.115,K485300001
2012-05-27 00:00:00,-0.155,K485300001
2012-06-08 00:00:00,-0.166,K485300001
2012-07-04 00:00:00,-0.171,K485300001
2012-07-10 00:00:00,-0.258,K485300001
2012-07-14 00:00:00,-0.273,K485300001
2012-07-16 00:00:00,-0.265,K485300001
2012-07-20 00:00:00,-0.235,K485300001
2012-07-25 00:00:00,-0.188,K485300001
2012-07-29 00:00:00,-0.205,K485300001
2012-08-02 00:00:00,-0.211,K485300001
2012-08-04 00:00:00,-0.211,K485300001
2012-08-07 00:00:00,-0.202,K485300001
2012-08-12 00:00:00,-0.167,K485300001
2012-08-20 00:00:00,-0.114,K485300001
2012-08-26 00:00:00,-0.095,K485300001
2012-09-10 00:00:00,-0.088,K485300001
2012-09-19 00:00:00,-0.113,K485300001
2012-09-28 00:00:00,-0.121,K485300001
2012-10-15 00:00:00,-0.12,K485300001
2012-10-18 00:00:00,-0.09,K485300001
2012-10-22 00:00:00,0,K485300001
2013-04-11 00:00:00,0,K485300001
2013-06-26 00:00:00,-0.14,K485300001
2013-07-12 00:00:00,-0.16,K485300001
2013-07-25 00:00:00,-0.165,K485300001
2013-08-02 00:00:00,-0.163,K485300001
2013-08-07 00:00:00,-0.155,K485300001
2013-08-13 00:00:00,-0.135,K485300001
2013-08-20 00:00:00,-0.11,K485300001
2013-08-26 00:00:00,-0.105,K485300001
2013-09-06 00:00:00,-0.109,K485300001
2013-09-22 00:00:00,-0.125,K485300001
2013-11-01 00:00:00,-0.125,K485300001
2013-11-05 00:00:00,0,K485300001
2014-04-15 00:00:00,0,K485300001
2014-05-02 00:00:00,-0.03,K485300001
2014-05-11 00:00:00,-0.047,K485300001
2014-05-20 00:00:00,-0.066,K485300001
2014-06-08 00:00:00,-0.077,K485300001
2014-06-30 00:00:00,-0.08,K485300001
2014-07-22 00:00:00,-0.074,K485300001
2014-08-11 00:00:00,-0.064,K485300001
2014-08-22 00:00:00,-0.051,K485300001
2014-09-07 00:00:00,-0.039,K485300001
2014-10-03 00:00:00,-0.028,K485300001
2014-10-28 00:00:00,-0.021,K485300001
2014-11-25 00:00:00,-0.014,K485300001
2014-12-25 00:00:00,0,K485300001
2015-05-01 00:00:00,0,K485300001
2015-06-05 00:00:00,-0.015,K485300001
2015-07-07 00:00:00,-0.025,K485300001
2015-08-05 00:00:00,-0.03,K485300001
2015-09-20 00:00:00,-0.03,K485300001
2015-10-05 00:00:00,-0.025,K485300001
2015-11-01 00:00:00,0,K485300001
2016-06-20 00:00:00,0,K485300001
2016-07-04 00:00:00,-0.028,K485300001
2016-07-14 00:00:00,-0.038,K485300001
2016-07-29 00:00:00,-0.04,K485300001
2016-08-11 00:00:00,-0.036,K485300001
2016-08-16 00:00:00,-0.024,K485300001
2016-08-20 00:00:00,0,K485300001
2016-09-03 00:00:00,0,K485300001
2016-09-15 00:00:00,-0.022,K485300001
2016-09-25 00:00:00,-0.033,K485300001
2016-10-15 00:00:00,-0.033,K485300001
2016-11-15 00:00:00,0,K485300001
2017-04-27 00:00:00,0,K485300001
2017-05-12 00:00:00,-0.01,K485300001
2017-05-25 00:00:00,-0.015,K485300001
2017-06-13 00:00:00,-0.015,K485300001
2017-06-19 00:00:00,0,K485300001
2018-03-29 00:00:00,0,K485300001
2018-05-01 00:00:00,-0.08,K485300001
2018-06-11 00:00:00,-0.08,K485300001
2018-07-08 00:00:00,-0.045,K485300001
2018-07-30 00:00:00,-0.025,K485300001
2018-08-18 00:00:00,-0.01,K485300001
2018-08-29 00:00:00,-0.01,K485300001
2018-08-29 17:00:00,-0.015,K485300001
2018-09-06 07:00:00,-0.015,K485300001
2018-09-06 09:00:00,-0.04,K485300001
2018-09-07 00:00:00,-0.015,K485300001
2018-09-17 00:00:00,-0.01,K485300001
2018-09-29 00:00:00,-0.01,K485300001
2018-11-12 00:00:00,-0.02,K485300001
2018-11-12 12:00:00,-0.06,K485300001
2018-11-14 00:00:00,-0.06,K485300001
2018-11-15 12:00:00,-0.03,K485300001
2018-11-25 00:00:00,-0.02,K485300001
2018-11-25 15:00:00,-0.06,K485300001
2018-12-21 00:00:00,-0.06,K485300001
2018-12-23 00:00:00,-0.025,K485300001
2019-01-29 12:00:00,-0.025,K485300001
2019-02-01 00:00:00,0,K485300001
2019-03-08 00:00:00,0,K485300001
2019-04-10 00:00:00,-0.05,K485300001
2019-04-22 00:00:00,-0.065,K485300001
2019-05-05 00:00:00,-0.075,K485300001
2019-06-03 00:00:00,-0.035,K485300001
2019-06-11 00:00:00,-0.035,K485300001
2019-06-13 00:00:00,-0.105,K485300001
2019-06-15 00:00:00,-0.105,K485300001
2019-06-26 00:00:00,-0.05,K485300001
2019-07-01 00:00:00,-0.04,K485300001
2019-07-31 00:00:00,-0.007,K485300001
2019-08-06 00:00:00,0,K485300001
2020-10-22 00:00:00,0,K485300001
2020-10-22 17:30:00,-0.05,K485300001
2020-10-25 05:30:00,-0.05,K485300001
2020-10-25 11:59:00,-0.1,K485300001
2020-10-25 12:00:00,0,K485300001
2021-04-10 00:00:00,0,K485300001
2021-05-10 14:07:00,-0.045,K485300001
2021-06-30 22:30:00,-0.05,K485300001
2021-07-14 02:16:00,-0.028,K485300001
2021-08-17 09:13:00,-0.038,K485300001
2021-08-31 06:42:00,-0.016,K485300001
2021-09-30 18:43:00,-0.038,K485300001
2021-10-16 11:43:00,0,K485300001
2022-03-24 00:00:00,0,K485300001
2022-04-12 10:00:00,-0.026,K485300001
2022-06-02 08:00:00,-0.015,K485300001
2022-07-05 09:23:00,-0.019,K485300001
2022-08-24 09:20:00,-0.008,K485300001
2022-10-18 14:23:00,-0.108,K485300001
2022-12-07 11:55:00,-0.105,K485300001
2023-01-17 17:00:00,0,K485300001
2023-04-11 00:00:00,0,K485300001
2023-05-04 10:00:00,-0.027,K485300001
2023-06-15 10:10:00,-0.026,K485300001
2023-07-13 12:16:00,-0.032,K485300001
2023-08-22 10:00:00,-0.027,K485300001
2023-09-05 08:55:00,-0.018,K485300001
2023-09-13 10:00:00,-0.017,K485300001
2023-10-24 10:05:00,-0.038,K485300001
2023-12-21 10:51:00,-0.06,K485300001
2024-02-07 10:25:00,0,K485300001
2024-07-07 13:30:00,0,K485300001
2024-08-08 11:08:00,-0.048,K485300001
2024-09-24 09:55:00,-0.06,K485300001
2024-09-27 09:45:00,0,K485300001
2007-04-03 00:00:00,0,K633252001
2007-05-07 00:00:00,-0.047,K633252001
2007-05-20 00:00:00,-0.06,K633252001
2007-05-27 00:00:00,-0.065,K633252001
2007-06-03 00:00:00,-0.069,K633252001
2007-06-10 00:00:00,-0.065,K633252001
2007-07-19 00:00:00,-0.04,K633252001
2007-07-29 00:00:00,0,K633252001
2007-08-26 00:00:00,0,K633252001
2007-09-05 00:00:00,-0.057,K633252001
2007-10-10 00:00:00,-0.08,K633252001
2007-10-25 00:00:00,-0.085,K633252001
2007-11-05 00:00:00,-0.085,K633252001
2007-11-15 00:00:00,-0.08,K633252001
2007-12-10 00:00:00,0,K633252001
2008-05-31 00:00:00,0,K633252001
2008-06-02 00:00:00,-0.02,K633252001
2008-06-03 00:00:00,-0.022,K633252001
2008-06-10 00:00:00,-0.025,K633252001
2008-07-10 00:00:00,-0.035,K633252001
2008-07-18 00:00:00,-0.04,K633252001
2008-07-27 00:00:00,-0.045,K633252001
2008-08-27 00:00:00,-0.075,K633252001
2008-09-04 00:00:00,-0.08,K633252001
2008-09-12 00:00:00,-0.075,K633252001
2008-10-10 00:00:00,0,K633252001
2009-05-12 00:00:00,0,K633252001
2009-06-10 00:00:00,-0.03,K633252001
2009-07-16 00:00:00,-0.005,K633252001
2009-07-26 00:00:00,0,K633252001
2010-01-29 12:05:00,0,K633252001
2010-02-02 17:44:00,-0.013,K633252001
2010-02-15 19:53:00,-0.017,K633252001
2010-03-10 05:37:00,-0.018,K633252001
2010-03-28 17:37:00,-0.013,K633252001
2010-04-13 10:24:00,-0.005,K633252001
2010-04-27 04:27:00,-0.005,K633252001
2010-05-13 00:03:00,-0.009,K633252001
2010-05-28 19:39:00,-0.023,K633252001
2010-06-08 04:21:00,-0.025,K633252001
2010-06-19 02:09:00,-0.018,K633252001
2010-06-25 02:08:00,-0.008,K633252001
2010-07-01 02:07:00,-0.003,K633252001
2010-07-11 10:49:00,-0.003,K633252001
2010-08-02 11:37:00,-0.011,K633252001
2010-09-07 10:09:00,-0.009,K633252001
2010-09-07 21:09:00,-0.009,K633252001
2010-11-07 22:24:00,0,K633252001
2011-01-28 05:04:00,0,K633252001
2011-02-02 19:09:00,-0.005,K633252001
2011-03-05 23:43:00,-0.011,K633252001
2011-04-05 05:57:00,-0.013,K633252001
2011-05-01 18:49:00,-0.011,K633252001
2011-05-24 03:06:00,-0.011,K633252001
2011-06-02 21:44:00,-0.02,K633252001
2011-06-16 03:17:00,-0.027,K633252001
2011-06-26 08:04:00,-0.03,K633252001
2011-07-12 18:28:00,-0.03,K633252001
2011-07-28 01:41:00,-0.028,K633252001
2011-08-11 05:38:00,-0.026,K633252001
2011-08-18 14:26:00,-0.027,K633252001
2011-09-14 05:37:00,-0.037,K633252001
2011-10-01 19:12:00,-0.042,K633252001
2011-10-20 11:59:00,-0.044,K633252001
2011-11-08 04:47:00,-0.042,K633252001
2011-11-21 19:10:00,-0.039,K633252001
2011-12-07 08:48:00,-0.031,K633252001
2011-12-15 18:19:00,0,K633252001
2012-04-06 01:52:00,0,K633252001
2012-04-11 12:05:00,-0.007,K633252001
2012-04-18 09:05:00,-0.013,K633252001
2012-04-18 09:50:00,-0.013,K633252001
2012-05-10 11:48:00,-0.015,K633252001
2012-06-06 08:36:00,-0.008,K633252001
2012-06-19 02:44:00,-0.013,K633252001
2012-06-30 17:21:00,-0.021,K633252001
2012-07-11 07:35:00,-0.032,K633252001
2012-07-24 00:39:00,-0.027,K633252001
2012-08-08 07:01:00,-0.022,K633252001
2012-09-04 22:18:00,-0.02,K633252001
2012-09-19 07:00:00,-0.026,K633252001
2012-09-19 12:00:00,0,K633252001
2012-10-02 20:15:00,-0.002,K633252001
2012-10-17 15:53:00,-0.005,K633252001
2012-10-29 10:09:00,-0.013,K633252001
2012-11-06 03:57:00,-0.018,K633252001
2012-11-13 14:52:00,-0.022,K633252001
2012-11-13 21:45:00,-0.022,K633252001
2012-12-05 20:28:00,-0.022,K633252001
2012-12-06 08:34:00,0,K633252001
2013-07-25 07:46:00,0,K633252001
2013-07-31 18:11:00,-0.005,K633252001
2013-08-07 07:41:00,-0.014,K633252001
2013-08-28 10:58:00,-0.017,K633252001
2013-08-28 13:43:00,-0.017,K633252001
2013-09-12 01:35:00,-0.016,K633252001
2013-09-20 09:29:00,-0.013,K633252001
2013-09-29 02:26:00,-0.008,K633252001
2013-10-06 13:07:00,0,K633252001
2014-06-01 14:09:00,0,K633252001
2014-06-04 13:24:00,-0.005,K633252001
2014-06-17 09:30:00,-0.009,K633252001
2014-07-09 14:54:00,-0.011,K633252001
2014-08-12 07:10:00,-0.027,K633252001
2014-08-12 07:52:00,-0.028,K633252001
2014-10-09 17:58:00,-0.037,K633252001
2014-10-22 03:39:00,-0.032,K633252001
2014-11-03 12:00:00,-0.02,K633252001
2014-11-13 15:00:00,0,K633252001
2015-06-05 23:43:00,0,K633252001
2015-06-13 12:22:00,-0.004,K633252001
2015-06-23 12:05:00,-0.016,K633252001
2015-06-30 14:00:00,-0.031,K633252001
2015-06-30 14:20:00,-0.031,K633252001
2015-06-30 15:30:00,0,K633252001
2015-07-01 07:07:00,0,K633252001
2015-07-07 23:20:00,-0.009,K633252001
2015-07-12 11:37:00,-0.022,K633252001
2015-07-16 06:39:00,-0.03,K633252001
2015-07-16 10:15:00,-0.03,K633252001
2015-08-06 11:43:00,-0.028,K633252001
2015-08-21 22:41:00,-0.042,K633252001
2015-09-01 11:26:00,-0.072,K633252001
2015-09-25 17:20:00,-0.065,K633252001
2015-10-21 10:52:00,-0.052,K633252001
2015-12-02 06:08:00,-0.034,K633252001
2016-01-01 17:12:00,-0.018,K633252001
2016-01-02 17:12:00,-0.018,K633252001
2016-01-04 22:30:00,0,K633252001
2016-08-01 12:00:00,0,K633252001
2016-08-10 13:25:00,-0.01,K633252001
2016-09-27 13:10:00,-0.032,K633252001
2016-09-28 13:05:00,-0.036,K633252001
2016-09-28 13:35:00,0,K633252001
2016-10-01 02:20:00,0,K633252001
2016-10-10 16:30:00,-0.009,K633252001
2016-10-20 13:07:00,-0.021,K633252001
2016-10-26 14:09:00,-0.032,K633252001
2016-10-31 23:03:00,-0.03,K633252001
2016-11-07 14:54:00,-0.018,K633252001
2016-11-17 00:30:00,-0.008,K633252001
2016-11-17 20:03:00,-0.008,K633252001
2016-11-30 04:24:00,0,K633252001
2017-01-03 00:00:00,0,K633252001
2017-01-12 07:24:00,-0.032,K633252001
2017-01-14 17:48:00,-0.009,K633252001
2017-01-26 15:28:00,-0.018,K633252001
2017-02-01 00:50:00,-0.018,K633252001
2017-02-06 10:52:00,-0.011,K633252001
2017-02-13 02:48:00,0,K633252001
2017-02-20 10:42:00,0,K633252001
2017-02-24 12:45:00,-0.015,K633252001
2017-03-01 16:25:00,-0.034,K633252001
2017-03-17 14:48:00,-0.027,K633252001
2017-03-24 06:39:00,-0.018,K633252001
2017-04-01 15:05:00,0,K633252001
2017-04-23 11:03:00,0,K633252001
2017-05-02 14:37:00,-0.01,K633252001
2017-05-11 11:50:00,-0.015,K633252001
2017-05-11 13:58:00,-0.015,K633252001
2017-06-20 16:45:00,-0.032,K633252001
2017-07-06 08:31:00,-0.018,K633252001
2017-08-03 08:31:00,-0.025,K633252001
2017-08-03 08:54:00,-0.025,K633252001
2017-08-23 09:33:00,-0.039,K633252001
2017-09-06 23:20:00,-0.059,K633252001
2017-09-18 12:22:00,-0.08,K633252001
2017-09-27 10:46:00,-0.1,K633252001
2017-10-08 04:00:00,-0.119,K633252001
2017-10-25 14:58:00,-0.126,K633252001
2017-11-08 13:35:00,-0.136,K633252001
2017-11-30 11:00:00,-0.125,K633252001
2017-12-27 16:00:00,-0.101,K633252001
2017-12-27 16:18:00,-0.102,K633252001
2018-01-03 02:14:00,0,K633252001
2018-01-03 08:00:00,0,K633252001
2018-09-15 09:00:00,0,K633252001
2018-09-25 05:00:00,-0.005,K633252001
2018-09-25 05:03:00,-0.005,K633252001
2018-10-10 10:30:00,-0.019,K633252001
2018-10-10 11:00:00,-0.018,K633252001
2018-10-20 17:47:00,-0.04,K633252001
2018-10-20 17:50:00,-0.04,K633252001
2018-10-27 03:06:00,-0.06,K633252001
2018-10-27 07:32:00,-0.061,K633252001
2018-10-30 09:20:00,-0.118,K633252001
2018-11-27 13:54:00,-0.099,K633252001
2018-11-27 14:00:00,-0.099,K633252001
2018-12-27 10:07:00,-0.027,K633252001
2019-01-08 14:37:00,-0.017,K633252001
2019-01-28 18:11:00,0,K633252001
2019-08-14 23:00:00,0,K633252001
2019-08-14 23:15:00,0,K633252001
2019-08-25 06:30:00,-0.018,K633252001
2019-08-25 06:33:00,-0.018,K633252001
2019-09-04 19:00:00,-0.037,K633252001
2019-09-04 19:04:00,-0.038,K633252001
2019-09-25 20:35:00,-0.052,K633252001
2019-10-09 14:00:00,-0.043,K633252001
2019-10-26 12:49:00,-0.016,K633252001
2019-11-27 09:36:00,-0.02,K633252001
2019-12-13 12:00:00,0,K633252001
2020-03-26 15:00:00,0,K633252001
2020-04-05 20:00:00,-0.01,K633252001
2020-04-13 00:00:00,-0.018,K633252001
2020-05-06 12:24:00,-0.027,K633252001
2020-05-14 11:54:00,-0.021,K633252001
2020-05-20 12:40:00,-0.009,K633252001
2020-06-10 10:30:00,-0.004,K633252001
2020-06-28 03:00:00,0,K633252001
2020-06-28 03:05:00,0,K633252001
2020-08-12 00:00:00,0,K633252001
2020-08-22 17:20:00,-0.028,K633252001
2020-08-22 17:21:00,-0.029,K633252001
2020-09-09 09:00:00,-0.039,K633252001
2020-09-24 06:30:00,-0.044,K633252001
2020-09-24 06:39:00,-0.044,K633252001
2020-10-07 07:18:00,-0.055,K633252001
2020-10-22 08:50:00,-0.05,K633252001
2020-12-01 15:00:00,-0.042,K633252001
2020-12-05 18:00:00,0,K633252001
2021-03-10 12:00:00,0,K633252001
2021-03-14 12:00:00,-0.05,K633252001
2021-03-18 10:00:00,-0.053,K633252001
2021-03-18 10:20:00,-0.03,K633252001
2021-03-18 10:50:00,0,K633252001
2021-03-18 11:00:00,0,K633252001
2021-03-18 11:30:00,0,K633252001
2021-04-15 00:00:00,0,K633252001
2021-04-22 00:00:00,-0.01,K633252001
2021-04-29 08:30:00,-0.028,K633252001
2021-06-10 00:00:00,-0.025,K633252001
2021-06-17 00:00:00,0,K633252001
2021-06-30 00:00:00,0,K633252001
2021-08-14 00:00:00,0,K633252001
2021-08-31 11:00:00,-0.018,K633252001
2021-09-09 00:00:00,-0.009,K633252001
2021-09-17 00:00:00,0,K633252001
2021-10-20 21:00:00,0,K633252001
2021-10-21 08:00:00,-0.03,K633252001
2021-10-23 15:00:00,-0.042,K633252001
2021-10-27 07:20:00,-0.042,K633252001
2021-11-25 00:00:00,-0.04,K633252001
2021-11-27 00:00:00,0,K633252001
2023-07-27 07:43:00,0,K633252001
2023-09-14 09:55:00,-0.024,K633252001
2023-11-09 11:42:00,0,K633252001
2024-04-20 20:00:00,0,K633252001
2024-05-13 11:06:00,-0.029,K633252001
2024-07-03 11:55:00,0,K633252001
2024-08-02 10:47:00,0,K633252001
2024-09-11 07:45:00,-0.016,K633252001
2024-11-13 12:40:00,-0.035,K633252001
2024-11-27 04:46:00,-0.022,K633252001
2024-12-08 02:54:00,-0.013,K633252001
2024-12-19 14:21:00,0,K633252001
2025-04-18 00:00:00,0,K633252001
2010-06-01 00:00:00,0,K177301001
2010-06-15 00:00:00,-0.025,K177301001
2010-07-20 00:00:00,-0.13,K177301001
2010-08-18 00:00:00,-0.188,K177301001
2010-08-31 00:00:00,-0.189,K177301001
2010-09-15 00:00:00,-0.13,K177301001
2010-09-25 00:00:00,0,K177301001
2011-04-18 02:25:00,0,K177301001
2011-04-27 12:38:00,-0.01,K177301001
2011-05-12 09:28:00,-0.027,K177301001
2011-05-26 18:42:00,-0.047,K177301001
2011-06-10 13:02:00,-0.067,K177301001
2011-06-10 13:07:00,-0.065,K177301001
2011-07-05 09:38:00,-0.091,K177301001
2011-07-05 09:41:00,-0.093,K177301001
2011-07-26 11:26:00,-0.077,K177301001
2011-07-26 11:30:00,-0.077,K177301001
2011-08-12 15:18:00,-0.063,K177301001
2011-08-12 15:20:00,-0.062,K177301001
2011-08-30 09:31:00,-0.026,K177301001
2011-09-17 22:41:00,-0.006,K177301001
2011-10-01 01:41:00,0,K177301001
2012-06-02 14:31:00,0,K177301001
2012-06-08 06:05:00,-0.021,K177301001
2012-06-16 20:03:00,-0.055,K177301001
2012-06-26 07:52:00,-0.105,K177301001
2012-07-03 13:52:00,-0.156,K177301001
2012-07-10 06:22:00,-0.188,K177301001
2012-07-17 08:31:00,-0.206,K177301001
2012-07-25 20:09:00,-0.211,K177301001
2012-08-05 11:32:00,-0.166,K177301001
2012-08-14 19:38:00,-0.113,K177301001
2012-08-28 12:33:00,-0.054,K177301001
2012-09-08 02:39:00,-0.03,K177301001
2012-09-18 01:53:00,-0.013,K177301001
2012-09-30 19:45:00,0,K177301001
2013-06-18 11:21:00,0,K177301001
2013-07-01 02:12:00,-0.02,K177301001
2013-07-11 19:36:00,-0.05,K177301001
2013-07-24 10:27:00,-0.106,K177301001
2013-08-03 22:02:00,-0.131,K177301001
2013-08-15 03:33:00,-0.143,K177301001
2013-08-25 08:51:00,-0.149,K177301001
2013-09-03 16:48:00,-0.14,K177301001
2013-09-12 12:39:00,-0.111,K177301001
2013-09-24 09:22:00,-0.073,K177301001
2013-10-09 20:21:00,-0.031,K177301001
2013-10-26 18:07:00,0,K177301001
2014-05-20 07:15:00,0,K177301001
2014-05-29 17:37:00,-0.013,K177301001
2014-06-07 20:18:00,-0.04,K177301001
2014-06-17 09:04:00,-0.075,K177301001
2014-07-01 06:37:00,-0.084,K177301001
2014-07-11 08:53:00,-0.085,K177301001
2014-07-22 06:59:00,-0.09,K177301001
2014-08-04 02:36:00,-0.084,K177301001
2014-08-14 09:06:00,-0.074,K177301001
2014-08-26 08:40:00,-0.06,K177301001
2014-09-09 13:39:00,-0.055,K177301001
2014-09-27 17:07:00,-0.052,K177301001
2014-10-21 09:55:00,0,K177301001
2015-05-07 18:12:00,0,K177301001
2015-05-26 14:50:00,-0.036,K177301001
2015-06-11 08:48:00,-0.055,K177301001
2015-07-07 10:08:00,-0.08,K177301001
2015-07-21 14:15:00,-0.079,K177301001
2015-08-04 09:50:00,-0.078,K177301001
2015-08-22 12:01:00,-0.07,K177301001
2015-09-04 23:40:00,-0.057,K177301001
2015-09-15 07:57:00,-0.037,K177301001
2015-10-02 13:40:00,-0.031,K177301001
2015-10-20 12:10:00,-0.027,K177301001
2015-11-03 11:27:00,-0.025,K177301001
2015-11-15 13:03:00,-0.01,K177301001
2015-11-30 11:11:00,0,K177301001
2016-07-25 00:00:00,0,K177301001
2016-08-10 00:00:00,-0.04,K177301001
2016-08-25 11:10:00,-0.099,K177301001
2016-09-03 12:20:00,-0.094,K177301001
2016-09-12 13:27:00,-0.067,K177301001
2016-09-22 00:14:00,-0.022,K177301001
2016-09-30 15:42:00,0,K177301001
2017-03-21 02:47:00,0,K177301001
2017-03-21 02:50:00,0,K177301001
2017-04-21 22:26:00,-0.017,K177301001
2017-05-17 10:24:00,-0.03,K177301001
2017-06-20 13:08:00,-0.11,K177301001
2017-07-12 11:35:00,-0.096,K177301001
2017-08-08 09:24:00,-0.126,K177301001
2017-08-08 11:12:00,-0.125,K177301001
2017-09-10 11:12:00,-0.069,K177301001
2017-10-21 16:36:00,0,K177301001
2018-06-14 00:00:00,0,K177301001
2018-06-19 00:35:00,-0.034,K177301001
2018-06-26 13:13:00,-0.098,K177301001
2018-07-08 07:41:00,-0.089,K177301001
2018-07-25 11:54:00,-0.08,K177301001
2018-08-05 16:30:00,-0.091,K177301001
2018-08-20 17:43:00,-0.1,K177301001
2018-08-26 03:28:00,-0.09,K177301001
2018-09-07 02:31:00,-0.042,K177301001
2018-09-19 01:41:00,-0.006,K177301001
2018-09-24 16:00:00,0,K177301001
2018-09-24 16:01:00,0,K177301001
2019-04-25 00:00:00,0,K177301001
2019-06-04 11:00:00,-0.028,K177301001
2019-07-10 00:00:00,-0.075,K177301001
2019-08-06 10:24:00,-0.063,K177301001
2019-09-17 10:06:00,0,K177301001
2020-05-30 00:00:00,0,K177301001
2020-06-11 09:30:00,-0.085,K177301001
2020-07-15 10:00:00,-0.095,K177301001
2020-07-28 09:29:00,-0.107,K177301001
2020-09-01 11:00:00,-0.057,K177301001
2020-09-28 00:00:00,-0.057,K177301001
2020-10-02 02:00:00,-0.05,K177301001
2020-10-03 18:00:00,0,K177301001
2021-07-19 00:00:00,0,K177301001
2021-07-27 00:00:00,-0.126,K177301001
2021-08-23 11:00:00,-0.143,K177301001
2021-09-14 18:00:00,-0.142,K177301001
2021-10-28 00:00:00,-0.022,K177301001
2021-11-10 00:00:00,0,K177301001
2022-02-15 20:39:00,0,K177301001
2022-03-31 00:47:00,-0.009,K177301001
2022-05-12 19:19:00,-0.069,K177301001
2022-06-30 08:30:00,-0.147,K177301001
2022-08-11 09:16:00,-0.098,K177301001
2022-09-07 09:15:00,-0.091,K177301001
2022-11-03 09:20:00,-0.008,K177301001
2022-12-27 10:00:00,0,K177301001
2023-01-01 00:00:00,0,K177301001
2023-04-13 08:24:00,-0.014,K177301001
2023-06-07 08:33:00,-0.132,K177301001
2023-07-26 08:15:00,-0.154,K177301001
2023-09-11 14:02:00,-0.076,K177301001
2023-11-08 10:04:00,-0.085,K177301001
2023-12-11 00:00:00,0,K177301001
2025-04-10 00:00:00,0,K177301001
2025-06-10 08:00:00,-0.11,K177301001
2025-09-30 00:00:00,-0.11,K177301001
2025-12-31 00:00:00,0,K177301001
2015-08-01 00:00:00,0,U262401001
2015-09-02 00:00:00,-0.08,U262401001
2015-10-01 00:00:00,0,U262401001
2016-08-13 00:00:00,0,U262401001
2016-08-19 00:00:00,-0.08,U262401001
2016-10-24 00:00:00,-0.1,U262401001
2016-12-15 00:00:00,-0.07,U262401001
2017-01-01 00:00:00,0,U262401001
2017-08-10 00:00:00,0,U262401001
2017-09-12 00:00:00,-0.1,U262401001
2017-10-10 00:00:00,0,U262401001
2018-08-14 00:00:00,0,U262401001
2018-08-22 00:00:00,-0.045,U262401001
2018-09-12 00:00:00,0,U262401001
2019-03-10 21:53:00,0,U262401001
2019-07-04 08:26:00,-0.113,U262401001
2019-07-09 10:24:00,-0.093,U262401001
2019-07-18 02:37:00,-0.09,U262401001
2019-08-19 09:45:00,-0.049,U262401001
2019-09-10 05:43:00,-0.046,U262401001
2019-10-04 03:56:00,-0.031,U262401001
2019-10-24 04:52:00,0,U262401001
2020-04-11 01:58:00,0,U262401001
2020-05-14 05:09:00,-0.139,U262401001
2020-07-30 21:39:00,-0.134,U262401001
2020-10-23 03:50:00,-0.049,U262401001
2020-11-01 14:03:00,0,U262401001
2023-04-20 07:58:00,0,U262401001
2023-05-21 22:06:00,-0.109,U262401001
2023-06-15 10:39:00,-0.129,U262401001
2023-07-04 12:59:00,-0.106,U262401001
2023-07-12 04:31:00,-0.071,U262401001
2023-08-10 12:00:00,-0.103,U262401001
2023-08-17 19:53:00,-0.021,U262401001
2023-09-12 04:35:00,-0.098,U262401001
2023-10-14 18:50:00,-0.05,U262401001
2023-11-09 04:22:00,0,U262401001
2014-06-24 00:00:00,0,K722261011
2014-07-11 00:00:00,-0.025,K722261011
2014-07-20 00:00:00,-0.045,K722261011
2014-07-31 23:59:00,-0.07,K722261011
2014-08-01 00:00:00,0,K722261011
2015-05-01 00:00:00,0,K722261011
2015-05-11 00:00:00,-0.02,K722261011
2015-06-10 00:00:00,-0.085,K722261011
2015-06-19 00:00:00,-0.105,K722261011
2015-06-29 00:00:00,-0.12,K722261011
2015-07-10 00:00:00,-0.12,K722261011
2015-07-19 00:00:00,-0.105,K722261011
2015-08-07 00:00:00,-0.06,K722261011
2015-09-07 00:00:00,0,K722261011
2016-04-25 00:00:00,0,K722261011
2016-05-20 00:00:00,-0.125,K722261011
2016-05-23 00:00:00,-0.132,K722261011
2016-05-28 12:00:00,-0.132,K722261011
2016-05-31 07:00:00,0,K722261011
2016-06-08 00:00:00,0,K722261011
2016-06-21 00:00:00,-0.116,K722261011
2016-06-21 01:20:00,-0.116,K722261011
2016-07-02 00:00:00,-0.18,K722261011
2016-07-10 00:00:00,-0.21,K722261011
2016-07-16 00:00:00,-0.21,K722261011
2016-07-23 00:00:00,-0.195,K722261011
2016-08-12 00:00:00,-0.155,K722261011
2016-09-07 00:00:00,-0.056,K722261011
2016-09-23 00:00:00,-0.056,K722261011
2016-10-01 00:00:00,-0.048,K722261011
2016-10-11 00:00:00,-0.03,K722261011
2016-10-23 00:00:00,0,K722261011
2017-03-15 00:00:00,0,K722261011
2017-03-24 00:00:00,-0.045,K722261011
2017-04-04 00:00:00,-0.085,K722261011
2017-04-20 00:00:00,-0.135,K722261011
2017-05-20 00:00:00,-0.185,K722261011
2017-06-09 00:00:00,-0.185,K722261011
2017-07-04 00:00:00,-0.125,K722261011
2017-07-20 00:00:00,-0.095,K722261011
2017-08-02 00:00:00,-0.08,K722261011
2017-09-02 00:00:00,-0.075,K722261011
2017-10-31 00:00:00,-0.07,K722261011
2017-11-20 00:00:00,-0.065,K722261011
2017-12-08 00:00:00,-0.045,K722261011
2017-12-31 00:00:00,0,K722261011
2018-04-21 00:00:00,0,K722261011
2018-05-14 00:00:00,-0.04,K722261011
2018-05-30 00:00:00,-0.14,K722261011
2018-07-10 00:00:00,-0.11,K722261011
2018-08-08 00:00:00,-0.035,K722261011
2018-09-18 00:00:00,-0.03,K722261011
2018-10-20 00:00:00,0,K722261011
2019-02-26 00:00:00,0,K722261011
2019-03-06 00:00:00,-0.05,K722261011
2019-03-13 00:00:00,-0.115,K722261011
2019-03-21 00:00:00,-0.14,K722261011
2019-04-02 00:00:00,-0.155,K722261011
2019-05-27 16:09:00,-0.155,K722261011
2019-06-08 02:00:00,-0.056,K722261011
2019-07-10 11:52:00,-0.056,K722261011
2019-08-13 00:00:00,-0.065,K722261011
2019-08-15 00:00:00,-0.065,K722261011
2019-09-22 00:00:00,0,K722261011
2020-03-15 00:00:00,0,K722261011
2020-05-27 00:00:00,-0.19,K722261011
2020-05-30 00:00:00,-0.195,K722261011
2020-06-16 00:00:00,-0.205,K722261011
2020-06-27 00:00:00,-0.19,K722261011
2020-07-18 00:00:00,-0.13,K722261011
2020-08-06 00:00:00,-0.085,K722261011
2020-09-15 00:00:00,0,K722261011
2021-03-30 00:00:00,0,K722261011
2021-04-12 00:00:00,-0.03,K722261011
2021-04-24 00:00:00,-0.085,K722261011
2021-05-03 09:50:00,-0.132,K722261011
2021-06-02 06:50:00,-0.178,K722261011
2021-07-06 13:20:00,-0.187,K722261011
2021-08-19 05:40:00,-0.124,K722261011
2021-10-13 09:22:00,-0.035,K722261011
2021-12-01 07:24:00,-0.033,K722261011
2022-01-19 17:15:00,-0.009,K722261011
2022-02-05 06:28:00,0,K722261011
2022-02-25 10:07:00,0,K722261011
2022-03-09 05:54:00,-0.024,K722261011
2022-04-27 13:52:00,-0.143,K722261011
2022-06-08 07:30:00,-0.034,K722261011
2022-08-30 03:11:00,-0.033,K722261011
2022-10-18 12:00:00,0,K722261011
2023-02-02 22:40:00,0,K722261011
2023-04-06 11:26:00,-0.166,K722261011
2023-05-31 10:35:00,-0.206,K722261011
2023-07-11 05:48:00,-0.107,K722261011
2023-08-30 17:13:00,-0.139,K722261011
2023-10-10 07:30:00,-0.04,K722261011
2023-11-09 09:04:00,0,K722261011
2024-03-08 13:58:00,-0.001,K722261011
2024-04-24 11:16:00,-0.063,K722261011
2024-06-12 17:38:00,-0.267,K722261011
2024-07-17 09:22:00,-0.198,K722261011
2024-09-04 04:20:00,-0.114,K722261011
2024-09-07 00:00:00,0,K722261011
2025-04-25 18:05:00,0,K722261011
2025-05-20 18:05:00,-0.05,K722261011
2025-07-16 12:00:00,-0.092,K722261011
2001-05-01 12:00:00,0,K649251001
2001-05-02 00:00:00,-0.01,K649251001
2001-05-02 12:00:00,-0.02,K649251001
2001-05-03 00:00:00,0,K649251001
2001-05-03 12:00:00,0,K649251001
2001-05-03 18:00:00,-0.1,K649251001
2001-05-04 00:00:00,-1.15,K649251001
2001-05-04 12:00:00,-1.25,K649251001
2001-05-04 22:00:00,-1.09,K649251001
2001-05-05 00:00:00,-1.39,K649251001
2001-05-06 00:00:00,-0.85,K649251001
2001-05-07 00:00:00,-0.6,K649251001
2001-05-07 12:00:00,-0.52,K649251001
2001-05-08 00:00:00,-0.59,K649251001
2001-05-09 00:00:00,-0.99,K649251001
2001-05-09 12:00:00,-1.09,K649251001
2001-05-10 00:00:00,-0.79,K649251001
2001-05-10 12:00:00,-0.3,K649251001
2001-05-11 00:00:00,0,K649251001
2001-05-11 12:00:00,0,K649251001
2001-05-12 00:00:00,-0.1,K649251001
2001-05-13 00:00:00,-0.1,K649251001
2001-05-14 00:00:00,0,K649251001
2001-05-15 00:00:00,0,K649251001
2001-05-17 00:00:00,0,K649251001
2007-04-13 19:00:00,0,K649251001
2007-04-25 12:00:00,-0.083,K649251001
2007-05-15 12:00:00,-0.205,K649251001
2007-06-20 00:00:00,-0.233,K649251001
2007-07-19 00:00:00,-0.013,K649251001
2007-07-27 00:00:00,0,K649251001
2009-02-01 02:33:00,0,K649251001
2009-02-24 00:28:00,-0.095,K649251001
2009-04-16 13:48:00,-0.322,K649251001
2009-05-26 16:10:00,-0.293,K649251001
2009-06-22 00:35:00,0.002,K649251001
2009-07-18 09:00:00,-0.004,K649251001
2009-08-17 03:54:00,-0.1,K649251001
2009-09-17 02:17:00,-0.101,K649251001
2009-11-16 19:35:00,-0.125,K649251001
2009-12-05 03:31:00,0,K649251001
2010-02-28 22:41:00,0,K649251001
2010-03-09 23:11:00,-0.013,K649251001
2010-04-01 20:09:00,-0.136,K649251001
2010-04-25 00:50:00,-0.306,K649251001
2010-05-04 01:20:00,-0.382,K649251001
2010-05-10 11:58:00,-0.381,K649251001
2010-06-09 11:02:00,-0.268,K649251001
2010-07-12 07:41:00,-0.186,K649251001
2010-08-02 21:43:00,-0.12,K649251001
2010-08-29 15:28:00,-0.115,K649251001
2010-09-14 10:19:00,-0.096,K649251001
2010-09-28 14:31:00,-0.069,K649251001
2010-10-11 22:03:00,-0.101,K649251001
2010-10-29 22:53:00,-0.114,K649251001
2010-11-10 19:26:00,-0.096,K649251001
2010-12-10 05:58:00,0,K649251001
2011-02-24 01:55:00,0,K649251001
2011-03-02 17:18:00,-0.039,K649251001
2011-03-31 13:02:00,-0.167,K649251001
2011-04-05 13:21:00,-0.179,K649251001
2011-04-09 23:22:00,-0.186,K649251001
2011-04-14 16:32:00,-0.189,K649251001
2011-04-20 00:17:00,-0.184,K649251001
2011-04-26 13:15:00,-0.171,K649251001
2011-05-07 04:47:00,-0.141,K649251001
2011-05-20 03:04:00,-0.108,K649251001
2011-06-02 01:21:00,-0.084,K649251001
2011-06-17 13:42:00,-0.061,K649251001
2011-07-03 05:41:00,-0.038,K649251001
2011-07-20 06:32:00,-0.016,K649251001
2011-07-26 01:15:00,-0.005,K649251001
2011-07-30 03:48:00,-0.002,K649251001
2011-08-04 02:14:00,0,K649251001
2011-10-02 00:00:00,0,K649251001
2011-11-03 00:00:00,-0.085,K649251001
2011-11-08 00:00:00,-0.105,K649251001
2011-11-30 00:00:00,-0.216,K649251001
2011-12-05 16:13:00,-0.201,K649251001
2011-12-15 15:27:00,-0.146,K649251001
2011-12-20 01:27:00,0,K649251001
2012-02-18 20:26:00,0,K649251001
2012-02-28 18:39:00,-0.017,K649251001
2012-03-18 23:09:00,-0.13,K649251001
2012-04-08 11:20:00,-0.28,K649251001
2012-04-25 04:18:00,-0.328,K649251001
2012-05-06 12:50:00,-0.291,K649251001
2012-05-16 07:45:00,-0.276,K649251001
2012-06-12 08:00:00,-0.257,K649251001
2012-07-04 08:55:00,-0.11,K649251001
2012-07-11 07:00:00,0,K649251001
2013-01-21 18:00:00,0,K649251001
2013-01-22 02:00:00,-0.083,K649251001
2013-01-22 12:00:00,-0.188,K649251001
2013-01-23 00:00:00,-0.283,K649251001
2013-01-23 16:00:00,-0.32,K649251001
2013-01-24 07:00:00,-0.32,K649251001
2013-01-25 00:00:00,-0.283,K649251001
2013-01-25 18:00:00,-0.205,K649251001
2013-01-26 05:00:00,-0.166,K649251001
2013-01-26 18:00:00,-0.027,K649251001
2013-01-27 00:00:00,0,K649251001
2013-02-02 00:00:00,0,K649251001
2013-02-02 19:46:00,-0.04,K649251001
2013-02-03 12:00:00,-0.1,K649251001
2013-02-03 23:43:00,-0.22,K649251001
2013-02-04 06:31:00,-0.277,K649251001
2013-02-04 12:50:00,-0.281,K649251001
2013-02-05 01:57:00,-0.26,K649251001
2013-02-05 17:20:00,-0.133,K649251001
2013-02-06 09:12:00,-0.127,K649251001
2013-02-08 00:16:00,-0.12,K649251001
2013-02-09 14:20:00,-0.1,K649251001
2013-02-11 02:00:00,-0.05,K649251001
2013-02-11 20:00:00,0,K649251001
2013-08-01 02:09:00,0,K649251001
2013-08-07 18:39:00,-0.024,K649251001
2013-08-14 01:46:00,-0.041,K649251001
2013-08-21 09:25:00,-0.054,K649251001
2013-08-29 14:48:00,-0.06,K649251001
2013-09-09 04:46:00,-0.059,K649251001
2013-09-18 17:37:00,-0.055,K649251001
2013-09-26 15:26:00,-0.049,K649251001
2013-10-03 14:53:00,-0.035,K649251001
2013-10-08 12:05:00,-0.021,K649251001
2013-10-19 16:00:00,-0.009,K649251001
2013-11-06 19:24:00,0,K649251001
2014-05-27 07:38:00,0,K649251001
2014-06-23 09:08:00,-0.004,K649251001
2014-07-23 07:52:00,-0.028,K649251001
2014-09-03 07:22:00,-0.016,K649251001
2014-10-21 07:47:00,-0.04,K649251001
2014-12-30 12:00:00,-0.039,K649251001
2014-04-29 08:20:00,0,K230081001
2014-06-03 07:00:00,-0.055,K230081001
2014-06-25 08:00:00,-0.05,K230081001
2014-07-18 07:45:00,-0.035,K230081001
2014-08-21 07:45:00,0,K230081001
2015-05-20 07:25:00,0,K230081001
2015-06-25 06:50:00,-0.015,K230081001
2015-07-01 09:30:00,-0.02,K230081001
2015-07-23 07:25:00,-0.015,K230081001
2015-08-04 11:15:00,-0.015,K230081001
2015-09-15 07:40:00,0,K230081001
2016-05-19 14:10:00,0,K230081001
2016-07-05 07:50:00,-0.05,K230081001
2016-07-22 00:00:00,-0.05,K230081001
2016-07-22 06:50:00,-0.05,K230081001
2016-08-03 09:20:00,-0.03,K230081001
2016-09-13 08:20:00,-0.01,K230081001
2016-11-02 09:50:00,0,K230081001
2016-11-15 00:00:00,0,K230081001
2018-05-11 00:00:00,0,K230081001
2018-06-26 06:55:00,-0.055,K230081001
2018-07-16 07:20:00,-0.05,K230081001
2018-07-24 10:20:00,-0.035,K230081001
2018-08-09 00:00:00,-0.03,K230081001
2018-09-26 09:30:00,0,K230081001
2018-10-05 00:00:00,0,K230081001
2019-04-09 09:00:00,0,K230081001
2019-05-21 06:55:00,-0.02,K230081001
2019-06-18 12:25:00,-0.04,K230081001
2019-07-04 08:05:00,-0.045,K230081001
2019-07-25 08:10:00,-0.02,K230081001
2019-08-06 05:45:00,-0.02,K230081001
2019-09-03 07:25:00,0,K230081001
2020-11-03 20:20:00,0,K230081001
2020-11-17 09:45:00,-0.02,K230081001
2020-12-10 08:20:00,-0.02,K230081001
2021-01-04 13:35:00,-0.014,K230081001
2021-02-09 10:00:00,-0.014,K230081001
2021-03-05 08:00:00,-0.03,K230081001
2021-03-18 07:50:00,-0.035,K230081001
2021-04-21 13:50:00,-0.025,K230081001
2021-06-15 08:15:00,-0.065,K230081001
2021-07-08 07:00:00,-0.045,K230081001
2021-07-27 06:50:00,-0.045,K230081001
2021-08-31 08:00:00,-0.03,K230081001
2021-10-27 07:45:00,-0.015,K230081001
2021-12-15 09:40:00,-0.02,K230081001
2021-12-26 00:00:00,0,K230081001
2022-01-05 13:15:00,0,K230081001
2022-01-14 15:00:00,0,K230081001
2022-02-08 07:50:00,-0.02,K230081001
2022-03-23 14:10:00,-0.02,K230081001
2022-04-13 06:40:00,-0.035,K230081001
2022-06-01 06:55:00,-0.06,K230081001
2022-06-23 07:20:00,-0.05,K230081001
2022-07-26 08:35:00,0,K230081001
2023-06-22 10:00:00,0,K230081001
2023-07-19 09:00:00,-0.027,K230081001
2023-07-31 15:00:00,-0.01,K230081001
2023-09-01 00:00:00,0,K230081001
2024-06-01 00:00:00,0,K230081001
2024-07-04 20:09:00,-0.054,K230081001
2024-07-31 06:33:00,-0.053,K230081001
2024-09-01 21:14:00,0,K230081001
2024-09-18 08:48:00,0,K230081001
2025-01-01 00:00:00,0,K230081001
2025-04-30 10:55:00,0,K230081001
2025-05-27 06:40:00,-0.03,K230081001
2025-06-18 07:46:00,-0.042,K230081001
2025-07-09 06:30:00,-0.03,K230081001
2025-07-31 12:00:00,-0.03,K230081001
2025-12-31 12:00:00,0,K230081001
2009-04-21 00:00:00,0,K134181001
2009-04-29 15:00:00,-0.016,K134181001
2009-06-24 12:00:00,-0.05,K134181001
2009-07-01 10:30:00,-0.029,K134181001
2009-07-21 16:30:00,-0.049,K134181001
2009-09-09 14:15:00,-0.041,K134181001
2009-09-28 12:00:00,0,K134181001
2010-04-20 00:00:00,0,K134181001
2010-05-14 19:20:00,-0.022,K134181001
2010-05-27 20:13:00,-0.043,K134181001
2010-06-15 12:00:00,-0.057,K134181001
2010-07-01 16:25:00,-0.06,K134181001
2010-07-20 08:11:00,-0.067,K134181001
2010-08-03 17:26:00,-0.03,K134181001
2010-08-17 15:56:00,-0.081,K134181001
2010-09-07 13:38:00,-0.084,K134181001
2010-09-28 11:20:00,-0.088,K134181001
2010-10-10 20:03:00,-0.081,K134181001
2010-10-22 01:48:00,0.07,K134181001
2010-11-05 16:27:00,-0.051,K134181001
2010-11-17 03:33:00,-0.026,K134181001
2010-11-29 06:56:00,0,K134181001
2011-04-26 06:11:00,0,K134181001
2011-05-18 05:54:00,-0.021,K134181001
2011-06-09 05:37:00,-0.045,K134181001
2011-06-25 09:45:00,-0.067,K134181001
2011-07-06 09:34:00,-0.089,K134181001
2011-07-21 06:34:00,-0.093,K134181001
2011-08-05 19:05:00,-0.085,K134181001
2011-08-30 08:54:00,-0.055,K134181001
2011-09-09 17:14:00,-0.059,K134181001
2011-09-14 21:25:00,-0.072,K134181001
2011-09-20 01:35:00,-0.095,K134181001
2011-09-27 04:19:00,-0.126,K134181001
2011-10-04 07:03:00,-0.14,K134181001
2011-10-17 21:00:00,-0.136,K134181001
2011-10-24 23:45:00,-0.116,K134181001
2011-10-26 06:51:00,-0.09,K134181001
2011-11-22 10:41:00,-0.067,K134181001
2011-12-04 17:37:00,-0.037,K134181001
2011-12-18 23:04:00,0,K134181001
2012-06-03 00:00:00,0,K134181001
2012-06-03 16:58:00,0,K134181001
2012-06-26 13:52:00,-0.136,K134181001
2012-07-04 11:20:00,-0.186,K134181001
2012-07-11 06:15:00,-0.216,K134181001
2012-07-17 13:12:00,-0.231,K134181001
2012-07-24 05:06:00,-0.216,K134181001
2012-08-01 01:32:00,-0.21,K134181001
2012-08-10 15:44:00,-0.203,K134181001
2012-08-20 23:47:00,-0.188,K134181001
2012-08-28 14:20:00,-0.165,K134181001
2012-09-16 13:01:00,-0.119,K134181001
2012-09-16 13:04:00,-0.119,K134181001
2012-10-05 17:16:00,-0.084,K134181001
2012-10-23 12:21:00,-0.065,K134181001
2012-11-07 22:24:00,-0.072,K134181001
2012-11-20 13:15:00,-0.086,K134181001
2012-12-08 20:16:00,-0.096,K134181001
2012-12-21 00:14:00,-0.052,K134181001
2012-12-31 14:37:00,0,K134181001
2013-07-01 04:18:00,0,K134181001
2013-07-23 16:35:00,-0.008,K134181001
2013-08-01 06:32:00,-0.022,K134181001
2013-08-07 17:59:00,-0.045,K134181001
2013-08-13 16:17:00,-0.075,K134181001
2013-08-20 12:31:00,-0.1,K134181001
2013-09-01 02:31:00,-0.109,K134181001
2013-09-14 15:58:00,-0.116,K134181001
2013-09-25 06:21:00,-0.124,K134181001
2013-10-10 09:45:00,-0.126,K134181001
2013-10-27 01:30:00,-0.131,K134181001
2013-11-08 13:50:00,-0.124,K134181001
2013-11-19 15:20:00,-0.106,K134181001
2013-12-08 18:13:00,-0.07,K134181001
2013-12-25 11:30:00,-0.037,K134181001
2014-01-08 14:40:00,-0.018,K134181001
2014-01-19 17:10:00,0,K134181001
2014-05-20 16:00:00,0,K134181001
2014-05-20 16:55:00,0,K134181001
2014-05-31 22:10:00,-0.026,K134181001
2014-06-10 07:46:00,-0.06,K134181001
2014-06-17 12:16:00,-0.101,K134181001
2014-06-25 10:47:00,-0.115,K134181001
2014-07-04 18:56:00,-0.12,K134181001
2014-07-13 20:59:00,-0.118,K134181001
2014-07-22 10:55:00,-0.118,K134181001
2014-08-01 00:37:00,-0.125,K134181001
2014-08-08 11:18:00,-0.14,K134181001
2014-08-15 03:48:00,-0.158,K134181001
2014-08-21 08:11:00,-0.178,K134181001
2014-08-26 12:21:00,-0.19,K134181001
2014-08-28 22:16:00,-0.175,K134181001
2014-08-31 17:31:00,-0.16,K134181001
2014-09-06 09:23:00,-0.15,K134181001
2014-09-14 16:19:00,-0.14,K134181001
2014-10-01 14:51:00,-0.12,K134181001
2014-10-21 13:27:00,-0.099,K134181001
2014-11-01 16:44:00,-0.055,K134181001
2014-11-05 13:36:00,0,K134181001
2015-05-15 08:27:00,0,K134181001
2015-05-19 02:57:00,-0.011,K134181001
2015-05-23 05:48:00,-0.032,K134181001
2015-05-26 16:12:00,-0.059,K134181001
2015-06-05 00:33:00,-0.07,K134181001
2015-06-10 10:46:00,-0.09,K134181001
2015-06-15 05:18:00,-0.118,K134181001
2015-06-26 18:22:00,-0.156,K134181001
2015-07-07 13:31:00,-0.186,K134181001
2015-07-16 16:39:00,-0.173,K134181001
2015-07-25 22:18:00,-0.155,K134181001
2015-08-04 12:34:00,-0.146,K134181001
2015-08-19 14:14:00,-0.14,K134181001
2015-09-02 17:43:00,-0.13,K134181001
2015-09-15 12:52:00,-0.12,K134181001
2015-10-01 00:00:00,-0.085,K134181001
2015-10-16 06:32:00,-0.05,K134181001
2015-11-03 14:34:00,-0.028,K134181001
2015-11-03 17:27:00,-0.027,K134181001
2015-11-14 17:45:00,-0.023,K134181001
2015-11-24 11:30:00,-0.008,K134181001
2015-11-24 17:27:00,-0.02,K134181001
2015-11-25 15:57:00,-0.013,K134181001
2015-12-01 08:23:00,0,K134181001
2017-05-01 14:01:00,0,K134181001
2017-06-07 01:59:00,-0.031,K134181001
2017-06-20 23:00:00,-0.059,K134181001
2017-06-20 23:06:00,-0.059,K134181001
2017-06-28 15:20:00,-0.098,K134181001
2017-06-28 15:23:00,-0.098,K134181001
2017-07-06 14:45:00,-0.15,K134181001
2017-07-11 15:15:00,-0.161,K134181001
2017-07-17 20:05:00,-0.151,K134181001
2017-08-08 18:00:00,-0.113,K134181001
2017-08-08 18:11:00,-0.113,K134181001
2017-09-05 21:30:00,-0.078,K134181001
2017-09-05 21:31:00,-0.078,K134181001
2017-09-26 15:08:00,-0.049,K134181001
2017-10-19 14:00:00,-0.06,K134181001
2017-11-28 15:07:00,-0.06,K134181001
2017-12-30 00:00:00,-0.03,K134181001
2018-01-01 00:00:00,0,K134181001
2019-03-23 01:30:00,0,K134181001
2019-03-27 08:30:00,-0.05,K134181001
2019-04-16 16:01:00,-0.053,K134181001
2019-06-04 15:00:00,-0.027,K134181001
2019-06-12 18:00:00,-0.08,K134181001
2019-06-25 09:33:00,-0.083,K134181001
2019-07-10 15:00:00,-0.058,K134181001
2019-07-23 22:00:00,-0.058,K134181001
2019-07-28 00:00:00,-0.077,K134181001
2019-07-29 08:00:00,-0.032,K134181001
2019-07-31 18:40:00,-0.042,K134181001
2019-08-02 18:00:00,-0.057,K134181001
2019-08-06 13:39:00,-0.063,K134181001
2019-09-17 13:46:00,-0.041,K134181001
2019-09-30 17:00:00,-0.01,K134181001
2019-10-12 00:00:00,-0.03,K134181001
2019-10-15 00:00:00,-0.03,K134181001
2019-10-15 15:00:00,-0.01,K134181001
2019-10-16 13:00:00,0,K134181001
2019-10-24 16:00:00,0,K134181001
2019-10-29 17:00:00,-0.03,K134181001
2019-12-10 15:00:00,-0.036,K134181001
2019-12-14 15:00:00,0,K134181001
2020-08-15 12:00:00,0,K134181001
2020-09-01 16:00:00,-0.039,K134181001
2020-10-13 13:50:00,-0.055,K134181001
2020-11-18 13:00:00,0,K134181001
2021-07-16 00:00:00,0,K134181001
2021-07-28 12:00:00,-0.084,K134181001
2021-08-15 12:00:00,-0.12,K134181001
2021-09-07 16:00:00,-0.165,K134181001
2021-09-12 12:00:00,-0.165,K134181001
2021-10-26 16:30:00,-0.1,K134181001
2021-11-20 12:00:00,-0.06,K134181001
2021-11-27 17:30:00,0,K134181001
2022-01-25 14:37:00,0,K134181001
2022-03-29 17:10:00,-0.046,K134181001
2022-05-11 15:07:00,-0.156,K134181001
2022-05-17 10:00:00,-0.16,K134181001
2022-06-26 15:23:00,-0.162,K134181001
2022-06-29 16:27:00,-0.088,K134181001
2022-07-04 18:00:00,-0.162,K134181001
2022-07-28 13:20:00,-0.121,K134181001
2022-09-06 16:00:00,-0.18,K134181001
2022-09-28 12:00:00,-0.145,K134181001
2022-09-29 09:00:00,-0.094,K134181001
2022-10-02 02:00:00,-0.09,K134181001
2022-10-02 19:00:00,0,K134181001
2022-10-07 07:00:00,-0.055,K134181001
2022-10-21 11:30:00,-0.025,K134181001
2022-10-22 15:30:00,0,K134181001
2022-10-24 11:30:00,-0.01,K134181001
2022-11-02 15:10:00,-0.011,K134181001
2022-11-05 21:50:00,0,K134181001
2023-04-12 00:00:00,0,K134181001
2023-04-12 15:29:00,-0.006,K134181001
2023-05-09 00:00:00,-0.1,K134181001
2023-05-25 17:00:00,-0.09,K134181001
2023-06-03 15:10:00,-0.12,K134181001
2023-06-05 00:00:00,-0.18,K134181001
2023-06-06 15:19:00,-0.187,K134181001
2023-06-08 00:00:00,-0.14,K134181001
2023-07-25 12:00:00,-0.162,K134181001
2023-08-06 12:00:00,-0.18,K134181001
2023-08-15 12:00:00,-0.22,K134181001
2023-08-15 19:04:00,-0.22,K134181001
2023-08-16 07:00:00,-0.15,K134181001
2023-08-18 08:56:00,-0.21,K134181001
2023-08-19 22:30:00,-0.195,K134181001
2023-09-11 14:04:00,-0.184,K134181001
2023-11-07 15:48:00,-0.19,K134181001
2023-11-14 21:30:00,-0.25,K134181001
2023-11-18 19:00:00,-0.21,K134181001
2023-12-12 00:00:00,0,K134181001
2023-12-31 00:00:00,0,K134181001
2024-05-15 04:00:00,0,K134181001
2024-05-15 15:30:00,-0.009,K134181001
2024-06-25 10:03:00,-0.042,K134181001
2024-07-30 12:56:00,-0.016,K134181001
2024-09-10 15:44:00,-0.071,K134181001
2024-09-23 00:00:00,-0.035,K134181001
2024-10-05 00:00:00,0,K134181001
2025-04-08 00:00:00,0,K134181001
2025-06-17 10:30:00,-0.025,K134181001
2025-07-04 11:00:00,-0.015,K134181001
2025-10-30 00:00:00,0,K134181001
2015-05-02 00:00:00,0,K622091003
2015-05-03 10:56:00,-0.039,K622091003
2015-05-04 06:20:00,-0.115,K622091003
2015-05-05 03:53:00,-0.236,K622091003
2015-05-05 13:35:00,-0.26,K622091003
2015-05-05 18:58:00,-0.231,K622091003
2015-05-06 03:03:00,-0.118,K622091003
2015-05-06 14:54:00,-0.042,K622091003
2015-05-08 00:50:00,0,K622091003
2017-05-26 00:00:00,0,K622091003
2017-06-08 08:30:00,-0.11,K622091003
2017-06-22 08:00:00,-0.14,K622091003
2017-07-26 08:45:00,-0.141,K622091003
2017-08-10 08:40:00,-0.124,K622091003
2017-09-05 03:33:00,-0.126,K622091003
2017-09-05 09:33:00,-0.127,K622091003
2017-10-04 10:33:00,-0.111,K622091003
2017-11-23 10:00:00,-0.111,K622091003
2017-12-13 08:15:00,-0.085,K622091003
2017-12-31 00:00:00,0,K622091003
2018-06-08 00:00:00,0,K622091003
2018-06-14 08:05:00,-0.042,K622091003
2018-07-19 08:30:00,-0.186,K622091003
2018-08-09 09:00:00,-0.203,K622091003
2018-08-30 07:45:00,-0.206,K622091003
2018-09-26 08:30:00,-0.186,K622091003
2018-11-08 09:00:00,-0.173,K622091003
2018-11-29 09:55:00,-0.168,K622091003
2018-12-13 09:30:00,-0.148,K622091003
2019-01-29 09:15:00,-0.06,K622091003
2019-02-28 09:20:00,-0.088,K622091003
2019-04-11 10:50:00,-0.148,K622091003
2019-05-10 08:00:00,-0.246,K622091003
2019-06-12 12:15:00,-0.33,K622091003
2019-06-25 07:30:00,-0.324,K622091003
2019-07-11 07:00:00,-0.31,K622091003
2019-07-25 07:25:00,-0.267,K622091003
2019-08-22 09:30:00,-0.225,K622091003
2019-09-19 07:50:00,-0.193,K622091003
2019-10-24 09:30:00,-0.156,K622091003
2019-12-06 08:50:00,-0.081,K622091003
2020-01-16 10:21:00,0,K622091003
2020-05-14 08:49:00,0,K622091003
2020-06-11 09:30:00,-0.083,K622091003
2020-06-24 08:00:00,-0.113,K622091003
2020-07-02 09:20:00,-0.123,K622091003
2020-07-23 08:06:00,-0.17,K622091003
2020-08-20 09:56:00,-0.213,K622091003
2020-09-24 08:15:00,-0.176,K622091003
2020-10-22 07:45:00,-0.077,K622091003
2020-11-10 09:15:00,-0.064,K622091003
2020-11-26 10:00:00,-0.064,K622091003
2021-01-14 09:00:00,0,K622091003
2021-04-01 07:50:00,0,K622091003
2021-05-06 08:30:00,-0.096,K622091003
2021-07-01 09:40:00,-0.23,K622091003
2021-07-21 08:55:00,-0.201,K622091003
2021-08-24 09:30:00,-0.254,K622091003
2021-09-29 08:00:00,-0.25,K622091003
2021-11-18 09:39:00,-0.271,K622091003
2021-12-22 10:00:00,-0.17,K622091003
2022-02-24 10:08:00,-0.159,K622091003
2022-04-01 00:00:00,0,K622091003
2022-04-13 10:52:00,-0.342,K622091003
2022-05-31 09:55:00,-0.516,K622091003
2022-06-29 16:00:00,-0.378,K622091003
2022-07-07 09:26:00,-0.417,K622091003
2022-07-20 14:40:00,-0.411,K622091003
2022-08-18 08:55:00,-0.357,K622091003
2022-10-05 10:04:00,-0.282,K622091003
2022-10-20 09:06:00,-0.236,K622091003
2022-12-06 12:00:00,-0.128,K622091003
2023-01-17 10:57:00,-0.077,K622091003
2023-03-07 09:36:00,0,K622091003
2023-05-05 09:20:00,-0.141,K622091003
2023-06-01 13:28:00,-0.317,K622091003
2023-06-16 09:43:00,-0.402,K622091003
2023-07-17 11:32:00,-0.377,K622091003
2023-09-07 08:07:00,-0.312,K622091003
2023-10-19 08:02:00,-0.228,K622091003
2023-12-19 11:58:00,0,K622091003
2025-06-16 00:00:00,0,K622091003
2025-07-01 09:30:00,-0.029,K622091003
2025-12-31 00:00:00,-0.029,K622091003
2006-06-27 11:35:00,0,K549090001
2006-07-04 15:46:00,-0.002,K549090001
2006-07-18 05:00:00,-0.011,K549090001
2006-08-01 00:37:00,-0.02,K549090001
2006-08-16 23:15:00,-0.027,K549090001
2006-08-27 01:35:00,-0.028,K549090001
2006-09-12 19:21:00,-0.028,K549090001
2006-09-23 10:26:00,-0.027,K549090001
2006-10-01 16:08:00,-0.023,K549090001
2006-10-16 00:30:00,-0.013,K549090001
2006-10-23 17:26:00,-0.005,K549090001
2006-10-31 23:08:00,0,K549090001
2007-05-11 21:24:00,0,K549090001
2007-05-22 01:35:00,-0.005,K549090001
2007-05-30 02:00:00,-0.013,K549090001
2007-06-11 06:03:00,-0.023,K549090001
2007-06-20 20:45:00,-0.027,K549090001
2007-07-06 12:42:00,-0.022,K549090001
2007-07-24 19:47:00,-0.021,K549090001
2007-08-11 00:07:00,-0.018,K549090001
2007-08-26 15:47:00,-0.016,K549090001
2007-09-11 07:28:00,-0.015,K549090001
2007-09-24 07:00:00,-0.018,K549090001
2007-10-04 14:24:00,-0.022,K549090001
2007-10-11 02:10:00,-0.027,K549090001
2007-10-19 20:55:00,-0.044,K549090001
2007-10-26 08:41:00,-0.05,K549090001
2007-11-01 02:07:00,-0.052,K549090001
2007-11-06 10:24:00,-0.052,K549090001
2007-11-12 22:00:00,-0.047,K549090001
2007-11-17 15:05:00,-0.042,K549090001
2007-11-23 14:59:00,-0.031,K549090001
2007-11-28 08:03:00,-0.018,K549090001
2007-12-03 01:08:00,-0.008,K549090001
2007-12-06 21:39:00,-0.002,K549090001
2007-12-12 11:16:00,0,K549090001
2008-01-31 20:25:00,0,K549090001
2008-02-06 11:58:00,-0.02,K549090001
2008-02-13 19:47:00,-0.047,K549090001
2008-03-11 02:25:00,-0.119,K549090001
2008-04-02 00:35:00,-0.185,K549090001
2008-04-14 23:09:00,-0.228,K549090001
2008-04-20 08:30:00,-0.245,K549090001
2008-04-26 02:30:00,-0.25,K549090001
2008-05-04 19:06:00,-0.251,K549090001
2008-05-18 21:04:00,-0.221,K549090001
2008-05-26 15:41:00,0,K549090001
2008-06-14 13:15:00,0,K549090001
2008-07-01 14:27:00,-0.005,K549090001
2008-07-10 13:45:00,-0.011,K549090001
2008-07-24 09:18:00,-0.021,K549090001
2008-08-06 20:14:00,-0.027,K549090001
2008-08-14 13:23:00,-0.032,K549090001
2008-08-22 19:27:00,-0.035,K549090001
2008-08-29 10:46:00,-0.036,K549090001
2008-09-03 22:57:00,-0.035,K549090001
2008-09-26 18:31:00,-0.03,K549090001
2008-10-15 13:47:00,-0.023,K549090001
2008-11-06 12:16:00,-0.011,K549090001
2008-11-15 21:54:00,-0.004,K549090001
2008-11-23 21:21:00,0,K549090001
2009-02-01 19:24:00,0,K549090001
2009-02-04 21:00:00,-0.031,K549090001
2009-02-09 04:41:00,-0.045,K549090001
2009-02-11 12:39:00,-0.05,K549090001
2009-02-17 20:26:00,-0.055,K549090001
2009-02-23 06:22:00,-0.05,K549090001
2009-03-01 21:15:00,-0.036,K549090001
2009-03-16 04:14:00,-0.013,K549090001
2009-03-27 13:22:00,-0.008,K549090001
2009-04-03 01:54:00,-0.006,K549090001
2009-04-09 01:54:00,-0.013,K549090001
2009-04-14 19:42:00,-0.027,K549090001
2009-04-20 19:43:00,-0.05,K549090001
2009-05-12 14:30:00,-0.257,K549090001
2009-05-20 05:56:00,-0.308,K549090001
2009-05-27 11:26:00,-0.316,K549090001
2009-06-01 13:28:00,-0.312,K549090001
2009-06-06 04:41:00,-0.291,K549090001
2009-06-09 15:56:00,-0.238,K549090001
2009-06-17 01:42:00,-0.149,K549090001
2009-06-26 04:50:00,-0.077,K549090001
2009-06-30 12:20:00,-0.06,K549090001
2009-07-15 22:05:00,-0.032,K549090001
2009-07-17 11:19:00,0,K549090001
2009-07-26 18:46:00,0,K549090001
2009-08-11 06:36:00,-0.027,K549090001
2009-08-28 11:53:00,-0.049,K549090001
2009-09-17 07:47:00,-0.068,K549090001
2009-09-25 21:30:00,-0.074,K549090001
2009-10-06 05:00:00,-0.077,K549090001
2009-10-14 15:30:00,-0.078,K549090001
2009-10-25 21:30:00,-0.075,K549090001
2009-11-04 06:31:00,-0.07,K549090001
2009-11-12 17:01:00,-0.062,K549090001
2009-11-22 13:16:00,-0.04,K549090001
2009-12-01 22:17:00,-0.011,K549090001
2009-12-09 21:32:00,0,K549090001
2010-03-29 00:00:00,0,K549090001
2010-04-06 00:00:00,-0.01,K549090001
2010-04-13 08:15:00,-0.036,K549090001
2010-04-26 09:16:00,-0.085,K549090001
2010-05-10 08:03:00,-0.139,K549090001
2010-05-21 23:30:00,-0.166,K549090001
2010-06-02 06:57:00,-0.171,K549090001
2010-06-08 05:09:00,-0.163,K549090001
2010-06-13 04:35:00,-0.143,K549090001
2010-06-17 18:09:00,-0.09,K549090001
2010-06-20 02:00:00,-0.04,K549090001
2010-06-20 06:00:00,0,K549090001
2010-10-18 20:27:00,0,K549090001
2010-10-22 00:26:00,-0.002,K549090001
2010-10-24 00:49:00,-0.004,K549090001
2010-10-26 09:00:00,-0.006,K549090001
2010-10-28 07:50:00,-0.01,K549090001
2010-10-30 23:49:00,-0.015,K549090001
2010-11-04 05:16:00,-0.022,K549090001
2010-11-06 13:28:00,-0.025,K549090001
2010-11-09 10:08:00,-0.027,K549090001
2010-11-11 15:12:00,-0.026,K549090001
2010-11-14 11:53:00,-0.022,K549090001
2010-11-17 19:29:00,-0.013,K549090001
2010-11-21 09:19:00,-0.008,K549090001
2010-11-25 02:17:00,-0.002,K549090001
2010-11-28 19:15:00,0,K549090001
2011-03-21 14:18:00,0,K549090001
2011-03-26 13:29:00,-0.005,K549090001
2011-04-01 09:13:00,-0.013,K549090001
2011-04-05 11:51:00,-0.021,K549090001
2011-04-23 20:43:00,-0.074,K549090001
2011-05-05 19:18:00,-0.111,K549090001
2011-05-14 00:34:00,-0.136,K549090001
2011-05-20 00:25:00,-0.149,K549090001
2011-05-24 11:00:00,-0.154,K549090001
2011-05-28 21:18:00,-0.151,K549090001
2011-06-02 09:51:00,-0.14,K549090001
2011-06-08 08:31:00,-0.119,K549090001
2011-06-12 10:58:00,-0.105,K549090001
2011-06-16 05:26:00,-0.095,K549090001
2011-06-19 02:49:00,-0.086,K549090001
2011-06-23 07:03:00,-0.079,K549090001
2011-06-29 09:31:00,-0.072,K549090001
2011-07-09 08:31:00,-0.062,K549090001
2011-07-21 21:11:00,-0.052,K549090001
2011-08-04 09:00:00,-0.045,K549090001
2011-08-17 20:46:00,-0.042,K549090001
2011-09-14 16:01:00,-0.05,K549090001
2011-10-02 09:45:00,-0.05,K549090001
2011-10-20 18:16:00,-0.045,K549090001
2011-10-24 00:54:00,-0.044,K549090001
2011-10-26 15:13:00,-0.002,K549090001
2011-11-14 03:16:00,-0.002,K549090001
2011-11-18 09:50:00,-0.021,K549090001
2011-12-01 14:54:00,-0.05,K549090001
2011-12-06 08:06:00,-0.052,K549090001
2011-12-10 21:47:00,-0.05,K549090001
2011-12-16 14:04:00,-0.047,K549090001
2011-12-17 14:17:00,0,K549090001
2012-03-27 03:48:00,0,K549090001
2012-04-02 14:13:00,-0.07,K549090001
2012-04-06 02:34:00,-0.013,K549090001
2012-04-09 00:51:00,-0.022,K549090001
2012-04-12 13:13:00,-0.036,K549090001
2012-04-15 00:58:00,-0.05,K549090001
2012-04-17 05:17:00,-0.055,K549090001
2012-04-19 17:26:00,-0.057,K549090001
2012-04-21 18:38:00,0,K549090001
2012-06-01 11:46:00,0,K549090001
2012-06-02 07:12:00,-0.028,K549090001
2012-06-03 22:07:00,-0.08,K549090001
2012-06-05 10:01:00,-0.114,K549090001
2012-06-06 19:22:00,-0.119,K549090001
2012-06-10 15:51:00,-0.095,K549090001
2012-06-15 01:43:00,-0.07,K549090001
2012-06-21 15:00:00,-0.032,K549090001
2012-07-03 10:20:00,-0.032,K549090001
2012-07-05 23:50:00,-0.04,K549090001
2012-07-10 09:42:00,-0.08,K549090001
2012-07-12 13:18:00,-0.086,K549090001
2012-07-16 13:01:00,-0.085,K549090001
2012-08-02 11:50:00,-0.057,K549090001
2012-08-07 10:37:00,-0.049,K549090001
2012-08-14 17:15:00,-0.05,K549090001
2012-08-25 04:39:00,-0.057,K549090001
2012-09-04 12:13:00,-0.062,K549090001
2012-09-18 12:50:00,-0.065,K549090001
2012-10-01 03:58:00,-0.06,K549090001
2012-10-12 09:23:00,-0.049,K549090001
2012-10-23 00:04:00,-0.037,K549090001
2012-10-31 23:37:00,-0.027,K549090001
2012-11-13 10:54:00,-0.016,K549090001
2012-11-30 14:13:00,0,K549090001
2013-02-02 12:00:00,0,K549090001
2013-02-02 21:36:00,-0.067,K549090001
2013-02-03 12:02:00,-0.223,K549090001
2013-02-04 04:23:00,-0.544,K549090001
2013-02-04 10:35:00,-0.537,K549090001
2013-02-05 00:45:00,-0.508,K549090001
2013-02-05 18:59:00,-0.486,K549090001
2013-02-07 06:34:00,-0.378,K549090001
2013-02-08 12:35:00,-0.211,K549090001
2013-02-09 12:00:00,0,K549090001
2013-06-21 12:00:00,0,K549090001
2013-07-16 12:10:00,-0.044,K549090001
2013-07-27 17:36:00,-0.045,K549090001
2013-08-01 22:30:00,-0.037,K549090001
2013-08-06 11:28:00,-0.032,K549090001
2013-08-19 06:19:00,-0.035,K549090001
2013-08-28 06:16:00,-0.042,K549090001
2013-09-11 03:10:00,-0.048,K549090001
2013-10-01 00:47:00,-0.043,K549090001
2013-10-10 02:43:00,-0.031,K549090001
2013-10-18 07:30:00,0,K549090001
2013-11-10 22:00:00,0,K549090001
2013-11-11 08:20:00,-0.198,K549090001
2013-11-11 21:44:00,-0.352,K549090001
2013-11-12 09:05:00,-0.377,K549090001
2013-11-12 21:56:00,-0.362,K549090001
2013-11-13 08:54:00,-0.273,K549090001
2013-11-13 20:55:00,-0.141,K549090001
2013-11-14 09:30:00,0,K549090001
2014-03-16 00:56:00,0,K549090001
2014-03-27 13:10:00,-0.023,K549090001
2014-04-08 08:50:00,-0.045,K549090001
2014-04-22 09:00:00,-0.081,K549090001
2014-04-22 11:42:00,-0.08,K549090001
2014-06-03 11:14:00,-0.156,K549090001
2014-06-27 19:01:00,-0.103,K549090001
2014-07-08 10:09:00,-0.091,K549090001
2014-07-18 05:03:00,-0.057,K549090001
2014-07-29 15:22:00,-0.026,K549090001
2014-08-13 09:50:00,-0.049,K549090001
2014-10-07 10:18:00,-0.135,K549090001
2014-11-09 02:43:00,-0.135,K549090001
2014-12-02 12:39:00,-0.135,K549090001
2014-12-21 06:50:00,-0.135,K549090001
2014-12-31 00:00:00,-0.135,K549090001
2015-01-03 17:23:00,-0.09,K549090001
2015-01-20 23:44:00,0,K549090001
2015-01-27 14:04:00,-0.135,K549090001
2015-01-28 17:47:00,-0.05,K549090001
2015-01-31 11:34:00,0,K549090001
2015-04-08 12:00:00,0,K549090001
2015-04-14 09:28:00,-0.047,K549090001
2015-05-27 09:11:00,-0.128,K549090001
2015-06-17 07:58:00,-0.171,K549090001
2015-06-30 10:50:00,-0.094,K549090001
2015-07-29 12:00:00,-0.07,K549090001
2015-08-13 08:18:00,-0.042,K549090001
2015-09-02 00:00:00,-0.026,K549090001
2015-09-02 08:59:00,-0.026,K549090001
2015-10-01 13:41:00,-0.04,K549090001
2015-10-20 08:41:00,-0.022,K549090001
2015-12-01 10:06:00,-0.034,K549090001
2015-12-15 10:23:00,-0.037,K549090001
2016-01-05 12:00:00,0,K549090001
2016-05-01 12:00:00,0,K549090001
2016-05-24 11:55:00,-0.075,K549090001
2016-05-24 17:59:00,-0.08,K549090001
2016-05-31 04:54:00,-0.08,K549090001
2016-05-31 05:00:00,-0.08,K549090001
2016-06-03 08:20:00,-0.81,K549090001
2016-06-07 12:00:00,-0.4,K549090001
2016-06-15 12:00:00,-0.08,K549090001
2016-07-06 08:35:00,-0.034,K549090001
2016-07-27 09:11:00,-0.04,K549090001
2016-08-18 08:55:00,-0.068,K549090001
2016-09-14 09:16:00,-0.059,K549090001
2016-10-01 00:22:00,-0.04,K549090001
2016-10-19 08:00:00,0,K549090001
2016-10-19 11:09:00,0,K549090001
2017-05-20 00:00:00,0,K549090001
2017-06-15 08:45:00,-0.055,K549090001
2017-07-04 08:17:00,-0.021,K549090001
2017-08-02 11:00:00,-0.057,K549090001
2017-09-07 10:09:00,-0.057,K549090001
2017-10-25 09:00:00,-0.04,K549090001
2017-12-06 10:25:00,-0.021,K549090001
2017-12-31 00:00:00,0,K549090001
2018-07-13 00:00:00,0,K549090001
2018-08-02 09:30:00,-0.055,K549090001
2018-08-17 09:05:00,-0.039,K549090001
2018-09-19 08:20:00,-0.065,K549090001
2018-10-24 07:50:00,-0.054,K549090001
2018-12-05 09:30:00,0,K549090001
2019-05-25 00:00:00,0,K549090001
2019-06-19 10:45:00,-0.11,K549090001
2019-06-19 13:00:00,-0.111,K549090001
2019-07-17 12:00:00,-0.1,K549090001
2019-08-08 07:30:00,-0.04,K549090001
2019-09-04 09:15:00,-0.09,K549090001
2019-10-09 08:35:00,-0.055,K549090001
2019-11-20 09:15:00,-0.016,K549090001
2019-12-30 00:00:00,0,K549090001
2020-07-24 00:00:00,0,K549090001
2020-08-06 18:44:00,-0.047,K549090001
2020-08-27 10:00:00,-0.077,K549090001
2020-09-03 07:41:00,-0.057,K549090001
2020-09-30 08:56:00,0,K549090001
2021-07-15 00:00:00,0,K549090001
2021-08-27 07:50:00,-0.023,K549090001
2021-11-18 13:10:00,-0.082,K549090001
2021-12-10 00:00:00,0,K549090001
2021-12-25 00:00:00,0,K549090001
2022-01-14 09:10:00,-0.114,K549090001
2022-03-03 13:39:00,-0.119,K549090001
2022-04-22 09:58:00,-0.235,K549090001
2022-06-10 10:00:00,-0.075,K549090001
2022-06-16 09:10:00,-0.022,K549090001
2022-07-07 15:56:00,-0.01,K549090001
2022-07-12 00:00:00,0,K549090001
2022-07-25 00:00:00,0,K549090001
2022-08-02 00:00:00,-0.025,K549090001
2022-09-14 11:39:00,-0.032,K549090001
2022-09-27 11:25:00,-0.032,K549090001
2022-11-08 08:45:00,-0.01,K549090001
2022-11-14 00:00:00,0,K549090001
2023-04-01 00:00:00,0,K549090001
2023-04-20 12:00:00,-0.017,K549090001
2023-06-13 09:02:00,-0.017,K549090001
2023-07-17 14:10:00,-0.009,K549090001
2023-08-29 09:10:00,-0.044,K549090001
2023-10-19 12:00:00,-0.035,K549090001
2023-12-21 14:39:00,-0.084,K549090001
2024-01-15 19:00:00,0,K549090001
2024-04-15 20:00:00,0,K549090001
2024-04-29 13:11:00,-0.01,K549090001
2024-07-10 11:55:00,-0.043,K549090001
2024-07-27 00:00:00,0,K549090001
2024-09-05 20:00:00,0,K549090001
2024-10-22 13:45:00,-0.407,K549090001
2024-11-03 02:26:00,-0.398,K549090001
2024-11-09 20:26:00,-0.369,K549090001
2024-11-22 02:37:00,-0.275,K549090001
2024-12-03 11:31:00,-0.129,K549090001
2024-12-11 11:20:00,-0.002,K549090001
2024-12-12 09:18:00,0,K549090001
2025-05-06 00:00:00,0,K549090001
2025-05-21 07:56:00,-0.058,K549090001
2025-07-09 08:03:00,-0.042,K549090001
2011-06-20 00:00:00,0,K091001010
2011-07-05 12:00:00,-0.02,K091001010
2011-07-18 09:00:00,-0.033,K091001010
2011-08-03 00:00:00,-0.074,K091001010
2011-08-18 09:00:00,-0.094,K091001010
2011-09-02 00:00:00,-0.094,K091001010
2011-09-09 23:00:00,-0.094,K091001010
2011-10-05 00:00:00,-0.095,K091001010
2011-10-17 00:00:00,-0.09,K091001010
2011-11-03 00:00:00,-0.09,K091001010
2011-11-04 04:10:00,-0.09,K091001010
2011-11-05 00:00:00,0,K091001010
2011-11-05 21:30:00,0,K091001010
2012-06-20 00:00:00,0,K091001010
2012-07-04 09:00:00,-0.037,K091001010
2012-07-17 10:15:00,-0.065,K091001010
2012-07-31 10:10:00,-0.09,K091001010
2012-08-13 11:40:00,-0.09,K091001010
2012-08-22 07:30:00,-0.09,K091001010
2012-09-07 00:00:00,-0.09,K091001010
2012-09-07 07:00:00,-0.09,K091001010
2012-10-01 00:00:00,-0.09,K091001010
2012-10-16 00:00:00,-0.07,K091001010
2012-10-16 09:20:00,-0.07,K091001010
2012-11-06 00:00:00,-0.05,K091001010
2012-11-06 14:20:00,-0.05,K091001010
2012-11-26 23:00:00,-0.05,K091001010
2012-11-27 04:40:00,0,K091001010
2012-11-30 00:00:00,0,K091001010
2013-08-09 20:00:00,0,K091001010
2013-08-21 06:45:00,-0.015,K091001010
2013-09-04 07:00:00,-0.042,K091001010
2013-09-12 06:00:00,-0.042,K091001010
2013-09-18 13:30:00,-0.01,K091001010
2013-10-01 07:20:00,-0.045,K091001010
2013-10-15 07:20:00,-0.02,K091001010
2013-10-30 08:05:00,-0.01,K091001010
2013-11-14 11:15:00,-0.01,K091001010
2013-12-02 10:00:00,0,K091001010
2014-06-04 09:50:00,0,K091001010
2014-07-02 07:20:00,-0.02,K091001010
2014-07-08 07:40:00,-0.02,K091001010
2014-07-29 08:20:00,-0.02,K091001010
2014-08-12 07:45:00,-0.02,K091001010
2014-08-28 07:40:00,-0.045,K091001010
2014-09-17 08:00:00,-0.045,K091001010
2014-09-30 09:10:00,-0.045,K091001010
2014-10-14 07:10:00,-0.045,K091001010
2014-10-14 15:00:00,-0.015,K091001010
2014-10-21 08:00:00,-0.015,K091001010
2014-11-12 14:45:00,0,K091001010
2015-06-22 10:50:00,0,K091001010
2015-07-07 07:45:00,-0.045,K091001010
2015-07-28 14:30:00,-0.06,K091001010
2015-08-06 09:10:00,-0.1,K091001010
2015-08-18 09:40:00,-0.095,K091001010
2015-09-03 15:10:00,-0.095,K091001010
2015-09-17 08:30:00,-0.09,K091001010
2015-10-01 08:00:00,-0.045,K091001010
2015-10-15 08:30:00,-0.025,K091001010
2015-11-03 14:00:00,0,K091001010
2016-04-12 10:25:00,0,K091001010
2016-05-23 08:00:00,-0.12,K091001010
2016-06-09 12:50:00,-0.27,K091001010
2016-06-09 12:51:00,0,K091001010
2016-07-07 07:35:00,0,K091001010
2016-07-26 09:08:00,0.035,K091001010
2016-08-16 12:55:00,0.05,K091001010
2016-09-01 07:00:00,0.045,K091001010
2016-09-06 13:00:00,0.045,K091001010
2016-09-06 15:30:00,-0.035,K091001010
2016-09-06 15:31:00,-0.17,K091001010
2016-09-08 10:00:00,-0.08,K091001010
2016-09-08 15:00:00,-0.025,K091001010
2016-09-09 12:00:00,-0.025,K091001010
2016-09-27 13:35:00,0,K091001010
2017-06-15 08:50:00,0,K091001010
2017-07-05 07:20:00,-0.02,K091001010
2017-07-19 08:45:00,-0.025,K091001010
2017-08-02 08:40:00,-0.03,K091001010
2017-08-17 07:05:00,-0.04,K091001010
2017-08-29 09:20:00,-0.04,K091001010
2017-09-14 16:40:00,-0.04,K091001010
2017-10-02 07:00:00,-0.03,K091001010
2017-10-24 08:50:00,-0.01,K091001010
2017-10-24 08:55:00,-0.01,K091001010
2017-10-30 11:40:00,-0.018,K091001010
2017-11-07 09:00:00,-0.03,K091001010
2017-11-23 10:30:00,0,K091001010
2017-11-30 00:00:00,0,K091001010
2018-06-14 02:55:00,0,K091001010
2018-06-28 07:05:00,-0.02,K091001010
2018-07-11 07:10:00,-0.01,K091001010
2018-08-01 13:40:00,-0.025,K091001010
2018-08-16 07:40:00,-0.025,K091001010
2018-09-10 14:50:00,-0.025,K091001010
2018-09-11 17:00:00,0,K091001010
2018-09-19 13:20:00,0,K091001010
2018-09-25 13:40:00,0,K091001010
2018-10-04 08:15:00,-0.015,K091001010
2018-10-25 09:30:00,-0.015,K091001010
2018-11-06 11:20:00,-0.015,K091001010
2018-11-29 09:40:00,0,K091001010
2018-12-15 00:00:00,0,K091001010
2019-06-25 10:30:00,0,K091001010
2019-07-11 09:30:00,-0.013,K091001010
2019-07-31 10:30:00,-0.032,K091001010
2019-08-21 07:40:00,-0.05,K091001010
2019-09-10 16:10:00,-0.055,K091001010
2019-09-24 10:15:00,-0.045,K091001010
2019-10-09 07:30:00,-0.025,K091001010
2019-10-20 07:35:00,-0.025,K091001010
2019-10-20 09:35:00,-0.035,K091001010
2019-10-31 13:25:00,-0.035,K091001010
2019-11-23 18:20:00,-0.035,K091001010
2019-11-24 03:40:00,0,K091001010
2020-04-10 19:15:00,0,K091001010
2020-04-10 21:30:00,-0.023,K091001010
2020-04-17 07:50:00,-0.023,K091001010
2020-05-15 12:00:00,-0.038,K091001010
2020-05-26 10:30:00,-0.035,K091001010
2020-06-11 12:20:00,-0.015,K091001010
2020-07-07 10:20:00,-0.02,K091001010
2020-07-23 12:15:00,-0.01,K091001010
2020-08-06 08:20:00,-0.02,K091001010
2020-08-18 13:30:00,-0.025,K091001010
2020-09-02 09:00:00,-0.035,K091001010
2020-09-10 08:00:00,-0.05,K091001010
2020-09-29 10:00:00,-0.052,K091001010
2020-10-29 13:20:00,-0.05,K091001010
2020-11-12 10:30:00,-0.032,K091001010
2020-11-30 11:00:00,-0.032,K091001010
2020-12-14 09:00:00,-0.032,K091001010
2020-12-14 10:00:00,-0.016,K091001010
2020-12-15 02:00:00,-0.016,K091001010
2020-12-15 03:00:00,0,K091001010
2021-08-06 11:40:00,0,K091001010
2021-08-24 12:20:00,-0.035,K091001010
2021-10-12 12:00:00,-0.03,K091001010
2021-11-23 09:15:00,-0.015,K091001010
2021-12-09 14:20:00,-0.015,K091001010
2021-12-28 05:10:00,-0.015,K091001010
2021-12-29 19:25:00,0,K091001010
2022-06-16 18:55:00,0,K091001010
2022-07-12 12:20:00,-0.025,K091001010
2022-08-10 09:05:00,-0.04,K091001010
2022-09-07 07:45:00,-0.055,K091001010
2022-10-05 07:50:00,-0.045,K091001010
2022-11-15 10:10:00,0,K091001010
2022-12-30 00:00:00,0,K091001010
2023-06-07 08:05:00,0,K091001010
2023-06-21 07:55:00,-0.012,K091001010
2023-07-10 22:10:00,-0.03,K091001010
2023-07-17 20:00:00,-0.05,K091001010
2023-07-19 08:25:00,-0.055,K091001010
2023-08-08 07:30:00,-0.1,K091001010
2023-08-30 08:00:00,-0.179,K091001010
2023-09-11 14:00:00,-0.18,K091001010
2023-09-16 13:00:00,-0.18,K091001010
2023-09-18 13:00:00,-0.17,K091001010
2023-09-22 13:00:00,-0.18,K091001010
2023-09-27 13:00:00,-0.18,K091001010
2023-09-29 13:00:00,-0.16,K091001010
2023-10-02 13:00:00,-0.15,K091001010
2023-10-04 08:06:00,-0.127,K091001010
2023-10-12 13:00:00,-0.11,K091001010
2023-10-17 03:45:00,-0.087,K091001010
2023-10-20 21:00:00,-0.068,K091001010
2023-10-23 03:57:00,-0.048,K091001010
2023-11-02 18:01:00,-0.042,K091001010
2023-11-09 01:05:00,-0.045,K091001010
2023-11-24 23:09:00,-0.043,K091001010
2023-12-05 10:36:00,0,K091001010
2024-07-16 12:00:00,0,K091001010
2024-08-01 06:00:00,-0.07,K091001010
2024-08-13 07:35:00,-0.09,K091001010
2024-08-20 12:00:00,-0.09,K091001010
2024-09-05 05:00:00,-0.09,K091001010
2024-09-05 13:00:00,0,K091001010
2025-06-04 00:00:00,0,K091001010
2025-06-26 12:50:00,-0.01,K091001010
2025-07-16 15:00:00,-0.045,K091001010
2025-12-31 00:00:00,-0.045,K091001010
1976-06-11 23:00:00,0,U203502002
1976-07-21 23:00:00,-0.15,U203502002
1976-08-03 23:00:00,0,U203502002
1977-06-23 23:00:00,0,U203502002
1977-08-03 23:00:00,-0.13,U203502002
1977-10-09 23:00:00,0,U203502002
1979-06-26 08:00:00,0,U203502002
1979-08-01 08:00:00,-0.06,U203502002
1979-08-29 08:00:00,-0.02,U203502002
1979-09-11 08:00:00,0,U203502002
1980-09-02 08:00:00,0,U203502002
1980-09-22 08:00:00,-0.156,U203502002
1980-10-22 08:00:00,-0.037,U203502002
1980-11-06 08:00:00,0,U203502002
1981-07-01 23:00:00,0,U203502002
1981-07-29 23:00:00,-0.04,U203502002
1981-08-20 23:00:00,-0.02,U203502002
1981-09-21 23:00:00,-0.054,U203502002
1981-10-12 23:00:00,-0.16,U203502002
1981-10-31 23:00:00,0,U203502002
1982-04-01 23:00:00,0,U203502002
1982-05-05 23:00:00,-0.054,U203502002
1982-06-12 23:00:00,-0.015,U203502002
1982-08-25 23:00:00,-0.011,U203502002
1982-09-21 23:00:00,-0.027,U203502002
1982-09-29 23:00:00,0,U203502002
1983-06-01 23:00:00,0,U203502002
1983-07-04 23:00:00,-0.04,U203502002
1983-08-02 23:00:00,0,U203502002
1984-05-26 23:00:00,0,U203502002
1984-06-28 23:00:00,-0.026,U203502002
1984-07-26 23:00:00,0,U203502002
1986-07-13 23:00:00,0,U203502002
1986-08-27 23:00:00,-0.085,U203502002
1986-09-22 23:00:00,0,U203502002
2001-07-19 23:00:00,0,U203502002
2001-09-06 23:00:00,-0.195,U203502002
2001-10-26 23:00:00,-0.022,U203502002
2001-10-28 23:00:00,0,U203502002
2005-03-16 23:00:00,0,U203502002
2005-07-19 23:00:00,-0.032,U203502002
2005-09-25 23:00:00,-0.026,U203502002
2006-01-13 23:00:00,-0.011,U203502002
2006-01-20 23:00:00,0,U203502002
2006-05-10 23:00:00,0,U203502002
2006-06-27 23:00:00,-0.118,U203502002
2006-08-03 23:00:00,-0.075,U203502002
2006-08-10 23:00:00,-0.149,U203502002
2006-10-26 23:00:00,-0.042,U203502002
2006-11-07 23:00:00,0,U203502002
2007-07-13 23:00:00,0,U203502002
2007-08-13 23:00:00,-0.07,U203502002
2007-09-11 23:00:00,-0.04,U203502002
2007-10-02 23:00:00,-0.03,U203502002
2007-11-02 23:00:00,0,U203502002
2008-06-10 00:00:00,0,U203502002
2008-07-10 00:00:00,-0.035,U203502002
2008-08-19 00:00:00,-0.07,U203502002
2008-09-19 00:00:00,0,U203502002
2009-05-15 00:00:00,0,U203502002
2009-06-04 00:00:00,-0.04,U203502002
2009-08-13 00:00:00,-0.04,U203502002
2009-09-24 00:00:00,0,U203502002
2010-05-15 00:00:00,0,U203502002
2010-06-10 00:00:00,-0.1,U203502002
2010-07-07 00:00:00,-0.08,U203502002
2010-09-02 00:00:00,-0.32,U203502002
2010-10-21 00:00:00,-0.125,U203502002
2010-11-15 00:00:00,0,U203502002
2011-05-01 00:00:00,0,U203502002
2011-05-10 00:00:00,-0.02,U203502002
2011-07-26 00:00:00,-0.54,U203502002
2011-09-21 00:00:00,-0.35,U203502002
2011-11-24 00:00:00,-0.03,U203502002
2011-11-30 00:00:00,0,U203502002
2008-03-27 00:00:00,0,K441409001
2008-04-01 00:00:00,-0.01,K441409001
2008-04-06 00:00:00,-0.03,K441409001
2008-04-11 00:00:00,-0.06,K441409001
2008-04-23 00:00:00,-0.12,K441409001
2008-05-03 00:00:00,-0.16,K441409001
2008-05-06 00:00:00,-0.17,K441409001
2008-05-10 00:00:00,-0.177,K441409001
2008-05-15 00:00:00,-0.183,K441409001
2008-05-21 00:00:00,-0.186,K441409001
2008-05-27 18:30:00,-0.186,K441409001
2008-05-27 19:30:00,-0.25,K441409001
2008-05-28 15:00:00,-0.225,K441409001
2008-05-31 00:00:00,-0.19,K441409001
2008-06-08 00:00:00,-0.16,K441409001
2008-06-22 00:00:00,-0.13,K441409001
2008-08-04 00:00:00,-0.05,K441409001
2008-08-17 00:00:00,-0.035,K441409001
2008-09-01 00:00:00,-0.028,K441409001
2008-11-20 00:00:00,-0.008,K441409001
2008-12-15 00:00:00,0,K441409001
2009-01-01 00:00:00,0,K441409001
2009-04-16 00:00:00,-0.05,K441409001
2009-04-26 00:00:00,-0.06,K441409001
2009-05-01 00:00:00,-0.065,K441409001
2009-05-06 00:00:00,-0.08,K441409001
2009-05-14 00:00:00,-0.13,K441409001
2009-05-21 00:00:00,-0.16,K441409001
2009-06-01 00:00:00,-0.19,K441409001
2009-06-08 00:00:00,-0.2,K441409001
2009-06-18 00:00:00,-0.2,K441409001
2009-06-26 00:00:00,-0.19,K441409001
2009-07-07 00:00:00,-0.16,K441409001
2009-07-07 10:10:00,-0.16,K441409001
2009-08-06 00:00:00,-0.05,K441409001
2009-08-06 00:24:00,-0.05,K441409001
2009-08-11 00:00:00,-0.035,K441409001
2009-08-27 00:00:00,-0.02,K441409001
2009-09-20 00:00:00,0,K441409001
2010-04-01 00:00:00,0,K441409001
2010-05-27 00:00:00,-0.058,K441409001
2010-06-05 00:00:00,-0.066,K441409001
2010-06-15 00:00:00,-0.068,K441409001
2010-06-23 00:00:00,-0.066,K441409001
2010-06-29 00:00:00,-0.056,K441409001
2010-07-03 04:00:00,-0.05,K441409001
2010-07-03 09:00:00,-0.025,K441409001
2010-07-09 00:00:00,-0.02,K441409001
2010-07-26 00:00:00,-0.006,K441409001
2010-08-12 00:00:00,0,K441409001
2011-02-22 00:00:00,0,K441409001
2011-02-25 00:00:00,0,K441409001
2011-03-14 00:00:00,-0.007,K441409001
2011-04-03 00:00:00,-0.015,K441409001
2011-04-28 00:00:00,-0.025,K441409001
2011-05-17 00:00:00,-0.035,K441409001
2011-06-05 17:30:00,-0.055,K441409001
2011-06-05 19:00:00,-0.07,K441409001
2011-06-17 00:00:00,-0.045,K441409001
2011-06-25 00:00:00,-0.03,K441409001
2011-07-04 00:00:00,-0.025,K441409001
2011-07-10 00:00:00,-0.022,K441409001
2011-08-22 00:00:00,-0.02,K441409001
2011-09-08 00:00:00,-0.014,K441409001
2011-10-08 00:00:00,0,K441409001
2012-01-06 00:00:00,0,K441409001
2012-01-17 00:00:00,-0.025,K441409001
2012-01-20 00:00:00,-0.03,K441409001
2012-01-24 00:00:00,-0.035,K441409001
2012-02-27 00:00:00,-0.045,K441409001
2012-03-19 00:00:00,-0.075,K441409001
2012-03-28 00:00:00,-0.09,K441409001
2012-04-19 00:00:00,-0.15,K441409001
2012-04-30 00:00:00,-0.19,K441409001
2012-05-12 00:00:00,-0.215,K441409001
2012-06-01 00:00:00,-0.225,K441409001
2012-06-10 00:00:00,-0.225,K441409001
2012-06-16 00:00:00,-0.21,K441409001
2012-06-26 00:00:00,-0.145,K441409001
2012-07-05 00:00:00,-0.105,K441409001
2012-07-15 00:00:00,-0.085,K441409001
2012-07-30 00:00:00,-0.057,K441409001
2012-08-03 00:00:00,-0.047,K441409001
2012-08-10 00:00:00,-0.018,K441409001
2012-08-12 00:00:00,-0.012,K441409001
2012-08-16 00:00:00,-0.008,K441409001
2012-09-01 00:00:00,-0.005,K441409001
2012-10-04 12:50:00,-0.005,K441409001
2012-10-04 13:10:00,0,K441409001
2013-04-26 00:00:00,0,K441409001
2013-05-02 00:00:00,-0.008,K441409001
2013-05-07 00:00:00,-0.02,K441409001
2013-05-12 00:00:00,-0.035,K441409001
2013-05-22 00:00:00,-0.075,K441409001
2013-06-01 00:00:00,-0.115,K441409001
2013-06-10 00:00:00,-0.14,K441409001
2013-06-17 00:00:00,-0.15,K441409001
2013-06-24 00:00:00,-0.15,K441409001
2013-06-30 00:00:00,-0.14,K441409001
2013-07-11 00:00:00,-0.085,K441409001
2013-07-21 00:00:00,-0.055,K441409001
2013-07-27 02:30:00,-0.04,K441409001
2013-07-27 02:45:00,0,K441409001
2014-03-02 00:00:00,0,K441409001
2014-04-20 00:00:00,-0.09,K441409001
2014-05-14 00:00:00,-0.145,K441409001
2014-06-11 00:00:00,-0.22,K441409001
2014-06-14 00:00:00,-0.225,K441409001
2014-06-16 07:00:00,-0.225,K441409001
2014-06-16 18:00:00,-0.055,K441409001
2014-06-28 00:00:00,-0.03,K441409001
2014-06-29 00:00:00,-0.035,K441409001
2014-07-24 00:00:00,-0.025,K441409001
2014-07-26 00:00:00,-0.03,K441409001
2014-08-07 00:00:00,-0.035,K441409001
2014-08-15 00:00:00,-0.03,K441409001
2014-08-20 00:00:00,-0.035,K441409001
2014-09-15 00:00:00,0,K441409001
2015-05-24 00:00:00,0,K441409001
2015-06-06 00:00:00,-0.005,K441409001
2015-06-15 00:00:00,-0.01,K441409001
2015-06-27 00:00:00,-0.02,K441409001
2015-07-06 00:00:00,-0.025,K441409001
2015-07-15 00:00:00,-0.025,K441409001
2015-07-21 00:00:00,-0.023,K441409001
2015-08-06 00:00:00,-0.013,K441409001
2015-08-23 00:00:00,-0.01,K441409001
2015-09-21 00:00:00,-0.008,K441409001
2015-10-05 00:00:00,-0.005,K441409001
2015-10-24 00:00:00,0,K441409001
2016-01-01 00:00:00,0,K441409001
2016-02-09 00:00:00,0,K441409001
2016-02-28 00:00:00,-0.06,K441409001
2016-03-17 00:00:00,-0.07,K441409001
2016-04-01 00:00:00,-0.1,K441409001
2016-04-22 00:00:00,-0.165,K441409001
2016-05-10 00:00:00,-0.195,K441409001
2016-05-28 20:20:00,-0.195,K441409001
2016-05-28 20:30:00,-0.43,K441409001
2016-06-01 00:00:00,-0.43,K441409001
2016-06-01 12:00:00,-0.43,K441409001
2016-06-03 00:00:00,-0.275,K441409001
2016-07-15 00:00:00,-0.275,K441409001
2016-08-01 00:00:00,-0.145,K441409001
2016-08-12 00:00:00,-0.09,K441409001
2016-08-26 00:00:00,-0.04,K441409001
2016-09-15 00:00:00,0,K441409001
2018-01-18 16:30:00,0,K441409001
2018-01-18 20:00:00,-0.06,K441409001
2018-02-03 00:00:00,-0.06,K441409001
2018-03-03 00:00:00,-0.07,K441409001
2018-03-27 00:00:00,-0.075,K441409001
2018-04-02 00:00:00,-0.095,K441409001
2018-04-24 00:00:00,-0.185,K441409001
2018-05-04 00:00:00,-0.205,K441409001
2018-06-01 00:00:00,-0.205,K441409001
2018-06-07 00:00:00,-0.19,K441409001
2018-06-26 00:00:00,-0.115,K441409001
2018-07-22 00:00:00,0,K441409001
2019-05-10 00:00:00,0,K441409001
2019-05-28 00:00:00,-0.025,K441409001
2019-06-15 00:00:00,-0.045,K441409001
2019-06-23 00:00:00,-0.045,K441409001
2019-06-28 00:00:00,-0.045,K441409001
2019-07-06 00:00:00,0,K441409001
2020-03-01 18:45:00,0,K441409001
2020-05-12 19:02:00,-0.119,K441409001
2020-05-18 13:18:00,-0.115,K441409001
2020-07-20 10:59:00,-0.012,K441409001
2020-08-05 20:21:00,0,K441409001
2021-02-15 00:00:00,0,K441409001
2021-03-11 00:00:00,-0.02,K441409001
2021-04-29 00:00:00,-0.04,K441409001
2021-06-05 00:00:00,-0.075,K441409001
2021-09-07 00:00:00,0,K441409001
2021-09-18 21:00:00,0,K441409001
2021-09-19 00:00:00,-0.03,K441409001
2021-10-04 11:50:00,-0.03,K441409001
2021-10-04 12:30:00,-0.03,K441409001
2021-10-04 13:10:00,0,K441409001
2021-11-27 18:30:00,0,K441409001
2021-11-27 22:00:00,-0.051,K441409001
2021-12-08 09:45:00,-0.113,K441409001
2021-12-08 11:00:00,-0.07,K441409001
2021-12-09 20:30:00,-0.07,K441409001
2021-12-09 23:30:00,-0.133,K441409001
2021-12-15 13:30:00,-0.046,K441409001
2021-12-15 16:30:00,0,K441409001
2022-02-23 16:18:00,0,K441409001
2022-04-06 08:23:00,-0.04,K441409001
2022-05-04 00:00:00,-0.06,K441409001
2022-06-27 12:00:00,-0.019,K441409001
2022-07-01 22:54:00,-0.009,K441409001
2022-07-07 18:16:00,-0.003,K441409001
2022-07-10 03:28:00,0,K441409001
2023-06-18 16:00:00,0,K441409001
2023-06-30 09:30:00,-0.02,K441409001
2023-06-30 10:00:00,0,K441409001
2024-03-29 20:00:00,0,K441409001
2024-04-06 00:34:00,-0.11,K441409001
2024-04-15 10:00:00,0,K441409001
2024-05-01 19:00:00,0,K441409001
2024-05-30 01:13:00,-0.155,K441409001
2024-07-10 02:01:00,-0.095,K441409001
2024-08-20 12:45:00,-0.017,K441409001
2024-08-20 13:00:00,-0.016,K441409001
2024-09-25 12:00:00,-0.02,K441409001
2024-10-10 02:58:00,-0.045,K441409001
2024-10-24 09:23:00,-0.03,K441409001
2024-12-13 23:39:00,0,K441409001
2025-03-25 12:00:00,0,K441409001
2025-04-22 12:00:00,-0.03,K441409001
2025-08-21 12:00:00,-0.035,K441409001
2025-10-01 00:00:00,0,K441409001
1985-05-28 10:30:00,0,K565301001
1985-05-29 03:53:00,0,K565301001
1985-06-08 07:27:00,-0.02,K565301001
1985-07-05 12:36:00,-0.046,K565301001
1985-08-09 14:38:00,-0.053,K565301001
1985-10-02 16:01:00,-0.031,K565301001
1985-10-20 16:09:00,-0.011,K565301001
1985-11-21 00:25:00,0,K565301001
1985-11-26 18:38:00,0,K565301001
1987-05-13 07:26:00,0,K565301001
1987-05-25 22:49:00,0,K565301001
1987-06-02 01:42:00,-0.048,K565301001
1987-06-12 05:22:00,-0.083,K565301001
1987-06-22 06:38:00,-0.095,K565301001
1987-07-20 08:38:00,-0.049,K565301001
1987-09-14 11:25:00,0,K565301001
1987-09-28 07:50:00,0,K565301001
1990-12-05 09:54:00,0,K565301001
1990-12-31 19:16:00,0,K565301001
1991-01-01 03:01:00,-0.06,K565301001
1991-01-01 07:46:00,0,K565301001
1991-03-31 23:00:00,0,K565301001
1991-04-29 15:01:00,-0.044,K565301001
1991-05-23 17:00:00,-0.093,K565301001
1991-07-08 19:30:00,-0.085,K565301001
1991-08-31 20:45:00,0,K565301001
1991-12-31 23:00:00,0,K565301001
1992-02-24 12:01:00,0.045,K565301001
1992-02-25 09:50:00,0,K565301001
1992-05-20 09:33:00,0,K565301001
1992-07-12 18:01:00,-0.057,K565301001
1992-07-30 02:00:00,-0.045,K565301001
1992-08-14 08:00:00,-0.016,K565301001
1992-09-07 08:58:00,0,K565301001
1993-04-28 01:00:00,0,K565301001
1993-05-11 10:59:00,-0.053,K565301001
1993-06-02 13:00:00,-0.102,K565301001
1993-07-13 21:44:00,-0.128,K565301001
1993-08-02 18:00:00,-0.078,K565301001
1993-08-22 20:45:00,-0.039,K565301001
1993-09-30 16:30:00,0,K565301001
1993-10-05 10:32:00,0,K565301001
1995-07-11 10:00:00,0,K565301001
1995-07-11 17:45:00,0,K565301001
1995-07-20 15:01:00,-0.021,K565301001
1995-07-25 20:00:00,-0.026,K565301001
1995-08-03 02:00:00,-0.025,K565301001
1995-08-24 20:15:00,0,K565301001
1995-09-05 08:58:00,0,K565301001
1996-11-01 00:00:00,0,K565301001
1996-12-24 00:00:00,-0.075,K565301001
1996-12-25 00:00:00,0,K565301001
1997-01-20 00:00:00,0,K565301001
1997-03-10 00:00:00,-0.035,K565301001
1997-04-15 00:00:00,-0.07,K565301001
1997-05-31 00:00:00,-0.17,K565301001
1997-06-01 00:00:00,0,K565301001
2012-03-20 22:51:00,0,K565301001
2012-04-01 02:22:00,-0.002,K565301001
2012-04-08 19:59:00,-0.006,K565301001
2012-04-17 05:59:00,-0.01,K565301001
2012-04-29 12:48:00,-0.015,K565301001
2012-05-16 03:20:00,-0.017,K565301001
2012-05-25 11:11:00,-0.016,K565301001
2012-06-03 19:01:00,-0.012,K565301001
2012-06-10 20:16:00,-0.005,K565301001
2012-06-16 07:17:00,-0.002,K565301001
2012-06-24 22:45:00,-0.002,K565301001
2012-06-29 17:24:00,-0.006,K565301001
2012-07-04 17:30:00,-0.017,K565301001
2012-07-10 09:59:00,-0.028,K565301001
2012-07-13 03:30:00,-0.031,K565301001
2012-07-17 11:14:00,-0.033,K565301001
2012-08-16 11:40:00,-0.025,K565301001
2012-08-30 11:00:00,0,K565301001
2017-06-01 00:00:00,0,K565301001
2017-06-13 11:10:00,-0.018,K565301001
2017-07-04 13:00:00,-0.009,K565301001
2017-07-24 11:00:00,0,K565301001
2018-09-18 07:49:00,0,K565301001
2018-10-23 07:52:00,-0.029,K565301001
2018-11-21 09:20:00,0,K565301001
2019-04-29 08:33:00,0,K565301001
2019-06-18 08:40:00,-0.015,K565301001
2019-07-09 07:59:00,-0.03,K565301001
2019-09-03 08:05:00,-0.042,K565301001
2019-10-08 09:25:00,-0.05,K565301001
2019-11-06 09:30:00,0,K565301001
2020-04-30 00:00:00,0,K565301001
2020-05-12 07:50:00,-0.02,K565301001
2020-06-16 08:15:00,-0.029,K565301001
2020-06-29 08:05:00,-0.023,K565301001
2020-07-21 09:50:00,-0.035,K565301001
2020-07-29 12:05:00,-0.034,K565301001
2020-08-06 12:20:00,-0.043,K565301001
2020-08-25 08:20:00,-0.05,K565301001
2020-09-29 08:00:00,-0.032,K565301001
2020-11-04 09:15:00,-0.014,K565301001
2020-12-16 10:00:00,-0.013,K565301001
2021-01-20 09:00:00,-0.013,K565301001
2021-01-20 09:10:00,-0.013,K565301001
2021-02-03 10:15:00,0,K565301001
2021-05-01 00:00:00,0,K565301001
2021-06-01 08:15:00,-0.026,K565301001
2021-07-06 07:40:00,-0.048,K565301001
2021-08-12 08:47:00,-0.022,K565301001
2021-08-25 08:16:00,-0.011,K565301001
2021-09-23 07:55:00,-0.026,K565301001
2021-10-07 08:00:00,-0.016,K565301001
2021-11-23 13:36:00,-0.014,K565301001
2022-01-13 11:38:00,0,K565301001
2022-02-10 00:00:00,0,K565301001
2022-03-02 13:05:00,-0.008,K565301001
2022-04-20 13:00:00,-0.035,K565301001
2022-06-22 00:00:00,-0.035,K565301001
2022-06-23 00:00:00,-0.1,K565301001
2022-08-01 10:00:00,-0.011,K565301001
2022-09-08 10:00:00,0,K565301001
2023-03-15 15:30:00,0,K565301001
2023-05-03 08:16:00,-0.016,K565301001
2023-06-22 14:08:00,-0.023,K565301001
2023-07-05 00:00:00,-0.013,K565301001
2023-07-20 00:00:00,0,K565301001
2024-09-05 08:19:00,0,K565301001
2024-10-31 09:57:00,-0.047,K565301001
2024-12-10 09:38:00,0,K565301001
2025-05-05 13:19:00,0,K565301001
2025-06-18 11:25:00,-0.008,K565301001
2004-04-02 00:00:00,0,K659302001
2004-04-09 00:00:00,-0.005,K659302001
2004-05-10 00:00:00,-0.04,K659302001
2004-05-25 00:00:00,-0.055,K659302001
2004-06-01 00:00:00,-0.06,K659302001
2004-06-09 00:00:00,-0.065,K659302001
2004-06-19 00:00:00,-0.065,K659302001
2004-06-28 00:00:00,-0.062,K659302001
2004-07-13 00:00:00,-0.05,K659302001
2004-08-04 00:00:00,-0.03,K659302001
2004-09-06 00:00:00,0,K659302001
2005-06-04 00:00:00,0,K659302001
2005-06-14 00:00:00,-0.004,K659302001
2005-06-24 00:00:00,-0.01,K659302001
2005-08-03 00:00:00,-0.037,K659302001
2005-08-10 00:00:00,-0.042,K659302001
2005-08-18 00:00:00,-0.044,K659302001
2005-08-23 00:00:00,-0.045,K659302001
2005-09-12 00:00:00,-0.045,K659302001
2005-09-22 00:00:00,-0.04,K659302001
2005-10-07 00:00:00,-0.03,K659302001
2005-10-25 00:00:00,-0.02,K659302001
2005-11-01 00:00:00,-0.017,K659302001
2005-11-15 00:00:00,-0.015,K659302001
2005-12-30 00:00:00,-0.015,K659302001
2006-01-01 00:00:00,-0.014,K659302001
2006-01-10 00:00:00,0,K659302001
2006-06-17 00:00:00,0,K659302001
2006-06-22 00:00:00,-0.004,K659302001
2006-06-25 00:00:00,-0.01,K659302001
2006-07-02 00:00:00,-0.025,K659302001
2006-07-06 00:00:00,-0.035,K659302001
2006-07-10 00:00:00,-0.042,K659302001
2006-07-20 00:00:00,-0.048,K659302001
2006-08-03 00:00:00,-0.052,K659302001
2006-08-18 00:00:00,-0.055,K659302001
2006-08-28 00:00:00,-0.055,K659302001
2006-09-12 00:00:00,-0.043,K659302001
2006-09-25 00:00:00,-0.02,K659302001
2006-10-01 00:00:00,-0.013,K659302001
2006-10-12 00:00:00,-0.005,K659302001
2006-10-25 00:00:00,0,K659302001
2007-04-25 00:00:00,0,K659302001
2007-05-10 00:00:00,-0.005,K659302001
2007-05-22 00:00:00,-0.013,K659302001
2007-06-01 00:00:00,-0.022,K659302001
2007-06-24 00:00:00,-0.05,K659302001
2007-07-19 00:00:00,-0.08,K659302001
2007-08-11 00:00:00,-0.105,K659302001
2007-08-18 00:00:00,-0.11,K659302001
2007-08-26 00:00:00,-0.11,K659302001
2007-09-04 00:00:00,-0.105,K659302001
2007-09-27 00:00:00,-0.08,K659302001
2007-10-07 00:00:00,-0.072,K659302001
2007-11-01 00:00:00,-0.065,K659302001
2007-12-02 00:00:00,-0.058,K659302001
2007-12-04 00:00:00,-0.12,K659302001
2007-12-07 00:00:00,-0.07,K659302001
2007-12-10 00:00:00,-0.1,K659302001
2007-12-14 00:00:00,-0.025,K659302001
2007-12-18 00:00:00,0,K659302001
2008-05-20 00:00:00,0,K659302001
2008-05-29 13:00:00,-0.015,K659302001
2008-05-30 18:00:00,-0.35,K659302001
2008-05-31 17:00:00,-0.39,K659302001
2008-06-01 00:00:00,-0.39,K659302001
2008-06-01 06:00:00,-0.35,K659302001
2008-06-01 18:00:00,-0.015,K659302001
2008-06-10 00:00:00,-0.038,K659302001
2008-06-23 00:00:00,-0.07,K659302001
2008-07-01 00:00:00,-0.08,K659302001
2008-07-05 00:00:00,-0.083,K659302001
2008-07-11 00:00:00,-0.083,K659302001
2008-07-22 00:00:00,-0.075,K659302001
2008-08-07 00:00:00,-0.055,K659302001
2008-08-20 00:00:00,-0.043,K659302001
2008-09-18 00:00:00,-0.03,K659302001
2008-10-28 00:00:00,-0.02,K659302001
2008-11-07 00:00:00,-0.015,K659302001
2008-11-25 00:00:00,0,K659302001
2009-04-22 00:00:00,0,K659302001
2009-08-03 00:00:00,-0.06,K659302001
2009-08-19 00:00:00,-0.06,K659302001
2009-08-25 00:00:00,-0.07,K659302001
2009-08-29 00:00:00,-0.053,K659302001
2009-09-01 00:00:00,-0.065,K659302001
2009-09-11 00:00:00,-0.04,K659302001
2009-10-06 00:00:00,-0.01,K659302001
2009-10-18 00:00:00,0,K659302001
2009-10-20 00:00:00,-0.01,K659302001
2009-11-01 00:00:00,0,K659302001
2010-03-29 00:00:00,0,K659302001
2010-04-30 00:00:00,-0.015,K659302001
2010-05-11 00:00:00,-0.019,K659302001
2010-06-09 00:00:00,-0.024,K659302001
2010-06-20 00:00:00,-0.03,K659302001
2010-07-01 00:00:00,-0.04,K659302001
2010-07-08 00:00:00,-0.045,K659302001
2010-08-29 00:00:00,-0.045,K659302001
2010-09-10 00:00:00,-0.04,K659302001
2010-09-28 00:00:00,-0.025,K659302001
2010-10-05 00:00:00,-0.02,K659302001
2010-11-03 00:00:00,-0.01,K659302001
2010-11-03 00:01:00,0,K659302001
2011-04-01 00:00:00,0,K659302001
2011-04-24 00:00:00,-0.01,K659302001
2011-04-24 01:07:00,-0.01,K659302001
2011-05-04 00:00:00,-0.015,K659302001
2011-05-04 01:59:00,-0.015,K659302001
2011-05-12 00:00:00,-0.017,K659302001
2011-05-12 21:39:00,-0.017,K659302001
2011-05-20 00:00:00,-0.017,K659302001
2011-05-20 15:45:00,-0.017,K659302001
2011-05-27 22:58:00,-0.016,K659302001
2011-05-27 23:00:00,-0.016,K659302001
2011-06-05 04:00:00,-0.015,K659302001
2011-06-05 04:01:00,-0.015,K659302001
2011-06-08 12:00:00,-0.016,K659302001
2011-06-08 12:16:00,-0.016,K659302001
2011-06-11 16:58:00,-0.018,K659302001
2011-06-11 17:00:00,-0.018,K659302001
2011-06-13 20:00:00,-0.021,K659302001
2011-06-13 20:03:00,-0.021,K659302001
2011-06-16 21:00:00,-0.026,K659302001
2011-06-16 21:01:00,-0.026,K659302001
2011-06-20 12:00:00,-0.03,K659302001
2011-06-20 12:36:00,-0.03,K659302001
2011-06-26 10:55:00,-0.034,K659302001
2011-06-26 11:00:00,-0.034,K659302001
2011-07-01 18:39:00,-0.036,K659302001
2011-07-01 19:00:00,-0.036,K659302001
2011-07-09 12:46:00,-0.037,K659302001
2011-07-09 13:00:00,-0.037,K659302001
2011-07-17 21:00:00,-0.036,K659302001
2011-07-17 21:28:00,-0.036,K659302001
2011-08-04 16:00:00,-0.033,K659302001
2011-08-04 16:04:00,-0.033,K659302001
2011-08-10 00:00:00,-0.033,K659302001
2011-08-20 00:00:00,-0.04,K659302001
2011-08-31 00:00:00,-0.047,K659302001
2011-09-06 00:00:00,-0.048,K659302001
2011-09-13 00:00:00,-0.047,K659302001
2011-09-30 00:00:00,-0.038,K659302001
2011-10-22 00:00:00,-0.025,K659302001
2011-12-14 00:00:00,-0.005,K659302001
2011-12-16 00:00:00,0,K659302001
2012-04-09 00:00:00,0,K659302001
2012-04-17 00:00:00,-0.015,K659302001
2012-04-25 00:00:00,-0.035,K659302001
2012-04-29 00:00:00,-0.045,K659302001
2012-05-05 00:00:00,-0.05,K659302001
2012-05-21 00:00:00,-0.057,K659302001
2012-05-27 00:00:00,-0.065,K659302001
2012-06-02 00:00:00,-0.075,K659302001
2012-06-10 00:00:00,-0.09,K659302001
2012-06-16 23:40:00,-0.097,K659302001
2012-06-17 00:00:00,-0.097,K659302001
2012-06-24 21:24:00,-0.092,K659302001
2012-06-25 00:00:00,-0.092,K659302001
2012-07-05 00:00:00,-0.069,K659302001
2012-07-05 11:05:00,-0.069,K659302001
2012-07-14 00:00:00,-0.048,K659302001
2012-07-14 04:34:00,-0.048,K659302001
2012-07-24 17:55:00,-0.038,K659302001
2012-07-25 00:00:00,-0.038,K659302001
2012-08-18 00:00:00,-0.038,K659302001
2012-08-18 06:17:00,-0.038,K659302001
2012-08-31 00:00:00,-0.053,K659302001
2012-08-31 22:34:00,-0.053,K659302001
2012-09-29 21:06:00,-0.032,K659302001
2012-09-30 00:00:00,-0.032,K659302001
2012-10-15 20:32:00,-0.025,K659302001
2012-10-16 00:00:00,-0.025,K659302001
2012-10-21 23:37:00,-0.012,K659302001
2012-10-22 00:00:00,-0.012,K659302001
2012-10-25 00:00:00,0,K659302001
2012-10-25 04:22:00,0,K659302001
2014-06-01 00:00:00,0,K659302001
2014-06-24 00:00:00,-0.038,K659302001
2014-07-04 00:00:00,-0.045,K659302001
2014-07-24 00:00:00,-0.05,K659302001
2014-08-10 00:00:00,-0.045,K659302001
2014-08-31 00:00:00,-0.035,K659302001
2014-10-05 00:00:00,0,K659302001
2015-03-24 00:00:00,0,K659302001
2015-04-15 00:00:00,-0.022,K659302001
2015-04-15 10:13:00,-0.022,K659302001
2015-04-26 00:00:00,-0.025,K659302001
2015-04-26 00:11:00,-0.025,K659302001
2015-05-03 05:00:00,-0.025,K659302001
2015-05-03 18:00:00,-0.12,K659302001
2015-05-04 14:00:00,-0.145,K659302001
2015-05-07 00:00:00,-0.145,K659302001
2015-05-07 05:00:00,-0.12,K659302001
2015-05-07 07:00:00,-0.025,K659302001
2015-07-01 00:00:00,-0.025,K659302001
2015-07-21 00:00:00,-0.04,K659302001
2015-08-01 00:00:00,-0.04,K659302001
2015-08-16 00:00:00,-0.03,K659302001
2015-09-01 00:00:00,0,K659302001
2015-09-01 12:00:00,0,K659302001
2016-06-01 22:00:00,0,K659302001
2016-06-02 16:30:00,-0.28,K659302001
2016-06-05 12:00:00,-0.28,K659302001
2016-06-06 22:00:00,-0.2,K659302001
2016-06-07 12:00:00,-0.15,K659302001
2016-06-08 00:00:00,0,K659302001
2017-06-01 00:00:00,0,K659302001
2017-06-08 09:30:00,-0.017,K659302001
2017-06-22 09:00:00,-0.046,K659302001
2017-07-26 09:45:00,-0.037,K659302001
2017-08-10 10:23:00,-0.03,K659302001
2017-09-05 12:00:00,-0.027,K659302001
2017-10-04 09:15:00,-0.011,K659302001
2017-11-16 09:55:00,-0.021,K659302001
2017-12-13 10:00:00,0,K659302001
2018-01-08 00:00:00,0,K659302001
2018-01-09 16:10:00,-0.5,K659302001
2018-01-11 12:00:00,0,K659302001
2018-01-22 00:00:00,0,K659302001
2018-01-25 10:30:00,-0.5,K659302001
2018-01-30 00:00:00,0,K659302001
2018-07-18 00:00:00,0,K659302001
2018-07-19 10:40:00,-0.02,K659302001
2018-08-09 11:00:00,-0.023,K659302001
2018-08-30 08:45:00,-0.037,K659302001
2018-09-26 09:59:00,-0.045,K659302001
2018-11-08 10:30:00,-0.039,K659302001
2018-12-20 00:00:00,0,K659302001
2019-01-29 10:01:00,-0.023,K659302001
2019-01-29 10:05:00,-0.023,K659302001
2019-02-28 10:46:00,0,K659302001
2019-05-01 00:00:00,0,K659302001
2019-05-15 08:30:00,-0.025,K659302001
2019-06-12 10:40:00,-0.035,K659302001
2019-06-25 10:20:00,-0.039,K659302001
2019-07-11 09:10:00,-0.06,K659302001
2019-07-25 08:00:00,-0.063,K659302001
2019-08-22 08:55:00,-0.046,K659302001
2019-09-10 00:00:00,0,K659302001
2020-08-30 00:00:00,0,K659302001
2020-09-24 09:15:00,-0.013,K659302001
2020-10-22 09:10:00,-0.019,K659302001
2020-11-10 09:45:00,-0.018,K659302001
2020-11-26 09:30:00,-0.011,K659302001
2021-01-14 10:00:00,0,K659302001
2021-01-21 07:15:00,0.001,K659302001
2021-01-28 09:19:00,-0.091,K659302001
2021-02-04 14:31:00,-0.093,K659302001
2021-02-15 00:00:00,0,K659302001
2022-03-28 23:58:00,0,K659302001
2022-04-14 09:52:00,-0.02,K659302001
2022-05-31 01:26:00,-0.058,K659302001
2022-06-11 19:26:00,-0.065,K659302001
2022-07-07 05:33:00,-0.054,K659302001
2022-08-02 18:33:00,-0.049,K659302001
2022-08-31 02:01:00,-0.034,K659302001
2022-10-20 09:30:00,-0.043,K659302001
2022-12-23 00:02:00,-0.037,K659302001
2023-01-18 04:30:00,-0.185,K659302001
2023-01-18 17:03:00,-0.18,K659302001
2023-02-08 11:00:00,-0.025,K659302001
2023-02-08 11:30:00,0,K659302001
2023-03-10 00:00:00,0,K659302001
2023-06-23 23:20:00,-0.021,K659302001
2023-09-06 19:25:00,-0.035,K659302001
2023-10-26 08:59:00,-0.018,K659302001
2023-12-18 23:32:00,-0.043,K659302001
2024-02-10 01:18:00,-0.016,K659302001
2024-03-25 09:18:00,-0.055,K659302001
2024-05-07 00:28:00,-0.113,K659302001
2024-05-17 16:17:00,-0.046,K659302001
2024-06-19 00:00:00,0,K659302001
2024-07-07 00:00:00,0,K659302001
2024-08-07 14:29:00,-0.016,K659302001
2024-10-25 04:44:00,0,K659302001
2025-06-25 17:00:00,0,K659302001
2025-06-25 17:32:00,-0.05,K659302001
2025-07-08 07:15:00,-0.113,K659302001
2014-04-23 13:40:00,0,K055001010
2014-05-22 08:20:00,-0.03,K055001010
2014-06-05 08:35:00,-0.03,K055001010
2014-06-18 06:20:00,-0.03,K055001010
2014-07-01 09:50:00,-0.03,K055001010
2014-07-06 20:00:00,-0.03,K055001010
2014-07-09 08:00:00,0,K055001010
2014-08-30 00:00:00,0,K055001010
2015-04-12 18:50:00,0,K055001010
2015-05-05 12:20:00,-0.02,K055001010
2015-05-27 13:40:00,-0.05,K055001010
2015-06-10 09:30:00,-0.05,K055001010
2015-06-30 13:40:00,-0.05,K055001010
2015-07-06 12:20:00,-0.045,K055001010
2015-07-21 09:00:00,-0.03,K055001010
2015-08-06 14:10:00,0,K055001010
2016-06-07 10:00:00,0,K055001010
2016-06-23 12:30:00,-0.015,K055001010
2016-07-19 09:05:00,-0.04,K055001010
2016-08-04 08:45:00,-0.015,K055001010
2016-08-23 11:50:00,-0.015,K055001010
2016-09-15 07:20:00,-0.02,K055001010
2016-09-28 13:15:00,-0.02,K055001010
2016-10-27 07:30:00,0,K055001010
2016-11-16 00:00:00,0,K055001010
2017-05-09 12:15:00,0,K055001010
2017-06-20 09:25:00,-0.01,K055001010
2017-07-12 07:35:00,-0.02,K055001010
2017-07-26 09:00:00,-0.015,K055001010
2017-08-16 12:25:00,-0.01,K055001010
2017-09-07 07:00:00,0,K055001010
2017-09-20 00:00:00,0,K055001010
2018-06-13 07:40:00,0,K055001010
2018-06-15 07:50:00,0,K055001010
2018-07-19 09:40:00,-0.042,K055001010
2018-08-08 12:55:00,-0.03,K055001010
2018-08-29 08:20:00,-0.037,K055001010
2018-10-11 09:25:00,-0.057,K055001010
2018-11-21 10:20:00,-0.035,K055001010
2018-12-13 08:35:00,-0.035,K055001010
2019-01-08 13:10:00,-0.035,K055001010
2019-01-31 08:20:00,-0.05,K055001010
2019-02-12 13:55:00,-0.035,K055001010
2019-03-20 08:55:00,-0.035,K055001010
2019-04-17 11:50:00,-0.062,K055001010
2019-05-02 08:30:00,-0.057,K055001010
2019-06-05 08:25:00,-0.098,K055001010
2019-06-27 13:05:00,-0.096,K055001010
2019-07-18 09:50:00,-0.05,K055001010
2019-08-06 08:55:00,0,K055001010
2019-08-21 13:50:00,0,K055001010
2019-09-15 00:00:00,0,K055001010
2021-03-18 22:55:00,0,K055001010
2021-04-15 09:50:00,-0.02,K055001010
2021-05-06 07:50:00,-0.02,K055001010
2021-06-18 06:50:00,-0.02,K055001010
2021-07-22 13:25:00,0,K055001010
2021-08-10 11:45:00,0,K055001010
2021-09-08 09:30:00,-0.02,K055001010
2021-09-28 11:30:00,-0.03,K055001010
2021-10-25 13:00:00,0,K055001010
2022-02-16 12:10:00,0,K055001010
2022-04-27 08:55:00,-0.04,K055001010
2022-06-08 12:00:00,-0.09,K055001010
2022-06-23 13:25:00,-0.04,K055001010
2022-07-12 06:40:00,-0.01,K055001010
2022-07-20 12:10:00,0,K055001010
2023-03-22 09:05:00,0,K055001010
2023-05-10 11:30:00,-0.015,K055001010
2023-07-04 06:45:00,-0.025,K055001010
2023-07-27 06:35:00,-0.025,K055001010
2023-08-09 00:00:00,-0.01,K055001010
2023-09-11 08:25:00,0,K055001010
2023-12-30 00:00:00,0,K055001010
2024-07-01 00:00:00,0,K055001010
2024-07-31 12:35:00,-0.01,K055001010
2024-08-22 06:55:00,-0.015,K055001010
2024-09-10 06:35:00,-0.015,K055001010
2024-09-25 13:00:00,-0.015,K055001010
2024-10-16 09:45:00,-0.015,K055001010
2024-10-17 01:15:00,0,K055001010
2024-12-31 12:55:00,0,K055001010
1999-04-01 00:00:00,0,M107302001
1999-04-10 00:00:00,-0.005,M107302001
1999-04-26 00:00:00,-0.017,M107302001
1999-05-06 00:00:00,-0.03,M107302001
1999-05-14 00:00:00,-0.05,M107302001
1999-05-22 00:00:00,-0.07,M107302001
1999-06-01 00:00:00,-0.08,M107302001
1999-06-07 00:00:00,-0.085,M107302001
1999-06-15 00:00:00,-0.08,M107302001
1999-06-29 10:00:00,-0.065,M107302001
1999-06-29 16:00:00,0,M107302001
2000-03-15 00:00:00,0,M107302001
2000-03-22 00:00:00,-0.02,M107302001
2000-04-17 00:00:00,-0.12,M107302001
2000-05-15 00:00:00,-0.22,M107302001
2000-05-25 00:00:00,-0.24,M107302001
2000-06-04 00:00:00,-0.25,M107302001
2000-06-13 00:00:00,-0.25,M107302001
2000-07-10 00:00:00,-0.21,M107302001
2000-08-03 00:00:00,-0.18,M107302001
2000-08-26 00:00:00,-0.15,M107302001
2000-09-25 09:00:00,-0.07,M107302001
2000-09-25 23:00:00,-0.03,M107302001
2000-10-17 00:00:00,-0.01,M107302001
2000-11-01 00:00:00,0,M107302001
2001-01-23 00:00:00,0,M107302001
2001-02-24 00:00:00,-0.04,M107302001
2001-03-10 00:00:00,-0.05,M107302001
2001-04-01 00:00:00,-0.06,M107302001
2001-05-20 00:00:00,-0.06,M107302001
2001-05-26 00:00:00,-0.07,M107302001
2001-06-04 00:00:00,-0.1,M107302001
2001-06-14 00:00:00,-0.15,M107302001
2001-06-24 00:00:00,-0.18,M107302001
2001-07-04 00:00:00,-0.195,M107302001
2001-07-15 00:00:00,-0.205,M107302001
2001-08-05 00:00:00,-0.205,M107302001
2001-08-14 00:00:00,-0.2,M107302001
2001-09-04 15:00:00,-0.18,M107302001
2001-09-04 17:00:00,-0.13,M107302001
2002-01-30 00:00:00,0,M107302001
2002-03-17 00:00:00,0,M107302001
2002-06-10 00:00:00,-0.145,M107302001
2002-06-16 00:00:00,-0.15,M107302001
2002-07-14 00:00:00,-0.15,M107302001
2002-07-24 00:00:00,-0.14,M107302001
2002-08-14 00:00:00,-0.1,M107302001
2002-08-30 00:00:00,-0.08,M107302001
2002-09-17 00:00:00,-0.065,M107302001
2002-10-07 00:00:00,-0.06,M107302001
2002-11-17 00:00:00,-0.06,M107302001
2002-11-27 00:00:00,-0.05,M107302001
2002-12-11 00:00:00,-0.01,M107302001
2002-12-19 00:00:00,0,M107302001
2003-03-18 00:00:00,0,M107302001
2003-06-19 00:00:00,-0.15,M107302001
2003-06-25 15:00:00,-0.155,M107302001
2003-06-26 06:00:00,-0.1,M107302001
2003-06-27 12:00:00,-0.08,M107302001
2003-06-29 00:00:00,-0.07,M107302001
2003-07-09 00:00:00,-0.05,M107302001
2003-08-08 00:00:00,-0.02,M107302001
2003-08-23 00:00:00,-0.01,M107302001
2003-09-23 00:00:00,0,M107302001
2004-04-20 00:00:00,0,M107302001
2004-04-27 00:00:00,-0.01,M107302001
2004-05-01 00:00:00,-0.02,M107302001
2004-05-05 00:00:00,-0.035,M107302001
2004-05-13 00:00:00,-0.08,M107302001
2004-05-17 00:00:00,-0.09,M107302001
2004-05-21 00:00:00,-0.09,M107302001
2004-05-27 00:00:00,-0.08,M107302001
2004-06-25 00:00:00,-0.03,M107302001
2004-07-14 00:00:00,0,M107302001
2005-03-24 00:00:00,0,M107302001
2005-04-01 00:00:00,-0.005,M107302001
2005-04-15 00:00:00,-0.02,M107302001
2005-05-03 00:00:00,-0.04,M107302001
2005-05-20 00:00:00,-0.058,M107302001
2005-06-01 00:00:00,-0.068,M107302001
2005-06-09 00:00:00,-0.074,M107302001
2005-06-15 00:00:00,-0.075,M107302001
2005-06-20 00:00:00,-0.075,M107302001
2005-06-25 00:00:00,-0.07,M107302001
2005-07-25 14:00:00,-0.027,M107302001
2005-07-25 16:30:00,-0.017,M107302001
2005-08-19 00:00:00,-0.013,M107302001
2005-08-28 00:00:00,-0.01,M107302001
2005-09-07 00:00:00,-0.004,M107302001
2005-09-14 00:00:00,0,M107302001
2006-05-10 00:00:00,0,M107302001
2006-05-20 00:00:00,-0.025,M107302001
2006-05-25 00:00:00,-0.03,M107302001
2006-06-01 00:00:00,-0.025,M107302001
2006-06-09 00:00:00,-0.01,M107302001
2006-06-14 00:00:00,-0.005,M107302001
2006-06-19 00:00:00,0,M107302001
2007-03-22 00:00:00,0,M107302001
2007-04-05 00:00:00,-0.01,M107302001
2007-04-15 00:00:00,-0.015,M107302001
2007-05-01 00:00:00,-0.018,M107302001
2007-06-09 00:00:00,-0.018,M107302001
2007-06-24 00:00:00,-0.02,M107302001
2007-07-04 00:00:00,-0.024,M107302001
2007-07-21 00:00:00,-0.035,M107302001
2007-07-28 00:00:00,-0.038,M107302001
2007-08-03 00:00:00,-0.035,M107302001
2007-08-10 00:00:00,-0.025,M107302001
2007-08-13 00:00:00,-0.02,M107302001
2007-08-20 00:00:00,-0.015,M107302001
2007-11-01 00:00:00,-0.015,M107302001
2007-11-16 00:00:00,-0.013,M107302001
2007-12-09 00:00:00,-0.007,M107302001
2007-12-19 00:00:00,-0.004,M107302001
2007-12-31 00:00:00,0,M107302001
2008-02-25 00:00:00,0,M107302001
2008-04-03 00:00:00,-0.035,M107302001
2008-04-20 00:00:00,-0.074,M107302001
2008-05-06 00:00:00,-0.105,M107302001
2008-05-11 00:00:00,-0.11,M107302001
2008-05-16 00:00:00,-0.112,M107302001
2008-05-21 00:00:00,-0.113,M107302001
2008-05-27 18:00:00,-0.115,M107302001
2008-07-04 06:00:00,-0.12,M107302001
2008-07-04 18:00:00,-0.09,M107302001
2008-07-09 00:00:00,-0.07,M107302001
2008-07-14 00:00:00,-0.05,M107302001
2008-07-20 00:00:00,-0.03,M107302001
2008-07-31 23:59:00,-0.01,M107302001
2008-08-01 00:00:00,0,M107302001
2009-03-13 00:00:00,0,M107302001
2009-03-20 00:00:00,-0.005,M107302001
2009-06-09 00:00:00,-0.087,M107302001
2009-06-15 00:00:00,-0.09,M107302001
2009-06-24 00:00:00,-0.09,M107302001
2009-06-29 00:00:00,-0.065,M107302001
2009-07-06 00:00:00,-0.034,M107302001
2009-07-11 00:00:00,-0.028,M107302001
2009-07-30 00:00:00,-0.014,M107302001
2009-08-25 00:00:00,0,M107302001
2009-08-29 00:00:00,0,M107302001
2009-09-21 00:00:00,-0.013,M107302001
2009-09-24 00:00:00,-0.015,M107302001
2009-09-28 00:00:00,-0.015,M107302001
2009-10-06 00:00:00,-0.01,M107302001
2009-10-19 00:00:00,0,M107302001
2010-03-23 00:00:00,0,M107302001
2010-04-19 00:00:00,-0.04,M107302001
2010-04-28 00:00:00,-0.05,M107302001
2010-05-11 00:00:00,-0.054,M107302001
2010-05-21 00:00:00,-0.054,M107302001
2010-06-05 00:00:00,-0.05,M107302001
2010-06-25 00:00:00,-0.04,M107302001
2010-07-24 00:00:00,-0.02,M107302001
2010-08-16 00:00:00,-0.005,M107302001
2010-08-24 17:00:00,-0.005,M107302001
2010-08-31 00:00:00,-0.04,M107302001
2010-09-04 16:00:00,-0.05,M107302001
2010-09-05 06:00:00,0,M107302001
2010-09-07 19:00:00,0,M107302001
2010-09-07 20:30:00,-0.03,M107302001
2010-09-14 00:00:00,-0.03,M107302001
2010-11-13 00:00:00,-0.065,M107302001
2010-12-07 21:00:00,-0.065,M107302001
2010-12-08 04:00:00,-0.035,M107302001
2010-12-17 00:00:00,-0.025,M107302001
2010-12-27 00:00:00,-0.02,M107302001
2011-02-01 00:00:00,-0.02,M107302001
2011-02-20 00:00:00,-0.025,M107302001
2011-03-02 00:00:00,-0.03,M107302001
2011-03-12 00:00:00,-0.04,M107302001
2011-03-23 12:58:00,-0.058,M107302001
2011-04-05 14:00:00,-0.09,M107302001
2011-04-15 13:58:00,-0.122,M107302001
2011-04-18 02:00:00,-0.123,M107302001
2011-04-24 06:00:00,-0.11,M107302001
2011-05-01 02:00:00,-0.09,M107302001
2011-05-11 07:00:00,-0.07,M107302001
2011-05-24 21:00:00,-0.048,M107302001
2011-06-04 16:00:00,-0.03,M107302001
2011-06-08 18:00:00,-0.028,M107302001
2011-06-28 12:00:00,-0.028,M107302001
2011-07-02 00:00:00,-0.025,M107302001
2011-07-14 22:00:00,-0.01,M107302001
2011-07-15 21:30:00,-0.008,M107302001
2011-07-24 00:00:00,0,M107302001
2011-08-01 07:00:00,0,M107302001
2011-08-26 00:00:00,0,M107302001
2011-08-26 12:00:00,-0.013,M107302001
2011-09-07 00:00:00,-0.013,M107302001
2011-09-17 00:00:00,-0.025,M107302001
2011-10-05 00:00:00,-0.065,M107302001
2011-10-14 00:00:00,-0.075,M107302001
2011-10-31 12:00:00,-0.08,M107302001
2011-11-03 00:00:00,-0.098,M107302001
2011-11-28 10:00:00,-0.098,M107302001
2011-11-29 10:00:00,-0.07,M107302001
2012-01-12 08:00:00,-0.035,M107302001
2012-01-13 01:00:00,-0.022,M107302001
2012-02-04 18:00:00,-0.02,M107302001
2012-02-05 00:00:00,0,M107302001
2012-02-12 00:00:00,0,M107302001
2012-03-01 00:00:00,-0.008,M107302001
2012-03-26 00:00:00,-0.02,M107302001
2012-04-04 00:00:00,-0.03,M107302001
2012-04-19 00:00:00,-0.05,M107302001
2012-05-21 00:00:00,-0.095,M107302001
2012-06-02 00:00:00,-0.108,M107302001
2012-06-18 00:00:00,-0.108,M107302001
2012-06-26 00:00:00,-0.095,M107302001
2012-07-05 00:00:00,-0.07,M107302001
2012-07-14 00:00:00,-0.06,M107302001
2012-07-24 00:00:00,-0.055,M107302001
2012-08-01 00:00:00,-0.044,M107302001
2012-08-15 00:00:00,-0.015,M107302001
2012-08-20 00:00:00,-0.01,M107302001
2012-09-06 00:00:00,-0.005,M107302001
2012-09-19 00:00:00,-0.005,M107302001
2012-09-22 00:00:00,-0.02,M107302001
2012-10-06 00:00:00,-0.02,M107302001
2012-10-16 00:00:00,-0.05,M107302001
2012-10-29 15:00:00,-0.05,M107302001
2012-10-30 06:00:00,-0.015,M107302001
2012-11-13 00:00:00,-0.01,M107302001
2012-12-13 00:00:00,0,M107302001
2013-02-28 00:00:00,0,M107302001
2013-03-10 00:00:00,-0.005,M107302001
2013-03-18 00:00:00,-0.012,M107302001
2013-03-30 00:00:00,-0.035,M107302001
2013-04-30 00:00:00,-0.115,M107302001
2013-05-18 00:00:00,-0.165,M107302001
2013-06-09 00:00:00,-0.22,M107302001
2013-06-21 00:00:00,-0.245,M107302001
2013-06-27 00:00:00,-0.245,M107302001
2013-07-03 00:00:00,-0.235,M107302001
2013-07-17 00:00:00,-0.19,M107302001
2013-07-21 00:00:00,-0.18,M107302001
2013-10-15 00:00:00,-0.125,M107302001
2013-10-29 00:00:00,-0.105,M107302001
2013-11-18 00:00:00,-0.07,M107302001
2013-11-30 00:00:00,-0.055,M107302001
2013-12-15 00:00:00,-0.045,M107302001
2014-01-10 00:00:00,-0.04,M107302001
2014-02-10 00:00:00,-0.05,M107302001
2014-03-17 00:00:00,-0.065,M107302001
2014-03-23 00:00:00,-0.08,M107302001
2014-04-02 00:00:00,-0.115,M107302001
2014-04-13 00:00:00,-0.145,M107302001
2014-04-24 00:00:00,-0.16,M107302001
2014-05-01 00:00:00,-0.17,M107302001
2014-05-27 00:00:00,-0.25,M107302001
2014-07-15 00:00:00,-0.255,M107302001
2014-08-27 00:00:00,-0.25,M107302001
2014-09-14 00:00:00,-0.2,M107302001
2014-10-01 00:00:00,-0.17,M107302001
2014-11-03 00:00:00,-0.145,M107302001
2014-12-04 00:00:00,-0.105,M107302001
2015-02-05 00:00:00,0,M107302001
2015-03-06 00:00:00,0,M107302001
2015-03-15 00:00:00,-0.025,M107302001
2015-03-24 00:00:00,-0.045,M107302001
2015-04-01 00:00:00,-0.06,M107302001
2015-04-19 00:00:00,-0.085,M107302001
2015-04-27 00:00:00,-0.112,M107302001
2015-05-04 00:00:00,-0.152,M107302001
2015-05-05 00:00:00,-0.15,M107302001
2015-05-11 00:00:00,-0.17,M107302001
2015-06-01 00:00:00,-0.17,M107302001
2015-06-12 00:00:00,-0.16,M107302001
2015-06-26 00:00:00,-0.12,M107302001
2015-07-08 00:00:00,-0.065,M107302001
2015-07-19 00:00:00,-0.01,M107302001
2015-08-25 00:00:00,-0.01,M107302001
2015-10-01 00:00:00,0,M107302001
2016-03-01 00:00:00,0,M107302001
2016-05-04 00:00:00,-0.03,M107302001
2016-06-01 00:00:00,-0.13,M107302001
2016-06-15 00:00:00,-0.165,M107302001
2016-07-09 00:00:00,-0.165,M107302001
2016-07-13 00:00:00,-0.16,M107302001
2016-08-01 00:00:00,-0.12,M107302001
2016-10-01 00:00:00,-0.025,M107302001
2016-11-01 00:00:00,-0.015,M107302001
2016-12-30 00:00:00,0,M107302001
2017-03-10 00:00:00,0,M107302001
2017-04-13 00:00:00,-0.08,M107302001
2017-05-11 00:00:00,-0.12,M107302001
2017-05-19 00:00:00,-0.13,M107302001
2017-06-04 00:00:00,-0.145,M107302001
2017-06-11 00:00:00,-0.15,M107302001
2017-07-05 00:00:00,-0.07,M107302001
2017-08-07 00:00:00,0,M107302001
2018-03-08 00:00:00,0,M107302001
2018-04-19 00:00:00,-0.055,M107302001
2018-06-18 00:00:00,-0.15,M107302001
2018-06-27 00:00:00,-0.16,M107302001
2018-07-06 00:00:00,-0.155,M107302001
2018-08-21 00:00:00,-0.055,M107302001
2018-09-13 00:00:00,-0.02,M107302001
2018-11-10 00:00:00,0,M107302001
2019-02-21 00:00:00,0,M107302001
2019-05-10 00:00:00,-0.045,M107302001
2019-05-20 00:00:00,-0.095,M107302001
2019-05-30 00:00:00,-0.095,M107302001
2019-06-30 00:00:00,-0.07,M107302001
2019-07-23 00:00:00,-0.04,M107302001
2019-09-24 00:00:00,0,M107302001
2020-02-15 00:00:00,0,M107302001
2020-03-02 00:00:00,-0.025,M107302001
2020-05-05 00:00:00,-0.15,M107302001
2020-05-20 00:00:00,-0.15,M107302001
2020-06-01 00:00:00,-0.14,M107302001
2020-06-19 00:00:00,-0.115,M107302001
2020-07-23 00:00:00,-0.055,M107302001
2020-08-19 00:00:00,0,M107302001
2021-02-12 23:36:00,0,M107302001
2021-04-23 11:15:00,-0.021,M107302001
2021-05-07 00:00:00,-0.05,M107302001
2021-05-23 09:28:00,-0.102,M107302001
2021-05-31 03:52:00,-0.12,M107302001
2021-06-23 09:22:00,-0.13,M107302001
2021-07-12 10:02:00,-0.13,M107302001
2021-08-30 10:44:00,-0.027,M107302001
2021-09-20 21:48:00,0,M107302001
2022-04-07 11:48:00,0,M107302001
2022-05-04 08:00:00,-0.043,M107302001
2022-06-20 14:15:00,-0.033,M107302001
2022-07-11 18:37:00,0,M107302001
2022-12-18 18:39:00,0,M107302001
2023-02-01 06:00:00,-0.016,M107302001
2023-03-19 10:00:00,0,M107302001
2023-04-18 13:35:00,0,M107302001
2023-05-17 07:08:00,-0.017,M107302001
2023-07-05 22:41:00,-0.016,M107302001
2023-07-30 14:43:00,-0.004,M107302001
2023-09-17 04:05:00,-0.011,M107302001
2023-10-28 18:11:00,-0.013,M107302001
2023-11-23 16:39:00,0,M107302001
2023-11-23 16:40:00,0,M107302001
2024-01-03 09:16:00,-0.006,M107302001
2024-01-03 11:45:00,0,M107302001
2024-04-13 15:58:00,0,M107302001
2024-05-19 18:18:00,-0.08,M107302001
2024-06-09 13:06:00,-0.13,M107302001
2024-07-09 19:50:00,-0.134,M107302001
2024-08-13 02:01:00,-0.065,M107302001
2024-08-13 11:47:00,-0.045,M107302001
2024-09-07 23:20:00,0,M107302001
2024-09-23 06:50:00,0,M107302001
2024-10-10 02:57:00,-0.025,M107302001
2024-11-13 11:03:00,-0.02,M107302001
2024-12-04 11:33:00,0,M107302001
2025-04-22 08:00:00,0,M107302001
2025-05-27 09:40:00,-0.168,M107302001
2011-06-20 00:00:00,0,K091001011
2011-07-05 12:00:00,-0.04,K091001011
2011-07-18 09:00:00,-0.13,K091001011
2011-08-03 00:00:00,-0.13,K091001011
2011-08-18 09:00:00,-0.13,K091001011
2011-09-02 00:00:00,-0.136,K091001011
2011-09-09 22:45:00,-0.13,K091001011
2011-09-15 00:00:00,-0.13,K091001011
2011-09-19 07:15:00,-0.13,K091001011
2011-10-05 00:00:00,-0.07,K091001011
2011-10-05 13:00:00,-0.125,K091001011
2011-10-17 00:00:00,-0.13,K091001011
2011-10-17 10:30:00,-0.125,K091001011
2011-11-04 03:50:00,-0.125,K091001011
2011-11-05 21:00:00,0,K091001011
2012-06-20 00:00:00,0,K091001011
2012-07-04 09:00:00,-0.05,K091001011
2012-07-17 10:15:00,-0.085,K091001011
2012-07-31 10:10:00,-0.14,K091001011
2012-08-13 11:40:00,-0.145,K091001011
2012-08-22 07:30:00,-0.13,K091001011
2012-09-05 07:05:00,-0.15,K091001011
2012-09-07 07:00:00,-0.115,K091001011
2012-09-19 09:30:00,-0.145,K091001011
2012-09-27 09:00:00,-0.14,K091001011
2012-10-01 09:30:00,-0.115,K091001011
2012-10-16 00:00:00,-0.1,K091001011
2012-10-16 09:20:00,-0.13,K091001011
2012-11-06 00:00:00,-0.08,K091001011
2012-11-06 14:20:00,-0.085,K091001011
2012-11-26 23:00:00,-0.085,K091001011
2012-11-27 04:40:00,0,K091001011
2013-08-09 19:50:00,0,K091001011
2013-08-21 06:45:00,-0.035,K091001011
2013-09-04 07:00:00,-0.09,K091001011
2013-09-12 06:00:00,-0.09,K091001011
2013-09-18 13:30:00,-0.055,K091001011
2013-10-01 07:20:00,-0.08,K091001011
2013-10-15 07:20:00,-0.055,K091001011
2013-10-30 08:05:00,-0.02,K091001011
2013-11-14 11:15:00,-0.02,K091001011
2013-12-02 10:00:00,0,K091001011
2014-04-08 13:15:00,0,K091001011
2014-05-21 13:50:00,-0.03,K091001011
2014-06-04 09:50:00,-0.055,K091001011
2014-07-02 07:20:00,-0.09,K091001011
2014-07-08 07:40:00,-0.045,K091001011
2014-07-29 08:20:00,-0.06,K091001011
2014-08-12 07:45:00,-0.07,K091001011
2014-08-28 07:40:00,-0.105,K091001011
2014-09-17 08:00:00,-0.105,K091001011
2014-09-30 10:10:00,-0.115,K091001011
2014-10-14 07:10:00,-0.115,K091001011
2014-10-14 14:50:00,-0.06,K091001011
2014-10-21 08:00:00,-0.06,K091001011
2014-11-12 14:45:00,0,K091001011
2015-05-28 09:25:00,0,K091001011
2015-06-22 10:50:00,-0.025,K091001011
2015-07-07 07:45:00,-0.075,K091001011
2015-07-28 14:30:00,-0.13,K091001011
2015-08-06 09:10:00,-0.175,K091001011
2015-08-18 09:40:00,-0.165,K091001011
2015-08-18 09:55:00,-0.165,K091001011
2015-09-03 15:10:00,-0.17,K091001011
2015-09-13 12:00:00,-0.17,K091001011
2015-09-13 14:10:00,-0.12,K091001011
2015-09-17 08:30:00,-0.12,K091001011
2015-10-01 08:00:00,-0.08,K091001011
2015-10-15 08:20:00,-0.055,K091001011
2015-11-03 14:00:00,0,K091001011
2016-04-12 10:25:00,0,K091001011
2016-05-23 08:00:00,-0.155,K091001011
2016-06-09 12:50:00,-0.27,K091001011
2016-06-09 12:51:00,0,K091001011
2016-07-07 07:35:00,0,K091001011
2016-07-26 09:10:00,0.05,K091001011
2016-08-16 13:00:00,0.065,K091001011
2016-09-01 07:00:00,0.07,K091001011
2016-09-06 13:05:00,0.07,K091001011
2016-09-06 15:35:00,-0.08,K091001011
2016-09-06 15:36:00,-0.19,K091001011
2016-09-08 10:05:00,-0.1,K091001011
2016-09-08 15:00:00,-0.085,K091001011
2016-09-09 12:00:00,-0.085,K091001011
2016-09-27 13:35:00,-0.07,K091001011
2016-10-26 08:15:00,-0.04,K091001011
2016-11-15 10:50:00,-0.03,K091001011
2016-11-22 07:20:00,-0.03,K091001011
2016-11-23 07:50:00,0,K091001011
2016-12-30 00:00:00,0,K091001011
2017-06-15 08:50:00,0,K091001011
2017-07-05 07:20:00,-0.07,K091001011
2017-07-19 08:45:00,-0.12,K091001011
2017-08-02 08:40:00,-0.16,K091001011
2017-08-17 07:05:00,-0.165,K091001011
2017-08-29 09:20:00,-0.15,K091001011
2017-09-14 16:40:00,-0.165,K091001011
2017-10-02 07:00:00,-0.125,K091001011
2017-10-24 08:55:00,-0.06,K091001011
2017-10-30 11:40:00,-0.065,K091001011
2017-11-07 09:00:00,-0.075,K091001011
2017-11-23 10:30:00,-0.03,K091001011
2017-12-12 09:25:00,-0.03,K091001011
2018-01-04 08:15:00,-0.03,K091001011
2018-01-05 01:15:00,0,K091001011
2018-02-08 00:00:00,0,K091001011
2018-06-14 02:55:00,0,K091001011
2018-06-28 07:05:00,-0.04,K091001011
2018-07-11 07:10:00,-0.02,K091001011
2018-08-01 13:40:00,-0.055,K091001011
2018-08-16 07:40:00,-0.09,K091001011
2018-09-10 14:45:00,-0.09,K091001011
2018-09-11 17:00:00,-0.08,K091001011
2018-09-19 13:20:00,-0.08,K091001011
2018-09-25 13:35:00,-0.105,K091001011
2018-10-04 08:15:00,-0.12,K091001011
2018-10-25 09:30:00,-0.115,K091001011
2018-11-06 11:20:00,-0.09,K091001011
2018-11-29 09:40:00,-0.025,K091001011
2018-12-06 10:30:00,-0.015,K091001011
2018-12-19 10:05:00,0,K091001011
2018-12-30 00:00:00,0,K091001011
2019-06-25 10:30:00,0,K091001011
2019-07-11 09:30:00,-0.055,K091001011
2019-07-31 10:30:00,-0.133,K091001011
2019-08-21 07:40:00,-0.21,K091001011
2019-09-10 16:10:00,-0.18,K091001011
2019-09-24 10:15:00,-0.14,K091001011
2019-10-09 07:30:00,-0.115,K091001011
2019-10-20 07:30:00,-0.115,K091001011
2019-10-20 09:30:00,-0.05,K091001011
2019-10-31 13:25:00,-0.05,K091001011
2019-11-23 18:20:00,-0.05,K091001011
2019-11-24 03:35:00,0,K091001011
2020-04-10 19:15:00,0,K091001011
2020-04-10 21:30:00,-0.005,K091001011
2020-04-17 07:50:00,-0.005,K091001011
2020-05-15 12:00:00,-0.023,K091001011
2020-05-26 10:30:00,-0.035,K091001011
2020-06-11 12:20:00,-0.005,K091001011
2020-07-07 10:20:00,-0.015,K091001011
2020-07-23 12:15:00,-0.013,K091001011
2020-08-06 08:20:00,-0.027,K091001011
2020-08-18 13:30:00,-0.05,K091001011
2020-09-02 09:00:00,-0.08,K091001011
2020-09-10 08:00:00,-0.106,K091001011
2020-09-29 10:15:00,-0.108,K091001011
2020-10-29 13:20:00,-0.09,K091001011
2020-11-12 10:30:00,-0.055,K091001011
2020-11-30 11:00:00,-0.05,K091001011
2020-12-14 09:00:00,-0.05,K091001011
2020-12-14 10:00:00,-0.025,K091001011
2020-12-15 02:00:00,-0.025,K091001011
2020-12-15 03:00:00,0,K091001011
2021-08-06 11:35:00,0,K091001011
2021-08-24 12:15:00,-0.06,K091001011
2021-10-12 11:50:00,-0.04,K091001011
2021-11-23 09:20:00,-0.02,K091001011
2021-12-09 14:30:00,-0.02,K091001011
2021-12-28 05:00:00,-0.02,K091001011
2021-12-29 19:15:00,0,K091001011
2022-06-16 18:55:00,0,K091001011
2022-07-12 12:20:00,-0.11,K091001011
2022-07-17 07:45:00,-0.11,K091001011
2022-07-17 09:00:00,-0.06,K091001011
2022-08-11 07:20:00,-0.06,K091001011
2022-08-11 16:15:00,-0.1,K091001011
2022-09-07 07:45:00,-0.15,K091001011
2022-10-05 08:00:00,-0.09,K091001011
2022-11-15 10:15:00,0,K091001011
2023-06-21 08:45:00,0,K091001011
2023-07-10 22:10:00,-0.025,K091001011
2023-07-15 03:06:00,-0.043,K091001011
2023-07-19 08:25:00,-0.06,K091001011
2023-08-08 07:30:00,-0.13,K091001011
2023-08-30 07:16:00,-0.235,K091001011
2023-09-11 13:40:00,-0.23,K091001011
2023-09-14 08:00:00,-0.23,K091001011
2023-09-15 13:00:00,-0.24,K091001011
2023-09-18 08:00:00,-0.24,K091001011
2023-09-20 07:00:00,-0.27,K091001011
2023-09-20 17:00:00,-0.29,K091001011
2023-09-21 07:00:00,-0.29,K091001011
2023-09-21 08:00:00,-0.26,K091001011
2023-09-22 06:00:00,-0.26,K091001011
2023-09-22 08:00:00,-0.29,K091001011
2023-09-27 13:00:00,-0.3,K091001011
2023-09-29 13:00:00,-0.25,K091001011
2023-09-29 20:00:00,-0.235,K091001011
2023-10-02 13:00:00,-0.22,K091001011
2023-10-03 08:49:00,-0.199,K091001011
2023-10-04 08:59:00,-0.186,K091001011
2023-10-05 11:47:00,-0.191,K091001011
2023-10-07 08:00:00,-0.18,K091001011
2023-10-07 10:00:00,-0.24,K091001011
2023-10-09 07:00:00,-0.24,K091001011
2023-10-09 08:00:00,-0.24,K091001011
2023-10-09 10:00:00,-0.19,K091001011
2023-10-13 12:00:00,-0.15,K091001011
2023-10-23 09:11:00,-0.101,K091001011
2023-10-28 12:29:00,-0.085,K091001011
2023-10-30 03:54:00,-0.081,K091001011
2023-11-05 22:49:00,-0.074,K091001011
2023-11-19 00:48:00,-0.071,K091001011
2023-11-25 14:38:00,-0.058,K091001011
2023-11-27 04:13:00,-0.058,K091001011
2023-11-28 05:51:00,-0.057,K091001011
2023-11-28 19:11:00,-0.043,K091001011
2023-11-29 07:13:00,-0.033,K091001011
2023-11-30 12:21:00,-0.029,K091001011
2023-12-02 09:05:00,-0.015,K091001011
2023-12-03 08:17:00,-0.003,K091001011
2023-12-05 10:00:00,0,K091001011
2024-07-16 12:00:00,0,K091001011
2024-08-01 03:29:00,-0.075,K091001011
2024-08-15 11:41:00,-0.11,K091001011
2024-09-05 02:31:00,-0.11,K091001011
2024-09-05 13:00:00,0,K091001011
2025-06-04 00:00:00,0,K091001011
2025-06-26 12:50:00,-0.052,K091001011
2025-07-16 14:00:00,-0.11,K091001011
2025-12-31 00:00:00,-0.11,K091001011
2014-05-25 00:00:00,0,U047401001
2014-05-25 00:28:00,0,U047401001
2014-06-05 14:54:00,-0.121,U047401001
2014-06-12 20:54:00,-0.177,U047401001
2014-07-01 17:26:00,-0.199,U047401001
2014-07-10 04:24:00,-0.199,U047401001
2014-08-06 17:48:00,-0.198,U047401001
2014-10-10 00:50:00,-0.204,U047401001
2014-11-05 03:22:00,-0.042,U047401001
2014-11-09 05:54:00,0,U047401001
2015-06-01 12:05:00,0,U047401001
2015-07-08 02:38:00,-0.226,U047401001
2015-10-04 04:55:00,0,U047401001
2016-06-29 04:00:00,0,U047401001
2016-08-02 23:17:00,-0.089,U047401001
2016-10-11 02:25:00,-0.207,U047401001
2016-11-17 11:55:00,0,U047401001
2017-06-16 16:41:00,0,U047401001
2017-07-13 00:45:00,-0.152,U047401001
2017-07-26 11:43:00,-0.197,U047401001
2017-09-30 00:04:00,0,U047401001
2019-06-15 22:35:00,0,U047401001
2019-07-11 11:09:00,-0.065,U047401001
2019-09-25 05:09:00,-0.064,U047401001
2019-10-30 08:15:00,0,U047401001
2020-06-07 11:29:00,0,U047401001
2020-07-22 07:37:00,-0.179,U047401001
2020-08-04 09:11:00,-0.18,U047401001
2020-09-23 20:45:00,0,U047401001
2021-07-13 01:41:00,0,U047401001
2021-07-16 14:37:00,-0.135,U047401001
2021-07-20 12:28:00,0,U047401001
2021-08-16 00:39:00,0,U047401001
2021-09-03 20:02:00,-0.225,U047401001
2021-09-28 12:11:00,0,U047401001
2022-05-19 10:46:00,0,U047401001
2022-07-05 19:13:00,-0.166,U047401001
2022-08-13 01:55:00,-0.185,U047401001
2023-02-13 13:18:00,0,U047401001
2023-04-24 21:45:00,-0.238,U047401001
2023-05-03 05:09:00,-0.282,U047401001
2023-05-28 01:37:00,-0.287,U047401001
2023-06-28 17:37:00,-0.216,U047401001
2023-08-05 16:21:00,-0.328,U047401001
2023-08-28 20:20:00,-0.145,U047401001
2023-09-08 04:41:00,-0.104,U047401001
2023-10-07 11:37:00,-0.04,U047401001
2023-10-20 22:35:00,0,U047401001
2024-05-15 09:01:00,0,U047401001
2024-06-05 12:20:00,-0.111,U047401001
2024-07-11 12:56:00,-0.257,U047401001
2024-08-06 07:18:00,-0.25,U047401001
2024-09-05 19:58:00,-0.257,U047401001
2024-09-27 21:56:00,-0.258,U047401001
2024-10-09 07:00:00,0,U047401001
2025-04-15 20:20:00,0,U047401001
2025-05-15 09:16:00,-0.151,U047401001
2025-06-04 17:20:00,-0.26,U047401001
2025-07-10 09:11:00,-0.166,U047401001
1990-05-21 00:00:00,0,B460101001
1990-07-30 00:00:00,-0.02,B460101001
1990-09-13 00:00:00,-0.025,B460101001
1990-10-17 00:00:00,-0.03,B460101001
1990-11-08 00:00:00,0,B460101001
1996-04-29 00:00:00,0,B460101001
1996-06-25 00:00:00,-0.1,B460101001
1996-08-09 00:00:00,-0.17,B460101001
1996-11-01 00:00:00,0,B460101001
2009-07-08 00:00:00,0,B460101001
2009-08-27 00:00:00,-0.07,B460101001
2009-11-17 00:00:00,0,B460101001
2010-04-29 00:00:00,0,B460101001
2010-07-28 00:00:00,-0.025,B460101001
2010-08-18 00:00:00,-0.015,B460101001
2010-11-03 00:00:00,-0.05,B460101001
2010-12-15 00:00:00,0,B460101001
2011-02-21 00:00:00,0,B460101001
2011-04-26 00:00:00,-0.03,B460101001
2011-05-24 00:00:00,-0.08,B460101001
2011-06-15 00:00:00,-0.08,B460101001
2011-08-04 00:00:00,-0.115,B460101001
2011-09-07 00:00:00,-0.145,B460101001
2011-10-17 00:00:00,-0.155,B460101001
2011-11-17 00:00:00,-0.18,B460101001
2011-11-27 00:00:00,0,B460101001
2018-08-20 00:00:00,0,B460101001
2018-10-11 00:00:00,-0.065,B460101001
2018-11-19 00:00:00,-0.055,B460101001
2018-11-27 00:00:00,-0.06,B460101001
2018-12-03 00:00:00,0,B460101001
2019-09-05 00:00:00,0,B460101001
2019-10-17 00:00:00,-0.02,B460101001
2019-11-05 00:00:00,0,B460101001
2020-07-08 00:00:00,0,B460101001
2020-08-13 00:00:00,-0.07,B460101001
2020-09-10 00:00:00,-0.09,B460101001
2020-10-07 00:00:00,-0.03,B460101001
2020-10-29 00:00:00,-0.045,B460101001
2020-11-17 00:00:00,-0.07,B460101001
2020-12-09 00:00:00,-0.03,B460101001
2020-12-21 00:00:00,0,B460101001
2022-05-11 00:00:00,0,B460101001
2022-06-30 00:00:00,-0.02,B460101001
2022-08-10 00:00:00,-0.045,B460101001
2022-10-04 00:00:00,-0.06,B460101001
2022-11-03 00:00:00,-0.08,B460101001
2022-12-08 00:00:00,-0.025,B460101001
2022-12-22 00:00:00,0,B460101001
2023-06-01 00:00:00,0,B460101001
2023-06-28 00:00:00,-0.035,B460101001
2023-07-18 00:00:00,-0.04,B460101001
2023-08-31 00:00:00,-0.02,B460101001
2023-09-13 00:00:00,-0.06,B460101001
2023-10-19 00:00:00,-0.05,B460101001
2023-10-26 00:00:00,0,B460101001
1974-02-17 23:00:00,0,B532201001
1974-02-18 00:00:00,0,B532201001
1974-04-28 22:00:00,-0.02,B532201001
1974-04-29 00:00:00,-0.02,B532201001
1974-06-09 22:00:00,-0.02,B532201001
1974-06-10 00:00:00,-0.02,B532201001
1974-08-04 22:00:00,-0.03,B532201001
1974-08-05 00:00:00,-0.03,B532201001
1974-09-22 22:00:00,-0.04,B532201001
1974-09-23 00:00:00,-0.04,B532201001
1974-11-24 23:00:00,0,B532201001
1974-11-25 00:00:00,0,B532201001
1975-03-16 23:00:00,0,B532201001
1975-03-17 00:00:00,0,B532201001
1975-05-05 22:00:00,-0.01,B532201001
1975-05-06 00:00:00,-0.01,B532201001
1975-07-07 22:00:00,-0.01,B532201001
1975-07-08 00:00:00,-0.01,B532201001
1975-08-31 22:00:00,-0.01,B532201001
1975-09-01 00:00:00,-0.01,B532201001
1975-11-04 23:00:00,0,B532201001
1975-11-05 00:00:00,0,B532201001
1976-07-06 22:00:00,0,B532201001
1976-07-07 00:00:00,0,B532201001
1976-09-27 22:00:00,-0.02,B532201001
1976-09-28 00:00:00,-0.02,B532201001
1976-11-22 23:00:00,0,B532201001
1976-11-23 00:00:00,0,B532201001
1977-03-14 23:00:00,0,B532201001
1977-03-15 00:00:00,0,B532201001
1977-05-09 22:00:00,-0.01,B532201001
1977-05-10 00:00:00,-0.01,B532201001
1977-07-05 22:00:00,-0.02,B532201001
1977-07-06 00:00:00,-0.02,B532201001
1977-08-29 22:00:00,0,B532201001
1977-08-30 00:00:00,0,B532201001
1977-10-20 22:00:00,-0.02,B532201001
1977-10-21 00:00:00,-0.02,B532201001
1977-12-19 23:00:00,0,B532201001
1977-12-20 00:00:00,0,B532201001
1978-02-14 23:00:00,0,B532201001
1978-02-15 00:00:00,0,B532201001
1978-04-11 22:00:00,-0.02,B532201001
1978-04-12 00:00:00,-0.02,B532201001
1978-06-05 22:00:00,-0.02,B532201001
1978-06-06 00:00:00,-0.02,B532201001
1978-07-31 22:00:00,-0.01,B532201001
1978-08-01 00:00:00,-0.01,B532201001
1978-09-26 22:00:00,-0.03,B532201001
1978-09-27 00:00:00,-0.03,B532201001
1979-03-11 23:00:00,0,B532201001
1979-03-12 00:00:00,0,B532201001
1979-06-05 22:00:00,-0.04,B532201001
1979-06-06 00:00:00,-0.04,B532201001
1979-08-27 22:00:00,0,B532201001
1979-08-28 00:00:00,0,B532201001
2003-09-16 22:00:00,0,B532201001
2003-09-17 00:00:00,0,B532201001
2003-10-20 22:00:00,-0.03,B532201001
2003-10-21 00:00:00,-0.03,B532201001
2003-12-11 23:00:00,0,B532201001
2003-12-12 00:00:00,0,B532201001
2016-12-01 00:00:00,0,B532201001
2004-04-22 09:00:00,0,A994202001
2004-04-22 11:00:00,0,A994202001
2004-05-05 10:00:00,-0.02,A994202001
2004-05-05 12:00:00,-0.02,A994202001
2004-05-26 13:30:00,-0.08,A994202001
2004-05-26 15:30:00,-0.08,A994202001
2004-09-03 08:45:00,-0.17,A994202001
2004-09-03 10:45:00,-0.17,A994202001
2004-10-21 09:00:00,-0.17,A994202001
2004-10-21 11:00:00,-0.17,A994202001
2004-10-22 15:00:00,-0.06,A994202001
2004-10-22 17:00:00,-0.06,A994202001
2004-10-26 17:00:00,-0.04,A994202001
2004-10-26 19:00:00,-0.04,A994202001
2004-11-03 11:30:00,-0.1,A994202001
2004-11-03 12:30:00,-0.1,A994202001
2004-11-08 11:00:00,0,A994202001
2004-11-08 12:00:00,0,A994202001
2005-04-19 13:40:00,0,A994202001
2005-04-19 15:40:00,0,A994202001
2005-05-10 10:00:00,-0.02,A994202001
2005-05-10 12:00:00,-0.02,A994202001
2005-07-01 11:30:00,-0.29,A994202001
2005-07-01 13:30:00,-0.29,A994202001
2005-08-25 07:55:00,-0.22,A994202001
2005-08-25 09:55:00,-0.22,A994202001
2005-10-14 10:30:00,-0.16,A994202001
2005-10-14 12:30:00,-0.16,A994202001
2005-11-16 13:50:00,-0.12,A994202001
2005-11-16 14:50:00,-0.12,A994202001
2005-12-02 22:55:00,-0.11,A994202001
2005-12-02 23:55:00,-0.11,A994202001
2006-01-01 10:00:00,0,A994202001
2006-01-01 11:00:00,0,A994202001
2006-05-12 09:00:00,0,A994202001
2006-05-12 11:00:00,0,A994202001
2006-07-20 08:00:00,-0.17,A994202001
2006-07-20 10:00:00,-0.17,A994202001
2006-08-09 09:00:00,-0.21,A994202001
2006-08-09 11:00:00,-0.21,A994202001
2006-09-14 09:00:00,-0.14,A994202001
2006-09-14 11:00:00,-0.14,A994202001
2006-11-16 15:00:00,-0.04,A994202001
2006-11-16 16:00:00,-0.04,A994202001
2007-01-01 10:11:00,0,A994202001
2007-01-01 11:11:00,0,A994202001
2007-05-01 11:11:00,0,A994202001
2007-05-31 12:00:00,-0.16,A994202001
2007-07-06 10:00:00,-0.21,A994202001
2007-08-28 10:00:00,-0.13,A994202001
2007-09-21 11:00:00,-0.13,A994202001
2007-12-01 11:11:00,0,A994202001
2008-05-11 11:11:00,0,A994202001
2008-07-03 10:00:00,-0.21,A994202001
2008-08-08 08:08:00,-0.245,A994202001
2008-10-22 11:11:00,-0.18,A994202001
2008-11-11 11:11:00,-0.22,A994202001
2009-01-01 00:00:00,0,A994202001
2009-04-01 11:11:00,0,A994202001
2009-04-28 11:11:00,-0.03,A994202001
2009-06-09 11:11:00,-0.26,A994202001
2009-07-21 11:11:00,-0.28,A994202001
2009-09-09 09:09:00,-0.27,A994202001
2009-10-19 11:11:00,-0.3,A994202001
2009-12-03 11:11:00,-0.12,A994202001
2009-12-22 11:11:00,0,A994202001
2010-04-20 00:00:00,0,A994202001
2010-05-21 15:25:00,-0.04,A994202001
2010-06-29 12:00:00,-0.19,A994202001
2010-07-27 10:15:00,-0.24,A994202001
2010-08-25 15:40:00,-0.21,A994202001
2010-09-23 17:15:00,-0.18,A994202001
2010-11-02 10:05:00,-0.18,A994202001
2010-12-06 10:15:00,-0.04,A994202001
2010-12-07 00:00:00,0,A994202001
2011-02-28 23:00:00,0,A994202001
2011-05-03 18:10:00,-0.09,A994202001
2011-06-07 17:35:00,-0.24,A994202001
2011-07-07 17:00:00,-0.31,A994202001
2011-08-03 00:00:00,-0.32,A994202001
2011-09-06 00:00:00,-0.33,A994202001
2011-11-24 00:00:00,-0.23,A994202001
2011-12-06 00:00:00,0,A994202001
2012-04-07 00:00:00,0,A994202001
2012-06-12 00:00:00,-0.09,A994202001
2012-07-09 00:00:00,-0.14,A994202001
2012-08-17 00:00:00,-0.18,A994202001
2012-10-11 00:00:00,-0.18,A994202001
2012-11-06 00:00:00,0,A994202001
2012-11-07 00:00:00,0,A994202001
2012-11-08 00:00:00,-0.05,A994202001
2012-12-05 00:00:00,0,A994202001
2013-06-01 00:00:00,0,A994202001
2013-07-23 00:00:00,-0.13,A994202001
2013-08-29 00:00:00,-0.16,A994202001
2013-10-11 00:00:00,0,A994202001
2014-04-01 00:00:00,0,A994202001
2014-06-25 00:00:00,-0.09,A994202001
2014-07-28 00:00:00,-0.1,A994202001
2014-09-03 00:00:00,-0.08,A994202001
2014-09-25 00:00:00,-0.07,A994202001
2014-10-30 00:00:00,-0.07,A994202001
2014-11-04 00:00:00,0,A994202001
2015-03-20 00:00:00,0,A994202001
2015-04-23 00:00:00,-0.08,A994202001
2015-06-01 00:00:00,-0.06,A994202001
2015-06-29 00:00:00,-0.13,A994202001
2015-07-27 00:00:00,-0.22,A994202001
2015-08-18 00:00:00,-0.18,A994202001
2015-09-11 00:00:00,-0.22,A994202001
2015-10-14 00:00:00,-0.11,A994202001
2015-11-20 00:00:00,0,A994202001
2016-06-20 00:00:00,0,A994202001
2016-07-07 00:00:00,-0.04,A994202001
2016-07-26 00:00:00,-0.08,A994202001
2016-07-26 11:00:00,-0.08,A994202001
2016-08-18 00:00:00,-0.09,A994202001
2016-08-18 15:00:00,-0.09,A994202001
2016-09-06 00:00:00,-0.07,A994202001
2016-10-05 00:00:00,-0.06,A994202001
2016-11-02 00:00:00,-0.07,A994202001
2016-11-23 00:00:00,0,A994202001
2016-12-31 00:00:00,0,A994202001
2017-05-03 00:00:00,0,A994202001
2017-05-30 00:00:00,-0.06,A994202001
2017-05-31 00:00:00,-0.06,A994202001
2017-06-22 00:00:00,-0.18,A994202001
2017-07-03 00:00:00,-0.18,A994202001
2017-07-25 00:00:00,-0.2,A994202001
2017-07-25 13:01:00,-0.2,A994202001
2017-08-23 00:00:00,-0.2,A994202001
2017-08-23 13:39:00,-0.2,A994202001
2017-09-12 00:00:00,-0.23,A994202001
2017-10-03 00:00:00,-0.16,A994202001
2017-11-27 00:00:00,0,A994202001
2018-04-18 00:00:00,0,A994202001
2018-05-11 00:00:00,-0.07,A994202001
2018-06-05 00:00:00,-0.12,A994202001
2018-07-19 00:00:00,-0.21,A994202001
2018-08-09 00:00:00,-0.23,A994202001
2018-09-07 00:00:00,-0.25,A994202001
2018-10-11 00:00:00,-0.27,A994202001
2018-11-06 00:00:00,-0.2,A994202001
2018-11-27 00:00:00,-0.17,A994202001
2018-11-27 13:08:00,-0.17,A994202001
2018-12-03 00:00:00,0,A994202001
2019-04-02 00:00:00,0,A994202001
2019-05-02 00:00:00,-0.07,A994202001
2019-05-29 00:00:00,-0.1,A994202001
2019-06-25 00:00:00,-0.22,A994202001
2019-08-06 00:00:00,-0.29,A994202001
2019-09-06 00:00:00,-0.27,A994202001
2019-10-02 00:00:00,-0.16,A994202001
2019-10-29 00:00:00,-0.1,A994202001
2019-11-19 00:00:00,-0.08,A994202001
2019-12-12 00:00:00,0,A994202001
2020-05-13 00:00:00,0,A994202001
2020-06-04 00:00:00,-0.07,A994202001
2020-07-01 00:00:00,-0.12,A994202001
2020-07-29 00:00:00,-0.21,A994202001
2020-08-18 00:00:00,-0.25,A994202001
2020-09-08 00:00:00,-0.23,A994202001
2020-10-07 00:00:00,-0.16,A994202001
2020-11-04 00:00:00,-0.1,A994202001
2020-11-25 00:00:00,-0.08,A994202001
2020-12-04 00:00:00,-0.08,A994202001
2020-12-16 00:00:00,0,A994202001
2021-05-26 00:00:00,0,A994202001
2021-06-16 00:00:00,-0.14,A994202001
2021-07-08 00:00:00,-0.3,A994202001
2021-08-03 00:00:00,-0.14,A994202001
2021-09-02 00:00:00,-0.11,A994202001
2021-09-30 00:00:00,-0.1,A994202001
2021-11-03 00:00:00,-0.18,A994202001
2021-11-24 00:00:00,-0.1,A994202001
2021-12-14 00:00:00,-0.1,A994202001
2022-01-03 00:00:00,0,A994202001
2022-05-11 00:00:00,0,A994202001
2022-06-07 00:00:00,-0.06,A994202001
2022-06-22 00:21:00,-0.11,A994202001
2022-07-26 00:00:00,-0.15,A994202001
2022-08-10 00:00:00,-0.15,A994202001
2022-08-23 00:00:00,-0.17,A994202001
2022-09-20 00:00:00,-0.11,A994202001
2022-10-14 05:20:00,-0.042,A994202001
2022-11-17 00:00:00,0,A994202001
2023-05-17 00:00:00,0,A994202001
2023-06-22 11:31:00,-0.074,A994202001
2023-07-12 11:07:00,-0.065,A994202001
2023-08-10 20:20:00,-0.169,A994202001
2023-09-06 00:00:00,-0.125,A994202001
2023-09-27 00:00:00,-0.09,A994202001
2023-10-11 00:00:00,-0.09,A994202001
2023-10-30 00:00:00,0,A994202001
2025-04-09 00:00:00,0,A994202001
2025-05-14 00:00:00,-0.03,A994202001
2025-06-18 00:00:00,0,A994202001
2025-07-10 00:00:00,-0.02,A994202001
2003-05-14 22:00:00,0,A973121001
2003-05-15 00:00:00,0,A973121001
2003-06-03 22:00:00,-0.19,A973121001
2003-06-04 00:00:00,-0.19,A973121001
2003-08-27 06:45:00,-0.185,A973121001
2003-08-27 08:45:00,-0.185,A973121001
2003-09-10 06:15:00,-0.18,A973121001
2003-09-10 08:15:00,-0.18,A973121001
2003-09-26 06:30:00,-0.18,A973121001
2003-09-26 08:30:00,-0.18,A973121001
2003-11-14 23:00:00,0,A973121001
2003-11-15 00:00:00,0,A973121001
2004-04-22 12:45:00,0,A973121001
2004-04-22 14:45:00,0,A973121001
2004-05-14 22:00:00,0,A973121001
2004-05-15 00:00:00,0,A973121001
2004-06-17 10:00:00,-0.28,A973121001
2004-06-17 12:00:00,-0.28,A973121001
2004-09-03 13:25:00,-0.26,A973121001
2004-09-03 15:25:00,-0.26,A973121001
2004-10-26 13:40:00,-0.17,A973121001
2004-10-26 15:40:00,-0.17,A973121001
2004-11-05 11:20:00,-0.17,A973121001
2004-11-05 12:20:00,-0.17,A973121001
2004-11-19 23:00:00,0,A973121001
2004-11-20 00:00:00,0,A973121001
2005-05-14 22:00:00,0,A973121001
2005-05-15 00:00:00,0,A973121001
2005-07-01 09:50:00,-0.37,A973121001
2005-07-01 11:50:00,-0.37,A973121001
2005-09-22 11:10:00,-0.19,A973121001
2005-09-22 13:10:00,-0.19,A973121001
2005-10-18 22:00:00,-0.19,A973121001
2005-10-19 00:00:00,-0.19,A973121001
2005-11-11 10:11:00,0,A973121001
2005-11-11 11:11:00,0,A973121001
2006-05-11 09:11:00,0,A973121001
2006-05-11 11:11:00,0,A973121001
2006-06-26 22:00:00,-0.27,A973121001
2006-06-27 00:00:00,-0.27,A973121001
2006-06-28 22:00:00,-0.23,A973121001
2006-06-29 00:00:00,-0.23,A973121001
2006-07-20 13:00:00,-0.22,A973121001
2006-07-20 15:00:00,-0.22,A973121001
2006-08-09 14:00:00,-0.16,A973121001
2006-08-09 16:00:00,-0.16,A973121001
2006-09-14 13:00:00,-0.17,A973121001
2006-09-14 15:00:00,-0.17,A973121001
2006-11-11 10:11:00,0,A973121001
2006-11-11 11:11:00,0,A973121001
2007-04-11 11:11:00,0,A973121001
2007-04-24 16:00:00,-0.05,A973121001
2007-05-31 19:00:00,-0.15,A973121001
2007-07-02 00:00:00,0,A973121001
2007-08-28 13:00:00,-0.09,A973121001
2007-09-21 11:00:00,-0.13,A973121001
2007-11-11 11:11:00,0,A973121001
2008-05-02 10:00:00,0,A973121001
2008-07-03 15:00:00,-0.29,A973121001
2008-08-08 08:08:00,-0.31,A973121001
2008-10-22 16:00:00,-0.18,A973121001
2009-01-01 00:00:00,0,A973121001
2009-03-29 00:00:00,0,A973121001
2009-04-28 00:00:00,-0.12,A973121001
2009-06-09 11:11:00,-0.35,A973121001
2009-07-21 11:11:00,-0.35,A973121001
2009-09-09 11:11:00,-0.33,A973121001
2009-10-19 00:00:00,-0.33,A973121001
2009-12-03 00:00:00,-0.19,A973121001
2009-12-22 00:00:00,0,A973121001
2010-04-04 11:11:00,0,A973121001
2010-04-20 15:15:00,-0.08,A973121001
2010-05-21 10:30:00,-0.18,A973121001
2010-06-18 00:00:00,-0.35,A973121001
2010-06-29 10:00:00,-0.28,A973121001
2010-07-27 16:00:00,-0.28,A973121001
2010-08-25 11:30:00,-0.28,A973121001
2010-09-23 14:20:00,-0.24,A973121001
2010-11-02 14:50:00,-0.15,A973121001
2010-11-23 07:00:00,0,A973121001
2011-03-31 00:00:00,0,A973121001
2011-04-14 14:20:00,-0.045,A973121001
2011-05-03 15:45:00,-0.125,A973121001
2011-06-07 00:00:00,-0.24,A973121001
2011-07-07 14:25:00,-0.27,A973121001
2011-08-03 00:00:00,-0.25,A973121001
2011-09-05 00:00:00,-0.21,A973121001
2011-11-24 00:00:00,-0.13,A973121001
2011-12-06 00:00:00,0,A973121001
2012-03-13 00:00:00,0,A973121001
2012-03-29 00:00:00,-0.07,A973121001
2012-05-15 00:00:00,-0.2,A973121001
2012-06-12 00:00:00,-0.24,A973121001
2012-07-09 00:00:00,-0.24,A973121001
2012-08-17 00:00:00,-0.21,A973121001
2012-10-17 00:00:00,-0.18,A973121001
2012-11-06 00:00:00,0,A973121001
2012-11-07 00:00:00,0,A973121001
2012-11-08 00:00:00,-0.13,A973121001
2012-12-05 00:00:00,0,A973121001
2013-06-01 00:00:00,0,A973121001
2013-06-07 00:00:00,-0.09,A973121001
2013-07-22 00:00:00,-0.19,A973121001
2013-08-29 00:00:00,-0.2,A973121001
2013-10-07 00:00:00,-0.28,A973121001
2013-10-23 00:00:00,0,A973121001
2014-04-01 00:00:00,0,A973121001
2014-04-11 00:00:00,-0.12,A973121001
2014-05-26 00:00:00,-0.27,A973121001
2014-06-25 00:00:00,-0.25,A973121001
2014-07-28 00:00:00,-0.27,A973121001
2014-09-03 00:00:00,-0.27,A973121001
2014-09-25 00:00:00,-0.24,A973121001
2014-10-31 00:00:00,-0.23,A973121001
2014-11-04 00:00:00,0,A973121001
2015-03-20 00:00:00,0,A973121001
2015-04-23 00:00:00,-0.14,A973121001
2015-06-01 00:00:00,-0.27,A973121001
2015-06-29 00:00:00,-0.27,A973121001
2015-07-27 00:00:00,-0.33,A973121001
2015-08-18 00:00:00,-0.28,A973121001
2015-09-11 00:00:00,-0.3,A973121001
2015-10-14 00:00:00,-0.19,A973121001
2015-11-19 00:00:00,-0.12,A973121001
2015-11-20 00:00:00,0,A973121001
2016-06-20 00:00:00,0,A973121001
2016-07-07 00:00:00,-0.1,A973121001
2016-07-26 00:00:00,-0.13,A973121001
2016-08-18 10:00:00,-0.24,A973121001
2016-08-26 00:00:00,-0.24,A973121001
2016-09-06 00:00:00,-0.2,A973121001
2016-10-05 00:00:00,-0.13,A973121001
2016-11-02 00:00:00,-0.11,A973121001
2016-11-23 00:00:00,0,A973121001
2016-12-31 00:00:00,0,A973121001
2017-05-03 00:00:00,0,A973121001
2017-05-31 00:00:00,-0.17,A973121001
2017-06-22 00:00:00,-0.32,A973121001
2017-07-03 00:00:00,-0.32,A973121001
2017-07-25 08:00:00,-0.19,A973121001
2017-08-23 00:00:00,-0.24,A973121001
2017-08-23 13:41:00,-0.24,A973121001
2017-09-12 00:00:00,-0.23,A973121001
2017-10-03 00:00:00,-0.12,A973121001
2017-10-30 00:00:00,-0.16,A973121001
2017-11-27 00:00:00,0,A973121001
2018-04-18 00:00:00,0,A973121001
2018-05-11 00:00:00,-0.07,A973121001
2018-06-05 00:00:00,-0.24,A973121001
2018-07-19 00:00:00,-0.31,A973121001
2018-08-09 09:14:00,-0.31,A973121001
2018-09-07 00:00:00,-0.34,A973121001
2018-10-11 00:00:00,-0.24,A973121001
2018-11-06 00:00:00,-0.26,A973121001
2018-11-27 00:00:00,-0.22,A973121001
2018-11-27 13:05:00,-0.22,A973121001
2018-12-03 00:00:00,0,A973121001
2019-04-02 00:00:00,0,A973121001
2019-05-02 00:00:00,-0.09,A973121001
2019-05-29 00:00:00,-0.21,A973121001
2019-06-25 00:00:00,-0.25,A973121001
2019-09-06 00:00:00,-0.27,A973121001
2019-10-02 00:00:00,-0.17,A973121001
2019-10-29 00:00:00,-0.2,A973121001
2019-11-19 00:00:00,-0.24,A973121001
2019-12-03 00:00:00,-0.06,A973121001
2019-12-05 00:00:00,-0.06,A973121001
2019-12-12 00:00:00,0,A973121001
2020-05-13 00:00:00,0,A973121001
2020-06-04 00:00:00,-0.21,A973121001
2020-07-01 00:00:00,-0.3,A973121001
2020-07-29 00:00:00,-0.25,A973121001
2020-08-18 00:00:00,-0.24,A973121001
2020-09-08 00:00:00,-0.25,A973121001
2020-10-07 00:00:00,-0.12,A973121001
2020-11-04 00:00:00,-0.15,A973121001
2020-11-25 00:00:00,0,A973121001
2021-04-27 00:00:00,0,A973121001
2021-05-26 00:00:00,-0.07,A973121001
2021-06-16 00:00:00,-0.2,A973121001
2021-07-08 00:00:00,-0.21,A973121001
2021-08-03 00:00:00,-0.16,A973121001
2021-09-02 00:00:00,-0.27,A973121001
2021-09-30 00:00:00,-0.22,A973121001
2021-11-03 00:00:00,-0.3,A973121001
2021-11-25 00:00:00,-0.17,A973121001
2021-12-14 00:00:00,-0.15,A973121001
2022-01-03 00:00:00,0,A973121001
2022-05-11 00:00:00,0,A973121001
2022-06-07 00:00:00,-0.1,A973121001
2022-06-22 00:00:00,-0.07,A973121001
2022-07-26 00:00:00,-0.07,A973121001
2022-08-10 00:00:00,-0.05,A973121001
2022-08-23 00:00:00,-0.04,A973121001
2022-09-20 00:00:00,-0.03,A973121001
2022-10-13 00:00:00,0,A973121001
2023-05-17 00:00:00,0,A973121001
2023-06-21 00:00:00,-0.07,A973121001
2023-07-12 00:00:00,-0.11,A973121001
2023-08-09 00:00:00,-0.08,A973121001
2023-09-06 00:00:00,-0.07,A973121001
2023-10-11 00:00:00,-0.03,A973121001
2023-10-30 00:00:00,0,A973121001
2024-06-15 00:00:00,0,A973121001
2024-06-25 00:00:00,-0.18,A973121001
2024-07-17 00:00:00,-0.2,A973121001
2024-08-13 00:00:00,-0.14,A973121001
2024-08-28 00:00:00,-0.09,A973121001
2024-09-18 00:00:00,-0.1,A973121001
2024-10-08 00:00:00,0,A973121001
2025-04-08 00:00:00,0,A973121001
2025-05-14 00:00:00,-0.03,A973121001
2025-06-18 00:00:00,-0.08,A973121001
2025-07-10 00:00:00,-0.15,A973121001
2001-06-25 22:00:00,0,B110000001
2001-06-26 00:00:00,0,B110000001
2001-07-24 22:00:00,-0.03,B110000001
2001-07-25 00:00:00,-0.03,B110000001
2001-08-28 22:00:00,-0.02,B110000001
2001-08-29 00:00:00,-0.02,B110000001
2001-09-21 22:00:00,0,B110000001
2001-09-22 00:00:00,0,B110000001
2002-01-28 23:00:00,0,B110000001
2002-01-29 00:00:00,0,B110000001
2002-04-30 00:00:00,0,B110000001
2002-05-01 22:00:00,-0.05,B110000001
2002-05-02 00:00:00,-0.05,B110000001
2002-06-12 22:00:00,-0.09,B110000001
2002-06-13 00:00:00,-0.09,B110000001
2002-07-15 22:00:00,-0.06,B110000001
2002-07-16 00:00:00,-0.06,B110000001
2002-10-20 22:00:00,0,B110000001
2002-10-21 00:00:00,0,B110000001
2003-03-31 22:00:00,0,B110000001
2003-04-01 00:00:00,0,B110000001
2003-04-14 22:00:00,0,B110000001
2003-04-15 00:00:00,0,B110000001
2003-06-02 22:00:00,-0.03,B110000001
2003-06-03 00:00:00,-0.03,B110000001
2003-07-23 22:00:00,-0.03,B110000001
2003-07-24 00:00:00,-0.03,B110000001
2003-08-12 22:00:00,0,B110000001
2003-08-13 00:00:00,0,B110000001
2003-08-28 22:00:00,0,B110000001
2003-08-29 00:00:00,0,B110000001
2003-09-09 22:00:00,-0.01,B110000001
2003-09-10 00:00:00,-0.01,B110000001
2003-09-24 22:00:00,0,B110000001
2003-09-25 00:00:00,0,B110000001
2003-09-30 22:00:00,-0.02,B110000001
2003-10-01 00:00:00,-0.02,B110000001
2003-11-14 23:00:00,0,B110000001
2004-04-01 00:00:00,0,B110000001
2004-05-13 00:00:00,-0.04,B110000001
2004-05-16 22:00:00,-0.06,B110000001
2004-05-17 00:00:00,-0.06,B110000001
2004-05-31 22:00:00,-0.13,B110000001
2004-06-01 00:00:00,-0.13,B110000001
2004-06-14 22:00:00,-0.17,B110000001
2004-06-15 00:00:00,-0.17,B110000001
2004-07-29 22:00:00,-0.05,B110000001
2004-07-30 00:00:00,-0.05,B110000001
2004-10-04 22:00:00,-0.01,B110000001
2004-10-05 00:00:00,-0.01,B110000001
2004-11-01 23:00:00,0,B110000001
2004-11-02 00:00:00,0,B110000001
2005-04-30 22:00:00,0,B110000001
2005-05-01 00:00:00,0,B110000001
2005-05-11 22:00:00,-0.01,B110000001
2005-05-12 00:00:00,-0.01,B110000001
2005-06-14 22:00:00,-0.02,B110000001
2005-06-15 00:00:00,-0.02,B110000001
2005-07-21 22:00:00,-0.04,B110000001
2005-07-22 00:00:00,-0.04,B110000001
2005-08-16 22:00:00,-0.04,B110000001
2005-08-17 00:00:00,-0.04,B110000001
2005-10-18 22:00:00,0,B110000001
2005-10-19 00:00:00,0,B110000001
2006-04-14 22:00:00,0,B110000001
2006-04-15 00:00:00,0,B110000001
2006-05-10 22:00:00,-0.11,B110000001
2006-05-11 00:00:00,-0.11,B110000001
2006-07-17 22:00:00,-0.12,B110000001
2006-07-18 00:00:00,-0.12,B110000001
2006-10-24 22:00:00,0,B110000001
2006-10-25 00:00:00,0,B110000001
2007-08-25 00:00:00,0,B110000001
2007-09-24 00:00:00,-0.06,B110000001
2007-11-01 00:00:00,0,B110000001
2008-05-19 00:00:00,0,B110000001
2008-06-17 00:00:00,-0.05,B110000001
2008-07-22 00:00:00,-0.08,B110000001
2008-09-10 00:00:00,-0.04,B110000001
2008-09-30 00:00:00,0,B110000001
2009-05-01 00:00:00,0,B110000001
2009-05-20 00:00:00,-0.07,B110000001
2009-07-01 00:00:00,-0.09,B110000001
2009-09-24 00:00:00,-0.06,B110000001
2009-11-04 00:00:00,0,B110000001
2010-05-19 00:00:00,0,B110000001
2010-08-03 00:00:00,-0.07,B110000001
2010-10-13 00:00:00,0,B110000001
2011-05-01 00:00:00,0,B110000001
2011-05-17 00:00:00,-0.07,B110000001
2011-07-19 00:00:00,0,B110000001
2011-08-23 00:00:00,-0.04,B110000001
2011-11-15 00:00:00,0,B110000001
2013-06-05 00:00:00,0,B110000001
2013-06-14 00:00:00,-0.08,B110000001
2013-07-15 00:00:00,-0.07,B110000001
2013-08-12 00:00:00,-0.06,B110000001
2013-09-23 00:00:00,-0.03,B110000001
2013-10-17 00:00:00,0,B110000001
2015-04-08 00:00:00,0,B110000001
2015-06-02 00:00:00,0,B110000001
2015-07-02 00:00:00,-0.08,B110000001
2015-08-11 00:00:00,-0.06,B110000001
2015-09-14 00:00:00,-0.04,B110000001
2015-10-09 00:00:00,0,B110000001
2016-07-01 00:00:00,0,B110000001
2016-07-07 00:00:00,-0.05,B110000001
2016-08-11 00:00:00,-0.1,B110000001
2016-09-21 00:00:00,-0.07,B110000001
2016-11-04 00:00:00,-0.04,B110000001
2016-11-10 00:00:00,0,B110000001
2017-05-11 00:00:00,0,B110000001
2017-06-02 00:00:00,-0.03,B110000001
2017-07-05 00:00:00,-0.06,B110000001
2017-07-19 00:00:00,-0.06,B110000001
2017-08-14 00:00:00,-0.05,B110000001
2017-09-04 00:00:00,-0.03,B110000001
2017-10-17 00:00:00,0,B110000001
2018-05-29 00:00:00,0,B110000001
2018-07-24 00:00:00,-0.04,B110000001
2018-08-21 00:00:00,-0.01,B110000001
2018-09-12 00:00:00,0,B110000001
2019-06-05 00:00:00,0,B110000001
2019-07-10 00:00:00,-0.04,B110000001
2019-08-09 00:00:00,-0.03,B110000001
2019-09-10 00:00:00,0,B110000001
2020-06-18 00:00:00,0,B110000001
2020-07-21 00:00:00,-0.04,B110000001
2020-08-19 00:00:00,-0.02,B110000001
2020-09-08 00:00:00,0,B110000001
2021-06-01 00:00:00,0,B110000001
2021-06-29 00:00:00,-0.08,B110000001
2021-08-04 00:00:00,-0.035,B110000001
2021-08-31 00:00:00,-0.02,B110000001
2021-09-23 00:00:00,-0.01,B110000001
2021-11-03 00:00:00,0,B110000001
2022-05-19 00:00:00,0,B110000001
2022-07-05 00:00:00,-0.01,B110000001
2022-08-17 00:00:00,0,B110000001
2023-04-23 00:00:00,0,B110000001
2023-05-04 00:00:00,-0.035,B110000001
2023-06-08 00:00:00,-0.075,B110000001
2023-06-29 00:00:00,-0.11,B110000001
2023-07-25 00:00:00,-0.08,B110000001
2023-08-22 00:00:00,-0.01,B110000001
2023-09-28 00:00:00,0,B110000001
1968-03-07 18:59:00,0,A443064001
1968-05-16 00:00:00,-0.135,A443064001
1968-06-20 00:00:00,-0.12,A443064001
1968-07-17 00:00:00,-0.06,A443064001
1968-08-14 00:00:00,-0.06,A443064001
1968-09-10 00:00:00,0,A443064001
1969-03-05 00:00:00,0,A443064001
1969-04-01 00:00:00,-0.06,A443064001
1969-04-24 00:00:00,-0.21,A443064001
1969-06-06 00:00:00,-0.37,A443064001
1969-06-29 00:00:00,-0.165,A443064001
1969-07-23 00:00:00,-0.135,A443064001
1969-09-01 00:00:00,0,A443064001
1971-02-11 00:00:00,0,A443064001
1971-03-24 00:00:00,-0.05,A443064001
1971-04-07 00:00:00,-0.095,A443064001
1971-05-06 00:00:00,-0.175,A443064001
1971-05-24 00:00:00,-0.085,A443064001
1971-06-11 00:00:00,-0.04,A443064001
1971-07-06 00:00:00,-0.03,A443064001
1971-09-07 00:00:00,0,A443064001
1972-04-12 00:00:00,0,A443064001
1972-04-15 00:00:00,-0.02,A443064001
1972-05-31 00:00:00,-0.16,A443064001
1972-06-29 00:00:00,-0.28,A443064001
1972-07-28 00:00:00,-0.18,A443064001
1972-10-27 00:00:00,-0.02,A443064001
1972-11-08 00:00:00,0,A443064001
1973-06-28 00:00:00,0,A443064001
1973-07-10 00:00:00,-0.02,A443064001
1973-08-27 00:00:00,-0.05,A443064001
1973-09-19 00:00:00,-0.03,A443064001
1973-10-23 00:00:00,0,A443064001
1974-02-14 00:00:00,0,A443064001
1974-04-03 00:00:00,-0.035,A443064001
1974-05-17 00:00:00,-0.03,A443064001
1974-06-21 00:00:00,-0.04,A443064001
1974-07-19 00:00:00,-0.075,A443064001
1974-08-24 00:00:00,-0.045,A443064001
1974-09-25 00:00:00,-0.06,A443064001
1974-11-03 00:00:00,0,A443064001
1975-05-14 00:00:00,0,A443064001
1975-05-15 00:00:00,-0.015,A443064001
1975-06-27 00:00:00,-0.09,A443064001
1975-08-15 00:00:00,-0.08,A443064001
1975-09-21 00:00:00,-0.05,A443064001
1975-10-23 00:00:00,-0.02,A443064001
1975-11-27 00:00:00,0,A443064001
1976-04-01 00:00:00,0,A443064001
1976-04-23 00:00:00,-0.165,A443064001
1976-05-21 00:00:00,-0.185,A443064001
1976-06-07 00:00:00,-0.105,A443064001
1976-06-26 00:00:00,0,A443064001
1977-05-15 00:00:00,0,A443064001
1977-07-02 00:00:00,-0.03,A443064001
1977-08-25 00:00:00,0,A443064001
1977-09-25 00:00:00,-0.065,A443064001
1977-10-26 00:00:00,-0.045,A443064001
1977-12-07 00:00:00,0,A443064001
1978-03-31 00:00:00,0,A443064001
1978-05-09 00:00:00,-0.04,A443064001
1978-06-15 00:00:00,-0.11,A443064001
1978-07-19 00:00:00,-0.035,A443064001
1978-09-01 00:00:00,-0.07,A443064001
1978-09-27 00:00:00,-0.07,A443064001
1978-10-27 00:00:00,-0.055,A443064001
1978-11-23 00:00:00,-0.09,A443064001
1978-12-25 00:00:00,0,A443064001
1979-04-25 00:00:00,0,A443064001
1979-05-01 00:00:00,-0.03,A443064001
1979-05-17 00:00:00,-0.1,A443064001
1979-06-28 00:00:00,-0.135,A443064001
1979-07-29 00:00:00,-0.125,A443064001
1979-10-04 00:00:00,-0.065,A443064001
1979-11-13 00:00:00,0,A443064001
1980-04-26 00:00:00,0,A443064001
1980-05-30 00:00:00,-0.045,A443064001
1980-06-27 00:00:00,-0.09,A443064001
1980-07-17 00:00:00,-0.045,A443064001
1980-08-09 00:00:00,-0.08,A443064001
1980-09-24 00:00:00,-0.045,A443064001
1980-10-31 00:00:00,-0.035,A443064001
1980-12-15 00:00:00,0,A443064001
1981-02-02 00:00:00,0,A443064001
1981-03-05 00:00:00,-0.05,A443064001
1981-04-29 00:00:00,-0.24,A443064001
1981-06-04 00:00:00,-0.315,A443064001
1981-06-05 00:00:00,-0.26,A443064001
1981-07-23 00:00:00,-0.13,A443064001
1981-09-02 00:00:00,-0.09,A443064001
1981-10-11 00:00:00,0,A443064001
1983-07-23 00:00:00,0,A443064001
1983-08-24 00:00:00,-0.025,A443064001
1983-09-09 00:00:00,0,A443064001
1985-05-01 00:00:00,0,A443064001
1985-05-23 00:00:00,-0.105,A443064001
1985-06-18 00:00:00,-0.11,A443064001
1985-06-26 00:00:00,-0.16,A443064001
1985-07-10 00:00:00,-0.085,A443064001
1985-08-30 00:00:00,-0.065,A443064001
1985-09-23 00:00:00,-0.04,A443064001
1985-10-16 00:00:00,-0.015,A443064001
1985-11-28 00:00:00,0,A443064001
1987-05-11 00:00:00,0,A443064001
1987-06-11 00:00:00,-0.09,A443064001
1987-07-07 00:00:00,0,A443064001
1988-03-03 00:00:00,0,A443064001
1988-04-20 00:00:00,-0.045,A443064001
1988-06-10 00:00:00,-0.17,A443064001
1988-08-10 00:00:00,-0.09,A443064001
1988-09-15 00:00:00,0,A443064001
1989-04-15 00:00:00,0,A443064001
1989-05-22 00:00:00,-0.21,A443064001
1989-07-04 00:00:00,-0.16,A443064001
1989-08-17 00:00:00,-0.015,A443064001
1989-08-18 00:00:00,-0.06,A443064001
1989-08-22 00:00:00,0,A443064001
1991-07-01 00:00:00,0,A443064001
1991-07-22 00:00:00,-0.06,A443064001
1991-08-01 00:00:00,0,A443064001
1992-05-25 00:00:00,0,A443064001
1992-06-01 00:00:00,-0.01,A443064001
1992-07-02 00:00:00,-0.04,A443064001
1992-07-30 00:00:00,-0.06,A443064001
1992-08-23 00:00:00,0,A443064001
1992-10-07 00:01:00,-0.015,A443064001
1992-11-01 00:00:00,0,A443064001
1993-04-06 00:00:00,0,A443064001
1993-05-04 00:00:00,-0.07,A443064001
1993-05-10 00:00:00,0,A443064001
1993-06-03 00:00:00,0,A443064001
1993-06-24 00:00:00,-0.07,A443064001
1993-06-25 00:00:00,-0.16,A443064001
1993-07-21 00:00:00,-0.12,A443064001
1993-08-16 00:00:00,-0.09,A443064001
1993-09-01 00:00:00,0,A443064001
1994-05-06 00:00:00,0,A443064001
1994-06-24 00:00:00,-0.075,A443064001
1994-07-12 00:00:00,-0.07,A443064001
1994-08-22 00:00:00,-0.035,A443064001
1994-09-16 00:00:00,0,A443064001
1995-07-01 00:00:00,0,A443064001
1995-07-21 00:00:00,-0.03,A443064001
1995-08-01 00:00:00,0,A443064001
1996-03-01 00:00:00,0,A443064001
1996-03-28 00:00:00,-0.03,A443064001
1996-04-26 00:00:00,-0.05,A443064001
1996-05-18 00:00:00,0,A443064001
1996-06-11 00:00:00,0,A443064001
1996-06-25 00:00:00,-0.015,A443064001
1996-07-24 00:00:00,0,A443064001
1996-08-11 00:00:00,-0.04,A443064001
1996-09-18 00:00:00,-0.01,A443064001
1996-10-15 00:00:00,0,A443064001
1997-02-20 00:00:00,0,A443064001
1997-03-24 00:00:00,-0.045,A443064001
1997-05-27 00:00:00,-0.025,A443064001
1997-06-25 00:00:00,-0.04,A443064001
1997-08-28 00:00:00,-0.015,A443064001
1997-09-22 00:00:00,0,A443064001
1998-04-01 00:00:00,0,A443064001
1998-05-28 00:00:00,-0.155,A443064001
1998-06-27 00:00:00,-0.1,A443064001
1998-07-23 00:00:00,-0.05,A443064001
1998-08-09 00:00:00,0,A443064001
1999-05-11 00:00:00,0,A443064001
1999-06-16 00:00:00,-0.03,A443064001
1999-06-24 00:00:00,-0.035,A443064001
1999-07-08 00:00:00,-0.04,A443064001
1999-07-22 00:00:00,-0.03,A443064001
1999-08-03 00:00:00,0,A443064001
2000-03-25 00:00:00,0,A443064001
2000-04-18 00:00:00,-0.05,A443064001
2000-05-01 00:00:00,0,A443064001
2000-07-09 00:00:00,0,A443064001
2000-07-11 00:00:00,-0.2,A443064001
2000-07-13 00:00:00,0,A443064001
2003-02-15 00:00:00,0,A443064001
2003-03-11 00:00:00,-0.095,A443064001
2003-04-29 00:00:00,-0.08,A443064001
2003-07-03 00:00:00,-0.02,A443064001
2003-07-18 00:00:00,0,A443064001
2004-06-07 00:00:00,0,A443064001
2004-07-07 00:00:00,-0.07,A443064001
2004-07-29 00:00:00,-0.04,A443064001
2004-09-20 00:00:00,0,A443064001
2005-04-01 00:00:00,0,A443064001
2005-05-18 00:00:00,-0.18,A443064001
2005-06-11 00:00:00,-0.215,A443064001
2005-07-13 00:00:00,-0.11,A443064001
2005-07-29 00:00:00,-0.03,A443064001
2005-08-24 00:00:00,-0.03,A443064001
2005-09-19 00:00:00,0,A443064001
2006-06-02 00:00:00,0,A443064001
2006-06-03 00:00:00,-0.02,A443064001
2006-07-07 00:00:00,-0.07,A443064001
2006-07-19 00:00:00,-0.085,A443064001
2006-07-28 00:00:00,-0.07,A443064001
2006-08-14 00:00:00,0,A443064001
2007-04-01 00:00:00,0,A443064001
2007-04-04 00:00:00,-0.08,A443064001
2007-05-06 00:00:00,-0.23,A443064001
2007-06-05 00:00:00,-0.12,A443064001
2007-06-27 00:00:00,0,A443064001
2008-04-09 00:00:00,0,A443064001
2008-04-12 00:00:00,-0.04,A443064001
2008-05-17 00:00:00,-0.2,A443064001
2008-06-12 00:00:00,-0.22,A443064001
2008-07-14 00:00:00,-0.1,A443064001
2008-07-31 00:00:00,-0.075,A443064001
2008-09-06 00:00:00,0,A443064001
2009-04-11 00:00:00,0,A443064001
2009-05-09 00:00:00,-0.24,A443064001
2009-06-04 00:00:00,-0.165,A443064001
2009-06-12 00:00:00,-0.25,A443064001
2009-06-30 00:00:00,-0.14,A443064001
2009-07-23 00:00:00,0,A443064001
2010-06-01 00:00:00,0,A443064001
2010-06-11 00:00:00,-0.045,A443064001
2010-07-09 00:00:00,-0.19,A443064001
2010-07-20 00:00:00,-0.1,A443064001
2010-08-25 00:00:00,0,A443064001
2011-03-24 00:00:00,0,A443064001
2011-04-22 00:00:00,-0.11,A443064001
2011-05-04 00:00:00,-0.18,A443064001
2011-05-20 00:00:00,-0.165,A443064001
2011-05-26 00:00:00,-0.075,A443064001
2011-07-05 00:00:00,-0.02,A443064001
2011-08-10 00:00:00,0,A443064001
2011-09-09 00:00:00,0,A443064001
2011-10-06 00:00:00,-0.03,A443064001
2011-11-24 00:00:00,-0.03,A443064001
2011-12-05 00:00:00,0,A443064001
2013-04-05 00:00:00,0,A443064001
2013-05-17 00:00:00,-0.1,A443064001
2013-06-11 00:00:00,-0.15,A443064001
2013-07-17 00:00:00,-0.13,A443064001
2013-08-07 00:00:00,-0.07,A443064001
2013-09-05 00:00:00,-0.03,A443064001
2013-10-08 00:00:00,0,A443064001
2014-03-25 00:00:00,0,A443064001
2014-04-01 00:00:00,-0.05,A443064001
2014-05-16 00:00:00,-0.2,A443064001
2014-06-09 00:00:00,-0.12,A443064001
2014-07-01 00:00:00,-0.06,A443064001
2014-07-15 00:00:00,0,A443064001
2015-02-02 00:00:00,0,A443064001
2015-03-24 00:00:00,-0.05,A443064001
2015-04-14 00:00:00,-0.07,A443064001
2015-05-04 00:00:00,-0.16,A443064001
2015-05-12 00:00:00,-0.2,A443064001
2015-06-17 00:00:00,-0.22,A443064001
2015-07-08 00:00:00,-0.15,A443064001
2015-07-29 00:00:00,-0.05,A443064001
2015-08-12 00:00:00,-0.035,A443064001
2015-08-26 00:00:00,-0.025,A443064001
2015-09-08 00:00:00,-0.05,A443064001
2015-09-30 00:00:00,-0.03,A443064001
2015-10-21 00:00:00,-0.02,A443064001
2015-11-20 00:00:00,0,A443064001
2016-05-01 00:00:00,0,A443064001
2016-05-11 00:00:00,-0.06,A443064001
2016-06-29 00:00:00,-0.14,A443064001
2016-07-20 00:00:00,-0.12,A443064001
2016-08-10 00:00:00,-0.1,A443064001
2016-09-07 00:00:00,-0.035,A443064001
2016-10-27 00:00:00,-0.055,A443064001
2016-11-01 00:00:00,0,A443064001
2017-03-12 00:00:00,0,A443064001
2017-04-12 00:00:00,-0.15,A443064001
2017-05-10 00:00:00,-0.34,A443064001
2017-06-21 00:00:00,-0.2,A443064001
2017-07-18 00:00:00,-0.08,A443064001
2017-08-01 00:00:00,-0.045,A443064001
2017-08-16 00:00:00,-0.03,A443064001
2017-09-06 00:00:00,-0.04,A443064001
2017-09-27 00:00:00,0,A443064001
2022-07-10 00:00:00,0,A443064001
2022-08-10 00:00:00,-0.025,A443064001
2022-09-13 00:00:00,0,A443064001
2023-05-25 00:00:00,0,A443064001
2023-06-22 00:00:00,-0.025,A443064001
2023-07-25 00:00:00,0,A443064001
2023-11-13 00:00:00,0,A443064001
2023-11-14 12:45:00,-0.25,A443064001
2023-11-16 00:00:00,0,A443064001
1970-06-12 22:00:00,0,B115001001
1970-06-13 00:00:00,0,B115001001
1970-07-30 22:00:00,-0.05,B115001001
1970-07-31 00:00:00,-0.05,B115001001
1970-09-03 22:00:00,-0.03,B115001001
1970-09-04 00:00:00,-0.03,B115001001
1970-10-13 22:00:00,0,B115001001
1970-10-14 00:00:00,0,B115001001
1971-02-23 23:00:00,0,B115001001
1971-02-24 00:00:00,0,B115001001
1971-03-15 23:00:00,-0.03,B115001001
1971-03-16 00:00:00,-0.03,B115001001
1971-04-06 22:00:00,-0.08,B115001001
1971-04-07 00:00:00,-0.08,B115001001
1971-05-27 22:00:00,-0.09,B115001001
1971-05-28 00:00:00,-0.09,B115001001
1971-06-21 22:00:00,-0.06,B115001001
1971-06-22 00:00:00,-0.06,B115001001
1971-07-28 22:00:00,-0.02,B115001001
1971-07-29 00:00:00,-0.02,B115001001
1971-08-31 22:00:00,0,B115001001
1971-09-01 00:00:00,0,B115001001
1972-02-29 23:00:00,0,B115001001
1972-03-01 00:00:00,0,B115001001
1972-04-12 22:00:00,-0.06,B115001001
1972-04-13 00:00:00,-0.06,B115001001
1972-05-16 22:00:00,-0.16,B115001001
1972-05-17 00:00:00,-0.16,B115001001
1972-06-19 22:00:00,-0.17,B115001001
1972-06-20 00:00:00,-0.17,B115001001
1972-08-02 22:00:00,-0.03,B115001001
1972-08-03 00:00:00,-0.03,B115001001
1972-10-02 22:00:00,-0.02,B115001001
1972-10-03 00:00:00,-0.02,B115001001
1972-12-19 23:00:00,0,B115001001
1972-12-20 00:00:00,0,B115001001
1973-03-15 23:00:00,0,B115001001
1973-03-16 00:00:00,0,B115001001
1973-04-02 22:00:00,-0.07,B115001001
1973-04-03 00:00:00,-0.07,B115001001
1973-05-17 22:00:00,-0.04,B115001001
1973-05-18 00:00:00,-0.04,B115001001
1973-06-20 22:00:00,-0.1,B115001001
1973-06-21 00:00:00,-0.1,B115001001
1973-07-30 22:00:00,-0.11,B115001001
1973-07-31 00:00:00,-0.11,B115001001
1973-09-24 22:00:00,-0.11,B115001001
1973-09-25 00:00:00,-0.11,B115001001
1973-11-21 23:00:00,-0.09,B115001001
1973-11-22 00:00:00,-0.09,B115001001
1973-12-09 23:00:00,0,B115001001
1973-12-10 00:00:00,0,B115001001
1974-03-14 23:00:00,0,B115001001
1974-03-15 00:00:00,0,B115001001
1974-05-15 22:00:00,-0.13,B115001001
1974-05-16 00:00:00,-0.13,B115001001
1974-06-25 22:00:00,-0.1,B115001001
1974-06-26 00:00:00,-0.1,B115001001
1974-08-08 22:00:00,-0.08,B115001001
1974-08-09 00:00:00,-0.08,B115001001
1974-08-28 22:00:00,-0.14,B115001001
1974-08-29 00:00:00,-0.14,B115001001
1974-10-15 22:00:00,0,B115001001
1974-10-16 00:00:00,0,B115001001
1975-04-23 22:00:00,0,B115001001
1975-04-24 00:00:00,0,B115001001
1975-05-17 22:00:00,-0.05,B115001001
1975-05-18 00:00:00,-0.05,B115001001
1975-07-02 22:00:00,0,B115001001
1975-07-03 00:00:00,0,B115001001
1975-07-29 22:00:00,-0.07,B115001001
1975-07-30 00:00:00,-0.07,B115001001
1975-09-03 22:00:00,-0.06,B115001001
1975-09-04 00:00:00,-0.06,B115001001
1975-10-22 22:00:00,-0.05,B115001001
1975-10-23 00:00:00,-0.05,B115001001
1975-12-03 23:00:00,0,B115001001
1975-12-04 00:00:00,0,B115001001
1976-02-04 23:00:00,0,B115001001
1976-02-05 00:00:00,0,B115001001
1976-03-31 22:00:00,-0.03,B115001001
1976-04-01 00:00:00,-0.03,B115001001
1976-05-19 22:00:00,-0.06,B115001001
1976-05-20 00:00:00,-0.06,B115001001
1976-06-15 22:00:00,-0.02,B115001001
1976-06-16 00:00:00,-0.02,B115001001
1976-08-04 22:00:00,0,B115001001
1976-08-05 00:00:00,0,B115001001
1976-09-29 22:00:00,-0.03,B115001001
1976-09-30 00:00:00,-0.03,B115001001
1976-10-21 22:00:00,-0.03,B115001001
1976-10-22 00:00:00,-0.03,B115001001
1976-10-31 23:00:00,0,B115001001
1976-11-01 00:00:00,0,B115001001
1977-03-28 22:00:00,0,B115001001
1977-03-29 00:00:00,0,B115001001
1977-05-04 22:00:00,-0.15,B115001001
1977-05-05 00:00:00,-0.15,B115001001
1977-06-02 22:00:00,-0.16,B115001001
1977-06-03 00:00:00,-0.16,B115001001
1977-07-19 22:00:00,-0.18,B115001001
1977-07-20 00:00:00,-0.18,B115001001
1977-08-17 22:00:00,-0.21,B115001001
1977-08-18 00:00:00,-0.21,B115001001
1977-09-13 22:00:00,-0.15,B115001001
1977-09-14 00:00:00,-0.15,B115001001
1977-10-24 22:00:00,-0.12,B115001001
1977-10-25 00:00:00,-0.12,B115001001
1977-11-03 23:00:00,-0.15,B115001001
1977-11-04 00:00:00,-0.15,B115001001
1977-11-05 23:00:00,0,B115001001
1977-11-06 00:00:00,0,B115001001
1977-11-16 23:00:00,0,B115001001
1977-11-17 00:00:00,0,B115001001
1978-05-24 22:00:00,0,B115001001
1978-05-25 00:00:00,0,B115001001
1978-06-28 22:00:00,-0.02,B115001001
1978-06-29 00:00:00,-0.02,B115001001
1978-09-20 22:00:00,-0.05,B115001001
1978-09-21 00:00:00,-0.05,B115001001
1978-11-13 23:00:00,0,B115001001
1978-11-14 00:00:00,0,B115001001
1980-04-20 22:00:00,0,B115001001
1980-04-21 00:00:00,0,B115001001
1980-05-28 22:00:00,-0.09,B115001001
1980-05-29 00:00:00,-0.09,B115001001
1980-06-28 22:00:00,0,B115001001
1980-06-29 00:00:00,0,B115001001
1980-07-23 22:00:00,0,B115001001
1980-07-24 00:00:00,0,B115001001
1980-07-29 22:00:00,-0.13,B115001001
1980-07-30 00:00:00,-0.13,B115001001
1980-11-05 23:00:00,-0.06,B115001001
1980-11-06 00:00:00,-0.06,B115001001
1980-11-14 23:00:00,0,B115001001
1980-11-15 00:00:00,0,B115001001
1981-04-14 22:00:00,0,B115001001
1981-04-15 00:00:00,0,B115001001
1981-05-26 22:00:00,-0.1,B115001001
1981-05-27 00:00:00,-0.1,B115001001
1981-07-01 22:00:00,0,B115001001
1981-07-02 00:00:00,0,B115001001
1981-08-25 22:00:00,-0.09,B115001001
1981-08-26 00:00:00,-0.09,B115001001
1981-09-23 22:00:00,0,B115001001
1981-09-24 00:00:00,0,B115001001
1982-04-07 22:00:00,0,B115001001
1982-04-08 00:00:00,0,B115001001
1982-05-27 22:00:00,-0.02,B115001001
1982-05-28 00:00:00,-0.02,B115001001
1982-07-27 22:00:00,-0.09,B115001001
1982-07-28 00:00:00,-0.09,B115001001
1982-09-09 22:00:00,-0.09,B115001001
1982-09-10 00:00:00,-0.09,B115001001
1982-09-27 22:00:00,-0.09,B115001001
1982-09-28 00:00:00,-0.09,B115001001
1982-10-13 22:00:00,0,B115001001
1982-10-14 00:00:00,0,B115001001
1983-03-09 23:00:00,0,B115001001
1983-03-10 00:00:00,0,B115001001
1983-06-15 22:00:00,-0.03,B115001001
1983-06-16 00:00:00,-0.03,B115001001
1983-08-02 22:00:00,-0.06,B115001001
1983-08-03 00:00:00,-0.06,B115001001
1983-10-04 22:00:00,-0.04,B115001001
1983-10-05 00:00:00,-0.04,B115001001
1983-12-06 23:00:00,0,B115001001
1983-12-07 00:00:00,0,B115001001
1984-03-28 22:00:00,0,B115001001
1984-03-29 00:00:00,0,B115001001
1984-05-02 22:00:00,-0.02,B115001001
1984-05-03 00:00:00,-0.02,B115001001
1984-06-20 22:00:00,-0.06,B115001001
1984-06-21 00:00:00,-0.06,B115001001
1984-07-11 22:00:00,-0.06,B115001001
1984-07-12 00:00:00,-0.06,B115001001
1984-08-22 22:00:00,-0.07,B115001001
1984-08-23 00:00:00,-0.07,B115001001
1984-10-10 22:00:00,0,B115001001
1984-10-11 00:00:00,0,B115001001
1985-03-13 23:00:00,0,B115001001
1985-03-14 00:00:00,0,B115001001
1985-05-27 22:00:00,-0.08,B115001001
1985-05-28 00:00:00,-0.08,B115001001
1985-06-24 22:00:00,-0.17,B115001001
1985-06-25 00:00:00,-0.17,B115001001
1985-07-14 22:00:00,-0.11,B115001001
1985-07-15 00:00:00,-0.11,B115001001
1985-09-09 22:00:00,-0.08,B115001001
1985-09-10 00:00:00,-0.08,B115001001
1985-10-01 22:00:00,-0.06,B115001001
1985-10-02 00:00:00,-0.06,B115001001
1985-10-31 23:00:00,0,B115001001
1985-11-01 00:00:00,0,B115001001
1987-03-27 23:00:00,0,B115001001
1987-03-28 00:00:00,0,B115001001
1987-03-29 22:00:00,-0.08,B115001001
1987-03-30 00:00:00,-0.08,B115001001
1987-04-12 22:00:00,-0.1,B115001001
1987-04-13 00:00:00,-0.1,B115001001
1987-05-05 22:00:00,-0.15,B115001001
1987-05-06 00:00:00,-0.15,B115001001
1987-05-12 22:00:00,0,B115001001
1987-05-13 00:00:00,0,B115001001
1987-05-22 22:00:00,0,B115001001
1987-05-23 00:00:00,0,B115001001
1987-06-02 22:00:00,-0.09,B115001001
1987-06-03 00:00:00,-0.09,B115001001
1987-06-07 22:00:00,0,B115001001
1987-06-08 00:00:00,0,B115001001
1987-07-08 22:00:00,0,B115001001
1987-07-09 00:00:00,0,B115001001
1987-07-15 22:00:00,-0.04,B115001001
1987-07-16 00:00:00,-0.04,B115001001
1987-08-18 22:00:00,-0.05,B115001001
1987-08-19 00:00:00,-0.05,B115001001
1987-09-24 22:00:00,-0.05,B115001001
1987-09-25 00:00:00,-0.05,B115001001
1987-10-10 22:00:00,0,B115001001
1987-10-11 00:00:00,0,B115001001
1988-04-27 22:00:00,0,B115001001
1988-04-28 00:00:00,0,B115001001
1988-05-31 22:00:00,-0.04,B115001001
1988-06-01 00:00:00,-0.04,B115001001
1988-06-11 22:00:00,0,B115001001
1988-06-12 00:00:00,0,B115001001
1988-06-13 22:00:00,0,B115001001
1988-06-14 00:00:00,0,B115001001
1988-08-02 22:00:00,-0.07,B115001001
1988-08-03 00:00:00,-0.07,B115001001
1988-09-18 22:00:00,-0.04,B115001001
1988-09-19 00:00:00,-0.04,B115001001
1988-10-06 22:00:00,0,B115001001
1988-10-07 00:00:00,0,B115001001
1989-05-31 22:00:00,0,B115001001
1989-06-01 00:00:00,0,B115001001
1989-06-15 22:00:00,-0.02,B115001001
1989-06-16 00:00:00,-0.02,B115001001
1989-08-30 22:00:00,-0.03,B115001001
1989-08-31 00:00:00,-0.03,B115001001
1989-10-15 22:00:00,-0.02,B115001001
1989-10-16 00:00:00,-0.02,B115001001
1989-10-29 23:00:00,0,B115001001
1989-10-30 00:00:00,0,B115001001
1990-03-20 23:00:00,0,B115001001
1990-03-21 00:00:00,0,B115001001
1990-05-27 22:00:00,-0.03,B115001001
1990-05-28 00:00:00,-0.03,B115001001
1990-07-09 22:00:00,-0.04,B115001001
1990-07-10 00:00:00,-0.04,B115001001
1990-09-03 22:00:00,0,B115001001
1990-09-04 00:00:00,0,B115001001
1990-10-17 22:00:00,-0.02,B115001001
1990-10-18 00:00:00,-0.02,B115001001
1990-10-27 22:00:00,0,B115001001
1990-10-28 00:00:00,0,B115001001
1991-03-29 23:00:00,0,B115001001
1991-03-30 00:00:00,0,B115001001
1991-04-09 22:00:00,-0.06,B115001001
1991-04-10 00:00:00,-0.06,B115001001
1991-07-15 22:00:00,-0.1,B115001001
1991-07-16 00:00:00,-0.1,B115001001
1991-08-04 22:00:00,-0.1,B115001001
1991-08-05 00:00:00,-0.1,B115001001
1991-08-12 22:00:00,-0.05,B115001001
1991-08-13 00:00:00,-0.05,B115001001
1991-09-08 22:00:00,-0.02,B115001001
1991-09-09 00:00:00,-0.02,B115001001
1991-10-21 22:00:00,0,B115001001
1991-10-22 00:00:00,0,B115001001
1992-04-06 22:00:00,0,B115001001
1992-04-07 00:00:00,0,B115001001
1992-05-19 22:00:00,-0.17,B115001001
1992-05-20 00:00:00,-0.17,B115001001
1992-07-06 22:00:00,-0.13,B115001001
1992-07-07 00:00:00,-0.13,B115001001
1992-08-11 22:00:00,-0.05,B115001001
1992-08-12 00:00:00,-0.05,B115001001
1992-09-28 22:00:00,-0.07,B115001001
1992-09-29 00:00:00,-0.07,B115001001
1992-10-23 22:00:00,0,B115001001
1992-10-24 00:00:00,0,B115001001
1993-02-13 23:00:00,0,B115001001
1993-02-14 00:00:00,0,B115001001
1993-02-25 23:00:00,-0.04,B115001001
1993-02-26 00:00:00,-0.04,B115001001
1993-03-21 23:00:00,-0.11,B115001001
1993-03-22 00:00:00,-0.11,B115001001
1993-05-16 22:00:00,-0.12,B115001001
1993-05-17 00:00:00,-0.12,B115001001
1993-08-08 22:00:00,-0.17,B115001001
1993-08-09 00:00:00,-0.17,B115001001
1993-09-25 22:00:00,0,B115001001
1993-09-26 00:00:00,0,B115001001
1994-04-30 22:00:00,0,B115001001
1994-05-01 00:00:00,0,B115001001
1994-06-07 22:00:00,-0.18,B115001001
1994-06-08 00:00:00,-0.18,B115001001
1994-06-08 22:00:00,0,B115001001
1994-06-09 00:00:00,0,B115001001
1994-06-12 22:00:00,0,B115001001
1994-06-13 00:00:00,0,B115001001
1994-08-09 22:00:00,-0.13,B115001001
1994-08-10 00:00:00,-0.13,B115001001
1994-11-08 23:00:00,-0.05,B115001001
1994-11-09 00:00:00,-0.05,B115001001
1994-12-03 23:00:00,0,B115001001
1994-12-04 00:00:00,0,B115001001
1995-04-30 22:00:00,0,B115001001
1995-05-01 00:00:00,0,B115001001
1995-05-16 22:00:00,-0.17,B115001001
1995-05-17 00:00:00,-0.17,B115001001
1995-07-12 22:00:00,-0.12,B115001001
1995-07-13 00:00:00,-0.12,B115001001
1995-08-22 22:00:00,-0.06,B115001001
1995-08-23 00:00:00,-0.06,B115001001
1995-09-19 22:00:00,0,B115001001
1995-09-20 00:00:00,0,B115001001
1996-03-01 23:00:00,0,B115001001
1996-03-02 00:00:00,0,B115001001
1996-03-25 23:00:00,-0.03,B115001001
1996-03-26 00:00:00,-0.03,B115001001
1996-04-15 22:00:00,-0.07,B115001001
1996-04-16 00:00:00,-0.07,B115001001
1996-05-05 22:00:00,-0.12,B115001001
1996-05-06 00:00:00,-0.12,B115001001
1996-06-04 22:00:00,-0.14,B115001001
1996-06-05 00:00:00,-0.14,B115001001
1996-07-09 22:00:00,-0.08,B115001001
1996-07-10 00:00:00,-0.08,B115001001
1996-08-01 22:00:00,-0.07,B115001001
1996-08-02 00:00:00,-0.07,B115001001
1996-09-15 22:00:00,-0.13,B115001001
1996-09-16 00:00:00,-0.13,B115001001
1996-10-21 22:00:00,-0.13,B115001001
1996-10-22 00:00:00,-0.13,B115001001
1996-11-04 23:00:00,0,B115001001
1996-11-05 00:00:00,0,B115001001
1997-03-11 23:00:00,0,B115001001
1997-03-12 00:00:00,0,B115001001
1997-04-09 22:00:00,-0.18,B115001001
1997-04-10 00:00:00,-0.18,B115001001
1997-05-13 22:00:00,-0.22,B115001001
1997-05-14 00:00:00,-0.22,B115001001
1997-06-10 22:00:00,-0.24,B115001001
1997-06-11 00:00:00,-0.24,B115001001
1997-08-06 22:00:00,-0.22,B115001001
1997-08-07 00:00:00,-0.22,B115001001
1997-09-04 22:00:00,-0.15,B115001001
1997-09-05 00:00:00,-0.15,B115001001
1997-10-07 22:00:00,-0.16,B115001001
1997-10-08 00:00:00,-0.16,B115001001
1997-11-03 23:00:00,-0.15,B115001001
1997-11-04 00:00:00,-0.15,B115001001
1997-11-05 23:00:00,0,B115001001
1997-11-06 00:00:00,0,B115001001
1998-05-07 22:00:00,0,B115001001
1998-05-08 00:00:00,0,B115001001
1998-05-12 22:00:00,-0.13,B115001001
1998-05-13 00:00:00,-0.13,B115001001
1998-06-09 22:00:00,-0.16,B115001001
1998-06-10 00:00:00,-0.16,B115001001
1998-07-01 22:00:00,-0.13,B115001001
1998-07-02 00:00:00,-0.13,B115001001
1998-09-15 22:00:00,-0.06,B115001001
1998-09-16 00:00:00,-0.06,B115001001
1998-10-12 22:00:00,-0.04,B115001001
1998-10-13 00:00:00,-0.04,B115001001
1998-10-23 22:00:00,0,B115001001
1998-10-24 00:00:00,0,B115001001
1999-04-26 22:00:00,0,B115001001
1999-04-27 00:00:00,0,B115001001
1999-05-25 22:00:00,-0.07,B115001001
1999-05-26 00:00:00,-0.07,B115001001
1999-07-21 22:00:00,-0.06,B115001001
1999-07-22 00:00:00,-0.06,B115001001
1999-08-03 22:00:00,-0.04,B115001001
1999-08-04 00:00:00,-0.04,B115001001
1999-09-06 22:00:00,-0.02,B115001001
1999-09-07 00:00:00,-0.02,B115001001
1999-09-29 22:00:00,0,B115001001
1999-09-30 00:00:00,0,B115001001
2000-04-03 22:00:00,0,B115001001
2000-04-04 00:00:00,0,B115001001
2000-06-19 22:00:00,-0.09,B115001001
2000-06-20 00:00:00,-0.09,B115001001
2000-08-21 22:00:00,-0.06,B115001001
2000-08-22 00:00:00,-0.06,B115001001
2000-10-10 22:00:00,0,B115001001
2000-10-11 00:00:00,0,B115001001
2001-06-25 22:00:00,0,B115001001
2001-06-26 00:00:00,0,B115001001
2001-07-25 22:00:00,-0.02,B115001001
2001-07-26 00:00:00,-0.02,B115001001
2001-08-27 22:00:00,-0.01,B115001001
2001-08-28 00:00:00,-0.01,B115001001
2001-09-21 22:00:00,0,B115001001
2001-09-22 00:00:00,0,B115001001
2002-03-31 22:00:00,0,B115001001
2002-04-01 00:00:00,0,B115001001
2002-06-12 22:00:00,-0.03,B115001001
2002-06-13 00:00:00,-0.03,B115001001
2002-07-16 22:00:00,-0.03,B115001001
2002-07-17 00:00:00,-0.03,B115001001
2002-10-13 22:00:00,0,B115001001
2002-10-14 00:00:00,0,B115001001
2003-03-20 23:00:00,0,B115001001
2003-03-21 00:00:00,0,B115001001
2003-04-14 22:00:00,-0.07,B115001001
2003-04-15 00:00:00,-0.07,B115001001
2003-05-20 22:00:00,-0.13,B115001001
2003-05-21 00:00:00,-0.13,B115001001
2003-07-23 22:00:00,-0.06,B115001001
2003-07-24 00:00:00,-0.06,B115001001
2003-08-12 22:00:00,-0.04,B115001001
2003-08-13 00:00:00,-0.04,B115001001
2003-08-28 22:00:00,-0.05,B115001001
2003-08-29 00:00:00,-0.05,B115001001
2003-09-10 22:00:00,-0.03,B115001001
2003-09-11 00:00:00,-0.03,B115001001
2003-09-24 22:00:00,-0.06,B115001001
2003-09-25 00:00:00,-0.06,B115001001
2003-09-29 22:00:00,-0.05,B115001001
2003-09-30 00:00:00,-0.05,B115001001
2003-11-25 23:00:00,0,B115001001
2003-11-26 00:00:00,0,B115001001
2004-02-15 23:00:00,0,B115001001
2004-02-16 00:00:00,0,B115001001
2004-03-31 22:00:00,-0.18,B115001001
2004-04-01 00:00:00,-0.18,B115001001
2004-04-22 22:00:00,-0.21,B115001001
2004-04-23 00:00:00,-0.21,B115001001
2004-05-11 22:00:00,-0.32,B115001001
2004-05-12 00:00:00,-0.32,B115001001
2004-05-16 22:00:00,-0.24,B115001001
2004-05-17 00:00:00,-0.24,B115001001
2004-05-31 22:00:00,-0.2,B115001001
2004-06-01 00:00:00,-0.2,B115001001
2004-06-14 22:00:00,-0.21,B115001001
2004-06-15 00:00:00,-0.21,B115001001
2004-07-29 22:00:00,-0.08,B115001001
2004-07-30 00:00:00,-0.08,B115001001
2004-10-04 22:00:00,-0.09,B115001001
2004-10-05 00:00:00,-0.09,B115001001
2004-10-09 22:00:00,0,B115001001
2004-10-10 00:00:00,0,B115001001
2005-02-07 23:00:00,0,B115001001
2005-02-08 00:00:00,0,B115001001
2005-03-30 22:00:00,-0.12,B115001001
2005-03-31 00:00:00,-0.12,B115001001
2005-05-11 22:00:00,-0.22,B115001001
2005-05-12 00:00:00,-0.22,B115001001
2005-06-14 22:00:00,-0.17,B115001001
2005-06-15 00:00:00,-0.17,B115001001
2005-07-21 22:00:00,-0.11,B115001001
2005-07-22 00:00:00,-0.11,B115001001
2005-08-16 22:00:00,-0.1,B115001001
2005-08-17 00:00:00,-0.1,B115001001
2005-10-18 22:00:00,-0.06,B115001001
2005-10-19 00:00:00,-0.06,B115001001
2005-11-29 23:00:00,0,B115001001
2005-11-30 00:00:00,0,B115001001
2006-04-16 22:00:00,0,B115001001
2006-04-17 00:00:00,0,B115001001
2006-05-10 22:00:00,-0.08,B115001001
2006-05-11 00:00:00,-0.08,B115001001
2006-07-11 22:00:00,-0.12,B115001001
2006-07-12 00:00:00,-0.12,B115001001
2006-08-15 22:00:00,-0.04,B115001001
2006-08-16 00:00:00,-0.04,B115001001
2006-08-29 22:00:00,0,B115001001
2006-08-30 00:00:00,0,B115001001
2006-10-27 22:00:00,0,B115001001
2006-10-28 00:00:00,0,B115001001
2006-11-06 23:00:00,-0.06,B115001001
2006-11-07 00:00:00,-0.06,B115001001
2006-11-18 23:00:00,0,B115001001
2006-11-19 00:00:00,0,B115001001
2007-02-06 23:00:00,0,B115001001
2007-02-07 00:00:00,0,B115001001
2007-05-03 00:00:00,-0.17,B115001001
2007-06-06 00:00:00,-0.15,B115001001
2007-07-05 00:00:00,-0.06,B115001001
2007-08-10 00:00:00,0,B115001001
2007-08-25 00:00:00,0,B115001001
2007-09-24 00:00:00,-0.05,B115001001
2007-11-15 00:00:00,0,B115001001
2008-04-25 00:00:00,0,B115001001
2008-05-19 00:00:00,-0.16,B115001001
2008-06-17 00:00:00,-0.11,B115001001
2008-07-22 00:00:00,-0.14,B115001001
2008-09-10 00:00:00,-0.1,B115001001
2008-11-24 00:00:00,-0.04,B115001001
2009-03-15 00:00:00,-0.04,B115001001
2009-04-28 00:00:00,-0.22,B115001001
2009-05-20 00:00:00,-0.15,B115001001
2009-06-16 00:00:00,-0.11,B115001001
2009-07-22 00:00:00,0,B115001001
2009-08-13 00:00:00,-0.02,B115001001
2009-09-16 00:00:00,-0.09,B115001001
2009-10-26 00:00:00,-0.09,B115001001
2009-11-04 00:00:00,0,B115001001
2010-04-01 00:00:00,0,B115001001
2010-04-15 00:00:00,0,B115001001
2010-05-19 00:00:00,-0.1,B115001001
2010-06-03 00:00:00,-0.11,B115001001
2010-07-23 00:00:00,-0.11,B115001001
2010-08-03 00:00:00,-0.09,B115001001
2010-08-17 00:00:00,0,B115001001
2011-04-10 00:00:00,0,B115001001
2011-04-18 00:00:00,-0.05,B115001001
2011-05-17 00:00:00,-0.07,B115001001
2011-06-27 00:00:00,-0.09,B115001001
2011-07-19 00:00:00,-0.03,B115001001
2011-08-23 00:00:00,-0.04,B115001001
2011-09-15 00:00:00,-0.03,B115001001
2011-10-18 00:00:00,-0.07,B115001001
2011-11-15 00:00:00,-0.04,B115001001
2011-12-05 00:00:00,0,B115001001
2012-04-01 00:00:00,0,B115001001
2012-04-12 00:00:00,-0.04,B115001001
2012-06-14 00:00:00,-0.17,B115001001
2012-07-05 16:00:00,-0.1,B115001001
2012-08-08 00:00:00,-0.1,B115001001
2012-09-25 00:00:00,-0.09,B115001001
2012-11-05 00:00:00,0,B115001001
2013-06-05 00:00:00,0,B115001001
2013-06-14 00:00:00,-0.23,B115001001
2013-07-15 00:00:00,-0.16,B115001001
2013-08-12 00:00:00,-0.06,B115001001
2013-09-23 00:00:00,0,B115001001
2014-03-25 00:00:00,0,B115001001
2014-04-29 00:00:00,-0.01,B115001001
2014-06-11 00:00:00,-0.06,B115001001
2014-07-01 00:00:00,0,B115001001
2015-03-07 00:00:00,0,B115001001
2015-03-11 00:00:00,-0.04,B115001001
2015-04-08 00:00:00,-0.1,B115001001
2015-04-29 00:00:00,-0.15,B115001001
2015-05-01 00:00:00,0,B115001001
2015-05-12 00:00:00,0,B115001001
2015-06-02 00:00:00,-0.15,B115001001
2015-07-01 00:00:00,-0.08,B115001001
2015-07-02 00:00:00,-0.08,B115001001
2015-07-16 00:00:00,-0.07,B115001001
2015-08-11 00:00:00,-0.04,B115001001
2015-09-14 00:00:00,-0.02,B115001001
2015-10-09 00:00:00,0,B115001001
2016-05-19 00:00:00,0,B115001001
2016-07-07 00:00:00,-0.09,B115001001
2016-08-11 00:00:00,-0.04,B115001001
2016-09-20 00:00:00,-0.04,B115001001
2016-11-04 00:00:00,0,B115001001
2017-04-01 00:00:00,0,B115001001
2017-05-03 00:00:00,-0.13,B115001001
2017-06-02 00:00:00,-0.07,B115001001
2017-07-03 00:00:00,-0.06,B115001001
2017-07-19 00:00:00,-0.05,B115001001
2017-08-14 00:00:00,-0.05,B115001001
2017-09-04 00:00:00,-0.04,B115001001
2017-10-04 00:00:00,-0.01,B115001001
2017-10-05 00:00:00,-0.01,B115001001
2017-10-17 00:00:00,-0.01,B115001001
2017-11-08 00:00:00,-0.01,B115001001
2017-11-25 00:00:00,0,B115001001
2018-04-13 00:00:00,0,B115001001
2018-04-24 00:00:00,-0.03,B115001001
2018-05-14 00:00:00,-0.07,B115001001
2018-05-30 00:00:00,-0.09,B115001001
2018-07-03 00:00:00,-0.08,B115001001
2018-07-24 00:00:00,-0.05,B115001001
2018-08-21 00:00:00,-0.03,B115001001
2018-09-11 00:00:00,0,B115001001
2018-10-18 00:00:00,-0.02,B115001001
2018-11-22 00:00:00,0,B115001001
2019-03-23 00:00:00,0,B115001001
2019-05-07 00:00:00,-0.25,B115001001
2019-06-06 00:00:00,-0.16,B115001001
2019-06-28 00:00:00,-0.1,B115001001
2019-07-10 00:00:00,-0.07,B115001001
2019-08-09 00:00:00,-0.03,B115001001
2019-09-10 00:00:00,-0.01,B115001001
2019-09-30 00:00:00,0,B115001001
2020-04-01 00:00:00,0,B115001001
2020-05-19 00:00:00,-0.1,B115001001
2020-05-26 00:00:00,-0.11,B115001001
2020-06-18 00:00:00,-0.1,B115001001
2020-07-22 00:00:00,-0.09,B115001001
2020-08-19 00:00:00,-0.07,B115001001
2020-09-08 00:00:00,-0.07,B115001001
2020-10-01 00:00:00,-0.04,B115001001
2020-11-04 00:00:00,0,B115001001
2021-01-13 00:00:00,0,B115001001
2021-04-01 00:00:00,0,B115001001
2021-04-20 00:00:00,-0.02,B115001001
2021-05-20 00:00:00,-0.11,B115001001
2021-06-29 00:00:00,-0.11,B115001001
2021-07-29 00:00:00,-0.06,B115001001
2021-09-01 00:00:00,-0.04,B115001001
2021-10-16 00:00:00,-0.02,B115001001
2021-11-03 00:00:00,0,B115001001
2022-04-13 00:00:00,0,B115001001
2022-05-18 00:00:00,-0.11,B115001001
2022-07-05 00:00:00,-0.1,B115001001
2022-08-17 00:00:00,-0.02,B115001001
2022-09-15 00:00:00,0,B115001001
2023-04-10 00:00:00,0,B115001001
2023-04-18 00:00:00,-0.055,B115001001
2023-05-04 00:00:00,-0.1,B115001001
2023-05-31 00:00:00,-0.1,B115001001
2023-06-29 00:00:00,-0.08,B115001001
2023-07-25 00:00:00,-0.1,B115001001
2023-08-22 00:00:00,0,B115001001
2024-05-15 00:00:00,0,B115001001
2024-06-25 00:00:00,-0.08,B115001001
2024-07-16 00:00:00,-0.08,B115001001
2024-08-14 00:00:00,-0.1,B115001001
2024-09-04 00:00:00,-0.1,B115001001
2024-10-03 00:00:00,-0.07,B115001001
2024-11-13 00:00:00,-0.06,B115001001
2024-12-04 00:00:00,0,B115001001
2025-03-04 00:00:00,0,B115001001
2025-04-02 00:00:00,-0.04,B115001001
2025-04-09 00:00:00,-0.04,B115001001
2025-05-07 00:00:00,-0.07,B115001001
2025-06-13 00:00:00,-0.08,B115001001
2025-07-03 00:00:00,-0.05,B115001001
1986-04-12 07:14:00,0,A735201001
1986-04-12 09:14:00,0,A735201001
1986-04-16 14:42:00,0,A735201001
1986-04-16 16:42:00,0,A735201001
1986-05-05 07:33:00,-0.09,A735201001
1986-05-05 09:33:00,-0.09,A735201001
1986-08-30 15:03:00,0,A735201001
1986-08-30 17:03:00,0,A735201001
1987-03-01 07:38:00,0,A735201001
1987-03-01 08:38:00,0,A735201001
1987-03-17 10:35:00,-0.09,A735201001
1987-03-17 11:35:00,-0.09,A735201001
1987-04-11 08:55:00,-0.2,A735201001
1987-04-11 10:55:00,-0.2,A735201001
1987-05-14 04:41:00,-0.16,A735201001
1987-05-14 06:41:00,-0.16,A735201001
1987-07-13 11:56:00,0,A735201001
1987-07-13 13:56:00,0,A735201001
1987-07-28 08:14:00,0,A735201001
1987-07-28 10:14:00,0,A735201001
1993-02-15 11:01:00,0,A735201001
1993-02-15 12:01:00,0,A735201001
1993-03-01 07:55:00,0,A735201001
1993-03-01 08:55:00,0,A735201001
1993-03-10 16:15:00,-0.07,A735201001
1993-03-10 17:15:00,-0.07,A735201001
1993-03-29 08:23:00,-0.06,A735201001
1993-03-29 10:23:00,-0.06,A735201001
1993-05-06 03:51:00,-0.09,A735201001
1993-05-06 05:51:00,-0.09,A735201001
1993-05-29 13:12:00,0,A735201001
1993-05-29 15:12:00,0,A735201001
1994-03-01 10:26:00,0,A735201001
1994-03-01 11:26:00,0,A735201001
1994-03-15 18:29:00,-0.15,A735201001
1994-03-15 19:29:00,-0.15,A735201001
1994-05-09 07:14:00,-0.19,A735201001
1994-05-09 09:14:00,-0.19,A735201001
1994-06-18 17:03:00,-0.18,A735201001
1994-06-18 19:03:00,-0.18,A735201001
1994-07-12 00:24:00,-0.09,A735201001
1994-07-12 02:24:00,-0.09,A735201001
1994-09-16 17:50:00,0,A735201001
1994-09-16 19:50:00,0,A735201001
1994-09-18 04:57:00,0,A735201001
1994-09-18 06:57:00,0,A735201001
1995-06-17 07:31:00,0,A735201001
1995-06-17 09:31:00,0,A735201001
1995-07-02 04:43:00,0,A735201001
1995-07-02 06:43:00,0,A735201001
1995-08-04 01:00:00,-0.06,A735201001
1995-08-04 03:00:00,-0.06,A735201001
1995-08-31 13:54:00,-0.07,A735201001
1995-08-31 15:54:00,-0.07,A735201001
1995-09-27 23:53:00,0,A735201001
1995-09-28 01:53:00,0,A735201001
1996-04-10 09:32:00,0,A735201001
1996-04-10 11:32:00,0,A735201001
1996-04-29 10:44:00,-0.09,A735201001
1996-04-29 12:44:00,-0.09,A735201001
1996-06-28 03:23:00,0,A735201001
1996-06-28 05:23:00,0,A735201001
1996-07-14 07:57:00,0,A735201001
1996-07-14 09:57:00,0,A735201001
1997-03-19 23:00:00,0,A735201001
1997-03-20 00:00:00,0,A735201001
1997-05-01 22:00:00,-0.1,A735201001
1997-05-02 00:00:00,-0.1,A735201001
1997-05-20 22:00:00,-0.07,A735201001
1997-05-21 00:00:00,-0.07,A735201001
1997-06-04 22:00:00,-0.12,A735201001
1997-06-05 00:00:00,-0.12,A735201001
1997-12-11 23:00:00,0,A735201001
1997-12-12 00:00:00,0,A735201001
1998-02-16 23:00:00,-0.12,A735201001
1998-02-17 00:00:00,-0.12,A735201001
1998-03-24 23:00:00,-0.16,A735201001
1998-03-25 00:00:00,-0.16,A735201001
1998-04-14 22:00:00,0,A735201001
1998-04-15 00:00:00,0,A735201001
1998-04-29 22:00:00,-0.13,A735201001
1998-04-30 00:00:00,-0.13,A735201001
1998-05-27 22:00:00,-0.24,A735201001
1998-05-28 00:00:00,-0.24,A735201001
1998-06-22 22:00:00,-0.2,A735201001
1998-06-23 00:00:00,-0.2,A735201001
1998-07-28 22:00:00,-0.11,A735201001
1998-07-29 00:00:00,-0.11,A735201001
1998-08-29 22:00:00,0,A735201001
1998-08-30 00:00:00,0,A735201001
1999-05-11 22:00:00,-0.02,A735201001
1999-05-12 00:00:00,-0.02,A735201001
1999-07-28 22:00:00,-0.2,A735201001
1999-07-29 00:00:00,-0.2,A735201001
1999-08-19 22:00:00,-0.18,A735201001
1999-08-20 00:00:00,-0.18,A735201001
1999-09-19 22:00:00,-0.25,A735201001
1999-09-20 00:00:00,-0.25,A735201001
1999-11-23 23:00:00,-0.22,A735201001
1999-11-24 00:00:00,-0.22,A735201001
1999-12-11 23:00:00,0,A735201001
1999-12-12 00:00:00,0,A735201001
2000-04-19 22:00:00,0,A735201001
2000-04-20 00:00:00,0,A735201001
2000-05-17 22:00:00,-0.23,A735201001
2000-05-18 00:00:00,-0.23,A735201001
2000-06-19 22:00:00,-0.16,A735201001
2000-06-20 00:00:00,-0.16,A735201001
2000-07-20 22:00:00,-0.14,A735201001
2000-07-21 00:00:00,-0.14,A735201001
2000-08-30 22:00:00,0,A735201001
2000-08-31 00:00:00,0,A735201001
2001-06-04 22:00:00,0,A735201001
2001-06-05 00:00:00,0,A735201001
2001-06-25 22:00:00,-0.07,A735201001
2001-06-26 00:00:00,-0.07,A735201001
2001-07-10 22:00:00,-0.12,A735201001
2001-07-11 00:00:00,-0.12,A735201001
2001-08-23 22:00:00,-0.2,A735201001
2001-08-24 00:00:00,-0.2,A735201001
2001-09-16 22:00:00,-0.1,A735201001
2001-09-17 00:00:00,-0.1,A735201001
2001-10-14 22:00:00,0,A735201001
2001-10-15 00:00:00,0,A735201001
2001-11-05 23:00:00,-0.23,A735201001
2001-11-06 00:00:00,-0.23,A735201001
2001-11-30 23:00:00,0,A735201001
2001-12-01 00:00:00,0,A735201001
2002-03-31 22:00:00,0,A735201001
2002-04-01 00:00:00,0,A735201001
2002-05-13 22:00:00,-0.25,A735201001
2002-05-14 00:00:00,-0.25,A735201001
2002-06-06 22:00:00,-0.26,A735201001
2002-06-07 00:00:00,-0.26,A735201001
2002-07-08 22:00:00,-0.15,A735201001
2002-07-09 00:00:00,-0.15,A735201001
2002-09-11 22:00:00,-0.12,A735201001
2002-09-12 00:00:00,-0.12,A735201001
2002-10-09 22:00:00,0,A735201001
2002-10-10 00:00:00,0,A735201001
2003-03-27 11:10:00,0,A735201001
2003-03-27 12:10:00,0,A735201001
2003-05-15 13:00:00,-0.04,A735201001
2003-05-15 15:00:00,-0.04,A735201001
2003-06-13 10:45:00,-0.14,A735201001
2003-06-13 12:45:00,-0.14,A735201001
2003-08-06 10:20:00,-0.09,A735201001
2003-08-06 12:20:00,-0.09,A735201001
2003-09-02 09:40:00,-0.04,A735201001
2003-09-02 11:40:00,-0.04,A735201001
2003-09-12 22:00:00,-0.015,A735201001
2003-09-13 00:00:00,-0.015,A735201001
2003-11-20 07:50:00,-0.025,A735201001
2003-11-20 08:50:00,-0.025,A735201001
2003-12-09 23:00:00,0,A735201001
2003-12-10 00:00:00,0,A735201001
2005-09-23 09:40:00,0,A735201001
2005-09-23 11:40:00,0,A735201001
2006-05-27 22:00:00,0,A735201001
2006-05-28 00:00:00,0,A735201001
2006-07-19 10:00:00,-0.055,A735201001
2006-07-19 12:00:00,-0.055,A735201001
2006-08-23 10:05:00,-0.105,A735201001
2006-08-23 12:05:00,-0.105,A735201001
2006-12-07 14:00:00,-0.16,A735201001
2006-12-07 15:00:00,-0.16,A735201001
2006-12-16 23:00:00,0,A735201001
2006-12-17 00:00:00,0,A735201001
2007-03-02 23:00:00,0,A735201001
2007-03-03 00:00:00,0,A735201001
2007-04-05 11:50:00,-0.07,A735201001
2007-07-26 09:55:00,-0.175,A735201001
2007-08-28 16:20:00,-0.165,A735201001
2007-11-13 00:00:00,0,A735201001
2008-03-04 00:00:00,0,A735201001
2008-04-16 11:45:00,-0.055,A735201001
2008-06-25 14:35:00,-0.245,A735201001
2008-10-09 14:00:00,-0.13,A735201001
2008-12-17 00:00:00,0,A735201001
2009-04-14 00:00:00,0,A735201001
2009-05-05 15:50:00,-0.065,A735201001
2009-06-26 15:40:00,-0.16,A735201001
2009-08-05 15:10:00,-0.175,A735201001
2009-09-14 17:10:00,-0.165,A735201001
2009-11-27 00:00:00,0,A735201001
2010-03-23 00:00:00,0,A735201001
2010-06-03 17:40:00,-0.18,A735201001
2010-09-23 08:55:00,-0.05,A735201001
2010-10-25 00:00:00,0,A735201001
2011-05-03 10:15:00,0,A735201001
2011-06-07 09:25:00,-0.02,A735201001
2011-07-04 14:35:00,-0.02,A735201001
2011-12-06 00:00:00,0,A735201001
2012-05-19 00:00:00,0,A735201001
2012-06-28 00:00:00,-0.11,A735201001
2012-08-09 00:00:00,-0.09,A735201001
2012-09-24 00:00:00,-0.09,A735201001
2012-11-07 00:00:00,-0.12,A735201001
2012-12-04 00:00:00,-0.17,A735201001
2012-12-27 00:00:00,0,A735201001
2013-04-01 00:00:00,0,A735201001
2013-05-03 00:00:00,-0.22,A735201001
2013-05-23 00:00:00,0,A735201001
2013-06-13 00:00:00,-0.23,A735201001
2013-07-22 00:00:00,-0.07,A735201001
2013-08-27 00:00:00,-0.02,A735201001
2013-10-08 00:00:00,0,A735201001
2014-04-01 00:00:00,0,A735201001
2014-04-25 00:00:00,-0.1,A735201001
2014-06-05 00:00:00,-0.1,A735201001
2014-07-24 00:00:00,-0.09,A735201001
2014-08-28 00:00:00,-0.05,A735201001
2014-10-02 00:00:00,-0.03,A735201001
2014-11-04 00:00:00,0,A735201001
2015-05-29 00:00:00,0,A735201001
2015-06-16 00:00:00,-0.02,A735201001
2015-07-30 00:00:00,-0.07,A735201001
2015-09-09 00:00:00,-0.05,A735201001
2015-09-16 00:00:00,-0.05,A735201001
2015-09-17 00:00:00,-0.1,A735201001
2015-11-19 00:00:00,-0.05,A735201001
2015-11-20 00:00:00,0,A735201001
2016-03-17 00:00:00,0,A735201001
2016-04-15 00:00:00,0,A735201001
2016-05-03 00:00:00,-0.11,A735201001
2016-05-16 00:00:00,-0.11,A735201001
2016-06-16 00:00:00,-0.1,A735201001
2016-06-29 00:00:00,-0.17,A735201001
2016-07-27 00:00:00,-0.17,A735201001
2016-08-12 00:00:00,-0.12,A735201001
2016-09-01 00:00:00,-0.14,A735201001
2016-11-25 00:00:00,0,A735201001
2016-12-31 00:00:00,0,A735201001
2017-03-15 00:00:00,0,A735201001
2017-04-19 00:00:00,-0.04,A735201001
2017-05-16 00:00:00,-0.09,A735201001
2017-06-15 00:00:00,-0.06,A735201001
2017-07-03 00:00:00,-0.06,A735201001
2017-07-12 16:00:00,-0.03,A735201001
2017-08-03 00:00:00,-0.02,A735201001
2017-09-01 00:00:00,-0.02,A735201001
2017-09-06 00:00:00,-0.02,A735201001
2017-09-27 00:00:00,0,A735201001
2017-09-27 13:03:00,0,A735201001
2019-03-27 00:00:00,0,A735201001
2019-04-24 00:00:00,-0.09,A735201001
2019-05-28 00:00:00,-0.11,A735201001
2019-06-26 00:00:00,-0.15,A735201001
2019-08-26 00:00:00,-0.03,A735201001
2019-10-03 00:00:00,-0.03,A735201001
2019-10-04 00:00:00,-0.03,A735201001
2019-12-12 00:00:00,0,A735201001
2020-05-01 00:00:00,0,A735201001
2020-05-13 00:00:00,-0.05,A735201001
2020-06-10 00:00:00,-0.08,A735201001
2020-07-06 00:00:00,-0.2,A735201001
2020-07-28 00:00:00,-0.08,A735201001
2020-08-12 00:00:00,-0.05,A735201001
2020-09-01 00:00:00,-0.04,A735201001
2020-09-22 00:00:00,0,A735201001
2021-06-02 00:00:00,0,A735201001
2021-06-24 00:00:00,-0.14,A735201001
2021-07-28 00:00:00,-0.1,A735201001
2021-09-28 00:00:00,-0.1,A735201001
2021-10-27 00:00:00,-0.1,A735201001
2021-11-17 00:00:00,-0.08,A735201001
2021-12-07 00:00:00,0,A735201001
2022-05-04 00:00:00,0,A735201001
2022-06-01 09:22:00,-0.043,A735201001
2022-06-23 22:51:00,-0.042,A735201001
2022-07-26 07:47:00,-0.042,A735201001
2022-08-31 00:00:00,-0.07,A735201001
2022-10-07 21:31:00,-0.072,A735201001
2022-11-17 02:47:00,0,A735201001
2023-04-20 00:00:00,0,A735201001
2023-05-24 00:00:00,-0.05,A735201001
2023-06-28 00:00:00,-0.12,A735201001
2023-07-19 02:09:00,-0.079,A735201001
2023-09-28 08:48:00,-0.102,A735201001
2023-10-24 00:00:00,0,A735201001
2025-05-13 00:00:00,0,A735201001
2025-06-12 00:00:00,-0.03,A735201001
2025-07-03 00:00:00,-0.05,A735201001
2015-05-13 00:00:00,-0.04,A802101001
2015-06-25 00:00:00,-0.02,A802101001
2015-07-22 00:00:00,0,A802101001
2015-08-02 00:00:00,0,A802101001
2015-08-03 00:00:00,-0.1,A802101001
2015-08-19 00:00:00,-0.1,A802101001
2015-09-23 11:11:00,-0.18,A802101001
2015-10-20 00:00:00,-0.13,A802101001
2015-11-19 00:00:00,-0.1,A802101001
2015-11-20 00:00:00,0,A802101001
2016-06-27 00:00:00,0,A802101001
2016-07-04 00:00:00,-0.05,A802101001
2016-07-28 00:00:00,0,A802101001
2016-07-29 00:00:00,-0.08,A802101001
2016-08-30 00:00:00,-0.14,A802101001
2016-09-21 00:00:00,-0.15,A802101001
2016-11-03 00:00:00,-0.08,A802101001
2016-11-25 00:00:00,0,A802101001
2016-12-31 00:00:00,0,A802101001
2017-05-10 00:00:00,0,A802101001
2017-06-07 00:00:00,-0.07,A802101001
2017-07-26 00:00:00,-0.04,A802101001
2017-08-07 00:00:00,-0.06,A802101001
2017-09-01 00:00:00,-0.06,A802101001
2017-09-07 00:00:00,-0.13,A802101001
2017-09-28 00:00:00,0,A802101001
2017-10-17 00:00:00,-0.09,A802101001
2017-11-14 00:00:00,0,A802101001
2018-07-09 00:00:00,0,A802101001
2018-08-08 00:00:00,-0.04,A802101001
2018-09-11 00:00:00,-0.05,A802101001
2018-10-17 00:00:00,-0.19,A802101001
2018-11-13 00:00:00,-0.12,A802101001
2018-11-14 00:00:00,-0.05,A802101001
2018-12-03 00:00:00,0,A802101001
2019-08-22 00:00:00,0,A802101001
2019-09-25 00:00:00,-0.04,A802101001
2019-10-21 00:00:00,0,A802101001
2019-10-22 00:00:00,0,A802101001
2021-07-14 00:00:00,0,A802101001
2021-07-27 00:00:00,-0.05,A802101001
2021-09-01 00:00:00,0,A802101001
2022-07-27 00:00:00,0,A802101001
2022-08-09 00:00:00,-0.02,A802101001
2022-09-07 00:00:00,-0.05,A802101001
2022-10-26 00:00:00,0,A802101001
2023-10-12 00:00:00,0,A802101001
2011-04-01 00:00:00,0,A840101001
2011-05-05 00:00:00,-0.02,A840101001
2011-06-01 00:00:00,-0.05,A840101001
2011-06-22 00:00:00,-0.07,A840101001
2011-07-27 00:00:00,-0.1,A840101001
2011-09-22 00:00:00,-0.02,A840101001
2011-11-22 00:00:00,-0.07,A840101001
2011-12-06 00:00:00,0,A840101001
2014-07-01 00:00:00,0,A840101001
2014-07-23 00:00:00,-0.08,A840101001
2014-09-09 00:00:00,0,A840101001
2015-04-07 00:00:00,0,A840101001
2015-05-29 00:00:00,-0.03,A840101001
2015-06-25 00:00:00,-0.04,A840101001
2015-07-23 00:00:00,-0.21,A840101001
2015-08-25 00:00:00,-0.18,A840101001
2015-09-23 11:11:00,-0.01,A840101001
2015-10-22 00:00:00,-0.08,A840101001
2015-11-19 00:00:00,-0.05,A840101001
2015-11-20 00:00:00,0,A840101001
2016-06-27 00:00:00,0,A840101001
2016-07-04 00:00:00,-0.03,A840101001
2016-08-17 00:00:00,-0.03,A840101001
2016-09-13 00:00:00,-0.03,A840101001
2016-10-05 00:00:00,-0.06,A840101001
2016-12-31 00:00:00,0,A840101001
2017-04-01 00:00:00,0,A840101001
2017-04-13 00:00:00,-0.02,A840101001
2017-05-11 00:00:00,-0.04,A840101001
2017-06-08 00:00:00,-0.12,A840101001
2017-07-03 00:00:00,-0.12,A840101001
2017-07-05 00:00:00,-0.27,A840101001
2017-07-27 00:00:00,-0.21,A840101001
2017-08-07 00:00:00,-0.2,A840101001
2017-08-07 15:29:00,-0.2,A840101001
2017-08-23 00:00:00,-0.36,A840101001
2017-08-23 13:36:00,-0.36,A840101001
2017-09-01 00:00:00,-0.36,A840101001
2017-09-07 00:00:00,-0.34,A840101001
2017-09-15 00:00:00,-0.18,A840101001
2017-09-28 00:00:00,-0.17,A840101001
2017-10-01 00:00:00,-0.17,A840101001
2017-10-17 00:00:00,-0.08,A840101001
2017-11-14 00:00:00,0,A840101001
2018-06-13 00:00:00,0,A840101001
2018-07-09 00:00:00,-0.05,A840101001
2018-08-08 00:00:00,-0.06,A840101001
2018-09-12 00:00:00,-0.2,A840101001
2018-09-19 00:00:00,-0.16,A840101001
2018-10-17 00:00:00,-0.12,A840101001
2018-11-14 00:00:00,-0.05,A840101001
2018-12-03 00:00:00,0,A840101001
2019-04-04 00:00:00,0,A840101001
2019-05-07 00:00:00,-0.04,A840101001
2019-06-05 00:00:00,0,A840101001
2019-07-03 00:00:00,-0.03,A840101001
2019-08-01 00:00:00,-0.3,A840101001
2019-08-27 00:00:00,-0.31,A840101001
2019-09-25 00:00:00,-0.2,A840101001
2019-10-21 00:00:00,0,A840101001
2019-10-22 00:00:00,0,A840101001
2020-05-01 00:00:00,0,A840101001
2020-05-20 00:00:00,-0.05,A840101001
2020-06-16 00:00:00,-0.06,A840101001
2020-07-16 11:45:00,-0.173,A840101001
2020-08-04 00:00:00,-0.072,A840101001
2020-08-26 00:00:00,-0.23,A840101001
2020-09-15 00:00:00,-0.21,A840101001
2020-10-08 00:00:00,-0.03,A840101001
2020-11-01 00:00:00,0,A840101001
2021-06-09 00:00:00,0,A840101001
2021-07-08 11:02:00,-0.01,A840101001
2021-07-28 20:30:00,-0.025,A840101001
2021-09-01 00:00:00,0,A840101001
2022-05-31 00:00:00,0,A840101001
2022-06-14 00:00:00,-0.015,A840101001
2022-07-06 00:00:00,-0.015,A840101001
2022-07-27 00:00:00,-0.045,A840101001
2022-08-09 00:00:00,-0.08,A840101001
2022-09-07 00:00:00,-0.06,A840101001
2022-09-28 00:00:00,-0.02,A840101001
2022-10-26 15:24:00,-0.013,A840101001
2022-11-08 00:00:00,-0.02,A840101001
2022-11-22 00:00:00,0,A840101001
2023-05-04 00:00:00,0,A840101001
2023-06-06 00:00:00,-0.03,A840101001
2023-06-29 00:00:00,-0.01,A840101001
2023-07-26 00:00:00,-0.024,A840101001
2023-09-05 00:00:00,-0.01,A840101001
2023-10-12 00:00:00,0,A840101001
2025-04-03 00:00:00,0,A840101001
2025-05-27 00:00:00,-0.06,A840101001
2025-06-11 00:00:00,-0.077,A840101001
2025-07-08 00:00:00,-0.065,A840101001
2012-04-16 00:00:00,0,B134001002
2012-06-14 00:00:00,0,B134001002
2012-07-05 00:00:00,-0.04,B134001002
2012-08-23 00:00:00,-0.01,B134001002
2012-09-25 00:00:00,0,B134001002
2013-04-03 00:00:00,0,B134001002
2013-06-17 00:00:00,-0.04,B134001002
2013-07-15 00:00:00,-0.01,B134001002
2013-08-09 00:00:00,-0.01,B134001002
2013-09-25 00:00:00,-0.02,B134001002
2013-10-10 00:00:00,0,B134001002
2015-05-28 00:00:00,0,B134001002
2015-06-11 00:00:00,-0.04,B134001002
2015-07-01 00:00:00,-0.03,B134001002
2015-07-16 00:00:00,-0.02,B134001002
2015-08-11 00:00:00,-0.02,B134001002
2015-09-14 00:00:00,0,B134001002
2016-04-01 00:00:00,0,B134001002
2016-05-24 00:00:00,-0.09,B134001002
2016-07-06 00:00:00,-0.08,B134001002
2016-08-11 00:00:00,-0.01,B134001002
2016-09-20 00:00:00,0,B134001002
2017-04-09 00:00:00,0,B134001002
2017-05-03 00:00:00,-0.06,B134001002
2017-06-02 00:00:00,-0.06,B134001002
2017-07-03 00:00:00,-0.06,B134001002
2017-07-19 00:00:00,-0.04,B134001002
2017-08-14 00:00:00,-0.01,B134001002
2017-09-03 00:00:00,0,B134001002
2017-10-04 00:00:00,-0.04,B134001002
2017-10-17 00:00:00,-0.03,B134001002
2017-11-08 00:00:00,-0.04,B134001002
2017-11-24 00:00:00,0,B134001002
2018-05-30 00:00:00,0,B134001002
2018-06-27 00:00:00,-0.05,B134001002
2018-07-24 00:00:00,0,B134001002
2019-03-23 00:00:00,0,B134001002
2019-05-02 00:00:00,-0.11,B134001002
2019-06-06 00:00:00,-0.1,B134001002
2019-07-10 00:00:00,-0.04,B134001002
2019-08-08 00:00:00,-0.02,B134001002
2019-08-29 00:00:00,-0.02,B134001002
2019-09-10 00:00:00,-0.03,B134001002
2019-09-30 00:00:00,0,B134001002
2020-04-23 00:00:00,0,B134001002
2020-05-27 00:00:00,-0.01,B134001002
2020-06-18 00:00:00,-0.01,B134001002
2020-07-07 00:00:00,-0.01,B134001002
2020-07-22 00:00:00,-0.02,B134001002
2020-08-06 00:00:00,-0.02,B134001002
2020-08-27 00:00:00,-0.01,B134001002
2020-09-08 00:00:00,0,B134001002
2021-03-11 00:00:00,0,B134001002
2021-04-20 00:00:00,-0.04,B134001002
2021-05-20 00:00:00,-0.04,B134001002
2021-06-23 00:00:00,-0.06,B134001002
2021-07-29 00:00:00,-0.03,B134001002
2021-09-01 00:00:00,0,B134001002
2022-03-01 00:00:00,0,B134001002
2022-03-23 00:00:00,-0.02,B134001002
2022-04-20 00:00:00,-0.06,B134001002
2022-05-19 00:00:00,-0.02,B134001002
2022-06-14 00:00:00,-0.03,B134001002
2022-07-12 00:00:00,0,B134001002
2023-04-13 00:00:00,0,B134001002
2023-04-18 00:00:00,-0.03,B134001002
2023-05-31 00:00:00,-0.05,B134001002
2023-06-29 00:00:00,-0.03,B134001002
2023-07-25 00:00:00,-0.03,B134001002
2023-08-16 00:00:00,0,B134001002
2025-06-20 00:00:00,0,B134001002
2025-07-03 00:00:00,-0.03,B134001002
2015-05-11 00:00:00,0,A523011001
2015-06-19 00:00:00,-0.04,A523011001
2015-07-28 00:00:00,-0.1,A523011001
2015-08-26 11:11:00,-0.09,A523011001
2015-09-22 11:11:00,-0.06,A523011001
2015-11-19 00:00:00,-0.05,A523011001
2015-11-20 00:00:00,0,A523011001
2017-04-01 00:00:00,0,A523011001
2017-05-05 00:00:00,-0.03,A523011001
2017-06-01 00:00:00,-0.08,A523011001
2017-07-11 11:00:00,-0.11,A523011001
2017-08-02 00:00:00,-0.09,A523011001
2017-08-22 00:00:00,-0.08,A523011001
2017-08-22 08:36:00,-0.08,A523011001
2017-09-21 00:00:00,-0.08,A523011001
2017-10-26 00:00:00,-0.08,A523011001
2017-11-10 00:00:00,0,A523011001
2018-05-30 00:00:00,0,A523011001
2018-06-21 00:00:00,-0.05,A523011001
2018-07-17 00:00:00,-0.05,A523011001
2018-09-21 00:00:00,-0.07,A523011001
2018-10-23 00:00:00,-0.08,A523011001
2018-11-20 00:00:00,-0.05,A523011001
2018-12-03 00:00:00,0,A523011001
2019-06-12 00:00:00,0,A523011001
2019-07-18 00:00:00,-0.07,A523011001
2019-08-22 00:00:00,-0.08,A523011001
2019-09-26 00:00:00,-0.08,A523011001
2019-10-22 00:00:00,0,A523011001
2020-05-01 00:00:00,0,A523011001
2020-05-27 00:00:00,-0.02,A523011001
2020-06-22 00:00:00,-0.02,A523011001
2020-07-21 00:00:00,-0.08,A523011001
2020-09-02 00:00:00,-0.06,A523011001
2020-09-29 00:00:00,0,A523011001
2021-06-10 20:54:00,0,A523011001
2021-07-06 19:24:00,-0.02,A523011001
2021-08-04 01:46:00,-0.02,A523011001
2021-09-14 02:09:00,-0.01,A523011001
2021-10-26 03:39:00,0,A523011001
2022-05-12 03:50:00,0,A523011001
2022-06-08 18:11:00,-0.02,A523011001
2022-07-07 02:26:00,-0.01,A523011001
2022-08-04 12:45:00,-0.02,A523011001
2022-09-08 00:00:00,0,A523011001
2025-06-01 00:00:00,0,A523011001
2025-06-26 00:00:00,-0.04,A523011001
1971-04-29 00:00:00,0,B413201001
1971-06-23 00:00:00,-0.08,B413201001
1971-07-29 00:00:00,-0.2,B413201001
1971-10-27 00:00:00,-0.11,B413201001
1971-12-09 00:00:00,-0.04,B413201001
1971-12-15 00:00:00,0,B413201001
1972-04-28 00:00:00,0,B413201001
1972-06-22 00:00:00,-0.11,B413201001
1972-08-03 00:00:00,-0.17,B413201001
1972-10-04 00:00:00,-0.11,B413201001
1972-11-21 00:00:00,-0.15,B413201001
1972-12-26 00:00:00,0,B413201001
1973-05-10 00:00:00,0,B413201001
1973-06-22 00:00:00,-0.1,B413201001
1973-08-01 00:00:00,-0.1,B413201001
1973-10-04 00:00:00,0,B413201001
1991-04-02 00:00:00,0,B413201001
1991-08-01 00:00:00,-0.06,B413201001
1991-09-24 00:00:00,0,B413201001
1992-03-16 00:00:00,0,B413201001
1992-05-06 00:00:00,-0.08,B413201001
1992-06-25 00:00:00,-0.08,B413201001
1992-07-28 00:00:00,-0.08,B413201001
1992-09-15 00:00:00,-0.04,B413201001
1992-11-04 00:00:00,-0.08,B413201001
1992-12-16 00:00:00,0,B413201001
1994-02-16 00:00:00,0,B413201001
1994-05-25 00:00:00,-0.04,B413201001
1994-07-07 00:00:00,-0.02,B413201001
1994-08-18 00:00:00,-0.04,B413201001
1994-12-01 00:00:00,-0.12,B413201001
1994-12-27 00:00:00,0,B413201001
1995-04-12 00:00:00,0,B413201001
1995-06-12 00:00:00,-0.05,B413201001
1995-08-18 00:00:00,-0.03,B413201001
1995-09-21 00:00:00,-0.04,B413201001
1995-11-17 00:00:00,-0.07,B413201001
1995-12-22 00:00:00,0,B413201001
1996-06-05 00:00:00,0,B413201001
1996-06-10 00:00:00,-0.07,B413201001
1996-08-06 00:00:00,-0.15,B413201001
1996-08-14 00:00:00,0,B413201001
1996-09-11 00:00:00,-0.09,B413201001
1996-10-24 00:00:00,-0.13,B413201001
1996-11-05 00:00:00,0,B413201001
1997-07-01 00:00:00,0,B413201001
1997-08-28 00:00:00,-0.06,B413201001
1997-09-29 00:00:00,-0.07,B413201001
1997-10-29 00:00:00,-0.11,B413201001
1997-11-20 00:00:00,-0.11,B413201001
1997-12-11 00:00:00,0,B413201001
1998-06-23 00:00:00,0,B413201001
1998-07-31 00:00:00,-0.06,B413201001
1998-09-22 00:00:00,-0.12,B413201001
1998-10-22 00:00:00,-0.14,B413201001
1998-10-23 00:00:00,0,B413201001
1999-05-18 13:00:00,0,B413201001
1999-09-30 10:15:00,-0.08,B413201001
1999-11-17 11:15:00,-0.04,B413201001
1999-12-11 00:00:00,0,B413201001
2000-01-11 11:20:00,0,B413201001
2003-06-25 12:30:00,0,B413201001
2003-08-05 13:25:00,0,B413201001
2003-09-01 17:00:00,-0.11,B413201001
2003-09-12 17:15:00,-0.02,B413201001
2003-09-26 09:45:00,-0.06,B413201001
2003-12-14 00:00:00,0,B413201001
2004-06-10 09:10:00,0,B413201001
2004-08-10 14:30:00,-0.03,B413201001
2004-09-03 15:20:00,0,B413201001
2004-10-07 18:40:00,-0.09,B413201001
2004-10-28 12:20:00,-0.05,B413201001
2004-10-29 14:05:00,-0.07,B413201001
2004-12-16 00:00:00,0,B413201001
2005-07-26 15:00:00,0,B413201001
2005-09-16 14:45:00,-0.03,B413201001
2005-10-13 16:10:00,-0.03,B413201001
2005-12-03 00:00:00,0,B413201001
2006-07-01 00:00:00,0,B413201001
2006-08-31 00:00:00,-0.05,B413201001
2006-10-17 00:00:00,-0.07,B413201001
2006-11-23 00:00:00,-0.09,B413201001
2006-12-27 00:00:00,0,B413201001
2007-07-15 00:00:00,0,B413201001
2007-07-25 00:00:00,-0.07,B413201001
2007-10-24 00:00:00,-0.08,B413201001
2007-11-15 00:00:00,0,B413201001
2008-07-01 00:00:00,0,B413201001
2008-09-01 00:00:00,-0.04,B413201001
2008-10-23 00:00:00,-0.06,B413201001
2008-11-15 00:00:00,0,B413201001
2009-06-30 00:00:00,0,B413201001
2009-07-15 00:00:00,-0.07,B413201001
2009-09-10 00:00:00,-0.09,B413201001
2009-11-01 00:00:00,0,B413201001
2010-07-01 00:00:00,0,B413201001
2010-08-26 00:00:00,-0.07,B413201001
2010-10-07 00:00:00,-0.14,B413201001
2010-11-01 00:00:00,0,B413201001
2011-04-26 00:00:00,0,B413201001
2011-07-21 00:00:00,-0.03,B413201001
2011-08-31 00:00:00,0,B413201001
2011-10-17 00:00:00,-0.02,B413201001
2011-11-09 00:00:00,-0.1,B413201001
2011-12-05 00:00:00,0,B413201001
2012-06-07 00:00:00,0,B413201001
2012-09-25 00:00:00,-0.07,B413201001
2012-11-09 00:00:00,-0.08,B413201001
2012-12-01 00:00:00,0,B413201001
2013-07-18 00:00:00,0,B413201001
2013-09-03 00:00:00,-0.05,B413201001
2013-10-18 00:00:00,-0.115,B413201001
2013-10-23 00:00:00,0,B413201001
2014-07-03 00:00:00,0,B413201001
2014-08-21 00:00:00,-0.05,B413201001
2014-10-28 00:00:00,-0.06,B413201001
2014-12-02 00:00:00,-0.03,B413201001
2014-12-08 00:00:00,0,B413201001
2015-04-09 00:00:00,0,B413201001
2015-06-04 00:00:00,-0.03,B413201001
2015-08-10 00:00:00,-0.025,B413201001
2015-09-30 00:00:00,-0.025,B413201001
2015-10-27 00:00:00,-0.065,B413201001
2015-11-19 00:00:00,0,B413201001
2016-07-13 00:00:00,0,B413201001
2016-09-07 00:00:00,-0.04,B413201001
2016-10-12 00:00:00,-0.07,B413201001
2016-11-10 00:00:00,-0.11,B413201001
2016-12-01 00:00:00,0,B413201001
2017-06-28 00:00:00,0,B413201001
2017-07-18 00:00:00,-0.01,B413201001
2017-08-22 00:00:00,-0.01,B413201001
2017-09-29 00:00:00,-0.02,B413201001
2017-11-10 00:00:00,0,B413201001
2018-08-20 00:00:00,0,B413201001
2018-10-09 00:00:00,-0.085,B413201001
2018-11-05 00:00:00,-0.1,B413201001
2018-12-03 00:00:00,0,B413201001
2019-08-27 00:00:00,0,B413201001
2019-09-26 00:00:00,-0.025,B413201001
2019-10-19 00:00:00,0,B413201001
2020-09-25 00:00:00,0,B413201001
2020-11-10 00:00:00,-0.045,B413201001
2020-12-08 00:00:00,-0.05,B413201001
2020-12-20 00:00:00,0,B413201001
2021-08-18 00:00:00,0,B413201001
2021-10-07 00:00:00,-0.06,B413201001
2021-11-04 00:00:00,-0.1,B413201001
2021-11-23 00:00:00,-0.06,B413201001
2021-11-30 00:00:00,0,B413201001
2022-06-23 00:00:00,0,B413201001
2022-09-21 00:00:00,-0.01,B413201001
2022-11-03 00:00:00,-0.015,B413201001
2022-12-08 00:00:00,-0.015,B413201001
2022-12-21 00:00:00,0,B413201001
2023-07-12 00:00:00,0,B413201001
2023-08-17 00:00:00,-0.05,B413201001
2023-09-13 00:00:00,-0.01,B413201001
2023-10-24 00:00:00,-0.065,B413201001
2023-10-31 00:00:00,0,B413201001
2024-07-23 00:00:00,0,B413201001
2024-08-21 00:00:00,-0.02,B413201001
2024-09-17 00:00:00,-0.05,B413201001
2024-10-10 00:00:00,-0.07,B413201001
2024-11-14 00:00:00,-0.07,B413201001
2024-12-19 00:00:00,0,B413201001
1988-06-28 00:00:00,0,B457201001
1988-07-25 00:00:00,-0.011,B457201001
1988-08-24 00:00:00,-0.003,B457201001
1988-09-20 00:00:00,-0.003,B457201001
1988-10-10 00:00:00,0,B457201001
1989-06-20 00:00:00,0,B457201001
1989-07-18 00:00:00,-0.007,B457201001
1989-08-16 00:00:00,-0.022,B457201001
1989-09-12 00:00:00,-0.235,B457201001
1989-10-09 00:00:00,-0.025,B457201001
1989-11-02 00:00:00,-0.245,B457201001
1989-11-21 00:00:00,-0.02,B457201001
1989-12-19 00:00:00,0,B457201001
1990-05-09 00:00:00,0,B457201001
1990-06-05 00:00:00,-0.075,B457201001
1990-07-03 00:00:00,-0.08,B457201001
1990-07-31 00:00:00,-0.18,B457201001
1990-08-29 00:00:00,-0.19,B457201001
1990-09-25 00:00:00,-0.165,B457201001
1990-10-23 00:00:00,-0.22,B457201001
1990-11-20 00:00:00,-0.105,B457201001
1990-12-10 00:00:00,0,B457201001
1991-07-23 00:00:00,0,B457201001
1991-09-11 00:00:00,-0.23,B457201001
1991-09-18 00:00:00,-0.265,B457201001
1991-09-24 00:00:00,-0.245,B457201001
1991-10-08 00:00:00,-0.22,B457201001
1991-10-26 00:00:00,0,B457201001
1992-05-27 00:00:00,0,B457201001
1992-06-09 00:00:00,-0.12,B457201001
1992-08-05 00:00:00,-0.075,B457201001
1992-09-08 00:00:00,-0.175,B457201001
1992-12-11 00:00:00,0,B457201001
1993-04-23 00:00:00,0,B457201001
1993-06-09 00:00:00,-0.065,B457201001
1993-06-30 00:00:00,-0.055,B457201001
1993-08-04 00:00:00,-0.05,B457201001
1993-09-10 00:00:00,-0.095,B457201001
1993-10-06 00:00:00,-0.095,B457201001
1993-11-04 00:00:00,-0.055,B457201001
1993-12-07 00:00:00,0,B457201001
1994-07-05 00:00:00,0,B457201001
1994-08-11 00:00:00,-0.235,B457201001
1994-09-08 00:00:00,-0.385,B457201001
1994-09-29 00:00:00,-0.245,B457201001
1994-11-04 00:00:00,-0.205,B457201001
1994-11-25 00:00:00,0,B457201001
1995-09-18 00:00:00,0,B457201001
1995-09-28 00:00:00,-0.21,B457201001
1995-10-25 00:00:00,-0.22,B457201001
1995-11-17 00:00:00,-0.22,B457201001
1995-12-19 00:00:00,0,B457201001
1996-04-03 00:00:00,0,B457201001
1996-05-14 00:00:00,-0.12,B457201001
1996-06-05 00:00:00,-0.107,B457201001
1996-07-10 00:00:00,-0.205,B457201001
1996-08-06 00:00:00,-0.19,B457201001
1996-09-11 00:00:00,-0.11,B457201001
1996-10-25 00:00:00,-0.17,B457201001
1996-11-11 00:00:00,0,B457201001
1997-07-09 00:00:00,0,B457201001
1997-08-28 00:00:00,-0.15,B457201001
1997-09-18 00:00:00,-0.185,B457201001
1997-10-29 00:00:00,-0.2,B457201001
1997-11-20 00:00:00,-0.105,B457201001
1997-12-10 00:00:00,0,B457201001
1998-05-26 00:00:00,0,B457201001
1998-06-23 00:00:00,-0.055,B457201001
1998-07-31 00:00:00,-0.12,B457201001
1998-09-22 00:00:00,-0.15,B457201001
1998-10-22 00:00:00,-0.07,B457201001
1998-10-24 00:00:00,0,B457201001
1999-04-06 00:00:00,0,B457201001
1999-05-17 00:00:00,-0.03,B457201001
1999-09-02 00:00:00,-0.125,B457201001
1999-11-04 00:00:00,-0.16,B457201001
1999-12-09 00:00:00,0,B457201001
2000-09-26 00:00:00,0,B457201001
2000-10-04 00:00:00,-0.135,B457201001
2000-11-01 00:00:00,0,B457201001
2001-05-31 00:00:00,0,B457201001
2001-06-28 00:00:00,-0.035,B457201001
2001-07-24 00:00:00,-0.04,B457201001
2001-11-05 00:00:00,0,B457201001
2002-05-11 00:00:00,0,B457201001
2002-05-29 00:00:00,-0.06,B457201001
2002-10-17 00:00:00,-0.07,B457201001
2002-11-10 00:00:00,0,B457201001
2003-09-12 00:00:00,0,B457201001
2003-09-26 00:00:00,-0.085,B457201001
2003-10-02 00:00:00,-0.01,B457201001
2003-12-01 00:00:00,0,B457201001
2004-05-19 00:00:00,0,B457201001
2004-06-10 00:00:00,-0.075,B457201001
2004-07-27 00:00:00,-0.09,B457201001
2004-08-31 00:00:00,-0.035,B457201001
2004-10-07 00:00:00,-0.02,B457201001
2004-10-27 00:00:00,-0.055,B457201001
2004-10-29 00:00:00,-0.09,B457201001
2004-11-15 00:00:00,0,B457201001
2005-06-06 00:00:00,0,B457201001
2005-07-26 00:00:00,-0.05,B457201001
2005-09-16 00:00:00,-0.165,B457201001
2005-10-13 00:00:00,-0.145,B457201001
2005-11-15 00:00:00,-0.17,B457201001
2005-12-08 00:00:00,0,B457201001
2006-05-01 00:00:00,0,B457201001
2006-05-17 00:00:00,-0.07,B457201001
2006-10-17 00:00:00,-0.1,B457201001
2006-11-15 00:00:00,0,B457201001
2007-03-01 00:00:00,0,B457201001
2007-10-24 00:00:00,-0.2,B457201001
2007-11-15 00:00:00,0,B457201001
2008-04-01 00:00:00,0,B457201001
2008-05-06 00:00:00,-0.055,B457201001
2008-07-08 00:00:00,-0.13,B457201001
2008-10-23 00:00:00,-0.155,B457201001
2008-11-15 00:00:00,0,B457201001
2009-05-01 00:00:00,0,B457201001
2009-05-27 00:00:00,-0.145,B457201001
2009-07-15 00:00:00,-0.125,B457201001
2009-09-10 00:00:00,-0.145,B457201001
2009-11-01 00:00:00,0,B457201001
2010-05-01 00:00:00,0,B457201001
2010-07-01 00:00:00,-0.04,B457201001
2010-08-25 00:00:00,-0.08,B457201001
2010-10-07 00:00:00,-0.14,B457201001
2010-11-01 00:00:00,0,B457201001
2011-02-03 00:00:00,0,B457201001
2011-04-26 00:00:00,-0.05,B457201001
2011-05-26 00:00:00,-0.085,B457201001
2011-06-29 00:00:00,-0.085,B457201001
2011-07-29 00:00:00,-0.065,B457201001
2011-08-31 00:00:00,-0.07,B457201001
2011-10-17 00:00:00,-0.065,B457201001
2011-11-09 00:00:00,-0.125,B457201001
2011-12-05 00:00:00,0,B457201001
2012-02-05 00:00:00,0,B457201001
2012-03-01 00:00:00,-0.08,B457201001
2012-03-15 00:00:00,0,B457201001
2012-07-25 00:00:00,0,B457201001
2012-09-25 00:00:00,-0.07,B457201001
2012-10-25 00:00:00,0,B457201001
2013-04-01 00:00:00,0,B457201001
2013-04-09 00:00:00,-0.04,B457201001
2013-05-28 00:00:00,-0.055,B457201001
2013-07-18 00:00:00,-0.08,B457201001
2013-09-03 00:00:00,-0.01,B457201001
2013-10-18 00:00:00,-0.1,B457201001
2013-12-18 00:00:00,-0.045,B457201001
2013-12-23 00:00:00,0,B457201001
2015-06-04 00:00:00,0,B457201001
2015-07-02 00:00:00,-0.11,B457201001
2015-07-17 00:00:00,-0.125,B457201001
2015-08-10 00:00:00,-0.095,B457201001
2015-09-30 00:00:00,-0.165,B457201001
2015-10-27 00:00:00,-0.165,B457201001
2015-11-20 00:00:00,0,B457201001
2016-09-07 00:00:00,0,B457201001
2016-11-10 00:00:00,-0.17,B457201001
2016-12-01 00:00:00,0,B457201001
2017-03-21 00:00:00,0,B457201001
2017-04-06 00:00:00,-0.04,B457201001
2017-04-26 00:00:00,-0.03,B457201001
2017-05-31 00:00:00,0,B457201001
2017-08-09 00:00:00,0,B457201001
2017-08-22 00:00:00,-0.055,B457201001
2017-09-28 00:00:00,0,B457201001
2017-11-16 00:00:00,-0.11,B457201001
2017-11-27 00:00:00,0,B457201001
2018-08-20 00:00:00,0,B457201001
2018-09-13 00:00:00,-0.08,B457201001
2018-11-05 00:00:00,-0.15,B457201001
2018-11-19 00:00:00,-0.12,B457201001
2018-12-03 00:00:00,0,B457201001
2019-05-23 00:00:00,0,B457201001
2019-07-03 00:00:00,-0.06,B457201001
2019-08-01 00:00:00,-0.025,B457201001
2019-08-27 00:00:00,-0.03,B457201001
2019-09-18 00:00:00,-0.06,B457201001
2019-11-05 00:00:00,0,B457201001
2020-09-09 00:00:00,0,B457201001
2020-10-15 00:00:00,-0.005,B457201001
2020-11-17 00:00:00,-0.025,B457201001
2020-12-12 00:00:00,0,B457201001
2023-06-01 00:00:00,0,B457201001
2023-07-12 00:00:00,-0.01,B457201001
2023-08-01 00:00:00,0,B457201001
2024-05-27 00:00:00,0,B457201001
2024-06-05 00:00:00,-0.015,B457201001
2024-07-18 00:00:00,-0.015,B457201001
2024-08-22 00:00:00,-0.01,B457201001
2024-10-01 00:00:00,0,B457201001
1976-03-23 00:42:00,0,B109201001
1976-04-18 17:20:00,-0.04,B109201001
1976-05-04 17:45:00,-0.07,B109201001
1976-05-19 19:21:00,-0.1,B109201001
1976-05-30 02:26:00,-0.03,B109201001
1976-06-15 02:48:00,-0.045,B109201001
1976-07-03 19:18:00,-0.05,B109201001
1976-08-07 12:11:00,-0.02,B109201001
1976-08-24 20:37:00,-0.07,B109201001
1976-09-08 12:59:00,0,B109201001
1977-04-21 18:30:00,0,B109201001
1977-05-21 23:15:00,-0.17,B109201001
1977-06-18 07:49:00,-0.15,B109201001
1977-07-20 21:28:00,-0.06,B109201001
1977-08-14 15:30:00,-0.03,B109201001
1977-09-07 02:17:00,-0.03,B109201001
1977-09-22 17:29:00,0,B109201001
1978-03-22 19:18:00,0,B109201001
1978-04-17 20:37:00,-0.04,B109201001
1978-05-17 08:11:00,-0.16,B109201001
1978-06-15 11:31:00,-0.06,B109201001
1978-06-28 12:14:00,-0.11,B109201001
1978-07-28 11:17:00,-0.09,B109201001
1978-08-11 19:13:00,-0.075,B109201001
1978-09-05 13:15:00,-0.06,B109201001
1978-11-03 04:13:00,0,B109201001
1979-04-22 19:55:00,0,B109201001
1979-05-17 13:58:00,-0.025,B109201001
1979-06-11 08:00:00,-0.08,B109201001
1979-07-02 04:15:00,-0.05,B109201001
1979-07-30 20:03:00,-0.04,B109201001
1979-09-01 18:25:00,-0.12,B109201001
1979-09-18 08:09:00,0,B109201001
1981-03-29 19:18:00,0,B109201001
1981-04-27 03:45:00,-0.03,B109201001
1981-05-22 04:10:00,-0.085,B109201001
1981-06-12 20:29:00,-0.07,B109201001
1981-07-04 12:47:00,-0.04,B109201001
1981-08-05 05:17:00,-0.015,B109201001
1981-09-02 13:46:00,-0.02,B109201001
1981-09-15 21:59:00,0,B109201001
1983-04-12 14:57:00,0,B109201001
1983-06-26 16:10:00,-0.065,B109201001
1983-07-18 08:29:00,-0.04,B109201001
1983-08-17 08:57:00,-0.08,B109201001
1983-09-11 09:19:00,-0.065,B109201001
1983-10-09 17:48:00,-0.015,B109201001
1983-10-28 02:03:00,0,B109201001
1985-05-22 12:05:00,0,B109201001
1985-06-07 21:19:00,-0.035,B109201001
1985-07-04 16:45:00,-0.095,B109201001
1985-07-31 12:12:00,-0.165,B109201001
1985-08-28 19:24:00,-0.07,B109201001
1985-09-22 16:08:00,-0.06,B109201001
1985-11-05 02:41:00,0,B109201001
1986-05-15 15:59:00,0,B109201001
1986-06-04 19:45:00,-0.06,B109201001
1986-07-03 02:56:00,-0.035,B109201001
1986-07-31 00:08:00,-0.06,B109201001
1986-09-23 18:38:00,0,B109201001
1987-04-08 17:17:00,0,B109201001
1987-05-04 06:13:00,-0.125,B109201001
1987-07-03 00:51:00,-0.04,B109201001
1987-07-29 20:18:00,-0.09,B109201001
1987-10-18 13:43:00,0,B109201001
1989-05-22 21:19:00,0,B109201001
1989-06-22 02:20:00,-0.055,B109201001
1989-07-23 23:37:00,-0.07,B109201001
1989-08-16 11:31:00,-0.02,B109201001
1989-10-21 09:39:00,0,B109201001
1990-04-19 08:46:00,0,B109201001
1990-05-10 20:32:00,-0.12,B109201001
1990-06-09 04:39:00,-0.08,B109201001
1990-08-24 06:25:00,0,B109201001
1991-04-27 23:09:00,0,B109201001
1991-05-06 15:46:00,-0.055,B109201001
1991-05-30 22:36:00,-0.1,B109201001
1991-07-27 10:54:00,-0.02,B109201001
1991-09-09 13:35:00,0,B109201001
1992-05-06 20:15:00,0,B109201001
1992-06-18 23:33:00,-0.04,B109201001
1992-08-06 13:35:00,-0.01,B109201001
1992-09-24 03:38:00,-0.035,B109201001
1992-10-19 00:45:00,0,B109201001
1993-03-15 19:51:00,0,B109201001
1993-04-26 17:40:00,-0.12,B109201001
1993-06-14 07:43:00,-0.05,B109201001
1993-07-10 15:19:00,-0.025,B109201001
1993-08-14 01:18:00,-0.04,B109201001
1993-09-14 07:26:00,0,B109201001
1994-05-06 08:19:00,0,B109201001
1994-05-22 17:40:00,-0.065,B109201001
1994-06-14 04:53:00,-0.12,B109201001
1994-08-25 21:25:00,-0.08,B109201001
1994-09-20 06:51:00,0,B109201001
1995-03-27 23:52:00,0,B109201001
1995-05-08 10:54:00,-0.065,B109201001
1995-06-15 11:17:00,-0.12,B109201001
1995-08-23 17:30:00,-0.055,B109201001
1995-09-05 07:24:00,-0.11,B109201001
1995-11-15 14:54:00,0,B109201001
1996-04-17 00:00:00,0,B109201001
1996-04-19 13:13:00,-0.02,B109201001
1996-05-07 11:40:00,-0.03,B109201001
1996-06-04 22:00:00,-0.03,B109201001
1996-07-10 00:00:00,-0.05,B109201001
1996-08-19 22:00:00,0,B109201001
1997-02-28 22:13:00,0,B109201001
1997-04-10 10:53:00,-0.045,B109201001
1997-05-14 22:00:00,-0.15,B109201001
1997-06-10 22:00:00,-0.1,B109201001
1997-07-08 11:23:00,-0.13,B109201001
1997-08-08 00:00:00,-0.1,B109201001
1997-09-04 22:00:00,0,B109201001
1997-09-05 00:00:00,0,B109201001
1998-04-30 22:00:00,0,B109201001
1998-05-13 05:00:00,-0.04,B109201001
1998-06-09 00:00:00,-0.09,B109201001
1998-06-30 21:03:00,-0.065,B109201001
1998-09-15 00:00:00,-0.02,B109201001
1998-10-14 21:59:00,-0.015,B109201001
1998-10-14 22:00:00,0,B109201001
1999-04-22 00:00:00,0,B109201001
1999-04-26 04:37:00,-0.045,B109201001
1999-05-30 06:15:00,-0.1,B109201001
1999-07-10 15:06:00,-0.055,B109201001
1999-07-22 19:07:00,-0.01,B109201001
1999-08-30 00:00:00,0,B109201001
2000-06-11 00:00:00,0,B109201001
2000-06-25 01:08:00,-0.035,B109201001
2000-08-24 21:12:00,-0.05,B109201001
2000-10-19 20:26:00,0,B109201001
2004-05-20 22:00:00,0,B109201001
2004-05-31 22:00:00,-0.06,B109201001
2004-06-14 22:00:00,-0.04,B109201001
2004-07-30 00:00:00,0,B109201001
2005-03-22 00:00:00,0,B109201001
2005-05-11 22:00:00,-0.07,B109201001
2005-06-15 22:00:00,-0.1,B109201001
2005-07-21 22:00:00,-0.03,B109201001
2005-08-17 00:00:00,0,B109201001
2006-04-25 00:00:00,0,B109201001
2006-05-29 23:59:00,-0.145,B109201001
2006-07-11 22:00:00,-0.05,B109201001
2006-08-16 00:00:00,0,B109201001
2007-03-16 00:22:00,0,B109201001
2007-05-03 05:54:00,-0.035,B109201001
2007-06-09 20:48:00,-0.04,B109201001
2007-07-05 00:00:00,-0.12,B109201001
2007-08-28 13:02:00,-0.045,B109201001
2007-09-24 02:26:00,-0.015,B109201001
2007-11-18 10:21:00,-0.035,B109201001
2007-12-01 00:00:00,0,B109201001
2008-04-27 23:48:00,0,B109201001
2008-05-24 13:13:00,-0.035,B109201001
2008-06-22 07:45:00,-0.035,B109201001
2008-07-25 12:30:00,-0.02,B109201001
2008-08-16 15:40:00,-0.015,B109201001
2008-09-10 00:00:00,-0.01,B109201001
2008-10-21 00:00:00,0,B109201001
2009-04-28 00:00:00,0,B109201001
2009-06-18 01:44:00,-0.065,B109201001
2009-07-25 16:43:00,-0.01,B109201001
2009-08-21 06:07:00,-0.01,B109201001
2009-09-19 00:38:00,-0.015,B109201001
2009-11-04 12:05:00,-0.025,B109201001
2009-11-23 00:00:00,0,B109201001
2010-05-19 00:00:00,0,B109201001
2010-07-27 22:47:00,-0.001,B109201001
2010-08-17 00:01:00,-0.111,B109201001
2010-09-12 18:47:00,-0.025,B109201001
2010-10-12 08:41:00,-0.01,B109201001
2010-11-07 00:00:00,0,B109201001
2011-05-17 00:00:00,0,B109201001
2011-06-23 05:58:00,-0.014,B109201001
2011-07-20 08:43:00,-0.02,B109201001
2011-08-26 08:05:00,-0.025,B109201001
2011-10-19 13:34:00,-0.015,B109201001
2011-11-15 00:00:00,0,B109201001
2012-06-18 00:00:00,0,B109201001
2013-06-05 00:00:00,0,B109201001
2013-06-14 00:00:00,-0.1,B109201001
2013-07-16 12:22:00,-0.085,B109201001
2013-08-12 01:31:00,-0.045,B109201001
2013-09-18 12:00:00,-0.025,B109201001
2013-11-01 02:43:00,0,B109201001
2014-03-26 00:00:00,0,B109201001
2014-04-28 17:15:00,-0.02,B109201001
2014-06-15 11:40:00,-0.04,B109201001
2014-07-18 00:00:00,0,B109201001
2015-03-22 20:35:00,0,B109201001
2015-05-01 07:37:00,-0.02,B109201001
2015-06-02 00:00:00,-0.01,B109201001
2015-07-05 05:37:00,-0.025,B109201001
2015-07-12 22:39:00,-0.01,B109201001
2015-08-11 00:00:00,0,B109201001
2016-05-08 00:00:00,0,B109201001
2016-05-18 21:23:00,-0.03,B109201001
2016-07-09 06:54:00,-0.035,B109201001
2016-08-27 02:44:00,-0.03,B109201001
2016-09-21 19:29:00,0,B109201001
2018-04-23 00:00:00,0,B109201001
2018-05-26 10:15:00,-0.03,B109201001
2018-06-28 20:02:00,-0.02,B109201001
2018-07-27 02:28:00,-0.02,B109201001
2018-08-21 00:00:00,0,B109201001
2019-03-26 00:00:00,0,B109201001
2019-05-02 00:00:00,-0.04,B109201001
2019-06-10 18:14:00,-0.055,B109201001
2019-07-24 10:43:00,-0.02,B109201001
2019-08-29 00:00:00,0,B109201001
2020-05-27 23:48:00,0,B109201001
2020-06-18 05:34:00,-0.01,B109201001
2020-07-21 08:49:00,-0.01,B109201001
2020-08-07 08:37:00,-0.01,B109201001
2020-08-26 14:48:00,0,B109201001
2020-09-08 01:52:00,0,B109201001
2020-09-27 11:03:00,-0.02,B109201001
2020-10-27 22:07:00,0,B109201001
2021-05-02 20:03:00,0,B109201001
2021-05-20 20:03:00,-0.005,B109201001
2021-06-23 01:35:00,-0.01,B109201001
2021-06-23 01:36:00,-0.02,B109201001
2021-07-28 11:56:00,-0.03,B109201001
2021-08-31 11:33:00,-0.01,B109201001
2021-09-23 00:00:00,0,B109201001
2022-04-12 00:00:00,0,B109201001
2022-05-17 22:01:00,-0.005,B109201001
2022-06-15 07:13:00,-0.015,B109201001
2022-07-12 00:00:00,0,B109201001
2023-05-04 00:00:00,0,B109201001
2023-05-31 00:00:00,-0.04,B109201001
2023-06-29 00:00:00,-0.03,B109201001
2023-07-25 00:00:00,0,B109201001
2024-04-30 08:54:00,0,B109201001
2024-06-01 15:00:00,-0.02,B109201001
2024-06-23 13:24:00,-0.03,B109201001
2024-07-19 08:37:00,-0.025,B109201001
2024-08-15 10:53:00,-0.02,B109201001
2024-09-28 07:38:00,-0.03,B109201001
2024-10-17 00:00:00,0,B109201001
2025-05-05 00:00:00,0,B109201001
2025-05-14 00:00:00,-0.01,B109201001
2025-06-05 00:00:00,-0.02,B109201001
2025-07-02 00:00:00,-0.04,B109201001
2011-04-30 00:00:00,0,A812200001
2011-06-07 00:00:00,-0.18,A812200001
2011-09-20 00:00:00,-0.16,A812200001
2011-11-22 00:00:00,-0.09,A812200001
2011-12-06 00:00:00,0,A812200001
2012-03-07 00:00:00,0,A812200001
2012-04-18 00:00:00,-0.05,A812200001
2012-06-28 00:00:00,-0.05,A812200001
2012-07-31 00:00:00,-0.07,A812200001
2012-08-29 00:00:00,-0.1,A812200001
2012-11-06 00:00:00,0,A812200001
2013-07-22 00:00:00,0,A812200001
2013-08-27 00:00:00,-0.08,A812200001
2013-10-08 00:00:00,0,A812200001
2014-07-01 00:00:00,0,A812200001
2014-08-28 00:00:00,-0.07,A812200001
2014-10-27 00:00:00,0,A812200001
2015-05-29 00:00:00,0,A812200001
2015-06-30 00:00:00,-0.01,A812200001
2015-07-22 00:00:00,-0.04,A812200001
2015-09-24 00:00:00,-0.09,A812200001
2015-10-20 00:00:00,-0.04,A812200001
2015-11-19 00:00:00,-0.03,A812200001
2015-11-20 00:00:00,0,A812200001
2017-04-12 00:00:00,0,A812200001
2017-05-10 00:00:00,-0.03,A812200001
2017-05-11 00:00:00,-0.03,A812200001
2017-06-07 00:00:00,-0.03,A812200001
2017-07-04 00:00:00,0,A812200001
2017-07-26 00:00:00,0,A812200001
2018-04-24 00:00:00,0,A812200001
2018-05-16 00:00:00,-0.04,A812200001
2018-06-12 00:00:00,-0.04,A812200001
2018-07-09 00:00:00,-0.02,A812200001
2018-09-11 00:00:00,0,A812200001
2018-09-19 00:00:00,-0.06,A812200001
2018-10-17 00:00:00,-0.07,A812200001
2018-11-13 00:00:00,0,A812200001
2020-05-01 00:00:00,0,A812200001
2020-05-28 00:00:00,-0.04,A812200001
2020-06-17 00:00:00,-0.06,A812200001
2020-08-04 00:00:00,-0.05,A812200001
2020-09-15 00:00:00,-0.04,A812200001
2020-11-12 00:00:00,0,A812200001
2022-05-31 00:00:00,0,A812200001
2022-06-14 00:00:00,-0.1,A812200001
2022-07-06 00:00:00,-0.04,A812200001
2022-09-28 00:00:00,0,A812200001
1990-05-09 22:00:00,0,B611101001
1990-05-10 00:00:00,0,B611101001
1990-06-10 22:00:00,-0.08,B611101001
1990-06-11 00:00:00,-0.08,B611101001
1990-08-12 22:00:00,0,B611101001
1990-08-13 00:00:00,0,B611101001
1992-03-03 23:00:00,0,B611101001
1992-03-04 00:00:00,0,B611101001
1992-04-17 22:00:00,-0.24,B611101001
1992-04-18 00:00:00,-0.24,B611101001
1992-06-28 22:00:00,-0.22,B611101001
1992-06-29 00:00:00,-0.22,B611101001
1992-07-14 22:00:00,-0.15,B611101001
1992-07-15 00:00:00,-0.15,B611101001
1992-08-16 22:00:00,0,B611101001
1992-08-17 00:00:00,0,B611101001
1993-03-22 23:00:00,0,B611101001
1993-03-23 00:00:00,0,B611101001
1993-04-27 22:00:00,-0.02,B611101001
1993-04-28 00:00:00,-0.02,B611101001
1993-06-01 22:00:00,-0.03,B611101001
1993-06-02 00:00:00,-0.03,B611101001
1993-08-16 22:00:00,-0.06,B611101001
1993-08-17 00:00:00,-0.06,B611101001
1993-10-13 22:00:00,0,B611101001
1993-10-14 00:00:00,0,B611101001
1995-04-15 22:00:00,0,B611101001
1995-04-16 00:00:00,0,B611101001
1995-07-04 22:00:00,-0.04,B611101001
1995-07-05 00:00:00,-0.04,B611101001
1995-08-08 22:00:00,0,B611101001
1995-08-09 00:00:00,0,B611101001
1996-02-19 23:00:00,0,B611101001
1996-02-20 00:00:00,0,B611101001
1996-03-19 23:00:00,-0.09,B611101001
1996-03-20 00:00:00,-0.09,B611101001
1996-04-22 22:00:00,-0.17,B611101001
1996-04-23 00:00:00,-0.17,B611101001
1996-05-21 22:00:00,-0.3,B611101001
1996-05-22 00:00:00,-0.3,B611101001
1996-06-18 22:00:00,-0.15,B611101001
1996-06-19 00:00:00,-0.15,B611101001
1996-07-14 22:00:00,-0.08,B611101001
1996-07-15 00:00:00,-0.08,B611101001
1996-08-12 22:00:00,-0.09,B611101001
1996-08-13 00:00:00,-0.09,B611101001
1996-09-09 22:00:00,0,B611101001
1996-09-10 00:00:00,0,B611101001
1997-07-15 22:00:00,0,B611101001
1997-07-16 00:00:00,0,B611101001
1997-09-01 22:00:00,-0.04,B611101001
1997-09-02 00:00:00,-0.04,B611101001
1997-09-30 22:00:00,-0.13,B611101001
1997-10-01 00:00:00,-0.13,B611101001
1997-11-04 23:00:00,-0.09,B611101001
1997-11-05 00:00:00,-0.09,B611101001
1997-11-29 23:00:00,0,B611101001
1997-11-30 00:00:00,0,B611101001
1998-06-25 22:00:00,0,B611101001
1998-06-26 00:00:00,0,B611101001
1998-07-21 22:00:00,-0.28,B611101001
1998-07-22 00:00:00,-0.28,B611101001
1998-09-28 22:00:00,-0.12,B611101001
1998-09-29 00:00:00,-0.12,B611101001
1998-10-14 22:00:00,-0.07,B611101001
1998-10-15 00:00:00,-0.07,B611101001
1998-10-23 22:00:00,0,B611101001
1998-10-24 00:00:00,0,B611101001
2001-08-22 22:00:00,0,B611101001
2001-08-23 00:00:00,0,B611101001
2001-11-06 23:00:00,-0.07,B611101001
2001-11-07 00:00:00,-0.07,B611101001
2001-11-08 23:00:00,0,B611101001
2001-11-09 00:00:00,0,B611101001
2002-02-28 00:00:00,0,B611101001
2002-06-24 22:00:00,-0.12,B611101001
2002-06-25 00:00:00,-0.12,B611101001
2002-10-23 22:00:00,0,B611101001
2002-10-24 00:00:00,0,B611101001
2003-06-15 22:00:00,0,B611101001
2003-06-16 00:00:00,0,B611101001
2003-07-28 22:00:00,-0.08,B611101001
2003-07-29 00:00:00,-0.08,B611101001
2003-08-19 22:00:00,-0.05,B611101001
2003-08-20 00:00:00,-0.05,B611101001
2003-09-04 22:00:00,-0.08,B611101001
2003-09-05 00:00:00,-0.08,B611101001
2003-09-16 22:00:00,-0.08,B611101001
2003-09-17 00:00:00,-0.08,B611101001
2003-10-20 22:00:00,-0.08,B611101001
2003-10-21 00:00:00,-0.08,B611101001
2003-12-07 23:00:00,0,B611101001
2003-12-08 00:00:00,0,B611101001
2004-04-19 22:00:00,0,B611101001
2004-04-20 00:00:00,0,B611101001
2004-05-24 22:00:00,-0.17,B611101001
2004-05-25 00:00:00,-0.17,B611101001
2004-06-03 22:00:00,-0.21,B611101001
2004-06-04 00:00:00,-0.21,B611101001
2004-07-26 22:00:00,-0.17,B611101001
2004-07-27 00:00:00,-0.17,B611101001
2004-10-06 22:00:00,0,B611101001
2004-10-07 00:00:00,0,B611101001
2005-03-29 22:00:00,0,B611101001
2005-03-30 00:00:00,0,B611101001
2005-05-24 22:00:00,-0.18,B611101001
2005-05-25 00:00:00,-0.18,B611101001
2005-06-29 22:00:00,-0.16,B611101001
2005-06-30 00:00:00,-0.16,B611101001
2005-08-01 22:00:00,0,B611101001
2005-08-02 00:00:00,0,B611101001
2005-09-12 22:00:00,-0.04,B611101001
2005-09-13 00:00:00,-0.04,B611101001
2005-11-02 23:00:00,0,B611101001
2005-11-03 00:00:00,0,B611101001
2006-05-17 22:00:00,0,B611101001
2006-05-18 00:00:00,0,B611101001
2006-07-19 22:00:00,-0.19,B611101001
2006-07-20 00:00:00,-0.19,B611101001
2006-08-16 22:00:00,-0.12,B611101001
2006-08-17 00:00:00,-0.12,B611101001
2006-09-06 22:00:00,0,B611101001
2006-09-07 00:00:00,0,B611101001
2006-11-01 23:00:00,-0.08,B611101001
2006-11-02 00:00:00,-0.08,B611101001
2006-11-19 23:00:00,0,B611101001
2006-11-20 00:00:00,0,B611101001
2007-05-09 00:00:00,0,B611101001
2007-06-12 00:00:00,-0.11,B611101001
2007-08-24 00:00:00,-0.07,B611101001
2007-09-25 00:00:00,-0.06,B611101001
2007-11-22 00:00:00,0,B611101001
2008-05-22 00:00:00,0,B611101001
2008-07-02 00:00:00,-0.14,B611101001
2008-07-24 00:00:00,-0.16,B611101001
2008-09-10 00:00:00,-0.04,B611101001
2008-10-22 00:00:00,0,B611101001
2009-05-01 00:00:00,0,B611101001
2009-05-11 00:00:00,-0.15,B611101001
2009-06-17 00:00:00,-0.32,B611101001
2009-07-23 00:00:00,-0.24,B611101001
2009-09-17 00:00:00,-0.19,B611101001
2009-11-10 00:00:00,-0.09,B611101001
2009-11-23 00:00:00,0,B611101001
2010-05-25 00:00:00,0,B611101001
2010-07-05 00:00:00,-0.15,B611101001
2010-08-05 00:00:00,-0.09,B611101001
2010-08-24 00:00:00,-0.04,B611101001
2010-09-28 00:00:00,0,B611101001
2012-08-02 00:00:00,0,B611101001
2012-09-27 00:00:00,-0.06,B611101001
2012-10-12 00:00:00,0,B611101001
2013-04-09 00:00:00,0,B611101001
2013-05-30 00:00:00,-0.31,B611101001
2013-06-20 00:00:00,-0.35,B611101001
2013-08-01 00:00:00,-0.14,B611101001
2013-08-22 00:00:00,-0.13,B611101001
2013-10-10 00:00:00,0,B611101001
2014-04-03 00:00:00,0,B611101001
2014-05-13 00:00:00,-0.16,B611101001
2014-06-17 00:00:00,-0.13,B611101001
2014-06-27 00:00:00,-0.17,B611101001
2014-08-15 00:00:00,-0.08,B611101001
2014-09-17 00:00:00,-0.16,B611101001
2014-10-05 00:00:00,-0.16,B611101001
2014-10-07 00:00:00,-0.1,B611101001
2014-10-29 00:00:00,-0.2,B611101001
2014-12-09 00:00:00,-0.27,B611101001
2014-12-15 00:00:00,0,B611101001
2015-03-18 00:00:00,0,B611101001
2015-04-15 00:00:00,-0.1,B611101001
2015-05-27 00:00:00,-0.4,B611101001
2015-06-12 00:00:00,-0.37,B611101001
2015-07-15 00:00:00,-0.15,B611101001
2015-08-10 00:00:00,-0.07,B611101001
2015-09-09 00:00:00,-0.03,B611101001
2015-10-07 00:00:00,0,B611101001
2016-05-18 00:00:00,0,B611101001
2016-08-23 00:00:00,-0.03,B611101001
2016-09-14 00:00:00,-0.06,B611101001
2016-12-01 00:00:00,0,B611101001
2017-04-01 00:00:00,0,B611101001
2017-04-11 00:00:00,-0.02,B611101001
2017-05-23 00:00:00,-0.16,B611101001
2017-06-14 00:00:00,-0.19,B611101001
2017-07-06 00:00:00,-0.13,B611101001
2017-08-03 00:00:00,-0.08,B611101001
2017-08-31 00:00:00,-0.05,B611101001
2017-10-18 00:00:00,0,B611101001
2018-06-13 00:00:00,0,B611101001
2018-07-09 00:00:00,-0.05,B611101001
2018-07-23 00:00:00,-0.08,B611101001
2018-08-08 00:00:00,-0.02,B611101001
2018-08-13 00:00:00,-0.03,B611101001
2018-08-28 00:00:00,-0.02,B611101001
2018-09-05 00:00:00,0,B611101001
2019-04-02 00:00:00,0,B611101001
2019-04-23 00:00:00,-0.11,B611101001
2019-05-11 00:00:00,0,B611101001
2019-05-16 00:00:00,0,B611101001
2019-06-04 00:00:00,-0.12,B611101001
2019-07-11 00:00:00,-0.13,B611101001
2019-08-06 00:00:00,0,B611101001
2021-06-08 00:00:00,0,B611101001
2021-08-05 00:00:00,-0.035,B611101001
2021-09-15 00:00:00,-0.025,B611101001
2021-10-26 00:00:00,-0.05,B611101001
2021-10-31 00:00:00,0,B611101001
2022-03-31 00:00:00,0,B611101001
2022-04-21 00:00:00,-0.055,B611101001
2022-06-09 00:00:00,-0.105,B611101001
2022-07-20 00:00:00,-0.075,B611101001
2022-08-31 00:00:00,-0.025,B611101001
2022-10-05 00:00:00,-0.03,B611101001
2022-11-23 00:00:00,0,B611101001
2023-07-20 00:00:00,0,B611101001
2023-08-29 00:00:00,-0.015,B611101001
2023-09-19 00:00:00,-0.05,B611101001
2023-10-25 00:00:00,0,B611101001
2024-07-03 00:00:00,0,B611101001
2024-08-06 00:00:00,-0.02,B611101001
2024-08-28 00:00:00,-0.015,B611101001
2024-10-09 00:00:00,0,B611101001
2004-06-14 22:00:00,0,B301001001
2004-06-15 00:00:00,0,B301001001
2004-08-04 00:00:00,-0.12,B301001001
2004-08-24 00:00:00,-0.15,B301001001
2004-10-09 00:00:00,0,B301001001
2005-05-17 00:00:00,0,B301001001
2005-05-29 00:00:00,-0.07,B301001001
2005-09-27 00:00:00,0,B301001001
2006-03-13 00:00:00,0,B301001001
2006-05-30 00:00:00,0,B301001001
2006-08-01 00:00:00,-0.18,B301001001
2006-09-25 00:00:00,0,B301001001
2007-04-12 00:00:00,0,B301001001
2007-06-06 00:00:00,-0.12,B301001001
2007-10-03 00:00:00,-0.06,B301001001
2007-10-30 00:00:00,-0.04,B301001001
2007-11-24 00:00:00,0,B301001001
2008-05-01 00:00:00,0,B301001001
2008-05-09 00:00:00,-0.18,B301001001
2008-06-20 00:00:00,-0.29,B301001001
2008-08-06 00:00:00,-0.29,B301001001
2008-10-02 00:00:00,-0.1,B301001001
2008-10-25 00:00:00,0,B301001001
2009-05-01 00:00:00,0,B301001001
2009-05-19 00:00:00,-0.3,B301001001
2009-07-16 00:00:00,-0.42,B301001001
2009-08-19 00:00:00,-0.21,B301001001
2009-09-30 00:00:00,0,B301001001
2009-10-27 00:00:00,0,B301001001
2010-04-29 00:00:00,0,B301001001
2010-07-28 00:00:00,-0.33,B301001001
2010-08-20 00:00:00,-0.26,B301001001
2010-09-22 00:00:00,-0.08,B301001001
2010-10-18 00:00:00,-0.07,B301001001
2010-12-12 00:00:00,0,B301001001
2011-04-01 00:00:00,0,B301001001
2011-04-27 00:00:00,-0.05,B301001001
2011-05-19 00:00:00,-0.14,B301001001
2011-06-15 00:00:00,-0.26,B301001001
2011-07-26 00:00:00,-0.22,B301001001
2011-08-26 00:00:00,-0.1,B301001001
2011-10-13 00:00:00,-0.06,B301001001
2011-11-30 00:00:00,-0.03,B301001001
2011-12-07 00:00:00,0,B301001001
2012-05-15 00:00:00,0,B301001001
2012-06-25 00:00:00,-0.07,B301001001
2012-08-22 00:00:00,-0.11,B301001001
2012-09-24 00:00:00,-0.06,B301001001
2012-10-26 00:00:00,-0.06,B301001001
2012-12-05 00:00:00,0,B301001001
2013-06-05 00:00:00,0,B301001001
2013-07-10 00:00:00,-0.14,B301001001
2013-08-14 00:00:00,-0.1,B301001001
2013-09-24 00:00:00,-0.12,B301001001
2013-10-10 00:00:00,0,B301001001
2014-04-24 00:00:00,0,B301001001
2014-06-04 00:00:00,-0.04,B301001001
2014-06-23 00:00:00,-0.08,B301001001
2014-07-01 00:00:00,-0.13,B301001001
2014-09-10 00:00:00,-0.09,B301001001
2014-10-22 00:00:00,-0.09,B301001001
2014-11-01 00:00:00,0,B301001001
2015-05-13 00:00:00,0,B301001001
2015-06-10 00:00:00,-0.1,B301001001
2015-07-09 00:00:00,-0.24,B301001001
2015-08-17 00:00:00,-0.23,B301001001
2015-09-10 00:00:00,-0.11,B301001001
2015-10-02 00:00:00,-0.04,B301001001
2015-11-03 00:00:00,0,B301001001
2016-05-01 00:00:00,0,B301001001
2016-05-25 00:00:00,-0.08,B301001001
2016-07-21 00:00:00,-0.11,B301001001
2016-09-06 00:00:00,-0.14,B301001001
2016-10-13 00:00:00,-0.06,B301001001
2016-11-15 00:00:00,-0.06,B301001001
2016-11-22 00:00:00,0,B301001001
2017-04-13 00:00:00,0,B301001001
2017-05-24 00:00:00,-0.08,B301001001
2017-06-29 00:00:00,-0.18,B301001001
2017-08-09 00:00:00,-0.18,B301001001
2017-09-04 00:00:00,-0.12,B301001001
2017-09-05 00:00:00,-0.09,B301001001
2017-10-06 00:00:00,-0.06,B301001001
2017-11-07 00:00:00,0,B301001001
2018-05-25 00:00:00,0,B301001001
2018-07-11 00:00:00,-0.04,B301001001
2018-10-11 00:00:00,-0.05,B301001001
2018-11-27 00:00:00,0,B301001001
2019-04-18 00:00:00,0,B301001001
2019-05-28 00:00:00,-0.07,B301001001
2019-06-28 00:00:00,-0.11,B301001001
2019-07-02 00:00:00,-0.22,B301001001
2019-07-30 00:00:00,-0.22,B301001001
2019-09-04 00:00:00,-0.15,B301001001
2019-09-11 00:00:00,-0.11,B301001001
2019-10-03 00:00:00,-0.08,B301001001
2019-10-17 00:00:00,-0.06,B301001001
2019-10-19 00:00:00,0,B301001001
2020-05-12 00:00:00,0,B301001001
2020-05-27 00:00:00,-0.06,B301001001
2020-06-09 00:00:00,-0.13,B301001001
2020-07-07 00:00:00,-0.2,B301001001
2020-08-04 00:00:00,-0.21,B301001001
2020-08-26 00:00:00,-0.13,B301001001
2020-09-22 00:00:00,-0.08,B301001001
2020-10-07 00:00:00,-0.07,B301001001
2020-10-29 00:00:00,0,B301001001
2021-05-04 00:00:00,0,B301001001
2021-05-27 00:00:00,-0.1,B301001001
2021-07-06 00:00:00,-0.32,B301001001
2021-07-22 00:00:00,-0.26,B301001001
2021-08-11 00:00:00,-0.19,B301001001
2021-09-28 00:00:00,-0.05,B301001001
2021-11-16 00:00:00,0,B301001001
2022-05-01 00:00:00,0,B301001001
2022-05-25 00:00:00,-0.14,B301001001
2022-06-30 00:00:00,-0.32,B301001001
2022-08-03 00:00:00,-0.24,B301001001
2022-09-07 00:00:00,-0.16,B301001001
2022-10-14 00:00:00,-0.12,B301001001
2022-11-09 00:00:00,0,B301001001
2023-04-27 00:00:00,0,B301001001
2023-05-16 00:00:00,-0.19,B301001001
2023-06-14 00:00:00,-0.345,B301001001
2023-07-18 00:00:00,-0.435,B301001001
2023-09-01 00:00:00,-0.31,B301001001
2023-09-13 00:00:00,-0.23,B301001001
2023-09-26 00:00:00,-0.18,B301001001
2023-10-19 00:00:00,-0.11,B301001001
2023-10-30 00:00:00,0,B301001001
2024-06-06 00:00:00,0,B301001001
2024-07-18 00:00:00,-0.21,B301001001
2024-08-08 00:00:00,-0.425,B301001001
2024-09-03 00:00:00,-0.445,B301001001
2024-10-22 00:00:00,-0.17,B301001001
2024-11-15 00:00:00,0,B301001001
2025-04-08 00:00:00,0,B301001001
2025-05-15 00:00:00,-0.23,B301001001
2025-06-12 00:00:00,-0.37,B301001001
2025-06-24 00:00:00,-0.43,B301001001
2025-07-10 10:00:00,-0.47,B301001001
2015-04-15 00:00:00,0,A800621001
2015-05-13 00:00:00,-0.03,A800621001
2015-06-25 00:00:00,-0.04,A800621001
2015-07-22 00:00:00,-0.01,A800621001
2015-09-23 11:11:00,-0.05,A800621001
2015-11-20 00:00:00,0,A800621001
2016-04-01 00:00:00,0,A800621001
2016-05-04 00:00:00,-0.02,A800621001
2016-07-28 00:00:00,-0.03,A800621001
2016-08-30 00:00:00,0,A800621001
2016-12-31 00:00:00,0,A800621001
2018-06-12 00:00:00,0,A800621001
2018-07-09 00:00:00,-0.01,A800621001
2018-09-11 00:00:00,0,A800621001
2019-04-04 00:00:00,0,A800621001
2019-05-07 00:00:00,-0.11,A800621001
2019-08-22 00:00:00,0,A800621001
2013-04-01 00:00:00,0,A670121001
2013-04-25 21:37:00,-0.025,A670121001
2013-07-04 00:00:00,-0.075,A670121001
2013-10-01 00:00:00,0,A670121001
2015-04-01 00:00:00,0,A670121001
2015-04-22 06:47:00,-0.035,A670121001
2015-06-03 00:00:00,-0.07,A670121001
2015-07-20 00:00:00,-0.085,A670121001
2015-09-04 00:00:00,-0.06,A670121001
2015-10-01 00:00:00,0,A670121001
2017-06-07 00:00:00,0,A670121001
2017-07-04 08:00:00,-0.015,A670121001
2017-07-26 06:00:00,-0.02,A670121001
2017-08-17 18:00:00,-0.045,A670121001
2017-09-19 00:00:00,-0.02,A670121001
2017-10-26 10:33:00,-0.025,A670121001
2017-11-22 00:00:00,-0.01,A670121001
2017-12-01 00:00:00,0,A670121001
2018-04-18 00:00:00,0,A670121001
2018-05-16 13:00:00,-0.015,A670121001
2018-06-28 00:00:00,-0.045,A670121001
2018-07-27 00:00:00,-0.07,A670121001
2018-08-25 00:00:00,-0.05,A670121001
2018-09-21 00:00:00,-0.04,A670121001
2018-10-26 00:00:00,-0.035,A670121001
2018-11-28 00:00:00,-0.03,A670121001
2018-12-19 00:00:00,0,A670121001
2019-06-10 00:00:00,0,A670121001
2019-07-17 08:00:00,-0.03,A670121001
2019-08-08 21:00:00,-0.03,A670121001
2019-08-28 12:00:00,-0.055,A670121001
2019-10-10 16:00:00,-0.03,A670121001
2019-11-20 21:00:00,-0.03,A670121001
2019-12-24 00:00:00,0,A670121001
2020-04-01 00:00:00,0,A670121001
2020-05-26 00:00:00,-0.12,A670121001
2020-06-16 16:00:00,-0.155,A670121001
2020-07-09 00:00:00,-0.16,A670121001
2020-07-30 12:00:00,-0.14,A670121001
2020-08-18 15:00:00,-0.08,A670121001
2020-09-17 00:00:00,-0.045,A670121001
2020-10-06 00:00:00,-0.05,A670121001
2020-11-03 00:00:00,-0.045,A670121001
2020-12-10 12:00:00,-0.03,A670121001
2020-12-19 00:00:00,0,A670121001
2021-05-01 00:00:00,0,A670121001
2021-07-01 12:00:00,0,A670121001
2021-07-08 12:00:00,-0.035,A670121001
2021-07-15 00:00:00,-0.21,A670121001
2021-07-21 00:00:00,0,A670121001
2021-08-10 00:00:00,0,A670121001
2021-08-11 22:00:00,-0.085,A670121001
2021-09-22 00:00:00,-0.075,A670121001
2021-11-28 08:00:00,-0.08,A670121001
2021-12-10 00:00:00,-0.085,A670121001
2022-02-06 17:00:00,-0.1,A670121001
2022-03-01 00:00:00,-0.055,A670121001
2022-04-28 00:00:00,-0.07,A670121001
2022-06-01 00:00:00,-0.085,A670121001
2022-06-21 19:00:00,-0.11,A670121001
2022-07-20 00:00:00,-0.09,A670121001
2022-09-06 00:00:00,-0.03,A670121001
2022-10-03 17:00:00,-0.015,A670121001
2022-11-03 00:00:00,0,A670121001
2023-06-15 00:00:00,0,A670121001
2023-08-02 00:00:00,-0.035,A670121001
2023-09-08 13:00:00,-0.025,A670121001
2023-10-19 11:00:00,-0.04,A670121001
2023-11-15 18:00:00,0,A670121001
2024-07-05 00:00:00,0,A670121001
2024-07-06 00:00:00,-0.02,A670121001
2024-08-04 12:00:00,-0.045,A670121001
2024-09-05 06:00:00,-0.05,A670121001
2024-10-02 00:00:00,-0.04,A670121001
2024-10-08 00:00:00,0,A670121001
2025-05-01 00:00:00,0,A670121001
2025-05-21 00:00:00,-0.01,A670121001
2025-06-26 00:00:00,-0.015,A670121001
2007-03-10 23:00:00,0,A433301001
2007-03-11 00:00:00,0,A433301001
2007-04-03 11:11:00,-0.01,A433301001
2007-05-04 11:11:00,-0.03,A433301001
2007-06-07 11:11:00,-0.07,A433301001
2007-07-04 11:11:00,-0.14,A433301001
2007-10-01 00:00:00,0,A433301001
2008-04-01 00:00:00,0,A433301001
2008-06-10 11:11:00,-0.15,A433301001
2008-08-01 11:11:00,-0.09,A433301001
2008-10-15 11:11:00,-0.03,A433301001
2008-11-01 00:00:00,0,A433301001
2009-04-09 11:11:00,0,A433301001
2009-05-13 11:11:00,-0.01,A433301001
2009-06-05 11:11:00,-0.04,A433301001
2009-07-02 11:11:00,-0.06,A433301001
2009-09-08 11:11:00,0,A433301001
2010-03-03 00:00:00,0,A433301001
2010-05-03 11:11:00,-0.02,A433301001
2010-07-28 11:11:00,-0.05,A433301001
2010-08-23 11:11:00,-0.02,A433301001
2010-10-01 00:00:00,0,A433301001
2011-03-03 11:11:00,0,A433301001
2011-04-26 11:11:00,-0.05,A433301001
2011-05-24 11:11:00,-0.06,A433301001
2011-07-06 11:11:00,-0.06,A433301001
2011-08-10 11:11:00,-0.02,A433301001
2011-09-13 00:00:00,-0.06,A433301001
2011-11-23 11:11:00,-0.08,A433301001
2011-12-05 11:11:00,0,A433301001
2013-06-05 00:00:00,0,A433301001
2013-06-13 00:00:00,-0.06,A433301001
2013-08-07 11:11:00,-0.02,A433301001
2013-10-08 11:11:00,0,A433301001
2014-02-05 00:00:00,0,A433301001
2014-03-18 00:00:00,-0.02,A433301001
2014-05-16 00:00:00,-0.03,A433301001
2014-06-10 00:00:00,0,A433301001
2014-08-12 00:00:00,-0.03,A433301001
2014-11-01 00:00:00,0,A433301001
2015-03-20 00:00:00,0,A433301001
2015-05-12 11:11:00,-0.06,A433301001
2015-06-17 11:11:00,-0.13,A433301001
2015-07-08 11:11:00,-0.11,A433301001
2015-08-13 11:11:00,-0.055,A433301001
2015-09-03 11:11:00,-0.037,A433301001
2015-09-30 11:11:00,-0.034,A433301001
2015-10-21 11:11:00,-0.027,A433301001
2015-11-20 00:00:00,0,A433301001
2016-07-01 00:00:00,0,A433301001
2016-07-20 11:00:00,-0.03,A433301001
2016-07-20 11:11:00,-0.03,A433301001
2016-08-10 00:00:00,-0.025,A433301001
2016-08-10 11:11:00,-0.025,A433301001
2016-09-07 11:11:00,-0.016,A433301001
2016-09-07 13:36:00,-0.016,A433301001
2016-10-27 00:00:00,-0.01,A433301001
2016-12-01 00:00:00,0,A433301001
2017-03-12 00:00:00,0,A433301001
2017-04-12 11:00:00,-0.03,A433301001
2017-04-12 11:11:00,-0.03,A433301001
2017-05-10 00:00:00,-0.03,A433301001
2017-05-30 00:00:00,-0.12,A433301001
2017-05-30 11:11:00,-0.12,A433301001
2017-06-21 00:00:00,-0.1,A433301001
2017-06-21 11:11:00,-0.1,A433301001
2017-07-27 11:11:00,-0.06,A433301001
2017-07-27 15:07:00,-0.06,A433301001
2017-08-16 00:00:00,-0.05,A433301001
2017-08-16 14:48:00,-0.05,A433301001
2017-10-18 09:00:00,-0.03,A433301001
2017-10-18 11:11:00,-0.03,A433301001
2017-11-06 00:00:00,0,A433301001
2018-06-01 00:00:00,0,A433301001
2018-06-20 00:00:00,-0.04,A433301001
2018-07-05 00:00:00,-0.04,A433301001
2018-07-23 00:00:00,-0.04,A433301001
2018-08-07 11:00:00,-0.01,A433301001
2018-08-07 13:38:00,-0.01,A433301001
2018-08-28 00:00:00,-0.01,A433301001
2018-09-25 00:00:00,0,A433301001
2018-09-25 15:07:00,0,A433301001
2019-04-17 00:00:00,0,A433301001
2019-05-21 00:00:00,-0.07,A433301001
2019-06-12 00:00:00,-0.07,A433301001
2019-07-23 00:00:00,-0.02,A433301001
2019-08-14 00:00:00,0,A433301001
2021-05-05 00:00:00,0,A433301001
2021-06-15 00:00:00,-0.09,A433301001
2021-08-17 00:00:00,-0.04,A433301001
2021-09-15 00:00:00,-0.04,A433301001
2021-11-30 00:00:00,0,A433301001
2022-04-05 00:00:00,0,A433301001
2022-05-12 00:00:00,-0.05,A433301001
2022-06-07 00:00:00,-0.09,A433301001
2022-07-06 00:00:00,-0.04,A433301001
2022-09-13 00:00:00,0,A433301001
2023-04-12 00:00:00,0,A433301001
2023-05-17 00:00:00,-0.06,A433301001
2023-06-22 00:00:00,-0.06,A433301001
2023-07-25 00:00:00,-0.025,A433301001
2023-08-23 00:00:00,0,A433301001
2020-01-01 00:00:00,0,A686000101
2020-02-15 00:00:00,0,A686000101
2020-06-02 00:00:00,-0.02,A686000101
2020-06-30 00:00:00,-0.05,A686000101
2020-08-06 00:00:00,-0.03,A686000101
2020-09-29 00:00:00,-0.02,A686000101
2020-10-27 00:00:00,-0.08,A686000101
2020-12-03 00:00:00,-0.06,A686000101
2021-01-19 00:00:00,0,A686000101
2021-05-18 00:00:00,0,A686000101
2021-06-29 00:00:00,-0.03,A686000101
2021-09-30 00:00:00,0,A686000101
2022-05-01 00:00:00,0,A686000101
2022-05-17 00:00:00,-0.02,A686000101
2022-07-05 00:00:00,-0.02,A686000101
2022-08-03 00:00:00,-0.02,A686000101
2022-08-30 00:00:00,0,A686000101
2010-06-03 00:00:00,0,B134001001
2010-07-23 00:00:00,-0.07,B134001001
2010-08-10 00:00:00,-0.09,B134001001
2010-09-08 00:00:00,0,B134001001
2010-10-21 00:00:00,-0.05,B134001001
2010-11-04 00:00:00,-0.03,B134001001
2010-11-17 00:00:00,0,B134001001
2011-04-01 00:00:00,0,B134001001
2011-04-18 00:00:00,-0.04,B134001001
2011-05-13 00:00:00,-0.06,B134001001
2011-06-27 00:00:00,-0.02,B134001001
2011-07-19 00:00:00,-0.02,B134001001
2011-08-23 00:00:00,0,B134001001
2012-06-14 00:00:00,0,B134001001
2012-07-05 00:00:00,0,B134001001
2012-08-23 00:00:00,-0.01,B134001001
2012-09-25 00:00:00,0,B134001001
2012-11-03 00:00:00,0,B134001001
2015-04-02 00:00:00,0,B134001001
2015-06-11 00:00:00,-0.03,B134001001
2015-07-01 00:00:00,-0.04,B134001001
2015-07-16 00:00:00,-0.03,B134001001
2015-08-11 00:00:00,-0.03,B134001001
2015-09-14 00:00:00,0,B134001001
2016-04-01 00:00:00,0,B134001001
2016-05-24 00:00:00,-0.06,B134001001
2016-07-06 00:00:00,-0.05,B134001001
2016-08-11 00:00:00,-0.02,B134001001
2016-09-20 00:00:00,0,B134001001
2017-04-09 00:00:00,0,B134001001
2017-05-03 00:00:00,-0.04,B134001001
2017-06-02 00:00:00,-0.04,B134001001
2017-07-03 00:00:00,-0.03,B134001001
2017-07-19 00:00:00,-0.02,B134001001
2017-08-14 00:00:00,0,B134001001
2017-11-12 00:00:00,0,B134001001
2018-06-27 00:00:00,0,B134001001
2018-07-24 00:00:00,-0.01,B134001001
2018-08-21 00:00:00,-0.01,B134001001
2018-09-11 00:00:00,0,B134001001
2018-10-18 00:00:00,-0.03,B134001001
2018-11-22 00:00:00,-0.03,B134001001
2018-12-03 00:00:00,0,B134001001
2019-03-23 00:00:00,0,B134001001
2019-05-02 00:00:00,-0.07,B134001001
2019-06-06 00:00:00,-0.06,B134001001
2019-07-10 00:00:00,-0.03,B134001001
2019-08-08 00:00:00,0,B134001001
2019-08-29 00:00:00,-0.03,B134001001
2019-09-10 00:00:00,-0.03,B134001001
2019-09-30 00:00:00,-0.01,B134001001
2019-10-19 00:00:00,0,B134001001
2020-04-23 00:00:00,0,B134001001
2020-05-27 00:00:00,-0.02,B134001001
2020-06-18 00:00:00,-0.02,B134001001
2020-07-07 00:00:00,-0.03,B134001001
2020-07-22 00:00:00,-0.03,B134001001
2020-08-06 00:00:00,-0.04,B134001001
2020-08-27 00:00:00,-0.025,B134001001
2020-09-08 00:00:00,-0.025,B134001001
2020-10-01 00:00:00,0,B134001001
2021-04-01 00:00:00,0,B134001001
2021-04-20 00:00:00,-0.02,B134001001
2021-05-20 00:00:00,-0.05,B134001001
2021-06-23 00:00:00,-0.025,B134001001
2021-07-29 00:00:00,0,B134001001
2021-09-01 00:00:00,0,B134001001
2021-10-06 00:00:00,-0.02,B134001001
2021-11-03 00:00:00,0,B134001001
2022-05-19 00:00:00,0,B134001001
2022-06-14 00:00:00,-0.02,B134001001
2022-07-12 00:00:00,0,B134001001
2023-04-18 00:00:00,0,B134001001
2023-05-31 00:00:00,-0.05,B134001001
2023-06-29 00:00:00,-0.015,B134001001
2023-07-25 00:00:00,-0.02,B134001001
2023-10-10 00:00:00,-0.005,B134001001
2023-10-31 00:00:00,0,B134001001
2025-06-20 00:00:00,0,B134001001
2025-07-03 00:00:00,-0.03,B134001001
1971-09-04 00:00:00,0,B022001001
1971-09-13 22:00:00,-0.01,B022001001
1971-09-14 00:00:00,-0.01,B022001001
1971-10-22 22:00:00,0,B022001001
1971-10-23 00:00:00,0,B022001001
1972-05-02 22:00:00,0,B022001001
1972-05-03 00:00:00,0,B022001001
1972-06-19 22:00:00,-0.11,B022001001
1972-06-20 00:00:00,-0.11,B022001001
1972-07-19 22:00:00,-0.04,B022001001
1972-07-20 00:00:00,-0.04,B022001001
1972-08-21 22:00:00,-0.04,B022001001
1972-08-22 00:00:00,-0.04,B022001001
1972-11-13 23:00:00,0,B022001001
1972-11-14 00:00:00,0,B022001001
1973-05-21 22:00:00,0,B022001001
1973-05-22 00:00:00,0,B022001001
1973-07-03 22:00:00,-0.01,B022001001
1973-07-04 00:00:00,-0.01,B022001001
1973-07-17 22:00:00,-0.02,B022001001
1973-07-18 00:00:00,-0.02,B022001001
1973-09-10 22:00:00,-0.03,B022001001
1973-09-11 00:00:00,-0.03,B022001001
1973-11-04 23:00:00,-0.03,B022001001
1973-11-05 00:00:00,-0.03,B022001001
1973-11-11 23:00:00,0,B022001001
1973-11-12 00:00:00,0,B022001001
1974-05-17 22:00:00,0,B022001001
1974-05-18 00:00:00,0,B022001001
1974-06-17 22:00:00,-0.01,B022001001
1974-06-18 00:00:00,-0.01,B022001001
1974-08-12 22:00:00,-0.04,B022001001
1974-08-13 00:00:00,-0.04,B022001001
1974-09-23 22:00:00,0,B022001001
1974-09-24 00:00:00,0,B022001001
1975-05-21 22:00:00,0,B022001001
1975-05-22 00:00:00,0,B022001001
1975-07-15 22:00:00,-0.03,B022001001
1975-07-16 00:00:00,-0.03,B022001001
1975-09-09 22:00:00,-0.02,B022001001
1975-09-10 00:00:00,-0.02,B022001001
1975-11-05 23:00:00,0,B022001001
1975-11-06 00:00:00,0,B022001001
1976-03-31 22:00:00,0,B022001001
1976-04-01 00:00:00,0,B022001001
1976-04-21 22:00:00,-0.02,B022001001
1976-04-22 00:00:00,-0.02,B022001001
1976-06-16 22:00:00,-0.06,B022001001
1976-06-17 00:00:00,-0.06,B022001001
1976-07-05 22:00:00,-0.08,B022001001
1976-07-06 00:00:00,-0.08,B022001001
1976-08-12 22:00:00,-0.04,B022001001
1976-08-13 00:00:00,-0.04,B022001001
1976-10-04 22:00:00,-0.06,B022001001
1976-10-05 00:00:00,-0.06,B022001001
1976-10-30 22:00:00,0,B022001001
1976-10-31 00:00:00,0,B022001001
1977-05-17 22:00:00,0,B022001001
1977-05-18 00:00:00,0,B022001001
1977-07-11 22:00:00,-0.04,B022001001
1977-07-12 00:00:00,-0.04,B022001001
1977-08-16 22:00:00,-0.03,B022001001
1977-08-17 00:00:00,-0.03,B022001001
1977-09-05 22:00:00,-0.03,B022001001
1977-09-06 00:00:00,-0.03,B022001001
1977-10-05 22:00:00,0,B022001001
1977-10-06 00:00:00,0,B022001001
1978-06-18 22:00:00,0,B022001001
1978-06-19 00:00:00,0,B022001001
1978-08-07 22:00:00,-0.02,B022001001
1978-08-08 00:00:00,-0.02,B022001001
1978-10-02 22:00:00,-0.02,B022001001
1978-10-03 00:00:00,-0.02,B022001001
1978-11-27 23:00:00,0,B022001001
1978-11-28 00:00:00,0,B022001001
1979-06-24 22:00:00,0,B022001001
1979-06-25 00:00:00,0,B022001001
1979-08-08 22:00:00,-0.03,B022001001
1979-08-09 00:00:00,-0.03,B022001001
1979-10-17 22:00:00,0,B022001001
1979-10-18 00:00:00,0,B022001001
1980-04-22 22:00:00,0,B022001001
1980-04-23 00:00:00,0,B022001001
1980-06-16 22:00:00,-0.02,B022001001
1980-06-17 00:00:00,-0.02,B022001001
1980-06-23 22:00:00,0,B022001001
1980-06-24 00:00:00,0,B022001001
1980-08-10 22:00:00,0,B022001001
1980-08-11 00:00:00,0,B022001001
1980-10-19 22:00:00,-0.04,B022001001
1980-10-20 00:00:00,-0.04,B022001001
1980-11-08 23:00:00,0,B022001001
1980-11-09 00:00:00,0,B022001001
1982-06-06 22:00:00,0,B022001001
1982-06-07 00:00:00,0,B022001001
1982-08-01 22:00:00,-0.05,B022001001
1982-08-02 00:00:00,-0.05,B022001001
1982-10-10 22:00:00,0,B022001001
1982-10-11 00:00:00,0,B022001001
1983-06-10 22:00:00,0,B022001001
1983-06-11 00:00:00,0,B022001001
1983-07-03 22:00:00,-0.07,B022001001
1983-07-04 00:00:00,-0.07,B022001001
1983-08-07 22:00:00,-0.06,B022001001
1983-08-08 00:00:00,-0.06,B022001001
1983-10-11 22:00:00,-0.02,B022001001
1983-10-12 00:00:00,-0.02,B022001001
1983-11-25 23:00:00,0,B022001001
1983-11-26 00:00:00,0,B022001001
1984-04-16 22:00:00,0,B022001001
1984-04-17 00:00:00,0,B022001001
1984-06-17 22:00:00,-0.05,B022001001
1984-06-18 00:00:00,-0.05,B022001001
1984-08-21 22:00:00,-0.06,B022001001
1984-08-22 00:00:00,-0.06,B022001001
1984-09-04 22:00:00,0,B022001001
1984-09-05 00:00:00,0,B022001001
1985-05-01 22:00:00,0,B022001001
1985-05-02 00:00:00,0,B022001001
1985-06-30 22:00:00,-0.05,B022001001
1985-07-01 00:00:00,-0.05,B022001001
1985-09-01 22:00:00,-0.09,B022001001
1985-09-02 00:00:00,-0.09,B022001001
1985-10-21 22:00:00,-0.02,B022001001
1985-10-22 00:00:00,-0.02,B022001001
1985-11-01 23:00:00,0,B022001001
1985-11-02 00:00:00,0,B022001001
1986-06-23 22:00:00,0,B022001001
1986-06-24 00:00:00,0,B022001001
1986-07-14 22:00:00,-0.01,B022001001
1986-07-15 00:00:00,-0.01,B022001001
1986-09-07 22:00:00,-0.03,B022001001
1986-09-08 00:00:00,-0.03,B022001001
1986-10-15 22:00:00,0,B022001001
1986-10-16 00:00:00,0,B022001001
1988-06-04 22:00:00,0,B022001001
1988-06-05 00:00:00,0,B022001001
1988-07-10 22:00:00,0,B022001001
1988-07-11 00:00:00,0,B022001001
1988-08-07 22:00:00,-0.02,B022001001
1988-08-08 00:00:00,-0.02,B022001001
1988-10-02 22:00:00,0,B022001001
1988-10-03 00:00:00,0,B022001001
1989-06-04 22:00:00,0,B022001001
1989-06-05 00:00:00,0,B022001001
1989-06-25 22:00:00,-0.03,B022001001
1989-06-26 00:00:00,-0.03,B022001001
1989-08-27 22:00:00,-0.03,B022001001
1989-08-28 00:00:00,-0.03,B022001001
1989-10-04 22:00:00,-0.02,B022001001
1989-10-05 00:00:00,-0.02,B022001001
1989-10-22 22:00:00,-0.01,B022001001
1989-10-23 00:00:00,-0.01,B022001001
1989-12-08 23:00:00,0,B022001001
1989-12-09 00:00:00,0,B022001001
1990-07-15 22:00:00,0,B022001001
1990-07-16 00:00:00,0,B022001001
1990-07-31 22:00:00,-0.01,B022001001
1990-08-01 00:00:00,-0.01,B022001001
1990-09-30 22:00:00,-0.07,B022001001
1990-10-01 00:00:00,-0.07,B022001001
1990-10-23 22:00:00,0,B022001001
1990-10-24 00:00:00,0,B022001001
1991-04-08 22:00:00,0,B022001001
1991-04-09 00:00:00,0,B022001001
1991-05-21 22:00:00,-0.02,B022001001
1991-05-22 00:00:00,-0.02,B022001001
1991-07-14 22:00:00,-0.04,B022001001
1991-07-15 00:00:00,-0.04,B022001001
1991-09-09 22:00:00,-0.04,B022001001
1991-09-10 00:00:00,-0.04,B022001001
1991-09-24 22:00:00,0,B022001001
1991-09-25 00:00:00,0,B022001001
1992-06-14 22:00:00,0,B022001001
1992-06-15 00:00:00,0,B022001001
1992-08-09 22:00:00,-0.02,B022001001
1992-08-10 00:00:00,-0.02,B022001001
1992-10-04 22:00:00,-0.02,B022001001
1992-10-05 00:00:00,-0.02,B022001001
1992-10-21 22:00:00,0,B022001001
1992-10-22 00:00:00,0,B022001001
1993-07-05 22:00:00,0,B022001001
1993-07-06 00:00:00,0,B022001001
1993-07-11 22:00:00,-0.03,B022001001
1993-07-12 00:00:00,-0.03,B022001001
1993-09-06 22:00:00,-0.05,B022001001
1993-09-07 00:00:00,-0.05,B022001001
1993-09-21 22:00:00,0,B022001001
1993-09-22 00:00:00,0,B022001001
1994-06-19 22:00:00,0,B022001001
1994-06-20 00:00:00,0,B022001001
1994-06-27 22:00:00,-0.04,B022001001
1994-06-28 00:00:00,-0.04,B022001001
1994-08-02 22:00:00,-0.05,B022001001
1994-08-03 00:00:00,-0.05,B022001001
1994-08-22 22:00:00,-0.03,B022001001
1994-08-23 00:00:00,-0.03,B022001001
1994-09-04 22:00:00,0,B022001001
1994-09-05 00:00:00,0,B022001001
1995-03-22 23:00:00,0,B022001001
1995-03-23 00:00:00,0,B022001001
1995-05-08 22:00:00,-0.04,B022001001
1995-05-09 00:00:00,-0.04,B022001001
1995-05-22 22:00:00,0,B022001001
1995-05-23 00:00:00,0,B022001001
1995-07-03 22:00:00,-0.03,B022001001
1995-07-04 00:00:00,-0.03,B022001001
1995-08-05 22:00:00,-0.05,B022001001
1995-08-06 00:00:00,-0.05,B022001001
1995-08-22 22:00:00,-0.04,B022001001
1995-08-23 00:00:00,-0.04,B022001001
1995-09-05 22:00:00,-0.02,B022001001
1995-09-06 00:00:00,-0.02,B022001001
1995-11-13 23:00:00,0,B022001001
1995-11-14 00:00:00,0,B022001001
1996-06-10 22:00:00,0,B022001001
1996-06-11 00:00:00,0,B022001001
1996-07-09 22:00:00,-0.07,B022001001
1996-07-10 00:00:00,-0.07,B022001001
1996-08-19 22:00:00,-0.04,B022001001
1996-08-20 00:00:00,-0.04,B022001001
1996-09-15 22:00:00,-0.04,B022001001
1996-09-16 00:00:00,-0.04,B022001001
1996-10-23 22:00:00,-0.02,B022001001
1996-10-24 00:00:00,-0.02,B022001001
1996-10-30 23:00:00,0,B022001001
1996-10-31 00:00:00,0,B022001001
1997-03-16 23:00:00,0,B022001001
1997-03-17 00:00:00,0,B022001001
1997-04-09 22:00:00,-0.03,B022001001
1997-04-10 00:00:00,-0.03,B022001001
1997-04-19 22:00:00,-0.04,B022001001
1997-04-20 00:00:00,-0.04,B022001001
1997-05-15 22:00:00,0,B022001001
1997-05-16 00:00:00,0,B022001001
1997-06-03 22:00:00,0,B022001001
1997-06-04 00:00:00,0,B022001001
1997-06-10 22:00:00,-0.02,B022001001
1997-06-11 00:00:00,-0.02,B022001001
1997-07-14 22:00:00,-0.02,B022001001
1997-07-15 00:00:00,-0.02,B022001001
1997-08-07 22:00:00,-0.1,B022001001
1997-08-08 00:00:00,-0.1,B022001001
1997-09-04 22:00:00,-0.05,B022001001
1997-09-05 00:00:00,-0.05,B022001001
1997-10-07 22:00:00,-0.02,B022001001
1997-10-08 00:00:00,-0.02,B022001001
1997-11-02 23:00:00,-0.02,B022001001
1997-11-03 00:00:00,-0.02,B022001001
1997-11-03 23:00:00,0,B022001001
1997-11-04 00:00:00,0,B022001001
1998-05-25 22:00:00,0,B022001001
1998-05-26 00:00:00,0,B022001001
1998-06-08 22:00:00,-0.03,B022001001
1998-06-09 00:00:00,-0.03,B022001001
1998-06-30 22:00:00,-0.08,B022001001
1998-07-01 00:00:00,-0.08,B022001001
1998-09-14 22:00:00,0,B022001001
1998-09-15 00:00:00,0,B022001001
1999-05-05 22:00:00,0,B022001001
1999-05-06 00:00:00,0,B022001001
1999-07-07 22:00:00,-0.08,B022001001
1999-07-08 00:00:00,-0.08,B022001001
1999-07-22 22:00:00,-0.05,B022001001
1999-07-23 00:00:00,-0.05,B022001001
1999-08-09 22:00:00,-0.02,B022001001
1999-08-10 00:00:00,-0.02,B022001001
1999-09-13 22:00:00,-0.01,B022001001
1999-09-14 00:00:00,-0.01,B022001001
1999-09-25 22:00:00,0,B022001001
1999-09-26 00:00:00,0,B022001001
2000-03-24 23:00:00,0,B022001001
2000-03-25 00:00:00,0,B022001001
2000-04-04 22:00:00,-0.05,B022001001
2000-04-05 00:00:00,-0.05,B022001001
2000-06-20 22:00:00,-0.07,B022001001
2000-06-21 00:00:00,-0.07,B022001001
2000-08-22 22:00:00,-0.03,B022001001
2000-08-23 00:00:00,-0.03,B022001001
2000-09-30 22:00:00,0,B022001001
2000-10-01 00:00:00,0,B022001001
2001-06-10 22:00:00,0,B022001001
2001-06-11 00:00:00,0,B022001001
2001-06-25 22:00:00,-0.04,B022001001
2001-06-26 00:00:00,-0.04,B022001001
2001-07-24 22:00:00,-0.04,B022001001
2001-07-25 00:00:00,-0.04,B022001001
2001-08-28 22:00:00,-0.05,B022001001
2001-08-29 00:00:00,-0.05,B022001001
2001-09-10 22:00:00,0,B022001001
2001-09-11 00:00:00,0,B022001001
2002-04-07 22:00:00,0,B022001001
2002-04-08 00:00:00,0,B022001001
2002-05-01 22:00:00,-0.04,B022001001
2002-05-02 00:00:00,-0.04,B022001001
2002-06-10 22:00:00,-0.04,B022001001
2002-06-11 00:00:00,-0.04,B022001001
2002-07-15 22:00:00,-0.05,B022001001
2002-07-16 00:00:00,-0.05,B022001001
2002-10-15 22:00:00,0,B022001001
2002-10-16 00:00:00,0,B022001001
2002-12-20 23:00:00,0,B022001001
2002-12-21 00:00:00,0,B022001001
2003-03-31 22:00:00,0,B022001001
2003-04-01 00:00:00,0,B022001001
2003-04-14 22:00:00,-0.02,B022001001
2003-04-15 00:00:00,-0.02,B022001001
2003-05-20 22:00:00,0,B022001001
2003-05-21 00:00:00,0,B022001001
2003-06-16 22:00:00,-0.05,B022001001
2003-06-17 00:00:00,-0.05,B022001001
2003-07-01 22:00:00,-0.04,B022001001
2003-07-02 00:00:00,-0.04,B022001001
2003-07-23 22:00:00,-0.02,B022001001
2003-07-24 00:00:00,-0.02,B022001001
2003-08-12 22:00:00,-0.01,B022001001
2003-08-13 00:00:00,-0.01,B022001001
2003-08-28 22:00:00,0,B022001001
2003-08-29 00:00:00,0,B022001001
2003-09-24 22:00:00,0,B022001001
2003-09-25 00:00:00,0,B022001001
2003-09-30 22:00:00,-0.02,B022001001
2003-10-01 00:00:00,-0.02,B022001001
2003-11-27 23:00:00,-0.05,B022001001
2003-11-28 00:00:00,-0.05,B022001001
2003-12-20 23:00:00,0,B022001001
2003-12-21 00:00:00,0,B022001001
2004-05-31 22:00:00,0,B022001001
2004-06-01 00:00:00,0,B022001001
2004-06-14 22:00:00,-0.02,B022001001
2004-06-15 00:00:00,-0.02,B022001001
2004-07-19 22:00:00,-0.01,B022001001
2004-07-20 00:00:00,-0.01,B022001001
2004-10-04 22:00:00,0,B022001001
2004-10-05 00:00:00,0,B022001001
2005-05-11 22:00:00,0,B022001001
2005-05-12 00:00:00,0,B022001001
2005-06-15 22:00:00,-0.04,B022001001
2005-06-16 00:00:00,-0.04,B022001001
2005-07-21 22:00:00,-0.04,B022001001
2005-07-22 00:00:00,-0.04,B022001001
2005-09-06 22:00:00,-0.03,B022001001
2005-09-07 00:00:00,-0.03,B022001001
2005-10-18 22:00:00,0,B022001001
2005-10-19 00:00:00,0,B022001001
2006-05-30 22:00:00,0,B022001001
2006-05-31 00:00:00,0,B022001001
2006-07-11 22:00:00,-0.06,B022001001
2006-07-12 00:00:00,-0.06,B022001001
2006-08-29 22:00:00,-0.05,B022001001
2006-08-30 00:00:00,-0.05,B022001001
2006-10-01 22:00:00,0,B022001001
2006-10-02 00:00:00,0,B022001001
2007-05-03 00:00:00,0,B022001001
2007-06-16 00:00:00,-0.035,B022001001
2007-07-04 23:59:00,-0.051,B022001001
2007-08-31 00:00:00,0,B022001001
2008-06-18 00:00:00,0,B022001001
2008-07-23 00:00:00,-0.03,B022001001
2008-08-11 00:00:00,-0.02,B022001001
2008-09-10 00:00:00,0,B022001001
2009-07-22 00:00:00,0,B022001001
2009-09-24 00:00:00,-0.03,B022001001
2009-10-13 00:00:00,0,B022001001
2010-05-19 00:00:00,0,B022001001
2010-07-23 00:00:00,-0.03,B022001001
2010-08-10 00:00:00,0,B022001001
2011-05-17 00:00:00,0,B022001001
2011-06-24 00:00:00,-0.02,B022001001
2011-07-26 15:02:00,-0.03,B022001001
2011-10-18 00:00:00,0,B022001001
2012-06-18 00:00:00,0,B022001001
2012-07-05 13:20:00,-0.02,B022001001
2012-08-08 00:00:00,0,B022001001
2013-07-23 00:00:00,0,B022001001
2013-08-12 00:00:00,-0.01,B022001001
2013-09-23 00:00:00,0,B022001001
2014-05-22 00:00:00,0,B022001001
2014-06-16 00:00:00,-0.01,B022001001
2014-08-19 00:00:00,0,B022001001
2015-08-11 00:00:00,0,B022001001
2015-09-14 00:00:00,-0.06,B022001001
2015-10-01 00:00:00,-0.05,B022001001
2015-11-04 00:00:00,-0.06,B022001001
2015-11-20 00:00:00,0,B022001001
2017-07-05 00:00:00,0,B022001001
2017-07-20 00:00:00,-0.02,B022001001
2017-08-14 00:00:00,-0.01,B022001001
2017-09-04 00:00:00,-0.02,B022001001
2017-10-05 00:00:00,-0.01,B022001001
2017-11-14 00:00:00,0,B022001001
2018-04-23 00:00:00,0,B022001001
2018-05-31 14:02:00,-0.015,B022001001
2018-07-04 01:13:00,-0.005,B022001001
2018-07-23 04:13:00,0,B022001001
2018-08-20 08:41:00,-0.01,B022001001
2018-09-13 18:16:00,0,B022001001
2018-10-18 00:00:00,-0.01,B022001001
2018-11-21 00:00:00,0,B022001001
2019-06-05 00:00:00,0,B022001001
2019-07-09 00:00:00,-0.02,B022001001
2019-08-11 05:36:00,-0.03,B022001001
2019-08-29 00:00:00,-0.02,B022001001
2019-09-16 00:00:00,-0.02,B022001001
2019-10-19 00:00:00,0,B022001001
2020-04-01 00:00:00,0,B022001001
2020-05-18 00:00:00,-0.01,B022001001
2020-05-26 00:00:00,-0.01,B022001001
2020-06-17 00:00:00,-0.02,B022001001
2020-07-21 00:00:00,-0.02,B022001001
2020-08-06 00:00:00,-0.015,B022001001
2020-08-19 00:00:00,-0.03,B022001001
2020-09-08 00:00:00,-0.04,B022001001
2020-09-30 00:00:00,-0.015,B022001001
2020-10-28 00:00:00,0,B022001001
2022-07-12 00:00:00,0,B022001001
2022-08-02 00:00:00,-0.02,B022001001
2022-09-06 00:00:00,0,B022001001
2023-06-08 00:00:00,0,B022001001
2023-06-29 00:00:00,-0.02,B022001001
2023-07-25 00:00:00,-0.015,B022001001
2023-08-22 00:00:00,-0.01,B022001001
2023-09-27 00:00:00,-0.015,B022001001
2023-10-31 00:00:00,-0.14,B022001001
2023-11-30 00:00:00,-0.065,B022001001
2024-01-01 00:00:00,0,B022001001
2009-01-21 10:30:00,0,A758102001
2009-03-12 10:04:00,0,A758102001
2009-05-05 12:05:00,-0.02,A758102001
2009-06-11 09:50:00,-0.13,A758102001
2009-07-17 12:05:00,-0.02,A758102001
2009-09-15 12:10:00,-0.08,A758102001
2009-10-15 11:05:00,-0.07,A758102001
2009-12-15 12:20:00,0,A758102001
2010-04-06 11:55:00,0,A758102001
2010-05-12 12:45:00,-0.01,A758102001
2010-06-28 10:40:00,-0.06,A758102001
2010-07-27 14:20:00,-0.03,A758102001
2010-08-25 09:45:00,0,A758102001
2010-09-23 13:55:00,-0.03,A758102001
2010-11-09 00:00:00,-0.15,A758102001
2010-12-07 00:00:00,-0.15,A758102001
2010-12-08 00:00:00,0,A758102001
2011-03-14 11:11:00,0,A758102001
2011-04-14 11:11:00,-0.04,A758102001
2011-05-03 11:11:00,-0.07,A758102001
2011-06-07 00:00:00,-0.1,A758102001
2011-07-07 00:00:00,-0.03,A758102001
2011-08-03 00:00:00,-0.02,A758102001
2011-09-05 00:00:00,-0.09,A758102001
2011-09-30 10:10:00,-0.24,A758102001
2011-11-14 00:00:00,-0.06,A758102001
2011-12-06 00:00:00,0,A758102001
2012-05-26 00:00:00,0,A758102001
2012-06-07 00:00:00,-0.19,A758102001
2012-07-03 11:11:00,-0.15,A758102001
2012-11-06 00:00:00,0,A758102001
2013-06-01 00:00:00,0,A758102001
2013-07-22 00:00:00,-0.1,A758102001
2013-08-28 00:00:00,-0.03,A758102001
2013-10-03 00:00:00,0,A758102001
2014-11-28 00:00:00,-0.06,A758102001
2014-12-03 00:00:00,0,A758102001
2015-03-20 00:00:00,0,A758102001
2015-04-14 00:00:00,-0.07,A758102001
2015-05-22 00:00:00,-0.06,A758102001
2015-06-16 00:00:00,-0.06,A758102001
2015-07-06 00:00:00,-0.08,A758102001
2015-07-24 00:00:00,-0.04,A758102001
2015-08-13 00:00:00,-0.06,A758102001
2015-09-09 00:00:00,-0.07,A758102001
2015-10-14 00:00:00,0,A758102001
2015-11-20 00:00:00,0,A758102001
2016-04-15 00:00:00,0,A758102001
2016-05-03 00:00:00,-0.11,A758102001
2016-06-02 12:00:00,-0.14,A758102001
2016-06-03 15:00:00,-0.2,A758102001
2016-06-03 20:00:00,-0.32,A758102001
2016-06-04 05:00:00,-0.4,A758102001
2016-06-05 12:00:00,-0.5,A758102001
2016-06-07 10:00:00,-0.45,A758102001
2016-06-08 12:00:00,-0.4,A758102001
2016-06-10 04:00:00,-0.32,A758102001
2016-06-11 19:00:00,-0.2,A758102001
2016-06-16 14:00:00,-0.2,A758102001
2016-06-21 00:00:00,-0.14,A758102001
2016-06-22 00:00:00,-0.07,A758102001
2016-06-29 00:00:00,0,A758102001
2017-01-01 00:00:00,0,A758102001
2017-04-19 00:00:00,0,A758102001
2017-05-16 00:00:00,-0.04,A758102001
2017-05-25 00:00:00,-0.1,A758102001
2017-06-15 00:00:00,-0.12,A758102001
2017-07-12 00:00:00,-0.07,A758102001
2017-07-12 09:00:00,-0.07,A758102001
2017-08-03 00:00:00,-0.03,A758102001
2017-09-01 00:00:00,-0.03,A758102001
2017-09-06 00:00:00,-0.06,A758102001
2017-09-27 00:00:00,0,A758102001
2017-09-27 13:00:00,0,A758102001
2018-04-10 00:00:00,0,A758102001
2018-05-09 00:00:00,-0.02,A758102001
2018-06-06 00:00:00,-0.02,A758102001
2018-08-02 00:00:00,-0.06,A758102001
2018-08-03 07:48:00,-0.06,A758102001
2018-08-29 00:00:00,-0.06,A758102001
2018-10-09 00:00:00,-0.08,A758102001
2018-10-31 00:00:00,-0.06,A758102001
2018-11-21 00:00:00,-0.06,A758102001
2018-12-03 00:00:00,0,A758102001
2019-03-27 00:00:00,0,A758102001
2019-04-24 00:00:00,-0.1,A758102001
2019-05-28 00:00:00,-0.14,A758102001
2019-06-26 00:00:00,-0.16,A758102001
2019-07-17 00:00:00,-0.14,A758102001
2019-08-26 00:00:00,-0.06,A758102001
2019-10-03 00:00:00,0,A758102001
2020-05-13 00:00:00,0,A758102001
2020-06-13 03:36:00,-0.046,A758102001
2020-07-07 07:08:00,-0.125,A758102001
2020-07-28 00:00:00,-0.1,A758102001
2020-08-12 00:00:00,-0.12,A758102001
2020-09-02 05:10:00,-0.12,A758102001
2020-09-22 00:00:00,-0.11,A758102001
2020-10-11 21:16:00,-0.026,A758102001
2020-11-06 18:11:00,-0.021,A758102001
2020-12-01 00:00:00,0,A758102001
2021-05-05 00:00:00,0,A758102001
2021-06-02 00:00:00,-0.24,A758102001
2021-06-25 21:08:00,-0.255,A758102001
2021-07-28 08:14:00,-0.129,A758102001
2021-08-31 13:56:00,-0.048,A758102001
2021-09-28 10:45:00,-0.038,A758102001
2021-10-27 10:20:00,-0.027,A758102001
2021-11-17 10:49:00,-0.041,A758102001
2021-12-07 00:00:00,0,A758102001
2022-05-04 00:00:00,0,A758102001
2022-05-31 00:11:00,-0.169,A758102001
2022-06-17 13:02:00,-0.11,A758102001
2022-07-12 02:13:00,-0.086,A758102001
2022-08-03 07:17:00,-0.117,A758102001
2022-08-26 16:25:00,-0.158,A758102001
2022-09-16 17:26:00,-0.14,A758102001
2022-10-12 10:41:00,-0.13,A758102001
2022-11-10 00:00:00,0,A758102001
2023-06-07 00:00:00,0,A758102001
2023-07-05 00:00:00,-0.12,A758102001
2023-07-27 00:00:00,-0.06,A758102001
2023-08-30 00:00:00,-0.12,A758102001
2023-09-26 09:45:00,-0.054,A758102001
2023-10-24 00:00:00,-0.02,A758102001
2023-10-30 00:00:00,0,A758102001
2025-05-13 00:00:00,0,A758102001
2025-06-13 00:00:00,-0.03,A758102001
2025-07-03 00:00:00,-0.09,A758102001
2002-04-14 22:00:00,0,B105201001
2002-04-15 00:00:00,0,B105201001
2002-05-01 22:00:00,-0.04,B105201001
2002-05-02 00:00:00,-0.04,B105201001
2002-06-10 22:00:00,-0.05,B105201001
2002-06-11 00:00:00,-0.05,B105201001
2002-07-15 22:00:00,-0.04,B105201001
2002-07-16 00:00:00,-0.04,B105201001
2002-09-30 22:00:00,0,B105201001
2002-10-01 00:00:00,0,B105201001
2003-03-31 22:00:00,0,B105201001
2003-04-01 00:00:00,0,B105201001
2003-04-14 22:00:00,-0.05,B105201001
2003-04-15 00:00:00,-0.05,B105201001
2003-06-15 22:00:00,-0.06,B105201001
2003-06-16 00:00:00,-0.06,B105201001
2003-07-01 22:00:00,-0.01,B105201001
2003-07-02 00:00:00,-0.01,B105201001
2003-08-12 22:00:00,-0.1,B105201001
2003-08-13 00:00:00,-0.1,B105201001
2003-08-28 22:00:00,-0.04,B105201001
2003-08-29 00:00:00,-0.04,B105201001
2003-09-09 22:00:00,-0.07,B105201001
2003-09-10 00:00:00,-0.07,B105201001
2003-09-24 22:00:00,-0.15,B105201001
2003-09-25 00:00:00,-0.15,B105201001
2003-09-30 22:00:00,-0.12,B105201001
2003-10-01 00:00:00,-0.12,B105201001
2003-10-22 22:00:00,0,B105201001
2003-10-23 00:00:00,0,B105201001
2005-05-31 22:00:00,0,B105201001
2005-06-01 00:00:00,0,B105201001
2005-06-15 22:00:00,-0.02,B105201001
2005-06-16 00:00:00,-0.02,B105201001
2005-09-06 22:00:00,-0.07,B105201001
2005-09-07 00:00:00,-0.07,B105201001
2005-10-18 22:00:00,-0.05,B105201001
2005-10-19 00:00:00,-0.05,B105201001
2005-11-18 23:00:00,-0.06,B105201001
2005-11-19 00:00:00,-0.06,B105201001
2005-12-01 23:00:00,0,B105201001
2005-12-02 00:00:00,0,B105201001
2009-07-22 00:00:00,0,B105201001
2009-09-24 00:00:00,-0.08,B105201001
2009-10-13 00:00:00,-0.1,B105201001
2009-11-04 00:00:00,-0.05,B105201001
2009-11-30 00:00:00,0,B105201001
2010-05-19 00:00:00,0,B105201001
2010-07-23 00:00:00,-0.01,B105201001
2010-08-10 00:00:00,-0.02,B105201001
2010-08-23 00:00:00,0,B105201001
2010-09-01 00:00:00,0,B105201001
2010-10-13 00:00:00,-0.02,B105201001
2010-11-03 00:00:00,-0.03,B105201001
2010-11-07 00:00:00,0,B105201001
2011-08-24 00:00:00,0,B105201001
2011-10-18 00:00:00,-0.12,B105201001
2011-11-15 00:00:00,-0.07,B105201001
2011-12-05 00:00:00,0,B105201001
2012-07-05 00:00:00,0,B105201001
2012-08-08 00:00:00,-0.05,B105201001
2012-09-26 00:00:00,-0.04,B105201001
2012-11-05 00:00:00,0,B105201001
2013-06-14 00:00:00,0,B105201001
2013-07-23 00:00:00,-0.02,B105201001
2013-08-12 00:00:00,0,B105201001
2015-04-29 00:00:00,0,B105201001
2015-06-02 00:00:00,-0.02,B105201001
2015-07-16 00:00:00,-0.04,B105201001
2015-08-11 00:00:00,-0.03,B105201001
2015-09-14 00:00:00,-0.12,B105201001
2015-10-01 00:00:00,-0.07,B105201001
2015-11-04 00:00:00,-0.07,B105201001
2015-11-20 00:00:00,0,B105201001
2016-08-24 00:00:00,0,B105201001
2016-09-21 00:00:00,-0.02,B105201001
2016-10-27 00:00:00,-0.02,B105201001
2016-11-16 00:00:00,0,B105201001
2017-06-01 00:00:00,0,B105201001
2017-07-05 00:00:00,-0.06,B105201001
2017-07-20 00:00:00,-0.11,B105201001
2017-08-14 00:00:00,-0.11,B105201001
2017-09-04 00:00:00,-0.15,B105201001
2017-11-14 00:00:00,0,B105201001
2018-07-24 00:00:00,0,B105201001
2018-08-21 00:00:00,-0.13,B105201001
2018-09-12 00:00:00,-0.13,B105201001
2018-10-18 00:00:00,-0.31,B105201001
2018-11-21 00:00:00,-0.19,B105201001
2018-12-03 00:00:00,0,B105201001
2019-07-09 00:00:00,0,B105201001
2019-08-29 00:00:00,-0.19,B105201001
2019-09-16 00:00:00,-0.25,B105201001
2019-10-19 00:00:00,0,B105201001
2009-07-10 00:00:00,0,A643112002
2010-05-01 00:00:00,0,A643112002
2010-06-01 11:11:00,-0.01,A643112002
2010-07-28 11:11:00,-0.03,A643112002
2010-08-31 11:11:00,-0.04,A643112002
2010-10-11 11:11:00,-0.02,A643112002
2010-11-22 00:00:00,0,A643112002
2011-03-01 00:00:00,0,A643112002
2011-03-16 11:11:00,-0.022,A643112002
2011-07-12 11:11:00,-0.04,A643112002
2011-08-30 11:11:00,-0.03,A643112002
2011-10-01 00:00:00,0,A643112002
2013-06-13 00:00:00,0,A643112002
2013-07-31 00:00:00,-0.01,A643112002
2013-10-22 00:00:00,-0.03,A643112002
2013-11-15 00:00:00,0,A643112002
2016-04-30 00:00:00,0,A643112002
2016-05-12 00:00:00,0,A643112002
2016-05-15 05:52:00,-0.013,A643112002
2016-06-28 00:00:00,-0.08,A643112002
2016-09-15 00:00:00,-0.03,A643112002
2016-11-29 00:00:00,0,A643112002
2017-12-31 00:00:00,0,A643112002
2021-07-13 00:00:00,0,A643112002
2021-07-15 12:00:00,-0.22,A643112002
2021-07-21 00:00:00,0,A643112002
2024-04-01 00:00:00,0,A643112002
2024-04-01 14:04:00,-0.191,A643112002
2024-04-03 00:00:00,0,A643112002
2024-05-17 00:00:00,0,A643112002
2024-05-17 21:00:00,-0.22,A643112002
2024-05-21 00:00:00,0,A643112002
2008-10-17 00:00:00,0,B315002001
2009-07-08 00:00:00,-0.06,B315002001
2009-08-04 00:00:00,-0.03,B315002001
2009-08-19 00:00:00,-0.03,B315002001
2009-09-14 00:00:00,-0.06,B315002001
2009-09-30 00:00:00,-0.08,B315002001
2009-11-01 00:00:00,0,B315002001
2010-07-01 00:00:00,0,B315002001
2010-07-28 00:00:00,-0.12,B315002001
2010-08-12 00:00:00,-0.11,B315002001
2010-09-22 00:00:00,-0.04,B315002001
2010-10-18 00:00:00,0,B315002001
2011-05-19 00:00:00,0,B315002001
2011-06-15 00:00:00,-0.05,B315002001
2011-07-26 00:00:00,-0.09,B315002001
2011-08-26 00:00:00,-0.08,B315002001
2011-10-13 00:00:00,0,B315002001
2013-07-10 00:00:00,0,B315002001
2013-08-14 00:00:00,-0.06,B315002001
2013-09-24 00:00:00,-0.06,B315002001
2013-10-04 00:00:00,0,B315002001
2014-05-01 00:00:00,0,B315002001
2014-06-04 00:00:00,-0.04,B315002001
2014-09-10 00:00:00,-0.1,B315002001
2014-10-22 00:00:00,0,B315002001
2015-05-13 00:00:00,0,B315002001
2015-07-09 00:00:00,-0.17,B315002001
2015-08-17 00:00:00,-0.17,B315002001
2015-09-10 00:00:00,-0.13,B315002001
2015-10-02 00:00:00,-0.07,B315002001
2015-11-03 00:00:00,0,B315002001
2016-07-21 00:00:00,0,B315002001
2016-09-06 00:00:00,-0.1,B315002001
2016-10-13 00:00:00,-0.04,B315002001
2016-11-15 00:00:00,0,B315002001
2017-04-13 00:00:00,0,B315002001
2017-05-24 00:00:00,-0.09,B315002001
2017-06-29 00:00:00,-0.13,B315002001
2017-08-09 00:00:00,-0.13,B315002001
2017-09-05 00:00:00,-0.07,B315002001
2017-10-06 00:00:00,-0.04,B315002001
2017-11-07 00:00:00,0,B315002001
2018-05-31 00:00:00,0,B315002001
2018-07-11 00:00:00,-0.06,B315002001
2018-09-03 00:00:00,-0.05,B315002001
2018-10-11 00:00:00,-0.02,B315002001
2018-11-19 00:00:00,0,B315002001
2019-05-28 00:00:00,0,B315002001
2019-07-02 00:00:00,-0.12,B315002001
2019-07-30 00:00:00,-0.08,B315002001
2019-08-13 00:00:00,-0.07,B315002001
2019-09-04 00:00:00,-0.06,B315002001
2019-10-03 00:00:00,-0.04,B315002001
2019-10-17 00:00:00,0,B315002001
2020-05-12 00:00:00,0,B315002001
2020-06-09 00:00:00,-0.07,B315002001
2020-07-08 00:00:00,-0.12,B315002001
2020-08-04 00:00:00,-0.05,B315002001
2020-08-26 00:00:00,-0.02,B315002001
2020-09-22 00:00:00,0,B315002001
2020-10-07 00:00:00,0,B315002001
2022-05-01 00:00:00,0,B315002001
2022-05-25 00:00:00,-0.09,B315002001
2022-06-30 00:00:00,-0.13,B315002001
2022-08-03 00:00:00,-0.05,B315002001
2022-09-07 00:00:00,0,B315002001
2023-05-01 00:00:00,0,B315002001
2023-06-01 00:00:00,-0.085,B315002001
2023-06-21 00:00:00,-0.1,B315002001
2023-06-28 00:00:00,-0.22,B315002001
2023-07-18 00:00:00,-0.205,B315002001
2023-09-01 00:00:00,-0.19,B315002001
2023-09-13 00:00:00,-0.13,B315002001
2023-09-26 00:00:00,-0.1,B315002001
2023-10-19 00:00:00,0,B315002001
2024-06-06 00:00:00,0,B315002001
2024-07-09 00:00:00,-0.185,B315002001
2024-08-08 00:00:00,-0.215,B315002001
2024-09-03 00:00:00,-0.295,B315002001
2024-10-09 00:00:00,0,B315002001
2025-04-08 00:00:00,0,B315002001
2025-05-13 00:00:00,-0.21,B315002001
2025-06-12 00:00:00,-0.36,B315002001
2025-07-10 08:30:00,-0.33,B315002001
2022-05-04 00:00:00,0,A764201001
2022-06-02 10:29:00,-0.057,A764201001
2022-07-12 20:17:00,-0.026,A764201001
2022-08-02 00:00:00,-0.01,A764201001
2022-08-24 19:40:00,-0.016,A764201001
2022-09-15 15:03:00,-0.065,A764201001
2022-10-12 00:00:00,0,A764201001
2023-04-06 00:00:00,0,A764201001
2023-05-16 00:00:00,-0.04,A764201001
2023-06-07 00:00:00,-0.06,A764201001
2023-07-05 00:00:00,-0.06,A764201001
2023-07-27 00:00:00,-0.05,A764201001
2023-08-30 00:00:00,-0.025,A764201001
2023-09-26 00:00:00,0,A764201001
2024-06-10 00:00:00,0,A764201001
2024-06-27 00:00:00,-0.02,A764201001
2024-07-18 00:00:00,0,A764201001
2024-08-22 00:00:00,-0.02,A764201001
2024-09-19 00:00:00,-0.015,A764201001
2024-10-01 00:00:00,-0.018,A764201001
2024-10-08 00:00:00,0,A764201001
2025-04-09 00:00:00,0,A764201001
2025-05-13 00:00:00,-0.027,A764201001
2025-06-12 00:00:00,-0.03,A764201001
2025-07-03 00:00:00,-0.05,A764201001
2014-04-01 00:00:00,0,A873201001
2014-06-23 00:00:00,-0.03,A873201001
2014-07-28 00:00:00,-0.01,A873201001
2014-09-03 00:00:00,-0.05,A873201001
2014-10-09 00:00:00,0,A873201001
2014-10-22 00:00:00,-0.07,A873201001
2014-11-04 00:00:00,0,A873201001
2015-03-01 00:00:00,0,A873201001
2015-09-03 00:00:00,-0.05,A873201001
2015-10-09 00:00:00,0,A873201001
2015-11-19 00:00:00,-0.05,A873201001
2015-11-20 00:00:00,0,A873201001
2016-07-07 00:00:00,0,A873201001
2016-07-26 00:00:00,-0.02,A873201001
2016-08-26 00:00:00,-0.03,A873201001
2016-09-06 00:00:00,-0.03,A873201001
2016-11-16 00:00:00,0,A873201001
2016-12-31 00:00:00,0,A873201001
2008-05-16 11:11:00,0,A770101001
2008-07-12 11:11:00,-0.5,A770101001
2008-08-14 11:11:00,-0.55,A770101001
2008-10-09 11:00:00,-0.16,A770101001
2008-10-21 10:30:00,-0.11,A770101001
2008-11-11 11:11:00,0,A770101001
2009-04-17 11:11:00,0,A770101001
2009-06-15 11:11:00,-0.62,A770101001
2009-08-05 11:11:00,-0.26,A770101001
2009-09-15 11:11:00,-0.11,A770101001
2009-12-22 11:11:00,0,A770101001
2010-05-12 11:50:00,-0.04,A770101001
2010-06-28 11:15:00,-0.54,A770101001
2010-07-27 15:00:00,-0.22,A770101001
2010-08-25 10:25:00,-0.06,A770101001
2010-09-23 12:30:00,-0.08,A770101001
2010-11-09 00:00:00,-0.25,A770101001
2010-12-07 00:00:00,-0.27,A770101001
2010-12-09 14:05:00,0,A770101001
2011-03-14 11:11:00,0,A770101001
2011-04-14 11:11:00,-0.05,A770101001
2011-05-03 11:11:00,-0.15,A770101001
2011-06-07 00:00:00,-0.56,A770101001
2011-07-07 00:00:00,-0.31,A770101001
2011-08-03 00:00:00,-0.18,A770101001
2011-09-05 00:00:00,-0.14,A770101001
2011-09-30 11:24:00,-0.27,A770101001
2011-11-14 00:00:00,-0.11,A770101001
2011-12-06 00:00:00,0,A770101001
2012-05-26 00:00:00,0,A770101001
2012-06-07 00:00:00,-0.33,A770101001
2012-07-06 11:00:00,-0.46,A770101001
2012-08-09 00:00:00,-0.13,A770101001
2012-09-24 00:00:00,-0.07,A770101001
2012-11-06 00:00:00,0,A770101001
2013-06-01 00:00:00,0,A770101001
2013-07-22 00:00:00,-0.36,A770101001
2013-08-28 00:00:00,-0.35,A770101001
2013-10-03 00:00:00,-0.07,A770101001
2013-10-08 00:00:00,0,A770101001
2014-05-01 00:00:00,0,A770101001
2014-06-10 00:00:00,-0.3,A770101001
2014-06-19 00:00:00,-0.34,A770101001
2014-07-24 00:00:00,-0.46,A770101001
2014-09-04 00:00:00,-0.27,A770101001
2014-10-14 00:00:00,-0.17,A770101001
2014-11-04 00:00:00,0,A770101001
2015-04-14 00:00:00,0,A770101001
2015-05-22 00:00:00,-0.31,A770101001
2015-06-16 00:00:00,-0.685,A770101001
2015-07-06 00:00:00,-0.58,A770101001
2015-07-24 00:00:00,-0.27,A770101001
2015-08-13 00:00:00,-0.12,A770101001
2015-09-09 00:00:00,-0.06,A770101001
2015-09-18 00:00:00,-0.04,A770101001
2015-10-13 00:00:00,-0.1,A770101001
2015-11-19 00:00:00,-0.05,A770101001
2015-11-20 00:00:00,0,A770101001
2016-03-16 00:00:00,0,A770101001
2016-05-03 00:00:00,-0.2,A770101001
2016-05-17 00:00:00,0,A770101001
2016-06-03 02:00:00,-0.1,A770101001
2016-06-03 18:00:00,-0.15,A770101001
2016-06-04 10:00:00,-0.2,A770101001
2016-06-04 16:00:00,-0.28,A770101001
2016-06-04 23:00:00,-0.34,A770101001
2016-06-05 04:00:00,-0.4,A770101001
2016-06-05 17:00:00,-0.47,A770101001
2016-06-08 13:00:00,-0.4,A770101001
2016-06-09 12:00:00,-0.34,A770101001
2016-06-10 12:00:00,-0.28,A770101001
2016-06-11 09:00:00,-0.2,A770101001
2016-06-21 04:00:00,-0.15,A770101001
2016-06-22 10:00:00,-0.05,A770101001
2016-06-29 00:00:00,0,A770101001
2017-04-19 00:00:00,0,A770101001
2017-05-16 00:00:00,-0.1,A770101001
2017-05-25 00:00:00,-0.3,A770101001
2017-06-02 00:00:00,-0.4,A770101001
2017-06-15 00:00:00,-0.42,A770101001
2017-07-12 00:00:00,-0.55,A770101001
2017-07-12 10:00:00,-0.55,A770101001
2017-08-03 00:00:00,-0.37,A770101001
2017-09-01 00:00:00,-0.37,A770101001
2017-09-06 00:00:00,-0.31,A770101001
2017-09-25 00:00:00,-0.25,A770101001
2017-09-27 00:00:00,-0.25,A770101001
2017-09-27 13:01:00,-0.25,A770101001
2017-10-25 00:00:00,-0.15,A770101001
2017-11-27 00:00:00,0,A770101001
2018-06-25 00:00:00,0,A770101001
2018-08-03 07:51:00,-0.27,A770101001
2018-08-29 00:00:00,-0.25,A770101001
2018-10-09 00:00:00,-0.21,A770101001
2018-10-31 00:00:00,-0.18,A770101001
2018-11-21 00:00:00,-0.13,A770101001
2018-12-03 00:00:00,0,A770101001
2019-03-27 00:00:00,0,A770101001
2019-04-24 00:00:00,0,A770101001
2019-05-28 00:00:00,-0.14,A770101001
2019-06-26 00:00:00,-0.6,A770101001
2019-07-17 00:00:00,-0.38,A770101001
2019-08-01 00:00:00,-0.3,A770101001
2019-08-26 00:00:00,-0.12,A770101001
2019-11-06 00:00:00,-0.14,A770101001
2019-12-10 00:00:00,0,A770101001
2020-05-01 00:00:00,0,A770101001
2020-05-13 00:00:00,-0.2,A770101001
2020-06-10 00:00:00,-0.62,A770101001
2020-07-06 00:00:00,-0.65,A770101001
2020-07-28 00:00:00,-0.34,A770101001
2020-08-12 00:00:00,-0.2,A770101001
2020-09-01 00:00:00,-0.15,A770101001
2020-09-22 00:00:00,-0.11,A770101001
2020-10-12 00:00:00,-0.34,A770101001
2020-11-06 00:00:00,-0.17,A770101001
2020-12-01 00:00:00,0,A770101001
2021-05-05 00:00:00,0,A770101001
2021-06-02 00:00:00,-0.45,A770101001
2021-06-24 00:00:00,-0.74,A770101001
2021-07-28 00:00:00,-0.62,A770101001
2021-08-31 00:00:00,-0.28,A770101001
2021-09-28 00:00:00,-0.22,A770101001
2021-10-27 00:00:00,-0.15,A770101001
2021-11-17 00:00:00,-0.1,A770101001
2021-12-07 00:00:00,-0.11,A770101001
2021-12-22 00:00:00,0,A770101001
2022-05-04 00:00:00,0,A770101001
2022-06-01 00:00:00,-0.35,A770101001
2022-06-17 00:00:00,-0.51,A770101001
2022-07-12 00:00:00,-0.35,A770101001
2022-08-02 00:00:00,-0.1,A770101001
2022-08-24 00:00:00,-0.12,A770101001
2022-10-12 00:00:00,-0.1,A770101001
2022-11-10 00:00:00,0,A770101001
2023-05-16 00:00:00,0,A770101001
2023-06-07 00:00:00,-0.59,A770101001
2023-06-20 00:00:00,-0.64,A770101001
2023-07-05 00:00:00,-0.42,A770101001
2023-07-27 00:00:00,-0.29,A770101001
2023-08-30 00:00:00,-0.21,A770101001
2023-09-26 09:05:00,-0.164,A770101001
2023-10-24 00:00:00,-0.12,A770101001
2023-10-30 00:00:00,0,A770101001
2024-08-28 00:00:00,0,A770101001
2024-09-19 00:00:00,-0.1,A770101001
2024-10-01 00:00:00,-0.06,A770101001
2024-10-08 00:00:00,0,A770101001
2025-05-13 00:00:00,0,A770101001
2025-06-12 00:00:00,-0.2,A770101001
2025-07-03 00:00:00,-0.37,A770101001
1985-04-15 11:23:00,0,A983201001
1985-04-15 13:23:00,0,A983201001
1985-04-15 13:23:00,0,A983201001
1985-05-01 08:01:00,0,A983201001
1985-05-01 10:01:00,0,A983201001
1985-06-02 07:07:00,-0.16,A983201001
1985-06-02 09:07:00,-0.16,A983201001
1985-11-27 13:13:00,-0.13,A983201001
1985-11-27 14:13:00,-0.13,A983201001
1985-12-29 20:44:00,0,A983201001
1985-12-29 21:44:00,0,A983201001
1986-04-24 23:10:00,0,A983201001
1986-04-25 01:10:00,0,A983201001
1986-05-12 20:43:00,-0.09,A983201001
1986-05-12 22:43:00,-0.09,A983201001
1986-06-08 07:43:00,-0.25,A983201001
1986-06-08 09:43:00,-0.25,A983201001
1986-08-01 18:28:00,-0.16,A983201001
1986-08-01 20:28:00,-0.16,A983201001
1986-08-21 08:43:00,-0.2,A983201001
1986-08-21 10:43:00,-0.2,A983201001
1986-08-22 10:51:00,0,A983201001
1986-08-22 12:51:00,0,A983201001
1987-04-15 08:52:00,0,A983201001
1987-04-15 10:52:00,0,A983201001
1987-05-25 22:38:00,-0.09,A983201001
1987-05-26 00:38:00,-0.09,A983201001
1987-08-04 13:20:00,-0.21,A983201001
1987-08-04 15:20:00,-0.21,A983201001
1987-09-25 15:32:00,-0.14,A983201001
1987-09-25 17:32:00,-0.14,A983201001
1987-11-06 18:32:00,0,A983201001
1987-11-06 19:32:00,0,A983201001
1987-11-09 03:06:00,0,A983201001
1987-11-09 04:06:00,0,A983201001
1990-04-07 02:35:00,0,A983201001
1990-04-07 04:35:00,0,A983201001
1990-04-20 02:10:00,0,A983201001
1990-04-20 04:10:00,0,A983201001
1990-05-04 11:58:00,-0.09,A983201001
1990-05-04 13:58:00,-0.09,A983201001
1990-06-03 00:02:00,-0.11,A983201001
1990-06-03 02:02:00,-0.11,A983201001
1990-06-28 10:14:00,-0.29,A983201001
1990-06-28 12:14:00,-0.29,A983201001
1990-07-09 18:13:00,-0.24,A983201001
1990-07-09 20:13:00,-0.24,A983201001
1990-07-27 06:51:00,-0.13,A983201001
1990-07-27 08:51:00,-0.13,A983201001
1990-08-19 10:04:00,-0.11,A983201001
1990-08-19 12:04:00,-0.11,A983201001
1990-09-24 10:27:00,-0.12,A983201001
1990-09-24 12:27:00,-0.12,A983201001
1990-10-29 15:00:00,0,A983201001
1990-10-29 16:00:00,0,A983201001
1991-04-26 15:06:00,0,A983201001
1991-04-26 17:06:00,0,A983201001
1991-05-19 02:49:00,-0.09,A983201001
1991-05-19 04:49:00,-0.09,A983201001
1991-06-13 09:57:00,-0.1,A983201001
1991-06-13 11:57:00,-0.1,A983201001
1991-07-02 17:24:00,-0.24,A983201001
1991-07-02 19:24:00,-0.24,A983201001
1991-08-10 23:33:00,-0.12,A983201001
1991-08-11 01:33:00,-0.12,A983201001
1991-10-02 06:32:00,0,A983201001
1991-10-02 08:32:00,0,A983201001
1992-04-11 01:17:00,0,A983201001
1992-04-11 03:17:00,0,A983201001
1992-05-02 02:49:00,-0.09,A983201001
1992-05-02 04:49:00,-0.09,A983201001
1992-05-21 20:04:00,-0.11,A983201001
1992-05-21 22:04:00,-0.11,A983201001
1992-06-24 22:11:00,-0.27,A983201001
1992-06-24 23:03:00,0,A983201001
1992-06-25 00:11:00,-0.27,A983201001
1992-06-25 01:03:00,0,A983201001
1992-07-06 20:26:00,0,A983201001
1992-07-06 22:26:00,0,A983201001
1992-07-07 03:45:00,-0.3,A983201001
1992-07-07 05:45:00,-0.3,A983201001
1992-08-06 01:34:00,-0.15,A983201001
1992-08-06 03:34:00,-0.15,A983201001
1992-08-24 06:19:00,-0.29,A983201001
1992-08-24 08:19:00,-0.29,A983201001
1992-09-05 20:33:00,-0.27,A983201001
1992-09-05 22:33:00,-0.27,A983201001
1992-10-22 12:00:00,0,A983201001
1992-10-22 14:00:00,0,A983201001
1993-04-20 11:13:00,0,A983201001
1993-04-20 13:13:00,0,A983201001
1993-06-12 05:13:00,-0.17,A983201001
1993-06-12 07:13:00,-0.17,A983201001
1993-07-10 02:22:00,-0.16,A983201001
1993-07-10 04:22:00,-0.16,A983201001
1993-07-16 05:39:00,-0.19,A983201001
1993-07-16 07:39:00,-0.19,A983201001
1993-08-20 19:04:00,-0.15,A983201001
1993-08-20 21:04:00,-0.15,A983201001
1993-09-13 00:08:00,-0.19,A983201001
1993-09-13 02:08:00,-0.19,A983201001
1993-09-26 10:02:00,-0.17,A983201001
1993-09-26 12:02:00,-0.17,A983201001
1993-10-30 22:30:00,0,A983201001
1993-10-31 00:30:00,0,A983201001
1994-05-01 11:14:00,0,A983201001
1994-05-01 13:14:00,0,A983201001
1994-05-17 20:32:00,-0.09,A983201001
1994-05-17 22:32:00,-0.09,A983201001
1994-07-18 16:37:00,-0.37,A983201001
1994-07-18 18:37:00,-0.37,A983201001
1994-08-26 23:37:00,-0.19,A983201001
1994-08-27 01:37:00,-0.19,A983201001
1994-09-26 09:45:00,-0.23,A983201001
1994-09-26 11:45:00,-0.23,A983201001
1994-10-25 18:15:00,0,A983201001
1994-10-25 20:15:00,0,A983201001
1995-05-01 23:13:00,0,A983201001
1995-05-02 01:13:00,0,A983201001
1995-06-26 20:16:00,-0.25,A983201001
1995-06-26 22:16:00,-0.25,A983201001
1995-07-30 05:13:00,-0.29,A983201001
1995-07-30 05:47:00,-0.87,A983201001
1995-07-30 07:13:00,-0.29,A983201001
1995-07-30 07:47:00,-0.87,A983201001
1995-08-03 02:46:00,-0.46,A983201001
1995-08-03 04:46:00,-0.46,A983201001
1995-08-04 15:45:00,0,A983201001
1995-08-04 17:45:00,0,A983201001
1996-04-09 05:58:00,0,A983201001
1996-04-09 07:58:00,0,A983201001
1996-04-30 15:35:00,0,A983201001
1996-04-30 17:35:00,0,A983201001
1996-06-26 15:38:00,-0.23,A983201001
1996-06-26 17:38:00,-0.23,A983201001
1996-09-17 02:53:00,-0.17,A983201001
1996-09-17 04:53:00,-0.17,A983201001
1996-10-18 09:09:00,-0.21,A983201001
1996-10-18 11:09:00,-0.21,A983201001
1996-11-19 08:04:00,0,A983201001
1996-11-19 09:04:00,0,A983201001
1996-11-23 08:34:00,0,A983201001
1996-11-23 09:34:00,0,A983201001
2000-03-31 22:00:00,0,A983201001
2000-04-01 00:00:00,0,A983201001
2000-04-18 22:00:00,-0.06,A983201001
2000-04-19 00:00:00,-0.06,A983201001
2000-05-16 22:00:00,-0.11,A983201001
2000-05-17 00:00:00,-0.11,A983201001
2000-06-18 22:00:00,-0.14,A983201001
2000-06-19 00:00:00,-0.14,A983201001
2000-07-18 22:00:00,-0.36,A983201001
2000-07-19 00:00:00,-0.36,A983201001
2000-08-16 22:00:00,-0.19,A983201001
2000-08-17 00:00:00,-0.19,A983201001
2000-09-25 22:00:00,-0.26,A983201001
2000-09-26 00:00:00,-0.26,A983201001
2000-10-17 22:00:00,-0.25,A983201001
2000-10-18 00:00:00,-0.25,A983201001
2000-11-29 23:00:00,0,A983201001
2000-11-30 00:00:00,0,A983201001
2001-05-31 22:00:00,0,A983201001
2001-06-01 00:00:00,0,A983201001
2001-07-02 22:00:00,-0.13,A983201001
2001-07-03 00:00:00,-0.13,A983201001
2001-08-27 22:00:00,-0.16,A983201001
2001-08-28 00:00:00,-0.16,A983201001
2001-09-26 22:00:00,-0.19,A983201001
2001-09-27 00:00:00,-0.19,A983201001
2001-10-29 23:00:00,-0.13,A983201001
2001-10-30 00:00:00,-0.13,A983201001
2001-11-02 23:00:00,0,A983201001
2001-11-03 00:00:00,0,A983201001
2002-04-30 22:00:00,0,A983201001
2002-05-01 00:00:00,0,A983201001
2002-05-27 22:00:00,-0.08,A983201001
2002-05-28 00:00:00,-0.08,A983201001
2002-06-17 22:00:00,-0.15,A983201001
2002-06-18 00:00:00,-0.15,A983201001
2002-07-08 22:00:00,-0.15,A983201001
2002-07-09 00:00:00,-0.15,A983201001
2002-08-12 22:00:00,-0.12,A983201001
2002-08-13 00:00:00,-0.12,A983201001
2002-10-17 22:00:00,-0.1,A983201001
2002-10-18 00:00:00,-0.1,A983201001
2002-11-02 23:00:00,0,A983201001
2002-11-03 00:00:00,0,A983201001
2003-06-30 22:00:00,0,A983201001
2003-07-01 00:00:00,0,A983201001
2003-08-23 11:00:00,-0.18,A983201001
2003-08-23 13:00:00,-0.18,A983201001
2003-09-06 09:00:00,-0.17,A983201001
2003-09-06 11:00:00,-0.17,A983201001
2003-09-24 09:00:00,-0.14,A983201001
2003-09-24 11:00:00,-0.14,A983201001
2003-11-11 10:11:00,0,A983201001
2003-11-11 11:11:00,0,A983201001
2004-04-01 09:11:00,0,A983201001
2004-04-01 11:11:00,0,A983201001
2004-04-22 11:00:00,-0.12,A983201001
2004-04-22 13:00:00,-0.12,A983201001
2004-10-20 12:00:00,-0.27,A983201001
2004-10-20 14:00:00,-0.27,A983201001
2004-10-26 15:00:00,-0.15,A983201001
2004-10-26 17:00:00,-0.15,A983201001
2004-11-01 10:11:00,0,A983201001
2004-11-01 11:11:00,0,A983201001
2005-07-15 09:11:00,0,A983201001
2005-07-15 11:11:00,0,A983201001
2005-08-25 12:00:00,-0.18,A983201001
2005-08-25 14:00:00,-0.18,A983201001
2005-10-14 09:00:00,-0.26,A983201001
2005-10-14 11:00:00,-0.26,A983201001
2006-06-27 11:00:00,-0.08,A983201001
2006-06-27 13:00:00,-0.08,A983201001
2006-07-20 11:00:00,-0.02,A983201001
2006-07-20 13:00:00,-0.02,A983201001
2006-08-06 13:00:00,0,A983201001
2006-08-06 15:00:00,0,A983201001
2007-04-01 00:00:00,0,A983201001
2007-05-31 19:00:00,-0.11,A983201001
2007-07-02 16:00:00,-0.38,A983201001
2007-08-28 12:00:00,-0.17,A983201001
2007-09-21 11:00:00,0,A983201001
2008-05-02 11:00:00,0,A983201001
2008-07-03 15:00:00,-0.4,A983201001
2008-08-08 08:08:00,-0.3,A983201001
2008-10-03 11:11:00,-0.3,A983201001
2008-10-22 11:11:00,-0.275,A983201001
2009-01-01 00:00:00,0,A983201001
2009-03-29 11:00:00,0,A983201001
2009-04-28 11:00:00,-0.13,A983201001
2009-06-09 11:11:00,-0.37,A983201001
2009-07-21 11:11:00,-0.35,A983201001
2009-09-09 09:09:00,-0.31,A983201001
2009-10-19 00:00:00,-0.37,A983201001
2009-12-03 00:00:00,-0.13,A983201001
2009-12-22 00:00:00,0,A983201001
2010-04-05 11:11:00,0,A983201001
2010-04-20 11:11:00,-0.13,A983201001
2010-05-21 11:15:00,-0.23,A983201001
2010-06-29 10:45:00,-0.36,A983201001
2010-07-27 12:00:00,-0.37,A983201001
2010-08-25 12:30:00,-0.36,A983201001
2010-09-23 00:00:00,-0.31,A983201001
2010-11-02 12:30:00,-0.25,A983201001
2010-12-06 12:15:00,-0.065,A983201001
2010-12-07 00:00:00,0,A983201001
2011-03-05 00:00:00,0,A983201001
2011-03-11 12:00:00,-0.035,A983201001
2011-04-14 12:20:00,-0.21,A983201001
2011-05-03 14:40:00,-0.26,A983201001
2011-06-07 00:00:00,-0.41,A983201001
2011-07-07 15:00:00,-0.38,A983201001
2011-08-03 00:00:00,-0.36,A983201001
2011-09-05 00:00:00,-0.37,A983201001
2011-11-24 00:00:00,-0.3,A983201001
2011-12-06 00:00:00,0,A983201001
2012-03-13 00:00:00,0,A983201001
2012-03-29 00:00:00,-0.13,A983201001
2012-05-15 00:00:00,-0.29,A983201001
2012-06-12 00:00:00,-0.46,A983201001
2012-07-09 00:00:00,-0.4,A983201001
2012-08-17 00:00:00,-0.38,A983201001
2012-10-17 00:00:00,-0.28,A983201001
2012-11-06 00:00:00,0,A983201001
2012-11-07 00:00:00,0,A983201001
2012-11-08 00:00:00,-0.23,A983201001
2012-12-05 00:00:00,0,A983201001
2013-06-01 00:00:00,0,A983201001
2013-06-07 00:00:00,-0.1,A983201001
2013-07-22 00:00:00,-0.31,A983201001
2013-08-28 00:00:00,-0.37,A983201001
2013-10-07 00:00:00,-0.37,A983201001
2013-10-23 00:00:00,0,A983201001
2014-04-01 00:00:00,0,A983201001
2014-04-11 00:00:00,-0.23,A983201001
2014-05-26 00:00:00,-0.3,A983201001
2014-06-25 00:00:00,-0.35,A983201001
2014-07-28 00:00:00,-0.3,A983201001
2014-09-03 00:00:00,-0.3,A983201001
2014-09-25 00:00:00,-0.27,A983201001
2014-10-31 00:00:00,-0.23,A983201001
2014-11-04 00:00:00,0,A983201001
2015-03-20 00:00:00,0,A983201001
2015-04-23 00:00:00,-0.16,A983201001
2015-06-01 00:00:00,-0.28,A983201001
2015-06-29 00:00:00,-0.39,A983201001
2015-07-27 00:00:00,-0.42,A983201001
2015-08-18 00:00:00,-0.39,A983201001
2015-09-11 00:00:00,-0.36,A983201001
2015-10-14 00:00:00,-0.35,A983201001
2015-11-19 00:00:00,-0.2,A983201001
2015-11-20 00:00:00,0,A983201001
2016-06-15 00:00:00,0,A983201001
2016-07-07 00:00:00,-0.07,A983201001
2016-07-08 00:00:00,-0.08,A983201001
2016-07-26 00:00:00,-0.14,A983201001
2016-08-18 00:00:00,-0.1,A983201001
2016-09-06 00:00:00,-0.09,A983201001
2016-10-05 00:00:00,-0.1,A983201001
2016-11-02 00:00:00,-0.09,A983201001
2016-11-23 00:00:00,0,A983201001
2016-12-31 00:00:00,0,A983201001
2017-04-05 00:00:00,0,A983201001
2017-05-03 00:00:00,-0.04,A983201001
2017-05-31 00:00:00,-0.1,A983201001
2017-06-22 00:00:00,-0.11,A983201001
2017-07-25 09:00:00,-0.27,A983201001
2017-08-23 00:00:00,-0.38,A983201001
2017-08-23 13:42:00,-0.38,A983201001
2017-09-12 00:00:00,-0.12,A983201001
2017-10-03 00:00:00,0,A983201001
2017-11-27 00:00:00,0,A983201001
2018-05-11 00:00:00,0,A983201001
2018-06-05 00:00:00,-0.08,A983201001
2018-07-21 07:57:00,-0.046,A983201001
2018-08-10 13:16:00,-0.066,A983201001
2018-09-07 20:44:00,-0.056,A983201001
2018-10-12 05:47:00,-0.056,A983201001
2018-11-05 06:38:00,0,A983201001
2019-04-02 00:00:00,0,A983201001
2019-05-02 00:00:00,-0.03,A983201001
2019-05-28 17:56:00,-0.056,A983201001
2019-06-26 01:23:00,-0.075,A983201001
2019-08-23 16:50:00,-0.095,A983201001
2019-09-07 17:05:00,-0.058,A983201001
2019-10-03 01:55:00,-0.082,A983201001
2019-10-28 10:45:00,-0.02,A983201001
2019-11-18 19:27:00,-0.074,A983201001
2019-12-05 00:00:00,-0.06,A983201001
2019-12-12 00:00:00,0,A983201001
2020-05-13 00:00:00,0,A983201001
2020-06-03 09:56:00,-0.029,A983201001
2020-07-02 18:54:00,-0.037,A983201001
2020-07-29 11:47:00,-0.02,A983201001
2020-08-19 20:29:00,-0.045,A983201001
2020-09-10 05:11:00,-0.049,A983201001
2020-10-07 00:00:00,-0.05,A983201001
2020-10-31 00:46:00,-0.046,A983201001
2020-11-25 00:00:00,0,A983201001
2021-05-26 00:00:00,0,A983201001
2021-06-16 06:20:00,-0.045,A983201001
2021-07-08 23:05:00,-0.252,A983201001
2021-08-04 15:58:00,-0.161,A983201001
2021-09-01 16:53:00,-0.016,A983201001
2021-10-01 01:51:00,-0.049,A983201001
2021-11-03 10:56:00,-0.161,A983201001
2021-11-23 11:36:00,-0.049,A983201001
2021-12-14 00:00:00,0,A983201001
2022-03-03 14:54:00,0,A983201001
2022-04-12 16:12:00,-0.07,A983201001
2022-04-20 00:00:00,0,A983201001
2022-05-13 09:12:00,-0.049,A983201001
2022-06-07 18:02:00,-0.041,A983201001
2022-06-25 02:37:00,-0.037,A983201001
2022-07-25 19:37:00,-0.029,A983201001
2022-08-12 04:11:00,-0.033,A983201001
2022-08-23 00:00:00,-0.026,A983201001
2022-09-20 00:00:00,-0.04,A983201001
2022-10-13 00:00:00,-0.04,A983201001
2022-11-17 00:00:00,0,A983201001
2023-03-29 00:00:00,0,A983201001
2023-04-27 00:00:00,-0.05,A983201001
2023-05-17 00:00:00,-0.04,A983201001
2023-06-21 00:00:00,-0.03,A983201001
2023-07-12 00:00:00,-0.08,A983201001
2023-08-09 00:00:00,-0.07,A983201001
2023-09-06 00:00:00,-0.02,A983201001
2023-10-11 00:00:00,-0.018,A983201001
2023-10-30 00:00:00,0,A983201001
2024-06-10 00:00:00,0,A983201001
2024-06-25 00:00:00,-0.09,A983201001
2024-07-17 00:00:00,-0.04,A983201001
2024-08-13 00:00:00,-0.04,A983201001
2024-08-28 00:00:00,-0.05,A983201001
2024-09-18 00:00:00,-0.04,A983201001
2024-10-08 00:00:00,0,A983201001
2025-04-08 00:00:00,0,A983201001
2025-05-14 00:00:00,-0.04,A983201001
2025-06-18 00:00:00,-0.05,A983201001
2025-07-10 00:00:00,-0.025,A983201001
2011-05-01 00:00:00,0,A673122001
2011-07-14 06:00:00,-0.075,A673122001
2011-09-01 00:00:00,-0.09,A673122001
2011-10-31 19:00:00,-0.035,A673122001
2011-11-15 00:00:00,0,A673122001
2012-06-15 00:00:00,0,A673122001
2012-07-17 00:00:00,-0.025,A673122001
2012-09-28 00:00:00,-0.045,A673122001
2012-11-14 14:00:00,-0.015,A673122001
2012-11-30 00:00:00,0,A673122001
2014-03-03 00:00:00,0,A673122001
2014-06-07 14:00:00,-0.04,A673122001
2014-08-14 07:00:00,-0.015,A673122001
2014-10-02 20:00:00,-0.015,A673122001
2014-11-01 00:00:00,0,A673122001
2015-05-01 00:00:00,0,A673122001
2015-06-02 00:00:00,-0.115,A673122001
2015-07-29 12:00:00,-0.03,A673122001
2015-09-02 00:00:00,0,A673122001
2015-11-20 00:00:00,0,A673122001
2021-07-15 00:00:00,0,A673122001
2021-07-15 20:00:00,-0.118,A673122001
2021-07-17 00:00:00,0,A673122001
2022-05-10 00:00:00,0,A673122001
2022-06-22 06:42:00,-0.081,A673122001
2022-07-20 12:00:00,-0.055,A673122001
2022-09-06 00:00:00,0,A673122001
2024-05-17 20:00:00,0,A673122001
2024-05-18 02:00:00,-0.1,A673122001
2024-05-19 19:00:00,0,A673122001
2025-05-01 00:00:00,0,A673122001
2025-05-21 00:00:00,-0.035,A673122001
2025-06-26 00:00:00,-0.075,A673122001
2000-07-18 22:00:00,0,B557201001
2000-07-19 00:00:00,0,B557201001
2000-07-25 22:00:00,-0.19,B557201001
2000-07-26 00:00:00,-0.18,B557201001
2000-07-27 22:00:00,0,B557201001
2000-07-28 00:00:00,0,B557201001
2001-05-31 22:00:00,0,B557201001
2001-06-01 00:00:00,0,B557201001
2001-06-11 22:00:00,-0.14,B557201001
2001-06-12 00:00:00,-0.14,B557201001
2001-07-17 22:00:00,-0.11,B557201001
2001-07-18 00:00:00,-0.11,B557201001
2001-07-18 22:00:00,0,B557201001
2001-07-31 00:00:00,-0.02,B557201001
2001-08-22 22:00:00,0,B557201001
2001-08-23 00:00:00,-0.02,B557201001
2001-09-10 22:00:00,-0.05,B557201001
2001-09-11 00:00:00,-0.05,B557201001
2001-10-15 22:00:00,-0.06,B557201001
2001-10-16 00:00:00,-0.06,B557201001
2001-11-07 23:00:00,0,B557201001
2001-11-08 00:00:00,0,B557201001
2001-11-09 23:00:00,0,B557201001
2001-11-10 00:00:00,0,B557201001
2001-11-19 23:00:00,-0.1,B557201001
2001-11-20 00:00:00,-0.09,B557201001
2001-11-21 23:00:00,0,B557201001
2001-11-22 00:00:00,0,B557201001
2002-04-30 22:00:00,0,B557201001
2002-05-01 00:00:00,0,B557201001
2002-06-24 22:00:00,-0.05,B557201001
2002-06-25 00:00:00,-0.05,B557201001
2002-08-06 22:00:00,0,B557201001
2002-08-07 00:00:00,0,B557201001
2002-08-07 22:00:00,0,B557201001
2002-08-08 00:00:00,0,B557201001
2002-08-08 22:00:00,-0.05,B557201001
2002-08-09 00:00:00,-0.05,B557201001
2002-10-16 22:00:00,0,B557201001
2002-10-17 00:00:00,0,B557201001
2003-03-14 23:00:00,0,B557201001
2003-03-15 00:00:00,0,B557201001
2003-04-16 22:00:00,-0.04,B557201001
2003-04-17 00:00:00,-0.03,B557201001
2003-06-15 22:00:00,-0.02,B557201001
2003-06-16 00:00:00,-0.02,B557201001
2003-07-28 22:00:00,-0.02,B557201001
2003-07-29 00:00:00,-0.02,B557201001
2003-08-26 22:00:00,0,B557201001
2003-08-27 00:00:00,0,B557201001
2003-09-16 22:00:00,0,B557201001
2003-09-17 00:00:00,0,B557201001
2003-10-20 22:00:00,-0.05,B557201001
2003-10-21 00:00:00,-0.04,B557201001
2003-11-30 23:00:00,0,B557201001
2003-12-01 00:00:00,0,B557201001
2009-09-07 00:00:00,0,B557201001
2009-10-12 00:00:00,-0.09,B557201001
2009-11-03 00:00:00,0,B557201001
2010-07-05 00:00:00,0,B557201001
2010-08-24 00:00:00,-0.03,B557201001
2010-09-28 00:00:00,-0.06,B557201001
2010-10-29 00:00:00,-0.03,B557201001
2010-11-06 00:00:00,0,B557201001
2011-02-17 00:00:00,0,B557201001
2011-04-26 00:00:00,0,B557201001
2011-06-28 00:00:00,-0.03,B557201001
2011-08-26 00:00:00,-0.02,B557201001
2011-10-17 00:00:00,-0.03,B557201001
2011-12-05 00:00:00,0,B557201001
2014-04-03 00:00:00,0,B557201001
2014-05-13 00:00:00,-0.03,B557201001
2014-09-17 00:00:00,0,B557201001
2016-09-14 00:00:00,0,B557201001
2016-11-03 00:00:00,-0.02,B557201001
2017-01-11 00:00:00,-0.08,B557201001
2017-03-08 00:00:00,0,B557201001
2017-07-06 00:00:00,0,B557201001
2017-09-14 00:00:00,-0.08,B557201001
2017-10-18 00:00:00,0,B557201001
2022-07-20 00:00:00,0,B557201001
2009-05-01 00:00:00,0,B402101001
2009-06-19 00:00:00,-0.02,B402101001
2009-09-10 00:00:00,-0.01,B402101001
2009-10-12 00:00:00,0,B402101001
2010-05-15 00:00:00,0,B402101001
2010-07-01 00:00:00,-0.04,B402101001
2010-08-05 00:00:00,-0.04,B402101001
2010-10-07 00:00:00,-0.03,B402101001
2010-10-31 00:00:00,0,B402101001
2011-05-01 00:00:00,0,B402101001
2011-05-26 00:00:00,-0.045,B402101001
2011-07-29 00:00:00,-0.045,B402101001
2011-08-31 00:00:00,-0.025,B402101001
2011-10-17 00:00:00,0,B402101001
2013-05-28 00:00:00,0,B402101001
2013-07-18 00:00:00,-0.05,B402101001
2013-09-03 00:00:00,-0.03,B402101001
2013-10-10 00:00:00,0,B402101001
2014-04-10 00:00:00,0,B402101001
2014-05-27 00:00:00,-0.035,B402101001
2014-07-03 00:00:00,-0.035,B402101001
2014-08-21 00:00:00,-0.015,B402101001
2014-10-28 00:00:00,0,B402101001
2015-04-09 00:00:00,0,B402101001
2015-06-04 00:00:00,-0.04,B402101001
2015-07-17 00:00:00,-0.03,B402101001
2015-08-10 00:00:00,-0.015,B402101001
2015-09-30 00:00:00,0,B402101001
2016-05-01 00:00:00,0,B402101001
2016-05-25 00:00:00,-0.02,B402101001
2016-05-30 00:00:00,-0.02,B402101001
2016-07-13 00:00:00,-0.07,B402101001
2016-09-07 00:00:00,-0.045,B402101001
2016-10-12 00:00:00,-0.04,B402101001
2016-11-16 00:00:00,0,B402101001
2017-03-25 00:00:00,0,B402101001
2017-04-26 00:00:00,-0.04,B402101001
2017-05-31 00:00:00,-0.04,B402101001
2017-06-28 00:00:00,-0.01,B402101001
2017-07-18 00:00:00,-0.05,B402101001
2017-08-22 00:00:00,-0.02,B402101001
2017-09-28 00:00:00,0,B402101001
2018-04-16 00:00:00,0,B402101001
2018-05-23 00:00:00,-0.02,B402101001
2018-06-21 00:00:00,-0.01,B402101001
2018-07-23 00:00:00,-0.03,B402101001
2018-08-20 00:00:00,-0.02,B402101001
2018-09-13 00:00:00,-0.03,B402101001
2018-11-05 00:00:00,0,B402101001
2019-03-19 00:00:00,0,B402101001
2019-03-27 00:00:00,-0.03,B402101001
2019-05-23 00:00:00,-0.03,B402101001
2019-08-01 00:00:00,-0.04,B402101001
2019-08-27 00:00:00,-0.015,B402101001
2019-09-26 00:00:00,0,B402101001
2020-04-01 00:00:00,0,B402101001
2020-05-13 00:00:00,-0.025,B402101001
2020-06-12 00:00:00,-0.015,B402101001
2020-07-09 00:00:00,-0.035,B402101001
2020-08-05 00:00:00,-0.035,B402101001
2020-08-28 00:00:00,-0.01,B402101001
2020-09-25 00:00:00,0,B402101001
2021-04-15 00:00:00,0,B402101001
2021-04-29 00:00:00,-0.04,B402101001
2021-06-16 00:00:00,0,B402101001
2006-06-08 22:00:00,0,A436203001
2006-06-09 00:00:00,0,A436203001
2006-06-28 13:00:00,-0.11,A436203001
2006-06-28 15:00:00,-0.11,A436203001
2006-07-20 22:00:00,-0.04,A436203001
2006-07-21 00:00:00,-0.04,A436203001
2006-08-10 13:50:00,0,A436203001
2006-08-10 15:50:00,0,A436203001
2009-05-01 00:00:00,0,A436203001
2009-07-03 10:15:00,-0.03,A436203001
2009-09-23 14:15:00,0,A436203001
2010-04-01 00:00:00,0,A436203001
2010-05-03 11:40:00,-0.02,A436203001
2010-07-20 15:25:00,-0.08,A436203001
2010-08-23 00:00:00,-0.05,A436203001
2010-09-29 00:00:00,-0.05,A436203001
2010-12-01 10:00:00,0,A436203001
2010-12-05 10:00:00,0,A436203001
2011-07-06 11:11:00,0,A436203001
2011-08-10 00:00:00,-0.04,A436203001
2011-09-13 00:00:00,-0.04,A436203001
2011-11-23 11:11:00,-0.06,A436203001
2011-12-05 11:11:00,0,A436203001
2012-05-11 11:11:00,0,A436203001
2012-07-01 11:11:00,-0.02,A436203001
2012-12-06 00:00:00,0,A436203001
2013-06-05 00:00:00,0,A436203001
2013-06-13 00:00:00,-0.06,A436203001
2013-08-07 11:11:00,-0.03,A436203001
2013-09-05 11:11:00,-0.02,A436203001
2013-10-08 11:11:00,0,A436203001
2014-06-10 00:00:00,0,A436203001
2014-07-02 11:11:00,-0.01,A436203001
2014-08-12 11:11:00,0,A436203001
2015-05-12 11:11:00,0,A436203001
2015-06-17 11:11:00,-0.04,A436203001
2015-07-08 11:11:00,-0.04,A436203001
2015-07-29 00:00:00,-0.04,A436203001
2015-08-13 11:11:00,-0.03,A436203001
2015-09-03 11:11:00,-0.025,A436203001
2015-09-30 11:11:00,-0.015,A436203001
2015-10-21 11:11:00,-0.028,A436203001
2015-11-20 11:11:00,0,A436203001
2016-06-12 00:00:00,0,A436203001
2016-06-12 16:20:00,0,A436203001
2016-06-29 10:00:00,-0.03,A436203001
2016-06-29 11:11:00,-0.03,A436203001
2016-07-20 10:00:00,-0.05,A436203001
2016-07-20 11:11:00,-0.05,A436203001
2016-08-10 00:00:00,-0.032,A436203001
2016-09-07 11:11:00,-0.026,A436203001
2016-09-07 13:34:00,-0.026,A436203001
2016-10-27 00:00:00,-0.01,A436203001
2016-12-01 00:00:00,0,A436203001
2017-03-12 00:00:00,0,A436203001
2017-05-10 11:00:00,-0.03,A436203001
2017-05-10 11:11:00,-0.03,A436203001
2017-05-30 00:00:00,-0.06,A436203001
2017-06-21 00:00:00,-0.09,A436203001
2017-06-21 11:11:00,-0.09,A436203001
2017-07-20 00:00:00,-0.06,A436203001
2017-07-27 00:00:00,-0.06,A436203001
2017-07-27 15:10:00,-0.06,A436203001
2017-09-06 00:00:00,-0.06,A436203001
2017-09-27 11:11:00,-0.03,A436203001
2017-09-27 13:04:00,-0.03,A436203001
2017-10-18 11:00:00,-0.03,A436203001
2017-10-18 11:11:00,-0.03,A436203001
2017-11-01 00:00:00,0,A436203001
2018-03-08 00:00:00,0,A436203001
2018-04-25 00:00:00,-0.02,A436203001
2018-05-23 00:00:00,-0.02,A436203001
2018-06-20 00:00:00,-0.03,A436203001
2018-07-23 00:00:00,-0.03,A436203001
2018-08-07 00:00:00,-0.03,A436203001
2018-08-07 13:37:00,-0.03,A436203001
2018-08-28 00:00:00,-0.03,A436203001
2018-09-25 15:08:00,-0.03,A436203001
2018-12-03 00:00:00,0,A436203001
2019-04-17 00:00:00,0,A436203001
2019-05-22 00:00:00,-0.04,A436203001
2019-06-12 00:00:00,-0.08,A436203001
2019-07-23 00:00:00,-0.07,A436203001
2019-08-14 00:00:00,-0.07,A436203001
2019-09-03 00:00:00,-0.07,A436203001
2019-10-02 00:00:00,-0.03,A436203001
2019-11-20 00:00:00,0,A436203001
2020-04-01 00:00:00,0,A436203001
2020-05-06 00:00:00,-0.05,A436203001
2020-06-24 00:00:00,-0.08,A436203001
2020-07-23 00:00:00,-0.08,A436203001
2020-08-11 00:00:00,-0.07,A436203001
2020-09-01 00:00:00,-0.06,A436203001
2020-09-24 00:00:00,-0.05,A436203001
2020-10-12 00:00:00,-0.04,A436203001
2020-12-22 00:00:00,0,A436203001
2021-07-20 00:00:00,0,A436203001
2021-08-17 00:00:00,-0.07,A436203001
2021-09-15 00:00:00,-0.05,A436203001
2021-11-30 00:00:00,0,A436203001
2022-03-03 00:00:00,0,A436203001
2022-04-05 00:00:00,-0.05,A436203001
2022-05-12 00:00:00,-0.16,A436203001
2022-06-07 00:00:00,-0.14,A436203001
2022-07-06 00:00:00,-0.1,A436203001
2022-08-09 00:00:00,-0.065,A436203001
2022-09-13 00:00:00,-0.06,A436203001
2022-10-18 00:00:00,-0.04,A436203001
2022-11-17 00:00:00,0,A436203001
2023-04-12 00:00:00,0,A436203001
2023-05-17 00:00:00,-0.1,A436203001
2023-06-22 00:00:00,-0.14,A436203001
2023-07-25 00:00:00,-0.15,A436203001
2023-08-23 00:00:00,-0.06,A436203001
2023-10-30 00:00:00,0,A436203001
2015-06-16 00:00:00,-0.06,A782101001
2015-07-10 00:00:00,-0.04,A782101001
2015-08-13 00:00:00,-0.02,A782101001
2015-09-09 00:00:00,-0.06,A782101001
2015-09-19 00:00:00,-0.1,A782101001
2015-10-13 00:00:00,-0.1,A782101001
2015-11-19 00:00:00,-0.05,A782101001
2015-11-20 00:00:00,0,A782101001
2016-05-03 00:00:00,0,A782101001
2016-05-31 00:00:00,-0.02,A782101001
2016-06-01 07:00:00,-0.05,A782101001
2016-06-02 15:00:00,-0.05,A782101001
2016-06-03 03:00:00,-0.1,A782101001
2016-06-03 19:00:00,-0.22,A782101001
2016-06-03 20:00:00,-0.32,A782101001
2016-06-03 22:00:00,-0.4,A782101001
2016-06-06 06:00:00,-0.4,A782101001
2016-06-11 11:00:00,-0.55,A782101001
2016-06-15 01:00:00,-0.4,A782101001
2016-06-15 12:00:00,-0.4,A782101001
2016-06-16 14:00:00,-0.32,A782101001
2016-06-17 10:00:00,-0.22,A782101001
2016-06-20 04:00:00,-0.1,A782101001
2016-06-23 04:00:00,-0.05,A782101001
2016-06-29 00:00:00,0,A782101001
2016-07-27 00:00:00,-0.06,A782101001
2016-09-01 00:00:00,-0.08,A782101001
2016-11-10 00:00:00,0,A782101001
2016-12-31 00:00:00,0,A782101001
2017-05-16 00:00:00,0,A782101001
2017-06-15 00:00:00,-0.02,A782101001
2017-07-12 00:00:00,-0.05,A782101001
2017-07-12 12:00:00,-0.05,A782101001
2017-08-03 00:00:00,-0.02,A782101001
2017-09-01 00:00:00,-0.02,A782101001
2017-09-06 00:00:00,-0.06,A782101001
2017-09-27 00:00:00,0,A782101001
2017-09-27 13:01:00,0,A782101001
2018-04-10 00:00:00,0,A782101001
2018-05-09 00:00:00,-0.07,A782101001
2018-06-06 00:00:00,-0.08,A782101001
2018-06-25 00:00:00,-0.06,A782101001
2018-08-02 00:00:00,-0.05,A782101001
2018-08-03 07:49:00,-0.05,A782101001
2018-08-29 00:00:00,-0.03,A782101001
2018-10-09 00:00:00,-0.02,A782101001
2018-10-31 00:00:00,-0.015,A782101001
2018-11-21 00:00:00,-0.02,A782101001
2018-12-03 00:00:00,0,A782101001
2019-01-27 00:00:00,0,A782101001
2019-03-27 00:00:00,0,A782101001
2019-04-24 00:00:00,-0.07,A782101001
2019-05-28 00:00:00,-0.06,A782101001
2019-06-26 00:00:00,-0.09,A782101001
2019-07-17 00:00:00,-0.08,A782101001
2019-08-01 00:00:00,-0.07,A782101001
2019-08-26 00:00:00,-0.04,A782101001
2019-10-03 00:00:00,-0.04,A782101001
2019-10-04 00:00:00,-0.04,A782101001
2019-10-21 00:00:00,0,A782101001
2019-10-22 00:00:00,0,A782101001
2020-05-13 00:00:00,0,A782101001
2020-06-10 00:00:00,-0.1,A782101001
2020-07-06 00:00:00,-0.08,A782101001
2020-07-28 00:00:00,-0.1,A782101001
2020-08-12 00:00:00,-0.06,A782101001
2020-09-01 00:00:00,-0.06,A782101001
2020-09-22 00:00:00,-0.045,A782101001
2020-10-12 00:00:00,-0.045,A782101001
2020-11-06 00:00:00,-0.04,A782101001
2020-12-01 00:00:00,0,A782101001
2021-05-05 00:00:00,0,A782101001
2021-06-02 00:00:00,-0.07,A782101001
2021-06-24 00:00:00,-0.11,A782101001
2021-07-14 00:00:00,0,A782101001
2021-07-28 00:00:00,-0.08,A782101001
2021-08-31 00:00:00,-0.08,A782101001
2021-09-28 00:00:00,-0.09,A782101001
2021-10-27 00:00:00,-0.09,A782101001
2021-11-17 00:00:00,-0.07,A782101001
2021-12-07 00:00:00,-0.07,A782101001
2021-12-22 00:00:00,-0.03,A782101001
2022-01-03 00:00:00,0,A782101001
2022-04-13 00:00:00,0,A782101001
2022-05-04 00:00:00,-0.04,A782101001
2022-06-01 00:00:00,-0.14,A782101001
2022-06-16 00:00:00,-0.12,A782101001
2022-07-12 00:00:00,-0.15,A782101001
2022-08-02 00:00:00,-0.115,A782101001
2022-08-24 00:00:00,-0.08,A782101001
2022-09-15 00:00:00,-0.05,A782101001
2022-10-12 00:00:00,-0.07,A782101001
2022-11-10 00:00:00,0,A782101001
2023-04-06 00:00:00,0,A782101001
2023-05-16 00:00:00,-0.025,A782101001
2023-06-07 00:00:00,-0.08,A782101001
2023-06-20 00:00:00,-0.09,A782101001
2023-07-05 00:00:00,-0.11,A782101001
2023-07-05 01:00:00,-0.12,A782101001
2023-07-27 00:00:00,-0.1,A782101001
2023-08-30 00:00:00,-0.055,A782101001
2023-09-28 11:37:00,-0.067,A782101001
2023-10-24 00:00:00,-0.02,A782101001
2023-10-30 00:00:00,0,A782101001
2024-06-25 00:00:00,0,A782101001
2024-07-18 00:00:00,-0.01,A782101001
2024-08-22 00:00:00,-0.05,A782101001
2024-09-19 09:30:00,-0.072,A782101001
2024-10-01 01:54:00,-0.063,A782101001
2024-10-08 00:00:00,0,A782101001
2025-04-08 00:00:00,0,A782101001
2025-05-13 00:00:00,-0.02,A782101001
2025-06-12 00:00:00,-0.06,A782101001
2025-07-03 00:00:00,-0.12,A782101001
2010-05-15 11:11:00,0,A807101001
2010-06-08 11:11:00,-0.04,A807101001
2010-08-04 11:11:00,-0.07,A807101001
2010-08-24 11:11:00,-0.05,A807101001
2010-10-27 13:30:00,-0.09,A807101001
2010-11-08 15:30:00,0,A807101001
2011-04-30 18:00:00,0,A807101001
2011-06-06 12:40:00,-0.09,A807101001
2011-07-13 00:00:00,-0.09,A807101001
2011-11-23 12:45:00,-0.134,A807101001
2011-12-06 00:00:00,0,A807101001
2012-05-19 00:00:00,0,A807101001
2012-06-27 00:00:00,-0.05,A807101001
2012-07-31 11:11:00,-0.04,A807101001
2012-08-29 00:00:00,-0.04,A807101001
2012-09-24 00:00:00,-0.06,A807101001
2012-11-06 00:00:00,-0.03,A807101001
2012-12-04 00:00:00,0,A807101001
2013-06-12 00:00:00,0,A807101001
2013-07-25 00:00:00,-0.03,A807101001
2013-08-27 00:00:00,-0.08,A807101001
2013-09-09 00:00:00,-0.06,A807101001
2013-10-08 00:00:00,0,A807101001
2014-04-01 00:00:00,0,A807101001
2014-05-19 00:00:00,-0.05,A807101001
2014-06-30 00:00:00,-0.06,A807101001
2014-07-01 00:00:00,-0.06,A807101001
2014-07-25 00:00:00,-0.11,A807101001
2014-09-09 00:00:00,-0.03,A807101001
2014-09-26 00:00:00,0,A807101001
2015-05-13 00:00:00,0,A807101001
2015-06-25 00:00:00,-0.06,A807101001
2015-07-22 00:00:00,-0.07,A807101001
2015-08-19 00:00:00,0,A807101001
2015-09-23 11:11:00,-0.03,A807101001
2015-10-22 00:00:00,-0.07,A807101001
2015-11-19 00:00:00,-0.05,A807101001
2015-11-20 00:00:00,0,A807101001
2016-07-28 00:00:00,0,A807101001
2016-08-18 00:00:00,-0.04,A807101001
2016-08-18 07:00:00,-0.04,A807101001
2016-10-06 00:00:00,-0.03,A807101001
2016-11-03 00:00:00,-0.05,A807101001
2016-11-25 00:00:00,0,A807101001
2016-12-31 00:00:00,0,A807101001
2017-04-12 00:00:00,0,A807101001
2017-05-10 00:00:00,-0.06,A807101001
2017-06-07 00:00:00,-0.15,A807101001
2017-07-04 00:00:00,-0.16,A807101001
2017-07-26 00:00:00,-0.06,A807101001
2017-08-07 00:00:00,-0.03,A807101001
2017-08-07 09:30:00,-0.03,A807101001
2017-08-24 00:00:00,-0.06,A807101001
2017-09-01 00:00:00,-0.06,A807101001
2017-09-07 00:00:00,-0.08,A807101001
2017-09-28 00:00:00,-0.06,A807101001
2017-10-17 00:00:00,-0.04,A807101001
2017-11-14 00:00:00,0,A807101001
2018-05-16 00:00:00,0,A807101001
2018-07-09 00:00:00,0,A807101001
2018-08-08 00:00:00,-0.05,A807101001
2018-09-11 00:00:00,-0.02,A807101001
2018-10-17 00:00:00,-0.12,A807101001
2018-11-13 00:00:00,-0.09,A807101001
2018-12-03 00:00:00,0,A807101001
2019-06-05 00:00:00,0,A807101001
2019-07-03 00:00:00,-0.06,A807101001
2019-08-01 00:00:00,-0.05,A807101001
2019-08-22 00:00:00,-0.02,A807101001
2019-09-25 00:00:00,-0.07,A807101001
2019-10-21 00:00:00,0,A807101001
2019-10-22 00:00:00,0,A807101001
2020-05-01 00:00:00,0,A807101001
2020-05-20 00:00:00,-0.06,A807101001
2020-06-16 00:00:00,-0.07,A807101001
2020-07-16 00:00:00,-0.09,A807101001
2020-08-04 00:00:00,0,A807101001
2020-08-26 00:00:00,-0.12,A807101001
2020-09-15 00:00:00,-0.17,A807101001
2020-10-08 00:00:00,0,A807101001
2021-06-09 00:00:00,0,A807101001
2021-07-08 03:47:00,-0.101,A807101001
2021-07-26 04:17:00,-0.114,A807101001
2021-09-01 20:34:00,-0.105,A807101001
2021-10-02 23:35:00,-0.046,A807101001
2021-12-31 00:00:00,0,A807101001
2022-05-03 00:00:00,0,A807101001
2022-05-28 12:34:00,-0.061,A807101001
2022-06-15 13:03:00,-0.065,A807101001
2022-07-06 00:00:00,-0.06,A807101001
2022-07-27 00:00:00,-0.07,A807101001
2022-08-09 00:00:00,-0.1,A807101001
2022-09-05 10:54:00,-0.082,A807101001
2022-10-26 00:00:00,0,A807101001
2023-06-06 00:00:00,0,A807101001
2023-06-29 00:00:00,-0.06,A807101001
2023-07-26 00:00:00,-0.07,A807101001
2023-09-05 00:00:00,-0.035,A807101001
2023-10-12 00:00:00,-0.08,A807101001
2023-10-30 00:00:00,0,A807101001
2024-05-28 00:00:00,0,A807101001
2024-07-06 08:29:00,-0.134,A807101001
2024-08-08 00:00:00,0,A807101001
2025-05-27 00:00:00,0,A807101001
2025-07-08 00:00:00,-0.05,A807101001
2011-05-10 00:00:00,0,A975201001
2011-06-07 00:00:00,-0.01,A975201001
2011-07-07 00:00:00,-0.01,A975201001
2011-08-03 00:00:00,0,A975201001
2011-09-06 00:00:00,-0.03,A975201001
2011-11-24 00:00:00,0,A975201001
2014-04-11 00:00:00,0,A975201001
2014-06-25 00:00:00,-0.02,A975201001
2014-07-28 00:00:00,0,A975201001
2014-09-03 00:00:00,-0.02,A975201001
2014-09-25 00:00:00,-0.02,A975201001
2014-10-31 00:00:00,-0.02,A975201001
2014-11-04 00:00:00,0,A975201001
2015-04-24 00:00:00,0,A975201001
2015-06-01 00:00:00,-0.025,A975201001
2015-06-29 00:00:00,-0.06,A975201001
2015-07-27 00:00:00,-0.08,A975201001
2015-08-18 00:00:00,-0.05,A975201001
2015-09-11 00:00:00,-0.03,A975201001
2015-10-14 00:00:00,-0.01,A975201001
2015-10-20 00:00:00,0,A975201001
2016-07-07 00:00:00,0,A975201001
2016-08-18 00:00:00,-0.02,A975201001
2016-09-06 00:00:00,-0.02,A975201001
2016-10-05 00:00:00,0,A975201001
2017-07-25 00:00:00,0,A975201001
2017-08-23 00:00:00,-0.04,A975201001
2017-09-12 00:00:00,-0.04,A975201001
2017-10-03 00:00:00,0,A975201001
2018-04-17 11:07:00,0,A975201001
2018-04-18 00:00:00,0,A975201001
2018-05-11 12:20:00,-0.016,A975201001
2018-06-05 00:00:00,-0.016,A975201001
2018-06-05 12:39:00,-0.016,A975201001
2018-07-19 00:00:00,-0.03,A975201001
2018-08-09 00:00:00,-0.025,A975201001
2018-08-09 14:59:00,-0.026,A975201001
2018-09-07 00:00:00,-0.07,A975201001
2018-10-11 00:00:00,-0.076,A975201001
2018-11-06 00:00:00,-0.026,A975201001
2018-11-06 18:33:00,-0.026,A975201001
2018-11-27 00:00:00,-0.02,A975201001
2018-11-27 14:48:00,-0.016,A975201001
2018-12-03 00:00:00,0,A975201001
2019-04-02 00:00:00,0,A975201001
2019-05-02 00:00:00,-0.04,A975201001
2019-05-29 00:00:00,-0.02,A975201001
2019-06-25 00:00:00,-0.08,A975201001
2019-07-17 00:00:00,-0.11,A975201001
2019-08-06 00:00:00,-0.11,A975201001
2019-09-06 00:00:00,-0.09,A975201001
2019-10-02 00:00:00,-0.03,A975201001
2019-10-29 00:00:00,-0.02,A975201001
2019-11-19 00:00:00,0,A975201001
2020-05-13 00:00:00,0,A975201001
2020-06-04 00:00:00,-0.04,A975201001
2020-07-01 00:00:00,-0.04,A975201001
2020-07-29 00:00:00,-0.12,A975201001
2020-08-18 00:00:00,-0.08,A975201001
2020-09-08 00:00:00,-0.12,A975201001
2020-10-07 00:00:00,0,A975201001
2021-05-26 00:00:00,0,A975201001
2021-06-16 00:00:00,-0.05,A975201001
2021-07-08 00:00:00,-0.07,A975201001
2021-08-03 00:00:00,-0.015,A975201001
2021-09-02 00:00:00,-0.03,A975201001
2021-09-30 00:00:00,-0.06,A975201001
2021-11-03 00:00:00,-0.08,A975201001
2021-11-24 00:00:00,0,A975201001
2022-04-20 00:00:00,0,A975201001
2022-05-11 00:00:00,-0.02,A975201001
2022-06-07 00:00:00,-0.025,A975201001
2022-06-22 00:00:00,-0.1,A975201001
2022-07-26 00:00:00,-0.11,A975201001
2022-08-10 02:09:00,-0.141,A975201001
2022-08-23 00:00:00,-0.13,A975201001
2022-09-20 00:00:00,-0.09,A975201001
2022-10-13 00:00:00,-0.07,A975201001
2022-11-17 00:00:00,0,A975201001
2023-05-17 00:00:00,0,A975201001
2023-06-21 00:00:00,-0.04,A975201001
2023-07-12 00:00:00,-0.04,A975201001
2023-08-09 00:00:00,-0.02,A975201001
2023-09-06 00:00:00,-0.03,A975201001
2023-10-30 00:00:00,0,A975201001
2024-06-10 00:00:00,0,A975201001
2024-06-25 00:00:00,-0.02,A975201001
2024-07-17 00:00:00,-0.01,A975201001
2024-08-13 00:00:00,-0.01,A975201001
2024-08-28 00:00:00,-0.02,A975201001
2024-09-18 00:00:00,0,A975201001
2025-04-08 00:00:00,0,A975201001
2025-05-14 00:00:00,-0.04,A975201001
2025-06-18 00:00:00,-0.02,A975201001
2025-07-10 00:00:00,-0.065,A975201001
2012-04-01 00:00:00,0,A662121201
2015-03-15 00:00:00,0,A662121201
2015-04-23 21:04:00,-0.016,A662121201
2015-06-03 18:43:00,-0.049,A662121201
2015-07-26 22:51:00,-0.047,A662121201
2015-09-01 18:20:00,-0.027,A662121201
2015-10-14 17:04:00,-0.012,A662121201
2015-11-18 11:28:00,0,A662121201
2018-05-24 23:09:00,0,A662121201
2018-07-02 03:54:00,-0.021,A662121201
2018-07-27 15:18:00,-0.024,A662121201
2018-09-20 12:09:00,-0.016,A662121201
2018-10-25 18:42:00,0,A662121201
2019-04-03 19:13:00,0,A662121201
2019-05-22 02:03:00,-0.05,A662121201
2019-07-17 09:56:00,-0.01,A662121201
2019-09-06 09:05:00,0,A662121201
2022-04-01 00:00:00,0,A662121201
2022-04-27 00:00:00,-0.03,A662121201
2022-05-31 00:00:00,-0.045,A662121201
2022-07-20 00:00:00,-0.035,A662121201
2022-09-05 00:00:00,-0.025,A662121201
2022-10-05 00:00:00,-0.03,A662121201
2022-11-04 00:00:00,-0.025,A662121201
2022-11-28 00:00:00,-0.02,A662121201
2022-12-14 00:00:00,0,A662121201
2023-04-26 00:00:00,0,A662121201
2023-05-11 00:00:00,-0.015,A662121201
2023-06-15 00:00:00,-0.03,A662121201
2023-08-01 00:00:00,-0.045,A662121201
2023-09-07 00:00:00,-0.02,A662121201
2023-10-24 00:00:00,-0.02,A662121201
2023-12-01 00:00:00,0,A662121201
1999-04-07 22:00:00,0,A543101001
1999-04-08 00:00:00,0,A543101001
1999-09-10 07:50:00,-0.08,A543101001
1999-09-10 09:50:00,-0.08,A543101001
1999-11-10 07:25:00,-0.02,A543101001
1999-11-10 08:25:00,-0.02,A543101001
1999-12-07 08:05:00,-0.01,A543101001
1999-12-07 09:05:00,-0.01,A543101001
2000-01-18 07:25:00,0,A543101001
2000-01-18 08:25:00,0,A543101001
2000-02-16 07:45:00,0,A543101001
2000-02-16 08:45:00,0,A543101001
2000-03-14 07:15:00,-0.03,A543101001
2000-03-14 08:15:00,-0.03,A543101001
2000-04-26 07:45:00,-0.03,A543101001
2000-04-26 09:45:00,-0.03,A543101001
2000-08-24 07:40:00,-0.06,A543101001
2000-08-24 09:40:00,-0.06,A543101001
2000-10-10 06:20:00,-0.01,A543101001
2000-10-10 08:20:00,-0.01,A543101001
2001-02-13 11:15:00,-0.02,A543101001
2001-02-13 12:15:00,-0.02,A543101001
2001-06-14 05:50:00,-0.04,A543101001
2001-06-14 07:50:00,-0.04,A543101001
2001-07-17 06:00:00,-0.07,A543101001
2001-07-17 08:00:00,-0.07,A543101001
2001-08-30 05:50:00,-0.04,A543101001
2001-08-30 07:50:00,-0.04,A543101001
2001-10-18 11:45:00,-0.02,A543101001
2001-10-18 13:45:00,-0.02,A543101001
2001-11-14 07:45:00,0,A543101001
2001-11-14 08:45:00,0,A543101001
2002-03-21 07:30:00,0,A543101001
2002-03-21 08:30:00,0,A543101001
2002-05-13 05:45:00,-0.03,A543101001
2002-05-13 07:45:00,-0.03,A543101001
2002-06-20 05:50:00,-0.08,A543101001
2002-06-20 07:50:00,-0.08,A543101001
2002-07-31 12:30:00,-0.08,A543101001
2002-07-31 14:30:00,-0.08,A543101001
2002-09-05 06:15:00,-0.07,A543101001
2002-09-05 08:15:00,-0.07,A543101001
2003-02-12 06:30:00,-0.03,A543101001
2003-02-12 07:30:00,-0.03,A543101001
2003-04-18 14:10:00,-0.1,A543101001
2003-04-18 16:10:00,-0.1,A543101001
2003-05-21 07:30:00,-0.01,A543101001
2003-05-21 09:30:00,-0.01,A543101001
2003-08-21 06:20:00,-0.05,A543101001
2003-08-21 08:20:00,-0.05,A543101001
2003-09-04 07:00:00,-0.05,A543101001
2003-09-04 09:00:00,-0.05,A543101001
2003-09-09 10:20:00,-0.06,A543101001
2003-09-09 12:20:00,-0.06,A543101001
2004-02-19 15:30:00,0,A543101001
2004-02-19 16:30:00,0,A543101001
2004-05-27 07:15:00,-0.01,A543101001
2004-05-27 09:15:00,-0.01,A543101001
2004-10-21 08:30:00,0,A543101001
2004-10-21 10:30:00,0,A543101001
2004-11-25 11:30:00,0,A543101001
2004-11-25 12:30:00,0,A543101001
2005-01-11 13:57:00,0,A543101001
2005-01-11 14:57:00,0,A543101001
2005-06-03 07:50:00,-0.01,A543101001
2005-06-03 09:50:00,-0.01,A543101001
2005-08-11 08:30:00,-0.1,A543101001
2005-08-11 10:30:00,-0.1,A543101001
2005-09-29 12:45:00,-0.03,A543101001
2005-09-29 14:45:00,-0.03,A543101001
2005-11-10 10:10:00,0,A543101001
2005-11-10 11:10:00,0,A543101001
2006-04-20 07:55:00,0,A543101001
2006-04-20 09:55:00,0,A543101001
2006-08-08 12:00:00,-0.1,A543101001
2006-08-08 14:00:00,-0.1,A543101001
2006-10-05 08:15:00,0,A543101001
2006-10-05 10:15:00,0,A543101001
2007-04-19 12:30:00,0,A543101001
2007-07-06 15:55:00,-0.1,A543101001
2007-08-29 17:00:00,-0.03,A543101001
2007-09-21 13:30:00,-0.04,A543101001
2008-01-03 12:00:00,-0.01,A543101001
2008-05-21 14:15:00,0,A543101001
2008-06-10 14:45:00,0,A543101001
2008-07-18 12:31:00,-0.1,A543101001
2008-07-31 10:11:00,-0.09,A543101001
2008-10-01 14:45:00,-0.04,A543101001
2008-10-21 11:25:00,-0.01,A543101001
2009-05-12 11:10:00,0,A543101001
2009-06-05 10:00:00,-0.07,A543101001
2009-06-30 15:25:00,-0.07,A543101001
2009-07-30 11:44:00,-0.09,A543101001
2009-09-08 12:45:00,-0.04,A543101001
2009-09-25 14:55:00,-0.01,A543101001
2009-10-13 10:35:00,-0.01,A543101001
2009-11-12 14:10:00,0,A543101001
2010-05-12 00:00:00,0,A543101001
2010-05-16 00:00:00,0,A543101001
2010-06-28 16:45:00,-0.06,A543101001
2010-07-29 15:20:00,-0.1,A543101001
2010-08-16 00:00:00,-0.09,A543101001
2010-08-23 00:00:00,-0.05,A543101001
2010-10-11 09:00:00,-0.01,A543101001
2010-12-01 10:00:00,0,A543101001
2011-05-15 14:10:00,0,A543101001
2011-06-08 14:10:00,-0.07,A543101001
2011-07-05 11:11:00,-0.11,A543101001
2011-08-15 00:00:00,-0.05,A543101001
2011-09-13 11:11:00,0,A543101001
2012-06-21 00:00:00,0,A543101001
2012-07-11 11:11:00,-0.06,A543101001
2012-08-07 11:11:00,-0.06,A543101001
2012-10-19 11:11:00,0,A543101001
2013-06-27 11:11:00,0,A543101001
2013-07-17 11:11:00,-0.04,A543101001
2013-08-13 11:11:00,-0.07,A543101001
2013-09-17 11:11:00,-0.04,A543101001
2013-10-08 11:11:00,0,A543101001
2014-04-16 00:00:00,0,A543101001
2014-05-21 00:00:00,-0.03,A543101001
2014-07-02 00:00:00,-0.06,A543101001
2014-08-20 00:00:00,-0.04,A543101001
2014-12-01 00:00:00,0,A543101001
2015-05-11 00:00:00,0,A543101001
2015-06-19 00:00:00,-0.02,A543101001
2015-07-28 00:00:00,-0.07,A543101001
2015-08-26 11:11:00,-0.04,A543101001
2015-09-22 11:11:00,0,A543101001
2017-05-05 00:00:00,0,A543101001
2017-06-01 00:00:00,-0.04,A543101001
2017-07-11 15:00:00,-0.06,A543101001
2017-08-02 00:00:00,-0.04,A543101001
2017-08-22 00:00:00,-0.05,A543101001
2017-08-22 15:30:00,-0.05,A543101001
2017-09-21 00:00:00,-0.02,A543101001
2017-10-26 00:00:00,-0.01,A543101001
2017-11-10 00:00:00,0,A543101001
2018-05-03 00:00:00,0,A543101001
2018-05-30 00:00:00,-0.04,A543101001
2018-06-21 00:00:00,-0.06,A543101001
2018-07-17 00:00:00,-0.1,A543101001
2018-08-16 15:06:00,-0.09,A543101001
2018-09-21 00:00:00,-0.07,A543101001
2018-10-23 00:00:00,-0.02,A543101001
2018-11-20 00:00:00,0,A543101001
2019-05-16 00:00:00,0,A543101001
2019-06-12 00:00:00,-0.05,A543101001
2019-07-18 00:00:00,-0.08,A543101001
2019-08-22 00:00:00,-0.09,A543101001
2019-09-26 00:00:00,-0.04,A543101001
2019-10-22 00:00:00,0,A543101001
2020-05-27 00:00:00,0,A543101001
2020-06-22 00:00:00,-0.09,A543101001
2020-07-21 00:00:00,-0.07,A543101001
2020-08-12 00:00:00,-0.06,A543101001
2020-09-02 00:00:00,-0.06,A543101001
2020-09-29 00:00:00,-0.03,A543101001
2020-10-22 00:00:00,-0.02,A543101001
2020-11-02 00:00:00,0,A543101001
2021-03-12 07:52:00,0,A543101001
2021-05-11 07:07:00,-0.054,A543101001
2021-07-05 23:59:00,0,A543101001
2021-07-06 00:00:00,0,A543101001
2022-06-08 00:00:00,0,A543101001
2022-07-08 12:55:00,-0.052,A543101001
2022-08-05 05:11:00,-0.062,A543101001
2022-09-08 19:32:00,-0.08,A543101001
2022-09-27 00:00:00,-0.05,A543101001
2022-11-02 00:00:00,0,A543101001
2023-05-25 00:00:00,0,A543101001
2023-06-28 10:30:00,-0.106,A543101001
2023-08-08 00:00:00,-0.14,A543101001
2023-08-31 00:00:00,-0.03,A543101001
2023-09-27 00:00:00,0,A543101001
2008-05-11 11:11:00,0,A986201001
2008-05-27 14:30:00,-0.016,A986201001
2008-07-03 11:11:00,-0.04,A986201001
2008-08-08 08:08:00,-0.052,A986201001
2008-10-03 11:11:00,-0.025,A986201001
2009-01-01 00:00:00,0,A986201001
2009-03-29 11:11:00,0,A986201001
2009-04-28 11:11:00,-0.01,A986201001
2009-06-09 11:11:00,-0.03,A986201001
2009-07-21 09:09:00,-0.045,A986201001
2009-09-09 09:09:00,-0.03,A986201001
2009-10-19 00:00:00,-0.04,A986201001
2009-12-03 00:00:00,-0.015,A986201001
2009-12-22 00:00:00,0,A986201001
2010-04-20 00:00:00,0,A986201001
2010-05-21 12:10:00,-0.01,A986201001
2010-06-29 14:45:00,-0.02,A986201001
2010-07-27 16:40:00,-0.04,A986201001
2010-08-25 14:25:00,-0.02,A986201001
2010-09-23 16:00:00,-0.01,A986201001
2010-11-02 11:30:00,0,A986201001
2011-05-03 12:30:00,0,A986201001
2011-06-07 00:00:00,-0.025,A986201001
2011-07-07 15:40:00,-0.04,A986201001
2011-08-03 00:00:00,-0.05,A986201001
2011-09-06 00:00:00,-0.07,A986201001
2011-10-19 00:00:00,-0.05,A986201001
2011-11-24 00:00:00,-0.05,A986201001
2011-12-06 00:00:00,0,A986201001
2012-04-07 00:00:00,0,A986201001
2012-08-17 00:00:00,-0.06,A986201001
2012-10-17 00:00:00,0,A986201001
2013-07-23 00:00:00,0,A986201001
2013-08-28 00:00:00,-0.02,A986201001
2013-10-08 00:00:00,0,A986201001
2014-04-01 00:00:00,0,A986201001
2014-05-26 00:00:00,-0.04,A986201001
2014-06-25 00:00:00,-0.03,A986201001
2014-07-28 00:00:00,-0.03,A986201001
2014-09-03 00:00:00,-0.03,A986201001
2014-09-25 00:00:00,-0.05,A986201001
2014-10-09 00:00:00,-0.03,A986201001
2014-10-31 00:00:00,0,A986201001
2015-03-20 00:00:00,0,A986201001
2015-04-23 10:00:00,-0.03,A986201001
2015-06-01 00:00:00,-0.02,A986201001
2015-06-17 10:00:00,-0.015,A986201001
2015-06-29 00:00:00,-0.03,A986201001
2015-07-27 00:00:00,-0.06,A986201001
2015-08-18 00:00:00,-0.06,A986201001
2015-09-11 00:00:00,-0.06,A986201001
2015-10-08 00:00:00,-0.03,A986201001
2015-11-19 00:00:00,-0.02,A986201001
2015-11-20 00:00:00,0,A986201001
2016-07-07 00:00:00,0,A986201001
2016-07-26 00:00:00,-0.01,A986201001
2016-08-18 00:00:00,-0.04,A986201001
2016-08-18 11:30:00,-0.04,A986201001
2016-09-06 00:00:00,-0.04,A986201001
2016-10-05 00:00:00,-0.03,A986201001
2016-11-02 00:00:00,-0.08,A986201001
2016-11-23 00:00:00,0,A986201001
2016-12-31 00:00:00,0,A986201001
2016-12-31 23:55:00,0,A986201001
2017-04-05 00:00:00,0,A986201001
2017-05-03 00:00:00,-0.02,A986201001
2017-05-31 00:00:00,0,A986201001
2017-06-22 00:00:00,-0.025,A986201001
2017-07-25 09:00:00,-0.04,A986201001
2017-07-25 09:30:00,-0.04,A986201001
2017-08-23 00:00:00,-0.05,A986201001
2017-08-23 13:39:00,-0.05,A986201001
2017-09-12 00:00:00,-0.05,A986201001
2017-10-03 00:00:00,0,A986201001
2018-06-22 00:00:00,0,A986201001
2018-07-19 00:00:00,-0.03,A986201001
2018-08-09 08:43:00,-0.04,A986201001
2018-08-09 09:00:00,-0.04,A986201001
2018-09-07 00:00:00,-0.03,A986201001
2018-10-10 00:00:00,-0.05,A986201001
2018-10-11 00:00:00,-0.02,A986201001
2018-11-06 00:00:00,-0.02,A986201001
2018-11-27 00:00:00,0,A986201001
2018-11-27 13:07:00,0,A986201001
2019-05-29 00:00:00,0,A986201001
2019-06-25 00:00:00,-0.02,A986201001
2019-07-17 00:00:00,-0.08,A986201001
2019-08-06 00:00:00,-0.08,A986201001
2019-09-06 00:00:00,-0.05,A986201001
2019-10-02 00:00:00,-0.02,A986201001
2019-10-09 00:00:00,0,A986201001
2020-07-01 00:00:00,0,A986201001
2020-07-29 00:00:00,-0.02,A986201001
2020-08-18 00:00:00,-0.01,A986201001
2020-09-08 00:00:00,-0.04,A986201001
2020-10-07 00:00:00,0,A986201001
2021-08-03 00:00:00,0,A986201001
2021-09-02 00:00:00,-0.03,A986201001
2021-09-30 00:00:00,-0.02,A986201001
2021-10-13 00:00:00,-0.03,A986201001
2021-11-03 00:00:00,0,A986201001
2022-04-20 00:00:00,0,A986201001
2022-06-07 00:00:00,0,A986201001
2022-06-22 00:00:00,-0.04,A986201001
2022-07-26 00:00:00,-0.05,A986201001
2022-08-10 00:00:00,-0.09,A986201001
2022-08-23 00:00:00,-0.07,A986201001
2022-09-20 00:00:00,-0.03,A986201001
2022-10-13 00:00:00,-0.03,A986201001
2022-11-17 00:00:00,0,A986201001
2023-09-06 00:00:00,0,A986201001
2023-10-11 00:00:00,0,A986201001
2024-06-25 00:00:00,0,A986201001
2024-07-17 00:00:00,-0.02,A986201001
2024-08-13 00:00:00,-0.02,A986201001
2024-08-28 00:00:00,-0.02,A986201001
2024-09-18 00:00:00,-0.03,A986201001
2024-10-08 00:00:00,0,A986201001
2025-04-08 00:00:00,0,A986201001
2025-05-14 00:00:00,-0.027,A986201001
2025-06-18 00:00:00,-0.022,A986201001
2025-07-10 00:00:00,-0.05,A986201001
1991-07-15 07:31:00,0,A657111001
1991-07-15 09:31:00,0,A657111001
1991-07-17 16:40:00,0,A657111001
1991-07-17 18:40:00,0,A657111001
1991-08-13 11:17:00,-0.11,A657111001
1991-08-13 13:17:00,-0.11,A657111001
1991-09-03 11:07:00,-0.14,A657111001
1991-09-03 13:07:00,-0.14,A657111001
1991-09-13 13:51:00,-0.1,A657111001
1991-09-13 15:51:00,-0.1,A657111001
1991-10-30 04:49:00,0,A657111001
1991-10-30 05:49:00,0,A657111001
1991-11-05 09:17:00,0,A657111001
1991-11-05 10:17:00,0,A657111001
2019-03-20 00:00:00,0,A657111001
2019-05-10 00:00:00,-0.04,A657111001
2019-07-16 00:00:00,-0.05,A657111001
2019-08-07 00:00:00,-0.04,A657111001
2019-08-29 00:00:00,-0.02,A657111001
2019-10-08 00:00:00,0,A657111001
2020-05-26 00:00:00,0,A657111001
2020-06-16 00:00:00,-0.03,A657111001
2020-08-06 00:00:00,-0.03,A657111001
2020-08-18 00:00:00,-0.02,A657111001
2020-08-19 00:00:00,-0.02,A657111001
2020-09-17 00:00:00,0,A657111001
2021-05-18 00:00:00,0,A657111001
2021-07-01 00:00:00,-0.04,A657111001
2021-07-15 00:00:00,-0.04,A657111001
2021-07-15 20:00:00,-0.38,A657111001
2021-07-17 00:00:00,-0.04,A657111001
2021-07-21 00:00:00,-0.04,A657111001
2021-08-10 00:00:00,-0.06,A657111001
2021-09-22 00:00:00,-0.05,A657111001
2021-11-30 00:00:00,0,A657111001
2022-05-17 00:00:00,0,A657111001
2022-07-05 00:00:00,-0.04,A657111001
2022-09-08 00:00:00,-0.04,A657111001
2022-10-11 00:00:00,-0.03,A657111001
2022-12-22 00:00:00,0,A657111001
2023-07-15 00:00:00,0,A657111001
2023-08-08 00:00:00,-0.11,A657111001
2023-09-05 00:00:00,-0.08,A657111001
2023-10-17 00:00:00,-0.04,A657111001
2023-10-30 00:00:00,0,A657111001
2024-05-17 20:00:00,0,A657111001
2024-05-18 00:00:00,-0.38,A657111001
2024-05-21 00:00:00,0,A657111001
2025-06-02 00:00:00,0,A657111001
2025-07-01 00:00:00,-0.08,A657111001
2008-04-01 00:00:00,0,A832201001
2008-04-10 00:00:00,-0.02,A832201001
2008-06-02 00:00:00,-0.01,A832201001
2008-07-10 00:00:00,-0.01,A832201001
2008-08-29 00:00:00,-0.01,A832201001
2008-09-18 00:00:00,-0.01,A832201001
2008-11-01 00:00:00,0,A832201001
2009-04-01 00:00:00,0,A832201001
2009-04-20 00:00:00,-0.02,A832201001
2009-06-03 00:00:00,-0.01,A832201001
2009-08-11 00:00:00,-0.01,A832201001
2009-09-11 00:00:00,-0.01,A832201001
2009-10-08 00:00:00,-0.02,A832201001
2009-11-01 00:00:00,0,A832201001
2010-04-01 00:00:00,0,A832201001
2010-04-14 00:00:00,-0.02,A832201001
2010-06-08 00:00:00,-0.01,A832201001
2010-08-04 00:00:00,0,A832201001
2010-09-24 00:00:00,-0.02,A832201001
2010-10-27 00:00:00,-0.01,A832201001
2010-11-08 00:00:00,0,A832201001
2012-04-01 00:00:00,0,A832201001
2012-04-17 00:00:00,-0.01,A832201001
2012-06-27 00:00:00,0,A832201001
2012-08-28 00:00:00,-0.02,A832201001
2012-09-24 00:00:00,-0.02,A832201001
2012-11-06 00:00:00,-0.01,A832201001
2012-12-04 00:00:00,0,A832201001
2013-04-01 00:00:00,0,A832201001
2013-06-12 00:00:00,-0.03,A832201001
2013-07-25 00:00:00,-0.03,A832201001
2013-09-10 00:00:00,-0.01,A832201001
2013-10-15 00:00:00,-0.03,A832201001
2013-10-24 00:00:00,0,A832201001
2015-03-20 00:00:00,0,A832201001
2015-04-10 00:00:00,-0.07,A832201001
2015-05-13 00:00:00,-0.07,A832201001
2016-03-09 00:00:00,0,A832201001
2016-05-12 00:00:00,-0.03,A832201001
2016-06-01 00:00:00,-0.06,A832201001
2016-06-15 00:00:00,0,A832201001
2016-09-13 00:00:00,-0.09,A832201001
2016-10-06 00:00:00,-0.16,A832201001
2016-11-03 00:00:00,-0.17,A832201001
2016-12-31 00:00:00,0,A832201001
2022-05-17 00:00:00,0,A832201001
2022-07-27 00:00:00,-0.04,A832201001
2022-09-07 00:00:00,-0.04,A832201001
2022-10-05 00:00:00,-0.05,A832201001
2022-11-01 00:00:00,0,A832201001
2022-11-08 00:00:00,-0.05,A832201001
2022-12-01 00:00:00,0,A832201001
1999-06-30 22:00:00,0,B122201001
1999-07-01 00:00:00,0,B122201001
1999-08-24 22:00:00,-0.16,B122201001
1999-08-25 00:00:00,-0.16,B122201001
1999-09-20 22:00:00,-0.17,B122201001
1999-09-21 00:00:00,-0.17,B122201001
1999-11-15 23:00:00,-0.07,B122201001
1999-11-16 00:00:00,-0.07,B122201001
1999-12-01 23:00:00,0,B122201001
1999-12-02 00:00:00,0,B122201001
2000-06-04 22:00:00,0,B122201001
2000-06-05 00:00:00,0,B122201001
2000-06-28 22:00:00,-0.19,B122201001
2000-06-29 00:00:00,-0.19,B122201001
2000-08-15 22:00:00,-0.11,B122201001
2000-08-16 00:00:00,-0.11,B122201001
2000-11-08 23:00:00,-0.06,B122201001
2000-11-09 00:00:00,-0.06,B122201001
2000-11-11 23:00:00,0,B122201001
2000-11-12 00:00:00,0,B122201001
2001-07-04 22:00:00,0,B122201001
2001-07-05 00:00:00,0,B122201001
2001-07-25 22:00:00,-0.07,B122201001
2001-07-26 00:00:00,-0.07,B122201001
2001-08-20 22:00:00,-0.09,B122201001
2001-08-21 00:00:00,-0.09,B122201001
2001-09-18 22:00:00,-0.14,B122201001
2001-09-19 00:00:00,-0.14,B122201001
2001-10-15 22:00:00,-0.07,B122201001
2001-10-16 00:00:00,-0.07,B122201001
2001-11-06 09:00:00,0,B122201001
2001-11-06 10:00:00,0,B122201001
2002-05-13 22:00:00,0,B122201001
2002-05-14 00:00:00,0,B122201001
2002-06-12 22:00:00,-0.04,B122201001
2002-06-13 00:00:00,-0.04,B122201001
2002-07-10 22:00:00,-0.07,B122201001
2002-07-11 00:00:00,-0.07,B122201001
2002-09-02 22:00:00,-0.1,B122201001
2002-09-03 00:00:00,-0.1,B122201001
2002-10-08 22:00:00,-0.14,B122201001
2002-10-09 00:00:00,-0.14,B122201001
2002-10-22 22:00:00,0,B122201001
2002-10-23 00:00:00,0,B122201001
2003-05-25 22:00:00,0,B122201001
2003-05-26 00:00:00,0,B122201001
2003-06-25 22:00:00,-0.08,B122201001
2003-06-26 00:00:00,-0.08,B122201001
2003-07-23 22:00:00,-0.06,B122201001
2003-07-24 00:00:00,-0.06,B122201001
2003-08-20 22:00:00,-0.13,B122201001
2003-08-21 00:00:00,-0.13,B122201001
2003-09-15 22:00:00,-0.07,B122201001
2003-09-16 00:00:00,-0.07,B122201001
2003-10-15 22:00:00,-0.07,B122201001
2003-10-16 00:00:00,-0.07,B122201001
2003-10-28 23:00:00,0,B122201001
2003-10-29 00:00:00,0,B122201001
2004-04-10 22:00:00,0,B122201001
2004-04-11 00:00:00,0,B122201001
2004-04-26 22:00:00,-0.05,B122201001
2004-04-27 00:00:00,-0.05,B122201001
2004-05-06 22:00:00,0,B122201001
2004-05-07 00:00:00,0,B122201001
2004-05-11 22:00:00,0,B122201001
2004-05-12 00:00:00,0,B122201001
2004-05-24 22:00:00,-0.05,B122201001
2004-05-25 00:00:00,-0.05,B122201001
2004-06-23 22:00:00,-0.03,B122201001
2004-06-24 00:00:00,-0.03,B122201001
2004-07-18 22:00:00,-0.03,B122201001
2004-07-19 00:00:00,-0.03,B122201001
2004-08-17 22:00:00,-0.02,B122201001
2004-08-18 00:00:00,-0.02,B122201001
2004-09-15 22:00:00,-0.01,B122201001
2004-09-16 00:00:00,-0.01,B122201001
2004-10-08 22:00:00,0,B122201001
2004-10-09 00:00:00,0,B122201001
2005-05-02 22:00:00,0,B122201001
2005-05-03 00:00:00,0,B122201001
2005-06-15 22:00:00,-0.02,B122201001
2005-06-16 00:00:00,-0.02,B122201001
2005-07-11 22:00:00,-0.01,B122201001
2005-07-12 00:00:00,-0.01,B122201001
2005-08-18 22:00:00,-0.03,B122201001
2005-08-19 00:00:00,-0.03,B122201001
2005-09-20 22:00:00,0,B122201001
2005-09-21 00:00:00,0,B122201001
2006-04-05 22:00:00,0,B122201001
2006-04-06 00:00:00,0,B122201001
2006-05-10 22:00:00,-0.05,B122201001
2006-05-11 00:00:00,-0.05,B122201001
2006-06-13 22:00:00,-0.03,B122201001
2006-06-14 00:00:00,-0.03,B122201001
2006-07-12 22:00:00,-0.02,B122201001
2006-07-13 00:00:00,-0.02,B122201001
2006-08-09 22:00:00,-0.04,B122201001
2006-08-10 00:00:00,-0.04,B122201001
2006-09-13 22:00:00,-0.09,B122201001
2006-09-14 00:00:00,-0.09,B122201001
2006-10-09 22:00:00,0,B122201001
2006-10-10 00:00:00,0,B122201001
2007-04-03 00:00:00,0,B122201001
2007-04-19 00:00:00,-0.02,B122201001
2007-05-15 00:00:00,-0.03,B122201001
2007-06-06 00:00:00,0,B122201001
1998-10-29 09:00:00,0,A634101001
1998-10-29 11:00:00,-0.08,A634101001
1998-10-29 14:00:00,-0.12,A634101001
1998-10-29 16:03:00,-0.71,A634101001
1998-10-29 17:00:00,-0.89,A634101001
1998-10-29 20:00:00,-1.01,A634101001
1998-10-29 21:45:00,-0.95,A634101001
1998-10-30 02:00:00,-0.61,A634101001
1998-10-30 06:45:00,-0.44,A634101001
1998-10-30 08:30:00,-0.4,A634101001
1998-10-30 11:00:00,-0.27,A634101001
1998-10-30 13:15:00,-0.19,A634101001
1998-10-30 15:45:00,-0.09,A634101001
1998-10-30 18:00:00,-0.06,A634101001
1998-10-30 23:00:00,-0.1,A634101001
1998-10-31 11:00:00,-0.15,A634101001
1998-10-31 23:00:00,-0.1,A634101001
1998-11-01 09:30:00,0,A634101001
2001-12-28 23:01:00,0,A634101001
2001-12-29 14:00:00,-0.08,A634101001
2001-12-29 20:00:00,-0.24,A634101001
2001-12-29 23:01:00,-0.49,A634101001
2001-12-30 03:00:00,-0.68,A634101001
2001-12-30 07:00:00,-0.68,A634101001
2001-12-30 17:00:00,-0.24,A634101001
2001-12-30 21:00:00,-0.18,A634101001
2001-12-31 01:00:00,-0.08,A634101001
2001-12-31 05:00:00,-0.1,A634101001
2001-12-31 23:01:00,-0.18,A634101001
2002-01-01 20:00:00,0,A634101001
2004-01-13 01:00:00,0,A634101001
2004-01-13 13:00:00,-0.05,A634101001
2004-01-13 17:00:00,-0.09,A634101001
2004-01-13 23:01:00,-0.26,A634101001
2004-01-14 03:00:00,-0.35,A634101001
2004-01-14 05:00:00,-0.7,A634101001
2004-01-14 07:00:00,-0.76,A634101001
2004-01-14 09:00:00,-0.74,A634101001
2004-01-14 11:00:00,-0.71,A634101001
2004-01-14 15:00:00,-0.66,A634101001
2004-01-14 18:00:00,-0.55,A634101001
2004-01-14 22:00:00,-0.23,A634101001
2004-01-15 05:00:00,-0.13,A634101001
2004-01-16 11:00:00,-0.13,A634101001
2004-01-17 11:00:00,-0.06,A634101001
2004-01-18 05:00:00,-0.04,A634101001
2004-01-18 18:00:00,0,A634101001
2006-10-03 16:00:00,0,A634101001
2006-10-03 19:00:00,-0.03,A634101001
2006-10-03 21:00:00,-0.2,A634101001
2006-10-03 22:00:00,-0.3,A634101001
2006-10-04 00:00:00,-0.42,A634101001
2006-10-04 02:00:00,-0.44,A634101001
2006-10-04 04:00:00,0,A634101001
2006-10-04 06:00:00,-0.1,A634101001
2006-10-04 13:00:00,-0.13,A634101001
2006-10-04 22:00:00,-0.16,A634101001
2006-10-05 10:00:00,-0.12,A634101001
2006-10-05 22:00:00,-0.1,A634101001
2006-10-06 10:00:00,-0.07,A634101001
2006-10-06 22:00:00,0,A634101001
2021-07-15 00:00:00,0,A634101001
2021-07-15 20:00:00,-0.25,A634101001
2021-07-18 00:00:00,0,A634101001
2024-05-17 20:00:00,0,A634101001
2024-05-18 18:00:00,-0.25,A634101001
2024-05-21 00:00:00,0,A634101001
2008-06-17 00:00:00,0,B204201001
2008-09-11 00:00:00,-0.02,B204201001
2008-10-21 00:00:00,0,B204201001
2009-03-13 00:00:00,0,B204201001
2009-03-20 00:00:00,-0.02,B204201001
2009-07-01 00:00:00,0,B204201001
2010-03-26 00:00:00,0,B204201001
2010-04-07 00:00:00,-0.03,B204201001
2010-05-26 00:00:00,-0.03,B204201001
2010-08-17 00:00:00,-0.03,B204201001
2010-11-03 00:00:00,-0.05,B204201001
2010-11-05 00:00:00,0,B204201001
2011-03-15 00:00:00,0,B204201001
2011-05-17 00:00:00,-0.03,B204201001
2011-06-24 00:00:00,-0.1,B204201001
2011-07-19 00:00:00,-0.12,B204201001
2011-08-23 00:00:00,-0.08,B204201001
2011-10-18 00:00:00,-0.08,B204201001
2011-11-15 00:00:00,-0.07,B204201001
2011-12-05 00:00:00,0,B204201001
2012-03-15 00:00:00,0,B204201001
2012-04-16 00:00:00,0,B204201001
2012-06-18 00:00:00,0,B204201001
2012-07-05 09:45:00,-0.04,B204201001
2012-08-23 00:00:00,-0.05,B204201001
2012-09-25 00:00:00,-0.06,B204201001
2012-11-27 00:00:00,0,B204201001
2012-12-13 00:00:00,0,B204201001
2013-06-14 00:00:00,0,B204201001
2013-07-15 00:00:00,-0.03,B204201001
2013-08-09 00:00:00,-0.04,B204201001
2013-09-23 00:00:00,-0.03,B204201001
2013-10-10 00:00:00,0,B204201001
2014-04-01 00:00:00,0,B204201001
2014-04-22 00:00:00,-0.04,B204201001
2014-06-11 00:00:00,-0.05,B204201001
2014-09-02 00:00:00,-0.07,B204201001
2014-11-03 00:00:00,0,B204201001
2015-06-02 00:00:00,0,B204201001
2015-07-16 00:00:00,-0.07,B204201001
2015-08-11 00:00:00,-0.07,B204201001
2015-09-14 00:00:00,-0.06,B204201001
2015-10-09 00:00:00,0,B204201001
2016-08-24 00:00:00,0,B204201001
2016-09-20 00:00:00,-0.02,B204201001
2016-10-27 00:00:00,-0.02,B204201001
2016-11-20 00:00:00,0,B204201001
2017-05-01 00:00:00,0,B204201001
2017-06-01 00:00:00,-0.02,B204201001
2017-07-03 00:00:00,-0.01,B204201001
2017-07-19 00:00:00,-0.01,B204201001
2017-08-14 00:00:00,-0.02,B204201001
2017-09-04 00:00:00,0,B204201001
2018-05-30 00:00:00,0,B204201001
2018-09-11 00:00:00,-0.02,B204201001
2018-10-17 00:00:00,-0.02,B204201001
2018-11-04 00:00:00,0,B204201001
2022-05-18 00:00:00,0,B204201001
2022-08-17 00:00:00,-0.07,B204201001
2022-11-04 00:00:00,0,B204201001
2023-05-01 00:00:00,0,B204201001
2023-05-25 00:00:00,-0.013,B204201001
2023-07-25 00:00:00,-0.01,B204201001
2023-10-10 00:00:00,-0.05,B204201001
2023-10-31 00:00:00,0,B204201001
2001-06-28 00:00:00,0,B400101001
2001-08-22 00:00:00,-0.025,B400101001
2001-11-07 00:00:00,0,B400101001
2002-03-27 00:00:00,0,B400101001
2002-05-29 00:00:00,-0.02,B400101001
2002-07-01 00:00:00,0,B400101001
2003-03-25 00:00:00,0,B400101001
2003-05-21 00:00:00,-0.015,B400101001
2003-06-25 00:00:00,-0.02,B400101001
2003-08-05 00:00:00,-0.001,B400101001
2003-09-01 00:00:00,-0.001,B400101001
2003-09-12 00:00:00,-0.02,B400101001
2003-09-26 00:00:00,0,B400101001
2004-08-10 00:00:00,0,B400101001
2004-09-03 00:00:00,-0.015,B400101001
2004-10-11 00:00:00,0,B400101001
2005-06-01 00:00:00,0,B400101001
2005-06-06 00:00:00,-0.015,B400101001
2005-07-26 00:00:00,-0.035,B400101001
2005-08-03 00:00:00,-0.05,B400101001
2005-09-11 00:00:00,0,B400101001
2006-06-05 00:00:00,0,B400101001
2006-07-20 00:00:00,-0.025,B400101001
2006-08-02 00:00:00,0,B400101001
2007-04-15 00:00:00,0,B400101001
2007-06-05 00:00:00,-0.025,B400101001
2007-06-29 00:00:00,-0.03,B400101001
2007-08-24 00:00:00,-0.001,B400101001
2007-09-25 00:00:00,0,B400101001
2008-05-06 00:00:00,0,B400101001
2008-06-20 00:00:00,-0.035,B400101001
2008-09-01 00:00:00,-0.015,B400101001
2008-10-29 00:00:00,0,B400101001
2009-04-15 00:00:00,0,B400101001
2009-05-11 00:00:00,-0.02,B400101001
2009-06-19 00:00:00,-0.01,B400101001
2009-09-17 00:00:00,-0.02,B400101001
2009-10-12 00:00:00,0,B400101001
2010-06-01 00:00:00,0,B400101001
2010-07-01 00:00:00,-0.035,B400101001
2010-08-05 00:00:00,0,B400101001
2011-04-26 00:00:00,0,B400101001
2011-05-26 00:00:00,-0.015,B400101001
2011-06-29 00:00:00,-0.015,B400101001
2011-07-21 00:00:00,-0.001,B400101001
2011-08-31 00:00:00,-0.015,B400101001
2011-10-17 00:00:00,-0.015,B400101001
2011-11-09 00:00:00,-0.015,B400101001
2011-12-01 00:00:00,0,B400101001
2012-04-19 00:00:00,0,B400101001
2012-06-07 00:00:00,-0.03,B400101001
2012-07-25 00:00:00,-0.001,B400101001
2012-09-25 00:00:00,0,B400101001
2013-05-28 00:00:00,0,B400101001
2013-07-18 00:00:00,-0.03,B400101001
2013-09-03 00:00:00,0,B400101001
2014-04-01 00:00:00,0,B400101001
2014-05-27 00:00:00,-0.03,B400101001
2014-07-03 00:00:00,-0.04,B400101001
2014-08-21 00:00:00,0,B400101001
2015-03-12 00:00:00,0,B400101001
2015-04-09 00:00:00,-0.03,B400101001
2015-06-04 00:00:00,-0.03,B400101001
2015-07-17 00:00:00,-0.03,B400101001
2015-08-10 00:00:00,-0.02,B400101001
2015-09-30 00:00:00,0,B400101001
2016-05-01 00:00:00,0,B400101001
2016-05-25 00:00:00,-0.03,B400101001
2016-05-30 00:00:00,-0.02,B400101001
2016-07-13 00:00:00,-0.03,B400101001
2016-09-07 00:00:00,-0.01,B400101001
2016-10-12 00:00:00,0,B400101001
2017-03-25 00:00:00,0,B400101001
2017-04-26 00:00:00,-0.01,B400101001
2017-05-31 00:00:00,-0.02,B400101001
2017-06-28 00:00:00,-0.04,B400101001
2017-07-18 00:00:00,0,B400101001
2017-08-22 00:00:00,-0.01,B400101001
2017-09-28 00:00:00,0,B400101001
2018-06-21 00:00:00,0,B400101001
2018-07-23 00:00:00,-0.015,B400101001
2018-08-20 00:00:00,-0.015,B400101001
2018-09-13 00:00:00,0,B400101001
2019-03-27 00:00:00,0,B400101001
2019-05-23 00:00:00,-0.017,B400101001
2019-07-03 00:00:00,-0.015,B400101001
2019-08-01 00:00:00,-0.02,B400101001
2019-08-27 00:00:00,0,B400101001
2020-04-01 00:00:00,0,B400101001
2020-05-13 00:00:00,-0.025,B400101001
2020-06-12 00:00:00,0,B400101001
2020-07-09 00:00:00,-0.01,B400101001
2020-08-05 00:00:00,0,B400101001
2021-03-01 00:00:00,0,B400101001
2021-04-01 00:00:00,-0.015,B400101001
2021-04-29 00:00:00,-0.04,B400101001
2021-06-16 00:00:00,-0.01,B400101001
2021-07-14 13:29:00,-0.01,B400101001
2021-07-14 13:30:00,0,B400101001
2021-07-16 00:00:00,0,B400101001
2021-07-16 00:01:00,-0.01,B400101001
2021-08-10 00:00:00,-0.03,B400101001
2021-09-14 00:00:00,-0.01,B400101001
2021-11-04 00:00:00,0,B400101001
2022-04-15 00:00:00,0,B400101001
2022-05-05 00:00:00,-0.03,B400101001
2022-05-19 00:00:00,-0.025,B400101001
2022-06-23 00:00:00,0,B400101001
2023-05-13 00:00:00,0,B400101001
2023-06-01 00:00:00,-0.015,B400101001
2023-07-12 00:00:00,-0.01,B400101001
2023-08-17 00:00:00,-0.015,B400101001
2023-09-13 00:00:00,-0.005,B400101001
2023-10-24 00:00:00,0,B400101001
2024-04-10 00:00:00,0,B400101001
2024-05-14 00:00:00,-0.01,B400101001
2024-06-19 00:00:00,0,B400101001
2024-07-23 00:00:00,-0.02,B400101001
2024-08-21 00:00:00,-0.01,B400101001
2024-09-17 00:00:00,0,B400101001
2025-02-04 00:00:00,0,B400101001
2025-03-13 00:00:00,-0.015,B400101001
2025-04-29 00:00:00,-0.01,B400101001
2025-05-22 07:30:00,-0.018,B400101001
2006-05-31 22:00:00,0,A843101001
2006-06-01 00:00:00,0,A843101001
2006-07-13 14:00:00,-0.05,A843101001
2006-07-13 16:00:00,-0.05,A843101001
2006-07-18 22:00:00,-0.05,A843101001
2006-07-19 00:00:00,-0.05,A843101001
2006-10-31 23:00:00,0,A843101001
2006-11-01 00:00:00,0,A843101001
2009-04-29 15:45:00,0,A843101001
2009-06-03 11:50:00,-0.11,A843101001
2009-07-07 15:14:00,-0.11,A843101001
2009-08-11 14:05:00,-0.02,A843101001
2009-09-11 10:40:00,0,A843101001
2010-04-14 14:50:00,0,A843101001
2010-05-05 16:00:00,-0.04,A843101001
2010-06-08 11:11:00,-0.07,A843101001
2010-07-12 11:11:00,-0.1,A843101001
2010-08-04 14:30:00,-0.06,A843101001
2010-08-24 14:50:00,-0.04,A843101001
2010-09-24 14:50:00,-0.01,A843101001
2010-10-10 10:10:00,0,A843101001
2011-04-07 00:00:00,0,A843101001
2011-05-05 16:15:00,-0.14,A843101001
2011-06-01 15:30:00,-0.055,A843101001
2011-06-22 14:00:00,-0.07,A843101001
2011-07-27 09:30:00,0,A843101001
2012-05-19 00:00:00,0,A843101001
2012-06-27 00:00:00,-0.05,A843101001
2012-08-11 00:00:00,-0.05,A843101001
2012-08-28 00:00:00,-0.05,A843101001
2012-09-24 00:00:00,-0.03,A843101001
2012-11-06 00:00:00,0,A843101001
2013-07-01 00:00:00,0,A843101001
2013-07-25 00:00:00,-0.06,A843101001
2013-09-04 00:00:00,-0.05,A843101001
2013-09-09 00:00:00,-0.03,A843101001
2013-10-08 00:00:00,0,A843101001
2014-04-01 00:00:00,0,A843101001
2014-05-19 00:00:00,-0.04,A843101001
2014-06-23 00:00:00,-0.1,A843101001
2014-07-01 00:00:00,-0.08,A843101001
2014-07-23 00:00:00,-0.11,A843101001
2014-09-09 00:00:00,-0.09,A843101001
2014-09-26 00:00:00,0,A843101001
2015-04-07 00:00:00,0,A843101001
2015-05-29 00:00:00,-0.08,A843101001
2015-06-25 00:00:00,-0.16,A843101001
2015-07-23 00:00:00,-0.14,A843101001
2015-08-13 00:00:00,-0.02,A843101001
2015-09-23 00:00:00,0,A843101001
2015-09-23 11:11:00,0,A843101001
2015-10-22 00:00:00,-0.02,A843101001
2015-11-20 00:00:00,0,A843101001
2017-03-03 00:00:00,0,A843101001
2017-04-13 00:00:00,-0.06,A843101001
2017-05-11 00:00:00,0,A843101001
2017-06-08 00:00:00,-0.09,A843101001
2017-07-03 00:00:00,-0.09,A843101001
2017-07-05 00:00:00,-0.08,A843101001
2017-07-27 00:00:00,-0.06,A843101001
2017-08-07 00:00:00,0,A843101001
2017-08-07 15:29:00,0,A843101001
2018-04-25 00:00:00,0,A843101001
2018-05-15 00:00:00,-0.03,A843101001
2018-06-13 00:00:00,0,A843101001
2018-09-12 00:00:00,-0.02,A843101001
2018-09-19 00:00:00,0,A843101001
2019-06-05 00:00:00,0,A843101001
2019-07-03 00:00:00,-0.04,A843101001
2019-08-01 00:00:00,-0.03,A843101001
2019-08-27 00:00:00,-0.02,A843101001
2019-09-25 00:00:00,-0.04,A843101001
2019-10-21 00:00:00,0,A843101001
2019-10-22 00:00:00,0,A843101001
2020-06-16 00:00:00,0,A843101001
2020-07-16 00:00:00,-0.03,A843101001
2020-08-04 00:00:00,0,A843101001
2020-08-26 00:00:00,-0.06,A843101001
2020-09-15 00:00:00,0,A843101001
2020-10-09 00:00:00,0,A843101001
2021-06-09 00:00:00,0,A843101001
2021-07-07 00:00:00,-0.05,A843101001
2021-07-27 00:00:00,0,A843101001
2022-05-31 00:00:00,0,A843101001
2022-06-14 00:00:00,-0.08,A843101001
2022-07-06 00:00:00,-0.03,A843101001
2022-07-27 00:00:00,0,A843101001
2022-08-09 00:00:00,-0.045,A843101001
2022-09-07 00:00:00,0,A843101001
2022-09-28 00:00:00,0,A843101001
2011-04-01 00:00:00,0,A820101001
2011-06-06 00:00:00,-0.04,A820101001
2011-07-27 00:00:00,-0.05,A820101001
2011-09-20 00:00:00,-0.13,A820101001
2011-12-06 00:00:00,0,A820101001
2012-05-19 00:00:00,0,A820101001
2012-06-27 00:00:00,-0.14,A820101001
2012-07-31 00:00:00,-0.12,A820101001
2012-08-29 00:00:00,-0.13,A820101001
2012-11-07 00:00:00,-0.07,A820101001
2012-12-04 00:00:00,0,A820101001
2013-07-20 00:00:00,0,A820101001
2013-08-27 00:00:00,-0.13,A820101001
2013-10-23 00:00:00,0,A820101001
2014-04-01 00:00:00,0,A820101001
2014-05-19 00:00:00,-0.1,A820101001
2014-06-30 00:00:00,-0.15,A820101001
2014-07-25 00:00:00,-0.09,A820101001
2014-09-09 00:00:00,-0.05,A820101001
2014-10-27 00:00:00,0,A820101001
2015-05-13 00:00:00,0,A820101001
2015-06-25 00:00:00,-0.25,A820101001
2015-07-22 00:00:00,-0.33,A820101001
2015-08-19 00:00:00,-0.4,A820101001
2015-09-25 00:00:00,-0.12,A820101001
2015-10-20 00:00:00,-0.08,A820101001
2015-11-19 00:00:00,-0.05,A820101001
2015-11-20 00:00:00,0,A820101001
2016-06-27 00:00:00,0,A820101001
2016-07-04 00:00:00,-0.07,A820101001
2016-07-28 00:00:00,-0.05,A820101001
2016-08-30 00:00:00,-0.21,A820101001
2016-10-06 00:00:00,-0.11,A820101001
2016-11-03 00:00:00,-0.13,A820101001
2016-11-25 00:00:00,0,A820101001
2016-12-31 00:00:00,0,A820101001
2017-04-01 00:00:00,0,A820101001
2017-04-12 00:00:00,-0.02,A820101001
2017-04-14 00:00:00,-0.02,A820101001
2017-05-10 00:00:00,-0.01,A820101001
2017-06-07 00:00:00,-0.07,A820101001
2017-07-04 00:00:00,-0.08,A820101001
2017-07-26 00:00:00,-0.09,A820101001
2017-08-07 00:00:00,-0.01,A820101001
2017-08-07 09:28:00,-0.01,A820101001
2017-09-01 00:00:00,-0.01,A820101001
2017-11-14 00:00:00,0,A820101001
2018-05-16 00:00:00,0,A820101001
2018-06-12 00:00:00,-0.21,A820101001
2018-06-27 00:00:00,-0.08,A820101001
2018-07-09 00:00:00,-0.02,A820101001
2018-08-08 00:00:00,-0.1,A820101001
2018-09-11 00:00:00,-0.035,A820101001
2018-09-19 00:00:00,-0.06,A820101001
2018-10-17 00:00:00,-0.06,A820101001
2018-11-13 00:00:00,-0.05,A820101001
2018-12-03 00:00:00,0,A820101001
2019-04-04 00:00:00,0,A820101001
2019-05-07 00:00:00,-0.05,A820101001
2019-06-05 00:00:00,-0.03,A820101001
2019-07-03 00:00:00,-0.03,A820101001
2019-08-22 00:00:00,0,A820101001
2019-09-25 00:00:00,-0.11,A820101001
2019-10-21 00:00:00,0,A820101001
2019-10-22 00:00:00,0,A820101001
2020-05-01 00:00:00,0,A820101001
2020-05-20 00:00:00,-0.05,A820101001
2020-06-16 00:00:00,-0.08,A820101001
2020-07-16 00:00:00,-0.03,A820101001
2020-08-04 00:00:00,0,A820101001
2020-08-26 00:00:00,-0.03,A820101001
2020-09-15 00:00:00,-0.02,A820101001
2020-10-08 00:00:00,0,A820101001
2021-06-09 00:00:00,0,A820101001
2021-07-07 00:00:00,-0.05,A820101001
2021-07-07 04:25:00,-0.085,A820101001
2021-07-27 00:00:00,-0.03,A820101001
2021-09-01 00:00:00,0,A820101001
2022-05-03 00:00:00,0,A820101001
2022-05-31 02:44:00,-0.098,A820101001
2022-06-14 06:41:00,-0.079,A820101001
2022-07-06 09:52:00,-0.018,A820101001
2022-07-27 00:00:00,-0.02,A820101001
2022-08-09 00:00:00,-0.03,A820101001
2022-09-07 00:00:00,-0.01,A820101001
2022-09-28 00:00:00,0,A820101001
2023-06-06 00:00:00,0,A820101001
2023-06-29 00:00:00,-0.01,A820101001
2023-07-26 00:00:00,-0.05,A820101001
2023-09-05 00:00:00,0,A820101001
2024-05-28 00:00:00,0,A820101001
2024-07-04 00:00:00,-0.09,A820101001
2024-08-07 00:00:00,-0.09,A820101001
2024-09-04 00:00:00,-0.04,A820101001
2024-10-03 00:00:00,0,A820101001
2025-05-06 00:00:00,0,A820101001
2025-05-27 00:00:00,-0.04,A820101001
2025-06-11 00:00:00,-0.025,A820101001
2025-07-08 00:00:00,0,A820101001
1993-03-11 23:00:00,0,B128201001
1993-03-12 00:00:00,0,B128201001
1993-03-30 22:00:00,-0.035,B128201001
1993-03-31 00:00:00,-0.03,B128201001
1993-04-28 22:00:00,-0.06,B128201001
1993-04-29 00:00:00,-0.06,B128201001
1993-06-17 22:00:00,-0.02,B128201001
1993-06-18 00:00:00,-0.02,B128201001
1993-07-08 22:00:00,0,B128201001
1993-07-09 00:00:00,0,B128201001
1994-06-15 22:00:00,0,B128201001
1994-06-16 00:00:00,0,B128201001
1994-07-06 22:00:00,-0.03,B128201001
1994-07-07 00:00:00,-0.03,B128201001
1994-08-25 22:00:00,-0.01,B128201001
1994-08-26 00:00:00,-0.01,B128201001
1994-09-13 22:00:00,-0.02,B128201001
1994-09-14 00:00:00,-0.02,B128201001
1994-10-17 22:00:00,0,B128201001
1994-10-18 00:00:00,0,B128201001
1996-08-20 22:00:00,0,B128201001
1996-08-21 00:00:00,0,B128201001
1996-09-15 22:00:00,-0.03,B128201001
1996-09-16 00:00:00,-0.03,B128201001
1996-10-23 22:00:00,-0.06,B128201001
1996-10-24 00:00:00,-0.06,B128201001
1996-11-05 23:00:00,0,B128201001
1996-11-06 00:00:00,0,B128201001
1997-08-06 22:00:00,0,B128201001
1997-08-07 00:00:00,0,B128201001
1997-10-08 22:00:00,-0.03,B128201001
1997-10-09 00:00:00,-0.03,B128201001
1997-11-03 23:00:00,0,B128201001
1997-11-04 00:00:00,0,B128201001
1998-05-11 22:00:00,0,B128201001
1998-05-12 00:00:00,0,B128201001
1998-06-09 22:00:00,-0.04,B128201001
1998-06-10 00:00:00,-0.04,B128201001
1998-06-30 22:00:00,0,B128201001
1998-07-01 00:00:00,0,B128201001
1998-07-21 22:00:00,0,B128201001
1998-07-22 00:00:00,0,B128201001
1998-09-14 22:00:00,-0.08,B128201001
1998-09-15 00:00:00,-0.08,B128201001
1998-10-12 22:00:00,-0.07,B128201001
1998-10-13 00:00:00,-0.07,B128201001
1998-10-19 22:00:00,0,B128201001
1998-10-20 00:00:00,0,B128201001
1999-04-26 22:00:00,0,B128201001
1999-04-27 00:00:00,0,B128201001
1999-05-25 22:00:00,-0.02,B128201001
1999-05-26 00:00:00,-0.02,B128201001
1999-07-07 22:00:00,0,B128201001
1999-07-08 00:00:00,0,B128201001
1999-07-21 22:00:00,-0.03,B128201001
1999-07-22 00:00:00,-0.03,B128201001
1999-08-30 22:00:00,0,B128201001
1999-08-31 00:00:00,0,B128201001
2002-03-18 23:00:00,0,B128201001
2002-03-19 00:00:00,0,B128201001
2002-06-10 22:00:00,-0.05,B128201001
2002-06-11 00:00:00,-0.05,B128201001
2002-07-15 22:00:00,-0.02,B128201001
2002-07-16 00:00:00,-0.02,B128201001
2002-09-14 22:00:00,0,B128201001
2002-09-15 00:00:00,0,B128201001
2003-02-12 23:00:00,0,B128201001
2003-02-13 00:00:00,0,B128201001
2003-04-14 22:00:00,-0.09,B128201001
2003-04-15 00:00:00,-0.09,B128201001
2003-06-02 22:00:00,-0.09,B128201001
2003-06-03 00:00:00,-0.09,B128201001
2003-06-16 22:00:00,-0.08,B128201001
2003-06-17 00:00:00,-0.08,B128201001
2003-07-01 22:00:00,-0.02,B128201001
2003-07-02 00:00:00,-0.02,B128201001
2003-08-12 22:00:00,-0.08,B128201001
2003-08-13 00:00:00,-0.08,B128201001
2003-08-28 22:00:00,-0.1,B128201001
2003-08-29 00:00:00,-0.1,B128201001
2003-09-09 22:00:00,-0.02,B128201001
2003-09-10 00:00:00,-0.02,B128201001
2003-09-24 22:00:00,-0.06,B128201001
2003-09-25 00:00:00,-0.06,B128201001
2003-09-30 22:00:00,-0.05,B128201001
2003-10-01 00:00:00,-0.05,B128201001
2003-10-16 22:00:00,0,B128201001
2003-10-17 00:00:00,0,B128201001
2004-03-31 22:00:00,0,B128201001
2004-04-01 00:00:00,0,B128201001
2004-05-11 22:00:00,-0.02,B128201001
2004-05-12 00:00:00,-0.02,B128201001
2004-05-16 22:00:00,-0.03,B128201001
2004-05-17 00:00:00,-0.03,B128201001
2004-05-31 22:00:00,-0.03,B128201001
2004-06-01 00:00:00,-0.03,B128201001
2004-08-02 22:00:00,-0.03,B128201001
2004-08-03 00:00:00,-0.03,B128201001
2004-10-04 22:00:00,0,B128201001
2004-10-05 00:00:00,0,B128201001
2005-03-30 22:00:00,0,B128201001
2005-03-31 00:00:00,0,B128201001
2005-06-14 22:00:00,-0.07,B128201001
2005-06-15 00:00:00,-0.07,B128201001
2005-07-21 22:00:00,-0.08,B128201001
2005-07-22 00:00:00,-0.08,B128201001
2005-08-16 22:00:00,-0.05,B128201001
2005-08-17 00:00:00,-0.05,B128201001
2005-09-06 22:00:00,-0.08,B128201001
2005-09-07 00:00:00,-0.08,B128201001
2005-10-18 22:00:00,-0.11,B128201001
2005-10-19 00:00:00,-0.11,B128201001
2005-11-28 23:00:00,-0.05,B128201001
2005-11-29 00:00:00,-0.05,B128201001
2006-01-25 23:00:00,0,B128201001
2006-01-26 00:00:00,0,B128201001
2006-05-10 22:00:00,0,B128201001
2006-05-11 00:00:00,0,B128201001
2006-07-11 22:00:00,-0.01,B128201001
2006-07-12 00:00:00,-0.01,B128201001
2006-07-17 22:00:00,-0.04,B128201001
2006-07-18 00:00:00,-0.04,B128201001
2006-08-15 22:00:00,0,B128201001
2006-08-16 00:00:00,0,B128201001
2006-08-31 22:00:00,-0.02,B128201001
2006-09-01 00:00:00,-0.02,B128201001
2006-10-25 22:00:00,0,B128201001
2006-10-26 00:00:00,0,B128201001
2008-07-22 00:00:00,0,B128201001
2008-08-11 00:00:00,-0.08,B128201001
2008-09-10 00:00:00,-0.08,B128201001
2008-10-21 00:00:00,-0.08,B128201001
2008-11-24 00:00:00,0,B128201001
2009-04-20 00:00:00,0,B128201001
2009-04-28 00:00:00,-0.03,B128201001
2009-05-20 00:00:00,-0.02,B128201001
2009-06-16 00:00:00,0,B128201001
2009-07-22 00:00:00,-0.03,B128201001
2009-08-13 00:00:00,-0.03,B128201001
2009-09-16 00:00:00,-0.03,B128201001
2009-10-02 00:00:00,-0.02,B128201001
2009-11-04 00:00:00,0,B128201001
2010-04-07 00:00:00,0,B128201001
2010-05-19 00:00:00,-0.03,B128201001
2010-08-03 00:00:00,-0.01,B128201001
2010-08-10 00:00:00,0,B128201001
2010-08-23 00:00:00,0,B128201001
2010-10-14 00:00:00,-0.01,B128201001
2010-11-04 00:00:00,0,B128201001
2011-09-15 00:00:00,0,B128201001
2011-11-15 00:00:00,-0.02,B128201001
2011-12-05 00:00:00,0,B128201001
2012-07-05 00:00:00,0,B128201001
2012-08-08 00:00:00,-0.02,B128201001
2012-09-25 00:00:00,-0.03,B128201001
2012-10-15 00:00:00,0,B128201001
2014-04-29 00:00:00,0,B128201001
2014-06-11 00:00:00,-0.04,B128201001
2014-06-28 00:00:00,0,B128201001
2014-07-18 00:00:00,0,B128201001
2014-09-02 00:00:00,-0.03,B128201001
2014-10-12 00:00:00,0,B128201001
2015-07-01 00:00:00,0,B128201001
2015-07-02 00:00:00,-0.01,B128201001
2015-07-16 00:00:00,-0.02,B128201001
2015-08-11 00:00:00,-0.03,B128201001
2015-09-14 00:00:00,-0.02,B128201001
2015-10-09 00:00:00,0,B128201001
2015-11-17 00:00:00,-0.02,B128201001
2015-11-20 00:00:00,0,B128201001
2016-09-21 00:00:00,0,B128201001
2016-11-04 00:00:00,-0.03,B128201001
2016-11-05 00:00:00,0,B128201001
2017-06-01 00:00:00,0,B128201001
2017-07-05 00:00:00,-0.01,B128201001
2017-07-20 00:00:00,0,B128201001
2017-08-14 00:00:00,0,B128201001
2017-10-04 00:00:00,-0.03,B128201001
2017-10-17 00:00:00,-0.01,B128201001
2017-11-08 09:30:00,-0.02,B128201001
2017-11-11 00:00:00,0,B128201001
2018-05-30 00:00:00,0,B128201001
2018-06-27 00:00:00,-0.02,B128201001
2018-07-24 00:00:00,-0.01,B128201001
2018-08-21 00:00:00,-0.04,B128201001
2018-09-04 00:00:00,-0.05,B128201001
2018-10-17 00:00:00,-0.09,B128201001
2018-11-21 00:00:00,-0.05,B128201001
2018-12-03 00:00:00,0,B128201001
2019-07-09 00:00:00,0,B128201001
2019-08-09 00:00:00,-0.01,B128201001
2019-08-29 00:00:00,-0.07,B128201001
2019-09-10 00:00:00,-0.03,B128201001
2019-09-30 00:00:00,-0.02,B128201001
2019-10-19 00:00:00,0,B128201001
2020-06-18 00:00:00,0,B128201001
2020-07-22 00:00:00,-0.045,B128201001
2020-07-31 23:59:00,-0.11,B128201001
2020-08-01 00:00:00,0,B128201001
2021-09-01 00:00:00,0,B128201001
2021-10-06 00:00:00,-0.08,B128201001
2021-11-03 00:00:00,-0.05,B128201001
2021-11-27 00:00:00,0,B128201001
2022-06-14 00:00:00,0,B128201001
2022-07-12 00:00:00,-0.08,B128201001
2022-08-02 00:00:00,-0.13,B128201001
2022-09-06 00:00:00,-0.055,B128201001
2022-11-08 00:00:00,-0.055,B128201001
2022-11-30 00:00:00,0,B128201001
2023-04-23 00:00:00,0,B128201001
2023-05-25 00:00:00,-0.01,B128201001
2023-06-08 00:00:00,-0.015,B128201001
2023-06-29 00:00:00,-0.05,B128201001
2023-07-25 00:00:00,-0.03,B128201001
2023-08-16 00:00:00,-0.015,B128201001
2023-09-28 00:00:00,-0.07,B128201001
2023-10-31 00:00:00,0,B128201001
2025-05-08 00:00:00,0,B128201001
2025-06-13 00:00:00,-0.02,B128201001
2025-07-03 00:00:00,-0.03,B128201001
2020-06-12 00:00:00,0,A788101002
2020-07-06 00:00:00,-0.03,A788101002
2020-07-28 00:00:00,-0.03,A788101002
2020-08-12 00:00:00,-0.02,A788101002
2020-09-01 00:00:00,0,A788101002
2021-06-02 00:00:00,0,A788101002
2021-06-24 00:00:00,-0.07,A788101002
2021-07-28 00:00:00,-0.14,A788101002
2021-08-31 00:00:00,0,A788101002
2021-09-28 00:00:00,-0.09,A788101002
2021-10-21 00:00:00,-0.06,A788101002
2021-11-17 00:00:00,0,A788101002
2022-05-04 00:00:00,0,A788101002
2022-06-01 09:47:00,-0.068,A788101002
2022-06-16 08:42:00,-0.045,A788101002
2022-06-28 06:07:00,-0.048,A788101002
2022-07-12 07:24:00,-0.134,A788101002
2022-08-02 00:00:00,-0.12,A788101002
2022-08-24 00:00:00,-0.17,A788101002
2022-09-15 00:00:00,0,A788101002
2022-10-12 00:00:00,-0.08,A788101002
2022-11-10 00:00:00,0,A788101002
2023-05-16 00:00:00,0,A788101002
2023-06-07 00:00:00,-0.03,A788101002
2023-07-05 00:00:00,-0.03,A788101002
2023-07-27 00:00:00,-0.05,A788101002
2023-08-30 00:00:00,-0.065,A788101002
2023-09-26 05:20:00,-0.056,A788101002
2023-10-24 00:00:00,-0.12,A788101002
2023-10-30 00:00:00,0,A788101002
2025-06-12 00:00:00,0,A788101002
2025-07-03 00:00:00,-0.025,A788101002
2010-05-26 00:00:00,0,B213001001
2019-08-08 00:00:00,0,B213001001
2019-09-10 00:00:00,-0.09,B213001001
2019-09-30 00:00:00,-0.05,B213001001
2019-10-19 00:00:00,0,B213001001
2020-04-23 00:00:00,0,B213001001
2020-05-27 00:00:00,-0.05,B213001001
2020-06-09 00:00:00,-0.05,B213001001
2020-07-07 00:00:00,0,B213001001
2021-05-25 00:00:00,0,B213001001
2021-07-06 00:00:00,-0.08,B213001001
2021-08-04 00:00:00,-0.05,B213001001
2021-09-01 00:00:00,0,B213001001
2022-04-20 00:00:00,0,B213001001
2022-05-19 00:00:00,-0.08,B213001001
2022-07-05 00:00:00,0,B213001001
2022-09-15 00:00:00,0,B213001001
2022-11-09 00:00:00,-0.045,B213001001
2022-11-30 00:00:00,-0.05,B213001001
2022-12-21 00:00:00,0,B213001001
2023-05-01 00:00:00,0,B213001001
2023-05-16 00:00:00,-0.13,B213001001
2023-05-31 00:00:00,-0.08,B213001001
2023-06-05 00:00:00,-0.035,B213001001
2023-06-13 00:00:00,0,B213001001
2023-06-29 00:00:00,-0.06,B213001001
2023-07-25 00:00:00,-0.05,B213001001
2023-08-16 00:00:00,-0.05,B213001001
2023-10-10 00:00:00,-0.035,B213001001
2023-10-31 00:00:00,0,B213001001
2025-05-07 00:00:00,0,B213001001
2025-06-12 00:00:00,-0.06,B213001001
2025-07-03 00:00:00,-0.06,B213001001
1969-05-01 22:00:00,0,B517201001
1969-05-02 00:00:00,0,B517201001
1969-05-28 22:00:00,-0.13,B517201001
1969-05-29 00:00:00,-0.13,B517201001
1969-06-10 22:00:00,-0.14,B517201001
1969-06-11 00:00:00,-0.14,B517201001
1969-06-23 22:00:00,-0.16,B517201001
1969-06-24 00:00:00,-0.16,B517201001
1969-07-08 22:00:00,-0.23,B517201001
1969-07-09 00:00:00,-0.23,B517201001
1969-07-22 22:00:00,-0.18,B517201001
1969-07-23 00:00:00,-0.18,B517201001
1969-08-05 22:00:00,-0.24,B517201001
1969-08-06 00:00:00,-0.24,B517201001
1969-08-18 22:00:00,-0.27,B517201001
1969-08-19 00:00:00,-0.27,B517201001
1969-09-02 22:00:00,-0.26,B517201001
1969-09-03 00:00:00,-0.26,B517201001
1969-09-15 22:00:00,-0.18,B517201001
1969-09-16 00:00:00,-0.18,B517201001
1969-09-30 22:00:00,-0.12,B517201001
1969-10-01 00:00:00,-0.12,B517201001
1969-10-28 23:00:00,0,B517201001
1969-10-29 00:00:00,0,B517201001
1970-06-15 22:00:00,0,B517201001
1970-06-16 00:00:00,0,B517201001
1970-07-15 22:00:00,-0.14,B517201001
1970-07-16 00:00:00,-0.14,B517201001
1970-08-11 22:00:00,-0.22,B517201001
1970-08-12 00:00:00,-0.22,B517201001
1970-09-09 22:00:00,-0.13,B517201001
1970-09-10 00:00:00,-0.13,B517201001
1970-10-05 22:00:00,-0.08,B517201001
1970-10-06 00:00:00,-0.08,B517201001
1970-11-02 23:00:00,0,B517201001
1970-11-03 00:00:00,0,B517201001
1971-05-07 22:00:00,0,B517201001
1971-05-08 00:00:00,0,B517201001
1971-06-16 22:00:00,-0.12,B517201001
1971-06-17 00:00:00,-0.12,B517201001
1971-07-12 22:00:00,-0.13,B517201001
1971-07-13 00:00:00,-0.13,B517201001
1971-08-10 22:00:00,-0.13,B517201001
1971-08-11 00:00:00,-0.13,B517201001
1971-09-13 22:00:00,-0.06,B517201001
1971-09-14 00:00:00,-0.06,B517201001
1971-10-04 22:00:00,0,B517201001
1971-10-05 00:00:00,0,B517201001
1972-06-05 22:00:00,0,B517201001
1972-06-06 00:00:00,0,B517201001
1972-06-24 22:00:00,-0.12,B517201001
1972-06-25 00:00:00,-0.12,B517201001
1972-08-12 22:00:00,0,B517201001
1972-08-13 00:00:00,0,B517201001
1972-08-24 22:00:00,0,B517201001
1972-08-25 00:00:00,0,B517201001
1972-08-31 22:00:00,-0.18,B517201001
1972-09-01 00:00:00,-0.18,B517201001
1972-10-03 22:00:00,-0.06,B517201001
1972-10-04 00:00:00,-0.06,B517201001
1972-11-20 23:00:00,0,B517201001
1972-11-21 00:00:00,0,B517201001
1973-05-13 22:00:00,0,B517201001
1973-05-14 00:00:00,0,B517201001
1973-06-25 22:00:00,-0.03,B517201001
1973-06-26 00:00:00,-0.03,B517201001
1973-09-03 22:00:00,-0.07,B517201001
1973-09-04 00:00:00,-0.07,B517201001
1973-10-30 23:00:00,0,B517201001
1973-10-31 00:00:00,0,B517201001
1974-02-17 23:00:00,0,B517201001
1974-02-18 00:00:00,0,B517201001
1974-04-28 22:00:00,-0.07,B517201001
1974-04-29 00:00:00,-0.07,B517201001
1974-06-09 22:00:00,-0.13,B517201001
1974-06-10 00:00:00,-0.13,B517201001
1974-08-04 22:00:00,-0.3,B517201001
1974-08-05 00:00:00,-0.3,B517201001
1974-09-22 22:00:00,-0.21,B517201001
1974-09-23 00:00:00,-0.21,B517201001
1974-10-03 22:00:00,0,B517201001
1974-10-04 00:00:00,0,B517201001
1975-05-05 22:00:00,0,B517201001
1975-05-06 00:00:00,0,B517201001
1975-07-07 22:00:00,-0.11,B517201001
1975-07-08 00:00:00,-0.11,B517201001
1975-09-07 22:00:00,-0.27,B517201001
1975-09-08 00:00:00,-0.27,B517201001
1975-10-06 22:00:00,0,B517201001
1975-10-07 00:00:00,0,B517201001
1976-04-12 22:00:00,0,B517201001
1976-04-13 00:00:00,0,B517201001
1976-06-07 22:00:00,-0.04,B517201001
1976-06-08 00:00:00,-0.04,B517201001
1976-06-22 22:00:00,-0.12,B517201001
1976-06-23 00:00:00,-0.12,B517201001
1976-07-14 22:00:00,-0.19,B517201001
1976-07-15 00:00:00,-0.19,B517201001
1976-08-23 22:00:00,-0.02,B517201001
1976-08-24 00:00:00,-0.02,B517201001
1976-10-11 22:00:00,0,B517201001
1976-10-12 00:00:00,0,B517201001
1977-05-25 22:00:00,0,B517201001
1977-05-26 00:00:00,0,B517201001
1977-07-05 22:00:00,-0.21,B517201001
1977-07-06 00:00:00,-0.21,B517201001
1977-08-29 22:00:00,-0.36,B517201001
1977-08-30 00:00:00,-0.36,B517201001
1977-10-26 22:00:00,-0.15,B517201001
1977-10-27 00:00:00,-0.15,B517201001
1977-12-19 23:00:00,-0.16,B517201001
1977-12-20 00:00:00,-0.16,B517201001
1977-12-27 23:00:00,0,B517201001
1977-12-28 00:00:00,0,B517201001
1978-04-11 22:00:00,0,B517201001
1978-04-12 00:00:00,0,B517201001
1978-07-14 22:00:00,-0.1,B517201001
1978-07-15 00:00:00,-0.1,B517201001
1978-07-31 22:00:00,-0.2,B517201001
1978-08-01 00:00:00,-0.2,B517201001
1978-09-24 22:00:00,-0.23,B517201001
1978-09-25 00:00:00,-0.23,B517201001
1978-11-20 23:00:00,-0.12,B517201001
1978-11-21 00:00:00,-0.12,B517201001
1978-12-11 23:00:00,0,B517201001
1978-12-12 00:00:00,0,B517201001
1979-05-17 22:00:00,0,B517201001
1979-05-18 00:00:00,0,B517201001
1979-06-05 22:00:00,-0.11,B517201001
1979-06-06 00:00:00,-0.11,B517201001
1979-08-27 22:00:00,-0.26,B517201001
1979-08-28 00:00:00,-0.26,B517201001
1979-10-15 22:00:00,-0.23,B517201001
1979-10-16 00:00:00,-0.23,B517201001
1979-11-04 23:00:00,0,B517201001
1979-11-05 00:00:00,0,B517201001
1980-04-18 22:00:00,0,B517201001
1980-04-19 00:00:00,0,B517201001
1980-06-05 22:00:00,-0.12,B517201001
1980-06-06 00:00:00,-0.12,B517201001
1980-06-24 22:00:00,0,B517201001
1980-06-25 00:00:00,0,B517201001
1980-08-01 22:00:00,0,B517201001
1980-08-02 00:00:00,0,B517201001
1980-09-16 22:00:00,-0.12,B517201001
1980-09-17 00:00:00,-0.12,B517201001
1980-10-18 22:00:00,0,B517201001
1980-10-19 00:00:00,0,B517201001
1981-07-06 22:00:00,0,B517201001
1981-07-07 00:00:00,0,B517201001
1981-09-02 22:00:00,-0.1,B517201001
1981-09-03 00:00:00,-0.1,B517201001
1981-11-02 23:00:00,0,B517201001
1981-11-03 00:00:00,0,B517201001
1982-05-10 22:00:00,0,B517201001
1982-05-11 00:00:00,0,B517201001
1982-07-12 22:00:00,-0.04,B517201001
1982-07-13 00:00:00,-0.04,B517201001
1982-09-01 22:00:00,-0.02,B517201001
1982-09-02 00:00:00,-0.02,B517201001
1982-09-21 22:00:00,0,B517201001
1982-09-22 00:00:00,0,B517201001
1983-05-15 22:00:00,0,B517201001
1983-05-16 00:00:00,0,B517201001
1983-07-18 22:00:00,-0.07,B517201001
1983-07-19 00:00:00,-0.07,B517201001
1983-09-05 22:00:00,-0.08,B517201001
1983-09-06 00:00:00,-0.08,B517201001
1983-10-03 22:00:00,0,B517201001
1983-10-04 00:00:00,0,B517201001
1984-05-28 22:00:00,0,B517201001
1984-05-29 00:00:00,0,B517201001
1984-07-08 22:00:00,-0.05,B517201001
1984-07-09 00:00:00,-0.05,B517201001
1984-07-23 22:00:00,-0.03,B517201001
1984-07-24 00:00:00,-0.03,B517201001
1984-09-10 22:00:00,-0.04,B517201001
1984-09-11 00:00:00,-0.04,B517201001
1984-10-08 22:00:00,0,B517201001
1984-10-09 00:00:00,0,B517201001
1985-05-19 22:00:00,0,B517201001
1985-05-20 00:00:00,0,B517201001
1985-07-21 22:00:00,-0.04,B517201001
1985-07-22 00:00:00,-0.04,B517201001
1985-09-29 22:00:00,-0.04,B517201001
1985-09-30 00:00:00,-0.04,B517201001
1985-10-27 23:00:00,0,B517201001
1985-10-28 00:00:00,0,B517201001
1986-07-09 22:00:00,0,B517201001
1986-07-10 00:00:00,0,B517201001
1986-08-03 22:00:00,-0.05,B517201001
1986-08-04 00:00:00,-0.05,B517201001
1986-09-03 22:00:00,-0.07,B517201001
1986-09-04 00:00:00,-0.07,B517201001
1986-10-15 22:00:00,-0.04,B517201001
1986-10-16 00:00:00,-0.04,B517201001
1986-12-01 23:00:00,0,B517201001
1986-12-02 00:00:00,0,B517201001
1989-07-09 22:00:00,0,B517201001
1989-07-10 00:00:00,0,B517201001
1989-09-11 22:00:00,-0.31,B517201001
1989-09-12 00:00:00,-0.31,B517201001
1989-11-05 23:00:00,-0.09,B517201001
1989-11-06 00:00:00,-0.09,B517201001
1989-12-12 23:00:00,0,B517201001
1989-12-13 00:00:00,0,B517201001
1990-04-22 22:00:00,0,B517201001
1990-04-23 00:00:00,0,B517201001
1990-08-05 22:00:00,-0.03,B517201001
1990-08-06 00:00:00,-0.03,B517201001
1990-10-14 22:00:00,0,B517201001
1990-10-15 00:00:00,0,B517201001
1991-05-27 22:00:00,0,B517201001
1991-05-28 00:00:00,0,B517201001
1991-07-23 22:00:00,-0.1,B517201001
1991-07-24 00:00:00,-0.1,B517201001
1991-08-20 22:00:00,-0.08,B517201001
1991-08-21 00:00:00,-0.08,B517201001
1991-09-17 22:00:00,0,B517201001
1991-09-18 00:00:00,0,B517201001
1992-05-04 22:00:00,0,B517201001
1992-05-05 00:00:00,0,B517201001
1992-06-28 22:00:00,-0.09,B517201001
1992-06-29 00:00:00,-0.09,B517201001
1992-08-23 22:00:00,-0.2,B517201001
1992-08-24 00:00:00,-0.2,B517201001
1992-10-18 22:00:00,-0.07,B517201001
1992-10-19 00:00:00,-0.07,B517201001
1992-12-13 23:00:00,0,B517201001
1992-12-14 00:00:00,0,B517201001
1993-04-20 22:00:00,0,B517201001
1993-04-21 00:00:00,0,B517201001
1993-06-01 22:00:00,-0.16,B517201001
1993-06-02 00:00:00,-0.16,B517201001
1993-07-21 22:00:00,-0.19,B517201001
1993-07-22 00:00:00,-0.19,B517201001
1993-07-26 22:00:00,-0.19,B517201001
1993-07-27 00:00:00,-0.19,B517201001
1993-09-19 22:00:00,-0.26,B517201001
1993-09-20 00:00:00,-0.26,B517201001
1993-10-20 22:00:00,0,B517201001
1993-10-21 00:00:00,0,B517201001
1994-06-19 22:00:00,0,B517201001
1994-06-20 00:00:00,0,B517201001
1994-07-18 22:00:00,-0.12,B517201001
1994-07-19 00:00:00,-0.12,B517201001
1994-09-11 22:00:00,-0.18,B517201001
1994-09-12 00:00:00,-0.18,B517201001
1994-10-24 22:00:00,0,B517201001
1994-10-25 00:00:00,0,B517201001
1995-05-09 22:00:00,0,B517201001
1995-05-10 00:00:00,0,B517201001
1995-07-10 22:00:00,-0.11,B517201001
1995-07-11 00:00:00,-0.11,B517201001
1995-08-21 22:00:00,-0.09,B517201001
1995-08-22 00:00:00,-0.09,B517201001
1995-10-30 23:00:00,0,B517201001
1995-10-31 00:00:00,0,B517201001
1997-07-07 22:00:00,0,B517201001
1997-07-08 00:00:00,0,B517201001
1997-07-15 22:00:00,-0.08,B517201001
1997-07-16 00:00:00,-0.08,B517201001
1997-09-01 22:00:00,-0.16,B517201001
1997-09-02 00:00:00,-0.16,B517201001
1997-09-30 22:00:00,-0.12,B517201001
1997-10-01 00:00:00,-0.12,B517201001
1997-11-05 00:00:00,-0.08,B517201001
1997-12-10 00:00:00,0,B517201001
2001-06-12 00:00:00,0,B517201001
2001-07-18 00:00:00,-0.06,B517201001
2001-09-11 00:00:00,-0.08,B517201001
2001-10-16 00:00:00,0,B517201001
2003-02-10 00:00:00,0,B517201001
2003-07-29 00:00:00,-0.05,B517201001
2003-08-27 00:00:00,-0.05,B517201001
2003-09-05 00:00:00,-0.05,B517201001
2003-09-17 00:00:00,-0.05,B517201001
2003-10-21 00:00:00,0,B517201001
2004-05-25 00:00:00,0,B517201001
2004-08-31 00:00:00,-0.11,B517201001
2004-10-07 00:00:00,-0.02,B517201001
2004-10-27 00:00:00,0,B517201001
2005-05-25 00:00:00,0,B517201001
2005-08-03 00:00:00,-0.06,B517201001
2005-11-15 00:00:00,0,B517201001
2007-05-23 00:00:00,0,B517201001
2007-06-05 00:00:00,-0.03,B517201001
2007-06-29 00:00:00,-0.11,B517201001
2007-08-16 00:00:00,0,B517201001
2008-06-19 00:00:00,0,B517201001
2008-07-24 00:00:00,-0.04,B517201001
2008-09-10 00:00:00,-0.06,B517201001
2008-10-23 00:00:00,0,B517201001
2009-05-30 00:00:00,0,B517201001
2009-06-19 00:00:00,-0.08,B517201001
2009-07-23 00:00:00,-0.15,B517201001
2009-09-07 00:00:00,-0.09,B517201001
2009-10-12 00:00:00,0,B517201001
2010-04-15 00:00:00,0,B517201001
2010-07-05 00:00:00,-0.03,B517201001
2010-08-05 00:00:00,-0.06,B517201001
2010-08-24 00:00:00,-0.07,B517201001
2010-09-28 00:00:00,-0.03,B517201001
2010-10-29 00:00:00,-0.03,B517201001
2010-11-06 00:00:00,0,B517201001
2011-05-24 00:00:00,0,B517201001
2011-06-28 00:00:00,-0.05,B517201001
2011-08-25 00:00:00,-0.03,B517201001
2011-10-17 00:00:00,0,B517201001
2013-06-26 00:00:00,0,B517201001
2013-08-01 00:00:00,-0.06,B517201001
2013-10-10 00:00:00,0,B517201001
2015-06-12 00:00:00,0,B517201001
2015-07-15 00:00:00,-0.03,B517201001
2015-08-10 00:00:00,-0.02,B517201001
2015-09-09 00:00:00,0,B517201001
2017-06-14 00:00:00,0,B517201001
2017-08-03 00:00:00,-0.03,B517201001
2017-09-14 00:00:00,0,B517201001
2017-10-24 00:00:00,-0.03,B517201001
2017-11-11 00:00:00,0,B517201001
2018-03-27 00:00:00,0,B517201001
2018-05-15 00:00:00,-0.03,B517201001
2018-07-09 00:00:00,-0.07,B517201001
2018-08-20 00:00:00,-0.08,B517201001
2018-10-02 00:00:00,0,B517201001
2019-05-21 00:00:00,0,B517201001
2019-06-13 00:00:00,-0.06,B517201001
2019-08-13 00:00:00,-0.04,B517201001
2019-09-19 00:00:00,0,B517201001
2020-04-23 00:00:00,0,B517201001
2020-05-28 00:00:00,-0.02,B517201001
2020-07-24 00:00:00,-0.03,B517201001
2020-09-09 00:00:00,0,B517201001
2023-06-01 00:00:00,0,B517201001
2023-07-06 00:00:00,-0.04,B517201001
2023-08-03 00:00:00,-0.105,B517201001
2023-09-07 00:00:00,-0.04,B517201001
2023-10-04 00:00:00,0,B517201001
2005-05-02 00:00:00,0,A052055001
2005-05-12 05:30:00,-0.04,A052055001
2005-05-12 06:30:00,-0.04,A052055001
2005-05-29 04:45:00,-0.08,A052055001
2005-05-29 05:45:00,-0.08,A052055001
2005-05-31 08:30:00,-0.1,A052055001
2005-05-31 09:30:00,-0.1,A052055001
2005-08-05 00:30:00,-0.13,A052055001
2005-08-05 01:30:00,-0.13,A052055001
2005-09-13 04:00:00,-0.1,A052055001
2005-09-13 05:00:00,-0.1,A052055001
2005-11-08 14:30:00,-0.07,A052055001
2005-11-08 15:30:00,-0.07,A052055001
2005-12-26 05:20:00,-0.01,A052055001
2005-12-26 06:20:00,-0.01,A052055001
2005-12-31 23:00:00,-0.01,A052055001
2006-01-01 00:00:00,-0.01,A052055001
2010-06-06 07:26:00,0,A242020001
2010-06-06 10:26:00,0,A242020001
2014-04-08 11:00:00,0,K648251001
2014-04-23 08:00:00,-0.069,K648251001
2014-06-04 07:40:00,-0.119,K648251001
2014-07-09 07:40:00,-0.22,K648251001
2014-08-13 11:50:00,-0.161,K648251001
2014-08-13 18:01:00,-0.161,K648251001
2014-10-09 07:50:00,-0.116,K648251001
2014-10-09 09:51:00,-0.116,K648251001
2014-12-04 12:00:00,-0.079,K648251001
2014-12-04 15:23:00,-0.079,K648251001
2014-12-17 16:53:00,-0.043,K648251001
2014-12-17 23:22:00,-0.043,K648251001
2015-01-02 02:06:00,-0.018,K648251001
2015-01-19 09:22:00,0,K648251001
2015-05-13 03:00:00,0,K648251001
2015-05-19 08:15:00,-0.025,K648251001
2015-05-23 12:28:00,-0.049,K648251001
2015-05-27 10:13:00,-0.089,K648251001
2015-05-27 12:28:00,-0.089,K648251001
2015-06-17 12:10:00,-0.09,K648251001
2015-06-22 02:26:00,-0.119,K648251001
2015-06-26 08:48:00,-0.181,K648251001
2015-07-01 09:10:00,-0.236,K648251001
2015-07-01 09:36:00,-0.235,K648251001
2015-07-28 09:18:00,-0.285,K648251001
2015-08-06 03:13:00,-0.287,K648251001
2015-08-13 09:01:00,-0.286,K648251001
2015-08-25 09:59:00,-0.258,K648251001
2015-08-25 13:04:00,-0.258,K648251001
2015-09-02 12:28:00,-0.225,K648251001
2015-10-01 09:31:00,-0.187,K648251001
2015-10-01 10:00:00,-0.186,K648251001
2015-10-21 09:36:00,-0.184,K648251001
2015-11-08 06:56:00,-0.174,K648251001
2015-12-02 12:39:00,-0.14,K648251001
2016-01-06 20:53:00,-0.075,K648251001
2016-01-09 08:35:00,0,K648251001
2016-01-17 01:19:00,0,K648251001
2016-01-21 14:03:00,-0.038,K648251001
2016-01-27 08:37:00,-0.071,K648251001
2016-01-30 00:33:00,-0.051,K648251001
2016-01-31 12:48:00,0,K648251001
2019-04-01 01:24:00,0,K648251001
2019-04-09 09:45:00,-0.008,K648251001
2019-05-15 09:11:00,-0.031,K648251001
2019-06-25 13:35:00,-0.043,K648251001
2019-07-11 10:41:00,-0.041,K648251001
2019-07-25 05:09:00,-0.125,K648251001
2019-08-04 03:28:00,-0.101,K648251001
2019-08-13 11:20:00,-0.048,K648251001
2019-08-22 12:45:00,-0.008,K648251001
2019-09-06 10:46:00,-0.034,K648251001
2019-09-19 06:28:00,-0.065,K648251001
2019-09-21 12:00:00,-0.03,K648251001
2019-09-23 12:00:00,-0.01,K648251001
2019-09-25 12:00:00,0,K648251001
2020-05-20 07:58:00,0,K648251001
2020-05-22 06:15:00,-0.02,K648251001
2020-05-23 11:02:00,-0.033,K648251001
2020-05-27 20:11:00,-0.042,K648251001
2020-06-11 13:07:00,-0.048,K648251001
2020-07-23 07:08:00,-0.067,K648251001
2020-08-20 08:40:00,-0.071,K648251001
2020-09-24 07:24:00,-0.038,K648251001
2020-10-22 07:15:00,-0.053,K648251001
2020-11-26 12:00:00,-0.048,K648251001
2021-01-14 08:30:00,-0.082,K648251001
2021-01-18 00:00:00,-0.065,K648251001
2021-01-26 00:00:00,-0.05,K648251001
2021-01-31 00:00:00,-0.02,K648251001
2021-02-01 00:00:00,0,K648251001
2021-03-09 00:00:00,0,K648251001
2021-04-01 00:00:00,-0.065,K648251001
2021-04-18 16:06:00,-0.087,K648251001
2021-05-05 06:51:00,-0.102,K648251001
2021-05-06 07:50:00,-0.245,K648251001
2021-05-29 04:59:00,-0.2,K648251001
2021-06-22 10:58:00,-0.173,K648251001
2021-07-01 09:05:00,-0.181,K648251001
2021-08-10 08:15:00,-0.083,K648251001
2021-08-24 10:00:00,-0.064,K648251001
2021-09-29 10:00:00,-0.077,K648251001
2021-11-18 15:00:00,-0.055,K648251001
2021-12-22 09:21:00,-0.058,K648251001
2021-12-29 10:00:00,-0.05,K648251001
2022-01-01 00:00:00,0,K648251001
2023-02-28 10:00:00,0,K648251001
2023-05-05 08:10:00,-0.064,K648251001
2023-06-01 10:27:00,-0.095,K648251001
2023-06-16 08:20:00,-0.103,K648251001
2023-07-17 09:14:00,-0.061,K648251001
2023-09-06 11:31:00,-0.012,K648251001
2023-09-23 00:00:00,0,K648251001
2023-12-19 09:38:00,0,K648251001
2024-02-06 09:45:00,0.043,K648251001
2024-03-27 08:47:00,0,K648251001
2024-09-01 00:00:00,0,K648251001
2024-09-26 07:35:00,-0.041,K648251001
2024-11-20 08:47:00,-0.04,K648251001
2025-01-12 14:30:00,0,K648251001
2025-05-06 00:00:00,0,K648251001
2025-05-20 07:39:00,-0.027,K648251001
2025-07-01 08:23:00,-0.05,K648251001
2025-12-31 00:00:00,-0.05,K648251001
2007-07-06 00:00:00,0,A041030101
2007-07-16 14:00:00,-0.405,A041030101
2007-08-10 12:00:00,-0.385,A041030101
2007-09-11 12:00:00,-0.155,A041030101
2007-10-09 12:00:00,-0.23,A041030101
2007-11-08 12:00:00,-0.17,A041030101
2007-12-06 12:00:00,-0.1,A041030101
2008-01-08 12:00:00,-0.045,A041030101
2008-01-29 12:00:00,-0.005,A041030101
2008-02-13 12:00:00,0,A041030101
2008-03-06 12:00:00,0.005,A041030101
2008-04-03 12:00:00,0,A041030101
2008-05-06 12:00:00,0,A041030101
2008-06-06 12:00:00,-0.085,A041030101
2008-07-16 12:00:00,-0.09,A041030101
2008-08-12 12:00:00,-0.165,A041030101
2008-09-23 12:00:00,-0.14,A041030101
2008-10-09 12:00:00,-0.16,A041030101
2008-11-12 12:00:00,-0.1,A041030101
2008-12-04 12:00:00,-0.195,A041030101
2009-01-15 12:00:00,-0.105,A041030101
2009-02-12 14:00:00,0,A041030101
2009-03-12 14:00:00,0.01,A041030101
2009-04-09 11:00:00,0.01,A041030101
2009-05-07 11:00:00,-0.08,A041030101
2009-06-11 11:00:00,-0.08,A041030101
2009-07-15 11:00:00,-0.065,A041030101
2009-08-11 12:00:00,-0.135,A041030101
2009-09-15 12:00:00,-0.215,A041030101
2009-10-19 14:00:00,-0.145,A041030101
2009-11-10 12:20:00,-0.07,A041030101
2009-12-08 14:00:00,-0.035,A041030101
2010-01-12 11:00:00,0.05,A041030101
2010-02-11 11:00:00,0,A041030101
2010-03-09 10:30:00,0.04,A041030101
2010-04-15 10:10:00,0,A041030101
2010-05-11 09:50:00,-0.03,A041030101
2010-06-15 12:20:00,-0.06,A041030101
2010-07-15 11:15:00,-0.125,A041030101
2010-08-24 08:30:00,-0.1,A041030101
2010-09-09 10:00:00,-0.05,A041030101
2010-10-14 09:30:00,-0.03,A041030101
2010-11-16 11:00:00,-0.025,A041030101
2010-12-15 08:00:00,0.02,A041030101
2011-01-25 10:00:00,0.035,A041030101
2011-02-10 10:00:00,0.02,A041030101
2011-03-15 10:00:00,0,A041030101
2011-04-14 10:00:00,0,A041030101
2011-05-12 10:00:00,-0.01,A041030101
2011-05-31 15:30:00,-0.01,A041030101
2011-06-16 10:00:00,0.05,A041030101
2011-07-13 10:00:00,0.045,A041030101
2011-08-12 10:00:00,-0.03,A041030101
2011-09-21 12:30:00,-0.04,A041030101
2011-10-12 10:00:00,-0.015,A041030101
2011-11-09 08:30:00,-0.015,A041030101
2011-11-12 07:30:00,-0.106,A041030101
2011-11-17 06:30:00,-0.106,A041030101
2011-12-15 10:00:00,-0.08,A041030101
2012-01-12 10:00:00,-0.05,A041030101
2012-02-15 09:00:00,-0.085,A041030101
2012-03-08 12:00:00,0,A041030101
2012-03-18 12:00:00,0,A041030101
2012-03-30 12:00:00,0.06,A041030101
2012-04-30 12:00:00,0.06,A041030101
2012-05-15 12:00:00,0,A041030101
2012-06-12 10:00:00,-0.06,A041030101
2012-07-10 10:00:00,-0.095,A041030101
2012-08-07 08:00:00,-0.155,A041030101
2012-09-13 09:30:00,-0.135,A041030101
2012-10-15 11:00:00,-0.11,A041030101
2012-11-15 09:00:00,-0.05,A041030101
2012-12-11 09:30:00,-0.08,A041030101
2013-01-15 12:00:00,0,A041030101
2013-02-14 10:30:00,0,A041030101
2013-03-11 13:00:00,-0.02,A041030101
2013-04-18 10:00:00,-0.06,A041030101
2013-05-16 10:00:00,-0.03,A041030101
2013-07-19 09:00:00,-0.26,A041030101
2013-08-14 10:00:00,-0.3,A041030101
2013-09-12 11:00:00,-0.1,A041030101
2013-10-23 11:30:00,-0.01,A041030101
2013-11-14 11:00:00,0,A041030101
2013-12-10 10:00:00,0.03,A041030101
2014-01-14 11:00:00,0.06,A041030101
2014-02-13 10:30:00,0.03,A041030101
2014-03-13 11:00:00,0.035,A041030101
2014-04-15 10:00:00,0,A041030101
2014-05-20 11:00:00,-0.098,A041030101
2014-06-11 10:00:00,-0.089,A041030101
2014-07-10 10:00:00,-0.129,A041030101
2014-08-13 08:00:00,-0.066,A041030101
2014-09-17 10:00:00,-0.142,A041030101
2014-10-14 10:00:00,-0.12,A041030101
2014-11-20 10:00:00,-0.055,A041030101
2014-12-10 10:00:00,-0.055,A041030101
2015-01-26 10:00:00,-0.05,A041030101
2015-02-12 10:00:00,0.04,A041030101
2015-03-12 10:00:00,0.05,A041030101
2015-04-16 10:00:00,0.025,A041030101
2015-05-11 10:00:00,0.025,A041030101
2015-06-11 10:00:00,-0.135,A041030101
2015-07-15 12:00:00,-0.35,A041030101
2015-08-13 10:00:00,-0.367,A041030101
2015-09-17 10:00:00,-0.35,A041030101
2015-10-15 10:00:00,-0.175,A041030101
2015-11-18 10:00:00,-0.08,A041030101
2015-12-10 10:00:00,-0.12,A041030101
2016-01-14 10:00:00,-0.08,A041030101
2016-02-11 10:00:00,-0.045,A041030101
2016-03-10 10:00:00,-0.025,A041030101
2016-04-07 10:00:00,0,A041030101
2016-05-01 00:00:00,0,A041030101
2016-05-11 10:00:00,-0.025,A041030101
2016-06-14 10:00:00,-0.045,A041030101
2002-06-12 11:00:00,0,H246371001
2002-06-12 12:00:00,0,H246371001
2002-07-02 11:00:00,-0.01,H246371001
2002-07-02 12:00:00,-0.01,H246371001
2002-07-11 11:00:00,-0.01,H246371001
2002-07-11 12:00:00,-0.01,H246371001
2002-08-05 11:00:00,0,H246371001
2002-08-05 12:00:00,0,H246371001
2005-04-01 09:00:00,0,H246371001
2005-04-01 10:00:00,0,H246371001
2005-04-06 09:00:00,-0.07,H246371001
2005-04-06 10:00:00,-0.07,H246371001
2005-04-14 09:00:00,-0.002,H246371001
2005-04-14 10:00:00,-0.002,H246371001
2005-06-28 09:00:00,-0.017,H246371001
2005-06-28 10:00:00,-0.017,H246371001
2005-07-28 09:00:00,-0.022,H246371001
2005-07-28 10:00:00,-0.022,H246371001
2005-09-20 09:00:00,-0.018,H246371001
2005-09-20 10:00:00,-0.018,H246371001
2005-12-01 09:00:00,0,H246371001
2005-12-01 10:00:00,0,H246371001
2005-12-13 09:00:00,0,H246371001
2005-12-13 10:00:00,0,H246371001
2006-05-11 09:00:00,0,H246371001
2006-05-11 10:00:00,0,H246371001
2006-07-11 09:00:00,-0.035,H246371001
2006-07-11 10:00:00,-0.035,H246371001
2006-10-24 09:00:00,-0.02,H246371001
2006-10-24 10:00:00,-0.02,H246371001
2006-12-01 09:00:00,0,H246371001
2006-12-01 10:00:00,0,H246371001
2007-05-11 09:00:00,0,H246371001
2007-05-11 10:00:00,0,H246371001
2007-07-11 09:00:00,-0.035,H246371001
2007-07-11 10:00:00,-0.035,H246371001
2007-10-24 09:00:00,-0.02,H246371001
2007-10-24 10:00:00,-0.02,H246371001
2007-11-01 09:00:00,0,H246371001
2007-11-01 10:00:00,0,H246371001
2010-01-01 00:00:00,0,H246371001
2010-03-16 00:00:00,-0.005,H246371001
2010-05-03 00:00:00,-0.039,H246371001
2010-06-15 00:00:00,-0.06,H246371001
2010-07-22 00:00:00,-0.026,H246371001
2010-09-09 00:00:00,-0.07,H246371001
2010-10-05 00:00:00,-0.032,H246371001
2010-11-18 00:00:00,-0.005,H246371001
2010-12-22 00:00:00,0,H246371001
2011-02-23 00:00:00,-0.005,H246371001
2011-03-24 00:00:00,-0.005,H246371001
2011-04-21 00:00:00,-0.013,H246371001
2011-05-19 00:00:00,-0.011,H246371001
2011-06-14 00:00:00,-0.022,H246371001
2011-07-21 00:00:00,-0.026,H246371001
2011-09-01 00:00:00,-0.018,H246371001
2011-09-13 03:30:00,-0.02,H246371001
2011-09-13 15:30:00,-0.08,H246371001
2011-09-22 00:00:00,-0.018,H246371001
2011-10-04 08:50:00,-0.011,H246371001
2011-10-04 10:00:00,-0.05,H246371001
2011-11-08 00:00:00,-0.015,H246371001
2011-12-15 00:00:00,0,H246371001
2012-01-18 00:00:00,0,H246371001
2012-02-22 00:00:00,-0.031,H246371001
2012-03-27 00:00:00,-0.008,H246371001
2012-06-01 00:00:00,-0.013,H246371001
2012-07-06 00:00:00,-0.034,H246371001
2012-09-18 00:00:00,-0.015,H246371001
2012-10-17 00:00:00,0.044,H246371001
2012-11-28 00:00:00,0.005,H246371001
2013-01-01 00:00:00,0,H246371001
2013-03-15 00:00:00,-0.015,H246371001
2013-04-25 00:00:00,0.002,H246371001
2013-05-28 00:00:00,0.017,H246371001
2013-06-28 00:00:00,-0.078,H246371001
2013-08-22 07:55:00,-0.07,H246371001
2013-10-10 08:10:00,-0.055,H246371001
2013-11-27 09:00:00,-0.006,H246371001
2014-01-14 08:45:00,-0.017,H246371001
2014-02-20 09:00:00,0,H246371001
2014-03-19 08:45:00,0,H246371001
2006-07-01 00:00:00,0,K671091001
2006-08-01 00:00:00,-0.07,K671091001
2006-08-20 00:00:00,-0.07,K671091001
2006-10-10 00:00:00,-0.045,K671091001
2006-11-22 00:00:00,-0.035,K671091001
2006-12-10 00:00:00,0,K671091001
2007-04-10 00:00:00,0,K671091001
2007-05-01 00:00:00,-0.11,K671091001
2007-05-23 00:00:00,-0.285,K671091001
2007-07-10 00:00:00,-0.285,K671091001
2007-09-12 00:00:00,-0.14,K671091001
2007-09-18 00:00:00,-0.075,K671091001
2007-10-12 00:00:00,-0.075,K671091001
2007-10-20 00:00:00,-0.105,K671091001
2007-10-27 00:00:00,-0.145,K671091001
2007-11-08 00:00:00,-0.145,K671091001
2007-11-08 00:50:00,-0.145,K671091001
2007-12-15 00:00:00,0,K671091001
2008-08-01 00:00:00,0,K671091001
2008-08-06 00:00:00,-0.01,K671091001
2008-08-11 00:00:00,-0.03,K671091001
2008-08-16 00:00:00,-0.04,K671091001
2008-08-21 00:00:00,-0.04,K671091001
2008-08-26 00:00:00,-0.03,K671091001
2008-09-01 00:00:00,0,K671091001
2009-04-26 00:00:00,0,K671091001
2009-05-07 00:00:00,-0.08,K671091001
2009-05-18 00:00:00,-0.135,K671091001
2009-05-26 00:00:00,-0.16,K671091001
2009-06-08 00:00:00,-0.185,K671091001
2009-06-21 00:00:00,-0.195,K671091001
2009-07-01 00:00:00,-0.195,K671091001
2009-07-12 00:00:00,-0.185,K671091001
2009-08-14 00:00:00,-0.115,K671091001
2009-09-06 00:00:00,-0.1,K671091001
2009-10-17 00:00:00,-0.09,K671091001
2009-10-25 00:00:00,-0.075,K671091001
2009-11-01 00:00:00,-0.05,K671091001
2009-11-12 00:00:00,0,K671091001
2010-05-01 00:00:00,0,K671091001
2010-05-11 00:00:00,-0.048,K671091001
2010-05-31 00:00:00,-0.105,K671091001
2010-06-18 00:00:00,-0.15,K671091001
2010-07-12 00:00:00,-0.195,K671091001
2010-07-28 00:00:00,-0.21,K671091001
2010-08-09 00:00:00,-0.215,K671091001
2010-09-06 07:30:00,-0.215,K671091001
2010-09-11 00:00:00,-0.195,K671091001
2010-09-19 00:00:00,-0.16,K671091001
2010-09-29 00:00:00,-0.135,K671091001
2010-10-10 00:00:00,-0.12,K671091001
2010-10-23 00:00:00,-0.11,K671091001
2010-11-12 00:00:00,-0.1,K671091001
2010-12-06 00:00:00,-0.09,K671091001
2010-12-09 00:00:00,0,K671091001
2010-12-10 00:00:00,-0.04,K671091001
2010-12-15 00:00:00,0,K671091001
2011-03-22 00:00:00,0,K671091001
2011-04-01 00:00:00,-0.015,K671091001
2011-04-06 00:00:00,-0.03,K671091001
2011-04-12 14:00:00,-0.05,K671091001
2011-04-21 00:00:00,-0.09,K671091001
2011-04-29 08:00:00,-0.13,K671091001
2011-05-07 00:00:00,-0.19,K671091001
2011-05-07 18:00:00,-0.19,K671091001
2011-05-16 00:00:00,-0.265,K671091001
2011-05-21 20:00:00,-0.305,K671091001
2011-05-27 04:00:00,-0.33,K671091001
2011-06-04 00:00:00,-0.34,K671091001
2011-06-13 00:00:00,-0.345,K671091001
2011-06-21 08:00:00,-0.345,K671091001
2011-06-21 14:00:00,-0.24,K671091001
2011-07-13 00:00:00,-0.235,K671091001
2011-07-19 11:00:00,-0.215,K671091001
2011-07-26 01:00:00,-0.17,K671091001
2011-07-31 08:00:00,-0.14,K671091001
2011-08-08 08:00:00,-0.105,K671091001
2011-08-08 16:00:00,-0.105,K671091001
2011-08-19 03:20:00,-0.084,K671091001
2011-08-19 06:00:00,-0.08,K671091001
2011-08-26 01:30:00,-0.095,K671091001
2011-08-26 01:36:00,-0.095,K671091001
2011-09-07 00:00:00,-0.16,K671091001
2011-09-07 16:30:00,-0.161,K671091001
2011-09-14 00:00:00,-0.16,K671091001
2011-09-14 21:00:00,-0.161,K671091001
2011-11-01 00:00:00,-0.156,K671091001
2011-11-04 12:00:00,-0.156,K671091001
2011-11-04 12:33:00,-0.157,K671091001
2011-12-15 19:51:00,-0.084,K671091001
2011-12-15 20:00:00,-0.084,K671091001
2011-12-18 18:00:00,0,K671091001
2011-12-18 18:12:00,0,K671091001
2012-03-20 00:00:00,0,K671091001
2012-04-01 00:00:00,-0.02,K671091001
2012-04-20 00:00:00,-0.055,K671091001
2012-05-20 00:00:00,-0.115,K671091001
2012-05-24 00:00:00,-0.13,K671091001
2012-05-30 00:00:00,-0.175,K671091001
2012-06-05 00:00:00,-0.245,K671091001
2012-06-13 00:00:00,-0.31,K671091001
2012-06-18 00:00:00,-0.335,K671091001
2012-06-26 00:00:00,-0.35,K671091001
2012-07-12 00:00:00,-0.348,K671091001
2012-07-25 00:00:00,-0.345,K671091001
2012-08-22 00:00:00,-0.355,K671091001
2012-09-17 08:00:00,-0.355,K671091001
2012-09-17 14:00:00,-0.165,K671091001
2012-09-18 00:00:00,-0.165,K671091001
2012-09-18 14:00:00,-0.26,K671091001
2012-09-28 08:30:00,-0.258,K671091001
2012-10-01 00:00:00,-0.25,K671091001
2012-10-11 00:00:00,-0.21,K671091001
2012-10-21 00:00:00,-0.085,K671091001
2012-10-28 00:00:00,-0.035,K671091001
2012-11-03 00:00:00,-0.035,K671091001
2012-11-05 00:00:00,-0.07,K671091001
2012-11-07 00:00:00,-0.1,K671091001
2012-12-15 00:00:00,-0.1,K671091001
2012-12-15 00:02:00,-0.1,K671091001
2012-12-25 00:00:00,0,K671091001
2014-04-15 00:00:00,0,K671091001
2014-05-02 00:00:00,-0.037,K671091001
2014-05-14 00:00:00,-0.065,K671091001
2014-05-28 00:00:00,-0.1,K671091001
2014-06-08 00:00:00,-0.16,K671091001
2014-06-23 00:00:00,-0.25,K671091001
2014-06-25 00:00:00,-0.255,K671091001
2014-06-25 00:01:00,0,K671091001
2015-04-01 00:00:00,0,K671091001
2015-04-13 00:00:00,-0.035,K671091001
2015-05-12 00:00:00,-0.14,K671091001
2015-05-12 11:36:00,-0.14,K671091001
2015-05-24 00:00:00,-0.165,K671091001
2015-06-04 00:00:00,-0.17,K671091001
2015-07-13 00:00:00,-0.14,K671091001
2015-07-30 00:00:00,-0.115,K671091001
2015-10-08 00:00:00,0,K671091001
2016-08-22 00:00:00,0,K671091001
2016-09-16 00:00:00,-0.065,K671091001
2016-10-08 00:00:00,-0.065,K671091001
2016-11-06 00:00:00,-0.055,K671091001
2016-11-18 00:00:00,-0.045,K671091001
2016-11-23 00:00:00,-0.035,K671091001
2016-11-27 00:00:00,0,K671091001
2017-05-25 00:00:00,0,K671091001
2017-06-09 00:00:00,-0.13,K671091001
2017-07-26 00:00:00,-0.24,K671091001
2017-08-26 00:00:00,-0.125,K671091001
2017-10-25 00:00:00,0,K671091001
2018-06-01 00:00:00,0,K671091001
2018-06-26 00:00:00,-0.055,K671091001
2018-07-29 00:00:00,-0.095,K671091001
2018-08-24 00:00:00,-0.095,K671091001
2018-09-13 00:00:00,-0.06,K671091001
2018-10-19 00:00:00,0,K671091001
2019-03-21 00:00:00,0,K671091001
2019-05-03 00:00:00,-0.06,K671091001
2019-05-22 00:00:00,-0.115,K671091001
2019-06-04 00:00:00,-0.17,K671091001
2019-06-14 00:00:00,-0.195,K671091001
2019-06-22 00:00:00,-0.195,K671091001
2019-07-05 00:00:00,-0.145,K671091001
2019-07-14 00:00:00,-0.115,K671091001
2019-10-16 00:00:00,0,K671091001
2020-04-15 00:00:00,0,K671091001
2020-05-16 00:00:00,-0.015,K671091001
2020-06-01 00:00:00,-0.035,K671091001
2020-07-01 00:00:00,-0.105,K671091001
2020-07-06 00:00:00,-0.105,K671091001
2020-07-15 00:00:00,-0.07,K671091001
2020-09-14 00:00:00,-0.07,K671091001
2020-09-14 13:00:00,0,K671091001
2020-09-18 21:00:00,0,K671091001
2020-09-19 04:00:00,-0.02,K671091001
2020-09-21 07:00:00,-0.02,K671091001
2020-09-21 13:00:00,0,K671091001
2021-04-08 05:03:00,0,K671091001
2021-05-12 10:10:00,-0.027,K671091001
2021-06-14 13:25:00,-0.117,K671091001
2021-07-28 14:15:00,-0.279,K671091001
2021-08-09 11:48:00,-0.305,K671091001
2021-09-07 10:18:00,-0.227,K671091001
2021-11-05 09:16:00,-0.241,K671091001
2021-12-15 10:30:00,-0.169,K671091001
2022-01-01 18:00:00,-0.1,K671091001
2022-01-01 18:01:00,0,K671091001
2022-03-01 00:00:00,0,K671091001
2022-03-21 14:00:00,-0.07,K671091001
2022-05-17 12:00:00,-0.144,K671091001
2022-06-29 11:16:00,-0.274,K671091001
2022-07-21 13:57:00,-0.241,K671091001
2022-08-10 10:00:00,-0.186,K671091001
2022-08-31 09:00:00,-0.109,K671091001
2022-09-21 09:46:00,-0.028,K671091001
2022-10-04 11:20:00,0,K671091001
2023-05-25 00:00:00,0,K671091001
2023-06-27 14:56:00,-0.232,K671091001
2023-08-10 11:34:00,-0.182,K671091001
2023-08-23 15:15:00,-0.111,K671091001
2023-09-07 12:45:00,-0.095,K671091001
2023-09-28 09:28:00,-0.077,K671091001
2023-10-19 12:56:00,-0.036,K671091001
2023-11-16 10:55:00,-0.121,K671091001
2024-01-09 00:00:00,0,K671091001
2024-07-03 00:00:00,0,K671091001
2024-08-09 13:39:00,-0.025,K671091001
2024-08-27 12:04:00,-0.064,K671091001
2024-10-17 09:03:00,-0.066,K671091001
2024-12-03 12:21:00,-0.052,K671091001
2025-01-07 00:00:00,0,K671091001
2025-04-23 00:00:00,0,K671091001
2025-05-07 12:15:00,-0.065,K671091001
2025-06-19 10:18:00,-0.106,K671091001
2015-06-01 10:00:00,0,A053074001
2015-06-22 10:00:00,-0.04,A053074001
2015-07-28 10:00:00,-0.05,A053074001
2015-10-01 10:00:00,0,A053074001
2016-06-01 10:00:00,0,A053074001
2016-06-28 10:00:00,-0.14,A053074001
2016-08-02 10:00:00,-0.125,A053074001
2016-10-01 10:00:00,0,A053074001
2017-04-01 10:00:00,0,A053074001
2017-04-19 10:00:00,-0.055,A053074001
2017-06-22 10:00:00,-0.115,A053074001
2017-09-06 10:00:00,-0.125,A053074001
2017-10-01 10:00:00,0,A053074001
2018-05-01 10:00:00,0,A053074001
2018-06-12 10:00:00,-0.13,A053074001
2018-10-01 10:00:00,0,A053074001
1996-04-21 00:00:00,0,A793061001
1996-04-30 22:00:00,-0.001,A793061001
1996-05-01 00:00:00,-0.001,A793061001
1996-05-13 22:00:00,-0.02,A793061001
1996-05-14 00:00:00,-0.02,A793061001
1996-05-31 22:00:00,-0.08,A793061001
1996-06-01 00:00:00,-0.08,A793061001
1996-06-14 22:00:00,-0.43,A793061001
1996-06-15 00:00:00,-0.43,A793061001
1996-07-01 22:00:00,-0.45,A793061001
1996-07-02 00:00:00,-0.45,A793061001
1996-07-24 22:00:00,-0.47,A793061001
1996-07-25 00:00:00,-0.47,A793061001
1996-08-27 22:00:00,-0.45,A793061001
1996-08-28 00:00:00,-0.45,A793061001
1996-09-24 22:00:00,-0.35,A793061001
1996-09-25 00:00:00,-0.35,A793061001
1996-10-02 22:00:00,-0.13,A793061001
1996-10-03 00:00:00,-0.13,A793061001
1996-10-31 23:00:00,0,A793061001
1996-11-01 00:00:00,0,A793061001
1997-05-14 22:00:00,0,A793061001
1997-05-15 00:00:00,0,A793061001
1997-05-20 22:00:00,-0.04,A793061001
1997-05-21 00:00:00,-0.04,A793061001
1997-06-25 22:00:00,-0.23,A793061001
1997-06-26 00:00:00,-0.23,A793061001
1997-07-07 22:00:00,-0.28,A793061001
1997-07-08 00:00:00,-0.28,A793061001
1997-09-01 22:00:00,-0.26,A793061001
1997-09-02 00:00:00,-0.26,A793061001
1997-10-22 22:00:00,-0.08,A793061001
1997-10-23 00:00:00,-0.08,A793061001
1997-11-14 23:00:00,0,A793061001
1997-11-15 00:00:00,0,A793061001
1998-05-31 22:00:00,0,A793061001
1998-06-01 00:00:00,0,A793061001
1998-06-18 22:00:00,-0.35,A793061001
1998-06-19 00:00:00,-0.35,A793061001
1998-07-29 22:00:00,-0.57,A793061001
1998-07-30 00:00:00,-0.57,A793061001
1998-08-19 22:00:00,-0.45,A793061001
1998-08-20 00:00:00,-0.45,A793061001
1998-10-19 22:00:00,-0.28,A793061001
1998-10-20 00:00:00,-0.28,A793061001
1998-11-14 23:00:00,0,A793061001
1998-11-15 00:00:00,0,A793061001
1999-05-31 22:00:00,0,A793061001
1999-06-01 00:00:00,0,A793061001
1999-06-30 22:00:00,-0.4,A793061001
1999-07-01 00:00:00,-0.4,A793061001
1999-08-05 22:00:00,-0.56,A793061001
1999-08-06 00:00:00,-0.56,A793061001
1999-09-28 22:00:00,-0.32,A793061001
1999-09-29 00:00:00,-0.32,A793061001
1999-10-24 22:00:00,-0.1,A793061001
1999-10-25 00:00:00,-0.1,A793061001
1999-11-14 23:00:00,0,A793061001
1999-11-15 00:00:00,0,A793061001
2000-05-14 22:00:00,0,A793061001
2000-05-15 00:00:00,0,A793061001
2000-06-06 22:00:00,-0.3,A793061001
2000-06-07 00:00:00,-0.3,A793061001
2000-07-04 22:00:00,-0.44,A793061001
2000-07-05 00:00:00,-0.44,A793061001
2000-08-08 22:00:00,-0.34,A793061001
2000-08-09 00:00:00,-0.34,A793061001
2000-09-26 22:00:00,-0.21,A793061001
2000-09-27 00:00:00,-0.21,A793061001
2000-11-08 23:00:00,-0.02,A793061001
2000-11-09 00:00:00,-0.02,A793061001
2000-11-14 23:00:00,0,A793061001
2000-11-15 00:00:00,0,A793061001
2001-05-15 22:00:00,0,A793061001
2001-05-16 00:00:00,0,A793061001
2001-06-13 22:00:00,-0.2,A793061001
2001-06-14 00:00:00,-0.2,A793061001
2001-08-09 22:00:00,-0.53,A793061001
2001-08-10 00:00:00,-0.53,A793061001
2001-09-12 22:00:00,-0.53,A793061001
2001-09-13 00:00:00,-0.53,A793061001
2001-10-24 22:00:00,-0.17,A793061001
2001-10-25 00:00:00,-0.17,A793061001
2001-11-14 23:00:00,0,A793061001
2001-11-15 00:00:00,0,A793061001
2002-04-30 22:00:00,0,A793061001
2002-05-01 00:00:00,0,A793061001
2002-07-03 22:00:00,-0.17,A793061001
2002-07-04 00:00:00,-0.17,A793061001
2002-08-06 22:00:00,-0.28,A793061001
2002-08-07 00:00:00,-0.28,A793061001
2002-09-09 22:00:00,-0.23,A793061001
2002-09-10 00:00:00,-0.23,A793061001
2002-09-17 22:00:00,-0.25,A793061001
2002-09-18 00:00:00,-0.25,A793061001
2002-10-23 22:00:00,-0.21,A793061001
2002-10-24 00:00:00,-0.21,A793061001
2002-11-14 23:00:00,0,A793061001
2002-11-15 00:00:00,0,A793061001
2003-04-30 22:00:00,0,A793061001
2003-05-01 00:00:00,0,A793061001
2003-05-25 22:00:00,-0.17,A793061001
2003-05-26 00:00:00,-0.17,A793061001
2003-07-16 10:30:00,-0.33,A793061001
2003-07-16 12:30:00,-0.33,A793061001
2003-08-05 08:20:00,-0.3,A793061001
2003-08-05 10:20:00,-0.3,A793061001
2003-08-12 09:00:00,-0.3,A793061001
2003-08-12 11:00:00,-0.3,A793061001
2003-08-26 07:40:00,-0.27,A793061001
2003-08-26 09:40:00,-0.27,A793061001
2003-09-02 09:00:00,-0.25,A793061001
2003-09-02 11:00:00,-0.25,A793061001
2003-09-19 13:20:00,-0.24,A793061001
2003-09-19 15:20:00,-0.24,A793061001
2003-10-23 10:30:00,-0.3,A793061001
2003-10-23 12:30:00,-0.3,A793061001
2003-11-13 13:30:00,-0.11,A793061001
2003-11-13 14:30:00,-0.11,A793061001
2003-11-30 23:00:00,0,A793061001
2003-12-01 00:00:00,0,A793061001
2004-03-31 22:00:00,0,A793061001
2004-04-01 00:00:00,0,A793061001
2004-04-21 10:00:00,-0.1,A793061001
2004-04-21 12:00:00,-0.1,A793061001
2004-05-25 07:10:00,-0.15,A793061001
2004-05-25 09:10:00,-0.15,A793061001
2004-07-05 13:00:00,-0.37,A793061001
2004-07-05 15:00:00,-0.37,A793061001
2004-07-28 13:00:00,-0.39,A793061001
2004-07-28 15:00:00,-0.39,A793061001
2004-09-06 11:30:00,-0.39,A793061001
2004-09-06 13:30:00,-0.39,A793061001
2004-11-17 13:00:00,-0.14,A793061001
2004-11-17 14:00:00,-0.14,A793061001
2005-03-03 14:50:00,0,A793061001
2005-03-03 15:50:00,0,A793061001
2005-05-04 08:16:00,-0.15,A793061001
2005-05-04 10:16:00,-0.15,A793061001
2005-05-20 10:00:00,-0.23,A793061001
2005-05-20 12:00:00,-0.23,A793061001
2005-06-01 10:00:00,-0.43,A793061001
2005-06-01 12:00:00,-0.43,A793061001
2005-07-01 10:00:00,-0.58,A793061001
2005-07-01 12:00:00,-0.58,A793061001
2005-08-01 10:00:00,-0.42,A793061001
2005-08-01 12:00:00,-0.42,A793061001
2005-09-01 10:00:00,-0.47,A793061001
2005-09-01 12:00:00,-0.47,A793061001
2005-10-01 10:00:00,-0.28,A793061001
2005-10-01 12:00:00,-0.28,A793061001
2005-12-20 11:00:00,-0.07,A793061001
2005-12-20 12:00:00,-0.07,A793061001
2006-01-02 11:00:00,0,A793061001
2006-01-02 12:00:00,0,A793061001
2006-05-04 10:00:00,0,A793061001
2006-05-04 12:00:00,0,A793061001
2006-05-17 22:00:00,-0.12,A793061001
2006-05-18 00:00:00,-0.12,A793061001
2006-05-31 22:00:00,-0.18,A793061001
2006-06-01 00:00:00,-0.18,A793061001
2006-06-14 22:00:00,-0.32,A793061001
2006-06-15 00:00:00,-0.32,A793061001
2006-07-02 22:00:00,-0.46,A793061001
2006-07-03 00:00:00,-0.46,A793061001
2006-07-14 22:00:00,-0.55,A793061001
2006-07-15 00:00:00,-0.55,A793061001
2006-07-31 22:00:00,-0.61,A793061001
2006-08-01 00:00:00,-0.61,A793061001
2006-08-17 22:00:00,-0.41,A793061001
2006-08-18 00:00:00,-0.41,A793061001
2006-08-24 22:00:00,-0.41,A793061001
2006-08-25 00:00:00,-0.41,A793061001
2006-08-29 22:00:00,-0.37,A793061001
2006-08-30 00:00:00,-0.37,A793061001
2006-09-06 22:00:00,-0.39,A793061001
2006-09-07 00:00:00,-0.39,A793061001
2006-09-16 22:00:00,-0.41,A793061001
2006-09-17 00:00:00,-0.41,A793061001
2006-09-18 22:00:00,-0.35,A793061001
2006-09-19 00:00:00,-0.35,A793061001
2006-09-23 22:00:00,-0.22,A793061001
2006-09-24 00:00:00,-0.22,A793061001
2006-09-30 22:00:00,-0.3,A793061001
2006-10-01 00:00:00,-0.3,A793061001
2006-10-04 22:00:00,0,A793061001
2006-10-05 00:00:00,0,A793061001
2007-05-23 00:00:00,0,A793061001
2007-06-01 00:00:00,-0.2,A793061001
2007-06-15 00:00:00,-0.41,A793061001
2007-07-01 00:00:00,-0.49,A793061001
2007-07-06 00:00:00,-0.55,A793061001
2007-07-17 00:00:00,-0.39,A793061001
2007-08-01 00:00:00,-0.42,A793061001
2007-08-11 00:00:00,-0.37,A793061001
2007-08-15 00:00:00,-0.37,A793061001
2007-08-21 00:00:00,-0.27,A793061001
2007-09-01 00:00:00,-0.24,A793061001
2007-09-15 00:00:00,-0.23,A793061001
2007-10-01 00:00:00,-0.17,A793061001
2007-10-15 00:00:00,-0.22,A793061001
2007-11-01 00:00:00,-0.2,A793061001
2007-11-09 00:00:00,-0.21,A793061001
2007-11-13 00:00:00,-0.07,A793061001
2007-11-20 00:00:00,-0.08,A793061001
2007-12-01 00:00:00,-0.06,A793061001
2007-12-10 00:00:00,0,A793061001
2008-03-11 00:00:00,0,A793061001
2008-03-21 00:00:00,-0.09,A793061001
2008-04-01 00:00:00,-0.08,A793061001
2008-04-15 00:00:00,-0.07,A793061001
2008-05-01 00:00:00,-0.04,A793061001
2008-05-13 00:00:00,-0.09,A793061001
2008-05-31 00:00:00,-0.4,A793061001
2008-06-01 00:00:00,-0.28,A793061001
2008-06-07 00:00:00,-0.3,A793061001
2008-06-22 00:00:00,-0.44,A793061001
2008-07-02 00:00:00,-0.52,A793061001
2008-07-12 00:00:00,-0.6,A793061001
2008-07-20 00:00:00,-0.6,A793061001
2008-08-07 00:00:00,-0.6,A793061001
2008-08-14 00:00:00,-0.6,A793061001
2008-09-26 00:00:00,-0.35,A793061001
2008-11-23 00:00:00,-0.35,A793061001
2008-12-01 00:00:00,-0.25,A793061001
2008-12-07 00:00:00,-0.15,A793061001
2009-01-16 00:00:00,-0.15,A793061001
2009-01-20 00:00:00,0,A793061001
2009-04-01 00:00:00,0,A793061001
2009-05-01 00:00:00,-0.25,A793061001
2009-05-17 00:00:00,-0.42,A793061001
2009-06-01 00:00:00,-0.7,A793061001
2009-06-17 00:00:00,-0.8,A793061001
2009-07-01 00:00:00,-0.7,A793061001
2009-07-15 08:00:00,-0.7,A793061001
2009-07-15 10:00:00,-0.5,A793061001
2009-08-11 00:00:00,-0.45,A793061001
2009-08-22 00:00:00,-0.4,A793061001
2009-10-12 00:00:00,-0.38,A793061001
2009-10-21 00:00:00,-0.38,A793061001
2009-11-02 00:00:00,-0.33,A793061001
2009-11-09 00:00:00,-0.28,A793061001
2009-11-16 00:00:00,-0.25,A793061001
2009-11-26 00:00:00,-0.15,A793061001
2009-12-01 00:00:00,0,A793061001
2010-04-13 00:00:00,0,A793061001
2010-04-29 00:00:00,-0.13,A793061001
2010-05-07 00:00:00,-0.2,A793061001
2010-05-17 11:11:00,-0.33,A793061001
2010-05-25 00:00:00,-0.44,A793061001
2010-06-06 14:00:00,-0.52,A793061001
2010-06-16 11:00:00,-0.63,A793061001
2010-08-16 16:00:00,-0.64,A793061001
2010-08-22 15:50:00,-0.54,A793061001
2010-09-04 12:00:00,-0.38,A793061001
2010-11-21 11:11:00,-0.15,A793061001
2010-12-10 11:11:00,0,A793061001
2011-03-15 00:00:00,0,A793061001
2011-04-27 00:00:00,-0.24,A793061001
2011-05-05 10:30:00,-0.37,A793061001
2011-05-23 12:00:00,-0.44,A793061001
2011-06-01 10:00:00,-0.47,A793061001
2011-12-01 00:00:00,0,A793061001
