"","nosta","codehydro","nom","courdo","xlambert","ylambert","pk","bv","type","nogest","module","qrefetiage","qix2","qix5","qix10","mnemo","comment","datemaj","typemes","cotedebordement","coteseuil","nomcommune","inseecommune","ngfechelle","dateenregistrement","datecreation","codehydro3","codesitehydro3","synchronisation","region"
"1",1,"A3792010","BEINHEIM","la Sauer",1020.447,2444.379,NA,530,"S",115680,3.75,1.03,19,26,30,"A3792010","
observations depuis le 26/10/64
zéro de l'échelle :renivelée le 22/06/1982 = 111.89 NGF rive gauche, puis renivelé le 23 juillet 2002 par géomètre expert Pierre-André BORD:=112.277
Adresse: pont de la Sauer à 1000 m env. du 60, rue principale
67930-BEINHEIM
Propriétaire du terrain : la commune de BEINHEIM
plan cadastral: section  ; parcelle 296 

appareil d'acquisition sur site installé le 23 octobre 2001.
Marque OTT: type NIMBUS n° 149987; MIDI n°166668.
La station a été modernisée en 2007 avec CPL + lpn/8 +modem waevcom
Tel : 06 77 07 81 61 

Jaugeages au saumon effectués à partir de 3 m au pont de la RN 63; LAMBERT X=1020-560;Y=1145-220

Responsable et gestionnaire de la station: Stephane LAPINE

SECURITE
L'accès de la station de mesure ce fait par un chemin de terre, il est relativement carrossable sauf par temps enneigé. Par temps humide il est également difficile de faire demi-tour car il y a un risque d'enlisement.
Le lieu est isolé et n'est fréquenté que par des chasseurs ou des paysans.
Echelle LIMNIMETRIQUE:
L'accès à l'échelle est difficile ainsi qu'au lit de la rivière.
Jaugeage au MOULINET:
Les jaugeages à gué se font  sans risques si la hauteur à l'échelle limnimétrique ne dépasse pas  120cm.
Jaugeage au SAUMON et au stream pro ADCP:
En cas de crue le pont de la station peut être innondé en conséquence,  la mesure au saumon se fait au niveau du village à l'intersection avec le pont de la RN 63.
Dans ce cas il faut mettre en oeuvre les feux spéciaux du camion et porter les vêtements à haute visibilité classe 3 ou 2.
Jaugeage ADCP/STREAM PRO:
En eau moyenne, le jaugeage est possible sans danger avec le stream pro.

RECOMMANDATIONS:
Nettoyage de l'échelle LIMNIMETRIQUE: Une perche telescopique munie d'une brosse est souhaitable.
Pour éviter la glissade et la chute, il serait souhaitable pour sécuriser l' accès à l'échelle et au lit, d'équiper la station d'un escalier en béton ou d'un autre support adapté au terrain.
Jaugeage au MOULINET: pour accéder à la rivière, il y a risque de chute en cas de glissade sur le talus.
Jaugeage au SAUMON, mettre en oeuvre le chantier mobile et les EPI. 
Jaugeage STREAM PRO, mettre les EPI.

GP
","05/12/05 00:00:00",10,NA,NA,"",NA,NA,"07/06/23 16:12:00","","A369011001","A3690110",NA,"67"
"2",2,"A2702010","SAULXURES","la Bruche",956.612,2389.293,NA,39,"S",115680,0.939,0.19,8,11,13,"A2702010","observations depuis le 01/09/1965
arrêtée le 08/01/2001
zéro de l'échelle jusqu'au 01/08/199 5: 425.015 m NGF
nouvelle échelle = pas nivelée
Adresse : rte de Senone(N424) première maison à droite 67420- SAINT BLAISE LA ROCHE

Historique des gestionnaire, si différent de DIREN Alsace : NON

Buts- vocation station : ..

---
EMPLACEMENT ET METHODES DE JAUGEAGE : en amont du pont et de l'emplacement de l'échelle limnimétrique.
(la dernière méthode utilisée) moulinet avec perche pirée

Etiage : moulinet c31

Eaux basses : moulinet c31

Eaux moyennes : adcp stream pro

Crues : saumon ; ADCP rio grande possible

---
---
ANALYSE QUALITE COURBES TARAGE : 
---
Jaug en crue ? OUI
Jaug étiage ? OUI
Jaug moyen ? OUI

T du jaug maxi (gumbel) : N.R.
T du jaug mini (débits classés) : N.R.
Incertitudes ? Habituelles (5%)

Courbe de tarage stable ? Non

Géométrie lit stable ? Non
Causes changement courbe ? Modifications progressives ( phénomènes lents d'alluvionnement)

EN CRUE :
Débordement en lit majeur ? non
Totalité débit mesuré ? oui
si non, estimation partie dérivée ?
Si débordement, cote de débordement ?
si oui, comment est prise en compte cela dans courbe ?

Présence ouvrage influençant écoulement et comment ? pendant une époque les pêcheurs alimentés leur étang en agissant une vanne situé à 50 m en aval de la station.

Existe t il un contrôle aval ? N.R.

Extrapolation courbe :
Quelle méthode employée ? depuis 1995 tracé assisté par le logiciel BAREME
Qualité globale de la partie extrapolée de la courbe ? bonne

EN ETIAGE :
Ecoulements influencés par des rejets ? non.

Gêne de l'écoulement par de la végétation, ou autre ? non.

Présence ouvrage influençant écoulement et comment ? N.R.

Existe t il un contrôle aval ? Non

Bilan sur Hydro : bon

Qualité des débits selon les années ? N.R.du 13 septembre 1965 à aujourd'hui il y a 457 jaugeages qui ont éét réalisés

Qualité des débits par gamme de débit ? N.R.

Etudes antérieures ayant étudié la qualité des courbes de tarage , réf ? N.R.
","10/18/99 00:00:00",10,NA,NA,"",NA,NA,"02/04/25 16:28:00","","A270011001","A2700110",NA,"67"
"3",3,"A3151010","SCHWEIGHOUSE AMONT","moder",995.945,2438.879,NA,282,"S",115680,2.47,0.98,22,32,39,"A3151010","observations depuis le11/08/67
zéro de l'échelle = 146.416 NGF
Adresse:Tennis Club, rue des Sports
67590- SCHWEIGHOUSE
","10/18/99 00:00:00",10,NA,NA,"",NA,NA,"02/04/25 16:29:00","","A315010001","A3150100",NA,"67"
"4",4,"A3301010","SCHWEIGHOUSE (AVAL)","La Moder",996.839,2438.573,953.2,622,"S",115680,5.58,2.38,44,65,79,"A3301010","Coordonnées LAMBERT Zone II étendu.
Plan cadastral: section 53, parcelle: 32. Propriétaire: Association foncière de remembrement (Mairie de Schweighouse).
Station ""ANNONCE DE CRUE"".
Observations depuis le 11/05/1966
Adresse: Station d'épuration 67590 SCHWEIGHOUSE
gestionnaire: Guillaume PHILIPPS

zéro de l'échelle = 143.904 NGF
Echelle limnimétrique: 3 m.
CR2M/SAB 600 - HDL N° 5984 (en attente sur le site)
Sonde
Abri: Type ""OTT R16"".
ALCYR: CYR 2/GSM n° 020111
Abri: GROLLEAU + panneau solaire
Depuis septembre 2006 la station est équipée pour l'AC par le matériel CPL PARATRONIC avec un capteur intelligent hydrologic type LPN/8 + moden RTC N°03 88 72 60 66.
Jaugeage de crue au saumon sur le pond de la D85.

SECURITE
L'accès de la station de mesure ce fait par un chemin de terre, il est relativement carrossable sauf par temps enneigé. Par temps humide il est également difficile de faire demi-tour car il y a un risque d'enlisement, par forte crue le chemin qui mène à la station peut-être innondée.

Jaugeage au MOULINET:
Les jaugeages à gué se font  sans risques spécifiques. 

Jaugeage au SAUMON
A partir du pont situé sur la D85, le danger est rél sur ce pont à grande circulation.

Jaugeage ADCP/STREAM PRO
A partir du pont situé sur la D85.


RECOMMANDATIONS:
Jaugeage au moulinet: pour accéder à la rivière, il y a risque de chute en cas de glissade sur le talus.
Jaugeage au SAUMON, mettre en oeuvre le chantier mobile et les EPI. 
Jaugeage STREAM PRO, revêtir les EPI.

Le TELEPHERIQUE SERVANT à RéALISER LES JAUGEAGES MOYENs a été en partie détrits en décembre 2010.","05/10/05 00:00:00",0,NA,NA,"",NA,NA,"07/06/23 16:19:00","","A330010001","A3300100",NA,"67"
"6",6,"A0042300","KALTENHOUSE","MODER",NA,NA,NA,679,"S",115680,NA,NA,NA,NA,NA,"A0042300","","12/24/98 00:00:00",NA,NA,NA,"",NA,NA,"02/04/25 16:20:00","","A331010001","A3310100",NA,"67"
"13",14,"A3782110","LEUTENHEIM","EBERBACH",1016.135,2441.95,996.25,190,"S",115680,NA,NA,NA,NA,NA,"0045500","LONGUEUR cours d'eau 45,83 km

adresse: pont du chemin vers le lieu-dit : HEIDENBERG
67480-LEUTENHEIM
installation d'un appareil d'acquisition sur site le 19 juin 2006; type MONOPHENE GSM: N° 06 75 00 91 25
sonde endress+hauser ; model WATERPILOT; L=20m / série N° 5C02600108E; amplitude 0-4mA;
cabine GROLLEAU 00 313AIITM045 série10; décembre 2003

zéro de l'échelle: 115.465 NGF69 nivelé le 23/07/2002
rive gauche ; aval pont

mise en service le 11/09/2002 10h00

Gestionnaire: Guillaume PHILIPPS

SECURITE:
Accès à la station:
Se fait sans difficulté par un chemin de terre bien carrossable, il n'y a pas de problème pour se garer.

Jaugeage au moulinet:
Hormis la descente du talus aucune difficulté particulière, la section est régulière.

Jaugeage au saumon:
Le camion ferme quasiment le pont, mais il y a très peu de passage à cet endroit surtout en hiver et il n'y a pratiquement aucun danger de circulation.

Jaugeage  ADCP / STREAM PRO:
Sans aucun problème.

RECOMMANDATIONS:
Jaugeage au MOULINET: Attention à la descente du talus: risque de glissade entrainant la chute dans la rivière.
Jaugeage au SAUMON  : Mettre en oeuvre le chantier mobile et les EPI. 
Jaugeage ADCP           :  Revêtir les EPI.","05/09/05 00:00:00",10,NA,NA,"",NA,NA,"02/04/16 13:45:00","","A368021001","A3680210",NA,"67"
"15",16,"A2260320","STRASBOURG MONTAGNE-VERTE","ILL",997.33,111.03,975.35,4368,"S",115680,NA,NA,NA,NA,NA,"A2260320","","02/16/01 00:00:00",NA,NA,NA,"",NA,NA,"11/23/22 11:15:00","","A226032002","A2260320",NA,"67"
"17",18,"A3501010","DRUSENHEIM","MODER",1012.22,1133.12,979.43,1552,"S",115680,NA,NA,NA,NA,NA,"A3501010","
adresse:passerelle de la MODER
67410- DRUSENHEIM
plan cadastrale: section 6; parcelle 304; propriétaire du terrain : la commune de DRUSENHEIM

Zéro de l'échelle: 119.406 NGF69 nivelée le 23/07/2002 ; rive droite

ALCYR: CYR2 V23 N° 011012 installée le 13/11/2002
MODEM RTC TEL: 03 88 53 43 38 
PARAFOUDRE type:

sonde paratronnic:2912-4
pleine échelle 4m L= 15m Température de réglage 14°
COURANT 4-20 
Station modernisée en 2007: CPL + LPN/8 + MODEM ETIC TEL: 03 88 53 43 38 

Jaugeages au saumon effectués sur le pont de la D 468; LAMBERT X = 1012-170 ; Y =1133-120

Responsable et gestionnaire de la station: Guillaume PHILIPPS

SECURITE:
Le véhicule se gare sans danger sur la rampe d'accés des canoës.
L'accès à la station ne pose pas de problème.

Jaugeage au moulinet:
Pas de problèmes spécifiques la section est relativement régulière.

Jaugeage au saumon:
Possible à partir du pont de la D468 situé en amont de la station.

Jaugeage avec le STREAM-PRO méthode ADCP.
Possible à partir de la passerelle.

RECOMMANDATIONS:
Jaugeage au moulinet: pour accéder à la rivière, il y a risque de chute en cas de glissade sur le talus.
Jaugeage au SAUMON, mettre en oeuvre le chantier mobile et les EPI. 
Jaugeage STREAM PRO sans dangers spécifiques à partir de la passerelle.

","05/06/05 00:00:00",10,NA,NA,"",NA,NA,"02/04/16 13:54:00","","A350010001","A3500100",NA,"67"
"22",26,"A3422010","SAVERNE","La Zorn",967.333,2425.943,932.5,185,"S",115680,2.27,0.75,19,28,34,"A3422010","Plan cadastral SAVERNE SECTION 25 ; 1/2000

observations depuis le 24/10/1966
zéro de l'échelle = 189.515 NGF

appareil de mesure CR2M TYPE600/HDL
STATION équipée en ligne éléctrique et téléphone pour l 'AC depuis le 2000
N° Teléphone: 03 88 91 38 17

Gestionnaire Guillaume PHILIPPS
Depuis septembre 2006 la station est équipée pour l'AC par le matériel CPL PARATRONIC avec un capteur intelligent hydrologic type LPN/8 + moden RTC N° 03 88 91 38 17.								


SECURITE
L'accès à la station de mesure ne pose pas de difficulté, le véhicule est garé sur le bas côté mais gêne le croisement des véhicules sur cette route trés fréquentée où la circulation sur cette portion en ligne droite est rapide  .

Jaugeages au MOULINET:
Pas de difficultés, la section est régulière.

Jaugeage au SAUMON:
Sans risques à partir de la passerelle 

Jaugeage ADCP/stream pro
Sans risques à partir de la passerelle

RECOMMANDATIONS:
Jaugeage au MOULINET: pour accéder à la rivière, il y a risque de chute en cas de glissade sur le talus.
Jaugeage au SAUMON: S'assurer de la solidité de la passerelle: ( elle a été rénovée en 2000 )
Jaugeage ADCP/STREAM PRO: revêtir les EPI.
","05/20/05 00:00:00",0,NA,NA,"",NA,NA,"02/04/16 13:57:00","","A341020001","A3410200",NA,"67"
"23",27,"A2250310","OHNHEIM","ill",996592,2401370,960.78,167,"S",115680,37.8,27,52,56,58,"A2250310","Coordonnes LAMBERT Zone II étendu.
latitude : N 48°29'20"" E 7°42'14''
Observations depuis le 20/10/75
Adresse: 16, route du Général DE GAULLE  67640 FEGERSHEIM-OHNHEIM

zéro de l'échelle = 141.63 NGF
Echelle limnimétrique: 2 m. (1970, DDAF67).","05/12/05 00:00:00",10,NA,NA,"",NA,NA,"10/04/19 15:43:00","","A243003001","A2430030",NA,"67"
"25",30,"A3472010","WALTENHEIM","ZORN",989.42,2429.91,967.12,688,"S",115680,5.38,1.61,52,80,99,"A3472010","Coordonnées LAMBERT Zone II étendu.
Observations depuis le 01/07/1941; limnigraphe depuis le 16/11/1983.
Adresse: Pont D332, Rive Droite, Maison éclusière, 67670 WALTENHEIM sur Zorn.

zéro de l'échelle = 147.28 NGF
Echelle limnimétrique: 5 m.
ALCYR: CYR2 V23 N° 011010 installé le 10/12/2002. 
MODEM RTC  Téléphone N°: 03 88 59 15 46
Marque : ALCYR, Christian BURGER;  18, allée des Fauvettes, 92 160 ANTHONY/ Tel: 01 40 96 91 21 fax: 01 40 96 91 24
Fabricant : ELECTOSTRUCTURE; 14 rue de la Gare, 77 163 MORTCERF/ Tel: 01 64 65 26 13 Fax: 01 64 65 26 14Sonde 

sonde:PARATRONIC N° 2912-1 / 4000  L= 20 m.
PARAFOUDRE Type:
Abri: Abri galvanisé (SAS).

Depuis septembre 2006 la station est équipée pour l'AC par le matériel CPL PARATRONIC avec un capteur intelligent hydrologic type LPN/8 + moden RTC N° 03 88 59 15 46.
+ une sonde de température installée le 09/07/2009.
L'alimentation éléctrique est assurée par ES en 220V.
Jaugeage de crue sur le pont de la D332.

Responsable et gestionnaire de la station: GUILLAUME PHILIPPS

SECURITE:
Le véhicule se gare sur l'accotement.
L'accès à la station ne pose pas de problème.

Echelle limnimetrique:
Lecture et nettoyage sans grandes difficultées.

Jaugeage au moulinet:
Pas de problèmes spécifiques.

Jaugeage au saumon:
Possible à partir du pont.

Jaugeage avec le STREAM-PRO méthode ADCP.
Possible au delà de 1.00 à l'échelle

RECOMMANDATIONS:
Jaugeage au moulinet: pour accéder à la rivière, il y a risque de chute en cas de glissade sur le talus.
Jaugeage au SAUMON, mettre en oeuvre le chantier mobile et les EPI. 
Jaugeage STREAM PRO, mettre les EPI.

GP","05/20/05 00:00:00",0,NA,NA,"",NA,NA,"07/06/23 16:23:00","","A348020001","A3480200",NA,"67"
"26",31,"A3902010","WEILER","LAUTER",1006.87,2463.868,NA,278,"S",115680,2.52,1.45,7.9,10,12,"A3902010","observations depuis le 27/11/1975

zéro de l'échelle : nivelé le 23/07/2002
altitude du zéro:166.975 NGF 69

Adresse: Chapelle ST LEON
67160 Wissembourg

le 6/11/2002 installation d'un CYR2 V23 N°011015
MODEM RTC TEL: 03 88 94 00 48
Marque : ALCYR, Christian BURGER;  18, allée des Fauvettes, 92 160 ANTHONY/ Tel: 01 40 96 91 21 fax: 01 40 96 91 24
Fabricant : ELECTOSTRUCTURE; 14 rue de la Gare, 77 163 MORTCERF/ Tel: 01 64 65 26 13 Fax: 01 64 65 26 14
sonde PARATRONIC 2911-6
pleine échelle fixée à :  2 m
longueur du câble:      15 m       
cabine GROLLEAU 

Gestionnaire: Guillaume PHILIPPS

SECURITE

Echelle LIMNIMETRIQUE:
L'accès à l'échelle est sans problèmes majeurs.
Jaugeage au MOULINET:
Les jaugeages à gué se font  sans risques.
Jaugeage au SAUMON:
En cas de crue le pont de la station n'est pas trés fréquenté, en conséquence le jaugeage est sans danger.
Jaugeage ADCP/STREAM PRO:
Sans danger.

RECOMMANDATIONS:
Nettoyage de l'échelle LIMNIMETRIQUE: L'endroit est relativement profond faire attention au-delà de 40 cm.
Jaugeage au MOULINET: pour accéder à la rivière, il y a risque de chute en cas de glissade sur le talus.
Jaugeage au SAUMON, mettre en oeuvre le chantier mobile et les EPI. 
Jaugeage STREAM PRO, mettre les EPI.

GP
                                       ","05/20/05 00:00:00",10,NA,NA,"",NA,NA,"07/06/23 16:09:00","","A380020001","A3800200",NA,"67"
"27",32,"A2732010","RUSS/WISCHES","BRUCHE",964.783,2401.012,950,230,"S",115680,6.04,1.14,63,90,110,"A2732010","Station probablement mise en oeuvre par les Allemands ENTRE 1940 ET 44.

Des relevés ont été observés à partir du 7 février1949: enregistrements continus subdivision de Molsheim: observateur Madame PEPIN Yvonne de SCHWARTZBACH jusqu'au 14 juin 1966: très nombreuses lacunes, jusqu'en 1963.

altitude du zéro de l'échelle 263.18 NGF

Adresse: amont pont D804 rive droite 67130 RUSS
Hydromètre gestionnaire: Stephane LAPINE
Depuis septembre 2006 la station est équipée pour l'AC par le matériel CPL PARATRONIC avec un capteur intelligent hydrologic type LPN/8 + moden RTC N° 03 88 97 55 69.								

Historique des gestionnaire, si différent de DIREN Alsace : Station annonce de crue en parallèle jusqu'en 2005

Buts- vocation station :  contrôle amont du bassin de la bruche et tous les affluents du haut bassin versant.

---
EMPLACEMENT ET METHODES DE JAUGEAGE :
(la dernière méthode utilisée) ADCP

Etiage :
Jaugeage au moulinet:
Hormis la descente du talus, la section est plus profonde en rive gauche et les galets du fond du lit très glissants.

Eaux basses :
Eaux moyennes :
Jaugeage  ADCP / STREAM PRO sans difficultés.


Crues :
Jaugeage au saumon : Le camion empiète sur la moitié du pont, le danger lié à la circulation est élevé
---
ANALYSE QUALITE COURBES TARAGE :
---
Jaug en crue ? OUI
Jaug étiage ? OUI
Jaug moyen ? OUI

T du jaug maxi (gumbel) : 10 ans
T du jaug mini (débits classés) : env 20 ans
Incertitudes ? Habituelles (5%)

Courbe de tarage stable ? Oui, faible nombre depuis 1962

Géométrie lit stable ? Oui, fond de couche de grès
Causes changement courbe ? Des travaux ont conduit à des corrections de hauteur sur Hydro ; des embâcles notamment après tempete de 99 ont été nombreux

EN CRUE :
Débordement en lit majeur ? Non, tout passe dans la section
Totalité débit mesuré ? oui
si non, estimation partie dérivée ?
Si débordement, cote de débordement ?
si oui, comment est prise en compte cela dans courbe ?

Présence ouvrage influençant écoulement et comment ? NON

Existe t il un contrôle aval ? NON

Extrapolation courbe : Tracé assisté par le logiciel BAREME ( en couple ou en tronçon)
Quelle méthode employée ? Depuis 1995: Tracé assisté par le logiciel BAREME ( en couple ou en tronçon
Qualité globale de la partie extrapolée de la courbe: bonne

EN ETIAGE :
Ecoulements influencés par des rejets ? NON

Gêne de l'écoulement par de la végétation, ou autre ? NON

Présence ouvrage influençant écoulement et comment ? NON

Existe t il un contrôle aval ? NON

Bilan sur Hydro : bon

Qualité des débits selon les années ? bon

Qualité des débits par gamme de débit ? bon

Etudes antérieures ayant étudié la qualité des courbes de tarage , réf ? N.R.
","05/12/05 00:00:00",10,NA,NA,"",NA,NA,"07/06/23 16:28:00","","A273011002","A2730110",NA,"67"
"28",33,"A3712010","GOERSDORF","SAUER",996.915,2453.799,NA,192,"S",115680,1.91,0.99,12,18,22,"A3712010","altitude du zéro = 171.94 NGF

CR2M depuis le 24/09/96
Adresse:Maison de convalescence,221
Liebfrauenthal
67360 GOERSDORF","10/18/99 00:00:00",10,NA,NA,"",NA,NA,"10/23/23 15:25:00","","A361011001","A3610110",NA,"67"
"29",34,"A2312020","THANVILLE","GIESSEN",971.569,2380.736,NA,99,"S",115680,1.39,0.09,19.3,25.6,29.8,"A2312020","Coordonnées LAMBERT Zone II étendu.
Observations depuis le 12/01/84
Adresse: Pont du CD 424 Rive Droite prés du 1, de la rue de l'Eglise 67220 THANVILLE.

zéro de l'échelle = 227.51 NGF
Echelle limnimétrique: 2 m.

ALCYR: CYR2 V23 N°011018 installé le 26/11/2001. inventaireN°B178
MODEM RTC Téléphone N°:03.88.57.63.89
Marque : ALCYR, Christian BURGER;  18, allée des Fauvettes, 92 160 ANTHONY/ Tel: 01 40 96 91 21 fax: 01 40 96 91 24
Fabricant : ELECTOSTRUCTURE; 14 rue de la Gare, 77 163 MORTCERF/ Tel: 01 64 65 26 13 Fax: 01 64 65 26 14

PARAFOUDRE Type:
Sonde PARATRONIC: 4-20mA/0/2000
Abri: Abri en tôle (GROLLEAU).

Depuis le mois de septembre 2006 la station est équipé par paratronic , type CPL avec capteur intelligent Hydrologic type: lpn/8  sous tension 220 V.

Responsable et gestionnaire de la station: Stephane LAPINE.

SECURITE:
Le véhicule se gare sur le terre plein de l'îlot central.
L'accès à la station ne pose pas de problème.

Jaugeage au moulinet:
Pas de problèmes spécifiques.

Jaugeage au saumon: 
Possible à partir du pont de la D424.

Jaugeage avec le STREAM-PRO méthode ADCP.
Possible en HE.

RECOMMANDATIONS:
Jaugeage au moulinet: pour accéder à la rivière, il y a risque de chute en cas de glissade sur le talus.

Jaugeage au SAUMON: mettre en oeuvre le chantier mobile et les EPI, la circulation à cet endroit où la chaussée est réduite est intense, une grande prudence est nécessaire. 

Jaugeage STREAM PRO: mettre les EPI.

L'habilitation éléctrique ( non éléctricien) est indispensable et doit être à jour.

gp


","05/20/05 00:00:00",10,NA,NA,"",NA,NA,"07/12/23 15:16:00","","A231020001","A2310200",NA,"67"
"30",11,"A2420210","ZEMBS À ERSTEIN-KRAFFT-SUCRERIE","ZEMBS",996.042,2392.288,994.75,NA,"S",115680,NA,NA,NA,NA,NA,"A2420210","


Altitude 152.5m
Altitude du zéro de l'échelle: 148.98 NGF
(Altitude fournie par le SGAL)
Echelle située dans l'enceinte de la Sucrerie.

Nouvelle échelle installée le 22 août 2001 en amont du pont de la D426.( pas nivelée)

Appareil MONOPHENE GSM installé le 27 avril 2004
Marque : ALCYR, Christian BURGER;  18, allée des Fauvettes, 92 160 ANTHONY/ Tel: 01 40 96 91 21 fax: 01 40 96 91 24
Fabricant : ELECTOSTRUCTURE; 14 rue de la Gare, 77 163 MORTCERF/ Tel: 01 64 65 26 13 Fax: 01 64 65 26 14

sonde KELLER N° 2077 ; 20 M ; amplitude 0 - 4mA
cabine GROLLEAU N° 00313A11TM045 série 9 année 01/12/2003

SECURITE:
L'accès et l'arrêt à la station est aisé, elle se situe en face de l'entrée de la sucrerie.


RECOMMANDATIONS:
Jaugeage au moulinet: Attention à la descente du talus: risque de glissade entrainant la chute dans la rivière.
Jaugeage au SAUMON, mettre en oeuvre le chantier mobile et les EPI. 
Jaugeage ADCP / STREAM PRO: pas possible","05/10/05 00:00:00",0,NA,NA,"",NA,NA,"11/20/23 11:35:00","","A242020001","A2420200",NA,"67"
"31",35,"A3832010","NIEDERROEDERN","SELTZBACH",1018.642,2449.14,992.22,206,"S",115680,1.67,0.175,29,43,52,"A3832010","Coordonnées LAMBERT Zone II étendu.

Observations depuis le 23/10/1964
Adresse: 27, rue de la Gare  67490 NIEDERROEDERN

zéro de l'échelle = 119.65 NGF
Echelle limnimétrique: 4 m.

CR2M/SAB 600-HDL/CS/M N° 5385 (mise en service en Mars 1997).
Sonde: PARATRONIC MPX 4 m. N° 6016-4 
MODEM RTC Téléphone N° 03.88.05.53.03 (alimentation: panneau solaire).
-Abri: Abri galvanisé (SAS).
Depuis septembre 2008 la station est équipée pour l'AC par le matériel CPL PARATRONIC avec un capteur intelligent hydrologic type LPN/8 + moden RTC N° 03 88 05  53 03.
L'alimentation éléctrique est assurée par UN PANNEAU SOLAIRE  qui charge 1 batterie

Jaugeage de crue au saumon sur le pont de la D34.

Responsable et gestionnaire de la station: Stephane LAPINE

SECURITE:
Accès à la station:
Le véhicule doit-être garé sur le trottoir

Jaugeage au moulinet:
La descente du talus pour accéder au lit de la rivière est difficile, pour le jaugeage la section est régulière.

Jaugeage au saumon:
Le camion obstrue la moitié du pont qui est relativement fréquenté, le danger lié à la circulation doit être pris en compte.

Jaugeage  ADCP / STREAM PRO:
La vitesse du courant ne permet pas cette méthode.

RECOMMANDATIONS:
Jaugeage au MOULINET: Attention à la descente du talus: risque de glissade entrainant la chute dans la rivière.
Jaugeage au SAUMON  : Mettre en oeuvre le chantier mobile et les EPI. 
                       
GP






","05/09/05 00:00:00",0,NA,NA,"",NA,NA,"07/06/23 16:15:00","","A373020001","A3730200",NA,"67"
"32",36,"A2932010","MUNDOLSHEIM","SOUFFEL",997.334,2418.189,NA,118.5,"S",115680,0.3,0.076,2.6,3.8,4.6,"A2932010","Observations du 12/05/79
zéro de l'échelle = 136.24 NGF
Adresse:accés par le 1 route de Brumath 
67460 -Souffelweyersheim
Commune de MUNDOLSHEIM(en face XEROX)
67450

2019 : Nouvelle station située en ville (rue de la Souffel)
Collaboration avec ENGEES - Nouvelle échelle.","10/18/99 00:00:00",10,NA,NA,"",NA,NA,"02/04/25 16:03:00","","A293020001","A2930200",NA,"67"
"33",37,"A2762050","MUTZIG","BRUCHE",977.282,2404.898,NA,230,"S",115680,6.98,0.82,86,130,160,"A2762050","observation du 18/12/81
arrêtée en janvier 2001

zéro de l'échelle = 186.99 NGF

Historique des gestionnaire, si différent de DIREN Alsace : pas d'autres 

Buts- vocation station : .. RNB 

Station mesurant le débit partiel.
Complétée avec le canal Couleaux à Mutzig (A2767510) elle forme la station A2762090 Mutzig Bruche Totale.
---
EMPLACEMENT ET METHODES DE JAUGEAGE :
(la dernière méthode utilisée) MOULINET

Etiage : MOULINET

Eaux basses : MOULINET

Eaux moyennes : MOULINET

Crues : SAUMON 25 KG

---
ANALYSE QUALITE COURBES TARAGE :
---
Jaug en crue ? NON
Jaug étiage ? OUI
Jaug moyen ? OUI

T du jaug maxi (gumbel) : N.R.
T du jaug mini (débits classés) : N.R.
Incertitudes ? Habituelles (5%)

Courbe de tarage stable ?  OUI

Géométrie lit stable ? OUI
Causes changement courbe ? embâcles

EN CRUE :
Débordement en lit majeur ? oui
Totalité débit mesuré ? oui
si non, estimation partie dérivée ?
Si débordement, cote de débordement ?
si oui, comment est prise en compte cela dans courbe ?

Présence ouvrage influençant écoulement et comment ? N.R.

Existe t il un contrôle aval ? non

Extrapolation courbe :
Quelle méthode employée ? à partir de 1995 tracé assisté par le logiciel BAREME
Qualité globale de la partie extrapolée de la courbe ? sujet à beaucoup de commentaires selon les différents hydrologues; il faut prendre en compte les éléments validés dans hydro par le dernier hydrologue.

EN ETIAGE :
Ecoulements influencés par des rejets ? Non

Gêne de l'écoulement par de la végétation, ou autre ? non

Présence ouvrage influençant écoulement et comment ? N.R.

Existe t il un contrôle aval ? Non

Bilan sur Hydro :

Qualité des débits selon les années ? En principe les résultats publiés sur HYDRO sont validés et à considérer comme bons.

Qualité des débits par gamme de débit ? N.R.

Etudes antérieures ayant étudié la qualité des courbes de tarage , réf ? non
","09/30/99 00:00:00",10,NA,NA,"",NA,NA,"02/04/25 16:22:00","","A276011001","A2760110",NA,"67"
"34",38,"A2767510","MUTZIG CAN","CANAL COULEAUX",977.219,2405.132,NA,NA,"S",115680,NA,NA,NA,NA,NA,"A2767510","observations du 29/09/1980 au 01/01/2001

zéro de l'échelle = 190.26 NGF.

---
ANALYSE QUALITE COURBES TARAGE :
---
Jaug en crue ? NON c'est un canal
Jaug étiage ? OUI
Jaug moyen ? OUI

T du jaug maxi (gumbel) : N.R.
T du jaug mini (débits classés) : N.R.
Incertitudes ? Habituelles (5%)

Courbe de tarage stable ? N.R.

Géométrie lit stable ? Non
Causes changement courbe ? embâcles dans la buse qui passe sous la route quasiment au droit de la station

EN CRUE :
Débordement en lit majeur ? Non
Totalité débit mesuré ? oui
si non, estimation partie dérivée ?
Si débordement, cote de débordement ?
si oui, comment est prise en compte cela dans courbe ?

Présence ouvrage influençant écoulement et comment ? N.R.

Existe t il un contrôle aval ? Non

Extrapolation courbe :
Quelle méthode employée ? N.R.
Qualité globale de la partie extrapolée de la courbe ?

EN ETIAGE :
Ecoulements influencés par des rejets ? Non

Gêne de l'écoulement par de la végétation, ou autre ?

Présence ouvrage influençant écoulement et comment ?  oui, diamètre buse.

Existe t il un contrôle aval ? Non

Bilan sur Hydro : bon

Qualité des débits selon les années ? N.R.

Qualité des débits par gamme de débit ? N.R.

Etudes antérieures ayant étudié la qualité des courbes de tarage , réf ? Non.
","07/12/99 00:00:00",10,NA,NA,"",NA,NA,"02/04/25 16:23:00","","A276075201","A2760752",NA,"67"
"35",39,"A2612010","NIEDERNAI","EHN",982.685,2236.26,NA,57.599998,"S",115680,0.54,0.15,7.7,11,14,"A2612010","Coordonnées LAMBERT Zone II étendu.
Observations du 22/12/71
Adresse: N 422, VILLA REINE 67210 NIEDERNAI
zéro de l'échelle = 160.06 - Echelle limnimétrique: 1 m.
ALCYR: CYR 2 V23 N° 011017 installé en Janvier 2002.
MODEM RTC Téléphone N° 03.88.47.01.93
Sonde MPX 2 M, N°7343
Abri: Abri en tôle (GROLLEAU).
Depuis septembre 2006 la station est équipée pour l'AC par le matériel CPL PARATRONIC avec un capteur intelligent hydrologic type LPN/8 + moden RTC N° 03 88 47 01 93.
L'alimentation éléctrique est assurée par UN PANNEAU SOLAIRE  qui charge 2 batteries.

Jaugeage de crue au saumon sur le pont de la N422.
Responsable et gestionnaire de la station: Guillaume PHILIPPS.

SECURITE:
Accès à la station:
Se fait sans difficulté par le chemin menant à la Villa Reine, il n'y a pas de problème pour se garer.

Jaugeage au moulinet:
Hormis la descente du talus aucune difficulté particulière, la section est régulière.

Jaugeage au saumon:
A partir du pont de la RN 422, cette nationale en cours de déclassement est délesté par la VR du piémont des vosges, en conséquence la circulation n'est plus aussi fréquente et dangereuse.

Jaugeage  ADCP / STREAM PRO:
Sans problème.

RECOMMANDATIONS:
Jaugeage au MOULINET: Attention à la descente du talus: risque de glissade entrainant la chute dans la rivière.
Jaugeage au SAUMON  : Mettre en oeuvre le chantier mobile et les EPI. 
Jaugeage ADCP           :  Revêtir les EPI.
                       
GP","05/09/05 00:00:00",10,NA,NA,"",NA,NA,"02/04/16 13:46:00","","A261020001","A2610200",NA,"67"
"36",40,"A2352020","SELESTAT (AMONT)","Le Giessen",979.922,2376.122,994.53,260,"S",115680,3.42,0.14,51,82,100,"A2352020","Coordonnées LAMBERT Zone II étendu.
Observation depuis le 25/10/1965
Adresse: Rue du Giessen (ancienne filature) 67600 SELESTAT.

zéro de l'échelle = 172.44 NGF
Echelle limnimétrique: 2 m. (DDAF67).

Marque OTT: Type NIMBUS N° 
MODEM RTC Téléphone N° 03.88.92.80.15
PARAFOUDRE TYPE:
Abri: Abri en béton.

Jaugeage de crue au saumon sur le pont de la RN 83.

Responsable et gestionnaire de la station: Alain HELLMANN.
","05/21/04 00:00:00",0,NA,NA,"",NA,NA,"05/23/23 10:44:00","","A235020002","A2350200",NA,"67"
"37",41,"A2512010","ANDLAU","Andlau",976.453,2388.514,971.4,41.799999,"S",115680,0.819,0.166,8.7,13,16,"A2512010","Coordonnées LAMBERT Zone II étendu.

Observations depuis le 18/12/73
Adresse: 8,rue de la Commanderie  67140 ANDLAU

Altitude du zéro de l'échelle: 217.47 NGF

Mise en place : CR2M/SAB 600 HDL N° 5985 le 10 décembre 2001
Numéro d'inventaire: B.064

A partir du 23 mars 2005, le CR2M a été remplacé par un appareil de la marque ALCYR: type MONOPHENE GSM 
Marque : ALCYR, Christian BURGER;  18, allée des Fauvettes, 92 160 ANTHONY/ Tel: 01 40 96 91 21 fax: 01 40 96 91 24
Fabricant : ELECTOSTRUCTURE; 14 rue de la Gare, 77 163 MORTCERF/ Tel: 01 64 65 26 13 Fax: 01 64 65 26 14
Sonde CNR 4 m, N° 1340-4
Abri: Type ''OTT R 16''
La station a été modernisé en 2007 avec l'installation d'ue CPL+  un capteur intelligent LPN/8ET UN MODEM WAEVCOM
TEL: 06 74 12 42 15
Jaugeage de crue au saumon, en aval de la station à environ 250 m, sur le pont desservant le lotissement à l'Est de la commune.

Responsable et gestionnaire de la station: Stephane LAPINE

SECURITE:
L'arrêt du véhicule pour relever le fichier est plus délicat nous sommes obligés de nous garer le long du CD 425 et occupons ainsi un couloir de circulation en conséquence, placés sous le règlement du code de la route et d'un chantier mobile: le tri-flash et les feux spéciaux sont obligatoires ainsi que les vêtements à haute visibilité classe 3 ou 2.

L'accès à la rivière pour les mesures au moulinet se fait sans problème particulier l'endroit étant équipé d'un escalier.
La section de jaugeage présente des profondeurs régulières et ne présente pas de dangers particuliers.

Concernant le jaugeage au saumon, il est effectué à partir du pont situé en aval de la station l'endroit  est situé à la sortie d'un quartier où la circulation est faible, le danger est celui inhérent au code de la route, les feux spéciaux sont à mettre en oeuvre. 
GP","08/29/05 00:00:00",0,NA,NA,"",NA,NA,"07/06/23 16:27:00","","A251020001","A2510200",NA,"67"
"38",42,"A2860110","HOLTZHEIM","BRUCHE",991101,2408743,990,548,"S",115680,8.24,0.91,85,130,150,"A2860110","Historique:

Station HOLTZHEIM1 ( sortie ouest d'Holtzheim, D93 vers HANGEBIETHEN, en amont du seuil de l'APP de Holtzheim qui a été installée le 27 septembre 1969 et situé à  200m en amont del'actuelle station ): échelle installée le 11/05/1964: la station a été observée en continu du 03/03/1966 au 31/12/1973 en cogestion avec la 2ème CE de DIJON.
La station d'OBERSCHAEFFOLSHEIM 2 KM en aval remplaça HOLTZHEIM1. En effet l'hydrologue en poste à cette époque mit à profit un seuil qui avait été mis en place grâce au passage du pipe line SE; or il s'avéra par la suite qu'apres plusieurs crues ce seuil qui avait pourtant une chute importante, fût noyé et par la suite la station perdît ses contrôles de fond et les bancs de graviers contribuèrent à une instabilité CHRONIQUE de la CT.  
En conséquence l'observation de la station s'arrêta le 20 juin 1995 et elle fût à nouveau transférée à HOLTZHEIM mais pour des raisons de sécurité et d'accès, elle ne fût pas installée à l'amont du seuil de l'APP se qui aurait permis des bons contrôles et une meilleure CT en eau basse et moyenne. ( dommage)
Guillaume PHILIPPS 
NB: Les jaugeages de crue, s'effectuaient toujours à partir du pont de HOLTZHEIM( D222)

Nouvelle station:
Coordonnées LAMBERT Zone II étendu.

Nouvel emplacement: Adrese: entre le 3 et 5 rue de Hangenbieten
67810- HOLTZHEIM

zéro de l'échelle = 144.385 (NGF) (Nivelé par Daniel MORITZ, rattaché au repère n°208 IGN 69).
Echelle limnimétrique: 3 m.
zéro de l'échelle H.E. = 144.092 (NGF) (Nivelé par Daniel MORITZ).

CR2M/SAB 600-HDL/P N° 4512
Sonde CNR 5 m, N° 1339-2
Abri: Abri en tôle (GROLLEAU).
.
Jaugeage de crue, au saumon, au pont de la D222.

Responsable et gestionnaire de la station: Guillaume PHILIPPS.

Depuis le 15 juin 2004 installation d'un appareil d'acquisition sur site; type MONOPHENE GSM: 040204
sonde paratronic inchangée voir ci-dessus
NUMERO d'inventaire: 
Marque : ALCYR, Christian BURGER;  18, allée des Fauvettes, 92 160 ANTHONY/ Tel: 01 40 96 91 21 fax: 01 40 96 91 24
Fabricant : ELECTOSTRUCTURE; 14 rue de la Gare, 77 163 MORTCERF/ Tel: 01 64 65 26 13 Fax: 01 64 65 26 14
cabine GROLLEAU  LCT 76257 série2; décembre 2003.
Depuis septembre 2006 la station est équipée pour l'AC par le matériel CPL PARATRONIC avec un capteur intelligent hydrologic type LPN/8 + moden RTC N° 03 88 78 53 10.
+ une sonde de température installée le 09/07/2009.
L'alimentation éléctrique est assurée par ES en 220V.

SECURITE:
L'accès à la station ne pose pas de problème.
Le véhicule se gare sans danger.

Jaugeage au moulinet:
Pas de problèmes spécifiques; la limite en hauteur à l'échelle limni. pour le passage à gué est de 80 cm, en rive droite les profondeurs sont plus importantes.

Jaugeage au saumon:
Possible à partir du pont de la D93 situé en aval de la station.
Le risque est celui lié à la circulation routière en conséquence le chantier mobile est à mettre en eouvreles le triflasch doit être activé le temps de la mesure. 

Jaugeage avec le STREAM-PRO méthode ADCP s'effectue sur la nouvelle passerelle pietonne en aval.


RECOMMANDATIONS:
Jaugeage au moulinet: pour accéder à la rivière, il y a risque de chute en cas de glissade sur le talus.
Jaugeage au SAUMON, mettre en oeuvre le chantier mobile et les EPI. 
Jaugeage STREAM PRO: revêtir les EPI.

L'habilitation éléctrique ( non éléctricien) est indispensable et doit être à jour.

---
ANALYSE QUALITE COURBES TARAGE :
---
Jaug en crue ? OUI
Jaug étiage ? OUI
Jaug moyen ? OUI

T du jaug maxi (gumbel) : N.R.
T du jaug mini (débits classés) : N.R.
Incertitudes ? Habituelles (5%)

Courbe de tarage stable en étiage ? non

Géométrie lit stable ? non
Causes changement courbe ? modifications brusques ( affouillement dû à une crue)
et également modifications progressives ( phénomènes lents d'alluvionnement)

EN CRUE :
Débordement en lit majeur ? observé une seule fois en 1990 le 16 février
Totalité débit mesuré ? non
si non, estimation partie dérivée: oui le canal de la bruche est mesuré à ACHENHEIM point RNB.
Si débordement, cote de débordement ?
si oui, comment est prise en compte cela dans courbe ?

Présence ouvrage influençant écoulement et comment ? Le pont D 222 est constitué de 2 piles il est situé dans le virage que fait la bruche à son droit et on constate que pratiquement le plus important du débit passe en rive droite et au centre  et le résultat est un important dépot de gravier en rive droite et une arche bien limitée.

Existe t il un contrôle aval ? non

Extrapolation courbe : Tracé assisté par BAREME
Quelle méthode employée ? N.R.
Qualité globale de la partie extrapolée de la courbe : moyen

EN ETIAGE :
Ecoulements influencés par des rejets ? Non

Gêne de l'écoulement par de la végétation, ou autre ? pile de pont en période de crue

Présence ouvrage influençant écoulement et comment ?pile de pont en période de crue

Existe t il un contrôle aval ? Non

Bilan sur Hydro : bon

Qualité des débits selon les années ? N.R.

Qualité des débits par gamme de débit ? bon suivi en basses eaux

Etudes antérieures ayant étudié la qualité des courbes de tarage , réf ? non

","06/08/06 00:00:00",10,NA,NA,"",NA,NA,"12/08/21 15:45:00","","A286011003","A2860110",NA,"67"
"39",44,"A2842010","SOULTZ LES BAINS","MOSSIG",980.092,2409.592,NA,163,"S",115680,1.39,0.395,10,16,19,"A2842010","Observations depuis le 13/11/1970 / HYDROMETRE gestionnaire actuellement Stephane LAPINE

zéro de l'échelle = 167.26 m NGF

Adresse: pont D45 aval rive gauche,  8 rue de Strasbourg 67120

appareil de mesure CR2M TYPE600/HDL N° 4996 installé le 25 janvier 2001; remplacé depuis le 16 MARS 2005 par:
Appareil MONOPHENE GSM installé le 27 avril 2004 
sonde PARATRONIC N° 1340-2  /  4-20mA
pleine échelle 2 m Longueur du câble: 15 m

Depuis 2006 (RHYAL)
Depuis septembre 2006 la station est équipée pour l'AC par le matériel CPL PARATRONIC avec un capteur intelligent hydrologic type LPN/8 + moden RTC N°03 90 40 39 26
Historique des gestionnaire, si différent de DIREN Alsace : 

Buts- vocation station : connaissance Q Mossig

---
EMPLACEMENT ET METHODES DE JAUGEAGE : Le jaugeage se fait au droit de l'échelle limnimétrique. Si les hauteurs 
                                                                  le permettent, nous utilisons l'ADCP Stream pro; si les niveaux sont                                                                                 inférieures à 30 cm, nous pratiquons le jaugeage par integration au moulinet.

Etiage :
Jaugeage au micro moulinet:
Pas de problèmes spécifiques.

Eaux basses : micromoulinet

Eaux moyennes :  Jaugeage avec la perche piree et le moulinet C31 ou le STREAM-PRO méthode ADCP Possible.

Crues : Jaugeage au saumon : Possible à partir du pont ou ADCP Rio Grande non encore exploité.
---
---
ANALYSE QUALITE COURBES TARAGE :
---
Jaug en crue : 184.5 cm = 15.7 m3/s
Jaug étiage : OUI
Jaug moyen : OUI

T du jaug maxi (gumbel) : N.R.
T du jaug mini (débits classés) : N.R.
Incertitudes ? Habituelles (5%)

Courbe de tarage stable : 7 courbes depuis 1970 démontre une relative stabilité.

Géométrie lit stable : oui.
Causes changement courbe : modification progressive due peut être à une intervention sur la prise d'eau du canal de la bruche plus en aval ( lieu dit: LE CANAL ) une suspiscion d'affouillement à l'aval et ponctuellement la formation d'embâcles au niveau de l'ancien pont SNCF.

EN CRUE :
Débordement en lit majeur ? Nous n'avons pas constaté de débordement.

Totalité débit mesuré ? En principe tout le débit passe au droit de la station.
si non, estimation partie dérivée ?
Si débordement, cote de débordement ?
si oui, comment est prise en compte cela dans courbe ?

Présence ouvrage influençant écoulement et comment ? 

Existe t il un contrôle aval ? non

Extrapolation courbe :
Quelle méthode employée ? N.R.
Qualité globale de la partie extrapolée de la courbe ?

EN ETIAGE :
Ecoulements influencés par des rejets ? à ma connaissance non, mais il y a une STEP 2 km en amont de la station.

Gêne de l'écoulement par de la végétation, ou autre?: ou beaucoup d'atterissement de bois mort au droit de la station.

Présence ouvrage influençant écoulement et comment ? N.R.

Existe t il un contrôle aval ? non

Bilan sur Hydro :

Qualité des débits selon les années ? En principe les données sur banque hydro ont été validées jusqu'à 2006 par les hydrologues en charge à la DIREN, en conséquence elle sont validées selon les critères et les codes de la banque.

Qualité des débits par gamme de débit ? Souvent les extropolations hautes ont été validées avec beaucoup de prudence.

Etudes antérieures ayant étudié la qualité des courbes de tarage , réf ? N.R.
","07/20/05 00:00:00",10,NA,NA,"",NA,NA,"07/06/23 16:25:00","","A284020001","A2840200",NA,"67"
"40",191,"A2820001","WASSELONNE","Mossig",NA,NA,NA,NA,"S",115680,NA,NA,NA,NA,NA,"A2820001","","",0,NA,NA,"",NA,NA,"02/04/25 16:04:00","02/23/16 10:15:00","A282000101","A2820001",NA,"67"
"42",47,"A2260200","BALDENHEIM","LA BLIND",984.194,2374.53,NA,NA,"S",115680,NA,NA,NA,NA,NA,"A2260200","Altitude: 170 m

échelle RNB 

installation d'un appareil d'acquisition sur site le 18 mars 2004; type MONOPHENE GSM: 040205
sonde endress+hauser ; model WATERPILOT; L=20m / série N° 5C02600108E; amplitude 0-4mA;
cabine GROLLEAU 00 313AIITM045 série10; décembre 2003

NUMERO d'inventaire: B.270

gestionnaire: Guillaume PHILIPPS 03 88 22 73 90

Marque : ALCYR, Christian BURGER;  18, allée des Fauvettes, 92 160 ANTHONY/ Tel: 01 40 96 91 21 fax: 01 40 96 91 24
Fabricant : ELECTOSTRUCTURE; 14 rue de la Gare, 77 163 MORTCERF/ Tel: 01 64 65 26 13 Fax: 01 64 65 26 14

SECURITE:
L'accès à la station de mesure ne pose pas de difficulté, le véhicule est garé sur un terre plein donnant accès au champ.

Echelle LIMNIMETRIQUE:
La lecture de l'échelle est difficile: il y a un risque de chute de hauteur en cas de dérapage.

Jaugeage au MOULINET:
Les jaugeages à gué avec le moulinet sont plus difficiles, il faut se rendre 250m en aval de la station au niveau d'un ancien barrage c'est un des rares endroits où la section est régulière. Par contre l'accès avec le véhicule de jaugeage n'est pas possible par tous les temps car le chemin de terre devient très vite impraticable par temps humide car il y a un talus à remonter.

Jaugeage au SAUMON:
Possible à partir du pont.
Pour les jaugeages au saumon une partie de la chaussée est utilisée par le camion, en conséquence la prudence s'impose car la D209 est trés fréquentée et la vitesse des véhicules très élevées, il est nécessaire d'opter pour le chantier mobile et de mettre en oeuvre les feux spéciaux et le triflach.

Jaugeage ADCP/STREAM PRO
La technique de jaugeage ADCP avec le STREAM PRO nécessite la tenue réglementaire soit le port du vêtement de signalisation à haute visibilité classe 3 ou 2. 


RECOMMANDATIONS:
Nettoyage de l'échelle LIMNIMETRIQUE: Une perche telescopique munie d'une brosse est souhaitable.
Jaugeage au MOULINET: pour accéder à la rivière, il y a risque de chute en cas de glissade sur le talus.
Jaugeage au SAUMON, mettre en oeuvre le chantier mobile et les EPI. 
Jaugeage STREAM PRO, mettre les EPI.

GP","05/12/05 00:00:00",0,NA,NA,"",NA,NA,"02/04/16 14:02:00","","A226020001","A2260200",NA,"67"
"43",48,"A3250210","GUNDERSHOFFEN","Falkensteinbach",990.02,2446.23,NA,69,"S",115680,NA,NA,NA,NA,NA,"A3250210","Coordonnées LAMBERT Zone II étendu.
Altitude: 167.00 environ
Longueur:29,18 km

Adresse: PONT RN 62; gestion. DDE67
Propriétaire du terrain: Département. (section    ; parcelle      ).
zéro de l'échelle = 163.741 NGF69, (échelle nivelée le 23/07/2002).

CR2M: SAB 600 HDL n° 4512 
Numéro d'inventaire: B.065
Remplacé par ALCYR V22 GSM N°06 75 00 91 23

Sonde PARATRONNIC: 2912-2 / 2 signal 4-20mA    
Pleine échelle:         4 m
Longueur de câble: 15 m
N° INVENTAIRE: B 240

Responsable et gestionnaire de la station: Stephane LAPINE.

SECURITE

STATION:
L'accès à la station est dangereux. Mettre en oeuvre le chantier mobile et les EPI
Il faut garer le véhicule à cheval sur le bas-côté mais en laissant les roues de droite sur la chaussé car par temps humide il y a un risque d'enlisement. Cette portion de route est trés fréquentée, les véhicules roulent vite et il y a un grand danger pour sortir côté conducteur, le croisement des véhicules est rendu plus difficile pendant l'arrêt du camion.
Ensuite pour accéder à la station, il faut remonter à pied le long des glissières de sécurité.

Echelle LIMNIMETRIQUE:
L'accès à l'échelle est très difficile ainsi qu'au lit de la rivière.

Jaugeage au MOULINET:
Les jaugeages à gué se pratiquent  sans risques.

Jaugeage au SAUMON:
Le jaugeage est trop dangereux en conséquence il n'est pas pratiqué.

Jaugeage ADCP/STREAM PRO:
Le jaugeage est possible.

RECOMMANDATIONS:

Jaugeage au MOULINET: pour accéder à la rivière, il y a risque de chute en cas de glissade sur le talus.
Jaugeage au SAUMON, impossible car trop dangereux.  
Jaugeage STREAM PRO, mettre les EPI.

Pas de risque éléctrique.
GP
","09/14/06 00:00:00",0,NA,NA,"",NA,NA,"02/04/16 13:47:00","","A325021001","A3250210",NA,"67"
"48",53,"A0430030","SUNDHOUSE","Ischert",994.269,2376.375,NA,NA,"S",115680,NA,NA,NA,NA,NA,"A0430310","
Altitude: 164m
Station de mesures installée le 25 Mars 2004.
Lieu: sur le ban communal de Sundhouse, à l'Est de la D468, au lieu-dit ""Frauenwald"", en rive droite de l'Ischert.

Cabine GROLLEAU N° LCT 76957 Série N°5 du 1/12/2003.

MONOPHEME GSM N° 040203.
Marque : ALCYR, Christian BURGER;  18, allée des Fauvettes, 92 160 ANTHONY/ Tel: 01 40 96 91 21 fax: 01 40 96 91 24
Fabricant : ELECTOSTRUCTURE; 14 rue de la Gare, 77 163 MORTCERF/ Tel: 01 64 65 26 13 Fax: 01 64 65 26 14

Sonde              (0-4mA) 20m.

Echelle (1 m.) installée le 29 Février 2000.

gestionnaire Guillaume PHILIPPS
SECURITE:
Accès à la station:
La prudence s'impose, il y a beaucoup de circulation à cet endroit,  le véhicule est garé sur un dégagement mais à la sortie d'un virage, la visibilité est réduite.

Jaugeage au moulinet:
Il est effectué en aval à la sortie de la buse ARMCO.La section est relativement  profonde est la prudence s'impose.

Jaugeage au saumon:
Sans danger le chemin rural est trés peu fréquenté.

Jaugeage  ADCP / STREAM PRO:
Sans difficultés.

RECOMMANDATIONS:
Jaugeage au MOULINET: Attention à la descente du talus: risque de glissade entrainant la chute dans la rivière, la profondeur en rive gauche est plus ilportante.
Jaugeage au SAUMON  : Mettre en oeuvre le chantier mobile et les EPI. 
Jaugeage ADCP           :  Revêtir les EPI.
GP","05/23/05 00:00:00",0,NA,NA,"",NA,NA,"02/04/25 16:30:00","","A043030001","A0430300",NA,"67"
"56",61,"A2240310","OSTHOUSE","ILL",993.225,91.26,NA,3120,"S",115680,NA,NA,NA,NA,NA,"A2240310","Coordonnées LAMBERT Zone II étendu.

Observations depuis Novembre 2001.
zéro de l'échelle = 151.87 (NGF), 151.64 (NN).
Echelle limnimétrique: 2 m. (DDAF67).","05/12/05 00:00:00",0,NA,NA,"",NA,NA,"10/04/19 15:43:00","","A237003001","A2370030",NA,"67"
"58",192,"A2230320","SAND ILL","Ill",NA,NA,NA,NA,"S",115680,NA,NA,NA,NA,NA,"A2230320","Station installée en régie 2016-2017 (MK - MZ)
Station destinée à la mesure de débits en crue  afin de préciser les débits de l'Ill en crue transitant dans le Ried (Kogenheim et Osthouse rapidement débordantes).

Ill totale = Sand Ill + Sand Canal","",NA,NA,NA,"",NA,NA,"02/04/25 16:03:00","09/01/16 12:25:00","A237047101","A2370471",NA,"67"
"59",194,"A0530742","ZELSHEIM (RIED)","Heulachgraben",1044968,6809701,NA,0,"S",115680,NA,NA,NA,NA,NA,"ZELSHEIM","","",0,NA,NA,"",NA,NA,"01/26/23 10:50:00","05/07/21 15:22:00","A053074201","A0530742",NA,"67"
"60",67,"A2782010","WOLXHEIM","BRUCHE",982.02,2408.99,NA,615,"S",115680,NA,NA,NA,NA,NA,"A 2782010","observations en continue depuis octobre 2006. Hydromètre gestionnaire : Stephane LAPINE

Depuis septembre 2006 la station est équipée pour l'AC par le matériel CPL PARATRONIC avec un capteur intelligent hydrologic type LPN/8 + moden RTC N° 03 88 38 36 16.
+ une sonde de température installée le 09/07/2009.
L'alimentation éléctrique est assurée par ES en 220V.

zéro de l'échelle jusqu'au:       = 161.43   mNGF

Adresse : carte IGN TOP 25  MONT ST ODILE 3716 ET

Historique des gestionnaire, si différent de DIREN Alsace : station uniquement annonce de crue jusqu'en 2005, hauteur non bancarisées sur Hydro

Buts- vocation station : .. LA QUESTION DE SON MAINTIEN EST POSEE EN INTERNE..(2007)

---
EMPLACEMENT ET METHODES DE JAUGEAGE :
(la dernière méthode utilisée) ADCP

Etiage :
Jaugeage au moulinet:
Il ne peut s'effectuer au niveau du seuil, très mauvaise section. En étiage, il faut effectuer les mesures une 20taine de mètres en aval du seuil.

Eaux basses :
Eaux moyennes :
Jaugeage avec le STREAM-PRO méthode ADCP, elle s'effectue à partir du pont.

Crues :
Jaugeage au saumon:
Possible à partir du pont. Le risque est celui lié à la circulation routière.
---
---
ANALYSE QUALITE COURBES TARAGE :
---
Jaug en crue ? bon
Jaug étiage ? mauvais
Jaug moyen ? OUI

T du jaug maxi (gumbel) : N.R.
T du jaug mini (débits classés) : N.R.
Incertitudes ? Habituelles (5%)

Courbe de tarage stable ? N.R.

Géométrie lit stable ? Non, le seuil est d'années en années de plus en plus abîmés suites aux crues
Causes changement courbe ? Seuil en mauvais état

EN CRUE :
Débordement en lit majeur ? non
Totalité débit mesuré ? non
si non, estimation partie dérivée ? oui le canal de la bruche ainsi que le bras d'ALTORF et le DACHSTEINERBACH
Si débordement, cote de débordement ?
si oui, comment est prise en compte cela dans courbe ?

Présence ouvrage influençant écoulement et comment ? N.R.

Existe t il un contrôle aval ? Non

Extrapolation courbe :
Quelle méthode employée ? Tracé assisté par BAREME
Qualité globale de la partie extrapolée de la courbe ? bonne

EN ETIAGE :
Ecoulements influencés par des rejets ? N.R.

Gêne de l'écoulement par de la végétation, ou autre ? N.R.

Présence ouvrage influençant écoulement et comment ? seuil devenu instable

Existe t il un contrôle aval ? N.R.

Bilan sur Hydro :

Qualité des débits selon les années ? N.R.

Qualité des débits par gamme de débit ? N.R.

Etudes antérieures ayant étudié la qualité des courbes de tarage , réf ? N.R.
","11/16/06 00:00:00",0,NA,NA,"",NA,NA,"02/04/16 13:43:00","","A285011001","A2850110",NA,"67"
"71",95,"A3430210","ECKARTSWILLER (OBERHOF)","la Zinsel du Sud",965.337,2433.937,982.45,88.900002,"S",115680,NA,NA,NA,NA,NA,"A3430210","ALTITUDE 194.00M
CARTE IGN 3714 ET Série bleue
station cpl avec capteur hydrologic lpn/8 modem RTC N°03 88 70 19 15
station AC 

HYDROMETRE gestionnaire: Guillaume PHILIPPS

SECURITE JAUGEAGES: 
Port des EPI Classiques: En effet les jaugeages de crues sont possibles à l'ADCP STREAM PRO à partir du pont amont station.
zéro de l'échelle 190.460 IGN 69","11/16/06 00:00:00",0,NA,NA,"",NA,NA,"02/17/17 15:11:00","","A343021001","A3430210",NA,"67"
"72",96,"A2380770","ERSTEIN  ILL - KRAFT CANAL DECHARGE","CANAL DE DECHARGE ILL",994.8,92.9,NA,3100,"S",115680,NA,NA,NA,NA,NA,"MURGIESSEN","
SITUATION: Route ERSTEIN-GERSTHEIM - PONT SUR LE CANAL DE DECHARGE DE L'ILL.

échelle installée en 1906 au pont RD426 (dit pont de gerstheim) ; 
COTE ZERO DE L'ECHELLE :  148.92 NN/ 149.14NGFortho

limnigraphe OTT X - 8 J installée le 01/02/1946

Depuis la suppression du barrage à aiguille, les jaugeages sont effectués au pont de la RD 468 à Erstein-Krafft en aval du croisement canal Rhin-Rhone / canal de décharge de l'Ill : les hauteurs associées à ces jaugeages sont lues sur l'échelle""historique"" de la RD426  (dit pont de Gerstheim).","12/30/99 00:00:00",10,NA,NA,"",NA,14914,"12/18/23 14:46:00","","A238077201","A2380772",NA,"67"
"77",117,"A0410300","SCHOENAU","MUHLBACH",994.45,2371.453,NA,NA,"S",115680,NA,NA,NA,NA,NA,"A0410300","Station de mesures installée le 17 Mars 2004.
Lieu: dans l'agglomération de Schoenau, au pont du Muhlbach, en rive gauche.
Cabine GROLLEAU N° OSLCT76957 N° Série 6 du 01/12/2003.

MONOPHEME GSM N° 040213.
Marque : ALCYR, Christian BURGER;  18, allée des Fauvettes, 92 160 ANTHONY/ Tel: 01 40 96 91 21 fax: 01 40 96 91 24
Fabricant : ELECTOSTRUCTURE; 14 rue de la Gare, 77 163 MORTCERF/ Tel: 01 64 65 26 13 Fax: 01 64 65 26 14

Sonde Endress+Hauser WaterpilotFMX 167-A1ABB1A7 (4-20mA); amplitude 0à 0.2 bar; L=5m.
Echelle (1m.) installée en rive gauche, le 17 Mars 2004.

SECURITE:
Le véhicule se gare sans danger particulier.
L'accès à la station ne pose pas de problème.

Jaugeage au moulinet:
Pas de problèmes particuliers.

Jaugeage au saumon:
Possible à partir du pont.

Jaugeage avec le STREAM-PRO méthode ADCP.
Pas de difficultés spécifiques.

RECOMMANDATIONS:
Jaugeage au moulinet: pour accéder à la rivière, la pente est nulle.
Jaugeage au SAUMON, mettre en oeuvre le chantier mobile et les EPI. 
Jaugeage STREAM PRO, mettre les EPI.
","05/23/05 00:00:00",0,NA,NA,"",NA,NA,"02/04/16 14:03:00","","A041030001","A0410300",NA,"67"
"79",119,"A2420200","HERBSHEIM","ZEMBS",992.232,2385.254,NA,NA,"S",115680,NA,NA,NA,NA,NA,"A2420200","





Station de mesures installée le 19 Mai 2004.
Altitude: 158m
LIEU: dans l'agglomération de HERBSHEIM, au pont de la D5 sur la ZEMBS, en rive droite.
Cabine GROLLEAU.
MONOPHEME N°
Marque : ALCYR, Christian BURGER;  18, allée des Fauvettes, 92 160 ANTHONY/ Tel: 01 40 96 91 21 fax: 01 40 96 91 24
Fabricant : ELECTOSTRUCTURE; 14 rue de la Gare, 77 163 MORTCERF/ Tel: 01 64 65 26 13 Fax: 01 64 65 26 14

Sonde KELLER 2078 (0-4mA) 20m.
Echelle (2 m.) installée par GESTION HYDRO.

SECURITE:
Le véhicule se gare sans danger.
L'accès à la station ne pose pas de problème.

Jaugeage au moulinet:
Pas de problèmes spécifiques la section est  régulière.

Jaugeage au saumon:
Possible à partir du pont de la D5 situé au droit de la station.

Jaugeage avec le STREAM-PRO méthode ADCP.
Possible à partir de la passerelle en amont.

RECOMMANDATIONS:
Jaugeage au moulinet: pour accéder à la rivière, il y a risque de chute en cas de glissade sur le talus.
Jaugeage au SAUMON, mettre en oeuvre le chantier mobile et les EPI. 
Jaugeage STREAM PRO sans danger spécifique à partir de la passerelle.

","05/06/05 00:00:00",0,NA,NA,"",NA,NA,"02/04/16 14:01:00","","A242020101","A2420201",NA,"67"
"80",120,"A0520033","BOOFZHEIM-RIED","NEUERGRABEN",997.116,2383.275,NA,NA,"S",115680,NA,NA,NA,NA,NA,"A0530033","
coordonnées lambert : Benfeld 1-2
Station de mesures installée le 7 avril 2005
Altitude: 157.5 m

Lieu: en aval du pont de la D5 (entre Boofzheim et Rhinau) sur le NEUERGRABEN, en rive gauche (entre le pont et la passerelle cycliste).

Cabine grolleau

MONOPHEME N° 040212 alimenté par une batterie, elle même chargée par un panneau solaire.
Marque : ALCYR, Christian BURGER;  18, allée des Fauvettes, 92 160 ANTHONY/ Tel: 01 40 96 91 21 fax: 01 40 96 91 24
Fabricant : ELECTOSTRUCTURE; 14 rue de la Gare, 77 163 MORTCERF/ Tel: 01 64 65 26 13 Fax: 01 64 65 26 14

Sonde KELLER n° 2087 (10m) Amplitude 4m

Echelle limnimétrique: 0-1m

SECURITE:
L'accès à la station est facile, mais l'arrêt du véhicule nécessite de se garer sur la piste cyclable qui longe la D5 en conséquence, il faut mettre en oeuvre les feux spéciaux et porter les EPI.

Jaugeages au MOULINET:
Pour accéder à la rivière il y a risque de glissade sur le talus;
Le  jaugeage au moulinet se fait sans difficultés particulières, il y a toutefois des bords trés envasés.

Jaugeage au SAUMON 
Possible à partir du pont mais le danger c'est qu'elle est trés fréquentée car il y a un super marché à proximité.

Pour le jaugeage avec la methode ADCP ou STREAM PRO, les EPI sont nécessaires. 

RECOMMANDATIONS:
Faire attention aux cyclistes.
Jaugeage au moulinet: Attention à la descente du talus: risque de glissade entrainant la chute dans la rivière.
Jaugeage au SAUMON, mettre en oeuvre le chantier mobile et les EPI. 
Jaugeage ADCP STREAM PRO mettre les EPI.","05/23/05 00:00:00",0,NA,NA,"",NA,NA,"01/08/21 16:03:00","","A052034001","A0520340",NA,"67"
"81",121,"A0520031","GERSTHEIM-MUHLBACH"," Le MUHLBACH",997.811,2390.959,NA,NA,"S",115680,NA,NA,NA,NA,NA,"A0520030","





Station de mesures installée le 11 avril 2005 
Altitude 152.5 m

Lieu: en aval du pont de la D320 sur le Muhlbach, en rive gauche.
Cabine GROLLEAU
Appareil d'acquisition type CR2M N° 5935 HDL 600
Sonde PARATRONIC N° 2840; Amplitude 0-3m; L = 10 m
Echelle 0-1m 

SECURITE: 
L'accès à la station se fait en arrêtant le véhicule sur l'accotement de la D320, c'est une route relativement fréquentée et la vitesse des véhicules qui circulent sur cette portion de ligne droite est élevée;
L'accès à l'échelle et au lit de la rivière se fait en descendant un talus.

Jaugeage à gué: 
La mesure au moulinet ne présente pas de difficultés ni de dangers spécifiques.

Jaugeage au saumon:
A partir du pont en empiétant sur la chaussée.

Jaugeages ADCP avec le STREAM PRO
A pied, à partir du pont. 

RECOMMANDATIONS:
Jaugeage au moulinet: Attention à la descente du talus: risque de glissade entrainant la chute dans la rivière.
Jaugeage au SAUMON, mettre en oeuvre le chantier mobile et les EPI. 
Jaugeage STREAM PRO, mettre les EPI.","08/10/05 00:00:00",0,NA,NA,"",NA,NA,"02/04/25 16:16:00","","A053031001","A0530310",NA,"67"
"82",123,"A0530750","OBENHEIM-ALTWEIL","ALTWEIL",996.202,2387.89,NA,NA,"S",115680,NA,NA,NA,NA,NA,"A0530750","





Station de mesures installée le 06 Mai 2004.
Lieu: en aval du pont de la D468 (entre Obenheim et Gerstheim) sur l'Altweil, en rive droite.
Cabine GROLLEAU N°313A11TM045 du 01/12/2003.
Monopheme N°
Marque : ALCYR, Christian BURGER;  18, allée des Fauvettes, 92 160 ANTHONY/ Tel: 01 40 96 91 21 fax: 01 40 96 91 24
Fabricant : ELECTOSTRUCTURE; 14 rue de la Gare, 77 163 MORTCERF/ Tel: 01 64 65 26 13 Fax: 01 64 65 26 14


Sonde KELLER 2076 (0-4mA) 20m.
Echelle (1 m.) installée le 06 Mai 2004.

SECURITE:
Accès à la station:
La route est fréquentée, la prudence doit être redoublée au droit de la station pour se garer sur l'accotement .

Jaugeage au moulinet:
Hormis la descente du talus aucune difficulté particulière, la section est régulière.

Jaugeage au saumon:
Une grande prudence est nécessaire, car il y a empiètement sur la quasi moitié de la chausséeet la visibilité pour les véhicules venant de Gerstheim réduite à cet endroit.

Jaugeage  ADCP / STREAM PRO:
Réalisable.


RECOMMANDATIONS:
Jaugeage au MOULINET: Attention à la descente du talus: risque de glissade entrainant la chute dans la rivière.
Jaugeage au SAUMON  : Mettre en oeuvre le chantier mobile et les EPI. 
Jaugeage ADCP           :  Revêtir les EPI.
                       
GP
","08/10/05 00:00:00",0,NA,NA,"",NA,NA,"02/04/16 14:00:00","","A053074001","A0530740",NA,"67"
"84",125,"A2230310","KOGENHEIM  (TOTAL = ILL + CANAL )"," L'Ill",NA,NA,NA,NA,"S",115680,NA,NA,NA,NA,NA,"A1223030","","05/25/04 00:00:00",NA,NA,NA,"",NA,NA,"02/04/16 13:49:00","","A236003001","A2360030",NA,"67"
"85",127,"A0430311","DIEBOLSHEIM","L ' ISCHERT",995.255,2379.03,NA,NA,"S",115680,NA,NA,NA,NA,NA,"A0430311","Station de mesures installée le 30 mars 2005
Altitude: 162.5 m

Lieu: près du pont sur l'Ischert (en direction de la Centrale Electrique de Rhinau), en rive gauche.
Cabine GROLLEAU N°B234 à l'inventaire + B 239 pour la rehausse.

MONOPHEME N° 040210 équipé d'un panneau solaire.
Marque : ALCYR, Christian BURGER;  18, allée des Fauvettes, 92 160 ANTHONY/ Tel: 01 40 96 91 21 fax: 01 40 96 91 24
Fabricant : ELECTOSTRUCTURE; 14 rue de la Gare, 77 163 MORTCERF/ Tel: 01 64 65 26 13 Fax: 01 64 65 26 14

Sonde KELLER n°208 Amplitude :4 m

Echelle: 0-1 m

SECURITE:
Le véhicule se gare sans danger particulier.
L'accès à la station ne pose pas de problème.

Jaugeage au moulinet:
Pas de problèmes spécifiques.

Jaugeage au saumon:
Possible à partir du pont.

Jaugeage avec le STREAM-PRO méthode ADCP.
Possible en HE.

RECOMMANDATIONS:
Jaugeage au moulinet: pour accéder à la rivière, il y a risque de chute en cas de glissade sur le talus.
Jaugeage au SAUMON, mettre en oeuvre le chantier mobile et les EPI. 
Jaugeage STREAM PRO, mettre les EPI.


","08/10/05 00:00:00",0,NA,NA,"",NA,NA,"02/04/16 14:01:00","","A052033001","A0520330",NA,"67"
"86",131,"A2260020","OHNENHEIM","la BLIND",982.27,2366.36,NA,NA,"S",115680,NA,NA,NA,NA,NA,"A2260210","






Station installée le 29 mars 2005
Altitude: 176m

Type: MONOPHENE GSM N° 040207
Marque : ALCYR, Christian BURGER;  18, allée des Fauvettes, 92 160 ANTHONY/ Tel: 01 40 96 91 21 fax: 01 40 96 91 24
Fabricant : ELECTOSTRUCTURE; 14 rue de la Gare, 77 163 MORTCERF/ Tel: 01 64 65 26 13 Fax: 01 64 65 26 14

Cabine GROLLEAU Série 7

Sonde ENDRESS/HAUSER N° 52006116; Waterpilot FMK 167- A1AB6187
L=10m
amplitude 0 à 0.2 bar


SECURITE:
L'accès à la station se fait par une route qui mène à un ancien Moulin actuellement habité.
L'accès à la station ne pose pas de problème particulier mais elle est trés fréquentée par les tracteurs.

Jaugeage au moulinet: 
La section au droit de la station est régulière.

Jaugeage au saumon:
Possible à partir du pont.

Jaugeage avec le STREAM-PRO méthode ADCP.
Possible.

RECOMMANDATIONS:
Jaugeage au moulinet: pour accéder à la rivière, il y a risque de chute en cas de glissade.
Jaugeage au SAUMON, mettre en oeuvre le chantier mobile et les EPI passage trés fréquent de tracteurs. 
Jaugeage STREAM PRO, mettre les EPI.


","05/23/05 00:00:00",NA,NA,NA,"",NA,NA,"02/04/25 16:24:00","","A226020101","A2260201",NA,"67"
"87",132,"A2860112","OBERSCHAEFFOLSHEIM","BRUCHE",992.3,110.25,NA,691,"S",115680,8.67,0.86,85,130,150,"A2860112","Arrêt station le 20 juin 1995 voir fiche HOLTZHEIM ACTUELLE



---
ANALYSE QUALITE COURBES TARAGE :
---
Jaug en crue ? NON
Jaug étiage ? OUI
Jaug moyen ? OUI

T du jaug maxi (gumbel) : N.R.
T du jaug mini (débits classés) : N.R.
Incertitudes ? Habituelles (5%)

Courbe de tarage stable ? NON 

Géométrie lit stable ? NON
Causes changement courbe ? Seuil noyé

EN CRUE :
Débordement en lit majeur ? NON
Totalité débit mesuré ? 
si non, estimation partie dérivée ?
Si débordement, cote de débordement ?
si oui, comment est prise en compte cela dans courbe ?

Présence ouvrage influençant écoulement et comment ? N.R.

Existe t il un contrôle aval ? N.R.

Extrapolation courbe :
Quelle méthode employée ? N.R.
Qualité globale de la partie extrapolée de la courbe ?

EN ETIAGE :
Ecoulements influencés par des rejets ? Non

Gêne de l'écoulement par de la végétation, ou autre ? non.

Présence ouvrage influençant écoulement et comment ? seuil pipe line SE

Existe t il un contrôle aval ? N.R.

Bilan sur Hydro :

Qualité des débits selon les années ? N.R.

Qualité des débits par gamme de débit ? N.R.

Etudes antérieures ayant étudié la qualité des courbes de tarage , réf ? N.R.
","03/07/06 00:00:00",10,NA,NA,"",NA,NA,"01/31/22 14:37:00","","A286011002","A2860110",NA,"67"
"88",133,"A2352021","SELESTAT (PONT RD 1083)","Le Giessen",980.14,2376.06,NA,260,"S",115680,3.42,0.13,51,82,100,"A2352021","carte ign selestat.ribeauville 3717 ET série bleue

Responsable et gestionnaire de la station: Guillaume PHILIPPS


STATION CPL /LPN/8

ALIMENTATION PAR CAPTEUR SOLAIRE
Télétransmission par ligne RTC N° 03 90  57 21 48


SECURITE:
L'accès à la station ne pose pas de problème.
Le véhicule se gare sans danger.

Jaugeage au moulinet: il s'effectue en amont du pont de la RN 83.
Pas de problèmes spécifiques; la limite en hauteur à l'échelle limni. pour le passage à gué est de 80 cm, en rive gauche les profondeurs sont plus importantes.

Jaugeage au saumon: Possible à partir du pont de la RN 83. 

Le risque est celui lié à la circulation routière en conséquence le chantier mobile est à mettre en oeuvre e le triangle triflash doit être levé et activé durant toute la durée du chantier.

Jaugeage avec le STREAM-PRO méthode ADCP à partir du pont de la RN 83.


RECOMMANDATIONS:
Jaugeage au moulinet: pour accéder à la rivière, il y a risque de chute en cas de glissade sur le talus.
Jaugeage au SAUMON, mettre en oeuvre le chantier mobile et les EPI. 
Jaugeage STREAM PRO: revêtir les EPI.
","11/16/06 00:00:00",0,NA,NA,"",NA,NA,"03/21/23 13:45:00","","A235020001","A2350200",NA,"67"
"95",148,"A2280350","CHASSEUR FROID ROBERTSAU_TOTAL","Ill",1001539,2416547,NA,4600,"S",115680,58.4,36,150,180,210,"A2280350","Station gérée par le SNS jusqu'au 01/09/2007, date de sa reprise par la DIREN Alsace (DREAL depuis le 01/01/2010)
Depuis le 26/10/2009, les horaires de cette station, sont exprimés en Temps Universel (TU).
L'hydromètre gestionnaire de cette station est Guillaume PHILIPPS.
Elle est actuellement équipée d'une CPL PARATRONNIC qui est reliée à 2 capteurs dits intelligents : 1 LPN/8 + 1 SEBA light.
N° téléphone: 03 88 45 75 04
Jaugeages: 
Les jaugeages pour cette station ne comportent aucun risque particulier concenant la méthode ADCP.
Pour avoir le débit au droit de la station, il faut effectuer un jaugeage sur l'Ill en aval du Pont PHARIO à partir de la passerelle qui relie la CITE DE L'ILL à LA STATION TRAM MARC BLOCH.
Pour jauger le canal de la papeterie, il faut le réaliser sur le pont du cimetière Nord de la ROBERTSAU en amont de la papeterie.Nous observons que ce débit est constant en effet tous les jaugeages effectués à ce jour, se situe entre 14 et 16 m3/s.
Le zéro de l'échelle :131.664 IGN 69","",0,NA,NA,"",NA,NA,"02/04/16 13:48:00","06/20/07 16:38:00","A228003001","A2280030",NA,"67"
"103",167,"A2244700","SAND STATION","Hanfgraben",NA,NA,NA,NA,"S",115680,NA,NA,NA,NA,NA,"A2244700","","",NA,NA,NA,"",NA,NA,"02/04/25 16:28:00","08/27/08 12:40:00","A237047001","A2370470",NA,"67"
"104",168,"A2407310","BINDERNHEIM","Lehgraben",990.65,79.5,NA,NA,"S",115680,NA,NA,NA,NA,NA,"A2407310","Carte 1/25000 :BENFELD 5-6

Station installée le 07/07/1978 et arrêtée le 05/01/1981","",10,NA,NA,"",NA,NA,"02/04/25 16:09:00","09/05/08 09:16:00","A241082001","A2410820",NA,"67"
"109",188,"A3120100","OBERMODERN","Moder",NA,NA,NA,NA,"S",115680,NA,NA,NA,NA,NA,"A3120100","","",NA,NA,NA,"",NA,NA,"02/04/16 13:58:00","10/07/14 16:07:00","A312000101","A3120001",NA,"67"
"110",1,"A1050310","ALTKIRCH","l'Ill",968.26,2303.46,826.53,233,"S",115680,2.45,0.53,43,60,72,"A1050310","    -  Mise  en  service  ( limnigraphe )  le :  20  Novembre 1962  ;
Nivellé par Faber/Schaller en novembre 2010","04/11/16 08:10:00",0,NA,NA,"",NA,28211,"04/11/16 08:16:00","","A105003001","A1050030",NA,"68"
"111",2,"A1350310","COLMAR (LADHOF)","l'Ill",975.792,2356.886,898.61,1784,"S",115680,19.7,3.3,150,210,240,"LADHOF","Les débits sont soutenus par un apport du Canal de Colmar                                                                                            - Station  ( limnigraphe )  mise en  service  le :  10  Novembre  1958
Echelle nivellé par Faber/Schaller en 2009 ( échelle inchangée)","04/11/16 08:26:00",0,NA,NA,"",NA,18130,"04/11/16 08:27:00","","A161003001","A1610030",NA,"68"
"112",3,"A1080330","DIDENHEIM","l'Ill",NA,NA,NA,656,"S",115680,6.57,0.96,100,140,170,"DIDENHEIM","Nivellé par Faber /Schaller en 2007
Cote inchangé depuis 1983
Rehausse du seuil en mai 1988","04/11/16 08:17:00",0,NA,NA,"",NA,24278,"04/11/16 08:17:00","","A116003002","A1160030",NA,"68"
"113",4,"A1000030","OLTINGUE","l'Ill",980.77,2288.77,NA,38.599998,"S",115680,NA,0.082,6,9,11,"A1000030","","03/30/16 09:12:00",0,NA,NA,"",NA,40177,"03/13/19 14:26:00","","A100003001","A1000030",NA,"68"
"114",5,"RNB20000","SIGOLSHEIM","la Weiss",970,2359.67,997.64,164,"S",115680,NA,NA,NA,NA,NA,"SIGOLSHEIM","","01/31/00 00:00:00",10,NA,NA,"",NA,NA,"02/26/25 15:25:00","","A213020001","A2130200",NA,"68"
"115",6,"RNB24000","HURST","la Lièpvrette",971.56,2376.18,NA,NA,"S",115680,NA,NA,NA,NA,NA,"HURST","","01/28/00 00:00:00",10,NA,NA,"",NA,NA,"02/26/25 15:05:00","","A234021101","A2340211",NA,"68"
"122",14,"A1122030","FRIESEN RD17","la Largue",962.59,295.86,NA,NA,"S",115680,NA,NA,22,30,35,"FRIESEN RD","Echelle mise en place en novembre 2010 et nivellé par Faber/Schaller.
Mise en service d'un CRM puis fin juin 2011 d'une CPL équipé d'une sonde piezo.
Raccordement au réseau téléphonique en septembre 2011.
Mise sur Vigie crue en juin 2011
Doublé par un radar en 2013","04/11/16 08:19:00",10,200,NA,"",NA,35059,"07/24/18 15:55:00","","A112010002","A1120100",NA,"68"
"123",15,"A1126210","VALDIEU","Rigole d'alimentation",NA,NA,NA,NA,"S",0,NA,NA,NA,NA,NA,"A1126210","","",NA,NA,NA,"",NA,NA,"02/26/25 15:36:00","","A112062201","A1120622",NA,"68"
"124",16,"A2052020","OSTHEIM","la Fecht",974.275,2363.15,99363,447,"S",115680,6.8,0.89,67,93,110,"A2052020","  -  Influence  de  ""batardeaux"" / = 100m. en aval de la station / sur les hauteurs  du plan d'eau  en période estivale                                                                                                                                                                                            - Station  mise  en service  en  Avril  1972 .
Nivellé par Faber/Schaller en 07/2002 ( échelle inchangée)

-Travaux aménagement lit rivière en octobre-novembre 2015.Suppression des batardeaux.","02/15/16 09:00:00",0,NA,NA,"",NA,17747,"01/11/23 15:06:00","","A214010001","A2140100",NA,"68"
"125",32,"A1252010","REININGUE","la Doller",966.904,2316.541,990.27,204,"S",115680,4.25,0.38,90,140,170,"REININGUE","  --  Mise  en  service  ( limnigraphe ) :  le  22  Nov. 1967 ;                                                                          --  Soutien  des  débits  d'étiage  par  apports  de  la  retenue  de  MICHELBACH ( Bge )  à  partir  de  1982  !!
Echelle nivellé par Faber/Schaller en 02/2002 (échelle inchangée)","04/11/16 08:25:00",0,200,NA,"",NA,26103,"04/11/16 08:25:00","","A125020001","A1250200",NA,"68"
"126",33,"A1222010","MASEVAUX","la Doller",949.572,2318.368,968.28,92,"S",115680,NA,NA,NA,NA,NA,"A1222010","       -  Mise  en  service  de la  station  ( limnigraphe ) :  le  21  Novembre  1962  -                                                -  Arrèt  de  la  station :  le  09  Aout  1999 ;   remplacée  par  celle  de  LAUW  ( A1222020 ) !!","08/14/00 00:00:00",0,NA,NA,"",NA,NA,"02/26/25 15:11:00","","A122201001","A1222010",NA,"68"
"127",34,"A1072010","WITTERSDORF","le Thalbach",970.97,2303.06,NA,70.5,"S",115680,0.59,0.055,11,17,21,"A1072010","  ----  Mise  en  service  ( limnigraphe )  le  :  14  Nov.  1980 ;                                                                                                                                                                                                                                                                       ** période  de  référence :  1981 / 2000  ( 20 ans )
Nivellé par Faber/Schaller en février 2002","04/11/16 08:16:00",0,NA,NA,"",NA,28029,"04/11/16 08:17:00","","A107020001","A1070200",NA,"68"
"128",36,"A1310310","ENSISHEIM","l'Ill",974.75,2330.575,868.06,1038,"S",115680,11.6,0.41,150,210,240,"A1310310","    -   Mise  en  service  ( limnigraphe )  le  :  16  Janvier  1957  ;
Nivellement réalisé le 17/08/2023 MJ/VM/EP : 213.78m pour le 0 de l'échelle","04/11/16 08:25:00",0,NA,NA,"",NA,21377,"08/17/23 13:41:00","","A133003001","A1330030",NA,"68"
"129",67,"RNB11000","ENSISHEIM"," LA THUR",973.912,2330.675,NA,273,"S",115680,NA,NA,NA,NA,NA,"ENSITHUR","","03/12/02 00:00:00",10,NA,NA,"",NA,NA,"02/26/25 15:02:00","","A146020001","A1460200",NA,"68"
"130",37,"RNB13000","OBERHERGHEIM","l'Ill",977.767,2341.981,881.4,1290,"S",115680,13,0.575,150,220,270,"A1320310","    -  Station  ( limnigraphe )  mise  en  service  le :  10  Septembre  1970 ;     antérieurement :  échelle  limnimétrique  avec  seulement  1 lecture  par  jour !!!","01/24/01 00:00:00",0,NA,NA,"",NA,NA,"02/26/25 15:15:00","","A147003001","A1470030",NA,"68"
"131",39,"A1202030","SEWEN (VILLAGE)","la  Doller",942.2,2321.875,958.13,21.200001,"S",115680,1.11,0.12,22,32,38,"A1202030","  - Station  limnigraphique  mise  en  service  en  Juin 1974 ;  arrètée  en  Avril  1999 -                                                                                                -  Débits  de basses eaux  soutenus  en général  par des  restitutions  de  la  retenue   du  "" Lac d'ALFELD "" -","07/02/99 00:00:00",0,NA,NA,"",NA,NA,"02/26/25 15:25:00","","A120020501","A1200205",NA,"68"
"132",40,"A1122010","DANNEMARIE","la Largue",NA,NA,NA,129,"S",115680,NA,NA,NA,NA,NA,"A1122010","","06/08/99 00:00:00",0,NA,NA,"",NA,NA,"02/26/25 14:56:00","","A112020001","A1120200",NA,"68"
"133",41,"A1133010","TRAUBACH-LE-BAS","le Traubach",957.975,2305.887,997,19.9,"S",115680,0.27,0.025,8.5,11,13,"A1133010","   -  Mise  en  service  ( limnigraphe )  le :  31  Aout  1984 ;
Nivellé par DREAL le 31/07/2014 ( MD et TH )
Reprise des observations en 2014","04/11/16 08:53:00",0,NA,NA,"",NA,29445,"04/11/16 08:55:00","","A113030002","A1130300",NA,"68"
"134",42,"A1402020","WILDENSTEIN","la Thur",945.075,2340.96,949,7.6500001,"S",115680,0.37,0.044,7,9.7,12,"A1402020","  Station  mise  en  service  ( avec limnigraphe )  le :  16  Octobre  1979 -
Nivellé par Faber/Schaller en 09/2010 (échelle inchangée)","04/11/16 08:28:00",0,NA,NA,"",NA,56895,"04/11/16 08:28:00","","A140202001","A1402020",NA,"68"
"135",43,"A1436910","WILLER-SUR-THUR","le Wissbach",954.78,2327.61,NA,21.299999,"S",115680,0.37,0.025,4.8,6.9,8.2,"A1436910","    -  Station  ( limnigraphe )  mise  en  service  le :  09 Novembre 1979  ;","10/23/00 00:00:00",0,NA,NA,"",NA,NA,"02/26/25 15:38:00","","A143069001","A1430690",NA,"68"
"137",45,"A1502040","LINTHAL","la Lauch",956.27,2337.74,957.23,28.299999,"S",115680,0.89,0.18,6.9,9.6,11,"A1502040","   -   Mise  en  service  ( limnigraphe )  le  :  12  Juin  1975 ;
La crue de février 1990 a tout arraché(station , échelle)
Nivellé par faber/Schaller en 07/2002
Installation d'une tyrolienne en 10/2010 à la station de pompage","04/11/16 08:34:00",0,NA,NA,"",NA,49707,"04/11/16 08:34:00","","A150020001","A1500200",NA,"68"
"138",46,"A1522020","GUEBWILLER","la Lauch",964.255,2334.824,966.93,79.900002,"S",115680,1.67,0.2,18,24,29,"A1522020","  -  Date  de mise  en  service :  16/10/1975 
Nivellé par Faber/Schaller en 10/2009 (échelle inchangée)","04/11/16 08:34:00",0,NA,NA,"GUEBWILLER",68112,29014,"03/13/19 14:27:00","","A152020001","A1520200",NA,"68"
"139",47,"A1554020","WESTHALT2","l'Ohmbach",NA,NA,NA,42.599998,"S",0,NA,NA,NA,NA,NA,"A1554020","","",NA,NA,NA,"",NA,NA,"02/26/25 15:37:00","","A153030002","A1530300",NA,"68"
"140",49,"A2023030","STOSSWIHR","la Petite Fecht",NA,NA,NA,45.799999,"S",115680,1.41,0.26,15,22,26,"STOSSWIHR","Nivellé par Faber/Schaller en 07/2002","04/11/16 08:38:00",0,NA,NA,"",NA,43059,"04/11/16 08:40:00","","A202030001","A2020300",NA,"68"
"141",50,"A2035310","SOULTZBACH-LES-BAINS","le Krebsbach",NA,NA,NA,24,"S",115680,NA,NA,NA,NA,NA,"A2035310","","08/17/00 00:00:00",0,NA,NA,"",NA,NA,"02/26/25 15:25:00","","A203053001","A2030530",NA,"68"
"142",51,"A2040100","TURCKHEIM","la Fecht",NA,NA,NA,231,"S",115680,4.42,0.34,45,64,76,"TURCKHEIM","Nivellé par Faber/Schaller en 07/2002","04/11/16 08:42:00",0,NA,NA,"",NA,23567,"04/11/16 08:42:00","","A204010001","A2040100",NA,"68"
"143",52,"A2042010","WINTZENHEIM ( LA FORGE )","la Fecht",964.699,2351.826,975.75,211,"S",115680,5.1,0.735,55,80,100,"A2042010","    -   Station  ( limnigraphe )  mise  en  service  le  :  01 Janvier  1958  ; ","08/24/00 00:00:00",0,NA,NA,"",NA,NA,"02/26/25 15:39:00","","A204010101","A2040101",NA,"68"
"144",53,"A2073010","RIBEAUVILLE","le Strengbach",968.871,2367.308,992.23,31.700001,"S",115680,0.37,0.07,3.4,5,6.1,"A2073010","    -   Mise  en  service  ( limnigraphe )  le  :  25  Juin  1971 ;

    ----->  Arrêt  de la station :  le  10 Janvier 2003 !!","02/20/03 00:00:00",0,NA,NA,"",NA,NA,"03/24/23 15:45:00","","A215030001","A2150300",NA,"68"
"145",54,"A2102010","ORBEY","la Weiss",958.03,2357.75,NA,15.6,"S",115680,0.43,0.19,3.1,4.5,5.4,"A2102010","   -  Station  ( limnigraphe )  mise  en  service  le :  04 Novembre 1988 ;  appartenant  à  E.D.F. / Groupement  d'Exploitation  Hydraulique  d' Energie  Est  -  Usine  du  Lac Noir  dans le  cadre  de  la  gestion  des  retenues  du "" Lac Blanc ""  et  du  "" Lac Noir ""  !!","08/17/00 00:00:00",0,NA,NA,"",NA,NA,"02/04/25 10:15:00","","A210020001","A2100200",NA,"68"
"146",55,"A2113010","LAPOUTROIE","la Béhine",959.575,2361.287,NA,38.400002,"S",115680,0.97,0.17,9.8,12.4,14.1,"A2113010","    -  Station  ( limnigraphe )  mise  en  service  le :  14  Novembre  1983 ;
Nivellé par Faber Schaller en 07/2002","04/11/16 08:43:00",0,NA,NA,"",NA,41067,"07/12/23 15:12:00","","A211030001","A2110300",NA,"68"
"147",56,"A2122010","KAYSERSBERG (FRÉLAND-GARE)","la Weiss",962.812,2362.1,988.89,117,"S",115680,NA,0.645,NA,NA,NA,"A2122010","   -   Mise  en  service  ( limnigraphe )  le  :   ","10/11/00 00:00:00",NA,NA,NA,"",NA,NA,"01/19/21 15:35:00","","A212020002","A2120200",NA,"68"
"148",57,"A2322120","STE MARIE-AUX-MINES ( ECHERY )","la Liepvrette",NA,NA,980.48,18.799999,"S",115680,NA,NA,NA,NA,NA,"A2322120","","10/05/99 00:00:00",0,NA,NA,"",NA,NA,"01/19/21 15:50:00","","A232021001","A2320210",NA,"68"
"149",58,"A2332110","LIEPVRE","la Lièpvrette",967.752,2375.048,992.5,108,"S",115680,1.77,0.21,23.9,36.7,45.2,"A2332110","   -   Mise  en  service  ( limnigraphe )  le :
Nivellé par Faber/Schaller  en 02/2007","04/11/16 08:45:00",0,NA,NA,"",NA,25946,"07/12/23 15:14:00","","A234021001","A2340210",NA,"68"
"150",59,"A0220200","HEGENHEIM","le Lertzbach",990.44,2297.87,NA,15.6,"S",115680,0.11,0.035,6,9,11,"A0220200","   -  Mise  en  service  ( limnigraphe ) :  le  25 Janvier  1993 ;
Echelle nivellé par Faber/Schaller en février 2002
Doublage capteur par sonde en 2012","04/11/16 08:11:00",0,NA,NA,"",NA,27772,"04/11/16 08:12:00","","A022020001","A0220200",NA,"68"
"152",61,"A0220570","ST LOUIS","le Haesingerbach",NA,NA,NA,NA,"S",0,NA,NA,NA,NA,NA,"A0220570","","",NA,NA,NA,"",NA,NA,"02/26/25 15:29:00","","A023020001","A0230200",NA,"68"
"153",62,"RNB01000","BARTENHEIM","l'Augraben",NA,NA,NA,NA,"S",115680,NA,NA,NA,NA,NA,"BARTENHEIM","","12/06/00 00:00:00",NA,NA,NA,"",NA,NA,"02/26/25 14:53:00","","A023020101","A0230201",NA,"68"
"154",63,"A0220650","BLOTZHEIM","le Liesbach",NA,NA,NA,8.1999998,"S",115680,NA,NA,NA,NA,NA,"A0220650","","12/21/00 00:00:00",NA,NA,NA,"",NA,NA,"02/26/25 14:54:00","","A022065001","A0220650",NA,"68"
"158",69,"I0000002","SAUSHEIM","QUATELBACH",NA,NA,NA,NA,"S",115680,NA,NA,NA,NA,NA,"I0000002","","05/20/98 00:00:00",NA,NA,NA,"",NA,NA,"02/26/25 15:19:00","","A133043201","A1330432",NA,"68"
"162",73,"A1470030","SUNDHOFFEN","l'ILL",976000,2353000,892,1316,"S",115680,14.5,0.53,150,190,210,"I0000001","  -----   Mise  en  service  ( limnigraphe )  le :  29  Octobre  1997 ;
Nivellé par Faber/Schaller en 07/2002
Station déplacé en RG sur la digue en 08/2006 (meme cote)","04/11/16 08:31:00",0,NA,NA,"",NA,18974,"04/11/16 08:31:00","","A147004001","A1470040",NA,"68"
"163",76,"A1150200","SPECHBACH-LE-BAS","la Largue",966.8,2307.26,994.2,238.89999,"S",115680,2.98,0.25,54,76,90,"A1150200","En HE mesures des ponceaux (5) en RD","04/11/16 08:22:00",0,200,NA,"",NA,26293,"04/11/16 08:22:00","","A115020001","A1150200",NA,"68"
"165",78,"A2012020","MUHLBACH-SUR-MUNSTER","la Fecht",954.43,2346.84,NA,74,"S",115680,2.97,0.44,29,40,47,"MUHLBACH","Remise en service le 18/07/2007 à 14h00.
Nivellé par Faber/Schaller en 10/2009 (échelle inchangée)","04/11/16 08:40:00",10,NA,NA,"",NA,43911,"04/11/16 08:40:00","","A201010001","A2010100",NA,"68"
"166",79,"RNB21000","GUEMAR","la Fecht",976.51,2366.35,NA,NA,"S",115680,NA,NA,NA,NA,NA,"GUEMAR","","01/28/00 00:00:00",10,NA,NA,"",NA,NA,"02/26/25 15:03:00","","A216010001","A2160100",NA,"68"
"169",82,"A1554030","WESTHALTEN (3)","l'Ohmbach",NA,NA,992,41.200001,"S",115680,NA,NA,NA,NA,NA,"A1554030","","10/04/99 00:00:00",0,NA,NA,"",NA,NA,"02/26/25 15:37:00","","A153030003","A1530300",NA,"68"
"174",94,"I0000003","SAUSHEIM (ÉCLU.43)","le Canal du R./ R. déclassé",NA,NA,NA,NA,"S",115680,NA,NA,NA,NA,NA,"I0000003","","11/22/99 00:00:00",0,NA,NA,"",NA,NA,"02/26/25 15:20:00","","A034002201","A0340022",NA,"68"
"175",95,"I0000004","HOMBOURG","Canal de la Hardt",NA,NA,NA,NA,"S",115680,NA,NA,NA,NA,NA,"I0000004","","05/20/98 00:00:00",10,NA,NA,"",NA,NA,"11/29/24 10:43:00","","A034030201","A0340302",NA,"68"
"177",98,"A1152010","ILLFURTH","la Largue",NA,NA,NA,275,"S",115680,NA,NA,NA,NA,NA,"A1152010","","04/23/99 00:00:00",0,NA,NA,"",NA,NA,"02/26/25 15:06:00","","A115084001","A1150840",NA,"68"
"178",97,"A1122020","FRIESEN","la Largue",NA,NA,968.05,91,"S",115680,1.16,0.29,22,30,35,"A1122020","Novembre 2010 :Mise en place d'un appareil au pont amont pour caler les hauteurs/débits, en période de crue, à la station
Nivellement échelle en février 2007 (echelle inchangé )","04/11/16 08:20:00",0,165,NA,"",NA,34972,"04/11/16 08:21:00","","A112010001","A1120100",NA,"68"
"179",100,"A1222020","LAUW","la Doller",949.98,2317.72,NA,92.5,"S",115681,NA,NA,NA,NA,NA,"LAUW","","02/22/00 00:00:00",0,NA,NA,"",NA,NA,"02/26/25 15:11:00","","A122201002","A1222010",NA,"68"
"180",101,"A1402030","KRUTH  PT IV","THUR",NA,NA,NA,NA,"S",115680,NA,NA,NA,NA,NA,"PT  IV","","02/10/00 00:00:00",0,NA,NA,"",NA,NA,"02/26/25 15:10:00","","A140020001","A1400200",NA,"68"
"190",112,"A1462050","PULVERSHEIM","THUR",NA,NA,NA,NA,"S",115680,6.14,0.93,67,97,120,"A1462050","Nivellé par Faber/Schaller en 07/2002","04/11/16 08:30:00",0,NA,NA,"",NA,23167,"04/11/16 08:30:00","","A146020302","A1460203",NA,"68"
"194",119,"A2250200","RIEDWIHR","Blind",NA,NA,NA,NA,"S",115680,NA,NA,NA,NA,NA,"A2250200","Arrêt des observations en janvier 2016","04/11/16 08:45:00",0,NA,NA,"",NA,NA,"04/11/16 08:50:00","","A225020001","A2250200",NA,"68"
"195",120,"A2120200","KAYSERSBERG","WEISS",NA,NA,NA,NA,"S",115680,NA,0.48,24,33,38,"A2120200","Nivellé par Faber/Schaller en 02/2007
Le QMNA5 est estimé à partir du qmna5 de Fréland (- 100l/s)","04/11/16 08:44:00",0,NA,NA,"",NA,29812,"01/18/22 14:28:00","","A212020001","A2120200",NA,"68"
"196",121,"A1242010","BURNHAUPT LE HAUT","Doller",NA,NA,NA,NA,"S",115681,4.07,NA,NA,NA,NA,"A1242010","Nivellé par Faber/Schaller en 2007 ( échelle inchangée)","04/11/16 08:23:00",0,NA,NA,"",NA,29613,"04/11/16 08:24:00","","A124020101","A1240201",NA,"68"
"197",122,"A2030100","WIHR AU VAL","Fecht",NA,NA,NA,NA,"S",115680,5.1,0.45,55,80,100,"A2030100","Nivellé par Faber/Schaller en 02/2007
Les débits de crue, sont celles de Wintzenheim La Forge","04/11/16 08:41:00",0,NA,NA,"",NA,30474,"04/11/16 08:41:00","","A204010201","A2040102",NA,"68"
"201",127,"C0000007","ALTKIRCH","Ill",NA,NA,NA,NA,"S",115680,NA,NA,NA,NA,NA,"ALTKIRCH","","",0,NA,NA,"",NA,NA,"11/07/17 13:59:00","02/23/09 15:00:00","A105003001","A1050030",NA,"68"
"210",136,"A2102011","ORBEY (CD68)","Weiss",959317,2358587,NA,33.599998,"S",115680,NA,NA,NA,NA,NA,"ORBEY","","12/20/10 08:32:00",NA,NA,NA,"",NA,46631,"03/13/19 14:29:00","12/20/10 08:32:00","A210020101","A2100201",NA,"68"
"213",139,"A1300300","SAUSHEIM","Ill",975830,320575,NA,917,"S",115680,NA,NA,NA,NA,NA,"SAUSHEIM","Station CG mise en place en mars 2011. Mis en banque hydro en  janvier 2014
Nivellé par DREAL le 31/07/2014 par MD et TH
Superficie du BV calculée via un MNT par Irstea Antony (2019)","04/11/16 09:00:00",0,NA,NA,"",NA,22885,"02/25/19 10:25:00","03/30/11 08:29:00","A130000101","A1300001",NA,"68"
"214",140,"C0000018","ILLZACH QUAT","Quatelbach",NA,NA,NA,NA,"S",115680,NA,NA,NA,NA,NA,"ILLZACH","Station CG 68 mise en service en mars 2011","",0,NA,NA,"",NA,NA,"10/10/19 14:21:00","03/30/11 08:30:00","A133043301","A1330433",NA,"68"
"215",142,"A1502030","LAC DE LA LAUCH","Lauch",NA,NA,NA,NA,"S",115681,NA,NA,NA,NA,NA,"LACDELAUCH","Mesures effectuées dans le chenal de sortie","",NA,NA,NA,"",NA,NA,"02/26/25 15:11:00","06/22/11 16:37:00","A150020101","A1500201",NA,"68"
"217",145,"A1080340","BRUNSTATT","Ill",NA,NA,NA,NA,"S",115681,NA,NA,NA,NA,NA,"BRUNSTATT","Echelle CG68","",NA,NA,NA,"",NA,NA,"02/26/25 14:54:00","02/08/13 08:20:00","A116003003","A1160030",NA,"68"
"219",147,"A1560205","ROUFFACH","Lauch",971257,340756,NA,265,"S",115680,NA,NA,NA,NA,NA,"ROUFFACH","nouvelle echelle en place en RG. L'ancienne est laissée afin de servir de comparaison.Les mesures antérieures à 2014, sont calées sur l'ancienne echelle en RD.","02/12/16 10:29:00",0,NA,NA,"",NA,20103,"04/11/16 09:10:00","02/03/14 15:02:00","A156020101","A1560201",NA,"68"
"220",148,"C00000022","HIRTZFELDEN CRR","Canal Rhone RHIN",NA,NA,NA,NA,"S",115680,NA,NA,NA,NA,NA,"HIRTZFELDE","","",0,NA,NA,"",NA,NA,"02/26/25 15:04:00","02/13/14 07:32:00","A034030301","A0340303",NA,"68"
"222",150,"A1210205","KIRCHBERG","DOLLER",946325,320600,NA,59.599998,"S",115680,NA,NA,NA,NA,NA,"KIRCHBERG","Mis en service en mars 2014","04/11/16 09:02:00",0,NA,NA,"",NA,NA,"04/11/16 09:03:00","03/10/14 14:30:00","A121000101","A1210001",NA,"68"
"223",151,"C0000022","BERENTZWILLER","Thalbach",NA,NA,NA,NA,"S",115680,NA,NA,NA,NA,NA,"BERENTZWIL","Station uniquement jaugée en moyennes et hautes eaux","01/24/24 13:07:00",0,NA,NA,"",NA,NA,"01/24/24 13:07:00","10/23/14 16:21:00","A106000101","A1060001",NA,"68"
"224",38,"A1202050","SEWEN (LERCHENMATT)","la Doller",940.875,2321.138,956.45,8.5,"S",115680,0.45,0.029,9.5,14,16,"A1202050","    -  Mise  en  service  (limnigraphe)  le :  15 Octobre 1991 ;                                                                                                       ----  en  remplacement  de  la  station  de  Lerchenmatt - Aval  ( = A1202020 ) ;
Nivellé par Faber/Schaller  en 07/2002 (échelle inchangée)","04/11/16 08:22:00",0,NA,NA,"",NA,59713,"04/11/16 08:23:00","","A120020302","A1200203",NA,"68"
"225",35,"A1432010","WILLER-SUR-THUR","la Thur",954.221,2326.459,971.13,159,"S",115680,5.3,1.1,57,81,98,"A1432010","","04/11/16 08:29:00",0,NA,NA,"",NA,36561,"04/11/16 08:30:00","","A143020002","A1430200",NA,"68"
"226",123,"A0410301","BALTZENHEIM","Muhlbach ou Grünngiessen",NA,NA,NA,NA,"S",115680,NA,NA,NA,NA,NA,"BALTZENHEI","Nivellé par DREAL (MD et SL le 26/07/2011)","04/11/16 08:52:00",0,NA,NA,"",NA,18141,"04/11/16 08:52:00","","A041030101","A0410301",NA,"68"
"227",153,"A2052010","BENNWIHR GARE","Fecht",NA,NA,NA,NA,"S",367670,NA,NA,NA,NA,NA,"A2052010","","",NA,NA,NA,"",NA,NA,"12/09/19 13:48:00","05/09/19 11:10:00","A214010102","A2140101",NA,"68"
"228",154,"A2260321","GUEMAR (ERLEN)","RUISSEAU DES ERLEN",1031167,6798262,NA,0,"S",367670,NA,NA,NA,NA,NA,"GUEMAR (ER","Nouvelle station du Réseau Ried, installée le 08/08/2019.","",0,145,NA,"GUEMAR",68113,NA,"01/28/25 13:59:00","11/25/19 10:13:00","A226032101","A2260321",NA,"68"
"229",141,"A1160031","ILLZACH V_ILL","Vieille Ill",NA,NA,NA,NA,"S",115680,NA,NA,NA,NA,NA,"ILLZACH VI","Mise en service semaine 19 (année 2011)","",NA,NA,NA,"",NA,NA,"02/14/24 13:06:00","05/18/11 08:28:00","A116003101","A1160031",NA,"68"
"230",155,"A2220001","COLMAR (RIED)","Riedbrunnen",NA,NA,NA,NA,"S",115681,NA,NA,NA,NA,NA,"","Station installée en Novembre 2019 en collaboration avec le BRGM. Nouveau réseau Ried.","",NA,NA,NA,"COLMAR",NA,NA,"12/14/20 15:27:00","12/14/20 15:13:00","A222000101","A2220001",NA,"68"
"231",156,"A1080320","BRUNSTATT_DREAL","ILL",NA,NA,NA,NA,"S",115681,NA,NA,NA,NA,NA,"","","",NA,NA,NA,"",NA,NA,"12/13/21 14:56:00","12/13/21 14:56:00","A116003004","A1160030",NA,"68"
"233",157,"A215030101","AUBURE","Strengbach",NA,NA,NA,NA,"S",367670,NA,NA,NA,NA,NA,"","","",NA,NA,NA,"",NA,NA,"02/03/23 08:33:00","02/03/23 08:33:00","A215030101","A2150301",NA,"68"
"234",75,"A147004101","MEYENHEIM","l'Ill",975.15,2335.6,NA,NA,"S",115680,NA,NA,NA,NA,NA,"MEYENHEIM","Nivellement réalisé le 17/08/2023 MJ/VM/EP : 204.95","01/26/00 00:00:00",10,NA,NA,"",NA,20495,"02/14/24 11:59:00","","A147004101","A1470041",NA,"68"
"235",152,"C0000002A","OBERSAASHEIM","Canal Rhon rhin",NA,NA,NA,NA,"S",115680,NA,NA,NA,NA,NA,"OBERSAASHE","","",0,NA,NA,"",NA,NA,"02/26/25 15:18:00","05/27/15 07:46:00","A034030401","A0340304",NA,"68"
"236",48,"A1562210","UNGERSHEIM","la Vieille Thur",NA,NA,NA,NA,"S",0,NA,NA,NA,NA,NA,"A1562210","","",NA,NA,NA,"",NA,NA,"02/26/25 15:33:00","","A157022401","A1570224",NA,"68"
"237",1,"K1173210","MONTCEAUX L'ETOILE","Arconce",731860,2152310,NA,598.70001,"S",430450,5.61,0.348,68.2,104,128,"K1173210"," Mise à jour Débits caractéristiques le 16/04/2025","10/16/20 09:53:00",0,NA,NA,"",NA,NA,"04/16/25 16:36:00","","K117321001","K1173210",1,"Loire"
"238",4,"K1391810","LE VERDIER","Arroux",726690,2167690,NA,3166,"S",430450,34.2,2.35,295,372,423,"K1391810"," Mise à jour Débits caractéristiques le 16/04/2025","12/26/00 00:00:00",0,NA,NA,"",NA,NA,"04/16/25 16:12:00","","K139181001","K1391810",1,"Loire"
"239",7,"K4793010","CHAILLES","Cosson",572.841,6717.275,NA,740,"S",430450,2.94,0.138,21.7,38.3,49.3,"K4793010","Cette station est située sur la commune de Chailles (41) au pont de la départementale D751, en direction de Blois.
Type de contrôle: seuil en béton en aval de la station
Equipement: PLQ 2000 2400BD Téléphone: 02.54.79.49.41 nivellement  01/09/1990 

Mise à jour débits caractéristiques le 23/04/2025.
","02/03/98 00:00:00",0,NA,34,"",NA,6407,"04/23/25 09:29:00","02/03/98 00:00:00","K479301001","K4793010",1,"Loire"
"240",13,"K1341810","RIGNY/ARROUX","Arroux",730160,2171860,NA,2277,"S",430450,27.2,1.22,248,338,398,"K1341810","Mise à jour Débits caractéristiques le 15/04/2025","12/26/00 00:00:00",0,NA,NA,"",NA,NA,"04/15/25 16:01:00","","K134181001","K1341810",1,"Loire"
"241",14,"K1773010","VERNEUIL","Aron",694500,2206520,NA,1465,"S",430450,17.5,1.13,186,236,269,"K1773010"," Mise à jour Débits caractéristiques le 16/04/2025","12/26/00 00:00:00",0,NA,NA,"",NA,NA,"04/16/25 11:34:00","","K177301001","K1773010",1,"Loire"
"242",15,"K3650810","CUFFY (LE GUÉTIN)","Allier",655850,2216600,NA,14310,"S",430450,138,22.9,554,796,956,"K3650810"," Mise à jour Débits caractéristiques le 16/04/2025","02/03/98 00:00:00",0,NA,NA,"CUFFY",NA,NA,"04/16/25 16:21:00","","K365081001","K3650810",1,"Loire"
"243",16,"K3400810","CHATEL-DE-NEUVRE","ALLIER",675390,2156330,NA,12430,"S",430450,113,23.1,578,812,967,"K3400810","Mise à jour des débits caractéristiques le 02/05/2025","02/03/98 00:00:00",0,NA,NA,"CHATEL-DE-NEUVRE",NA,NA,"05/02/25 15:18:00","","K340081001","K3400810",1,"Loire"
"244",17,"K3450810","MOULINS","Allier",675630,2173900,NA,12980,"S",430450,130,24.3,581,799,943,"K3450810","Mise à jour des débits caractéristiques le 02/05/2025","02/03/98 00:00:00",0,NA,NA,"",NA,NA,"05/02/25 15:22:00","","K345081001","K3450810",1,"Loire"
"245",20,"K1563020","SAINT-POURCAIN-SUR-BESBRE","La Besbre",701030,2164930,NA,710,"S",430450,7.75,0.656,58.4,86.7,105,"K1563020"," Mise à jour Débits caractéristiques le 16/04/2025","02/03/98 00:00:00",0,NA,NA,"SAINT-POURCAIN-SUR-BESBRE",NA,NA,"04/16/25 16:46:00","","K156302001","K1563020",1,"Loire"
"246",21,"K1321810","ETANG SUR ARROUX","Arroux",741330,2207550,NA,1798,"S",430450,22.2,1.06,229,316,374,"K1321810"," Mise à jour Débits caractéristiques le 15/04/2025","10/16/20 09:52:00",0,NA,NA,"",NA,NA,"04/15/25 15:53:00","","K132181010","K1321810",1,"Loire"
"247",24,"K5383020","HERISSON","Aumance",628890,2167600,NA,920,"S",430450,5.38,0.108,94.1,154,194,"K5383020","Mise à jour des débits caractéristiques le 17/04/2025","02/03/98 00:00:00",0,NA,NA,"HERISSON",3127,19197,"04/18/25 15:12:00","","K538302001","K5383020",1,"Loire"
"248",26,"K5400920","ST AMAND MONTROND","Le Cher",611810,2192170,NA,3492,"S",430450,27.2,2.6,240,366,449,"K5400920","MISE A JOUR DEBITS CARACTERISTIQUES LE 02/05/2025.","01/04/16 16:27:00",0,NA,NA,"STAMAND MONROND",18197,14986,"05/02/25 09:57:00","","K540092001","K5400920",1,"Loire"
"249",29,"K6192420","MÉREAU [ALNAY]","Arnon",626.739,6675.975,NA,2164,"S",430450,11.7,1.66,87.2,133,164,"K6192420","Contrôle: Seuil Béton à l'amont, au pied du Pont.  Equipement: PLQ 2000 2400BD Téléphone: 02.48.52.83.67
Mesures de crues faites au pont de Méreau, 2 km en amont de la station 
mars 2017: Interlocuteur du conseil départemental pour les travaux sur le pont de Méreau(mesure en crue): Fabrice Bruneau tél 0682917242

Mise à jour Débit caractéristiques le 24/04/2025","12/23/15 11:40:00",0,NA,NA,"",NA,9794,"04/24/25 11:19:00","09/01/96 00:00:00","K619242001","K6192420",1,"Loire"
"250",30,"K5712310","FOECY","Yevre",637.081,6676.655,NA,1970,"S",430450,14,1.37,64.6,91,108,"K5712310","MISE A JOUR DEBITS CARACTERISTIQUES LE 02/05/2025.","12/14/00 00:00:00",0,NA,NA,"",NA,NA,"05/02/25 10:02:00","","K571231001","K5712310",1,"Loire"
"252",32,"K6492510","SELLES ST ANDRE [HS]","La Sauldre",539180,2254880,NA,2254,"S",430450,14.8,1.69,87.5,121,143,"K6492510","Station influencée par les crues du Cher à partir de 350 m3/s

Débits caractéristiques mis à jour le 16/04/2025","03/10/00 00:00:00",0,NA,NA,"",NA,NA,"04/16/25 17:03:00","","K649251001","K6492510",1,"Loire"
"253",33,"K6500910","CHÂTILLON-SUR-CHER","Le Cher",585.686,6686.625,NA,11540,"S",430450,71.9,7.49,398,555,658,"K6500910","Cette station est située sur la commune de Châtillon sur Cher (41) dans le bâtiment attenant à l'ancienne maison éclusière en aval de l'écluse direction Meusnes.
Contrôle: seuil naturel-Equipement : PLQ 2000- 9600BD Téléphone: 02.54.71.54.40
Temps de propagation moyen entre Selles-Thizardière et Chatillon -> 2h 

Mise à jour débits caractéristiques le 23/04/2025.
","12/23/15 11:41:00",0,NA,NA,"",NA,6947,"04/23/25 09:51:00","01/01/93 00:00:00","K650091001","K6500910",1,"Loire"
"254",39,"K7022620","MONTGIVRAY","Indre",621.858,6611.684,NA,227,"S",430450,1.4,0.1,20.5,29.7,35.7,"K7022620","station utilisée de 1992 à 1995 puis reprise en 2008

Mise à jour débits caractéristiques le 17/04/2025
","02/06/98 00:00:00",0,NA,NA,"",NA,19218,"04/18/25 07:34:00","09/01/92 00:00:00","K702262001","K7022620",1,"Loire"
"255",40,"K7202610","ARDENTES (HAUTEURS)","Indre",610.732,6627.512,NA,697,"S",430450,5.08,0.351,58,89,110,"K7202610","Mise à jour débits caractéristiques le 17/04/2025","02/06/98 00:00:00",0,NA,NA,"ARDENTES",36005,15517,"04/18/25 07:39:00","","K720261001","K7202610",1,"Loire"
"256",41,"K7312610","SAINT-CYRAN-DU-JAMBOT","Indre",557.72,6659.115,NA,1712,"S",430450,12.8,1.53,95,150,190,"K7312610","Mise à jour des débits caractéristiques le 17/04/2025","02/06/98 00:00:00",0,NA,NA,"",NA,8002,"04/18/25 07:47:00","","K731261001","K7312610",1,"Loire"
"257",44,"K1930010","NEVERS","La Loire",663160,2220960,NA,17570,"S",430450,174,23.2,1010,1380,1620,"K1930010"," Mise à jour Débits caractéristiques le 16/04/2025","03/10/00 00:00:00",0,NA,NA,"",NA,NA,"04/16/25 16:19:00","","K193001010","K1930010",1,"Loire"
"258",45,"K4350010","ORLEANS PONT ROYAL","La Loire",567710,2322210,NA,36970,"S",430450,330,48.4,1400,1970,2340,"K4350010","Mise à jour débits caractéristiques le 23/04/2025.
","03/10/00 00:00:00",0,20,60,"",NA,NA,"04/23/25 08:02:00","","K435001010","K4350010",1,"Loire"
"259",46,"K4350020","ORLEANS QUAI","La Loire",NA,NA,NA,36970,"S",430450,330,48.4,1400,1970,2340,"K4350020","Mise à jour débits caractéristiques le 23/04/2025.
","08/05/03 00:00:00",0,NA,NA,"",NA,NA,"04/23/25 08:05:00","","K435001020","K4350010",1,"Loire"
"260",48,"K4470010","BLOIS","La Loire",574.96,6721.749,NA,38320,"S",430450,355,56.9,1440,1940,2280,"K4470010","Cette station est située sur la commune de Blois(41) dans le centre ville, à 50m en aval RD du pont historique. Les instruments sont dans un local situé dans le parking ""Valin de la Vaissière"" au niveau de la barrière d'entrée
Type de contrôle: naturel Les mesures d'étiage sont effectuées à la station de Onzain (Pt de Chaumont) à 17km en aval
Equipement: Station LNS et LPN8, alimentation secteur
01/09/2009 : Nivellement géomètre IGN 69

Mise à jour des débites caractéristiques le 17/04/2025","02/02/12 14:17:00",0,NA,NA,"BLOIS",41018,6597,"04/18/25 14:42:00","01/00/00 00:00:00","K447001001","K4470010",1,"Loire"
"261",49,"K4800010","ONZAIN [PONT DE CHAUMONT]","La Loire",563.67,6711.028,NA,40500,"S",430450,335,66.3,1500,2030,2380,"K4800010","Cette station est située sur la commune de Onzain(41), à 50m en aval RD  du pont de Chaumont. 
Type de contrôle: naturel - Equipement: Station CPL et capteur LPN8.  secteur. Echelle inclinée sur sa partie haute
01/09/2009  Nivellement géomètre(IGN 69)

Mise à jour des débits caractéristiques le 17/04/2025","02/17/12 14:15:00",0,NA,NA,"ONZAIN",41167,5964,"04/18/25 14:44:00","09/01/93 12:00:00","K480001001","K4800010",1,"Loire"
"262",50,"K4843010","COULANGES [HS]","La Cisse",567.281,6717.723,NA,490,"S",430450,NA,NA,NA,NA,NA,"K4843010","","12/23/15 11:39:00",0,NA,NA,"",NA,NA,"04/02/25 14:52:00","","K484000101","K4840001",1,"Loire"
"263",53,"K1383010","VITRY EN CHAROLAIS","La Bourbince",733620,2165490,NA,819,"S",430450,7.62,0.964,74.9,101,119,"K1383010","Mise à jour Débits caractéristiques le 15/04/2025","12/26/00 00:00:00",0,NA,NA,"",NA,NA,"04/15/25 16:22:00","","K138301001","K1383010",1,"Loire"
"264",55,"K4000010","GIVRY","La Loire",655780,2224460,NA,32610,"S",430450,305,52.1,1460,2020,2390,"K4000010"," Mise à jour Débits caractéristiques le 16/04/2025","03/10/00 00:00:00",0,NA,NA,"",NA,NA,"04/16/25 16:28:00","","K400001010","K4000010",1,"Loire"
"265",59,"K0030020","ISSARLES (PONT DE LA BORIE","LOIRE",782883,6413947,NA,226,"S",430450,1.49,0.42,100,220,290,"K0030020","","",NA,NA,NA,"",NA,88134,"12/17/15 15:34:00","08/30/13 16:00:00","K003002010","K0030020",NA,"Loire"
"266",74,"K4900030","TOURS [PONT MIRABEAU]","La Loire",526.55,6702.409,NA,42130,"S",430450,330,67.1,1520,2030,2380,"K4900030","K4900010 Wilson amont Rive Gauche a été remplacée par K4900020 station aval Wilson Rive Droite qui a été  remplacée par K4900030 Mirabeau
Cette station est située sur la commune de Tours(37) dans le centre ville, à l'aplomb aval RG  du pont Mirabeau. On accède à la station par l'entrée du parking sur berge situé au même endroit
Contrôle: naturel - Les mesures d'étiage sont effectuées à 4km en aval de la station, au lieu-dit "" la Guignière "" sur la commune de Fondettes
Equipement: Station CPL équipée de capteurs LPN8 et radar radio-télétransmis. Alimentation secteur
01/09/2009 : Nivellement géomètre (IGN 69)
08/03/2011 : Mise en service du capteur radar télétransmis sur la partie centrale du lit mineur - Dorénavant c'est la voie officielle des données hauteurs à traiter.

Mise à jour des débits caractéristiques le 17/04/2025
","02/14/12 17:34:00",0,NA,NA,"TOURS",37261,4295,"04/18/25 14:46:00","01/01/95 00:00:00","K490003010","K4900030",1,"Loire"
"267",75,"K6710910","TOURS [PONT SAINT SAUVEUR]","Le Cher",524.8,6699.493,NA,13615,"S",430450,81.5,9.19,421,591,704,"K6710910","Cette station est située sur la ville de Tours (31) au Pont St Sauveur, boulevard Louis XI,  qui relie Tours à Joué les Tours. 
Contrôle: Radier naturel.- Equipement : PLQ 2000- 2400 BD Téléphone: 02.47.37.97.04
La station peut être influençée par un ouvrage en aval. Au grands moulins de Ballan, une vanne régule la lame d'eau sur le déversoir. Mr Piaumier tél 02 47 53 00 15, employé du moulin, manoeuvre cette vanne deux par an. Il existe donc deux positions une, estivale et l'autre hivernale.
L'observation de l'environnement proche de la station laisse penser qu'une influence de la végétaion aquatique dans le lit sur les hauteurs enregistrées est possible.

Mise à jour débits caractéristiques le 23/04/2025.

","12/23/15 11:41:00",0,NA,NA,"",NA,4254,"04/23/25 09:53:00","","K671091001","K6710910",1,"Loire"
"268",76,"K4080010","ST SATUR-ST THIBAULT","Loire",NA,NA,NA,NA,"S",430450,285,52.5,1460,2070,2470,"K4080010","Mise à jour débits caractéristiques le 22/04/2025.","08/28/00 00:00:00",10,NA,NA,"",NA,NA,"04/23/25 07:40:00","","K408001001","K4080010",1,"Loire"
"269",77,"K6830020","LANGEAIS","Loire",503.95,6694.266,NA,56480,"S",430450,415,79.2,1720,2330,2740,"K6830020","Cette station est située sur la commune de Langeais(37), implanté dans un abri en contrebas du pont, coté aval RD. On accède à la station par l'accès au chemin de berge coté aval RD.
Objectif connu: Hydrologie générale et prévision des crues
Equipement: Station CPL équipée de capteur LPN8. Alimentation secteur
Evénements marquants:
01/01/1987: Départ des données hauteurs disponibles sur Hydro
01/01/1985: Départ des données débits disponibles sur Hydro
01/09/2009 : Nivellement de l'altitude du "" 0 "" de l'échelle historique de la 1ère pile coté RD du pont par un cabinet de géomètre - Echelle utilisée par l'hydrométrie
01/09/2009 : Nivellement de l'altitude du "" 0 "" de l'échelle inclinée 50m en amont du pont coté RD par un cabinet de géomètre-Cote (IGN 69): 36.463m
16/09/2011 : Remise en état des rappels d'échelle étiage et replacée à l'aplomb aval du pont, là où il y a la prise de pression du LPN8. Auparavant, ils étaient plutôt dans l'axe du pont. Photos

Mise à jour des débits caractéristiques le 17/04/2025","03/16/12 14:21:00",10,NA,NA,"LANGEAIS",37123,3451,"04/18/25 14:48:00","09/01/85 12:00:00","K683002001","K6830020",1,"Loire"
"270",78,"K5090910","CHAMBONCHARD 2 [HS]","CHER",NA,NA,NA,517,"S",430450,NA,NA,NA,NA,NA,"K5090910","remplace la K5090905, période du 3 juin 1966 au 12 juillet 2000
K509 0900 02 - Le Cher à Chambonchard - Rive droite aval pont vieille échelle","11/17/97 00:00:00",0,NA,NA,"",NA,NA,"04/02/25 15:57:00","06/03/66 00:00:00","K509090002","K5090900",NA,"Loire"
"271",79,"K5090900","CHAMBONCHARD (LA CABORNE)","Cher",616400,2130760,NA,NA,"S",430450,5.65,0.16,59,90,110,"K5090900","station cristal sur la pèriode du 16 janvier 2001 à nos jours","01/04/16 16:20:00",0,NA,NA,"CHAMBONCHARD",23046,31751,"04/16/25 15:42:00","01/01/12 00:00:00","K509090001","K5090900",1,"Loire"
"272",81,"K5143110","GOUZON","VOUEIZE",594108,2132947,NA,144,"S",430450,1.48,0.044,13,17,20,"K5143110","","01/04/16 16:11:00",0,NA,NA,"GOUZON",23093,NA,"01/04/16 16:11:00","","K514311001","K5143110",1,"Loire"
"273",82,"K5183010","EVAUX LES BAINS","TARDES",NA,NA,NA,854,"S",430450,NA,NA,NA,NA,NA,"K5183010","K518 3020 02 - La Tardes à Évaux-les-Bains","01/08/01 00:00:00",0,NA,NA,"",NA,NA,"04/02/25 15:59:00","","K518302002","K5183020",NA,"Loire"
"274",84,"K1833010","SAINT-GERMAIN-CHASSENAY","Acolin",683600,2198940,NA,389,"S",430450,2.42,0.646,26.3,44,55.8,"K1833010"," Mise à jour Débits caractéristiques le 16/04/2025","03/10/00 00:00:00",0,NA,NA,"SAINT-GERMAIN-CHASSENAY",NA,NA,"04/16/25 11:42:00","","K183301001","K1833010",1,"Loire"
"275",88,"K2010820","LAVEYRUNE (ROGLETON 2","ALLIER",771235,6390850,NA,48.799999,"S",430450,1.74,0.065,48,84,110,"K2010820","","09/10/97 00:00:00",0,NA,NA,"",NA,98365,"12/17/15 13:49:00","","K201082001","K2010820",NA,"Loire"
"276",92,"K0214010","ST GERMAIN LAPRADE (PANDRAUX)","GAGNE",777010,6435297,NA,109,"S",430450,1.42,0.091,37,60,75,"K0214010","Echelle station positionnée en aval immédiat de la pile RG du pont station.

Mise en charge hydraulique due l'arche du pont à partir 2.50-2.60m échelle  qui explique la 1ère inflexion du tracé de la courbe de tarage.
La deuxième inflexion correspondant au débordement sur le lit majeur situé en RD pour une gamme de hauteur au-delà de 3.50m.","12/17/15 15:44:00",0,350,NA,"",NA,65712,"04/08/22 14:13:00","","K021401001","K0214010",NA,"Loire"
"277",93,"K0253020","ESPALY [HS]","BORNE",NA,NA,NA,375,"S",430870,3.6,0.56,59,94,120,"K0253020","","11/13/97 00:00:00",0,NA,NA,"",NA,NA,"03/14/25 12:13:00","","K025302001","K0253020",NA,"Loire"
"278",96,"K0567520","ST DIDIER VELAY (LE CROUZET","SEMENE",797911,6469124,NA,128,"S",430450,1.87,0.2,31,51,64,"K0567520","","11/13/97 00:00:00",0,NA,NA,"",NA,64324,"12/17/15 16:33:00","","K056752001","K0567520",NA,"Loire"
"279",98,"K0643110","ST MARCELLIN EN FOREZ (VÉRINES)","MARE",788338,6488480,NA,96,"S",430450,0.865,0.11,13,23,29,"K0643110","","12/17/15 15:54:00",0,NA,NA,"",NA,42132,"12/17/15 15:54:00","","K064311001","K0643110",NA,"Loire"
"280",99,"K0690010","MONTROND LES BAINS","LOIRE",795562,6505614,NA,4832,"S",430450,45.6,6,580,970,1200,"K0690010","Débordements importants au delà de la côte echelle 600cm.
Incertitude importante courbe de tarage au delà de 3000m3 par seconde (cassure possible sur le tracé de la CT).
A vérifier sur modélisation hydraulique (Baratin -Mascaret).","12/17/15 15:59:00",0,600,NA,"",NA,33911,"03/02/18 13:35:00","","K069001001","K0690010",NA,"Loire"
"282",101,"K0753210","BOEN","LIGNON du FOREZ",777980,6516467,NA,371,"S",430450,5.4,0.65,59,86,100,"K0753210","","12/17/15 15:33:00",0,300,NA,"",NA,38254,"12/30/21 15:39:00","","K075321001","K0753210",NA,"Loire"
"283",102,"K0773220","PONCINS","LIGNON du FOREZ",NA,NA,NA,664,"S",430450,7.93,1.1,68,98,120,"K0773220","Nivellement 1992: le zero echelle se trouve à la cote 332.08 NGF.

En crue les premiers débordements interviennent pour une haut echelle de l'ordre de 220cm déjà 500m en amont RG générant dans un  premier temps une zone de stockage sur la zone du terrain de foot et tennis.
Une partie de cette masse d'eau revient s 'écouler sous le pont et l'autre va rejoindre le ruisseau RD qui passe sous la route entre poncins et Bruliole. que l'on jauge sur un ponceau .Débitance max de cet ouvrage 4.5 m3/s environ.

Pour les plus hautes eaux et sur la base du profil altimetrique, le débordement depuis l'amont  RG  au dessus de la route de Poncins  intervient à partir du niveau alti voisin de 334.9 m soit une côte échelle d'environ 2.80-2.90m .
Zone de cassure sur le tracé de la CT au voisinage de 2.80m- 2.90m.  

Pour les statistiques d'étiage sachant que le débit du Vizey à précivet est ""enthropisé"" par l'influence du canal du Forez lors des périodes estivales d'irriguation des culutures, elles ne sont pas pertinentes pour juger de la criticité de l'étiage.
Sur le secteur il faudra plutôt se baser sur la statistique d'étiage de la station de Boen sur lignon pour évaluer les périodes de retour pour les très bas débits.","11/14/97 00:00:00",0,280,NA,"",NA,33225,"04/18/24 15:22:00","10/15/92 17:55:00","K077322001","K0773220",NA,"Loire"
"284",103,"K0910010","VILLEREST","LOIRE",780645,6545250,NA,6603,"S",430450,65.5,12.9,593,940,1170,"K0910010","Mise à jour des débits caractéristiques le 02/05/2025","11/14/97 00:00:00",0,NA,NA,"",NA,26851,"05/02/25 15:31:00","","K091001010","K0910010",NA,"Loire"
"285",105,"K2075020","NAUSSAC (AVAL","DONOZAU",NA,NA,NA,55.200001,"S",430450,NA,NA,NA,NA,NA,"K2075020","","11/19/01 00:00:00",0,NA,NA,"",NA,88754,"04/18/24 15:35:00","","K207502001","K2075020",NA,"Loire"
"286",106,"K2090810","SAINT HAON ( NOUVEAU MONDE","ALLIER",758741,6415789,NA,517,"S",430450,11.6,3.2,200,350,440,"K2090810","","11/14/97 00:00:00",0,NA,NA,"",NA,73332,"12/17/15 14:11:00","","K209081001","K2090810",NA,"Loire"
"287",111,"K2330810","VIEILLE-BRIOUDE","ALLIER",732054,6462478,NA,2269,"S",430450,28.4,2.9,360,580,720,"K2330810","","11/14/97 00:00:00",0,NA,NA,"",NA,NA,"12/17/15 14:23:00","","K233081001","K2330810",NA,"Loire"
"288",117,"K2680810","VIC LE COMTE","ALLIER",715719,6506872,NA,5382,"S",430450,60.5,13.2,433,700,876,"K2680810","mis à jour le 08/03/2025","11/17/97 00:00:00",0,NA,NA,"",NA,NA,"04/08/25 10:18:00","","K268081001","K2680810",1,"Loire"
"289",118,"K2680820","COUDES","ALLIER",716466,6501746,NA,5327,"S",430450,50.7,13.7,420,658,816,"K2680820","mis à jour le 08/04/2025","11/17/97 00:00:00",0,NA,NA,"",NA,34754,"04/08/25 10:10:00","","K268082001","K2680820",1,"Loire"
"290",123,"K3030810","ST YORRE","ALLIER",735488,6551475,NA,8940,"S",430450,92.3,18,533,793,965,"K3030810","mis à jour le 08/03/2025","11/17/97 00:00:00",0,NA,NA,"",NA,NA,"04/08/25 10:29:00","","K303081001","K3030810",1,"Loire"
"291",129,"K2790810","LIMONS (PONT DE LIMONS)","ALLIER",734695,6541176,NA,7027,"S",430450,68.4,12.1,398,605,741,"K2790810","La côte de début de débordement  sur la RD entre Pont de Limons et Puy Guillaume été estimée lors de l'astreinte de jaugeage du 14 juin 2020 aux environ de 305cm à l'issue du 2ème jaugeage réalisé ce jour.
Pour la côte 310 cm lors du  troisième jaugeage une zone de débordement sur la RD apparait sur 50m avec une lame d'eau moyenne de 10cm.
mis à jour le 08/03/2025","11/21/97 00:00:00",0,305,NA,"",NA,NA,"04/08/25 10:24:00","","K279081001","K2790810",1,"Loire"
"292",141,"K0813020","ST GERMAIN LAVAL","AIX",776618,6526540,NA,190,"S",430450,2.91,0.23,33,47,57,"K0813020","","12/17/15 15:49:00",NA,NA,NA,"",NA,37692,"12/17/15 15:50:00","","K081302001","K0813020",NA,"Loire"
"293",145,"K0550010","BAS EN BASSET","LOIRE",787596,6466797,NA,3257,"S",430450,37.9,5.2,580,940,1200,"K0550010","","09/26/97 00:00:00",0,NA,NA,"",NA,44200,"04/18/24 15:09:00","","K055001010","K0550010",NA,"Loire"
"294",149,"K0454010","SAINTE-SIGOLENE [VAUBARLET]","DUNIERES",795.362,6458.0112,NA,228,"S",430450,3.12,0.4,36,58,72,"K0454010","Coordonnées en lambert 93","12/21/15 10:10:00",0,240,NA,"",NA,58200,"12/21/15 10:11:00","","K045401001","K0454010",NA,"Loire"
"295",150,"K4180010","GIEN VIEUX PONT","La Loire",622180,2298160,NA,35500,"S",430450,323,58,1510,2050,2410,"K4180010","Mise à jour débits caractéristiques le 23/04/2025.
","06/23/03 00:00:00",0,NA,NA,"",NA,NA,"04/23/25 07:59:00","","K418001010","K4180010",1,"Loire"
"296",151,"K4180020","GIEN AMONT [HS]","La Loire",NA,NA,NA,35500,"S",430450,330,45,1700,2300,2700,"K4180020","","06/23/03 00:00:00",0,NA,NA,"",NA,NA,"04/02/25 14:51:00","","K418001020","K4180010",1,"Loire"
"297",161,"K0258010","VALS-PRES-LE-PUY [LES VIGNEAUX]","Dolaizon",767.932,6436.481,NA,43,"S",430450,0.264,0.1,9.8,18,24,"K0258010","Coordonnées en lambert 93","12/21/15 09:36:00",0,NA,NA,"",NA,68000,"01/13/22 08:28:00","","K025801001","K0258010",NA,"Loire"
"299",164,"K0260020","CHADRAC (PONT DU MONTEIL)","LOIRE",771120,6441372,NA,1327,"S",430450,17.3,3,320,530,670,"K0260020","remplace Chadrac","07/22/02 00:00:00",0,NA,NA,"",NA,58842,"12/17/15 16:14:00","","K026001002","K0260010",NA,"Loire"
"300",165,"K2300810","LANGEAC","ALLIER",738572,6446510,NA,1804,"S",430450,22.1,7.2,280,460,590,"K2300810","","11/14/97 00:00:00",0,NA,NA,"",NA,48682,"12/17/15 14:19:00","","K230081001","K2300810",NA,"Loire"
"301",166,"K0403010","CHAMBON-SUR-LIGNON","LIGNON",802.412,6440.673,NA,138,"S",430450,3.06,0.22,83,140,180,"K0403010","Coordonnées en lambert 93","12/21/15 09:58:00",0,NA,NA,"",NA,92379,"11/18/24 12:08:00","","K040301001","K0403010",NA,"Loire"
"302",167,"K0114020","MTIER/GAZEILLE (BESSEYRE HTE) [HS]","GAZEILLE",782013,6425971,NA,51,"S",430450,1.42,0.17,30,53,69,"K0114020","","11/13/97 00:00:00",0,NA,NA,"",NA,NA,"03/14/25 12:10:00","","K011402001","K0114020",NA,"Loire"
"303",168,"K0120020","COUBON [HS]","LOIRE",772280,6433629,NA,700,"S",430450,7.29,2.1,230,450,600,"K0120020","","11/25/98 00:00:00",0,NA,NA,"",NA,NA,"03/14/25 12:11:00","","K012002010","K0120020",NA,"Loire"
"304",169,"K0100020","GOUDET","LOIRE",772820,6421537,NA,442,"S",430450,5.54,1.2,190,340,430,"K0100020","","11/13/97 00:00:00",0,NA,NA,"",NA,75915,"04/18/24 14:44:00","","K010002010","K0100020",NA,"Loire"
"305",170,"K2070810","LANGOGNE","ALLIER",767892,6404342,NA,324,"S",430450,8.34,0.81,180,320,410,"K2070810","","11/14/97 00:00:00",0,NA,NA,"",NA,89521,"04/18/24 15:33:00","","K207081010","K2070810",NA,"Loire"
"307",174,"K2173020","SAINT-BONNET-DE-MONTAUROUX","CHAPEAUROUX",756.309,6413.43,NA,386,"S",430450,3.24,0.28,43,73,93,"K2173020","Coordonnées en lambert 93","12/21/15 10:25:00",0,NA,NA,"",NA,82000,"12/21/15 10:27:00","","K217302001","K2173020",NA,"Loire"
"308",175,"K2080820","NAUSSAC (LA VALETTE","ALLIER",765865,6406760,NA,396,"S",430450,NA,NA,NA,NA,NA,"K2080820","","11/19/01 00:00:00",0,NA,NA,"",NA,88191,"12/17/15 14:03:00","","K208082001","K2080820",NA,"Loire"
"309",176,"K2430810","PONT D'AUZON","ALLIER",727904,6476327,NA,2947,"S",430450,29,8.48,307,537,689,"K2430810","mis à jour le 08/04/2025","11/14/97 00:00:00",0,NA,NA,"",NA,NA,"04/08/25 10:05:00","","K243081001","K2430810",1,"Loire"
"310",178,"K5490900","VIERZON","LE CHER",577570,2246480,NA,4550,"S",430450,28.1,3.05,204,316,390,"K5490900","MISE A JOUR DEBITS CARACTERISTIQUES LE 02/05/2025.","01/15/03 00:00:00",0,NA,NA,"VIERZON",18279,9655,"05/02/25 09:55:00","","K549090001","K5490900",1,"Loire"
"311",179,"K1180010","DIGOIN","La Loire",726420,2165390,NA,9315,"S",430450,86.3,11,650,971,1180,"K1180010"," Mise à jour Débits caractéristiques le 16/04/2025","03/10/00 00:00:00",0,NA,NA,"",NA,NA,"04/16/25 15:10:00","","K118001010","K1180010",1,"Loire"
"312",180,"K1440010","GILLY/LOIRE","La Loire",709240,2172060,NA,13037,"S",430450,129,17.8,875,1230,1470,"K1440010"," Mise à jour Débits caractéristiques le 16/04/2025","03/10/00 00:00:00",0,NA,NA,"",NA,NA,"04/16/25 16:04:00","","K144001010","K1440010",1,"Loire"
"313",181,"K7522620","MONTS (DÉBITS) [HS]","INDRE",520.706,6689.13,NA,NA,"S",430450,NA,NA,NA,NA,NA,"K7522620","","05/07/02 00:00:00",10,NA,NA,"",NA,4426,"04/02/25 17:57:00","","K752262010","K7522620",1,"Loire"
"314",182,"K2240820","PRADES [PONT]","Allier",746.836,6436.863,NA,1345,"S",430450,20,3.6,310,540,690,"K2240820","Coordonnées en Lambert 93","12/21/15 10:30:00",0,NA,NA,"",NA,53700,"03/14/25 12:44:00","","K224082001","K2240820",NA,"Loire"
"317",185,"K0243010","SAINT-PAULIEN [LAROCHELAMBERT]","BORNE",762.427,6447.149,NA,149,"S",430450,1.14,0.1,17,28,35,"K0243010","Coordonnées en lambert 93","12/21/15 09:31:00",0,NA,NA,"",NA,75600,"12/21/15 09:32:00","","K024301001","K0243010",NA,"Loire"
"318",189,"K1063020","CHARLIEU","Sornin",788850,6561807,NA,457,"S",430450,6.41,0.388,90,150,190,"K1063020","reprise de l'ancienne station SEMA R A

Mise à jour débits caractéristiques le 02/05/2025","",NA,NA,NA,"",NA,26482,"05/02/25 15:10:00","","K106301002","K1063010",1,"Loire"
"319",190,"K6402520","SALBRIS","Sauldre",577054,2269391,NA,1200,"S",430450,8.96,1.3,64.4,95.4,116,"K6402520","En remplacement de la station du SEMA (K6402510)
MISE A JOUR DEBITS CARACTERISTIQUES LE 02/05/2025.","04/24/06 13:29:00",0,NA,NA,"",NA,9800,"05/02/25 09:59:00","04/27/05 09:19:00","K640252001","K6402520",1,"Loire"
"320",191,"K5552300","SAVIGNY-EN-SEPTAINE","L'YEVRE",616900,2227000,NA,531,"S",430450,3.26,0,23.5,35.2,43,"K5552300","MISE A JOUR DEBITS CARACTERISTIQUE LE 02/05/2025.","07/22/98 00:00:00",0,NA,NA,"",NA,NA,"05/02/25 10:15:00","","K555230001","K5552300",1,"Loire"
"321",192,"K6332520","BRINON-SUR-SAULDRE","LA GRANDE SAULDRE",594160,2284960,NA,594,"S",430450,4.32,0.55,43,64.9,111,"K6332520","MISE A JOUR DEBITS CARACTERISTIQUES LE 02/05/2025.","07/22/98 00:00:00",0,NA,NA,"BRINON-SUR-SAULDRE",NA,NA,"05/02/25 10:01:00","","K633252001","K6332520",1,"Loire"
"322",194,"K5574100","ASNIERES","LE MOULON",606400,2235920,NA,138,"S",430450,1.01,0.066,15.6,21.9,26,"K5574100","MISE A JOUR DEBITS CARACTERISTIQUES LE 02/05/2025.","07/22/98 00:00:00",0,NA,NA,"",NA,NA,"05/02/25 10:07:00","","K557410001","K5574100",1,"Loire"
"323",195,"K5623010","PONDY","L'AURON",624080,2200470,NA,199,"S",430450,1.03,0.046,15.9,21.4,25.1,"K5623010","MISE A JOUR DEBITS CARACTERISTIQUES LE 02/05/2025.","07/22/98 00:00:00",0,NA,NA,"",NA,NA,"05/02/25 10:05:00","","K562301001","K5623010",1,"Loire"
"324",196,"K5220900","MONTLUCON","LE CHER",620416,2151429,NA,1808,"S",430450,15.9,1.2,130,200,250,"K5220900","","07/22/98 00:00:00",0,NA,NA,"MONTLUCON",3185,19913,"12/18/15 09:46:00","","K522090003","K5220900",1,"Loire"
"325",198,"K5183020","CHAMBON SUR VOUEIZE","TARDES",607659,2131845,NA,854,"S",430450,8.96,0.16,100,150,180,"K5183020","","01/04/16 16:17:00",0,NA,NA,"CHAMBON SUR VOUEIZE",23045,32490,"01/04/16 16:17:00","","K518302001","K5183020",1,"Loire"
"327",211,"K0910050","VILLEREST (PONT DE VILLEREST","Loire",780973,6544550,NA,6598,"S",430450,NA,NA,NA,NA,NA,"K0910050"," A partir du 13-08-2024,un intervalle de publication a été mise en place sur  la courbe de tarage de Villerest Pont.
Seuls les débits de Villerest Pont supérieur à 100 m3/s sont visualisables dans Hydroportail et Vigicrue.

Cette date coincide avec la création de la station de Villerest Pont dans le référentiel Hydroportail ainsi que sur la base barème avec un tout premier Jaugeage le 13 aout 2024.","",0,NA,NA,"",NA,26751,"05/02/25 15:33:00","","K091001011","K0910010",NA,"Loire"
"328",213,"K5433020","BREBEURRE","MARMANDE",621.928,2191.913,NA,206,"S",430450,1.15,0.082,12,17.5,21.2,"K5433020","BREBEURRE        LA MARMANDE
============================
mise en service : 13/03/1992 15:50

13/03/1992 : Installation de la station

04/10/1994 : Barrage aval retiré

06/11/1994 : Modification du lit par crue

23/09/1999 : nettoyage sonde USI

27/05/1999 : mise en place d'un panneau solaire, changement de la centrale

15/02/2000 : nettoyage sonde USI (pompe)

11/09/2000 : nettoyage sonde USI (pompe)

11/10/2000 : démontage et nettoyage de la sonde USI

26/01/2010 Changement de code hydro K5433011 devient K5433020

Mise à jour Débits caractéristiques le 17/04/2025
","01/04/16 16:25:00",10,NA,NA,"SAINT-PIERRE-LES-ETIEUX",18231,17056,"04/17/25 09:50:00","","K543302001","K5433020",1,"Loire"
"330",220,"H3322010","PANNES","BEZONDE",625.308,2333.786,NA,339,"S",430450,1.45,0.046,19.5,32.8,41.5,"H3322010","PANNES           La Bezonde                           MISE A JOUR DEBITS CARACTERISTIQUES LE 02/05/2025.
===========================
mise en service : 28/10/1980 16:25

GENERALITES

contrôle=radier du pont, plus creux en R.G. qu'en R.D. ,parfois rendu inefficace par infuences aval
nombreux encombrements à l'amont des piles ou sur radier => correction des hauteurs 
le contrôle en basses eaux se fait sur le bord amont du radier puis, ensuite, en aval.
herbes abondantes en été, modifiant parfois le contrôle.
Jaugeages parfois difficiles en basses eaux (herbes) => Jaugeages sous le pont.
L'importance du bief amont rend parfois délicate la détermination d'une influence d'encombrement,
laquelle se confond -du fait de l'inertie- avec la variation naturelle du plan d'eau 
Pont en limite de mise en charge à la cote de 2450 mm.



HISTORIQUE

28/10/1980 : installation de la station

18/08/1981 : retrait d'un arbre passe rive gauche

09/11/1982 : curage en amont et en aval

27/01/1984 : retrait d'un arbre

28/01/1985 : retrait de deux arbres en travers en amont du pont

25/03/1986 : retrait d'un arbre passe rive gauche

21/08/1986 : changement d'échelle

17/05/1988 : nettoyage des herbes

21/03/1989 : curage des rives

17/05/1989 : nettoyage des herbes

12/06/1990 : mise en service saisie/site puis téléphone

28/10/1991 : vidange après retrait de branches

25/08/1995 : changement d'échelle ( calage +/- 0.5 cm )

1997  et 1998 : influence éventuelle du chantier de l'autoroute A 77 sur les crues ?

04/06/1997 : travaux pour passage en souterrain d'une ligne H.T.

depuis fin du chantier et mise en service de l'autoroute A 77 possible modification de la C.T. en crue.

20/01/2000 : mise en place d'un panneau solaire, changement de centrale.

02/08/2001 : fin des travaux du seuil et escalier par REVIL S.A.



23/07/2007 : Détarage important suite à influence avale non expliquée (travaux sur canal ?)","02/19/02 00:00:00",0,NA,NA,"PANNES",45247,NA,"05/02/25 10:12:00","","H332201001","H3322010",1,"Loire"
"331",230,"K4383110","GOBSON [HS]","DHUY",570.614,2316.722,NA,216,"S",430450,0.671,0.003,8.9,12,15,"K4383110","GOBSON            Le Dhuy
=========================
mise en service : 09/09/1966 00:00 par le Service Hydrologique Centralisaleur du bassin de la Loire
calcul en local des QMJ par le S.H.C. de 09/1966 à 12/1976 
(ces débits journaliers ont été entrés dans HYDRO par le SEMA en 2002 mais il n'y a pas de hauteurs disponibles)

curage du bief fin 1971
absence de données du 15/10/1971 au 19/05/1974 et du 01/01/1977 au 31/12/1978

calcul en local des QMJ par le SRAE du 01/01/1979 au 31/12/1984 à partir de hauteurs journalières 
(ces débits journaliers ont été entrés dans HYDRO par le SEMA en 2002 , il existe des hauteurs journalières disponibles en local sur papier)

04/01/1985 : reprise de la station par le SEMA.
à partir de cette date les hauteurs instantanées sont disponibles dans HYDRO et le calcul des débits se fait sur HYDRO à partir des hauteurs et des courbes de tarage.

04/09/1986 : Nouvelle échelle nouvelle courbe.

30/03/1992 => 10/04/1992 : Nouveau seuil (consolidation et brêche d'étiage calibrée 'en V').

07/01/1998 : mise en place d'une centrale saisie/site avec sonde Pression

06/08/1998 : consolidation de l'échelle

09/11/1999 : mise en place d'une sonde U.S.I. en remplacement de la sonde Pression

28/03/2000 : nettoyage contacts fils et pile

29/03/2000 : nettoyage sonde USI par pompe

18/07/2000 : nettoyage sonde USI (démontage)

29/08/2000 : nettoyage sonde USI par pompe

     09/2000 : construction d'une vanne en R.G. du seuil

du 18/09 au 16/10/2002 : retrait de la pelle de la petite vanne en R.G. du seuil (vandalisme) baisse du niveau de 40 cm environ, débits journaliers reconstitués pour cette période.

11/04/2007 : nivellement du zéro d'échelle (D. RONCERAY) zéro échelle = 91.68 m +  prise d'un repère (sommet du regard  en RG du déversoir : 93.86 m)","10/22/02 00:00:00",0,NA,NA,"SAINT-CYR-EN-VAL",45272,9168,"04/02/25 15:45:00","","K438311001","K4383110",NA,"Loire"
"332",231,"K4443010","LAILLY-EN-VAL","ARDOUX",599.28,6739.41,NA,155,"S",430450,0.518,0.022,4,6.68,8.46,"K4443010","Cette station est située sur la commune de Lailly en Val (45),  à 3km en aval du bourg au lieu-dit""la rue Hallée""
Type de contrôle: Radier bétonné du pont
Equipement: Centrale CPL avec capteur bulle à bulle OTT, modem RTC, alimentation batterie 12V et panneau solaire
Téléphone: 02 38 46 71 22
07/04/1992 : Curage aval.  09/03/1994 : Changement d'échelle. 07/03/2007 : nivellement
12/12/2013: Remplacement de l'échelle

Mise à jour Débit caractéristiques le 24/04/2025","12/23/15 11:39:00",0,NA,NA,"LAILLY-EN-VAL",45179,7870,"04/24/25 10:34:00","01/16/67 15:00:00","K444301001","K4443010",1,"Loire"
"333",233,"K5543010","CROSSES [HS]","AIRAIN",618.497,2223.426,NA,300,"S",430450,1.62,0.001,14,22,28,"K5543010","CROSSES           L'Airain
==========================
mise en service : 14/11/1985 16:00

 -Influence d'herbes systématique en été.
 -Seuil béton depuis le 26/11/1997 mais parfois inluence d'herbes en aval et en amont
 -Souvent période d'à sec en été.




16/01/1986 : Création de la station

19/09/1986 : Travaux de colmatage

26/02/1990 : Retrait de branches

12 et 13/09/1996 : démontage de la station limni et mise en place d'une saisie/site.

15/04/1997 : léger vandalisme (gaines des fils de sonde descellées)

du 16/11/1997 au 26/11/1997 travaux de construction du seuil aval pont (Entrepr. PETRISSANS)

26/11/1997 : mise en service du seuil

30/09/1998 : détérioration du tube

10/05/1999 : remise en place d'un bouchon de visite, (celui qui était en place ayant été volé)

16/06/2000 : reprise de la connectique d'alimentation et du blister piles

02/08/2000 : remplacement du modem défectueux (surtension orage ?) et parafoudre

28/08/2000 : consolidation de la petite plate-forme devant la cabine


","08/31/00 00:00:00",0,NA,NA,"CROSSES",18081,NA,"04/02/25 17:33:00","","K554301001","K5543010",NA,"Loire"
"334",234,"K5653010","ORMEDIOT","AURON",608.476,2226.352,NA,585,"S",430450,3.63,0.198,29.8,42.7,51.3,"K5653010","ORMEDIOT           L'Auron                 MISE A JOUR DEBITS CARACTERISTIQUES LE 02/05/2025.
==========================
mise en service : 19/12/1966 11:40


01/09/1971 : installation de la station

14/10/1977 : nettoyage section amont ( pierres )

04/11/1980 : nettoyage 

10/08/1982 : tornade -> branches cassées et arbres couchés remontant le
             niveau

03/11/1982 : nettoyage en aval

05/09/1983 : arbre dans le lit en amont et en aval

17/10/1983 : nouvel emplacement , nouvelle échelle

09/01/1984 : nettoyage du lit en amont du pont

02/02/1988 : début de curage

11/04/1990 : mise en service saisie sur site

du 30/09/1997 au 07/10/1997 travaux de construction du seuil
                                                         
07/10/1997 : mise en service du seuil construit en aval du pont

09/12/1998 : remplacement de la batterie du panneau solaire et connectique

22/11/1999 : remplacement du bidim de la prise d'eau

28/08/2000 : démontage et nettoyage de la sonde USI, collage du fond de la boite de sonde

","07/18/02 00:00:00",0,NA,NA,"BOURGES",18033,NA,"05/02/25 10:18:00","","K565301001","K5653010",1,"Loire"
"335",235,"K6334010","AUBIGNY-SUR-NERE","NERE",607.479,2276.888,NA,79,"S",430450,0.628,0.091,6.74,10.8,13.4,"K6334010","AUBIGNY SUR NERE         LA NERE
================================
mise en service : 19/11/1969 15:30

18/11/1969 : Création de la station.

06/12/1972 : Consolidation échelle

20/05/1975 : Station vandalisée-Echelle enlevée  Nouveau calage

Mise à jour débits caractéristiques le 23/04/2025.


23/05/1975 : Nouvelle échelle

06/12/1977 : Lit aval nettoyé

30/08/1978 : Brèche rive droite dans seuil, crépine presque au-dessus de l'eau.

07/11/1978 : Seuil colmaté.

21/05/1979 : Lit amont nettoyé et recalibré.

     07/1983 : construction et mise en service du seuil

16/01/1990 : Pierres sur seuil.

01/08/1990 : Barrage 3 m aval cote 0,40- -> 0,39+ ?

06/01/1998 : mise en place d'une centrale saisie/site avec sonde Pression

14/09/1998 : pose blister 12v

19/08/1999 : mise en place d'une sonde U.S.I. à coté de l'échelle, remplacement de l'échelle > 1 m

14/09/1999 : dispositif vandalisé 

13/10/1999 : re-fixation plus solide

08/11/1999 : à nouveau léger vandalisme (bouchon et crépine)

24/11/1999 : consolidation du dispositif de mesure

16/08/2000 : remise en place bouchon (qui avait été retiré)

10/10/2000 : non-fonctionnement de la centrale du 11/09 au 10/10/2000 (pb d'alimentation : pile oxydée)","10/13/00 00:00:00",0,NA,NA,"AUBIGNY-SUR-NERE",18015,NA,"04/23/25 09:55:00","","K633401001","K6334010",1,"Loire"
"336",242,"K6373020","MENETREOL-SUR-SAULDRE [HS]","Petite Sauldre",597.62,2271.89,NA,318,"S",430450,3.18,0.57,40,57,68,"K6373020","MENETREOL            La Petite Sauldre
======================================
mise en service : 12/10/1970 17:40


15/09/1970 : installation de la station

27/04/1976 : nettoyage du lit par bulldozer

09/11/1976 : extraction de pierres en aval du pont

15/03/1978 : fond du lit fortement décapé sous le pont

??/??/???? : arrêt de la station

********************************************************************************************************************************************
une échelle a été mise en place au gué de l'église
des jaugeages ponctuels ont été réalisés assez régulièrement à la demande de la DDAF du Cher cf. DBASE EAU et J.T. 
********************************************************************************************************************************************

11/06/1996 : Mise en place d'une station saisie sur site au gué amont.

21/11/1996 : mise en place d'une échelle de 2 m en R.D. pres de la sonde U.S.I. mise en service liaison téléphonique

14/05/1998 : installation du panneau solaire

été 1999 : construction d'un nouveau pont à une seule pile centrale en remplacement du précédent travaux terminés le 08/09/1999

28/12/1999 : A la suite des vents violents, l'arbre supportant la sonde s'est cassé à 1.5 m du sol faisant tomber la cabine ; la centrale et le modem ont baigné dans l'eau (H.S. ) Les appareils ont été changés le 30/12/1999

30/12/1999 : Les laisses de crue à 1.07 + 0.75  indiquent que la crue du 28/12/1999 était environ de 1.82 m.

22/05/2000 : Arbre tombé le 28/12/1999 en travers de la riviére retiré entre le 20/04/2000 et ce jour.

16/08/2000 : démantèlement d'un petit barrage de pierre sur le gué en R.D.
","08/31/00 00:00:00",0,NA,NA,"MENETREOL",18147,NA,"04/02/25 17:44:00","","K637302001","K6373020",NA,"Loire"
"337",244,"K4013010","GROSSOUVRE [TRÉZY]","Aubois",645.41,2210.7,NA,140,"S",430450,0.762,0.079,11.8,19.1,23.9,"K4013010","TREZY (l'Aubois)
================
mise en service : 01/09/1996 00:00

08/08/1996 et 09/08/1996 : installation de la station en amont du pont
mise en place d'une saisie sur site et sonde U.S.I. ALCYR

13/08/1996 : branchement de la sonde U.S. rectifié

26/09/1996 : Changé centrale

29/10/1996 : changement de la sonde

16/02/1999 : changement de la centrale

17/03/1999 : mise en place du panneau solaire

10/05/1999 : pose d'une goulotte de protection des fils d'alimentation

hiver 1999/2000 : 2 voitures ont défoncé le parapet amont du pont (passage du fil de sonde intact)

28/08/2000 : le parapet amont du pont a été refait; gaine de passage du fil de sonde renforcée

29/08/2001 : changement echelle, décalage probable + 5 mm.

27/01/2010 changement code hydro

 Mise à jour Débits caractéristiques le 16/04/2025","08/30/01 00:00:00",10,NA,NA,"GROSSOUVRE",18106,NA,"04/16/25 16:31:00","","K401301001","K4013010",1,"Loire"
"338",247,"K4073110","SAINT-BOUIZE [LA GRANGE]","Vauvise",642.37,2252.48,NA,392,"S",430450,2.97,0.221,15,21.2,25.3,"K4073110","La Vauvise à Saint-Bouize [La Grange] 
======================
pour les reconstitutions : corrélation possible avec station K4094010 le Nohain à Saint-Martin-sur-Nohain (Diren Bourgogne)
***************************

mise en service : 03/12/1997 00:00

08/1997 aménagement d'un seuil rustique et remontée du fond de rivière
        sous le pont (Entrepr. BRUNET 18140 La Chapelle Montlinard)

03/12/1997 mise en place de la station sonde USI

25/06/1998 mise en service du modem

28/04/1999 mise en place du panneau solaire

08/11/1999 travaux de consolidation berge amont R.D. et berge aval R.G.(comblement du creusement au niveau du seuil) construction d'un escalier de descente en rivière 


27/01/2010 changement code hydro

Mise à jour Débits caractéristiques le 17/04/2025","03/30/01 00:00:00",10,NA,NA,"SAINT-BOUIZE",18200,NA,"04/17/25 10:35:00","","K407311001","K4073110",1,"Loire"
"340",250,"K4873110","VILLEDOMER [HS]","LA BRENNE",491.79,2286.36,NA,263,"S",430450,1.24,0.28,26,42,52,"K4873110","Mise en service le 12/11/1968

Cette station est située sur la commune de VILLEDOMER (37) au lieu-dit ""Le Bas Villaumay"".
Carte IGN série bleue: 1921 Est

Objectif:
Connaissance générale de l'hydrologie de la région

Equipement:
Centrale CR2M avec capteur Ultra-Son, alimentation solaire
Télétransmission: 02 47 55 02 26 code VILLEDOMER

Type de contrôle:
Radier de pont en brique en mauvais état.
Les mesures de débit sont effectuées 30m en amont du pont sauf celles de crues qui sont, elles, effectuées 2,3km en amont au Pont de la D246 à Chateau-Renault.

Courbe de tarage en vigueur:
Bonne en basses et moyennes eaux, reste à confirmer en htes eaux
 
Evénements marquants:

30/10/1975 : Constaté recalibrage de la Brenne sur 25m en amont de la station. Egalement suppression ilot à 50m aval de la station.

01/03/1977 : Echelle détériorée (Changement)

09/05/1983 : Remplacement de l'échelle

23/11/1984 : Série de photos de la crue du jour (1,82m)

08/06/1988 : Pollution de la Brenne par l'usine Protex, située 1km en amont de la station, mise en place d'un boudin absorbant sous le pont, surélévation du plan d'eau de 3,5cm.

04/11/1996 : Démontage de la colonne pour modernisation, consolidation de la pile RD par une protection d'enrochement sur 20m de long. Série de photos des travaux finis

08/11/1996 : Mise en place d'une centrale CR2M alimentée en solaire avec une sonde Ultra-Son.

26/02/1997 : Envasement de la sonde, repérage du maxi de la crue du 26/02 par les laissés de crue (1,77m)

14/12/2000 : La lecture de l'échelle est très difficile en crue (rupture de pente au niveau de l'échelle associé aux turbulences du tube de la sonde USi). Il faut envisager un déplacement quelques mètres en amont.

24/01/2001 : Confirmation de la difficulté de lecture de l'échelle en crue et de la nécessité de son déplacement.

14/03/2001 : Changement de courbe de tarage (crue)

22/03/2001 : Photo de l'aménagement d'un accès à l'échelle dans un enrochement. Installation provisoire du sonde pression en 3ème voie quelques mètres en amont pour voir la différence d'enregistrement des crues.

09/10/2001 : Mise en place de l'échelle en amont du pont afin de mieux lire les cotes en hautes eaux, sera installé sur cette même section un nouveau système de mesure des hauteurs ""le nilomètre"".
Nivellement entre les 2 échelles: le zéro de l'échelle amont est 37mm plus bas que celui de l'échelle au pont.
Photos

12/11/2001 : Mise en service du Nilomêtre par la société SEROSI.
Les hauteurs traités sont toujours celles de la sonde U.S.(CRM2) tant que la courbe de tarage, correspondant à la section de l'échelle amont, n'a pas était établie de façon satisfaisante.

21/04/2004 : Photos

23/02/2005 : Changement de courbe de tarage, la section de l'échelle amont a été adoptée pour acquisition des données. Remplacement de la centrale SEROSI et du nilomètre situé sur l'échelle amont par une  CR2M avec un  capteur USi.

23/08/2005 : Photos

05/09/2005 : Changement de courbe de tarage (petite crue où intervention sur le contrôle)

08/11/2005 : Photos
","08/28/06 00:00:00",0,NA,NA,"VILLEDOMER",37276,NA,"04/18/25 14:14:00","","K487312002","K4873120",NA,"Loire"
"341",251,"K7217510","VINEUIL [PONT DE PIERRE]","LA TREGONCE",596.181,6648.254,NA,19.5,"S",430450,0.147,0.013,0.525,0.846,1.06,"K7217510","################","08/28/06 00:00:00",0,NA,NA,"VINEUIL",36247,15196,"04/18/25 07:43:00","01/15/92 14:18:00","K721751001","K7217510",1,"Loire"
"342",252,"K7414010","VILLELOIN-COULANGÉ [COULANGÉ] [HS]","LA TOURMENTE",516.863,2237.922,NA,109,"S",430450,0.632,0.12,19.6,28,33.5,"K7414010","Cette station est située sur la commune de VILLELOIN-COULANGE (37) au lieu-dit ""Le Four à Chaux"" où ""Coulangé"".
Equipement: Centrale CR2M avec capteur Ultra-Son, alimentation piles 9V Télétransmission: 02 47 92 67 01 code COULANGE
Contrôle: Seuil en béton sur le radier pavé du pont à 2 arches. Seuil en V sur une arche et droit sur l'autre. La partie droite commence à couler lorsque le débit est > à 0,355m3/s
L'étiage est généralement soutenu par les lachés de la retenue de Nouans-Les-Fontaines sur le ruisseau de la Jubardière au lieu-dit ""Neuillé"".
20/12/1982 : Photos de la crue (1,95m) par M. GHIO( SEMA Orléans) Cote à l'échelle de Montrésor sur l'Indrois: 2,80m
22/04/1987 : Nettoyage des rives en aval de la station. Modification en basses et moyennes eaux
31/05/1989 : Suite aux travaux de curage de 1987 en aval, changement d'emplacement de l'échelle. Un décalage se produisait entre la cote de l'échelle et celle enregistrée sur le limni.
Fixée avant contre l'appui du pont en RD et sur le radier, l'échelle est maintenant sur la colonne(aval immédiat du radier).
L'échelle a été calée à la même hauteur qu'à son ancien emplacement. Il y avait, ce jour, 2cm d'écart de niveau d'eau entre celui situé sur le radier et celui situé à la colonne.
08/08/1992 : Suite à une tornade, les peupliers cassés à l'aval ont obstrués le lit de la rivière.
13/06/1996 : Changement d'emplacement de la station, elle est située maintenant à l'amont immédiat du pont. Construction d'un seuil de contrôle en béton sur le radier.
20/06/1996 : Correspondance d'échelle entre l'ancien et le nouvel emplacement. Ancien Ht: 0,015m Nouvel Ht: 0,202m
01/10/1996 : A la cote de 0,26m, l'eau passe sous les deux arches du pont.
28/12/1999 : Modification de la courbe de tarage en basses eaux. Les causes de ce détarage sont inconnues, le seuil et l'échelle semble en bon état.
23/03/2000 : Visite à la retenue de Nouans, débit de sortie: 0,018 m3/s. La retenue est pleine mais l'eau ne passe pas par le déversoir. Les apports en amont semblent être de l'ordre du débit de sortie.
01/08/2000 : Début du soutien d'étiage par la retenue de Nouans-Les-Fontaines.
05/09/2000 : Visite à la retenue de NOUANS, débit de sortie mesuré: 0,140 m3/s. La retenue semble être vidée des 2/3.
05/10/2000 : Visite à la retenue de NOUANS, débit de sortie mesuré: 1 l/s. La retenue est vidée et la vanne fermée.
03/08/2001 : Début du soutien d'étiage par la retenue de Nouans-Les-Fontaines.
02/08/2002 au 29/09/2002 : Soutien de l'étiage par la retenue de Nouans les Fontaines
04/01/2016 Mise hors service de la station
Débits caractéristiques mis à jour le 16/04/2025","01/04/17 15:36:00",0,NA,NA,"VILLELOIN-COULANGE",37277,NA,"04/16/25 17:45:00","02/21/96 00:00:00","K741401001","K7414010",1,"Loire"
"343",253,"K7514010","SAINT-BRANCHS","L'ECHANDON",535.026,6685.295,NA,127,"S",430450,0.611,0.057,10.6,19.1,24.7,"K7514010","################","09/20/06 00:00:00",0,120,NA,"ST BRANCHS",37211,NA,"04/18/25 07:51:00","12/21/67 15:00:00","K751401001","K7514010",1,"Loire"
"344",259,"M1073020","CONIE-MOLITARD [PONT DE BLEUET]","LA CONIE",584.84,6781.21,NA,500,"S",430450,1.78,0.074,1.93,3.3,4.2,"M1073020","Cette station est située sur la commune de Conie-Molitard (28), lieu-dit""Pont de bleuet"" au pont de la D1117 remplace celle de ""Valainville"" à Conie-Molitard (M1073010).
Equipement: Centrale ALCYR avec capteur Ultra-Son, alimentation batterie 12v Télétransmission: 02 37 96 13 99 code BLEUET
24/12/1997 : Nivellement / au repère NGF situé sur le pont en aval R.D.Altitude du NGF: 115,822m - Contrôle: Seuil bétonné, il se retrouve régulièrement noyé pendant la période d'avril à novembre par l'influence de la végétation aquatique du lit en aval. Les mesures de débit sont effectuées à l'aplomb aval du pont.
10/02/1998 au 20/02/1998 : Durée des travaux de construction du seuil.L'altitude du point bas du seuil: 112,20m (à vérifier)Soit un DEBIT NUL à la cote de 0.17m à l'échelle
29/06/1999 : Faucardage de la végétation aquatique par le syndicat de la Conie, non confirmé par celui-ci.
25/09/2000 : Faucardage de la végétation aquatique par le syndicat de la Conie.
04/10/2001 au 06/10/2001 : Faucardage de la végétation aquatique par le syndicat de la Conie. Confirmé par M.Vandromme(Président)
25/06/2003 : Faucardage de la végétation aquatique par le syndicat de la Conie. Confirmé par M.Vandromme(Président) tél.02 37 96 92 18
25/07/2005 : Faucardage de la végétation aquatique par le syndicat de la Conie. Confirmé par M.Vandromme(Président)
27/01/2010 : Changement code hydro pour l'intégration dans le réseau Cristal - Ancien: M1073001  Nouveau: M1073020

Mise à jour Débit caractéristiques le 24/04/2025
","12/23/15 11:41:00",0,NA,NA,"CONIE-MOLITARD",28106,11203,"04/24/25 10:43:00","08/01/96 14:05:00","M107302001","M1073020",1,"Loire"
"345",262,"K4414090","MEUNG-SUR-LOIRE","Mauves",602.314,6747.459,NA,274,"S",430450,1.05,0.422,3.73,5.35,6.42,"K4414090","Cette station est située sur la commune de MEUNG SUR LOIRE(45) à 500m en aval du bourg, au niveau de l'ancienne station d'épuration. 
Type de contrôle: seuil naturel Cette station est soumise annuellement à l'influence de la végétation aquatique mais aussi au remous de la Loire lorsque celle-ci dépasse 1500m3/s
Equipement: Centrale Paratronic CPL GSM avec capteur Ultra-Son et interface Alcomus, alimentation batterie 12V 28/07/2009: Modernisation CRISTAL Téléphone: 06 08 32 76 47
Jaugeages ponctuels mensuels de septembre 1998 à août 2006

Mise à jour Débit caractéristiques le 24/04/2025


","12/23/15 11:38:00",0,NA,NA,"MEUNG SUR LOIRE",45203,8317,"04/24/25 10:31:00","08/22/06 16:45:00","K441409001","K4414090",1,"Loire"
"347",267,"K4853000","NAZELLES-NÉGRON","La Cisse",546.8,6705.785,NA,790,"S",430450,2.32,0.417,15.5,21.6,25.6,"K4853000","Cette station est située sur la commune de NAZELLES-NEGRON (37) au lieu-dit ""Perreux"".
Besoin pour l'hydrologie générale de la région, cette station a remplacé celle de VERNOU S/ Brenne (K4893010) gérée par le SBLB et arrêtée le 01/01/1997 pour ces difficultés de gestion. Il n'y a aucune données disponibles dans HYDRO sur la station de Vernou.
Equipement: CPL avec capteur US immergé-Télétransmission: 02 47 57 62 67 
Contrôle: Radier de pont bétonné droit et en très bon état (restauré en 1996)-Seuil régulièrement noyé par l'influence de la végétation aquatique en aval-Les mesures de débit sont effectuées sur le radier du pont sauf celles de crues qui sont, elles, effectuées en amont (1km-1,5km) en cumulant la Cisse au Pont de la D431 et la Ramberge à ""La Mazère"".
27/01/2010 changement code hydro

Mise à jour débits caractéristiques le 23/04/2025.
","08/28/06 00:00:00",0,NA,NA,"NAZELLES-NEGRON",37163,NA,"04/23/25 09:41:00","","K485300001","K4853000",1,"Loire"
"349",269,"K7207510","DÉOLS","La Ringoire",600.098,6637.993,NA,97,"S",430450,0.561,0,3.16,4.3,5.03,"K7207510","################","09/25/06 00:00:00",0,NA,NA,"DEOLS",36063,14109,"04/18/25 07:41:00","10/19/00 15:45:00","K720751001","K7207510",1,"Loire"
"351",272,"K5554580","MOULINS-SUR-YEVRE [MAUBRANCHE]","Ouatier",613700,2231940,NA,112,"S",430450,0.85,0.042,3.04,4.85,6.05,"K5554580","lavoir amont N 151
mesures SEMA ou S.A.C. Cher
MISE A JOUR DEBITS CARACTERISTIQUES LE 02/05/2025.","11/12/02 00:00:00",10,NA,NA,"MOULINS-SUR-YEVRE",18158,NA,"05/02/25 10:16:00","","K555458001","K5554580",1,"Loire"
"352",273,"K6593020","MEUSNES [GUÉ AU LOUP]","Fouzon",585.42,6685.547,NA,NA,"S",430450,4.67,0.36,46.3,79.6,102,"K6593020","Cette station est située sur la commune de MEUSNES (41), lieu-dit""Gué au loup""remplace la station Meusnes ""gué de Meusnes""-K6593010
Contrôle: Radier naturel, ancien gué. Bon contrôle dans l'ensemble mais influencée par la végétation aquatique en été et les hauteurs peuvent aussi être influencées par remous à delà de 300m3/s sur le Cher
Equipement: 15/03/2005 : Passage d'un capteur USi à un capteur bulle à bulle (Nimbus OTT) Télétransmission: 06 79 71 67 55

Mise à jour Débit caractéristiques le 24/04/2025","12/23/15 11:41:00",0,215,NA,"MEUSNES",41139,NA,"04/24/25 11:23:00","","K659302001","K6593020",1,"Loire"
"354",278,"K7433030","GENILLÉ","L'INDROIS",555.861,6677.254,NA,396,"S",430450,2.18,0.317,54.7,89,112,"K7433030","################","09/07/06 00:00:00",0,NA,NA,"GENILLE",37111,NA,"04/18/25 07:53:00","08/19/77 00:00:00","K743303001","K7433030",1,"Loire"
"355",280,"K4873120","VILLEDOMER [BAS VILLAUMAY AMONT]","La Brenne",541.992,6720.714,NA,263,"S",430450,1.23,0.26,23.8,39.5,49.9,"K4873120","Mise en service le 09/10/2001 à 15:00 en remplacement de celle au pont
Cette station est située sur la commune de VILLEDOMER (37) au lieu-dit ""Le Bas Villaumay"".
Centrale CR2M avec capteur Ultra-Son, alimentation solaire Télétransmission: 02 47 55 02 26 code VILLEDOMER
Contrôle: Radier de pont en brique en mauvais état. Bonne en basses et moyennes eaux, reste à confirmer en htes eaux
Les mesures de débit sont effectuées 30m en amont du pont sauf celles de crues qui sont, elles, effectuées 2,5km en amont au Pont de la D246 à Chateau-Renault.
15/02/2017: Nivellement du ""0"" de l'échelle - Altitude: 80.243m Système NGF-IGN 1969

Mise à jour débits caractéristiques le 23/04/2025.
","03/23/07 00:00:00",0,150,NA,"VILLEDOMER",37276,8024,"04/23/25 09:44:00","10/09/01 15:00:00","K487312001","K4873120",1,"Loire"
"356",281,"H4022030","BOULANCOURT","l'ESSONNE",606.75,2362.1,NA,609,"S",430450,1.39,0.165,5.49,9.33,17.5,"H4022030","-Station installée le                      MISE A JOUR DEBITS CARACTERISTIQUES LE 02/05/2025.
Crue vicennale : 9.5 m3/s

COMMENTAIRES SUR STATION :

- le 21/11/2008 nettoyage du seuil, influence constatée de 13 mm traitée dans HYDRO en CORTH du 24/09/2008 au 21/11/2008.","07/26/02 00:00:00",0,NA,NA,"BOULANCOURT",77046,NA,"05/02/25 10:09:00","","H402203001","H4022030",1,"Loire"
"357",282,"H4033010","MEREVILLE [HS]","LA JUINE",582.61,2370.45,NA,199,"S",430450,0.967,0.57,1.5,1.9,2.2,"H4033010","Station mise en service le : 01/05/1969

Coordonnées Syndicat de rivière : 01 64 94 58 93 - Monsieur GREFFEUILLE 
Garde pêche Monsieur Multon 06 85 40 12 76","01/15/01 00:00:00",0,NA,NA,"MEREVILLE",91390,NA,"04/09/25 18:07:00","","H403301001","H4033010",1,"Loire"
"358",283,"K5424010","AINAY LE CHATEAU [HS]","SOLOGNE",626769.9,2189920,NA,88.900002,"S",430450,0.595,0.067,4.32,6.5,9.33,"K5424010","Débits caractéristiques mis à jour le 16/04/2025","06/08/05 00:00:00",0,NA,NA,"",NA,19418,"04/16/25 16:17:00","","K542401001","K5424010",1,"Loire"
"359",285,"K5333110","VIEURE","BANDAIS",643420,2167670,NA,130,"S",430450,0.773,0.007,22.6,35,43.1,"K5333110","Mise à jour des débits caractéristiques le 17/04/2025","06/08/05 00:00:00",NA,NA,NA,"VIEURE",3312,NA,"04/18/25 14:50:00","","K533311001","K5333110",1,"Loire"
"360",287,"K5234010","VAUX","MAGIEURE",618438,2157512,NA,194,"S",430450,0.878,0.002,21.6,35.9,45.4,"K5234010","Mise à jour Débits caractéristiques le 17/04/2025","09/25/03 00:00:00",10,NA,NA,"VAUX",3301,NA,"04/17/25 09:46:00","","K523401001","K5234010",1,"Loire"
"361",288,"K5343210","MALICORNE [BEAUFRANCON]","OEIL",632210,2145950,NA,126,"S",430450,0.983,0.057,14.7,23.4,29.1,"K5343210","Mise à jour des débits caractéristiques le 17/04/2025","06/08/05 00:00:00",0,NA,54,"MALICORNE",3159,33100,"04/18/25 15:09:00","","K534321001","K5343210",1,"Loire"
"362",289,"K5083010","ST PARDOUX [HS]","TARTASSE",618950,2130600,NA,130,"S",430450,1.1,0.067,16.7,22.9,27,"K5083010","Débits caractéristiques mis à jour le 16/04/2025","12/06/01 00:00:00",0,NA,NA,"",NA,NA,"04/16/25 12:53:00","","K508301001","K5083010",1,"Loire"
"363",298,"K6022420","LOYE-SUR-ARNON","ARNON",652.303,6617.164,NA,267.70001,"S",430450,1.33,0.24,17.9,31.7,40.8,"K6022420","Cette station est située sur la commune de Loye sur Arnon (18) au pont sur l' Arnon de la D951
Contrôle: Seuil naturel Equipement: PLQ 2000 9600BD Téléphone: 02.48.60.79.39
Altitude du ""0"" de l'échelle193.32m (nivellement du 01/10/2015).
La première cassure/redressement de la CT à la cote d'environ 215 est lié au débordement dans les champs.
La deuxième cassure/inflechissemnt à la cote d'environ 255 cm est lié au remou aval  (contraction de la vallée et végétation  (bocage  + forêt) qui innonde la route par l'aval (pas de déversement via l'amont sur la route à la cote 252)
CT tracé pour les montée de crue (montée trés rapide, sans influence de remplissage en aval, ce qui est sans doute le cas à la descente et ou en cas de second évènement très proche)

Mise à jour Débit caractéristiques le 24/04/2025
","12/23/15 11:39:00",0,250,NA,"LOYE SUR ARNON",18130,19332,"04/24/25 11:14:00","07/05/07 11:21:00","K602242001","K6022420",1,"Loire"
"364",302,"K4853010","CHOUZY S/ CISSE (LE VAU) [HS]","Cisse",NA,NA,NA,NA,"S",430450,NA,NA,NA,NA,NA,"K4853010","Cette station est située sur la commune de Chouzy sur Cisse(41) à la hauteur du lieu-dit ""le Vau"", au pont de la VC14.
Hydrologie générale. Point de mesure complémentaire à Chouzy (les vallées) afin de comparer avec la Cisse à Coulanges (recherche du station de remplacement de Coulanges).
Contrôle:Seuil naturel - Equipement: Centrale CYR2/US GSM avec capteur Ultra-Son, alimentation solaire 12V Télétransmission: 06 45 45 99 23  code CHOUZY1
21/08/2008 : Mise en service de la station de mesure. Nivellement du zéro de l'échelle par rapport à un repère : -2,23m
21/05/2012 : Mise hors service ","02/03/12 11:58:00",0,NA,NA,"CHOUZY S/ CISSE",41055,NA,"04/18/25 10:58:00","10/19/07 13:48:00","K485301001","K4853010",NA,"Loire"
"365",303,"K0248810","VENDOS [HS]","MUSETTE",712900,2011800,999,38.5,"S",118631,0.261,0.03,3.1,6.9,NA,"K0248810","INSTALLE 12/97","07/05/04 00:00:00",10,NA,NA,"",NA,77000,"03/14/25 12:13:00","","K024881001","K0248810",NA,"Loire"
"366",305,"K0333010","VOREY [PONT EYTRAVAZET]","ARZON",769.054,6456.772,NA,153,"S",430450,1.41,0.096,22,34,42,"K0333010","INSTALLE 12/97
Coordonnées en lambert 93","12/21/15 09:56:00",0,NA,NA,"",NA,57300,"12/21/15 09:57:00","","K033301001","K0333010",NA,"Loire"
"367",306,"K0403030","LES VASTRES [PONT MARIE]","LIGNON",797.876,6433.13,NA,40,"S",430450,0.873,0.098,19,34,44,"K0403030","Coordonnées en lambert 93","12/21/15 10:03:00",0,NA,NA,"",NA,107476,"04/18/24 15:03:00","","K040302002","K0403020",NA,"Loire"
"368",307,"K0436510","ARAULES PONT [HS]","AUZE",745200,2011370,979.5,22,"S",118631,0.166,NA,NA,NA,NA,"K0436510","","07/05/04 00:00:00",0,NA,NA,"",NA,NA,"03/14/25 12:25:00","","K043651001","K0436510",NA,"Loire"
"369",308,"K0454020","DUNIERES","DUNIERES",804.55,6458.742,NA,140,"S",430450,2.07,0.35,25,41,51,"K0454020","coordonnées en lambert 93","12/21/15 10:13:00",0,NA,NA,"",NA,73800,"05/03/16 16:25:00","","K045402001","K0454020",NA,"Loire"
"370",309,"K0513010","SAUVESSANGES","ANCE DU NORD",769.762,6475.986,NA,192,"S",430450,2.8,0.5,20,27,32,"K0513010","Coordonnées en lambert 93","12/21/15 10:20:00",0,NA,NA,"",NA,78700,"01/13/22 08:43:00","","K051301001","K0513010",NA,"Loire"
"371",310,"K1414010","SAINT-LEGER-SUR-VOUZANCE","VOUZANCE",NA,NA,NA,131,"S",430450,0.817,0.018,24.3,33.7,39.9,"K1414010"," Mise à jour Débits caractéristiques le 16/04/2025
","02/09/04 00:00:00",10,NA,NA,"SAINT-LEGER-SUR-VOUZANCE",NA,NA,"04/24/25 10:27:00","","K141401001","K1414010",1,"Loire"
"372",312,"K1524010","BREUIL D1","BARBENAN",704539.4,2133539.4,NA,121,"S",430450,1.85,0.103,16.7,23.5,28.1,"K1524010"," Mise à jour Débits caractéristiques le 16/04/2025","06/01/05 00:00:00",NA,NA,NA,"",NA,NA,"04/16/25 16:39:00","","K152401001","K1524010",1,"Loire"
"373",313,"K1533010","SAINT-PRIX","BESBRE",700890,2137090,NA,360,"S",430450,5.92,0.408,42.5,62,75,"K1533010"," Mise à jour Débits caractéristiques le 16/04/2025","06/08/05 00:00:00",0,NA,NA,"SAINT-PRIX",NA,NA,"04/16/25 16:43:00","","K153301001","K1533010",1,"Loire"
"374",315,"K1810310","CHAPELLE AUX  CHASSES [HS]","ACOLIN",NA,NA,NA,NA,"S",430450,1.6,0.31,18,27,34,"K1810310","","12/11/01 00:00:00",0,NA,NA,"",NA,NA,"04/02/25 14:45:00","","K181031001","K1810310",NA,"Loire"
"375",317,"K0733220","CHALMAZEL (CHEVELIERES)","LIGNON du FOREZ",767463,6511174,NA,60,"S",430450,1.71,0.33,22,33,41,"K0733220","","12/17/15 15:31:00",0,NA,NA,"",NA,79927,"12/17/15 15:33:00","","K073322001","K0733220",NA,"Loire"
"376",318,"K0744010","DEBATS RIVIERE D' ORPRA (COTES)","ANZON",774051,6518639,NA,180,"S",430450,2.47,0.17,23,32,39,"K0744010","","12/17/15 15:39:00",NA,NA,NA,"",NA,40714,"12/17/15 15:42:00","","K074401001","K0744010",NA,"Loire"
"377",319,"K0763310","LA GUILLANCHE [HS]","VIZEZY",731.212,2069.3,NA,43.299999,"S",119690,0.625,0.056,6.8,10,12,"K0763310","","03/18/02 00:00:00",0,NA,NA,"",NA,NA,"03/14/25 12:28:00","","K076331001","K0763310",NA,"Loire"
"378",321,"K1084010","CHANGY  (NOAILLERIE) [HS]              ","TEYSSONNE",768228,6560146,NA,23,"S",119690,0.322,0.016,2.72,3.74,4.42,"K1084010","Repris par le syndicat de rivière (matériel retrocédé)
Débits caractéristiques mis à jour le 24/04/2025","",0,NA,NA,"",NA,34989,"04/24/25 11:59:00","","K108401001","K1084010",NA,"Loire"
"379",322,"K5313010","COSNES D'ALLIER (AUMANCE) [HS]","AUMANCE",638997,2164443,NA,158,"S",430450,NA,NA,NA,NA,NA,"K5313010","","",0,NA,NA,"",NA,NA,"04/02/25 16:04:00","11/30/07 13:42:00","K531301001","K5313010",1,"Loire"
"380",323,"K5363220","COSNES D'ALLIER (OEIL)","L'OEIL",637714,2163923,NA,398,"S",430450,2.08,0.067,26.1,39.4,48.1,"K5363220","Mise à jour des débits caractéristiques le 17/04/2025","01/04/16 16:24:00",0,NA,NA,"COSNE D'ALLIER",3084,NA,"04/18/25 15:04:00","11/30/07 13:44:00","K536322001","K5363220",1,"Loire"
"381",324,"K5702320","ST DOULCHARD (MOULIN BATARD ROCADE)","YEVRE",NA,NA,NA,1750,"S",430450,11.7,1.41,58.6,84.7,102,"K5702320","MISE A JOUR CARACTERISTIQUES LE 02/05/2025.","",0,NA,NA,"",NA,NA,"05/02/25 10:04:00","11/30/07 13:44:00","K570232001","K5702320",1,"Loire"
"382",325,"K4473110","CHOUZY S/ CISSE (LES VALLÉES) [HS]","Cisse (dérivation vers Loire)",NA,NA,NA,NA,"S",430450,NA,NA,NA,NA,NA,"K4473110","Cette station est située sur la commune de Chouzy sur Cisse(41) à la hauteur du lieu-dit ""les Vallées"".
Point de mesure complémentaire à Chouzy (le Vau) afin de comparer avec la Cisse à Coulanges car c'est une partie du débit de la Cisse qui part directement dans la Loire.
Ouvrage aval (vannes) Aucune courbe possible, sous influence de l'ouvrage aval
Equipement: Centrale CYR2/US avec capteur Ultra-Son, alimentation batterie 12V
Télétransmission:   code CHOUZY2


","02/03/12 10:19:00",0,NA,NA,"CHOUZY S/ CISSE",41055,NA,"04/18/25 08:40:00","05/02/08 09:31:00","K447311001","K4473110",NA,"Loire"
"384",327,"H3522010","COURTEMPIERRE","FUSAIN",622.388,2345.718,NA,375,"V",430450,NA,NA,NA,NA,NA,"H3522010","","",10,NA,NA,"COURTEMPIERRE (LIEU-DIT PASSARD)",45114,NA,"08/07/23 16:25:00","07/31/08 14:53:00","H352201010","H3522010",NA,"Loire"
"386",329,"H4068400","YMERAY","VOISE",553670,2390250,NA,NA,"V",430450,NA,0.054,NA,NA,NA,"H4068400","POINT DE MESURE PONCTUELLE POUR GESTION NAPPE DE BEAUCE
Mise à jour Débit caractéristiques le 24/04/2025","",10,NA,NA,"YMERAY",28425,NA,"04/24/25 10:23:00","09/26/08 10:23:00","H406840001","H4068400",NA,"Loire"
"389",334,"K6453010","THEILLAY","LA RERE",NA,NA,NA,NA,"S",430450,1.31,0.095,18.8,38,50.7,"K6453010","Mise à jour débits caractéristiques le 23/04/2025.
","",0,NA,NA,"THEILLAY",NA,NA,"04/23/25 09:57:00","09/04/09 16:21:00","K645301001","K6453010",1,"Loire"
"391",336,"K7322610","PERRUSSON","INDRE",549.726,6668.865,NA,NA,"S",430450,NA,NA,NA,NA,NA,"K7322610","","",0,218,NA,"PERRUSSON",37183,7067,"05/19/25 16:59:00","09/11/09 10:48:00","K732261001","K7322610",1,"Loire"
"393",339,"K0356310","BEAUX   ( MALATAVERNE","RAMEL",784471,6452875,NA,43,"S",430450,NA,NA,NA,NA,NA,"K0356310","","",0,NA,NA,"",NA,69374,"12/17/15 16:20:00","06/23/11 10:26:00","K035631001","K0356310",NA,"Loire"
"394",340,"K0274020","BLAVOZY (LE BOURG)","SUMENE",777221,6440092,993,52,"S",430450,0.551,0.03,16,29,37,"K0274020","INSTALLE 28/03/2011
","12/17/15 15:23:00",0,NA,NA,"",NA,67773,"12/21/15 15:31:00","03/28/11 00:00:00","K027401002","K0274010",NA,"Loire"
"395",342,"K5090905","CHAMBONCHARD 1 [HS]","CHER",NA,NA,NA,517,"S",430450,NA,NA,NA,NA,NA,"K5090905","1ère station de jaugeages à chambonchard, période du 14 août 1918 au 21 avril 1966
K509 0900 03 - Le Cher à Chambonchard","09/20/11 08:15:00",0,NA,NA,"",NA,NA,"04/03/25 11:22:00","08/14/18 00:00:00","K509090003","K5090900",NA,"Loire"
"396",343,"K5133010","CHAMPAGNAT","La Tardes",598700,2124330,NA,NA,"S",430450,NA,NA,NA,NA,NA,"K5133010","","01/04/16 16:12:00",0,NA,NA,"CHAMPAGNAT",23048,NA,"11/08/16 13:07:00","11/10/11 11:32:00","K513301001","K5133010",1,"Loire"
"397",344,"K0624520","ST MARCELLIN EN FOREZ (LE BLED)","Le Bonson",792827,6486469,NA,104,"S",430450,0.801,0.01,14,23,29,"K0624520","","12/17/15 15:37:00",NA,NA,NA,"",NA,41680,"01/22/16 15:23:00","12/14/11 11:40:00","K062451002","K0624510",NA,"Loire"
"398",345,"K1633010","BOURBON LANCY(MOULIN BAUDRAN)","LA SOMME",NA,NA,NA,NA,"S",430450,NA,NA,NA,NA,NA,"K1633010","","",0,NA,NA,"",NA,NA,"01/04/16 15:47:00","01/10/12 16:19:00","K163301001","K1633010",1,"Loire"
"399",346,"K6173130","SAINTE-LIZAIGNE - STATION DEBITMETRIQUE","La Théols",626.086,6656.632,NA,782,"S",430450,NA,NA,NA,NA,NA,"K6173130","Cette station est située sur la commune de STE LIZAIGNE au lieu-dit . Pont RD34
Station de mesure de débit en continu Télétransmission Cristal :02 54 21 73 24  Télétransmission Centrale :02 54 49 15 65

","12/23/15 11:40:00",10,NA,NA,"",NA,NA,"10/10/23 12:00:00","","K617313001","K6173130",1,"Loire"
"400",347,"K7143010","MONTIPOURET [MOULIN D'ANGIBAULT]","la Vauvre",616.146,6614.571,NA,197,"S",430450,1.5,0.07,16.1,24.6,30.1,"K7143010","mise en service le 19/12/2012

13/08/2019: Nivellement de la cote ""débit nul"": -0.09m 

Mise à jour débits caractéristiques le 17/04/2025
","07/04/13 15:46:00",0,240,NA,"MONTIPOURET",36129,NA,"04/18/25 07:36:00","12/22/11 11:46:00","K714301001","K7143010",1,"Loire"
"402",350,"K4572210","MONTRIEUX-EN-SOLOGNE [BOIS OLYMPE]","BEUVRON",602.775,6715.166,NA,509.79999,"S",430450,2.72,0.126,20.4,36,51.5,"K4572210","26/06/1994: Début des mesures ponctuelles par la DDT41

17/10/2012: Mise en service d'une station de mesure Ht

Mise à jour débits caractéristiques le 23/04/2025.
","06/27/13 11:15:00",0,NA,NA,"MONTRIEUX-EN-SOLOGNE",41152,NA,"04/23/25 09:02:00","","K457221001","K4572210",1,"Loire"
"403",351,"K4900020","TOURS (AVAL DU PONT WILSON RD) [HS]","La Loire",475210,2268130,NA,42130,"S",430450,373,64.5,1668,2106,2395,"K4900020","station aval Wilson Rive Droite a remplacé K4900010 Wilson amont Rive Gauche et est remplacée par K4900030 Mirabeau","03/10/00 00:00:00",0,NA,NA,"",NA,4459,"04/18/25 14:36:00","","K490003102","K4900031",NA,"Loire"
"404",352,"K0924010","RENAISON [HS]","RENAISON",771644,6550155,NA,NA,"S",430450,NA,NA,NA,NA,NA,"K0924010","Mise en service le 04/07/2012 à 09 h 10 TU 
alimenté dans hydro 1/1/2013","",0,NA,NA,"",NA,36179500,"03/14/25 12:31:00","07/04/12 16:50:00","K092401001","K0924010",NA,"Loire"
"405",357,"K1363010","CIRY LE NOBLE","La Bourbince",NA,NA,NA,343,"S",117210,3.28,0.6,42,52,58,"K1363010","","02/10/03 00:00:00",0,NA,NA,"",NA,NA,"02/25/16 15:01:00","","K136301001","K1363010",1,"Loire"
"406",361,"K0253030","AIGUILHE","BORNE ",769.904,6439.385,NA,NA,"S",430450,2.9,0.51,51,89,110,"K0253030","Coordonnées en labmbert 93","12/21/15 09:34:00",0,NA,NA,"",NA,62306,"04/18/24 14:57:00","02/27/13 09:41:00","K025302002","K0253020",NA,"Loire"
"407",362,"K0134010","LANTRIAC (PONT DE MOULINES)","la Laussonne",776897,6430044,NA,33,"S",430450,NA,NA,15.6,29.7,39.1,"K0134010","","12/17/15 15:54:00",NA,NA,NA,"",NA,74962,"04/19/25 19:37:00","05/31/13 09:46:00","K013401001","K0134010",NA,"Loire"
"408",363,"K0045510","ST ARCONS  BARGES (MONTBEL","la Mejeanne",774643,6414533,NA,35,"S",430450,NA,NA,NA,NA,NA,"K0045510","","",0,NA,NA,"",NA,95556,"12/17/15 15:40:00","05/31/13 10:05:00","K004551001","K0045510",NA,"Loire"
"410",365,"K6220930","SELLES-SUR-CHER - PONT D956A","Le Cher",590.993,6687.413,NA,9264,"S",430450,58.2,5.54,246,361,437,"K6220930","Cette station est située sur la commune de Selles sur Cher (41) au pont de Selles sur Cher sur la D956A
Contrôle: Seuil Naturel  Equipement: CPL PLQ 2000 avec capteur radar déporté par radio Téléphone: 02 54 96 13 56
A l'installation le 22/08/2013, la hauteur à cette station était de -4cm par rapport à celle de la station centre ville(vieux pont). La cote du ""0"" de l'échelle est 71,820 m NGF(nivellement maintenance DHMD). 

Mise à jour débits caractéristiques le 23/04/2025.
","12/23/15 11:40:00",0,NA,NA,"SELLES/CHER",41242,7182,"04/23/25 09:48:00","08/22/13 16:00:00","K622091003","K6220910",1,"Loire"
"411",366,"K6482510","PRUNIERS-EN-SOLOGNE","Sauldre",549.736,2258.138,NA,2099,"S",430450,13.1,1.33,94,155,196,"K6482510","Référence hauteur: Echelle limni sur pile amont rive gauche
Début des mesures de débits en 2013

Mise à jour débits caractéristiques le 23/04/2025.
","10/11/13 17:26:00",0,NA,NA,"PRUNIERS-EN-SOLOGNE",41185,NA,"04/23/25 09:58:00","08/26/13 14:36:00","K648251001","K6482510",1,"Loire"
"412",367,"K6102430","MAREUIL-SUR-ARNON","Arnon",633.704,6642.608,NA,884,"S",430450,4.05,0.312,41.9,73,93.6,"K6102430","Début des mesures de débits en 2013-référence hauteur: arète inférieure du bloc de pierre recouvrant le parapet coté RD aval du pont
20/05/2014: Mise en service 
14/02/2017: Nivellement du ""0"" de l'échelle - Altitude: 133.406m Système NGF-IGN 1969

Mise à jour Débit caractéristiques le 24/04/2025","12/23/15 11:40:00",0,190,NA,"MAREUIL SUR ARNON",18137,13341,"04/24/25 11:18:00","08/26/13 14:41:00","K610243001","K6102430",1,"Loire"
"414",370,"K7222620","BUZANÇAIS - PONT VOIE FERRÉE","Indre",579.351,6645.529,NA,1244,"S",430450,8.57,1.15,49.1,77.8,96.9,"K7222620","################","10/11/13 17:23:00",0,250,NA,"BUZANCAIS",36031,10558,"04/18/25 07:45:00","10/03/13 17:38:00","K722261011","K7222610",1,"Loire"
"415",371,"K0543010","BEAUZAC [BÉRARD]","ANCE DU NORD",784.77,6464.677,NA,517,"S",430450,NA,NA,NA,NA,NA,"K0543010","Coordonnées en lambert 93","12/21/15 10:23:00",0,NA,NA,"BEAUZAC",NA,NA,"12/21/15 10:24:00","12/02/13 14:59:00","K054301001","K0543010",NA,"Loire"
"416",372,"K4427010","TAVERS","Lien",596.233,6740.299,NA,41,"S",430450,NA,NA,NA,NA,NA,"K4427010"," Janvier 2014: installation d'une échelle limnimétrique à l'aplomb aval RG du pont
23/01/2014: constat d'un nettoyage et élagage de la RG sur 150m

Mise à jour Débit caractéristiques le 24/04/2025 pas de données en Phyc","02/20/20 16:09:00",0,NA,NA,"TAVERS",45317,NA,"04/24/25 11:07:00","01/01/98 00:00:00","K442701001","K4427010",1,"Loire"
"421",378,"F4560420","SACLAS","LA JUINE",NA,NA,NA,NA,"S",430450,1.13,0.935,2.2,2.64,2.93,"F4560420","MISE A JOUR DEBITS CARACTERISTIQUES LE 02/05/2025.","",0,NA,NA,"SACLAS",NA,NA,"05/02/25 10:10:00","03/07/14 11:26:00","F456042001","F4560420",1,"Loire"
"422",379,"K0463010","MONISTROL-SUR-LOIRE [PONT DE LIGNON]","LIGNON DU VELAY",790.223,6462.597,NA,711,"S",430450,NA,NA,NA,NA,NA,"K0463010","Coordonnées en lambert 93","12/21/15 10:17:00",0,NA,NA,"MONISTROL SUR LOIRE",43137,33911,"11/08/24 12:32:00","02/05/14 15:30:00","K046301002","K0463010",NA,"Loire"
"423",380,"K6063010","REZAY","La Sinaize",637.357,6619.5,NA,157.5,"S",430450,0.671,0.04,8.01,13.3,16.8,"K6063010","Avant la pose de l'échelle, un repère jaune a été marqué sur la rembarde en amont, rive droite.
Installation d'une échelle en novembre 2015 sur la culée, amont rive droite.

Mise à jour Débit caractéristiques le 24/04/2025","12/23/15 11:39:00",0,NA,50,"REZAY",18193,NA,"04/24/25 11:15:00","02/10/14 16:40:00","K606301001","K6063010",1,"Loire"
"424",381,"K4373110","SANDILLON (FERME DE LOUY)","le Dhuy",NA,NA,NA,NA,"S",430450,0.507,0.005,6.73,12.2,15.9,"K4373110","station crée janvier 2014

Mise à jour Débit caractéristiques le 24/04/2025","",10,NA,NA,"",NA,9397,"04/24/25 11:12:00","04/04/14 11:51:00","K437311001","K4373110",1,"Loire"
"425",382,"K1084020","BENISSON DIEU","la teyssonne",780386,6561712,NA,NA,"S",430450,0.843,0.029,14.3,21.3,26,"K1084020","Mise à jour des débits caractéristiques le 02/05/2025","",NA,NA,NA,"",NA,NA,"05/02/25 15:14:00","06/05/14 15:46:00","K108402001","K1084020",1,"Loire"
"428",388,"K6373030","MENETREOL-SUR-SAULDRE","La Petite Sauldre",597.62,2271.89,NA,318,"S",430450,3.2,0.51,40.8,55.7,65.6,"MENETREOL","MENETREOL SUR SAULDRE:  la petite Sauldre

13/04/2015   Création d'une nouvelle station suite au déplacement de l'échelle.
                    Station située 15m à l'aval de la précédente.

MISE A JOUR DEBITS CARACTERISTIQUE LE 02/05/2025.","",NA,NA,NA,"MENETREOL-SUR-SAULDRE",18147,NA,"05/02/25 09:52:00","04/13/15 14:39:00","K637302002","K6373020",1,"Loire"
"429",389,"K0114030","CHADRON (COLEMPCE BAS)","LA GAZEILLE",773821,6428598,NA,NA,"S",430450,NA,NA,48.5,109,149,"K0114030","","",NA,NA,NA,"",NA,69705,"04/19/25 10:34:00","06/11/15 14:39:00","K011403001","K0114030",NA,"Loire"
"430",390,"K2254010","SAUGUES","SEUGE",NA,NA,NA,NA,"S",430450,NA,NA,NA,NA,NA,"K2254010","Fourni par la DREAL auvergne pour corrélation de données","",0,NA,NA,"",NA,92700,"04/18/24 15:41:00","07/31/15 14:34:00","K225401001","K2254010",NA,"Loire"
"431",391,"K4466410","MER [HS]","Tronne",588.308,6733.611,NA,NA,"S",430450,NA,NA,NA,NA,NA,"K4466410","Jaugeages ponctuels
03/12/2013: installation d'une échelle limnimétrique à l'aplomb RG du pont, en projet d'installer une station hydrometrique (projet non abouti).","12/23/15 11:39:00",NA,NA,NA,"",NA,NA,"04/18/25 08:33:00","","K446641001","K4466410",1,"Loire"
"433",395,"K0410310","TENCE [LEVEE MORIN]","LIGNON DU VELAY",800231,6449798,NA,NA,"S",430450,NA,NA,NA,NA,NA,"K0410310","Coordonnées en Lambert 93","",0,NA,NA,"",NA,NA,"03/23/16 15:43:00","03/23/16 15:41:00","K041031001","K0410310",NA,"Loire"
"435",397,"K6123110","MEUNET PLANCHES (HAUTEURS)","Théols",571.02,2204.139,NA,213,"S",430450,NA,NA,NA,NA,NA,"K6123110","Station hauteur mise en service le 28/11/2001, 1ère mesure de débit en 2016.
Station fortement influencée par un ouvrage en aval, en conséquence les courbes de tarage ne seront exploitables que pendant les périodes où l'ouvrage aval sera effacé","",0,10,NA,"MEUNET PLANCHES",36121,14170,"05/09/19 16:31:00","12/08/17 16:45:00","K612311010","K6123110",1,"Loire"
"436",399,"K0010010","RIEUTORD","LA LOIRE ",6408188,791441,NA,NA,"S",430450,NA,NA,NA,NA,NA,"K0010010","","08/13/24 13:20:00",0,NA,NA,"",NA,NA,"08/13/24 13:22:00","07/22/16 15:56:00","K001872301","K0018723",NA,"Loire"
"441",409,"K6123120","MEUNET-PLANCHES - STATION DEBITMETRIQUE","Théols",571.02,2204.139,NA,213,"S",430450,NA,NA,NA,NA,NA,"K6123120","Station débit mise en service le 03/10/2017, équipée d'un capteur IQ+ (SONTEK)","11/10/17 14:56:00",10,NA,NA,"MEUNET PLANCHES",36121,14170,"07/13/23 14:31:00","06/08/16 11:14:00","K612311011","K6123110",1,"Loire"
"442",410,"K4843020","COULANGES(MOULIN JOUAN)","Cisse",517.118,2283.584,NA,515,"S",430450,1.51,0.335,NA,NA,NA,"K4843020","Cette station est placée à l'amont du pont au lieu-dit""Moulin Jouan"" en remplacement de celle qui était à l'aval du pont depuis l'aménagement d'un contrôle en IPN le 09/11/2017
le ""0"" de l'échelle est 20cm sous celui de l'ancienne échelle aval
20/08/2019: Nivellement de la cote débit nul : 0.07m

Mise à jour débits caractéristiques le 23/04/2025.
","",0,85,65,"COULANGES",41064,NA,"04/23/25 09:38:00","12/08/17 15:08:00","K484000102","K4840001",1,"Loire"
"443",411,"K7202620","ARDENTES (DÉBITS)","Indre",561.341,2193.637,NA,697,"S",430450,NA,NA,NA,NA,NA,"K7202620","Station débit mise en service le 16/11/2017, équipée d'un capteur IQ+ (SONTEK)","",10,NA,NA,"ARDENTES",36005,15517,"05/09/19 16:29:00","12/11/17 11:07:00","K720261002","K7202610",1,"Loire"
"444",412,"K0543020","APINAC","ANDRABLE ",NA,NA,NA,NA,"S",430450,NA,NA,NA,NA,NA,"K0543020","","",0,NA,NA,"",NA,NA,"01/13/22 08:42:00","07/22/16 09:47:00","K054301201","K0543012",NA,"Loire"
"445",413,"K4730000","LA FERTÉ ST AUBIN","le Cosson",569389,2302974,NA,221,"S",430450,NA,NA,NA,NA,NA,"LA CANNE","Mise à jour débits caractéristiques le 23/04/2025.
","",10,NA,NA,"",NA,NA,"04/23/25 09:25:00","03/12/18 15:55:00","K473000101","K4730001",1,"Loire"
"446",414,"K0340010","VOREY (CHAMBON DE VOREY)","LA LOIRE",NA,NA,NA,NA,"S",430450,NA,NA,NA,NA,NA,"K0340010","","",NA,NA,NA,"",NA,51989,"05/15/24 14:30:00","01/06/17 14:40:00","K034000101","K0340001",NA,"Loire"
"448",416,"K0760330","PONCINS (PRÉCIVET)","Le Vizezy",740327,2080139,NA,181,"S",430450,NA,NA,NA,NA,NA,"K0760330 ","La station présente les particularités suivantes:

1-Une instabilité hydraulique en raison  d'une capacité de remobilisation importante de son lit mineur très sableux sur tout le tronçon.

2- En cas de crue , le debit à Precivet se fait  d'abord par l' accroissement de la hauteur d'eau en non par la vitesse d'écoulement qui ""plafonne"".Cette observation a été faite lors jaugeage astreinte crue decembre 2021 sur station et pont amont confluence avec le Lignon.La différence altimétrique zéro Echelle Précivet et Poncins est de l'ordre de 11.40m permet exclure effet confluence ou influence aval  avec Poncins.En revanche sur tronçon station on a un fort méandrement et un lit majeur très en combré pouvant faire un frein à l'écoulement.

3-Lors etiage 2022 et ceux dés juin 2022 le vizezy a connu des variations de débits qui ne sont pas compatibles avec pluie de bassin.Influence extérieur probable en particulier canal Forez traversant cette zone humide ou on a des cultures avec irrigation et lacs stockage. La statistique d'étiage sur cette station est sans signification hydrologique.Cela a pour conséquence de comprommettre aussi la statistique d'étiage de Poncins Bourg en particulier sur des années historiquement sèches comme 2022.","",0,NA,NA,"PONCINS",42174,34400,"06/19/24 11:02:00","09/07/18 14:53:00","K076331201","K0763312",NA,"Loire"
"449",418,"K4190020","AUTRY-LE-CHATEL","LA NOTREURE",669173,6722711,NA,85,"S",430450,NA,NA,NA,NA,NA,"K4190002","1er jaugeage le 27/11/2018","",0,NA,NA,"AUTRY-LE-CHATEL",45016,NA,"01/25/19 14:53:00","12/17/18 15:29:00","K419000201","K4190002",1,"Loire"
"450",419,"K5730010","VOUZERON","LE BARANGEON",641469,6684348,NA,NA,"S",430450,NA,NA,NA,NA,NA,"K5730010","1er jaugeage le 08/03/2017","01/23/19 15:24:00",0,NA,NA,"VOUZERON",18290,16618,"10/01/20 13:34:00","01/21/19 10:16:00","K573000101","K5730001",1,"Loire"
"451",420,"K1540030","VARENNES SUR TECHE","LA TECHE",747261,6581180,NA,51,"S",430450,NA,NA,NA,NA,NA,"K1540030","1er jaugeage le 04/ 09/ 2018","",0,NA,NA,"VARENNES SUR TECHE",45016,NA,"01/22/19 16:30:00","01/21/19 10:42:00","K154000301","K1540003",1,"Loire"
"452",422,"K6173120","SAINTE-LIZAIGNE [HAUTEURS]","La Théols",626.086,6656.632,NA,782,"S",430450,NA,NA,NA,NA,NA,"K6173120","Cette station est située sur la commune de STE LIZAIGNE au lieu-dit . Pont RD34


","12/23/15 11:40:00",0,NA,NA,"",NA,NA,"05/09/19 17:28:00","","K617313002","K6173130",1,"Loire"
"453",423,"K7522630","MONTS (HAUTEURS)","INDRE",520.706,6689.13,NA,NA,"S",430450,16.6,2.45,101,160,199,"K7522630","Mise à jour des débits caractéristiques le 17/04/2025","05/07/02 00:00:00",0,NA,NA,"",NA,4426,"04/18/25 07:54:00","","K752262011","K7522620",1,"Loire"
"454",424,"K0580010","UNIEUX [LE PERTUISET]","L'ONDAINE",797940,6479572,NA,NA,"S",430450,NA,NA,NA,NA,NA,"K0580010","coordonnées en lambert 93","",0,NA,NA,"",NA,NA,"07/09/20 18:43:00","08/09/19 12:05:00","K058000101","K0580001",NA,"Loire"
"455",425,"K1370030","OUDRY","Oudrache",NA,NA,NA,NA,"S",430450,NA,NA,NA,NA,NA,"OUDRY","","",0,NA,NA,"",NA,NA,"02/12/21 09:29:00","11/05/19 15:37:00","K137000301","K1370003",1,"Loire"
"456",426,"K1130020","MORNAY","Arconce",NA,NA,NA,NA,"S",430450,NA,NA,NA,NA,NA,"K1130020","","",0,NA,NA,"",NA,NA,"02/09/21 07:54:00","11/05/19 15:39:00","K113000201","K1130002",1,"Loire"
"457",427,"K4300010","CHÂTEAUNEUF-SUR-LOIRE [HS]","Loire",NA,NA,NA,36418,"S",430450,NA,NA,NA,NA,NA,"K4300010","Station Hauteur seule mais présence de jaugeages ponctuels ou d'estimation de débits en fonction de jaugeage de Giens-Aval","",0,NA,NA,"",NA,10262,"04/17/25 17:22:00","01/07/20 07:45:00","K430001010","K4300010",1,"Loire"
"458",428,"K4670010","CELLETTES-CLÉNORD","Beuvron",581.173,6715.871,NA,1102,"S",430450,5.89,0.318,NA,NA,NA,"K4670010","07/01/2020 - 1ère mesure de débit avec repère au tablier du pont
04/03/2020 - Vu avec un riverain la cote maxi observée lors de crue en Juin 2016. La cote maxi observée et notée sur un papier était de 2.90m le 03/06/2016. Des cotes sur les jours précédents et suivants ont été notées sur la carnet de jaugeage du 04/03/2020
09/07/2020 - Nivellement du repère palplanche dans la passe centrale- il est à la cote -0.49m du ""0"" de l'échelle
Le 12/10/2021  Instalation de la station (échelle, lns et IQ+)

Mise à jour débits caractéristiques le 23/04/2025.
","",0,80,NA,"CELLETTES",41031,NA,"04/23/25 09:21:00","01/10/20 09:03:00","K467000101","K4670001",1,"Loire"
"460",430,"K7226510","SAINT GENOU (L'AUNEAU)","Cité",527.273,2215.534,NA,99.080002,"S",430450,NA,NA,NA,NA,NA,"K7226510","station crée dans la phyc le 20/01/2020 et dans Hydro II le 20/02/2020","",0,NA,NA,"SAINT GENOU",36194,NA,"02/20/20 16:06:00","01/20/20 16:34:00","K722261201","K7222612",1,"Loire"
"461",431,"K5440020","FAVERDINES","La Loubiéres",NA,NA,NA,NA,"S",430450,NA,NA,NA,NA,NA,"FAVERDINES","17/04/2025 La mise à jour Débits caractéristiques n'a pu être effectuée. Pas de statistiques sur hydroportail.","",10,NA,NA,"",NA,NA,"04/17/25 10:00:00","02/12/20 16:47:00","K544000201","K5440002",1,"Loire"
"462",432,"K6520020","DUN-LE-POËLIER","Fouzon",555.971,2245.135,NA,257,"S",430450,NA,NA,NA,NA,NA,"K6520020","1ère mesure de débit le 19/02/2020
En attente d'être appareillé","",0,NA,NA,"DUN-LE-POËLIER",36068,NA,"02/20/20 16:17:00","02/20/20 16:17:00","K652000201","K6520002",1,"Loire"
"463",433,"K6580010","POULAINES [BARZELLE]","Nahon",544.257,2242.245,NA,285,"S",430450,NA,NA,NA,NA,NA,"K6580010","1ère mesure de débit le 19/02/2020
Mise en service le 14/04/2021 12:00","",0,170,NA,"POULAINES",36162,NA,"04/15/21 11:32:00","02/20/20 16:20:00","K658000101","K6580001",1,"Loire"
"464",434,"K4180040","GIEN - NOUVEAU PONT","Loire",NA,NA,NA,35500,"S",430450,323,58,1510,2050,2410,"K4180040","Mise à jour débits caractéristiques le 23/04/2025.
","03/04/21 12:00:00",0,NA,NA,"",NA,NA,"04/23/25 07:57:00","12/15/20 13:55:00","K418001022","K4180010",1,"Loire"
"465",435,"K5480920","SAINT-FLORENT-SUR-CHER","Cher",NA,NA,NA,NA,"S",430450,NA,NA,NA,NA,NA,"K5480920","","",NA,NA,NA,"",NA,NA,"02/05/21 10:17:00","02/05/21 10:16:00","K548092010","K5480920",1,"Loire"
"466",436,"K2316210","AUBAZAT","CRONCE",686632,2016.32,NA,130,"S",118631,1.21,0.087,11.4,17.5,21.6,"K2316210","MISE A JOUR DEBITS CARACTERISTIQUE LE 08/04/2025","07/05/04 00:00:00",0,NA,NA,"",NA,48300,"04/08/25 10:36:00","","K231621001","K2316210",1,"Loire"
"467",437,"K2714010","BEAUREGARD ANCIENNE [HS]","JAURON",673120,2091050,NA,124,"S",118631,0.741,0.061,16,26,33,"K2714010","K271401001 K271 4010 01 - Le Jauron à Beauregard-l'Évêque [Saint-Aventin] - Ancienne 1967-2024
Mise hors service le 11/07/2024 à 08:00, remplacée par la station K271 4010 02 - Le Jauron à Beauregard-l'Évêque [Saint-Aventin] - Amont pont -","07/05/04 00:00:00",0,NA,NA,"BEAUREGARD L EVEQUE",34,30500,"02/28/25 10:15:00","","K271401001","K2714010",1,"Loire"
"468",438,"K2534010","BOUSSELORGUES","ARCUEIL",666550,2027.21,NA,108,"S",118631,0.966,0.025,10,15.8,19.6,"K2534010","MISE A JOUR DEBITS CARACTERISTIQUE LE 08/04/2025","06/08/05 00:00:00",0,NA,NA,"",NA,54500,"04/08/25 10:42:00","","K253401001","K2534010",1,"Loire"
"469",439,"K2283110","CHANTEUGES","DESGES",694242,2008684,NA,139,"S",118631,1.66,0.255,12.1,19.5,24.5,"K2283110","Code station Hydro3 (PhyC)
K2283110 01 Station fermée : La Cambuse - Amont Pont SNCF 01/06/1966 -> 14/04/1992
K2283110 02 Station active : Bourg de Chanteuges 14/04/1992 -> 

Changement échelle limni le 11/10/2016 9:30 (zéro échelle +10cm/ à l’ancienne échelle) 
MISE A JOUR DEBITS CARACTERISTIQUE LE 08/04/2025","03/21/17 10:03:00",0,NA,NA,"",NA,NA,"04/08/25 10:49:00","","K228311002","K2283110",1,"Loire"
"470",440,"K2365510","COUTEUGES [HS]","LIDENNE",691740,2023180,NA,46.200001,"S",118631,0.227,0.014,6.2,9.9,12,"K2365510","Fermeture station le 08/07/2018 suite à travaux pont scnf. ","07/05/04 00:00:00",0,NA,NA,"",NA,NA,"02/28/25 11:49:00","","K236551001","K2365510",NA,"Loire"
"471",441,"K2644010","MANGLIEU","AILLOUX",678500,2068.63,NA,73.199997,"S",118631,0.595,0.043,10.5,18.2,23.3,"K2644010","mis à jour le 08/03/2025","07/05/04 00:00:00",0,NA,NA,"",NA,43700,"04/08/25 10:48:00","","K264401001","K2644010",1,"Loire"
"472",442,"K2544010","MASSIAC [HS]","ALLAGNONETTE",667590,2028.36,NA,66.199997,"S",118631,0.568,0.009,7.2,12,14,"K2544010","Fermeture au 01/01/2020 suite à l'Audit SCHAPI. ","08/29/05 00:00:00",0,NA,NA,"",NA,54900,"02/28/25 09:51:00","","K254401001","K2544010",1,"Loire"
"473",443,"K2266210","VISSAC - PONT CD590 [HS]","FIOULE",NA,NA,NA,NA,"S",118631,0.207,NA,NA,NA,NA,"K2266210","Mise hors service le 01/07/2010 00:00","02/17/25 17:33:00",0,NA,NA,"",NA,75000,"02/28/25 11:14:00","","K226621001","K2266210",1,"Loire"
"474",444,"K2383110","DOMEYRAT","DOULON",692230,2028600,NA,138,"S",118631,1.1,0.107,13.8,22.9,29,"K2383110","INSTALLE 07/2000

MISE A JOUR DEBITS CARACTERISTIQUE LE 08/04/2025","07/05/04 00:00:00",0,NA,NA,"",NA,49100,"04/08/25 10:53:00","","K238311001","K2383110",1,"Loire"
"475",445,"K2623010","MADRIAT","COUZE D ARDES",666.721,2048.214,987.4,117,"S",118631,1.38,0.142,17,29.1,37.1,"K2623010","144466  Hydrosens   26-07-2000
Opale  le 11-02-04
Mise en place nlle echelle 05-01-2004
mis à jour le 08/03/2025","07/05/04 00:00:00",0,NA,NA,"",NA,46600,"04/08/25 10:36:00","","K262301001","K2623010",1,"Loire"
"476",446,"K2514010","JOURSAC - PONT DU VERNET ","ALLANCHE",650980,2015520,NA,99,"S",118631,2.82,0.508,22.7,33.8,41.2,"K2514010","MISE A JOUR DEBITS CARACTERISTIQUE LE 08/04/2025","08/29/05 00:00:00",0,NA,NA,"",NA,74600,"04/08/25 11:01:00","","K251401001","K2514010",1,"Loire"
"477",447,"K2514020","ALLANCHE","ALLANCHE",646900,2025600,NA,63.700001,"S",118631,1.35,0.2,13.8,20.3,24.6,"K2514020","03/02/2016 Integration à toutes les CT de l'extrapolation au-delà de 150 cm d'après l'étude du Cerema - Labo de Blois (2014) par modélisation hydraulique (Hec Ras) - JNA/JPF

MISE A JOUR DEBITS CARACTERISTIQUE LE 08/04/2025
","07/05/04 00:00:00",0,NA,NA,"",NA,96000,"04/08/25 10:30:00","","K251402001","K2514020",1,"Loire"
"478",448,"K2674040","CHAMBON AVAL LAC","COUZE CHAMBON",644650,2063390,NA,36,"S",118631,1.21,0.341,7.25,10.7,13,"K2674040","Code station HYDRO3 (PhyC)
K267404001 Station fermée = Passerelle 01/01/1992->22/09/2009
K267404002 Station active = Pont accès camping 22/09/2009->
mis à jour le 08/03/2025","09/06/16 12:25:00",0,NA,NA,"",NA,NA,"04/08/25 10:59:00","","K267404002","K2674040",1,"Loire"
"479",449,"P0304010","SEGUR LES VILLAS [LA CARRIERE]","SANTOIRE",638471,2021509,NA,58,"S",118631,2.22,0.13,30,46,57,"P0304010","","07/05/04 00:00:00",0,NA,NA,"",NA,102300,"07/16/18 10:25:00","","P030401001","P0304010",1,"Loire"
"480",451,"P1744010","AURILLAC - PASSERELLE RIOTTE","JORDANNE",NA,NA,NA,105,"S",118631,4.35,0.22,52,70,82,"P1744010","P1744010 01 Ladoux = fermée 01/10/1970 00:00 -> 28/11/1985 00:00
P1744010 02 Claire Vivre = fermée :  26/11/1992 00:00 -> 02/04/1999 00:00
P1744010 03 Passerelle Paul Riotte 19/09/2001 10:50 -> ","06/08/05 00:00:00",0,NA,NA,"",NA,62000,"02/28/25 11:00:00","","P174401003","P1744010",1,"Loire"
"481",452,"K2593010","LEMPDES [HS]","ALLAGNON",672570,2043260,NA,984,"S",118631,11.7,1.3,110,160,190,"K2593010","10/02/2025 13:40 Fermeture au profit de la station Lempdes passerelle + Béal ","03/14/16 14:55:00",0,NA,NA,"",NA,NA,"02/27/25 16:35:00","","K259301001","K2593010",1,"Loire"
"482",453,"K2654010","ST FLORET","COUZE PAVIN",660140,2061410,NA,216,"S",118631,4.48,0.847,34,47,55.5,"COUZE PAVI","mis à jour le 08/03/2025","",0,NA,NA,"",NA,NA,"04/08/25 10:52:00","","K265401001","K2654010",1,"Loire"
"483",454,"K2871910","ST GERVAIS SOUS MEYMONT [GIROUX-DORE]","DORE",697980,2077880,NA,800,"S",118631,10.9,1.2,81,110,130,"GIROUXDORE","","",0,NA,NA,"ST GERVAIS SOUS MEYMONT",NA,NA,"02/28/25 11:57:00","","K287191001","K2871910",1,"Loire"
"484",455,"K3222010","PONTGIBAUD","SIOULE",639380,2092790,NA,353,"S",118631,6.03,1.19,47.5,69.4,84,"K3222010","débits caractéristiques modifiés le 07/04/25","01/24/08 15:05:00",0,NA,NA,"",NA,NA,"04/07/25 13:36:00","","K322201001","K3222010",1,"Loire"
"485",456,"K3373010","CHAREIL-CINTRAT","BOUBLE",668660,2140650,NA,555,"S",118631,3.66,0.085,69.8,116,146,"K3373010","débits caractéristiques modifiés le 07/04/25","01/29/08 16:02:00",0,NA,NA,"",NA,NA,"04/07/25 13:44:00","","K337301001","K3373010",1,"Loire"
"486",457,"K3382010","ST POURCAIN","SIOULE",673.94,2145.91,NA,2460,"S",118631,21.7,3.05,152,242,301,"K3382010","Mise en service retenue de BESSERVE = novembre 1968
Code hydro3
K3382010 01 Sioule à St Pourçain (station active) 04/07/1985 ->
K3382010 02 Sioule à St Pourçain [La Moutte] fermée (ancienne station hydro2 K3382005) 07/07/1966 -> 05/07/1985
K3382010 03 sioule à St Pourçain [Auberge des Aubrelles] 04/03/2021
débits caractéristiques modifiés le 07/04/25
","01/24/08 15:30:00",0,NA,NA,"SAINT POURÇAIN",NA,23274,"04/07/25 13:47:00","","K338201001","K3382010",1,"Loire"
"487",458,"P0010010","ST SAUVES","DORDOGNE",627294,2067110,NA,87,"S",118631,3.56,0.96,35,50,60,"P0010010","","07/05/04 00:00:00",0,NA,NA,"",NA,78000,"02/28/25 10:50:00","","P001001001","P0010010",1,"Loire"
"488",459,"P0115010","LA TOUR  D AUVERGNE","BURANDE",628180,2058880,NA,20.4,"S",118631,0.936,0.22,14,20,23,"P0115010","","07/05/04 00:00:00",0,NA,NA,"",NA,90500,"02/28/25 11:58:00","","P011501001","P0115010",1,"Loire"
"489",460,"P0272510","CONDAT","RHUE",633380.8,2037683.9,NA,187,"S",118631,5.61,0.64,75,110,130,"P0272510","P027251001 station Echelle rive droite du   / /   au 31/10/2017 16:40
P027251002 station Echelle rive gauche à partir du 31/10/2017 16:40","07/05/04 00:00:00",0,NA,NA,"",NA,70600,"02/28/25 12:02:00","","P027251002","P0272510",1,"Loire"
"490",461,"P0885010","BASSIGNAC [VENDES]","MARS",604170,2032955,NA,117,"S",118631,3.7,0.22,52,74,88,"P0885010","","08/29/05 00:00:00",0,NA,NA,"",NA,36600,"07/16/18 10:57:00","","P088501001","P0885010",1,"Loire"
"491",462,"P1712910","COMBLAT LE CHATEAU","CERE",621950,1996100,NA,88,"S",118631,4.09,0.3,62,83,96,"P1712910","","06/08/05 00:00:00",0,NA,NA,"",NA,65000,"09/01/16 15:52:00","","P171291001","P1712910",1,"Loire"
"492",463,"P1422510","ST EULALIE","MARONNE",602880,2012730,NA,112,"S",118631,4.11,0.26,50,72,87,"P1422510","","06/08/05 00:00:00",0,NA,NA,"",NA,59500,"10/05/16 10:48:00","","P142251001","P1422510",1,"Loire"
"493",464,"P0212510","EGLISENEUVE D ENTRAIGUES","RHUE",638570,2045521,NA,40,"S",118631,1.62,0.22,19,26,31,"P0212510","","07/05/04 00:00:00",0,NA,NA,"",NA,94000,"02/28/25 11:59:00","","P021251001","P0212510",1,"Loire"
"494",465,"P0804010","CHEYRANGE [HS]","SUMENE",619240,2036000,NA,53,"S",118631,1.72,0.25,19,26,32,"P0804010","P080 4010 01 - La Sumène à Saint-Étienne-de-Chomeil [Cheyrange]
Mise hors service le 04/05/2001 00:00","05/18/00 00:00:00",0,NA,NA,"",NA,NA,"02/28/25 10:54:00","","P080401001","P0804010",1,"Loire"
"495",466,"K2674030","CHAMBON AMONT LAC [HS]","COUZE CHAMBON",646330,2063590,NA,31.5,"S",118631,1.17,0.311,13.4,21,26,"K2674030","Mise hors service en 2025
mis à jour le 08/03/2025","08/08/05 00:00:00",0,NA,NA,"",NA,NA,"04/08/25 11:01:00","","K267403001","K2674030",1,"Loire"
"496",467,"K2724210","CLERMONT - CROUEL","ARTIERE",662750,2086720,NA,43,"S",118631,0.244,0.068,4.8,5.6,6.2,"K2724010","","08/25/99 00:00:00",0,NA,NA,"CLERMONT-FERRAND",NA,NA,"02/28/25 12:00:00","","K272421001","K2724210",1,"Loire"
"497",468,"K2724220","AULNAT [HS]","ARTIERE",665100,2088750,NA,61,"S",118631,1.18,0.52,26,32,35,"K2724220","Station hauteur seule depuis le 01/01/2014 (impossibilité de ternir une courbe de tarage correcte)
Mise hors service le 01/01/2015 00:00. ","06/08/05 00:00:00",0,NA,NA,"",NA,NA,"02/28/25 12:04:00","","K272422001","K2724220",1,"Loire"
"498",469,"K2753010","MONTCEL","MORGE",655785,2114057.4,NA,117,"S",118631,0.975,0.066,8.46,13.9,17.5,"K2753010","K275301001 station aval pont en service jusqu'au 24/11/2017 14:00
K275301002 station amont pont mise en service le 24/11/2017 14:00
débits caractéristiques modifiés le 07/04/25","06/19/98 00:00:00",0,NA,NA,"",NA,NA,"04/07/25 11:43:00","","K275301002","K2753010",1,"Loire"
"499",470,"K2756110","ST HILAIRE - MOULIN JOSSE [HS]","SEP",653825.1,2114500,NA,27,"S",118631,0.165,0.006,2,3.41,4.34,"K2756110","Mise hors service en 2025
débits caractéristiques modifiés le 07/04/25","06/08/05 00:00:00",0,NA,NA,"",NA,NA,"04/07/25 12:05:00","","K275611001","K2756110",1,"Loire"
"500",471,"K2774010","BEAUNIT [HS]","AMBENE",649500,2100200,NA,7.5999999,"S",118631,0.082,0.01,0.76,1.1,1.3,"K2774010","COMMUNE DE CHARBONNIERE LES VARENNE
06/11/2018 00:00 Arrêtée suite à audit station Schapi (section devenue instable suite à l’aménagement d'abreuvoir à bovins)","12/11/01 00:00:00",0,NA,NA,"",NA,NA,"02/28/25 10:28:00","","K277401001","K2774010",NA,"Loire"
"501",472,"K2778010","ST GENES L ENFANT","Le Saint Genes",656700,2097800,NA,0,"S",118631,0.124,0.029,0.317,0.51,0.637,"K2778010","débits caractéristiques modifiés le 07/04/25","06/08/05 00:00:00",0,NA,NA,"",NA,NA,"04/07/25 12:04:00","","K277801002","K2778010",1,"Loire"
"502",473,"K2783010","MARINGUES - COTE ROUGE ","MORGE",675860,2101530,NA,713,"S",118631,4,1.1,28,38,45,"K2783010","","",0,NA,NA,"",NA,NA,"02/28/25 11:10:00","","K278301001","K2783010",1,"Loire"
"503",474,"K2784510","MARINGUES [HS]","ANDOUX",676700,2102900,NA,60,"S",118631,NA,NA,NA,NA,NA,"K2784510","Mise hors service le 01/09/1986 00:00","06/08/05 00:00:00",0,NA,NA,"",NA,NA,"02/28/25 10:36:00","","K278451001","K2784510",NA,"Loire"
"504",475,"K3053100","FERRIERES SUR SICHON","SICHON",701350,2114560.1,NA,27,"S",118631,0.566,0.067,7.7,11,13,"K3053100","","01/28/08 14:48:00",0,NA,NA,"",NA,NA,"07/04/18 11:01:00","","K305310001","K3053100",1,"Loire"
"505",476,"K3074010","CUSSET","JOLAN",686295.3,2126934.8,NA,56,"S",118631,0.621,0.009,9.5,15,18,"K3074010","","01/28/08 15:18:00",0,NA,NA,"",NA,NA,"08/18/17 09:11:00","","K307401001","K3074010",1,"Loire"
"506",477,"K3153010","LORIGES  D1","ANDELOT",677320,2141600,NA,210,"S",118631,0.918,0.16,8.67,13.1,16.1,"K3153010","débits caractéristiques modifiés le 07/04/25","01/28/08 16:34:00",0,NA,NA,"",NA,NA,"04/07/25 13:28:00","","K315301001","K3153010",1,"Loire"
"507",478,"K3264010","PONTAUMUR","SAUNADE",626240,2096860,NA,112,"S",118631,1.17,0.085,9.99,13.7,16.2,"K3264010","K326401001: Station ""canal"" sous le pont, en service jusqu'au 20/09/2017 00:00
K326401002: Station en aval du pont rive gauche, sur le mur de soutènement, mise en service le 20/09/2017 00:00
débits caractéristiques modifiés le 07/04/25","01/28/08 17:08:00",0,NA,NA,"",NA,NA,"04/07/25 13:38:00","","K326401002","K3264010",1,"Loire"
"508",479,"K3533010","VIEUX CHEVAL [HS]","BURGE",661250.1,2181520,NA,71.800003,"S",118631,0.412,0.023,13,19,23,"K3533010","Mise hors service le 14/11/2018 00:01 ","01/29/08 15:56:00",0,NA,NA,"",NA,NA,"02/27/25 17:44:00","","K353301001","K3533010",NA,"Loire"
"509",480,"K3603010","POUZY MESANGY RD1 ANCIENNE [HS]","BIEUDRE",651170,2189910,NA,143,"S",118631,0.86,0.038,25,37,45,"K3603010","","01/29/08 15:41:00",0,NA,NA,"",NA,NA,"02/28/25 09:22:00","","K360301001","K3603010",1,"Loire"
"510",481,"K3206010","CEYSSAT","Le ruisseau de Ceyssat",643359.9,2084716.3,NA,10.3,"S",118631,0.243,0.149,0.385,0.516,0.602,"K3206010","Code station HYDRO3 (PhyC)
K3206010 01 Moulin = fermée : 01/03/1971 -> 30/05/2012 
K3206010 02 Amont pont = 30/05/2012  ->   
débits caractéristiques modifiés le 07/04/25","01/28/08 16:59:00",0,NA,NA,"",NA,NA,"04/07/25 13:30:00","","K320601002","K3206010",1,"Loire"
"511",482,"K3374710","FOURILLES [HS]","BOUBLON LAGEES",666500,2138550,NA,71.400002,"S",118631,0.271,0.012,5.65,10,12.9,"K3374710","07/02/2025 14:00 Fermeture station suite à l'audit SCHAPI.
débits caractéristiques modifiés le 07/04/25","01/28/08 16:40:00",0,NA,NA,"",NA,NA,"04/07/25 13:45:00","","K337471001","K3374710",1,"Loire"
"512",484,"P1834010","YTRAC - PONT LE VERT","AUTHRE",599170,1990870,993.93,143,"S",118631,3.05,0.23,36,49,57,"P1834010","","08/29/05 00:00:00",0,NA,NA,"",NA,54400,"02/28/25 11:03:00","","P183401001","P1834010",1,"Loire"
"513",485,"P0555010","RIOM ES MONTAGNE","VERONNE",625747,2031869,996.06,44,"S",118631,1.27,0.071,17,23,28,"P0555010","","01/29/16 11:42:00",0,NA,NA,"",NA,83700,"03/28/19 14:52:00","","P055501001","P0555010",1,"Loire"
"514",486,"K2698210","LA ROCHE BLANCHE","AUZON",660.965,2077.63,989.09,85,"S",118631,0.241,0.11,1.8,3,3.8,"K2698210","","07/05/04 00:00:00",0,NA,NA,"LA ROCHE BLANCHE",NA,41500,"02/28/25 11:55:00","","K269821001","K2698210",1,"Loire"
"515",487,"K2623020","MADRIAT2","COUZE D ARDES DERIV",NA,NA,NA,NA,"S",118631,0.184,0.026,1.25,1.58,1.8,"K2623820","","06/08/05 00:00:00",0,NA,NA,"",NA,NA,"04/08/25 10:40:00","","K262302001","K2623020",1,"Loire"
"516",488,"K3464010","NEUVY MOULINS","QUEUNE",NA,NA,NA,109,"S",118631,0.603,0.027,10.2,15.5,19,"K3464010","Mise à jour des débits caractéristiques le 02/05/2025","01/29/08 15:25:00",0,NA,NA,"",NA,NA,"05/02/25 15:24:00","","K346401001","K3464010",1,"Loire"
"517",489,"K3060310","ML VIDOT","SICHON",NA,NA,NA,159,"S",118631,2.29,0.17,27,40,48,"K3060310","","01/28/08 15:13:00",0,NA,NA,"",NA,NA,"07/07/17 12:05:00","","K306031001","K3060310",1,"Loire"
"518",490,"K2994010","PUY GUILLAUME","CREDOGNE",NA,NA,NA,74.5,"S",118631,1.12,0.09,11,17,21,"K2994010","","01/28/08 12:55:00",0,NA,NA,"PUY GUILLAUME",NA,NA,"02/28/25 11:58:00","","K299401001","K2994010",1,"Loire"
"519",491,"K2424010","COHADE RN102 [HS]","VENDAGE",680690,2039680,997.5,51.5,"S",118631,NA,NA,NA,NA,NA,"K2424010","INSTALLE 12/97

OTT 132599  07-2000
","09/28/04 00:00:00",0,NA,NA,"",NA,NA,"02/28/25 09:49:00","","K242401001","K2424010",NA,"Loire"
"520",492,"P0885020","LE FALGOUX CAMPING","MARS",622410,2017150,NA,20.5,"S",118631,1.08,0.089,14,20,24,"P0885020","","06/08/05 00:00:00",0,NA,NA,"",NA,89500,"07/20/16 10:56:00","","P088502001","P0885020",1,"Loire"
"521",493,"K2373110","ST VERT","DOULON",693580,2041930,NA,38.799999,"S",118631,0.405,0.051,4.28,6.59,8.11,"K2373110","INSTALLE 10/97
MISE A JOUR DEBITS CARACTERISTIQUE LE 08/04/2025","07/05/04 00:00:00",0,NA,NA,"",NA,76000,"04/08/25 11:20:00","","K237311001","K2373110",1,"Loire"
"522",494,"K2335510","ST JUST PRES BRIOUDE -LE MAS","LE CEROUX",679440,2027570,NA,82,"S",118631,0.521,0.006,6.1,11,14.2,"K2335510","12/97
132614 ott HYDROSENS
MISE A JOUR DEBITS CARACTERISTIQUE LE 08/04/2025","07/05/04 00:00:00",0,NA,NA,"",NA,53900,"04/08/25 11:16:00","","K233551001","K2335510",1,"Loire"
"523",495,"K2763110","CEBAZAT","BEDAT",660175,2091975,NA,41,"S",118631,0.356,0.12,5.2,7.2,8.5,"K2763110","","06/02/05 00:00:00",0,NA,NA,"",NA,NA,"12/09/20 09:39:00","01/01/00 00:00:00","K276311001","K2763110",1,"Loire"
"524",497,"K2773120","ST LAURE","BEDAT",NA,NA,NA,NA,"S",118631,1.85,0.68,25,32,36,"K2773120","INSTALLATION  LE  08 MARS  2000","03/13/00 00:00:00",0,NA,NA,"",NA,NA,"02/28/25 10:27:00","","K277312001","K2773120",1,"Loire"
"525",498,"K2774020","ENNEZAT [HS]","AMBENE",NA,NA,NA,NA,"S",118631,0.72,0.18,7.6,12,14,"K2774020","INSTALLATION LE 07/03/2000    
FRANCETELECOM   LE 21/03/2000
1er JAUGEAGE LE 21/03/2000
Mise hors service en 2025","03/22/00 00:00:00",10,NA,NA,"",NA,NA,"02/28/25 10:30:00","","K277402001","K2774020",1,"Loire"
"526",499,"K3553010","AUBIGNY [HS]","BURGE",662050,2187510,NA,225,"S",118631,0.995,0.054,20,30,37,"K3553010","Station mise hors service le 01/03/2023 00:00","01/29/08 15:49:00",0,NA,NA,"",NA,NA,"02/27/25 17:42:00","","K355301001","K3553010",1,"Loire"
"527",500,"K2223020","CHAMBONNET [HS]","ANCE du SUD",NA,NA,NA,80,"S",118631,1.19,0.16,9,12,15,"K2223020","","07/05/04 00:00:00",0,NA,NA,"",NA,NA,"03/14/25 12:39:00","","K222302001","K2223020",NA,"Loire"
"528",501,"K2226010","PANIS [HS]","RU du PANIS",NA,NA,NA,70,"S",118631,0.7,0.066,7.5,11,13,"K2226010","","07/05/04 00:00:00",10,NA,NA,"",NA,85700,"03/14/25 12:39:00","","K222601001","K2226010",NA,"Loire"
"529",503,"P1034010","BRAGEAC-MAISON FORESTIÉRE [HS]","AUZE",591384,202355,NA,155,"S",118631,1.31,0.14,45,75,94,"P1034010","BRAGEAC-MAISON FORESTIÉRE MIERS = P103 4010 - L'Auze à Brageac [Le Pestre]
Mise hors service le 03/07/2017 00:00","06/08/05 00:00:00",0,NA,NA,"",NA,49000,"02/28/25 10:57:00","","P103401001","P1034010",1,"Loire"
"530",504,"P0814020","ANTIGNAC","SUMENE",616675,2037825,NA,71.5,"S",118631,1.89,0.21,22,34,42,"P0814020","","06/08/05 00:00:00",0,NA,NA,"",NA,50000,"08/24/18 15:18:00","","P081402001","P0814020",1,"Loire"
"531",505,"P1780510","ST MAMET - CD 48","ROANNES",602000,1984725,NA,45.5,"S",118631,1.36,0.11,18,27,33,"P1780510","","08/29/05 00:00:00",0,NA,NA,"",NA,56500,"02/28/25 11:04:00","","P178051001","P1780510",1,"Loire"
"532",506,"P1780810","ST MAMET - STATION POMPAGE AEP [HS]","FAUGRAND",601925,1984475,NA,4.5,"S",118631,0.084,NA,NA,NA,NA,"P1780810","","06/08/05 00:00:00",0,NA,NA,"",NA,58000,"02/28/25 11:05:00","","P178081001","P1780810",NA,"Loire"
"533",507,"P0524010","MARCHASTEL","PETITE RHUE",NA,NA,NA,75.5,"S",118631,2.17,0.087,39,58,70,"P0524010","","06/08/05 00:00:00",0,NA,NA,"",NA,81400,"11/26/18 15:45:00","","P052401001","P0524010",1,"Loire"
"534",509,"P1454010","ST ILLIDE","BERTRANDE",NA,NA,NA,NA,"S",118631,3.5,0.2,41,58,69,"P1454010","P1454010 01 Ancienne échelle = fermée : 01/01/1932 -> 01/01/1970 station gérée par DRIREN Midi-Pyrénées
P1454010 02 Nouvelle échelle = station remise en service par DRIEN Auvergne10/10/2002 ->   ","06/08/05 00:00:00",0,NA,NA,"",NA,45800,"02/28/25 11:00:00","","P145401002","P1454010",1,"Loire"
"535",512,"K2821910","DORE L EGLISE","DORE",NA,NA,NA,105,"S",118631,1.07,0.095,12,18,22,"K2821910","","",0,NA,NA,"DORE L'EGLISE",NA,NA,"02/28/25 11:56:00","08/22/06 10:29:00","K282191001","K2821910",1,"Loire"
"536",513,"K2834010","ST BONNET LE CHASTEL [MOULIN NEUF]","DOLORE",NA,NA,NA,70,"S",118631,1.13,0.15,13,19,24,"DOLORE","","01/25/08 17:06:00",0,NA,NA,"ST BONNET LE CHASTEL",NA,NA,"02/28/25 11:56:00","08/22/06 10:30:00","K283401001","K2834010",1,"Loire"
"537",514,"K2851910","AMBERT","DORE",NA,NA,NA,NA,"S",118631,4.87,0.41,44,61,73,"AMBERT","","",0,NA,NA,"AMBERT",NA,NA,"02/28/25 12:02:00","08/22/06 10:30:00","K285191001","K2851910",1,"Loire"
"538",515,"K2981910","DORAT","DORE",NA,NA,NA,1523,"S",118631,18.8,2.5,160,220,260,"K2981910","","11/17/97 00:00:00",0,NA,NA,"",NA,NA,"08/22/17 16:29:00","","K298191001","K2981910",1,"Loire"
"539",516,"K2944010","COURPIERE [LE SALET]","COUZON",NA,NA,NA,74.5,"S",118631,1.27,0.22,17,27,33,"K2944010","","03/11/16 10:57:00",0,NA,NA,"COURPIERE",NA,NA,"02/28/25 11:57:00","","K294401001","K2944010",1,"Loire"
"540",517,"K2884010","OLLIERGUES [GIROUX-FAYE]","FAYE",NA,NA,NA,72,"S",118631,1.6,0.32,15,21,25,"K2884010","","01/28/08 11:49:00",0,NA,NA,"OLLIERGUES",NA,NA,"02/28/25 11:57:00","","K288401001","K2884010",1,"Loire"
"541",518,"K2064010","LANGOGNE-PASSERELLE BOIS","LANGOUYROU",720.21,1970.49,NA,65,"S",118631,1.47,0.17,24,41,52,"K2064010","Code station Hydro3 (PhyC)
K2064010 01 station férmée Pont SNCF 01/01/1954 -> 14/03/2000
K2064010 02 station Passerelle bois 15/03/2000","01/25/08 14:31:00",0,NA,NA,"",NA,90042,"04/18/24 15:32:00","","K206401002","K2064010",NA,"Loire"
"542",519,"K2134010","CHASTANIER","CLAMOUZE",712.45,1970.32,NA,50.5,"S",118631,0.721,0.013,10,16,19,"K2134010","","01/25/08 15:39:00",0,NA,NA,"",NA,107015,"04/18/24 15:37:00","","K213401001","K2134010",NA,"Loire"
"543",520,"K2163110","GRANDRIEU","GRANDRIEU",703.1,1977.27,NA,72.5,"S",118631,1.07,0.098,14,21,26,"K2163110","","01/25/08 15:17:00",0,140,120,"",NA,109400,"07/12/24 16:05:00","","K216311001","K2163110",NA,"Loire"
"544",521,"K2123010","PONT DU BAVES","CHAPEAUROUX",707.95,1964.19,NA,109,"S",118631,1.57,0.094,19,29,36,"K2123010","K2123010 01 Hermet
K2123010 02 Pont de Baves","01/25/08 16:04:00",0,NA,NA,"PIERREFICHE",NA,NA,"02/08/21 09:21:00","","K212301002","K2123010",NA,"Loire"
"545",522,"K2523010","JOURSAC","ALAGNON",NA,NA,NA,310,"S",118631,6.32,0.93,60.8,89.4,108,"K2523010","MISE A JOUR DEBITS CARACTERISTIQUE LE 08/04/2025","11/21/97 00:00:00",0,NA,NA,"",NA,NA,"04/08/25 10:57:00","","K252301001","K2523010",1,"Loire"
"546",523,"K2674010","CHAMPEIX","COUZE CHAMPEIX",NA,NA,NA,159,"S",118631,2.5,0.592,25.4,38.9,47.9,"K2674010","Gérée par la 4° CE (   - 31/12/1968), EDF (01/01/1970 - ) 
mis à jour le 08/03/2025
","11/17/97 00:00:00",0,NA,NA,"",NA,NA,"04/08/25 10:56:00","","K267401001","K2674010",1,"Loire"
"547",524,"K2223030","ST PREJET D ALLIER [HS]","ANCE du SUD",NA,NA,NA,181,"S",118631,1.94,0.22,22,35,44,"K2223030","Observation faite après transfert station Saint préjet printemps 2022 après transfert Clermont-Le Puy

Fixation vegetation RD sur contrôle+colmatage ecoult entre pierres jusque centre rivière .En TBE  ecoult préferentiel se fait sur 1er tiers depuis RG ou controle en partie effondree.(cf photos dossier station lecteur reseau S)
Quand la retenue d'eau de Saint Prejet en aval station est pleine en période estivale, l'ecoulement se fait sur le dernier tiers depuis la RG ou le contrôle est en partie effondrée,le seuil finit par être noyé pour des hauteurs echelles inférieures à 35cm. En dessous de 35 cm environ le plan d'eau echelle et celui de la retenue d'eau finisse par coincider et la courbe de tarage ne devrait être plusq être univoque et l'hydrogramme non fiable via le Tarage.","11/21/97 00:00:00",0,NA,NA,"",NA,NA,"03/14/25 12:40:00","","K222303001","K2223030",NA,"Loire"
"548",525,"K2234020","FREYCENET","VIRLANGE",NA,NA,NA,48.5,"S",430870,0.73,0.11,6.4,8.9,11,"K2234020","","11/21/97 00:00:00",0,NA,NA,"",NA,NA,"03/30/20 11:29:00","","K223402001","K2234020",NA,"Loire"
"549",526,"K2363020","SALZUIT","Senouire",NA,NA,NA,210,"S",118631,1.4,0.074,22.5,38.3,48.8,"SALZUIT","Code station Hydro3 (PhyC)
K2363020 01 station STEP fermée : 01/01/2001 -> 01/01/2012
K2363020 02 station pont RD641 active : 01/01/2012
MISE A JOUR DEBITS CARACTERISTIQUE LE 08/04/2025","09/08/16 11:18:00",0,NA,NA,"",NA,NA,"04/08/25 11:10:00","","K236302002","K2363020",1,"Loire"
"550",527,"K2363010","PAULHAGUET [HS]","SENOUIRE",NA,NA,NA,155,"S",118631,1.5,0.13,20,33,42,"K2363010","Mise hors service en 2025","11/21/97 00:00:00",0,NA,NA,"",NA,NA,"02/28/25 10:25:00","","K236301001","K2363010",1,"Loire"
"551",528,"K3273010","MIREMONT - LA PRUGNE","SIOULET",NA,NA,NA,472,"S",118631,5.67,0.387,48.1,72.8,89.1,"K3273010","débits caractéristiques modifiés le 07/04/25","01/29/08 16:16:00",0,NA,NA,"",NA,NA,"04/07/25 13:40:00","","K327301001","K3273010",1,"Loire"
"552",529,"K3302010","CHATEAUNEUF LES BAINS","SIOULE",NA,NA,NA,1415,"S",118631,16.2,3.23,81.5,133,166,"K3302010","débits caractéristiques modifiés le 07/04/25","01/24/08 15:13:00",0,NA,NA,"",NA,NA,"04/07/25 13:41:00","","K330201001","K3302010",1,"Loire"
"553",530,"K3322010","EBREUIL","SIOULE",NA,NA,NA,1648,"S",118631,19.4,2.87,95.3,152,190,"K3322010","débits caractéristiques modifiés le 07/04/25","01/24/08 15:19:00",0,NA,NA,"",NA,NA,"04/07/25 13:42:00","","K332201001","K3322010",1,"Loire"
"554",545,"K3220210","GELLES (LA MIOUZE)","LA SIOULE",638.45,2085.16,NA,279.70001,"S",118631,4.25,0.875,36.3,47.6,55.1,"K3220210","débits caractéristiques modifiés le 07/04/25","",0,NA,NA,"",NA,NA,"04/07/25 13:34:00","12/03/09 09:50:00","K322021001","K3220210",1,"Loire"
"555",546,"K2630310","PARENTIGNAT","EAU-MERE",NA,NA,NA,NA,"S",118631,1.35,0.179,16.7,27,33.8,"EAU-MERE","mis à jour le 08/03/2025","",0,NA,NA,"",NA,NA,"04/08/25 10:45:00","12/14/09 14:40:00","K263031001","K2630310",1,"Loire"
"556",548,"K2970310","CELLES/DUROLLE [PONT DE CHAZEAU]","DUROLLE",700577,2097150,NA,116.5,"S",118631,NA,NA,NA,NA,NA,"DUROLLE","","03/21/17 10:07:00",0,NA,NA,"CELLES/DUROLLE",NA,56443,"02/28/25 11:58:00","02/09/10 10:07:00","K297031001","K2970310",1,"Loire"
"557",549,"K2767010","MARSAT","La Pâle",NA,NA,NA,NA,"S",118631,0.049,NA,NA,NA,NA,"K2767010","débits caractéristiques modifiés le 07/04/25","",0,NA,NA,"",NA,NA,"04/07/25 11:57:00","06/04/10 11:56:00","K276701001","K2767010",1,"Loire"
"558",550,"K2774710","ST GENES GARGOUILLOUX","Le Gargouilloux",NA,NA,NA,NA,"S",118631,0.015,0.003,0.031,0.045,0.054,"K2774710","débits caractéristiques modifiés le 07/04/25","",0,NA,NA,"",NA,NA,"04/07/25 11:59:00","06/04/10 11:57:00","K277471001","K2774710",1,"Loire"
"559",552,"P0610002","CHASTREIX","Fontaine salée",634513,2055223,NA,NA,"S",118631,NA,NA,NA,NA,NA,"CHASTREIX","","",0,NA,NA,"",NA,NA,"03/30/17 10:27:00","03/30/17 10:27:00","P061000201","P0610002",1,"Loire"
"560",553,"K2534012","MASSIAC RN 122","ALAGNON",NA,NA,NA,NA,"S",118631,NA,NA,NA,NA,NA,"RN","","",0,NA,NA,"",NA,NA,"07/19/18 16:27:00","01/10/18 14:59:00","K253401201","K2534012",1,"Loire"
"561",554,"K2593011","LEMPDES SNCF [HS]","ALAGNON",672670,2042839,NA,NA,"S",118631,NA,NA,NA,NA,NA,"K259301002","12/01/2025 13:40 Fermeture au profit de la station Lempdes passerelle + Béal ","",0,NA,NA,"",NA,NA,"02/27/25 15:23:00","07/19/18 15:37:00","K259301002","K2593010",1,"Loire"
"562",556,"K3330001","LOUROUX DE BOUBLE","Bouble",697144,6570313,NA,129,"S",118631,NA,NA,NA,NA,NA,"K3330001","Mise en service le 13/09/2020","",0,NA,NA,"",NA,NA,"03/03/21 14:49:00","01/25/19 09:51:00","K333000101","K3330001",1,"Loire"
"563",557,"K2654011","COUZE VALBELEIX","Couze Valbeleix",NA,NA,NA,62,"S",118631,NA,NA,NA,NA,NA,"K2654011","","",0,NA,NA,"VALBELEIX",63440,NA,"02/28/25 12:00:00","04/08/20 10:45:00","K265401101","K2654011",1,"Loire"
"564",558,"K2020001","ST ETIENNE DE LUGDARÈS","Masméjan",NA,NA,NA,NA,"S",118631,NA,NA,NA,NA,NA,"HUÉDOUR","","",NA,NA,NA,"ST ETIENNE DE LUGDARÈS",NA,NA,"04/10/20 17:21:00","04/10/20 17:17:00","K202000101","K2020001",NA,"Loire"
"565",559,"K2560001","BLESLE","SIANNE",714146,6468152,NA,111,"S",118631,NA,NA,NA,NA,NA,"K2560001","Crée sur site ayant déjà une échelle. ","",0,NA,NA,"",NA,NA,"09/22/20 09:57:00","09/22/20 09:36:00","K256000101","K2560001",1,"Loire"
"566",560,"K2064009","LANGOGNE - PONT SNCF (HS)","LANGOUYROU",NA,NA,NA,NA,"S",118631,NA,NA,NA,NA,NA,"K2064009","Code station Hydro3 (PhyC)
K2064010 01 station fermée Pont SNCF 01/01/1954 -> 15/03/2000
K2064010 02 station Passerelle bois 15/03/2000","",0,NA,NA,"",NA,NA,"02/28/25 11:52:00","12/09/20 11:33:00","K206401001","K2064010",1,"Loire"
"567",562,"K3603011","POUZY MESANGY RD234 NOUVELLE","Bieudre",NA,NA,NA,144,"S",118631,0.791,0.02,20.8,33.5,42,"K3603011","Mise à jour des débits caractéristiques le 02/05/2025","",0,NA,NA,"",NA,NA,"05/02/25 15:31:00","12/16/20 16:28:00","K360301002","K3603010",1,"Loire"
"568",563,"K2123009","HERMET [HS]","CHAPEAUROUX",NA,NA,NA,NA,"S",118631,NA,NA,NA,NA,NA,"K2123009","K2123010 01 Hermet
K2123010 02 Pont de Baves","",0,NA,NA,"CHATEAUNEUF DE RANDON",NA,NA,"11/23/21 15:32:00","02/08/21 09:21:00","K212301001","K2123010",1,"Loire"
"569",564,"K2753009","MONTCEL-CANAL [HS]","MORGE",655801,2114069,NA,418,"S",118631,NA,NA,NA,NA,NA,"K2753009","K275301001 station aval pont en service jusqu'au 24/11/2017 14:00
K275301002 station amont pont mise en service le 24/11/2017 14:00","",0,NA,NA,"",NA,NA,"02/28/25 10:24:00","02/12/21 12:30:00","K275301001","K2753010",1,"Loire"
"570",565,"K3382011","ST POURÇAIN - AUBRELLES [HS]","Sioule",NA,NA,NA,NA,"S",118631,NA,NA,NA,NA,NA,"K3382011","Mise en service retenue de BESSERVE = novembre 1968
Code hydro3
K3382010 01 Sioule à St Pourçain (station active) 04/07/1985 ->
K3382010 02 Sioule à St Pourçain [La Moutte] fermée (ancienne station hydro2 K3382005) 07/07/1966 -> 05/07/1985
K3382010 03 sioule à St Pourçain [Auberge des Aubrelles] 04/03/2021

Attention code Hydro2 K3382011","",0,NA,NA,"SAINT POURÇAIN",NA,NA,"02/28/25 11:07:00","04/12/21 17:54:00","K338201003","K3382010",1,"Loire"
"571",566,"K2674039","CHAMBON AVAL ANCIENNE [HS]","Couze chambon",NA,NA,NA,NA,"S",118631,NA,NA,NA,NA,NA,"K2674039","Code station HYDRO3 (PhyC)
K267404001 Station fermée = Passerelle 01/01/1992->22/09/2009
K267404002 Station active = Pont accès camping 22/09/2009->","",NA,NA,NA,"",NA,NA,"02/28/25 10:12:00","10/18/21 10:09:00","K267404001","K2674040",1,"Loire"
"572",567,"K2283109","CHANTEUGES [HS]","DESGES",NA,NA,NA,NA,"S",118631,NA,NA,NA,NA,NA,"K2283109","Code station Hydro3 (PhyC)
K2283110 01 Station fermée : La Cambuse - Amont Pont SNCF 01/06/1966 -> 14/04/1992
K2283110 02 Station active : Bourg de Chanteuges 14/04/1992 -> 

Changement échelle limni le 11/10/2016 9:30 (zéro échelle +10cm/ à l’ancienne échelle) ","",0,NA,NA,"",NA,NA,"01/14/22 09:35:00","11/23/21 18:17:00","K228311001","K2283110",1,"Loire"
"573",568,"K2363019","SALZUIT [HS]","SENOUIRE",NA,NA,NA,NA,"S",118631,NA,NA,NA,NA,NA,"K2363019","Code station Hydro3 (PhyC)
K2363020 01 station STEP fermée : 01/01/2001 -> 01/01/2012
K2363020 02 station pont RD641 active : 01/01/2012","",0,NA,NA,"",NA,NA,"11/26/21 14:38:00","11/26/21 14:38:00","K236302001","K2363020",1,"Loire"
"574",569,"K1180020","DIGOIN-PONT D979B","Loire",NA,NA,NA,9315,"S",430450,86.3,11,650,971,1180,"K1180020"," Mise à jour Débits caractéristiques le 16/04/2025","",0,NA,NA,"",NA,NA,"04/16/25 15:07:00","02/02/22 10:42:00","K118001011","K1180010",1,"Loire"
"575",571,"K4810002","SAINT-RÈGLE","L'Amasse",NA,NA,NA,NA,"S",430450,NA,NA,NA,NA,NA,"K4810002","Mise à jour débits caractéristiques le 23/04/2025.
","",0,NA,NA,"",NA,NA,"04/23/25 09:30:00","02/03/22 07:53:00","K481000201","K4810002",1,"Loire"
"576",572,"K6322520","CONCRESSAULT","Sauldre",668446,6710162,NA,NA,"S",430450,NA,NA,NA,NA,NA,"K6322520","","",22,NA,NA,"",NA,NA,"02/04/22 08:02:00","02/04/22 08:02:00","K632251101","K6322511",1,"Loire"
"577",573,"K2778009","ST GENES L ENFANT [HS]","Le St Genes",NA,NA,NA,NA,"S",118631,NA,NA,NA,NA,NA,"K2778009","K277801001 = K2778009 01/02/1972 -> 30/11/2000
K277801002 = K2778010 01/12/2000 ->","",0,NA,NA,"",NA,NA,"01/21/22 17:07:00","01/21/22 17:03:00","K277801001","K2778010",1,"Loire"
"578",574,"P0272509","CONDAT ANCIENNE [HS]","RHUE",NA,NA,NA,NA,"S",118631,NA,NA,NA,NA,NA,"P0272509","P027251001 station Echelle rive droite du   / /   au 31/10/2017 16:40
P027251002 station Echelle rive gauche à partir du 31/10/2017 16:40","",0,NA,NA,"",NA,NA,"02/28/25 10:51:00","02/17/22 08:45:00","P027251001","P0272510",1,"Loire"
"579",575,"K3206009","CEYSSAT [HS]","Le ruisseau de Ceyssat [Ancienne]",NA,NA,NA,NA,"S",118631,NA,NA,NA,NA,NA,"K3206009","Code station HYDRO3 (PhyC)
K3206010 01 Moulin = fermée : 01/03/1971 -> 30/05/2012 
K3206010 02 Amont pont = 30/05/2012  ->   ","",0,NA,NA,"",NA,NA,"04/19/22 11:29:00","04/19/22 10:57:00","K320601001","K3206010",1,"Loire"
"580",576,"K3264009","PONTAUMUR [HS]","SAUNADE",NA,NA,NA,NA,"S",118631,NA,NA,NA,NA,NA,"K3264009","K326401001: Station ""canal"" sous le pont, en service jusqu'au 20/09/2017 00:00
K326401002: Station en aval du pont rive gauche, sur le mur de soutènement, mise en service le 20/09/2017 00:00","",0,NA,NA,"",NA,NA,"04/19/22 15:06:00","04/19/22 14:59:00","K326401001","K3264010",1,"Loire"
"581",578,"P1744008","AURILLAC - LADOUX [HS]","JORDANNE",NA,NA,NA,NA,"S",118631,NA,NA,NA,NA,NA,"P1744008","P1744010 01 Ladoux = fermée 01/10/1970 00:00 -> 28/11/1985 00:00
P1744010 02 Claire Vivre = fermée :  26/11/1992 00:00 -> 02/04/1999 00:00
P1744010 03 Passerelle Paul Riotte 19/09/2001 10:50 -> ","",0,NA,NA,"",NA,NA,"02/28/25 10:58:00","05/09/22 16:03:00","P174401001","P1744010",1,"Loire"
"582",579,"P1744009","AURILLAC - CLAIRE VIVRE [HS]","JORDANNE",NA,NA,NA,NA,"S",118631,NA,NA,NA,NA,NA,"P1744009","P1744010 01 Ladoux = fermée 01/10/1970 00:00 -> 28/11/1985 00:00
P1744010 02 Claire Vivre = fermée :  26/11/1992 00:00 -> 02/04/1999 00:00
P1744010 03 Passerelle Paul Riotte 19/09/2001 10:50 -> ","",0,NA,NA,"",NA,NA,"02/28/25 10:59:00","05/09/22 16:04:00","P174401002","P1744010",1,"Loire"
"586",583,"K4280013","SAINT-MARTIN-D’ABBAT - DÉBITMÉTRIQUE","La Bonnée",644.431,6750.208,NA,NA,"S",430450,NA,NA,NA,NA,NA,"K4280013","","",10,NA,NA,"SAINT-MARTIN-D'ABBAT",45290,NA,"07/13/23 14:18:00","07/13/23 14:17:00","K428000302","K4280003",NA,"Loire"
"587",584,"K5712320","FOECY - STATION DEBITMETRIQUE","Yèvre",637.081,6676.655,NA,NA,"S",430450,NA,NA,NA,NA,NA,"K5712320","Station débitmétrique en complément de la station K571231001 (IQ+) mis en service","",10,NA,NA,"",NA,NA,"07/13/23 14:40:00","07/13/23 14:40:00","K571231002","K5712310",NA,"Loire"
"590",587,"K4280003","SAINT-MARTIN-D'ABBAT","La Bonnée",644.431,6750.208,NA,NA,"S",430450,NA,NA,NA,NA,NA,"K4280003","Cette station en cours de création est prévue pour être couplée avec une station débitmétrique (code station K428000302)","",0,NA,NA,"SAINT-MARTIN-D'ABBAT",45290,NA,"07/13/23 14:19:00","02/03/22 07:49:00","K428000301","K4280003",1,"Loire"
"592",589,"K3570810","LIVRY - PONT DU VEURDRE","Allier",NA,NA,NA,NA,"S",430450,NA,NA,NA,NA,NA,"K3570810","Station historique en hauteur seule, passage au débit en cours d'étude depuis début 2024 (crue de mars)","",0,NA,NA,"LIVRY",NA,NA,"03/26/24 14:40:00","03/26/24 14:39:00","K357081010","K3570810",NA,"Loire"
"606",603,"K5054010","PONT RAMEAU [HS]","BORON",NA,NA,NA,NA,"S",118631,NA,NA,NA,NA,NA,"K5054010","Manques jaugeages DREAL CVL 2007-2010","09/12/97 00:00:00",0,NA,NA,"",NA,NA,"04/18/25 15:00:00","","K505000101","K5050001",NA,"Loire"
"607",604,"K5383010","PONT DE LA ROCHE [HS]","AUMANCE",625879.6,2169958.3,NA,928,"S",118631,NA,NA,NA,NA,NA,"K5383010","","06/08/05 00:00:00",0,NA,NA,"",NA,NA,"04/18/25 15:37:00","","K538302101","K5383021",NA,"Loire"
"608",606,"K0274010","BLAVOZY ANCIENNE [HS]","SUMENE",728290,2007640,993,55,"S",430450,0.357,0.2,NA,NA,NA,"K0274010","INSTALLE 12/97
VANDALISME PP FIN 01/98","09/20/04 00:00:00",0,NA,NA,"",NA,NA,"03/20/25 16:37:00","","K027401001","K0274010",NA,"Loire"
"609",607,"K0624510","LE BLED ANCIENNE [HS]","BONSON",744.72,2053.9,NA,104,"S",119690,0.854,0.007,14,24,31,"K0624510","","03/18/02 00:00:00",0,NA,NA,"",NA,NA,"04/16/25 18:29:00","","K062451001","K0624510",NA,"Loire"
"610",608,"K2240810","PRADES AMONT ANCIENNE [HS]","ALLIER",NA,NA,NA,1350,"S",430450,NA,NA,NA,NA,NA,"K2240810","","07/22/02 00:00:00",0,NA,NA,"",NA,NA,"04/17/25 11:13:00","","K224082002","K2240820",NA,"Loire"
"611",609,"K0260010","CHADRAC ANCIENNE [HS]","LOIRE",NA,NA,NA,1308,"S",430450,NA,NA,NA,NA,NA,"K0260010","Station emportée par crue de novembre 1996 remplacée par Pont du Monteil","07/22/02 00:00:00",0,NA,NA,"",NA,NA,"04/16/25 17:53:00","","K026001001","K0260010",NA,"Loire"
"613",611,"K0783210","PONCINS ANCIENNE [HS]","LIGNON du FOREZ",NA,NA,NA,664,"S",430870,NA,NA,NA,NA,NA,"K0783220","","11/14/97 00:00:00",0,NA,NA,"",NA,NA,"04/16/25 18:22:00","","K077322101","K0773221",NA,"Loire"
"614",612,"K0403020","LES VASTRES [ANCIENNE] [HS}","LIGNON",750250,2000900,928,41,"S",118631,0.813,NA,4.5,5.3,NA,"K0403020","","08/29/05 00:00:00",0,NA,NA,"",NA,NA,"04/18/25 16:49:00","","K040302001","K0403020",NA,"Loire"
"615",613,"K5363210","FOUCTIERE NEUVILLE [HS]","OEIL",637570,2157320,NA,352,"S",430450,2.19,0.079,27.2,38.3,45.7,"K5363210","Débits caratéristiques mis à jour 24/04/2025","09/25/03 00:00:00",NA,NA,NA,"",NA,NA,"04/24/25 14:35:00","","K536322201","K5363222",NA,"Loire"
"616",614,"H4002010","BONDAROY [HS]","OEUF/ESSONNE",595.735,2352.794,NA,235,"S",430450,0.509,0.09,3.03,4.91,7.34,"BONDAROY","BONDAROY          L'OEUF => ESSONNE
========================
mise en service : 06/04/1970 16:00
Mise à jour Débits caractéristiques le 25/04/2025

GENERALITES

seuil sensible aux encombrements situation aggravée par la pose d'enrochements en aval
herbes abondantes en été. 
corrélation des débits à la hauteur de la nappe de Beauce
certains étés le débit est nul à l'amont de Pithiviers (DEBIT=rejet de la station d'épuration) 
Jaugeages parfois difficiles : seule section possible sous le pont mais grosses pierres ou dans la section amont du pont. 

HISTORIQUE
      
      1970 : mise en service de la station avec un seuil en palplanches

05/09/1974 : Détarage dû au déversoir descellé env. 2cm

03/04/1975 : Nouveau seuil par suppression des palplanches et enrochements en aval

29/04/1980 : Seuil encombré -> 2 cm

19/08/1980 : Brèche dans le seuil en RG -> baisse de 1.5 cm

19/09/1980 : Avec brèche 1/2 comblée

14/10/1980 : Brèche RG presque totalement comblée par des pierres

12/11/1980 : En cours de stabilisation (seuil désencombré)

08/12/1980 : Brèche comblée

12/11/1981 : Influencé par encombrement sur seuil

14/04/1983 : Encombrement entre échelle et limni

10/10/1983 : 0.38 ->0.37-  après nettoyage du seuil

27/04/1984 : Seuil très encombré -> nettoyage

23/05/1984 : Souche sur seuil retirée

19/06/1985 : Travaux en cours en aval RG (construction d'un étang communal)

10/10/1985 : Retrait d'herbes ayant poussé sur le seuil

05/12/1985 : Retrait morceau de bois 0.33 -> 0.325

10/01/1986 -> 26/02/1986 : Section rétrécie de 1/3 par barrage palplanches
                           travaux consolidation culée RD

06/10/1986 : 0.29 -> 0.28 après déplacement pierres

14/08/1987 : Retrait d'herbes sur seuil, en cours de stabilisation

22/03/1989 : 0.34- -> 0.32- après nettoyage herbes sous pont

19/04/1989 : 0.33 -> 0.31- après nettoyage herbes sous pont

18/05/1989 : Influence d'herbes ? Faucardage

14/06/1989 : Faucardage amont. Jaugeage impossible

05/09/1989 : Influence d'herbes sur seuil

31/10/1989 : En légère vidange après nettoyage du seuil

30/07/1990 : Installation saisie/site CR2M puis liaison téléphone

11/04/1995 : Encombrement seuil

06/07/1995 : Léger encombrement

20/03/1995 : petite crue de 3.5 m3/s ayant amené des pierres sous le pont
             => modification du contrôle du 20/03/95 au 20/12/95

14/09/1995 : démontage de l'installation limni -> la prise de hauteur se fait
             depuis à coté de l'échelle et non plus en amont du seuil comme avant


20/12/1995 : retrait d'un grand nombre de pierres sous le pont
             => retour au contrôle habituel

09/10/1996 : constat de détérioration des serrures de la cabine SAREL changement de celles-ci

11/03/1997 : rénovation constatée de la culée RG du pont, de la partie aval RG
             et du muret amont RG longeant la route.
	La petite brèche (ou renard) qui s'était faite depuis quelques années en amont immédiat du seuil du
	coté R.G. avec végétation aquatique autour a été rebouchée (depuis quand ?) et l'atterrissement en R.G. sur               lequel se développait des herbes a été dégagé.

04/06/1997 : à sec à l'amont de PITHIVIERS

28/02/2007 : nivellement du zéro de l'échelle ( D. RONCERAY &  Vincent LELUAN ) :
                   zéro échelle : 96.61 m

","06/07/00 00:00:00",0,NA,NA,"BONDAROY",45038,9661,"04/25/25 15:36:00","","F450000301","F4500003",NA,"Loire"
"617",615,"K2583010","PONTDE LANAU [HS]","ALAGNON",NA,NA,NA,893,"S",430870,NA,NA,NA,NA,NA,"K258301001","1995-2001 : station hydro gerée par la DIREN CVL
2015 - Projet ré-ouverture de l'ancienne station de Lanau : réalisation de jaugeages ponctuels","11/14/97 00:00:00",0,NA,NA,"",NA,NA,"04/24/25 15:37:00","","K258301001","K2583010",NA,"Loire"
"618",616,"K5220910","SAINT-VICTOR [HS]","CHER",NA,NA,NA,1836,"S",430450,NA,NA,NA,NA,NA,"K5220910","","01/08/01 00:00:00",0,NA,NA,"",NA,NA,"04/24/25 15:55:00","","K522090002","K5220900",NA,"Loire"
"619",617,"K5210910","LAVAULT SAINTE ANNE [HS]","CHER",NA,NA,NA,1716,"S",430450,NA,NA,NA,NA,NA,"K5210910","","11/17/97 00:00:00",0,NA,NA,"",NA,NA,"04/24/25 15:52:00","","K522090001","K5220900",NA,"Loire"
"621",619,"K0937010","RIORGES [HS]","OUDAN",732.2,2119.6,NA,26.6,"S",430450,0.115,0.006,5.49,7.97,9.61,"K0937010","Débits caractéristiques mis à jour le 17/04/2025","",0,NA,NA,"",NA,NA,"04/24/25 10:57:00","","K093701001","K0937010",NA,"Loire"
"622",620,"K0018720","LE GAGE À CROS-DE-GÉORAND","Le Gage",NA,NA,NA,NA,"S",430450,NA,NA,NA,NA,NA,"K0018720","Station SPC pour la gestion des courbes de tarage du Barrage du Peyron sur le Gage","",NA,NA,NA,"",NA,NA,"06/11/25 11:34:00","06/11/25 11:34:00","K001872010","K0018720",NA,"Loire"
"624",125,"B5322010","LA FRANCHEVILLE","VENCE",771671,2528367,NA,124,"S",114570,2.18,0.49,24,32,38,"LAFR","gps maison z=158 !!!","04/24/03 00:00:00",0,NA,NA,"",NA,NA,"01/18/17 16:20:00","","B532201001","B5322010",NA,"Moselle"
"625",126,"B5172010","CHEVEUGES","BAR",784070,2521186,NA,389,"S",114570,5.24,0.61,27,39,47,"CHEV","gps maison z=171 !!!","06/28/02 00:00:00",0,250,NA,"",NA,NA,"11/26/20 11:13:00","","B517201001","B5172010",NA,"Moselle"
"627",129,"A7701010","CHAMBREY","la seille",NA,NA,NA,NA,"S",114570,4.38,0.8,33,43,49,"CHAM","","07/03/03 00:00:00",10,NA,NA,"",NA,NA,"03/15/16 14:23:00","","A770101001","",NA,"Moselle"
"628",130,"B5600101","AIGLEMONT","MEUSE",774180,2533280,NA,NA,"S",114570,NA,NA,370,440,490,"AIGLE","En deça de 85 cm la station n'est plus univoque par l'influence des manoeuvres du barrage situé en aval, des éclusées et des passages bateaux.
Il faudra attendre la pose d'un débimètre courant 2004 pour connaître les débits instantanés.","07/08/03 00:00:00",10,NA,NA,"",NA,13700,"04/16/20 08:41:00","","B560010101","B5600101",NA,"Moselle"
"629",131,"A8021010","ÉTAIN","l'orne",NA,NA,NA,NA,"S",114570,1.08,0.052,20,26,30,"ÉTAI","","04/24/03 00:00:00",NA,NA,NA,"",NA,NA,"04/29/16 11:15:00","","A802101001","",NA,"Moselle"
"630",133,"B2130010","COMMERCY","MEUSE",840224,2423970,NA,NA,"S",114570,22.7,1.1,200,300,360,"COMM","z=226!!!!","06/14/02 00:00:00",0,NA,NA,"",NA,NA,"07/12/16 09:51:00","","B213001001","B2130010",NA,"Moselle"
"631",134,"B0220010","GONCOURT","MEUSE",843473,2365377,NA,NA,"S",114570,3.95,0.062,80,110,140,"GONC","z=293","08/01/03 00:00:00",0,300,NA,"",NA,NA,"03/16/16 14:55:00","","B022001001","B0220010",NA,"Moselle"
"634",137,"B1100000","NEUFCHATEAU","MEUSE",848055,93788665,NA,NA,"S",114570,9.65,0.2,150,220,270,"NEUF","z=268 !!!!","04/28/03 00:00:00",0,300,NA,"",NA,NA,"08/12/16 10:13:00","","B110000001","B1100000",NA,"Moselle"
"635",138,"B7000010","MONTHERME (HAUTEUR)","MEUSE",NA,NA,NA,NA,"S",114570,NA,NA,NA,NA,NA,"MONTH","Du 06/05/00 au 24/09/01, construction d'un barrage automatique à clapets en remplacement du barrage à aiguilles.A partir du 24/09/01 prise en compte des nouvelles échelles avec 0  nivellé à 130.03 IGN 69.","06/18/03 00:00:00",NA,NA,NA,"",NA,NA,"05/15/18 16:38:00","","B700001002","B7000010",NA,"Moselle"
"636",139,"B5020010","SEDAN","MEUSE",NA,NA,NA,NA,"S",114570,81.1,18,340,440,500,"SEDA","","04/24/03 00:00:00",NA,NA,NA,"",NA,NA,"07/19/17 11:23:00","","B502001001","B5020010",NA,"Moselle"
"637",140,"B1052010","SOMMERECOURT","MOUZON",847246,2363693,NA,NA,"S",114570,2.09,0.093,41,64,79,"SOMM","z=304!!!!","04/24/03 00:00:00",0,330,NA,"",NA,NA,"09/04/17 13:45:00","","B105201001","B1052010",NA,"Moselle"
"638",141,"B5400010","CHARLEVILLE-MEZIERES","MEUSE",NA,NA,NA,NA,"S",114570,NA,NA,290,410,500,"CHAR","","04/24/03 00:00:00",NA,NA,NA,"",NA,NA,"04/18/18 13:33:00","","B540001001","B5400010",NA,"Moselle"
"639",142,"A8201010","JARNY [LABRY]","l'orne",NA,NA,NA,NA,"S",114570,NA,NA,NA,NA,NA,"LABR","","",0,NA,NA,"",NA,NA,"05/25/21 16:41:00","","A820101001","A8201010",NA,"Moselle"
"640",143,"A8122000","HANNONVILLE-SUZÉMONT","l'yron",NA,NA,NA,NA,"S",114570,0.893,0.06,13,18,21,"HANN","","05/15/02 00:00:00",0,NA,NA,"",NA,NA,"06/09/16 10:33:00","","A812200001","",NA,"Moselle"
"641",144,"B3010010","BELLEVILLE-SUR-MEUSE","MEUSE",NA,NA,NA,NA,"S",114570,40,3.8,250,360,420,"BELL","","07/28/03 00:00:00",NA,NA,NA,"",NA,NA,"05/29/20 10:01:00","","B301001001","B3010010",NA,"Moselle"
"643",146,"B4021010","LONGWY","CHIERS",NA,NA,NA,NA,"S",114570,3.3,0.83,45,64,76,"LONG","","04/24/03 00:00:00",NA,NA,NA,"",NA,NA,"09/08/16 14:41:00","","B402101001","B4021010",NA,"Moselle"
"644",147,"A5261020","MIRECOURT [CRUES]","le madon",NA,NA,NA,382,"S",114570,4.19,0.64,94,140,170,"MIRC","futur code A5251020","07/09/03 00:00:00",0,NA,NA,"",NA,26297,"05/10/22 15:18:00","","A526102001","A5261020",NA,"Moselle"
"645",148,"A9942020","FILSTROFF","la nied",NA,NA,NA,NA,"S",114570,10.5,1.4,97,140,170,"FILS","","03/03/03 00:00:00",0,NA,NA,"",NA,NA,"07/08/16 08:15:00","","A994202001","",NA,"Moselle"
"646",150,"A7930061","HAGONDANGE","MOSELLE",NA,NA,NA,NA,"S",114570,129,22,890,1200,1500,"HAG","","02/27/03 00:00:00",NA,NA,NA,"",NA,NA,"06/30/17 08:36:00","","A793061002","",NA,"Moselle"
"647",151,"B1300010","MAXEY-SUR-MEUSE","MEUSE",NA,NA,NA,1533,"S",114570,24.4,8.2,240,340,410,"MAXEAC","","04/24/03 00:00:00",NA,NA,NA,"",NA,NA,"04/09/18 12:01:00","","B130001001","B1300010",NA,"Moselle"
"648",152,"B2360010","VERDUN (PONT CHAUSEE)","MEUSE",NA,NA,NA,NA,"S",114570,NA,NA,280,330,370,"VERD","","07/28/03 00:00:00",NA,NA,NA,"",NA,NA,"01/10/18 15:37:00","","B301001002","B3010010",NA,"Moselle"
"649",154,"A4632010","FRIZON","l'avière",NA,NA,NA,NA,"S",114570,1.25,0.29,24,35,42,"FRIZ","","",NA,NA,NA,"",NA,NA,"08/17/17 09:53:00","11/06/03 16:34:00","A463201001","A4632010",NA,"Moselle"
"650",155,"B4660101","BREVILLY (CHIERS)","CHIERS",NA,NA,NA,NA,"S",114573,NA,NA,NA,NA,NA,"BREV","","",NA,NA,NA,"",NA,NA,"11/14/18 09:29:00","02/23/04 13:43:00","B466010101","B4660101",NA,"Moselle"
"651",156,"B7200000","CHOOZ (TROU DU DIABLE)","MEUSE",NA,NA,NA,NA,"S",114570,138,26,630,790,890,"CHOD","","",NA,NA,NA,"",NA,NA,"08/21/19 15:53:00","05/04/04 09:54:00","B720000001","B7200000",NA,"Moselle"
"659",165,"A8310300","MANCE (RUISSEAU DE LA VALLEE)","le ruisseau de la vallée",NA,NA,NA,NA,"S",114570,NA,NA,NA,NA,NA,"MANC","","09/10/01 00:00:00",NA,NA,NA,"",NA,NA,"06/09/16 13:44:00","","A831030001","",NA,"Moselle"
"665",171,"A8603040","THIONVILLE [VEYMERANGE]","le veymerange",NA,NA,NA,23.4,"S",114570,NA,NA,NA,NA,NA,"VEYM","ancien code hydro: A860030A","09/10/01 00:00:00",0,NA,NA,"",NA,15313,"08/30/17 16:11:00","","A860304001","",NA,"Moselle"
"668",174,"A8910301","OTTANGE","le kaelbach",NA,NA,NA,NA,"S",114570,NA,NA,NA,NA,NA,"OTTA","","09/10/01 00:00:00",0,NA,NA,"",NA,NA,"06/22/18 08:38:00","","A891030102","",NA,"Moselle"
"678",184,"B4310200","SPINCOURT (HOUDELAUCOURT)","OTHAIN",NA,NA,NA,NA,"S",114570,NA,NA,12,14,16,"SPINCOURT","27","09/10/01 00:00:00",0,NA,NA,"",NA,NA,"04/16/20 08:34:00","","B431020001","B4310200",NA,"Moselle"
"679",186,"A842020C","MOYEUVRE-PETITE","le conroy",NA,NA,NA,NA,"S",114570,NA,NA,NA,NA,NA,"MOYP","29","09/10/01 00:00:00",0,NA,NA,"",NA,NA,"06/18/20 10:54:00","","A842020101","",NA,"Moselle"
"680",187,"A4140202","VAGNEY (ZAINVILLERS)","la moselotte",926721,2341781,988.65,186.5,"S",114570,8.34,0.92,100,130,150,"ZAIN","STATION MISE EN SERVICE LE 01/11/2005 EN REMPLACEMENT DE LA STATION ZAINVILLERS SITUEE 350M EN AVAL","",0,NA,NA,"VAGNEY",88120,40729,"11/23/17 09:38:00","06/20/06 10:25:00","A414020201","A4140202",NA,"Moselle"
"682",190,"A8401010","MOYEUVRE-GRANDE","l'orne",NA,NA,NA,NA,"S",114570,8,0.56,110,140,160,"MOYG","","",0,NA,NA,"",NA,NA,"09/13/18 09:44:00","03/12/07 14:42:00","A840101001","",NA,"Moselle"
"683",191,"A8612020","KNUTANGE","la fensch",NA,NA,NA,NA,"S",114570,1.05,0.17,5.3,6.2,6.7,"KNUT","Station hydrologique","11/20/01 00:00:00",0,NA,NA,"",NA,NA,"03/20/18 17:01:00","","A861202001","",NA,"Moselle"
"684",192,"A8300201","TUCQUEGNIEUX","le woigot",NA,NA,NA,NA,"S",114570,NA,NA,NA,NA,NA,"TUCQ","Station Syndicat des eaux + station DIREN depuis janvier 2004","",0,NA,NA,"",NA,NA,"01/17/19 15:22:00","11/17/04 10:37:00","A830020101","",NA,"Moselle"
"694",202,"B1222010","BELMONT-SUR-VAIR","Vair",864.86,2367.64,NA,140,"S",114573,1.71,0.26,25,32,38,"BELM","","09/06/99 00:00:00",10,200,NA,"",NA,NA,"03/29/22 11:11:00","","B122201001","B1222010",NA,"Moselle"
"713",0,"A6311010","BACCARAT","la meurthe",925480,2392650,914.31,939,"S",114570,16.8,6.1,130,190,230,"BACC","Station tronquée en basses eaux (dépôt sédiments). Côte débordement estimée en rive droite (160 à 200 cm à vérifier)
","05/22/03 00:00:00",0,200,NA,"LA MEURTHE À BACCARAT",NA,NA,"02/20/18 09:44:00","","A631101001","A6311010",NA,"Moselle"
"714",1,"A8071010","BONCOURT","l'orne",NA,NA,NA,412,"S",114570,3.66,0.12,56,78,93,"BONC","","04/24/03 00:00:00",NA,NA,NA,"",NA,NA,"05/25/21 16:44:00","","A807101001","A8071010",NA,"Moselle"
"715",2,"A6431120","BLÂMONT","la vezouze",932508,2408458,NA,0,"S",114570,1.52,0.44,17,25,31,"BLÂM","gps maison z=264 !!!","06/28/02 00:00:00",0,NA,NA,"",NA,NA,"07/05/16 10:40:00","","A643112001","A6431120",NA,"Moselle"
"716",3,"A8322010","BRIEY","le woigot",NA,NA,NA,75,"S",114570,1.25,0.21,17,25,30,"BRIE","","",NA,NA,NA,"",NA,NA,"03/10/16 13:47:00","","A832201001","",NA,"Moselle"
"717",4,"B5572010","BELVAL","SORMONNE",765965,2533988,NA,368,"S",114570,5.76,0.85,51,70,83,"BELV","gps maison z=156 !!!","08/01/03 00:00:00",0,NA,NA,"",NA,NA,"11/26/20 11:09:00","","B557201001","B5572010",NA,"Moselle"
"718",5,"B4631010","CARIGNAN","CHIERS",NA,NA,NA,2222,"S",114570,25.6,7.6,110,150,170,"CARI","","04/24/03 00:00:00",NA,NA,NA,"",NA,NA,"09/10/18 09:19:00","","B463101001","B4631010",NA,"Moselle"
"719",6,"B4601010","CHAUVENCY-LE-CHATEAU","CHIERS",NA,NA,NA,1700,"S",114570,22.2,5.8,160,220,270,"CHAU","","08/01/03 00:00:00",NA,NA,NA,"",NA,NA,"11/26/20 11:11:00","","B460101001","B4601010",NA,"Moselle"
"720",7,"A7010610","CUSTINES","la moselle",NA,NA,NA,6830,"S",114570,112,20,870,1200,1400,"CUST","","02/23/00 00:00:00",NA,NA,NA,"",NA,NA,"01/25/18 09:34:00","","A701061001","",NA,"Moselle"
"721",8,"B1340010","CHALAINES","MEUSE",846547,2405689,NA,1720,"S",114573,19.4,1.3,240,350,420,"VAUC","z=262!!!!
Station ancienne dans remous à l'amont proche du pont","08/01/03 00:00:00",0,NA,NA,"",NA,24724,"12/04/18 16:42:00","","B134001001","B1340010",NA,"Moselle"
"722",9,"B7200010","CHOOZ (ILE GRAVIAT)","MEUSE",NA,NA,NA,0,"S",114570,144,25,690,940,1100,"CHOO","","08/01/03 00:00:00",NA,NA,NA,"",NA,NA,"09/12/22 14:35:00","","B720000002","B7200000",NA,"Moselle"
"723",10,"A6761010","DAMELEVIÈRES","la meurthe",NA,NA,NA,2280,"S",114570,33.6,7.3,260,370,440,"DAME","","04/24/03 00:00:00",NA,NA,NA,"",NA,NA,"10/23/17 17:08:00","","A676101001","A6761010",NA,"Moselle"
"724",11,"A6872010","DOMBASLE-SUR-MEURTHE","le sanon",NA,NA,NA,284,"S",114573,2.99,0.68,32,45,54,"DOMB","","",NA,NA,NA,"",NA,NA,"07/04/17 10:07:00","","A687201001","A6872010",NA,"Moselle"
"725",12,"B1150010","DOMREMY-LA-PUCELLE","MEUSE",847135,2387693,NA,1030,"S",114570,12.7,0.61,170,230,270,"DOMR","z=298!!!","08/01/03 00:00:00",0,NA,NA,"",NA,NA,"03/16/16 17:48:00","","B115001001","B1150010",NA,"Moselle"
"726",13,"B4224310","ECOUVIEZ","TON",NA,NA,NA,308,"S",114570,4.76,2.2,27,34,38,"ECOU","","11/12/02 00:00:00",NA,NA,NA,"",NA,NA,"11/16/16 16:55:00","","B422431001","B4224310",NA,"Moselle"
"727",14,"A4250640","ÉPINAL","la moselle",906.1,2359.84,NA,1220,"S",114570,38,5.5,370,510,600,"ÉPIN","creation 1960 station automatiser depuis 1997
code de la base hydro le 07/07/2003=A4250640
prochain code A4430640","07/08/03 00:00:00",NA,NA,NA,"",NA,NA,"01/24/19 16:39:00","","A443064001","A4430640",NA,"Moselle"
"728",15,"A4020610","FRESSE-SUR-MOSELLE","la moselle",933549,2328173,NA,72,"S",114570,3.26,0.26,62,92,110,"FRES","creation 1972
z=","06/14/02 00:00:00",0,NA,NA,"",NA,51160,"01/25/18 09:47:00","","A402061001","A4020610",NA,"Moselle"
"729",16,"A6001010","FRAIZE","la meurthe",NA,NA,NA,69,"S",114570,2.08,0.55,12,17,20,"FRAI","","11/15/01 00:00:00",NA,NA,NA,"",NA,NA,"12/29/16 15:32:00","","A600101001","",NA,"Moselle"
"731",18,"A6731220","GERBÉVILLER","la mortagne",909579,2395929,NA,493,"S",114570,5.7,1.2,68,99,120,"GERB","gps maison z= 229
meteo x=0909411,y=2395830,z=263","06/28/02 00:00:00",0,NA,NA,"",NA,NA,"06/08/17 17:25:00","","A673122001","A6731220",NA,"Moselle"
"732",19,"B6111010","HAULMÉ","SEMOY",776403,2543490,NA,1340,"S",114570,28.1,2.5,230,330,400,"HAUL","gps maison z=063 !!!","06/28/02 00:00:00",0,NA,NA,"",NA,NA,"09/02/22 12:21:00","","B611101001","B6111010",NA,"Moselle"
"734",21,"B7322010","LANDRICHAMPS","LA HOUILLE",NA,NA,NA,186,"S",114570,3.27,0.31,30,45,55,"LAND","Du 27/10/03 au 16/11/03, une réfection du pont en amont de la station a été réalisée. Après ces travaux, un recalibrage du lit et des berges ont été effectués provoquant un abaissement du lit d'une vingtaine de cms environ.","08/01/03 00:00:00",NA,NA,NA,"",NA,NA,"04/16/20 08:46:00","","B732201001","B7322010",NA,"Moselle"
"736",23,"A6921010","LANEUVEVILLE-DEVANT-NANCY","la meurthe",NA,NA,NA,2780,"S",114570,37.4,8.6,300,410,480,"LANE","","09/10/01 00:00:00",NA,NA,NA,"",NA,NA,"02/28/18 15:00:00","","A692101001","A6921010",NA,"Moselle"
"738",25,"A6341010","LUNÉVILLE (MEURTHE)","la meurthe",905830,2406363,NA,1100,"S",114570,18,4.8,130,180,220,"LUME","gps maison z=270!!!","05/22/03 00:00:00",0,NA,NA,"",NA,21875,"02/14/19 16:08:00","","A634101001","A6341010",NA,"Moselle"
"739",26,"B5600010","MONTCY-NOTRE-DAME","MEUSE",NA,NA,NA,7720,"S",114570,107,20,410,540,630,"MONC","","08/01/03 00:00:00",NA,NA,NA,"",NA,NA,"02/08/18 14:18:00","","B560001001","B5600010",NA,"Moselle"
"740",27,"B4031010","MONTIGNY-SUR-CHIERS","CHIERS",NA,NA,NA,274,"S",114570,4.52,1.2,49,70,83,"MONG","","06/18/03 00:00:00",NA,NA,NA,"",NA,NA,"03/11/16 17:15:00","","B403101001","B4031010",NA,"Moselle"
"743",30,"A6941020","MALZÉVILLE","MEURTHE",NA,NA,NA,2930,"S",114570,40.1,7.6,290,420,510,"MALZ","","",NA,NA,NA,"",NA,18808,"09/05/19 15:10:00","","A694102004","A6941020",NA,"Moselle"
"744",31,"A4200630","SAINT-NABORD (NOIRGUEUX)","la moselle",918.43,2349.43,NA,621,"S",114570,24.1,2.2,290,390,470,"NOIR","creation 1961","02/23/00 00:00:00",0,NA,NA,"SAINT NABORD",NA,37118,"02/27/18 10:40:00","","A420063001","A4200630",NA,"Moselle"
"745",32,"B4352010","OTHE","OTHAIN",825067,2504193,NA,247,"S",114570,2.72,0.39,24,33,40,"OTHE","z  199","06/10/02 00:00:00",10,NA,NA,"",NA,NA,"04/09/18 10:20:00","","B435201001","B4352010",NA,"Moselle"
"746",33,"B4132010","PIERREPONT (CRUSNES)","CRUSNES",NA,NA,NA,206,"S",114570,2.22,0.54,15,21,25,"PIER","","",NA,NA,NA,"",NA,NA,"06/01/17 15:48:00","","B413201001","B4132010",NA,"Moselle"
"747",34,"A5431010","PULLIGNY","le madon",880234,2400943,NA,940,"S",114570,10.5,1.2,160,220,270,"PULL","gps maison z=232 !!!","06/21/02 00:00:00",0,NA,NA,"",NA,NA,"05/09/22 10:33:00","","A543101001","A5431010",NA,"Moselle"
"748",35,"A5500610","PONT-SAINT-VINCENT","la moselle",NA,NA,NA,3080,"S",114570,55.2,6.7,570,790,940,"PSVI","","",NA,NA,NA,"",NA,NA,"05/10/22 15:19:00","","A550061001","A5500610",NA,"Moselle"
"750",37,"A8431010","ROSSELANGE","l'orne",NA,NA,NA,1230,"S",114570,12.2,1.2,150,210,250,"ROSS","","",NA,NA,NA,"",NA,NA,"04/13/17 15:02:00","","A843101001","",NA,"Moselle"
"751",38,"A4050620","RUPT-SUR-MOSELLE","la moselle",925050,2332452,NA,153,"S",114570,6.73,0.59,89,120,140,"RUPT","creation1968
z=499!!!","06/14/02 00:00:00",0,NA,NA,"",NA,NA,"06/01/17 13:29:00","","A405062001","A4050620",NA,"Moselle"
"752",39,"B2220010","SAINT-MIHIEL","MEUSE",834423,2435152,NA,2540,"S",114573,30.2,2.3,270,380,460,"SMIH","En crue, si le jaugeage est réalisé sur pont dans St Mihiel ville, il faut prendre en compte le vitesse de propagation sur une distance de 6 km entre la station et ce pont pour déterminer la hauteur du jaugeage.","06/14/02 00:00:00",0,NA,NA,"",NA,NA,"02/07/18 08:43:00","","B222001001","B2220010",NA,"Moselle"
"753",40,"A6051020","SAINT-DIÉ","la meurthe",NA,NA,NA,374,"S",114570,7.76,1.5,69,97,120,"SDIÉ","","08/20/02 00:00:00",0,NA,NA,"",NA,NA,"02/12/21 15:58:00","","A605102001","A6051020",NA,"Moselle"
"754",41,"B3150020","STENAY","MEUSE",NA,NA,NA,3904,"S",114570,47.8,6.7,260,370,440,"STEN","","11/12/02 00:00:00",NA,NA,NA,"",NA,NA,"09/08/16 14:31:00","","B315002001","B3150020",NA,"Moselle"
"755",42,"A5110610","TONNOY","la moselle",890,2399.89,NA,1990,"S",114570,48.9,6.4,470,640,740,"TONN","creation 1990","05/29/02 00:00:00",NA,NA,NA,"",NA,NA,"07/05/17 15:56:00","","A511061001","A5110610",NA,"Moselle"
"756",43,"A5730610","TOUL (MOSELLE)","la moselle",NA,NA,NA,3350,"S",114570,63.3,8.2,560,780,930,"TOUL","","",NA,NA,NA,"",NA,NA,"05/10/22 15:21:00","","A573061001","A5730610",NA,"Moselle"
"757",44,"A8500610","UCKANGE","la moselle",NA,NA,NA,10762,"S",114570,143,23,1000,1300,1600,"UCKA","","03/24/00 00:00:00",NA,NA,NA,"",NA,NA,"06/03/20 10:33:00","","A850061001","",NA,"Moselle"
"758",45,"A4142010","VAGNEY [ANCIENNE]","MOSELOTTE",926.71,2341.78,NA,187,"S",114570,8.54,1.1,97,110,120,"VAGN","creation1967","05/22/03 00:00:00",NA,NA,NA,"",NA,NA,"04/20/20 16:45:00","","A414020202","A4140202",NA,"Moselle"
"759",46,"A6701210","ROVILLE-AUX-CHÊNES","la mortagne",916847,2383195,NA,300,"S",114570,3.69,0.86,48,65,77,"ROVI","gps maison z=238","09/01/03 00:00:00",0,NA,NA,"",NA,NA,"05/18/18 11:35:00","","A670121001","A6701210",NA,"Moselle"
"760",47,"A6541110","THIÉBAUMÉNIL","la vezouze",916407,2406746,NA,0,"S",114570,5.42,0.9,87,120,150,"THIÉ","gps maison z=249 !!!","09/05/03 00:00:00",0,NA,NA,"",NA,NA,"05/13/16 14:41:00","","A654111001","",NA,"Moselle"
"761",48,"A4362030","CHENIMÉNIL","la vologne",917523,2356906,NA,355,"S",114570,9.54,1.6,63,84,98,"CHEN","creation 1988","06/14/02 00:00:00",0,NA,NA,"",NA,NA,"04/06/22 15:21:00","","A436203001","A4362030",NA,"Moselle"
"763",50,"B1282010","SOULOSSE-SOUS-SAINT-ELOPHE","VAIR",851535,2383730,NA,443,"S",114570,4.9,0.38,72,100,120,"SOUL","z=286!!!","08/15/03 00:00:00",0,NA,NA,"",NA,NA,"03/28/22 13:08:00","","B128201001","B1282010",NA,"Moselle"
"765",52,"A7881010","METZ [PONT LOTHAIRE]","la seille",881399,2462800,NA,1280,"S",114570,9.7,1.2,73,100,120,"MPLO","gps maison z=121 !!!!
mesure GPS du 05/08/2003
X:0881347
Y:2462763
alt:181","08/06/03 00:00:00",0,NA,NA,"",NA,16351,"08/08/19 15:29:00","","A788101001","A7881010",NA,"Moselle"
"766",53,"A8732010","KOENIGSMACKER (LA CANNER)","la canner",885909,2495512,NA,110,"S",114570,0.871,0.17,18,28,35,"KOEN"," gps de la maison  z=140!!!","06/21/02 00:00:00",0,NA,NA,"",NA,NA,"04/11/16 09:54:00","","A873201001","",NA,"Moselle"
"767",55,"A7642010","CHATEAU-SALINS","la petite seille",906229,2432609,NA,143,"S",114570,1.27,0.27,15,22,27,"CHSA","gps maison z=215!!!!","06/21/02 00:00:00",0,NA,NA,"",NA,NA,"12/14/20 11:16:00","","A764201001","",NA,"Moselle"
"768",56,"A7581020","MOYENVIC","la seille",911006,2428721,NA,352,"S",114570,2.88,0.38,22,31,37,"MOYE","gps maison z=204!!!!","09/05/03 00:00:00",0,NA,NA,"",NA,NA,"08/08/19 15:02:00","","A758102001","",NA,"Moselle"
"769",58,"A9862010","VARIZE","la nied allemande",899968,2468443,NA,364,"S",114570,3.57,0.35,39,55,66,"VARI","coordonnees lambert faite avec le gps maison z=207","06/21/02 00:00:00",0,NA,NA,"",NA,NA,"02/12/16 14:24:00","","A986201001","",NA,"Moselle"
"770",59,"A9752010","CONDÉ-NORTHEN","la nied française",898126,2468824,NA,499,"S",114570,3.83,0.45,47,72,88,"COND","coordonnees lambert faite avec le gps maison z=197","06/21/02 00:00:00",0,NA,NA,"",NA,NA,"02/12/16 15:08:00","","A975201001","",NA,"Moselle"
"771",60,"A7821010","NOMENY","la seille",885459,2439379,NA,925,"S",114570,7.7,1.1,56,81,97,"NOME","Affiner la côte échelle seuil noyé (passage du contrôle seuil au contrôle chenal) + débordement (lit mineur/majeur) sans herbe","06/21/02 00:00:00",0,200,50,"",NA,18066,"09/27/17 10:57:00","","A782101001","A7821010",NA,"Moselle"
"772",61,"A7352010","ONVILLE","le rupt de mad",NA,NA,NA,358,"S",114570,3.3,0.41,40,59,71,"ONVI","","",NA,NA,NA,"",NA,NA,"07/27/16 16:05:00","","A735201001","",NA,"Moselle"
"774",63,"A7122010","JEZAINVILLE","l'esch",NA,NA,NA,231,"S",114570,1.43,0.079,15,23,28,"JEZA","","03/27/00 00:00:00",NA,NA,NA,"",NA,NA,"07/21/17 14:03:00","","A712201001","",NA,"Moselle"
"776",66,"A6571110","LUNÉVILLE (VEZOUZE)","la vezouze",906149,2407756,NA,559,"S",114570,6.7,1.1,86,120,150,"LUVE","gps maison z=223 !!!","04/24/03 00:00:00",0,NA,NA,"",NA,NA,"09/29/16 11:10:00","","A657111001","A6571110",NA,"Moselle"
"778",70,"B2012010","AROFFE","L'AROFFE",863831,2384103,NA,38.5,"S",114570,0.372,0.027,7.2,10,12,"AROF","z=360!!!!","06/14/02 00:00:00",0,NA,NA,"",NA,NA,"03/29/22 10:21:00","","B201201001","B2012010",NA,"Moselle"
"780",73,"A5242010","VELOTTE-ET-TATIGNÉCOURT","le gite",884973,2369338,NA,114,"S",114570,1.43,0.2,23,31,36,"VELO","STATION RNB
gps maison z=252!!!","06/21/02 00:00:00",0,NA,NA,"",NA,NA,"05/10/22 15:23:00","","A524201001","A5242010",NA,"Moselle"
"781",76,"A4173010","CLEURIE","la cleurie",924445,238422,NA,68,"S",114570,2.33,0.45,26,33,39,"CLEU","creation 1970 ign 69    451.02

z=472!!!!","06/14/02 00:00:00",0,NA,NA,"",NA,NA,"08/17/22 08:34:00","","A417301001","",NA,"Moselle"
"782",77,"B2042010","VANNES LE CHATEL","L'AROFFE",853212,2400119,NA,198,"S",114570,0.641,0.014,8,12,15,"VANN","z=277!!!!","06/14/02 00:00:00",0,NA,NA,"",NA,NA,"09/23/16 11:11:00","","B204201001","B2042010",NA,"Moselle"
"784",81,"A8006210","MORGEMOULIN","le ruisseau de vaux",NA,NA,NA,42.299999,"S",114570,0.385,0.022,7.4,10,12,"MORG","","02/16/98 00:00:00",NA,NA,NA,"",NA,NA,"06/09/16 13:30:00","","A800621001","",NA,"Moselle"
"786",84,"A9832010","FAULQUEMONT","la nied allemande",912828,2458439,NA,187,"S",114570,1.92,0.12,18,25,29,"FAUL","les coordonnees lambert sont faite avec le gps maison  z=224","06/21/02 00:00:00",0,NA,NA,"",NA,NA,"07/08/16 13:32:00","","A983201001","",NA,"Moselle"
"787",85,"B1092010","CIRCOURT-SUR-MOUZON (VILLARS)","MOUZON",NA,NA,NA,405,"S",114570,4.45,0.098,71,100,120,"CIRC","","",NA,NA,NA,"",NA,NA,"03/16/16 16:53:00","","B109201001","B1092010",NA,"Moselle"
"790",91,"B4572010","HAN-LES- JUVIGNY","LOISON",817130,2502358,NA,348,"S",114570,3.85,0.27,55,76,91,"HANL","z 188","08/01/03 00:00:00",10,NA,NA,"",NA,NA,"03/06/17 17:39:00","","B457201001","B4572010",NA,"Moselle"
"794",106,"A4200620","REMIREMONT","la moselle",NA,NA,NA,579,"S",114570,NA,NA,270,360,420,"REMI","","",NA,NA,NA,"",NA,NA,"02/08/18 16:00:00","","A420063002","A4200630",NA,"Moselle"
"795",107,"B4001010","LONGLAVILLE","CHIERS",851159,2510053,NA,NA,"S",114570,2.24,0.49,43,62,75,"LONL","","04/24/03 00:00:00",10,NA,NA,"",NA,NA,"07/25/16 11:51:00","","B400101001","B4001010",NA,"Moselle"
"796",112,"A9731210","ANCERVILLE","la nied française",NA,NA,NA,NA,"S",114570,2.5,0.34,29,43,52,"ANCE","","",NA,NA,NA,"",NA,NA,"04/04/22 14:08:00","","A973121001","A9731210",NA,"Moselle"
"834",260,"A8640300","HETTANGE-GRANDE","la kiesel",NA,NA,NA,NA,"S",114570,NA,NA,NA,NA,NA,"HETT","Station DIREN depuis janvier 2004
ancien code hydro: A8640305","",0,NA,NA,"",NA,NA,"04/22/16 09:11:00","11/17/04 10:39:00","A864030001","",NA,"Moselle"
"840",267,"A8120201","JARNY [DROITAUMONT]","l'yron",NA,NA,NA,NA,"S",114570,NA,NA,NA,NA,NA,"DROI","STATION RNB","01/21/02 00:00:00",NA,NA,NA,"",NA,NA,"03/03/16 09:18:00","","A812020101","",NA,"Moselle"
"874",301,"A5230110","BEGNÉCOURT (HEUCHELOUP)","le madon",883330,2364085,NA,173.2,"S",114570,2.5,0.28,62,NA,NA,"HEUC","Altitude estimée avec BD Topo : 288m","02/05/10 15:27:00",0,NA,NA,"BEGNECOURT",88047,NA,"05/17/16 15:36:00","07/28/09 10:06:00","A523011001","A5230110",NA,"Moselle"
"875",303,"A6640310","SAINTE-HÉLÈNE [PONT ROUGE]","l'arentèle",919280,2376483,NA,NA,"S",114573,0.716,0.14,12,15,17,"SHPR","Nouvelle station créée en 2010 à 1 km à l'amont de l'ancienne station dite de Saint Gorgon située dans le village de Saint Gorgon sur l'Arentèle.","02/23/10 10:00:00",0,NA,NA,"SAINTE HELENE",88418,NA,"04/22/20 16:36:00","02/23/10 10:00:00","A664031001","A6640310",NA,"Moselle"
"877",305,"A6621212","AUTREY (GARE)","la mortagne",922634,2375248,NA,100,"S",114573,1.59,0.46,11,15,18,"AUTM","Nouvelle station qui remplace la station dite de Sainte Hélène sur la Mortagne.","",0,NA,NA,"AUTREY",88021,31800,"06/14/17 14:53:00","03/09/10 12:02:00","A662121201","A6621212",NA,"Moselle"
"878",306,"A5110608","VELLE-SUR-MOSELLE","la moselle",890026,2399859,NA,1990,"S",114573,48.8,6.4,480,650,770,"VELL","Capteur amont situé à 500m à l'amont de la station de TONNOY. Capteur mis en service le 22/06/2007","03/09/10 15:40:00",0,NA,NA,"VELLE SUR MOSELLE",54559,23146,"08/16/16 13:37:00","03/09/10 15:40:00","A511061002","A5110610",NA,"Moselle"
"879",307,"A6431118","BLÂMONT [AMONT]","la vezouze",932505,2408366,NA,113,"S",114573,1.57,0.46,16,24,29,"BLÂA","Capteur amont situé à environ 30m à l'amont de la station de Blâmont.","",0,NA,NA,"BLAMONT",NA,NA,"07/05/16 10:42:00","03/09/10 15:44:00","A643112002","A6431120",NA,"Moselle"
"880",309,"B1340020","CHALAINES AMONT","MEUSE",NA,NA,NA,1720,"S",114573,19.6,1.5,250,360,430,"CHALA","Nouvelle station 49 m à l'amont du pont. Amont seuil naturel pour mesure en étiage + mesure de hauteur en crue + stable et hors remous liés au pont","",0,150,NA,"",NA,24694,"04/07/22 12:44:00","12/31/10 09:05:00","B134001002","B1340010",NA,"Moselle"
"883",312,"A7400061","CORNY-SUR-MOSELLE","MOSELLE",871929,2454550,684.09,7762,"S",114582,123,21,920,1280,1450,"CORN","Niveau normal d'exploitation du plan d'eau, 315 cm à l'échelle et 169,59 en NGF. Profondeur chenal: env 4,5 m. Courbe de tarage applicable en hautes eaux.","",NA,500,NA,"",NA,16668,"01/07/20 10:58:00","05/22/14 08:56:00","A740000102","A7400001",NA,"Moselle"
"885",314,"A4550061","CHÂTEL-SUR-MOSELLE","moselle",900692,2375915,NA,1492,"S",114570,42.5,6.3,420,570,670,"CHSM","Station mise en service le 26/06/2014","",0,NA,NA,"",NA,28242,"05/16/19 15:34:00","07/03/14 11:03:00","A455000201","A4550002",NA,"Moselle"
"887",316,"A6311008","BACCARAT AMONT","meurthe",925574,2392494,NA,939,"S",114582,33,6.1,140,200,240,"BACA","Côte débordement à affiner
","",0,300,NA,"",NA,NA,"11/23/21 16:32:00","07/17/15 08:59:00","A631101003","A6311010",NA,"Moselle"
"889",318,"A6341008","LUNÉVILLE AMONT","meurthe",905830,2406363,NA,1100,"S",114570,17.9,4.8,140,190,230,"LUAM","mise en service: 14/08/2015
A643101002","",NA,180,NA,"",NA,21884,"02/14/19 16:08:00","10/22/15 15:40:00","A634101002","A6341010",NA,"Moselle"
"890",319,"A7881020","METZ PONT LOTHAIRE AMONT","Seille",881399,2462800,NA,1280,"S",114582,9.76,1.2,73,100,120,"MPLOAMONT","Seconde station de Metz Pont Lothaire. Capteur radar sur potence qui mesure à l'amont du nouveau pont construit en 2015. Nouvelle échelle associée. CT à construire.","",0,NA,NA,"",NA,16354,"08/08/19 15:29:00","11/24/15 17:13:00","A788101002","A7881010",NA,"Moselle"
"891",320,"B2100001","TROUSSEY","Meuse",846209,2417522,245,2100,"S",114582,23,2.5,NA,NA,NA,"TROU_VNF","Station VNF utilisée par la DREAL pour la prévision des crues depuis décembre 2015","",0,210,NA,"",NA,NA,"02/03/16 10:35:00","12/28/15 16:39:00","B210000101","B2100001",NA,"Moselle"
"892",321,"A740006Q","CORNY(DEBIMETRE)","Moselle",871929,2454550,684,7762,"S",114570,123,21,920,1280,1450,"CORNQ","","",NA,500,NA,"",NA,16668,"06/22/16 13:47:00","01/21/16 13:42:00","A740000101","A7400001",NA,"Moselle"
"899",328,"A6860001","CRÉVIC","le sanon",NA,NA,NA,280,"S",114573,NA,NA,NA,NA,NA,"CRÉV","Station mise en service en juillet 2018","",0,NA,NA,"",NA,NA,"02/01/19 15:19:00","08/14/18 16:06:00","A686000101","A6860001",NA,"Moselle"
"900",329,"A694102Q","MALZÉVILLE-DÉBITMÈTRE","la meurthe",NA,NA,NA,NA,"S",114570,NA,NA,NA,NA,NA,"MLZQ","","",NA,NA,NA,"",NA,NA,"02/26/19 11:32:00","02/26/19 11:32:00","A694102001","A6941020",NA,"Moselle"
"901",330,"B4530001","VITTARVILLE","LOISON",NA,NA,NA,NA,"S",114573,NA,NA,NA,NA,NA,"VITT","","",NA,NA,NA,"",NA,NA,"11/22/19 11:12:00","08/20/19 07:24:00","B453000101","B4530001",NA,"Moselle"
"902",331,"A5422011","HOUDREVILLE","Brénon",929849,6827409,NA,NA,"S",114582,NA,NA,NA,NA,NA,"HOU","","",NA,NA,NA,"",NA,31100,"03/23/22 16:11:00","06/05/20 10:55:00","A542201101","A5422011",NA,"Moselle"
"904",0,"L0010610","PEYRELEVADE (SERVIERES)","VIENNE",574363,2078033,NA,58.5,"S",7007,1.73,0.21,14,18,21,"L0010610","station gérée par le bassin Loire Bretagne jusqu'au 15/09/2000
passage en heure TU le 01/01/2009
station sousmis aux herbiers en été (seuil aval naturel après le pont)","08/11/00 00:00:00",0,NA,NA,"PEYRELEVADE ",19164,61504,"09/02/25 14:27:00","","L001061001","L0010610",NA,"NA"
"905",1,"L0050630","EYMOUTIERS","VIENNE",553807,2082394,NA,369,"S",7007,6.4,1.3,45,65,78,"L0050630","station gérée par le bassin Loire Bretagne jusqu'au 15/09/2000
passage en heure TU le 01/01/2009

barrage Chenillat production hydroélectrique à 1km en amont par un particulier : batillage régulier possible","10/12/11 09:14:00",0,NA,NA,"EYMOUTIERS ",87064,39694,"08/29/25 10:09:00","","L005063001","L0050630",NA,"NA"
"906",2,"L0093020","ROZIERS SAINT GEORGES","Combade",540093,2083401,NA,173,"S",7007,3.5,0.76,23,29,34,"L0093020","station remplacant la Combade à Masléon L0093010","10/12/11 09:28:00",0,NA,NA,"ROZIERS-SAINT-GEORGES",87130,30585,"08/29/25 10:15:00","","L009302001","L0093020",NA,"NA"
"907",3,"L0123030","PEYRAT LE CHATEAU","MAULDE",555850,2091500,NA,97,"S",7007,2.4,0.4,10.5,13.5,16,"L0123030","station gérée par le bassin Loire Bretagne juqu'au 15/09/2000","10/12/11 09:30:00",0,NA,NA,"PEYRAT-LE-CHÂTEAU",87117,39581,"08/29/25 10:17:00","","L012303001","L0123030",NA,"NA"
"908",4,"L0140610","SAINT PRIEST TAURION (CINTRAT)","VIENNE",527528,2098730,NA,1156,"S",7007,23.5,4.7,130,180,210,"L0140610","station gérée par le bassin Loire Bretagne jusqu'au 15/09/2000
Passage en heure TU le 01/01/2009
","10/12/11 09:34:00",0,NA,NA,"SAINT-PRIEST-TAURION",87178,23367,"08/29/25 10:20:00","","L014061001","L0140610",NA,"NA"
"909",5,"L2103020","VOULON (NEUIL)","LA DIVE DU SUD",438135,2152831,NA,559,"S",7007,2.44,0.2,15,22,26,"L2103020","","02/29/00 00:00:00",0,NA,NA,"VOULON",86296,9755,"08/22/25 15:27:00","","L210301001","L2103010",NA,"NA"
"910",6,"L2201620","VOULON (PETIT ALLIER)","Le Clain",488783,6590161,NA,949.47998,"S",7007,6.49,0.795,44,70,87,"L2201620","","",10,NA,NA,"VOULON",86296,9215,"08/22/25 15:30:00","07/16/12 11:56:00","L220161002","L2201610",NA,"NA"
"911",7,"L2253010","CLOUE","LA VONNE",432448,2161739,NA,320,"S",7007,3.09,0.19,61,98,120,"L2253010"," Altitude : 97.25m","11/07/02 00:00:00",0,NA,NA,"CLOUE",86080,9725,"10/03/25 12:13:00","","L225301001","L2253010",NA,"NA"
"912",8,"L2313050","CHATEAU LARCHER","LA CLOUERE",442394,2161501,NA,382,"S",7007,2.19,0.29,15.4,25,31.4,"L2313050"," Altitude 88.00 m














































































































































































































































































































































































































































































































































































































































































































































































































































































































































































































































































































































































































































































































































































































































































































































































































































































































































































































































































































































































































































































































































































































































































































































































































































































































































































































































































































































































































































































































































































































































































































































































































































































































































































































































































































































































































































































































































































































































































































































































































































","02/15/23 15:09:00",0,NA,NA,"CHÂTEAU-LARCHER",86065,8400,"08/22/25 14:32:00","","L231301001","L2313010",NA,"NA"
"913",9,"L2341630","POITIERS (PONT NEUF)","Le Clain",447.86,2177.25,NA,2120,"S",7007,15.3,2.04,88.7,144,180,"POITIERSPN","","",0,NA,NA,"POITIERS",86194,6895,"08/22/25 15:12:00","07/18/06 15:30:00","L234161002","L2341610",NA,"NA"
"914",10,"L5001810","SAINT VICTOR EN MARCHE","GARTEMPE",557463,2124498,NA,78,"S",7007,1.11,0.189,9.4,13.1,15.6,"L5001810","Passage en heure TU le 01/01/2009
Nivellement du 0 de l'échelle réalisé le 28/05/2009","03/31/23 11:22:00",0,NA,NA,"SAINT-VICTOR-EN-MARCHE",23248,42839,"08/22/25 14:19:00","","L500181001","L5001810",NA,"NA"
"915",11,"L5034010","FOLLES (FORGEFER)","ARDOUR",583775,6556310,NA,131,"S",7007,1.73,0.319,13.1,18.1,21.4,"L5034010","","03/31/23 11:30:00",NA,NA,NA,"FOLLES ",87067,31762,"08/22/25 14:24:00","","L503401001","L5034010",NA,"NA"
"916",12,"L5101810","FOLLES (BESSINES)","GARTEMPE",579000,6558316,NA,570,"S",7007,7.88,1.25,48.3,65.8,77.3,"L5101810","","03/31/23 11:44:00",0,NA,NA,"FOLLES ",87067,29132,"08/22/25 14:29:00","","L510181001","L5101810",NA,"NA"
"917",13,"L5134010","DROUX","SEMME",556619,6562905,NA,177,"S",7007,1.92,0.151,20.1,39.9,36.3,"L5134010","","03/31/23 13:11:00",NA,NA,NA,"DROUX ",87061,18958,"08/22/25 14:31:00","","L513401001","L5134010",NA,"NA"
"918",14,"L5223020","BELLAC","VINCOU",547233,6561306,NA,286,"S",7007,3.41,0.217,29.2,40,47.1,"L5223020","","03/31/23 13:16:00",0,NA,NA,"BELLAC ",87011,17016,"08/22/25 14:35:00","","L522302001","L5223020",NA,"NA"
"919",15,"L5301810","SAINT BONNET DE BELLAC","Gartempe",541791,6566963,NA,1399.77,"S",7007,16.3,2.18,113,154,181,"ST BONNET","","03/31/23 13:19:00",NA,NA,NA,"SAINT-BONNET-DE-BELLAC",87139,15751,"08/22/25 14:37:00","12/21/04 09:23:00","L530181001","L5301810",NA,"NA"
"920",16,"L6020710","LEUGNY","CREUSE",525263,6648015,NA,8020,"S",7007,72.5,9.72,596,862,1040,"L6020710","","03/24/23 15:29:00",0,NA,NA,"LEUGNY",86130,4373,"08/22/25 11:23:00","","L602071001","L6020710",NA,"NA"
"921",17,"L6214010","GRAND PRESSIGNY (PONT SAINT MARTIN)","L'Aigronne",533019,6648602,NA,148.75,"S",7007,NA,NA,NA,NA,NA,"PONT SAINT","","",10,NA,NA,"GRAND PRESSIGNY",37113,5704,"08/22/25 11:09:00","02/02/17 08:37:00","L621000301","L6210003",NA,"NA"
"922",18,"L6202040","GRAND PRESSIGNY (PONT DE FER)","la Claise",532102,6649502,NA,1053.9301,"S",7007,NA,NA,NA,NA,NA,"PONT DE FE","","",0,NA,NA,"GRAND PRESSIGNY",37113,5379,"08/22/25 11:00:00","01/26/17 15:24:00","L621000201","L6210002",NA,"NA"
"923",19,"L6323010","MARCE SUR ESVES","Esves",522019,6661612,NA,222.85001,"S",7007,0.795,0.255,6.64,10.2,12.5,"MARCE","","03/24/23 15:49:00",NA,NA,NA,"MARCE-SUR-ESVES",37145,5534,"10/03/25 12:12:00","10/28/14 07:43:00","L632000201","L6320002",NA,"NA"
"924",20,"L8122125","SAINT LOUP LAMAIRE (BOUSSIN)","thouet",NA,NA,NA,NA,"S",7007,4.25,0.096,109,185,284,"L8122125","","",0,NA,NA,"",NA,NA,"10/24/25 11:09:00","09/10/12 11:47:00","L812212004","L8122120",NA,"NA"
"925",21,"L8134020","SAINT LOUP LAMAIRE (PUY TERRIER)","LE CEBRON",407005,2200247,NA,162,"S",7007,0.98,0.029,26,45,58,"L8134020"," Altitude : 94.26m","09/24/03 00:00:00",0,NA,NA,"SAINT LOUP LAMAIRE",79268,9438,"10/03/25 12:14:00","","L813402001","L8134020",NA,"NA"
"926",22,"L8213010","LUZAY","le THOUARET",407150,2215902,NA,308,"S",7007,1.74,0.003,39,59,73,"L8213010","LA PLANCHE","06/21/04 00:00:00",0,NA,NA,"LUZAY ",79161,6164,"10/24/25 10:56:00","","L821301001","L8213010",NA,"NA"
"927",23,"N4010610","AZAY LE BRULE - PONT DE RICOU","SEVRE NIORTAISE",450818,6592516,875.028,237.37,"S",7007,4.2,0.61,27.4,45,56.7,"AZAYRICOU","","02/03/25 12:05:00",0,NA,NA,"AZAY LE BRULE",79024,4791,"10/03/25 12:19:00","","N401061001","N4010610",NA,"NA"
"928",24,"N4104010","SAIVRES (DONIA MAUNAY)","LE CHAMBON",403.936,2163271,NA,61.099998,"S",7007,NA,NA,NA,NA,NA,"SAIVRES"," Altitude : 72.57m

Station QMJ

Station sous influence de la végétation

2 sites de jaugeages: 
- au pont pour les hautes et moyennes eaux
- aménagement de section 5 m en aval du pont pour les basses eaux","11/07/02 00:00:00",0,NA,NA,"",NA,NA,"01/03/25 17:00:00","","N410401001","N4104010",NA,"NA"
"929",25,"N4104020","SAINT GEORGES DE NOISNE (M DES ISLES)","LE CHAMBON",402748,2170549,NA,30,"S",7007,NA,NA,NA,NA,NA,"ST_GEORGES","Station QMJ

enjeu de la station: mesurer le débit qui entre dans la retenue
personnes intéressées par les QMJ --> gestionnaire barrage","03/06/00 00:00:00",0,NA,NA,"",NA,NA,"10/03/25 12:16:00","","N410402001","N4104020",NA,"NA"
"930",26,"N4104030","AZAY LE BRULE - PONT DE BEDANE","LE CHAMBON",397213,2159433,992.26,130,"S",7007,1.48,0.141,19.3,32.7,41.6,"AZAYBEDANE","Station QMJ

2 sites de jaugeages: 
- au pont pour les hautes et moyennes eaux
- aménagement de section 50 m en amont du pont pour les basses eaux","03/06/00 00:00:00",0,NA,NA,"AZAY-LE-BRULE",79024,4395,"10/03/25 12:19:00","","N410403001","N4104030",NA,"NA"
"931",27,"N5101710","SAINT HILAIRE DES LOGES","L'AUTISE",419464,6602439,973.592,243.92999,"S",7007,2.73,0.014,45,60.3,70.4,"ST_HILAIRE","Proprietaire seuil/pelle aval : Antoine Guillon 06 17 86 14 97

Altitude : 16.77m

Station QMJ

2 sites de jaugeages:
- hautes et moyennes eaux au pont
- basses eau site en amont

pb sensibilité station en basses eaux, à étudier","02/03/25 12:30:00",0,NA,NA,"SAINT-HILAIRE-DES-LOGES",85227,1691,"09/15/25 13:48:00","","N510171001","N5101710",NA,"NA"
"932",28,"N6003020","MAUZE SUR LE MIGNON","LE MIGNON",367001,2138720,NA,220,"S",7007,NA,NA,NA,NA,NA,"MAUZE","MOULIN NEUF","02/01/01 00:00:00",0,NA,NA,"MAUZÉ-SUR-LE-MIGNON",79170,0,"10/03/25 11:48:00","","N600302002","N6003020",NA,"NA"
"933",29,"N6014005","GRANZAY GRIPT","La Courance",431230,6575265,NA,76.889999,"S",7007,NA,NA,4.78,9.27,12.2,"GRANZAY","","02/03/25 12:24:00",NA,NA,NA,"GRANZAY-GRIPT",79137,2727,"02/03/25 12:24:00","06/28/10 09:36:00","N601401401","N6014014",NA,"NA"
"934",30,"N7101810","FOUSSAIS PAYRE","VENDEE",369.35,2171.15,NA,157,"S",7007,1.79,0.008,28.3,42,51.1,"FOUSSAIS","PONT D'IZARD","02/03/25 12:01:00",10,285,40,"FOUSSAIS-PAYRÉ",85094,4865,"09/18/25 17:18:00","","N710181010","N7101810",NA,"NA"
"935",31,"N7114010","ANTIGNY (MOULIN TEXIER)","MERE",411100,6618057,NA,59,"S",7007,0.733,0.016,12.4,14.7,20.7,"ANTIGNY","Cote seuil noyer à préciser et cote seuil pour débit nul","02/03/25 11:56:00",10,195,95,"ANTIGNY",85005,5712,"04/10/25 11:23:00","","N711401010","N7114010",NA,"NA"
"936",32,"N7121810","PISSOTTE","VENDEE",408784,6606535,NA,391,"S",7007,4.21,0.143,48.1,72.5,88.7,"PISSOTTE","PONT DE CROCHET","02/03/25 12:16:00",10,NA,NA,"PISSOTTE",85176,1045,"02/03/25 12:16:00","","N712181010","N7121810",NA,"NA"
"937",33,"N7125400","FONTENAY LE COMTE (GUE MIGNE)","Longèves",405427,6603044,NA,69.580002,"S",7007,NA,NA,NA,NA,NA,"FONTENAY","Ancien code hydro 2 N7125400","",10,135,NA,"FONTENAY-LE-COMTE",85092,352,"02/03/25 13:03:00","02/21/17 15:50:00","N712181201","N7121812",NA,"NA"
"938",34,"R0020011","SURIS","LA CHARENTE",516637,6530249,637748,110,"S",7007,1.44,0.14,21,34,42,"R0020011","changement gestionnaire le 01/01/2015 : DREAL Limousin (auparavant SPC La Rochelle)","11/28/02 00:00:00",0,NA,NA,"SURIS",16376,18800,"08/08/25 15:09:00","","R002001002","R0020010",NA,"NA"
"939",35,"R0100010","CHARROUX - (PONT DE ROCHEMEAUX)","CHARENTE",448750,2129280,696934,346,"S",7007,4.01,0.41,47,69,84,"R0100010"," Altitude : 115.93m

Station QMJ

Point de débordement obtenu par modélisation (avril 2014) environ 24 m3/s","11/08/02 00:00:00",0,NA,200,"CHARROUX",86061,11599,"08/08/25 11:06:00","","R011002001","R0110020",NA,"NA"
"940",36,"R0110010","SAINT SAVIOL - (PONT BRIDE)","CHARENTE",438183,2128359,713432,492,"S",7007,5.5,1,55,82,100,"R0110010"," Altitude : 92.00m

Station Prévision de crue et hydrométrie
Station QMJ

Point de débordement cote 0.65 m et Q= 30 m3/s (modelisation avril 2014)","11/08/02 00:00:00",0,NA,NA,"SAINT-SAVIOL",86247,10172,"10/03/25 12:10:00","","R011001001","R0110010",NA,"NA"
"941",37,"R0210010","POURSAC","Argentor",438761,2108868,0.998,92.330002,"S",7007,1.07,0.1,8.36,10.9,12.6,"R0210010","reprise du suivi de la station par le SPC 17 à compter de mai 2010

Station QMJ","",NA,NA,NA,"POURSAC",16268,7371,"08/08/25 11:14:00","05/10/10 08:37:00","R021001001","R0210010",NA,"NA"
"942",38,"R0250010","SAINT FRONT","Son-Sonnette",441047,2101255,0.994,191.39999,"S",7007,1.9,0.17,18,26.7,32.4,"R0250010","","",0,NA,NA,"SAINT-FRONT",16318,7104,"11/05/25 15:48:00","05/10/10 08:37:00","R025001001","R0250010",NA,"NA"
"943",39,"R1054010","SAINT CIERS SUR BONNIEURE (VILLEBETTE)","LA BONNIEURE",437880,2098840,991555,203,"S",7007,1.58,0.03,18.5,30.5,38.5,"R1054010"," Altitude : 65.00m","11/08/02 00:00:00",0,140,NA,"SAINT-CIERS-SUR-BONNIEURE",16307,6371,"11/05/25 15:54:00","","R125001001","R1250010",NA,"NA"
"944",40,"R1132510","MAISONNAIS SUR TARDOIRE","La Tardoire",520468,6516797,924085,138,"S",7007,2.01,0.263,17.8,25.4,30.5,"R1132510",".changement gestionnaire le 01/01/2015 : DREAL Limousin (auparavant SPC La Rochelle)","01/30/07 00:00:00",0,NA,NA,"MAISONNAIS-SUR-TARDOIRE",87091,20595,"08/22/25 09:38:00","","R103001001","R1030010",NA,"NA"
"945",41,"R1192510","MONTBRON (MOULIN DE LAVAUD","LA TARDOIRE",457072,2077030,955286,389,"S",7007,5.72,0.57,43.1,62.3,75.1,"R1192510"," Altitude : 108.70m","11/08/02 00:00:00",0,NA,NA,"MONTBRON",16223,10829,"08/08/25 11:26:00","","R108001001","R1080010",NA,"NA"
"946",42,"R1254030","SAINT MARTIAL DE VALETTE (NONTRON)","BANDIAT",516648,6493701,946580,133,"S",7007,1.96,0.041,11.8,17.3,20.9,"NONTRON","L'ancienne appellation de cette station hydrométrique était : NONTRON

Jaugeage 10m en amont du pont de la RD 708

Changement gestionnaire : le 01/01/2015 : SPC La Rochelle --> DREAL Limousin
Changement gestionnaire : le 01/07/2016 : DREAL Limousin --> DREAL NA / HPC VCA","",0,NA,NA,"SAINT MARTIAL DE VALETTE",24451,14433,"08/22/25 09:48:00","11/21/08 16:31:00","R113041001","R1130410",NA,"NA"
"947",43,"R1302510","COULGENS - (PONT DE COULGENS)","LA TARDOIRE",441406,2092278,988.829,1200,"S",7007,NA,NA,NA,NA,NA,"R1302510"," Altitude : 62.34m","11/08/02 00:00:00",NA,NA,NA,"COULGENS",16107,6600,"08/25/25 15:19:00","","R118001001","R1180010",NA,"NA"
"948",44,"R2000000","MANSLE","Charente",481309,6534761,781821,2830,"S",7007,NA,NA,NA,NA,NA,"MANSLE","Jaugeage cumulé du Grand Pont et du Petit Pont","",10,NA,NA,"MANSLE",16206,5696,"08/22/25 09:55:00","12/08/08 10:44:00","R202001002","R2020010",NA,"NA"
"949",45,"R2100010","ORADOUR (MOULIN DE GOUGE)","L'AUME",467456,6539261,990839,191,"S",7007,1.77,0.059,13.7,19.8,23.8,"R2100010"," Altitude : 54.00m
Débits caractéristiques pris à partir du site","11/08/02 00:00:00",0,NA,NA,"ORADOUR",16248,6498,"08/08/25 15:15:00","","R210001003","R2100010",NA,"NA"
"950",46,"R2110020","ORADOUR (FRAIGNEE)","COUTURE",466723,6539085,NA,NA,"S",7007,NA,NA,NA,NA,NA,"R2110020","PT 70 SUR RD 332 ECOULEMENT LIBRE

création de frayère en 2010 ? depuis pousse végétation importante -->  jaugeage difficile","",NA,NA,NA,"ORADOUR",16248,6662,"08/08/25 15:17:00","10/23/08 11:07:00","R211002001","R2110020",NA,"NA"
"951",47,"R2110030","ORADOUR (LE MAINE)","COUTURE",466827,6539809,NA,190,"S",7007,NA,NA,NA,NA,NA,"R2110030","POINT 72 SUR CARTE JAUGEAGES 20M A L'AVAL D'UN SEUIL

station QMJ","",0,NA,NA,"ORADOUR",16248,6853,"08/22/25 10:04:00","10/23/08 11:09:00","R211003001","R2110030",NA,"NA"
"952",48,"R2240020","VINDELLE- COURSAC","Charente",6518941,477807,NA,3722,"S",7007,NA,NA,NA,NA,NA,"R2240020","station créée le 07/06/2018","",NA,NA,NA,"VINDELLE",16415,3411,"08/22/25 10:05:00","06/20/18 14:11:00","R222001003","R2220010",NA,"NA"
"953",49,"R2335050","GOND-PONTOUVRE-FOULPOUGNE","LA TOUVRE",431072,2077101,998714,125,"S",7007,13.1,4.64,30.9,46.1,56.1,"R2335050","RESURGENCE - ABSENCE DE BASSIN VERSANT","03/01/00 00:00:00",0,NA,NA,"GOND-PONTOUVRE",16154,3143,"08/22/25 10:14:00","","R233505001","R2335050",NA,"NA"
"954",50,"R3010010","VOEUIL ET GIGET","la charreau",477192,6503968,0.992,48.689999,"S",7007,0.313,0.049,1.26,1.88,2.29,"R3010010","PONT NEUF","",0,NA,NA,"",NA,6152,"11/10/25 10:04:00","05/10/10 08:21:00","R301001001","R3010010",NA,"NA"
"955",51,"R3090020","MAINXE (JARNAC)","La CHARENTE",452660,6513775,879553,4160,"S",7007,NA,7.8,231,320,380,"JARNAC","..","04/16/07 00:00:00",10,NA,NA,"MAINXE",16202,NA,"08/19/25 15:04:00","","R307001011","R3070010",NA,"NA"
"956",53,"R4062510","NONAVILLE (PONT A BRAC)","le Né",458335,6496299,NA,262.20999,"S",7007,NA,NA,19.6,31.2,38.9,"R4062510","Déplacement de l'échelle à l'amont du pont : passé de 115 mm à 200 mm","",0,NA,NA,"NONAVILLE ",16247,4306,"11/10/25 10:36:00","08/12/08 13:07:00","R406000101","R4060001",NA,"NA"
"957",54,"R5023310","SAINT GERMAIN DE LUSIGNAN","LA SEUGNE",NA,NA,NA,150,"S",7007,NA,0.064,25,40,50,"R5023310","altitude approximative : 10m50
","05/03/05 00:00:00",0,NA,NA,"",NA,NA,"11/10/25 11:43:00","","R502331002","R5023310",NA,"NA"
"958",55,"R5123320","SAINT SEURIN DE PALENNE (LA LIJARDIERE)","LA SEUGNE",376203,2073206,NA,902,"S",7007,6.69,0.762,52.5,90.8,116,"R5123320"," Altitude : 9.50m","05/10/04 00:00:00",0,NA,NA,"",NA,NA,"10/03/25 12:01:00","","R512331003","R5123310",NA,"NA"
"959",56,"R5200010","CHANIERS","LA CHARENTE",376853,2082477,291,7412,"S",7007,NA,NA,307,448,541,"BEILLANT","Altitude : 4.5 m","05/10/04 00:00:00",10,NA,NA,"CHANIERS 17160 - PONT SNCF",17086,NA,"11/10/25 11:24:00","","R423001003","R4230010",NA,"NA"
"960",57,"R6092920","SAINT SEVERIN S/ BOUTONNE (M° DE CHATRE)","LA BOUTONNE",388048,2123622,NA,535,"S",7007,5.54,0.412,30.5,43.6,52.3,"R6092920","","03/24/00 00:00:00",0,NA,NA,"",NA,NA,"02/04/25 09:57:00","","R608001003","R6080010",NA,"NA"
"961",58,"R6110008","SAINT JULIEN DE L ESCAP","LA BOUTONNE",NA,NA,NA,NA,"S",7007,NA,NA,NA,NA,NA,"R6110008","Le fond du lit de la riviere au plus profond correspond a environ 62 cm à l'échelle.","",10,NA,NA,"ST EUTROPE",NA,NA,"07/25/19 17:58:00","10/18/17 10:20:00","R611000801","R6110008",NA,"NA"
"962",59,"R6164610","PUYROLLAND - (TOURNAY)","LA TREZENCE",370125,2119516,NA,75,"S",7007,NA,NA,9.16,12.6,14.9,"R6164610"," Altitude : 9.27m","11/08/02 00:00:00",0,NA,NA,"",NA,NA,"02/04/25 10:21:00","","R616461001","R6164610",NA,"NA"
"963",60,"S0114010","SAINT ANDRE DE LIDON - (PT DE ST ANDRE)","LA SEUDRE",407939,6507366,958751,227,"S",7007,0.754,0.013,4.98,10.9,14.8,"S0114010","Station SPC et Hydro
 Altitude : 16.45m

Station QMJ et point de référence étiage pour le bassin de la Seudre

station influencée:
- par une pelle 'Chez Viguiaud' 200 m en aval pour H> 32-35 cm (seuil légèrement noyé ou noyé)

contact: 
Yann DAVITOGLU
Technicien Rivières et Zones Humides
Syndicat Mixte du Bassin de la Seudre et de ses Affluents
8, rue de la Seudre
17260 Saint-André-de-Lidon
Tel. : 05 46 90 89 75 
Fax : 05 46 94 29 38","11/08/02 00:00:00",0,157,62,"SAINT-ANDRÉ-DE-LIDON",17310,1661,"10/03/25 12:11:00","","S011401003","S0114010",NA,"NA"
"964",61,"S0114510","CORME ECLUSE","LA SEUDRE",400102,6512452,968980,307,"S",7007,NA,NA,6.73,11.4,14.4,"S0114510","Station SPC et Hydro","",10,NA,NA,"CORME-ÉCLUSE",17119,40,"08/22/25 14:26:00","07/25/08 07:46:00","S011451001","S0114510",NA,"NA"
"965",62,"L0231510","PONTARION","TAURION",562061,2001817,NA,388,"S",7007,6.7,0.8,49,64,74,"L0231510","station gérée par le bassin Loire Bretagne jusqu'au 15/09/2000","10/12/11 09:36:00",0,NA,NA,"PONTARION ",23155,43647,"08/29/25 10:27:00","","L023151001","L0231510",NA,"NA"
"966",63,"L0314010","SAINT MARTIN SAINTE CATHERINE","VIGE",589889,6540580,NA,134,"S",7007,2.61,0.44,21,28,33,"L0314010","","11/21/97 00:00:00",0,NA,NA,"SAINT-MARTIN-SAINTE-CATHERINE",23217,29747,"08/29/25 10:41:00","","L031401001","L0314010",NA,"NA"
"967",64,"L0400610","LE PALAIS SUR VIENNE","VIENNE",570147,6530328,NA,2317.1799,"S",7007,NA,8.03,231,310,363,"L0400610","","03/24/23 14:33:00",0,NA,NA,"PALAIS-SUR-VIENNE",87113,22219,"08/29/25 11:45:00","04/07/08 10:22:00","L040061001","L0400610",NA,"NA"
"968",65,"L0563010","CONDAT (CHAMBON VEYRINAS)","BRIANCE",563232,6519004,NA,597,"S",7007,7.73,1.15,98.6,142,171,"L0563010","","03/24/23 14:43:00",0,NA,NA,"CONDAT-SUR-VIENNE",87048,21012,"08/29/25 11:27:00","","L056301001","L0563010",NA,"NA"
"969",66,"L0614020","ISLE","L'AURENCE",559435,6525111,NA,87,"S",7007,1.23,0.27,17,21,25,"L0614020","","",NA,NA,NA,"ISLE ",87075,22947,"08/29/25 11:31:00","","L061402001","L0614020",NA,"NA"
"970",67,"L0700610","VERNEUIL SUR VIENNE","VIENNE",NA,NA,NA,3393,"S",7007,59.3,13,390,550,650,"L0700610","PONT DE LA GABIE","03/08/02 00:00:00",0,NA,NA,"",NA,NA,"05/14/18 16:44:00","","L070061001","L0700610",NA,"NA"
"971",68,"L0813010","SAINT JUNIEN","GLANE",538438,6536942,NA,288,"S",7007,3.83,0.263,34.9,49.3,58.9,"L0813010","","03/24/23 14:47:00",NA,NA,NA,"SAINT-JUNIEN",87154,20738,"10/03/25 12:10:00","","L081301001","L0813010",NA,"NA"
"972",69,"L0914020","CHAILLAC","GORRE",536089,6529242,NA,186,"S",7007,1.88,0.12,27.9,40.3,48.5,"L0914020","","03/24/23 14:59:00",NA,NA,NA,"CHAILLAC-SUR-VIENNE",87030,18781,"08/29/25 11:44:00","","L091402001","L0914020",NA,"NA"
"973",70,"L0920620","ETAGNAC (CHATENET)","la vienne",527733,6531777,NA,4097.3999,"S",7007,55.3,13,348,476,561,"ETAGNAC CH","","03/24/23 15:05:00",0,NA,NA,"ETAGNAC",16132,15099,"08/29/25 11:45:00","09/22/14 15:06:00","L092061002","L0920610",NA,"NA"
"974",71,"L1004010","SAINT MAURICE DES LIONS","LE GOIRE",520962,6546616,NA,134.42,"S",7007,1.26,0.059,24,33,39,"ST MAURICE","","",NA,NA,NA,"SAINT-MAURICE-DES-LIONS",16337,14634,"08/29/25 11:50:00","04/09/08 13:58:00","L100401001","L1004010",NA,"NA"
"975",72,"L1113020","ESSE","ISSOIRE",525958,6552244,NA,265.38,"S",7007,2.41,0.057,41,63,77,"ESSE","Station implantée au pont Binot","",NA,NA,NA,"ESSE",16131,15326,"08/29/25 11:49:00","04/09/08 14:03:00","L111301001","L1113010",NA,"NA"
"976",73,"L1313010","PERSAC","Grande Blourde",523502,6581810,NA,292.48999,"S",7007,NA,NA,NA,NA,NA,"PERSAC","La station de Persac a fonctionné initialement au pont de La Bussière puis au pont de Kiel à compter du xx/10/2012.
L'ensemble des hauteurs a fait l'objet durant la période initiale d'une double lecture à la Bussière et à Kiel.
Sur barème les hauteurs prises en compte sont celles de Kiel et celles de la Bussière apparaissent en commentaire.
","",NA,NA,NA,"PERSAC",86190,10074,"08/29/25 11:45:00","10/29/12 14:00:00","L131000101","L1310001",NA,"NA"
"977",74,"L1400610","LUSSAC LES CHATEAUX","Vienne",474300,2157360,NA,5535,"S",7007,78,15.2,560,743,865,"LUSSAC","Echelle et station RG sur la commune de Mazerolles","03/24/23 15:07:00",NA,NA,NA,"LUSSAC-LES-CHÂTEAUX",86140,7011,"08/29/25 11:42:00","12/01/04 16:35:00","L140061001","L1400610",NA,"NA"
"978",75,"L2404030","VOUNEUIL SOUS BIARD","LA BOIVRE",491258,6612475,NA,177.03,"S",7007,1.02,0.13,8.3,14,18,"VOUNEUIL","","11/28/02 00:00:00",0,NA,NA,"VOUNEUIL-SOUS-BIARD",86297,8460,"08/22/25 15:32:00","","L240403001","L2404030",NA,"NA"
"979",76,"L2443010","QUINCAY","L AUXANCE",440800,2182490,NA,262,"S",7007,1.55,0.161,11,17,21,"L2443010","Altitude : 82.86m","11/07/02 00:00:00",0,NA,NA,"QUINCAY",86204,8301,"10/03/25 12:13:00","","L244301001","L2443010",NA,"NA"
"980",77,"L2501610","DISSAY","Clain",503110,6625709,NA,2883.22,"S",7007,20.9,2.9,120,180,220,"DISSAY","","",NA,NA,NA,"DISSAY",86095,5962,"08/22/25 14:40:00","12/23/04 11:31:00","L250161001","L2501610",NA,"NA"
"981",78,"L2523010","SAINT MARTIN LA PALLU (VENDEUVRE)","LA PALLU",497559,6627049,NA,173.17999,"S",7007,0.542,0.022,2.5,4.5,5.8,"VENDEUVRE","","",10,NA,NA,"VENDEUVRE-DU-POITOU",86281,7150,"08/22/25 15:20:00","07/29/09 16:43:00","L252301001","L2523010",NA,"NA"
"982",79,"L3033010","CHATELLERAULT (M HALLES)","OZON",515486,6633283,NA,265.20001,"S",7007,0.629,0.079,8.94,15.2,19.4,"MLIN HALLE","Station de Moulin des Halles
Echelle sur la commune de Châtellerault","03/24/23 15:10:00",NA,NA,NA,"CHATELLERAULT",86066,5697,"10/03/25 12:16:00","04/09/08 14:04:00","L303301001","L3033010",NA,"NA"
"983",80,"L3123010","THURE","L'ENVIGNE",459447,2203009,NA,242,"S",7007,0.693,0.015,7.32,12,15.1,"THURE","Altitude : 54.25 m
Station implantée au pont de Besse","03/24/23 15:14:00",0,NA,NA,"THURE",86272,5422,"08/29/25 11:33:00","","L312301001","L3123010",NA,"NA"
"984",81,"L3200610","INGRANDES","VIENNE",514473,6644741,NA,10050,"S",7007,119,20.9,714,977,1150,"L3200610","","03/24/23 15:17:00",0,NA,NA,"INGRANDES",86111,3907,"08/29/25 11:14:00","","L320062001","L3200620",NA,"NA"
"985",82,"L4010710","FELLETIN","CREUSE",635418,6532418,NA,165,"S",7007,3.78,0.52,26,35,40,"L4010710","Pont des malades","11/21/97 00:00:00",0,NA,NA,"FELLETIN",23079,49683,"08/18/25 10:53:00","","L401071001","L4010710",NA,"NA"
"986",83,"L4033010","MOUTIER ROZEILLE","ROZEILLE",636245,6537244,NA,186,"S",7007,2.56,0.17,19,25,30,"L4033010","","10/01/09 16:55:00",0,NA,NA,"MOUTIER-ROZEILLE",23140,44092,"08/22/25 11:38:00","","L403301001","L4033010",NA,"NA"
"987",84,"L4210710","GLENIC","CREUSE",616674,6569904,NA,944,"S",7007,12.3,1.2,120,180,220,"L4210710","Code cadena acces seuil 1947","11/21/97 00:00:00",0,NA,NA,"GLÉNIC",23092,30271,"08/22/25 10:58:00","","L421071001","L4210710",NA,"NA"
"988",85,"L4220710","FRESSELINES (PONT VERVY)","CREUSE",598466,6587348,NA,1233.96,"S",7007,15.8,1.1,130,190,220,"L4220710","","11/12/97 00:00:00",0,NA,NA,"FRESSELINES",23087,20283,"08/22/25 10:51:00","","L422071001","L4220710",NA,"NA"
"989",86,"L4411710","FRESSELINES (PUY RAGEAUD)","PETITE CREUSE",599253,6588169,NA,850,"S",7007,8.49,0.43,110,160,190,"L4411710","","11/04/97 00:00:00",0,NA,NA,"FRESSELINES",23087,20525,"08/18/25 11:11:00","","L441171001","L4411710",NA,"NA"
"990",87,"L4653010","VELLES","bouzanne",595018,6619346,NA,435.67001,"S",7007,3.11,0.29,63,100,130,"VELLES","","",NA,NA,NA,"VELLES",36231,12144,"08/22/25 13:30:00","12/20/04 15:50:00","L465301001","L4653010",NA,"NA"
"991",88,"L4730710","LE BLANC","Creuse",551757,6616351,NA,3575.3799,"S",7007,28.8,2.48,249,387,478,"LE BLANC","","03/24/23 15:26:00",0,NA,NA,"BLANC",36018,7486,"08/22/25 11:20:00","05/02/06 14:46:00","L473071001","L4730710",NA,"NA"
"992",89,"L5323010","ORADOUR SAINT GENEST","La Brame",545859,6574379,NA,232.35001,"S",7007,2.2,0.056,34.4,48.9,58.5,"ORADOUR","","03/31/23 13:29:00",NA,NA,NA,"ORADOUR-SAINT-GENEST",87109,16128,"08/22/25 14:41:00","12/21/04 09:10:00","L532301001","L5323010",NA,"NA"
"993",90,"L5411810","MONTMORILLON","Gartempe",536383,6593687,NA,1867.37,"S",7007,21.3,2.22,188,274,330,"MONTMORILL","","03/31/23 13:34:00",NA,NA,NA,"MONTMORILLON",86165,8548,"08/22/25 14:45:00","12/21/04 09:51:00","L541181001","L5411810",NA,"NA"
"994",91,"L5511910","PRISSAC","L'ANGLIN",566062,6601927,NA,223.46001,"S",7007,1.7,0.034,55.4,86.5,107,"L5511910","","03/31/23 13:38:00",NA,NA,NA,"PRISSAC ",36168,10697,"08/22/25 14:55:00","04/07/08 10:33:00","L551191001","L5511910",NA,"NA"
"995",92,"L5623010","JOUAC","BENAIZE",566112,6585376,NA,185.35001,"S",7007,1.87,0.063,33.5,51.4,63.3,"L5623010","","03/31/23 13:49:00",10,NA,NA,"JOUAC ",87080,17446,"08/22/25 15:08:00","","L562301001","L5623010",NA,"NA"
"996",93,"L5741915","ANGLES SUR ANGLIN","L'Anglin",538143,6623679,NA,1683.42,"S",7007,10.85,1.08,176,279,347,"ANGLES 001","Mise en service de l'échelle : xx/xx/200x
Mise en service de la station : xx/11/2012
Pont d'Angles","03/31/23 13:39:00",0,NA,NA,"ANGLES-SUR-L'ANGLIN",86004,6489,"08/22/25 15:18:00","10/29/12 14:00:00","L574192002","L5741920",NA,"NA"
"997",94,"L5801810","VICQ SUR GARTEMPE","La GARTEMPE",487440,2192280,NA,3848.9099,"S",7007,29.7,4.02,283,420,510,"L5801810","","03/31/23 13:41:00",10,NA,NA,"VICQ-SUR-GARTEMPE",86288,6153,"08/22/25 15:22:00","","L580181001","L5801810",NA,"NA"
"998",95,"L7000610","NOUATRE","VIENNE",513646,6663993,NA,19920,"S",7007,190,32.7,1310,1810,2150,"L7000610","","03/24/23 15:19:00",0,NA,NA,"NOUATRE",37174,3196,"08/29/25 10:52:00","","L700061001","L7000610",NA,"NA"
"999",96,"L7024040","CROUZILLES","La Manse",506015,6674065,NA,186.39,"S",7007,0.713,0.225,12.2,18.2,22.2,"CROUZILLES","","03/24/23 15:21:00",NA,NA,NA,"CROUZILLES",37093,3875,"08/29/25 10:25:00","07/12/13 10:06:00","L702000101","L7020001",NA,"NA"
"1000",97,"L7123001","LEMERE","LA VEUDE",445.88,2235.46,NA,412,"S",7007,1.16,0.092,7.18,12.2,15.6,"L7123001","Mise en service le 09/10/1997 à 15h30.

Cette station est située sur la commune de LEMERE (37) au lieu-dit ""Le Moulin de Coutureau"".
Carte IGN série bleue: 1724 Est

Objectif:
Besoin pour l'hydrologie générale de la région.

Equipement:
Centrale ALCYR avec capteur Ultra-Son, alimentation solaire
Télétransmission: 02 47 95 75 18 code LEMERE

Type de contrôle:
Radier de pont en taule ondulée (Type: buse ARMCO) de deux passes.
Les mesures de crues sont effectuées 3,5km en aval, au lieu-dit ""Beauvais"" sur la commune de LIGRE.

Courbe de tarage en vigueur:
Valide depuis le 28/03/2005. Le contrôle peut se retouver sous l'influence d'un seuil en moëllons, situé 700m en aval, lorsque celui-ci est encombré de branches et dépot divers

Evénements marquants:

29/01/1998 : Nivellement du ""0"" de l'échelle avec comme point repère le coin RD de la pointe amont de la pile centrale (Croquis dans le dossier station).
La cote du ""0"" est de -0,964m par rapport au repère. Photos

08/04/1998 : Photos

01/02/1999 : Découverte d'un seuil en grosses pierres encombrées de branches et autres détritus à 750 mètres en aval de la station.

01/03/1999 : Photos de la station (amont et aval du pont)

27/12/1999 : Photos de la crue à la station

21/04/2004 : Photos

31/08/2004 : Photos

17/10/2005 : Levé par géomètre pour un projet de la céation d'un seuil de contrôle - altitude du ""0"" de l'échelle:36.59m

24/11/2005 : Changement de centrale et de modem, enlèvement de matériel CR2M contre de l'ALCYR.

24/04/2006 : Photos (eutrophysation du lit)","03/24/23 15:23:00",0,NA,NA,"LEMERE",37125,3659,"07/25/23 09:04:00","","L712301001","L7123010",NA,"NA"
"1001",98,"L8222110","MISSE","LE THOUET",407622,2220062,NA,997,"S",7007,7.7,0.41,156,256,322,"L8222110","4920 NGF= 0 ech diren","05/27/04 00:00:00",0,NA,NA,"MISSE",79178,4920,"10/24/25 10:59:00","","L822211001","L8222110",NA,"NA"
"1002",99,"L8343010","MASSAIS","L'ARGENTON",395241,2225473,NA,634,"S",7007,4.56,0.025,92,139,170,"L8343010","MOULIN BERNARD
Altitude : 60.67m","01/07/04 00:00:00",0,NA,NA,"MASSAIS ",79168,6090,"10/24/25 10:57:00","","L834301001","L8343010",NA,"NA"
"1003",100,"L8402135","MONTREUIL BELLAY (SAINT ELOI)","Thouet",461948,6676362,NA,2119.73,"S",7007,13.6,0.287,185,285,350,"L8402135","","",NA,NA,NA,"MONTREUIL-BELLAY",49215,2796,"10/24/25 11:01:00","11/25/11 14:36:00","L840211002","L8402110",NA,"NA"
"1004",101,"L8523010","POUANCAY","LA DIVE DU NORD",415794,2235805,NA,785,"S",7007,2.49,0.34,8.79,13.1,1716,"L8523010","LA MOTTE BOURBON","02/29/00 00:00:00",0,NA,NA,"POUANCAY ",86196,3229,"10/24/25 11:06:00","","L852301001","L8523010",NA,"NA"
"1005",102,"L0321510","SAINT PRIEST TAURION (CHAUVAN)","TAURION",576725,6535121,NA,1030,"S",7007,18.5,3.2,130,190,240,"L0321510","","11/21/97 00:00:00",0,NA,NA,"SAINT-PRIEST-TAURION",87178,23617,"08/29/25 11:24:00","","L032151001","L0321510",NA,"NA"
"1006",103,"L0410610","LIMOGES (PONT NEUF)","Vienne",NA,NA,NA,2320,"S",7007,43.1,11.8,200,280,340,"L0410610","Essai de corrélation avec le Palais (PF-juin 2008)","",0,NA,NA,"",NA,NA,"03/21/23 09:50:00","06/03/08 11:12:00","L040061002","L0400610",NA,"NA"
"1007",104,"L0620610","AIXE SUR VIENNE","Vienne",555798,6523699,NA,3351,"S",7007,50.3,13,250,340,390,"L0620610","","",0,NA,NA,"AIXE-SUR-VIENNE",8700,19951,"08/29/25 11:35:00","06/05/08 10:09:00","L062061001","L0620610",NA,"NA"
"1008",105,"L0920610","ETAGNAC (PONT DE  PILAS)","Vienne",479502,2097622,NA,4100,"S",7007,72.3,NA,NA,NA,NA,"ETAGNAC","cote en ign 69  et pas en ngf","",0,NA,NA,"",NA,15300,"10/03/25 13:10:00","11/24/04 17:05:00","L092061001","L0920610",NA,"NA"
"1009",106,"L0940610","CONFOLENS","la vienne",519749,6548610,NA,4395.7598,"S",7007,69.5,16,440,590,690,"CONFO","données issues de sophie","",0,NA,NA,"CONFOLENS",16106,12857,"08/29/25 11:39:00","04/02/07 17:36:00","L094061001","L0940610",NA,"NA"
"1011",108,"L1440610","CHAUVIGNY","vienne",519421,6610414,NA,5976.0698,"S",7007,78.4,17,500,660,770,"CHAUVIGNY","","",NA,NA,NA,"CHAUVIGNY",86070,6038,"08/29/25 11:40:00","12/20/04 15:16:00","L144061001","L1440610",NA,"NA"
"1012",109,"L2313030","MARNAY","La Clouère",497500,6591137,NA,313.63,"S",7007,NA,NA,NA,NA,NA,"MARNAY","","",0,NA,NA,"MARNAY",86148,10279,"08/22/25 14:43:00","10/21/14 15:04:00","L231301401","L2313014",NA,"NA"
"1013",110,"L2321610","VIVONNE (DANLOT)","Clain",491670,6596929,NA,1806.22,"S",7007,13.9,1.6,96,150,180,"VIVONNE","","",NA,NA,NA,"VIVONNE",86293,8412,"08/22/25 15:25:00","12/23/04 11:19:00","L232161001","L2321610",NA,"NA"
"1014",111,"L2334010","SMARVES","LE MIOSSON",449313,2171160,NA,129,"S",7007,0.33,0.032,4.8,8.8,11,"L2334010"," Altitude 90.00m","11/07/02 00:00:00",0,NA,NA,"SMARVES",86263,8962,"08/22/25 15:22:00","","L233401001","L2334010",NA,"NA"
"1015",112,"L2404020","BERUGES","La Boivre",486364,6611208,NA,149.86,"S",7007,0.924,0.12,5.9,9,11,"L2404020","Section de jaugeage à confirmer .","",0,NA,NA,"BÉRUGES",86024,9464,"10/03/25 13:11:00","02/12/07 14:12:00","L240402001","L2404020",NA,"NA"
"1016",113,"L2404040","POITIERS (GARE)","La Boivre",495579,6612296,NA,197.62,"S",7007,1.17,0.21,9.9,16,20,"POITIERS G","","",NA,NA,NA,"POITIERS",86194,7205,"08/22/25 15:06:00","10/18/07 15:36:00","L240404001","L2404040",NA,"NA"
"1017",114,"L2424010","AYRON","la Vendelogne",476509,6621663,NA,59.599998,"S",7007,0.324,0.003,5.2,8.2,10,"AYRON","","",0,NA,NA,"AYRON",86017,12194,"08/22/25 14:29:00","09/14/16 16:26:00","L242401002","L2424010",NA,"NA"
"1018",115,"L2424015","LATILLE","l' Auxance",NA,NA,NA,NA,"S",7007,NA,NA,NA,NA,NA,"LATILLE","","",0,NA,NA,"LATILLE",NA,NA,"10/03/25 13:11:00","09/14/16 16:30:00","L242401501","L2424015",NA,"NA"
"1019",116,"L3100610","CHATELLERAULT (PONT HENRI IV)","vienne",512484,6638064,NA,9989.8496,"S",7007,110,20,860,1200,1500,"CHATELL","","",NA,NA,NA,"CHÂTELLERAULT",86066,4357,"08/29/25 11:24:00","12/20/04 15:03:00","L320061001","L3200610",NA,"NA"
"1020",117,"L4100710","AUBUSSON","CREUSE",587344,2105580,NA,401,"S",7007,5,0.4,35,46,53,"L4100710","Installation par SPC Poitiers le 08/09/2009","",0,NA,NA,"AUBUSSON",23008,43085,"08/18/25 10:33:00","10/01/09 16:57:00","L410071001","L4100710",NA,"NA"
"1021",118,"L4321711","GENOUILLAC","petite creuse",622632,6584689,NA,560.69,"S",7007,NA,NA,NA,NA,NA,"L4321711","","",NA,NA,NA,"GENOUILLAC",23089,26924,"08/22/25 10:55:00","02/16/16 14:16:00","L432000101","L4320001",NA,"NA"
"1022",119,"L4540710","GARGILESSE","CREUSE",591462,6602476,NA,2481,"S",7007,NA,NA,NA,NA,NA,"L4540710","Station pour Vigicrues - Hauteur diffusée
Sitiuée à l'aval du barrage d'Eguzon et la Roche aux Moines 
Débit de la Creuse + la Gargilesse
Pas de jaugeage pratiqué.","",0,NA,NA,"GARGILESSE-DAMPIERRE",36081,12464,"08/18/25 11:15:00","05/02/06 09:58:00","L454071001","L4540710",NA,"NA"
"1023",120,"L4540720","ARGENTON SUR CREUSE","la Creuse",586529,6610898,NA,2636.0801,"S",7007,25.9,1.5,210,310,380,"ARGENT","seuil de St Etienne avec une pelle en mauvaise état gestion communal (projet refection pelle) 29/08/2025","",0,NA,NA,"ARGENTON-SUR-CREUSE",NA,NA,"08/29/25 15:17:00","04/02/07 17:51:00","L454072001","L4540720",NA,"NA"
"1024",121,"L4700710","SAINT GAULTIER","Creuse",579629,6616237,NA,3260.3101,"S",7007,NA,NA,NA,NA,NA,"L4700710","","",0,NA,NA,"SAINT-GAULTIER",36192,9381,"08/22/25 11:44:00","12/22/11 13:21:00","L470071001","L4700710",NA,"NA"
"1025",122,"L4710710","SCOURY","creuse",569113,6616158,NA,3333.96,"S",7007,35,3.4,340,490,590,"SCOURY","","",NA,NA,NA,"CIRON",36053,8372,"08/22/25 11:47:00","12/20/04 16:06:00","L471071001","L4710710",NA,"NA"
"1026",123,"L4730720","TOURNON SAINT MARTIN","la creuse",543623,6628013,NA,3645.01,"S",7007,34.9,2.1,280,430,530,"TOURNON","","",0,NA,NA,"TOURNON-SAINT-MARTIN",36224,6420,"08/22/25 11:51:00","04/03/07 09:16:00","L473072001","L4730720",NA,"NA"
"1027",124,"L5114020","SAINT PARDOUX","LA COUZE",565159,6552981,NA,85.470001,"S",7007,NA,NA,NA,NA,NA,"ST PARDOUX","","",0,NA,NA,"SAINT-PARDOUX ",87173,33941,"08/29/25 10:55:00","09/14/16 14:49:00","L511401101","L5114011",NA,"NA"
"1028",125,"L5401810","LATHUS SAINT REMY","Gartempe",540873,6578086,NA,1722.5699,"S",7007,18.5,1.9,140,190,230,"ST REMY","Pont de Massugeon","",NA,NA,NA,"LATHUS-SAINT-RÉMY",86120,12093,"08/22/25 14:43:00","12/21/04 10:13:00","L540181001","L5401810",NA,"NA"
"1029",126,"L5411815","SAINT SAVIN","LA GARTEMPE",536673,6609440,NA,1988,"S",7007,NA,NA,NA,NA,NA,"ST SAVIN","Echelle située en RG commune de St Savin
Station située en RD commune de St Germain","",NA,NA,NA,"SAINT-SAVIN",86246,7532,"08/22/25 14:52:00","03/10/14 15:49:00","L541182301","L5411823",NA,"NA"
"1030",127,"L5673010","LA TRIMOUILLE","la Benaize",NA,NA,NA,NA,"S",7007,NA,NA,NA,NA,NA,"TRIMOUILLE","Propriétaire du moulin à l'aval de la station (controle hydraulique) : Daniel ROCCHI 06 07 30 25 49 (15 ru edu moulin de la Font) 
Travaux/Manoeuvre vannes en septembre/octobre 2024 pour réhabiliter les dégats causés par les crues du printemps 2024
","",0,NA,NA,"TRIMOUILLE",NA,NA,"11/13/24 16:10:00","10/21/14 15:02:00","L567000301","L5670003",NA,"NA"
"1031",128,"L5733020","JOURNET","LE SALLERON",NA,NA,NA,121,"S",7007,0.945,0.042,20,31,38,"L5733020"," Altitude : 135.00m
Pont de Tervannes","11/12/02 00:00:00",0,NA,NA,"",NA,NA,"07/25/23 08:25:00","","L573301001","L5733010",NA,"NA"
"1032",129,"L5741910","MERIGNY","Anglin",541214,6616581,NA,1636.85,"S",7007,11.9,0.68,200,320,400,"MERIGNY","","",0,NA,NA,"MERIGNY ",36119,7228,"10/03/25 12:12:00","03/10/06 15:07:00","L574191001","L5741910",NA,"NA"
"1033",130,"L6000710","LA ROCHE POSAY","la creuse",533365,6634279,NA,7775.9502,"S",7007,62.8,8.6,500,730,880,"LA ROCHE","données issues de sophie","",0,NA,NA,"ROCHE-POSAY",86207,5399,"08/22/25 11:15:00","04/03/07 08:49:00","L600071001","L6000710",NA,"NA"
"1034",131,"L6300710","DESCARTES","La Creuse",475110,2220460,NA,9280,"S",7007,NA,NA,NA,NA,NA,"DESCARTES","","",0,NA,NA,"DESCARTES",37115,3975,"08/18/25 10:48:00","08/05/08 15:26:00","L630071001","L6300710",NA,"NA"
"1037",134,"L7220610","CHINON","Vienne",490830,6677537,NA,20821.551,"S",7007,168,32,890,1200,1400,"CHINON","","",NA,NA,NA,"CHINON",37072,2870,"08/29/25 10:14:00","12/21/04 11:48:00","L720061001","L7200610",NA,"NA"
"1038",135,"L8102120","LE TALLUD","LE THOUET",398200,2184105,NA,85,"S",7007,1.11,0.058,22.3,36.7,46.2,"L8102120","LA PECHELLERIE","02/29/00 00:00:00",0,NA,NA,"TALLUD ",79322,13515,"10/24/25 10:50:00","","L810211001","L8102110",NA,"NA"
"1039",136,"L8122111","PARTHENAY","LE THOUET",NA,NA,NA,NA,"S",7007,NA,NA,NA,NA,NA,"L8122111","","03/01/00 00:00:00",NA,NA,NA,"",NA,NA,"01/15/24 14:21:00","","L812211002","L8122110",NA,"NA"
"1040",137,"L8122112","PARTHENAY (GODINEAU)","Thouet",NA,NA,NA,NA,"S",7007,NA,NA,NA,NA,NA,"PARTHENAY","Station opérationnelle depuis le 23 juillet 2020","",0,NA,NA,"POITIERS",NA,12439,"07/31/20 12:37:00","01/28/20 16:36:00","L812211004","L8122110",NA,"NA"
"1041",138,"L8122140","SAINT LOUP LAMAIRE (PONT)","LE THOUET",408932,2201498,NA,384,"S",7007,4.75,0.094,130,200,250,"L8122140","","02/29/00 00:00:00",0,NA,NA,"SAINT LOUP LAMAIRE",79268,8389,"10/03/25 12:14:00","","L812212001","L8122120",NA,"NA"
"1042",139,"L8134030","GOURGE","LE CEBRON",404694,2195229,NA,68,"S",7007,0.504,0.001,15,24,30,"L8134030","LE CHAMP DES BALASTIÈRES
Altitude : 122.65 = 0 échelle DIREN ( cote selon DDE 79)","02/21/05 00:00:00",0,NA,NA,"",NA,12265,"10/03/25 13:12:00","","L813401001","L8134010",NA,"NA"
"1043",140,"L8142110","SAINT GENEROUX","LE THOUET",460958,6647356,NA,701,"S",7007,5.49,0.22,125,202,253,"L8142110","","03/01/00 00:00:00",NA,NA,NA,"SAINT-GÉNÉROUX",79252,5956,"10/24/25 11:07:00","","L814211001","L8142110",NA,"NA"
"1044",141,"L8402130","MONTREUIL BELLAY (PONT NAPOLEON)","LE THOUET",NA,NA,NA,NA,"S",7007,NA,NA,NA,NA,NA,"L8402130","","01/22/01 00:00:00",10,NA,NA,"",NA,NA,"10/03/25 12:13:00","","L840211001","L8402110",NA,"NA"
"1045",142,"L8602120","CHACE","Le Thouet",466930,6684041,NA,3267.6899,"S",7007,17.6,0.78,181,269,327,"CHACE","PONT DE CHACÉ","01/06/03 00:00:00",0,248,NA,"CHACÉ ",49060,2458,"10/24/25 10:47:00","","L860211002","L8602110",NA,"NA"
"1046",143,"N4120010","SAINTE OUENNE","Egray",434627,6596276,997.894,78.559998,"S",7007,1,0,30.2,54.5,70.5,"STE_OUENNE","","02/03/25 12:46:00",0,NA,NA,"SAINTE-OUENNE",79284,2544,"08/25/25 11:43:00","12/08/08 11:27:00","N412001001","N4120010",NA,"NA"
"1047",144,"N4200010","MOUGON (MONTAILLON)","Lambon",449210,6583648,972.366,27.469999,"S",7007,NA,NA,5.98,11,14.4,"MOUGON","","02/03/25 12:41:00",10,NA,NA,"MOUGON",79185,8769,"08/25/25 10:52:00","12/08/08 11:47:00","N420001001","N4200010",NA,"NA"
"1049",146,"N4300621","NIORT (TIFFARDIERE BIEF)","LA SEVRE NIORTAISE",429488,6587327,998.745,876.09003,"S",7007,6.57,0.662,47,67.5,81.1,"TIFF_BIEF","Bief de l'ancien moulin de la Roussille + bras du moulin

Acces par station (ane et bouc) => Mr MAGNEIN Michel 06 87 83 65 65 / 05 49 79 50 88
Acces moulin et bief moulin => Mr GOY Anael 06 52 56 87 36

Baragiste du secteur Sèvre Niortaise, Mr Humberto Borges 0549090118 ou 0664489942, Mail bureau: humberto.borges@sevre-niortaise.fr

Marc Lamber IIBSN: 0684506451, gère la Sèvre et bien plus, Chef.","02/03/25 12:38:00",0,NA,NA,"NIORT",79191,485,"10/20/25 09:25:00","","N430062101","N4300621",NA,"NA"
"1050",147,"N4300622","NIORT (TIFFARDIERE BRAS PRINCIPAL)","SEVRE NIORTAISE",429577,6587215,998.745,1070,"S",7007,4.57,0.133,58.1,94,118,"TIFF_PRIN","Bief de décharge + fuite

Baragiste du secteur Sèvre Niortaise, Mr Humberto Borges 0549090118 ou 0664489942, Mail bureau: humberto.borges@sevre-niortaise.fr

Marc Lamber IIBSN: 0684506451, gère la Sèvre et bien plus, Chef.","02/03/25 12:34:00",0,NA,145,"NIORT",79191,428,"10/20/25 09:25:00","","N430062201","N4300622",NA,"NA"
"1051",148,"N6110610","MARANS","la sevre niortaise",395646,6587720,977.938,2209.79,"S",7007,NA,NA,NA,NA,NA,"MARANS","PONT SNCF
Modernisation station en débimétrie = Juin 2004
Piézzo = Mars 2005","01/30/01 00:00:00",10,NA,NA,"MARANS",17218,9,"08/25/25 10:46:00","","N611061001","N6110610",NA,"NA"
"1052",149,"R1090401","LA ROCHEFOUCAULD","TARDOIRE",496408,6519139,976081,517,"S",7007,NA,NA,NA,NA,NA,"R1090401","","",0,NA,NA,"ROCHEFOUCAULD",16281,7639,"08/22/25 09:42:00","12/21/16 09:35:00","R109001002","R1090010",NA,"NA"
"1053",150,"R1264020","MARTHON (MOULIN DE PLOUX)","LE BANDIAT",500730,6504718,0.0013,318,"S",7007,2.9,0.059,21.8,27.2,30.7,"R1264020","station prévision de crue","02/29/00 00:00:00",0,NA,NA,"MARTHON",16211,10034,"08/22/25 09:50:00","","R116002001","R1160020",NA,"NA"
"1054",151,"R2220010","MONTIGNAC","la charente",NA,NA,NA,NA,"S",7007,NA,NA,NA,NA,NA,"R2220010","","",0,NA,NA,"",NA,NA,"05/14/18 15:57:00","12/31/09 16:48:00","R222001002","R2220010",NA,"NA"
"1056",153,"R2340010","ANGOULEME","CHARENTE",478329,6509948,836520,3961,"S",7007,NA,NA,NA,NA,NA,"R2340010","STATION DE PREVISION DE CRUES","",0,NA,NA,"ANGOULÊME",16015,2661,"08/22/25 10:15:00","02/03/09 15:42:00","R234001001","R2340010",NA,"NA"
"1057",154,"R3140010","COGNAC (PONT DE CROIN)","LA CHARENTE",440137,6515505,896034,5001,"S",7007,NA,NA,289,421,509,"R3140010","","03/02/00 00:00:00",NA,NA,NA,"COGNAC",16102,13,"11/10/25 10:24:00","","R314001001","R3140010",NA,"NA"
"1058",155,"R4122521","SALLES D ANGLES - PERCEPTIERS GAUCHE","Le Ne",438236,6505365,998067,602,"S",7007,1.16,0.014,9.14,15.8,20.2,"R4122521","Station QMJ

Station mesurant les hauteurs d'eau sur le bief

- répartiteur entre bras principal et bief en amont de l'échelle --> pas d'influence sur la hauteur
contact pour renseignements sur les manipulations de l'ouvrage: Laurent Paulhac - technicien rivière du bassin du Né (laurent.paulhac@siah-ne.fr)

- Le site n'est plus jaugeable pour H> 140 cm ? en raison des débordements. Le débit est alors mesuré en amont du cours d'eau à St Fort sur le Né (1 bras). La courbe de tarage pour H > 140 cm est construite selon une répartition de ce débit  mesuré à St Fort, débit rattaché proportionnellement aux hauteurs relevées sous Sircade, pour les 2 bras du Né aux Perceptiers.
","04/03/00 00:00:00",0,NA,NA,"SALLES-D'ANGLES",16359,1306,"11/10/25 10:53:00","","R413001101","R4130011",NA,"NA"
"1059",156,"R4122522","SALLES D ANGLES - PERCEPTIERS STATION","Le Ne",438229,6505402,999765,602,"S",7007,2.8,0.001,26.3,43.9,55.6,"R4122522","Station QMJ

Station mesurant les hauteurs d'eau sur le bras principal

- répartiteur entre bras principal et bief en amont de l'échelle --> pas d'influence sur la hauteur
contact pour renseignements sur les manipulations de l'ouvrage: Laurent Paulhac - technicien rivière du bassin du Né (laurent.paulhac@siah-ne.fr)

- Le site n'est plus jaugeable pour H> 160 cm ? en raison des débordements. Le débit est alors mesuré en amont du cours d'eau à St Fort sur le Né (1 bras). La courbe de tarage pour H > 160 cm est construite selon une répartition de ce débit  mesuré à St Fort, débit rattaché proportionnellement aux hauteurs relevées sous Sircade, pour les 2 bras du Né aux Perceptiers.

","04/03/00 00:00:00",0,NA,NA,"SALLES-D'ANGLES",16359,1234,"11/10/25 11:12:00","","R413001201","R4130012",NA,"NA"
"1060",157,"R4230003","SAINTES (PONT BERNARD PALISSY)","LA CHARENTE",417893,6522872,929832,7391.5601,"S",7007,NA,NA,NA,NA,NA,"R4230003","","02/29/00 00:00:00",0,NA,NA,"SAINTES ",17415,12,"08/22/25 10:33:00","","R520001001","R5200010",NA,"NA"
"1061",158,"R4230010","CHERAC (CHEZ LANDART)","CHARENTE",425488,6517977,916.068,6334,"S",7007,NA,NA,NA,NA,NA,"R4230010","","",0,NA,NA,"CHANIERS",17086,15,"08/25/25 15:12:00","01/11/16 16:12:00","R423001002","R4230010",NA,"NA"
"1062",159,"R5020250","JONZAC","LA SEUGNE",NA,NA,NA,NA,"S",7007,NA,NA,NA,NA,NA,"5502","STATION +25M PAR RAPPORT A L ECHELLE","",NA,NA,NA,"",NA,NA,"05/14/18 15:56:00","01/18/08 15:40:00","R502331001","R5023310",NA,"NA"
"1064",161,"R5123310","PONS","LA SEUGNE",NA,NA,NA,882,"S",7007,NA,NA,63.1,109,139,"R5123310","","03/02/00 00:00:00",NA,NA,NA,"",NA,NA,"02/04/25 09:35:00","","R512331002","R5123310",NA,"NA"
"1065",163,"R5250010","SAINT SAVINIEN","LA CHARENTE",414529,6537759,315,7706,"S",7007,NA,NA,NA,NA,NA,"R5250010","","04/11/01 00:00:00",NA,NA,NA,"SAINT SAVINIEN",17397,32,"10/03/25 16:07:00","","R523001002","R5230010",NA,"NA"
"1066",164,"R6092910","LE VERT","LA BOUTONNE",NA,NA,NA,523,"S",7007,NA,NA,30.5,43.6,52.3,"R6092910"," Altitude : 35.03m","11/08/02 00:00:00",NA,NA,NA,"",NA,NA,"02/04/25 09:52:00","","R608001002","R6080010",NA,"NA"
"1067",165,"R6100010","NUAILLE SUR BOUTONNE","LA BOUTONNE",NA,NA,NA,NA,"S",7007,NA,NA,38.9,59.9,73.8,"NUAILLE","JAUGEAGE EN AMONT .500M PAR RAPPORT A LA STATION SPC BRAS PRINCIPAL / BRAS SECONDAIRE","04/30/07 00:00:00",10,NA,NA,"",NA,NA,"02/04/25 10:04:00","","R610001001","R6100010",NA,"NA"
"1068",166,"R6142910","TORXE","LA BOUTONNE",NA,NA,NA,1030,"S",7007,NA,NA,NA,NA,NA,"R6142910"," Altitude : 3.00m","11/12/02 00:00:00",NA,NA,NA,"",NA,NA,"05/14/18 16:05:00","","R614291002","R6142910",NA,"NA"
"1072",170,"R6180010","TONNAY-BOUTONNE","la boutonne",NA,NA,NA,NA,"S",7007,NA,NA,NA,NA,NA,"R6180010","JAUGEAGE - ADCP","03/19/07 00:00:00",0,NA,NA,"",NA,NA,"05/16/25 15:33:00","","R618001001","R6180010",NA,"NA"
"1078",177,"R4122510","SAINT FORT SUR LE NE","Le Né",NA,NA,NA,529,"S",7007,NA,NA,NA,NA,NA,"R4122510","STATION MISE HORS SERVICE LE 31/12/1992                                                   STATION DEPLACEE AUX PERCEPTIERS   
 Altitude : 18.00m    ","11/08/02 00:00:00",NA,NA,NA,"",NA,NA,"10/03/25 12:09:00","","R411001001","R4110010",NA,"NA"
"1082",181,"N4010620","SAINT MAIXENT L ECOLE","sèvre niortaise",450818,6592516,875.028,237.37,"S",7007,NA,NA,NA,NA,NA,"ST_MAIXENT","","11/14/23 15:46:00",0,NA,NA,"SAINT-MAIXENT-L'ÉCOLE",79270,5700,"10/03/25 12:10:00","11/14/23 15:41:00","N401061002","N4010610",NA,"NA"
"1083",182,"R0020010","SURIS ANCIENNE","Charente",NA,NA,637.748,110.59,"S",7007,NA,NA,NA,NA,NA,"SURIS_ANCI","","",0,NA,NA,"SURIS",16376,NA,"10/03/25 12:16:00","12/14/23 08:58:00","R002001001","R0020010",NA,"NA"
"1091",190,"R3214026","PRIGNAC","Antenne",439215,6530595,NA,217.49001,"S",7007,NA,NA,11.9,17.2,20.8,"R3214026","Hauteur muret entre Antenne et Briou estimé à 1,20 -1,30 m à l'échelle. Au-delà de cette hauteur, les deux rivières sont connectées. Le Briou peut se déverser dans l'Antenne avant d'avoir 1,20 m à l'échelle. Cette hauteur n'est pas déterminée, elle dépend uniquement de l'intensité de la crue sur le Briou. ","",NA,NA,NA,"PRIGNAC",17290,1721,"11/10/25 10:30:00","07/28/17 08:55:00","R321402601","R3214026",NA,"NA"
"1092",1,"A9372050","BLIESBRUCK PONT","BLIES",953.444,2468.475,983.2,1815,"S",367670,NA,NA,NA,NA,140,"BLIE1","Les PK ont été vérifiés en mars 2010 via la BD Carthage.
La superficie du Bassin Versant a été vérifié via l'outil décli,c compatible avec la BD Carthage, en mars 2010.","11/26/09 16:07:00",0,NA,NA,"",NA,NA,"08/27/24 16:40:00","","A937205050","A9372050",NA,"Sarre"
"1093",2,"A9402110","BOUSSEVILLER","HORN",974.826,2471.043,958.99,94.5,"S",367670,NA,NA,NA,NA,6.1,"BOUS","Les PK ont été vérifiés en mars 2010 via la BD Carthage.
La superficie du Bassin Versant a été vérifié via l'outil décli,c compatible avec la BD Carthage, en mars 2010.","11/26/09 16:08:00",0,NA,NA,"",NA,NA,"08/27/24 16:42:00","","A932215050","A9322150",NA,"Sarre"
"1094",4,"A9091060","DIEDENDORF","SARRE",946.096,2441.386,817.51,732.51001,"S",115680,7.34,1.58,111,167,204,"DIED","Les PK ont été vérifiés en mars 2010 via la BD Carthage.
La superficie du Bassin Versant a été vérifié via l'outil décli,c compatible avec la BD Carthage, en mars 2010.","11/26/09 16:09:00",0,NA,NA,"",NA,NA,"07/05/23 15:54:00","","A907105050","A9071050",NA,"Sarre"
"1095",5,"A9021040","HERMELANGE","SARRE",944.424,2419.333,780.99,185.75,"S",115680,1.45,0.282,16.8,22.9,26.9,"HERM","Les PK ont été vérifiés en mars 2010 via la BD Carthage.
La superficie du Bassin Versant a été vérifié via l'outil décli,c compatible avec la BD Carthage, en mars 2010.
Cette station correspond à la nouvelle station modernisée CPL. Cette station et l'ancienne station lmnimétrique A9021050 se trouvent quasiment au même endroit, la surperficie du BV ainsi que les coordonnées X,Y vérifiés n'ont pas été modifiés.","11/26/09 16:11:00",0,NA,NA,"",NA,NA,"07/05/23 15:43:00","","A902101050","A9021010",NA,"Sarre"
"1096",6,"A9091050","KESKASTEL","SARRE",944.301,2451.589,838.08,879.45001,"S",115680,8.92,1.65,110,161,195,"KESK","Le PK a été vérifié en mars 2010 via la BD Carthage.
La superficie du Bassin Versant a été vérifiée via l'outil déclic compatible avec la BD Carthage, en mars 2010.","11/26/09 16:12:00",0,NA,NA,"",NA,NA,"07/05/23 15:55:00","","A909106050","A9091060",NA,"Sarre"
"1097",7,"A9001050","LANEUVEVILLE-LES-LORQUINS","SARRE BLANCHE",944.169,2416.449,774.18,71.949997,"S",115680,1.21,0.296,7.52,11.8,14.6,"LANEUV","Les PK ont été vérifiés en mars 2010 via la BD Carthage.
La superficie du Bassin Versant a été vérifié via l'outil décli,c compatible avec la BD Carthage, en mars 2010.","11/26/09 16:13:00",0,NA,NA,"",NA,NA,"07/05/23 15:50:00","","A900105050","A9001050",NA,"Sarre"
"1098",8,"A9352050","OERMINGEN","EICHEL",950.77,2455.401,994.94,276.84,"S",367670,NA,0.378,NA,NA,81,"OERM","Les PK ont été vérifiés en mars 2010 via la BD Carthage.
La superficie du Bassin Versant a été vérifié via l'outil décli,c compatible avec la BD Carthage, en mars 2010.","11/26/09 16:15:00",0,NA,NA,"",NA,NA,"08/27/24 16:45:00","","A926000101","A9260001",NA,"Sarre"
"1099",9,"A9532005","FORBACH","ROSSELLE",929.751,2474.985,991.03,190,"S",367670,NA,NA,NA,NA,23,"FORB","Les PK ont été vérifiés en mars 2010 via la BD Carthage.
La superficie du Bassin Versant a été vérifié via l'outil décli,c compatible avec la BD Carthage, en mars 2010.","11/26/09 16:11:00",0,NA,NA,"",NA,NA,"08/27/24 16:46:00","","A953205050","A9532050",NA,"Sarre"
"1100",10,"A9072050","POSTROFF","ISCH",947.45,2438.45,997.18,146.64999,"S",115680,1.59,0.179,46.7,69.5,84.5,"POST","Les PK ont été vérifiés en mars 2010 via la BD Carthage.
La superficie du Bassin Versant a été vérifié via l'outil décli,c compatible avec la BD Carthage, en mars 2010.","12/10/09 14:20:00",0,NA,NA,"",NA,NA,"07/05/23 15:52:00","","A906215050","A9062150",NA,"Sarre"
"1101",14,"A9251050","SARREGUEMINES [WELFERDING]","SARRE ",943.615,2468.563,875.68,3740,"S",367670,NA,NA,NA,NA,NA,"WELFER","","12/18/98 00:00:00",10,NA,NA,"",NA,NA,"03/04/16 14:55:00","","A931109050","A9311090",NA,"Sarre"
"1102",16,"A9301010","WITTRING","SARRE",951.856,2461.35,860.66,1715.84,"S",367670,NA,NA,NA,NA,360,"WITT","Les PK ont été vérifiés en mars 2010 via la BD Carthage.
La superficie du Bassin Versant a été vérifié via l'outil décli,c compatible avec la BD Carthage, en mars 2010.","11/26/09 16:21:00",0,NA,NA,"",NA,NA,"08/27/24 16:39:00","","A930108040","A9301080",NA,"Sarre"
"1103",17,"A3750010","LAUTERBOURG","RHIN",1028.956,2455.984,349.7,49300,"S",115680,1190,568,3190,3780,4170,"LAUTER","Les PK ont été vérifiés en mars 2010 via la BD Carthage.
Le bassin versant n'a pas pu être vérifiévia l'outil déclic compatible avec la BD Carthag, c'est l'ancienne valeur issue de la banque Hydro II qui a été reprise.","11/26/09 16:13:00",0,NA,NA,"",NA,NA,"07/05/23 15:59:00","","A302009050","A3020090",NA,"Sarre"
"1104",135,"A9232010","DIEMERINGEN","EICHEL",955.401,2449.167,984.81,153.36,"S",367670,NA,NA,NA,NA,38,"DIEM","Les PK ont été vérifiés en mars 2010 via la BD Carthage.
La superficie du Bassin Versant a été vérifié via l'outil décli,c compatible avec la BD Carthage, en mars 2010.","11/26/09 16:10:00",0,NA,NA,"",NA,NA,"08/27/24 16:43:00","","A923205040","A9232050",NA,"Sarre"
"1105",169,"A9200100","SARRALBE [CENTRE]","SARRE",943.698,2455.499,847.41,1302.6,"S",115680,11.6,2.16,139,202,245,"SARRAL","Les PK ont été vérifiés en mars 2010 via la BD Carthage.
La superficie du Bassin Versant a été vérifié via l'outil décli,c compatible avec la BD Carthage, en mars 2010.","11/26/09 16:17:00",0,NA,NA,"SARRALBE",57,NA,"07/05/23 15:58:00","08/31/04 16:16:00","A920107050","A9201070",NA,"Sarre"
"1106",189,"A9311050","SARREGUEMINES [CENTRE]","SARRE",945.691,2467.564,871.05,1780,"S",367670,NA,NA,NA,NA,NA,"SARREG","Station CPL crée en 2006.
Premiers jaugeages éffectués en 2007.
Les PK ont été vérifiés en mars 2010 via la BD Carthage.
La superficie du Bassin Versant a été vérifié via l'outil décli,c compatible avec la BD Carthage, en mars 2010.","03/16/10 10:00:00",0,NA,NA,"SARREGUEMINES",57210,NA,"08/03/20 17:55:00","12/12/07 10:22:00","A931108060","A9311080",NA,"Sarre"
"1107",308,"A0610030","STRASBOURG [SÉMAPHORE NORD]","Rhin",1003.063,2413.336,293.99,39650,"S",367670,NA,NA,NA,NA,NA,"STRAS","Les PK ont été vérifiés en mars 2010 via la BD Carthage.
Le bassin versant n'a pas pu être vérifiévia l'outil déclic compatible avec la BD Carthag, c'est l'ancienne valeur issue de la banque Hydro II qui a été reprise.","",0,NA,NA,"STRASBOURG [SEMAPHORE NORD]",NA,NA,"08/03/20 17:55:00","03/16/10 09:14:00","A061005051","A0610050",NA,"Sarre"
"1108",11,"A9192060","SARRALBE [EICH]","ALBE",942.681,2454.562,999.997,408.89001,"S",115680,3.22,0.229,39.1,59.8,73.5,"EICH","Les PK ont été vérifiés en mars 2010 via la BD Carthage.
La superficie du Bassin Versant a été vérifié via l'outil décli,c compatible avec la BD Carthage, en mars 2010.","11/26/09 16:16:00",0,NA,NA,"",NA,NA,"07/05/23 15:56:00","","A919205050","A9192050",NA,"Sarre"
"1109",310,"A9425050","BLIESBRUCK_HS","BLIES",953.43,2468.47,982.3,1930,"S",367670,NA,NA,137,209,257,"A9425050","","12/11/98 00:00:00",10,NA,NA,"",NA,NA,"03/05/24 16:40:00","","A937205040","A9372050",NA,"Sarre"
"1111",13,"A9013050","VASPERVILLER","SARRE ROUGE",948.357,2415.084,995.45,89.5,"S",115680,1.45,0.524,8.22,13.7,17.4,"VASP","Les PK ont été vérifiés en mars 2010 via la BD Carthage.
La superficie du Bassin Versant a été vérifié via l'outil décli,c compatible avec la BD Carthage, en mars 2010.","11/26/09 16:21:00",0,NA,NA,"",NA,NA,"07/05/23 15:48:00","","A901305050","A9013050",NA,"Sarre"
"1112",309,"A9021050","HERMELANGE","SARRE",944.424,2419.333,780.99,185.75,"S",367670,NA,NA,NA,NA,NA,"HERMLIMNI","Les PK ont été vérifiés en mars 2010 via la BD Carthage.
La superficie du Bassin Versant a été vérifié via l'outil décli,c compatible avec la BD Carthage, en mars 2010.
Cette station correspond à l'ancienne station limnimétrique se trouvant à l'aval du seuil formé par le radier du pont.","12/18/98 00:00:00",0,NA,NA,"",NA,NA,"01/31/22 10:25:00","","A902101060","A9021010",NA,"Sarre"
"1113",315,"A9372060","BLIESBRUCK TYROLIENNE","BLIES",953.444,2468.475,983.2,1815,"S",367670,NA,NA,NA,NA,NA,"BLI2","Nouvelle station au niveau du terrain de foot.","",0,NA,NA,"",NA,NA,"02/16/16 16:09:00","03/27/15 11:36:00","A937205051","A9372050",NA,"Sarre"
"1114",316,"A9021021","IMLING","RUISSEAU",944600,2422564,NA,NA,"S",115680,NA,NA,NA,NA,NA,"IMLI","STATION EN PHASE DE TEST POUR PRENDRE EN COMPTE L'APPORT DU RUISSEAU QUI SE JETTE DANS LA SARRE ENTRE HERMELANGE ET SARREBOURG ","",10,NA,NA,"",NA,NA,"07/05/23 14:59:00","09/25/15 10:17:00","A902102101","A9021021",NA,"Sarre"
"1115",19,"A9021010","SARREBOURG ","SARRE",946.662,2425.803,788.5,310.89999,"S",115680,2.91,0.305,31.9,45.7,54.8,"SARREB","Les PK ont été vérifiés en mars 2010 via la BD Carthage.
La superficie du Bassin Versant a été vérifié via l'outil décli,c compatible avec la BD Carthage, en mars 2010.","11/26/09 16:18:00",0,NA,NA,"",NA,NA,"07/05/23 15:46:00","","A902102050","A9021020",NA,"Sarre"
"1116",12,"A9221010","SARREINSMING","SARRE",948.468,2464.885,868.174,1760,"S",367670,NA,NA,NA,NA,NA,"SARREI","Les PK ont été vérifiés en mars 2010 via la BD Carthage.
La superficie du Bassin Versant a été vérifié via l'outil décli,c compatible avec la BD Carthage, en mars 2010.","11/26/09 16:20:00",0,NA,NA,"",NA,NA,"03/04/16 10:47:00","","A931108050","A9311080",NA,"Sarre"
"1118",318,"A9532010","FORBACH HS","Rosselle",NA,NA,NA,NA,"S",367670,NA,NA,NA,NA,NA,"FORBACH HS","","",0,NA,NA,"",NA,19300,"11/20/23 16:04:00","04/20/20 17:20:00","A953205060","A9532050",NA,"Sarre"
