"","CdStationHydro","CdStationHydroAncienRef","LbStationHydro","TypStationHydro","DtMiseServiceStationHydro","DtFermetureStationHydro","ProjCoordStationHydro","CoordXStationHydro","CoordYStationHydro","NomIntervenant","LbAffichageStationHydro"
"1","A022020001","A0220200","L'Augraben à Hégenheim","STD","1993-01-25 00:00:00+01",NA,"26",1040359,6727986,"DREAL Grand Est - UH Rhin-Sarre","Vigicrues/HydroPortail/Hydro 2"
"2","A022065001","A0220650","Le ruisseau le Liesbach à Blotzheim","STD","1993-01-25 00:00:00+01","1996-04-12 12:00:00+02","26",1038650,6730460,"DREAL Grand Est - UH Rhin-Sarre","HydroPortail/Hydro 2"
"3","A023010001","A0220570","[Le Liesbach] à Saint-Louis [Langenhaeuser]","STD","1993-04-02 00:00:00+02","1996-04-12 12:00:00+02","26",1041333,6732404,"DREAL Grand Est - UH Rhin-Sarre","HydroPortail/Hydro 2"
"4","A023020001","A0230201","Le ruisseau l'Augraben à Saint-Louis [Michelfelden]","STD","1993-02-04 00:00:00+01","1996-04-12 12:00:00+02","26",1042215,6731721,"DREAL Grand Est - UH Rhin-Sarre","HydroPortail/Hydro 2"
"5","A023020101","A0230200","Le ruisseau l'Augraben à Bartenheim [La Chaussée]","STD","1993-01-11 00:00:00+01","1997-10-14 16:00:00+02","26",1038775,6736213,"DREAL Grand Est - UH Rhin-Sarre","HydroPortail/Hydro 2"
"6","A024000101",NA,"[bassin contre coulées de boues] à Helfrantzkirch","H","2007-01-01 00:00:00+01",NA,"26",1030654,6731792,"Conseil Général du Haut-Rhin","HydroPortail"
"7","A026000101",NA,"[bassin contre coulées de boues] à Steinbrunn-le-Haut","H","2007-01-01 00:00:00+01",NA,"26",1025319,6737724,"Conseil Général du Haut-Rhin","HydroPortail"
"8","A026000201",NA,"Le ruisseau Weiherbachgraben [bassin contre coulées de boues] à Landser","H","2007-01-01 00:00:00+01",NA,"26",1028092,6740588,"Conseil Général du Haut-Rhin","HydroPortail"
"9","A034002201","A0340020","Le canal du Rhône au Rhin à Sausheim","STD","1997-12-09 00:00:00+01","2001-10-31 12:00:00+01","26",1029454,6752438,"DREAL Grand Est - UH Rhin-Sarre","HydroPortail/Hydro 2"
"10","A034030201","A0340300","Le canal d'irrigation de la Hardt à Hombourg","STD","1998-04-06 00:00:00+02","2001-10-31 14:30:00+01","26",1035523,6749337,"DREAL Grand Est - UH Rhin-Sarre","HydroPortail/Hydro 2"
"11","A034030301",NA,"Le canal du Rhône au Rhin [canal dit ""déclassé""] à Hirtzfelden","STD","2007-01-01 00:00:00+01",NA,"26",1033300,6764916,"Conseil Général du Haut-Rhin","HydroPortail"
"12","A034030401",NA,"Le canal du Rhône au Rhin [canal dit ""déclassé""] à Obersaasheim","STD","2007-01-01 00:00:00+01",NA,"26",1036589,6775370,"Conseil Général du Haut-Rhin","HydroPortail"
"13","A041030001","A0410300","Le ruisseau le Muhlbach de Schoenau à Schœnau [Ried]","STD","2004-07-08 00:00:00+02",NA,"26",1044986.4133483,6801429.4587658,"DREAL Grand Est - UH Rhin-Sarre","HydroPortail/Hydro 2"
"14","A041030101","A0410301","Le ruisseau le Muhlbach de Schoenau à Baltzenheim","STD","2007-07-16 00:00:00+02","2019-03-20 00:00:00+01","26",1039098,6787213,"DREAL Grand Est - UH Rhin-Sarre","HydroPortail/Hydro 2"
"15","A043030001","A0430310","Le ruisseau l'Ischert à Sundhouse","STD","2004-03-25 00:00:00+01","2006-07-08 00:00:00+02","26",1044866,6806406,"DREAL Grand Est - UH Rhin-Sarre","HydroPortail/Hydro 2"
"16","A052033001","A0430311","Le ruisseau le Neuergraben à Diebolsheim","STD","2005-03-30 00:00:00+02","2017-09-08 00:00:00+02","26",1045871,6809037,"DREAL Grand Est - UH Rhin-Sarre","HydroPortail/Hydro 2"
"17","A052034001","A0520033","Le ruisseau le Neuergraben à Boofzheim","STD","2005-04-07 00:00:00+02","2015-06-22 13:36:00+02","26",1047767,6813262,"DREAL Grand Est - UH Rhin-Sarre","HydroPortail/Hydro 2"
"18","A052055001","A0530310","Le ruisseau Istergraben à Friesenheim","STD","2004-10-20 00:00:00+02","2009-06-01 00:00:00+02","26",1046568,6811381,"DREAL Grand Est - UH Rhin-Sarre","HydroPortail/Hydro 2"
"19","A053031001","A0520031","Le ruisseau Muhlbach de Gerstheim à Gerstheim [Les Anges]","STD","2006-05-01 00:00:00+02","2013-04-09 12:00:00+02","26",1048529,6820935,"DREAL Grand Est - UH Rhin-Sarre","HydroPortail/Hydro 2"
"20","A053074001","A0530750","Le ruisseau la Weil à Obenheim","STD","2004-05-06 00:00:00+02","2019-04-23 10:00:00+02","26",1046898,6817866,"DREAL Grand Est - UH Rhin-Sarre","HydroPortail/Hydro 2"
"21","A053074201",NA,"Le ruisseau le Heulachgraben [cours d'eau phréatique] à Friesenheim [Ried] - Zelsheim [Ried]","STD","2021-05-06 13:10:00+02",NA,"26",1044969,6809701,"DREAL Grand Est - UH Rhin-Sarre","HydroPortail"
"22","A060005101","A0610010","Le Rhin à Strasbourg [Pont de l'Europe]","STD","1969-01-01 00:00:00+01","1973-12-31 00:00:00+01","26",1053970,6835784,"Electricité de France (EDF)","HydroPortail/Hydro 2"
"23","A061005050","A0610020","Le Rhin à Strasbourg [Sémaphore nord] - Débitmètre fermé","DEB","2002-10-24 00:00:00+02","2013-01-01 00:00:00+01","26",1053972,6843250,"DREAL Grand Est - UH Rhin-Sarre","HydroPortail/Hydro 2"
"24","A061005051","A0610030","Le Rhin à Strasbourg [Sémaphore nord] - Limnimètre","STD","2013-01-01 00:00:00+01",NA,"26",1053972,6843250,"DREAL Grand Est - UH Rhin-Sarre","Vigicrues/HydroPortail/Hydro 2"
"25","A100003001","A1000030","L'Ill à Oltingue [Pont D 21b]","STD","2006-09-07 00:00:00+02",NA,"26",1030618,6718946,"DREAL Grand Est - UH Rhin-Sarre","Vigicrues/HydroPortail/Hydro 2"
"26","A100003101","A1000310","L'Ill à Oltingue [Huttingue - fermée]","STD","1968-01-01 00:00:00+01","1975-01-01 00:00:00+01","26",1030078,6717796,"DREAL Grand Est - UH Rhin-Sarre","HydroPortail/Hydro 2"
"27","A100003201","A1000370","Le ruisseau le Rainbach [Source] à Ligsdorf - source","STD","2019-01-01 00:00:00+01","2019-01-02 00:00:00+01","26",1023510,6715435,"DREAL Grand Est - UH Rhin-Sarre","HydroPortail/Hydro 2"
"28","A104003001","A1037910","Le ruisseau le Feldbach à Hirsingue","STD","1968-01-01 00:00:00+01","1975-01-01 00:00:00+01","26",1019559,6729707,"DREAL Grand Est - UH Rhin-Sarre","HydroPortail/Hydro 2"
"29","A105003001","A1050310","L'Ill à Altkirch","STD","1962-11-20 00:00:00+01",NA,"26",1018209,6733620,"DREAL Grand Est - UH Rhin-Sarre","Vigicrues/HydroPortail/Hydro 2"
"30","A106000101",NA,"Le Thalbach à Berentzwiller","STD","2007-01-01 00:00:00+01",NA,"26",1029337,6729755,"Conseil Général du Haut-Rhin","HydroPortail"
"31","A107020001","A1072010","Le Thalbach à Wittersdorf","STD","1980-11-14 00:00:00+01",NA,"26",1020961,6733351,"DREAL Grand Est - UH Rhin-Sarre","Vigicrues/HydroPortail/Hydro 2"
"32","A108003001","A1050320","L'Ill à Tagolsheim","STD","1969-01-01 00:00:00+01","1998-01-01 12:00:00+01","26",1020023,6736670,"DREAL Grand Est - UH Rhin-Sarre","HydroPortail/Hydro 2"
"33","A110020001","A1102010","La Largue à Courtavon","STD","1971-04-01 00:00:00+01","1981-10-01 12:00:00+01","26",1016077,6715261,"DREAL Grand Est - UH Rhin-Sarre","HydroPortail/Hydro 2"
"34","A112010001","A1122020","La Largue à Friesen","STD","1969-01-01 00:00:00+01",NA,"26",1012270,6726419,"DREAL Grand Est - UH Rhin-Sarre","HydroPortail/Hydro 2"
"35","A112010002","A1120100","La Largue à Friesen - Pont RD 17","STD","2011-06-28 00:00:00+02",NA,"26",1012516,6726213,"DREAL Grand Est - UH Rhin-Sarre","Vigicrues/HydroPortail/Hydro 2"
"36","A112020001","A1122010","La Largue à Dannemarie","STD","1962-10-09 00:00:00+01","2008-01-10 11:20:00+01","26",1008381,6733721,"DREAL Grand Est - UH Rhin-Sarre","HydroPortail/Hydro 2"
"37","A112062201","A1126210","Le canal du Rhône au Rhin à Valdieu-Lutran","STD","1962-12-18 00:00:00+01","1998-01-01 16:00:00+01","26",1004549,6733382,"DREAL Grand Est - UH Rhin-Sarre","HydroPortail/Hydro 2"
"38","A113030001","A1133011","Le Traubach à Traubach-le-Bas - Ancienne","STD","1984-08-31 00:00:00+02","2001-03-20 10:30:00+01","26",1007969,6736281,"DREAL Grand Est - UH Rhin-Sarre","HydroPortail/Hydro 2"
"39","A113030002","A1133010","Le Traubach à Traubach-le-Bas","STD","2014-03-24 00:00:00+01",NA,"26",1007969,6736281,"Conseil Général du Haut-Rhin","Vigicrues/HydroPortail/Hydro 2"
"40","A115020001","A1150200","La Largue à Spechbach-le-Bas","STD","2000-10-26 00:00:00+02",NA,"26",1016813,6737561,"DREAL Grand Est - UH Rhin-Sarre","Vigicrues/HydroPortail/Hydro 2"
"41","A115084001","A1152010","La Largue à Illfurth","STD","1969-08-01 00:00:00+01","2001-01-09 11:30:00+01","26",1018488,6738790,"DREAL Grand Est - UH Rhin-Sarre","HydroPortail/Hydro 2"
"42","A116003001","A1080320","L'Ill à Mulhouse - Illberg","STD","1958-10-16 00:00:00+01","1974-01-02 15:35:00+01","26",1023817,6746081,"DREAL Grand Est - UH Rhin-Sarre","HydroPortail/Hydro 2"
"43","A116003002","A1080330","L'Ill à Didenheim","STD","1973-10-04 00:00:00+01",NA,"26",1022732,6744066,"DREAL Grand Est - UH Rhin-Sarre","Vigicrues/HydroPortail/Hydro 2"
"44","A116003003",NA,"L'Ill à Brunstatt","STD","2007-01-01 00:00:00+01",NA,"26",1023619,6745633,"Conseil Général du Haut-Rhin","HydroPortail"
"45","A116003004",NA,"L'Ill à Brunstatt - Passerelle collège Pflimlin","STD","2021-10-12 14:00:00+02",NA,"26",1023275.7546052,6745341.7490288,"DREAL Grand Est - UH Rhin-Sarre","Vigicrues/HydroPortail"
"46","A116003101",NA,"L'Ancienne Ill (ou Illsteinbaechlein) à Illzach","STD","2007-01-01 00:00:00+01",NA,"26",1025722,6749572,"Conseil Général du Haut-Rhin","HydroPortail"
"47","A120020001","A1207510","Le ruisseau de l'Alfeld à Sewen [Village]","STD","1962-12-01 00:00:00+01","1974-11-01 12:00:00+01","26",992265,6752391,"DREAL Grand Est - UH Rhin-Sarre","HydroPortail/Hydro 2"
"48","A120020101","A1204410","La Doller à Sewen [Lerchenmatt]","STD","1962-01-01 00:00:00+01","1985-01-01 12:00:00+01","26",990928,6751578,"DREAL Grand Est - UH Rhin-Sarre","HydroPortail/Hydro 2"
"49","A120020201","A1202010","La Doller à Sewen [Lerchenmatt amont]","STD","1962-01-01 00:00:00+01","1981-10-19 00:00:00+01","26",991007,6751632,"DREAL Grand Est - UH Rhin-Sarre","HydroPortail/Hydro 2"
"50","A120020301","A1202020","La Doller à Sewen [Lerchenmatt aval] - Ancienne","STD","1961-11-30 00:00:00+01","1991-11-11 12:00:00+01","26",991471,6751794,"DREAL Grand Est - UH Rhin-Sarre","HydroPortail/Hydro 2"
"51","A120020302","A1202050","La Doller à Sewen [Lerchenmatt aval]","STD","1991-10-15 00:00:00+01",NA,"26",991035,6751648,"DREAL Grand Est - UH Rhin-Sarre","Vigicrues/HydroPortail/Hydro 2"
"52","A120020501","A1202030","La Doller à Sewen [Village]","STD","1959-01-01 00:00:00+01","1999-04-27 12:00:00+02","26",992358,6752380,"DREAL Grand Est - UH Rhin-Sarre","HydroPortail/Hydro 2"
"53","A120050001","A1205010","Le ruisseau de l'Alfeld à Sewen [Lac d'Alfeld]","STD","1968-12-01 00:00:00+01","1972-01-01 12:00:00+01","26",989831,6753446,"DREAL Grand Est - UH Rhin-Sarre","HydroPortail/Hydro 2"
"54","A121000101","A1210205","La Doller à Kirchberg","STD","2007-01-01 00:00:00+01",NA,"26",996470,6751075,"Conseil Général du Haut-Rhin","Vigicrues/HydroPortail/Hydro 2"
"55","A122069001","A1226910","Le ruisseau le Bourbach à Bourbach-le-Bas","STD","1965-12-21 00:00:00+01","1983-06-14 12:00:00+02","26",1003828,6749464,"DREAL Grand Est - UH Rhin-Sarre","HydroPortail/Hydro 2"
"56","A122201001","A1222010","La Doller à Masevaux","STD","1962-11-21 00:00:00+01","1999-08-09 09:30:00+02","26",999696,6748817,"DREAL Grand Est - UH Rhin-Sarre","HydroPortail/Hydro 2"
"57","A122201002","A1222020","La Doller à Lauw","STD","1999-07-22 00:00:00+02","2007-01-04 10:20:00+01","26",1000098,6748166,"DREAL Grand Est - UH Rhin-Sarre","HydroPortail/Hydro 2"
"58","A123050001","A1235010","Le ruisseau le Michelbach à Michelbach","STD","1965-12-21 00:00:00+01","1983-10-08 12:00:00+01","26",1007517,6748070,"DREAL Grand Est - UH Rhin-Sarre","HydroPortail/Hydro 2"
"59","A124020001","A1243610","[Le canal Walch] à Burnhaupt-le-Haut [Pont d'Aspach]","STD","1962-01-01 00:00:00+01","1970-08-01 12:00:00+01","26",1010840,6746365,"DREAL Grand Est - UH Rhin-Sarre","HydroPortail/Hydro 2"
"60","A124020101","A1242010","La Doller à Burnhaupt-le-Haut [Pont d'Aspach]","STD","1962-11-30 00:00:00+01",NA,"26",1010693,6746306,"DREAL Grand Est - UH Rhin-Sarre","Vigicrues/HydroPortail/Hydro 2"
"61","A124052001","A1245210","Le ruisseau le Baerenbach à Schweighouse-Thann","STD","1971-06-30 00:00:00+01","1979-02-03 12:00:00+01","26",1012452,6747657,"DREAL Grand Est - UH Rhin-Sarre","HydroPortail/Hydro 2"
"62","A125020001","A1252010","La Doller à Reiningue","STD","1967-11-22 00:00:00+01",NA,"26",1016998,6746841,"DREAL Grand Est - UH Rhin-Sarre","Vigicrues/HydroPortail/Hydro 2"
"63","A125020101","A1252050","Le ruisseau le Dollerbaechlein à Pfastatt","STD","1977-09-20 00:00:00+02","1987-11-12 12:00:00+01","26",1022247,6748530,"DREAL Grand Est - UH Rhin-Sarre","HydroPortail/Hydro 2"
"64","A125020201","A1256410","La Doller à Burnhaupt-le-Haut","STD","1971-09-28 00:00:00+01","1988-02-13 12:00:00+01","26",1018611,6747119,"DREAL Grand Est - UH Rhin-Sarre","HydroPortail/Hydro 2"
"65","A125053101","A1255310","Le ruisseau le Steinbaechel à Mulhouse [Dornach Mer Rouge]","STD","1967-03-01 00:00:00+01","1977-09-01 12:00:00+02","26",1022190,6747297,"DREAL Grand Est - UH Rhin-Sarre","HydroPortail/Hydro 2"
"66","A125053201","A1255320","Le ruisseau le Steinbaechel à Morschwiller-le-Bas","STD","1977-08-01 00:00:00+02","1985-11-01 12:00:00+01","26",1021147,6746446,"DREAL Grand Est - UH Rhin-Sarre","HydroPortail/Hydro 2"
"67","A130000101","A1300300","L'Ill à Sausheim","STD","2014-01-01 00:00:00+01",NA,"26",1025952,6750794,"Conseil Général du Haut-Rhin","Vigicrues/HydroPortail/Hydro 2"
"68","A132030201","A1313030","Le ruisseau le Dollerbaechlein à Reiningue","STD","1977-06-01 00:00:00+02","1980-03-01 12:00:00+01","26",1018647,6747235,"DREAL Grand Est - UH Rhin-Sarre","HydroPortail/Hydro 2"
"69","A133003001","A1310310","L'Ill à Ensisheim","STD","1957-01-16 00:00:00+01",NA,"26",1024938,6760781,"DREAL Grand Est - UH Rhin-Sarre","Vigicrues/HydroPortail/Hydro 2"
"70","A133043101","A1160552","Le ruisseau Quatelbach à Mulhouse","STD","1998-04-30 00:00:00+02","2001-10-31 17:50:00+01","26",1026153,6749233,"DREAL Grand Est - UH Rhin-Sarre","HydroPortail/Hydro 2"
"71","A133043201","A1304320","Le ruisseau Quatelbach à Sausheim","STD","1981-05-27 00:00:00+02","2001-10-31 23:30:00+01","26",1027512,6752426,"DREAL Grand Est - UH Rhin-Sarre","HydroPortail/Hydro 2"
"72","A133043301",NA,"Le ruisseau Quatelbach à Illzach","STD","2007-01-01 00:00:00+01",NA,"26",1026196,6750038,"Conseil Général du Haut-Rhin","HydroPortail"
"73","A140020001","A1402030","La Thur à Kruth [point IV]","STD","1964-05-19 00:00:00+01","1999-01-01 08:30:00+01","26",995254,6767776,"DREAL Grand Est - UH Rhin-Sarre","HydroPortail/Hydro 2"
"74","A140020002","A1402010","La Thur à Kruth [point IV] - 1","STD","1957-05-01 00:00:00+01","1961-03-01 12:00:00+01","26",995262,6767766,"DREAL Grand Est - UH Rhin-Sarre","HydroPortail/Hydro 2"
"75","A140202001","A1402020","La Thur à Wildenstein","STD","1979-10-16 00:00:00+01",NA,"26",995398,6771431,"DREAL Grand Est - UH Rhin-Sarre","Vigicrues/HydroPortail/Hydro 2"
"76","A142035101","A1424010","Le ruisseau Rimbachruntz à Mollau","STD","1977-03-01 00:00:00+01","1985-03-01 12:00:00+01","26",996821,6759846,"DREAL Grand Est - UH Rhin-Sarre","HydroPortail/Hydro 2"
"77","A143020001","A1432000","La Thur à Willer-sur-Thur","STD","1952-10-27 00:00:00+01","1966-05-27 10:00:00+01","26",1004411,6756861,"DREAL Grand Est - UH Rhin-Sarre","HydroPortail/Hydro 2"
"78","A143020002","A1432010","La Thur à Willer-sur-Thur","STD","1966-05-27 00:00:00+01",NA,"26",1004411,6756861,"DREAL Grand Est - UH Rhin-Sarre","Vigicrues/HydroPortail/Hydro 2"
"79","A143069001","A1436910","Le ruisseau Wissbach à Willer-sur-Thur","STD","1979-11-09 00:00:00+01","2001-06-05 10:50:00+02","26",1004986,6758006,"DREAL Grand Est - UH Rhin-Sarre","HydroPortail/Hydro 2"
"80","A146020001","A1462010","La Thur à Ensisheim","STD","1957-01-01 12:00:00+01","1976-08-10 12:00:00+02","26",1024077,6760919,"DREAL Grand Est - UH Rhin-Sarre","HydroPortail/Hydro 2"
"81","A146020101","A1462030","La Thur à Ensisheim [2]","STD","1977-07-19 00:00:00+02","1989-01-01 12:00:00+01","26",1023253,6759939,"DREAL Grand Est - UH Rhin-Sarre","HydroPortail/Hydro 2"
"82","A146020301","A1462020","La Thur à Staffelfelden","STD","1974-12-17 00:00:00+01","2001-06-26 11:30:00+02","26",1018922,6756028,"DREAL Grand Est - UH Rhin-Sarre","HydroPortail/Hydro 2"
"83","A146020302","A1462050","La Thur à Pulversheim","STD","2001-09-27 00:00:00+02",NA,"26",1020463,6757852,"DREAL Grand Est - UH Rhin-Sarre","Vigicrues/HydroPortail/Hydro 2"
"84","A147003001","A1320310","L'Ill à Oberhergheim","STD","1970-12-02 00:00:00+01","2000-10-13 08:40:00+02","26",1028074,6772167,"DREAL Grand Est - UH Rhin-Sarre","HydroPortail/Hydro 2"
"85","A147003101","A1340310","L'Ill à Horbourg-Wihr [Pont de Horbourg]","STD","1957-05-01 00:00:00+01","1985-09-01 12:00:00+02","26",1027114,6783738,"DREAL Grand Est - UH Rhin-Sarre","HydroPortail/Hydro 2"
"86","A147004001","A1470030","L'Ill à Sundhoffen","STD","1997-10-29 00:00:00+01",NA,"26",1029049,6780467,"DREAL Grand Est - UH Rhin-Sarre","Vigicrues/HydroPortail/Hydro 2"
"87","A147004101",NA,"L'Ill à Meyenheim","STD","2019-10-14 00:00:00+02",NA,"26",1025525,6765970,"DREAL Grand Est - UH Rhin-Sarre","Vigicrues/HydroPortail"
"88","A150020001","A1502040","La Lauch à Linthal - Saegmatten","STD","1975-06-12 00:00:00+01",NA,"26",1006556,6768117,"DREAL Grand Est - UH Rhin-Sarre","Vigicrues/HydroPortail/Hydro 2"
"89","A150020002","A1502030","La Lauch à Linthal - Saegmatten [Ancienne]","STD","1951-01-01 00:00:00+01","1972-01-01 12:00:00+01","26",1006345,6767978,"DREAL Grand Est - UH Rhin-Sarre","HydroPortail/Hydro 2"
"90","A150020003","A1502020","La Lauch à Linthal - Schmeitzruntz","STD","1961-05-01 00:00:00+01","1978-01-01 12:00:00+01","26",1005433,6767483,"DREAL Grand Est - UH Rhin-Sarre","HydroPortail/Hydro 2"
"91","A150020101","A1502010","La Lauch à Linthal [Lac de la Lauch]","STD","1960-05-01 00:00:00+01","1973-03-01 12:00:00+01","26",1001973,6767139,"DREAL Grand Est - UH Rhin-Sarre","HydroPortail/Hydro 2"
"92","A150066001","A1506610","La Lauch à Linthal [Schmeitzruntz]","STD","1960-05-01 00:00:00+01","1970-01-01 12:00:00+01","26",1005752,6767564,"DREAL Grand Est - UH Rhin-Sarre","HydroPortail/Hydro 2"
"93","A151020001","A1512010","La Lauch à Buhl","STD","1965-01-01 00:00:00+01","1978-01-01 12:00:00+01","26",1013417,6766335,"DREAL Grand Est - UH Rhin-Sarre","HydroPortail/Hydro 2"
"94","A151058001","A1515810","Le ruisseau de Murbach à Buhl","STD","1965-01-01 00:00:00+01","1978-01-01 12:00:00+01","26",1011884,6766244,"DREAL Grand Est - UH Rhin-Sarre","HydroPortail/Hydro 2"
"95","A152020001","A1522020","La Lauch à Guebwiller","STD","1975-10-16 00:00:00+01",NA,"26",1014510,6765133,"DREAL Grand Est - UH Rhin-Sarre","Vigicrues/HydroPortail/Hydro 2"
"96","A153030001","A1554010","Le ruisseau l'Ohmbach à Westhalten [1]","STD","1972-09-14 00:00:00+01","1977-09-15 12:00:00+02","26",1017830,6770064,"DREAL Grand Est - UH Rhin-Sarre","HydroPortail/Hydro 2"
"97","A153030002","A1554020","Le ruisseau l'Ohmbach à Westhalten [1] - 2","STD","1977-09-15 00:00:00+02","1994-05-03 12:00:00+02","26",1018409,6769814,"DREAL Grand Est - UH Rhin-Sarre","HydroPortail/Hydro 2"
"98","A153030003","A1554030","Le ruisseau l'Ohmbach à Westhalten [1] - 3","STD","1996-10-24 00:00:00+02","2001-01-16 10:40:00+01","26",1017830,6770064,"DREAL Grand Est - UH Rhin-Sarre","HydroPortail/Hydro 2"
"99","A156020001","A1552020","La Lauch à Eguisheim","STD","1971-03-29 00:00:00+01","1992-05-05 12:00:00+02","26",1023843,6779360,"DREAL Grand Est - UH Rhin-Sarre","HydroPortail/Hydro 2"
"100","A156020101","A1560205","La Lauch à Rouffach","STD","2014-03-18 00:00:00+01",NA,"26",1021541,6771000,"Conseil Général du Haut-Rhin","Vigicrues/HydroPortail/Hydro 2"
"101","A157022201","A1572220","La Vieille Thur à Sainte-Croix-en-Plaine","STD","1969-12-01 00:00:00+01","1986-03-01 12:00:00+01","26",1024375,6779020,"DREAL Grand Est - UH Rhin-Sarre","HydroPortail/Hydro 2"
"102","A157022301","A1572210","La Vieille Thur à Réguisheim","STD","1965-08-01 00:00:00+01","1975-09-01 12:00:00+01","26",1023668,6764426,"DREAL Grand Est - UH Rhin-Sarre","HydroPortail/Hydro 2"
"103","A157022401","A1562210","La Vieille Thur à Ungersheim","STD","1975-09-15 00:00:00+01","2001-01-12 13:05:00+01","26",1022227,6759742,"DREAL Grand Est - UH Rhin-Sarre","HydroPortail/Hydro 2"
"104","A158020101","A1583010","La Lauch à Colmar [Dachsbuhl]","STD","1963-03-01 00:00:00+01","1988-11-09 12:00:00+01","26",1026183,6782305,"DREAL Grand Est - UH Rhin-Sarre","HydroPortail/Hydro 2"
"105","A160095201","A1599510","Le ruisseau de Logelbach à Turckheim","STD","1964-01-01 00:00:00+01","1995-01-01 12:00:00+01","26",1017157,6784467,"DREAL Grand Est - UH Rhin-Sarre","HydroPortail/Hydro 2"
"106","A161003001","A1350310","L'Ill à Colmar [Ladhof]","STD","1958-11-10 00:00:00+01",NA,"26",1026230,6787078,"DREAL Grand Est - UH Rhin-Sarre","Vigicrues/HydroPortail/Hydro 2"
"107","A200000101","A2012005","La Fecht [Source] à Mittlach - source","STD","1911-11-11 00:00:00+00","1911-11-12 00:00:00+00","26",999960,6773984,"DREAL Grand Est - UH Rhin-Sarre","HydroPortail/Hydro 2"
"108","A201010001","A2012020","La Fecht à Muhlbach-sur-Munster","STD","1978-09-01 00:00:00+02",NA,"26",1004799,6777234,"DREAL Grand Est - UH Rhin-Sarre","Vigicrues/HydroPortail/Hydro 2"
"109","A201010101","A2012010","La Fecht à Metzeral","STD","1976-08-01 00:00:00+02","1979-01-01 12:00:00+01","26",1003492,6776007,"DREAL Grand Est - UH Rhin-Sarre","HydroPortail/Hydro 2"
"110","A202030001","A2023030","La Petite Fecht à Stosswihr [Village]","STD","1976-08-27 00:00:00+02",NA,"26",1006144,6780352,"DREAL Grand Est - UH Rhin-Sarre","Vigicrues/HydroPortail/Hydro 2"
"111","A202030101","A2023010","Le ruisseau de la Schlucht à Stosswihr [Sofflat]","STD","1969-11-01 00:00:00+01","1977-05-01 12:00:00+02","26",1001132,6779996,"DREAL Grand Est - UH Rhin-Sarre","HydroPortail/Hydro 2"
"112","A202030201","A2023020","La Petite Fecht à Stosswihr [Grossmatt]","STD","1969-11-01 00:00:00+01","1975-09-01 12:00:00+01","26",1002738,6780446,"DREAL Grand Est - UH Rhin-Sarre","HydroPortail/Hydro 2"
"113","A203053001","A2035310","Le ruisseau le Krebsbach à Soultzbach-les-Bains","STD","1976-08-19 00:00:00+02","2000-05-02 10:30:00+02","26",1012998,6779749,"DREAL Grand Est - UH Rhin-Sarre","HydroPortail/Hydro 2"
"114","A204010001","A2040100","La Fecht à Turckheim","STD","1993-10-23 00:00:00+01",NA,"26",1018059,6784718,"DREAL Grand Est - UH Rhin-Sarre","HydroPortail/Hydro 2"
"115","A204010101","A2042010","La Fecht à Wintzenheim [La Forge]","STD","1955-10-06 00:00:00+01","2007-01-09 09:15:00+01","26",1015101,6782118,"DREAL Grand Est - UH Rhin-Sarre","HydroPortail/Hydro 2"
"116","A204010201","A2030100","La Fecht à Wihr-au-Val [rue de la Fecht]","STD","2006-09-08 00:00:00+02",NA,"26",1013398,6780262,"DREAL Grand Est - UH Rhin-Sarre","Vigicrues/HydroPortail/Hydro 2"
"117","A210020001","A2102010","La Weiss à Orbey [Faing]","STD","1988-11-04 00:00:00+01","2001-01-11 10:00:00+01","26",1008509,6788072,"DREAL Grand Est - UH Rhin-Sarre","HydroPortail/Hydro 2"
"118","A210020101","A2102011","La Weiss à Orbey","STD","2008-01-01 00:00:00+01",NA,"26",1009485,6788886,"Conseil Général du Haut-Rhin","Vigicrues/HydroPortail/Hydro 2"
"119","A211030001","A2113010","La Béhine à Lapoutroie","STD","1983-11-14 00:00:00+01",NA,"26",1010058,6791616,"DREAL Grand Est - UH Rhin-Sarre","Vigicrues/HydroPortail/Hydro 2"
"120","A212020001","A2120200","La Weiss à Kaysersberg - Rue de la Râperie","STD","2006-08-30 00:00:00+02",NA,"26",1014467,6792265,"DREAL Grand Est - UH Rhin-Sarre","Vigicrues/HydroPortail/Hydro 2"
"121","A212020002","A2122010","La Weiss à Kaysersberg - Fréland-Gare [Ancienne]","STD","1957-01-01 00:00:00+01","2007-01-09 11:20:00+01","26",1013309,6792394,"DREAL Grand Est - UH Rhin-Sarre","HydroPortail/Hydro 2"
"122","A213020001","A2132010","La Weiss à Sigolsheim","STD","1968-12-09 00:00:00+01","1988-03-10 12:00:00+01","26",1020472,6789867,"DREAL Grand Est - UH Rhin-Sarre","HydroPortail/Hydro 2"
"123","A214010001","A2052020","La Fecht à Ostheim","STD","1972-04-28 00:00:00+01",NA,"26",1024743,6793360,"DREAL Grand Est - UH Rhin-Sarre","Vigicrues/HydroPortail/Hydro 2"
"124","A214010101","A2052010","La Fecht à Bennwihr [gare] - ancienne","STD","1957-10-01 00:00:00+01","1971-01-01 12:00:00+01","26",1023708,6790372,"DREAL Grand Est - UH Rhin-Sarre","HydroPortail/Hydro 2"
"125","A214010102",NA,"La Fecht à Bennwihr [gare]","STD","2019-11-26 00:00:00+01",NA,"26",1023669,6790317,"DREAL Grand Est - UH Rhin-Sarre","Vigicrues/HydroPortail"
"126","A215030001","A2073010","Le ruisseau le Strengbach à Ribeauvillé","STD","1971-06-25 00:00:00+01","2003-01-10 12:50:00+01","26",1019404,6797553,"DREAL Grand Est - UH Rhin-Sarre","HydroPortail/Hydro 2"
"127","A215030101","A2153020","Le ruisseau le Strengbach à Aubure","STD","1986-09-01 00:00:00+02","2000-01-01 00:00:00+01","26",1012180,6798499,"DREAL Grand Est - UH Rhin-Sarre","HydroPortail/Hydro 2"
"128","A216010001","A2062010","La Fecht à Guémar","STD","1960-01-01 00:00:00+01","1974-01-01 12:00:00+01","26",1027019,6796540,"DREAL Grand Est - UH Rhin-Sarre","HydroPortail/Hydro 2"
"129","A222000101",NA,"Le ruisseau le Riedbrunnen à Colmar [Ried]","STD","2019-11-14 00:00:00+01",NA,"26",1030580,6793902,"DREAL Grand Est - UH Rhin-Sarre","HydroPortail"
"130","A223030201","A1342010","Le canal Vauban à Volgelsheim","STD","1981-05-27 00:00:00+02","1993-11-10 12:00:00+01","26",1037092,6777464,"DREAL Grand Est - UH Rhin-Sarre","HydroPortail/Hydro 2"
"131","A225020001","A2250200","Le ruisseau la Blind à Riedwihr [Pont D 21b]","STD","2006-06-08 00:00:00+02","2015-11-17 12:00:00+01","26",1030673,6789964,"DREAL Grand Est - UH Rhin-Sarre","HydroPortail/Hydro 2"
"132","A226020001","A2260200","Le ruisseau la Blind à Baldenheim","STD","2004-03-17 00:00:00+01","2019-02-05 00:00:00+01","26",1034778,6804633,"DREAL Grand Est - UH Rhin-Sarre","HydroPortail/Hydro 2"
"133","A226020101","A2260020","Le ruisseau la Blind à Ohnenheim","STD","2005-01-01 00:00:00+01","2013-07-10 10:16:00+02","26",1033570,6797130,"DREAL Grand Est - UH Rhin-Sarre","HydroPortail/Hydro 2"
"134","A226032001","A2260320","L'Ill à Strasbourg [Montagne-Verte]","STD","2011-04-04 00:00:00+02","2021-07-16 02:00:00+02","26",1048360,6840610,"DREAL Grand Est - UH Rhin-Sarre","HydroPortail/Hydro 2"
"135","A226032002",NA,"L'Ill à Strasbourg [Montagne-Verte] - Débimètre","DEB","2018-01-08 00:00:00+01",NA,"26",1048360,6840610,"DREAL Grand Est - UH Rhin-Sarre","Vigicrues/HydroPortail"
"136","A226032101",NA,"Le ruisseau le Neugraben à Guémar [Ried]","STD","2019-08-08 00:00:00+02",NA,"26",1031167,6798262,"DREAL Grand Est - UH Rhin-Sarre","HydroPortail"
"137","A228003001","A2280350","L'Ill à Strasbourg [Chasseur Froid, La Robertsau]","STD","1901-01-01 00:00:00+00:09:21",NA,"26",1052477,6846472,"DREAL Grand Est - UH Rhin-Sarre","Vigicrues/HydroPortail/Hydro 2"
"138","A231020001","A2312020","Le Giessen à Thanvillé","STD","1984-01-01 00:00:00+01",NA,"26",1022232,6810940,"DREAL Grand Est - UH Rhin-Sarre","Vigicrues/HydroPortail/Hydro 2"
"139","A232021001","A2322120","La Liepvrette à Sainte-Marie-aux-Mines [Échery]","STD","1966-01-01 00:00:00+01","1999-02-03 15:00:00+01","26",1008865,6800554,"DREAL Grand Est - UH Rhin-Sarre","HydroPortail/Hydro 2"
"140","A232054001","A2325410","Le ruisseau du Chaufour à Sainte-Marie-aux-Mines [Échery]","STD","1966-01-01 00:00:00+01","1973-10-01 12:00:00+01","26",1008921,6800467,"DREAL Grand Est - UH Rhin-Sarre","HydroPortail/Hydro 2"
"141","A232070001","A2327010","Le ruisseau Robinot à Sainte-Marie-aux-Mines [Brif]","STD","1967-11-01 00:00:00+01","1980-01-01 12:00:00+01","26",1008853,6801818,"DREAL Grand Est - UH Rhin-Sarre","HydroPortail/Hydro 2"
"142","A234021001","A2332110","La Liepvrette à Lièpvre","STD","1965-01-01 00:00:00+01",NA,"26",1018353,6805297,"DREAL Grand Est - UH Rhin-Sarre","Vigicrues/HydroPortail/Hydro 2"
"143","A234021101","A2342110","La Liepvrette à la Vancelle [Hurst]","STD","1969-01-01 00:00:00+01","1984-01-01 12:00:00+01","26",1022202,6806445,"DREAL Grand Est - UH Rhin-Sarre","HydroPortail/Hydro 2"
"144","A235020001","A2352021","Le Giessen à Sélestat - Annonce de crues","STD","2007-01-01 00:00:00+01",NA,"26",1030729.3054979,6806175.3314669,"DREAL Grand Est - UH Rhin-Sarre","Vigicrues/HydroPortail/Hydro 2"
"145","A235020002","A2352020","Le Giessen à Sélestat - Amont","STD","1965-12-20 00:00:00+01","2007-01-04 12:00:00+01","26",1030488,6806274,"DREAL Grand Est - UH Rhin-Sarre","HydroPortail/Hydro 2"
"146","A235020003","A2352010","Le Giessen à Sélestat - Aval","STD","1971-01-01 00:00:00+01","1989-01-01 12:00:00+01","26",1031834,6807002,"DREAL Grand Est - UH Rhin-Sarre","HydroPortail/Hydro 2"
"147","A236003001","A2230310","L'Ill à Kogenheim","STD","2006-09-08 00:00:00+02",NA,"26",1036762,6813766,"DREAL Grand Est - UH Rhin-Sarre","Vigicrues/HydroPortail/Hydro 2"
"148","A236003301",NA,"Le ruisseau le Hanfgraben à Muttersholtz","STD","2022-06-17 16:00:00+02",NA,"26",1035504.9803288,6804637.6158749,"DREAL Grand Est - UH Rhin-Sarre","HydroPortail"
"149","A237003001","A2240310","L'Ill à Osthouse","STD","2001-10-24 00:00:00+02",NA,"26",1044076,6820953,"DREAL Grand Est - UH Rhin-Sarre","HydroPortail/Hydro 2"
"150","A237047001","A2244710","Le ruisseau Hanfgraben à Sand","STD","1985-01-01 00:00:00+01","1990-01-01 12:00:00+01","26",1042530,6818077,"DREAL Grand Est - UH Rhin-Sarre","HydroPortail/Hydro 2"
"151","A237047101",NA,"L'Ill à Sand","STD","2017-09-30 00:00:00+02","2018-02-15 00:00:00+01","26",1041731,6818778,"DREAL Grand Est - UH Rhin-Sarre","HydroPortail"
"152","A238077201","A2380770","Le canal de décharge de l'Ill à Erstein","STD","1946-01-01 00:00:00+01","2000-01-01 12:00:00+01","26",1045664,6822543,"DREAL Grand Est - UH Rhin-Sarre","HydroPortail/Hydro 2"
"153","A241073001","A2407320","Le ruisseau le Hanfgraben à Witternheim","STD","1980-12-28 00:00:00+01","1985-01-01 12:00:00+01","26",1041463,6811443,"DREAL Grand Est - UH Rhin-Sarre","HydroPortail/Hydro 2"
"154","A241082001","A2407310","Le ruisseau de Bindernheim à Bindernheim","STD","1978-07-01 00:00:00+02","1981-01-01 12:00:00+01","26",1041343,6809198,"DREAL Grand Est - UH Rhin-Sarre","HydroPortail/Hydro 2"
"155","A242020001","A2420210","La Zembs à Erstein [Krafft]","STD","2004-04-27 00:00:00+02","2018-06-12 00:00:00+02","26",1046728,6821991,"DREAL Grand Est - UH Rhin-Sarre","HydroPortail/Hydro 2"
"156","A242020101","A2420200","La Zembs [Ried] à Herbsheim [Ried]","STD","2004-05-19 00:00:00+02",NA,"26",1042898,6815294,"DREAL Grand Est - UH Rhin-Sarre","HydroPortail/Hydro 2"
"157","A243003001","A2250310","L'Ill à Fegersheim [Ohnheim]","STD","1967-01-01 00:00:00+01",NA,"26",1047444,6831299,"DREAL Grand Est - UH Rhin-Sarre","Vigicrues/HydroPortail/Hydro 2"
"158","A251020001","A2512010","L'Andlau à Andlau","STD","1973-10-01 00:00:00+01",NA,"26",1027187,6818681,"DREAL Grand Est - UH Rhin-Sarre","Vigicrues/HydroPortail/Hydro 2"
"159","A254020001","A2532010","L'Andlau à Schaeffersheim","STD","1972-09-01 00:00:00+01","1989-01-01 12:00:00+01","26",1039309,6825657,"DREAL Grand Est - UH Rhin-Sarre","HydroPortail/Hydro 2"
"160","A261020001","A2612010","L'Ehn à Niedernai","STD","1971-12-22 00:00:00+01",NA,"26",1033433,6826349,"DREAL Grand Est - UH Rhin-Sarre","Vigicrues/HydroPortail/Hydro 2"
"161","A270011001","A2702010","La Bruche à Saulxures","STD","1965-08-31 00:00:00+01","2001-01-08 11:00:00+01","26",1007344,6819625,"DREAL Grand Est - UH Rhin-Sarre","HydroPortail/Hydro 2"
"162","A271037001","A2713710","Le ruisseau de la Chergoutte à Waldersbach [Belmont]","STD","1967-02-21 00:00:00+01","1980-02-05 12:00:00+01","26",1013997,6818868,"DREAL Grand Est - UH Rhin-Sarre","HydroPortail/Hydro 2"
"163","A271071001","A2710670","Le ruisseau la Rothaine à Natzwiller","STD","1965-04-21 00:00:00+01","1990-12-31 00:00:00+01","26",1015431,6823358,"DREAL Grand Est - UH Rhin-Sarre","HydroPortail/Hydro 2"
"164","A273011001","A2732000","La Bruche à Russ [Wisches] - Ancienne","STD","1949-02-07 00:00:00+01","1962-08-12 11:00:00+01","26",1015610,6831268,"DREAL Grand Est - UH Rhin-Sarre","HydroPortail/Hydro 2"
"165","A273011002","A2732010","La Bruche à Russ [Wisches]","STD","1962-08-12 00:00:00+01",NA,"26",1015610,6831268,"DREAL Grand Est - UH Rhin-Sarre","Vigicrues/HydroPortail/Hydro 2"
"166","A273038001","A2730380","Le ruisseau Bass de Russ à Russ","STD","1965-08-23 00:00:00+01","1968-12-30 15:29:59+01","26",1014136,6830229,"DREAL Grand Est - UH Rhin-Sarre","HydroPortail/Hydro 2"
"167","A275038001","A2750380","Le ruisseau la Magel à Rosheim [Rossberg]","STD","1975-10-31 00:00:00+01","1979-11-16 12:00:00+01","26",1020817,6830214,"DREAL Grand Est - UH Rhin-Sarre","HydroPortail/Hydro 2"
"168","A275071001","A2750710","Le ruisseau de Baschney à Grendelbruch","STD","1976-01-01 00:00:00+01","1983-01-03 00:00:00+01","26",1019003,6829273,"DREAL Grand Est - UH Rhin-Sarre","HydroPortail/Hydro 2"
"169","A276011001","A2762090","La Bruche [totale] à Mutzig","STD","1981-11-18 00:00:00+01","2001-01-01 12:00:00+01","26",1028257,6835087,"DREAL Grand Est - UH Rhin-Sarre","HydroPortail/Hydro 2"
"170","A276011002","A2762050","La Bruche [totale] à Mutzig","STD","1981-11-18 00:00:00+01","2000-08-16 08:25:00+02","26",1028257,6835087,"DREAL Grand Est - UH Rhin-Sarre","HydroPortail/Hydro 2"
"171","A276075201","A2767510","Le canal Couleaux à Mutzig","STD","1980-12-30 00:00:00+01","2001-01-01 12:00:00+01","26",1028065,6835271,"DREAL Grand Est - UH Rhin-Sarre","HydroPortail/Hydro 2"
"172","A280020001","A2842001","La Mossig à Wangenbourg-Engenthal [Engenthal]","STD","1965-08-31 00:00:00+01","1968-11-01 16:25:59+01","26",1017094,6845834,"DREAL Grand Est - UH Rhin-Sarre","HydroPortail/Hydro 2"
"173","A282000101",NA,"La Mossig à Wasselonne","STD","2014-11-20 00:00:00+01",NA,"26",1026000,6846200,"DREAL Grand Est - UH Rhin-Sarre","Vigicrues/HydroPortail"
"174","A284020001","A2842010","La Mossig à Soultz-les-Bains","STD","1970-11-13 00:00:00+01",NA,"26",1030989,6839708,"DREAL Grand Est - UH Rhin-Sarre","Vigicrues/HydroPortail/Hydro 2"
"175","A285011001","A2782010","La Bruche à Wolxheim","STD","2006-10-01 00:00:00+02",NA,"26",1032899,6839053,"DREAL Grand Est - UH Rhin-Sarre","Vigicrues/HydroPortail/Hydro 2"
"176","A286011001","A2860111","La Bruche à Holtzheim - Ancienne","STD","1964-05-10 00:00:00+01","1974-01-01 12:00:00+01","26",1041736,6838538,"DREAL Grand Est - UH Rhin-Sarre","HydroPortail/Hydro 2"
"177","A286011002","A2860112","La Bruche à Oberschaeffolsheim - Ancienne","STD","1973-09-17 00:00:00+01","1996-01-01 12:00:00+01","26",1043382,6839963,"DREAL Grand Est - UH Rhin-Sarre","HydroPortail/Hydro 2"
"178","A286011003","A2860110","La Bruche à Holtzheim","STD","1995-09-19 00:00:00+02",NA,"26",1041978,6838765,"DREAL Grand Est - UH Rhin-Sarre","Vigicrues/HydroPortail/Hydro 2"
"179","A293020001","A2932010","La Souffel à Mundolsheim","STD","1975-05-12 00:00:00+01","2001-01-01 08:00:00+01","26",1048311,6848140,"DREAL Grand Est - UH Rhin-Sarre","HydroPortail/Hydro 2"
"180","A302009050","A3750010","Le Rhin à Lauterbourg","STD","1953-01-01 00:00:00+01",NA,"26",1080219,6885643,"DREAL Grand Est - UH Rhin-Sarre","Vigicrues/HydroPortail/Hydro 2"
"181","A312000101","A3120100","La Moder à Obermodern-Zutzendorf","STD","2014-12-29 00:00:00+01",NA,"26",1033347,6870102,"DREAL Grand Est - UH Rhin-Sarre","Vigicrues/HydroPortail/Hydro 2"
"182","A315010001","A3151010","La Moder à Schweighouse-sur-Moder [amont]","STD","1967-08-11 00:00:00+01","2001-01-01 09:00:00+01","26",1047054,6868855,"DREAL Grand Est - UH Rhin-Sarre","HydroPortail/Hydro 2"
"183","A315020001","A3262010","La Zinsel du Nord à Schweighouse-sur-Moder","DEB","1968-01-01 00:00:00+01","2001-01-01 09:00:00+01","26",1046702,6869280,"DREAL Grand Est - UH Rhin-Sarre","HydroPortail/Hydro 2"
"184","A325021001","A3250210","Le Falkensteinbach à Gundershoffen","STD","2002-02-11 00:00:00+01",NA,"26",1041224,6876235,"DREAL Grand Est - UH Rhin-Sarre","Vigicrues/HydroPortail/Hydro 2"
"185","A330010001","A3301010","La Moder à Schweighouse-sur-Moder [aval]","STD","1966-05-11 00:00:00+01",NA,"26",1048001,6868490,"DREAL Grand Est - UH Rhin-Sarre","Vigicrues/HydroPortail/Hydro 2"
"186","A331010001","A3311010","La Moder à Kaltenhouse","STD","1969-01-31 00:00:00+01","1989-01-12 13:40:00+01","26",1055568,6865498,"DREAL Grand Est - UH Rhin-Sarre","HydroPortail/Hydro 2"
"187","A341020001","A3422010","La Zorn à Saverne [Schinderthal]","STD","1966-10-04 00:00:00+01",NA,"26",1018533,6856373,"DREAL Grand Est - UH Rhin-Sarre","Vigicrues/HydroPortail/Hydro 2"
"188","A343021001","A3430210","La Zinsel du Sud à Eckartswiller [Oberhof]","STD","2006-07-05 00:00:00+02",NA,"26",1016466,6864141,"DREAL Grand Est - UH Rhin-Sarre","Vigicrues/HydroPortail/Hydro 2"
"189","A348020001","A3472010","La Zorn à Waltenheim-sur-Zorn","STD","1916-04-01 00:00:00+00",NA,"26",1040493,6859940,"DREAL Grand Est - UH Rhin-Sarre","Vigicrues/HydroPortail/Hydro 2"
"190","A349020001","A3492020","La Zorn à Hœrdt [2]","STD","1976-09-23 00:00:00+02","1995-04-15 12:00:00+02","26",1051555,6856332,"DREAL Grand Est - UH Rhin-Sarre","HydroPortail/Hydro 2"
"191","A349020002","A3492010","La Zorn à Hœrdt [2] - 1","STD","1964-06-16 00:00:00+01","1973-12-10 12:00:00+01","26",1051047,6856351,"DREAL Grand Est - UH Rhin-Sarre","HydroPortail/Hydro 2"
"192","A350010001","A3501010","La Moder à Drusenheim","STD","2002-05-30 00:00:00+02",NA,"26",1063779,6862654,"DREAL Grand Est - UH Rhin-Sarre","Vigicrues/HydroPortail/Hydro 2"
"193","A361011001","A3712010","La Sauer à Gœrsdorf [Liebfrauenthal]","STD","1948-01-22 00:00:00+01","2001-01-10 11:45:00+01","26",1048178,6883731,"DREAL Grand Est - UH Rhin-Sarre","HydroPortail/Hydro 2"
"194","A368021001","A3782110","L'Eberbach à Leutenheim","STD","2002-09-11 00:00:00+02",NA,"26",1067284,6871730,"DREAL Grand Est - UH Rhin-Sarre","Vigicrues/HydroPortail/Hydro 2"
"195","A369011001","A3792010","La Sauer à Beinheim","STD","1964-10-23 00:00:00+01",NA,"26",1071615,6874142,"DREAL Grand Est - UH Rhin-Sarre","Vigicrues/HydroPortail/Hydro 2"
"196","A373020001","A3832010","Le Seltzbach à Niederrœdern","STD","1964-10-25 00:00:00+01",NA,"26",1069852,6878894,"DREAL Grand Est - UH Rhin-Sarre","Vigicrues/HydroPortail/Hydro 2"
"197","A380020001","A3902010","La Lauter à Wissembourg [Weiler]","STD","1975-11-01 00:00:00+01",NA,"26",1058235,6893741,"DREAL Grand Est - UH Rhin-Sarre","Vigicrues/HydroPortail/Hydro 2"
"198","A402061001","A4020610","La Moselle à Fresse-sur-Moselle","STD","1971-10-01 00:00:00+01",NA,"26",983727,6758658,"DREAL Grand Est - UH Meuse-Moselle","Vigicrues/HydroPortail/Hydro 2"
"199","A405062001","A4050620","La Moselle à Rupt-sur-Moselle","STD","1968-08-01 00:00:00+01",NA,"26",975264,6762987,"DREAL Grand Est - UH Meuse-Moselle","Vigicrues/HydroPortail/Hydro 2"
"200","A414020201","A4140202","La Moselotte à Vagney [Zainvillers]","STD","2005-10-15 00:00:00+02",NA,"26",977065,6772410,"DREAL Grand Est - UH Meuse-Moselle","Vigicrues/HydroPortail/Hydro 2"
"201","A414020202","A4142010","La Moselotte à Vagney [Zainvillers] - Ancienne","STD","1967-04-19 00:00:00+01","2006-12-16 00:00:00+01","26",976815,6772661,"DREAL Grand Est - UH Meuse-Moselle","HydroPortail/Hydro 2"
"202","A417301001","A4173010","La Cleurie à Cleurie","STD","1970-08-01 00:00:00+01",NA,"26",974842,6778957,"DREAL Grand Est - UH Meuse-Moselle","Vigicrues/HydroPortail/Hydro 2"
"203","A420063001","A4200630","La Moselle à Saint-Nabord - Noirgueux","STD","1961-10-30 00:00:00+01",NA,"26",968882,6780227,"DREAL Grand Est - UH Meuse-Moselle","Vigicrues/HydroPortail/Hydro 2"
"204","A420063002","A4200620","La Moselle à Remiremont","STD","1993-10-11 00:00:00+01",NA,"26",968079,6774928,"DREAL Grand Est - UH Meuse-Moselle","Vigicrues/HydroPortail/Hydro 2"
"205","A430000101","A4302005","La Vologne à Xonrupt-Longemer [longemer1]","STD","1976-03-07 00:00:00+01","1979-01-03 00:00:00+01","26",994925,6781010,"DREAL Grand Est - UH Meuse-Moselle","HydroPortail/Hydro 2"
"206","A430000201","A4307210","Le ruisseau du Pheny à Gérardmer","STD","1976-08-26 00:00:00+02","1979-01-05 00:00:00+01","26",986820,6780775,"DREAL Grand Est - UH Meuse-Moselle","HydroPortail/Hydro 2"
"207","A430000301","A4302010","La Vologne à Xonrupt-Longemer [longemer2]","STD","1976-03-07 00:00:00+01","1979-01-04 00:00:00+01","26",994925,6781010,"DREAL Grand Est - UH Meuse-Moselle","HydroPortail/Hydro 2"
"208","A430000401","A4307515","[ruisseau de xettes] à Gérardmer","STD","1976-08-25 00:00:00+02","1979-01-06 09:00:00+01","26",987493,6781680,"DREAL Grand Est - UH Meuse-Moselle","HydroPortail/Hydro 2"
"209","A430000501","A4307810","[ruisseau de la rochotte] à Gérardmer","STD","1976-08-26 00:00:00+02","1979-01-06 00:00:00+01","26",987702,6781118,"DREAL Grand Est - UH Meuse-Moselle","HydroPortail/Hydro 2"
"210","A433301001","A4333010","Le Neune à Laveline-devant-Bruyères","STD","1986-06-01 00:00:00+02",NA,"26",978723,6793848,"DREAL Grand Est - UH Meuse-Moselle","Vigicrues/HydroPortail/Hydro 2"
"211","A436203001","A4362030","La Vologne à Cheniménil","STD","1988-03-24 00:00:00+01",NA,"26",967972,6787507,"DREAL Grand Est - UH Meuse-Moselle","Vigicrues/HydroPortail/Hydro 2"
"212","A436203002","A4362020","La Vologne à Cheniménil - Ancienne","STD","1970-01-01 00:00:00+01","1988-03-24 12:00:00+01","26",968051,6787616,"DREAL Grand Est - UH Meuse-Moselle","HydroPortail/Hydro 2"
"213","A440000201","A4403010","Le ruisseau la Niche à Arches [Aneumenil]","STD","1978-01-01 00:00:00+01","1980-01-01 01:00:00+01","26",963003,6783676,"DREAL Grand Est - UH Meuse-Moselle","HydroPortail/Hydro 2"
"214","A443064001","A4250640","La Moselle à Épinal","STD","1951-10-31 00:00:00+01",NA,"26",956635,6790646,"DREAL Grand Est - UH Meuse-Moselle","Vigicrues/HydroPortail/Hydro 2"
"215","A444201001","A4442010","Le Durbion à Vaxoncourt","STD","1969-11-01 00:00:00+01","1990-01-01 00:00:00+01","26",952718,6805861,"DREAL Grand Est - UH Meuse-Moselle","HydroPortail/Hydro 2"
"216","A444201101","A4443010","Le ruisseau le Saint-Oger à Deyvillers","STD","1974-01-01 00:00:00+01","1980-01-01 01:00:00+01","26",961572,6794495,"DREAL Grand Est - UH Meuse-Moselle","HydroPortail/Hydro 2"
"217","A455000201","A4550061","La Moselle à Châtel-sur-Moselle","STD","2014-06-26 00:00:00+02",NA,"26",951349,6806744,"DREAL Grand Est - UH Meuse-Moselle","Vigicrues/HydroPortail/Hydro 2"
"218","A463201001","A4632010","L'Avière à Frizon","STD","1969-12-01 00:00:00+01",NA,"26",949655,6804456,"DREAL Grand Est - UH Meuse-Moselle","Vigicrues/HydroPortail/Hydro 2"
"219","A500201001","A5002010","L'Euron à Saint-Boingt","STD","1980-01-30 00:00:00+01","2008-04-23 13:00:00+02","26",954649,6818179,"DREAL Grand Est - UH Meuse-Moselle","HydroPortail/Hydro 2"
"220","A502000101","A5023010","Le ruisseau le Loro à Villacourt","STD","1979-12-26 00:00:00+01","1986-10-28 00:00:00+01","26",948902,6821962,"DREAL Grand Est - UH Meuse-Moselle","HydroPortail/Hydro 2"
"221","A511061001","A5110610","La Moselle à Tonnoy","STD","1980-08-20 00:00:00+02",NA,"26",940617,6831176,"DREAL Grand Est - UH Meuse-Moselle","Vigicrues/HydroPortail/Hydro 2"
"222","A511061002","A5110608","La Moselle à Velle-sur-Moselle - Tonnoy amont","STD","2008-01-01 00:00:00+01",NA,"26",940898,6830762,"DREAL Grand Est - UH Meuse-Moselle","Vigicrues/HydroPortail/Hydro 2"
"223","A511061003","A5100610","La Moselle à Saint-Mard","STD","1971-11-01 00:00:00+01","1977-04-30 12:00:00+02","26",943111,6827945,"DREAL Grand Est - UH Meuse-Moselle","HydroPortail/Hydro 2"
"224","A523011001","A5230110","Le Madon à Begnécourt [Moulin d'Heucheloup]","STD","2009-12-15 00:00:00+01",NA,"26",933898,6795071,"DREAL Grand Est - UH Meuse-Moselle","Vigicrues/HydroPortail/Hydro 2"
"225","A524201001","A5242010","La Gitte à Velotte-et-Tatignécourt","STD","1979-02-01 00:00:00+01",NA,"26",935544,6800210,"DREAL Grand Est - UH Meuse-Moselle","Vigicrues/HydroPortail/Hydro 2"
"226","A526102001","A5261020","Le Madon à Mirecourt - Crues","STD","1993-09-07 00:00:00+02",NA,"26",932509,6804944,"DREAL Grand Est - UH Meuse-Moselle","Vigicrues/HydroPortail/Hydro 2"
"227","A526102003","A5261010","Le Madon à Mirecourt - Ancienne","STD","1965-08-01 00:00:00+01","2007-07-03 05:00:00+02","26",932572,6805177,"DREAL Grand Est - UH Meuse-Moselle","HydroPortail/Hydro 2"
"228","A530301001","A5303010","Le Colon à Xaronval","STD","1979-02-01 00:00:00+01","2008-07-01 20:00:00+02","26",936324,6813074,"DREAL Grand Est - UH Meuse-Moselle","HydroPortail/Hydro 2"
"229","A542201001","A5422010","Le Brenon à Autrey","STD","1969-08-06 00:00:00+01","2007-06-13 09:00:00+02","26",931743,6830208,"DREAL Grand Est - UH Meuse-Moselle","HydroPortail/Hydro 2"
"230","A542201101",NA,"Le Brenon à Houdreville","STD","2020-01-22 00:00:00+01",NA,"26",929741,6827358,"DREAL Grand Est - UH Meuse-Moselle","Vigicrues/HydroPortail"
"231","A543101001","A5431010","Le Madon à Pulligny","STD","1964-01-01 00:00:00+01",NA,"26",931085,6831819,"DREAL Grand Est - UH Meuse-Moselle","Vigicrues/HydroPortail/Hydro 2"
"232","A550061001","A5500610","La Moselle à Pont-Saint-Vincent","STD","1988-09-01 00:00:00+02",NA,"26",928530,6838626,"DREAL Grand Est - UH Meuse-Moselle","Vigicrues/HydroPortail/Hydro 2"
"233","A562201001","A5622010","La Bouvade à Bicqueley","STD","1979-05-16 00:00:00+02","2008-02-13 05:00:00+01","26",914354,6840199,"DREAL Grand Est - UH Meuse-Moselle","HydroPortail/Hydro 2"
"234","A572301001","A5723010","Le ruisseau l'Ingressin à Toul","STD","1990-12-01 00:00:00+01","2004-10-02 12:00:00+02","26",912152,6845723,"DREAL Grand Est - UH Meuse-Moselle","HydroPortail/Hydro 2"
"235","A573061001","A5730610","La Moselle à Toul","STD","1959-03-27 00:00:00+01",NA,"26",913234,6844978,"DREAL Grand Est - UH Meuse-Moselle","Vigicrues/HydroPortail/Hydro 2"
"236","A584201001","A5842010","Le Terrouin à Villey-Saint-Étienne","STD","1970-08-01 00:00:00+01","1979-01-01 12:00:00+01","26",919893,6853458,"DREAL Grand Est - UH Meuse-Moselle","HydroPortail/Hydro 2"
"237","A600101001","A6001010","La Meurthe à Fraize","STD","1971-07-07 00:00:00+01",NA,"26",997339,6794690,"DREAL Grand Est - UH Meuse-Moselle","Vigicrues/HydroPortail/Hydro 2"
"238","A605102001","A6051020","La Meurthe à Saint-Dié-des-Vosges","STD","1967-08-08 00:00:00+01",NA,"26",993397,6805585,"DREAL Grand Est - UH Meuse-Moselle","Vigicrues/HydroPortail/Hydro 2"
"239","A614201001","A6142010","Le Rabodeau à Moyenmoutier","STD","1969-08-01 00:00:00+01","1985-01-01 00:00:00+01","26",987510,6816115,"DREAL Grand Est - UH Meuse-Moselle","HydroPortail/Hydro 2"
"240","A615103001","A6151030","La Meurthe à Raon-l'Étape","STD","1973-11-01 00:00:00+01",NA,"26",984475,6818232,"DREAL Grand Est - UH Meuse-Moselle","Vigicrues/HydroPortail/Hydro 2"
"241","A623201001","A6232010","La Plaine à Raon-l'Étape [La Trouche]","STD","1969-11-09 00:00:00+01",NA,"26",986823,6819937,"DREAL Grand Est - UH Meuse-Moselle","Vigicrues/HydroPortail/Hydro 2"
"242","A626341001","A6263410","Le ruisseau le Laxat à Hériménil","STD","1969-09-09 00:00:00+01","1974-01-01 12:00:00+01","26",958881,6834236,"DREAL Grand Est - UH Meuse-Moselle","HydroPortail/Hydro 2"
"243","A631101001","A6311010","La Meurthe à Baccarat - aval","STD","1981-01-01 00:00:00+01",NA,"26",976357,6823095,"DREAL Grand Est - UH Meuse-Moselle","Vigicrues/HydroPortail/Hydro 2"
"244","A631101003","A6311008","La Meurthe à Baccarat - amont","STD","2015-07-16 00:00:00+02",NA,"26",976471,6822933,"DREAL Grand Est - UH Meuse-Moselle","Vigicrues/HydroPortail/Hydro 2"
"245","A634101001","A6341010","La Meurthe à Lunéville - Aval","STD","1970-01-01 00:00:00+01",NA,"26",956675,6837063,"DREAL Grand Est - UH Meuse-Moselle","Vigicrues/HydroPortail/Hydro 2"
"246","A634101002","A6341008","La Meurthe à Lunéville - Amont","STD","2015-10-22 00:00:00+02",NA,"26",956736,6837052,"DREAL Grand Est - UH Meuse-Moselle","Vigicrues/HydroPortail/Hydro 2"
"247","A640000101","A6411110","La Vezouze à Cirey-sur-Vezouze","STD","1983-01-01 00:00:00+01","1989-12-01 12:00:00+01","26",990716,6838654,"DREAL Grand Est - UH Meuse-Moselle","HydroPortail/Hydro 2"
"248","A643112001","A6431120","La Vezouze à Blâmont - aval","STD","1991-09-23 00:00:00+02",NA,"26",983380,6838881,"DREAL Grand Est - UH Meuse-Moselle","Vigicrues/HydroPortail/Hydro 2"
"249","A643112002","A6431118","La Vezouze à Blâmont - amont","STD","2007-01-01 00:00:00+01",NA,"26",983465,6838913,"DREAL Grand Est - UH Meuse-Moselle","Vigicrues/HydroPortail/Hydro 2"
"250","A643112003","A6431110","La Vezouze à Frémonville","STD","1990-04-01 00:00:00+02","2007-12-31 00:00:00+01","26",985953,6838978,"DREAL Grand Est - UH Meuse-Moselle","HydroPortail/Hydro 2"
"251","A644301001","A6443010","Le ruisseau le Vacon à Barbas","STD","1968-06-01 00:00:00+01","2008-03-18 06:00:00+01","26",983261,6837561,"DREAL Grand Est - UH Meuse-Moselle","HydroPortail/Hydro 2"
"252","A654111001","A6541110","La Vezouze à Thiébauménil","STD","1992-01-01 00:00:00+01",NA,"26",967282,6837329,"DREAL Grand Est - UH Meuse-Moselle","Vigicrues/HydroPortail/Hydro 2"
"253","A654301001","A6543010","Le ruisseau des Amis à Marainviller","STD","1983-10-01 00:00:00+01","2006-08-24 02:00:00+02","26",967321,6839130,"DREAL Grand Est - UH Meuse-Moselle","HydroPortail/Hydro 2"
"254","A657111001","A6571110","La Vezouze à Lunéville","STD","1968-12-01 00:00:00+01",NA,"26",957039,6838418,"DREAL Grand Est - UH Meuse-Moselle","Vigicrues/HydroPortail/Hydro 2"
"255","A662121201","A6621212","La Mortagne à Autrey - Gare","STD","2010-01-01 00:00:00+01",NA,"26",973270,6805887,"DREAL Grand Est - UH Meuse-Moselle","Vigicrues/HydroPortail/Hydro 2"
"256","A662121202","A6621210","La Mortagne à Sainte-Hélène","STD","1969-08-01 00:00:00+01","2013-01-01 00:00:00+01","26",973334,6805765,"DREAL Grand Est - UH Meuse-Moselle","HydroPortail/Hydro 2"
"257","A664031001","A6640310","L'Arentèle à Sainte-Hélène - Pont Rouge","STD","2010-01-01 00:00:00+01",NA,"26",969929,6807150,"DREAL Grand Est - UH Meuse-Moselle","Vigicrues/HydroPortail/Hydro 2"
"258","A664031002","A6653010","L'Arentèle à Saint-Gorgon","STD","1990-11-01 00:00:00+01","2010-04-30 00:00:00+02","26",970155,6808888,"DREAL Grand Est - UH Meuse-Moselle","HydroPortail/Hydro 2"
"259","A670121001","A6701210","La Mortagne à Roville-aux-Chênes","STD","1992-02-17 00:00:00+01",NA,"26",967551,6813730,"DREAL Grand Est - UH Meuse-Moselle","Vigicrues/HydroPortail/Hydro 2"
"260","A673121001","A6731210","La Mortagne à Moyen","STD","1964-01-01 00:00:00+01","1969-11-01 12:00:00+01","26",963498,6826211,"DREAL Grand Est - UH Meuse-Moselle","HydroPortail/Hydro 2"
"261","A673122001","A6731220","La Mortagne à Gerbéviller","STD","1969-11-01 00:00:00+01",NA,"26",960351,6826568,"DREAL Grand Est - UH Meuse-Moselle","Vigicrues/HydroPortail/Hydro 2"
"262","A676101001","A6761010","La Meurthe à Damelevières","STD","1973-01-01 00:00:00+01",NA,"26",949614,6834572,"DREAL Grand Est - UH Meuse-Moselle","Vigicrues/HydroPortail/Hydro 2"
"263","A681201001","A6812010","Le Sanon à Lagarde","STD","1969-10-01 00:00:00+01","2005-12-18 10:00:00+01","26",973538,6849602,"DREAL Grand Est - UH Meuse-Moselle","HydroPortail/Hydro 2"
"264","A686000101","A6860001","Le Sanon à Crévic","STD","2018-08-01 00:00:00+02",NA,"26",951187,6843247,"DREAL Grand Est - UH Meuse-Moselle","Vigicrues/HydroPortail/Hydro 2"
"265","A687201001","A6872010","Le Sanon à Dombasle-sur-Meurthe","STD","1987-11-05 00:00:00+01",NA,"26",946187,6841583,"DREAL Grand Est - UH Meuse-Moselle","Vigicrues/HydroPortail/Hydro 2"
"266","A690381001","A6903810","Le ruisseau le Petit Rhône à Saint-Nicolas-de-Port","STD","1968-08-01 00:00:00+01","1989-01-01 00:00:00+01","26",943142,6840494,"DREAL Grand Est - UH Meuse-Moselle","HydroPortail/Hydro 2"
"267","A692101001","A6921010","La Meurthe à Laneuveville-devant-Nancy [la Madeleine]","STD","1984-07-26 00:00:00+02",NA,"26",941013,6843031,"DREAL Grand Est - UH Meuse-Moselle","Vigicrues/HydroPortail/Hydro 2"
"268","A694102001","A6940001","La Meurthe à Malzéville - débitmètre","DEB","1991-01-01 00:00:00+01",NA,"26",933865,6850323,"DREAL Grand Est - UH Meuse-Moselle","Vigicrues/HydroPortail/Hydro 2"
"269","A694102003","A6941010","La Meurthe à Malzéville - Ancienne","STD","1959-10-01 00:00:00+01","1991-01-01 00:02:00+01","26",934602,6849702,"DREAL Grand Est - UH Meuse-Moselle","HydroPortail/Hydro 2"
"270","A694102004","A6941020","La Meurthe à Malzéville - Limni","STD","1991-01-01 00:00:00+01",NA,"26",933865,6850323,"DREAL Grand Est - UH Meuse-Moselle","Vigicrues/HydroPortail/Hydro 2"
"271","A695301001","A6953010","L'Amezule à Lay-Saint-Christophe","STD","1971-08-01 00:00:00+01","2005-12-24 15:00:00+01","26",935098,6854399,"DREAL Grand Est - UH Meuse-Moselle","HydroPortail/Hydro 2"
"272","A701061001","A7010610","La Moselle à Custines","STD","1973-01-26 00:00:00+01",NA,"26",929289,6858931,"DREAL Grand Est - UH Meuse-Moselle","Vigicrues/HydroPortail/Hydro 2"
"273","A703062001","A7030620","La Moselle à Blénod-lès-Pont-à-Mousson","STD","1964-05-01 00:00:00+01","1973-01-01 12:00:00+01","26",925734,6867031,"DREAL Grand Est - UH Meuse-Moselle","HydroPortail/Hydro 2"
"274","A712201001","A7122010","L'Esch à Jezainville","STD","1969-08-01 00:00:00+01",NA,"26",923200,6867229,"DREAL Grand Est - UH Meuse-Moselle","Vigicrues/HydroPortail/Hydro 2"
"275","A721301001","A7213010","Le ruisseau le Trey à Vandières","STD","1980-06-01 00:00:00+02","2009-01-01 00:00:00+01","26",921978,6876911,"DREAL Grand Est - UH Meuse-Moselle","HydroPortail/Hydro 2"
"276","A735201001","A7352010","Le Rupt de Mad à Onville","STD","1964-08-01 00:00:00+01",NA,"26",916599,6883205,"DREAL Grand Est - UH Meuse-Moselle","Vigicrues/HydroPortail/Hydro 2"
"277","A740000101",NA,"La Moselle à Corny-sur-Moselle - Débitmètre","DEB","2014-01-01 00:00:00+01",NA,"26",923281,6885566,"DREAL Grand Est - UH Meuse-Moselle","Vigicrues/HydroPortail"
"278","A740000102","A7400061","La Moselle à Corny-sur-Moselle - limnimètre","STD","2014-01-01 00:00:00+01",NA,"26",923294,6885565,"DREAL Grand Est - UH Meuse-Moselle","Vigicrues/HydroPortail/Hydro 2"
"279","A742000201","A7424910","Le ruisseau de Montvaux à Châtel-Saint-Germain - Le Montvaux à Chatel Saint Germain [lavoir]","STD","1979-03-21 00:00:00+01","1981-12-30 00:00:00+01","26",924723,6896160,"DREAL Grand Est - UH Meuse-Moselle","HydroPortail/Hydro 2"
"280","A742000301","A7424920","Le ruisseau de Montvaux à Sainte-Ruffine - Le Montvaux à sainte Ruffine [Goglo]","STD","1979-03-21 00:00:00+01","1981-11-26 00:00:00+01","26",926211,6894291,"DREAL Grand Est - UH Meuse-Moselle","HydroPortail/Hydro 2"
"281","A742000401","A7434930","Le ruisseau de Montvaux à Moulins-lès-Metz - Le Montvaux à moulins les Metz [château]","STD","1979-03-21 00:00:00+01","1981-11-26 00:00:00+01","26",926908,6893843,"DREAL Grand Est - UH Meuse-Moselle","HydroPortail/Hydro 2"
"282","A743061001","A7430610","La Moselle à Metz [Pont des Morts]","STD","1986-09-01 00:00:00+02",NA,"26",931141,6896027,"DREAL Grand Est - UH Meuse-Moselle","Vigicrues/HydroPortail/Hydro 2"
"283","A758102001","A7581020","La Seille à Moyenvic","STD","1985-08-22 00:00:00+02",NA,"26",962076,6859343,"DREAL Grand Est - UH Meuse-Moselle","Vigicrues/HydroPortail/Hydro 2"
"284","A758102002","A7581010","La Seille à Vic-sur-Seille","STD","1967-10-01 00:00:00+01","1976-09-01 12:00:00+02","26",959458,6859501,"DREAL Grand Est - UH Meuse-Moselle","HydroPortail/Hydro 2"
"285","A764201001","A7642010","La Petite Seille à Château-Salins","STD","1968-08-01 00:00:00+01",NA,"26",957332,6863231,"DREAL Grand Est - UH Meuse-Moselle","Vigicrues/HydroPortail/Hydro 2"
"286","A770101001","A7701010","La Seille à Chambrey","STD","1997-02-25 00:00:00+01",NA,"26",953931,6859325,"DREAL Grand Est - UH Meuse-Moselle","Vigicrues/HydroPortail/Hydro 2"
"287","A782101001","A7821010","La Seille à Nomeny","STD","1968-09-01 00:00:00+01",NA,"26",936625,6870199,"DREAL Grand Est - UH Meuse-Moselle","Vigicrues/HydroPortail/Hydro 2"
"288","A786431001","A7864310","Le ruisseau de Cherisey à Verny","STD","1982-02-01 00:00:00+01","1990-01-01 00:00:00+01","26",934555,6883219,"DREAL Grand Est - UH Meuse-Moselle","HydroPortail/Hydro 2"
"289","A788101001","A7881010","La Seille à Metz - Pont Lothaire aval","STD","1964-10-01 00:00:00+01","2016-12-31 00:00:00+01","26",932767,6893694,"DREAL Grand Est - UH Meuse-Moselle","HydroPortail/Hydro 2"
"290","A788101002","A7881020","La Seille à Metz - Pont Lothaire amont","STD","2015-09-22 00:00:00+02",NA,"26",932819,6893734,"DREAL Grand Est - UH Meuse-Moselle","Vigicrues/HydroPortail/Hydro 2"
"291","A793061001","A7930610","La Moselle à Hauconcourt","STD","1955-03-14 00:00:00+01","2013-02-21 07:00:00+01","26",932891,6907333,"DREAL Grand Est - UH Meuse-Moselle","HydroPortail/Hydro 2"
"292","A793061002","A7930061","La Moselle à Hagondange","STD","2012-09-01 00:00:00+02",NA,"26",931828,6910924,"DREAL Grand Est - UH Meuse-Moselle","Vigicrues/HydroPortail/Hydro 2"
"293","A800621001","A8006210","Le Ru de Vaux à Morgemoulin","STD","1984-06-01 00:00:00+02",NA,"26",888034,6906936,"DREAL Grand Est - UH Meuse-Moselle","Vigicrues/HydroPortail/Hydro 2"
"294","A802101001","A8021010","L'Orne à Étain","STD","1996-01-28 00:00:00+01",NA,"26",891796,6904742,"DREAL Grand Est - UH Meuse-Moselle","Vigicrues/HydroPortail/Hydro 2"
"295","A807101001","A8071010","L'Orne à Boncourt","STD","1967-10-01 00:00:00+01",NA,"26",906418,6899567,"DREAL Grand Est - UH Meuse-Moselle","Vigicrues/HydroPortail/Hydro 2"
"296","A812020101","A8120201","L'Yron à Jarny [Droitaumont]","STD","2003-01-01 00:00:00+01",NA,"26",909825,6897438,"DREAL Grand Est - UH Meuse-Moselle","Vigicrues/HydroPortail/Hydro 2"
"297","A812200001","A8122000","L'Yron à Hannonville-Suzémont","STD","1996-01-01 00:00:00+01",NA,"26",907155,6892494,"DREAL Grand Est - UH Meuse-Moselle","Vigicrues/HydroPortail/Hydro 2"
"298","A818201001","A8182010","L'Yron à Jarny [La Cartoucherie]","STD","1967-10-01 00:00:00+01","2008-01-01 00:00:00+01","26",908744,6898921,"DREAL Grand Est - UH Meuse-Moselle","HydroPortail/Hydro 2"
"299","A820101001","A8201010","L'Orne à Jarny [Labry]","STD","2005-01-01 00:00:00+01",NA,"26",910133,6900273,"DREAL Grand Est - UH Meuse-Moselle","Vigicrues/HydroPortail/Hydro 2"
"300","A830020101","A8300201","Le Woigot à Tucquegnieux","STD","2004-01-01 00:00:00+01",NA,"26",909744,6914465,"DREAL Grand Est - UH Meuse-Moselle","Vigicrues/HydroPortail/Hydro 2"
"301","A831030001","A8310300","La Vallée à Mance","STD","2003-03-17 00:00:00+01",NA,"26",913023,6911613,"DREAL Grand Est - UH Meuse-Moselle","Vigicrues/HydroPortail/Hydro 2"
"302","A832201001","A8322010","Le Woigot à Briey","STD","1967-06-14 00:00:00+01",NA,"26",913571,6909221,"DREAL Grand Est - UH Meuse-Moselle","Vigicrues/HydroPortail/Hydro 2"
"303","A840101001","A8401010","L'Orne à Moyeuvre-Grande","STD","1990-01-01 00:00:00+01",NA,"26",921448,6909706,"DREAL Grand Est - UH Meuse-Moselle","Vigicrues/HydroPortail/Hydro 2"
"304","A840601001","A8406010","L'Orne à Moyeuvre-Grande - Débordement minier dans l'Orne","STD","1999-01-01 00:00:00+01",NA,"26",920748,6909581,"DREAL Grand Est - UH Meuse-Moselle","HydroPortail/Hydro 2"
"305","A842020101","A8420201","Le Conroy à Moyeuvre-Petite","STD","2000-01-01 00:00:00+01",NA,"26",918500,6913699,"DREAL Grand Est - UH Meuse-Moselle","Vigicrues/HydroPortail/Hydro 2"
"306","A843101001","A8431010","L'Orne à Rosselange","STD","1967-12-16 00:00:00+01",NA,"26",923618,6910654,"DREAL Grand Est - UH Meuse-Moselle","Vigicrues/HydroPortail/Hydro 2"
"307","A850061001","A8500610","La Moselle à Uckange","STD","1981-10-01 00:00:00+01",NA,"26",930676,6917649,"DREAL Grand Est - UH Meuse-Moselle","Vigicrues/HydroPortail/Hydro 2"
"308","A851020501","A8510205","La Fensch à Knutange [Galerie de la Paix] - Débordement minier de la galerie de la Paix dans la Fensch","STD","2008-03-01 00:00:00+01","2013-07-11 00:00:00+02","26",919953,6920374,"DREAL Grand Est - UH Meuse-Moselle","HydroPortail/Hydro 2"
"309","A860304001","A8603040","Le Veymerange à Thionville","STD","2003-01-01 00:00:00+01",NA,"26",929199,6920553,"DREAL Grand Est - UH Meuse-Moselle","Vigicrues/HydroPortail/Hydro 2"
"310","A860304101","A8603030","Le Veymerange à Terville - Le Veymerange à Terville","STD","1985-01-01 00:00:00+01","1987-03-23 00:00:00+01","26",929145,6920526,"DREAL Grand Est - UH Meuse-Moselle","HydroPortail/Hydro 2"
"311","A861202001","A8612020","La Fensch à Knutange","STD","1984-10-01 00:00:00+01",NA,"26",920582,6920238,"DREAL Grand Est - UH Meuse-Moselle","Vigicrues/HydroPortail/Hydro 2"
"312","A864030001","A8640300","La Kiesel à Hettange-Grande","STD","2004-01-28 00:00:00+01",NA,"26",929935,6926367,"DREAL Grand Est - UH Meuse-Moselle","Vigicrues/HydroPortail/Hydro 2"
"313","A871000101","A8712010","Le Canner à Bettelainville - La Canner à Bettelainville","STD","1970-07-28 00:00:00+01","1989-01-04 00:00:00+01","26",942649,6908488,"DREAL Grand Est - UH Meuse-Moselle","HydroPortail/Hydro 2"
"314","A873201001","A8732010","Le Canner à Kœnigsmacker","STD","1969-09-01 00:00:00+01",NA,"26",937570,6926300,"DREAL Grand Est - UH Meuse-Moselle","Vigicrues/HydroPortail/Hydro 2"
"315","A882000101","A8823010","Le ruisseau de Boler à Gavisse - La boler à Gavisse","STD","1977-01-21 00:00:00+01","1983-11-10 00:00:00+01","26",938277,6930693,"DREAL Grand Est - UH Meuse-Moselle","HydroPortail/Hydro 2"
"316","A885301001","A8853010","Le ruisseau de Montenach à Sierck-les-Bains","STD","1969-09-01 00:00:00+01","1985-01-01 00:00:00+01","26",943937,6931390,"DREAL Grand Est - UH Meuse-Moselle","HydroPortail/Hydro 2"
"317","A888301001","A8883010","Le ruisseau d'Apach à Manderen","STD","1964-12-01 00:00:00+01","1983-01-01 00:00:00+01","26",949168,6932233,"DREAL Grand Est - UH Meuse-Moselle","HydroPortail/Hydro 2"
"318","A890201001","A8902010","L'Alzette à Audun-le-Tiche","STD","1970-07-23 00:00:00+01","2007-01-02 00:00:00+01","26",915075,6935974,"DREAL Grand Est - UH Meuse-Moselle","HydroPortail/Hydro 2"
"319","A891030101","A8910301","Le Kayl à Ottange","STD","2004-03-01 00:00:00+01",NA,"26",919349,6931516,"DREAL Grand Est - UH Meuse-Moselle","Vigicrues/HydroPortail/Hydro 2"
"320","A891030102",NA,"Le Kayl à Ottange","STD","2014-07-01 00:00:00+02",NA,"26",919349,6931516,"DREAL Grand Est - UH Meuse-Moselle","HydroPortail"
"321","A900105050","A9001050","La Sarre à Laneuveville-lès-Lorquin","STD","1968-08-01 00:00:00+01",NA,"26",995146,6846872,"DREAL Grand Est - UH Rhin-Sarre","Vigicrues/HydroPortail/Hydro 2"
"322","A901305050","A9013050","La Sarre Rouge à Vasperviller","STD","1968-08-01 00:00:00+01",NA,"26",999319,6845472,"DREAL Grand Est - UH Rhin-Sarre","Vigicrues/HydroPortail/Hydro 2"
"323","A902101050","A9021040","La Sarre à Hermelange","STD","2008-09-01 00:00:00+02",NA,"26",995426,6849752,"DREAL Grand Est - UH Rhin-Sarre","Vigicrues/HydroPortail/Hydro 2"
"324","A902101060","A9021050","La Sarre à Hermelange - Ancienne","STD","1968-08-01 00:00:00+01","2011-01-01 00:00:00+01","26",995426,6849752,"DREAL Grand Est - UH Rhin-Sarre","HydroPortail/Hydro 2"
"325","A902102050","A9021010","La Sarre à Sarrebourg","STD","1953-01-01 00:00:00+01",NA,"26",997718,6856198,"DREAL Grand Est - UH Rhin-Sarre","Vigicrues/HydroPortail/Hydro 2"
"326","A902102101","A9021021","Le ruisseau de Gondrexange à Imling","STD","2015-09-01 00:00:00+02",NA,"26",995630,6852979,"DREAL Grand Est - UH Rhin-Sarre","Vigicrues/HydroPortail/Hydro 2"
"327","A906215050","A9072050","L'Isch à Postroff","STD","1969-01-01 00:00:00+01",NA,"26",998615,6868830,"DREAL Grand Est - UH Rhin-Sarre","Vigicrues/HydroPortail/Hydro 2"
"328","A907105050","A9091060","La Sarre à Diedendorf","STD","1970-07-01 00:00:00+01",NA,"26",997288,6871776,"DREAL Grand Est - UH Rhin-Sarre","Vigicrues/HydroPortail/Hydro 2"
"329","A909106050","A9091050","La Sarre à Keskastel","STD","1967-01-01 00:00:00+01",NA,"26",995582,6881987,"DREAL Grand Est - UH Rhin-Sarre","Vigicrues/HydroPortail/Hydro 2"
"330","A919205040","A9132050","L'Albe à Sarralbe - Rech [Ancienne]","STD","1967-01-01 00:00:00+01","2007-08-06 00:00:00+02","26",993510,6883324,"DREAL Grand Est - UH Rhin-Sarre","HydroPortail/Hydro 2"
"331","A919205050","A9192060","L'Albe à Sarralbe - Eich","STD","2008-01-01 00:00:00+01",NA,"26",993989,6884972,"DREAL Grand Est - UH Rhin-Sarre","Vigicrues/HydroPortail/Hydro 2"
"332","A920107050","A9200100","La Sarre à Sarralbe [centre]","STD","2005-02-21 00:00:00+01",NA,"26",995014,6885900,"DREAL Grand Est - UH Rhin-Sarre","Vigicrues/HydroPortail/Hydro 2"
"333","A923205030","A9230205","L'Eichel à Diemeringen - Ancienne","STD","1967-01-01 00:00:00+01","2010-01-04 00:00:00+01","26",1006623,6879220,"DREAL Grand Est - UH Rhin-Sarre","HydroPortail/Hydro 2"
"334","A923205040","A9232010","L'Eichel à Diemeringen","STD","2009-11-23 00:00:00+01",NA,"26",1006654,6879471,"DREAL Grand Est - UH Rhin-Sarre","Vigicrues/HydroPortail/Hydro 2"
"335","A926000101","A9352050","L'Eichel à Oermingen","STD","1968-05-01 00:00:00+01",NA,"26",1002080,6885741,"DREAL Grand Est - UH Rhin-Sarre","Vigicrues/HydroPortail/Hydro 2"
"336","A930108040","A9301010","La Sarre à Wittring","STD","1987-04-02 00:00:00+02",NA,"26",1003217,6891676,"DREAL Grand Est - UH Rhin-Sarre","Vigicrues/HydroPortail/Hydro 2"
"337","A931108050","A9221010","La Sarre à Sarreinsming","STD","1964-01-01 00:00:00+01","2021-07-06 00:00:00+02","26",999862,6895238,"DREAL Grand Est - UH Rhin-Sarre","HydroPortail/Hydro 2"
"338","A931108060","A9311050","La Sarre à Sarreguemines - Centre","STD","2007-01-01 00:00:00+01",NA,"26",997110,6897940,"DREAL Grand Est - UH Rhin-Sarre","Vigicrues/HydroPortail/Hydro 2"
"339","A931109050","A9251050","La Sarre à Sarreguemines [Welferding]","STD","1975-10-01 00:00:00+01","2018-01-05 00:00:00+01","26",995091,6898956,"DREAL Grand Est - UH Rhin-Sarre","HydroPortail/Hydro 2"
"340","A932215050","A9402110","L'Horn à Bousseviller","STD","1969-10-01 00:00:00+01",NA,"26",1026256,6901164,"DREAL Grand Est - UH Rhin-Sarre","Vigicrues/HydroPortail/Hydro 2"
"341","A937205040","A9425050","La Blies à Bliesbruck - fermée","STD","1977-08-01 00:00:00+02","2007-04-02 00:00:00+02","26",1004866,6898783,"DREAL Grand Est - UH Rhin-Sarre","HydroPortail/Hydro 2"
"342","A937205050","A9372050","La Blies à Bliesbruck - Pont","STD","2007-01-01 00:00:00+01",NA,"26",1004866,6898783,"DREAL Grand Est - UH Rhin-Sarre","Vigicrues/HydroPortail/Hydro 2"
"343","A937205051","A9372060","La Blies à Bliesbruck - Tyrolienne","STD","2015-02-28 00:00:00+01",NA,"26",1014725,6898677,"DREAL Grand Est - UH Rhin-Sarre","HydroPortail/Hydro 2"
"344","A953205050","A9532005","Le Rosselle à Forbach [Petite-Rosselle]","STD","2008-01-01 00:00:00+01",NA,"26",981244,6905494,"DREAL Grand Est - UH Rhin-Sarre","Vigicrues/HydroPortail/Hydro 2"
"345","A953205060","A9532010","Le Rosselle à Forbach [Petite-Rosselle] - Ancienne","STD","1900-12-12 00:00:00+00:09:21","2008-07-21 00:00:00+02","26",981244,6905494,"DREAL Grand Est - UH Rhin-Sarre","HydroPortail/Hydro 2"
"346","A973121001","A9731210","La Nied [Française] à Ancerville","STD","2002-06-20 00:00:00+02",NA,"26",947347,6886269,"DREAL Grand Est - UH Meuse-Moselle","Vigicrues/HydroPortail/Hydro 2"
"347","A973731001","A9737310","Le ruisseau Elvon à Bazoncourt","STD","1980-11-01 00:00:00+01","1992-01-01 00:00:00+01","26",947325,6887171,"DREAL Grand Est - UH Meuse-Moselle","HydroPortail/Hydro 2"
"348","A975201001","A9752010","La Nied [Française] à Condé-Northen [Pontigny]","STD","1968-11-01 00:00:00+01",NA,"26",949558,6899519,"DREAL Grand Est - UH Meuse-Moselle","Vigicrues/HydroPortail/Hydro 2"
"349","A983201001","A9832010","La Nied Allemande à Faulquemont","STD","1984-04-01 00:00:00+02",NA,"26",964132,6889008,"DREAL Grand Est - UH Meuse-Moselle","Vigicrues/HydroPortail/Hydro 2"
"350","A986201001","A9862010","La Nied Allemande à Varize","STD","1968-11-01 00:00:00+01",NA,"26",951384,6899115,"DREAL Grand Est - UH Meuse-Moselle","Vigicrues/HydroPortail/Hydro 2"
"351","A994202001","A9942020","La Nied à Filstroff","STD","2002-02-22 00:00:00+01",NA,"26",957707,6919653,"DREAL Grand Est - UH Meuse-Moselle","Vigicrues/HydroPortail/Hydro 2"
"352","A994202002","A9942010","La Nied à Bouzonville","STD","1964-11-05 00:00:00+01","2006-01-13 00:00:00+01","26",957370,6917066,"DREAL Grand Est - UH Meuse-Moselle","HydroPortail/Hydro 2"
"353","B022001001","B0220010","La Meuse à Goncourt","STD","1971-09-14 00:00:00+01",NA,"26",894048,6796620,"DREAL Grand Est - UH Meuse-Moselle","Vigicrues/HydroPortail/Hydro 2"
"354","B105201001","B1052010","Le Mouzon à Sommerécourt","STD","1995-01-12 00:00:00+01",NA,"26",897802,6794898,"DREAL Grand Est - UH Meuse-Moselle","Vigicrues/HydroPortail/Hydro 2"
"355","B109201001","B1092010","Le Mouzon à Circourt-sur-Mouzon [Villars]","STD","1968-07-01 00:00:00+01",NA,"26",900866,6805350,"DREAL Grand Est - UH Meuse-Moselle","Vigicrues/HydroPortail/Hydro 2"
"356","B110000001","B1100000","La Meuse à Neufchâteau","STD","1994-01-22 00:00:00+01",NA,"26",898729,6809856,"DREAL Grand Est - UH Meuse-Moselle","Vigicrues/HydroPortail/Hydro 2"
"357","B115001001","B1150010","La Meuse à Domrémy-la-Pucelle","STD","1968-11-13 00:00:00+01",NA,"26",897882,6818878,"DREAL Grand Est - UH Meuse-Moselle","Vigicrues/HydroPortail/Hydro 2"
"358","B122201001","B1322010","Le Vair à Belmont-sur-Vair","STD","1987-08-05 00:00:00+02",NA,"26",915349,6798802,"DREAL Grand Est - UH Meuse-Moselle","Vigicrues/HydroPortail/Hydro 2"
"359","B128201001","B1282010","Le Vair à Soulosse-sous-Saint-Élophe","STD","1968-08-01 00:00:00+01",NA,"26",902248,6814884,"DREAL Grand Est - UH Meuse-Moselle","Vigicrues/HydroPortail/Hydro 2"
"360","B130001001","B1300010","La Meuse à Maxey-sur-Meuse","STD","1995-01-11 00:00:00+01",NA,"26",899131,6820302,"DREAL Grand Est - UH Meuse-Moselle","Vigicrues/HydroPortail/Hydro 2"
"361","B133471001","B1334710","La Vaise [source] à Maxey-sur-Vaise","STD","1969-07-01 00:00:00+01","1990-01-01 08:55:00+01","26",896870,6829951,"DREAL Grand Est - UH Meuse-Moselle","HydroPortail/Hydro 2"
"362","B134001001","B1340010","La Meuse à Vaucouleurs [Chalaines]","STD","1972-12-31 00:00:00+01",NA,"26",897467,6836867,"DREAL Grand Est - UH Meuse-Moselle","Vigicrues/HydroPortail/Hydro 2"
"363","B134001002","B1340020","La Meuse à Vaucouleurs [Chalaines] - amont","STD","2012-02-02 00:00:00+01",NA,"26",897487,6836812,"DREAL Grand Est - UH Meuse-Moselle","Vigicrues/HydroPortail/Hydro 2"
"364","B200381001","B2003810","Le ruisseau le Vicherey à Vicherey","STD","1973-09-01 00:00:00+01","1978-03-01 12:00:00+01","26",917524,6813121,"DREAL Grand Est - UH Meuse-Moselle","HydroPortail/Hydro 2"
"365","B201201001","B2012010","L'Aroffe à Aroffe","STD","1979-09-01 00:00:00+02",NA,"26",914553,6815151,"DREAL Grand Est - UH Meuse-Moselle","Vigicrues/HydroPortail/Hydro 2"
"366","B204201001","B2042010","L'Aroffe à Vannes-le-Châtel","STD","1969-07-25 12:00:00+01",NA,"26",904072,6831253,"DREAL Grand Est - UH Meuse-Moselle","Vigicrues/HydroPortail/Hydro 2"
"367","B205201001","B2052010","L'Aroffe à Rigny-Saint-Martin","STD","1969-07-01 00:00:00+01","1990-01-01 00:00:00+01","26",900180,6838114,"DREAL Grand Est - UH Meuse-Moselle","HydroPortail/Hydro 2"
"368","B210000101","B2100001","La Meuse à Troussey","STD","2015-10-01 00:00:00+02",NA,"26",897263,6848789,"DREAL Grand Est - UH Meuse-Moselle","HydroPortail/Hydro 2"
"369","B213001001","B2130010","La Meuse à Commercy","STD","1995-05-22 00:00:00+02",NA,"26",891278,6855177,"DREAL Grand Est - UH Meuse-Moselle","Vigicrues/HydroPortail/Hydro 2"
"370","B222001001","B2220010","La Meuse à Saint-Mihiel","STD","1968-06-26 00:00:00+01",NA,"26",885599,6866415,"DREAL Grand Est - UH Meuse-Moselle","Vigicrues/HydroPortail/Hydro 2"
"371","B300301001","B3003010","Le ruisseau la Scance à Verdun","STD","1981-12-01 00:00:00+01","2006-01-17 00:00:00+01","26",872667,6898484,"DREAL Grand Est - UH Meuse-Moselle","HydroPortail/Hydro 2"
"372","B301001001","B3010010","La Meuse à Belleville-sur-Meuse","STD","1993-07-26 00:00:00+02",NA,"26",873479,6899559,"DREAL Grand Est - UH Meuse-Moselle","Vigicrues/HydroPortail/Hydro 2"
"373","B301001002","B2360010","La Meuse à Verdun - Pont Chaussée","STD","1993-08-10 00:00:00+02",NA,"26",874069,6898445,"DREAL Grand Est - UH Meuse-Moselle","Vigicrues/HydroPortail/Hydro 2"
"374","B315002001","B3150020","La Meuse à Stenay","STD","1963-08-26 00:00:00+01",NA,"26",857893,6934955,"DREAL Grand Est - UH Meuse-Moselle","Vigicrues/HydroPortail/Hydro 2"
"375","B315002002","B3120010","La Meuse à Stenay - Ancienne","STD","1963-08-26 00:00:00+01","1982-01-01 00:00:00+01","26",857806,6935004,"DREAL Grand Est - UH Meuse-Moselle","HydroPortail/Hydro 2"
"376","B400101001","B4001010","La Chiers à Longlaville","STD","1996-01-01 00:00:00+01",NA,"26",902969,6941124,"DREAL Grand Est - UH Meuse-Moselle","Vigicrues/HydroPortail/Hydro 2"
"377","B402101001","B4021010","La Chiers à Longwy","STD","1993-07-26 00:00:00+02",NA,"26",900405,6938134,"DREAL Grand Est - UH Meuse-Moselle","Vigicrues/HydroPortail/Hydro 2"
"378","B403101001","B4031010","La Chiers à Montigny-sur-Chiers","STD","1968-09-01 00:00:00+01",NA,"26",892621,6933897,"DREAL Grand Est - UH Meuse-Moselle","Vigicrues/HydroPortail/Hydro 2"
"379","B413201001","B4132010","La Crusnes à Pierrepont","STD","1966-11-07 00:00:00+01",NA,"26",896005,6927788,"DREAL Grand Est - UH Meuse-Moselle","Vigicrues/HydroPortail/Hydro 2"
"380","B422431001","B4224310","Le Ton à Écouviez","STD","1976-04-29 00:00:00+02",NA,"26",878174,6939048,"DREAL Grand Est - UH Meuse-Moselle","Vigicrues/HydroPortail/Hydro 2"
"381","B425301001","B4253010","Le ruisseau la Thonne à Thonne-les-Près","STD","1973-09-30 00:00:00+01","1992-01-01 00:00:00+01","26",870371,6938864,"DREAL Grand Est - UH Meuse-Moselle","HydroPortail/Hydro 2"
"382","B431020001","B4310200","L'Othain à Spincourt [Houdelaucourt]","STD","2002-03-11 00:00:00+01",NA,"26",894863,6916353,"DREAL Grand Est - UH Meuse-Moselle","Vigicrues/HydroPortail/Hydro 2"
"383","B431201001","B4312010","L'Othain à Dommary-Baroncourt [Dommary]","STD","1985-03-01 00:00:00+01","1989-01-01 12:00:00+01","26",897288,6912073,"DREAL Grand Est - UH Meuse-Moselle","HydroPortail/Hydro 2"
"384","B435201001","B4352010","L'Othain à Othe","STD","1966-09-01 00:00:00+01",NA,"26",876841,6935490,"DREAL Grand Est - UH Meuse-Moselle","Vigicrues/HydroPortail/Hydro 2"
"385","B440201001","B4402010","Le Loison à Billy-sous-Mangiennes","STD","1984-06-01 00:00:00+02","1992-01-01 00:00:00+01","26",886926,6917697,"DREAL Grand Est - UH Meuse-Moselle","HydroPortail/Hydro 2"
"386","B453000101","B4530001","Le Loison à Vittarville","STD","2019-08-19 00:00:00+02",NA,"26",874540,6925215,"DREAL Grand Est - UH Meuse-Moselle","Vigicrues/HydroPortail/Hydro 2"
"387","B457201001","B4572010","Le Loison à Han-lès-Juvigny","STD","1969-08-01 00:00:00+01",NA,"26",868880,6933730,"DREAL Grand Est - UH Meuse-Moselle","Vigicrues/HydroPortail/Hydro 2"
"388","B460101001","B4601010","La Chiers à Chauvency-le-Château","STD","1957-08-01 00:00:00+01",NA,"26",867522,6937654,"DREAL Grand Est - UH Meuse-Moselle","Vigicrues/HydroPortail/Hydro 2"
"389","B463101001","B4631010","La Chiers à Carignan","STD","1965-11-01 00:00:00+01",NA,"26",856034,6949934,"DREAL Grand Est - UH Meuse-Moselle","Vigicrues/HydroPortail/Hydro 2"
"390","B466010101","B4660101","La Chiers à Brévilly","STD","2008-01-01 00:00:00+01",NA,"26",850524,6954167,"DREAL Grand Est - UH Meuse-Moselle","Vigicrues/HydroPortail/Hydro 2"
"391","B502001001","B5020010","La Meuse à Sedan","STD","1993-10-20 00:00:00+01",NA,"26",839738,6957523,"DREAL Grand Est - UH Meuse-Moselle","Vigicrues/HydroPortail/Hydro 2"
"392","B504000101","B5043010","Le ruisseau la Vrigne à Vrigne-aux-Bois","STD","1978-03-01 00:00:00+01","1988-05-19 00:00:00+02","26",833455,6963229,"DREAL Grand Est - UH Meuse-Moselle","HydroPortail/Hydro 2"
"393","B517201001","B5172010","La Bar à Cheveuges","STD","1969-05-01 00:00:00+01",NA,"26",836012,6952873,"DREAL Grand Est - UH Meuse-Moselle","Vigicrues/HydroPortail/Hydro 2"
"394","B532201001","B5322010","La Vence à la Francheville","STD","1968-04-01 00:00:00+01",NA,"26",823654,6960097,"DREAL Grand Est - UH Meuse-Moselle","Vigicrues/HydroPortail/Hydro 2"
"395","B540001001","B5400010","La Meuse à Charleville-Mézières","STD","1993-09-28 00:00:00+01",NA,"26",823706,6963646,"DREAL Grand Est - UH Meuse-Moselle","Vigicrues/HydroPortail/Hydro 2"
"396","B557201001","B5572010","La Sormonne à Belval","STD","1969-10-10 00:00:00+01",NA,"26",818028,6965782,"DREAL Grand Est - UH Meuse-Moselle","Vigicrues/HydroPortail/Hydro 2"
"397","B560001001","B5600010","La Meuse à Montcy-Notre-Dame","STD","1972-02-01 00:00:00+01",NA,"26",824900,6966183,"DREAL Grand Est - UH Meuse-Moselle","Vigicrues/HydroPortail/Hydro 2"
"398","B560010101","B7000101","La Meuse à Aiglemont","STD","1996-01-09 00:00:00+01",NA,"26",826295,6965323,"DREAL Grand Est - UH Meuse-Moselle","Vigicrues/HydroPortail/Hydro 2"
"399","B611101001","B6111010","La Semoy à Haulmé","STD","1965-09-01 00:00:00+01",NA,"26",828523,6975250,"DREAL Grand Est - UH Meuse-Moselle","Vigicrues/HydroPortail/Hydro 2"
"400","B700001001","B7000020","La Meuse à Monthermé - Débitmètre","DEB","1994-11-17 00:00:00+01",NA,"26",824472,6977095,"DREAL Grand Est - UH Meuse-Moselle","HydroPortail/Hydro 2"
"401","B700001002","B7000010","La Meuse à Monthermé - Limnimètre","STD","1994-11-17 00:00:00+01",NA,"26",824472,6977095,"DREAL Grand Est - UH Meuse-Moselle","Vigicrues/HydroPortail/Hydro 2"
"402","B720000001","B7200000","La Meuse à Chooz - Trou du Diable","STD","2004-04-21 00:00:00+02",NA,"26",827688,7000411,"DREAL Grand Est - UH Meuse-Moselle","Vigicrues/HydroPortail/Hydro 2"
"403","B720000002","B7200010","La Meuse à Chooz - Ile Graviat","STD","1953-02-02 00:00:00+01",NA,"26",829403,7000816,"DREAL Grand Est - UH Meuse-Moselle","Vigicrues/HydroPortail/Hydro 2"
"404","B720000003",NA,"La Meuse à Chooz - Chooz Petit","DEB","2019-06-01 00:00:00+02",NA,"26",829595.66115715,7001881.9572589,"DREAL Grand Est - UH Meuse-Moselle","HydroPortail"
"405","B732201001","B7322010","La Houille à Landrichamps","STD","1957-02-03 12:00:00+01",NA,"26",830847,6999962,"DREAL Grand Est - UH Meuse-Moselle","Vigicrues/HydroPortail/Hydro 2"
"406","F422000201","H3201010","Le Loing à Châlette-sur-Loing [Gué de Lancy]","STD","1966-01-01 00:00:00+01",NA,"26",680041,6770603,"DRIEAT Ile-de-France - UH Ile-de-Fr","Vigicrues/HydroPortail/Hydro 2"
"407","F450000301","H4002010","L'Essonne à Bondaroy","STD","1970-04-06 00:00:00+01","2010-10-01 17:30:00+02","26",646419,6786233,"DREAL Centre-Val de Loire - UH Auve","HydroPortail/Hydro 2"
"408","F456042001","F4560420","La Juine à Saclas","STD","2012-01-01 00:00:00+01",NA,"26",635250,6807199,"DREAL Centre-Val de Loire - UH Auve","Vigicrues/HydroPortail/Hydro 2"
"409","H332201001","H3322010","La Bezonde à Pannes","STD","1980-10-28 00:00:00+01",NA,"26",675812,6766994,"DREAL Centre-Val de Loire - UH Auve","Vigicrues/HydroPortail/Hydro 2"
"410","H352201010",NA,"Le Fusain à Courtempierre - Station débitmétrique","DEB","1967-01-01 00:00:00+01",NA,"26",672995,6778970,"DREAL Centre-Val de Loire - UH Auve","Vigicrues/HydroPortail"
"411","H352201011","H3522010","Le Fusain à Courtempierre","STD","2018-03-22 00:00:00+01",NA,"26",672995,6778970,"DREAL Centre-Val de Loire - UH Auve","HydroPortail/Hydro 2"
"412","H402203001","H4022030","L'Essonne à Boulancourt","STD","1985-08-01 00:00:00+02",NA,"26",657514,6795419,"DREAL Centre-Val de Loire - UH Auve","Vigicrues/HydroPortail/Hydro 2"
"413","H403301001","H4033010","La Juine à Méréville [Ancienne] - Ancienne","STD","1969-05-01 00:00:00+01","2017-01-22 00:00:00+01","26",633432,6804006,"DREAL Centre-Val de Loire - UH Auve","HydroPortail/Hydro 2"
"414","H406840001","H4068400","La Voise à Ymeray","STD","2017-08-18 13:00:00+02",NA,"26",604724,6823987,"DREAL Centre-Val de Loire - UH Auve","Vigicrues/HydroPortail/Hydro 2"
"415","H611301001","H6113010","La Cousances à Aubréville","STD","1968-11-01 00:00:00+01","2002-10-16 09:00:00+02","26",852116,6896006,"DREAL Grand Est - UH Seine-Oise","HydroPortail/Hydro 2"
"416","K001002010",NA,"La Loire à Cros-de-Géorand - Barrage de la Palisse","STD","1999-07-01 00:00:00+02",NA,"26",786215,6410230,"DREAL Centre-Val de Loire - UH Auve","Vigicrues/HydroPortail"
"417","K001872010",NA,"Le Gage à Cros-de-Géorand - Barrage du Peyron","STD","1999-07-01 00:00:00+02",NA,"26",786735,6411792,"DREAL Centre-Val de Loire - UH Auve","Vigicrues/HydroPortail"
"418","K001872301","K0010010","La Loire à Usclades-et-Rieutord - Rieutord","STD","2017-11-30 00:00:00+01",NA,"26",791441,6408188,"DREAL Centre-Val de Loire - UH Auve","HydroPortail/Hydro 2"
"419","K002000101","K0030010","La Loire à Issarlès [Pont de la Borie - QNR]","STD","1972-01-01 00:00:00+01",NA,"26",782891,6413935,"Electricité de France (EDF)","HydroPortail/Hydro 2"
"420","K003002010","K0030020","La Loire à Issarlès - Pont de La Borie","STD","1999-05-26 00:00:00+02",NA,"26",782858,6413968,"DREAL Centre-Val de Loire - UH Auve","Vigicrues/HydroPortail/Hydro 2"
"421","K004551001","K0045510","La Méjeanne à Saint-Arcons-de-Barges - Montbel","STD","2011-01-01 00:00:00+01",NA,"26",774643,6414533,"DREAL Centre-Val de Loire - UH Auve","Vigicrues/HydroPortail/Hydro 2"
"422","K010002010","K0100020","La Loire à Goudet","STD","1981-09-30 00:00:00+01",NA,"26",772786,6421521,"DREAL Centre-Val de Loire - UH Auve","Vigicrues/HydroPortail/Hydro 2"
"423","K010002011",NA,"La Loire à Goudet - Station débitmétrique","DEB","2021-05-21 00:00:00+02",NA,"26",772786,6421521,"DREAL Centre-Val de Loire - UH Auve","HydroPortail"
"424","K010002201","K0100010","La Loire à Arlempdes","STD","1946-01-01 00:00:00+01","1980-09-22 00:00:00+02","26",772917,6419192,"DREAL Centre-Val de Loire - UH Auve","HydroPortail/Hydro 2"
"425","K011401001","K0114010","La Gazeille au Monastier-sur-Gazeille [Ancienne]","STD","1946-01-01 00:00:00+01","1980-09-23 00:00:00+02","26",776840,6426837,"DREAL Centre-Val de Loire - UH Auve","HydroPortail/Hydro 2"
"426","K011402001","K0114020","La Gazeille au Monastier-sur-Gazeille - La Besseyre Haute","STD","1989-03-01 00:00:00+01",NA,"26",782031,6425833,"DREAL Centre-Val de Loire - UH Auve","Vigicrues/HydroPortail/Hydro 2"
"427","K011403001","K0114030","La Gazeille à Chadron - Colempce Bas","STD","2015-06-08 00:00:00+02",NA,"26",773821,6428598,"DREAL Centre-Val de Loire - UH Auve","Vigicrues/HydroPortail/Hydro 2"
"428","K012002010","K0120020","La Loire à Coubon - Ancienne","STD","1998-10-21 00:00:00+02","2016-12-31 00:00:00+01","26",772342,6433586,"DREAL Centre-Val de Loire - UH Auve","HydroPortail/Hydro 2"
"429","K012002011","K0120010","La Loire à Coubon - Charentus","STD","1900-12-12 12:12:00+00:09:21","1976-01-01 00:00:00+01","26",770591.28347698,6433534.2305628,"DREAL Centre-Val de Loire - UH Auve","HydroPortail/Hydro 2"
"430","K013401001","K0134010","La Laussonne à Lantriac - Pont de Moulines","STD","2011-01-01 00:00:00+01",NA,"26",776897,6430044,"DREAL Centre-Val de Loire - UH Auve","Vigicrues/HydroPortail/Hydro 2"
"431","K021401001","K0214010","La Gagne à Saint-Germain-Laprade - Les Pandraux","STD","1996-11-01 00:00:00+01",NA,"26",777234,6435320,"DREAL Centre-Val de Loire - UH Auve","Vigicrues/HydroPortail/Hydro 2"
"432","K022001001","K0220010","La Loire à Brives-Charensac [Ancienne]","STD","1953-01-01 00:00:00+01","1998-01-01 00:00:00+01","26",773142,6438425,"DREAL Centre-Val de Loire - UH Auve","HydroPortail/Hydro 2"
"433","K024301001","K0243010","La Borne à Saint-Paulien - La Rochelambert","STD","2003-08-31 00:00:00+02",NA,"26",762428,6447090,"DREAL Centre-Val de Loire - UH Auve","Vigicrues/HydroPortail/Hydro 2"
"434","K024881001","K0248810","[La Musette] à Loudes - Vendos - Ancienne","STD","1997-12-01 00:00:00+01","2014-04-24 00:00:00+02","26",760298,6444305,"DREAL Centre-Val de Loire - UH Auve","HydroPortail/Hydro 2"
"435","K025301001","K0253010","La Borne à Chadrac [Ancienne]","STD","1919-01-01 00:00:00+00","1984-01-01 00:00:00+01","26",771323,6440120,"DREAL Centre-Val de Loire - UH Auve","HydroPortail/Hydro 2"
"436","K025302001","K0253020","La Borne à Espaly-Saint-Marcel - Ancienne","STD","1899-12-31 12:00:00+00:09:21","2013-01-01 00:00:00+01","26",768041,6439267,"DREAL Centre-Val de Loire - UH Auve","HydroPortail/Hydro 2"
"437","K025302002","K0253030","La Borne à Aiguilhe","STD","2013-02-19 14:50:00+01",NA,"26",769904,6439385,"DREAL Centre-Val de Loire - UH Auve","Vigicrues/HydroPortail/Hydro 2"
"438","K025801001","K0258010","Le Dolaizon à Vals-près-le-Puy - Les Vigneaux","STD","2001-04-01 00:00:00+02",NA,"26",767932,6436481,"DREAL Centre-Val de Loire - UH Auve","Vigicrues/HydroPortail/Hydro 2"
"439","K026001001","K0260010","La Loire à Chadrac - Ancienne","STD","1921-01-01 00:00:00+00","1996-11-13 05:00:00+01","26",771224,6441380,"DREAL Centre-Val de Loire - UH Auve","HydroPortail/Hydro 2"
"440","K026001002","K0260020","La Loire à Chadrac - Pont du Monteil","STD","1998-01-01 00:00:00+01",NA,"26",770977,6441378,"DREAL Centre-Val de Loire - UH Auve","Vigicrues/HydroPortail/Hydro 2"
"441","K027401001","K0274010","La Sumène à Blavozy - Ancienne","STD","1997-12-01 00:00:00+01","2011-10-21 12:00:00+02","26",775768,6440265,"DREAL Centre-Val de Loire - UH Auve","HydroPortail/Hydro 2"
"442","K027401002","K0274020","La Sumène à Blavozy - Le Bourg","STD","2011-03-15 12:00:00+01",NA,"26",777221,6440092,"DREAL Centre-Val de Loire - UH Auve","Vigicrues/HydroPortail/Hydro 2"
"443","K032000101","K0323010","L'Arzon à Chomelix","STD","1969-11-01 00:00:00+01","1986-01-01 12:00:00+01","26",764733,6463226,"DREAL Centre-Val de Loire - UH Auve","HydroPortail/Hydro 2"
"444","K033301001","K0333010","L'Arzon à Vorey - Pont Eytravazet","STD","1997-12-01 00:00:00+01",NA,"26",769052,6456733,"DREAL Centre-Val de Loire - UH Auve","Vigicrues/HydroPortail/Hydro 2"
"445","K034000101","K0340010","La Loire à Vorey - Le Chambon de Vorey","STD","2016-06-01 00:00:00+02",NA,"26",773286,6456428,"DREAL Centre-Val de Loire - UH Auve","Vigicrues/HydroPortail/Hydro 2"
"446","K035631001","K0356310","Le Ramel à Beaux - Malataverne","STD","2010-03-15 00:00:00+01",NA,"26",784477,6452891,"DREAL Centre-Val de Loire - UH Auve","Vigicrues/HydroPortail/Hydro 2"
"447","K040301001","K0403010","Le Lignon au Chambon-sur-Lignon","STD","1921-01-01 00:00:00+00",NA,"26",802402,6440678,"DREAL Centre-Val de Loire - UH Auve","Vigicrues/HydroPortail/Hydro 2"
"448","K040302001","K0403020","Le Lignon aux Vastres - Ancienne","STD","1998-02-01 00:00:00+01","2008-09-02 00:00:00+02","26",797876,6433130,"DREAL Centre-Val de Loire - UH Auve","HydroPortail/Hydro 2"
"449","K040302002","K0403030","Le Lignon aux Vastres - Pont Marie","STD","2008-09-02 00:00:00+02",NA,"26",797876,6433130,"DREAL Centre-Val de Loire - UH Auve","Vigicrues/HydroPortail/Hydro 2"
"450","K040303201",NA,"Le Lignon à Tence","STD","2016-07-22 00:00:00+02","2016-07-22 00:01:00+02","26",800221,6449803,"DREAL Centre-Val de Loire - UH Auve","HydroPortail"
"451","K041031001",NA,"Le Lignon à Tence - Seuil levée Morin","STD","2018-05-01 00:00:00+02",NA,"26",800231,6449798,"DREAL Centre-Val de Loire - UH Auve","HydroPortail"
"452","K041031002",NA,"Le Lignon à Tence - Seuil levée Morin - Station débitmétrique","DEB","2021-05-21 00:00:00+02",NA,"26",800231,6449798,"DREAL Centre-Val de Loire - UH Auve","HydroPortail"
"453","K043302010","K0433020","Le Lignon à Saint-Jeures - Barrage de la Valette","STD","2002-05-16 00:00:00+02",NA,"26",795087,6450796,"DREAL Centre-Val de Loire - UH Auve","Vigicrues/HydroPortail/Hydro 2"
"454","K043303001","K0433030","Le Lignon à Grazac - Barrage de la Chapelette","STD","2002-05-16 00:00:00+02",NA,"26",792610,6452737,"DREAL Centre-Val de Loire - UH Auve","Vigicrues/HydroPortail/Hydro 2"
"455","K043651001","K0436510","L'Auze à Araules - Pont - Ancienne","STD","1998-06-01 00:00:00+02","2013-06-01 00:00:00+02","26",792647,6443574,"DREAL Centre-Val de Loire - UH Auve","HydroPortail/Hydro 2"
"456","K043651101","K0433010","Le Lignon à Yssingeaux [Versilhac-la-Valette - QNR]","STD","1926-01-01 00:00:00+00",NA,"26",795244,6450787,"Electricité de France (EDF)","HydroPortail/Hydro 2"
"457","K045401001","K0454010","La Dunières à Sainte-Sigolène - Vaubarlet","STD","1946-03-01 00:00:00+01",NA,"26",795338,6458003,"DREAL Centre-Val de Loire - UH Auve","Vigicrues/HydroPortail/Hydro 2"
"458","K045402001","K0454020","La Dunières à Dunières","STD","1998-01-01 00:00:00+01",NA,"26",804549,6458743,"DREAL Centre-Val de Loire - UH Auve","Vigicrues/HydroPortail/Hydro 2"
"459","K046301001",NA,"Le Lignon à Monistrol-sur-Loire [Pont de Lignon] - Station débitmétrique","DEB","2014-09-18 00:00:00+02",NA,"26",790223,6462597,"DREAL Centre-Val de Loire - UH Auve","Vigicrues/HydroPortail"
"460","K046301002","K0463010","Le Lignon à Monistrol-sur-Loire [Pont de Lignon] - Station Limnimétrique","STD","2014-09-18 00:00:00+02",NA,"26",790223,6462597,"DREAL Centre-Val de Loire - UH Auve","Vigicrues/HydroPortail/Hydro 2"
"461","K051301001","K0513010","L'Ance à Sauvessanges","STD","1977-05-01 00:00:00+02",NA,"26",769762,6475999,"DREAL Centre-Val de Loire - UH Auve","Vigicrues/HydroPortail/Hydro 2"
"462","K053000101","K0523010","L'Ance à Saint-Julien-d'Ance [Laprat]","STD","1948-01-01 00:00:00+01",NA,"26",773629,6468157,"Electricité de France (EDF)","HydroPortail/Hydro 2"
"463","K054301001","K0543010","L'Ance à Beauzac - Bérard","STD","2013-10-29 15:45:00+01",NA,"26",784770,6464677,"DREAL Centre-Val de Loire - UH Auve","Vigicrues/HydroPortail/Hydro 2"
"464","K054301002",NA,"L'Ance à Beauzac - Station débitmétrique","DEB","2021-05-21 00:00:00+02",NA,"26",784770,6464677,"DREAL Centre-Val de Loire - UH Auve","HydroPortail"
"465","K054301201","K0543020","L'Andrable à Apinac - Les Terrasses","STD","2017-11-14 00:00:00+01",NA,"26",779564,6477408,"DREAL Centre-Val de Loire - UH Auve","Vigicrues/HydroPortail/Hydro 2"
"466","K055001010","K0550010","La Loire à Bas-en-Basset","STD","1918-01-01 00:00:00+00",NA,"26",787630,6466828,"DREAL Centre-Val de Loire - UH Auve","Vigicrues/HydroPortail/Hydro 2"
"467","K055001011",NA,"La Loire à Bas-en-Basset - Station débitmétrique","DEB","2021-05-21 00:00:00+02",NA,"26",787630,6466828,"DREAL Centre-Val de Loire - UH Auve","HydroPortail"
"468","K056752001","K0567520","La Semène à Saint-Didier-en-Velay - Le Crouzet","STD","1963-01-01 00:00:00+01",NA,"26",797911,6469124,"DREAL Centre-Val de Loire - UH Auve","Vigicrues/HydroPortail/Hydro 2"
"469","K056753001","K0567530","La Semène à Jonzieux","STD","1977-01-01 00:00:00+01",NA,"26",806852,6467648,"DREAL Auvergne-Rhône-Alpes - UH Rhô","HydroPortail/Hydro 2"
"470","K056831001","K0568310","[L'Ecotay] à Marlhes","STD","1978-01-01 00:00:00+01",NA,"26",808674,6464764,"DREAL Auvergne-Rhône-Alpes - UH Rhô","HydroPortail/Hydro 2"
"471","K058000101",NA,"L'Ondaine à Unieux - Le Pertuiset","STD","2018-05-01 00:00:00+02",NA,"26",797940,6479572,"DREAL Centre-Val de Loire - UH Auve","Vigicrues/HydroPortail"
"472","K060001001",NA,"La Loire à Saint-Just-Saint-Rambert - Barrage de Grangent","DEB","2001-06-01 00:00:00+02",NA,"26",797567,6486026,"DREAL Centre-Val de Loire - UH Auve","Vigicrues/HydroPortail"
"473","K061401001","K0614010","Le Furan à Andrézieux-Bouthéon","STD","1967-01-01 00:00:00+01",NA,"26",798209,6492244,"DREAL Auvergne-Rhône-Alpes - UH Rhô","HydroPortail/Hydro 2"
"474","K061401002",NA,"Le Furan à Andrézieux-Bouthéon - Pont de l'Avenue de l'Europe","STD","2021-03-01 11:00:00+01",NA,"26",798696.905246,6491856.42184,NA,"Vigicrues/HydroPortail"
"475","K061403001","K0614030","Le Furan à Saint-Étienne - Gouffre d'Enfer","STD","1999-01-01 00:00:00+01",NA,"26",813168,6478102,"DREAL Centre-Val de Loire - UH Auve","Vigicrues/HydroPortail/Hydro 2"
"476","K061601001","K0616010","L'Onzon à Sorbiers","STD","1982-06-01 00:00:00+02","1986-01-01 12:00:00+01","26",812298,6490669,"DREAL Auvergne-Rhône-Alpes - UH Rhô","HydroPortail/Hydro 2"
"477","K062451001","K0624510","Le Bonson à Saint-Marcellin-en-Forez - Le Bled - Ancienne","STD","1970-07-01 00:00:00+01","2008-11-01 00:00:00+01","26",792741,6486347,"DREAL Centre-Val de Loire - UH Auve","HydroPortail/Hydro 2"
"478","K062451002","K0624520","Le Bonson à Saint-Marcellin-en-Forez - Le Bled - Pont","STD","2011-06-01 00:00:00+02",NA,"26",792754,6486336,"DREAL Centre-Val de Loire - UH Auve","Vigicrues/HydroPortail/Hydro 2"
"479","K064311001","K0643110","La Mare à Saint-Marcellin-en-Forez - Vérines","STD","1970-07-01 00:00:00+01",NA,"26",788306,6488474,"DREAL Centre-Val de Loire - UH Auve","Vigicrues/HydroPortail/Hydro 2"
"480","K066331001","K0663310","La Coise à Larajasse [Le Nézel]","STD","1969-12-29 00:00:00+01",NA,"26",818834,6504313,"DREAL Auvergne-Rhône-Alpes - UH Rhô","Vigicrues/HydroPortail/Hydro 2"
"481","K067331001","K0673310","La Coise à Saint-Médard-en-Forez - Moulin Brûlé","STD","1961-01-01 00:00:00+01",NA,"26",807203,6501840,"DREAL Auvergne-Rhône-Alpes - UH Rhô","Vigicrues/HydroPortail/Hydro 2"
"482","K069001001","K0690010","La Loire à Montrond-les-Bains","STD","1981-01-01 00:00:00+01",NA,"26",795445,6505606,"DREAL Centre-Val de Loire - UH Auve","Vigicrues/HydroPortail/Hydro 2"
"483","K073322001","K0733220","Le Lignon à Chalmazel - Chevelières","STD","1957-10-14 00:00:00+01",NA,"26",767469,6511172,"DREAL Centre-Val de Loire - UH Auve","Vigicrues/HydroPortail/Hydro 2"
"484","K073322002","K0733210","Le Lignon à Chalmazel","STD","1949-01-01 00:00:00+01","1957-10-14 00:00:00+01","26",767482.96980889,6511168.2996889,"DREAL Centre-Val de Loire - UH Auve","HydroPortail/Hydro 2"
"485","K074401001","K0744010","L'Anzon à Débats-Rivière-d'Orpra - Cotes","STD","1972-01-01 00:00:00+01",NA,"26",774028,6518675,"DREAL Centre-Val de Loire - UH Auve","Vigicrues/HydroPortail/Hydro 2"
"486","K075321001","K0753210","Le Lignon à Boën","STD","1978-01-01 00:00:00+01",NA,"26",777985,6516465,"DREAL Centre-Val de Loire - UH Auve","Vigicrues/HydroPortail/Hydro 2"
"487","K076331001","K0763310","Le Vizezy à Essertines-en-Châtelneuf - La Guillanche - Ancienne","STD","1968-05-01 00:00:00+01","2014-01-01 00:00:00+01","26",779390,6501836,"DREAL Centre-Val de Loire - UH Auve","HydroPortail/Hydro 2"
"488","K076331201","K0760330","Le Vizezy à Poncins - Précivet","STD","2018-08-01 00:00:00+02",NA,"26",788588,6512587,"DREAL Centre-Val de Loire - UH Auve","Vigicrues/HydroPortail/Hydro 2"
"489","K077322001","K0773220","Le Lignon à Poncins - Le Bourg","STD","1966-01-01 00:00:00+01",NA,"26",790262,6515186,"DREAL Centre-Val de Loire - UH Auve","Vigicrues/HydroPortail/Hydro 2"
"490","K077322101","K0773210","Le Lignon à Poncins - 1","STD","1965-09-15 00:00:00+01","1994-01-01 00:00:00+01","26",791113,6516004,"DREAL Centre-Val de Loire - UH Auve","HydroPortail/Hydro 2"
"491","K079001010","K0790010","La Loire à Balbigny","STD","1975-01-01 00:00:00+01",NA,"26",791788,6524733,"DREAL Centre-Val de Loire - UH Auve","Vigicrues/HydroPortail/Hydro 2"
"492","K081301001","K0813010","L'Aix à Grézolles [Château d'Aix]","STD","1965-01-01 00:00:00+01","1996-01-01 12:00:00+01","26",772893,6529348,"DREAL Centre-Val de Loire - UH Auve","HydroPortail/Hydro 2"
"493","K081302001","K0813020","L'Aix à Saint-Germain-Laval","STD","1970-10-15 00:00:00+01",NA,"26",776634,6526549,"DREAL Centre-Val de Loire - UH Auve","Vigicrues/HydroPortail/Hydro 2"
"494","K091001010","K0910010","La Loire à Villerest - Aval","STD","1921-01-01 00:00:00+00",NA,"26",780635,6545178,"DREAL Centre-Val de Loire - UH Auve","Vigicrues/HydroPortail/Hydro 2"
"495","K091001011","K0910050","La Loire à Villerest - Pont de Villerest","STD","2005-11-01 00:00:00+01",NA,"26",780974,6544551,"DREAL Centre-Val de Loire - UH Auve","Vigicrues/HydroPortail/Hydro 2"
"496","K091003010",NA,"La Loire à Commelle-Vernay - Barrage de Villerest","STD","1984-05-01 00:00:00+02",NA,"26",781181,6543560,"DREAL Centre-Val de Loire - UH Auve","Vigicrues/HydroPortail"
"497","K092401001","K0924010","Le Renaison à Renaison - Ancienne","STD","2012-12-29 00:00:00+01","2019-09-09 00:00:00+02","26",771644,6550155,"DREAL Centre-Val de Loire - UH Auve","HydroPortail/Hydro 2"
"498","K093701001","K0937010","L'Oudan à Riorges","STD","1984-07-31 00:00:00+02","2009-05-25 00:00:00+02","26",780804,6552076,"DREAL Centre-Val de Loire - UH Auve","HydroPortail/Hydro 2"
"499","K104000101",NA,"Le Sornin [bras principal] à la Chapelle-sous-Dun [Les Moquets]","STD","2019-07-16 00:00:00+02",NA,"26",799322,6575116,"SYndicat MIxte des rivieres du SOrn","HydroPortail"
"500","K104000102",NA,"Le Sornin [bras principal] à la Chapelle-sous-Dun [Les Moquets] - Ancienne","STD","2013-11-05 00:00:00+01","2019-07-16 00:00:00+02","26",799078,6574984,"SYndicat MIxte des rivieres du SOrn","HydroPortail"
"501","K105000201",NA,"Le Botoret [bras principal] à Tancon [Barnay] - Echelle Barnay","STD","2013-11-07 00:00:00+01",NA,"26",795392,6565474,"SYndicat MIxte des rivieres du SOrn","HydroPortail"
"502","K105000301",NA,"Le Sornin [bras principal] à Saint-Maurice-lès-Châteauneuf [Pont D 8] - Echelle St Maurice","STD","2013-11-05 00:00:00+01",NA,"26",796717,6569055,"SYndicat MIxte des rivieres du SOrn","HydroPortail"
"503","K106301001","K1063010","Le Sornin à Pouilly-sous-Charlieu - Ancienne","STD","1970-06-25 00:00:00+01","1987-08-01 08:00:00+02","26",789033,6561789,"DREAL Centre-Val de Loire - UH Auve","HydroPortail/Hydro 2"
"504","K106301002","K1063020","Le Sornin à Pouilly-sous-Charlieu","STD","1989-12-01 00:00:00+01",NA,"26",789033,6561789,"DREAL Centre-Val de Loire - UH Auve","Vigicrues/HydroPortail/Hydro 2"
"505","K108401001","K1084010","La Teyssonne à Changy [La Noaillerie]","STD","1971-10-20 00:00:00+01","2016-01-01 00:00:00+01","26",768248,6560156,"DREAL Centre-Val de Loire - UH Auve","HydroPortail/Hydro 2"
"506","K108402001","K1084020","La Teyssonne à la Bénisson-Dieu","STD","2014-05-20 00:00:00+02",NA,"26",780377,6561713,"DREAL Centre-Val de Loire - UH Auve","Vigicrues/HydroPortail/Hydro 2"
"507","K113000201","K1130020","L'Arconce à Mornay - Villorbaine","STD","2010-01-01 00:00:00+01",NA,"26",803552,6599379,"DREAL Centre-Val de Loire - UH Auve","Vigicrues/HydroPortail/Hydro 2"
"508","K117321001","K1173210","L'Arconce à Montceaux-l'Étoile","STD","1969-12-01 00:00:00+01",NA,"26",780717,6584764,"DREAL Centre-Val de Loire - UH Auve","Vigicrues/HydroPortail/Hydro 2"
"509","K118001010","K1180010","La Loire à Digoin - Pont canal","STD","1954-01-01 00:00:00+01",NA,"26",775417,6598045,"DREAL Centre-Val de Loire - UH Auve","Vigicrues/HydroPortail/Hydro 2"
"510","K118001011",NA,"La Loire à Digoin - Pont D979b","STD","2018-06-01 00:00:00+02",NA,"26",774416,6598182,"DREAL Centre-Val de Loire - UH Auve","HydroPortail"
"511","K132181010","K1321810","L'Arroux à Étang-sur-Arroux - Pont du Tacot","STD","1971-01-01 00:00:00+01",NA,"26",790858,6639719,"DREAL Centre-Val de Loire - UH Auve","Vigicrues/HydroPortail/Hydro 2"
"512","K134181001","K1341810","L'Arroux à Rigny-sur-Arroux","STD","1967-01-01 00:00:00+01",NA,"26",779283,6604359,"DREAL Centre-Val de Loire - UH Auve","Vigicrues/HydroPortail/Hydro 2"
"513","K136301001","K1363010","La Bourbince à Ciry-le-Noble","STD","1917-12-31 00:00:00+00",NA,"26",799572,6612411,"DREAL Bourgogne-Franche Comté - UH ","Vigicrues/HydroPortail/Hydro 2"
"514","K137000301","K1370030","L'Oudrache à Oudry - La Croix","STD","2016-01-01 00:00:00+01",NA,"26",789531.38,6609088.61,"DREAL Centre-Val de Loire - UH Auve","Vigicrues/HydroPortail/Hydro 2"
"515","K138301001","K1383010","La Bourbince à Vitry-en-Charollais","STD","1967-01-01 00:00:00+01",NA,"26",782751,6597429,"DREAL Centre-Val de Loire - UH Auve","Vigicrues/HydroPortail/Hydro 2"
"516","K139181001","K1391810","L'Arroux à Digoin - Le Verdier","STD","1958-01-01 00:00:00+01",NA,"26",775870,6599916,"DREAL Centre-Val de Loire - UH Auve","Vigicrues/HydroPortail/Hydro 2"
"517","K141401001","K1414010","La Vouzance à Saint-Léger-sur-Vouzance","STD","1997-06-01 00:00:00+02",NA,"26",772222,6591042,"DREAL Centre-Val de Loire - UH Auve","Vigicrues/HydroPortail/Hydro 2"
"518","K143601001","K1436010","La Loddes au Donjon","STD","1988-06-01 00:00:00+02","1998-01-01 00:00:00+01","26",761264,6583700,"DREAL Centre-Val de Loire - UH Auve","HydroPortail/Hydro 2"
"519","K144001010","K1440010","La Loire à Gilly-sur-Loire","STD","1969-01-01 00:00:00+01",NA,"26",758718,6604508,"DREAL Centre-Val de Loire - UH Auve","Vigicrues/HydroPortail/Hydro 2"
"520","K150000201","K1506410","Le Sapey à la Chabanne - Moulin Voir","STD","1995-05-01 00:00:00+02","2010-06-01 12:00:00+02","26",757025,6548504,"DREAL Centre-Val de Loire - UH Auve","HydroPortail/Hydro 2"
"521","K151000101","K1503010","La Besbre à Châtel-Montagne","STD","1931-01-01 00:00:00+00",NA,"26",753150,6554304,"Electricité de France (EDF)","HydroPortail/Hydro 2"
"522","K152401001","K1524010","Le Barbenan au Breuil","STD","1967-02-01 00:00:00+01",NA,"26",753037,6566248,"DREAL Centre-Val de Loire - UH Auve","Vigicrues/HydroPortail/Hydro 2"
"523","K153301001","K1533010","La Besbre à Saint-Prix","STD","1918-06-01 00:00:00+01",NA,"26",749769,6569862,"DREAL Centre-Val de Loire - UH Auve","Vigicrues/HydroPortail/Hydro 2"
"524","K154000301","K1540030","La Têche à Varennes-sur-Tèche","STD","2018-07-04 00:00:00+02",NA,"26",747261,6581180,"DREAL Centre-Val de Loire - UH Auve","Vigicrues/HydroPortail/Hydro 2"
"525","K154000401","K1533020","La Besbre à Lapalisse - Moulin Marin","STD","1994-06-01 00:00:00+02","2008-07-16 00:00:00+02","26",748478,6574002,"DREAL Centre-Val de Loire - UH Auve","HydroPortail/Hydro 2"
"526","K156302001","K1563020","La Besbre à Saint-Pourçain-sur-Besbre","STD","1985-06-01 00:00:00+02",NA,"26",750191,6597632,"DREAL Centre-Val de Loire - UH Auve","Vigicrues/HydroPortail/Hydro 2"
"527","K156302101","K1563010","La Besbre à Dompierre-sur-Besbre - Champ Bonnet","STD","1966-01-01 00:00:00+01","2000-01-01 00:00:00+01","26",751628,6600039,"DREAL Centre-Val de Loire - UH Auve","HydroPortail/Hydro 2"
"528","K160001010","K1600010","La Loire à Bourbon-Lancy - Pont du Fourneau - Ancienne","STD","1998-01-01 00:00:00+01","2014-04-24 00:00:00+02","26",754968,6614838,"DREAL Centre-Val de Loire - UH Auve","HydroPortail/Hydro 2"
"529","K163301001","K1633010","La Somme à Bourbon-Lancy - Moulin Baudran","STD","2012-01-01 00:00:00+01",NA,"26",759574,6617207,"DREAL Centre-Val de Loire - UH Auve","Vigicrues/HydroPortail/Hydro 2"
"530","K170001010","K1700010","La Loire à Decize","STD","1995-01-04 00:00:00+01",NA,"26",734813,6636002,"DREAL Centre-Val de Loire - UH Auve","Vigicrues/HydroPortail/Hydro 2"
"531","K177301001","K1773010","L'Aron à Verneuil","STD","1970-01-01 00:00:00+01",NA,"26",743875,6639242,"DREAL Centre-Val de Loire - UH Auve","Vigicrues/HydroPortail/Hydro 2"
"532","K177551001","K1775510","L'Andarge à Diennes-Aubigny [Les Pérats]","STD","1968-04-01 00:00:00+01","1999-01-18 12:00:00+01","26",741036,6646342,"DREAL Bourgogne-Franche Comté - UH ","HydroPortail/Hydro 2"
"533","K181031001","K1810310","L'Acolin à la Chapelle-aux-Chasses - Ancienne","STD","1997-06-01 00:00:00+02","2013-06-30 00:00:00+02","26",741013,6619277,"DREAL Centre-Val de Loire - UH Auve","HydroPortail/Hydro 2"
"534","K183301001","K1833010","L'Acolin à Saint-Germain-Chassenay","STD","1970-02-01 12:00:00+01",NA,"26",732974,6631843,"DREAL Centre-Val de Loire - UH Auve","Vigicrues/HydroPortail/Hydro 2"
"535","K191451201","K1930030","La Loire à Imphy - Pont d'Imphy","STD","2001-02-21 00:00:00+01","2006-01-29 00:00:00+01","26",719169,6648225,"DREAL Centre-Val de Loire - UH Auve","HydroPortail/Hydro 2"
"536","K193001010","K1930010","La Loire à Nevers","STD","1955-01-01 00:00:00+01",NA,"26",712567,6653635,"DREAL Centre-Val de Loire - UH Auve","Vigicrues/HydroPortail/Hydro 2"
"537","K196000101","K1963010","La Nièvre à Urzy","STD","1971-01-01 00:00:00+01","1992-01-01 00:00:00+01","26",715420,6662498,"DREAL Centre-Val de Loire - UH Auve","HydroPortail/Hydro 2"
"538","K201082001","K2010820","L'Allier à Laveyrune - Rogleton","STD","1984-07-05 00:00:00+02",NA,"26",771207,6390877,"DREAL Centre-Val de Loire - UH Auve","Vigicrues/HydroPortail/Hydro 2"
"539","K201082002","K2010810","L'Allier à Laveyrune - Rogleton 1 Ancienne","STD","1975-09-01 00:00:00+01","1996-01-01 23:45:00+01","26",771242,6390858,"DREAL Centre-Val de Loire - UH Auve","HydroPortail/Hydro 2"
"540","K202000101",NA,"Le Masméjan à Saint-Étienne-de-Lugdarès [Huédour]","STD","2020-04-10 00:00:00+02",NA,"26",773545,6394806,"DREAL Centre-Val de Loire - UH Auve","Vigicrues/HydroPortail"
"541","K206401001","K2064009","Le Langouyrou à Langogne - Pont SNCF [Hors service]","STD","1954-01-01 00:00:00+01","2000-03-15 14:00:00+01","26",768037,6403973,"DREAL Centre-Val de Loire - UH Auve","HydroPortail/Hydro 2"
"542","K206401002","K2064010","Le Langouyrou à Langogne - Passerelle bois","STD","2000-03-15 00:00:00+01",NA,"26",767906,6403834,"DREAL Centre-Val de Loire - UH Auve","Vigicrues/HydroPortail/Hydro 2"
"543","K207081010","K2070810","L'Allier à Langogne","STD","1986-06-01 00:00:00+02",NA,"26",767842,6404259,"DREAL Centre-Val de Loire - UH Auve","Vigicrues/HydroPortail/Hydro 2"
"544","K207081011",NA,"L'Allier à Langogne - Station débitmétrique","DEB","2021-05-21 00:00:00+02",NA,"26",767842,6404259,"DREAL Centre-Val de Loire - UH Auve","HydroPortail"
"545","K207501001","K2075010","Le Donozau à Naussac","STD","1971-06-01 00:00:00+01","1977-02-18 00:00:00+01","26",765316,6405746,"DREAL Centre-Val de Loire - UH Auve","HydroPortail/Hydro 2"
"546","K207502001","K2075020","Le Donozau à Naussac - Aval","STD","1988-01-01 00:00:00+01",NA,"26",765592,6406066,"DREAL Centre-Val de Loire - UH Auve","Vigicrues/HydroPortail/Hydro 2"
"547","K207503001",NA,"Le Donozau à Naussac - Barrage de Naussac","H","1988-01-01 00:00:00+01",NA,"26",765316,6405746,"DREAL Centre-Val de Loire - UH Auve","Vigicrues/HydroPortail"
"548","K208082001","K2080820","L'Allier à Naussac - La Valette","STD","1998-06-01 00:00:00+02",NA,"26",765874.6223572,6406760.1148856,"DREAL Centre-Val de Loire - UH Auve","Vigicrues/HydroPortail/Hydro 2"
"549","K208082201","K2080810","L'Allier à Langogne [Lavalette]","STD","1945-01-01 00:00:00+01","1973-01-01 00:00:00+01","26",765886,6406762,"Electricité de France (EDF)","HydroPortail/Hydro 2"
"550","K209081001","K2090810","L'Allier à Saint-Haon - Le Nouveau Monde","STD","1981-10-14 00:00:00+01",NA,"26",758746,6415801,"DREAL Centre-Val de Loire - UH Auve","Vigicrues/HydroPortail/Hydro 2"
"551","K212301001","K2123009","Le Chapeauroux à Châteauneuf-de-Randon - Hermet [Hors service]","STD","1970-09-01 00:00:00+01","2015-10-20 00:00:00+02","26",755432,6397296,"DREAL Centre-Val de Loire - UH Auve","HydroPortail/Hydro 2"
"552","K212301002","K2123010","Le Chapeauroux à Pierrefiche - Pont de Baves","STD","2012-08-16 00:00:00+02",NA,"26",755238,6396993,"DREAL Centre-Val de Loire - UH Auve","Vigicrues/HydroPortail/Hydro 2"
"553","K213401001","K2134010","La Clamouse à Chastanier","STD","1948-01-01 00:00:00+01",NA,"26",759817,6403084,"DREAL Centre-Val de Loire - UH Auve","Vigicrues/HydroPortail/Hydro 2"
"554","K214301001","K2143010","Le Chapeauroux à Auroux [1]","STD","1949-01-17 00:00:00+01","1981-01-01 00:00:00+01","26",756584,6407834,"DREAL Occitanie - UH Garonne-Tarn-L","HydroPortail/Hydro 2"
"555","K214301002","K2143020","Le Chapeauroux à Auroux [1] - après Naussac","STD","1981-01-01 00:00:00+01","1994-09-24 12:00:00+02","26",756579,6407832,"DREAL Occitanie - UH Garonne-Tarn-L","HydroPortail/Hydro 2"
"556","K216311001","K2163110","Le Grandrieu à Grandrieu","STD","1944-01-01 00:00:00+01",NA,"26",750376,6410167,"DREAL Centre-Val de Loire - UH Auve","HydroPortail/Hydro 2"
"557","K217302001","K2173020","Le Chapeauroux à Saint-Bonnet-de-Montauroux","STD","1983-01-01 00:00:00+01",NA,"26",756293,6413405,"DREAL Centre-Val de Loire - UH Auve","Vigicrues/HydroPortail/Hydro 2"
"558","K217302101","K2173010","Le Chapeauroux à Saint-Bonnet-de-Montauroux - Chapeauroux","STD","1921-01-01 00:00:00+00","1984-01-01 00:00:00+01","26",758239,6415383,"DREAL Centre-Val de Loire - UH Auve","HydroPortail/Hydro 2"
"559","K221083001","K2210830","L'Allier à Alleyras - Barrage de Poutès entrant - Ancienne","DEB","1997-01-01 00:00:00+01","2021-05-21 00:00:00+02","26",753078,6427774,"DREAL Centre-Val de Loire - UH Auve","HydroPortail/Hydro 2"
"560","K221084001","K2210840","L'Allier à Monistrol-d'Allier - Barrage de Poutès sortant - Ancienne","DEB","1997-01-01 00:00:00+01","2021-05-21 00:00:00+02","26",753078,6427774,"DREAL Centre-Val de Loire - UH Auve","HydroPortail/Hydro 2"
"561","K221084101","K2210820","L'Allier à Alleyras - Ancienne","H","1997-01-01 00:00:00+01","2021-05-21 00:00:00+02","26",753078,6427774,"DREAL Centre-Val de Loire - UH Auve","HydroPortail/Hydro 2"
"562","K221084201","K2210810","L'Allier à Monistrol-d'Allier [QNR] - QNR","STD","1942-01-01 00:00:00+02",NA,"26",753101,6427795,"Electricité de France (EDF)","HydroPortail/Hydro 2"
"563","K222302001","K2223020","L'Ance [du sud] à Saint-Préjet-d'Allier [Chambonnet]","STD","1982-01-01 00:00:00+01",NA,"26",749804,6422237,"DREAL Centre-Val de Loire - UH Auve","HydroPortail/Hydro 2"
"564","K222303001","K2223030","L'Ance [du sud] à Saint-Préjet-d'Allier","STD","1983-01-01 00:00:00+01",NA,"26",749312,6424263,"DREAL Centre-Val de Loire - UH Auve","Vigicrues/HydroPortail/Hydro 2"
"565","K222601001","K2226010","Le Panis à Saint-Préjet-d'Allier [La Romaine]","STD","1996-01-01 00:00:00+01",NA,"26",749810,6422290,"DREAL Centre-Val de Loire - UH Auve","HydroPortail/Hydro 2"
"566","K223402001","K2234020","[Virlange] à Saugues [Freycenet]","STD","1981-10-01 00:00:00+01",NA,"26",745226,6425426,"DREAL Centre-Val de Loire - UH Auve","HydroPortail/Hydro 2"
"567","K223403001","K2234030","La Virlange à Saint-Préjet-d'Allier [Freycenet (pompage)]","STD","2000-01-01 00:00:00+01","2012-05-31 00:00:00+02","26",745603,6425763,"DREAL Centre-Val de Loire - UH Auve","HydroPortail/Hydro 2"
"568","K223403201","K2233020","L'Ance à Monistrol-d'Allier [Pouzas - QNR]","STD","1948-01-01 00:00:00+01",NA,"26",749401,6426177,"Electricité de France (EDF)","HydroPortail/Hydro 2"
"569","K224082001","K2240820","L'Allier à Prades - Pont amont Seuges","STD","2001-04-01 00:00:00+02",NA,"26",746836,6436872,"DREAL Centre-Val de Loire - UH Auve","Vigicrues/HydroPortail/Hydro 2"
"570","K224082002","K2240810","L'Allier à Prades - amont du pont","STD","1967-12-15 00:00:00+01","2008-06-03 00:05:00+02","26",747039,6436626,"DREAL Centre-Val de Loire - UH Auve","HydroPortail/Hydro 2"
"571","K225401001","K2254010","La Seuge à Saugues","STD","1932-01-01 00:00:00+00",NA,"26",743424,6430372,"DREAL Centre-Val de Loire - UH Auve","Vigicrues/HydroPortail/Hydro 2"
"572","K226621001","K2266210","La Fioule à Vissac-Auteyrac [La Croze]","STD","1999-03-01 00:00:00+01","2010-07-01 00:00:00+02","26",747138,6444792,"DREAL Centre-Val de Loire - UH Auve","HydroPortail/Hydro 2"
"573","K228311001","K2283109","La Desges à Chanteuges - La Cambuse - Amont pont SNCF","STD","1966-06-01 00:00:00+01","1992-04-14 00:00:00+02","26",743026,6440950,"DREAL Centre-Val de Loire - UH Auve","HydroPortail/Hydro 2"
"574","K228311002","K2283110","La Desges à Chanteuges - Bourg Chanteuges","STD","1992-04-14 00:00:00+02",NA,"26",741943,6441593,"DREAL Centre-Val de Loire - UH Auve","Vigicrues/HydroPortail/Hydro 2"
"575","K230081001","K2300810","L'Allier à Langeac","STD","1986-01-01 00:00:00+01",NA,"26",738574.68846174,6446516.3688978,"DREAL Centre-Val de Loire - UH Auve","Vigicrues/HydroPortail/Hydro 2"
"576","K230081002","K2300820","L'Allier à Langeac - Historique","STD","2011-10-05 00:00:00+02",NA,"26",739235.91401908,6444727.4049146,"DREAL Centre-Val de Loire - UH Auve","Vigicrues/HydroPortail/Hydro 2"
"577","K231621001","K2316210","La Cronce à Aubazat","STD","1969-10-01 00:00:00+01",NA,"26",734438,6449249,"DREAL Centre-Val de Loire - UH Auve","Vigicrues/HydroPortail/Hydro 2"
"578","K233081001","K2330810","L'Allier à Vieille-Brioude","STD","1919-01-01 00:00:00+00",NA,"26",732069,6462488,"DREAL Centre-Val de Loire - UH Auve","Vigicrues/HydroPortail/Hydro 2"
"579","K233551001","K2335510","Le Ceroux à Saint-Just-près-Brioude [Le Mas]","STD","1997-12-01 00:00:00+01",NA,"26",728023,6460287,"DREAL Centre-Val de Loire - UH Auve","HydroPortail/Hydro 2"
"580","K236301001","K2363010","La Senouire à Paulhaguet [La Fridière]","STD","1923-01-01 00:00:00+00",NA,"26",740999,6455504,"DREAL Centre-Val de Loire - UH Auve","Vigicrues/HydroPortail/Hydro 2"
"581","K236302001","K2363019","La Senouire à Salzuit - STEP","STD","2001-01-01 00:00:00+01","2012-01-01 00:00:00+01","26",739463,6456891,"DREAL Centre-Val de Loire - UH Auve","HydroPortail/Hydro 2"
"582","K236302002","K2363020","La Senouire à Salzuit - Pont RD 641","STD","2012-01-01 00:00:00+01",NA,"26",739445,6456820,"DREAL Centre-Val de Loire - UH Auve","Vigicrues/HydroPortail/Hydro 2"
"583","K236551001","K2365510","Le Lidenne à Couteuges [La Tuilerie Basse]","STD","1969-06-01 00:00:00+01","2018-07-09 00:00:00+02","26",739522,6455829,"DREAL Centre-Val de Loire - UH Auve","HydroPortail/Hydro 2"
"584","K237311001","K2373110","Le Doulon à Saint-Vert","STD","1997-11-01 00:00:00+01",NA,"26",741574,6474815,"DREAL Centre-Val de Loire - UH Auve","Vigicrues/HydroPortail/Hydro 2"
"585","K238311001","K2383110","Le Doulon à Domeyrat","STD","1997-12-01 00:00:00+01",NA,"26",739913,6461548,"DREAL Centre-Val de Loire - UH Auve","Vigicrues/HydroPortail/Hydro 2"
"586","K242401001","K2424010","La Vendage à Cohade [Largelier]","STD","1997-12-01 00:00:00+01","2010-05-28 12:19:00+02","26",728539,6470859,"DREAL Centre-Val de Loire - UH Auve","HydroPortail/Hydro 2"
"587","K243081001","K2430810","L'Allier à Agnat - Pont d'Auzon","STD","1991-01-01 00:00:00+01",NA,"26",727885,6476311,"DREAL Centre-Val de Loire - UH Auve","Vigicrues/HydroPortail/Hydro 2"
"588","K245000101","K2450810","L'Allier à Jumeaux","STD","1965-01-01 00:00:00+01","1988-07-01 00:00:00+02","26",726195,6481054,"DREAL Centre-Val de Loire - UH Auve","HydroPortail/Hydro 2"
"589","K250601001","K2506010","Le Lagnon à Murat","STD","1965-01-01 00:00:00+01","1984-01-01 00:00:00+01","26",690894,6444444,"DREAL Centre-Val de Loire - UH Auve","HydroPortail/Hydro 2"
"590","K251401001","K2514010","L'Allanche à Joursac [Pont du Vernet]","STD","1923-01-01 00:00:00+00",NA,"26",700546,6448348,"DREAL Centre-Val de Loire - UH Auve","Vigicrues/HydroPortail/Hydro 2"
"591","K251402001","K2514020","L'Allanche à Allanche","STD","1991-06-01 00:00:00+02",NA,"26",694743,6458880,"DREAL Centre-Val de Loire - UH Auve","Vigicrues/HydroPortail/Hydro 2"
"592","K252301001","K2523010","L'Alagnon à Joursac [Le Vialard]","STD","1948-01-01 00:00:00+01",NA,"26",702148,6451102,"DREAL Centre-Val de Loire - UH Auve","Vigicrues/HydroPortail/Hydro 2"
"593","K253401001","K2534010","L'Arcueil à Massiac [Bousselorgues]","STD","1969-07-01 00:00:00+01",NA,"26",714376,6460230,"DREAL Centre-Val de Loire - UH Auve","Vigicrues/HydroPortail/Hydro 2"
"594","K253401201","K2534012","L'Alagnon à Massiac - Pont RN122","STD","2018-10-11 00:00:00+02",NA,"26",715182,6461281,"DREAL Centre-Val de Loire - UH Auve","Vigicrues/HydroPortail/Hydro 2"
"595","K254401001","K2544010","L'Alagnonnette à Massiac","STD","1969-01-01 00:00:00+01","2020-01-01 00:00:00+01","26",715468,6461354,"DREAL Centre-Val de Loire - UH Auve","HydroPortail/Hydro 2"
"596","K256000101",NA,"La Sianne à Blesle [La Bessière] - La Bessière","STD","2019-06-01 00:00:00+02",NA,"26",714146,6468152,"DREAL Centre-Val de Loire - UH Auve","Vigicrues/HydroPortail"
"597","K258301001","K2583010","L'Alagnon à Léotoing [Lanau]","STD","1995-06-01 00:00:00+02","2001-06-01 00:00:00+02","26",717166,6472962,"DREAL Centre-Val de Loire - UH Auve","HydroPortail/Hydro 2"
"598","K259301001","K2593010","L'Alagnon à Lempdes-sur-Allagnon","STD","1968-01-01 00:00:00+01",NA,"26",720792.60486124,6476054.5125341,"DREAL Centre-Val de Loire - UH Auve","Vigicrues/HydroPortail/Hydro 2"
"599","K259301002","K2593011","L'Alagnon à Lempdes-sur-Allagnon - Pont SNCF","STD","2018-04-01 00:00:00+02",NA,"26",720675.83108872,6475893.3046834,"DREAL Centre-Val de Loire - UH Auve","HydroPortail/Hydro 2"
"600","K262301001","K2623010","La Couze d'Ardes à Madriat","STD","1997-10-01 00:00:00+02",NA,"26",714871,6481212,"DREAL Centre-Val de Loire - UH Auve","Vigicrues/HydroPortail/Hydro 2"
"601","K262302001","K2623020","La Couze d'Ardes [dérivation] à Madriat","STD","2004-02-11 00:00:00+01",NA,"26",714781,6481262,"DREAL Centre-Val de Loire - UH Auve","HydroPortail/Hydro 2"
"602","K263031001","K2630310","L'Eau Mère à Parentignat","STD","2011-12-29 00:00:00+01",NA,"26",722882,6492858,"DREAL Centre-Val de Loire - UH Auve","Vigicrues/HydroPortail/Hydro 2"
"603","K264401001","K2644010","L'Ailloux à Manglieu [Lavaur]","STD","1967-01-01 00:00:00+01",NA,"26",727901,6502651,"DREAL Centre-Val de Loire - UH Auve","Vigicrues/HydroPortail/Hydro 2"
"604","K265401001","K2654010","La Couze Pavin à Saint-Floret","STD","1919-01-01 00:00:00+00",NA,"26",708674,6494592,"DREAL Centre-Val de Loire - UH Auve","Vigicrues/HydroPortail/Hydro 2"
"605","K265401101","K2654011","La Couze [de Valbeleix] à Valbeleix [La Valette]","STD","2020-06-25 00:00:00+02",NA,"26",700287,6488000,"DREAL Centre-Val de Loire - UH Auve","Vigicrues/HydroPortail/Hydro 2"
"606","K267401001","K2674010","La Couze Chambon à Montaigut-le-Blanc [Champeix]","STD","1919-01-01 00:00:00+00",NA,"26",708164,6498658,"DREAL Centre-Val de Loire - UH Auve","Vigicrues/HydroPortail/Hydro 2"
"607","K267403001","K2674030","La Couze Chambon à Chambon-sur-Lac [amont Lac]","STD","1992-01-01 00:00:00+01",NA,"26",692877,6496678,"DREAL Centre-Val de Loire - UH Auve","Vigicrues/HydroPortail/Hydro 2"
"608","K267404001","K2674039","La Couze Chambon à Murol [aval Lac] - Passerelle","STD","1992-01-01 00:00:00+01","2009-09-22 12:00:00+02","26",694541,6496849,"DREAL Centre-Val de Loire - UH Auve","HydroPortail/Hydro 2"
"609","K267404002","K2674040","La Couze Chambon à Murol [aval Lac] - Pont accès camping","STD","2009-09-22 00:00:00+02",NA,"26",694540,6496915,"DREAL Centre-Val de Loire - UH Auve","HydroPortail/Hydro 2"
"610","K268081001","K2680810","L'Allier à Vic-le-Comte","STD","1933-01-01 00:00:00+00",NA,"26",715723,6506842,"DREAL Centre-Val de Loire - UH Auve","Vigicrues/HydroPortail/Hydro 2"
"611","K268082001","K2680820","L'Allier à Coudes","STD","1984-01-01 00:00:00+01",NA,"26",716410,6501743,"DREAL Centre-Val de Loire - UH Auve","Vigicrues/HydroPortail/Hydro 2"
"612","K269821001","K2698210","L'Auzon à la Roche-Blanche","STD","1997-12-01 00:00:00+01",NA,"26",710134,6510984,"DREAL Centre-Val de Loire - UH Auve","Vigicrues/HydroPortail/Hydro 2"
"613","K270081010","K2700810","L'Allier à Pont-du-Château","STD","2001-01-01 00:00:00+01",NA,"26",720191,6521985,"DREAL Centre-Val de Loire - UH Auve","Vigicrues/HydroPortail/Hydro 2"
"614","K271401001","K2714010","Le Jauron à Beauregard-l'Évêque [Saint-Aventin]","STD","1967-04-01 00:00:00+01",NA,"26",721764,6523836,"DREAL Centre-Val de Loire - UH Auve","Vigicrues/HydroPortail/Hydro 2"
"615","K272421001","K2724210","L'Artière à Clermont-Ferrand [Domaine de Crouel]","STD","1986-11-01 00:00:00+01",NA,"26",711070,6519114,"DREAL Centre-Val de Loire - UH Auve","Vigicrues/HydroPortail/Hydro 2"
"616","K272422001","K2724220","L'Artière à Aulnat","STD","1991-12-01 00:00:00+01","2015-01-01 00:00:00+01","26",713392,6521811,"DREAL Centre-Val de Loire - UH Auve","HydroPortail/Hydro 2"
"617","K275301001","K2753009","La Morge à Montcel - Aval Pont RD122 (canal)","STD","1967-01-01 00:00:00+01","2017-11-24 14:00:00+01","26",704428,6547201,"DREAL Centre-Val de Loire - UH Auve","HydroPortail/Hydro 2"
"618","K275301002","K2753010","La Morge à Montcel - Amont Pont RD122","STD","2017-11-24 00:00:00+01",NA,"26",704407,6547197,"DREAL Centre-Val de Loire - UH Auve","HydroPortail/Hydro 2"
"619","K275303001","K2753030","La Morge au Cheix","STD","1900-12-12 00:00:00+00:09:21","1995-01-01 00:00:00+01","26",712840,6539547,"DREAL Centre-Val de Loire - UH Auve","HydroPortail/Hydro 2"
"620","K275611001","K2756110","La Sep à Saint-Hilaire-la-Croix [Moulin de Josse]","STD","1987-06-01 00:00:00+02",NA,"26",702561,6547629,"DREAL Centre-Val de Loire - UH Auve","HydroPortail/Hydro 2"
"621","K275861001","K2758610","Le Chambaron à Cellule [Pontmort]","STD","1987-01-01 00:00:00+01","1990-01-01 00:00:00+01","26",712291,6538695,"DREAL Centre-Val de Loire - UH Auve","HydroPortail/Hydro 2"
"622","K275862001","K2758620","Le fossé du marais d'orange à Cellule","STD","1987-07-01 00:00:00+02","1990-01-01 00:00:00+01","26",712221,6538973,"DREAL Centre-Val de Loire - UH Auve","HydroPortail/Hydro 2"
"623","K276311001","K2763110","Le Bédat à Cébazat [La Maison Rouge]","STD","1991-12-01 00:00:00+01",NA,"26",708680,6524994,"DREAL Centre-Val de Loire - UH Auve","Vigicrues/HydroPortail/Hydro 2"
"624","K276701001","K2767010","[La Pâle] à Marsat","STD","2010-11-03 00:00:00+01",NA,"26",705815,6530894,"DREAL Centre-Val de Loire - UH Auve","HydroPortail/Hydro 2"
"625","K277312001","K2773120","Le Bédat à Saint-Laure","STD","2000-08-01 00:00:00+02",NA,"26",722677,6533410,"DREAL Centre-Val de Loire - UH Auve","HydroPortail/Hydro 2"
"626","K277401001","K2774010","L'Ambène à Charbonnières-les-Varennes [Beaunit]","STD","1985-07-01 00:00:00+02","2018-11-06 00:00:00+01","26",697981,6533416,"DREAL Centre-Val de Loire - UH Auve","HydroPortail/Hydro 2"
"627","K277402001","K2774020","L'Ambène à Ennezat","STD","2000-08-01 00:00:00+02",NA,"26",717359,6532263,"DREAL Centre-Val de Loire - UH Auve","Vigicrues/HydroPortail/Hydro 2"
"628","K277471001","K2774710","[Le Gargouilloux] à Malauzat [Moulin de la Fouille]","STD","2010-11-03 00:00:00+01",NA,"26",705187,6531257,"DREAL Centre-Val de Loire - UH Auve","HydroPortail/Hydro 2"
"629","K277801001","K2778009","Le Saint-Genest à Malauzat [Saint-Genest-l'Enfant]","STD","1972-02-01 00:00:00+01","2000-11-30 00:00:00+01","26",705310,6531069,"DREAL Centre-Val de Loire - UH Auve","HydroPortail/Hydro 2"
"630","K277801002","K2778010","Le Saint-Genest à Malauzat [Saint-Genest-l'Enfant]","STD","2000-11-30 00:00:00+01",NA,"26",705275,6531024,"DREAL Centre-Val de Loire - UH Auve","HydroPortail/Hydro 2"
"631","K278301001","K2783010","La Morge à Maringues [Côte Rouge]","STD","1970-10-01 00:00:00+01",NA,"26",724292,6534385,"DREAL Centre-Val de Loire - UH Auve","Vigicrues/HydroPortail/Hydro 2"
"632","K278451001","K2784510","L'Andoux à Maringues","STD","1968-12-01 00:00:00+01","1986-09-01 00:00:00+02","26",725209,6535866,"DREAL Centre-Val de Loire - UH Auve","HydroPortail/Hydro 2"
"633","K279081001","K2790810","L'Allier à Limons","STD","1973-07-01 00:00:00+01",NA,"26",734676,6541182,"DREAL Centre-Val de Loire - UH Auve","Vigicrues/HydroPortail/Hydro 2"
"634","K282191001","K2821910","La Dore à Dore-l'Église","STD","1991-01-01 00:00:00+01",NA,"26",758349,6476156,"DREAL Centre-Val de Loire - UH Auve","Vigicrues/HydroPortail/Hydro 2"
"635","K283401001","K2834010","La Dolore à Saint-Bonnet-le-Chastel [Moulin Neuf]","STD","1959-11-01 00:00:00+01",NA,"26",749297,6483211,"DREAL Centre-Val de Loire - UH Auve","Vigicrues/HydroPortail/Hydro 2"
"636","K285191001","K2851910","La Dore à Ambert","STD","1989-01-01 00:00:00+01",NA,"26",756981,6494073,"DREAL Centre-Val de Loire - UH Auve","Vigicrues/HydroPortail/Hydro 2"
"637","K287191001","K2871910","La Dore à Saint-Gervais-sous-Meymont [Maison du Parc/Giroux-Dore]","STD","1919-01-01 00:00:00+00",NA,"26",747511,6510159,"DREAL Centre-Val de Loire - UH Auve","Vigicrues/HydroPortail/Hydro 2"
"638","K288401001","K2884010","La Faye à Olliergues [Giroux-Faye]","STD","1919-01-01 00:00:00+00",NA,"26",746235,6511569,"DREAL Centre-Val de Loire - UH Auve","Vigicrues/HydroPortail/Hydro 2"
"639","K294401001","K2944010","Le Couzon à Courpière [Le Salet]","STD","1951-01-01 00:00:00+01",NA,"26",744044,6516286,"DREAL Centre-Val de Loire - UH Auve","Vigicrues/HydroPortail/Hydro 2"
"640","K295000101","K2951910","La Dore à Peschadoires - Pont de Dore","STD","1972-01-01 00:00:00+01","1982-01-01 00:00:00+01","26",738882,6526624,"DREAL Centre-Val de Loire - UH Auve","HydroPortail/Hydro 2"
"641","K297031001","K2970310","La Durolle à Celles-sur-Durolle [Pont de Chazeau]","STD","2016-11-22 00:00:00+01",NA,"26",749020,6529919,"DREAL Centre-Val de Loire - UH Auve","Vigicrues/HydroPortail/Hydro 2"
"642","K298191001","K2981910","La Dore à Dorat","STD","1990-07-15 00:00:00+02",NA,"26",737043,6532501,"DREAL Centre-Val de Loire - UH Auve","Vigicrues/HydroPortail/Hydro 2"
"643","K299401001","K2994010","[La Credogne] à Puy-Guillaume","STD","1997-07-01 00:00:00+02",NA,"26",736673,6540595,"DREAL Centre-Val de Loire - UH Auve","Vigicrues/HydroPortail/Hydro 2"
"644","K303081001","K3030810","L'Allier à Saint-Yorre","STD","1955-01-01 00:00:00+01",NA,"26",735489.877,6551466.316,"DREAL Centre-Val de Loire - UH Auve","Vigicrues/HydroPortail/Hydro 2"
"645","K305310001","K3053100","Le Sichon à Ferrières-sur-Sichon","STD","1994-06-20 00:00:00+02",NA,"26",749990,6547333,"DREAL Centre-Val de Loire - UH Auve","Vigicrues/HydroPortail/Hydro 2"
"646","K306031001","K3060310","Le Sichon à Cusset [Moulin Vidot]","STD","1997-07-01 00:00:00+02",NA,"26",736669,6557845,"DREAL Centre-Val de Loire - UH Auve","Vigicrues/HydroPortail/Hydro 2"
"647","K307401001","K3074010","Le Jolan à Cusset","STD","1994-07-01 00:00:00+02",NA,"26",734990,6559799,"DREAL Centre-Val de Loire - UH Auve","Vigicrues/HydroPortail/Hydro 2"
"648","K313000201",NA,"L'Allier à Billy","STD","1954-01-01 00:00:00+01","1967-07-01 00:00:00+01","26",732682.3458929,6570746.3949433,"DREAL Centre-Val de Loire - UH Auve","HydroPortail"
"649","K315301001","K3153010","L'Andelot à Loriges","STD","1969-06-01 00:00:00+01",NA,"26",726101,6574653,"DREAL Centre-Val de Loire - UH Auve","Vigicrues/HydroPortail/Hydro 2"
"650","K320601001","K3206009","Le Ceyssat à Ceyssat - Moulin - Ancienne échelle","STD","1971-03-01 00:00:00+01","2012-05-30 09:00:00+02","26",691750,6517935,"DREAL Centre-Val de Loire - UH Auve","HydroPortail/Hydro 2"
"651","K320601002","K3206010","Le Ceyssat à Ceyssat - Amont pont","STD","2012-05-30 00:00:00+02",NA,"26",691742,6517982,"DREAL Centre-Val de Loire - UH Auve","HydroPortail/Hydro 2"
"652","K320602001","K3206020","Le Ceyssat à Ceyssat [Chez Pierre]","STD","1990-07-01 00:00:00+02","1996-01-01 00:00:00+01","26",692739,6516822,"DREAL Centre-Val de Loire - UH Auve","HydroPortail/Hydro 2"
"653","K320603001","K3206030","Le Ceyssat à Ceyssat","STD","1990-07-01 00:00:00+02","1996-01-01 00:00:00+01","26",692721,6516832,"DREAL Centre-Val de Loire - UH Auve","HydroPortail/Hydro 2"
"654","K322021001","K3220210","La Sioule à Gelles [La Miouze]","STD","2012-09-11 00:00:00+02",NA,"26",686825,6518540,"DREAL Centre-Val de Loire - UH Auve","Vigicrues/HydroPortail/Hydro 2"
"655","K322201001","K3222010","La Sioule à Pontgibaud","STD","1919-01-01 00:00:00+00",NA,"26",688282,6525966,"DREAL Centre-Val de Loire - UH Auve","Vigicrues/HydroPortail/Hydro 2"
"656","K322501001","K3225010","Le Mazaye à Mazaye","STD","1974-08-01 00:00:00+01","1981-01-22 00:00:00+01","26",689153,6521393,"DREAL Centre-Val de Loire - UH Auve","HydroPortail/Hydro 2"
"657","K326401001","K3264009","La Saunade à Pontaumur - Canal - Ancienne échelle","STD","1967-09-01 00:00:00+01","2018-04-11 00:00:00+02","26",674712,6530166,"DREAL Centre-Val de Loire - UH Auve","HydroPortail/Hydro 2"
"658","K326401002","K3264010","La Saunade à Pontaumur","STD","2017-09-20 00:00:00+02",NA,"26",674712,6530178,"DREAL Centre-Val de Loire - UH Auve","Vigicrues/HydroPortail/Hydro 2"
"659","K327301001","K3273010","Le Sioulet à Miremont [La Prugne]","STD","1986-01-01 00:00:00+01",NA,"26",677002,6531871,"DREAL Centre-Val de Loire - UH Auve","Vigicrues/HydroPortail/Hydro 2"
"660","K329202001","K3292020","La Sioule à Saint-Priest-des-Champs [Fades-Besserve - QNR]","STD","1919-01-01 00:00:00+00",NA,"26",684155,6541573,"Electricité de France (EDF)","HydroPortail/Hydro 2"
"661","K329304201","K3292010","La Sioule à Miremont - Pont du Bouchet","STD","1936-01-01 00:00:00+00","1968-09-17 00:00:00+01","26",682203,6536509,"DREAL Centre-Val de Loire - UH Auve","HydroPortail/Hydro 2"
"662","K330201001","K3302010","La Sioule à Châteauneuf-les-Bains","STD","1990-01-01 00:00:00+01",NA,"26",692376,6547771,"DREAL Centre-Val de Loire - UH Auve","Vigicrues/HydroPortail/Hydro 2"
"663","K332201001","K3322010","La Sioule à Ébreuil","STD","1970-01-01 00:00:00+01",NA,"26",707290,6557394,"DREAL Centre-Val de Loire - UH Auve","Vigicrues/HydroPortail/Hydro 2"
"664","K333000101","K3330001","La Bouble à Louroux-de-Bouble","STD","2020-04-10 00:00:00+02",NA,"26",697144,6570313,"DREAL Centre-Val de Loire - UH Auve","Vigicrues/HydroPortail/Hydro 2"
"665","K337301001","K3373010","La Bouble à Chareil-Cintrat","STD","1966-07-01 00:00:00+01",NA,"26",717470,6573726,"DREAL Centre-Val de Loire - UH Auve","Vigicrues/HydroPortail/Hydro 2"
"666","K337471001","K3374710","Le Boublon à Fourilles","STD","1966-03-01 00:00:00+01",NA,"26",715273,6571545,"DREAL Centre-Val de Loire - UH Auve","Vigicrues/HydroPortail/Hydro 2"
"667","K338201001","K3382010","La Sioule à Saint-Pourçain-sur-Sioule","STD","1967-01-01 00:00:00+01",NA,"26",722819,6578860,"DREAL Centre-Val de Loire - UH Auve","Vigicrues/HydroPortail/Hydro 2"
"668","K338201002","K3382005","La Sioule à Saint-Pourçain-sur-Sioule - La Moutte","STD","1966-07-07 00:00:00+01","1985-07-05 00:01:00+02","26",722638,6579445,"DREAL Centre-Val de Loire - UH Auve","HydroPortail/Hydro 2"
"669","K338201003","K3382011","La Sioule à Saint-Pourçain-sur-Sioule - Auberge des Aubrelles","STD","2021-03-04 00:00:00+01",NA,"26",722556,6579530,"DREAL Centre-Val de Loire - UH Auve","Vigicrues/HydroPortail/Hydro 2"
"670","K340081001","K3400810","L'Allier à Châtel-de-Neuvre","STD","1985-09-01 00:00:00+02",NA,"26",724348,6589187,"DREAL Centre-Val de Loire - UH Auve","Vigicrues/HydroPortail/Hydro 2"
"671","K345081001","K3450810","L'Allier à Moulins","STD","1965-01-01 00:00:00+01",NA,"26",724969,6606839,"DREAL Centre-Val de Loire - UH Auve","Vigicrues/HydroPortail/Hydro 2"
"672","K346401001","K3464010","La Queune à Neuvy","STD","1997-06-01 00:00:00+02",NA,"26",722183,6608791,"DREAL Centre-Val de Loire - UH Auve","Vigicrues/HydroPortail/Hydro 2"
"673","K353301001","K3533010","La Burge à Agonges [Le Vieux Cheval]","STD","1994-06-15 00:00:00+02","2018-11-14 00:00:00+01","26",710421,6614460,"DREAL Centre-Val de Loire - UH Auve","HydroPortail/Hydro 2"
"674","K355301001","K3553010","La Burge à Aubigny","STD","1977-01-01 00:00:00+01",NA,"26",711292,6620523,"DREAL Centre-Val de Loire - UH Auve","Vigicrues/HydroPortail/Hydro 2"
"675","K357081010","K3570810","L'Allier à Livry - Pont du Veurdre","STD","1979-01-01 00:00:00+01",NA,"26",703734,6628706,"DREAL Centre-Val de Loire - UH Auve","Vigicrues/HydroPortail/Hydro 2"
"676","K360301001","K3603010","La Bieudre à Pouzy-Mésangy - RD1 - Ancienne échelle","STD","1994-06-15 00:00:00+02","2019-07-02 04:30:00+02","26",700373,6622995,"DREAL Centre-Val de Loire - UH Auve","HydroPortail/Hydro 2"
"677","K360301002","K3603011","La Bieudre à Pouzy-Mésangy - RD234 - Nouvelle échelle","STD","2016-07-17 00:00:00+02",NA,"26",700725,6623475,"DREAL Centre-Val de Loire - UH Auve","HydroPortail/Hydro 2"
"678","K365081001","K3650810","L'Allier à Cuffy - Pont du Guétin","STD","1920-01-01 00:00:00+00",NA,"26",705312,6649600,"DREAL Centre-Val de Loire - UH Auve","Vigicrues/HydroPortail/Hydro 2"
"679","K400001010","K4000010","La Loire à Cours-les-Barres - Givry","STD","1964-01-01 00:00:00+01",NA,"26",705478,6657310,"DREAL Centre-Val de Loire - UH Auve","Vigicrues/HydroPortail/Hydro 2"
"680","K401301001","K4013010","L'Aubois à Grossouvre - Trézy","STD","1996-09-01 00:00:00+02",NA,"26",694861,6643834,"DREAL Centre-Val de Loire - UH Auve","Vigicrues/HydroPortail/Hydro 2"
"681","K403001010","K4030010","La Loire à la Charité-sur-Loire - Ancienne","STD","2000-01-01 00:00:00+01","2019-01-01 00:00:00+01","26",701140,6675187,"DREAL Centre-Val de Loire - UH Auve","HydroPortail/Hydro 2"
"682","K405001010","K4050010","La Loire à Pouilly-sur-Loire - Ancienne","STD","1993-10-06 00:00:00+01","2011-10-21 12:00:00+02","26",696689,6686619,"DREAL Centre-Val de Loire - UH Auve","HydroPortail/Hydro 2"
"683","K407311001","K4073110","La Vauvise à Saint-Bouize - La Grange","STD","1997-12-03 00:00:00+01",NA,"26",692175,6685605,"DREAL Centre-Val de Loire - UH Auve","Vigicrues/HydroPortail/Hydro 2"
"684","K408001001","K4080010","La Loire à Saint-Satur - Ecluse de Saint-Thibault","STD","2000-01-01 00:00:00+01",NA,"26",689933,6693438,"DREAL Centre-Val de Loire - UH Auve","Vigicrues/HydroPortail/Hydro 2"
"685","K415001010","K4150010","La Loire à Châtillon-sur-Loire - Ancienne","STD","1991-02-22 00:00:00+01","2021-05-30 00:00:00+02","26",682525,6721274,"DREAL Centre-Val de Loire - UH Auve","HydroPortail/Hydro 2"
"686","K415001301","K4156510","L'Ethelin à Châtillon-sur-Loire","STD","1968-03-20 00:00:00+01","1993-06-02 12:50:00+02","26",680791,6720905,"DREAL Centre-Val de Loire - UH Auve","HydroPortail/Hydro 2"
"687","K418001010","K4180010","La Loire à Gien - Vieux Pont","STD","1984-01-01 00:00:00+01",NA,"26",672376,6731538,"DREAL Centre-Val de Loire - UH Auve","Vigicrues/HydroPortail/Hydro 2"
"688","K418001020","K4180020","La Loire à Gien - Le Colombier","STD","1973-01-01 00:00:00+01",NA,"26",673040,6730774,"DREAL Centre-Val de Loire - UH Auve","HydroPortail/Hydro 2"
"689","K418001021","K4180001","La Loire à Gien - avant Villerest à Gien","STD","1918-01-01 00:00:00+00","1984-01-01 00:00:00+01","26",672386,6731419,"DREAL Centre-Val de Loire - UH Auve","HydroPortail/Hydro 2"
"690","K418001022","K4180040","La Loire à Gien - Nouveau Pont","STD","2020-12-04 00:00:00+01",NA,"26",673105.7563028,6730774.3398917,"DREAL Centre-Val de Loire - UH Auve","Vigicrues/HydroPortail/Hydro 2"
"691","K418001201","K4180030","La Loire à Gien [débit complet après Villerest] - débit complet après Villerest","STD","1984-01-01 00:00:00+01",NA,"26",672376,6731538,"DREAL Centre-Val de Loire - UH Auve","HydroPortail/Hydro 2"
"692","K419000201","K4190020","La Notreure à Autry-le-Châtel","STD","2017-09-01 00:00:00+02",NA,"26",669173,6722711,"DREAL Centre-Val de Loire - UH Auve","Vigicrues/HydroPortail/Hydro 2"
"693","K428000201","K4283110","La Bonnée à Saint-Aignan-des-Gués","STD","1966-12-05 00:00:00+01","1971-06-07 10:59:59+01","26",648870,6748826,"DREAL Centre-Val de Loire - UH Auve","HydroPortail/Hydro 2"
"694","K428000301",NA,"La Bonnée à Saint-Martin-d'Abbat","STD","2022-01-12 00:00:00+01",NA,"26",644431.9974086,6750208.1523284,"DREAL Centre-Val de Loire - UH Auve","HydroPortail"
"695","K428000302",NA,"La Bonnée à Saint-Martin-d'Abbat - station débitmétrique","DEB","2022-01-12 00:00:00+01",NA,"26",644431.9974086,6750208.1523284,"DREAL Centre-Val de Loire - UH Auve","HydroPortail"
"696","K430001010","K4300010","La Loire à Châteauneuf-sur-Loire - Ancienne","STD","1964-01-01 00:00:00+01","2019-01-01 00:00:00+01","26",641914,6751320,"DREAL Centre-Val de Loire - UH Auve","HydroPortail/Hydro 2"
"697","K430002010","K4300020","La Loire à Saint-Denis-de-l'Hôtel - Pont de Jargeau - Ancienne","STD","1999-10-01 00:00:00+02","2019-01-01 00:00:00+01","26",634580,6752591,"DREAL Centre-Val de Loire - UH Auve","HydroPortail/Hydro 2"
"698","K433000201","K4335001","La Crénolle à Donnery","STD","1987-01-30 00:00:00+01","1997-07-22 13:30:00+02","26",632286,6757317,"DREAL Centre-Val de Loire - UH Auve","HydroPortail/Hydro 2"
"699","K435001010","K4350010","La Loire à Orléans - Pont Royal","STD","1964-01-01 00:00:00+01",NA,"26",618164,6755782,"DREAL Centre-Val de Loire - UH Auve","Vigicrues/HydroPortail/Hydro 2"
"700","K435001020","K4350020","La Loire à Orléans - Quai du Roi","STD","1980-01-01 00:00:00+01",NA,"26",618164,6755782,"DREAL Centre-Val de Loire - UH Auve","Vigicrues/HydroPortail/Hydro 2"
"701","K437311001","K4373110","La Dhuy à Sandillon - La ferme de Louy","STD","2014-09-22 00:00:00+02",NA,"26",626557,6747211,"DREAL Centre-Val de Loire - UH Auve","Vigicrues/HydroPortail/Hydro 2"
"702","K438311001","K4383110","La Dhuy à Saint-Cyr-en-Val - Gobson - Ancienne","STD","1966-09-09 00:00:00+01","2015-12-31 00:00:00+01","26",621015,6750398,"DREAL Centre-Val de Loire - UH Auve","HydroPortail/Hydro 2"
"703","K439000101",NA,"Le Loiret à Olivet - Pont Maréchal Leclerc","STD","2017-02-10 00:00:00+01",NA,"26",617923,6752556,"DREAL Centre-Val de Loire - UH Auve","Vigicrues/HydroPortail"
"704","K441409001","K4414090","La Mauve de Détourbe à Meung-sur-Loire","STD","2006-08-22 00:00:00+02",NA,"26",602319,6747455,"DREAL Centre-Val de Loire - UH Auve","Vigicrues/HydroPortail/Hydro 2"
"705","K442701001","K4427010","Le Lien à Tavers","STD","2020-01-01 00:00:00+01",NA,"26",596233,6740299,"DREAL Centre-Val de Loire - UH Auve","Vigicrues/HydroPortail/Hydro 2"
"706","K444301001","K4443010","L'Ardoux à Lailly-en-Val","STD","1967-01-16 00:00:00+01",NA,"26",599274,6739426,"DREAL Centre-Val de Loire - UH Auve","Vigicrues/HydroPortail/Hydro 2"
"707","K446641001",NA,"à Mer","STD","2017-12-01 00:00:00+01","2019-08-01 00:00:00+02","26",588308,6733611,"DREAL Centre-Val de Loire - UH Auve","HydroPortail"
"708","K447001001","K4470010","La Loire à Blois","STD","1863-01-01 12:00:00+00:09:21",NA,"26",574873,6721828,"DREAL Centre-Val de Loire - UH Auve","Vigicrues/HydroPortail/Hydro 2"
"709","K447311001","K4473110","La Cisse [bras de dérivation] à Chouzy-sur-Cisse - Les Vallées - Ancienne","STD","2008-08-22 00:00:00+02","2012-05-22 00:00:00+02","26",567958,6714131,"DREAL Centre-Val de Loire - UH Auve","HydroPortail/Hydro 2"
"710","K455000101","K4552210","Le Beuvron à Chaumont-sur-Tharonne","STD","1968-11-08 00:00:00+01","1976-11-08 06:00:00+01","26",618677,6720008,"DREAL Centre-Val de Loire - UH Auve","HydroPortail/Hydro 2"
"711","K457221001","K4572210","Le Beuvron à Montrieux-en-Sologne - Bois Olympe","STD","2012-10-17 00:00:00+02",NA,"26",602759,6715157,"DREAL Centre-Val de Loire - UH Auve","Vigicrues/HydroPortail/Hydro 2"
"712","K467000101","K4670010","Le Beuvron à Cellettes - Clénord","STD","2018-06-01 00:00:00+02",NA,"26",581173,6715871,"DREAL Centre-Val de Loire - UH Auve","Vigicrues/HydroPortail/Hydro 2"
"713","K467000102","K4672210","Le Beuvron à Cellettes - [Moulin Pezet]","STD","1969-01-01 00:00:00+01","1991-12-31 00:00:00+01","26",581173,6715871,"DREAL Centre-Val de Loire - UH Auve","HydroPortail/Hydro 2"
"714","K467000103","K4670010","Le Beuvron à Cellettes - Clénord - Station débitmétrique","DEB","2021-11-01 00:00:00+01",NA,"26",581182.1634022,6715860.7286218,"DREAL Centre-Val de Loire - UH Auve","Vigicrues/HydroPortail/Hydro 2"
"715","K467000201","K4672220","Le Beuvron à Tour-en-Sologne","STD","1991-06-01 00:00:00+02","2000-01-01 00:00:00+01","26",587150,6716550,"DREAL Centre-Val de Loire - UH Auve","HydroPortail/Hydro 2"
"716","K473000101","K4730000","Le Cosson à la Ferté-Saint-Aubin","STD","2018-01-01 00:00:00+01",NA,"26",619677,6736671,"DREAL Centre-Val de Loire - UH Auve","Vigicrues/HydroPortail/Hydro 2"
"717","K478000201","K4783010","Le Cosson à Vineuil","STD","1967-01-01 00:00:00+01","1992-01-01 00:00:00+01","26",577245,6721198,"DREAL Centre-Val de Loire - UH Auve","HydroPortail/Hydro 2"
"718","K479301001","K4793010","Le Cosson à Chailles","STD","1990-09-01 12:00:00+02",NA,"26",572839,6717285,"DREAL Centre-Val de Loire - UH Auve","Vigicrues/HydroPortail/Hydro 2"
"719","K480001001","K4800010","La Loire à Onzain - Pont de Chaumont","STD","1993-09-01 12:00:00+02",NA,"26",563738,6711030,"DREAL Centre-Val de Loire - UH Auve","Vigicrues/HydroPortail/Hydro 2"
"720","K481000201",NA,"L'Amasse à Saint-Règle","STD","2022-01-01 00:00:00+01",NA,"26",553811.9330138,6703096.0277394,"DREAL Centre-Val de Loire - UH Auve","HydroPortail"
"721","K484000101","K4843010","La Cisse à Coulanges - Moulin Jouan - Ancienne","STD","1966-01-01 12:00:00+01","1985-12-31 00:00:00+01","26",567284,6717726,"DREAL Centre-Val de Loire - UH Auve","HydroPortail/Hydro 2"
"722","K484000102","K4843020","La Cisse à Coulanges - Moulin Jouan","STD","2017-11-09 00:00:00+01",NA,"26",567284,6717726,"DREAL Centre-Val de Loire - UH Auve","Vigicrues/HydroPortail/Hydro 2"
"723","K485300001","K4853000","La Cisse à Nazelles-Négron","STD","1998-11-15 15:00:00+01",NA,"26",546702,6705808,"DREAL Centre-Val de Loire - UH Auve","Vigicrues/HydroPortail/Hydro 2"
"724","K485301001","K4853010","La Cisse à Chouzy-sur-Cisse - Le Vau - Ancienne","STD","2008-08-21 00:00:00+02","2012-05-22 00:00:00+02","26",565444,6713251,"DREAL Centre-Val de Loire - UH Auve","HydroPortail/Hydro 2"
"725","K485301201","K4856010","La Ramberge à Pocé-sur-Cisse - 1","STD","1966-07-18 00:00:00+01","1971-06-21 11:39:59+01","26",548287,6707628,"DREAL Centre-Val de Loire - UH Auve","HydroPortail/Hydro 2"
"726","K485301202","K4856020","La Ramberge à Pocé-sur-Cisse - 2","STD","1971-06-25 00:00:00+01","1994-01-05 06:00:00+01","26",548383,6708031,"DREAL Centre-Val de Loire - UH Auve","HydroPortail/Hydro 2"
"727","K487312001","K4873120","La Brenne à Villedômer - Bas Villaumay Amont","STD","2001-10-09 00:00:00+02",NA,"26",541989,6720717,"DREAL Centre-Val de Loire - UH Auve","Vigicrues/HydroPortail/Hydro 2"
"728","K487312002","K4873110","La Brenne à Villedômer - Bas-Villaumay","STD","1968-11-12 00:00:00+01","2005-02-23 11:00:00+01","26",541997,6720718,"DREAL Centre-Val de Loire - UH Auve","HydroPortail/Hydro 2"
"729","K490003010","K4900030","La Loire à Tours - Pont Mirabeau","STD","1995-01-01 00:00:00+01",NA,"26",526372,6702253,"DREAL Centre-Val de Loire - UH Auve","Vigicrues/HydroPortail/Hydro 2"
"730","K490003101","K4900010","La Loire à Tours - Pont Wilson","STD","1957-01-01 00:00:00+01","1977-12-31 00:00:00+01","26",525361,6702484,"DREAL Centre-Val de Loire - UH Auve","HydroPortail/Hydro 2"
"731","K490003102","K4900020","La Loire à Tours - aval pont Wilson","STD","1985-01-01 00:00:00+01","1995-12-31 12:00:00+01","26",525371,6702608,"DREAL Centre-Val de Loire - UH Auve","HydroPortail/Hydro 2"
"732","K492000101","K4923010","La Choisille [bras nord] à Mettray","STD","1970-10-13 00:00:00+01","1985-06-12 16:30:00+02","26",523080,6708331,"DREAL Centre-Val de Loire - UH Auve","HydroPortail/Hydro 2"
"733","K492000201","K4923020","La Choisille [bras sud] à Mettray","STD","1970-10-19 00:00:00+01","1985-06-05 10:00:00+02","26",523147,6708165,"DREAL Centre-Val de Loire - UH Auve","HydroPortail/Hydro 2"
"734","K505000101","K5054010","Le Boron à Saint-Marcel-en-Marcillat - Pont Rameau","STD","1997-06-01 00:00:00+02","2010-06-01 12:00:00+02","26",666660,6560401,"DREAL Centre-Val de Loire - UH Auve","HydroPortail/Hydro 2"
"735","K508301001","K5083010","La Tartasse à la Petite-Marche - Saint-Pardoux -Ancienne","STD","1997-06-01 00:00:00+02","2014-05-15 00:00:00+02","26",667750,6564027,"DREAL Centre-Val de Loire - UH Auve","HydroPortail/Hydro 2"
"736","K509090001","K5090900","Le Cher à Chambonchard - La Caborne","STD","1910-01-01 00:00:00+00:09:21",NA,"26",665204,6564208,"DREAL Centre-Val de Loire - UH Auve","Vigicrues/HydroPortail/Hydro 2"
"737","K509090002","K5090910","Le Cher à Chambonchard - Rive droite aval pont vieille échelle","STD","1966-06-03 00:00:00+01","2000-07-12 00:00:00+02","26",665099,6564156,"DREAL Centre-Val de Loire - UH Auve","HydroPortail/Hydro 2"
"738","K509090003","K5090905","Le Cher à Chambonchard","STD","1918-08-14 00:00:00+01","1971-12-31 00:00:00+01","26",665099,6564156,"DREAL Centre-Val de Loire - UH Auve","HydroPortail/Hydro 2"
"739","K513301001","K5133010","La Tardes à Champagnat","STD","2012-01-01 00:00:00+01",NA,"26",647664,6546940,"DREAL Centre-Val de Loire - UH Auve","Vigicrues/HydroPortail/Hydro 2"
"740","K514311001","K5143110","La Voueize à Gouzon","STD","1971-09-01 00:00:00+01",NA,"26",642950,6566580,"DREAL Centre-Val de Loire - UH Auve","Vigicrues/HydroPortail/Hydro 2"
"741","K518302001","K5183020","La Tardes à Chambon-sur-Voueize - Camping","STD","1986-06-22 00:00:00+02",NA,"26",657218,6565065,"DREAL Centre-Val de Loire - UH Auve","Vigicrues/HydroPortail/Hydro 2"
"742","K518302002","K5183010","La Tardes à Évaux-les-Bains","STD","1921-01-01 00:00:00+00","2008-06-01 12:00:00+02","26",657188,6565104,"DREAL Centre-Val de Loire - UH Auve","HydroPortail/Hydro 2"
"743","K520090010","K5200900","Le Cher à Teillet-Argenty - Barrage de Rochebut","STD","1986-06-22 00:00:00+02",NA,"26",664226,6571520,"DREAL Centre-Val de Loire - UH Auve","Vigicrues/HydroPortail/Hydro 2"
"744","K520090201","K5200910","Le Cher à Teillet-Argenty [QNR]","STD","1921-01-01 00:00:00+00",NA,"26",664156,6571397,"Electricité de France (EDF)","HydroPortail/Hydro 2"
"745","K522090001","K5210910","Le Cher à Lavault-Sainte-Anne - Ancienne","STD","1987-06-01 00:00:00+02","1999-01-01 00:00:00+01","26",669412,6579236,"DREAL Centre-Val de Loire - UH Auve","HydroPortail/Hydro 2"
"746","K522090002","K5220910","Le Cher à Saint-Victor - Ancienne","STD","1976-01-01 00:00:00+01","2011-04-01 00:00:00+02","26",669549,6588292,"DREAL Centre-Val de Loire - UH Auve","HydroPortail/Hydro 2"
"747","K522090003","K5220900","Le Cher à Montluçon","STD","1986-06-22 00:00:00+02",NA,"26",669428,6582863,"DREAL Centre-Val de Loire - UH Auve","Vigicrues/HydroPortail/Hydro 2"
"748","K523401001","K5234010","La Magieure à Vaux","STD","1997-06-01 00:00:00+02",NA,"26",667465,6590919,"DREAL Centre-Val de Loire - UH Auve","Vigicrues/HydroPortail/Hydro 2"
"749","K531301001","K5313010","L'Aumance à Cosne-d'Allier - Ancienne","STD","2008-06-01 00:00:00+02","2014-05-14 00:00:00+02","26",688064,6597671,"DREAL Centre-Val de Loire - UH Auve","HydroPortail/Hydro 2"
"750","K533311001","K5333110","Le Bandais à Vieure","STD","1994-07-01 12:00:00+02",NA,"26",692450,6600889,"DREAL Centre-Val de Loire - UH Auve","Vigicrues/HydroPortail/Hydro 2"
"751","K534321001","K5343210","L'Oeil à Malicorne - Beaufrancon","STD","1968-12-01 00:00:00+01",NA,"26",681138,6579271,"DREAL Centre-Val de Loire - UH Auve","Vigicrues/HydroPortail/Hydro 2"
"752","K534591001","K5345910","La Chaux à Colombier","STD","1991-07-31 00:00:00+02","1995-06-13 00:00:00+02","26",683450,6574235,"DREAL Centre-Val de Loire - UH Auve","HydroPortail/Hydro 2"
"753","K536322001","K5363220","L'Oeil à Cosne-d'Allier","STD","2008-06-01 00:00:00+02",NA,"26",686778,6597162,"DREAL Centre-Val de Loire - UH Auve","Vigicrues/HydroPortail/Hydro 2"
"754","K536322201","K5363210","L'Oeil à Villefranche-d'Allier - Fouctière","STD","1992-05-01 00:00:00+02","2008-08-31 12:00:00+02","26",686634,6590714,"DREAL Centre-Val de Loire - UH Auve","HydroPortail/Hydro 2"
"755","K537681001","K5376810","Le ruisseau de Noël à Venas","STD","1975-03-01 00:00:00+01","1979-01-01 12:00:00+01","26",680643,6597956,"DREAL Centre-Val de Loire - UH Auve","HydroPortail/Hydro 2"
"756","K538302001","K5383020","L'Aumance à Hérisson","STD","1985-01-01 00:00:00+01",NA,"26",677997,6600907,"DREAL Centre-Val de Loire - UH Auve","Vigicrues/HydroPortail/Hydro 2"
"757","K538302101","K5383010","L'Aumance à Hérisson - Pont de la Roche","STD","1969-10-01 00:00:00+01","2008-07-16 00:00:00+02","26",675021,6603279,"DREAL Centre-Val de Loire - UH Auve","HydroPortail/Hydro 2"
"758","K540092001","K5400920","Le Cher à Saint-Amand-Montrond","STD","1966-01-01 00:00:00+01",NA,"26",661097,6625215,"DREAL Centre-Val de Loire - UH Auve","Vigicrues/HydroPortail/Hydro 2"
"759","K540092101","K5400910","Le Cher à Colombiers - Tranchasse","STD","1965-07-01 00:00:00+01","1984-01-01 00:00:00+01","26",665729,6620072,"DREAL Centre-Val de Loire - UH Auve","HydroPortail/Hydro 2"
"760","K542401001","K5424010","La Sologne à Ainay-le-Château - Ancienne","STD","1994-07-01 00:00:00+02","2014-05-14 00:00:00+02","26",676004,6623241,"DREAL Centre-Val de Loire - UH Auve","HydroPortail/Hydro 2"
"761","K543302001","K5433020","La Marmande à Saint-Pierre-les-Étieux - Brébeurre","STD","1992-03-13 00:00:00+01",NA,"26",671241,6625260,"DREAL Centre-Val de Loire - UH Auve","Vigicrues/HydroPortail/Hydro 2"
"762","K543302101","K5433010","La Marmande à Charenton-du-Cher - Laugère","STD","1985-09-18 00:00:00+02","1993-01-26 12:20:00+01","26",675421,6625539,"DREAL Centre-Val de Loire - UH Auve","HydroPortail/Hydro 2"
"763","K544000201","K5440020","La Loubière à Faverdines","STD","2019-01-01 00:00:00+01",NA,"26",659694,6617145,"DREAL Centre-Val de Loire - UH Auve","Vigicrues/HydroPortail/Hydro 2"
"764","K548091010","K5480910","Le Cher à Châteauneuf-sur-Cher - Ancienne","STD","1987-01-30 16:00:00+01","2019-01-01 00:00:00+01","26",647662,6639870,"DREAL Centre-Val de Loire - UH Auve","HydroPortail/Hydro 2"
"765","K548092010","K5480920","Le Cher à Saint-Florent-sur-Cher","STD","1985-12-03 00:00:00+01",NA,"26",642606,6654925,"DREAL Centre-Val de Loire - UH Auve","Vigicrues/HydroPortail/Hydro 2"
"766","K549090001","K5490900","Le Cher à Vierzon","STD","1985-06-10 00:00:00+02",NA,"26",629289,6680004,"DREAL Centre-Val de Loire - UH Auve","Vigicrues/HydroPortail/Hydro 2"
"767","K549090201","K5490910","Le Cher à Foëcy","STD","1965-01-01 00:00:00+01","2010-01-01 12:00:00+01","26",635794,6674501,"DREAL Centre-Val de Loire - UH Auve","HydroPortail/Hydro 2"
"768","K554301001","K5543010","L'Airin à Crosses - Ancienne","STD","1985-11-14 00:00:00+01","2014-04-24 00:00:00+02","26",668077,6656775,"DREAL Centre-Val de Loire - UH Auve","HydroPortail/Hydro 2"
"769","K555230001","K5552300","L'Yèvre à Savigny-en-Septaine","STD","1987-03-01 00:00:00+01",NA,"26",666846,6661187,"DREAL Centre-Val de Loire - UH Auve","Vigicrues/HydroPortail/Hydro 2"
"770","K555458001","K5554580","L'Ouatier à Moulins-sur-Yèvre - Maubranche","STD","2004-07-16 00:00:00+02",NA,"26",663356,6665323,"DREAL Centre-Val de Loire - UH Auve","Vigicrues/HydroPortail/Hydro 2"
"771","K557410001","K5574100","Le Moulon à Bourges - Asnières","STD","1993-10-01 00:00:00+01",NA,"26",656134,6669464,"DREAL Centre-Val de Loire - UH Auve","Vigicrues/HydroPortail/Hydro 2"
"772","K562301001","K5623010","L'Auron au Pondy","STD","1987-04-01 00:00:00+02",NA,"26",673401,6633809,"DREAL Centre-Val de Loire - UH Auve","Vigicrues/HydroPortail/Hydro 2"
"773","K565301001","K5653010","L'Auron à Bourges - L'Ormediot","STD","1966-12-19 00:00:00+01",NA,"26",658089,6659783,"DREAL Centre-Val de Loire - UH Auve","Vigicrues/HydroPortail/Hydro 2"
"774","K570230010","K5702300","L'Yèvre à Bourges - Boulevard de l'Avenir - Ancienne","STD","1999-01-01 00:00:00+01","2014-04-14 00:00:00+02","26",653193,6665228,"DREAL Centre-Val de Loire - UH Auve","HydroPortail/Hydro 2"
"775","K570232001","K5702320","L'Yèvre à Saint-Doulchard - Moulin Batard déviation","STD","2008-04-01 00:00:00+02",NA,"26",650878,6665242,"DREAL Centre-Val de Loire - UH Auve","Vigicrues/HydroPortail/Hydro 2"
"776","K570232002","K5702310","L'Yèvre à Saint-Doulchard - Moulin Batard -Ancienne","STD","1900-12-12 12:12:00+00:09:21","1994-10-31 00:00:00+01","26",650878,6665242,"DREAL Centre-Val de Loire - UH Auve","HydroPortail/Hydro 2"
"777","K571231001","K5712310","L'Yèvre à Foëcy","STD","1993-09-01 00:00:00+02",NA,"26",637081,6676655,"DREAL Centre-Val de Loire - UH Auve","Vigicrues/HydroPortail/Hydro 2"
"778","K571231002",NA,"L'Yèvre à Foëcy - Station débitmétrique","DEB","2021-05-21 00:00:00+02",NA,"26",637081,6676655,"DREAL Centre-Val de Loire - UH Auve","HydroPortail"
"779","K573000101","K5730010","Le Barangeon à Vouzeron","STD","2016-05-25 00:00:00+02",NA,"26",641469,6684348,"DREAL Centre-Val de Loire - UH Auve","Vigicrues/HydroPortail/Hydro 2"
"780","K602242001","K6022420","L'Arnon à Loye-sur-Arnon","STD","2007-11-01 00:00:00+01",NA,"26",652296,6617164,"DREAL Centre-Val de Loire - UH Auve","Vigicrues/HydroPortail/Hydro 2"
"781","K602242101","K6022410","L'Arnon à Sidiailles","STD","1968-11-20 00:00:00+01","1976-03-05 10:30:00+01","26",648739,6601715,"DREAL Centre-Val de Loire - UH Auve","HydroPortail/Hydro 2"
"782","K602242201",NA,"L'Arnon à Sidiailles","STD","2022-07-01 00:00:00+02",NA,"26",648805.99269728,6601235.1012076,"DREAL Centre-Val de Loire - UH Auve","HydroPortail"
"783","K603400010","K6034000","Le Portefeuille au Châtelet","STD","1985-12-03 00:00:00+01",NA,"26",644865,6616153,"DREAL Centre-Val de Loire - UH Auve","HydroPortail/Hydro 2"
"784","K606301001","K6063010","La Sinaise à Rezay","STD","2014-01-01 00:00:00+01",NA,"26",637359,6619505,"DREAL Centre-Val de Loire - UH Auve","Vigicrues/HydroPortail/Hydro 2"
"785","K607240010","K6072400","L'Arnon à Lignières","STD","1987-01-30 00:00:00+01",NA,"26",637235,6628301,"DREAL Centre-Val de Loire - UH Auve","Vigicrues/HydroPortail/Hydro 2"
"786","K610243001","K6102430","L'Arnon à Mareuil-sur-Arnon","STD","2014-05-01 00:00:00+02",NA,"26",633704,6642608,"DREAL Centre-Val de Loire - UH Auve","Vigicrues/HydroPortail/Hydro 2"
"787","K610243201","K6102420","L'Arnon à Saint-Baudel - Les Gours","STD","1993-01-01 00:00:00+01","2006-09-01 00:00:00+02","26",636675,6639122,"DREAL Centre-Val de Loire - UH Auve","HydroPortail/Hydro 2"
"788","K611240010","K6112400","L'Arnon à Chârost - Ancienne","STD","1985-12-03 08:00:00+01","2019-01-01 00:00:00+01","26",633103,6655055,"DREAL Centre-Val de Loire - UH Auve","HydroPortail/Hydro 2"
"789","K612311010","K6123110","La Théols à Meunet-Planches","STD","2001-11-28 08:00:00+01",NA,"26",620361,6638165,"DREAL Centre-Val de Loire - UH Auve","Vigicrues/HydroPortail/Hydro 2"
"790","K612311011","K6123120","La Théols à Meunet-Planches - Station débitmétrique","DEB","2017-10-03 00:00:00+02",NA,"26",620424,6637901,"DREAL Centre-Val de Loire - UH Auve","Vigicrues/HydroPortail/Hydro 2"
"791","K617313001","K6173130","La Théols à Sainte-Lizaigne - Pont RD34 - Station débitmétrique","DEB","2011-10-01 00:00:00+02",NA,"26",626095,6656620,"DREAL Centre-Val de Loire - UH Auve","Vigicrues/HydroPortail/Hydro 2"
"792","K617313002","K6173120","La Théols à Sainte-Lizaigne - Pont RD 34","STD","1977-12-20 11:45:00+01",NA,"26",626095,6656620,"DREAL Centre-Val de Loire - UH Auve","Vigicrues/HydroPortail/Hydro 2"
"793","K617313003","K6173110","La Théols à Sainte-Lizaigne - L'Échardon","STD","1970-07-30 00:00:00+01","1976-03-01 04:20:00+01","26",626545,6658015,"DREAL Centre-Val de Loire - UH Auve","HydroPortail/Hydro 2"
"794","K619242001","K6192420","L'Arnon à Méreau - Alnay","STD","1996-09-01 00:00:00+02",NA,"26",626727,6676030,"DREAL Centre-Val de Loire - UH Auve","Vigicrues/HydroPortail/Hydro 2"
"795","K619242101","K6192410","L'Arnon à Méreau - Pont de Méreau","STD","1964-01-01 00:00:00+01","2002-12-31 00:00:00+01","26",626433,6673961,"DREAL Centre-Val de Loire - UH Auve","HydroPortail/Hydro 2"
"796","K620090010","K6200900","Le Cher à Mennetou-sur-Cher","STD","1986-06-22 00:00:00+02",NA,"26",614569,6685900,"DREAL Centre-Val de Loire - UH Auve","Vigicrues/HydroPortail/Hydro 2"
"797","K622091002","K6220920","Le Cher à Selles-sur-Cher - Echelle SAC - Ancienne","STD","1969-01-01 00:00:00+01","2014-04-24 12:00:00+02","26",589243,6686928,"DREAL Centre-Val de Loire - UH Auve","HydroPortail/Hydro 2"
"798","K622091003","K6220930","Le Cher à Selles-sur-Cher - Pont D 956A","STD","2013-08-22 00:00:00+02",NA,"26",590993,6687413,"DREAL Centre-Val de Loire - UH Auve","Vigicrues/HydroPortail/Hydro 2"
"799","K622091101","K6220940","Le Cher à Saint-Julien-sur-Cher","STD","1969-01-01 00:00:00+01","1988-01-01 00:00:00+01","26",606972,6687921,"DREAL Centre-Val de Loire - UH Auve","HydroPortail/Hydro 2"
"800","K632251010","K6322510","La Sauldre à Vailly-sur-Sauldre","STD","2001-11-28 00:00:00+01",NA,"26",673433,6706369,"DREAL Centre-Val de Loire - UH Auve","Vigicrues/HydroPortail/Hydro 2"
"801","K632251101","K6322520","La Sauldre à Concressault","STD","2021-05-25 00:00:00+02",NA,"26",668446.4249602,6710162.6153922,"DREAL Centre-Val de Loire - UH Auve","HydroPortail/Hydro 2"
"802","K633252001","K6332520","La Sauldre à Brinon-sur-Sauldre","STD","1987-06-01 00:00:00+02",NA,"26",644265,6718453,"DREAL Centre-Val de Loire - UH Auve","Vigicrues/HydroPortail/Hydro 2"
"803","K633252002","K6332510","La Sauldre à Brinon-sur-Sauldre - 1","STD","1970-10-12 00:00:00+01","1981-06-01 12:00:00+02","26",644265,6718453,"DREAL Centre-Val de Loire - UH Auve","HydroPortail/Hydro 2"
"804","K633401001","K6334010","La Nère à Aubigny-sur-Nère","STD","1969-11-19 15:29:59+01",NA,"26",657517,6710286,"DREAL Centre-Val de Loire - UH Auve","Vigicrues/HydroPortail/Hydro 2"
"805","K633401201","K6334020","La Nère à Clémont","STD","1977-05-12 00:00:00+02","1979-09-13 05:00:00+02","26",647908,6718256,"DREAL Centre-Val de Loire - UH Auve","HydroPortail/Hydro 2"
"806","K637302001","K6373020","La Petite Sauldre à Ménétréol-sur-Sauldre - Ancienne","STD","1970-10-12 17:39:59+01","2015-07-02 00:00:00+02","26",647624,6705375,"DREAL Centre-Val de Loire - UH Auve","HydroPortail/Hydro 2"
"807","K637302002","K6373030","La Petite Sauldre à Ménétréol-sur-Sauldre","STD","2015-04-01 00:00:00+02",NA,"26",647624,6705375,"DREAL Centre-Val de Loire - UH Auve","Vigicrues/HydroPortail/Hydro 2"
"808","K640250010","K6402500","La Sauldre à Salbris - Pont RN20 - Ancienne","STD","1986-06-22 12:00:00+02","2014-04-24 12:00:00+02","26",628531,6703440,"DREAL Centre-Val de Loire - UH Auve","HydroPortail/Hydro 2"
"809","K640250011","K6402510","La Sauldre à Salbris","STD","1970-07-21 00:00:00+01","2006-03-29 00:00:00+02","26",627054,6703050,"DREAL Centre-Val de Loire - UH Auve","HydroPortail/Hydro 2"
"810","K640252001","K6402520","La Sauldre à Salbris - Valaudran","STD","2005-01-01 00:00:00+01",NA,"26",627038,6703053,"DREAL Centre-Val de Loire - UH Auve","Vigicrues/HydroPortail/Hydro 2"
"811","K645301001","K6453010","La Rère à Theillay - La Loge","STD","2010-06-01 00:00:00+02",NA,"26",628778,6694329,"DREAL Centre-Val de Loire - UH Auve","Vigicrues/HydroPortail/Hydro 2"
"812","K648251001","K6482510","La Sauldre à Pruniers-en-Sologne","STD","2014-01-01 00:00:00+01",NA,"26",599660,6692021,"DREAL Centre-Val de Loire - UH Auve","Vigicrues/HydroPortail/Hydro 2"
"813","K649251001","K6492510","La Sauldre à Selles-sur-Cher - Saint-André - Ancienne","STD","1964-01-01 00:00:00+01","2016-12-31 00:00:00+01","26",589274,6688380,"DREAL Centre-Val de Loire - UH Auve","HydroPortail/Hydro 2"
"814","K650091001","K6500910","Le Cher à Châtillon-sur-Cher","STD","1993-01-01 00:00:00+01",NA,"26",585701,6686643,"DREAL Centre-Val de Loire - UH Auve","Vigicrues/HydroPortail/Hydro 2"
"815","K652000201","K6520020","Le Fouzon à Dun-le-Poëlier","STD","2020-01-01 00:00:00+01",NA,"26",605786,6678991,"DREAL Centre-Val de Loire - UH Auve","HydroPortail/Hydro 2"
"816","K654000101","K6544010","Le Poulain à Poulaines","STD","1979-07-01 00:00:00+02","1994-01-24 10:20:00+01","26",598876,6673165,"DREAL Centre-Val de Loire - UH Auve","HydroPortail/Hydro 2"
"817","K658000101","K6580010","Le Nahon à Poulaines - Barzelle","STD","2020-01-01 00:00:00+01",NA,"26",594058,6676206,"DREAL Centre-Val de Loire - UH Auve","HydroPortail/Hydro 2"
"818","K659300010","K6593000","Le Fouzon à Menetou-sur-Nahon - Ancienne","STD","1999-10-18 00:00:00+02","2014-05-12 00:00:00+02","26",595768,6681243,"DREAL Centre-Val de Loire - UH Auve","HydroPortail/Hydro 2"
"819","K659302001","K6593020","Le Fouzon à Meusnes - Le Gué au Loup","STD","2003-09-19 00:00:00+02",NA,"26",585414,6685546,"DREAL Centre-Val de Loire - UH Auve","Vigicrues/HydroPortail/Hydro 2"
"820","K659302002","K6593010","Le Fouzon à Meusnes - Le gué de Meusnes","STD","1967-01-01 00:00:00+01","2008-01-01 00:00:00+01","26",587535,6684594,"DREAL Centre-Val de Loire - UH Auve","HydroPortail/Hydro 2"
"821","K664090010","K6640900","Le Cher à Montrichard","STD","1987-01-01 00:00:00+01",NA,"26",562928,6694781,"DREAL Centre-Val de Loire - UH Auve","Vigicrues/HydroPortail/Hydro 2"
"822","K671091001","K6710910","Le Cher à Tours - Pont Saint-Sauveur","STD","1985-01-01 00:00:00+01",NA,"26",524804,6699550,"DREAL Centre-Val de Loire - UH Auve","Vigicrues/HydroPortail/Hydro 2"
"823","K672000201","K6720910","Le Cher à Savonnières","STD","1966-01-01 00:00:00+01","2000-01-01 00:00:00+01","26",514763,6697127,"DREAL Centre-Val de Loire - UH Auve","HydroPortail/Hydro 2"
"824","K683002001","K6830020","La Loire à Langeais","STD","1985-09-01 12:00:00+02",NA,"26",504041,6694279,"DREAL Centre-Val de Loire - UH Auve","Vigicrues/HydroPortail/Hydro 2"
"825","K683002101","K6830010","La Loire à la Chapelle-sur-Loire","STD","1956-01-01 00:00:00+01","1993-01-01 12:00:00+01","26",490094,6686614,"DREAL Centre-Val de Loire - UH Auve","HydroPortail/Hydro 2"
"826","K702260010","K7022610","L'Indre à Sainte-Sévère-sur-Indre","STD","1990-11-01 00:00:00+01","2019-01-01 00:00:00+01","26",627744,6599024,"DREAL Centre-Val de Loire - UH Auve","HydroPortail/Hydro 2"
"827","K702262001","K7022620","L'Indre à Montgivray","STD","1992-09-01 00:00:00+02",NA,"26",621868,6611633,"DREAL Centre-Val de Loire - UH Auve","Vigicrues/HydroPortail/Hydro 2"
"828","K714301001","K7143010","La Vauvre à Montipouret - Moulin d'Angibault","STD","2012-12-19 00:00:00+01",NA,"26",616145,6614572,"DREAL Centre-Val de Loire - UH Auve","Vigicrues/HydroPortail/Hydro 2"
"829","K715261010","K7152610","L'Indre à Mers-sur-Indre - Ancienne","STD","1994-01-01 00:00:00+01","2014-04-24 12:00:00+02","26",614038,6619323,"DREAL Centre-Val de Loire - UH Auve","HydroPortail/Hydro 2"
"830","K720261001","K7202610","L'Indre à Ardentes","STD","1963-01-01 00:00:00+01",NA,"26",610719,6627528,"DREAL Centre-Val de Loire - UH Auve","Vigicrues/HydroPortail/Hydro 2"
"831","K720261002","K7202620","L'Indre à Ardentes - Station débitmétrique","DEB","2017-11-16 00:00:00+01",NA,"26",610722,6627518,"DREAL Centre-Val de Loire - UH Auve","Vigicrues/HydroPortail/Hydro 2"
"832","K720751001","K7207510","La Ringoire à Déols","STD","2000-10-19 15:45:00+02",NA,"26",600096,6637984,"DREAL Centre-Val de Loire - UH Auve","Vigicrues/HydroPortail/Hydro 2"
"833","K720751002",NA,"La Ringoire à Déols - Station débitmétrique","DEB","2021-05-21 00:00:00+02",NA,"26",600096,6637984,"DREAL Centre-Val de Loire - UH Auve","HydroPortail"
"834","K721261010","K7212610","L'Indre à Châteauroux","STD","1993-01-01 00:00:00+01",NA,"26",599730,6635637,"DREAL Centre-Val de Loire - UH Auve","Vigicrues/HydroPortail/Hydro 2"
"835","K721751001","K7217510","La Trégonce à Vineuil - Pont de Pierre","STD","1992-01-15 14:20:00+01",NA,"26",596192,6648380,"DREAL Centre-Val de Loire - UH Auve","Vigicrues/HydroPortail/Hydro 2"
"836","K721751201","K7217502","La Trégonce à Villedieu-sur-Indre - 1","STD","1992-01-13 00:00:00+01","1996-03-21 10:40:00+01","26",589481,6640224,"DREAL Centre-Val de Loire - UH Auve","HydroPortail/Hydro 2"
"837","K721751202","K7217503","La Trégonce à Villedieu-sur-Indre - La Beauce","STD","1997-11-06 00:00:00+01","2003-01-07 14:20:00+01","26",590787,6642129,"DREAL Centre-Val de Loire - UH Auve","HydroPortail/Hydro 2"
"838","K722261011","K7222620","L'Indre à Buzançais - Pont voie ferrée","STD","2014-05-21 00:00:00+02",NA,"26",579364,6645502,"DREAL Centre-Val de Loire - UH Auve","Vigicrues/HydroPortail/Hydro 2"
"839","K722261201","K7226510","La Cité à Saint-Genou [L'Auneau]","STD","2020-01-01 00:00:00+01",NA,"26",576864,6649661,"DREAL Centre-Val de Loire - UH Auve","HydroPortail/Hydro 2"
"840","K731261001","K7312610","L'Indre à Saint-Cyran-du-Jambot","STD","1968-01-01 12:00:00+01",NA,"26",557741,6659092,"DREAL Centre-Val de Loire - UH Auve","Vigicrues/HydroPortail/Hydro 2"
"841","K731262010","K7312620","L'Indre à Châtillon-sur-Indre - Ancienne","STD","1993-01-01 00:00:00+01","2019-01-01 00:00:00+01","26",561635,6655923,"DREAL Centre-Val de Loire - UH Auve","HydroPortail/Hydro 2"
"842","K732261001","K7322610","L'Indre à Perrusson","STD","2010-01-01 00:00:00+01",NA,"26",549727,6668866,"DREAL Centre-Val de Loire - UH Auve","Vigicrues/HydroPortail/Hydro 2"
"843","K733261010","K7332610","L'Indre à Loches - Ancienne","STD","1993-01-01 00:00:00+01","2015-08-05 12:00:00+02","26",548523,6671755,"DREAL Centre-Val de Loire - UH Auve","HydroPortail/Hydro 2"
"844","K741301010","K7413010","L'Indrois à Montrésor - Ancienne","STD","1986-01-01 00:00:00+01","2014-04-14 00:00:00+02","26",563457,6674145,"DREAL Centre-Val de Loire - UH Auve","HydroPortail/Hydro 2"
"845","K741401001","K7414010","La Tourmente à Villeloin-Coulangé - Coulangé Ancienne","STD","1966-02-21 14:40:00+01","2016-01-04 08:00:00+01","26",566649,6672109,"DREAL Centre-Val de Loire - UH Auve","HydroPortail/Hydro 2"
"846","K741401201","K7417501","La Jobardière à Nouans-les-Fontaines","STD","2002-07-18 00:00:00+02","2003-09-11 10:00:00+02","26",570675,6674112,"DREAL Centre-Val de Loire - UH Auve","HydroPortail/Hydro 2"
"847","K742000201","K7424010","L'Olivet à Beaumont-Village - 1","STD","1966-02-11 00:00:00+01","2001-10-17 12:30:00+02","26",564520,6677364,"DREAL Centre-Val de Loire - UH Auve","HydroPortail/Hydro 2"
"848","K742000202","K7424020","L'Olivet à Beaumont-Village - 2","STD","1976-01-14 00:00:00+01","1979-10-24 09:30:00+01","26",565654,6678396,"DREAL Centre-Val de Loire - UH Auve","HydroPortail/Hydro 2"
"849","K743303001","K7433030","L'Indrois à Genillé","STD","1977-08-19 18:50:00+02",NA,"26",555863,6677229,"DREAL Centre-Val de Loire - UH Auve","Vigicrues/HydroPortail/Hydro 2"
"850","K743303002",NA,"L'Indrois à Genillé - Les Foulons","STD","1969-01-01 00:00:00+01","1986-01-01 00:00:00+01","26",548265.69437004,6680515.6548261,"DREAL Centre-Val de Loire - UH Auve","HydroPortail"
"851","K743303201","K7433010","L'Indrois à Chemillé-sur-Indrois","STD","1966-02-07 00:00:00+01","1977-07-19 09:00:00+02","26",561241,6675158,"DREAL Centre-Val de Loire - UH Auve","HydroPortail/Hydro 2"
"852","K750261010","K7502610","L'Indre à Cormery","STD","1993-01-01 00:00:00+01",NA,"26",536306,6687713,"DREAL Centre-Val de Loire - UH Auve","Vigicrues/HydroPortail/Hydro 2"
"853","K751401001","K7514010","L'Echandon à Saint-Branchs","STD","1967-12-21 15:00:00+01",NA,"26",535047,6685285,"DREAL Centre-Val de Loire - UH Auve","Vigicrues/HydroPortail/Hydro 2"
"854","K752262010","K7522620","L'Indre à Monts - Station débitmétrique - Ancienne","DEB","2002-04-26 18:00:00+02","2021-07-21 00:00:00+02","26",520655,6689152,"DREAL Centre-Val de Loire - UH Auve","HydroPortail/Hydro 2"
"855","K752262011","K7522630","L'Indre à Monts","STD","2017-09-28 00:00:00+02",NA,"26",520655,6689152,"DREAL Centre-Val de Loire - UH Auve","Vigicrues/HydroPortail/Hydro 2"
"856","K752262401","K7522610","L'Indre à Montbazon","STD","1987-05-01 00:00:00+02","2002-04-26 00:00:00+02","26",527425,6690045,"DREAL Centre-Val de Loire - UH Auve","HydroPortail/Hydro 2"
"857","K752262501","K7526010","Le Bourdin à Sorigny","STD","1975-12-01 00:00:00+01","1983-08-11 13:00:00+02","26",527907,6685742,"DREAL Centre-Val de Loire - UH Auve","HydroPortail/Hydro 2"
"858","K752262601","K7529010","Le Montison à Thilouze","STD","1967-02-17 00:00:00+01","1985-09-17 09:00:00+02","26",521895,6683651,"DREAL Centre-Val de Loire - UH Auve","HydroPortail/Hydro 2"
"859","K753000301","K7534510","La Thilouze à Pont-de-Ruan - Les Porchers","STD","1973-10-29 00:00:00+01","1983-09-30 15:00:00+01","26",517457,6686274,"DREAL Centre-Val de Loire - UH Auve","HydroPortail/Hydro 2"
"860","K753000302","K7534520","La Thilouze à Pont-de-Ruan - 2","STD","1983-09-30 00:00:00+01","1994-01-18 15:00:00+01","26",517277,6686838,"DREAL Centre-Val de Loire - UH Auve","HydroPortail/Hydro 2"
"861","K754000401","K7542610","L'Indre à Lignières-de-Touraine - Marnay","STD","1900-12-12 00:00:00+00:09:21","1981-01-01 00:00:00+01","26",502620,6690089,"DREAL Centre-Val de Loire - UH Auve","HydroPortail/Hydro 2"
"862","K754000501","K7542620","L'Indre à Bréhémont","STD","1980-01-01 00:00:00+01","1987-01-01 00:00:00+01","26",499833,6690304,"DREAL Centre-Val de Loire - UH Auve","HydroPortail/Hydro 2"
"863","L001061001","L0010610","La Vienne à Peyrelevade [Servières]","STD","1947-01-01 00:00:00+01",NA,"26",622764,6511882,"DREAL Nouvelle-Aquitaine - UH Vienn","HydroPortail/Hydro 2"
"864","L001061101","L0010620","La Vienne à Peyrelevade [La Rigole du Diable]","STD","1962-03-27 00:00:00+01",NA,"26",621806,6512129,"Electricité de France (EDF)","HydroPortail/Hydro 2"
"865","L005063001","L0050630","La Vienne à Eymoutiers","STD","1994-06-01 00:00:00+02",NA,"26",602264,6516411,"DREAL Nouvelle-Aquitaine - UH Vienn","Vigicrues/HydroPortail/Hydro 2"
"866","L009302001","L0093020","La Combade à Roziers-Saint-Georges","STD","2001-11-29 00:00:00+01",NA,"26",588571,6517532,"DREAL Nouvelle-Aquitaine - UH Vienn","Vigicrues/HydroPortail/Hydro 2"
"867","L009302002","L0093010","La Combade à Masléon","STD","1967-01-01 00:00:00+01","2002-08-01 00:00:00+02","26",587609,6519591,"DREAL Nouvelle-Aquitaine - UH Vienn","HydroPortail/Hydro 2"
"868","L012302001","L0123020","La Maulde à Saint-Martin-Château [Moulin de l'Age]","STD","1968-01-01 00:00:00+01","1990-06-01 12:00:00+02","26",606012,6529369,"DREAL Nouvelle-Aquitaine - UH Vienn","HydroPortail/Hydro 2"
"869","L012303001","L0123030","La Maulde à Peyrat-le-Château","STD","1990-01-01 00:00:00+01",NA,"26",604381,6525492,"DREAL Nouvelle-Aquitaine - UH Vienn","Vigicrues/HydroPortail/Hydro 2"
"870","L014061001","L0140610","La Vienne à Saint-Priest-Taurion","STD","1942-01-01 00:00:00+02",NA,"26",576277,6532969,"DREAL Nouvelle-Aquitaine - UH Vienn","Vigicrues/HydroPortail/Hydro 2"
"871","L014061101","L0140620","La Vienne à Saint-Léonard-de-Noblat [Sempinet]","STD","1966-03-01 00:00:00+01","2000-03-31 00:00:00+02","26",579572,6530272,"Electricité de France (EDF)","HydroPortail/Hydro 2"
"872","L020151001","L0201510","Le Taurion au Monteil-au-Vicomte [Pont-de-Chatain]","STD","1928-01-01 00:00:00+00","2017-01-02 03:30:00+01","26",618636,6532589,"DREAL Nouvelle-Aquitaine - UH Vienn","HydroPortail/Hydro 2"
"873","L023151001","L0231510","Le Taurion à Pontarion","STD","1919-01-01 00:00:00+00",NA,"26",610748,6544739,"DREAL Nouvelle-Aquitaine - UH Vienn","Vigicrues/HydroPortail/Hydro 2"
"874","L024451001","L0244510","La Leyrenne à Saint-Dizier-Leyrenne","STD","1967-11-01 00:00:00+01","1994-01-07 12:00:00+01","26",600488,6545635,"DREAL Nouvelle-Aquitaine - UH Vienn","HydroPortail/Hydro 2"
"875","L030000101","L0301510","Le Taurion à Châtelus-le-Marcheix","STD","1946-01-01 00:00:00+01","1971-12-01 12:00:00+01","26",592283,6544774,"DREAL Nouvelle-Aquitaine - UH Vienn","HydroPortail/Hydro 2"
"876","L031401001","L0314010","La Vige à Saint-Martin-Sainte-Catherine","STD","1958-01-01 00:00:00+01",NA,"26",589895,6540598,"DREAL Nouvelle-Aquitaine - UH Vienn","HydroPortail/Hydro 2"
"877","L032151001","L0321510","Le Taurion à Saint-Priest-Taurion [Le Chauvan]","STD","1979-10-01 00:00:00+01",NA,"26",576725,6535121,"DREAL Nouvelle-Aquitaine - UH Vienn","Vigicrues/HydroPortail/Hydro 2"
"878","L040061001","L0400610","La Vienne au Palais-sur-Vienne","STD","1923-01-01 00:00:00+00",NA,"26",570147,6530328,"DREAL Nouvelle-Aquitaine - UH Vienn","HydroPortail/Hydro 2"
"879","L040061002","L0410610","La Vienne à Limoges - Pont-Neuf","STD","1905-01-01 00:00:00+00:09:21",NA,"26",565659,6526590,"DREAL Nouvelle-Aquitaine - UH Vienn","Vigicrues/HydroPortail/Hydro 2"
"880","L051301001","L0513010","La Roselle à Saint-Hilaire-Bonneval","STD","1966-10-01 00:00:00+01","1997-01-02 12:00:00+01","26",571111,6516231,"DREAL Nouvelle-Aquitaine - UH Vienn","HydroPortail/Hydro 2"
"881","L056301001","L0563010","La Briance à Condat-sur-Vienne [Chambon Veyrinas]","STD","1966-01-01 00:00:00+01",NA,"26",563207,6518987,"DREAL Nouvelle-Aquitaine - UH Vienn","Vigicrues/HydroPortail/Hydro 2"
"882","L061401001","L0614010","L'Aurence à Limoges [Moulin Pinard]","STD","1965-01-01 00:00:00+01","1996-01-18 00:00:00+01","26",565712,6530777,"DREAL Nouvelle-Aquitaine - UH Vienn","HydroPortail/Hydro 2"
"883","L061402001","L0614020","L'Aurence à Isle","STD","1995-08-01 00:00:00+02",NA,"26",559443,6525104,"DREAL Nouvelle-Aquitaine - UH Vienn","HydroPortail/Hydro 2"
"884","L061581001","L0615810","Le Coyol à Couzeix [La Lande]","STD","1976-03-01 00:00:00+01","2009-10-19 05:00:00+02","26",561499,6532848,"DREAL Nouvelle-Aquitaine - UH Vienn","HydroPortail/Hydro 2"
"885","L062061001","L0620610","La Vienne à Aixe-sur-Vienne","STD","1974-01-01 00:00:00+01",NA,"26",555798,6523699,"DREAL Nouvelle-Aquitaine - UH Vienn","Vigicrues/HydroPortail/Hydro 2"
"886","L062401001","L0624010","L'Aixette à Aixe-sur-Vienne","STD","1968-06-01 00:00:00+01","2000-08-07 00:00:00+02","26",554641,6520916,"DREAL Nouvelle-Aquitaine - UH Vienn","HydroPortail/Hydro 2"
"887","L070061001","L0700610","La Vienne à Verneuil-sur-Vienne [Pont de La Gabie]","STD","1973-01-01 00:00:00+01",NA,"26",552430,6528656,"DREAL Nouvelle-Aquitaine - UH Vienn","HydroPortail/Hydro 2"
"888","L081301001","L0813010","La Glane à Saint-Junien [Le Dérot]","STD","1967-11-01 00:00:00+01",NA,"26",538442,6536960,"DREAL Nouvelle-Aquitaine - UH Vienn","HydroPortail/Hydro 2"
"889","L091402001","L0914020","La Gorre à Chaillac-sur-Vienne","STD","1989-11-01 00:00:00+01",NA,"26",536087,6529245,"DREAL Nouvelle-Aquitaine - UH Vienn","HydroPortail/Hydro 2"
"890","L091402002","L0914010","La Gorre à Rochechouart","STD","1966-01-01 00:00:00+01","1990-01-01 12:00:00+01","26",534208,6530398,"DREAL Nouvelle-Aquitaine - UH Vienn","HydroPortail/Hydro 2"
"891","L092061001","L0920610","La Vienne à Étagnac - Pont de Pilas","STD","1969-12-01 00:00:00+01",NA,"26",528268,6531872,"DREAL Nouvelle-Aquitaine - UH Vienn","HydroPortail/Hydro 2"
"892","L092061002","L0920620","La Vienne à Étagnac - Chatenet","STD","2013-11-15 00:00:00+01",NA,"26",527733,6531777,"DREAL Nouvelle-Aquitaine - UH Vienn","Vigicrues/HydroPortail/Hydro 2"
"893","L094061001","L0940610","La Vienne à Confolens","STD","1964-01-01 00:00:00+01",NA,"26",519749,6548610,"DREAL Nouvelle-Aquitaine - UH Vienn","Vigicrues/HydroPortail/Hydro 2"
"894","L100401001","L1004010","Le Goire à Saint-Maurice-des-Lions - Pont de Boérat-Vilette","STD","2008-06-05 00:00:00+02",NA,"26",520950,6546605,"DREAL Nouvelle-Aquitaine - UH Vienn","HydroPortail/Hydro 2"
"895","L111301001","L1113020","L'Issoire à Esse - [Pont Binot]","STD","2008-06-30 00:00:00+02",NA,"26",525958,6552244,"DREAL Nouvelle-Aquitaine - UH Vienn","HydroPortail/Hydro 2"
"896","L111302001","L1113010","L'Issoire à Saint-Germain-de-Confolens [Moulin Brûlé]","STD","1968-12-01 00:00:00+01","1970-01-01 12:00:00+01","26",521281,6552722,"DREAL Nouvelle-Aquitaine - UH Vienn","HydroPortail/Hydro 2"
"897","L120000301","L1200610","La Vienne à Millac [Barrage de Jousseau]","STD","1956-01-01 00:00:00+01","1978-12-31 23:50:00+01","26",520441,6565973,"DREAL Nouvelle-Aquitaine - UH Vienn","HydroPortail/Hydro 2"
"898","L131000101","L1313010","La Blourde [La Grande Blourde] à Persac [Persac] - [Pont de Kiel]","STD","2012-04-20 00:00:00+02",NA,"26",523505,6581831,"DREAL Nouvelle-Aquitaine - UH Vienn","HydroPortail/Hydro 2"
"899","L140061001","L1400610","La Vienne à Lussac-les-Châteaux - Pont de Mazerolles","STD","1985-01-01 00:00:00+01",NA,"26",523440,6591978,"DREAL Nouvelle-Aquitaine - UH Vienn","Vigicrues/HydroPortail/Hydro 2"
"900","L144061001","L1440610","La Vienne à Chauvigny","STD","1952-01-01 00:00:00+01",NA,"26",519421,6610414,"DREAL Nouvelle-Aquitaine - UH Vienn","Vigicrues/HydroPortail/Hydro 2"
"901","L210300501","L2103010","La Dive [du Sud] à Couhé [Abbaye de Valence]","STD","1969-05-07 00:00:00+01","1975-02-01 00:00:00+01","26",482426,6583016,"DREAL Nouvelle-Aquitaine - UH Vienn","HydroPortail/Hydro 2"
"902","L210301001","L2103020","La Dive [du Sud] à Voulon [Neuil]","STD","1995-09-01 00:00:00+02",NA,"26",487273,6587744,"DREAL Nouvelle-Aquitaine - UH Vienn","HydroPortail/Hydro 2"
"903","L211401001","L2114010","La Bouleure à Chaunay [Les Planches]","STD","1980-12-01 00:00:00+01","1988-05-27 00:00:00+02","26",478670,6571054,"DREAL Nouvelle-Aquitaine - UH Vienn","HydroPortail/Hydro 2"
"904","L211401002","L2114020","La Bouleure à Caunay [Les Planches] - Pont de Moquerat","STD","1981-02-01 00:00:00+01","1987-09-07 00:00:00+02","26",474649,6569648,"DREAL Nouvelle-Aquitaine - UH Vienn","HydroPortail/Hydro 2"
"905","L220161001","L2201610","Le Clain à Vivonne [Petit Allier]","STD","1990-05-01 00:00:00+02","2014-01-01 08:00:00+01","26",489154,6590032,"DREAL Nouvelle-Aquitaine - UH Vienn","HydroPortail/Hydro 2"
"906","L220161002","L2201620","Le Clain à Voulon [Petit Allier]","STD","2012-06-22 00:00:00+02",NA,"26",488776.24,6590163.99,"DREAL Nouvelle-Aquitaine - UH Vienn","Vigicrues/HydroPortail/Hydro 2"
"907","L221301001","L2213010","La Vonne à Ménigoute [Pont de la Barre]","STD","1987-12-01 00:00:00+01","1997-11-01 12:00:00+01","26",463690,6604264,"DREAL Nouvelle-Aquitaine - UH Vienn","HydroPortail/Hydro 2"
"908","L225301001","L2253010","La Vonne à Cloué [Pont de Cloué]","STD","1969-01-01 00:00:00+01",NA,"26",481650,6596707,"DREAL Nouvelle-Aquitaine - UH Vienn","Vigicrues/HydroPortail/Hydro 2"
"909","L230301001","L2303010","La Clouère à Availles-Limouzine [Le Poux]","STD","1977-03-01 12:00:00+01","1997-07-30 12:00:00+02","26",514554,6563578,"DREAL Nouvelle-Aquitaine - UH Vienn","HydroPortail/Hydro 2"
"910","L231301001","L2313050","La Clouère à Château-Larcher [Le Rozeau]","STD","1990-05-01 00:00:00+02",NA,"26",491664,6596286,"DREAL Nouvelle-Aquitaine - UH Vienn","HydroPortail/Hydro 2"
"911","L231301101","L2313040","La Clouère à Gençay","STD","2012-10-31 00:00:00+01","2017-01-01 00:00:00+01","26",500456,6589567,"DREAL Nouvelle-Aquitaine - UH Vienn","HydroPortail/Hydro 2"
"912","L231301401","L2313030","La Clouère à Marnay","STD","2014-10-21 00:00:00+02",NA,"26",497500,6591137,"DREAL Nouvelle-Aquitaine - UH Vienn","Vigicrues/HydroPortail/Hydro 2"
"913","L232161001","L2321610","Le Clain à Vivonne [Danlot]","STD","1966-01-01 00:00:00+01",NA,"26",491670,6596928,"DREAL Nouvelle-Aquitaine - UH Vienn","Vigicrues/HydroPortail/Hydro 2"
"914","L233401001","L2334010","Le Miosson à Smarves [La Bertandinière]","STD","1988-12-01 00:00:00+01",NA,"26",498590,6605933,"DREAL Nouvelle-Aquitaine - UH Vienn","HydroPortail/Hydro 2"
"915","L234161001","L2341620","Le Clain à Poitiers - Pont Saint-Cyprien","STD","1988-01-01 00:00:00+01","2014-01-01 00:00:00+01","26",496772,6611796,"DREAL Nouvelle-Aquitaine - UH Vienn","HydroPortail/Hydro 2"
"916","L234161002","L2341630","Le Clain à Poitiers - Pont-Neuf","STD","1988-01-01 00:00:00+01",NA,"26",497201,6612060,"DREAL Nouvelle-Aquitaine - UH Vienn","Vigicrues/HydroPortail/Hydro 2"
"917","L240401001","L2404010","La Boivre à Montreuil-Bonnin","STD","2001-11-09 00:00:00+01","2013-01-01 00:00:00+01","26",480895,6609419,"DREAL Nouvelle-Aquitaine - UH Vienn","HydroPortail/Hydro 2"
"918","L240402001","L2404020","La Boivre à Béruges","STD","2001-11-05 00:00:00+01",NA,"26",486363,6611197,"DREAL Nouvelle-Aquitaine - UH Vienn","Vigicrues/HydroPortail/Hydro 2"
"919","L240403001","L2404030","La Boivre à Vouneuil-sous-Biard [La Ribalière]","STD","1986-10-01 00:00:00+01",NA,"26",491256,6612488,"DREAL Nouvelle-Aquitaine - UH Vienn","HydroPortail/Hydro 2"
"920","L240404001","L2404040","La Boivre à Poitiers [Gare SNCF poste 4]","STD","2001-11-08 00:00:00+01",NA,"26",495584,6612314,"DREAL Nouvelle-Aquitaine - UH Vienn","Vigicrues/HydroPortail/Hydro 2"
"921","L242401001","L2424011","La Vendelogne à Ayron [Pont d'Ayron] - ancien","STD","1975-12-01 16:00:00+01","1997-07-01 12:00:00+02","26",476509,6621654,"DREAL Nouvelle-Aquitaine - UH Vienn","HydroPortail/Hydro 2"
"922","L242401002","L2424010","La Vendelogne à Ayron [Pont d'Ayron]","STD","2016-08-04 00:00:00+02",NA,"26",476509,6621654,"DREAL Nouvelle-Aquitaine - UH Vienn","Vigicrues/HydroPortail/Hydro 2"
"923","L242401501","L2424015","L'Auxance [bras principal] à Latillé [pont de Latillé]","STD","2016-08-04 00:00:00+02",NA,"26",476449,6617681,"DREAL Nouvelle-Aquitaine - UH Vienn","Vigicrues/HydroPortail/Hydro 2"
"924","L244301001","L2443010","L'Auxance à Quinçay [Rochecourbe]","STD","1967-12-01 00:00:00+01",NA,"26",490151,6617365,"DREAL Nouvelle-Aquitaine - UH Vienn","HydroPortail/Hydro 2"
"925","L250161001","L2501610","Le Clain à Dissay","STD","1965-01-01 12:00:00+01",NA,"26",503119,6625711,"DREAL Nouvelle-Aquitaine - UH Vienn","Vigicrues/HydroPortail/Hydro 2"
"926","L252301001","L2523010","La Palu à Vendeuvre-du-Poitou [Chincé]","STD","2009-06-17 00:00:00+02",NA,"26",497568,6627059,"DREAL Nouvelle-Aquitaine - UH Vienn","HydroPortail/Hydro 2"
"927","L303301001","L3033010","L'Ozon à Châtellerault [Moulin des Halles]","STD","2008-05-29 00:00:00+02",NA,"26",515486,6633283,"DREAL Nouvelle-Aquitaine - UH Vienn","HydroPortail/Hydro 2"
"928","L312301001","L3123010","L'Envigne à Thuré [Pont de Besse]","STD","1967-12-01 00:00:00+01",NA,"26",509010,6637715,"DREAL Nouvelle-Aquitaine - UH Vienn","HydroPortail/Hydro 2"
"929","L320061001","L3100610","La Vienne à Châtellerault","STD","1918-01-01 00:00:00+00",NA,"26",512484,6638063,"DREAL Nouvelle-Aquitaine - UH Vienn","Vigicrues/HydroPortail/Hydro 2"
"930","L320062001","L3200610","La Vienne à Ingrandes","STD","1918-01-01 00:00:00+00",NA,"26",514473,6644740,"DREAL Nouvelle-Aquitaine - UH Vienn","Vigicrues/HydroPortail/Hydro 2"
"931","L401071001","L4010710","La Creuse à Felletin","STD","1920-01-01 00:00:00+00",NA,"26",635419,6532418,"DREAL Nouvelle-Aquitaine - UH Vienn","Vigicrues/HydroPortail/Hydro 2"
"932","L402451001","L4024510","La Rozeille à Magnat-l'Étrange","STD","1975-09-01 00:00:00+01","1982-11-15 12:00:00+01","26",643260,6521622,"DREAL Nouvelle-Aquitaine - UH Vienn","HydroPortail/Hydro 2"
"933","L403301001","L4033010","La Rozeille à Moutier-Rozeille [Aubusson]","STD","1919-01-01 00:00:00+00",NA,"26",636246,6537244,"DREAL Nouvelle-Aquitaine - UH Vienn","Vigicrues/HydroPortail/Hydro 2"
"934","L410071001","L4100710","La Creuse à Aubusson [Pont-de-la-Rebeyrette]","STD","2009-09-08 00:00:00+02",NA,"26",635974,6539300,"DREAL Nouvelle-Aquitaine - UH Vienn","Vigicrues/HydroPortail/Hydro 2"
"935","L420000301","L4110710","La Creuse à Ahun [Busseau]","STD","1961-07-01 00:00:00+01","2014-10-22 00:00:00+02","26",624830,6558801,"Electricité de France (EDF)","HydroPortail/Hydro 2"
"936","L421071001","L4210710","La Creuse à Glénic","STD","1993-02-01 00:00:00+01",NA,"26",616674,6569904,"DREAL Nouvelle-Aquitaine - UH Vienn","Vigicrues/HydroPortail/Hydro 2"
"937","L422071001","L4220710","La Creuse à Fresselines [Vervy]","STD","1926-01-01 00:00:00+00",NA,"26",598477,6587348,"DREAL Nouvelle-Aquitaine - UH Vienn","Vigicrues/HydroPortail/Hydro 2"
"938","L432000101","L4321711","La Petite Creuse à Genouillac","STD","2014-01-01 00:00:00+01",NA,"26",622632,6584689,"DREAL Nouvelle-Aquitaine - UH Vienn","Vigicrues/HydroPortail/Hydro 2"
"939","L440000101","L4321710","La Petite Creuse à Genouillac","STD","1967-01-01 00:00:00+01",NA,"26",622627,6584691,"Electricité de France (EDF)","HydroPortail/Hydro 2"
"940","L441171001","L4411710","La Petite Creuse à Fresselines [Puy Rageaud]","STD","1924-01-01 00:00:00+00",NA,"26",599254,6588169,"DREAL Nouvelle-Aquitaine - UH Vienn","Vigicrues/HydroPortail/Hydro 2"
"941","L452302001","L4523020","La Sedelle à Lafat","STD","1993-10-14 00:00:00+01","2006-12-27 00:00:00+01","26",591787,6584276,"DREAL Nouvelle-Aquitaine - UH Vienn","HydroPortail/Hydro 2"
"942","L452302002","L4523010","La Sedelle à Crozant - Pont - Charraud","STD","1967-01-01 00:00:00+01","1994-01-01 00:00:00+01","26",593324,6587527,"DREAL Nouvelle-Aquitaine - UH Vienn","HydroPortail/Hydro 2"
"943","L453000201","L4530710","La Creuse à Éguzon-Chantôme","STD","1927-01-01 00:00:00+00",NA,"26",593539,6595936,"Electricité de France (EDF)","HydroPortail/Hydro 2"
"944","L454071001","L4540710","La Creuse à Gargilesse-Dampierre [Pont-Noir]","STD","2006-01-27 00:00:00+01",NA,"26",591495.3,6602514,"DREAL Nouvelle-Aquitaine - UH Vienn","Vigicrues/HydroPortail/Hydro 2"
"945","L454072001","L4540720","La Creuse à Argenton-sur-Creuse","STD","2005-01-01 00:00:00+01",NA,"26",586529.36,6610898.7,"DREAL Nouvelle-Aquitaine - UH Vienn","Vigicrues/HydroPortail/Hydro 2"
"946","L460000201","L4603010","La Bouzanne à Neuvy-Saint-Sépulchre - Zd DIREN Centre","STD","1983-11-15 00:00:00+01","1994-01-29 20:00:00+01","26",608775,6611357,"DREAL Nouvelle-Aquitaine - UH Vienn","HydroPortail/Hydro 2"
"947","L460000202",NA,"La Bouzanne à Neuvy-Saint-Sépulchre","STD","1983-11-15 00:00:00+01","1994-01-29 20:00:00+01","26",608775,6611357,"DREAL Centre-Val de Loire - UH Auve","HydroPortail"
"948","L465301001","L4653010","La Bouzanne à Velles [Forges]","STD","1969-05-01 00:00:00+01",NA,"26",595017,6619338,"DREAL Nouvelle-Aquitaine - UH Vienn","Vigicrues/HydroPortail/Hydro 2"
"949","L470071001","L4700710","La Creuse à Saint-Gaultier","STD","2006-02-19 00:00:00+01",NA,"26",579709.4,6616221.36,"DREAL Nouvelle-Aquitaine - UH Vienn","Vigicrues/HydroPortail/Hydro 2"
"950","L471071001","L4710710","La Creuse à Ciron [Scoury]","STD","1970-08-01 00:00:00+01",NA,"26",569130,6616131,"DREAL Nouvelle-Aquitaine - UH Vienn","Vigicrues/HydroPortail/Hydro 2"
"951","L473071001","L4730710","La Creuse au Blanc","STD","2005-01-01 00:00:00+01",NA,"26",551754,6616341,"DREAL Nouvelle-Aquitaine - UH Vienn","Vigicrues/HydroPortail/Hydro 2"
"952","L473072001","L4730720","La Creuse à Tournon-Saint-Martin","STD","2006-06-22 00:00:00+02",NA,"26",543628,6628021,"DREAL Nouvelle-Aquitaine - UH Vienn","Vigicrues/HydroPortail/Hydro 2"
"953","L500181001","L5001810","La Gartempe à Saint-Victor-en-Marche","STD","2002-06-26 00:00:00+02",NA,"26",606269,6558445,"DREAL Nouvelle-Aquitaine - UH Vienn","Vigicrues/HydroPortail/Hydro 2"
"954","L501411001","L5014110","La Graulade à Saint-Silvain-Montaigut","STD","1974-08-01 00:00:00+01","1995-01-07 12:00:00+01","26",603098,6561461,"DREAL Nouvelle-Aquitaine - UH Vienn","HydroPortail/Hydro 2"
"955","L502181001","L5021810","La Gartempe à Folles [Mazéras]","STD","1989-12-01 00:00:00+01","1999-03-01 00:00:00+01","26",581328,6559731,"DREAL Nouvelle-Aquitaine - UH Vienn","HydroPortail/Hydro 2"
"956","L503401001","L5034010","L'Ardour à Folles [Forgefer]","STD","1967-10-01 00:00:00+01",NA,"26",583787,6556316,"DREAL Nouvelle-Aquitaine - UH Vienn","HydroPortail/Hydro 2"
"957","L510181001","L5101810","La Gartempe à Folles [Pont Gibus]","STD","1960-01-01 00:00:00+01",NA,"26",578997,6558307,"DREAL Nouvelle-Aquitaine - UH Vienn","HydroPortail/Hydro 2"
"958","L511401001","L5114010","La Couze à Saint-Léger-la-Montagne [Le Mazeaud]","STD","1965-01-01 00:00:00+01","1978-12-01 12:00:00+01","26",575288,6549613,"DREAL Nouvelle-Aquitaine - UH Vienn","HydroPortail/Hydro 2"
"959","L511401101","L5114020","La Couze à Saint-Pardoux","STD","2016-08-03 00:00:00+02",NA,"26",565159,6552981,"DREAL Nouvelle-Aquitaine - UH Vienn","HydroPortail/Hydro 2"
"960","L513401001","L5134010","La Semme à Droux","STD","1968-11-01 00:00:00+01",NA,"26",556619,6562905,"DREAL Nouvelle-Aquitaine - UH Vienn","HydroPortail/Hydro 2"
"961","L522301001","L5223010","Le Vincou à Bellac [1]","STD","1966-01-01 12:00:00+01","1989-12-01 12:00:00+01","26",549514,6559146,"DREAL Nouvelle-Aquitaine - UH Vienn","HydroPortail/Hydro 2"
"962","L522302001","L5223020","Le Vincou à Bellac [2]","STD","1991-01-01 00:00:00+01",NA,"26",547237,6561300,"DREAL Nouvelle-Aquitaine - UH Vienn","HydroPortail/Hydro 2"
"963","L530181001","L5301810","La Gartempe à Saint-Bonnet-de-Bellac","STD","1994-09-01 00:00:00+02",NA,"26",541791,6566963,"DREAL Nouvelle-Aquitaine - UH Vienn","Vigicrues/HydroPortail/Hydro 2"
"964","L532301001","L5323010","La Brame à Oradour-Saint-Genest","STD","1971-10-01 00:00:00+01",NA,"26",545859,6574379,"DREAL Nouvelle-Aquitaine - UH Vienn","Vigicrues/HydroPortail/Hydro 2"
"965","L540181001","L5401810","La Gartempe à Lathus-Saint-Rémy [Pont de Massugeon]","STD","1980-01-01 00:00:00+01",NA,"26",540873,6578086,"DREAL Nouvelle-Aquitaine - UH Vienn","Vigicrues/HydroPortail/Hydro 2"
"966","L541181001","L5411810","La Gartempe à Montmorillon","STD","1955-01-01 00:00:00+01",NA,"26",536383,6593687,"DREAL Nouvelle-Aquitaine - UH Vienn","Vigicrues/HydroPortail/Hydro 2"
"967","L541182301","L5411815","La Gartempe à Saint-Savin","STD","2014-10-07 00:00:00+02",NA,"26",536673,6609440,"DREAL Nouvelle-Aquitaine - UH Vienn","Vigicrues/HydroPortail/Hydro 2"
"968","L551191001","L5511910","L'Anglin à Prissac","STD","1972-01-01 00:00:00+01",NA,"26",566062,6601927,"DREAL Nouvelle-Aquitaine - UH Vienn","Vigicrues/HydroPortail/Hydro 2"
"969","L556000102","L5561910","L'Anglin à Mauvières","STD","1971-12-29 00:00:00+01","1987-10-16 10:30:00+01","26",553959,6609399,"DREAL Centre-Val de Loire - UH Auve","HydroPortail/Hydro 2"
"970","L562301001","L5623010","La Benaize à Jouac","STD","1979-01-01 00:00:00+01",NA,"26",566130,6585376,"DREAL Nouvelle-Aquitaine - UH Vienn","HydroPortail/Hydro 2"
"971","L567000301","L5673010","La Benaize à la Trimouille","STD","2014-10-06 00:00:00+02",NA,"26",549837,6598175,"DREAL Nouvelle-Aquitaine - UH Vienn","Vigicrues/HydroPortail/Hydro 2"
"972","L573301001","L5733020","Le Salleron à Journet [Tervannes]","STD","1989-10-01 00:00:00+01",NA,"26",545736,6600842,"DREAL Nouvelle-Aquitaine - UH Vienn","Vigicrues/HydroPortail/Hydro 2"
"973","L574191001","L5741910","L'Anglin à Mérigny","STD","1969-01-01 00:00:00+01",NA,"26",541214,6616581,"DREAL Nouvelle-Aquitaine - UH Vienn","Vigicrues/HydroPortail/Hydro 2"
"974","L574192001","L5741920","L'Anglin à Angles-sur-l'Anglin - Remerle","STD","2004-08-04 00:00:00+02","2014-01-01 00:00:00+01","26",537923,6624728,"DREAL Nouvelle-Aquitaine - UH Vienn","HydroPortail/Hydro 2"
"975","L574192002","L5741915","L'Anglin à Angles-sur-l'Anglin - Pont d'Angles","STD","2012-11-16 00:00:00+01",NA,"26",538127,6623683,"DREAL Nouvelle-Aquitaine - UH Vienn","HydroPortail/Hydro 2"
"976","L580181001","L5801810","La Gartempe à Vicq-sur-Gartempe - Vicq Bourg","STD","2007-07-10 00:00:00+02",NA,"26",536848,6626735,"DREAL Nouvelle-Aquitaine - UH Vienn","Vigicrues/HydroPortail/Hydro 2"
"977","L580181002","L5821810","La Gartempe à la Roche-Posay - La Merci-Dieu [Ancienne]","STD","2003-07-15 00:00:00+02","2007-12-12 09:00:00+01","26",535060,6632171,"DREAL Nouvelle-Aquitaine - UH Vienn","HydroPortail/Hydro 2"
"978","L600071001","L6000710","La Creuse à la Roche-Posay","STD","2006-03-01 00:00:00+01",NA,"26",533343,6634283,"DREAL Nouvelle-Aquitaine - UH Vienn","Vigicrues/HydroPortail/Hydro 2"
"979","L602071001","L6020710","La Creuse à Leugny","STD","1964-01-01 00:00:00+01",NA,"26",525255,6648024,"DREAL Nouvelle-Aquitaine - UH Vienn","Vigicrues/HydroPortail/Hydro 2"
"980","L620201001","L6202020","La Claise au Grand-Pressigny [Étableau 1]","STD","1973-03-01 00:00:00+01","1977-03-03 15:30:00+01","26",533487,6647651,"DREAL Nouvelle-Aquitaine - UH Vienn","HydroPortail/Hydro 2"
"981","L620201002","L6202030","La Claise au Grand-Pressigny [Étableau 1] - Étableau 2","STD","1976-12-31 00:00:00+01","2019-12-31 23:00:00+01","26",533487,6647651,"DREAL Nouvelle-Aquitaine - UH Vienn","HydroPortail/Hydro 2"
"982","L620201201","L6202010","La Claise à Chaumussay","STD","1968-12-04 00:00:00+01","1972-10-02 14:00:00+01","26",537248,6643470,"DREAL Centre-Val de Loire - UH Auve","HydroPortail/Hydro 2"
"983","L621000201","L6202040","La Claise au Grand-Pressigny [Pont de Fer]","STD","2017-01-01 00:00:00+01",NA,"26",532107,6649504,"DREAL Nouvelle-Aquitaine - UH Vienn","Vigicrues/HydroPortail/Hydro 2"
"984","L621000301","L6214010","L'Aigronne au Grand-Pressigny [Pont Saint Martin]","STD","2016-12-29 00:00:00+01",NA,"26",533017,6648603,"DREAL Nouvelle-Aquitaine - UH Vienn","HydroPortail/Hydro 2"
"985","L621000402","L6216920","Le Brignon à Paulmy - 1","STD","1972-12-11 13:10:00+01","2001-10-25 09:45:00+02","26",533788,6655478,"DREAL Nouvelle-Aquitaine - UH Vienn","HydroPortail/Hydro 2"
"986","L621000501","L6216910","Le Brignon à Paulmy - 2","STD","1970-11-10 11:30:00+01","1972-06-26 09:00:00+01","26",534804,6655745,"DREAL Nouvelle-Aquitaine - UH Vienn","HydroPortail/Hydro 2"
"987","L630071001","L6300710","La Creuse à Descartes","STD","2005-11-23 00:00:00+01",NA,"26",524779,6655004,"DREAL Nouvelle-Aquitaine - UH Vienn","Vigicrues/HydroPortail/Hydro 2"
"988","L632000201","L6323010","L'Esves à Marcé-sur-Esves","STD","2014-11-01 10:00:00+01",NA,"26",522018,6661598,"DREAL Nouvelle-Aquitaine - UH Vienn","HydroPortail/Hydro 2"
"989","L700061001","L7000610","La Vienne à Nouâtre","STD","1958-01-01 00:00:00+01",NA,"26",513645,6663993,"DREAL Nouvelle-Aquitaine - UH Vienn","Vigicrues/HydroPortail/Hydro 2"
"990","L700061002","L7000620","La Vienne à Pouzay","STD","2004-01-01 00:00:00+01","2010-12-31 00:00:00+01","26",512732,6667318,"DREAL Nouvelle-Aquitaine - UH Vienn","HydroPortail/Hydro 2"
"991","L702000101","L7024040","La Manse à Crouzilles [La Couture]","STD","2013-06-11 00:00:00+02",NA,"26",506018,6674064,"DREAL Nouvelle-Aquitaine - UH Vienn","HydroPortail/Hydro 2"
"992","L712301001","L7123001","La Veude à Lémeré [Moulin de Coutureau]","STD","1997-10-01 00:00:00+02",NA,"26",495714,6670230,"DREAL Nouvelle-Aquitaine - UH Vienn","HydroPortail/Hydro 2"
"993","L720061001","L7220610","La Vienne à Chinon","STD","2005-01-01 00:00:00+01",NA,"26",490842.4,6677619.7,"DREAL Nouvelle-Aquitaine - UH Vienn","Vigicrues/HydroPortail/Hydro 2"
"994","L810210501","L8102110","Le Thouet à Secondigny [Frécul]","STD","1972-01-01 00:00:00+01","1986-12-31 00:00:00+01","26",439875,6617065,"DREAL Nouvelle-Aquitaine - UH Vienn","HydroPortail/Hydro 2"
"995","L810211001","L8102120","Le Thouet au Tallud [La Pèchellerie]","STD","1985-01-01 00:00:00+01",NA,"26",447610,6619318,"DREAL Nouvelle-Aquitaine - UH Vienn","Vigicrues/HydroPortail/Hydro 2"
"996","L811401001","L8114010","La Viette à Beaulieu-sous-Parthenay [Pont de la Borde]","STD","1973-10-01 00:00:00+01","1994-05-21 00:00:00+02","26",450665,6614931,"DREAL Nouvelle-Aquitaine - UH Vienn","HydroPortail/Hydro 2"
"997","L811402001","L8114020","La Viette à Parthenay","STD","1974-01-01 00:00:00+01","1978-01-01 00:00:00+01","26",450384,6618865,"DREAL Nouvelle-Aquitaine - UH Vienn","HydroPortail/Hydro 2"
"998","L811641001","L8116410","Le Palais au Tallud [Boisseau]","STD","1975-01-01 00:00:00+01","1976-01-01 00:00:00+01","26",448779,6621798,"DREAL Nouvelle-Aquitaine - UH Vienn","HydroPortail/Hydro 2"
"999","L812211001","L8122110","Le Thouet à Parthenay - Pompairin","STD","1969-01-01 00:00:00+01","1974-01-01 23:00:00+01","26",452918,6622530,"DREAL Nouvelle-Aquitaine - UH Vienn","HydroPortail/Hydro 2"
"1000","L812211002","L8122111","Le Thouet à Parthenay - Passerelle Saint-Jacques","STD","2006-06-14 00:00:00+02",NA,"26",451443,6622129,"DREAL Nouvelle-Aquitaine - UH Vienn","HydroPortail/Hydro 2"
"1001","L812211003","L8122120","Le Thouet à Châtillon-sur-Thouet","STD","1974-01-01 00:00:00+01","1982-08-01 12:00:00+02","26",452362,6622561,"DREAL Nouvelle-Aquitaine - UH Vienn","HydroPortail/Hydro 2"
"1002","L812211004","L8122112","Le Thouet à Parthenay - passerelle Godineau","STD","2020-01-01 00:00:00+01",NA,"26",451751.11,6622129.91,"DREAL Nouvelle-Aquitaine - UH Vienn","Vigicrues/HydroPortail/Hydro 2"
"1003","L812212001","L8122140","Le Thouet à Saint-Loup-Lamairé [Pont de Saint-Loup]","STD","1992-06-11 00:00:00+02",NA,"26",458474,6636616,"DREAL Nouvelle-Aquitaine - UH Vienn","Vigicrues/HydroPortail/Hydro 2"
"1004","L812212003","L8122130","Le Thouet à Saint-Loup-Lamairé [Pont de Saint-Loup] - Moulin de Remue","STD","1983-09-01 00:00:00+02","1992-06-11 12:00:00+02","26",458325,6634809,"DREAL Nouvelle-Aquitaine - UH Vienn","HydroPortail/Hydro 2"
"1005","L812212004","L8122125","Le Thouet à Saint-Loup-Lamairé [Pont de Saint-Loup] - Boussin","STD","2012-11-22 00:00:00+01",NA,"26",457980.55,6634178.72,"DREAL Nouvelle-Aquitaine - UH Vienn","HydroPortail/Hydro 2"
"1006","L813401001","L8134030","Le Cébron à Gourgé [Le Champ des Balastières]","STD","1983-11-01 12:00:00+01",NA,"26",454221,6630397,"DREAL Nouvelle-Aquitaine - UH Vienn","Vigicrues/HydroPortail/Hydro 2"
"1007","L813401002","L8134010","Le Cébron à Gourgé [Le Champ des Balastières] - Orfeuille","STD","1974-11-01 00:00:00+01","1981-10-01 12:00:00+01","26",454944,6633076,"DREAL Nouvelle-Aquitaine - UH Vienn","HydroPortail/Hydro 2"
"1008","L813402001","L8134020","Le Cébron à Saint-Loup-Lamairé [Puy Terrier]","STD","1982-02-01 12:00:00+01",NA,"26",456571.46,6635382.36,"DREAL Nouvelle-Aquitaine - UH Vienn","Vigicrues/HydroPortail/Hydro 2"
"1009","L814211001","L8142110","Le Thouet à Saint-Généroux [Pont de Saint-Généroux]","STD","1972-03-01 12:00:00+01",NA,"26",460958,6647356,"DREAL Nouvelle-Aquitaine - UH Vienn","Vigicrues/HydroPortail/Hydro 2"
"1010","L821301001","L8213010","Le Thouaret à Luzay [La Planche]","STD","1970-10-01 12:00:00+01",NA,"26",457555,6651881,"DREAL Nouvelle-Aquitaine - UH Vienn","HydroPortail/Hydro 2"
"1011","L822211001","L8222110","Le Thouet à Missé [Missé]","STD","1991-11-30 12:00:00+01",NA,"26",457361,6655158,"DREAL Nouvelle-Aquitaine - UH Vienn","Vigicrues/HydroPortail/Hydro 2"
"1012","L823211001","L8232110","Le Thouet à Sainte-Radegonde [Vrines]","STD","1985-12-01 00:00:00+01","1992-01-31 00:00:00+01","26",453389,6660291,"DREAL Nouvelle-Aquitaine - UH Vienn","HydroPortail/Hydro 2"
"1013","L834301001","L8343010","L'Argenton à Massais [Moulin Bernard]","STD","1969-01-01 12:00:00+01",NA,"26",445020,6660691,"DREAL Nouvelle-Aquitaine - UH Vienn","Vigicrues/HydroPortail/Hydro 2"
"1014","L840211001","L8402130","Le Thouet à Montreuil-Bellay - Pont Napoléon","STD","2007-07-12 00:00:00+02",NA,"26",460974,6675401,"DREAL Nouvelle-Aquitaine - UH Vienn","Vigicrues/HydroPortail/Hydro 2"
"1015","L840211002","L8402135","Le Thouet à Montreuil-Bellay - Montreuil St Eloi","STD","2011-09-30 00:00:00+02",NA,"26",461948,6676362,"DREAL Nouvelle-Aquitaine - UH Vienn","HydroPortail/Hydro 2"
"1016","L850301001","L8503010","La Dive [du Nord] à Marnes [Moulin de Retournay]","STD","1969-06-01 00:00:00+01","2017-01-31 00:00:00+01","26",470403,6644945,"DREAL Nouvelle-Aquitaine - UH Vienn","HydroPortail/Hydro 2"
"1017","L852301001","L8523010","Le canal de la Dive à Pouançay [La Motte Bourbon]","STD","1967-10-01 00:00:00+01",NA,"26",465713.11,6670921.63,"DREAL Nouvelle-Aquitaine - UH Vienn","HydroPortail/Hydro 2"
"1018","L860211001","L8602110","Le Thouet à Chacé","STD","1964-12-01 00:00:00+01","2005-01-19 12:00:00+01","26",466929.71,6684040.76,"DREAL Nouvelle-Aquitaine - UH Vienn","HydroPortail/Hydro 2"
"1019","L860211002","L8602120","Le Thouet à Chacé - Pont de Chacé","STD","2004-10-04 00:00:00+02",NA,"26",466930,6684041,"DREAL Nouvelle-Aquitaine - UH Vienn","Vigicrues/HydroPortail/Hydro 2"
"1020","L900000401","L9005410","Le Gravot à Bourgueil - Ancienne station","STD","1966-12-01 00:00:00+01","1971-12-01 12:00:00+01","26",487154,6694875,"Entente Interdépartementale de la V","HydroPortail/Hydro 2"
"1021","L900000501","L9006210","Le Lane à Saint-Patrice - Ancienne station de 1966 à 1996","STD","1966-12-01 00:00:00+01",NA,"26",492040,6688674,"Entente Interdépartementale de la V","HydroPortail/Hydro 2"
"1022","L900000601","L9004010","L'Authion à Benais - Pont de Juteau","STD","1966-11-18 00:00:00+01","1993-06-10 11:30:00+02","26",487935,6695981,"DREAL Centre-Val de Loire - UH Auve","HydroPortail/Hydro 2"
"1023","L900000701",NA,"[Le Changeon] à Gizeux [Moulin Foulon]","STD","2010-01-01 00:00:00+01",NA,"26",489074.44208204,6698683.4426563,"Entente Interdépartementale de la V","HydroPortail"
"1024","M107302001","M1073020","La Conie à Conie-Molitard","STD","1996-08-01 14:00:00+02",NA,"26",584833,6781207,"DREAL Centre-Val de Loire - UH Auve","HydroPortail/Hydro 2"
"1025","M107302002","M1073010","La Conie à Conie-Molitard - Valainville","STD","1965-01-01 00:00:00+01","1986-01-01 00:00:00+01","26",582471,6779683,"DREAL Centre-Val de Loire - UH Auve","HydroPortail/Hydro 2"
"1026","N400061001","N4000610","La Sèvre niortaise à Sainte-Eanne [Pont de Mounée]","STD","1967-08-01 00:00:00+01","1971-06-01 12:00:00+01","26",456564,6592961,"DREAL Nouvelle-Aquitaine - UH Vienn","HydroPortail/Hydro 2"
"1027","N401061001","N4010610","La Sèvre niortaise à Azay-le-Brûlé - Pont de Ricou","STD","1971-01-01 00:00:00+01",NA,"26",450818,6592516,"DREAL Nouvelle-Aquitaine - UH Vienn","Vigicrues/HydroPortail/Hydro 2"
"1028","N401061002","N4010620","La Sèvre niortaise à Saint-Maixent-l'École","STD","2005-01-01 00:00:00+01",NA,"26",454191,6594933,"DREAL Nouvelle-Aquitaine - UH Vienn","Vigicrues/HydroPortail/Hydro 2"
"1029","N401521001","N4015210","L'Hermitain à Romans [Les Fontenelles]","STD","1987-02-01 00:00:00+01","1998-09-30 12:00:00+02","26",451536,6591403,"DREAL Nouvelle-Aquitaine - UH Vienn","HydroPortail/Hydro 2"
"1030","N410401001","N4104010","Le Chambon à Saivres [Donia Maunay]","STD","1967-08-01 00:00:00+01",NA,"26",453201,6598457,"DREAL Nouvelle-Aquitaine - UH Vienn","HydroPortail/Hydro 2"
"1031","N410402001","N4104020","Le Chambon à Saint-Georges-de-Noisné [Moulin des Isles]","STD","1990-09-18 00:00:00+02",NA,"26",452074,6605738,"DREAL Nouvelle-Aquitaine - UH Vienn","Vigicrues/HydroPortail/Hydro 2"
"1032","N410403001","N4104030","Le Chambon à Azay-le-Brûlé - Pont de Bedane","STD","1990-11-20 00:00:00+01",NA,"26",446452,6594676,"DREAL Nouvelle-Aquitaine - UH Vienn","Vigicrues/HydroPortail/Hydro 2"
"1033","N410403002",NA,"Le Chambon à la Crèche - Loubigné","STD","1990-01-01 00:00:00+01","2008-01-01 00:00:00+01","26",444387,6592943,"DREAL Nouvelle-Aquitaine - UH Vienn","HydroPortail"
"1034","N411062001","N4110621","La Sèvre niortaise à Échiré [Château Salbart]","DEB","2010-01-01 00:00:00+01","2019-02-23 00:00:00+01","26",436748,6595269,"DREAL Nouvelle-Aquitaine - UH Vienn","HydroPortail/Hydro 2"
"1035","N411062002","N4110620","La Sèvre niortaise à Échiré [Château Salbart]","STD","1987-06-01 00:00:00+02","2012-01-10 12:00:00+01","26",436748,6595269,"DREAL Nouvelle-Aquitaine - UH Vienn","HydroPortail/Hydro 2"
"1036","N412001001","N4120010","L'Egray à Sainte-Ouenne","STD","2005-01-01 00:00:00+01",NA,"26",434627,6596276,"DREAL Nouvelle-Aquitaine - UH Vienn","Vigicrues/HydroPortail/Hydro 2"
"1037","N420001001","N4200010","Le Lambon à Mougon","STD","2005-01-01 00:00:00+01",NA,"26",449210,6583648,"DREAL Nouvelle-Aquitaine - UH Vienn","Vigicrues/HydroPortail/Hydro 2"
"1038","N420401001","N4204010","Le Lambon à Fressines [Vaumoreau]","STD","1987-02-01 00:00:00+01","1999-12-31 00:00:00+01","26",444648,6586125,"DREAL Nouvelle-Aquitaine - UH Vienn","HydroPortail/Hydro 2"
"1039","N430001001","N4300010","La Sèvre niortaise à Coulon","STD","1990-01-01 00:00:00+01","2013-01-01 00:00:00+01","26",424304,6586409,"DREAL Nouvelle-Aquitaine - UH Vienn","HydroPortail/Hydro 2"
"1040","N430002001","N4300020","La Sèvre niortaise à Magné","STD","2005-01-01 00:00:00+01",NA,"26",427547,6585592,"DREAL Nouvelle-Aquitaine - UH Vienn","Vigicrues/HydroPortail/Hydro 2"
"1041","N430062001","N4300620","La Sèvre niortaise à Niort [La Tiffardière - Pont] - Ancienne","STD","1992-05-18 00:00:00+02","2000-01-01 00:00:00+01","26",429293,6586986,"DREAL Nouvelle-Aquitaine - UH Vienn","HydroPortail/Hydro 2"
"1042","N430062002","N4300623","La Sèvre niortaise à Niort [La Tiffardière - Pont]","DEB","2000-01-01 00:00:00+01",NA,"26",429293,6586986,"DREAL Nouvelle-Aquitaine - UH Vienn","Vigicrues/HydroPortail/Hydro 2"
"1043","N430062003","N4300610","La Sèvre niortaise à Niort [La Tiffardière - Pont]","STD","1957-12-01 00:00:00+01","1993-01-01 00:00:00+01","26",429293,6586986,"DREAL Nouvelle-Aquitaine - UH Vienn","HydroPortail/Hydro 2"
"1044","N430062101","N4300621","La Sèvre niortaise à Niort [La Tiffardière - Bief capteur]","STD","1994-05-01 00:00:00+02",NA,"26",429488,6587327,"DREAL Nouvelle-Aquitaine - UH Vienn","HydroPortail/Hydro 2"
"1045","N430062201","N4300622","La Sèvre niortaise à Niort [La Tiffardière - Bras principal]","STD","1992-05-18 00:00:00+02",NA,"26",429577,6587215,"DREAL Nouvelle-Aquitaine - UH Vienn","HydroPortail/Hydro 2"
"1046","N430062401","N4300624","La Sèvre niortaise à Niort [Centre ville]","STD","1899-12-31 00:00:00+00:09:21",NA,"26",433560,6586653,"DREAL Nouvelle-Aquitaine - UH Vienn","Vigicrues/HydroPortail/Hydro 2"
"1047","N430521001","N4305210","La Guirande à Frontenay-Rohan-Rohan [L'Illeau]","STD","1917-02-07 00:00:00+00","2013-01-01 00:00:00+01","26",426870,6581882,"DREAL Nouvelle-Aquitaine - UH Vienn","HydroPortail/Hydro 2"
"1048","N510171001","N5101710","L'Autise à Saint-Hilaire-des-Loges","STD","1967-12-01 12:00:00+01",NA,"26",419464,6602439,"DREAL Nouvelle-Aquitaine - UH Vienn","Vigicrues/HydroPortail/Hydro 2"
"1049","N520171001","N5201710","L'Autise à Nieul-sur-l'Autise","STD","1979-10-30 00:00:00+01","1985-08-06 00:00:00+02","26",417132,6597616,"DREAL Nouvelle-Aquitaine - UH Vienn","HydroPortail/Hydro 2"
"1050","N600301001","N6003010","Le Mignon à Usseau [Madrid]","STD","1993-06-01 00:00:00+02","1998-12-31 00:00:00+01","26",424384,6569456,"DREAL Nouvelle-Aquitaine - UH Vienn","HydroPortail/Hydro 2"
"1051","N600302001","N6003021","Le Mignon à Mauzé-sur-le-Mignon - Moulin-Neuf","STD","1993-06-01 12:00:00+02","2002-01-31 00:00:00+01","26",416097,6574232,"DREAL Nouvelle-Aquitaine - UH Vienn","Vigicrues/HydroPortail/Hydro 2"
"1052","N600302002","N6003020","Le Mignon à Mauzé-sur-le-Mignon","DEB","2002-03-15 00:00:00+01",NA,"26",416034,6574437,"DREAL Nouvelle-Aquitaine - UH Vienn","HydroPortail/Hydro 2"
"1053","N601401401","N6014005","La Courance à Granzay-Gript","STD","2015-01-01 00:00:00+01",NA,"26",431230,6575265,"DREAL Nouvelle-Aquitaine - UH Vienn","HydroPortail/Hydro 2"
"1054","N602000101",NA,"La Sèvre niortaise à Maillé [Bazoin]","STD","2021-04-27 00:00:00+02",NA,"26",409579.7280745,6586836.1445905,"DREAL Nouvelle-Aquitaine - UH Vienn","Vigicrues/HydroPortail"
"1055","N611061001","N6110610","La Sèvre niortaise à Marans [Pont SNCF]","DEB","2004-07-07 00:00:00+02",NA,"26",395646,6587720,"DREAL Nouvelle-Aquitaine - UH Vienn","Vigicrues/HydroPortail/Hydro 2"
"1056","N710181010","N7101810","La Vendée à Foussais-Payré [Pont d'Izard]","STD","1998-02-01 00:00:00+01",NA,"26",418710,6606614,"DREAL Nouvelle-Aquitaine - UH Vienn","Vigicrues/HydroPortail/Hydro 2"
"1057","N711401010","N7114010","La Mère à Antigny [Moulin-Texier]","STD","1997-07-31 00:00:00+02",NA,"26",411100,6618057,"DREAL Nouvelle-Aquitaine - UH Vienn","Vigicrues/HydroPortail/Hydro 2"
"1058","N712181010","N7121810","La Vendée à Pissotte [Pont de Crochet]","STD","1993-04-01 00:00:00+02",NA,"26",408784,6606535,"DREAL Nouvelle-Aquitaine - UH Vienn","Vigicrues/HydroPortail/Hydro 2"
"1059","N712181201","N7125400","[la Longèves] à Fontenay-le-Comte - pont du Gué Migné","STD","2016-07-28 00:00:00+02",NA,"26",405427,6603044,"DREAL Nouvelle-Aquitaine - UH Vienn","HydroPortail/Hydro 2"
"1060","N801000101","N8010010","La Sèvre niortaise à Charron [Pont du Brault] - La Sèvre niortaise à Charron [Pont du Brault]","STD","2013-12-10 00:00:00+01",NA,"26",385996,6587779,"DREAL Nouvelle-Aquitaine - UH Vienn","HydroPortail/Hydro 2"
"1061","N822001001","N8125010","Le Curé à Anais [Les Rivières]","STD","1966-12-01 00:00:00+01","1985-11-01 12:00:00+01","26",400232,6571584,"DREAL Nouvelle-Aquitaine - UH Vienn","HydroPortail/Hydro 2"
"1062","N822002001","N8127010","Le Virson à Anais [Fraise]","STD","1979-04-01 00:00:00+01","1985-10-01 12:00:00+01","26",397472,6571787,"DREAL Nouvelle-Aquitaine - UH Vienn","HydroPortail/Hydro 2"
"1063","O707402001","O7074020","La Colagne à Saint-Léger-de-Peyre","STD","1923-01-01 00:00:00+00","1960-04-01 00:00:00+01","26",724124,6388427,"DREAL Occitanie - UH Garonne-Tarn-L","HydroPortail/Hydro 2"
"1064","O711502101","O7054010","La Colagne à Ribennes [Ganivet]","STD","1944-01-01 00:00:00+01",NA,"26",732306,6394331,"Electricité de France (EDF)","HydroPortail/Hydro 2"
"1065","O720251001","O7202510","La Truyère à Serverette","STD","1951-01-01 00:00:00+01",NA,"26",730554,6400534,"DREAL Centre-Val de Loire - UH Auve","HydroPortail/Hydro 2"
"1066","O723401001","O7234010","La Rimeize à Rimeize","STD","1970-10-01 00:00:00+01",NA,"26",725398,6407481,"DREAL Centre-Val de Loire - UH Auve","HydroPortail/Hydro 2"
"1067","O723402001","O7234020","La Rimeize à Malbouzon [Malpertus]","HC","1947-11-29 00:00:00+01","1969-01-01 00:00:00+01","26",718668,6405561,"DREAL Occitanie - UH Garonne-Tarn-L","HydroPortail/Hydro 2"
"1068","O723403001","O7234030","La Rimeize à Fau-de-Peyre [Vareilles]","STD","1968-06-01 00:00:00+01",NA,"26",718668,6405580,"DREAL Centre-Val de Loire - UH Auve","HydroPortail/Hydro 2"
"1069","O724501001","O7245010","Le Chapouillet à Rimeize [Chassignoles]","STD","1971-11-01 00:00:00+01",NA,"26",723354,6410336,"DREAL Centre-Val de Loire - UH Auve","HydroPortail/Hydro 2"
"1070","O726501001","O7265010","La Limagnole à Fontans [Saint-Alban]","STD","1970-09-16 00:00:00+01",NA,"26",728405,6408744,"DREAL Centre-Val de Loire - UH Auve","HydroPortail/Hydro 2"
"1071","O737000201","O7272510","La Truyère au Malzieu-Ville [Le Soulier]","STD","1956-01-01 00:00:00+01",NA,"26",727551,6415131,"Electricité de France (EDF)","HydroPortail/Hydro 2"
"1072","O740401001","O7404010","Le Bès à Marchastel [Gour du Gou - 2]","STD","1959-01-01 00:00:00+01","2009-01-01 00:00:00+01","26",708718,6393240,"DREAL Occitanie - UH Garonne-Tarn-L","HydroPortail/Hydro 2"
"1073","O740402001","O7404020","Le Bès à Marchastel [Gour du Gou - 1]","STD","1944-04-11 00:00:00+02","1966-07-07 00:00:00+01","26",709761,6393229,"DREAL Occitanie - UH Garonne-Tarn-L","HydroPortail/Hydro 2"
"1074","O741040101","O7410401","Le Bès à Marchastel [Pont de Marchastel]","STD","1996-10-01 00:00:00+02",NA,"26",707140,6395097,"DREAL Centre-Val de Loire - UH Auve","HydroPortail/Hydro 2"
"1075","O743401001","O7434010","Le Lander à Roffiac [Le Blaud]","STD","2000-03-01 00:00:00+01",NA,"26",703847,6439363,"DREAL Centre-Val de Loire - UH Auve","Vigicrues/HydroPortail/Hydro 2"
"1076","O745000301","O7354010","Le Lander à Saint-Georges","STD","1956-01-01 00:00:00+01",NA,"26",710088,6434770,"Electricité de France (EDF)","HydroPortail/Hydro 2"
"1077","O750252001","O7502520","La Truyère à Lavastrie [Moulin du Tour]","STD","1932-01-01 00:00:00+00","1944-01-01 00:00:00+01","26",702298,6423109,"DREAL Occitanie - UH Garonne-Tarn-L","HydroPortail/Hydro 2"
"1078","O751551001","O7515510","Le Remontalou à Chaudes-Aigues [Moulin de Gastal]","STD","1992-05-01 00:00:00+02",NA,"26",700907,6417756,"DREAL Centre-Val de Loire - UH Auve","HydroPortail/Hydro 2"
"1079","O753501001","O7535009","L'Epie à Oradour [Pont-de-Rochebrune] - Ancienne échelle","STD","1992-05-01 12:00:00+02","2012-10-02 10:45:00+02","26",694833,6428244,"DREAL Centre-Val de Loire - UH Auve","HydroPortail/Hydro 2"
"1080","O753501002","O7535010","L'Epie à Oradour [Pont-de-Rochebrune] - Nouvelle échelle","STD","2012-10-02 00:00:00+02",NA,"26",694834,6428241,"DREAL Centre-Val de Loire - UH Auve","HydroPortail/Hydro 2"
"1081","O754000201","O7444010","Le Bès à Saint-Juéry","STD","1956-01-01 00:00:00+01",NA,"26",706919,6414072,"Electricité de France (EDF)","HydroPortail/Hydro 2"
"1082","O760000201","O7502510","La Truyère à Neuvéglise [Grandval]","STD","1948-01-01 00:00:00+01",NA,"26",705865,6424822,"Electricité de France (EDF)","HydroPortail/Hydro 2"
"1083","O763502001","O7635020","La Bromme à Brommat [AE]","STD","1922-01-01 00:00:00+00","1942-01-01 00:00:00+02","26",674726,6414741,"DREAL Occitanie - UH Garonne-Tarn-L","HydroPortail/Hydro 2"
"1084","O769251101","O7592510","La Truyère à Sainte-Geneviève-sur-Argence [Sarrans]","STD","1934-01-01 00:00:00+00",NA,"26",679464,6414446,"Electricité de France (EDF)","HydroPortail/Hydro 2"
"1085","O773000101","O7635010","La Bromme à Brommat [EDF]","STD","1922-01-01 00:00:00+00",NA,"26",675054,6414136,"Electricité de France (EDF)","HydroPortail/Hydro 2"
"1086","O801351001","O8013510","Le Célé à Maurs [Aurières]","STD","1913-03-01 00:00:00+00","1926-10-01 00:00:00+01","26",636225,6398250,"DREAL Occitanie - UH Garonne-Tarn-L","HydroPortail/Hydro 2"
"1087","O826401001","O8264010","La Rance à Maurs [Les Brauges]","STD","1997-10-16 00:00:00+02",NA,"26",635701,6399360,"DREAL Centre-Val de Loire - UH Auve","Vigicrues/HydroPortail/Hydro 2"
"1088","O828000201","O8280500","Le Veyre à Bagnac-sur-Célé [Lafage] - Le Veyre à Bagnac (Lafage)","STD","2011-01-01 00:00:00+01",NA,"26",631699,6399448,"Conseil Départemental du Lot (CD 46","HydroPortail/Hydro 2"
"1089","P000001001","P0000010","La Dordogne à Mont-Dore [Piste de ski]","STD","1992-01-01 00:00:00+01","1994-02-01 00:00:00+01","26",685838,6493251,"DREAL Centre-Val de Loire - UH Auve","HydroPortail/Hydro 2"
"1090","P001001001","P0010010","La Dordogne à Saint-Sauves-d'Auvergne","STD","1929-01-01 00:00:00+00",NA,"26",675629,6500505,"DREAL Centre-Val de Loire - UH Auve","Vigicrues/HydroPortail/Hydro 2"
"1091","P006431001","P0064310","Le Chavanon à Bourg-Lastic [Chavanon-Chantier]","STD","1929-01-01 00:00:00+00","1974-01-01 00:00:00+01","26",662845,6505895,"DREAL Occitanie - UH Garonne-Tarn-L","HydroPortail/Hydro 2"
"1092","P011501001","P0115010","Le Burande à la Tour-d'Auvergne","STD","1960-01-01 00:00:00+01",NA,"26",676301,6492174,"DREAL Centre-Val de Loire - UH Auve","HydroPortail/Hydro 2"
"1093","P011501101","P0115020","Le Burande à Singles [ou ru de Burons]","STD","1952-01-01 00:00:00+01",NA,"26",664762,6493717,"Electricité de France (EDF)","HydroPortail/Hydro 2"
"1094","P015000101","P0164010","[La Tialle] à Riom-ès-Montagnes [La Pradelle]","STD","1951-01-01 00:00:00+01","1970-01-02 00:00:00+01","26",665088,6483935,"DREAL Centre-Val de Loire - UH Auve","HydroPortail/Hydro 2"
"1095","P018000101","P0190010","La Dordogne à Bort-les-Orgues [QNR]","STD","1918-01-01 00:00:00+00",NA,"26",660817,6479411,"Electricité de France (EDF)","HydroPortail/Hydro 2"
"1096","P021251001","P0212510","Le ruisseau Grande Rhue à Égliseneuve-d'Entraigues","STD","1956-01-01 00:00:00+01",NA,"26",686720,6478829,"DREAL Centre-Val de Loire - UH Auve","HydroPortail/Hydro 2"
"1097","P027251001","P0272509","Le ruisseau Grande Rhue à Condat - Ancienne échelle rive droite","STD","1916-01-01 00:00:00+00","2017-10-31 16:40:00+01","26",681385,6470993,"DREAL Centre-Val de Loire - UH Auve","HydroPortail/Hydro 2"
"1098","P027251002","P0272510","Le ruisseau Grande Rhue à Condat - Nouvelle échelle rive gauche","STD","2017-10-31 00:00:00+01",NA,"26",681386,6470994,"DREAL Centre-Val de Loire - UH Auve","HydroPortail/Hydro 2"
"1099","P030401001","P0304010","La Santoire à Ségur-les-Villas [La Carrière]","STD","1992-05-01 00:00:00+02",NA,"26",686354,6454794,"DREAL Centre-Val de Loire - UH Auve","HydroPortail/Hydro 2"
"1100","P036000101","P0364010","La Santoire à Condat [Roche-Pointue]","STD","1916-01-01 00:00:00+00",NA,"26",680679,6470458,"Electricité de France (EDF)","HydroPortail/Hydro 2"
"1101","P052401001","P0524010","La Petite Rhue à Marchastel [Pont de la Rodde]","STD","2001-03-16 00:00:00+01",NA,"26",676667,6464300,"DREAL Centre-Val de Loire - UH Auve","Vigicrues/HydroPortail/Hydro 2"
"1102","P055501001","P0555010","La Véronne à Riom-ès-Montagnes","STD","1998-01-01 00:00:00+01",NA,"26",673713,6465243,"DREAL Centre-Val de Loire - UH Auve","HydroPortail/Hydro 2"
"1103","P061000101","P0614010","La Tarentaine à Saint-Donat","STD","1950-01-01 00:00:00+01","1970-01-01 00:00:00+01","26",677367,6483677,"DREAL Centre-Val de Loire - UH Auve","HydroPortail/Hydro 2"
"1104","P061000201","P0610002","[Fontaine salée] à Chastreix [La Morangie]","STD","2017-07-22 00:00:00+02",NA,"26",682665,6488590,"DREAL Centre-Val de Loire - UH Auve","HydroPortail/Hydro 2"
"1105","P062000201","P0625010","Le ruisseau de Neuffonds [Eau Verte] à Saint-Genès-Champespe [Moulin des Bessades]","STD","1953-12-06 00:00:00+01","1970-01-01 00:00:00+01","26",678546,6481840,"DREAL Centre-Val de Loire - UH Auve","HydroPortail/Hydro 2"
"1106","P063000101","P0634010","La Tarentaine à Champs-sur-Tarentaine-Marchal [La Vassin]","STD","1900-12-12 00:00:00+00:09:21","1986-12-31 00:00:00+01","26",674892,6482345,"DREAL Centre-Val de Loire - UH Auve","HydroPortail/Hydro 2"
"1107","P065000101","P0654010","La Tarentaine à Champs-sur-Tarentaine-Marchal [Champs]","STD","1913-11-15 00:00:00+00","1969-01-01 00:00:00+01","26",665163,6477349,"DREAL Centre-Val de Loire - UH Auve","HydroPortail/Hydro 2"
"1108","P080401001","P0804010","La Sumène à Saint-Étienne-de-Chomeil [Cheyrange]","STD","1960-12-01 00:00:00+01","2001-05-04 00:00:00+02","26",667215,6469291,"DREAL Centre-Val de Loire - UH Auve","HydroPortail/Hydro 2"
"1109","P081402001","P0814020","La Sumène à Antignac","STD","2000-06-14 00:00:00+02",NA,"26",664359,6471345,"DREAL Centre-Val de Loire - UH Auve","HydroPortail/Hydro 2"
"1110","P087000101","P0874020","La Sumène à Méallet [Vendes]","STD","1932-03-01 00:00:00+00","1970-01-01 00:00:00+01","26",652315,6466611,"DREAL Centre-Val de Loire - UH Auve","HydroPortail/Hydro 2"
"1111","P088501001","P0885010","Le Mars à Bassignac [Vendes]","STD","1960-12-01 00:00:00+01",NA,"26",652012,6466577,"DREAL Centre-Val de Loire - UH Auve","Vigicrues/HydroPortail/Hydro 2"
"1112","P088502001","P0885020","Le Mars au Falgoux","STD","1991-04-23 00:00:00+02",NA,"26",670358,6450505,"DREAL Centre-Val de Loire - UH Auve","HydroPortail/Hydro 2"
"1113","P089000101","P0894010","La Sumène à Bassignac [Pont de Vendes]","STD","1955-01-01 00:00:00+01",NA,"26",652015,6466850,"Electricité de France (EDF)","HydroPortail/Hydro 2"
"1114","P103401001","P1034010","L'Auze à Brageac [Le Pestre]","STD","2001-08-01 00:00:00+02","2017-07-03 00:00:00+02","26",639312,6457315,"DREAL Centre-Val de Loire - UH Auve","HydroPortail/Hydro 2"
"1115","P118000101","P1184010","La Luzège à Soursac","STD","1918-01-01 00:00:00+00","1952-01-01 00:00:00+01","26",635865,6466263,"DREAL Nouvelle-Aquitaine - UH Giron","HydroPortail/Hydro 2"
"1116","P142251001","P1422510","La Maronne à Sainte-Eulalie","STD","1934-01-01 00:00:00+00",NA,"26",651616,6446810,"DREAL Centre-Val de Loire - UH Auve","Vigicrues/HydroPortail/Hydro 2"
"1117","P145401001","P1454009","La Bertrande à Saint-Illide - Ancienne échelle","STD","1932-01-01 00:00:00+00","1970-01-01 00:00:00+01","26",645724,6441634,"DREAL Centre-Val de Loire - UH Auve","HydroPortail/Hydro 2"
"1118","P145401002","P1454010","La Bertrande à Saint-Illide - Nouvelle échelle","STD","2002-10-10 00:00:00+02",NA,"26",645711,6441680,"DREAL Centre-Val de Loire - UH Auve","HydroPortail/Hydro 2"
"1119","P150000101","P1502510","La Maronne à Pleaux [Enchanet - QNR]","STD","1918-01-01 00:00:00+00",NA,"26",636577,6442802,"Electricité de France (EDF)","HydroPortail/Hydro 2"
"1120","P152000101","P1522510","La Maronne à Cros-de-Montvert [Les Estourocs]","STD","1918-01-01 00:00:00+00","1946-01-01 00:00:00+01","26",634890,6442793,"DREAL Centre-Val de Loire - UH Auve","HydroPortail/Hydro 2"
"1121","P171291001","P1712910","La Cère à Vic-sur-Cère [Comblat-le-Pont]","STD","1959-01-01 00:00:00+01",NA,"26",669660,6429642,"DREAL Centre-Val de Loire - UH Auve","Vigicrues/HydroPortail/Hydro 2"
"1122","P174401001","P1744008","La Jordanne à Aurillac - Ladoux","STD","1970-10-01 00:00:00+01","1985-11-28 00:00:00+01","26",656182,6425088,"DREAL Centre-Val de Loire - UH Auve","HydroPortail/Hydro 2"
"1123","P174401002","P1744009","La Jordanne à Aurillac - Claire Vivre","STD","1992-11-26 00:00:00+01","1999-04-02 00:00:00+02","26",656049,6424710,"DREAL Centre-Val de Loire - UH Auve","HydroPortail/Hydro 2"
"1124","P174401003","P1744010","La Jordanne à Aurillac - Passerelle Paul Riotte","STD","2001-09-19 00:00:00+02",NA,"26",656182,6425088,"DREAL Centre-Val de Loire - UH Auve","Vigicrues/HydroPortail/Hydro 2"
"1125","P177000101","P1772910","La Cère à Sansac-de-Marmiesse","STD","1965-01-01 00:00:00+01",NA,"26",648721,6420534,"Electricité de France (EDF)","HydroPortail/Hydro 2"
"1126","P178051001","P1780510","Le ruisseau de Roannes à Saint-Mamet-la-Salvetat [Pont de Lascombes]","STD","2001-06-07 00:00:00+02",NA,"26",648966,6418785,"DREAL Centre-Val de Loire - UH Auve","HydroPortail/Hydro 2"
"1127","P178081001","P1780810","Le ruisseau de Faugrand à Saint-Mamet-la-Salvetat [aval station pompage AEP]","STD","2001-06-15 00:00:00+02","2011-07-05 06:47:00+02","26",648935,6418685,"DREAL Centre-Val de Loire - UH Auve","HydroPortail/Hydro 2"
"1128","P180000101","P1802910","La Cère à Sansac-de-Marmiesse","STD","1938-01-01 00:00:00+00","1970-01-01 00:00:00+01","26",646860,6420635,"DREAL Nouvelle-Aquitaine - UH Giron","HydroPortail/Hydro 2"
"1129","P183401001","P1834010","L'Authre à Ytrac [Le Vert]","STD","1998-01-01 00:00:00+01",NA,"26",646829,6424523,"DREAL Centre-Val de Loire - UH Auve","HydroPortail/Hydro 2"
"1130","R002001001","R0020010","La Charente à Suris [Pont de Suris]","STD","1979-10-01 00:00:00+01","2002-01-02 12:00:00+01","26",516637,6530249,"DREAL Nouvelle-Aquitaine - UH Vienn","HydroPortail/Hydro 2"
"1131","R002001002","R0020011","La Charente à Suris [Pont de Suris]","STD","1991-12-30 00:00:00+01",NA,"26",516637,6530249,"DREAL Nouvelle-Aquitaine - UH Vienn","Vigicrues/HydroPortail/Hydro 2"
"1132","R011001001","R0110010","La Charente à Saint-Saviol - Pont Bridé","STD","1970-10-01 00:00:00+01",NA,"26",487114,6563297,"DREAL Nouvelle-Aquitaine - UH Vienn","Vigicrues/HydroPortail/Hydro 2"
"1133","R011001002","R0110020","La Charente à Voulême - Gué de Chambe","STD","1990-05-01 00:00:00+02","1998-07-01 00:00:00+02","26",486977,6557853,"DREAL Nouvelle-Aquitaine - UH Vienn","HydroPortail/Hydro 2"
"1134","R011002001","R0100010","La Charente à Charroux [Pont de Rochemeaux]","STD","1983-09-01 00:00:00+02",NA,"26",497694,6564127,"DREAL Nouvelle-Aquitaine - UH Vienn","Vigicrues/HydroPortail/Hydro 2"
"1135","R021001001","R0210010","L'Argent-Or à Poursac","STD","2008-06-09 00:00:00+02",NA,"26",487546,6543816,"DREAL Nouvelle-Aquitaine - UH Vienn","HydroPortail/Hydro 2"
"1136","R022001001","R0220010","La Charente à Chenon","STD","1972-03-01 00:00:00+01","1994-01-03 12:00:00+01","26",486681,6541844,"DREAL Nouvelle-Aquitaine - UH Vienn","HydroPortail/Hydro 2"
"1137","R022001002","R0220020","La Charente à Aunac - Pont d'Aunac","STD","1975-07-01 00:00:00+01","2003-08-01 00:00:00+02","26",486058,6539284,"DREAL Nouvelle-Aquitaine - UH Vienn","HydroPortail/Hydro 2"
"1138","R025001001","R0250010","Le Son-Sonnette à Saint-Front","STD","1997-01-01 00:00:00+01",NA,"26",489699,6536179,"DREAL Nouvelle-Aquitaine - UH Vienn","HydroPortail/Hydro 2"
"1139","R103001001","R1132510","La Tardoire à Maisonnais-sur-Tardoire","STD","1970-10-01 00:00:00+01",NA,"26",520468,6516797,"DREAL Nouvelle-Aquitaine - UH Vienn","Vigicrues/HydroPortail/Hydro 2"
"1140","R108001001","R1192510","La Tardoire à Montbron - Moulin de Lavaud","STD","1967-01-01 00:00:00+01",NA,"26",505671,6511774,"DREAL Nouvelle-Aquitaine - UH Vienn","Vigicrues/HydroPortail/Hydro 2"
"1141","R108001002","R1192530","La Tardoire à Montbron","STD","1988-01-01 00:00:00+01",NA,"26",504898,6510805,"DREAL Nouvelle-Aquitaine - UH Vienn","Vigicrues/HydroPortail/Hydro 2"
"1142","R109001001","R1192520","La Tardoire à Rivières [Lacou]","STD","1977-04-01 00:00:00+01","1977-11-16 00:00:00+01","26",495197,6520325,"DREAL Nouvelle-Aquitaine - UH Vienn","HydroPortail/Hydro 2"
"1143","R109001002","R1090401","La Tardoire à la Rochefoucauld [Lacou]","STD","1988-01-01 00:00:00+01",NA,"26",495197,6520325,"DREAL Nouvelle-Aquitaine - UH Vienn","Vigicrues/HydroPortail/Hydro 2"
"1144","R113041001","R1254030","Le Bandiat à Saint-Martial-de-Valette","STD","2011-01-12 00:00:00+01",NA,"26",516648,6493701,"DREAL Nouvelle-Aquitaine - UH Vienn","Vigicrues/HydroPortail/Hydro 2"
"1145","R116001001","R1264001","Le Bandiat à Feuillade [1]","STD","1966-11-01 00:00:00+01","2002-01-01 00:00:00+01","26",503063,6503965,"DREAL Nouvelle-Aquitaine - UH Vienn","HydroPortail/Hydro 2"
"1146","R116001002","R1264010","Le Bandiat à Feuillade [1] - 2","DEB","2002-01-01 00:00:00+01","2019-12-02 00:00:00+01","26",503024,6503999,"DREAL Nouvelle-Aquitaine - UH Vienn","HydroPortail/Hydro 2"
"1147","R116002001","R1264020","Le Bandiat à Marthon","STD","2005-01-01 00:00:00+01",NA,"26",500730,6504718,"DREAL Nouvelle-Aquitaine - UH Vienn","Vigicrues/HydroPortail/Hydro 2"
"1148","R118001001","R1302510","La Tardoire à Coulgens [Pont de Coulgens]","STD","1968-10-01 00:00:00+01",NA,"26",490052,6527217,"DREAL Nouvelle-Aquitaine - UH Vienn","HydroPortail/Hydro 2"
"1149","R125001001","R1054010","La Bonnieure à Saint-Ciers-sur-Bonnieure [Villebette]","STD","1968-03-01 00:00:00+01",NA,"26",486582,6533805,"DREAL Nouvelle-Aquitaine - UH Vienn","HydroPortail/Hydro 2"
"1150","R201501001","R2015010","Le Bief à Courcôme","STD","1983-04-01 00:00:00+02","1989-01-01 12:00:00+01","26",477682,6546474,"DREAL Nouvelle-Aquitaine - UH Vienn","HydroPortail/Hydro 2"
"1151","R202001001","R2020010","La Charente à Luxé - Pont de la Terne","STD","1971-10-01 00:00:00+01","2014-11-24 00:00:00+01","26",475384,6536495,"DREAL Nouvelle-Aquitaine - UH Vienn","HydroPortail/Hydro 2"
"1152","R202001002","R2000000","La Charente à Mansle","STD","2005-01-01 00:00:00+01",NA,"26",481309,6534761,"DREAL Nouvelle-Aquitaine - UH Vienn","Vigicrues/HydroPortail/Hydro 2"
"1153","R210001001","R2125010","L'Aume à Oradour [Moulin de Gouge] - Hors Service","STD","1997-12-15 00:00:00+01","2005-04-30 00:00:00+02","26",467514,6539268,"DREAL Nouvelle-Aquitaine - UH Vienn","HydroPortail/Hydro 2"
"1154","R210001002","R2125011","L'Aume à Oradour [Moulin de Gouge] - Gouge","DEB","2005-05-01 00:00:00+02","2006-12-31 00:00:00+01","26",467514,6539268,"DREAL Nouvelle-Aquitaine - UH Vienn","HydroPortail/Hydro 2"
"1155","R210001003","R2100010","L'Aume à Oradour [Moulin de Gouge] - Moulin de Gouge 2","STD","2008-06-26 00:00:00+02",NA,"26",467514,6539268,"DREAL Nouvelle-Aquitaine - UH Vienn","HydroPortail/Hydro 2"
"1156","R210401001","R2104010","L'Aume à Longré","STD","1974-12-01 00:00:00+01","1980-04-17 00:00:00+02","26",467096,6549511,"DREAL Nouvelle-Aquitaine - UH Vienn","HydroPortail/Hydro 2"
"1157","R211001001","R2125021","La Couture [bras principal] à Oradour [Germeville]","STD","1997-09-22 00:00:00+02","2010-07-28 00:00:00+02","26",467157,6538421,"DREAL Nouvelle-Aquitaine - UH Vienn","HydroPortail/Hydro 2"
"1158","R211001101","R2125022","La Couture [bief] à Oradour [Germeville]","STD","1997-09-22 00:00:00+02","2010-07-28 00:00:00+02","26",467157,6538422,"DREAL Nouvelle-Aquitaine - UH Vienn","HydroPortail/Hydro 2"
"1159","R211002001","R2110020","La Couture [ruisseau de Chillé] à Oradour [Fraignée]","STD","2010-09-22 00:00:00+02",NA,"26",466723,6539085,"DREAL Nouvelle-Aquitaine - UH Vienn","HydroPortail/Hydro 2"
"1160","R211003001","R2110030","La Couture à Oradour [Le Maine]","STD","2010-09-22 00:00:00+02",NA,"26",466832,6539819,"DREAL Nouvelle-Aquitaine - UH Vienn","HydroPortail/Hydro 2"
"1161","R212001001","R2134010","L'Aume [partielle] à Ambérac [Les Marais Cambouil Scie]","STD","1967-08-01 00:00:00+01","1987-01-01 12:00:00+01","26",471340,6534529,"DREAL Nouvelle-Aquitaine - UH Vienn","HydroPortail/Hydro 2"
"1162","R212001101","R2134210","[L'Aume partielle] à Ambérac [Marais Gué des Pierres]","STD","1968-07-01 00:00:00+01","1988-01-01 12:00:00+01","26",471871,6534635,"DREAL Nouvelle-Aquitaine - UH Vienn","HydroPortail/Hydro 2"
"1163","R222001001","R2240010","La Charente à Vindelle - La Côte","STD","1977-11-01 12:00:00+01","2020-12-10 00:00:00+01","26",474562,6515853,"DREAL Nouvelle-Aquitaine - UH Vienn","HydroPortail/Hydro 2"
"1164","R222001002",NA,"La Charente à Montignac-Charente","STD","2005-01-01 00:00:00+01",NA,"26",476084,6524261,"DREAL Nouvelle-Aquitaine - UH Vienn","Vigicrues/HydroPortail"
"1165","R222001003","R2240020","La Charente à Vindelle - Coursac","STD","2018-06-07 00:00:00+02",NA,"26",477807,6518941,"DREAL Nouvelle-Aquitaine - UH Vienn","Vigicrues/HydroPortail/Hydro 2"
"1166","R232001001","R2335010","L'Echelle à Touvre [Les Varennes]","STD","1969-02-01 00:00:00+01","1980-07-04 12:00:00+02","26",487088,6509442,"DREAL Nouvelle-Aquitaine - UH Vienn","HydroPortail/Hydro 2"
"1167","R232002001","R2335060","L'Echelle [résurgence] à Touvre [résurgence de la Lèche]","STD","1985-03-01 00:00:00+01","1998-10-01 12:00:00+02","26",486535,6510254,"DREAL Nouvelle-Aquitaine - UH Vienn","HydroPortail/Hydro 2"
"1168","R232003001","R2335070","L'Echelle à Touvre [Chez Drau]","STD","1985-03-01 00:00:00+01","1998-10-01 12:00:00+02","26",486645,6510178,"DREAL Nouvelle-Aquitaine - UH Vienn","HydroPortail/Hydro 2"
"1169","R233505001","R2335050","La Touvre [résurgence] à Gond-Pontouvre [Foulpougne]","STD","1979-12-01 00:00:00+01",NA,"26",479601,6512142,"DREAL Nouvelle-Aquitaine - UH Vienn","HydroPortail/Hydro 2"
"1170","R233508001","R2335080","La Touvre à Magnac-sur-Touvre [Moulin du Roy]","STD","1979-12-06 00:00:00+01","1987-01-01 12:00:00+01","26",485541,6510677,"DREAL Nouvelle-Aquitaine - UH Vienn","HydroPortail/Hydro 2"
"1171","R234001001","R2340010","La Charente à Angoulême","STD","2005-01-01 00:00:00+01",NA,"26",478329,6509948,"DREAL Nouvelle-Aquitaine - UH Vienn","Vigicrues/HydroPortail/Hydro 2"
"1172","R234001002","R3020010","La Charente à Linars","STD","1971-01-01 00:00:00+01","1989-01-03 00:00:00+01","26",473514,6509174,"DREAL Nouvelle-Aquitaine - UH Vienn","HydroPortail/Hydro 2"
"1173","R301001001","R3010010","La Charreau à Vœuil-et-Giget","STD","2008-06-01 00:00:00+02",NA,"26",477290,6503820,"DREAL Nouvelle-Aquitaine - UH Vienn","HydroPortail/Hydro 2"
"1174","R307001002",NA,"La Charente à Jarnac","STD","2005-01-01 00:00:00+01",NA,"26",452986,6513702,"DREAL Nouvelle-Aquitaine - UH Vienn","Vigicrues/HydroPortail"
"1175","R307001011","R3090020","La Charente à Mainxe","DEB","1988-07-01 00:00:00+02",NA,"26",452761,6513720,"DREAL Nouvelle-Aquitaine - UH Vienn","Vigicrues/HydroPortail/Hydro 2"
"1176","R311001001","R3104010","La Soloire à Bréville","STD","1984-08-01 00:00:00+02","1989-01-03 00:00:00+01","26",446664,6527115,"DREAL Nouvelle-Aquitaine - UH Vienn","HydroPortail/Hydro 2"
"1177","R311401001","R3114010","La Soloire à Sainte-Sévère [Sainte-Sévère]","STD","1984-08-01 00:00:00+02","2001-04-01 00:00:00+02","26",447997,6522160,"DREAL Nouvelle-Aquitaine - UH Vienn","HydroPortail/Hydro 2"
"1178","R314001001","R3140010","La Charente à Cognac","STD","2005-01-01 00:00:00+01",NA,"26",440137,6515505,"DREAL Nouvelle-Aquitaine - UH Vienn","Vigicrues/HydroPortail/Hydro 2"
"1179","R314001002","R3090010","La Charente à Cognac - Saint-Brice","STD","1960-01-01 00:00:00+01","1977-01-01 00:00:00+01","26",445945,6514571,"Service de Prévision des Crues (SPC","HydroPortail/Hydro 2"
"1180","R321401001","R3214010","L'Antenne à Matha","STD","1981-06-01 00:00:00+02","1983-11-01 12:00:00+01","26",442153,6535083,"DREAL Nouvelle-Aquitaine - UH Vienn","HydroPortail/Hydro 2"
"1181","R321402001","R3214020","L'Antenne aux Touches-de-Périgny [La Cour]","STD","1981-07-01 00:00:00+02","1983-06-01 12:00:00+02","26",446001,6538578,"DREAL Nouvelle-Aquitaine - UH Vienn","HydroPortail/Hydro 2"
"1182","R321402601","R3214026","L'Antenne à Prignac","STD","2018-05-17 00:00:00+02",NA,"26",439215,6530595,"DREAL Nouvelle-Aquitaine - UH Vienn","Vigicrues/HydroPortail/Hydro 2"
"1183","R324401001","R3244010","L'Antenne à Cognac [Javrezac]","STD","1978-10-01 00:00:00+02","1988-01-08 00:00:00+01","26",438793,6516599,"DREAL Nouvelle-Aquitaine - UH Vienn","HydroPortail/Hydro 2"
"1184","R324401002","R3244020","L'Antenne à Saint-Sulpice-de-Cognac [Javrezac]","STD","2008-04-01 00:00:00+02","2019-04-08 14:00:00+02","26",437647,6521912,"DREAL Nouvelle-Aquitaine - UH Vienn","HydroPortail/Hydro 2"
"1185","R324591001","R3245910","Le Ri Bellot à Cherves-Richemont [Bois Roche]","STD","1976-01-01 00:00:00+01","1980-01-01 12:00:00+01","26",437183,6520278,"DREAL Nouvelle-Aquitaine - UH Vienn","HydroPortail/Hydro 2"
"1186","R406000101","R4062510","Le Né à Nonaville [Pont à Brac]","STD","2015-04-01 00:00:00+02",NA,"26",458315,6496318,"DREAL Nouvelle-Aquitaine - UH Vienn","Vigicrues/HydroPortail/Hydro 2"
"1187","R411001001","R4122510","Le Né à Saint-Fort-sur-le-Né","STD","1969-01-01 00:00:00+01","1993-01-05 00:00:00+01","26",441983,6502660,"DREAL Nouvelle-Aquitaine - UH Vienn","HydroPortail/Hydro 2"
"1188","R411001002","R4122520","Le Né à Salles-d'Angles","STD","1993-09-15 00:00:00+02","2000-01-01 00:00:00+01","26",438659,6505273,"DREAL Nouvelle-Aquitaine - UH Vienn","HydroPortail/Hydro 2"
"1189","R413001101","R4122521","Le Né [bras rive gauche] à Salles-d'Angles [Les Perceptiers]","STD","2000-01-01 00:00:00+01",NA,"26",438236,6505365,"DREAL Nouvelle-Aquitaine - UH Vienn","HydroPortail/Hydro 2"
"1190","R413001201","R4122522","Le Né [bief principal] à Salles-d'Angles [Les Perceptiers]","STD","2000-01-01 00:00:00+01",NA,"26",438229,6505402,"DREAL Nouvelle-Aquitaine - UH Vienn","HydroPortail/Hydro 2"
"1191","R423001001","R5200010","La Charente à Chaniers - Beillant RD","DEB","2004-03-31 00:00:00+02",NA,"26",425479,6517961,"DREAL Nouvelle-Aquitaine - UH Vienn","HydroPortail/Hydro 2"
"1192","R423001002","R5200020","La Charente à Chérac - Chez Landart","STD","2005-01-01 00:00:00+01",NA,"26",433507,6515464,"DREAL Nouvelle-Aquitaine - UH Vienn","Vigicrues/HydroPortail/Hydro 2"
"1193","R423001003",NA,"La Charente à Chaniers - Beillant RG","DEB","2018-08-10 00:00:00+02",NA,"26",425492,6517983,"DREAL Nouvelle-Aquitaine - UH Vienn","HydroPortail"
"1194","R502331001","R5023320","La Seugne à Jonzac","STD","2005-05-01 00:00:00+02",NA,"26",431305,6488481,"DREAL Nouvelle-Aquitaine - UH Vienn","Vigicrues/HydroPortail/Hydro 2"
"1195","R502331002","R5023310","La Seugne à Saint-Germain-de-Lusignan","STD","2005-05-01 00:00:00+02",NA,"26",429808,6489379,"DREAL Nouvelle-Aquitaine - UH Vienn","Vigicrues/HydroPortail/Hydro 2"
"1196","R512331001","R5123310","Le bras de la Seugne à Pons - Ancienne","STD","1967-10-01 00:00:00+01","1996-12-31 00:00:00+01","26",423792,6504064,"DREAL Nouvelle-Aquitaine - UH Vienn","HydroPortail/Hydro 2"
"1197","R512331002","R5123330","Le bras de la Seugne à Pons","STD","2005-01-01 00:00:00+01",NA,"26",423798,6504090,"DREAL Nouvelle-Aquitaine - UH Vienn","Vigicrues/HydroPortail/Hydro 2"
"1198","R512331003","R5123320","Le bras de la Seugne à Saint-Seurin-de-Palenne - La Lijardière","STD","1992-05-31 00:00:00+02",NA,"26",424743,6508747,"DREAL Nouvelle-Aquitaine - UH Vienn","HydroPortail/Hydro 2"
"1199","R520001001",NA,"La Charente à Saintes - Pont-Palissy","STD","2005-01-01 00:00:00+01",NA,"26",417893,6522872,"DREAL Nouvelle-Aquitaine - UH Vienn","Vigicrues/HydroPortail"
"1200","R520001002",NA,"La Charente à Saintes - Saint Sorlin","STD","2005-01-01 00:00:00+01","2010-01-01 00:00:00+01","26",418674,6520712,"DREAL Nouvelle-Aquitaine - UH Vienn","HydroPortail"
"1201","R521001001","R5210010","La Charente à Taillebourg","STD","2005-01-01 00:00:00+01",NA,"26",416835,6532558,"DREAL Nouvelle-Aquitaine - UH Vienn","Vigicrues/HydroPortail/Hydro 2"
"1202","R523001001","R5250020","La Charente à Saint-Savinien","DEB","2002-02-19 00:00:00+01","2005-07-11 00:00:00+02","26",413745,6537937,"DREAL Nouvelle-Aquitaine - UH Vienn","HydroPortail/Hydro 2"
"1203","R523001002","R5230010","La Charente à Saint-Savinien","STD","2005-01-01 00:00:00+01",NA,"26",414529,6537759,"DREAL Nouvelle-Aquitaine - UH Vienn","Vigicrues/HydroPortail/Hydro 2"
"1204","R608001001","R6092910","La Boutonne au Vert [Pont du Vert] - Ancienne","STD","1969-02-01 00:00:00+01","1998-10-01 12:00:00+02","26",437937,6560452,"DREAL Nouvelle-Aquitaine - UH Vienn","HydroPortail/Hydro 2"
"1205","R608001002","R6092930","La Boutonne au Vert [Pont du Vert]","STD","2005-01-01 00:00:00+01",NA,"26",437960,6560487,"DREAL Nouvelle-Aquitaine - UH Vienn","Vigicrues/HydroPortail/Hydro 2"
"1206","R608001003","R6092920","La Boutonne à Saint-Séverin-sur-Boutonne [Pont du Vert] - Moulin de Châtre","STD","1993-05-02 00:00:00+02",NA,"26",437007,6559005,"DREAL Nouvelle-Aquitaine - UH Vienn","HydroPortail/Hydro 2"
"1207","R610001001","R6100010","Le bras de la Boutonne à Nuaillé-sur-Boutonne","STD","2005-01-01 00:00:00+01",NA,"26",434146,6551762,"DREAL Nouvelle-Aquitaine - UH Vienn","Vigicrues/HydroPortail/Hydro 2"
"1208","R611000801","R6110008","La Boutonne à Saint-Julien-de-l'Escap","STD","2018-05-17 00:00:00+02",NA,"26",429207,6543166,"DREAL Nouvelle-Aquitaine - UH Vienn","HydroPortail/Hydro 2"
"1209","R614291001","R6142910","La Boutonne à Torxé [Pont de Torxé] - Ancienne","STD","1967-11-01 00:00:00+01","1994-10-01 12:00:00+01","26",419572,6545893,"DREAL Nouvelle-Aquitaine - UH Vienn","HydroPortail/Hydro 2"
"1210","R614291002","R6142930","La Boutonne à Torxé [Pont de Torxé]","STD","2005-01-01 00:00:00+01",NA,"26",419353,6545644,"DREAL Nouvelle-Aquitaine - UH Vienn","Vigicrues/HydroPortail/Hydro 2"
"1211","R614292401","R6142924","La Boutonne à Saint-Jean-d'Angély - Pont Saint-Jacques","DEB","2005-01-01 00:00:00+01",NA,"26",426839,6543539,"DREAL Nouvelle-Aquitaine - UH Vienn","Vigicrues/HydroPortail/Hydro 2"
"1212","R614292402","R6142925","La Boutonne à Saint-Jean-d'Angély - Puychérand","DEB","2009-05-15 00:00:00+02","2015-06-29 00:00:00+02","26",427046,6543856,"DREAL Nouvelle-Aquitaine - UH Vienn","HydroPortail/Hydro 2"
"1213","R614292403","R6142926","La Boutonne à Saint-Jean-d'Angély - Saint-Eutrope","STD","2009-05-20 00:00:00+02",NA,"26",427176,6544010,"DREAL Nouvelle-Aquitaine - UH Vienn","HydroPortail/Hydro 2"
"1214","R614292404","R6142927","La Boutonne à Saint-Jean-d'Angély","DEB","2005-01-01 00:00:00+01","2020-09-29 00:00:00+02","26",426839,6543540,"DREAL Nouvelle-Aquitaine - UH Vienn","HydroPortail/Hydro 2"
"1215","R616461001","R6164610","La Trézence à Puyrolland [Tournay]","STD","1972-06-01 00:00:00+01",NA,"26",419046,6555015,"DREAL Nouvelle-Aquitaine - UH Vienn","HydroPortail/Hydro 2"
"1216","R616471001","R6164710","La Trézence à Saint-Loup [Pont Rouge]","STD","1981-06-01 00:00:00+02","1998-03-01 12:00:00+01","26",416223,6549201,"DREAL Nouvelle-Aquitaine - UH Vienn","HydroPortail/Hydro 2"
"1217","R618001001","R6180010","La Boutonne à Tonnay-Boutonne","STD","1990-01-01 00:00:00+01",NA,"26",413362,6547352,"DREAL Nouvelle-Aquitaine - UH Vienn","Vigicrues/HydroPortail/Hydro 2"
"1218","R618291001","R6182910","La Boutonne à Cabariot [Carillon]","DEB","2002-10-24 00:00:00+02","2013-01-01 00:00:00+01","26",403460,6542256,"DREAL Nouvelle-Aquitaine - UH Vienn","HydroPortail/Hydro 2"
"1219","R713001001","R7124010","L'Arnoult à Pont-l'Abbé-d'Arnoult","STD","1969-08-01 00:00:00+01","1972-07-01 12:00:00+01","26",399030,6532738,"DREAL Nouvelle-Aquitaine - UH Vienn","HydroPortail/Hydro 2"
"1220","R730001001","R7300010","La Charente à Rochefort","STD","2000-01-01 00:00:00+01",NA,"26",393858,6546197,"DREAL Nouvelle-Aquitaine - UH Vienn","Vigicrues/HydroPortail/Hydro 2"
"1221","R731001001","R7150010","La Charente [estuaire] à Vergeroux [La Sablière]","STD","1975-08-01 00:00:00+01","2015-05-28 14:00:00+02","26",391023,6548180,"DREAL Nouvelle-Aquitaine - UH Vienn","HydroPortail/Hydro 2"
"1222","S010001001","S0100010","La Seudre à Gémozac","STD","1990-01-01 00:00:00+01","2012-09-24 00:00:00+02","26",409845,6502960,"DREAL Nouvelle-Aquitaine - UH Vienn","HydroPortail/Hydro 2"
"1223","S011401001","S0114011","La Seudre à Saint-André-de-Lidon [Pont de Saint-André] - S0114011","STD","1969-08-01 00:00:00+01","2014-06-25 12:00:00+02","26",407874,6507386,"DREAL Nouvelle-Aquitaine - UH Vienn","HydroPortail/Hydro 2"
"1224","S011401002",NA,"La Seudre à Saint-André-de-Lidon [Pont de Saint-André] - Débitmètre","DEB","2003-05-16 00:00:00+02","2014-06-25 12:00:00+02","26",407874,6507386,"DREAL Nouvelle-Aquitaine - UH Vienn","HydroPortail"
"1225","S011401003","S0114010","La Seudre à Saint-André-de-Lidon [Pont de Saint-André]","STD","2005-01-01 00:00:00+01",NA,"26",407939,6507366,"DREAL Nouvelle-Aquitaine - UH Vienn","Vigicrues/HydroPortail/Hydro 2"
"1226","S011451001","S0114510","La Seudre à Corme-Écluse","STD","1999-11-01 00:00:00+01",NA,"26",400102,6512452,"DREAL Nouvelle-Aquitaine - UH Vienn","Vigicrues/HydroPortail/Hydro 2"
"1227","S012001001","S0120010","La Seudre à Saujon","STD","2005-01-01 00:00:00+01",NA,"26",394555,6515874,"DREAL Nouvelle-Aquitaine - UH Vienn","Vigicrues/HydroPortail/Hydro 2"
"1228","S013000101",NA,"La Seudre [Estuaire] à Marennes - Marennes","STD","2019-06-27 00:00:00+02",NA,"26",378773,6530663,"DREAL Nouvelle-Aquitaine - UH Vienn","HydroPortail"
"1229","S036401001","S0364010","La Livenne [partielle] à Saint-Aubin-de-Blaye","STD","1976-09-29 00:00:00+01","1983-01-01 12:00:00+01","26",420006,6467321,"DREAL Nouvelle-Aquitaine - UH Giron","HydroPortail/Hydro 2"
"1230","S036431001","S0364310","Le canal de Saint-Simon à Saint-Aubin-de-Blaye","STD","1976-09-29 00:00:00+01","1980-03-13 12:00:00+01","26",419950,6467486,"DREAL Nouvelle-Aquitaine - UH Giron","HydroPortail/Hydro 2"
"1231","V310401001","V3104010","Le Gier à Saint-Chamond","STD","1972-01-01 00:00:00+01","1993-01-02 00:00:00+01","26",819380,6488265,"DREAL Auvergne-Rhône-Alpes - UH Rhô","HydroPortail/Hydro 2"
"1232","V713504601","V7136610","Le ruisseau de Coulègne à Colognac [DREAL LR]","STD","1955-01-01 00:00:00+01","1974-02-01 00:00:00+01","26",766562,6415532,"DREAL Auvergne-Rhône-Alpes - UH Gra","HydroPortail/Hydro 2"
